0.000000,0.000000,0.000000
0.004392,-0.006543,0.003192
0.007086,-0.009897,0.004487
0.008305,-0.011095,0.004294
0.008272,-0.011170,0.003020
0.007211,-0.011155,0.001075
0.006354,-0.011376,-0.000200
0.005894,-0.011772,-0.000654
0.005764,-0.012187,-0.000430
0.005897,-0.012465,0.000326
0.006224,-0.012452,0.001470
0.006681,-0.011991,0.002856
0.007198,-0.010926,0.004339
0.007709,-0.009102,0.005775
0.008147,-0.006363,0.007018
0.008171,-0.003977,0.007296
0.007802,-0.002156,0.006650
0.007150,-0.000846,0.005323
0.006328,0.000007,0.003560
0.005445,0.000456,0.001605
0.004614,0.000555,-0.000299
0.003945,0.000357,-0.001907
0.003549,-0.000083,-0.002975
0.003539,-0.000712,-0.003258
0.003878,-0.001649,-0.003325
0.004451,-0.002843,-0.003314
0.005121,-0.004206,-0.003258
0.005753,-0.005647,-0.003191
0.006209,-0.007077,-0.003146
0.006354,-0.008405,-0.003156
0.006050,-0.009542,-0.003254
0.005161,-0.010397,-0.003474
0.003550,-0.010881,-0.003847
0.002304,-0.011614,-0.003992
0.001577,-0.012583,-0.003859
0.001291,-0.013620,-0.003483
0.001371,-0.014555,-0.002898
0.001739,-0.015220,-0.002138
0.002317,-0.015444,-0.001239
0.003028,-0.015059,-0.000234
0.003796,-0.013896,0.000842
0.004543,-0.011786,0.001954
0.005576,-0.009089,0.003094
0.006875,-0.006021,0.004176
0.008339,-0.002760,0.005100
0.009866,0.000518,0.005764
0.011353,0.003633,0.006066
0.012700,0.006409,0.005905
0.013804,0.008668,0.005178
0.014564,0.010231,0.003784
0.014878,0.010922,0.001622
0.015824,0.013049,0.000069
0.017502,0.016525,-0.000877
0.019766,0.020669,-0.001569
0.022471,0.024798,-0.002356
0.025473,0.028228,-0.003591
0.028625,0.030277,-0.005623
0.031783,0.030262,-0.008804
0.034801,0.027499,-0.013484
0.037534,0.021306,-0.020015
0.041314,0.012480,-0.028545
0.045867,0.002031,-0.038459
0.050513,-0.008978,-0.048953
0.054576,-0.019482,-0.059222
0.057378,-0.028419,-0.068462
0.058242,-0.034725,-0.075867
0.056491,-0.037336,-0.080634
0.051446,-0.035189,-0.081956
0.042430,-0.027220,-0.079031
0.033499,-0.017575,-0.075128
0.025432,-0.007283,-0.070711
0.018191,0.003404,-0.065540
0.011736,0.014233,-0.059372
0.006028,0.024953,-0.051969
0.001028,0.035312,-0.043090
-0.003302,0.045058,-0.032494
-0.007002,0.053939,-0.019942
-0.010110,0.061703,-0.005191
-0.013917,0.067887,0.008183
-0.018539,0.072140,0.019569
-0.023802,0.074136,0.029096
-0.029531,0.073548,0.036891
-0.035551,0.070051,0.043085
-0.041687,0.063321,0.047804
-0.047764,0.053031,0.051179
-0.053607,0.038856,0.053337
-0.059041,0.020471,0.054407
-0.064133,0.005875,0.056416
-0.068724,-0.004125,0.059234
-0.072598,-0.010518,0.062188
-0.075539,-0.014297,0.064607
-0.077331,-0.016452,0.065821
-0.077758,-0.017974,0.065159
-0.076604,-0.019853,0.061948
-0.073655,-0.023082,0.055519
-0.068693,-0.028650,0.045201
-0.062414,-0.035723,0.033546
-0.055341,-0.043685,0.021272
-0.047955,-0.051977,0.008634
-0.040735,-0.060038,-0.004111
-0.034162,-0.067308,-0.016709
-0.028717,-0.073226,-0.028901
-0.024880,-0.077233,-0.040434
-0.023130,-0.078769,-0.051050
-0.023949,-0.077272,-0.060493
-0.025423,-0.074934,-0.068362
-0.027034,-0.072293,-0.074629
-0.028613,-0.069476,-0.079360
-0.029992,-0.066610,-0.082620
-0.031002,-0.063823,-0.084475
-0.031474,-0.061241,-0.084989
-0.031240,-0.058991,-0.084229
-0.030129,-0.057201,-0.082260
-0.027975,-0.055998,-0.079147
-0.027590,-0.054576,-0.076478
-0.029436,-0.052881,-0.074390
-0.033385,-0.051046,-0.072664
-0.039310,-0.049204,-0.071076
-0.047083,-0.047488,-0.069404
-0.056576,-0.046031,-0.067427
-0.067662,-0.044965,-0.064922
-0.080215,-0.044423,-0.061668
-0.094105,-0.044539,-0.057443
-0.104962,-0.041302,-0.054383
-0.112319,-0.034693,-0.052493
-0.116686,-0.025693,-0.051243
-0.118572,-0.015286,-0.050102
-0.118486,-0.004450,-0.048540
-0.116938,0.005832,-0.046026
-0.114436,0.014579,-0.042032
-0.111491,0.020809,-0.036026
-0.108612,0.023543,-0.027478
-0.106933,0.024717,-0.020671
-0.106370,0.024841,-0.016066
-0.106537,0.024068,-0.013168
-0.107045,0.022551,-0.011483
-0.107507,0.020442,-0.010517
-0.107536,0.017893,-0.009775
-0.106743,0.015058,-0.008764
-0.104741,0.012088,-0.006989
-0.101143,0.009137,-0.003956
-0.097106,0.005980,-0.001838
-0.092873,0.002711,-0.000571
-0.088457,-0.000499,0.000468
-0.083873,-0.003477,0.001903
-0.079135,-0.006053,0.004356
-0.074257,-0.008054,0.008452
-0.069252,-0.009309,0.014813
-0.064135,-0.009645,0.024062
-0.058919,-0.008892,0.036824
-0.054874,-0.006981,0.045823
-0.052038,-0.004201,0.050301
-0.050140,-0.000930,0.051126
-0.048910,0.002454,0.049168
-0.048079,0.005575,0.045295
-0.047375,0.008055,0.040378
-0.046530,0.009517,0.035285
-0.045273,0.009583,0.030885
-0.043334,0.007876,0.028049
-0.042116,0.006196,0.024910
-0.041792,0.004766,0.021180
-0.042226,0.003410,0.016967
-0.043283,0.001954,0.012376
-0.044829,0.000226,0.007516
-0.046729,-0.001950,0.002491
-0.048846,-0.004748,-0.002590
-0.051047,-0.008341,-0.007622
-0.053196,-0.012903,-0.012497
-0.055039,-0.013005,-0.017932
-0.056423,-0.008192,-0.023904
-0.057222,0.000748,-0.030205
-0.057308,0.013024,-0.036626
-0.056556,0.027849,-0.042959
-0.054838,0.044433,-0.048995
-0.052028,0.061987,-0.054526
-0.048000,0.079722,-0.059344
-0.042626,0.096849,-0.063241
-0.034232,0.112273,-0.067549
-0.023670,0.125577,-0.072326
-0.012420,0.136513,-0.077308
-0.001964,0.144833,-0.082231
0.006218,0.150288,-0.086833
0.010644,0.152630,-0.090849
0.009832,0.151612,-0.094017
0.002303,0.146984,-0.096074
-0.013426,0.138500,-0.096755
-0.027525,0.130055,-0.095252
-0.038427,0.122283,-0.091919
-0.046633,0.115001,-0.087405
-0.052641,0.108026,-0.082357
-0.056953,0.101174,-0.077422
-0.060067,0.094263,-0.073246
-0.062484,0.087109,-0.070478
-0.064703,0.079530,-0.069765
-0.067225,0.071343,-0.071753
-0.068843,0.064812,-0.073601
-0.069438,0.059940,-0.074842
-0.069160,0.056160,-0.075603
-0.068160,0.052908,-0.076013
-0.066589,0.049620,-0.076198
-0.064596,0.045729,-0.076288
-0.062334,0.040670,-0.076409
-0.059951,0.033880,-0.076690
-0.057600,0.024792,-0.077258
-0.055728,0.015492,-0.077912
-0.054337,0.006511,-0.078496
-0.053316,-0.002009,-0.078867
-0.052555,-0.009924,-0.078880
-0.051943,-0.017090,-0.078391
-0.051369,-0.023366,-0.077255
-0.050724,-0.028607,-0.075328
-0.049896,-0.032672,-0.072465
-0.048776,-0.035416,-0.068522
-0.047193,-0.037748,-0.064771
-0.045165,-0.039721,-0.061427
-0.042752,-0.041175,-0.058442
-0.040016,-0.041948,-0.055767
-0.037019,-0.041880,-0.053354
-0.033822,-0.040811,-0.051155
-0.030488,-0.038579,-0.049121
-0.027077,-0.035025,-0.047204
-0.023651,-0.029988,-0.045356
-0.021167,-0.026175,-0.044518
-0.019685,-0.023858,-0.044525
-0.019041,-0.022700,-0.044934
-0.019072,-0.022361,-0.045301
-0.019614,-0.022505,-0.045184
-0.020506,-0.022792,-0.044139
-0.021582,-0.022886,-0.041725
-0.022680,-0.022447,-0.037498
-0.023637,-0.021139,-0.031015
-0.024840,-0.019255,-0.027618
-0.026088,-0.017084,-0.027210
-0.027035,-0.014913,-0.028340
-0.027330,-0.013030,-0.029554
-0.026626,-0.011720,-0.029398
-0.024575,-0.011271,-0.026420
-0.020829,-0.011971,-0.019166
-0.015038,-0.014105,-0.006183
-0.006856,-0.017961,0.013983
0.001600,-0.020601,0.030690
0.009627,-0.021962,0.042428
0.016877,-0.022706,0.049969
0.023003,-0.023491,0.054085
0.027656,-0.024976,0.055548
0.030488,-0.027822,0.055131
0.031152,-0.032687,0.053604
0.029299,-0.040231,0.051741
0.024582,-0.051114,0.050313
0.019586,-0.059377,0.048258
0.014854,-0.064247,0.045489
0.010418,-0.066245,0.042167
0.006309,-0.065891,0.038449
0.002560,-0.063706,0.034495
-0.000799,-0.060213,0.030464
-0.003735,-0.055931,0.026515
-0.006216,-0.051382,0.022807
-0.008211,-0.047087,0.019499
-0.009350,-0.043711,0.016546
-0.009627,-0.041360,0.013982
-0.009127,-0.040005,0.011859
-0.007935,-0.039614,0.010231
-0.006137,-0.040156,0.009151
-0.003819,-0.041599,0.008671
-0.001064,-0.043913,0.008845
0.002041,-0.047066,0.009725
0.005412,-0.051027,0.011365
0.008575,-0.054701,0.012588
0.011425,-0.057882,0.013235
0.013948,-0.060586,0.013402
0.016132,-0.062829,0.013184
0.017963,-0.064628,0.012679
0.019428,-0.065998,0.011981
0.020512,-0.066956,0.011186
0.021202,-0.067518,0.010391
0.021486,-0.067700,0.009691
0.019972,-0.065733,0.009613
0.016622,-0.061682,0.010341
0.011740,-0.056069,0.011974
0.005627,-0.049416,0.014612
-0.001413,-0.042246,0.018355
-0.009079,-0.035081,0.023300
-0.017069,-0.028444,0.029547
-0.025080,-0.022856,0.037197
-0.032809,-0.018841,0.046347
-0.037961,-0.016269,0.055777
-0.040508,-0.014832,0.064358
-0.040988,-0.014174,0.070987
-0.039943,-0.013942,0.074557
-0.037910,-0.013780,0.073964
-0.035431,-0.013334,0.068102
-0.033043,-0.012249,0.055868
-0.031287,-0.010171,0.036155
-0.030701,-0.006745,0.007860
-0.029243,-0.003547,-0.021313
-0.026803,-0.000805,-0.049096
-0.023759,0.001588,-0.074583
-0.020485,0.003741,-0.096866
-0.017359,0.005761,-0.115039
-0.014756,0.007757,-0.128194
-0.013053,0.009837,-0.135425
-0.012625,0.012109,-0.135823
-0.013849,0.014680,-0.128483
-0.015670,0.014870,-0.119067
-0.017703,0.012808,-0.109030
-0.019728,0.009326,-0.098772
-0.021528,0.005260,-0.088696
-0.022885,0.001441,-0.079202
-0.023578,-0.001296,-0.070693
-0.023391,-0.002118,-0.063570
-0.022105,-0.000193,-0.058235
-0.019501,0.005314,-0.055089
-0.016898,0.010509,-0.051065
-0.014500,0.014662,-0.045904
-0.012233,0.017835,-0.040053
-0.010023,0.020089,-0.033957
-0.007796,0.021485,-0.028060
-0.005477,0.022085,-0.022808
-0.002993,0.021949,-0.018646
-0.000269,0.021138,-0.016019
0.002770,0.019715,-0.015373
0.006027,0.017539,-0.015148
0.009357,0.014746,-0.014996
0.012601,0.011538,-0.014868
0.015602,0.008118,-0.014720
0.018202,0.004689,-0.014504
0.020242,0.001453,-0.014173
0.021563,-0.001386,-0.013681
0.022009,-0.003625,-0.012982
0.021420,-0.005062,-0.012028
0.020056,-0.008526,-0.010811
0.018074,-0.013970,-0.009214
0.015611,-0.020627,-0.007093
0.012801,-0.027731,-0.004305
0.009779,-0.034516,-0.000705
0.006679,-0.040215,0.003850
0.003636,-0.044063,0.009504
0.000785,-0.045293,0.016401
-0.001739,-0.043138,0.024685
-0.003810,-0.040214,0.031983
-0.005500,-0.036937,0.038002
-0.006930,-0.033171,0.042967
-0.008222,-0.028780,0.047103
-0.009499,-0.023628,0.050635
-0.010881,-0.017580,0.053787
-0.012490,-0.010500,0.056786
-0.014448,-0.002253,0.059856
-0.016877,0.007298,0.063223
-0.018757,0.016710,0.065359
-0.019904,0.025494,0.066155
-0.020336,0.033397,0.065857
-0.020077,0.040164,0.064710
-0.019147,0.045543,0.062960
-0.017566,0.049281,0.060851
-0.015358,0.051124,0.058631
-0.012542,0.050820,0.056543
-0.009139,0.048114,0.054833
-0.006456,0.043343,0.053137
-0.004617,0.036978,0.051352
-0.003449,0.029526,0.049442
-0.002782,0.021492,0.047373
-0.002445,0.013383,0.045109
-0.002267,0.005704,0.042613
-0.002076,-0.001038,0.039850
-0.001701,-0.006338,0.036785
-0.000970,-0.009689,0.033382
0.000011,-0.012021,0.029986
0.001171,-0.013588,0.026641
0.002445,-0.014469,0.023316
0.003769,-0.014749,0.019979
0.005077,-0.014508,0.016599
0.006306,-0.013828,0.013144
0.007390,-0.012792,0.009581
0.008266,-0.011482,0.005881
0.008869,-0.009979,0.002011
0.008388,-0.009099,-0.001689
0.006836,-0.008881,-0.005122
0.004431,-0.009167,-0.008249
0.001391,-0.009797,-0.011034
-0.002065,-0.010614,-0.013440
-0.005719,-0.011461,-0.015428
-0.009353,-0.012180,-0.016962
-0.012749,-0.012612,-0.018005
-0.015688,-0.012600,-0.018519
-0.018150,-0.011811,-0.019680
-0.020192,-0.010201,-0.021549
-0.021888,-0.007793,-0.023908
-0.023316,-0.004615,-0.026538
-0.024549,-0.000692,-0.029222
-0.025663,0.003951,-0.031740
-0.026733,0.009287,-0.033876
-0.027836,0.015290,-0.035409
-0.029045,0.021936,-0.036123
-0.029604,0.026431,-0.036159
-0.029520,0.028535,-0.035608
-0.028997,0.028640,-0.034547
-0.028237,0.027140,-0.033055
-0.027441,0.024431,-0.031211
-0.026812,0.020906,-0.029091
-0.026551,0.016958,-0.026774
-0.026860,0.012984,-0.024339
-0.027943,0.009376,-0.021863
-0.027561,0.004266,-0.021644
-0.025437,-0.002300,-0.023576
-0.021780,-0.009800,-0.026953
-0.016800,-0.017710,-0.031071
-0.010705,-0.025507,-0.035224
-0.003707,-0.032667,-0.038706
0.003986,-0.038668,-0.040812
0.012164,-0.042986,-0.040835
0.020618,-0.045098,-0.038071
0.026577,-0.044964,-0.031478
0.029814,-0.042951,-0.021571
0.030731,-0.039526,-0.009253
0.029735,-0.035157,0.004573
0.027228,-0.030313,0.019003
0.023617,-0.025462,0.033134
0.019305,-0.021070,0.046062
0.014698,-0.017607,0.056884
0.010199,-0.015540,0.064697
0.004596,-0.013914,0.069520
-0.001892,-0.012684,0.071619
-0.008690,-0.012035,0.071319
-0.015221,-0.012150,0.068947
-0.020909,-0.013213,0.064828
-0.025179,-0.015408,0.059288
-0.027452,-0.018919,0.052653
-0.027154,-0.023930,0.045248
-0.023708,-0.030626,0.037401
-0.020266,-0.036700,0.030394
-0.017343,-0.041626,0.024303
-0.014793,-0.045318,0.018901
-0.012473,-0.047692,0.013961
-0.010237,-0.048664,0.009255
-0.007940,-0.048150,0.004558
-0.005438,-0.046066,-0.000358
-0.002586,-0.042326,-0.005719
0.000761,-0.036848,-0.011754
0.003969,-0.030164,-0.017398
0.006860,-0.022598,-0.022460
0.009371,-0.014418,-0.026964
0.011437,-0.005894,-0.030934
0.012994,0.002704,-0.034395
0.013979,0.011108,-0.037369
0.014328,0.019048,-0.039883
0.013976,0.026254,-0.041960
0.012859,0.032458,-0.043624
0.013350,0.035190,-0.046165
0.015522,0.034451,-0.049555
0.018873,0.030853,-0.053436
0.022901,0.025013,-0.057451
0.027106,0.017544,-0.061243
0.030985,0.009063,-0.064452
0.034037,0.000184,-0.066723
0.035760,-0.008478,-0.067697
0.035653,-0.016308,-0.067016
0.034344,-0.023504,-0.063887
0.032134,-0.029935,-0.058586
0.029241,-0.035394,-0.051658
0.025885,-0.039668,-0.043650
0.022284,-0.042547,-0.035105
0.018658,-0.043822,-0.026570
0.015226,-0.043282,-0.018590
0.012206,-0.040717,-0.011709
0.009818,-0.035916,-0.006474
0.008119,-0.032331,-0.002881
0.006961,-0.030410,-0.000535
0.006143,-0.029849,0.001063
0.005465,-0.030347,0.002410
0.004730,-0.031601,0.004001
0.003735,-0.033308,0.006334
0.002282,-0.035165,0.009906
0.000172,-0.036870,0.015212
-0.002796,-0.038119,0.022751
-0.005188,-0.038894,0.030533
-0.006680,-0.039284,0.037979
-0.007230,-0.039406,0.044866
-0.006792,-0.039377,0.050968
-0.005322,-0.039314,0.056063
-0.002776,-0.039333,0.059924
0.000890,-0.039551,0.062329
0.005722,-0.040085,0.063052
0.011762,-0.041052,0.061868
0.017314,-0.040971,0.059279
0.022056,-0.039767,0.055627
0.026010,-0.037717,0.051218
0.029199,-0.035098,0.046358
0.031644,-0.032184,0.041351
0.033368,-0.029254,0.036503
0.034393,-0.026583,0.032119
0.034743,-0.024449,0.028503
0.034438,-0.023126,0.025962
0.033757,-0.023241,0.024334
0.032774,-0.024605,0.023487
0.031509,-0.026826,0.023296
0.029984,-0.029513,0.023639
0.028221,-0.032275,0.024391
0.026241,-0.034720,0.025427
0.024066,-0.036458,0.026624
0.021717,-0.037096,0.027858
0.019215,-0.036243,0.029005
0.016718,-0.033879,0.029344
0.014276,-0.030261,0.028846
0.011911,-0.025716,0.027654
0.009648,-0.020572,0.025910
0.007510,-0.015156,0.023758
0.005519,-0.009796,0.021341
0.003698,-0.004818,0.018801
0.002072,-0.000551,0.016281
0.000663,0.002678,0.013924
-0.000781,0.005150,0.007831
-0.002191,0.006918,-0.002068
-0.003420,0.007983,-0.014883
-0.004318,0.008344,-0.029726
-0.004738,0.008001,-0.045710
-0.004531,0.006952,-0.061945
-0.003548,0.005199,-0.077543
-0.001642,0.002740,-0.091616
0.001337,-0.000426,-0.103275
0.003833,-0.003692,-0.108738
0.005605,-0.006953,-0.108050
0.006742,-0.010227,-0.102212
0.007334,-0.013535,-0.092228
0.007467,-0.016895,-0.079098
0.007233,-0.020326,-0.063826
0.006718,-0.023849,-0.047412
0.006011,-0.027481,-0.030860
0.005202,-0.031243,-0.015171
0.004421,-0.034209,-0.000843
0.003794,-0.036587,0.011796
0.003444,-0.038865,0.022464
0.003494,-0.041532,0.030877
0.004068,-0.045076,0.036752
0.005289,-0.049987,0.039805
0.007279,-0.056754,0.039753
0.010163,-0.065866,0.036313
0.014063,-0.077811,0.029201
0.016609,-0.088520,0.022029
0.017491,-0.097123,0.015413
0.016912,-0.103550,0.009219
0.015077,-0.107731,0.003316
0.012190,-0.109595,-0.002431
0.008456,-0.109072,-0.008153
0.004079,-0.106091,-0.013985
-0.000736,-0.100583,-0.020059
-0.005786,-0.092477,-0.026507
-0.010146,-0.085538,-0.030639
-0.013680,-0.080167,-0.032492
-0.016448,-0.075925,-0.032788
-0.018512,-0.072372,-0.032248
-0.019932,-0.069070,-0.031592
-0.020767,-0.065580,-0.031542
-0.021080,-0.061461,-0.032818
-0.020930,-0.056274,-0.036143
-0.020378,-0.049580,-0.042237
-0.020173,-0.045176,-0.048514
-0.020364,-0.043335,-0.054473
-0.020822,-0.043454,-0.060129
-0.021422,-0.044928,-0.065501
-0.022035,-0.047152,-0.070603
-0.022536,-0.049522,-0.075455
-0.022795,-0.051432,-0.080072
-0.022687,-0.052279,-0.084472
-0.022085,-0.051458,-0.088671
-0.021473,-0.052323,-0.089897
-0.020875,-0.054845,-0.088019
-0.020194,-0.058151,-0.083564
-0.019338,-0.061364,-0.077058
-0.018212,-0.063610,-0.069030
-0.016721,-0.064014,-0.060007
-0.014772,-0.061702,-0.050516
-0.012269,-0.055798,-0.041085
-0.009119,-0.045429,-0.032241
-0.006573,-0.033565,-0.025671
-0.004772,-0.021022,-0.021226
-0.003580,-0.008074,-0.018296
-0.002860,0.005004,-0.016275
-0.002475,0.017938,-0.014555
-0.002290,0.030452,-0.012526
-0.002169,0.042273,-0.009581
-0.001973,0.053124,-0.005111
-0.001568,0.062733,0.001491
-0.000713,0.069453,0.007588
0.000555,0.073277,0.012690
0.002123,0.074603,0.016844
0.003883,0.073833,0.020097
0.005724,0.071365,0.022495
0.007538,0.067602,0.024086
0.009213,0.062942,0.024915
0.010639,0.057785,0.025029
0.011709,0.052532,0.024476
0.013300,0.049230,0.029515
0.015261,0.047945,0.039482
0.017182,0.048246,0.051978
0.018653,0.049702,0.064605
0.019264,0.051882,0.074966
0.018605,0.054356,0.080663
0.016265,0.056692,0.079299
0.011834,0.058461,0.068475
0.004903,0.059231,0.045794
-0.002080,0.059585,0.026767
-0.008553,0.059642,0.013730
-0.014422,0.059406,0.005724
-0.019597,0.058882,0.001793
-0.023984,0.058073,0.000976
-0.027492,0.056982,0.002317
-0.030030,0.055614,0.004856
-0.031504,0.053973,0.007635
-0.031823,0.052062,0.009697
-0.032055,0.050471,0.011729
-0.032402,0.049268,0.013830
-0.032846,0.048386,0.015949
-0.033370,0.047764,0.018038
-0.033958,0.047336,0.020047
-0.034594,0.047039,0.021926
-0.035260,0.046809,0.023625
-0.035940,0.046581,0.025095
-0.036617,0.046292,0.026286
-0.038702,0.045798,0.029543
-0.041882,0.045298,0.034721
-0.045419,0.045072,0.041051
-0.048570,0.045406,0.047766
-0.050594,0.046580,0.054097
-0.050752,0.048878,0.059276
-0.048301,0.052582,0.062536
-0.042502,0.057975,0.063107
-0.032613,0.065340,0.060223
-0.022529,0.071245,0.053843
-0.012886,0.075069,0.044584
-0.003508,0.076890,0.033228
0.005783,0.076787,0.020554
0.015163,0.074840,0.007345
0.024809,0.071127,-0.005619
0.034898,0.065729,-0.017557
0.045607,0.058724,-0.027688
0.057114,0.050191,-0.035231
0.068517,0.039869,-0.041805
0.079275,0.028125,-0.047553
0.088936,0.015482,-0.052245
0.097048,0.002466,-0.055652
0.103160,-0.010399,-0.057546
0.106819,-0.022588,-0.057697
0.107573,-0.033578,-0.055878
0.104971,-0.042844,-0.051860
0.098560,-0.049860,-0.045413
0.090384,-0.053784,-0.039702
0.081089,-0.054671,-0.035076
0.070975,-0.052804,-0.031180
0.060341,-0.048463,-0.027658
0.049484,-0.041930,-0.024157
0.038705,-0.033486,-0.020320
0.028302,-0.023414,-0.015792
0.018574,-0.011995,-0.010220
0.009820,0.000490,-0.003248
0.001887,0.011001,0.001539
-0.005343,0.019145,0.003817
-0.011980,0.025196,0.004075
-0.018133,0.029423,0.002805
-0.023912,0.032099,0.000498
-0.029427,0.033495,-0.002356
-0.034786,0.033881,-0.005266
-0.040100,0.033531,-0.007741
-0.045477,0.032714,-0.009290
-0.048851,0.032411,-0.008268
-0.050022,0.032657,-0.005226
-0.049260,0.033250,-0.001267
-0.046836,0.033988,0.002508
-0.043019,0.034669,0.004997
-0.038078,0.035090,0.005097
-0.032283,0.035050,0.001707
-0.025903,0.034346,-0.006276
-0.019209,0.032776,-0.019953
-0.014709,0.027856,-0.034696
-0.012515,0.019836,-0.049132
-0.012136,0.009653,-0.062699
-0.013086,-0.001755,-0.074837
-0.014876,-0.013452,-0.084986
-0.017018,-0.024501,-0.092586
-0.019022,-0.033965,-0.097076
-0.020402,-0.040908,-0.097895
-0.020667,-0.044392,-0.094483
-0.019727,-0.045615,-0.087584
-0.017782,-0.045040,-0.078414
-0.015108,-0.042948,-0.068306
-0.011980,-0.039622,-0.058596
-0.008674,-0.035341,-0.050618
-0.005464,-0.030388,-0.045705
-0.002626,-0.025043,-0.045193
-0.000436,-0.019587,-0.050415
0.000832,-0.014303,-0.062706
0.001340,-0.007792,-0.070098
0.001194,-0.000147,-0.071210
0.000486,0.008168,-0.067312
-0.000694,0.016692,-0.059671
-0.002253,0.024960,-0.049557
-0.004099,0.032509,-0.038237
-0.006142,0.038876,-0.026980
-0.008290,0.043598,-0.017054
-0.010450,0.046211,-0.009729
-0.012818,0.049532,-0.003994
-0.015401,0.053730,0.000644
-0.018159,0.058311,0.004552
-0.021054,0.062781,0.008095
-0.024045,0.066646,0.011640
-0.027093,0.069411,0.015552
-0.030158,0.070583,0.020198
-0.033202,0.069668,0.025944
-0.036183,0.066171,0.033155
-0.037576,0.061404,0.038148
-0.037272,0.055866,0.040863
-0.035520,0.049854,0.042149
-0.032569,0.043664,0.042851
-0.028666,0.037593,0.043818
-0.024060,0.031938,0.045897
-0.018999,0.026994,0.049935
-0.013731,0.023058,0.056778
-0.008505,0.020428,0.067275
-0.003958,0.019259,0.077288
-0.000188,0.019321,0.086020
0.002839,0.020287,0.093510
0.005158,0.021829,0.099799
0.006806,0.023620,0.104925
0.007816,0.025330,0.108928
0.008226,0.026635,0.111846
0.008069,0.027204,0.113721
0.007381,0.026712,0.114589
0.006325,0.025599,0.116059
0.005046,0.024062,0.118272
0.003687,0.022233,0.121007
0.002388,0.020246,0.124041
0.001292,0.018233,0.127152
0.000540,0.016328,0.130117
0.000274,0.014664,0.132715
0.000637,0.013375,0.134722
0.001769,0.012593,0.135917
0.003256,0.010438,0.134315
0.004773,0.006897,0.129910
0.006016,0.002422,0.123186
0.006679,-0.002533,0.114630
0.006460,-0.007515,0.104727
0.005053,-0.012071,0.093964
0.002154,-0.015748,0.082826
-0.002541,-0.018093,0.071799
-0.009335,-0.018653,0.061368
-0.015867,-0.018733,0.052314
-0.021850,-0.018427,0.044579
-0.027518,-0.017530,0.037898
-0.033102,-0.015835,0.032006
-0.038837,-0.013135,0.026636
-0.044955,-0.009224,0.021523
-0.051689,-0.003895,0.016401
-0.059272,0.003059,0.011006
-0.067937,0.011844,0.005070
-0.075142,0.016872,-0.002413
-0.080549,0.017945,-0.011261
-0.084374,0.016210,-0.020998
-0.086834,0.012814,-0.031147
-0.088143,0.008905,-0.041229
-0.088518,0.005631,-0.050768
-0.088175,0.004139,-0.059286
-0.087329,0.005576,-0.066305
-0.086195,0.011091,-0.071348
-0.085307,0.016334,-0.075145
-0.084690,0.020549,-0.077717
-0.084247,0.023880,-0.078911
-0.083880,0.026471,-0.078576
-0.083490,0.028465,-0.076556
-0.082979,0.030007,-0.072699
-0.082250,0.031240,-0.066851
-0.081202,0.032308,-0.058860
-0.079739,0.033354,-0.048572
-0.079211,0.034257,-0.037315
-0.079567,0.034849,-0.025693
-0.080408,0.034953,-0.014126
-0.081334,0.034391,-0.003034
-0.081946,0.032986,0.007163
-0.081844,0.030558,0.016043
-0.080627,0.026932,0.023186
-0.077897,0.021928,0.028172
-0.073253,0.015369,0.030581
-0.067782,0.008233,0.031857
-0.061837,0.000840,0.032335
-0.055585,-0.006653,0.032073
-0.049196,-0.014089,0.031127
-0.042838,-0.021312,0.029554
-0.036681,-0.028166,0.027410
-0.030892,-0.034495,0.024753
-0.025641,-0.040141,0.021640
-0.021096,-0.044949,0.018128
-0.018276,-0.047408,0.015632
-0.017157,-0.047629,0.014297
-0.017458,-0.046129,0.013949
-0.018895,-0.043428,0.014414
-0.021185,-0.040041,0.015518
-0.024046,-0.036486,0.017088
-0.027194,-0.033282,0.018949
-0.030347,-0.030945,0.020927
-0.033221,-0.029993,0.022848
-0.036165,-0.029838,0.024218
-0.039112,-0.029966,0.025033
-0.041890,-0.029881,0.025413
-0.044330,-0.029088,0.025478
-0.046261,-0.027092,0.025348
-0.047511,-0.023398,0.025143
-0.047911,-0.017509,0.024982
-0.047290,-0.008931,0.024987
-0.045478,0.002832,0.025277
-0.043234,0.012303,0.026278
-0.040722,0.018644,0.027904
-0.037959,0.022176,0.029941
-0.034957,0.023221,0.032174
-0.031733,0.022100,0.034390
-0.028299,0.019135,0.036373
-0.024673,0.014648,0.037911
-0.020867,0.008960,0.038788
-0.016897,0.002393,0.038791
-0.013204,-0.003471,0.038676
-0.009827,-0.008484,0.038604
-0.006706,-0.012856,0.038588
-0.003778,-0.016799,0.038640
-0.000983,-0.020522,0.038774
0.001741,-0.024238,0.039002
0.004454,-0.028157,0.039337
0.007219,-0.032490,0.039791
0.010097,-0.037447,0.040376
0.011851,-0.042048,0.040614
0.012485,-0.046057,0.040577
0.012312,-0.049424,0.040477
0.011645,-0.052100,0.040529
0.010798,-0.054035,0.040944
0.010082,-0.055181,0.041935
0.009811,-0.055487,0.043715
0.010298,-0.054904,0.046496
0.011856,-0.053384,0.050491
0.012658,-0.052646,0.053905
0.012468,-0.052845,0.056303
0.011446,-0.053746,0.057586
0.009754,-0.055114,0.057658
0.007553,-0.056713,0.056423
0.005003,-0.058307,0.053782
0.002266,-0.059661,0.049640
-0.000497,-0.060540,0.043899
-0.003126,-0.060707,0.036462
-0.007618,-0.064004,0.029630
-0.013949,-0.070285,0.023956
-0.021591,-0.078407,0.019555
-0.030015,-0.087226,0.016542
-0.038693,-0.095601,0.015032
-0.047097,-0.102388,0.015141
-0.054697,-0.106444,0.016985
-0.060965,-0.106627,0.020678
-0.065372,-0.101793,0.026337
-0.067353,-0.094766,0.031075
-0.067091,-0.086563,0.034483
-0.064958,-0.077752,0.036774
-0.061325,-0.068900,0.038158
-0.056564,-0.060574,0.038846
-0.051046,-0.053340,0.039048
-0.045142,-0.047765,0.038975
-0.039225,-0.044418,0.038839
-0.033666,-0.043864,0.038850
-0.028809,-0.043864,0.038241
-0.024651,-0.043955,0.036889
-0.021106,-0.044117,0.034830
-0.018085,-0.044330,0.032103
-0.015501,-0.044573,0.028745
-0.013267,-0.044827,0.024794
-0.011293,-0.045071,0.020286
-0.009494,-0.045286,0.015259
-0.007781,-0.045452,0.009752
-0.006026,-0.044784,0.005177
-0.004433,-0.043242,0.001943
-0.003282,-0.040971,0.000203
-0.002858,-0.038117,0.000111
-0.003443,-0.034825,0.001822
-0.005320,-0.031240,0.005490
-0.008773,-0.027508,0.011270
-0.014084,-0.023774,0.019314
-0.021536,-0.020184,0.029779
-0.029149,-0.017910,0.039788
-0.036315,-0.016729,0.048749
-0.042773,-0.016068,0.056642
-0.048260,-0.015354,0.063447
-0.052514,-0.014012,0.069144
-0.055271,-0.011471,0.073711
-0.056268,-0.007157,0.077129
-0.055245,-0.000496,0.079377
-0.051937,0.009085,0.080436
-0.047031,0.019071,0.082230
-0.040952,0.028695,0.084825
-0.034057,0.037625,0.087818
-0.026705,0.045531,0.090809
-0.019254,0.052081,0.093395
-0.012062,0.056944,0.095176
-0.005488,0.059788,0.095749
0.000110,0.060282,0.094713
0.004374,0.058096,0.091666
0.006574,0.055260,0.087690
0.007005,0.052382,0.083079
0.006218,0.049717,0.077929
0.004766,0.047515,0.072339
0.003200,0.046030,0.066406
0.002072,0.045514,0.060228
0.001934,0.046219,0.053901
0.003337,0.048399,0.047524
0.006833,0.052306,0.041193
0.011652,0.057262,0.038041
0.017375,0.062646,0.038014
0.023666,0.067848,0.040267
0.030191,0.072260,0.043949
0.036617,0.075273,0.048215
0.042610,0.076280,0.052216
0.047834,0.074671,0.055104
0.051956,0.069837,0.056031
0.054642,0.061171,0.054151
0.054968,0.050459,0.053160
0.053062,0.038649,0.053720
0.049314,0.026478,0.055729
0.044115,0.014682,0.059086
0.037855,0.003999,0.063690
0.030926,-0.004833,0.069441
0.023717,-0.011079,0.076238
0.016620,-0.014000,0.083981
0.010025,-0.012860,0.092568
0.004183,-0.009856,0.099112
-0.000975,-0.005732,0.103256
-0.005597,-0.000871,0.105277
-0.009831,0.004348,0.105451
-0.013825,0.009543,0.104054
-0.017727,0.014333,0.101362
-0.021684,0.018337,0.097652
-0.025846,0.021175,0.093201
-0.030359,0.022464,0.088284
-0.035308,0.023743,0.083297
-0.040589,0.024973,0.078371
-0.046056,0.025721,0.073568
-0.051560,0.025553,0.068952
-0.056954,0.024036,0.064586
-0.062090,0.020737,0.060532
-0.066820,0.015223,0.056854
-0.070997,0.007059,0.053615
-0.074473,-0.004186,0.050878
-0.077397,-0.014000,0.049353
-0.079798,-0.021660,0.048950
-0.081681,-0.027396,0.049377
-0.083048,-0.031433,0.050344
-0.083901,-0.033998,0.051559
-0.084243,-0.035320,0.052731
-0.084076,-0.035624,0.053570
-0.083404,-0.035139,0.053784
-0.082229,-0.034092,0.053082
-0.080843,-0.033315,0.051755
-0.079287,-0.032818,0.050014
-0.077539,-0.032400,0.048053
-0.075575,-0.031862,0.046063
-0.073372,-0.031005,0.044238
-0.070908,-0.029629,0.042770
-0.068159,-0.027534,0.041852
-0.065104,-0.024523,0.041676
-0.061719,-0.020394,0.042436
-0.058026,-0.016520,0.042349
-0.054126,-0.013143,0.040604
-0.050143,-0.010225,0.036631
-0.046196,-0.007726,0.029857
-0.042407,-0.005609,0.019715
-0.038898,-0.003835,0.005632
-0.035789,-0.002365,-0.012962
-0.033203,-0.001159,-0.036637
-0.031261,-0.000181,-0.065963
-0.031070,0.000590,-0.089065
-0.032370,0.001626,-0.104425
-0.034559,0.003513,-0.113118
-0.037035,0.006837,-0.116217
-0.039195,0.012182,-0.114797
-0.040437,0.020135,-0.109931
-0.040159,0.031281,-0.102692
-0.037758,0.046206,-0.094155
-0.032633,0.065496,-0.085394
-0.029315,0.079208,-0.080012
-0.028337,0.086490,-0.077879
-0.029233,0.088766,-0.077929
-0.031537,0.087457,-0.079095
-0.034784,0.083984,-0.080313
-0.038506,0.079770,-0.080515
-0.042239,0.076236,-0.078638
-0.045516,0.074805,-0.073614
-0.047872,0.076898,-0.064378
-0.050724,0.075787,-0.055224
-0.054290,0.070872,-0.047213
-0.058485,0.063085,-0.040594
-0.063225,0.053358,-0.035619
-0.068425,0.042622,-0.032538
-0.074001,0.031810,-0.031602
-0.079869,0.021854,-0.033062
-0.085943,0.013686,-0.037168
-0.092139,0.008237,-0.044171
-0.094393,0.004067,-0.047223
-0.092435,0.000928,-0.045440
-0.086947,-0.001127,-0.039428
-0.078609,-0.002046,-0.029795
-0.068102,-0.001778,-0.017148
-0.056106,-0.000270,-0.002093
-0.043303,0.002529,0.014764
-0.030374,0.006672,0.032814
-0.017998,0.012211,0.051451
-0.007276,0.019017,0.068357
0.001386,0.026670,0.082984
0.007754,0.034675,0.095226
0.011591,0.042537,0.104978
0.012665,0.049762,0.112135
0.010739,0.055855,0.116590
0.005579,0.060322,0.118239
-0.003049,0.062667,0.116976
-0.015380,0.062396,0.112696
-0.027056,0.058807,0.110151
-0.037215,0.052928,0.109883
-0.045867,0.046223,0.111379
-0.053022,0.040155,0.114127
-0.058693,0.036188,0.117617
-0.062889,0.035784,0.121335
-0.065621,0.040406,0.124770
-0.066901,0.051518,0.127410
-0.066738,0.070583,0.128743
-0.066321,0.084818,0.126304
-0.065838,0.092611,0.120412
-0.065226,0.095145,0.112085
-0.064424,0.093602,0.102339
-0.063370,0.089165,0.092190
-0.062003,0.083016,0.082656
-0.060261,0.076337,0.074753
-0.058082,0.070311,0.069497
-0.055405,0.066120,0.067906
-0.053982,0.062436,0.068081
-0.053873,0.058940,0.069244
-0.054716,0.055568,0.070896
-0.056149,0.052256,0.072539
-0.057809,0.048939,0.073672
-0.059334,0.045552,0.073799
-0.060362,0.042032,0.072418
-0.060530,0.038312,0.069032
-0.059477,0.034330,0.063142
-0.057485,0.030384,0.056809
-0.054819,0.026556,0.050519
-0.051742,0.022871,0.044367
-0.048515,0.019355,0.038445
-0.045401,0.016034,0.032848
-0.042661,0.012934,0.027668
-0.040556,0.010081,0.022999
-0.039350,0.007500,0.018934
-0.039302,0.005218,0.015567
-0.039434,0.003443,0.010995
-0.039343,0.001870,0.004881
-0.038771,0.000066,-0.002718
-0.037462,-0.002401,-0.011748
-0.035157,-0.005965,-0.022153
-0.031599,-0.011057,-0.033877
-0.026531,-0.018112,-0.046865
-0.019696,-0.027562,-0.061062
-0.010835,-0.039839,-0.076412
-0.002615,-0.049412,-0.090073
0.004595,-0.055480,-0.101720
0.010997,-0.058424,-0.111654
0.016793,-0.058626,-0.120179
0.022185,-0.056466,-0.127595
0.027376,-0.052328,-0.134207
0.032568,-0.046591,-0.140315
0.037963,-0.039638,-0.146224
0.043764,-0.031850,-0.152234
0.049033,-0.025088,-0.155154
0.053558,-0.019665,-0.154662
0.057310,-0.015503,-0.151160
0.060260,-0.012526,-0.145044
0.062379,-0.010659,-0.136715
0.063637,-0.009826,-0.126570
0.064006,-0.009949,-0.115010
0.063456,-0.010953,-0.102432
0.061959,-0.012762,-0.089236
0.060266,-0.014486,-0.076273
0.058357,-0.015748,-0.063792
0.056015,-0.016306,-0.051889
0.053025,-0.015913,-0.040663
0.049172,-0.014326,-0.030210
0.044239,-0.011297,-0.020629
0.038011,-0.006584,-0.012017
0.030273,0.000060,-0.004471
0.020809,0.008879,0.001911
0.012751,0.017924,0.006005
0.006584,0.026411,0.007905
0.002132,0.033846,0.008012
-0.000783,0.039738,0.006725
-0.002337,0.043591,0.004444
-0.002707,0.044915,0.001569
-0.002070,0.043215,-0.001501
-0.000602,0.037998,-0.004366
0.001520,0.028772,-0.006626
0.003700,0.017866,-0.008581
0.005752,0.006294,-0.010228
0.007598,-0.005260,-0.011488
0.009156,-0.016113,-0.012281
0.010347,-0.025580,-0.012529
0.011089,-0.032978,-0.012151
0.011302,-0.037623,-0.011068
0.010905,-0.038830,-0.009203
0.009818,-0.035916,-0.006474
0.007249,-0.029837,-0.003265
0.003433,-0.021410,0.000087
-0.001137,-0.011420,0.003260
-0.005968,-0.000651,0.005930
-0.010568,0.010113,0.007774
-0.014442,0.020087,0.008469
-0.017099,0.028488,0.007692
-0.018046,0.034531,0.005118
-0.016789,0.037433,0.000425
-0.014361,0.035946,-0.005637
-0.011281,0.030328,-0.012637
-0.007938,0.021208,-0.020226
-0.004722,0.009220,-0.028052
-0.002022,-0.005007,-0.035764
-0.000228,-0.020839,-0.043013
0.000270,-0.037647,-0.049448
-0.000916,-0.054798,-0.054718
-0.004177,-0.071660,-0.058472
-0.006552,-0.086751,-0.061124
-0.007616,-0.099697,-0.062719
-0.007576,-0.110401,-0.063212
-0.006637,-0.118766,-0.062559
-0.005009,-0.124696,-0.060714
-0.002897,-0.128094,-0.057631
-0.000509,-0.128865,-0.053266
0.001949,-0.126910,-0.047573
0.004269,-0.122135,-0.040508
0.005750,-0.119443,-0.036767
0.006355,-0.118548,-0.036401
0.006210,-0.117865,-0.038299
0.005440,-0.115811,-0.041350
0.004173,-0.110802,-0.044444
0.002534,-0.101252,-0.046468
0.000650,-0.085580,-0.046312
-0.001352,-0.062199,-0.042864
-0.003346,-0.029527,-0.035015
-0.006201,-0.000701,-0.029115
-0.009921,0.022148,-0.025773
-0.014296,0.039642,-0.024158
-0.019118,0.052401,-0.023441
-0.024175,0.061047,-0.022792
-0.029258,0.066200,-0.021382
-0.034157,0.068483,-0.018381
-0.038663,0.068515,-0.012959
-0.042564,0.066918,-0.004287
-0.046254,0.064291,0.003761
-0.049621,0.060790,0.010221
-0.052427,0.056458,0.014855
-0.054436,0.051337,0.017425
-0.055408,0.045472,0.017693
-0.055107,0.038904,0.015421
-0.053295,0.031678,0.010372
-0.049734,0.023837,0.002308
-0.044187,0.015423,-0.009008
-0.037637,0.005317,-0.020772
-0.030429,-0.005898,-0.032120
-0.022749,-0.017215,-0.042672
-0.014783,-0.027624,-0.052050
-0.006717,-0.036119,-0.059874
0.001263,-0.041692,-0.065766
0.008971,-0.043334,-0.069348
0.016221,-0.040037,-0.070239
0.022827,-0.030793,-0.068062
0.028342,-0.021071,-0.067670
0.032739,-0.012318,-0.069341
0.036095,-0.004973,-0.072206
0.038489,0.000523,-0.075395
0.039998,0.003730,-0.078040
0.040700,0.004208,-0.079272
0.040673,0.001516,-0.078223
0.039995,-0.004785,-0.074023
0.038743,-0.015136,-0.065804
0.035194,-0.026100,-0.056287
0.029596,-0.036712,-0.046276
0.022691,-0.046623,-0.036098
0.015223,-0.055487,-0.026078
0.007933,-0.062955,-0.016543
0.001564,-0.068680,-0.007819
-0.003142,-0.072314,-0.000231
-0.005443,-0.073509,0.005893
-0.004596,-0.071918,0.010229
-0.004375,-0.071624,0.013841
-0.005481,-0.072847,0.016926
-0.007847,-0.074843,0.019465
-0.011407,-0.076868,0.021436
-0.016093,-0.078177,0.022821
-0.021839,-0.078026,0.023599
-0.028579,-0.075672,0.023749
-0.036245,-0.070368,0.023252
-0.044771,-0.061373,0.022087
-0.051965,-0.053999,0.020074
-0.057429,-0.049218,0.017473
-0.061210,-0.046914,0.014655
-0.063354,-0.046970,0.011992
-0.063911,-0.049269,0.009854
-0.062927,-0.053697,0.008612
-0.060450,-0.060137,0.008638
-0.056528,-0.068472,0.010302
-0.051208,-0.078586,0.013976
-0.045264,-0.088484,0.017485
-0.039010,-0.097683,0.020564
-0.032647,-0.106078,0.023424
-0.026375,-0.113565,0.026274
-0.020395,-0.120039,0.029327
-0.014906,-0.125397,0.032792
-0.010110,-0.129532,0.036881
-0.006205,-0.132342,0.041804
-0.003394,-0.133721,0.047773
-0.000956,-0.132498,0.053580
0.001223,-0.128616,0.058902
0.003108,-0.122300,0.063638
0.004663,-0.113772,0.067685
0.005852,-0.103256,0.070940
0.006638,-0.090976,0.073302
0.006987,-0.077155,0.074668
0.006862,-0.062016,0.074936
0.006228,-0.045782,0.074004
0.005426,-0.031539,0.072322
0.004747,-0.019550,0.069733
0.004467,-0.009373,0.065927
0.004863,-0.000569,0.060594
0.006211,0.007303,0.053424
0.008789,0.014686,0.044108
0.012873,0.022018,0.032335
0.018739,0.029742,0.017797
0.026665,0.038298,0.000183
0.034989,0.043060,-0.012981
0.043217,0.043674,-0.020943
0.051141,0.040857,-0.024647
0.058558,0.035324,-0.025035
0.065261,0.027791,-0.023051
0.071046,0.018973,-0.019637
0.075706,0.009585,-0.015736
0.079038,0.000344,-0.012291
0.080835,-0.008036,-0.010244
0.079682,-0.015975,-0.009530
0.075974,-0.023295,-0.009679
0.070560,-0.029672,-0.010119
0.064290,-0.034779,-0.010280
0.058012,-0.038288,-0.009593
0.052576,-0.039876,-0.007485
0.048831,-0.039214,-0.003386
0.047626,-0.035976,0.003274
0.049810,-0.029837,0.013066
0.051559,-0.023875,0.022440
0.052242,-0.018471,0.030784
0.052030,-0.013335,0.038224
0.051091,-0.008176,0.044884
0.049595,-0.002702,0.050886
0.047712,0.003377,0.056357
0.045612,0.010354,0.061419
0.043462,0.018517,0.066196
0.041434,0.028160,0.070814
0.039325,0.035798,0.075184
0.037340,0.040761,0.079094
0.035788,0.043081,0.082305
0.034978,0.042792,0.084574
0.035219,0.039925,0.085660
0.036819,0.034514,0.085321
0.040085,0.026591,0.083317
0.045328,0.016189,0.079406
0.052855,0.003341,0.073346
0.059943,-0.008068,0.067258
0.066007,-0.017030,0.061603
0.070999,-0.023258,0.056426
0.074869,-0.026464,0.051773
0.077568,-0.026362,0.047688
0.079046,-0.022664,0.044218
0.079256,-0.015083,0.041407
0.078146,-0.003331,0.039301
0.075669,0.012879,0.037946
0.072603,0.028626,0.038498
0.069263,0.042633,0.040722
0.065844,0.054532,0.044035
0.062541,0.063959,0.047855
0.059552,0.070545,0.051598
0.057071,0.073926,0.054683
0.055296,0.073735,0.056524
0.054421,0.069606,0.056541
0.054642,0.061171,0.054151
0.053901,0.051615,0.051488
0.051847,0.041842,0.049254
0.048557,0.032183,0.047786
0.044109,0.022972,0.047423
0.038579,0.014541,0.048505
0.032045,0.007223,0.051371
0.024585,0.001352,0.056359
0.016275,-0.002740,0.063809
0.007193,-0.004720,0.074060
-0.002511,-0.005059,0.083416
-0.012553,-0.004204,0.091005
-0.022615,-0.002598,0.096662
-0.032379,-0.000682,0.100221
-0.041529,0.001101,0.101517
-0.049746,0.002310,0.100384
-0.056713,0.002502,0.096657
-0.062113,0.001236,0.090171
-0.065627,-0.001931,0.080759
-0.066842,-0.004317,0.071384
-0.065949,-0.006054,0.062697
-0.063290,-0.007974,0.054769
-0.059207,-0.010911,0.047669
-0.054044,-0.015699,0.041470
-0.048141,-0.023170,0.036242
-0.041841,-0.034157,0.032056
-0.035488,-0.049495,0.028984
-0.029422,-0.070015,0.027095
-0.024276,-0.088049,0.026813
-0.020070,-0.102370,0.027890
-0.016674,-0.113366,0.029913
-0.013955,-0.121421,0.032469
-0.011782,-0.126923,0.035143
-0.010025,-0.130256,0.037521
-0.008551,-0.131807,0.039191
-0.007229,-0.131962,0.039738
-0.005927,-0.131107,0.038748
-0.004064,-0.127227,0.038945
-0.001675,-0.120622,0.040447
0.001049,-0.112168,0.042727
0.003915,-0.102745,0.045255
0.006733,-0.093230,0.047502
0.009310,-0.084501,0.048938
0.011455,-0.077437,0.049035
0.012978,-0.072914,0.047263
0.013685,-0.071812,0.043093
0.012146,-0.070543,0.037360
0.008806,-0.068585,0.030666
0.004581,-0.066180,0.023560
0.000386,-0.063571,0.016586
-0.002863,-0.061001,0.010293
-0.004251,-0.058715,0.005225
-0.002862,-0.056953,0.001931
0.002218,-0.055960,0.000956
0.011907,-0.055979,0.002846
0.021388,-0.055162,0.006868
0.029848,-0.053141,0.012520
0.037469,-0.049918,0.019365
0.044434,-0.045493,0.026963
0.050929,-0.039868,0.034872
0.057136,-0.033043,0.042655
0.063240,-0.025020,0.049871
0.069424,-0.015800,0.056080
0.075871,-0.005384,0.060842
0.080732,0.006126,0.065671
0.083852,0.017897,0.070569
0.085500,0.028916,0.075163
0.085945,0.038170,0.079080
0.085458,0.044646,0.081945
0.084307,0.047330,0.083384
0.082763,0.045209,0.083025
0.081094,0.037270,0.080493
0.079570,0.022500,0.075415
0.078145,0.006542,0.068774
0.076844,-0.008829,0.061031
0.075710,-0.022809,0.052521
0.074785,-0.034591,0.043575
0.074110,-0.043371,0.034525
0.073730,-0.048341,0.025704
0.073686,-0.048697,0.017444
0.074020,-0.043633,0.010078
0.074776,-0.032343,0.003938
0.075497,-0.018610,0.001275
0.076239,-0.003857,0.001853
0.077187,0.011079,0.004814
0.078525,0.025364,0.009299
0.080435,0.038161,0.014449
0.083103,0.048637,0.019407
0.086711,0.055954,0.023313
0.091444,0.059279,0.025310
0.097485,0.057775,0.024539
0.102416,0.053214,0.023646
0.105884,0.046469,0.022475
0.108054,0.038185,0.020166
0.109089,0.029009,0.015861
0.109154,0.019590,0.008701
0.108414,0.010573,-0.002172
0.107032,0.002606,-0.017618
0.105173,-0.003666,-0.038495
0.103001,-0.007593,-0.065661
0.097291,-0.013121,-0.091458
0.088365,-0.020336,-0.114071
0.077434,-0.028363,-0.133147
0.065707,-0.036327,-0.148333
0.054395,-0.043351,-0.159275
0.044708,-0.048560,-0.165620
0.037856,-0.051078,-0.167016
0.035050,-0.050030,-0.163108
0.037500,-0.044539,-0.153544
0.044543,-0.038062,-0.146259
0.054733,-0.031378,-0.142136
0.066422,-0.024596,-0.140292
0.077967,-0.017824,-0.139847
0.087721,-0.011171,-0.139918
0.094041,-0.004748,-0.139625
0.095280,0.001338,-0.138086
0.089793,0.006976,-0.134419
0.075936,0.012059,-0.127742
0.061909,0.018186,-0.123712
0.049366,0.025331,-0.122612
0.038325,0.033058,-0.123387
0.028802,0.040933,-0.124979
0.020816,0.048523,-0.126330
0.014383,0.055392,-0.126385
0.009521,0.061107,-0.124084
0.006247,0.065233,-0.118372
0.004578,0.067336,-0.108192
0.003596,0.068106,-0.095259
0.003069,0.067776,-0.080736
0.002936,0.066464,-0.065644
0.003141,0.064290,-0.051002
0.003621,0.061372,-0.037834
0.004320,0.057829,-0.027160
0.005176,0.053779,-0.020001
0.006131,0.049342,-0.017379
0.007126,0.044636,-0.020315
0.008568,0.040909,-0.024980
0.010445,0.038296,-0.030353
0.012642,0.036648,-0.036114
0.015041,0.035819,-0.041943
0.017526,0.035663,-0.047520
0.019979,0.036033,-0.052526
0.022285,0.036783,-0.056641
0.024325,0.037765,-0.059545
0.025985,0.038835,-0.060918
0.027208,0.039720,-0.061441
0.028237,0.040505,-0.061266
0.029386,0.041358,-0.060411
0.030970,0.042448,-0.058897
0.033306,0.043947,-0.056741
0.036708,0.046022,-0.053963
0.041491,0.048845,-0.050582
0.047970,0.052585,-0.046617
0.056461,0.057411,-0.042087
0.065363,0.062385,-0.035380
0.074099,0.066870,-0.026806
0.082352,0.070302,-0.017155
0.089804,0.072118,-0.007217
0.096137,0.071755,0.002217
0.101033,0.068651,0.010358
0.104174,0.062241,0.016415
0.105241,0.051964,0.019598
0.103918,0.037256,0.019116
0.100239,0.020592,0.019322
0.094584,0.003519,0.020908
0.087414,-0.012647,0.023654
0.079193,-0.026588,0.027342
0.070384,-0.036989,0.031751
0.061449,-0.042534,0.036660
0.052851,-0.041904,0.041850
0.045055,-0.033786,0.047101
0.038521,-0.016861,0.052193
0.033172,-0.000276,0.055613
0.028846,0.014211,0.057229
0.025362,0.026686,0.057251
0.022537,0.037236,0.055891
0.020189,0.045950,0.053358
0.018138,0.052914,0.049864
0.016200,0.058216,0.045621
0.014194,0.061943,0.040838
0.011939,0.064183,0.035727
0.010565,0.064434,0.031997
0.010353,0.063002,0.029787
0.011374,0.060394,0.028845
0.013699,0.057115,0.028919
0.017396,0.053672,0.029757
0.022537,0.050571,0.031105
0.029192,0.048318,0.032713
0.037430,0.047420,0.034327
0.047321,0.048383,0.035694
0.056454,0.047858,0.032863
0.064483,0.045818,0.026039
0.071582,0.043064,0.016470
0.077925,0.040401,0.005405
0.083685,0.038631,-0.005910
0.089034,0.038557,-0.016228
0.094147,0.040982,-0.024300
0.099196,0.046709,-0.028878
0.104356,0.056541,-0.028717
0.105964,0.069057,-0.027421
0.103783,0.083467,-0.025674
0.098429,0.099133,-0.023424
0.090520,0.115419,-0.020624
0.080674,0.131689,-0.017223
0.069507,0.147307,-0.013171
0.057637,0.161638,-0.008419
0.045681,0.174045,-0.002918
0.034257,0.183892,0.003382
0.025208,0.187627,0.012840
0.018596,0.185539,0.024849
0.014032,0.178879,0.038056
0.011131,0.168894,0.051112
0.009506,0.156834,0.062665
0.008770,0.143949,0.071364
0.008537,0.131488,0.075860
0.008419,0.120700,0.074800
0.008032,0.112834,0.066835
0.008277,0.106079,0.057774
0.009283,0.100005,0.048837
0.010980,0.094524,0.040093
0.013301,0.089551,0.031614
0.016179,0.084998,0.023468
0.019544,0.080781,0.015727
0.023329,0.076812,0.008460
0.027467,0.073006,0.001738
0.031889,0.069276,-0.004368
0.034974,0.064909,-0.008457
0.036397,0.059571,-0.010502
0.036161,0.053024,-0.010820
0.034264,0.045030,-0.009728
0.030709,0.035351,-0.007542
0.025496,0.023748,-0.004581
0.018625,0.009982,-0.001161
0.010097,-0.006184,0.002401
-0.000086,-0.024990,0.005788
-0.009632,-0.041855,0.008826
-0.017876,-0.056125,0.011601
-0.024562,-0.068123,0.014268
-0.029434,-0.078174,0.016982
-0.032234,-0.086602,0.019895
-0.032707,-0.093732,0.023163
-0.030596,-0.099888,0.026938
-0.025644,-0.105394,0.031375
-0.017596,-0.110576,0.036627
-0.009056,-0.114927,0.042857
-0.000740,-0.118176,0.049563
0.007108,-0.120110,0.056076
0.014242,-0.120515,0.061731
0.020418,-0.119179,0.065858
0.025392,-0.115890,0.067791
0.028920,-0.110433,0.066862
0.030757,-0.102597,0.062404
0.030659,-0.092168,0.053748
0.030133,-0.083238,0.045042
0.029344,-0.076246,0.037138
0.028119,-0.070723,0.030066
0.026285,-0.066197,0.023854
0.023671,-0.062198,0.018530
0.020102,-0.058253,0.014123
0.015408,-0.053893,0.010662
0.009415,-0.048647,0.008176
0.001952,-0.042042,0.006694
-0.004334,-0.036370,0.006956
-0.008927,-0.031995,0.008578
-0.011842,-0.028802,0.010893
-0.013097,-0.026675,0.013233
-0.012706,-0.025500,0.014931
-0.010688,-0.025159,0.015320
-0.007058,-0.025539,0.013732
-0.001833,-0.026523,0.009501
0.004971,-0.027997,0.001958
0.011271,-0.027986,-0.009379
0.016204,-0.026475,-0.023614
0.019213,-0.023935,-0.039501
0.019741,-0.020839,-0.055796
0.017230,-0.017657,-0.071254
0.011124,-0.014862,-0.084632
0.000865,-0.012926,-0.094685
-0.014104,-0.012320,-0.100169
-0.034341,-0.013517,-0.099839
-0.050912,-0.014146,-0.096677
-0.062543,-0.013940,-0.091635
-0.069873,-0.013158,-0.085158
-0.073541,-0.012058,-0.077693
-0.074187,-0.010899,-0.069684
-0.072449,-0.009940,-0.061578
-0.068967,-0.009438,-0.053821
-0.064381,-0.009654,-0.046856
-0.059328,-0.010844,-0.041132
-0.053701,-0.012833,-0.038259
-0.047559,-0.015646,-0.038015
-0.041001,-0.019362,-0.039720
-0.034131,-0.024059,-0.042692
-0.027048,-0.029815,-0.046252
-0.019854,-0.036708,-0.049718
-0.012650,-0.044816,-0.052410
-0.005536,-0.054216,-0.053646
0.001385,-0.064987,-0.052745
0.006308,-0.071133,-0.049961
0.009250,-0.072138,-0.045891
0.010689,-0.068860,-0.041222
0.011098,-0.062154,-0.036643
0.010954,-0.052875,-0.032839
0.010732,-0.041881,-0.030497
0.010907,-0.030026,-0.030303
0.011955,-0.018167,-0.032946
0.014352,-0.007159,-0.039111
0.015748,0.002923,-0.044341
0.015986,0.012495,-0.047915
0.015455,0.022095,-0.050044
0.014546,0.032261,-0.050939
0.013649,0.043531,-0.050813
0.013153,0.056441,-0.049877
0.013448,0.071531,-0.048342
0.014925,0.089337,-0.046422
0.017973,0.110398,-0.044326
0.020004,0.126896,-0.042573
0.020696,0.137892,-0.041113
0.020299,0.144167,-0.039753
0.019059,0.146501,-0.038303
0.017225,0.145676,-0.036571
0.015043,0.142472,-0.034363
0.012763,0.137670,-0.031490
0.010631,0.132051,-0.027758
0.008894,0.126394,-0.022976
0.007525,0.123380,-0.018081
0.006469,0.122807,-0.013488
0.005669,0.123755,-0.009484
0.005066,0.125303,-0.006354
0.004603,0.126531,-0.004383
0.004220,0.126519,-0.003858
0.003859,0.124345,-0.005064
0.003463,0.119090,-0.008287
0.002973,0.109832,-0.013812
0.002740,0.101349,-0.018160
0.002789,0.094454,-0.020839
0.003063,0.088971,-0.022103
0.003504,0.084725,-0.022205
0.004055,0.081539,-0.021399
0.004658,0.079238,-0.019939
0.005257,0.077645,-0.018080
0.005793,0.076584,-0.016074
0.006209,0.075880,-0.014175
0.006437,0.075251,-0.012367
0.006500,0.074621,-0.010712
0.006441,0.073968,-0.009296
0.006306,0.073266,-0.008203
0.006138,0.072492,-0.007519
0.005982,0.071623,-0.007327
0.005882,0.070634,-0.007713
0.005882,0.069502,-0.008761
0.006028,0.068202,-0.010557
0.005865,0.067333,-0.012050
0.005377,0.066909,-0.013091
0.004658,0.066802,-0.013755
0.003801,0.066880,-0.014115
0.002900,0.067012,-0.014246
0.002049,0.067069,-0.014223
0.001341,0.066920,-0.014119
0.000870,0.066435,-0.014010
0.000729,0.065482,-0.013969
0.000232,0.063931,-0.014142
-0.000664,0.061858,-0.014542
-0.001840,0.059392,-0.015147
-0.003178,0.056664,-0.015935
-0.004558,0.053804,-0.016887
-0.005863,0.050940,-0.017980
-0.006973,0.048204,-0.019194
-0.007771,0.045724,-0.020507
-0.008137,0.043630,-0.021899
-0.008004,0.042780,-0.022089
-0.007376,0.042905,-0.021377
-0.006277,0.043458,-0.020457
-0.004732,0.043890,-0.020022
-0.002764,0.043653,-0.020767
-0.000397,0.042198,-0.023386
0.002345,0.038976,-0.028572
0.005439,0.033441,-0.037020
0.008859,0.025043,-0.049424
0.010577,0.017936,-0.061375
0.010377,0.012493,-0.072078
0.008501,0.008137,-0.081637
0.005190,0.004296,-0.090159
0.000683,0.000394,-0.097749
-0.004778,-0.004143,-0.104511
-0.010954,-0.009889,-0.110553
-0.017602,-0.017419,-0.115980
-0.024483,-0.027307,-0.120896
-0.029008,-0.030843,-0.124393
-0.031128,-0.028025,-0.126381
-0.031428,-0.021032,-0.126977
-0.030491,-0.012040,-0.126299
-0.028904,-0.003228,-0.124464
-0.027251,0.003228,-0.121589
-0.026117,0.005150,-0.117791
-0.026087,0.000360,-0.113187
-0.027746,-0.013319,-0.107895
-0.029474,-0.027012,-0.104739
-0.030892,-0.038853,-0.103942
-0.031927,-0.048726,-0.105073
-0.032509,-0.056516,-0.107702
-0.032566,-0.062106,-0.111400
-0.032029,-0.065382,-0.115737
-0.030827,-0.066227,-0.120282
-0.028887,-0.064526,-0.124606
-0.026139,-0.060164,-0.128278
-0.022831,-0.052424,-0.129850
-0.019269,-0.042254,-0.129126
-0.015773,-0.031017,-0.126227
-0.012664,-0.020076,-0.121272
-0.010263,-0.010793,-0.114381
-0.008890,-0.004532,-0.105672
-0.008867,-0.002656,-0.095266
-0.010513,-0.006529,-0.083282
-0.014150,-0.017512,-0.069839
-0.016128,-0.028624,-0.055285
-0.015982,-0.038651,-0.040030
-0.014043,-0.047819,-0.024504
-0.010640,-0.056353,-0.009135
-0.006105,-0.064481,0.005648
-0.000769,-0.072428,0.019418
0.005037,-0.080421,0.031746
0.010984,-0.088687,0.042202
0.016739,-0.097450,0.050360
0.021534,-0.104134,0.056914
0.025254,-0.108586,0.061992
0.027945,-0.111262,0.065574
0.029658,-0.112618,0.067644
0.030440,-0.113110,0.068184
0.030339,-0.113194,0.067178
0.029404,-0.113325,0.064608
0.027683,-0.113959,0.060456
0.025225,-0.115552,0.054706
0.022871,-0.115616,0.047772
0.020703,-0.113782,0.040118
0.018614,-0.110209,0.032222
0.016496,-0.105059,0.024559
0.014243,-0.098491,0.017606
0.011747,-0.090666,0.011840
0.008900,-0.081743,0.007738
0.005595,-0.071884,0.005776
0.001725,-0.061247,0.006430
-0.001984,-0.052388,0.005277
-0.005354,-0.045303,0.002177
-0.008345,-0.039350,-0.001939
-0.010916,-0.033885,-0.006138
-0.013026,-0.028266,-0.009489
-0.014636,-0.021850,-0.011061
-0.015704,-0.013994,-0.009921
-0.016189,-0.004055,-0.005139
-0.016052,0.008610,0.004218
-0.016570,0.020959,0.014932
-0.017705,0.032264,0.025899
-0.019089,0.042377,0.036547
-0.020353,0.051149,0.046302
-0.021132,0.058431,0.054591
-0.021057,0.064074,0.060841
-0.019761,0.067929,0.064478
-0.016875,0.069847,0.064929
-0.012033,0.069680,0.061621
-0.007424,0.070097,0.054108
-0.003312,0.071276,0.043305
0.000522,0.072770,0.030463
0.004294,0.074132,0.016835
0.008224,0.074913,0.003674
0.012529,0.074669,-0.007768
0.017428,0.072951,-0.016238
0.023139,0.069313,-0.020484
0.029880,0.063308,-0.019253
0.036071,0.055931,-0.016935
0.041364,0.047446,-0.014507
0.045718,0.037935,-0.012093
0.049092,0.027480,-0.009817
0.051447,0.016162,-0.007802
0.052740,0.004063,-0.006173
0.052931,-0.008736,-0.005052
0.051980,-0.022152,-0.004564
0.049845,-0.036104,-0.004833
0.047396,-0.048913,-0.002690
0.044706,-0.060358,0.001973
0.041649,-0.070587,0.008504
0.038099,-0.079745,0.016247
0.033930,-0.087980,0.024547
0.029015,-0.095437,0.032749
0.023230,-0.102262,0.040201
0.016447,-0.108602,0.046246
0.008541,-0.114603,0.050230
0.001755,-0.119644,0.052835
-0.003608,-0.123418,0.054422
-0.007729,-0.125694,0.055269
-0.010790,-0.126243,0.055654
-0.012971,-0.124835,0.055855
-0.014456,-0.121242,0.056152
-0.015425,-0.115234,0.056822
-0.016061,-0.106581,0.058144
-0.016543,-0.095054,0.060397
-0.016670,-0.082388,0.060598
-0.016577,-0.069476,0.058359
-0.016489,-0.057002,0.053939
-0.016627,-0.045650,0.047598
-0.017216,-0.036103,0.039595
-0.018477,-0.029045,0.030190
-0.020633,-0.025158,0.019641
-0.023908,-0.025128,0.008210
-0.028524,-0.029637,-0.003846
-0.033831,-0.035472,-0.017146
-0.039612,-0.041606,-0.031290
-0.045760,-0.047559,-0.045622
-0.052168,-0.052852,-0.059488
-0.058729,-0.057006,-0.072233
-0.065334,-0.059541,-0.083200
-0.071877,-0.059978,-0.091736
-0.078251,-0.057836,-0.097184
-0.084348,-0.052638,-0.098889
-0.089573,-0.044137,-0.100585
-0.093573,-0.033082,-0.102817
-0.096055,-0.020473,-0.105339
-0.096726,-0.007307,-0.107900
-0.095294,0.005418,-0.110252
-0.091467,0.016703,-0.112145
-0.084950,0.025551,-0.113331
-0.075453,0.030963,-0.113561
-0.062683,0.031940,-0.112586
-0.050499,0.035627,-0.112720
-0.039828,0.042540,-0.113978
-0.030863,0.051536,-0.115798
-0.023794,0.061475,-0.117619
-0.018813,0.071215,-0.118881
-0.016113,0.079615,-0.119022
-0.015886,0.085533,-0.117481
-0.018324,0.087829,-0.113696
-0.023617,0.085359,-0.107108
-0.027486,0.082491,-0.098336
-0.029329,0.079786,-0.087806
-0.029465,0.076858,-0.075895
-0.028212,0.073318,-0.062979
-0.025890,0.068779,-0.049434
-0.022818,0.062854,-0.035636
-0.019315,0.055155,-0.021963
-0.015698,0.045295,-0.008790
-0.012288,0.032885,0.003506
-0.009417,0.021906,0.012346
-0.006934,0.012796,0.017486
-0.004565,0.005106,0.019263
-0.002037,-0.001610,0.018015
0.000925,-0.007800,0.014079
0.004592,-0.013911,0.007795
0.009239,-0.020391,-0.000501
0.015139,-0.027686,-0.010471
0.022566,-0.036246,-0.021776
0.029479,-0.043881,-0.030368
0.035422,-0.049985,-0.035814
0.040335,-0.054349,-0.038587
0.044159,-0.056762,-0.039158
0.046835,-0.057013,-0.037999
0.048302,-0.054892,-0.035583
0.048502,-0.050189,-0.032382
0.047373,-0.042693,-0.028868
0.044858,-0.032193,-0.025513
0.042387,-0.020604,-0.022324
0.040212,-0.008746,-0.019496
0.038286,0.002834,-0.017267
0.036563,0.013591,-0.015877
0.034999,0.022977,-0.015566
0.033547,0.030446,-0.016574
0.032162,0.035451,-0.019140
0.030798,0.037445,-0.023504
0.029410,0.035883,-0.029906
0.027923,0.033037,-0.034506
0.026384,0.029513,-0.036870
0.024868,0.025500,-0.037414
0.023453,0.021187,-0.036555
0.022213,0.016761,-0.034710
0.021226,0.012413,-0.032294
0.020567,0.008330,-0.029724
0.020312,0.004700,-0.027417
0.020538,0.001714,-0.025788
0.023010,-0.000259,-0.023814
0.027482,-0.001398,-0.021251
0.033206,-0.002017,-0.018054
0.039436,-0.002431,-0.014177
0.045423,-0.002957,-0.009576
0.050419,-0.003908,-0.004203
0.053678,-0.005601,0.001986
0.054450,-0.008350,0.009038
0.051988,-0.012472,0.016998
0.049213,-0.017759,0.021851
0.046639,-0.023896,0.023324
0.044174,-0.030540,0.022078
0.041730,-0.037350,0.018775
0.039217,-0.043982,0.014076
0.036546,-0.050095,0.008643
0.033628,-0.055347,0.003137
0.030372,-0.059394,-0.001780
0.026689,-0.061894,-0.005448
0.022100,-0.064144,-0.010073
0.016704,-0.066148,-0.015658
0.010744,-0.067586,-0.021654
0.004463,-0.068142,-0.027512
-0.001896,-0.067495,-0.032684
-0.008089,-0.065327,-0.036619
-0.013872,-0.061319,-0.038769
-0.019003,-0.055154,-0.038586
-0.023239,-0.046511,-0.035519
-0.026628,-0.034960,-0.032017
-0.029109,-0.021175,-0.028274
-0.030593,-0.006108,-0.023920
-0.030991,0.009289,-0.018585
-0.030212,0.024064,-0.011900
-0.028168,0.037265,-0.003495
-0.024770,0.047940,0.006999
-0.019927,0.055137,0.019951
-0.013551,0.057905,0.035732
-0.008654,0.062241,0.047974
-0.005506,0.068619,0.056035
-0.003687,0.076130,0.060704
-0.002780,0.083865,0.062769
-0.002367,0.090916,0.063020
-0.002030,0.096374,0.062246
-0.001351,0.099331,0.061237
0.000088,0.098878,0.060779
0.002705,0.094106,0.061664
0.005155,0.088218,0.059757
0.007324,0.081924,0.054839
0.009403,0.075313,0.047672
0.011581,0.068473,0.039018
0.014051,0.061494,0.029636
0.017002,0.054464,0.020288
0.020627,0.047471,0.011735
0.025117,0.040605,0.004738
0.030661,0.033954,0.000058
0.035596,0.029052,-0.003558
0.039633,0.025980,-0.006433
0.042829,0.024457,-0.008655
0.045237,0.024201,-0.010314
0.046914,0.024929,-0.011500
0.047916,0.026360,-0.012302
0.048296,0.028212,-0.012808
0.048112,0.030203,-0.013110
0.047419,0.032052,-0.013295
0.046555,0.032628,-0.012880
0.045589,0.032086,-0.011785
0.044520,0.030898,-0.010032
0.043348,0.029535,-0.007643
0.042074,0.028471,-0.004638
0.040696,0.028178,-0.001040
0.039215,0.029129,0.003130
0.037630,0.031796,0.007851
0.035943,0.036652,0.013100
0.034283,0.040838,0.017670
0.032650,0.043708,0.021349
0.031010,0.045167,0.024171
0.029328,0.045123,0.026171
0.027569,0.043480,0.027384
0.025700,0.040147,0.027844
0.023685,0.035029,0.027588
0.021490,0.028032,0.026648
0.019082,0.019064,0.025061
0.016905,0.012528,0.023896
0.014963,0.008954,0.023212
0.013149,0.007904,0.022816
0.011353,0.008937,0.022515
0.009470,0.011615,0.022113
0.007391,0.015498,0.021419
0.005008,0.020147,0.020238
0.002214,0.025123,0.018376
-0.001099,0.029987,0.015641
-0.003960,0.034642,0.013237
-0.006145,0.038903,0.011145
-0.007620,0.042561,0.009038
-0.008349,0.045409,0.006592
-0.008296,0.047236,0.003480
-0.007426,0.047836,-0.000623
-0.005705,0.046999,-0.006044
-0.003096,0.044518,-0.013108
0.000436,0.040182,-0.022141
0.003784,0.035141,-0.031172
0.006728,0.029816,-0.039678
0.009268,0.024449,-0.047498
0.011405,0.019283,-0.054474
0.013139,0.014560,-0.060445
0.014471,0.010522,-0.065250
0.015401,0.007411,-0.068731
0.015931,0.005468,-0.070727
0.016061,0.004937,-0.071077
0.016222,0.005742,-0.071519
0.016492,0.007642,-0.072281
0.016861,0.010349,-0.073215
0.017320,0.013577,-0.074176
0.017860,0.017042,-0.075016
0.018469,0.020458,-0.075587
0.019138,0.023538,-0.075742
0.019857,0.025996,-0.075334
0.020617,0.027548,-0.074216
0.020059,0.027250,-0.070495
0.018201,0.025074,-0.063944
0.015404,0.021219,-0.054752
0.012031,0.015884,-0.043109
0.008445,0.009267,-0.029204
0.005006,0.001568,-0.013227
0.002077,-0.007015,0.004632
0.000021,-0.016283,0.024184
-0.000802,-0.026036,0.045240
-0.001944,-0.033683,0.061958
-0.003626,-0.038960,0.073813
-0.005731,-0.042184,0.081610
-0.008144,-0.043669,0.086155
-0.010751,-0.043734,0.088251
-0.013434,-0.042694,0.088704
-0.016080,-0.040865,0.088319
-0.018573,-0.038565,0.087901
-0.020798,-0.036109,0.088254
-0.021901,-0.030722,0.089041
-0.021902,-0.022821,0.089976
-0.021038,-0.013619,0.090786
-0.019545,-0.004330,0.091199
-0.017661,0.003831,0.090941
-0.015622,0.009650,0.089739
-0.013665,0.011913,0.087320
-0.012026,0.009406,0.083412
-0.010944,0.000913,0.077740
-0.011641,-0.008765,0.071728
-0.014013,-0.018285,0.065681
-0.017625,-0.027167,0.059625
-0.022041,-0.034931,0.053587
-0.026824,-0.041097,0.047593
-0.031539,-0.045185,0.041670
-0.035750,-0.046714,0.035845
-0.039021,-0.045206,0.030143
-0.040916,-0.040180,0.024591
-0.040370,-0.035374,0.018490
-0.037760,-0.031610,0.012003
-0.033824,-0.028982,0.005509
-0.029298,-0.027582,-0.000612
-0.024920,-0.027503,-0.005980
-0.021427,-0.028837,-0.010217
-0.019555,-0.031677,-0.012944
-0.020042,-0.036116,-0.013780
-0.023625,-0.042247,-0.012346
-0.029006,-0.049304,-0.010833
-0.035677,-0.056660,-0.009585
-0.043327,-0.063726,-0.008485
-0.051645,-0.069910,-0.007414
-0.060320,-0.074623,-0.006257
-0.069043,-0.077273,-0.004895
-0.077502,-0.077269,-0.003211
-0.085387,-0.074022,-0.001089
-0.092387,-0.066941,0.001590
-0.096785,-0.059125,0.005700
-0.098503,-0.051383,0.010954
-0.097874,-0.043943,0.016773
-0.095230,-0.037039,0.022578
-0.090904,-0.030900,0.027792
-0.085229,-0.025760,0.031836
-0.078536,-0.021849,0.034131
-0.071159,-0.019398,0.034098
-0.063430,-0.018640,0.031161
-0.057215,-0.017691,0.026428
-0.052706,-0.016308,0.020639
-0.049682,-0.014655,0.014442
-0.047920,-0.012897,0.008481
-0.047196,-0.011200,0.003404
-0.047286,-0.009728,-0.000143
-0.047969,-0.008646,-0.001514
-0.049020,-0.008120,-0.000062
-0.050217,-0.008314,0.004858
-0.050280,-0.008482,0.009583
-0.049273,-0.008480,0.013286
-0.047592,-0.008317,0.015850
-0.045637,-0.008003,0.017161
-0.043805,-0.007546,0.017102
-0.042495,-0.006954,0.015557
-0.042104,-0.006237,0.012412
-0.043032,-0.005403,0.007549
-0.045675,-0.004462,0.000852
-0.047422,-0.004969,-0.005048
-0.047951,-0.006716,-0.009723
-0.047514,-0.009050,-0.013296
-0.046359,-0.011321,-0.015887
-0.044739,-0.012878,-0.017619
-0.042903,-0.013069,-0.018614
-0.041102,-0.011242,-0.018993
-0.039587,-0.006747,-0.018878
-0.038608,0.001068,-0.018390
-0.037901,0.007922,-0.017949
-0.037269,0.013156,-0.017588
-0.036529,0.017017,-0.017244
-0.035502,0.019750,-0.016855
-0.034004,0.021601,-0.016357
-0.031856,0.022817,-0.015688
-0.028876,0.023643,-0.014785
-0.024882,0.024326,-0.013585
-0.019693,0.025112,-0.012025
-0.015156,0.025789,-0.010683
-0.011556,0.026305,-0.009694
-0.008789,0.026651,-0.009085
-0.006753,0.026816,-0.008878
-0.005343,0.026789,-0.009101
-0.004456,0.026562,-0.009777
-0.003989,0.026122,-0.010931
-0.003838,0.025461,-0.012589
-0.003899,0.024568,-0.014775
-0.003453,0.023505,-0.018041
-0.002494,0.022316,-0.021974
-0.001196,0.021036,-0.025920
0.000267,0.019702,-0.029224
0.001723,0.018349,-0.031234
0.002998,0.017014,-0.031295
0.003918,0.015733,-0.028753
0.004311,0.014542,-0.022954
0.004003,0.013478,-0.013245
0.004698,0.013972,-0.000183
0.006501,0.015821,0.015241
0.009118,0.018419,0.031931
0.012256,0.021158,0.048789
0.015621,0.023428,0.064718
0.018918,0.024621,0.078621
0.021855,0.024130,0.089402
0.024136,0.021346,0.095961
0.025469,0.015661,0.097204
0.027347,0.009896,0.098482
0.029931,0.004541,0.100545
0.033047,-0.000501,0.102991
0.036520,-0.005325,0.105417
0.040176,-0.010027,0.107423
0.043841,-0.014701,0.108605
0.047340,-0.019444,0.108562
0.050501,-0.024350,0.106892
0.053148,-0.029516,0.103193
0.054733,-0.033244,0.100617
0.055477,-0.035512,0.099276
0.055796,-0.036716,0.098521
0.056107,-0.037252,0.097705
0.056823,-0.037515,0.096180
0.058360,-0.037901,0.093297
0.061133,-0.038806,0.088409
0.065559,-0.040626,0.080867
0.072051,-0.043756,0.070024
0.077260,-0.046950,0.058472
0.080818,-0.049910,0.046858
0.083108,-0.052578,0.035341
0.084510,-0.054896,0.024080
0.085405,-0.056805,0.013235
0.086174,-0.058248,0.002965
0.087197,-0.059164,-0.006570
0.088856,-0.059497,-0.015212
0.091531,-0.059187,-0.022801
0.095514,-0.063250,-0.032282
0.100686,-0.071473,-0.043514
0.106827,-0.082336,-0.055583
0.113718,-0.094318,-0.067574
0.121139,-0.105901,-0.078573
0.128869,-0.115564,-0.087666
0.136689,-0.121788,-0.093940
0.144378,-0.123052,-0.096480
0.151717,-0.117837,-0.094372
0.155956,-0.109974,-0.092745
0.156929,-0.100727,-0.092287
0.155116,-0.090723,-0.092578
0.150996,-0.080585,-0.093193
0.145050,-0.070938,-0.093712
0.137757,-0.062408,-0.093712
0.129597,-0.055618,-0.092772
0.121049,-0.051194,-0.090468
0.112594,-0.049760,-0.086380
0.104206,-0.050276,-0.083288
0.095969,-0.052323,-0.081525
0.087999,-0.055641,-0.080809
0.080409,-0.059965,-0.080856
0.073314,-0.065034,-0.081386
0.066828,-0.070586,-0.082116
0.061066,-0.076358,-0.082764
0.056140,-0.082089,-0.083049
0.052166,-0.087515,-0.082688
0.048252,-0.092492,-0.082352
0.044182,-0.096887,-0.082049
0.039908,-0.100571,-0.081622
0.035384,-0.103413,-0.080915
0.030562,-0.105284,-0.079770
0.025395,-0.106055,-0.078032
0.019836,-0.105594,-0.075543
0.013838,-0.103773,-0.072147
0.007355,-0.100462,-0.067687
0.001941,-0.096028,-0.064405
-0.002359,-0.090633,-0.062481
-0.005882,-0.084390,-0.061577
-0.008962,-0.077408,-0.061358
-0.011934,-0.069799,-0.061486
-0.015135,-0.061673,-0.061626
-0.018900,-0.053143,-0.061440
-0.023563,-0.044317,-0.060593
-0.029461,-0.035309,-0.058747
-0.035453,-0.027612,-0.056189
-0.041102,-0.021480,-0.053154
-0.046151,-0.016853,-0.049864
-0.050339,-0.013672,-0.046542
-0.053407,-0.011880,-0.043408
-0.055096,-0.011417,-0.040685
-0.055146,-0.012225,-0.038595
-0.053299,-0.014246,-0.037360
-0.049294,-0.017420,-0.037203
-0.044278,-0.020963,-0.037285
-0.038695,-0.024673,-0.037451
-0.032816,-0.028488,-0.037713
-0.026911,-0.032349,-0.038084
-0.021250,-0.036197,-0.038577
-0.016103,-0.039972,-0.039204
-0.011741,-0.043615,-0.039978
-0.008433,-0.047065,-0.040912
-0.006450,-0.050264,-0.042019
-0.005069,-0.053429,-0.043524
-0.004081,-0.056479,-0.045335
-0.003406,-0.059257,-0.047284
-0.002963,-0.061606,-0.049199
-0.002673,-0.063369,-0.050912
-0.002455,-0.064389,-0.052253
-0.002229,-0.064509,-0.053052
-0.001915,-0.063571,-0.053138
-0.001432,-0.061420,-0.052344
-0.001613,-0.060565,-0.053549
-0.002346,-0.061032,-0.056765
-0.003286,-0.062228,-0.061285
-0.004090,-0.063560,-0.066403
-0.004412,-0.064436,-0.071412
-0.003907,-0.064261,-0.075606
-0.002230,-0.062443,-0.078279
0.000965,-0.058388,-0.078724
0.006021,-0.051504,-0.076234
0.011748,-0.042280,-0.073814
0.017669,-0.031614,-0.071886
0.023483,-0.020501,-0.070229
0.028891,-0.009938,-0.068619
0.033592,-0.000922,-0.066836
0.037285,0.005550,-0.064657
0.039672,0.008482,-0.061859
0.040451,0.006876,-0.058221
0.039323,-0.000263,-0.053520
0.038030,-0.007637,-0.047841
0.036841,-0.014071,-0.041423
0.035654,-0.019419,-0.034546
0.034369,-0.023537,-0.027489
0.032885,-0.026281,-0.020531
0.031102,-0.027505,-0.013952
0.028918,-0.027066,-0.008031
0.026234,-0.024817,-0.003047
0.022947,-0.020616,0.000721
0.020337,-0.018335,0.003389
0.018590,-0.018257,0.005030
0.017619,-0.019769,0.005703
0.017339,-0.022254,0.005467
0.017663,-0.025099,0.004382
0.018506,-0.027688,0.002508
0.019782,-0.029406,-0.000096
0.021403,-0.029640,-0.003371
0.023285,-0.027774,-0.007256
0.026859,-0.024588,-0.009397
0.031897,-0.020602,-0.009490
0.037758,-0.016273,-0.007743
0.043799,-0.012056,-0.004366
0.049377,-0.008406,0.000433
0.053849,-0.005780,0.006445
0.056574,-0.004633,0.013461
0.056908,-0.005422,0.021272
0.054209,-0.008601,0.029669
0.051873,-0.012409,0.036741
0.050247,-0.016262,0.041994
0.048916,-0.019870,0.045291
0.047466,-0.022944,0.046495
0.045480,-0.025193,0.045468
0.042544,-0.026328,0.042072
0.038243,-0.026058,0.036170
0.032162,-0.024095,0.027623
0.023885,-0.020147,0.016295
0.014900,-0.021785,0.004889
0.005616,-0.028788,-0.006019
-0.003828,-0.038990,-0.016387
-0.013289,-0.050225,-0.026173
-0.022629,-0.060326,-0.035332
-0.031706,-0.067126,-0.043822
-0.040381,-0.068461,-0.051602
-0.048513,-0.062162,-0.058626
-0.055960,-0.046065,-0.064854
-0.059919,-0.032525,-0.069093
-0.060605,-0.023607,-0.071178
-0.058991,-0.018799,-0.071195
-0.056049,-0.017589,-0.069234
-0.052752,-0.019467,-0.065384
-0.050072,-0.023921,-0.059731
-0.048982,-0.030441,-0.052366
-0.050455,-0.038515,-0.043377
-0.055462,-0.047633,-0.032851
-0.061551,-0.054808,-0.024553
-0.068045,-0.059657,-0.018836
-0.074712,-0.062450,-0.015204
-0.081318,-0.063456,-0.013160
-0.087630,-0.062941,-0.012205
-0.093416,-0.061175,-0.011843
-0.098443,-0.058427,-0.011577
-0.102478,-0.054964,-0.010908
-0.105289,-0.051056,-0.009341
-0.107675,-0.046807,-0.008204
-0.109753,-0.042530,-0.007641
-0.111467,-0.038590,-0.007495
-0.112761,-0.035351,-0.007611
-0.113579,-0.033177,-0.007835
-0.113866,-0.032435,-0.008012
-0.113565,-0.033487,-0.007985
-0.112621,-0.036699,-0.007600
-0.110978,-0.042435,-0.006703
-0.109166,-0.048819,-0.005737
-0.107301,-0.055261,-0.004768
-0.105399,-0.061491,-0.003766
-0.103474,-0.067239,-0.002698
-0.101540,-0.072237,-0.001536
-0.099613,-0.076214,-0.000247
-0.097705,-0.078902,0.001199
-0.095833,-0.080030,0.002832
-0.094010,-0.079330,0.004683
-0.091608,-0.077304,0.005752
-0.088634,-0.074276,0.006003
-0.085250,-0.070531,0.005643
-0.081621,-0.066351,0.004880
-0.077910,-0.062018,0.003921
-0.074282,-0.057816,0.002973
-0.070899,-0.054027,0.002242
-0.067925,-0.050933,0.001936
-0.065524,-0.048817,0.002261
-0.062433,-0.047168,0.001645
-0.058609,-0.045863,-0.000035
-0.054318,-0.044880,-0.002534
-0.049823,-0.044197,-0.005610
-0.045389,-0.043790,-0.009021
-0.041280,-0.043638,-0.012524
-0.037761,-0.043716,-0.015877
-0.035096,-0.044002,-0.018835
-0.033549,-0.044474,-0.021158
-0.032426,-0.044554,-0.023942
-0.031554,-0.044012,-0.027217
-0.030894,-0.042704,-0.030747
-0.030406,-0.040485,-0.034295
-0.030051,-0.037212,-0.037627
-0.029787,-0.032740,-0.040504
-0.029576,-0.026926,-0.042691
-0.029377,-0.019626,-0.043952
-0.029150,-0.010695,-0.044051
-0.028410,-0.000209,-0.042226
-0.027258,0.011335,-0.038546
-0.025943,0.023336,-0.033282
-0.024717,0.035192,-0.026707
-0.023827,0.046301,-0.019096
-0.023525,0.056062,-0.010721
-0.024058,0.063871,-0.001854
-0.025678,0.069129,0.007230
-0.028633,0.071232,0.016260
-0.031830,0.069969,0.023800
-0.034880,0.065593,0.029872
-0.037573,0.058470,0.034861
-0.039698,0.048969,0.039150
-0.041044,0.037458,0.043125
-0.041400,0.024306,0.047170
-0.040554,0.009878,0.051669
-0.038296,-0.005455,0.057006
-0.034414,-0.021326,0.063567
-0.030551,-0.032754,0.070494
-0.026908,-0.039634,0.077427
-0.023327,-0.043083,0.084130
-0.019648,-0.044217,0.090367
-0.015713,-0.044151,0.095899
-0.011364,-0.044002,0.100492
-0.006441,-0.044886,0.103909
-0.000786,-0.047918,0.105912
0.005761,-0.054216,0.106266
0.009134,-0.057004,0.098873
0.009169,-0.055704,0.084400
0.006678,-0.051290,0.065210
0.002471,-0.044731,0.043663
-0.002642,-0.037000,0.022120
-0.007851,-0.029069,0.002941
-0.012344,-0.021909,-0.011511
-0.015312,-0.016491,-0.018877
-0.015944,-0.013788,-0.016796
-0.013484,-0.013482,-0.010950
-0.008227,-0.015123,-0.003357
-0.000727,-0.018226,0.004881
0.008464,-0.022306,0.012664
0.018789,-0.026879,0.018890
0.029696,-0.031460,0.022458
0.040629,-0.035565,0.022267
0.051035,-0.038708,0.017215
0.060359,-0.040406,0.006202
0.066715,-0.040669,-0.006342
0.069982,-0.039826,-0.018771
0.070479,-0.038281,-0.030135
0.068528,-0.036440,-0.039485
0.064448,-0.034708,-0.045872
0.058559,-0.033491,-0.048345
0.051182,-0.033193,-0.045956
0.042637,-0.034221,-0.037754
0.033244,-0.036980,-0.022790
0.024639,-0.039116,-0.007112
0.017261,-0.040329,0.007796
0.011250,-0.040834,0.021592
0.006746,-0.040847,0.033934
0.003891,-0.040583,0.044481
0.002825,-0.040256,0.052889
0.003688,-0.040082,0.058818
0.006620,-0.040275,0.061925
0.011762,-0.041052,0.061868
0.016711,-0.042539,0.059829
0.021032,-0.044476,0.056273
0.024787,-0.046502,0.051488
0.028036,-0.048261,0.045761
0.030838,-0.049392,0.039381
0.033255,-0.049537,0.032634
0.035346,-0.048338,0.025808
0.037171,-0.045434,0.019191
0.038792,-0.040469,0.013070
0.040964,-0.035215,0.008798
0.043608,-0.030129,0.006389
0.046439,-0.025340,0.005523
0.049168,-0.020975,0.005880
0.051510,-0.017161,0.007139
0.053176,-0.014026,0.008979
0.053879,-0.011698,0.011082
0.053333,-0.010305,0.013126
0.051251,-0.009973,0.014791
0.047030,-0.008106,0.016857
0.040838,-0.004879,0.019258
0.033037,-0.001158,0.021719
0.023988,0.002187,0.023964
0.014052,0.004290,0.025717
0.003590,0.004282,0.026701
-0.007036,0.001297,0.026641
-0.017467,-0.005534,0.025260
-0.027339,-0.017079,0.022284
-0.036192,-0.028296,0.016089
-0.043999,-0.038118,0.006883
-0.050842,-0.046471,-0.004666
-0.056802,-0.053284,-0.017894
-0.061963,-0.058481,-0.032133
-0.066407,-0.061991,-0.046718
-0.070215,-0.063740,-0.060983
-0.073471,-0.063655,-0.074261
-0.076256,-0.061662,-0.085887
-0.079915,-0.058324,-0.092853
-0.084250,-0.054197,-0.095286
-0.088676,-0.049839,-0.094092
-0.092608,-0.045808,-0.090180
-0.095462,-0.042659,-0.084457
-0.096652,-0.040951,-0.077831
-0.095593,-0.041241,-0.071209
-0.091701,-0.044085,-0.065500
-0.084391,-0.050040,-0.061611
-0.075387,-0.055598,-0.057541
-0.065207,-0.060110,-0.052867
-0.054064,-0.063644,-0.047565
-0.042173,-0.066268,-0.041609
-0.029749,-0.068051,-0.034972
-0.017006,-0.069059,-0.027630
-0.004158,-0.069362,-0.019557
0.008579,-0.069028,-0.010727
0.020992,-0.068123,-0.001115
0.031831,-0.065655,0.009023
0.040896,-0.061590,0.018819
0.048248,-0.056135,0.027256
0.053949,-0.049496,0.033314
0.058062,-0.041879,0.035975
0.060647,-0.033493,0.034220
0.061767,-0.024542,0.027032
0.061483,-0.015234,0.013390
0.059857,-0.005776,-0.007723
0.058127,0.003506,-0.026478
0.056718,0.012257,-0.041224
0.055852,0.020114,-0.052354
0.055750,0.026713,-0.060261
0.056632,0.031693,-0.065336
0.058721,0.034690,-0.067974
0.062237,0.035343,-0.068566
0.067403,0.033287,-0.067505
0.074438,0.028161,-0.065184
0.081163,0.023849,-0.062880
0.087140,0.021004,-0.060839
0.092366,0.019474,-0.059049
0.096842,0.019106,-0.057502
0.100566,0.019746,-0.056185
0.103535,0.021243,-0.055089
0.105750,0.023442,-0.054202
0.107208,0.026191,-0.053513
0.107908,0.029336,-0.053013
0.109280,0.031404,-0.049157
0.111636,0.032316,-0.041769
0.115007,0.032342,-0.031514
0.119422,0.031755,-0.019059
0.124913,0.030825,-0.005070
0.131512,0.029823,0.009787
0.139248,0.029021,0.024845
0.148153,0.028689,0.039439
0.158257,0.029098,0.052903
0.164669,0.029141,0.058901
0.166980,0.028802,0.057329
0.165902,0.028340,0.049639
0.162149,0.028014,0.037286
0.156432,0.028081,0.021721
0.149464,0.028801,0.004400
0.141957,0.030433,-0.013227
0.134623,0.033233,-0.029704
0.128176,0.037462,-0.043580
0.123968,0.043347,-0.053804
0.121717,0.050705,-0.060503
0.120729,0.059254,-0.064098
0.120313,0.068707,-0.065008
0.119778,0.078782,-0.063653
0.118430,0.089193,-0.060455
0.115578,0.099656,-0.055833
0.110529,0.109887,-0.050207
0.102592,0.119602,-0.043998
0.095343,0.129040,-0.038277
0.089429,0.137970,-0.033123
0.084768,0.146044,-0.028363
0.081276,0.152911,-0.023828
0.078869,0.158224,-0.019347
0.077464,0.161632,-0.014748
0.076976,0.162787,-0.009861
0.077324,0.161340,-0.004515
0.078422,0.156941,0.001461
0.078734,0.151493,0.006251
0.078094,0.145487,0.009621
0.076681,0.139063,0.011730
0.074673,0.132360,0.012740
0.072246,0.125517,0.012810
0.069580,0.118674,0.012100
0.066851,0.111971,0.010772
0.064238,0.105546,0.008984
0.061919,0.099540,0.006899
0.059133,0.094058,0.005006
0.055895,0.088722,0.003323
0.052417,0.083029,0.001751
0.048909,0.076478,0.000190
0.045580,0.068567,-0.001459
0.042641,0.058797,-0.003296
0.040303,0.046664,-0.005421
0.038775,0.031668,-0.007933
0.038268,0.013308,-0.010932
0.037554,-0.003496,-0.011590
0.036376,-0.017885,-0.009711
0.034721,-0.030014,-0.005756
0.032574,-0.040040,-0.000186
0.029923,-0.048118,0.006537
0.026752,-0.054405,0.013952
0.023049,-0.059056,0.021596
0.018799,-0.062229,0.029009
0.013989,-0.064078,0.035730
0.007916,-0.066941,0.038806
0.000733,-0.070683,0.038562
-0.007195,-0.074550,0.036141
-0.015502,-0.077789,0.032688
-0.023821,-0.079647,0.029344
-0.031787,-0.079372,0.027253
-0.039033,-0.076209,0.027559
-0.045193,-0.069407,0.031403
-0.049902,-0.058211,0.039931
-0.052050,-0.048347,0.047042
-0.051721,-0.040849,0.051599
-0.049297,-0.035582,0.053703
-0.045160,-0.032408,0.053458
-0.039690,-0.031190,0.050965
-0.033270,-0.031791,0.046326
-0.026281,-0.034075,0.039645
-0.019105,-0.037905,0.031023
-0.012124,-0.043145,0.020562
-0.006033,-0.045090,0.010737
-0.000698,-0.043062,0.002127
0.004222,-0.037389,-0.005163
0.009067,-0.028399,-0.011024
0.014178,-0.016419,-0.015353
0.019897,-0.001777,-0.018042
0.026564,0.015199,-0.018985
0.034520,0.034183,-0.018077
0.044106,0.054845,-0.015211
0.053875,0.074081,-0.011861
0.063234,0.090916,-0.008339
0.071802,0.104911,-0.004668
0.079200,0.115626,-0.000870
0.085047,0.122620,0.003031
0.088964,0.125453,0.007013
0.090570,0.123686,0.011053
0.089486,0.116879,0.015129
0.085331,0.104591,0.019217
0.080261,0.092774,0.022703
0.074976,0.082395,0.025355
0.069814,0.073180,0.027035
0.065111,0.064850,0.027607
0.061205,0.057130,0.026934
0.058431,0.049743,0.024880
0.057128,0.042412,0.021308
0.057633,0.034861,0.016082
0.060281,0.026813,0.009065
0.063409,0.018985,0.002036
0.066476,0.011658,-0.004488
0.069223,0.005005,-0.010310
0.071388,-0.000800,-0.015232
0.072714,-0.005585,-0.019057
0.072938,-0.009178,-0.021585
0.071803,-0.011405,-0.022619
0.069049,-0.012093,-0.021961
0.064414,-0.011070,-0.019412
0.059570,-0.011249,-0.015292
0.054868,-0.013173,-0.009893
0.050327,-0.016795,-0.003499
0.045967,-0.022066,0.003602
0.041810,-0.028938,0.011127
0.037875,-0.037364,0.018790
0.034182,-0.047294,0.026305
0.030752,-0.058682,0.033387
0.027605,-0.071479,0.039751
0.024249,-0.080412,0.045982
0.020815,-0.085185,0.051567
0.017591,-0.086747,0.055713
0.014867,-0.086046,0.057632
0.012928,-0.084029,0.056533
0.012065,-0.081646,0.051624
0.012564,-0.079845,0.042117
0.014715,-0.079572,0.027220
0.018804,-0.081778,0.006143
0.022224,-0.085559,-0.011991
0.024446,-0.090211,-0.025711
0.025462,-0.095074,-0.035456
0.025264,-0.099494,-0.041666
0.023844,-0.102811,-0.044782
0.021194,-0.104369,-0.045243
0.017306,-0.103511,-0.043490
0.012172,-0.099579,-0.039962
0.005784,-0.091917,-0.035101
-0.001289,-0.085687,-0.027859
-0.008573,-0.081424,-0.018317
-0.015619,-0.078504,-0.006834
-0.021980,-0.076305,0.006231
-0.027207,-0.074203,0.020518
-0.030852,-0.071575,0.035668
-0.032466,-0.067798,0.051320
-0.031601,-0.062249,0.067115
-0.027808,-0.054304,0.082694
-0.023838,-0.047924,0.095572
-0.020291,-0.043692,0.105454
-0.017232,-0.041352,0.112590
-0.014722,-0.040646,0.117230
-0.012827,-0.041314,0.119625
-0.011609,-0.043098,0.120026
-0.011132,-0.045741,0.118683
-0.011460,-0.048985,0.115848
-0.012656,-0.052570,0.111770
-0.013997,-0.054102,0.107684
-0.015322,-0.053312,0.104016
-0.016611,-0.050467,0.100992
-0.017843,-0.045829,0.098834
-0.018999,-0.039666,0.097768
-0.020057,-0.032240,0.098017
-0.020997,-0.023818,0.099806
-0.021800,-0.014664,0.103359
-0.022444,-0.005043,0.108900
-0.022481,0.000619,0.113019
-0.021798,0.001963,0.115287
-0.020363,-0.000352,0.116027
-0.018145,-0.005668,0.115557
-0.015114,-0.013327,0.114198
-0.011239,-0.022669,0.112269
-0.006489,-0.033037,0.110091
-0.000833,-0.043772,0.107983
0.005761,-0.054216,0.106266
0.010478,-0.060199,0.099095
0.013141,-0.061525,0.086418
0.014225,-0.058988,0.069632
0.014209,-0.053383,0.050135
0.013571,-0.045504,0.029324
0.012789,-0.036148,0.008597
0.012340,-0.026108,-0.010649
0.012701,-0.016180,-0.027018
0.014352,-0.007159,-0.039111
0.015849,0.001776,-0.047994
0.017182,0.010487,-0.054080
0.018697,0.018593,-0.057618
0.020743,0.025715,-0.058855
0.023666,0.031474,-0.058041
0.027813,0.035490,-0.055425
0.033531,0.037384,-0.051255
0.041167,0.036776,-0.045780
0.051068,0.033286,-0.039249
0.059712,0.029365,-0.035162
0.066533,0.025609,-0.033742
0.071706,0.022150,-0.034393
0.075404,0.019121,-0.036517
0.077802,0.016655,-0.039519
0.079073,0.014884,-0.042801
0.079392,0.013940,-0.045767
0.078932,0.013957,-0.047821
0.077868,0.015067,-0.048364
0.076560,0.015375,-0.047725
0.075033,0.014786,-0.046013
0.073224,0.013658,-0.043282
0.071072,0.012346,-0.039587
0.068514,0.011206,-0.034983
0.065488,0.010595,-0.029526
0.061933,0.010868,-0.023269
0.057787,0.012382,-0.016268
0.052987,0.015493,-0.008578
0.048881,0.016935,-0.001969
0.045541,0.016070,0.003130
0.042725,0.012918,0.006629
0.040189,0.007497,0.008437
0.037689,-0.000172,0.008460
0.034981,-0.010071,0.006609
0.031822,-0.022180,0.002792
0.027967,-0.036480,-0.003083
0.023174,-0.052953,-0.011108
0.017645,-0.066026,-0.017676
0.011597,-0.074783,-0.022194
0.005246,-0.079466,-0.024823
-0.001189,-0.080319,-0.025723
-0.007491,-0.077588,-0.025054
-0.013443,-0.071515,-0.022977
-0.018825,-0.062345,-0.019651
-0.023422,-0.050322,-0.015236
-0.027014,-0.035690,-0.009893
-0.029030,-0.020507,-0.005579
-0.029521,-0.005804,-0.002979
-0.028696,0.007648,-0.002463
-0.026761,0.019075,-0.004400
-0.023924,0.027706,-0.009160
-0.020393,0.032768,-0.017111
-0.016375,0.033489,-0.028623
-0.012077,0.029096,-0.044065
-0.007707,0.018817,-0.063807
-0.003903,0.008220,-0.081347
-0.000672,-0.001574,-0.095229
0.002141,-0.010556,-0.105261
0.004689,-0.018716,-0.111247
0.007125,-0.026044,-0.112993
0.009604,-0.032531,-0.110304
0.012277,-0.038168,-0.102987
0.015299,-0.042945,-0.090848
0.018824,-0.046852,-0.073691
0.024326,-0.049394,-0.060360
0.031529,-0.050669,-0.051963
0.039720,-0.050922,-0.047678
0.048185,-0.050400,-0.046682
0.056208,-0.049348,-0.048151
0.063077,-0.048012,-0.051262
0.068076,-0.046637,-0.055191
0.070493,-0.045471,-0.059116
0.069612,-0.044759,-0.062213
0.066192,-0.044294,-0.061447
0.060944,-0.043895,-0.056697
0.054568,-0.043382,-0.048570
0.047762,-0.042579,-0.037673
0.041226,-0.041307,-0.024615
0.035658,-0.039388,-0.010002
0.031759,-0.036644,0.005557
0.030227,-0.032898,0.021457
0.031761,-0.027971,0.037088
0.035041,-0.021405,0.055846
0.039496,-0.013476,0.077305
0.044741,-0.004643,0.100081
0.050394,0.004633,0.122792
0.056070,0.013892,0.144055
0.061385,0.022675,0.162487
0.065956,0.030522,0.176706
0.069400,0.036973,0.185329
0.071331,0.041568,0.186973
0.070835,0.043052,0.185710
0.068270,0.041646,0.182570
0.064308,0.037944,0.177815
0.059624,0.032539,0.171713
0.054892,0.026023,0.164529
0.050787,0.018988,0.156528
0.047983,0.012029,0.147976
0.047154,0.005736,0.139138
0.048974,0.000703,0.130279
0.051250,-0.002102,0.122173
0.053423,-0.002767,0.114972
0.055339,-0.001645,0.108677
0.056847,0.000913,0.103287
0.057796,0.004554,0.098802
0.058032,0.008928,0.095222
0.057404,0.013681,0.092546
0.055760,0.018463,0.090775
0.052948,0.022920,0.089907
0.051165,0.026518,0.090229
0.050685,0.029305,0.091398
0.051304,0.031478,0.092910
0.052816,0.033233,0.094262
0.055016,0.034766,0.094951
0.057699,0.036272,0.094476
0.060659,0.037947,0.092332
0.063690,0.039989,0.088018
0.066588,0.042591,0.081031
0.069398,0.045447,0.074610
0.072064,0.048361,0.069342
0.074507,0.051167,0.065146
0.076647,0.053697,0.061942
0.078403,0.055786,0.059651
0.079697,0.057267,0.058193
0.080448,0.057974,0.057489
0.080575,0.057740,0.057459
0.080001,0.056399,0.058023
0.079058,0.053078,0.058017
0.077994,0.048104,0.057127
0.077033,0.042100,0.055251
0.076397,0.035692,0.052286
0.076310,0.029504,0.048129
0.076998,0.024161,0.042679
0.078682,0.020287,0.035833
0.081587,0.018507,0.027490
0.085937,0.019445,0.017546
0.091681,0.020846,0.007839
0.098344,0.022273,-0.000844
0.105343,0.023740,-0.007976
0.112096,0.025263,-0.013033
0.118020,0.026858,-0.015488
0.122534,0.028540,-0.014818
0.125054,0.030325,-0.010496
0.124999,0.032229,-0.001997
0.121785,0.034267,0.011204
0.120106,0.036599,0.021935
0.120034,0.039069,0.029295
0.120480,0.041440,0.033954
0.120360,0.043477,0.036580
0.118587,0.044941,0.037842
0.114074,0.045598,0.038407
0.105736,0.045210,0.038945
0.092487,0.043541,0.040125
0.073240,0.040355,0.042614
0.053861,0.042568,0.043144
0.035798,0.049991,0.041353
0.019395,0.060657,0.037606
0.004997,0.072601,0.032267
-0.007054,0.083857,0.025701
-0.016412,0.092459,0.018273
-0.022735,0.096441,0.010347
-0.025677,0.093838,0.002288
-0.024896,0.082684,-0.005539
-0.021751,0.072500,-0.012691
-0.017028,0.064322,-0.019140
-0.011372,0.057070,-0.024963
-0.005424,0.049660,-0.030235
0.000171,0.041010,-0.035033
0.004772,0.030037,-0.039434
0.007735,0.015657,-0.043513
0.008417,-0.003211,-0.047347
0.006174,-0.027650,-0.051011
0.003910,-0.050824,-0.054117
0.002193,-0.071227,-0.056475
0.001008,-0.088689,-0.057949
0.000341,-0.103040,-0.058400
0.000178,-0.114108,-0.057691
0.000504,-0.121722,-0.055685
0.001303,-0.125712,-0.052244
0.002563,-0.125907,-0.047231
0.004269,-0.122135,-0.040508
0.005544,-0.116703,-0.035474
0.006313,-0.110020,-0.032518
0.006698,-0.102018,-0.031271
0.006823,-0.092632,-0.031368
0.006810,-0.081796,-0.032442
0.006783,-0.069445,-0.034127
0.006864,-0.055511,-0.036056
0.007177,-0.039930,-0.037864
0.007844,-0.022635,-0.039183
0.007143,-0.005736,-0.038522
0.004955,0.010140,-0.035813
0.001557,0.024739,-0.031346
-0.002772,0.037805,-0.025407
-0.007754,0.049084,-0.018286
-0.013110,0.058321,-0.010270
-0.018560,0.065261,-0.001649
-0.023828,0.069650,0.007291
-0.028633,0.071232,0.016260
-0.032536,0.068569,0.024760
-0.035463,0.062250,0.032578
-0.037437,0.053370,0.039570
-0.038475,0.043023,0.045592
-0.038600,0.032306,0.050502
-0.037830,0.022314,0.054155
-0.036186,0.014142,0.056408
-0.033688,0.008884,0.057117
-0.030356,0.007637,0.056140
-0.027528,0.006063,0.053324
-0.025499,0.003330,0.049068
-0.024303,-0.000519,0.043908
-0.023975,-0.005438,0.038380
-0.024551,-0.011385,0.033021
-0.026064,-0.018315,0.028368
-0.028551,-0.026184,0.024956
-0.032045,-0.034947,0.023323
-0.036582,-0.044562,0.024004
-0.040211,-0.049781,0.025073
-0.042661,-0.050548,0.026010
-0.044079,-0.048102,0.026648
-0.044614,-0.043684,0.026818
-0.044412,-0.038534,0.026354
-0.043622,-0.033892,0.025085
-0.042391,-0.030997,0.022846
-0.040866,-0.031091,0.019468
-0.039196,-0.035412,0.014782
-0.036416,-0.042479,0.009063
-0.032540,-0.051385,0.002992
-0.027828,-0.061367,-0.002649
-0.022538,-0.071661,-0.007078
-0.016928,-0.081506,-0.009512
-0.011258,-0.090137,-0.009168
-0.005786,-0.096791,-0.005264
-0.000772,-0.100707,0.002983
0.003526,-0.101119,0.016355
0.008093,-0.101710,0.027391
0.013046,-0.103102,0.034862
0.018288,-0.105153,0.039097
0.023718,-0.107721,0.040425
0.029240,-0.110667,0.039175
0.034755,-0.113847,0.035675
0.040164,-0.117122,0.030255
0.045368,-0.120348,0.023244
0.050270,-0.123386,0.014969
0.052741,-0.124663,0.008121
0.052484,-0.124182,0.003197
0.049658,-0.122342,0.000147
0.044425,-0.119537,-0.001078
0.036942,-0.116166,-0.000527
0.027371,-0.112624,0.001750
0.015870,-0.109310,0.005703
0.002601,-0.106618,0.011283
-0.012279,-0.104947,0.018441
-0.026615,-0.102840,0.027228
-0.039941,-0.100087,0.036936
-0.052213,-0.096786,0.046670
-0.063384,-0.093038,0.055531
-0.073409,-0.088942,0.062623
-0.082244,-0.084600,0.067048
-0.089843,-0.080110,0.067909
-0.096161,-0.075574,0.064310
-0.101153,-0.071090,0.055352
-0.103717,-0.068637,0.044729
-0.103973,-0.068032,0.033525
-0.102345,-0.068555,0.022171
-0.099254,-0.069485,0.011096
-0.095124,-0.070099,0.000732
-0.090378,-0.069676,-0.008491
-0.085439,-0.067496,-0.016142
-0.080731,-0.062836,-0.021790
-0.076676,-0.054976,-0.025004
-0.074354,-0.047537,-0.027488
-0.073510,-0.041212,-0.029624
-0.073551,-0.035959,-0.031471
-0.073888,-0.031734,-0.033083
-0.073931,-0.028496,-0.034518
-0.073088,-0.026204,-0.035830
-0.070770,-0.024814,-0.037077
-0.066386,-0.024286,-0.038314
-0.059345,-0.024576,-0.039598
-0.052396,-0.025013,-0.041848
-0.046259,-0.025396,-0.044889
-0.041143,-0.025640,-0.048276
-0.037257,-0.025662,-0.051561
-0.034812,-0.025377,-0.054297
-0.034019,-0.024701,-0.056036
-0.035086,-0.023550,-0.056333
-0.038225,-0.021841,-0.054739
-0.043645,-0.019488,-0.050809
-0.048942,-0.015228,-0.046155
-0.053410,-0.009749,-0.041487
-0.056770,-0.004228,-0.037289
-0.058740,0.000157,-0.034043
-0.059040,0.002230,-0.032233
-0.057389,0.000812,-0.032341
-0.053507,-0.005272,-0.034850
-0.047113,-0.017202,-0.040244
-0.037928,-0.036153,-0.049006
-0.028489,-0.051796,-0.058666
-0.019517,-0.062792,-0.068454
-0.011279,-0.070049,-0.078025
-0.004038,-0.074475,-0.087033
0.001940,-0.076979,-0.095135
0.006390,-0.078468,-0.101983
0.009046,-0.079852,-0.107234
0.009644,-0.082039,-0.110543
0.007917,-0.085936,-0.111563
0.006386,-0.086882,-0.110872
0.005135,-0.084515,-0.108875
0.003643,-0.079547,-0.105933
0.001386,-0.072689,-0.102406
-0.002158,-0.064655,-0.098657
-0.007511,-0.056157,-0.095046
-0.015197,-0.047906,-0.091934
-0.025738,-0.040615,-0.089683
-0.039657,-0.034996,-0.088654
-0.051364,-0.029785,-0.088192
-0.060102,-0.024671,-0.088106
-0.066327,-0.019583,-0.088321
-0.070492,-0.014450,-0.088761
-0.073052,-0.009200,-0.089349
-0.074459,-0.003762,-0.090012
-0.075169,0.001936,-0.090672
-0.075636,0.007965,-0.091255
-0.076312,0.014397,-0.091685
-0.077090,0.019228,-0.091346
-0.077899,0.022386,-0.090257
-0.078675,0.024279,-0.088596
-0.079357,0.025316,-0.086540
-0.079881,0.025907,-0.084266
-0.080186,0.026461,-0.081952
-0.080208,0.027387,-0.079775
-0.079886,0.029095,-0.077912
-0.079156,0.031993,-0.076540
-0.078746,0.033604,-0.075753
-0.078709,0.033787,-0.075463
-0.078928,0.032980,-0.075543
-0.079288,0.031623,-0.075864
-0.079673,0.030156,-0.076294
-0.079968,0.029020,-0.076707
-0.080058,0.028654,-0.076971
-0.079826,0.029498,-0.076959
-0.079156,0.031993,-0.076540
-0.078246,0.034753,-0.075981
-0.077159,0.037437,-0.075383
-0.075924,0.039965,-0.074805
-0.074574,0.042256,-0.074310
-0.073139,0.044228,-0.073957
-0.071649,0.045802,-0.073806
-0.070135,0.046896,-0.073919
-0.068628,0.047430,-0.074355
-0.067158,0.047322,-0.075176
-0.064244,0.046940,-0.077063
-0.059786,0.046520,-0.079858
-0.054030,0.046268,-0.083193
-0.047222,0.046390,-0.086698
-0.039610,0.047089,-0.090005
-0.031438,0.048573,-0.092745
-0.022953,0.051045,-0.094550
-0.014401,0.054711,-0.095050
-0.006028,0.059777,-0.093876
0.001344,0.064491,-0.090800
0.007525,0.068225,-0.086207
0.012482,0.070634,-0.080635
0.016181,0.071372,-0.074624
0.018590,0.070093,-0.068711
0.019677,0.066450,-0.063436
0.019407,0.060099,-0.059338
0.017749,0.050692,-0.056956
0.014669,0.037883,-0.056827
0.011603,0.021002,-0.058734
0.008898,0.001014,-0.062038
0.006627,-0.020703,-0.065999
0.004864,-0.042774,-0.069876
0.003680,-0.063821,-0.072926
0.003151,-0.082468,-0.074410
0.003349,-0.097339,-0.073587
0.004347,-0.107057,-0.069714
0.006218,-0.110245,-0.062051
0.008943,-0.112848,-0.053844
0.012192,-0.115764,-0.046260
0.015562,-0.118631,-0.039946
0.018647,-0.121083,-0.035549
0.021044,-0.122759,-0.033715
0.022346,-0.123294,-0.035092
0.022150,-0.122325,-0.040327
0.020051,-0.119488,-0.050067
0.015643,-0.114420,-0.064959
0.010026,-0.108037,-0.075135
0.003875,-0.100376,-0.079567
-0.002239,-0.091252,-0.079433
-0.007747,-0.080483,-0.075911
-0.012079,-0.067884,-0.070182
-0.014664,-0.053273,-0.063423
-0.014933,-0.036465,-0.056814
-0.012315,-0.017276,-0.051533
-0.006239,0.004476,-0.048760
-0.000221,0.025928,-0.045674
0.005101,0.045901,-0.041618
0.009807,0.063636,-0.036475
0.013975,0.078374,-0.030127
0.017685,0.089358,-0.022456
0.021017,0.095829,-0.013347
0.024049,0.097028,-0.002680
0.026862,0.092197,0.009660
0.029535,0.080577,0.023792
0.031566,0.068160,0.038290
0.033011,0.056226,0.052556
0.034063,0.044878,0.066197
0.034918,0.034217,0.078822
0.035768,0.024348,0.090038
0.036810,0.015371,0.099454
0.038237,0.007389,0.106677
0.040243,0.000506,0.111316
0.043022,-0.005177,0.112979
0.047163,-0.010272,0.111215
0.052404,-0.014976,0.105977
0.058269,-0.019381,0.097316
0.064284,-0.023581,0.085285
0.069976,-0.027667,0.069937
0.074868,-0.031735,0.051324
0.078487,-0.035875,0.029497
0.080359,-0.040181,0.004511
0.080008,-0.044745,-0.023584
0.080503,-0.041549,-0.049676
0.082178,-0.030869,-0.072418
0.084685,-0.015058,-0.091404
0.087675,0.003531,-0.106227
0.090800,0.022547,-0.116482
0.093712,0.039637,-0.121762
0.096063,0.052448,-0.121660
0.097503,0.058629,-0.115771
0.097685,0.055827,-0.103688
0.100273,0.051372,-0.090708
0.105201,0.046892,-0.078647
0.111468,0.042592,-0.068452
0.118073,0.038679,-0.061070
0.124015,0.035356,-0.057448
0.128294,0.032828,-0.058534
0.129909,0.031301,-0.065274
0.127859,0.030979,-0.078615
0.121145,0.032068,-0.099505
0.113331,0.030981,-0.117499
0.105240,0.027635,-0.130869
0.097009,0.022818,-0.140065
0.088776,0.017320,-0.145538
0.080678,0.011931,-0.147737
0.072851,0.007441,-0.147113
0.065433,0.004638,-0.144116
0.058561,0.004313,-0.139196
0.052373,0.007256,-0.132803
0.047319,0.008240,-0.123962
0.043303,0.006553,-0.112889
0.040092,0.002613,-0.100097
0.037452,-0.003165,-0.086099
0.035148,-0.010364,-0.071408
0.032948,-0.018567,-0.056537
0.030616,-0.027357,-0.042001
0.027921,-0.036319,-0.028311
0.024626,-0.045035,-0.015982
0.022244,-0.052481,-0.005004
0.020930,-0.058486,0.004627
0.020501,-0.063091,0.012911
0.020775,-0.066340,0.019853
0.021569,-0.068275,0.025453
0.022700,-0.068937,0.029714
0.023985,-0.068370,0.032639
0.025243,-0.066615,0.034229
0.026289,-0.063716,0.034487
0.030931,-0.060452,0.036244
0.039103,-0.056987,0.039542
0.049772,-0.053328,0.043722
0.061903,-0.049485,0.048130
0.074463,-0.045466,0.052107
0.086417,-0.041279,0.054996
0.096732,-0.036931,0.056141
0.104374,-0.032432,0.054885
0.108308,-0.027789,0.050572
0.110666,-0.023362,0.045921
0.111981,-0.019287,0.040898
0.112382,-0.015648,0.034776
0.112003,-0.012527,0.026831
0.110974,-0.010007,0.016335
0.109428,-0.008171,0.002563
0.107496,-0.007102,-0.015209
0.105310,-0.006881,-0.037709
0.103001,-0.007593,-0.065661
0.097218,-0.011261,-0.091909
0.088252,-0.017459,-0.114768
0.077307,-0.025149,-0.133926
0.065587,-0.033295,-0.149067
0.054297,-0.040859,-0.159878
0.044639,-0.046802,-0.166046
0.037818,-0.050089,-0.167255
0.035037,-0.049680,-0.163192
0.037500,-0.044539,-0.153544
0.043075,-0.040526,-0.143522
0.051091,-0.038567,-0.134032
0.061242,-0.038357,-0.124900
0.073221,-0.039591,-0.115953
0.086723,-0.041962,-0.107018
0.101442,-0.045165,-0.097923
0.117072,-0.048893,-0.088495
0.133307,-0.052843,-0.078559
0.149841,-0.056706,-0.067944
0.163880,-0.057475,-0.060882
0.174988,-0.054754,-0.057653
0.183319,-0.048804,-0.057547
0.189026,-0.039885,-0.059855
0.192262,-0.028256,-0.063868
0.193180,-0.014177,-0.068877
0.191934,0.002091,-0.074174
0.188678,0.020289,-0.079047
0.183564,0.040157,-0.082789
0.179419,0.054564,-0.085936
0.176481,0.062916,-0.088418
0.174343,0.066253,-0.090015
0.172596,0.065618,-0.090509
0.170834,0.062050,-0.089679
0.168648,0.056591,-0.087305
0.165630,0.050281,-0.083168
0.161372,0.044161,-0.077049
0.155466,0.039273,-0.068726
0.149229,0.035916,-0.061613
0.143037,0.033814,-0.056234
0.137032,0.032545,-0.052389
0.131358,0.031688,-0.049879
0.126156,0.030820,-0.048504
0.121570,0.029519,-0.048066
0.117742,0.027365,-0.048366
0.114814,0.023934,-0.049204
0.112930,0.018805,-0.050380
0.113404,0.010311,-0.046946
0.115928,-0.000930,-0.039067
0.119790,-0.013727,-0.028187
0.124274,-0.026890,-0.015750
0.128668,-0.039228,-0.003200
0.132259,-0.049552,0.008017
0.134332,-0.056672,0.016459
0.134174,-0.059396,0.020681
0.131072,-0.056534,0.019239
0.128306,-0.052023,0.017554
0.126440,-0.046767,0.016520
0.125356,-0.040917,0.015900
0.124940,-0.034621,0.015456
0.125074,-0.028029,0.014949
0.125643,-0.021291,0.014144
0.126530,-0.014555,0.012800
0.127619,-0.007972,0.010682
0.128793,-0.001689,0.007551
0.128733,0.003421,0.005012
0.127416,0.007385,0.003296
0.125145,0.010450,0.002292
0.122220,0.012864,0.001887
0.118945,0.014877,0.001969
0.115622,0.016736,0.002425
0.112552,0.018690,0.003143
0.110039,0.020988,0.004012
0.108383,0.023877,0.004917
0.106720,0.026194,0.005423
0.104931,0.027762,0.005503
0.103090,0.028650,0.005238
0.101265,0.028927,0.004705
0.099529,0.028662,0.003983
0.097953,0.027925,0.003151
0.096607,0.026784,0.002288
0.095562,0.025310,0.001472
0.094890,0.023571,0.000782
0.094495,0.022076,0.000256
0.094298,0.020881,-0.000137
0.094229,0.019926,-0.000444
0.094215,0.019154,-0.000711
0.094184,0.018504,-0.000986
0.094064,0.017918,-0.001316
0.093782,0.017339,-0.001747
0.093267,0.016706,-0.002327
0.092445,0.015962,-0.003103
0.091834,0.014935,-0.003706
0.091466,0.013701,-0.004112
0.091252,0.012400,-0.004378
0.091107,0.011170,-0.004564
0.090941,0.010150,-0.004729
0.090667,0.009477,-0.004931
0.090197,0.009292,-0.005231
0.089443,0.009732,-0.005686
0.088319,0.010935,-0.006356
0.087391,0.011363,-0.007106
0.086717,0.010912,-0.007886
0.086230,0.009840,-0.008665
0.085860,0.008403,-0.009414
0.085537,0.006858,-0.010105
0.085194,0.005463,-0.010707
0.084761,0.004473,-0.011190
0.084170,0.004146,-0.011526
0.083351,0.004740,-0.011684
0.082447,0.004171,-0.011465
0.081509,0.002356,-0.010946
0.080561,-0.000293,-0.010272
0.079630,-0.003363,-0.009592
0.078742,-0.006439,-0.009051
0.077922,-0.009109,-0.008796
0.077197,-0.010959,-0.008973
0.076592,-0.011575,-0.009730
0.076133,-0.010545,-0.011213
0.075430,-0.008498,-0.012828
0.074477,-0.005724,-0.014390
0.073361,-0.002429,-0.015814
0.072172,0.001183,-0.017015
0.070999,0.004907,-0.017908
0.069930,0.008538,-0.018409
0.069054,0.011871,-0.018433
0.068461,0.014701,-0.017895
0.068239,0.016824,-0.016712
0.067597,0.017784,-0.015301
0.066475,0.017667,-0.013791
0.064996,0.016692,-0.012234
0.063285,0.015079,-0.010684
0.061464,0.013047,-0.009194
0.059656,0.010817,-0.007819
0.057985,0.008609,-0.006613
0.056575,0.006642,-0.005628
0.055548,0.005135,-0.004918
0.054608,0.003802,-0.004965
0.053720,0.002603,-0.005697
0.052916,0.001564,-0.006902
0.052228,0.000710,-0.008371
0.051686,0.000066,-0.009893
0.051323,-0.000343,-0.011256
0.051171,-0.000491,-0.012250
0.051260,-0.000355,-0.012665
0.051622,0.000092,-0.012289
0.051291,0.000626,-0.012054
0.050202,0.001144,-0.012090
0.048515,0.001570,-0.012329
0.046393,0.001830,-0.012701
0.043997,0.001847,-0.013137
0.041486,0.001548,-0.013569
0.039022,0.000856,-0.013927
0.036767,-0.000303,-0.014141
0.034881,-0.002005,-0.014144
0.033298,-0.003722,-0.014477
0.031958,-0.005298,-0.015154
0.030801,-0.006671,-0.016055
0.029768,-0.007778,-0.017064
0.028801,-0.008556,-0.018060
0.027840,-0.008942,-0.018925
0.026827,-0.008874,-0.019541
0.025701,-0.008289,-0.019789
0.024405,-0.007125,-0.019550
0.023676,-0.006467,-0.019421
0.023525,-0.006392,-0.019473
0.023783,-0.006719,-0.019641
0.024280,-0.007270,-0.019862
0.024847,-0.007866,-0.020073
0.025312,-0.008328,-0.020210
0.025507,-0.008478,-0.020211
0.025261,-0.008137,-0.020012
0.024405,-0.007125,-0.019550
0.023931,-0.006563,-0.019292
0.023920,-0.006540,-0.019272
0.024225,-0.006884,-0.019417
0.024697,-0.007426,-0.019651
0.025189,-0.007994,-0.019899
0.025554,-0.008419,-0.020088
0.025643,-0.008529,-0.020142
0.025309,-0.008155,-0.019988
0.024405,-0.007125,-0.019550
0.024097,-0.006158,-0.018858
0.024457,-0.005389,-0.018024
0.025285,-0.004801,-0.017180
0.026379,-0.004383,-0.016456
0.027539,-0.004120,-0.015986
0.028564,-0.003999,-0.015899
0.029252,-0.004005,-0.016329
0.029403,-0.004125,-0.017407
0.028816,-0.004345,-0.019264
0.027840,-0.004945,-0.020811
0.026601,-0.005844,-0.021885
0.025172,-0.006872,-0.022555
0.023621,-0.007859,-0.022890
0.022020,-0.008633,-0.022958
0.020439,-0.009025,-0.022829
0.018949,-0.008864,-0.022571
0.017620,-0.007979,-0.022252
0.016523,-0.006201,-0.021943
0.015562,-0.004240,-0.022130
0.014733,-0.002329,-0.022791
0.014053,-0.000583,-0.023778
0.013541,0.000885,-0.024942
0.013215,0.001960,-0.026132
0.013094,0.002529,-0.027200
0.013196,0.002477,-0.027997
0.013538,0.001691,-0.028372
0.014140,0.000057,-0.028177
0.014760,-0.000579,-0.027864
0.015361,-0.000110,-0.027533
0.015957,0.001139,-0.027192
0.016563,0.002838,-0.026853
0.017192,0.004662,-0.026526
0.017859,0.006283,-0.026221
0.018578,0.007374,-0.025949
0.019363,0.007607,-0.025720
0.020228,0.006656,-0.025545
0.021315,0.004883,-0.025398
0.022582,0.002566,-0.025246
0.023941,-0.000037,-0.025053
0.025306,-0.002670,-0.024785
0.026587,-0.005076,-0.024404
0.027699,-0.006998,-0.023876
0.028553,-0.008178,-0.023165
0.029063,-0.008360,-0.022236
0.029140,-0.007288,-0.021053
0.029108,-0.006608,-0.020221
0.029013,-0.006509,-0.019784
0.028827,-0.006812,-0.019644
0.028527,-0.007341,-0.019702
0.028086,-0.007915,-0.019862
0.027479,-0.008359,-0.020024
0.026680,-0.008494,-0.020091
0.025664,-0.008142,-0.019966
0.024405,-0.007125,-0.019550
0.023378,-0.005696,-0.019007
0.022624,-0.004024,-0.018393
0.022074,-0.002254,-0.017733
0.021658,-0.000531,-0.017053
0.021309,0.000998,-0.016380
0.020957,0.002188,-0.015739
0.020533,0.002893,-0.015157
0.019970,0.002967,-0.014661
0.019198,0.002265,-0.014275
0.018149,0.001251,-0.014288
0.016878,0.000066,-0.014673
0.015470,-0.001230,-0.015327
0.014010,-0.002580,-0.016145
0.012583,-0.003923,-0.017023
0.011275,-0.005201,-0.017859
0.010171,-0.006355,-0.018547
0.009357,-0.007327,-0.018983
0.008917,-0.008056,-0.019065
0.009134,-0.008792,-0.019253
0.009921,-0.009509,-0.019598
0.011101,-0.010115,-0.020046
0.012498,-0.010517,-0.020544
0.013934,-0.010621,-0.021041
0.015231,-0.010335,-0.021481
0.016214,-0.009565,-0.021814
0.016703,-0.008218,-0.021985
0.016523,-0.006201,-0.021943
0.016974,-0.005071,-0.022031
0.018148,-0.004912,-0.022256
0.019838,-0.005443,-0.022539
0.021835,-0.006380,-0.022802
0.023931,-0.007442,-0.022966
0.025918,-0.008347,-0.022951
0.027587,-0.008811,-0.022680
0.028730,-0.008552,-0.022074
0.029140,-0.007288,-0.021053
0.028931,-0.006153,-0.020130
0.028211,-0.005398,-0.019400
0.027086,-0.005055,-0.018857
0.025660,-0.005153,-0.018492
0.024038,-0.005723,-0.018297
0.022324,-0.006796,-0.018264
0.020624,-0.008403,-0.018386
0.019043,-0.010573,-0.018654
0.017684,-0.013338,-0.019060
0.017039,-0.015498,-0.019502
0.017069,-0.016868,-0.019961
0.017606,-0.017513,-0.020439
0.018481,-0.017499,-0.020936
0.019524,-0.016892,-0.021456
0.020567,-0.015759,-0.021999
0.021440,-0.014166,-0.022568
0.021975,-0.012179,-0.023165
0.022003,-0.009864,-0.023790
0.022135,-0.008224,-0.024392
0.022455,-0.007363,-0.024928
0.022913,-0.007164,-0.025360
0.023458,-0.007508,-0.025650
0.024041,-0.008278,-0.025758
0.024610,-0.009355,-0.025647
0.025118,-0.010621,-0.025277
0.025512,-0.011959,-0.024610
0.025743,-0.013249,-0.023608
0.025641,-0.013717,-0.022584
0.025214,-0.013428,-0.021623
0.024517,-0.012657,-0.020754
0.023603,-0.011680,-0.020005
0.022527,-0.010772,-0.019405
0.021344,-0.010209,-0.018982
0.020106,-0.010265,-0.018765
0.018868,-0.011216,-0.018781
0.017684,-0.013338,-0.019060
0.016468,-0.015561,-0.018664
0.015213,-0.017651,-0.017503
0.013931,-0.019585,-0.015700
0.012633,-0.021337,-0.013378
0.011332,-0.022882,-0.010659
0.010040,-0.024196,-0.007665
0.008770,-0.025254,-0.004521
0.007533,-0.026031,-0.001348
0.006342,-0.026503,0.001731
0.006302,-0.027788,0.004256
0.007382,-0.029867,0.006206
0.009268,-0.032438,0.007673
0.011647,-0.035197,0.008748
0.014203,-0.037842,0.009522
0.016624,-0.040067,0.010086
0.018595,-0.041572,0.010530
0.019802,-0.042051,0.010946
0.019931,-0.041203,0.011425
0.020081,-0.039274,0.011641
0.020394,-0.036541,0.011537
0.020771,-0.033291,0.011122
0.021115,-0.029808,0.010403
0.021328,-0.026378,0.009389
0.021313,-0.023288,0.008090
0.020971,-0.020822,0.006512
0.020205,-0.019266,0.004665
0.018916,-0.018906,0.002558
0.017125,-0.018400,0.000396
0.014924,-0.017554,-0.001735
0.012424,-0.016461,-0.003783
0.009736,-0.015213,-0.005691
0.006972,-0.013903,-0.007408
0.004243,-0.012624,-0.008878
0.001659,-0.011467,-0.010048
-0.000668,-0.010525,-0.010864
-0.002627,-0.009891,-0.011273
-0.003743,-0.009527,-0.011505
-0.004088,-0.009380,-0.011627
-0.003873,-0.009398,-0.011661
-0.003309,-0.009524,-0.011629
-0.002607,-0.009706,-0.011554
-0.001977,-0.009887,-0.011458
-0.001630,-0.010015,-0.011364
-0.001776,-0.010035,-0.011295
-0.002627,-0.009891,-0.011273
-0.003055,-0.009231,-0.010946
-0.002928,-0.008110,-0.010303
-0.002364,-0.006688,-0.009420
-0.001483,-0.005123,-0.008371
-0.000403,-0.003573,-0.007231
0.000757,-0.002199,-0.006075
0.001880,-0.001158,-0.004978
0.002847,-0.000610,-0.004014
0.003539,-0.000712,-0.003258
0.003938,-0.000761,-0.002826
0.004092,-0.000662,-0.002679
0.004063,-0.000472,-0.002741
0.003914,-0.000251,-0.002937
0.003706,-0.000057,-0.003190
0.003502,0.000053,-0.003425
0.003364,0.000019,-0.003565
0.003356,-0.000217,-0.003535
0.003539,-0.000712,-0.003258
0.003285,-0.000249,-0.003212
0.002575,0.001198,-0.003461
0.001540,0.003353,-0.003970
0.000311,0.005940,-0.004703
-0.000982,0.008685,-0.005622
-0.002206,0.011312,-0.006691
-0.003232,0.013546,-0.007874
-0.003927,0.015113,-0.009135
-0.004161,0.015736,-0.010437
-0.004116,0.016221,-0.011820
-0.003861,0.016700,-0.013275
-0.003433,0.017136,-0.014781
-0.002872,0.017494,-0.016320
-0.002214,0.017738,-0.017870
-0.001499,0.017831,-0.019412
-0.000765,0.017737,-0.020926
-0.000051,0.017421,-0.022390
0.000606,0.016846,-0.023786
0.001058,0.016294,-0.025327
0.001315,0.015842,-0.027005
0.001423,0.015510,-0.028753
0.001430,0.015324,-0.030506
0.001383,0.015304,-0.032199
0.001329,0.015475,-0.033767
0.001317,0.015859,-0.035144
0.001392,0.016479,-0.036264
0.001603,0.017358,-0.037062
0.001905,0.018049,-0.037846
0.002288,0.018558,-0.038638
0.002752,0.019003,-0.039388
0.003297,0.019502,-0.040044
0.003921,0.020173,-0.040558
0.004626,0.021135,-0.040877
0.005409,0.022505,-0.040953
0.006271,0.024402,-0.040735
0.007211,0.026944,-0.040172
0.008717,0.028093,-0.039544
0.010732,0.027759,-0.038909
0.013066,0.026339,-0.038270
0.015529,0.024229,-0.037633
0.017929,0.021827,-0.037001
0.020077,0.019529,-0.036377
0.021782,0.017732,-0.035765
0.022852,0.016834,-0.035170
0.023097,0.017230,-0.034595
0.022750,0.018165,-0.034715
0.021973,0.019377,-0.035522
0.020914,0.020729,-0.036838
0.019720,0.022085,-0.038483
0.018538,0.023307,-0.040278
0.017514,0.024258,-0.042045
0.016796,0.024803,-0.043604
0.016530,0.024803,-0.044777
0.016863,0.024122,-0.045385
0.016901,0.023827,-0.045910
0.016570,0.023984,-0.046401
0.016000,0.024411,-0.046796
0.015321,0.024923,-0.047034
0.014663,0.025337,-0.047054
0.014157,0.025470,-0.046796
0.013933,0.025139,-0.046197
0.014121,0.024159,-0.045196
0.014851,0.022349,-0.043733
0.016493,0.020832,-0.041104
0.018991,0.019501,-0.037323
0.022182,0.017942,-0.032584
0.025902,0.015741,-0.027079
0.029990,0.012483,-0.021002
0.034281,0.007752,-0.014546
0.038614,0.001135,-0.007905
0.042826,-0.007783,-0.001272
0.046753,-0.019417,0.005160
0.049854,-0.029597,0.011460
0.052085,-0.037424,0.017619
0.053524,-0.042819,0.023614
0.054251,-0.045699,0.029418
0.054345,-0.045983,0.035007
0.053885,-0.043591,0.040353
0.052950,-0.038442,0.045432
0.051620,-0.030453,0.050219
0.049974,-0.019545,0.054688
0.050010,-0.010400,0.057042
0.051882,-0.003602,0.057079
0.055285,0.001290,0.054997
0.059912,0.004716,0.050989
0.065458,0.007117,0.045253
0.071617,0.008935,0.037985
0.078082,0.010609,0.029380
0.084548,0.012582,0.019635
0.090709,0.015292,0.008945
0.094571,0.019248,-0.000239
0.096063,0.024216,-0.007602
0.095595,0.029781,-0.013363
0.093574,0.035525,-0.017740
0.090411,0.041031,-0.020953
0.086515,0.045883,-0.023220
0.082295,0.049663,-0.024758
0.078160,0.051955,-0.025788
0.074520,0.052342,-0.026528
0.071848,0.049958,-0.025028
0.069947,0.045174,-0.021425
0.068448,0.038669,-0.016376
0.066986,0.031125,-0.010537
0.065193,0.023220,-0.004565
0.062701,0.015636,0.000882
0.059145,0.009053,0.005148
0.054156,0.004150,0.007577
0.047368,0.001608,0.007510
0.040610,0.000498,0.004626
0.034291,0.000425,-0.000337
0.028465,0.001129,-0.006374
0.023187,0.002350,-0.012481
0.018511,0.003827,-0.017654
0.014490,0.005298,-0.020889
0.011180,0.006505,-0.021180
0.008635,0.007186,-0.017524
0.006909,0.007081,-0.008916
0.005637,0.008425,0.006919
0.004792,0.011273,0.028312
0.004432,0.015135,0.052610
0.004614,0.019520,0.077159
0.005396,0.023939,0.099305
0.006834,0.027899,0.116395
0.008987,0.030912,0.125774
0.011911,0.032486,0.124788
0.015664,0.032131,0.110785
0.019489,0.029946,0.094929
0.023063,0.025950,0.079505
0.026174,0.020139,0.064574
0.028608,0.012512,0.050201
0.030153,0.003066,0.036448
0.030595,-0.008201,0.023378
0.029721,-0.021292,0.011053
0.027318,-0.036208,-0.000463
0.023174,-0.052953,-0.011108
0.018095,-0.064886,-0.019094
0.012447,-0.071418,-0.024728
0.006483,-0.073471,-0.028841
0.000456,-0.071967,-0.032264
-0.005380,-0.067829,-0.035828
-0.010771,-0.061978,-0.040363
-0.015464,-0.055338,-0.046700
-0.019205,-0.048829,-0.055669
-0.021741,-0.043375,-0.068102
-0.023327,-0.037674,-0.079257
-0.024246,-0.032014,-0.088244
-0.024791,-0.027077,-0.095135
-0.025252,-0.023548,-0.100002
-0.025919,-0.022109,-0.102916
-0.027085,-0.023444,-0.103949
-0.029040,-0.028237,-0.103172
-0.032075,-0.037171,-0.100659
-0.036482,-0.050929,-0.096481
-0.041532,-0.062080,-0.093937
-0.046997,-0.069543,-0.093270
-0.052774,-0.073825,-0.093958
-0.058761,-0.075434,-0.095476
-0.064853,-0.074876,-0.097303
-0.070949,-0.072658,-0.098915
-0.076945,-0.069288,-0.099789
-0.082738,-0.065272,-0.099403
-0.088225,-0.061118,-0.097233
-0.093209,-0.056505,-0.094027
-0.097442,-0.051719,-0.090112
-0.100668,-0.047196,-0.085712
-0.102627,-0.043373,-0.081049
-0.103061,-0.040687,-0.076347
-0.101713,-0.039574,-0.071829
-0.098324,-0.040471,-0.067719
-0.092636,-0.043814,-0.064238
-0.084391,-0.050040,-0.061611
-0.077494,-0.056710,-0.058132
-0.072469,-0.063121,-0.053605
-0.068991,-0.069007,-0.048213
-0.066734,-0.074102,-0.042139
-0.065376,-0.078139,-0.035567
-0.064592,-0.080850,-0.028678
-0.064056,-0.081971,-0.021656
-0.063446,-0.081233,-0.014685
-0.062437,-0.078370,-0.007945
-0.060946,-0.072998,-0.001676
-0.059090,-0.065708,0.004019
-0.057036,-0.057333,0.009072
-0.054950,-0.048707,0.013414
-0.052998,-0.040665,0.016975
-0.051347,-0.034040,0.019687
-0.050163,-0.029667,0.021479
-0.049614,-0.028380,0.022285
-0.049865,-0.031012,0.022033
-0.052444,-0.031397,0.025710
-0.057205,-0.028690,0.033275
-0.063581,-0.023383,0.043430
-0.071006,-0.015963,0.054879
-0.078913,-0.006921,0.066324
-0.086737,0.003256,0.076469
-0.093911,0.014078,0.084017
-0.099869,0.025055,0.087669
-0.104046,0.035699,0.086130
-0.105055,0.045069,0.081941
-0.102903,0.052980,0.075882
-0.097938,0.059435,0.068295
-0.090512,0.064438,0.059519
-0.080976,0.067994,0.049896
-0.069680,0.070106,0.039767
-0.056976,0.070777,0.029472
-0.043214,0.070012,0.019351
-0.028745,0.067814,0.009746
-0.016797,0.064925,0.000759
-0.007942,0.061760,-0.007343
-0.002086,0.058652,-0.014251
0.000863,0.055934,-0.019656
0.000999,0.053940,-0.023248
-0.001585,0.053002,-0.024720
-0.006796,0.053454,-0.023762
-0.014541,0.055628,-0.020064
-0.024727,0.059858,-0.013318
-0.032366,0.061927,-0.004147
-0.036871,0.061762,0.006544
-0.038753,0.060328,0.017773
-0.038523,0.058590,0.028563
-0.036692,0.057511,0.037933
-0.033771,0.058056,0.044906
-0.030271,0.061189,0.048501
-0.026703,0.067876,0.047739
-0.023580,0.079080,0.041642
-0.021154,0.087735,0.033726
-0.019409,0.092909,0.025296
-0.018261,0.095200,0.017104
-0.017623,0.095210,0.009903
-0.017412,0.093538,0.004445
-0.017542,0.090783,0.001482
-0.017928,0.087547,0.001766
-0.018485,0.084428,0.006050
-0.019129,0.082027,0.015085
-0.019259,0.077777,0.026356
-0.018835,0.071677,0.038666
-0.017954,0.064363,0.051149
-0.016714,0.056472,0.062941
-0.015215,0.048643,0.073175
-0.013553,0.041512,0.080985
-0.011828,0.035717,0.085507
-0.010138,0.031895,0.085875
-0.008580,0.030684,0.081222
-0.009621,0.025618,0.076318
-0.013227,0.016290,0.071770
-0.018737,0.003809,0.067146
-0.025492,-0.010719,0.062011
-0.032831,-0.026186,0.055934
-0.040096,-0.041485,0.048482
-0.046625,-0.055508,0.039221
-0.051760,-0.067147,0.027718
-0.054839,-0.075295,0.013541
-0.056274,-0.083498,0.001094
-0.056352,-0.092003,-0.008914
-0.055328,-0.100228,-0.016695
-0.053459,-0.107594,-0.022466
-0.051002,-0.113520,-0.026439
-0.048213,-0.117428,-0.028829
-0.045348,-0.118736,-0.029849
-0.042663,-0.116865,-0.029714
-0.040416,-0.111235,-0.028638
-0.038180,-0.104522,-0.026384
-0.035790,-0.097463,-0.023155
-0.033143,-0.090306,-0.019263
-0.030140,-0.083301,-0.015022
-0.026678,-0.076699,-0.010742
-0.022656,-0.070750,-0.006738
-0.017974,-0.065703,-0.003320
-0.012528,-0.061808,-0.000802
-0.006219,-0.059315,0.000503
0.000697,-0.059523,0.002775
0.007845,-0.061932,0.006088
0.014820,-0.065589,0.009993
0.021219,-0.069542,0.014040
0.026636,-0.072840,0.017780
0.030668,-0.074530,0.020764
0.032911,-0.073661,0.022541
0.032959,-0.069281,0.022663
0.030409,-0.060438,0.020679
0.025437,-0.050939,0.019603
0.018481,-0.042039,0.019666
0.010049,-0.034355,0.020400
0.000644,-0.028502,0.021342
-0.009228,-0.025097,0.022027
-0.019060,-0.024756,0.021988
-0.028349,-0.028095,0.020760
-0.036588,-0.035730,0.017878
-0.043272,-0.048278,0.012878
-0.048730,-0.060368,0.008129
-0.053114,-0.070875,0.004136
-0.056533,-0.079735,0.000940
-0.059095,-0.086883,-0.001422
-0.060909,-0.092256,-0.002910
-0.062081,-0.095788,-0.003486
-0.062721,-0.097417,-0.003111
-0.062938,-0.097078,-0.001746
-0.062838,-0.094705,0.000649
-0.063313,-0.091565,0.000612
-0.064230,-0.087677,-0.001332
-0.065196,-0.082753,-0.003668
-0.065821,-0.076503,-0.004877
-0.065715,-0.068638,-0.003442
-0.064486,-0.058868,0.002154
-0.061744,-0.046903,0.013429
-0.057098,-0.032455,0.031900
-0.050157,-0.015234,0.059085
-0.042487,-0.000357,0.081960
-0.034636,0.011502,0.098643
-0.026895,0.020780,0.110044
-0.019560,0.027916,0.117069
-0.012921,0.033348,0.120624
-0.007273,0.037513,0.121619
-0.002909,0.040850,0.120958
-0.000120,0.043795,0.119550
0.000799,0.046787,0.118302
0.000561,0.050033,0.116565
-0.000624,0.053273,0.114156
-0.002672,0.056131,0.111008
-0.005499,0.058232,0.107053
-0.009018,0.059201,0.102226
-0.013147,0.058662,0.096458
-0.017800,0.056240,0.089683
-0.022893,0.051559,0.081835
-0.028341,0.044243,0.072845
-0.030043,0.037230,0.066351
-0.027885,0.031277,0.062452
-0.022747,0.026598,0.060363
-0.015511,0.023404,0.059297
-0.007058,0.021908,0.058471
0.001729,0.022324,0.057097
0.009969,0.024865,0.054392
0.016781,0.029742,0.049569
0.021284,0.037169,0.041844
0.022655,0.043483,0.036606
0.021364,0.047952,0.034478
0.018206,0.050575,0.034891
0.013972,0.051353,0.037275
0.009458,0.050285,0.041062
0.005456,0.047370,0.045682
0.002760,0.042611,0.050566
0.002162,0.036005,0.055144
0.004458,0.027553,0.058848
0.006669,0.020720,0.064202
0.008131,0.016022,0.071039
0.008754,0.013242,0.078518
0.008448,0.012159,0.085798
0.007125,0.012554,0.092037
0.004696,0.014208,0.096395
0.001071,0.016902,0.098031
-0.003837,0.020417,0.096104
-0.010120,0.024532,0.089773
-0.014990,0.027289,0.082305
-0.018143,0.028731,0.074472
-0.019890,0.029403,0.066425
-0.020546,0.029852,0.058311
-0.020423,0.030622,0.050279
-0.019836,0.032259,0.042480
-0.019097,0.035308,0.035060
-0.018520,0.040316,0.028170
-0.018418,0.047826,0.021958
-0.018413,0.055892,0.017714
-0.018436,0.064009,0.015430
-0.018497,0.072035,0.014776
-0.018605,0.079829,0.015420
-0.018769,0.087249,0.017030
-0.018997,0.094151,0.019275
-0.019298,0.100396,0.021823
-0.019682,0.105839,0.024343
-0.020158,0.110340,0.026504
-0.019917,0.112972,0.028845
-0.018947,0.113827,0.031400
-0.017431,0.113252,0.034076
-0.015556,0.111593,0.036779
-0.013507,0.109199,0.039416
-0.011469,0.106415,0.041895
-0.009628,0.103589,0.044122
-0.008169,0.101068,0.046004
-0.007277,0.099198,0.047448
-0.006467,0.098743,0.048304
-0.005654,0.099607,0.048616
-0.004858,0.101474,0.048482
-0.004094,0.104031,0.047996
-0.003381,0.106964,0.047255
-0.002736,0.109959,0.046354
-0.002176,0.112702,0.045389
-0.001720,0.114879,0.044456
-0.001384,0.116177,0.043650
-0.001097,0.116064,0.043829
-0.000847,0.114646,0.044947
-0.000637,0.112191,0.046730
-0.000470,0.108963,0.048904
-0.000348,0.105229,0.051195
-0.000273,0.101256,0.053330
-0.000249,0.097309,0.055036
-0.000278,0.093655,0.056038
-0.000362,0.090559,0.056063
0.000243,0.089594,0.055715
0.001458,0.090473,0.055237
0.002998,0.092445,0.054783
0.004578,0.094757,0.054506
0.005915,0.096658,0.054559
0.006722,0.097396,0.055095
0.006715,0.096219,0.056270
0.005609,0.092375,0.058234
0.003119,0.085114,0.061143
0.001285,0.078310,0.064367
0.000005,0.072855,0.067885
-0.001355,0.068890,0.071831
-0.003430,0.066558,0.076336
-0.006853,0.066002,0.081534
-0.012260,0.067364,0.087557
-0.020286,0.070788,0.094538
-0.031564,0.076415,0.102609
-0.046730,0.084388,0.111902
-0.060833,0.091676,0.122792
-0.072733,0.097738,0.134891
-0.082242,0.102657,0.147623
-0.089172,0.106516,0.160411
-0.093334,0.109398,0.172677
-0.094540,0.111386,0.183845
-0.092604,0.112563,0.193339
-0.087335,0.113012,0.200581
-0.078547,0.112815,0.204994
-0.070082,0.109575,0.206409
-0.062569,0.103375,0.204925
-0.055829,0.094922,0.200706
-0.049685,0.084921,0.193919
-0.043961,0.074078,0.184728
-0.038479,0.063097,0.173298
-0.033061,0.052684,0.159796
-0.027531,0.043545,0.144386
-0.021712,0.036385,0.127234
-0.015089,0.032030,0.108515
-0.007906,0.030083,0.088909
-0.000591,0.029845,0.069220
0.006427,0.030612,0.050255
0.012718,0.031684,0.032818
0.017852,0.032358,0.017714
0.021400,0.031934,0.005750
0.022932,0.029710,-0.002271
0.022019,0.024984,-0.005543
0.021609,0.021598,-0.008184
0.021949,0.019542,-0.011091
0.022609,0.017847,-0.014353
0.023162,0.015541,-0.018064
0.023180,0.011655,-0.022312
0.022233,0.005217,-0.027191
0.019893,-0.004744,-0.032789
0.015733,-0.019198,-0.039200
0.009322,-0.039116,-0.046513
0.003971,-0.054002,-0.052814
0.000183,-0.062582,-0.057813
-0.002239,-0.065887,-0.061628
-0.003495,-0.064948,-0.064376
-0.003781,-0.060795,-0.066175
-0.003296,-0.054459,-0.067142
-0.002237,-0.046972,-0.067394
-0.000802,-0.039365,-0.067049
0.000811,-0.032667,-0.066224
0.003002,-0.028431,-0.068838
0.005437,-0.026332,-0.074633
0.007601,-0.025580,-0.082307
0.008975,-0.025381,-0.090558
0.009045,-0.024945,-0.098084
0.007292,-0.023478,-0.103583
0.003201,-0.020190,-0.105752
-0.003746,-0.014287,-0.103291
-0.014064,-0.004978,-0.094896
-0.023521,0.007762,-0.084664
-0.031292,0.023545,-0.073500
-0.037404,0.041883,-0.061513
-0.041884,0.062286,-0.048813
-0.044760,0.084263,-0.035508
-0.046059,0.107327,-0.021708
-0.045808,0.130986,-0.007521
-0.044035,0.154751,0.006943
-0.040767,0.178133,0.021575
-0.039091,0.194965,0.031693
-0.039372,0.205040,0.036534
-0.041293,0.209642,0.036317
-0.044538,0.210053,0.031259
-0.048793,0.207557,0.021578
-0.053740,0.203437,0.007493
-0.059063,0.198977,-0.010779
-0.064448,0.195459,-0.033019
-0.069577,0.194167,-0.059009
-0.071226,0.188763,-0.081755
-0.069414,0.178813,-0.100065
-0.064972,0.165359,-0.114201
-0.058732,0.149443,-0.124424
-0.051523,0.132108,-0.130996
-0.044177,0.114395,-0.134178
-0.037524,0.097348,-0.134231
-0.032396,0.082009,-0.131416
-0.029623,0.069419,-0.125995
-0.028350,0.059517,-0.114289
-0.028073,0.051980,-0.097351
-0.028379,0.046419,-0.077415
-0.028851,0.042445,-0.056714
-0.029077,0.039669,-0.037484
-0.028640,0.037703,-0.021959
-0.027126,0.036158,-0.012372
-0.024121,0.034646,-0.010959
-0.019209,0.032776,-0.019953
-0.014518,0.031379,-0.030954
-0.010396,0.030388,-0.042035
-0.006745,0.029517,-0.052890
-0.003470,0.028477,-0.063213
-0.000475,0.026980,-0.072696
0.002336,0.024738,-0.081034
0.005061,0.021464,-0.087918
0.007796,0.016870,-0.093043
0.010636,0.010667,-0.096102
0.014175,0.008013,-0.096970
0.018420,0.008874,-0.095839
0.023232,0.011921,-0.092986
0.028471,0.015822,-0.088686
0.033998,0.019246,-0.083213
0.039672,0.020864,-0.076841
0.045355,0.019345,-0.069847
0.050907,0.013357,-0.062504
0.056189,0.001571,-0.055088
0.059248,-0.008814,-0.047951
0.060032,-0.016599,-0.041162
0.058962,-0.022088,-0.034716
0.056461,-0.025584,-0.028612
0.052951,-0.027392,-0.022846
0.048854,-0.027814,-0.017414
0.044591,-0.027153,-0.012315
0.040585,-0.025714,-0.007544
0.037258,-0.023799,-0.003098
0.034025,-0.022793,-0.002592
0.030549,-0.023037,-0.005813
0.026555,-0.024609,-0.011596
0.021769,-0.027587,-0.018774
0.015917,-0.032051,-0.026183
0.008724,-0.038078,-0.032654
-0.000084,-0.045749,-0.037022
-0.010782,-0.055142,-0.038121
-0.023644,-0.066335,-0.034785
-0.033758,-0.076010,-0.026584
-0.040487,-0.083387,-0.014324
-0.044263,-0.088320,0.000877
-0.045520,-0.090665,0.017903
-0.044689,-0.090276,0.035638
-0.042203,-0.087008,0.052966
-0.038495,-0.080716,0.068770
-0.033996,-0.071255,0.081933
-0.029140,-0.058480,0.091339
-0.024442,-0.045817,0.100408
-0.020172,-0.034165,0.109222
-0.016537,-0.023789,0.117024
-0.013747,-0.014955,0.123063
-0.012008,-0.007929,0.126581
-0.011531,-0.002977,0.126826
-0.012522,-0.000365,0.123043
-0.015190,-0.000358,0.114476
-0.019744,-0.003223,0.100373
-0.023621,-0.004639,0.082560
-0.026289,-0.003711,0.062351
-0.027722,-0.000402,0.040934
-0.027892,0.005327,0.019495
-0.026775,0.013517,-0.000779
-0.024343,0.024204,-0.018702
-0.020571,0.037428,-0.033085
-0.015431,0.053227,-0.042743
-0.008899,0.071641,-0.046489
-0.003329,0.085453,-0.047965
0.001092,0.093824,-0.048008
0.004722,0.097506,-0.046748
0.007918,0.097253,-0.044318
0.011037,0.093817,-0.040851
0.014435,0.087951,-0.036479
0.018470,0.080409,-0.031334
0.023499,0.071944,-0.025547
0.029880,0.063308,-0.019253
0.036530,0.055895,-0.014919
0.043126,0.049837,-0.012672
0.049531,0.044946,-0.012054
0.055609,0.041038,-0.012607
0.061223,0.037927,-0.013873
0.066237,0.035428,-0.015393
0.070514,0.033356,-0.016710
0.073919,0.031524,-0.017364
0.076315,0.029747,-0.016897
0.077587,0.027174,-0.014926
0.077719,0.023845,-0.011729
0.076719,0.020026,-0.007753
0.074593,0.015979,-0.003444
0.071351,0.011971,0.000754
0.066999,0.008265,0.004394
0.061547,0.005126,0.007030
0.055000,0.002819,0.008218
0.047368,0.001608,0.007510
0.039279,0.002950,0.006953
0.031031,0.006594,0.006789
0.022840,0.011866,0.006814
0.014920,0.018089,0.006819
0.007488,0.024588,0.006599
0.000758,0.030686,0.005947
-0.005053,0.035708,0.004658
-0.009731,0.038977,0.002524
-0.013060,0.039818,-0.000660
-0.014971,0.039323,-0.004226
-0.015652,0.037888,-0.007898
-0.015353,0.035735,-0.011498
-0.014327,0.033088,-0.014848
-0.012825,0.030170,-0.017770
-0.011098,0.027203,-0.020086
-0.009398,0.024410,-0.021619
-0.007976,0.022015,-0.022190
-0.007084,0.020239,-0.021621
-0.006550,0.019116,-0.020389
-0.006259,0.018524,-0.018657
-0.006111,0.018301,-0.016510
-0.006005,0.018286,-0.014033
-0.005840,0.018319,-0.011312
-0.005516,0.018239,-0.008431
-0.004930,0.017883,-0.005475
-0.003983,0.017092,-0.002531
-0.002574,0.015704,0.000318
-0.001328,0.014591,0.001345
-0.000406,0.013792,0.000676
0.000148,0.013140,-0.001100
0.000290,0.012467,-0.003396
-0.000026,0.011604,-0.005622
-0.000843,0.010385,-0.007190
-0.002205,0.008641,-0.007512
-0.004158,0.006205,-0.005999
-0.006745,0.002908,-0.002062
-0.009275,-0.001488,0.002586
-0.011610,-0.006593,0.007329
-0.013754,-0.011860,0.011825
-0.015708,-0.016742,0.015729
-0.017475,-0.020692,0.018700
-0.019058,-0.023161,0.020393
-0.020459,-0.023604,0.020467
-0.021681,-0.021473,0.018578
-0.022726,-0.016220,0.014383
-0.023598,-0.010501,0.011688
-0.024212,-0.004770,0.011049
-0.024458,0.001067,0.012208
-0.024228,0.007105,0.014904
-0.023413,0.013439,0.018881
-0.021904,0.020162,0.023879
-0.019592,0.027371,0.029641
-0.016369,0.035159,0.035906
-0.012127,0.043622,0.042418
-0.006906,0.052647,0.046385
-0.001085,0.061816,0.047827
0.004878,0.070634,0.047468
0.010521,0.078607,0.046030
0.015386,0.085239,0.044236
0.019012,0.090037,0.042811
0.020940,0.092504,0.042476
0.020710,0.092147,0.043955
0.017862,0.088470,0.047970
0.014051,0.084796,0.053424
0.009915,0.081669,0.059376
0.005834,0.078940,0.064926
0.002188,0.076463,0.069173
-0.000641,0.074087,0.071218
-0.002273,0.071663,0.070158
-0.002327,0.069045,0.065095
-0.000423,0.066082,0.055128
0.003821,0.062627,0.039356
0.008041,0.060564,0.023723
0.011775,0.060106,0.009560
0.015032,0.061048,-0.002951
0.017822,0.063185,-0.013630
0.020155,0.066310,-0.022298
0.022042,0.070218,-0.028774
0.023492,0.074704,-0.032878
0.024517,0.079562,-0.034429
0.025126,0.084586,-0.033248
0.024923,0.084507,-0.032059
0.024038,0.079166,-0.031290
0.022732,0.069677,-0.030793
0.021266,0.057158,-0.030420
0.019899,0.042725,-0.030026
0.018894,0.027493,-0.029461
0.018509,0.012580,-0.028580
0.019008,-0.000899,-0.027234
0.020649,-0.011827,-0.025277
0.023353,-0.019833,-0.024648
0.026739,-0.025105,-0.025352
0.030346,-0.027970,-0.026909
0.033715,-0.028756,-0.028840
0.036388,-0.027789,-0.030666
0.037906,-0.025397,-0.031908
0.037810,-0.021907,-0.032085
0.035640,-0.017647,-0.030719
0.030938,-0.012943,-0.027330
0.027240,-0.010320,-0.024127
0.025001,-0.009731,-0.021547
0.023906,-0.010484,-0.019588
0.023638,-0.011890,-0.018244
0.023883,-0.013258,-0.017512
0.024325,-0.013898,-0.017388
0.024648,-0.013119,-0.017868
0.024538,-0.010232,-0.018948
0.023679,-0.004545,-0.020624
0.023339,0.001218,-0.022542
0.023722,0.006269,-0.024381
0.024762,0.010305,-0.025832
0.026392,0.013021,-0.026587
0.028549,0.014114,-0.026335
0.031166,0.013280,-0.024768
0.034178,0.010214,-0.021574
0.037521,0.004613,-0.016446
0.041128,-0.003826,-0.009074
0.044400,-0.013061,-0.002340
0.047223,-0.022212,0.003150
0.049607,-0.030697,0.007361
0.051557,-0.037929,0.010257
0.053084,-0.043325,0.011804
0.054193,-0.046299,0.011965
0.054893,-0.046267,0.010706
0.055192,-0.042643,0.007991
0.055099,-0.034844,0.003785
0.054734,-0.026067,-0.000824
0.054125,-0.017021,-0.005552
0.053276,-0.007795,-0.010317
0.052189,0.001523,-0.015037
0.050867,0.010845,-0.019630
0.049314,0.020083,-0.024013
0.047532,0.029149,-0.028104
0.045526,0.037955,-0.031821
0.043296,0.046413,-0.035081
0.041770,0.054418,-0.038266
0.041011,0.061907,-0.041208
0.040867,0.068823,-0.043604
0.041188,0.075111,-0.045151
0.041822,0.080717,-0.045544
0.042617,0.085584,-0.044480
0.043423,0.089659,-0.041656
0.044088,0.092884,-0.036767
0.044460,0.095207,-0.029510
0.044547,0.097374,-0.022180
0.044411,0.099285,-0.015078
0.044127,0.100625,-0.008008
0.043770,0.101080,-0.000776
0.043417,0.100335,0.006813
0.043143,0.098077,0.014957
0.043023,0.093991,0.023849
0.043134,0.087762,0.033685
0.043550,0.079076,0.044662
0.045106,0.071978,0.055203
0.047726,0.066880,0.064599
0.051111,0.063292,0.072352
0.054960,0.060720,0.077969
0.058972,0.058672,0.080953
0.062846,0.056656,0.080809
0.066281,0.054178,0.077041
0.068978,0.050747,0.069155
0.070634,0.045870,0.056654
0.071116,0.042513,0.046150
0.070610,0.040901,0.038534
0.069382,0.040572,0.033268
0.067699,0.041066,0.029814
0.065827,0.041923,0.027634
0.064033,0.042682,0.026191
0.062582,0.042883,0.024947
0.061741,0.042066,0.023364
0.061777,0.039768,0.020904
0.061658,0.039877,0.014931
0.061062,0.042394,0.005683
0.059845,0.046347,-0.005887
0.057861,0.050767,-0.018825
0.054967,0.054685,-0.032177
0.051018,0.057129,-0.044989
0.045869,0.057131,-0.056306
0.039376,0.053719,-0.065175
0.031393,0.045924,-0.070642
0.024339,0.039190,-0.070108
0.018463,0.034267,-0.064101
0.013471,0.030734,-0.053929
0.009069,0.028171,-0.040900
0.004966,0.026155,-0.026322
0.000866,0.024264,-0.011504
-0.003523,0.022079,0.002247
-0.008495,0.019176,0.013623
-0.014343,0.015134,0.021314
-0.018929,0.012304,0.028845
-0.022025,0.010868,0.036577
-0.023878,0.010472,0.044087
-0.024736,0.010759,0.050947
-0.024848,0.011373,0.056733
-0.024462,0.011959,0.061018
-0.023824,0.012160,0.063376
-0.023184,0.011621,0.063383
-0.022790,0.009985,0.060611
-0.022769,0.009005,0.059575
-0.023129,0.008862,0.060634
-0.023848,0.009342,0.063115
-0.024907,0.010232,0.066340
-0.026282,0.011318,0.069634
-0.027953,0.012388,0.072322
-0.029898,0.013227,0.073728
-0.032096,0.013622,0.073176
-0.034525,0.013360,0.069990
-0.036213,0.012107,0.065215
-0.037178,0.010020,0.059227
-0.037680,0.007378,0.052235
-0.037982,0.004461,0.044447
-0.038346,0.001548,0.036070
-0.039036,-0.001080,0.027314
-0.040312,-0.003144,0.018387
-0.042438,-0.004365,0.009497
-0.045675,-0.004462,0.000852
-0.048946,-0.005100,-0.006928
-0.051776,-0.006446,-0.013774
-0.053842,-0.008292,-0.019757
-0.054821,-0.010428,-0.024944
-0.054388,-0.012646,-0.029405
-0.052221,-0.014739,-0.033208
-0.047996,-0.016497,-0.036422
-0.041390,-0.017711,-0.039118
-0.032079,-0.018175,-0.041362
-0.022971,-0.017438,-0.041731
-0.014780,-0.015463,-0.040337
-0.007673,-0.012310,-0.037678
-0.001815,-0.008044,-0.034251
0.002628,-0.002725,-0.030553
0.005489,0.003582,-0.027081
0.006604,0.010815,-0.024333
0.005805,0.018913,-0.022806
0.002927,0.027812,-0.022998
-0.000272,0.035191,-0.022788
-0.003410,0.040774,-0.021821
-0.006449,0.044797,-0.020183
-0.009349,0.047495,-0.017960
-0.012072,0.049104,-0.015237
-0.014579,0.049858,-0.012099
-0.016831,0.049994,-0.008633
-0.018789,0.049747,-0.004924
-0.020415,0.049352,-0.001057
-0.021989,0.048558,0.001464
-0.023535,0.047394,0.002586
-0.025012,0.045953,0.002618
-0.026379,0.044331,0.001867
-0.027595,0.042625,0.000643
-0.028620,0.040929,-0.000746
-0.029413,0.039339,-0.001991
-0.029933,0.037951,-0.002785
-0.030139,0.036860,-0.002819
-0.030584,0.036445,-0.002680
-0.031272,0.036537,-0.002465
-0.032068,0.036831,-0.002143
-0.032838,0.037024,-0.001685
-0.033449,0.036810,-0.001063
-0.033767,0.035885,-0.000248
-0.033658,0.033943,0.000789
-0.032987,0.030681,0.002078
-0.031621,0.025793,0.003646
-0.029486,0.021416,0.004830
-0.026726,0.017902,0.005555
-0.023540,0.015159,0.005893
-0.020127,0.013095,0.005918
-0.016686,0.011617,0.005703
-0.013416,0.010634,0.005322
-0.010517,0.010052,0.004848
-0.008186,0.009779,0.004353
-0.006623,0.009723,0.003911
-0.006043,0.010803,0.003498
-0.006349,0.012918,0.003122
-0.007366,0.015713,0.002797
-0.008917,0.018832,0.002541
-0.010829,0.021922,0.002368
-0.012925,0.024625,0.002294
-0.015032,0.026587,0.002336
-0.016972,0.027452,0.002508
-0.018572,0.026865,0.002827
-0.019826,0.023990,0.004054
-0.020763,0.019126,0.006112
-0.021424,0.012859,0.008717
-0.021846,0.005773,0.011585
-0.022070,-0.001546,0.014430
-0.022134,-0.008512,0.016967
-0.022078,-0.014543,0.018912
-0.021940,-0.019051,0.019979
-0.021761,-0.021452,0.019884
-0.021783,-0.022953,0.017826
-0.021765,-0.023947,0.013920
-0.021342,-0.024626,0.008512
-0.020147,-0.025180,0.001947
-0.017818,-0.025800,-0.005430
-0.013988,-0.026677,-0.013274
-0.008293,-0.028001,-0.021239
-0.000368,-0.029965,-0.028981
0.010152,-0.032758,-0.036153
0.018079,-0.035827,-0.039720
0.022742,-0.039005,-0.039509
0.024595,-0.042226,-0.036070
0.024094,-0.045419,-0.029947
0.021695,-0.048518,-0.021689
0.017853,-0.051454,-0.011842
0.013025,-0.054159,-0.000954
0.007664,-0.056563,0.010430
0.002228,-0.058601,0.021763
-0.001674,-0.060321,0.030690
-0.003995,-0.061676,0.036957
-0.005081,-0.062590,0.040831
-0.005276,-0.062991,0.042578
-0.004924,-0.062803,0.042467
-0.004372,-0.061951,0.040766
-0.003964,-0.060363,0.037741
-0.004044,-0.057963,0.033660
-0.004957,-0.054677,0.028792
-0.005868,-0.053509,0.024526
-0.006605,-0.054554,0.020977
-0.007164,-0.057179,0.017937
-0.007544,-0.060752,0.015200
-0.007739,-0.064639,0.012558
-0.007747,-0.068210,0.009806
-0.007563,-0.070830,0.006736
-0.007185,-0.071867,0.003141
-0.006609,-0.070690,-0.001185
-0.005813,-0.069204,-0.006459
-0.004793,-0.067763,-0.012391
-0.003550,-0.066334,-0.018563
-0.002085,-0.064884,-0.024559
-0.000399,-0.063379,-0.029960
0.001508,-0.061784,-0.034349
0.003634,-0.060068,-0.037310
0.005978,-0.058196,-0.038424
0.008540,-0.056135,-0.037273
0.010833,-0.054776,-0.035484
0.012596,-0.053568,-0.033341
0.013626,-0.051596,-0.030800
0.013717,-0.047945,-0.027811
0.012665,-0.041702,-0.024328
0.010264,-0.031951,-0.020304
0.006310,-0.017778,-0.015692
0.000599,0.001731,-0.010444
-0.007074,0.027490,-0.004513
-0.013351,0.051099,0.001298
-0.017889,0.070947,0.006856
-0.021100,0.087118,0.012196
-0.023395,0.099698,0.017353
-0.025185,0.108770,0.022361
-0.026884,0.114420,0.027255
-0.028900,0.116733,0.032069
-0.031648,0.115794,0.036839
-0.035537,0.111686,0.041599
-0.039116,0.106243,0.046173
-0.042083,0.100107,0.050375
-0.044422,0.093626,0.054012
-0.046117,0.087145,0.056895
-0.047153,0.081010,0.058831
-0.047516,0.075570,0.059629
-0.047190,0.071169,0.059099
-0.046158,0.068155,0.057049
-0.044407,0.066874,0.053289
-0.042641,0.065732,0.049250
-0.041024,0.064618,0.045160
-0.039583,0.063790,0.040940
-0.038348,0.063509,0.036516
-0.037346,0.064033,0.031810
-0.036607,0.065621,0.026747
-0.036158,0.068534,0.021249
-0.036028,0.073029,0.015242
-0.036246,0.079366,0.008648
-0.036449,0.085774,0.004474
-0.036581,0.091616,0.002658
-0.036657,0.096536,0.002367
-0.036697,0.100180,0.002772
-0.036717,0.102192,0.003040
-0.036736,0.102219,0.002341
-0.036772,0.099906,-0.000156
-0.036842,0.094897,-0.005282
-0.036964,0.086838,-0.013869
-0.035580,0.076676,-0.021281
-0.032633,0.065246,-0.026780
-0.028441,0.053352,-0.030603
-0.023323,0.041799,-0.032985
-0.017596,0.031394,-0.034165
-0.011578,0.022942,-0.034377
-0.005589,0.017247,-0.033859
0.000055,0.015115,-0.032847
0.005034,0.017351,-0.031578
0.008745,0.020402,-0.030562
0.011224,0.023269,-0.029945
0.012666,0.025592,-0.029783
0.013267,0.027013,-0.030130
0.013222,0.027170,-0.031042
0.012727,0.025706,-0.032574
0.011975,0.022261,-0.034781
0.011164,0.016474,-0.037718
0.010489,0.007987,-0.041439
0.008399,0.000050,-0.045384
0.004773,-0.006682,-0.049226
-0.000149,-0.012203,-0.052698
-0.006132,-0.016504,-0.055533
-0.012938,-0.019580,-0.057464
-0.020330,-0.021423,-0.058224
-0.028070,-0.022026,-0.057546
-0.035921,-0.021384,-0.055164
-0.043645,-0.019488,-0.050809
-0.050882,-0.018944,-0.046407
-0.057420,-0.019899,-0.042641
-0.063086,-0.021886,-0.039883
-0.067706,-0.024438,-0.038508
-0.071106,-0.027090,-0.038886
-0.073113,-0.029375,-0.041392
-0.073552,-0.030825,-0.046397
-0.072251,-0.030975,-0.054276
-0.069035,-0.029358,-0.065399
-0.064610,-0.030180,-0.072642
-0.059313,-0.033540,-0.075601
-0.053391,-0.038514,-0.075552
-0.047087,-0.044175,-0.073770
-0.040649,-0.049599,-0.071532
-0.034321,-0.053860,-0.070113
-0.028349,-0.056033,-0.070790
-0.022979,-0.055191,-0.074839
-0.018455,-0.050409,-0.083535
-0.014895,-0.046172,-0.092530
-0.012307,-0.043056,-0.100689
-0.010672,-0.040664,-0.107684
-0.009971,-0.038598,-0.113186
-0.010186,-0.036458,-0.116864
-0.011298,-0.033847,-0.118389
-0.013288,-0.030367,-0.117433
-0.016137,-0.025618,-0.113664
-0.019826,-0.019204,-0.106755
-0.021639,-0.014284,-0.101631
-0.021514,-0.011107,-0.098880
-0.020048,-0.009191,-0.098007
-0.017843,-0.008054,-0.098515
-0.015498,-0.007215,-0.099908
-0.013612,-0.006191,-0.101689
-0.012785,-0.004501,-0.103362
-0.013617,-0.001664,-0.104432
-0.016708,0.002802,-0.104401
-0.019486,0.005835,-0.103973
-0.021394,0.007312,-0.103346
-0.022378,0.007846,-0.102589
-0.022381,0.008050,-0.101775
-0.021350,0.008535,-0.100972
-0.019230,0.009915,-0.100252
-0.015966,0.012801,-0.099685
-0.011503,0.017807,-0.099342
-0.005786,0.025545,-0.099293
0.000072,0.031947,-0.098865
0.005769,0.036332,-0.097921
0.011204,0.038867,-0.096459
0.016277,0.039717,-0.094476
0.020888,0.039048,-0.091971
0.024936,0.037025,-0.088941
0.028321,0.033814,-0.085384
0.030942,0.029582,-0.081299
0.032700,0.024493,-0.076682
0.033902,0.020275,-0.072220
0.034663,0.017228,-0.068027
0.035047,0.015300,-0.064076
0.035119,0.014437,-0.060340
0.034944,0.014584,-0.056793
0.034587,0.015689,-0.053407
0.034114,0.017696,-0.050155
0.033588,0.020552,-0.047011
0.033075,0.024203,-0.043946
0.032193,0.025788,-0.041178
0.031000,0.025001,-0.038693
0.029668,0.022180,-0.036425
0.028366,0.017662,-0.034303
0.027266,0.011782,-0.032261
0.026537,0.004877,-0.030230
0.026350,-0.002717,-0.028142
0.026876,-0.010663,-0.025928
0.028284,-0.018625,-0.023519
0.029167,-0.025139,-0.021628
0.029406,-0.029918,-0.020351
0.029203,-0.032970,-0.019635
0.028762,-0.034302,-0.019425
0.028286,-0.033921,-0.019668
0.027978,-0.031834,-0.020309
0.028041,-0.028047,-0.021294
0.028678,-0.022569,-0.022569
0.030093,-0.015406,-0.024079
0.032322,-0.008116,-0.024510
0.035130,-0.001048,-0.023821
0.038210,0.005752,-0.022292
0.041259,0.012235,-0.020200
0.043970,0.018356,-0.017826
0.046039,0.024066,-0.015448
0.047159,0.029320,-0.013345
0.047027,0.034069,-0.011796
0.045336,0.038267,-0.011079
0.043740,0.041598,-0.010618
0.042487,0.044126,-0.010284
0.041476,0.046014,-0.010065
0.040606,0.047422,-0.009946
0.039774,0.048512,-0.009912
0.038878,0.049443,-0.009951
0.037818,0.050379,-0.010046
0.036492,0.051479,-0.010186
0.034797,0.052905,-0.010354
0.032462,0.054642,-0.008806
0.029664,0.056297,-0.005686
0.026693,0.057381,-0.001614
0.023840,0.057409,0.002793
0.021397,0.055890,0.006915
0.019653,0.052339,0.010134
0.018899,0.046268,0.011831
0.019425,0.037188,0.011387
0.021523,0.024612,0.008185
0.023724,0.013723,0.005152
0.025719,0.005452,0.002877
0.027487,-0.000330,0.001363
0.029009,-0.003752,0.000613
0.030263,-0.004943,0.000628
0.031231,-0.004033,0.001413
0.031891,-0.001152,0.002971
0.032223,0.003572,0.005302
0.032207,0.010009,0.008412
0.032078,0.014976,0.011286
0.031884,0.018066,0.013763
0.031628,0.019568,0.015892
0.031313,0.019771,0.017723
0.030943,0.018963,0.019306
0.030519,0.017433,0.020690
0.030045,0.015471,0.021926
0.029523,0.013363,0.023064
0.028957,0.011400,0.024153
0.028452,0.010549,0.024770
0.027992,0.010779,0.024885
0.027532,0.011808,0.024568
0.027027,0.013354,0.023887
0.026430,0.015136,0.022913
0.025696,0.016873,0.021715
0.024779,0.018282,0.020361
0.023633,0.019082,0.018921
0.022214,0.018991,0.017465
0.020014,0.019311,0.016110
0.017132,0.020166,0.014908
0.013817,0.021384,0.013898
0.010318,0.022791,0.013114
0.006885,0.024217,0.012595
0.003767,0.025490,0.012376
0.001212,0.026437,0.012495
-0.000530,0.026887,0.012988
-0.001209,0.026668,0.013891
-0.001364,0.026498,0.015245
-0.001176,0.026511,0.016922
-0.000744,0.026691,0.018754
-0.000161,0.027022,0.020573
0.000476,0.027488,0.022213
0.001071,0.028076,0.023505
0.001528,0.028769,0.024282
0.001752,0.029551,0.024375
0.001647,0.030408,0.023617
0.001835,0.031882,0.023541
0.002375,0.033927,0.024254
0.003182,0.036352,0.025507
0.004172,0.038967,0.027051
0.005262,0.041578,0.028636
0.006367,0.043995,0.030015
0.007403,0.046027,0.030936
0.008287,0.047481,0.031151
0.008933,0.048167,0.030412
0.010139,0.048399,0.029722
0.011904,0.048242,0.029242
0.014026,0.047695,0.028918
0.016305,0.046759,0.028700
0.018541,0.045434,0.028536
0.020532,0.043720,0.028374
0.022079,0.041617,0.028161
0.022980,0.039126,0.027847
0.023036,0.036247,0.027378
0.022801,0.033549,0.027347
0.022436,0.031173,0.027748
0.022000,0.029152,0.028425
0.021553,0.027519,0.029223
0.021154,0.026307,0.029987
0.020864,0.025551,0.030563
0.020743,0.025282,0.030795
0.020850,0.025535,0.030527
0.021245,0.026343,0.029606
0.021820,0.026749,0.028489
0.022484,0.026636,0.027279
0.023147,0.026094,0.025992
0.023724,0.025216,0.024642
0.024124,0.024093,0.023243
0.024262,0.022817,0.021812
0.024048,0.021481,0.020362
0.023394,0.020175,0.018908
0.022214,0.018991,0.017465
0.021354,0.018410,0.015966
0.020920,0.018387,0.014425
0.020830,0.018743,0.012877
0.021004,0.019299,0.011357
0.021361,0.019877,0.009900
0.021820,0.020300,0.008542
0.022300,0.020389,0.007317
0.022720,0.019965,0.006260
0.022999,0.018851,0.005406
0.023431,0.017443,0.004292
0.024019,0.015901,0.002903
0.024694,0.014326,0.001335
0.025387,0.012819,-0.000314
0.026029,0.011481,-0.001947
0.026552,0.010413,-0.003468
0.026885,0.009717,-0.004779
0.026961,0.009493,-0.005783
0.026710,0.009842,-0.006383
0.026930,0.009087,-0.007396
0.027630,0.007179,-0.008837
0.028617,0.004478,-0.010520
0.029702,0.001344,-0.012260
0.030693,-0.001866,-0.013870
0.031399,-0.004792,-0.015164
0.031630,-0.007074,-0.015958
0.031193,-0.008353,-0.016064
0.029900,-0.008271,-0.015297
0.028454,-0.007870,-0.014775
0.027005,-0.007450,-0.014663
0.025565,-0.007121,-0.014885
0.024143,-0.006996,-0.015367
0.022750,-0.007186,-0.016034
0.021397,-0.007803,-0.016811
0.020095,-0.008960,-0.017625
0.018854,-0.010767,-0.018399
0.017684,-0.013338,-0.019060
0.017115,-0.016347,-0.019555
0.017133,-0.019568,-0.019881
0.017585,-0.022803,-0.020045
0.018321,-0.025851,-0.020055
0.019191,-0.028510,-0.019921
0.020044,-0.030581,-0.019651
0.020729,-0.031864,-0.019252
0.021095,-0.032157,-0.018734
0.020992,-0.031262,-0.018104
0.021412,-0.030593,-0.017494
0.022401,-0.030326,-0.016917
0.023766,-0.030327,-0.016362
0.025318,-0.030459,-0.015813
0.026864,-0.030589,-0.015260
0.028214,-0.030580,-0.014686
0.029176,-0.030297,-0.014080
0.029560,-0.029606,-0.013428
0.029172,-0.028372,-0.012716
0.028496,-0.027852,-0.012567
0.027662,-0.028107,-0.012978
0.026713,-0.028895,-0.013789
0.025690,-0.029972,-0.014840
0.024638,-0.031099,-0.015971
0.023600,-0.032033,-0.017023
0.022617,-0.032533,-0.017836
0.021734,-0.032356,-0.018249
0.020992,-0.031262,-0.018104
0.020403,-0.030766,-0.019190
0.019950,-0.030886,-0.021542
0.019613,-0.031268,-0.024758
0.019369,-0.031553,-0.028438
0.019198,-0.031386,-0.032178
0.019078,-0.030410,-0.035577
0.018987,-0.028270,-0.038233
0.018905,-0.024609,-0.039743
0.018809,-0.019071,-0.039707
