0.000000,0.000000,0.000000
0.001670,-0.010588,-0.001082
0.003086,-0.015481,-0.000677
0.004272,-0.016198,0.000669
0.005257,-0.014260,0.002409
0.006066,-0.011185,0.003999
0.006789,-0.008882,0.004779
0.007398,-0.007581,0.004752
0.007834,-0.007097,0.004087
0.008039,-0.007243,0.002954
0.007954,-0.007832,0.001519
0.007521,-0.008677,-0.000046
0.006682,-0.009592,-0.001575
0.005378,-0.010388,-0.002898
0.003550,-0.010881,-0.003847
0.001515,-0.011010,-0.005161
-0.000609,-0.010799,-0.006879
-0.002752,-0.010294,-0.008864
-0.004844,-0.009538,-0.010977
-0.006815,-0.008578,-0.013082
-0.008594,-0.007458,-0.015041
-0.010113,-0.006224,-0.016716
-0.011301,-0.004920,-0.017971
-0.012087,-0.003591,-0.018668
-0.012676,-0.001406,-0.018772
-0.013101,0.001600,-0.018404
-0.013355,0.005172,-0.017722
-0.013430,0.009056,-0.016885
-0.013321,0.012997,-0.016052
-0.013019,0.016742,-0.015379
-0.012516,0.020036,-0.015028
-0.011807,0.022625,-0.015154
-0.010883,0.024255,-0.015918
-0.010310,0.025409,-0.017362
-0.010145,0.026206,-0.019301
-0.010320,0.026676,-0.021494
-0.010766,0.026847,-0.023699
-0.011416,0.026749,-0.025674
-0.012200,0.026411,-0.027177
-0.013051,0.025863,-0.027966
-0.013900,0.025132,-0.027800
-0.014678,0.024250,-0.026436
-0.015174,0.023531,-0.024656
-0.015369,0.023026,-0.022722
-0.015294,0.022722,-0.020764
-0.014980,0.022603,-0.018915
-0.014457,0.022654,-0.017307
-0.013756,0.022860,-0.016072
-0.012906,0.023205,-0.015341
-0.011938,0.023675,-0.015245
-0.010883,0.024255,-0.015918
-0.010283,0.024586,-0.016292
-0.010141,0.024655,-0.016262
-0.010325,0.024540,-0.015960
-0.010702,0.024317,-0.015520
-0.011142,0.024063,-0.015075
-0.011512,0.023853,-0.014759
-0.011680,0.023764,-0.014706
-0.011515,0.023873,-0.015047
-0.010883,0.024255,-0.015918
-0.009831,0.024269,-0.016567
-0.008454,0.023847,-0.016896
-0.006858,0.023064,-0.016970
-0.005152,0.021996,-0.016854
-0.003443,0.020720,-0.016613
-0.001839,0.019311,-0.016311
-0.000448,0.017845,-0.016013
0.000624,0.016397,-0.015784
0.001268,0.015045,-0.015689
0.001374,0.014193,-0.015213
0.001017,0.013833,-0.014370
0.000320,0.013853,-0.013305
-0.000595,0.014142,-0.012165
-0.001605,0.014590,-0.011096
-0.002590,0.015085,-0.010242
-0.003425,0.015515,-0.009751
-0.003990,0.015769,-0.009767
-0.004161,0.015736,-0.010437
-0.004081,0.015840,-0.011451
-0.003806,0.016111,-0.012704
-0.003372,0.016478,-0.014143
-0.002813,0.016873,-0.015718
-0.002166,0.017227,-0.017376
-0.001466,0.017471,-0.019063
-0.000746,0.017535,-0.020729
-0.000044,0.017349,-0.022321
0.000606,0.016846,-0.023786
0.000999,0.016351,-0.025498
0.001159,0.015919,-0.027440
0.001166,0.015534,-0.029495
0.001101,0.015180,-0.031549
0.001044,0.014842,-0.033484
0.001077,0.014504,-0.035187
0.001279,0.014151,-0.036541
0.001731,0.013768,-0.037430
0.002513,0.013339,-0.037738
0.003849,0.012976,-0.037208
0.005645,0.012691,-0.035941
0.007732,0.012469,-0.034132
0.009940,0.012294,-0.031973
0.012098,0.012152,-0.029658
0.014035,0.012029,-0.027381
0.015583,0.011908,-0.025336
0.016569,0.011776,-0.023714
0.016825,0.011618,-0.022711
0.016306,0.011937,-0.020588
0.015186,0.012674,-0.017521
0.013695,0.013627,-0.014168
0.012061,0.014596,-0.011184
0.010514,0.015381,-0.009227
0.009283,0.015780,-0.008951
0.008598,0.015595,-0.011015
0.008687,0.014623,-0.016073
0.009780,0.012664,-0.024783
0.010857,0.010343,-0.032099
0.011784,0.007973,-0.037378
0.012649,0.005789,-0.041080
0.013537,0.004028,-0.043664
0.014537,0.002925,-0.045590
0.015734,0.002717,-0.047317
0.017215,0.003640,-0.049303
0.019069,0.005929,-0.052009
0.021380,0.009820,-0.055893
0.022988,0.014013,-0.058964
0.023988,0.018273,-0.060874
0.024790,0.022630,-0.061687
0.025804,0.027115,-0.061466
0.027439,0.031759,-0.060275
0.030106,0.036594,-0.058178
0.034214,0.041649,-0.055238
0.040173,0.046955,-0.051519
0.048394,0.052544,-0.047085
0.056913,0.057275,-0.043144
0.065151,0.061011,-0.039703
0.072872,0.063866,-0.036469
0.079842,0.065952,-0.033147
0.085826,0.067382,-0.029444
0.090590,0.068272,-0.025067
0.093898,0.068732,-0.019721
0.095516,0.068878,-0.013114
0.095209,0.068822,-0.004951
0.094645,0.068755,0.003510
0.094120,0.068377,0.011776
0.093588,0.067270,0.019546
0.093000,0.065012,0.026518
0.092310,0.061184,0.032389
0.091470,0.055365,0.036857
0.090434,0.047136,0.039621
0.089153,0.036076,0.040379
0.087582,0.021766,0.038829
0.085811,0.008670,0.036857
0.083736,-0.002390,0.034886
0.081201,-0.011504,0.032972
0.078053,-0.018761,0.031172
0.074137,-0.024251,0.029541
0.069300,-0.028064,0.028137
0.063387,-0.030289,0.027015
0.056244,-0.031017,0.026232
0.047717,-0.030336,0.025845
0.040613,-0.027354,0.024912
0.035372,-0.022348,0.023203
0.031838,-0.015885,0.020666
0.029859,-0.008535,0.017250
0.029279,-0.000864,0.012903
0.029945,0.006559,0.007572
0.031704,0.013164,0.001207
0.034400,0.018385,-0.006245
0.037880,0.021653,-0.014835
0.040305,0.021937,-0.022750
0.041369,0.019747,-0.029888
0.041146,0.015977,-0.036569
0.039711,0.011521,-0.043117
0.037139,0.007272,-0.049855
0.033505,0.004123,-0.057105
0.028884,0.002970,-0.065189
0.023351,0.004706,-0.074432
0.016981,0.010224,-0.085154
0.012006,0.017364,-0.095733
0.008611,0.025353,-0.105159
0.006471,0.033763,-0.112574
0.005258,0.042167,-0.117119
0.004647,0.050138,-0.117938
0.004311,0.057248,-0.114173
0.003923,0.063071,-0.104965
0.003159,0.067178,-0.089458
0.001690,0.069143,-0.066793
0.001957,0.069830,-0.040266
0.003885,0.069581,-0.012248
0.006772,0.068605,0.015120
0.009916,0.067112,0.039697
0.012614,0.065311,0.059342
0.014164,0.063413,0.071915
0.013864,0.061627,0.075275
0.011011,0.060163,0.067282
0.004903,0.059231,0.045794
-0.000314,0.059262,0.025256
-0.004081,0.060178,0.008620
-0.006733,0.061775,-0.004034
-0.008606,0.063847,-0.012630
-0.010035,0.066189,-0.017087
-0.011357,0.068595,-0.017328
-0.012908,0.070861,-0.013274
-0.015022,0.072782,-0.004846
-0.018036,0.074152,0.008033
-0.020151,0.074163,0.020132
-0.020993,0.072861,0.030235
-0.020547,0.070503,0.038130
-0.018797,0.067347,0.043605
-0.015729,0.063652,0.046449
-0.011325,0.059674,0.046451
-0.005571,0.055672,0.043399
0.001549,0.051903,0.037081
0.010050,0.048625,0.027286
0.016470,0.046652,0.018641
0.020707,0.045719,0.012110
0.023505,0.045297,0.007742
0.025607,0.044853,0.005587
0.027755,0.043857,0.005693
0.030691,0.041776,0.008109
0.035159,0.038081,0.012886
0.041900,0.032239,0.020070
0.051657,0.023719,0.029713
0.060022,0.018231,0.039781
0.066211,0.016267,0.049446
0.070348,0.017017,0.058183
0.072557,0.019671,0.065463
0.072961,0.023418,0.070759
0.071685,0.027449,0.073545
0.068852,0.030952,0.073294
0.064585,0.033118,0.069477
0.059009,0.033135,0.061569
0.055450,0.036894,0.052623
0.054232,0.044624,0.043456
0.054928,0.055142,0.034321
0.057113,0.067264,0.025473
0.060358,0.079807,0.017165
0.064237,0.091586,0.009653
0.068324,0.101418,0.003190
0.072192,0.108119,-0.001968
0.075415,0.110506,-0.005568
0.075754,0.107277,-0.008212
0.073335,0.098837,-0.010152
0.068874,0.086015,-0.011554
0.063087,0.069642,-0.012584
0.056689,0.050546,-0.013406
0.050396,0.029558,-0.014187
0.044925,0.007508,-0.015092
0.040990,-0.014775,-0.016287
0.039307,-0.036461,-0.017936
0.038018,-0.054877,-0.018488
0.036460,-0.069769,-0.017697
0.034273,-0.081490,-0.015648
0.031096,-0.090393,-0.012422
0.026568,-0.096828,-0.008103
0.020327,-0.101149,-0.002775
0.012013,-0.103708,0.003481
0.001265,-0.104857,0.010581
-0.012279,-0.104947,0.018441
-0.026044,-0.105153,0.024973
-0.038875,-0.105501,0.030107
-0.049972,-0.105728,0.034280
-0.058536,-0.105576,0.037928
-0.063766,-0.104783,0.041487
-0.064863,-0.103088,0.045394
-0.061026,-0.100231,0.050085
-0.051456,-0.095950,0.055997
-0.035352,-0.089985,0.063565
-0.017389,-0.083024,0.068237
0.000956,-0.075206,0.069746
0.019003,-0.066538,0.068901
0.036074,-0.057024,0.066508
0.051490,-0.046669,0.063375
0.064570,-0.035478,0.060309
0.074637,-0.023456,0.058117
0.081010,-0.010607,0.057607
0.083012,0.003062,0.059585
0.084031,0.011724,0.059986
0.084743,0.014914,0.058219
0.085142,0.013510,0.054564
0.085225,0.008390,0.049302
0.084986,0.000429,0.042712
0.084421,-0.009493,0.035074
0.083525,-0.020501,0.026669
0.082295,-0.031716,0.017776
0.080725,-0.042261,0.008675
0.078420,-0.050027,0.000146
0.075476,-0.054579,-0.007155
0.072111,-0.055898,-0.012604
0.068542,-0.053966,-0.015576
0.064988,-0.048767,-0.015445
0.061665,-0.040280,-0.011586
0.058792,-0.028490,-0.003374
0.056586,-0.013378,0.009815
0.055266,0.005075,0.028607
0.054285,0.020377,0.043569
0.053452,0.031463,0.053427
0.052665,0.038622,0.058947
0.051822,0.042144,0.060895
0.050821,0.042317,0.060036
0.049561,0.039431,0.057136
0.047940,0.033774,0.052962
0.045855,0.025638,0.048278
0.043205,0.015310,0.043852
0.040494,0.005333,0.040444
0.037936,-0.003916,0.037758
0.035675,-0.012600,0.035232
0.033854,-0.020881,0.032303
0.032615,-0.028922,0.028410
0.032101,-0.036887,0.022990
0.032455,-0.044938,0.015481
0.033820,-0.053238,0.005320
0.036339,-0.061950,-0.008054
0.037941,-0.072371,-0.020679
0.038444,-0.084118,-0.031731
0.038143,-0.096394,-0.041175
0.037330,-0.108397,-0.048972
0.036300,-0.119330,-0.055087
0.035343,-0.128392,-0.059481
0.034755,-0.134784,-0.062117
0.034828,-0.137706,-0.062959
0.035855,-0.136360,-0.061969
0.038457,-0.133087,-0.060276
0.042384,-0.128688,-0.058187
0.047168,-0.123575,-0.055808
0.052342,-0.118159,-0.053242
0.057438,-0.112855,-0.050595
0.061988,-0.108074,-0.047970
0.065524,-0.104229,-0.045472
0.067579,-0.101733,-0.043205
0.067686,-0.100999,-0.041274
0.065434,-0.100559,-0.039562
0.061020,-0.099888,-0.038075
0.054795,-0.098691,-0.036847
0.047105,-0.096676,-0.035914
0.038301,-0.093550,-0.035310
0.028730,-0.089021,-0.035072
0.018742,-0.082795,-0.035234
0.008685,-0.074581,-0.035830
-0.001093,-0.064084,-0.036897
-0.009037,-0.056991,-0.037333
-0.015077,-0.053377,-0.037034
-0.019510,-0.051912,-0.036145
-0.022638,-0.051265,-0.034810
-0.024758,-0.050109,-0.033175
-0.026171,-0.047113,-0.031385
-0.027174,-0.040947,-0.029586
-0.028067,-0.030283,-0.027921
-0.029150,-0.013790,-0.026536
-0.030825,0.005414,-0.025926
-0.032854,0.025855,-0.026039
-0.034838,0.046473,-0.026686
-0.036381,0.066206,-0.027678
-0.037083,0.083994,-0.028827
-0.036547,0.098773,-0.029944
-0.034374,0.109484,-0.030841
-0.030167,0.115065,-0.031328
-0.023528,0.114455,-0.031217
-0.017821,0.113666,-0.031483
-0.013612,0.113579,-0.031998
-0.010763,0.113788,-0.032362
-0.009140,0.113890,-0.032173
-0.008606,0.113480,-0.031031
-0.009026,0.112153,-0.028535
-0.010265,0.109505,-0.024283
-0.012187,0.105132,-0.017874
-0.014655,0.098630,-0.008908
-0.015969,0.091367,0.000640
-0.015955,0.083716,0.010194
-0.014823,0.075804,0.019530
-0.012780,0.067755,0.028424
-0.010034,0.059695,0.036650
-0.006796,0.051749,0.043985
-0.003272,0.044044,0.050203
0.000329,0.036703,0.055081
0.003797,0.029852,0.058393
0.008346,0.023392,0.058402
0.014013,0.017492,0.055286
0.020543,0.012389,0.049702
0.027682,0.008317,0.042308
0.035174,0.005515,0.033762
0.042763,0.004217,0.024721
0.050195,0.004661,0.015842
0.057215,0.007083,0.007784
0.063568,0.011719,0.001203
0.067589,0.018137,-0.004949
0.069234,0.025755,-0.010736
0.068865,0.033953,-0.015980
0.066845,0.042111,-0.020498
0.063536,0.049609,-0.024112
0.059298,0.055827,-0.026641
0.054494,0.060145,-0.027905
0.049486,0.061943,-0.027723
0.044636,0.060600,-0.025915
0.041626,0.058643,-0.022222
0.040248,0.056551,-0.016834
0.039819,0.054292,-0.010056
0.039657,0.051833,-0.002193
0.039079,0.049143,0.006452
0.037403,0.046188,0.015574
0.033946,0.042937,0.024870
0.028026,0.039357,0.034034
0.018960,0.035416,0.042764
0.008369,0.033402,0.051812
-0.002995,0.033161,0.060714
-0.014596,0.033934,0.068704
-0.025900,0.034958,0.075013
-0.036370,0.035473,0.078874
-0.045471,0.034716,0.079520
-0.052667,0.031926,0.076182
-0.057423,0.026343,0.068093
-0.059203,0.017204,0.054486
-0.058728,0.009686,0.040336
-0.056556,0.004618,0.026830
-0.053207,0.001745,0.014206
-0.049200,0.000809,0.002703
-0.045054,0.001554,-0.007441
-0.041289,0.003723,-0.015987
-0.038425,0.007059,-0.022698
-0.036979,0.011307,-0.027335
-0.037472,0.016209,-0.029658
-0.037546,0.020424,-0.029705
-0.036936,0.023857,-0.027706
-0.035903,0.026723,-0.023937
-0.034704,0.029237,-0.018679
-0.033601,0.031616,-0.012208
-0.032852,0.034075,-0.004804
-0.032717,0.036829,0.003256
-0.033456,0.040094,0.011693
-0.035327,0.044085,0.020228
-0.036184,0.047880,0.027690
-0.035792,0.051244,0.033938
-0.034393,0.054114,0.039094
-0.032230,0.056426,0.043277
-0.029547,0.058119,0.046608
-0.026585,0.059129,0.049207
-0.023588,0.059392,0.051193
-0.020799,0.058847,0.052686
-0.018460,0.057429,0.053808
-0.015276,0.057942,0.055383
-0.011083,0.060371,0.057358
-0.006002,0.063998,0.059457
-0.000153,0.068105,0.061405
0.006345,0.071973,0.062928
0.013370,0.074884,0.063750
0.020803,0.076119,0.063597
0.028524,0.074960,0.062194
0.036413,0.070689,0.059265
0.042443,0.063516,0.051305
0.046374,0.053828,0.038947
0.048410,0.042057,0.023861
0.048755,0.028633,0.007716
0.047614,0.013989,-0.007818
0.045191,-0.001445,-0.021073
0.041692,-0.017237,-0.030377
0.037319,-0.032955,-0.034063
0.032279,-0.048169,-0.030461
0.029787,-0.059082,-0.023544
0.029957,-0.065326,-0.014588
0.032126,-0.067393,-0.004195
0.035630,-0.065773,0.007034
0.039806,-0.060958,0.018499
0.043992,-0.053436,0.029597
0.047524,-0.043700,0.039729
0.049739,-0.032239,0.048293
0.049974,-0.019545,0.054688
0.049250,-0.007987,0.058675
0.047911,0.002113,0.060427
0.046135,0.010947,0.060219
0.044098,0.018706,0.058328
0.041979,0.025583,0.055028
0.039954,0.031769,0.050596
0.038200,0.037454,0.045307
0.036894,0.042832,0.039435
0.036213,0.048093,0.033258
0.036164,0.051556,0.028556
0.036474,0.053125,0.025574
0.036807,0.053105,0.024170
0.036824,0.051795,0.024206
0.036184,0.049500,0.025539
0.034551,0.046520,0.028030
0.031584,0.043158,0.031538
0.026945,0.039717,0.035922
0.020296,0.036498,0.041044
0.010752,0.031370,0.044362
-0.001184,0.024371,0.045784
-0.014662,0.016083,0.045825
-0.028833,0.007084,0.045000
-0.042849,-0.002044,0.043825
-0.055859,-0.010720,0.042816
-0.067015,-0.018364,0.042489
-0.075468,-0.024396,0.043360
-0.080368,-0.028235,0.045945
-0.084072,-0.027220,0.047940
-0.086979,-0.022026,0.048959
-0.088998,-0.014161,0.049096
-0.090035,-0.005137,0.048443
-0.090000,0.003539,0.047095
-0.088801,0.010356,0.045143
-0.086345,0.013806,0.042682
-0.082542,0.012378,0.039804
-0.077298,0.004564,0.036603
-0.071925,-0.006372,0.033132
-0.066779,-0.019167,0.029593
-0.061977,-0.033060,0.026222
-0.057639,-0.047288,0.023259
-0.053882,-0.061089,0.020940
-0.050825,-0.073702,0.019503
-0.048586,-0.084365,0.019187
-0.047282,-0.092316,0.020228
-0.047033,-0.096792,0.022866
-0.045876,-0.099996,0.027661
-0.043861,-0.102548,0.033986
-0.041541,-0.104680,0.040916
-0.039470,-0.106619,0.047523
-0.038200,-0.108596,0.052881
-0.038286,-0.110840,0.056066
-0.040280,-0.113580,0.056151
-0.044735,-0.117045,0.052209
-0.052206,-0.121464,0.043315
-0.060343,-0.122876,0.032693
-0.068400,-0.120680,0.021443
-0.076032,-0.115116,0.010135
-0.082890,-0.106422,-0.000660
-0.088630,-0.094839,-0.010371
-0.092904,-0.080606,-0.018428
-0.095367,-0.063962,-0.024261
-0.095671,-0.045146,-0.027300
-0.093471,-0.024399,-0.026973
-0.092067,-0.004110,-0.026218
-0.091580,0.014898,-0.025666
-0.091335,0.032196,-0.025374
-0.090659,0.047354,-0.025396
-0.088878,0.059942,-0.025790
-0.085318,0.069532,-0.026610
-0.079305,0.075693,-0.027912
-0.070164,0.077995,-0.029752
-0.057222,0.076010,-0.032186
-0.046635,0.074270,-0.033106
-0.039281,0.073367,-0.032577
-0.034717,0.072909,-0.031211
-0.032500,0.072504,-0.029618
-0.032188,0.071757,-0.028409
-0.033339,0.070278,-0.028193
-0.035509,0.067673,-0.029582
-0.038256,0.063551,-0.033186
-0.041138,0.057517,-0.039616
-0.042170,0.052267,-0.046285
-0.041271,0.048247,-0.052546
-0.038836,0.045340,-0.058232
-0.035257,0.043431,-0.063176
-0.030930,0.042404,-0.067214
-0.026247,0.042143,-0.070180
-0.021603,0.042533,-0.071907
-0.017392,0.043456,-0.072230
-0.014008,0.044798,-0.070982
-0.011898,0.047179,-0.066873
-0.011041,0.050461,-0.060085
-0.011301,0.054317,-0.051167
-0.012540,0.058421,-0.040669
-0.014622,0.062447,-0.029142
-0.017410,0.066067,-0.017135
-0.020765,0.068956,-0.005199
-0.024552,0.070787,0.006116
-0.028633,0.071232,0.016260
-0.032119,0.067942,0.025439
-0.034819,0.061280,0.033629
-0.036716,0.052286,0.040744
-0.037796,0.042002,0.046699
-0.038041,0.031466,0.051412
-0.037436,0.021722,0.054796
-0.035964,0.013808,0.056769
-0.033610,0.008766,0.057245
-0.030356,0.007637,0.056140
-0.028245,0.007500,0.054898
-0.027276,0.007716,0.054019
-0.026940,0.008214,0.053770
-0.026728,0.008926,0.054419
-0.026129,0.009781,0.056232
-0.024634,0.010710,0.059476
-0.021734,0.011644,0.064417
-0.016919,0.012513,0.071323
-0.009680,0.013247,0.080459
-0.001462,0.014230,0.086278
0.007177,0.015312,0.088237
0.015903,0.016213,0.087051
0.024382,0.016654,0.083432
0.032281,0.016354,0.078092
0.039265,0.015031,0.071744
0.044999,0.012407,0.065101
0.049150,0.008200,0.058875
0.051384,0.002129,0.053778
0.052763,-0.003301,0.049046
0.053544,-0.007676,0.044388
0.053783,-0.011101,0.039628
0.053537,-0.013683,0.034594
0.052862,-0.015529,0.029111
0.051814,-0.016744,0.023004
0.050449,-0.017434,0.016101
0.048824,-0.017706,0.008227
0.046994,-0.017666,-0.000793
0.043755,-0.018488,-0.010556
0.039107,-0.020248,-0.020699
0.033351,-0.022748,-0.030869
0.026791,-0.025790,-0.040710
0.019728,-0.029175,-0.049869
0.012464,-0.032705,-0.057992
0.005300,-0.036180,-0.064723
-0.001460,-0.039404,-0.069710
-0.007514,-0.042178,-0.072598
-0.012707,-0.044823,-0.074126
-0.017085,-0.047017,-0.074466
-0.020750,-0.048280,-0.073645
-0.023802,-0.048130,-0.071690
-0.026342,-0.046085,-0.068629
-0.028469,-0.041664,-0.064488
-0.030284,-0.034385,-0.059296
-0.031888,-0.023767,-0.053080
-0.033381,-0.009329,-0.045868
-0.034616,0.001847,-0.039241
-0.035400,0.008784,-0.033561
-0.035527,0.012034,-0.028887
-0.034791,0.012150,-0.025275
-0.032987,0.009684,-0.022781
-0.029909,0.005187,-0.021464
-0.025350,-0.000787,-0.021379
-0.019106,-0.007688,-0.022586
-0.010969,-0.014962,-0.025139
-0.001356,-0.021690,-0.028045
0.009389,-0.027808,-0.030609
0.020938,-0.033471,-0.032210
0.032961,-0.038830,-0.032227
0.045132,-0.044039,-0.030041
0.057120,-0.049251,-0.025030
0.068598,-0.054618,-0.016574
0.079238,-0.060294,-0.004052
0.088711,-0.066430,0.013155
0.094052,-0.071950,0.028765
0.095306,-0.076584,0.041800
0.093269,-0.080265,0.052607
0.088737,-0.082925,0.061536
0.082507,-0.084497,0.068935
0.075375,-0.084913,0.075153
0.068138,-0.084106,0.080538
0.061593,-0.082009,0.085438
0.056534,-0.078554,0.090203
0.056090,-0.079943,0.092494
0.059733,-0.085983,0.092397
0.066020,-0.094890,0.090603
0.073511,-0.104873,0.087801
0.080764,-0.114147,0.084683
0.086337,-0.120924,0.081939
0.088789,-0.123416,0.080259
0.086678,-0.119835,0.080335
0.078562,-0.108395,0.082856
0.072045,-0.096220,0.084789
0.068118,-0.084925,0.085401
0.066125,-0.074742,0.084534
0.065406,-0.065907,0.082028
0.065303,-0.058653,0.077726
0.065158,-0.053215,0.071469
0.064312,-0.049827,0.063099
0.062107,-0.048724,0.052457
0.057884,-0.050140,0.039386
0.052128,-0.049602,0.028058
0.045062,-0.046838,0.018830
0.036848,-0.042622,0.011102
0.027643,-0.037730,0.004275
0.017609,-0.032936,-0.002250
0.006905,-0.029016,-0.009072
-0.004310,-0.026744,-0.016790
-0.015875,-0.026898,-0.026004
-0.027630,-0.030250,-0.037312
-0.038835,-0.035730,-0.047621
-0.049640,-0.042441,-0.056128
-0.060419,-0.049527,-0.062606
-0.071546,-0.056135,-0.066827
-0.083397,-0.061410,-0.068563
-0.096346,-0.064498,-0.067586
-0.110766,-0.064545,-0.063667
-0.127032,-0.060696,-0.056579
-0.145519,-0.052097,-0.046094
-0.161546,-0.046881,-0.032653
-0.174466,-0.046212,-0.017218
-0.184641,-0.049517,-0.000880
-0.192433,-0.056221,0.015269
-0.198204,-0.065748,0.030136
-0.202316,-0.077525,0.042630
-0.205130,-0.090976,0.051659
-0.207009,-0.105527,0.056132
-0.208315,-0.120602,0.054955
-0.209587,-0.132691,0.052734
-0.210691,-0.141632,0.050537
-0.211322,-0.148098,0.048551
-0.211176,-0.152763,0.046960
-0.209948,-0.156301,0.045951
-0.207334,-0.159387,0.045709
-0.203029,-0.162694,0.046420
-0.196730,-0.166896,0.048269
-0.188131,-0.172667,0.051443
-0.177286,-0.177088,0.055176
-0.164498,-0.179923,0.059092
-0.150130,-0.181607,0.062910
-0.134547,-0.182574,0.066349
-0.118112,-0.183261,0.069129
-0.101191,-0.184100,0.070969
-0.084147,-0.185528,0.071589
-0.067345,-0.187980,0.070706
-0.051148,-0.191889,0.068042
-0.034595,-0.197429,0.063018
-0.018089,-0.203895,0.056144
-0.002371,-0.210369,0.048207
0.011815,-0.215929,0.039990
0.023728,-0.219654,0.032277
0.032624,-0.220624,0.025854
0.037762,-0.217917,0.021504
0.038399,-0.210613,0.020013
0.033792,-0.197791,0.022164
0.027838,-0.187015,0.023153
0.021439,-0.179117,0.022385
0.014742,-0.173244,0.020324
0.007899,-0.168545,0.017430
0.001059,-0.164166,0.014164
-0.005627,-0.159257,0.010989
-0.012010,-0.152965,0.008365
-0.017940,-0.144437,0.006753
-0.023267,-0.132823,0.006615
-0.027381,-0.123492,0.006542
-0.030315,-0.116900,0.006310
-0.032268,-0.112269,0.005993
-0.033435,-0.108823,0.005665
-0.034014,-0.105786,0.005400
-0.034202,-0.102381,0.005271
-0.034195,-0.097833,0.005353
-0.034189,-0.091365,0.005718
-0.034382,-0.082201,0.006441
-0.034162,-0.072913,0.007548
-0.033550,-0.064138,0.008990
-0.032723,-0.056030,0.010700
-0.031859,-0.048742,0.012612
-0.031136,-0.042429,0.014658
-0.030733,-0.037244,0.016772
-0.030827,-0.033340,0.018886
-0.031597,-0.030872,0.020934
-0.033221,-0.029993,0.022848
-0.034182,-0.026661,0.021829
-0.034331,-0.020892,0.017743
-0.033862,-0.013714,0.011126
-0.032970,-0.006157,0.002513
-0.031849,0.000751,-0.007563
-0.030693,0.005981,-0.018566
-0.029696,0.008503,-0.029961
-0.029051,0.007289,-0.041214
-0.028954,0.001309,-0.051791
-0.030765,-0.004422,-0.059491
-0.034398,-0.009063,-0.064205
-0.039399,-0.012817,-0.066345
-0.045319,-0.015886,-0.066326
-0.051706,-0.018474,-0.064559
-0.058109,-0.020783,-0.061456
-0.064077,-0.023016,-0.057432
-0.069159,-0.025376,-0.052899
-0.072904,-0.028066,-0.048269
-0.075966,-0.029685,-0.044436
-0.078327,-0.030172,-0.041513
-0.079797,-0.029796,-0.039416
-0.080188,-0.028828,-0.038065
-0.079310,-0.027538,-0.037376
-0.076976,-0.026197,-0.037267
-0.072996,-0.025076,-0.037656
-0.067181,-0.024446,-0.038461
-0.059345,-0.024576,-0.039598
-0.050851,-0.030405,-0.041552
-0.042163,-0.041533,-0.044068
-0.033516,-0.056226,-0.046706
-0.025147,-0.072749,-0.049028
-0.017292,-0.089370,-0.050594
-0.010187,-0.104353,-0.050964
-0.004068,-0.115964,-0.049699
0.000829,-0.122470,-0.046360
0.004269,-0.122135,-0.040508
0.004684,-0.120438,-0.035619
0.002065,-0.118475,-0.031747
-0.003207,-0.116248,-0.028091
-0.010754,-0.113757,-0.023849
-0.020194,-0.111003,-0.018219
-0.031149,-0.107989,-0.010399
-0.043239,-0.104714,0.000413
-0.056084,-0.101181,0.015018
-0.069304,-0.097390,0.034217
-0.081770,-0.090922,0.050815
-0.093270,-0.082092,0.063605
-0.103819,-0.071894,0.072878
-0.113434,-0.061325,0.078928
-0.122131,-0.051381,0.082045
-0.129925,-0.043058,0.082523
-0.136832,-0.037352,0.080653
-0.142869,-0.035259,0.076727
-0.148051,-0.037775,0.071037
-0.151372,-0.040175,0.069246
-0.152906,-0.041400,0.071607
-0.153002,-0.041309,0.077021
-0.152007,-0.039761,0.084390
-0.150268,-0.036614,0.092613
-0.148133,-0.031725,0.100592
-0.145947,-0.024954,0.107229
-0.144059,-0.016159,0.111424
-0.142816,-0.005198,0.112079
-0.144097,0.005940,0.113194
-0.147791,0.016521,0.114924
-0.153287,0.026120,0.116463
-0.159972,0.034317,0.117001
-0.167237,0.040688,0.115733
-0.174471,0.044812,0.111849
-0.181062,0.046264,0.104544
-0.186400,0.044624,0.093009
-0.189874,0.039469,0.076438
-0.192010,0.036709,0.058696
-0.193013,0.037208,0.040952
-0.193008,0.040568,0.023699
-0.192117,0.046393,0.007432
-0.190465,0.054284,-0.007356
-0.188176,0.063844,-0.020172
-0.185374,0.074675,-0.030520
-0.182182,0.086381,-0.037909
-0.178724,0.098562,-0.041843
-0.174366,0.102105,-0.044163
-0.169131,0.096565,-0.045259
-0.163203,0.083667,-0.045160
-0.156766,0.065137,-0.043895
-0.150007,0.042700,-0.041493
-0.143111,0.018080,-0.037983
-0.136261,-0.006997,-0.033392
-0.129644,-0.030807,-0.027751
-0.123445,-0.051624,-0.021087
-0.117963,-0.068251,-0.015866
-0.113180,-0.080869,-0.012353
-0.108998,-0.090005,-0.010267
-0.105319,-0.096185,-0.009328
-0.102044,-0.099933,-0.009252
-0.099077,-0.101777,-0.009758
-0.096318,-0.102242,-0.010565
-0.093670,-0.101855,-0.011391
-0.091035,-0.101141,-0.011953
-0.087822,-0.100677,-0.011757
-0.084095,-0.100468,-0.010851
-0.080084,-0.100376,-0.009419
-0.076018,-0.100261,-0.007647
-0.072124,-0.099984,-0.005719
-0.068631,-0.099408,-0.003821
-0.065768,-0.098393,-0.002136
-0.063764,-0.096801,-0.000850
-0.062846,-0.094492,-0.000148
-0.063162,-0.091654,0.000299
-0.064459,-0.088626,0.000642
-0.066389,-0.085787,0.000988
-0.068603,-0.083513,0.001443
-0.070752,-0.082184,0.002115
-0.072486,-0.082176,0.003110
-0.073456,-0.083867,0.004536
-0.073314,-0.087636,0.006500
-0.071709,-0.093859,0.009108
-0.069414,-0.097223,0.012643
-0.066719,-0.097268,0.016939
-0.063792,-0.094745,0.021715
-0.060804,-0.090406,0.026692
-0.057923,-0.085004,0.031588
-0.055321,-0.079290,0.036125
-0.053165,-0.074018,0.040023
-0.051625,-0.069939,0.043000
-0.050871,-0.067805,0.044778
-0.050224,-0.066092,0.047945
-0.049529,-0.064312,0.052430
-0.048761,-0.062233,0.057495
-0.047896,-0.059625,0.062404
-0.046911,-0.056257,0.066419
-0.045783,-0.051900,0.068803
-0.044486,-0.046322,0.068820
-0.042997,-0.039293,0.065731
-0.041292,-0.030583,0.058800
-0.039876,-0.020347,0.053290
-0.038812,-0.009002,0.049839
-0.038055,0.002968,0.047933
-0.037557,0.015083,0.047056
-0.037273,0.026859,0.046691
-0.037156,0.037816,0.046324
-0.037159,0.047469,0.045438
-0.037236,0.055338,0.043518
-0.037342,0.060940,0.040048
-0.037094,0.064510,0.043607
-0.036401,0.066387,0.054016
-0.035246,0.066932,0.068912
-0.033609,0.066509,0.085928
-0.031471,0.065479,0.102698
-0.028814,0.064205,0.116857
-0.025619,0.063050,0.126040
-0.021867,0.062376,0.127880
-0.017540,0.062546,0.120013
-0.014870,0.062008,0.104450
-0.013975,0.060719,0.083205
-0.014444,0.059013,0.058292
-0.015864,0.057224,0.031725
-0.017824,0.055686,0.005518
-0.019912,0.054734,-0.018314
-0.021717,0.054701,-0.037758
-0.022827,0.055921,-0.050800
-0.022830,0.058728,-0.055426
-0.021744,0.060139,-0.057439
-0.019828,0.059996,-0.057887
-0.017404,0.058850,-0.056626
-0.014790,0.057250,-0.053515
-0.012309,0.055747,-0.048409
-0.010280,0.054890,-0.041166
-0.009023,0.055231,-0.031645
-0.008860,0.057318,-0.019700
-0.010110,0.061703,-0.005191
-0.013699,0.064979,0.009772
-0.018843,0.066852,0.024127
-0.024331,0.067808,0.037074
-0.028953,0.068328,0.047812
-0.031500,0.068896,0.055541
-0.030760,0.069998,0.059462
-0.025524,0.072115,0.058774
-0.014582,0.075733,0.052676
0.003278,0.081334,0.040370
0.023505,0.086477,0.026632
0.044727,0.090791,0.012660
0.066368,0.094423,-0.001240
0.087852,0.097522,-0.014763
0.108602,0.100235,-0.027606
0.128040,0.102709,-0.039463
0.145592,0.105093,-0.050030
0.160680,0.107532,-0.059002
0.172727,0.110176,-0.066074
0.178524,0.111699,-0.070365
0.178414,0.112020,-0.072102
0.173628,0.111373,-0.071786
0.165397,0.109988,-0.069920
0.154953,0.108098,-0.067006
0.143525,0.105936,-0.063548
0.132345,0.103733,-0.060048
0.122645,0.101721,-0.057009
0.115654,0.100132,-0.054933
0.110774,0.099110,-0.053433
0.107434,0.098883,-0.052218
0.105076,0.099701,-0.051016
0.103137,0.101815,-0.049558
0.101059,0.105475,-0.047573
0.098280,0.110930,-0.044792
0.094241,0.118432,-0.040944
0.088380,0.128230,-0.035759
0.080137,0.140574,-0.028967
0.071881,0.154531,-0.020757
0.064164,0.168705,-0.011721
0.057083,0.181587,-0.002550
0.050736,0.191668,0.006064
0.045222,0.197436,0.013429
0.040638,0.197382,0.018854
0.037083,0.189996,0.021647
0.034654,0.173768,0.021116
0.033449,0.147188,0.016569
0.031361,0.118948,0.012033
0.028042,0.091093,0.008360
0.023583,0.064011,0.005609
0.018074,0.038086,0.003837
0.011607,0.013706,0.003103
0.004271,-0.008745,0.003466
-0.003841,-0.028880,0.004984
-0.012638,-0.046312,0.007715
-0.022031,-0.060657,0.011718
-0.029569,-0.069975,0.015195
-0.035003,-0.074672,0.017880
-0.038634,-0.075741,0.019889
-0.040764,-0.074174,0.021340
-0.041694,-0.070963,0.022348
-0.041724,-0.067102,0.023030
-0.041157,-0.063582,0.023503
-0.040294,-0.061396,0.023883
-0.039435,-0.061535,0.024286
-0.038154,-0.061428,0.023419
-0.036377,-0.060442,0.021309
-0.034120,-0.058432,0.018316
-0.031397,-0.055252,0.014798
-0.028226,-0.050755,0.011115
-0.024621,-0.044796,0.007626
-0.020597,-0.037230,0.004690
-0.016170,-0.027909,0.002666
-0.011356,-0.016688,0.001914
-0.006993,-0.003287,0.000964
-0.003268,0.011569,-0.000444
-0.000203,0.026906,-0.002273
0.002180,0.041746,-0.004484
0.003859,0.055113,-0.007037
0.004811,0.066031,-0.009894
0.005013,0.073525,-0.013015
0.004444,0.076618,-0.016361
0.003081,0.074334,-0.019895
0.000598,0.072221,-0.024322
-0.002996,0.070834,-0.029204
-0.007608,0.069478,-0.033814
-0.013145,0.067462,-0.037428
-0.019515,0.064090,-0.039319
-0.026623,0.058669,-0.038763
-0.034376,0.050507,-0.035033
-0.042683,0.038908,-0.027403
-0.051448,0.023181,-0.015149
-0.057485,0.007606,-0.004315
-0.060464,-0.006793,0.003706
-0.060768,-0.019805,0.008688
-0.058784,-0.031220,0.010403
-0.054897,-0.040830,0.008624
-0.049491,-0.048425,0.003125
-0.042953,-0.053794,-0.006324
-0.035665,-0.056728,-0.019948
-0.028015,-0.057017,-0.037975
-0.023007,-0.058416,-0.056121
-0.020674,-0.061042,-0.072835
-0.020307,-0.064104,-0.087250
-0.021196,-0.066812,-0.098496
-0.022633,-0.068374,-0.105706
-0.023908,-0.067999,-0.108011
-0.024312,-0.064897,-0.104544
-0.023134,-0.058276,-0.094435
-0.019667,-0.047345,-0.076817
-0.016161,-0.034541,-0.060039
-0.012999,-0.021222,-0.045723
-0.010094,-0.008480,-0.033811
-0.007359,0.002595,-0.024243
-0.004708,0.010912,-0.016960
-0.002054,0.015382,-0.011903
0.000688,0.014913,-0.009012
0.003606,0.008415,-0.008227
0.006785,-0.005202,-0.009491
0.010018,-0.018975,-0.011038
0.013291,-0.031483,-0.012718
0.016638,-0.042692,-0.014782
0.020095,-0.052568,-0.017480
0.023696,-0.061075,-0.021062
0.027476,-0.068179,-0.025781
0.031471,-0.073847,-0.031887
0.035716,-0.078043,-0.039631
0.040244,-0.080733,-0.049263
0.046083,-0.082175,-0.059156
0.053165,-0.082511,-0.068953
0.061149,-0.081856,-0.078614
0.069694,-0.080324,-0.088102
0.078456,-0.078029,-0.097376
0.087096,-0.075084,-0.106399
0.095272,-0.071604,-0.115130
0.102641,-0.067703,-0.123531
0.108864,-0.063494,-0.131564
0.112559,-0.059847,-0.136274
0.113753,-0.056866,-0.137319
0.112826,-0.054465,-0.135009
0.110155,-0.052558,-0.129654
0.106119,-0.051057,-0.121564
0.101097,-0.049877,-0.111049
0.095467,-0.048931,-0.098418
0.089607,-0.048133,-0.083982
0.083896,-0.047397,-0.068051
0.078709,-0.045151,-0.053687
0.074159,-0.041395,-0.041587
0.070289,-0.036518,-0.031860
0.067146,-0.030913,-0.024613
0.064774,-0.024970,-0.019952
0.063220,-0.019081,-0.017985
0.062528,-0.013635,-0.018819
0.062743,-0.009025,-0.022562
0.063912,-0.005642,-0.029319
0.065525,-0.002802,-0.036458
0.067291,-0.000325,-0.043062
0.068971,0.001843,-0.048644
0.070325,0.003755,-0.052718
0.071115,0.005465,-0.054795
0.071102,0.007029,-0.054390
0.070046,0.008499,-0.051015
0.067709,0.009930,-0.044183
0.063852,0.011375,-0.033407
0.060154,0.011570,-0.024470
0.057112,0.010614,-0.018673
0.054928,0.008948,-0.016203
0.053801,0.007010,-0.017244
0.053932,0.005243,-0.021979
0.055523,0.004086,-0.030594
0.058774,0.003979,-0.043272
0.063886,0.005363,-0.060200
0.071059,0.008678,-0.081560
0.077856,0.011466,-0.100264
0.083767,0.013385,-0.115189
0.088767,0.014626,-0.126702
0.092830,0.015376,-0.135170
0.095930,0.015824,-0.140961
0.098041,0.016158,-0.144442
0.099139,0.016568,-0.145980
0.099196,0.017241,-0.145943
0.098188,0.018368,-0.144699
0.097248,0.018630,-0.143179
0.096398,0.018034,-0.141455
0.095382,0.016913,-0.139377
0.093943,0.015603,-0.136800
0.091823,0.014437,-0.133575
0.088767,0.013750,-0.129557
0.084517,0.013878,-0.124596
0.078817,0.015154,-0.118548
0.071410,0.017913,-0.111263
0.063058,0.017825,-0.103588
0.054190,0.014490,-0.095269
0.045152,0.008490,-0.085780
0.036290,0.000405,-0.074595
0.027949,-0.009180,-0.061186
0.020475,-0.019686,-0.045028
0.014214,-0.030529,-0.025593
0.009511,-0.041127,-0.002355
0.006711,-0.050899,0.025213
0.006431,-0.059608,0.050232
0.008226,-0.066940,0.071577
0.011385,-0.072559,0.089562
0.015199,-0.076133,0.104500
0.018957,-0.077327,0.116706
0.021949,-0.075807,0.126492
0.023465,-0.071238,0.134171
0.022794,-0.063288,0.140058
0.019227,-0.051622,0.144466
0.016449,-0.045196,0.150435
0.014967,-0.044915,0.157972
0.014489,-0.049667,0.166326
0.014726,-0.058342,0.174748
0.015387,-0.069829,0.182486
0.016181,-0.083018,0.188790
0.016819,-0.096799,0.192910
0.017009,-0.110060,0.194095
0.016462,-0.121691,0.191593
0.015236,-0.135154,0.188485
0.013511,-0.150168,0.184888
0.011497,-0.165515,0.180180
0.009404,-0.179977,0.173741
0.007443,-0.192336,0.164949
0.005825,-0.201375,0.153182
0.004759,-0.205876,0.137819
0.004457,-0.204622,0.118238
0.005128,-0.196394,0.093819
0.004399,-0.185791,0.071061
0.002179,-0.173951,0.051269
-0.001048,-0.161144,0.034451
-0.004800,-0.147641,0.020613
-0.008596,-0.133713,0.009762
-0.011954,-0.119631,0.001905
-0.014391,-0.105666,-0.002952
-0.015425,-0.092089,-0.004802
-0.014574,-0.079171,-0.003638
-0.011811,-0.069511,-0.001896
-0.007681,-0.063017,-0.000125
-0.002868,-0.058926,0.001599
0.001942,-0.056473,0.003200
0.006063,-0.054895,0.004602
0.008810,-0.053427,0.005728
0.009498,-0.051304,0.006503
0.007440,-0.047764,0.006850
0.001952,-0.042042,0.006694
-0.001779,-0.037365,0.006845
-0.003201,-0.034183,0.007186
-0.002919,-0.032256,0.007363
-0.001541,-0.031341,0.007023
0.000327,-0.031196,0.005814
0.002080,-0.031579,0.003383
0.003110,-0.032249,-0.000622
0.002810,-0.032963,-0.006554
0.000576,-0.033478,-0.014766
-0.002966,-0.030502,-0.019002
-0.007373,-0.024324,-0.018622
-0.012247,-0.016134,-0.014389
-0.017192,-0.007120,-0.007068
-0.021811,0.001529,0.002578
-0.025708,0.008626,0.013785
-0.028485,0.012981,0.025788
-0.029746,0.013407,0.037824
-0.029094,0.008714,0.049128
-0.028151,0.005629,0.060995
-0.027295,0.004882,0.073140
-0.026587,0.005708,0.084887
-0.026093,0.007339,0.095559
-0.025877,0.009009,0.104479
-0.026003,0.009951,0.110971
-0.026534,0.009399,0.114357
-0.027534,0.006585,0.113962
-0.029069,0.000744,0.109107
-0.029973,-0.007701,0.100085
-0.029845,-0.018228,0.087749
-0.028471,-0.030293,0.073094
-0.025638,-0.043351,0.057117
-0.021134,-0.056857,0.040812
-0.014746,-0.070267,0.025174
-0.006262,-0.083035,0.011200
0.004533,-0.094618,-0.000116
0.017851,-0.104471,-0.007779
0.027726,-0.110834,-0.013903
0.033385,-0.113644,-0.019014
0.035351,-0.113260,-0.023235
0.034148,-0.110044,-0.026692
0.030298,-0.104355,-0.029510
0.024326,-0.096555,-0.031815
0.016755,-0.087002,-0.033731
0.008107,-0.076058,-0.035383
-0.001093,-0.064084,-0.036897
-0.008336,-0.054685,-0.036488
-0.013217,-0.048124,-0.034127
-0.015860,-0.043827,-0.030229
-0.016386,-0.041218,-0.025205
-0.014919,-0.039723,-0.019468
-0.011581,-0.038767,-0.013432
-0.006495,-0.037775,-0.007508
0.000217,-0.036173,-0.002109
0.008431,-0.033385,0.002351
0.015601,-0.032977,0.005506
0.021579,-0.035005,0.007975
0.026815,-0.038651,0.010622
0.031762,-0.043096,0.014313
0.036871,-0.047522,0.019912
0.042595,-0.051108,0.028285
0.049386,-0.053037,0.040296
0.057694,-0.052490,0.056811
0.067973,-0.048647,0.078695
0.075571,-0.044220,0.098189
0.079926,-0.039665,0.113896
0.081493,-0.034878,0.126009
0.080730,-0.029754,0.134721
0.078092,-0.024187,0.140224
0.074037,-0.018073,0.142711
0.069022,-0.011306,0.142374
0.063503,-0.003782,0.139407
0.057937,0.004606,0.134001
0.051844,0.010269,0.125239
0.045576,0.013014,0.113571
0.039693,0.013497,0.099786
0.034757,0.012373,0.084678
0.031327,0.010297,0.069036
0.029964,0.007924,0.053652
0.031229,0.005910,0.039318
0.035682,0.004910,0.026824
0.043884,0.005579,0.016962
0.049363,0.006030,0.009288
0.051412,0.006097,0.003747
0.050764,0.006043,0.000379
0.048149,0.006133,-0.000775
0.044302,0.006632,0.000327
0.039953,0.007802,0.003726
0.035836,0.009908,0.009462
0.032683,0.013215,0.017577
0.031227,0.017986,0.028111
0.031356,0.020737,0.038903
0.032752,0.021132,0.049316
0.035043,0.019623,0.059097
0.037857,0.016662,0.067994
0.040824,0.012699,0.075752
0.043571,0.008186,0.082120
0.045727,0.003574,0.086844
0.046920,-0.000685,0.089670
0.046780,-0.004140,0.090345
0.045795,-0.006827,0.089796
0.044143,-0.008845,0.088410
0.041922,-0.010305,0.086439
0.039231,-0.011319,0.084139
0.036169,-0.012000,0.081760
0.032834,-0.012458,0.079556
0.029324,-0.012807,0.077781
0.025738,-0.013158,0.076688
0.022175,-0.013623,0.076529
0.018121,-0.011873,0.077637
0.013567,-0.007912,0.079588
0.008626,-0.002326,0.081771
0.003412,0.004298,0.083571
-0.001961,0.011372,0.084377
-0.007378,0.018310,0.083577
-0.012725,0.024525,0.080556
-0.017888,0.029430,0.074703
-0.022753,0.032437,0.065406
-0.027406,0.032696,0.058052
-0.031950,0.030394,0.053295
-0.036493,0.025983,0.050600
-0.041144,0.019913,0.049435
-0.046011,0.012636,0.049267
-0.051201,0.004601,0.049564
-0.056822,-0.003741,0.049791
-0.062984,-0.011939,0.049417
-0.069793,-0.019542,0.047908
-0.074188,-0.026395,0.043969
-0.075869,-0.032395,0.037939
-0.075230,-0.037454,0.030563
-0.072661,-0.041486,0.022586
-0.068556,-0.044402,0.014753
-0.063305,-0.046114,0.007810
-0.057301,-0.046534,0.002502
-0.050937,-0.045576,-0.000426
-0.044604,-0.043151,-0.000227
-0.039755,-0.040406,0.001296
-0.036469,-0.037433,0.003643
-0.034481,-0.034059,0.006635
-0.033526,-0.030112,0.010096
-0.033339,-0.025419,0.013847
-0.033656,-0.019809,0.017712
-0.034211,-0.013109,0.021513
-0.034740,-0.005147,0.025072
-0.034977,0.004250,0.028212
-0.035785,0.011834,0.031031
-0.037092,0.016918,0.033696
-0.038589,0.019457,0.036392
-0.039971,0.019404,0.039303
-0.040931,0.016715,0.042615
-0.041162,0.011343,0.046513
-0.040357,0.003242,0.051181
-0.038210,-0.007632,0.056804
-0.034414,-0.021326,0.063567
-0.030267,-0.032714,0.069791
-0.026197,-0.040940,0.075142
-0.022414,-0.046218,0.079622
-0.019126,-0.048761,0.083231
-0.016545,-0.048782,0.085972
-0.014879,-0.046495,0.087845
-0.014337,-0.042114,0.088854
-0.015131,-0.035851,0.088998
-0.017469,-0.027920,0.088280
-0.019993,-0.022588,0.086617
-0.022300,-0.020338,0.084153
-0.024221,-0.020706,0.081088
-0.025588,-0.023226,0.077624
-0.026235,-0.027434,0.073961
-0.025994,-0.032865,0.070299
-0.024698,-0.039056,0.066840
-0.022178,-0.045541,0.063785
-0.018268,-0.051856,0.061333
-0.015836,-0.057088,0.060256
-0.015297,-0.061265,0.060182
-0.016451,-0.064652,0.060460
-0.019097,-0.067514,0.060434
-0.023036,-0.070114,0.059451
-0.028069,-0.072718,0.056857
-0.033994,-0.075590,0.051998
-0.040613,-0.078994,0.044220
-0.047726,-0.083194,0.032870
-0.053674,-0.087221,0.021626
-0.058210,-0.090617,0.011519
-0.061441,-0.093054,0.002920
-0.063472,-0.094202,-0.003801
-0.064408,-0.093734,-0.008275
-0.064355,-0.091322,-0.010132
-0.063418,-0.086635,-0.009003
-0.061703,-0.079347,-0.004517
-0.059315,-0.069127,0.003695
-0.056115,-0.061885,0.014187
-0.052141,-0.058155,0.026118
-0.047473,-0.057130,0.038798
-0.042191,-0.058004,0.051537
-0.036378,-0.059968,0.063645
-0.030114,-0.062216,0.074433
-0.023480,-0.063941,0.083210
-0.016556,-0.064334,0.089287
-0.009425,-0.062590,0.091974
-0.003718,-0.059673,0.092707
0.000277,-0.055670,0.092012
0.002609,-0.050448,0.090190
0.003329,-0.043875,0.087539
0.002486,-0.035817,0.084359
0.000130,-0.026143,0.080949
-0.003691,-0.014719,0.077609
-0.008927,-0.001413,0.074638
-0.015528,0.013907,0.072335
-0.019082,0.026607,0.072658
-0.019465,0.035822,0.075389
-0.017625,0.041633,0.079767
-0.014511,0.044121,0.085033
-0.011071,0.043367,0.090425
-0.008253,0.039450,0.095184
-0.007004,0.032451,0.098547
-0.008274,0.022451,0.099757
-0.013010,0.009531,0.098051
-0.015761,-0.001747,0.095971
-0.015944,-0.010990,0.093866
-0.014195,-0.018852,0.091535
-0.011150,-0.025986,0.088776
-0.007444,-0.033045,0.085390
-0.003713,-0.040681,0.081176
-0.000593,-0.049549,0.075932
0.001281,-0.060300,0.069458
0.001273,-0.073587,0.061554
0.001828,-0.082806,0.056715
0.003171,-0.087259,0.055115
0.004977,-0.087723,0.055847
0.006917,-0.084978,0.058005
0.008664,-0.079802,0.060681
0.009892,-0.072973,0.062970
0.010272,-0.065270,0.063964
0.009477,-0.057472,0.062757
0.007180,-0.050357,0.058442
0.006612,-0.044900,0.056645
0.008190,-0.041412,0.057384
0.011629,-0.040041,0.059278
0.016641,-0.040933,0.060946
0.022941,-0.044234,0.061006
0.030243,-0.050091,0.058076
0.038260,-0.058650,0.050775
0.046706,-0.070058,0.037720
0.055295,-0.084461,0.017530
0.063510,-0.099238,0.000162
0.071064,-0.113466,-0.013085
0.077725,-0.126652,-0.023073
0.083265,-0.138298,-0.030665
0.087454,-0.147910,-0.036725
0.090061,-0.154991,-0.042116
0.090856,-0.159045,-0.047701
0.089609,-0.159577,-0.054343
0.086091,-0.156092,-0.062906
0.082251,-0.152805,-0.067356
0.078597,-0.150351,-0.067657
0.075276,-0.148470,-0.065267
0.072435,-0.146902,-0.061647
0.070220,-0.145385,-0.058258
0.068778,-0.143659,-0.056559
0.068256,-0.141464,-0.058011
0.068801,-0.138538,-0.064074
0.070559,-0.134621,-0.076209
0.068843,-0.127461,-0.085938
0.063169,-0.117300,-0.092079
0.054105,-0.105006,-0.095277
0.042220,-0.091445,-0.096174
0.028080,-0.077486,-0.095413
0.012255,-0.063994,-0.093637
-0.004688,-0.051837,-0.091490
-0.022182,-0.041882,-0.089615
-0.039657,-0.034996,-0.088654
-0.055906,-0.029914,-0.087959
-0.070779,-0.026292,-0.087123
-0.084395,-0.024012,-0.085795
-0.096872,-0.022959,-0.083626
-0.108327,-0.023015,-0.080268
-0.118879,-0.024065,-0.075371
-0.128645,-0.025993,-0.068585
-0.137742,-0.028683,-0.059563
-0.146289,-0.032017,-0.047954
-0.153680,-0.032939,-0.035742
-0.159719,-0.031550,-0.023558
-0.164314,-0.028742,-0.011693
-0.167374,-0.025408,-0.000437
-0.168807,-0.022439,0.009918
-0.168520,-0.020727,0.019081
-0.166422,-0.021163,0.026760
-0.162420,-0.024641,0.032665
-0.156423,-0.032050,0.036504
-0.150270,-0.037090,0.040705
-0.144329,-0.038936,0.045317
-0.138601,-0.038134,0.049790
-0.133086,-0.035228,0.053577
-0.127785,-0.030765,0.056130
-0.122698,-0.025289,0.056901
-0.117826,-0.019347,0.055342
-0.113169,-0.013482,0.050906
-0.108729,-0.008241,0.043044
-0.106018,-0.000014,0.035977
-0.104918,0.010847,0.030243
-0.104900,0.023001,0.025459
-0.105436,0.035104,0.021245
-0.106000,0.045815,0.017217
-0.106061,0.053790,0.012994
-0.105094,0.057688,0.008193
-0.102569,0.056166,0.002432
-0.097960,0.047882,-0.004670
-0.092918,0.039298,-0.010081
-0.087898,0.031800,-0.013126
-0.083057,0.025510,-0.013720
-0.078550,0.020545,-0.011779
-0.074532,0.017027,-0.007219
-0.071159,0.015073,0.000043
-0.068586,0.014803,0.010093
-0.066969,0.016337,0.023015
-0.066464,0.019795,0.038892
-0.065886,0.027183,0.053485
-0.065078,0.037631,0.066339
-0.064139,0.049548,0.077945
-0.063166,0.061343,0.088795
-0.062260,0.071425,0.099382
-0.061518,0.078204,0.110196
-0.061040,0.080087,0.121729
-0.060923,0.075486,0.134473
-0.061267,0.062807,0.148920
-0.061530,0.050898,0.163072
-0.061579,0.041108,0.176060
-0.061382,0.032909,0.187303
-0.060907,0.025777,0.196215
-0.060123,0.019185,0.202213
-0.058998,0.012609,0.204713
-0.057501,0.005522,0.203132
-0.055601,-0.002602,0.196885
-0.053265,-0.012289,0.185389
-0.051861,-0.021839,0.172824
-0.051372,-0.030915,0.160071
-0.051437,-0.039514,0.147187
-0.051695,-0.047636,0.134230
-0.051783,-0.055281,0.121258
-0.051341,-0.062448,0.108326
-0.050007,-0.069135,0.095493
-0.047419,-0.075344,0.082816
-0.043216,-0.081072,0.070352
-0.038080,-0.084455,0.059028
-0.032380,-0.085392,0.048908
-0.026406,-0.084224,0.039840
-0.020449,-0.081290,0.031672
-0.014799,-0.076931,0.024249
-0.009746,-0.071488,0.017421
-0.005581,-0.065300,0.011035
-0.002594,-0.058709,0.004938
-0.001075,-0.052054,-0.001023
-0.001722,-0.044706,-0.005072
-0.004175,-0.036918,-0.007137
-0.007807,-0.029160,-0.007571
-0.011991,-0.021905,-0.006729
-0.016102,-0.015625,-0.004962
-0.019514,-0.010791,-0.002624
-0.021599,-0.007876,-0.000070
-0.021732,-0.007351,0.002349
-0.019286,-0.009688,0.004279
-0.018333,-0.010159,0.006911
-0.019267,-0.008355,0.010320
-0.021564,-0.004950,0.014303
-0.024698,-0.000618,0.018656
-0.028146,0.003968,0.023174
-0.031384,0.008135,0.027654
-0.033886,0.011209,0.031891
-0.035128,0.012517,0.035681
-0.034586,0.011385,0.038820
-0.032397,0.006403,0.039787
-0.028905,-0.001788,0.038566
-0.024503,-0.012035,0.035518
-0.019587,-0.023183,0.031000
-0.014549,-0.034078,0.025374
-0.009785,-0.043567,0.018999
-0.005688,-0.050495,0.012234
-0.002653,-0.053709,0.005440
-0.001075,-0.052054,-0.001023
-0.000800,-0.049958,-0.006692
-0.001367,-0.048021,-0.011544
-0.002242,-0.045887,-0.015668
-0.002886,-0.043197,-0.019153
-0.002764,-0.039595,-0.022087
-0.001339,-0.034725,-0.024558
0.001926,-0.028229,-0.026655
0.007567,-0.019750,-0.028466
0.016121,-0.008931,-0.030081
0.024775,0.000826,-0.032557
0.032869,0.008717,-0.035812
0.040277,0.014588,-0.039477
0.046876,0.018283,-0.043182
0.052540,0.019649,-0.046559
0.057146,0.018529,-0.049239
0.060568,0.014770,-0.050852
0.062684,0.008215,-0.051031
0.063367,-0.001288,-0.049405
0.064340,-0.011274,-0.050410
0.065574,-0.020799,-0.054181
0.066603,-0.029299,-0.059776
0.066963,-0.036210,-0.066257
0.066188,-0.040969,-0.072682
0.063813,-0.043014,-0.078112
0.059372,-0.041779,-0.081607
0.052399,-0.036702,-0.082227
0.042430,-0.027220,-0.079031
0.032615,-0.017818,-0.076394
0.023650,-0.009239,-0.074707
0.015617,-0.001292,-0.073364
0.008599,0.006214,-0.071760
0.002679,0.013472,-0.069287
-0.002062,0.020673,-0.065341
-0.005540,0.028008,-0.059315
-0.007673,0.035669,-0.050604
-0.008379,0.043848,-0.038601
-0.009580,0.050717,-0.026796
-0.011470,0.056166,-0.015991
-0.013809,0.060515,-0.006317
-0.016357,0.064084,0.002096
-0.018873,0.067194,0.009117
-0.021119,0.070165,0.014618
-0.022854,0.073316,0.018466
-0.023838,0.076969,0.020533
-0.023831,0.081442,0.020687
-0.023660,0.084405,0.019637
-0.023237,0.085535,0.017909
-0.022243,0.085010,0.015986
-0.020363,0.083010,0.014352
-0.017279,0.079712,0.013488
-0.012674,0.075297,0.013878
-0.006230,0.069942,0.016003
0.002369,0.063827,0.020348
0.013441,0.057130,0.027393
0.023533,0.053137,0.029613
0.031958,0.051928,0.026597
0.038720,0.052777,0.019717
0.043825,0.054962,0.010344
0.047276,0.057759,-0.000150
0.049078,0.060445,-0.010394
0.049236,0.062296,-0.019017
0.047753,0.062589,-0.024648
0.044636,0.060600,-0.025915
0.041200,0.057266,-0.024460
0.037678,0.052970,-0.021137
0.034029,0.047957,-0.016604
0.030212,0.042470,-0.011519
0.026188,0.036753,-0.006540
0.021915,0.031052,-0.002326
0.017354,0.025611,0.000467
0.012463,0.020674,0.001180
0.007203,0.016484,-0.000846
0.002320,0.016416,-0.002902
-0.002111,0.020313,-0.004325
-0.006189,0.027133,-0.004962
-0.010010,0.035837,-0.004661
-0.013670,0.045387,-0.003270
-0.017266,0.054740,-0.000634
-0.020894,0.062859,0.003397
-0.024651,0.068703,0.008978
-0.028633,0.071232,0.016260
-0.031909,0.072299,0.023486
-0.034354,0.072115,0.030239
-0.036045,0.070480,0.036435
-0.037062,0.067194,0.041988
-0.037480,0.062058,0.046815
-0.037378,0.054872,0.050831
-0.036834,0.045436,0.053952
-0.035925,0.033551,0.056095
-0.034729,0.019018,0.057174
-0.033632,0.006413,0.057597
-0.032574,-0.003708,0.057306
-0.031389,-0.011801,0.056125
-0.029905,-0.018318,0.053879
-0.027956,-0.023713,0.050394
-0.025372,-0.028439,0.045495
-0.021985,-0.032951,0.039007
-0.017625,-0.037702,0.030754
-0.012124,-0.043145,0.020562
-0.007960,-0.044542,0.012185
-0.005417,-0.041720,0.006126
-0.004226,-0.035646,0.002074
-0.004121,-0.027287,-0.000280
-0.004835,-0.017611,-0.001247
-0.006100,-0.007584,-0.001136
-0.007651,0.001826,-0.000259
-0.009219,0.009651,0.001076
-0.010538,0.014926,0.002558
-0.011484,0.019972,0.003595
-0.011920,0.024854,0.004360
-0.011708,0.029066,0.005218
-0.010709,0.032106,0.006533
-0.008785,0.033471,0.008670
-0.005796,0.032656,0.011992
-0.001606,0.029160,0.016865
0.003926,0.022477,0.023653
0.010937,0.012106,0.032719
0.019142,0.002269,0.041001
0.028155,-0.006125,0.047778
0.037569,-0.013001,0.052921
0.046973,-0.018282,0.056297
0.055959,-0.021892,0.057776
0.064117,-0.023754,0.057225
0.071039,-0.023792,0.054514
0.076316,-0.021928,0.049510
0.079537,-0.018087,0.042084
0.079605,-0.013195,0.035844
0.076797,-0.007734,0.031391
0.071733,-0.002073,0.028570
0.065035,0.003417,0.027227
0.057322,0.008368,0.027209
0.049216,0.012408,0.028361
0.041337,0.015168,0.030530
0.034307,0.016279,0.033563
0.028746,0.015370,0.037305
0.025101,0.015541,0.042731
0.023168,0.017103,0.049654
0.022585,0.019667,0.057594
0.022986,0.022844,0.066071
0.024007,0.026246,0.074606
0.025285,0.029486,0.082718
0.026454,0.032175,0.089929
0.027152,0.033925,0.095758
0.027012,0.034348,0.099727
0.026960,0.034486,0.100909
0.027057,0.034270,0.099508
0.027147,0.033348,0.096009
0.027075,0.031371,0.090896
0.026686,0.027988,0.084656
0.025826,0.022850,0.077773
0.024338,0.015606,0.070733
0.022069,0.005907,0.064020
0.018862,-0.006598,0.058119
0.014869,-0.015730,0.054509
0.010306,-0.020737,0.052924
0.005406,-0.022223,0.052665
0.000404,-0.020791,0.053031
-0.004468,-0.017044,0.053324
-0.008976,-0.011588,0.052843
-0.012885,-0.005025,0.050889
-0.015963,0.002041,0.046762
-0.017976,0.009006,0.039761
-0.018134,0.018994,0.029805
-0.016419,0.031459,0.017548
-0.013000,0.044936,0.003828
-0.008050,0.057962,-0.010516
-0.001740,0.069074,-0.024645
0.005759,0.076807,-0.037722
0.014275,0.079698,-0.048907
0.023637,0.076284,-0.057362
0.033674,0.065099,-0.062249
0.042298,0.053289,-0.063773
0.049071,0.042341,-0.062509
0.053962,0.032325,-0.059125
0.056945,0.023313,-0.054289
0.057990,0.015378,-0.048666
0.057068,0.008589,-0.042926
0.054151,0.003019,-0.037736
0.049211,-0.001261,-0.033762
0.042218,-0.004179,-0.031672
0.035251,-0.004763,-0.031050
0.028629,-0.003142,-0.031424
0.022235,0.000280,-0.032305
0.015950,0.005098,-0.033204
0.009657,0.010907,-0.033633
0.003238,0.017304,-0.033104
-0.003426,0.023884,-0.031129
-0.010453,0.030242,-0.027220
-0.017961,0.035974,-0.020888
-0.025750,0.041261,-0.011333
-0.033486,0.045949,0.000671
-0.040802,0.049801,0.013962
-0.047332,0.052581,0.027373
-0.052709,0.054051,0.039739
-0.056564,0.053973,0.049896
-0.058533,0.052110,0.056679
-0.058246,0.048226,0.058923
-0.055338,0.042083,0.055463
-0.053543,0.036311,0.049924
-0.053120,0.031368,0.043430
-0.053457,0.027174,0.036480
-0.053943,0.023643,0.029572
-0.053966,0.020694,0.023204
-0.052916,0.018243,0.017875
-0.050180,0.016207,0.014084
-0.045148,0.014504,0.012329
-0.037209,0.013049,0.013109
-0.029286,0.012050,0.016420
-0.022022,0.011664,0.021982
-0.015490,0.012042,0.029447
-0.009763,0.013331,0.038469
-0.004913,0.015680,0.048697
-0.001013,0.019237,0.059786
0.001865,0.024151,0.071386
0.003647,0.030571,0.083150
0.004261,0.038646,0.094730
0.002888,0.046222,0.102071
-0.000117,0.052845,0.104948
-0.004100,0.058480,0.104094
-0.008409,0.063094,0.100241
-0.012393,0.066654,0.094121
-0.015399,0.069125,0.086467
-0.016776,0.070476,0.078011
-0.015871,0.070672,0.069484
-0.012033,0.069680,0.061621
-0.006518,0.069104,0.053157
0.000274,0.068716,0.044062
0.008160,0.067827,0.034612
0.016957,0.065752,0.025086
0.026481,0.061803,0.015761
0.036549,0.055293,0.006913
0.046978,0.045533,-0.001180
0.057585,0.031838,-0.008241
0.068185,0.013519,-0.013992
0.077244,-0.004325,-0.017677
0.084709,-0.020651,-0.019259
0.090902,-0.035429,-0.018882
0.096142,-0.048627,-0.016691
0.100749,-0.060215,-0.012830
0.105042,-0.070161,-0.007442
0.109343,-0.078436,-0.000673
0.113971,-0.085009,0.007334
0.119245,-0.089848,0.016435
0.121782,-0.090926,0.024738
0.121300,-0.088252,0.032092
0.118292,-0.082340,0.038782
0.113255,-0.073708,0.045095
0.106682,-0.062872,0.051316
0.099067,-0.050349,0.057729
0.090905,-0.036655,0.064620
0.082691,-0.022306,0.072274
0.074918,-0.007819,0.080978
0.069759,0.002775,0.086218
0.067230,0.008725,0.087507
0.066806,0.010099,0.085360
0.067965,0.006965,0.080293
0.070184,-0.000608,0.072823
0.072937,-0.012551,0.063465
0.075703,-0.028797,0.052735
0.077958,-0.049277,0.041150
0.079178,-0.073923,0.029225
0.078648,-0.095190,0.017483
0.076405,-0.112057,0.006389
0.072671,-0.125133,-0.003604
0.067671,-0.135027,-0.012047
0.061628,-0.142349,-0.018487
0.054766,-0.147707,-0.022473
0.047308,-0.151710,-0.023554
0.039478,-0.154969,-0.021279
0.031500,-0.158091,-0.015196
0.023900,-0.160963,-0.009647
0.016758,-0.163269,-0.005342
0.010040,-0.164644,-0.002082
0.003711,-0.164721,0.000331
-0.002262,-0.163134,0.002094
-0.007912,-0.159516,0.003406
-0.013274,-0.153503,0.004465
-0.018381,-0.144727,0.005469
-0.023267,-0.132823,0.006615
-0.027306,-0.120218,0.007663
-0.030419,-0.107584,0.008571
-0.032666,-0.095150,0.009350
-0.034106,-0.083148,0.010011
-0.034800,-0.071808,0.010566
-0.034807,-0.061361,0.011024
-0.034186,-0.052037,0.011397
-0.032997,-0.044068,0.011696
-0.031300,-0.037685,0.011931
-0.029717,-0.032947,0.011946
-0.028324,-0.029679,0.011879
-0.027059,-0.027645,0.011941
-0.025858,-0.026608,0.012346
-0.024659,-0.026333,0.013304
-0.023400,-0.026584,0.015027
-0.022017,-0.027126,0.017726
-0.020449,-0.027721,0.021614
-0.018634,-0.028134,0.026902
-0.018023,-0.028788,0.032695
-0.018664,-0.029322,0.038750
-0.020249,-0.029183,0.044988
-0.022472,-0.027818,0.051330
-0.025027,-0.024674,0.057697
-0.027607,-0.019196,0.064010
-0.029906,-0.010830,0.070190
-0.031616,0.000976,0.076158
-0.032433,0.016776,0.081835
-0.032572,0.032697,0.087185
-0.032176,0.047737,0.091759
-0.031371,0.061618,0.095004
-0.030282,0.074057,0.096365
-0.029032,0.084775,0.095290
-0.027747,0.093490,0.091225
-0.026552,0.099923,0.083617
-0.025571,0.103792,0.071913
-0.024930,0.104817,0.055558
-0.024100,0.104140,0.039597
-0.023026,0.101942,0.024920
-0.021771,0.098161,0.011379
-0.020395,0.092738,-0.001174
-0.018962,0.085611,-0.012886
-0.017533,0.076719,-0.023906
-0.016170,0.066001,-0.034380
-0.014936,0.053397,-0.044458
-0.013892,0.038847,-0.054285
-0.013108,0.025595,-0.063762
-0.012552,0.014466,-0.072932
-0.012166,0.005674,-0.081873
-0.011893,-0.000563,-0.090664
-0.011675,-0.004030,-0.099383
-0.011454,-0.004510,-0.108109
-0.011172,-0.001787,-0.116921
-0.010773,0.004355,-0.125897
-0.010199,0.014132,-0.135116
-0.007354,0.025482,-0.143857
-0.002287,0.037190,-0.151396
0.004416,0.048255,-0.157011
0.012171,0.057676,-0.159979
0.020393,0.064451,-0.159575
0.028498,0.067580,-0.155077
0.035900,0.066062,-0.145762
0.042016,0.058894,-0.130906
0.046259,0.045076,-0.109786
0.049550,0.032157,-0.088186
0.052075,0.021471,-0.067543
0.053833,0.012799,-0.048205
0.054824,0.005925,-0.030519
0.055048,0.000629,-0.014835
0.054506,-0.003307,-0.001500
0.053198,-0.006101,0.009136
0.051124,-0.007972,0.016726
0.048283,-0.009137,0.020921
0.046402,-0.009404,0.024159
0.045520,-0.008669,0.027114
0.045256,-0.006855,0.030017
0.045231,-0.003885,0.033098
0.045061,0.000319,0.036590
0.044368,0.005835,0.040725
0.042769,0.012741,0.045732
0.039885,0.021115,0.051844
0.035333,0.031034,0.059292
0.029992,0.036008,0.069634
0.024269,0.035872,0.082373
0.018452,0.032040,0.096495
0.012830,0.025928,0.110990
0.007694,0.018952,0.124847
0.003331,0.012527,0.137053
0.000030,0.008068,0.146597
-0.001918,0.006992,0.152467
-0.002225,0.010712,0.153652
-0.001947,0.014574,0.152344
-0.001458,0.017571,0.149307
-0.000961,0.019608,0.144944
-0.000658,0.020593,0.139662
-0.000751,0.020431,0.133865
-0.001444,0.019029,0.127957
-0.002939,0.016294,0.122345
-0.005438,0.012131,0.117433
-0.009145,0.006446,0.113625
-0.013351,0.000701,0.108968
-0.017611,-0.004930,0.103314
-0.021542,-0.010588,0.096969
-0.024764,-0.016419,0.090238
-0.026896,-0.022567,0.083426
-0.027555,-0.029174,0.076840
-0.026361,-0.036385,0.070785
-0.022932,-0.044344,0.065566
-0.016887,-0.053194,0.061488
-0.011948,-0.059922,0.058202
-0.008555,-0.064253,0.055520
-0.006323,-0.066595,0.053300
-0.004872,-0.067358,0.051397
-0.003817,-0.066951,0.049667
-0.002777,-0.065782,0.047966
-0.001369,-0.064262,0.046150
0.000790,-0.062799,0.044074
0.004083,-0.061802,0.041595
0.006478,-0.061565,0.040610
0.007709,-0.061934,0.041096
0.007953,-0.062643,0.042550
0.007383,-0.063425,0.044470
0.006176,-0.064014,0.046351
0.004506,-0.064143,0.047692
0.002549,-0.063546,0.047987
0.000479,-0.061958,0.046735
-0.001528,-0.059111,0.043433
-0.002696,-0.056540,0.041442
-0.003061,-0.054492,0.040966
-0.002865,-0.052891,0.041415
-0.002350,-0.051660,0.042202
-0.001757,-0.050723,0.042737
-0.001327,-0.050004,0.042434
-0.001302,-0.049427,0.040702
-0.001923,-0.048915,0.036955
-0.003432,-0.048392,0.030603
-0.006170,-0.047885,0.023913
-0.009951,-0.047395,0.017419
-0.014458,-0.046916,0.011222
-0.019373,-0.046445,0.005425
-0.024378,-0.045976,0.000128
-0.029156,-0.045504,-0.004567
-0.033389,-0.045026,-0.008558
-0.036759,-0.044534,-0.011745
-0.038949,-0.044026,-0.014026
-0.039636,-0.044015,-0.015818
-0.038971,-0.044450,-0.017234
-0.037227,-0.045139,-0.018306
-0.034674,-0.045892,-0.019069
-0.031583,-0.046515,-0.019555
-0.028225,-0.046817,-0.019798
-0.024871,-0.046607,-0.019832
-0.021793,-0.045693,-0.019691
-0.019260,-0.043883,-0.019408
-0.016149,-0.044533,-0.017351
-0.012425,-0.047900,-0.013554
-0.008328,-0.053466,-0.008466
-0.004098,-0.060711,-0.002539
0.000027,-0.069117,0.003778
0.003808,-0.078166,0.010036
0.007005,-0.087340,0.015783
0.009379,-0.096119,0.020570
0.010691,-0.103986,0.023946
0.010482,-0.110957,0.024186
0.008895,-0.116761,0.021413
0.006222,-0.121053,0.016212
0.002753,-0.123491,0.009166
-0.001220,-0.123730,0.000860
-0.005404,-0.121426,-0.008121
-0.009509,-0.116236,-0.017193
-0.013242,-0.107816,-0.025771
-0.016313,-0.095822,-0.033271
-0.019035,-0.082928,-0.041236
-0.021471,-0.069757,-0.049500
-0.023623,-0.056422,-0.057471
-0.025492,-0.043034,-0.064555
-0.027080,-0.029706,-0.070158
-0.028386,-0.016549,-0.073688
-0.029414,-0.003674,-0.074551
-0.030163,0.008806,-0.072155
-0.030635,0.020779,-0.065905
-0.030447,0.028357,-0.061492
-0.029496,0.031450,-0.059648
-0.027750,0.030918,-0.059862
-0.025178,0.027620,-0.061625
-0.021747,0.022416,-0.064428
-0.017425,0.016166,-0.067762
-0.012180,0.009728,-0.071115
-0.005981,0.003964,-0.073980
0.001206,-0.000269,-0.075847
0.006788,-0.001862,-0.074078
0.010736,-0.001213,-0.069322
0.013662,0.000904,-0.063049
0.016178,0.003716,-0.056728
0.018895,0.006450,-0.051829
0.022426,0.008332,-0.049822
0.027381,0.008588,-0.052178
0.034374,0.006446,-0.060365
0.044014,0.001132,-0.075854
0.051637,-0.005309,-0.090000
0.056594,-0.012216,-0.101228
0.059241,-0.019277,-0.109725
0.059934,-0.026177,-0.115681
0.059029,-0.032604,-0.119287
0.056881,-0.038244,-0.120730
0.053847,-0.042783,-0.120201
0.050283,-0.045909,-0.117890
0.046545,-0.047308,-0.113985
0.043159,-0.049563,-0.109107
0.040086,-0.052896,-0.103592
0.037145,-0.056937,-0.097701
0.034156,-0.061315,-0.091697
0.030938,-0.065660,-0.085841
0.027310,-0.069602,-0.080397
0.023092,-0.072771,-0.075625
0.018103,-0.074797,-0.071789
0.012162,-0.075309,-0.069150
0.007693,-0.076166,-0.066242
0.004895,-0.077136,-0.062739
0.003415,-0.077469,-0.058600
0.002896,-0.076413,-0.053784
0.002985,-0.073219,-0.048250
0.003327,-0.067135,-0.041956
0.003565,-0.057409,-0.034861
0.003347,-0.043292,-0.026926
0.002316,-0.024031,-0.018107
0.000381,-0.006571,-0.010590
-0.002167,0.007581,-0.004564
-0.004943,0.018277,0.000280
-0.007560,0.025369,0.004250
-0.009633,0.028708,0.007655
-0.010776,0.028148,0.010804
-0.010602,0.023539,0.014006
-0.008726,0.014733,0.017569
-0.004762,0.001583,0.021802
-0.000593,-0.010298,0.023601
0.003443,-0.019849,0.023119
0.007390,-0.027147,0.021324
0.011294,-0.032271,0.019181
0.015200,-0.035297,0.017657
0.019154,-0.036302,0.017719
0.023202,-0.035365,0.020334
0.027389,-0.032562,0.026468
0.031761,-0.027971,0.037088
0.036071,-0.023860,0.047982
0.040195,-0.020605,0.058208
0.044041,-0.018106,0.067644
0.047516,-0.016265,0.076167
0.050528,-0.014984,0.083654
0.052983,-0.014165,0.089982
0.054789,-0.013708,0.095028
0.055854,-0.013516,0.098669
0.056084,-0.013490,0.100783
0.054135,-0.013901,0.101434
0.050025,-0.014689,0.100685
0.044110,-0.015709,0.098596
0.036746,-0.016818,0.095230
0.028289,-0.017872,0.090647
0.019096,-0.018726,0.084908
0.009523,-0.019237,0.078075
-0.000073,-0.019261,0.070208
-0.009335,-0.018653,0.061368
-0.016435,-0.018378,0.053189
-0.021357,-0.018411,0.045867
-0.024541,-0.018479,0.039239
-0.026426,-0.018310,0.033144
-0.027451,-0.017633,0.027419
-0.028057,-0.016174,0.021902
-0.028683,-0.013663,0.016429
-0.029768,-0.009827,0.010840
-0.031752,-0.004394,0.004971
-0.032616,0.002002,0.000109
-0.032286,0.009354,-0.003566
-0.031172,0.017811,-0.006153
-0.029683,0.027525,-0.007749
-0.028230,0.038645,-0.008451
-0.027224,0.051320,-0.008359
-0.027075,0.065702,-0.007570
-0.028192,0.081939,-0.006181
-0.030986,0.100182,-0.004291
-0.033865,0.113257,-0.003230
-0.036682,0.120172,-0.003192
-0.039651,0.121484,-0.004084
-0.042986,0.117748,-0.005818
-0.046899,0.109519,-0.008300
-0.051606,0.097353,-0.011441
-0.057321,0.081806,-0.015149
-0.064256,0.063434,-0.019333
-0.072627,0.042791,-0.023903
-0.080010,0.026750,-0.028362
-0.085858,0.015911,-0.032342
-0.090089,0.009303,-0.035505
-0.092625,0.005956,-0.037514
-0.093385,0.004898,-0.038031
-0.092287,0.005161,-0.036719
-0.089254,0.005774,-0.033240
-0.084203,0.005766,-0.027256
-0.077056,0.004168,-0.018431
-0.069254,0.003616,-0.009943
-0.061255,0.004527,-0.002508
-0.053266,0.006761,0.003772
-0.045497,0.010178,0.008795
-0.038157,0.014637,0.012459
-0.031454,0.020000,0.014663
-0.025598,0.026125,0.015306
-0.020797,0.032873,0.014285
-0.017261,0.040105,0.011499
-0.014026,0.046567,0.009216
-0.010900,0.051990,0.007870
-0.007888,0.056352,0.007439
-0.004991,0.059630,0.007897
-0.002214,0.061800,0.009222
0.000442,0.062841,0.011389
0.002972,0.062728,0.014374
0.005375,0.061440,0.018154
0.007646,0.058952,0.022704
0.009521,0.055579,0.026897
0.011010,0.051531,0.030567
0.012190,0.046994,0.033788
0.013138,0.042152,0.036635
0.013933,0.037189,0.039183
0.014652,0.032292,0.041506
0.015373,0.027644,0.043680
0.016174,0.023430,0.045779
0.017132,0.019836,0.047877
0.017942,0.017343,0.048474
0.018770,0.015749,0.047287
0.019898,0.014684,0.044341
0.021610,0.013776,0.039659
0.024187,0.012654,0.033265
0.027913,0.010946,0.025183
0.033071,0.008282,0.015436
0.039943,0.004291,0.004049
0.048812,-0.001400,-0.008955
0.056072,-0.006123,-0.021950
0.061129,-0.009760,-0.034447
0.064140,-0.012831,-0.046240
0.065264,-0.015853,-0.057123
0.064659,-0.019346,-0.066890
0.062482,-0.023829,-0.075336
0.058891,-0.029821,-0.082254
0.054045,-0.037840,-0.087439
0.048102,-0.048405,-0.090686
0.042116,-0.057042,-0.089926
0.036227,-0.063250,-0.085475
0.030344,-0.067524,-0.078245
0.024379,-0.070358,-0.069145
0.018241,-0.072247,-0.059087
0.011842,-0.073683,-0.048981
0.005091,-0.075162,-0.039737
-0.002101,-0.077177,-0.032268
-0.009824,-0.080223,-0.027483
-0.015753,-0.082495,-0.024399
-0.019744,-0.083461,-0.022508
-0.022196,-0.082907,-0.021420
-0.023511,-0.080620,-0.020744
-0.024087,-0.076385,-0.020090
-0.024326,-0.069989,-0.019069
-0.024626,-0.061216,-0.017289
-0.025389,-0.049855,-0.014360
-0.027014,-0.035690,-0.009893
-0.027725,-0.022772,-0.004738
-0.027150,-0.011711,0.000892
-0.025263,-0.002256,0.006941
-0.022042,0.005846,0.013352
-0.017464,0.012845,0.020071
-0.011504,0.018993,0.027041
-0.004139,0.024541,0.034207
0.004654,0.029741,0.041514
0.014898,0.034844,0.048905
0.023940,0.036726,0.053782
0.031309,0.035443,0.055892
0.037087,0.031846,0.055572
0.041351,0.026785,0.053156
0.044180,0.021111,0.048980
0.045654,0.015676,0.043380
0.045852,0.011329,0.036690
0.044853,0.008922,0.029247
0.042735,0.009306,0.021387
0.039297,0.016586,0.015790
0.034716,0.029955,0.012927
0.029263,0.047378,0.012717
0.023211,0.066817,0.015078
0.016832,0.086237,0.019928
0.010398,0.103602,0.027185
0.004181,0.116875,0.036768
-0.001548,0.124022,0.048594
-0.006516,0.123005,0.062581
-0.009420,0.118225,0.074458
-0.010213,0.110891,0.083612
-0.009162,0.101411,0.090348
-0.006533,0.090194,0.094969
-0.002593,0.077648,0.097778
0.002392,0.064184,0.099080
0.008154,0.050209,0.099178
0.014426,0.036133,0.098375
0.020944,0.022365,0.096975
0.024590,0.012527,0.096750
0.025134,0.006786,0.097687
0.023060,0.004447,0.099330
0.018857,0.004815,0.101218
0.013011,0.007194,0.102896
0.006008,0.010887,0.103903
-0.001663,0.015199,0.103783
-0.009516,0.019435,0.102078
-0.017064,0.022899,0.098328
-0.023476,0.024861,0.095467
-0.028655,0.025402,0.093594
-0.032685,0.024810,0.092101
-0.035653,0.023370,0.090379
-0.037644,0.021368,0.087819
-0.038743,0.019089,0.083812
-0.039035,0.016820,0.077750
-0.038607,0.014846,0.069024
-0.037544,0.013453,0.057025
-0.034918,0.013818,0.044619
-0.031159,0.015897,0.032725
-0.027037,0.019345,0.021771
-0.023320,0.023817,0.012188
-0.020778,0.028965,0.004406
-0.020179,0.034445,-0.001146
-0.022292,0.039910,-0.004037
-0.027887,0.045014,-0.003838
-0.037731,0.049411,-0.000117
-0.048777,0.050331,0.005182
-0.060016,0.048091,0.011321
-0.070950,0.043780,0.017859
-0.081083,0.038487,0.024358
-0.089917,0.033302,0.030379
-0.096955,0.029313,0.035481
-0.101698,0.027609,0.039226
-0.103650,0.029279,0.041174
-0.102313,0.035413,0.040887
-0.099270,0.039791,0.039931
-0.094975,0.041195,0.038695
-0.089600,0.039660,0.037274
-0.083317,0.035218,0.035762
-0.076298,0.027902,0.034254
-0.068715,0.017746,0.032842
-0.060739,0.004781,0.031622
-0.052542,-0.010958,0.030688
-0.044296,-0.029439,0.030134
-0.037703,-0.047915,0.028546
-0.033047,-0.065532,0.025847
-0.030260,-0.081911,0.022293
-0.029272,-0.096671,0.018142
-0.030014,-0.109433,0.013649
-0.032417,-0.119816,0.009073
-0.036414,-0.127441,0.004669
-0.041933,-0.131928,0.000694
-0.048907,-0.132896,-0.002596
-0.054524,-0.129029,-0.009774
-0.058346,-0.121246,-0.020711
-0.060533,-0.111023,-0.034103
-0.061243,-0.099836,-0.048642
-0.060633,-0.089162,-0.063024
-0.058863,-0.080478,-0.075943
-0.056090,-0.075259,-0.086092
-0.052473,-0.074983,-0.092168
-0.048169,-0.081126,-0.092863
-0.044256,-0.080917,-0.090826
-0.040919,-0.073224,-0.087051
-0.038120,-0.059828,-0.082118
-0.035821,-0.042509,-0.076609
-0.033986,-0.023046,-0.071105
-0.032577,-0.003220,-0.066186
-0.031555,0.015189,-0.062434
-0.030885,0.030401,-0.060428
-0.030527,0.040637,-0.060751
-0.028682,0.048876,-0.063706
-0.025275,0.055781,-0.068517
-0.020663,0.061435,-0.074141
-0.015205,0.065921,-0.079531
-0.009256,0.069322,-0.083645
-0.003174,0.071721,-0.085436
0.002684,0.073202,-0.083861
0.007959,0.073847,-0.077875
0.012297,0.073741,-0.066432
0.015102,0.075520,-0.054598
0.016385,0.079320,-0.043605
0.016308,0.084650,-0.033730
0.015032,0.091020,-0.025249
0.012717,0.097939,-0.018437
0.009526,0.104916,-0.013570
0.005619,0.111462,-0.010925
0.001157,0.117085,-0.010777
-0.003697,0.121294,-0.013402
-0.006881,0.123443,-0.016861
-0.008258,0.123589,-0.020615
-0.008175,0.121965,-0.024476
-0.006980,0.118805,-0.028253
-0.005018,0.114342,-0.031759
-0.002638,0.108811,-0.034805
-0.000185,0.102444,-0.037202
0.001993,0.095476,-0.038761
0.003549,0.088140,-0.039294
0.002566,0.081661,-0.039114
-0.000762,0.076103,-0.038341
-0.005716,0.071236,-0.037050
-0.011572,0.066832,-0.035314
-0.017612,0.062664,-0.033205
-0.023113,0.058502,-0.030799
-0.027354,0.054118,-0.028167
-0.029615,0.049285,-0.025383
-0.029174,0.043773,-0.022521
-0.027406,0.039965,-0.018700
-0.024857,0.038001,-0.014123
-0.021866,0.037460,-0.009269
-0.018771,0.037923,-0.004614
-0.015912,0.038968,-0.000634
-0.013628,0.040175,0.002193
-0.012256,0.041123,0.003391
-0.012137,0.041391,0.002483
-0.013608,0.040559,-0.001007
-0.014939,0.036276,-0.004827
-0.015896,0.029086,-0.008536
-0.016623,0.020259,-0.012147
-0.017260,0.011066,-0.015672
-0.017952,0.002775,-0.019124
-0.018840,-0.003345,-0.022515
-0.020067,-0.006022,-0.025859
-0.021775,-0.003988,-0.029167
-0.024106,0.004028,-0.032453
-0.026272,0.011679,-0.034566
-0.028013,0.017773,-0.035386
-0.029203,0.022403,-0.035051
-0.029713,0.025665,-0.033699
-0.029418,0.027653,-0.031466
-0.028190,0.028461,-0.028492
-0.025903,0.028184,-0.024913
-0.022428,0.026916,-0.020868
-0.017640,0.024751,-0.016494
-0.012164,0.021921,-0.013155
-0.006310,0.018654,-0.010934
-0.000306,0.015179,-0.009596
0.005619,0.011723,-0.008905
0.011236,0.008514,-0.008628
0.016317,0.005780,-0.008527
0.020631,0.003749,-0.008367
0.023951,0.002649,-0.007914
0.026048,0.002707,-0.006932
0.027596,0.004910,-0.006279
0.028708,0.008875,-0.006031
0.029358,0.013876,-0.006069
0.029518,0.019187,-0.006271
0.029161,0.024082,-0.006518
0.028260,0.027835,-0.006689
0.026787,0.029721,-0.006663
0.024716,0.029012,-0.006322
0.022019,0.024984,-0.005543
0.018695,0.019962,-0.005475
0.014877,0.014605,-0.006189
0.010729,0.009156,-0.007487
0.006418,0.003859,-0.009172
0.002110,-0.001045,-0.011048
-0.002030,-0.005313,-0.012918
-0.005836,-0.008701,-0.014585
-0.009142,-0.010966,-0.015851
-0.011782,-0.011867,-0.016519
-0.013267,-0.011736,-0.016807
-0.013634,-0.010728,-0.016828
-0.013056,-0.008952,-0.016675
-0.011704,-0.006517,-0.016438
-0.009750,-0.003532,-0.016207
-0.007366,-0.000106,-0.016072
-0.004722,0.003652,-0.016125
-0.001991,0.007634,-0.016456
0.000656,0.011729,-0.017156
0.003583,0.012929,-0.018019
0.006739,0.011269,-0.018965
0.009970,0.007546,-0.019941
0.013120,0.002559,-0.020896
0.016035,-0.002895,-0.021778
0.018562,-0.008018,-0.022536
0.020544,-0.012013,-0.023118
0.021828,-0.014082,-0.023473
0.022258,-0.013428,-0.023549
0.022050,-0.011538,-0.023983
0.021404,-0.009062,-0.024761
0.020519,-0.006439,-0.025709
0.019592,-0.004105,-0.026651
0.018823,-0.002501,-0.027413
0.018409,-0.002064,-0.027818
0.018549,-0.003234,-0.027693
0.019442,-0.006447,-0.026860
0.021285,-0.012144,-0.025147
0.022595,-0.014852,-0.023610
0.023149,-0.014390,-0.022406
0.023036,-0.011903,-0.021466
0.022347,-0.008532,-0.020720
0.021173,-0.005422,-0.020101
0.019603,-0.003715,-0.019538
0.017728,-0.004554,-0.018962
0.015639,-0.009083,-0.018305
0.013425,-0.018444,-0.017497
0.011893,-0.026865,-0.017084
0.011097,-0.033258,-0.017065
0.010905,-0.037710,-0.017306
0.011185,-0.040305,-0.017668
0.011805,-0.041128,-0.018016
0.012633,-0.040265,-0.018214
0.013537,-0.037801,-0.018126
0.014384,-0.033821,-0.017614
0.015043,-0.028409,-0.016543
0.015530,-0.023865,-0.015709
0.015839,-0.020588,-0.015230
0.015963,-0.018504,-0.015057
0.015893,-0.017539,-0.015140
0.015618,-0.017620,-0.015427
0.015130,-0.018671,-0.015870
0.014420,-0.020620,-0.016418
0.013480,-0.023392,-0.017020
0.012299,-0.026912,-0.017627
0.011563,-0.030094,-0.018315
0.011328,-0.032714,-0.019060
0.011489,-0.034767,-0.019813
0.011945,-0.036247,-0.020526
0.012591,-0.037150,-0.021150
0.013325,-0.037471,-0.021636
0.014043,-0.037202,-0.021936
0.014643,-0.036340,-0.022000
0.015021,-0.034879,-0.021781
0.015098,-0.033861,-0.021327
0.014919,-0.033278,-0.020664
0.014560,-0.032859,-0.019811
0.014095,-0.032330,-0.018788
0.013600,-0.031422,-0.017614
0.013151,-0.029862,-0.016310
0.012822,-0.027380,-0.014894
0.012689,-0.023702,-0.013385
0.012826,-0.018558,-0.011805
0.013018,-0.012350,-0.011249
0.013060,-0.005372,-0.011758
0.012754,0.002112,-0.013110
0.011903,0.009838,-0.015082
0.010307,0.017538,-0.017449
0.007767,0.024950,-0.019990
0.004086,0.031808,-0.022480
-0.000935,0.037846,-0.024697
-0.007495,0.042800,-0.026418
-0.014013,0.044867,-0.025750
-0.020069,0.044197,-0.022664
-0.025531,0.041424,-0.017593
-0.030270,0.037183,-0.010974
-0.034153,0.032111,-0.003240
-0.037050,0.026843,0.005173
-0.038830,0.022014,0.013831
-0.039363,0.018260,0.022298
-0.038517,0.016216,0.030141
-0.037432,0.014508,0.036404
-0.036375,0.012803,0.041077
-0.035398,0.011028,0.044381
-0.034550,0.009109,0.046539
-0.033881,0.006973,0.047772
-0.033443,0.004547,0.048304
-0.033286,0.001759,0.048358
-0.033459,-0.001466,0.048154
-0.034014,-0.005201,0.047916
-0.036409,-0.010532,0.049109
-0.040556,-0.017111,0.051395
-0.045979,-0.024230,0.053984
-0.052200,-0.031180,0.056083
-0.058746,-0.037252,0.056905
-0.065138,-0.041740,0.055658
-0.070901,-0.043933,0.051552
-0.075560,-0.043125,0.043797
-0.078637,-0.038606,0.031602
-0.078731,-0.036363,0.021166
-0.076020,-0.037001,0.013212
-0.071081,-0.039785,0.007096
-0.064491,-0.043977,0.002172
-0.056824,-0.048839,-0.002202
-0.048658,-0.053634,-0.006674
-0.040567,-0.057625,-0.011886
-0.033129,-0.060076,-0.018484
-0.026919,-0.060248,-0.027113
-0.022097,-0.060043,-0.033007
-0.018460,-0.059487,-0.035767
-0.015717,-0.058134,-0.036084
-0.013573,-0.055539,-0.034650
-0.011736,-0.051259,-0.032157
-0.009913,-0.044847,-0.029297
-0.007812,-0.035860,-0.026762
-0.005138,-0.023853,-0.025244
-0.001600,-0.008380,-0.025434
0.001932,0.005616,-0.027381
0.005479,0.017179,-0.030616
0.009283,0.026348,-0.034544
0.013586,0.033163,-0.038567
0.018630,0.037662,-0.042090
0.024658,0.039884,-0.044516
0.031912,0.039870,-0.045249
0.040635,0.037657,-0.043692
0.051068,0.033286,-0.039249
0.061485,0.029602,-0.037071
0.071357,0.027104,-0.037550
0.080456,0.025700,-0.039888
0.088554,0.025303,-0.043287
0.095421,0.025823,-0.046949
0.100829,0.027169,-0.050075
0.104550,0.029254,-0.051869
0.106355,0.031987,-0.051531
0.106015,0.035279,-0.048263
0.105442,0.038227,-0.045515
0.104940,0.040638,-0.043890
0.104415,0.042497,-0.043276
0.103769,0.043792,-0.043566
0.102906,0.044507,-0.044648
0.101730,0.044628,-0.046414
0.100145,0.044142,-0.048753
0.098054,0.043034,-0.051555
0.095361,0.041289,-0.054712
0.091566,0.039428,-0.054582
0.086749,0.037515,-0.051054
0.081135,0.035502,-0.044900
0.074951,0.033340,-0.036889
0.068423,0.030983,-0.027795
0.061776,0.028381,-0.018388
0.055236,0.025487,-0.009440
0.049029,0.022251,-0.001721
0.043381,0.018627,0.003996
0.039234,0.015894,0.009353
0.036442,0.014187,0.014411
0.034583,0.013353,0.018838
0.033237,0.013240,0.022300
0.031983,0.013696,0.024465
0.030400,0.014569,0.024998
0.028068,0.015705,0.023568
0.024567,0.016954,0.019841
0.019474,0.018163,0.013484
0.015416,0.018936,0.008894
0.012667,0.019227,0.006333
0.010914,0.019074,0.005032
0.009847,0.018517,0.004220
0.009153,0.017597,0.003128
0.008520,0.016351,0.000985
0.007636,0.014821,-0.002979
0.006190,0.013045,-0.009534
0.003868,0.011064,-0.019449
0.001464,0.010953,-0.027177
-0.000843,0.012681,-0.032028
-0.003025,0.015689,-0.034532
-0.005056,0.019416,-0.035215
-0.006908,0.023304,-0.034606
-0.008556,0.026794,-0.033234
-0.009971,0.029326,-0.031624
-0.011128,0.030341,-0.030306
-0.012000,0.029279,-0.029808
-0.012622,0.028678,-0.027719
-0.012961,0.028605,-0.024109
-0.012967,0.028509,-0.019669
-0.012586,0.027839,-0.015086
-0.011769,0.026043,-0.011050
-0.010462,0.022570,-0.008252
-0.008615,0.016870,-0.007379
-0.006176,0.008392,-0.009121
-0.003094,-0.003416,-0.014168
0.000604,-0.013507,-0.018301
0.004712,-0.020947,-0.020733
0.008981,-0.025832,-0.021540
0.013161,-0.028258,-0.020796
0.017004,-0.028320,-0.018575
0.020260,-0.026114,-0.014952
0.022679,-0.021736,-0.009999
0.024013,-0.015280,-0.003792
0.024012,-0.006843,0.003596
0.022275,0.000341,0.010891
0.019029,0.005847,0.017772
0.014655,0.009948,0.024155
0.009536,0.012918,0.029957
0.004053,0.015033,0.035094
-0.001411,0.016567,0.039482
-0.006475,0.017794,0.043038
-0.010757,0.018989,0.045678
-0.013874,0.020426,0.047319
-0.016697,0.020269,0.048504
-0.019423,0.018216,0.049372
-0.022082,0.014352,0.049958
-0.024707,0.008759,0.050297
-0.027325,0.001521,0.050426
-0.029970,-0.007279,0.050379
-0.032670,-0.017558,0.050191
-0.035456,-0.029233,0.049900
-0.038359,-0.042220,0.049539
-0.040458,-0.052406,0.048785
-0.041706,-0.059227,0.047559
-0.042273,-0.063010,0.045848
-0.042329,-0.064082,0.043638
-0.042045,-0.062768,0.040914
-0.041592,-0.059395,0.037661
-0.041139,-0.054288,0.033866
-0.040856,-0.047775,0.029514
-0.040916,-0.040180,0.024591
-0.041885,-0.035498,0.019507
-0.043798,-0.033981,0.014276
-0.046552,-0.034945,0.008817
-0.050045,-0.037708,0.003044
-0.054175,-0.041586,-0.003125
-0.058840,-0.045895,-0.009773
-0.063940,-0.049952,-0.016985
-0.069371,-0.053074,-0.024843
-0.075031,-0.054577,-0.033432
-0.078500,-0.054084,-0.041363
-0.079642,-0.051778,-0.048478
-0.078892,-0.047979,-0.054925
-0.076686,-0.043009,-0.060851
-0.073459,-0.037191,-0.066404
-0.069648,-0.030845,-0.071732
-0.065688,-0.024293,-0.076982
-0.062015,-0.017857,-0.082302
-0.059065,-0.011858,-0.087841
-0.056121,-0.008162,-0.091647
-0.053030,-0.006597,-0.093650
-0.049776,-0.006479,-0.094246
-0.046345,-0.007127,-0.093832
-0.042723,-0.007857,-0.092806
-0.038896,-0.007988,-0.091565
-0.034847,-0.006838,-0.090505
-0.030565,-0.003722,-0.090024
-0.026032,0.002040,-0.090519
-0.021295,0.006386,-0.090587
-0.016447,0.008757,-0.090065
-0.011594,0.009470,-0.089099
-0.006844,0.008842,-0.087837
-0.002303,0.007191,-0.086425
0.001921,0.004834,-0.085011
0.005723,0.002088,-0.083740
0.008994,-0.000730,-0.082761
0.011628,-0.003302,-0.082219
0.014778,-0.005841,-0.079964
0.018415,-0.008227,-0.075873
0.022218,-0.010258,-0.070333
0.025864,-0.011732,-0.063731
0.029031,-0.012447,-0.056453
0.031396,-0.012201,-0.048885
0.032638,-0.010792,-0.041415
0.032433,-0.008018,-0.034427
0.030461,-0.003676,-0.028309
0.028776,-0.001622,-0.023493
0.027671,-0.001984,-0.019964
0.026997,-0.003955,-0.017595
0.026606,-0.006732,-0.016258
0.026348,-0.009511,-0.015827
0.026075,-0.011486,-0.016175
0.025638,-0.011853,-0.017176
0.024889,-0.009807,-0.018701
0.023679,-0.004545,-0.020624
0.022399,-0.000191,-0.021869
0.021060,0.002822,-0.022385
0.019577,0.004989,-0.022380
0.017867,0.006802,-0.022061
0.015843,0.008755,-0.021634
0.013422,0.011339,-0.021307
0.010519,0.015048,-0.021287
0.007049,0.020374,-0.021782
0.002927,0.027812,-0.022998
-0.000684,0.033626,-0.024234
-0.003620,0.037301,-0.025356
-0.005968,0.039123,-0.026374
-0.007814,0.039380,-0.027297
-0.009242,0.038360,-0.028132
-0.010340,0.036351,-0.028888
-0.011192,0.033641,-0.029576
-0.011885,0.030516,-0.030202
-0.012505,0.027264,-0.030776
-0.013154,0.025898,-0.029899
-0.013789,0.026315,-0.027604
-0.014332,0.027884,-0.024277
-0.014702,0.029976,-0.020308
-0.014821,0.031960,-0.016083
-0.014608,0.033206,-0.011991
-0.013984,0.033083,-0.008419
-0.012869,0.030961,-0.005757
-0.011185,0.026210,-0.004391
-0.009635,0.019975,-0.004980
-0.008290,0.013093,-0.007184
-0.007056,0.006324,-0.010417
-0.005842,0.000427,-0.014089
-0.004557,-0.003836,-0.017616
-0.003109,-0.005707,-0.020407
-0.001407,-0.004425,-0.021877
0.000641,0.000769,-0.021438
0.003127,0.010636,-0.018501
0.004979,0.018578,-0.014635
0.006274,0.023757,-0.010647
0.007379,0.026776,-0.007155
0.008659,0.028235,-0.004778
0.010479,0.028736,-0.004135
0.013205,0.028881,-0.005843
0.017201,0.029272,-0.010521
0.022834,0.030511,-0.018787
0.030468,0.033198,-0.031260
0.036534,0.036391,-0.042496
0.040512,0.039898,-0.051595
0.042645,0.043715,-0.058791
0.043177,0.047838,-0.064318
0.042350,0.052264,-0.068411
0.040408,0.056989,-0.071304
0.037593,0.062009,-0.073231
0.034150,0.067319,-0.074427
0.030320,0.072917,-0.075127
0.027142,0.076967,-0.075697
0.024799,0.079248,-0.076261
0.023259,0.079940,-0.076885
0.022493,0.079226,-0.077631
0.022468,0.077285,-0.078564
0.023154,0.074298,-0.079748
0.024520,0.070448,-0.081247
0.026535,0.065915,-0.083125
0.029168,0.060880,-0.085445
0.031278,0.057296,-0.087362
0.032742,0.055148,-0.088779
0.033691,0.053929,-0.089785
0.034258,0.053132,-0.090473
0.034574,0.052251,-0.090931
0.034770,0.050778,-0.091251
0.034979,0.048207,-0.091523
0.035332,0.044030,-0.091839
0.035960,0.037742,-0.092287
0.035623,0.030555,-0.092105
0.034275,0.023051,-0.091145
0.032167,0.015655,-0.089412
0.029551,0.008791,-0.086913
0.026680,0.002883,-0.083654
0.023804,-0.001644,-0.079641
0.021176,-0.004367,-0.074880
0.019048,-0.004860,-0.069376
0.017671,-0.002700,-0.063137
0.016734,-0.001546,-0.056246
0.016058,-0.002067,-0.048996
0.015497,-0.004184,-0.041727
0.014904,-0.007820,-0.034782
0.014134,-0.012895,-0.028502
0.013040,-0.019332,-0.023230
0.011476,-0.027051,-0.019307
0.009296,-0.035975,-0.017075
0.006354,-0.046024,-0.016875
0.002633,-0.053502,-0.016629
-0.001395,-0.058107,-0.015913
-0.005133,-0.060388,-0.014721
-0.007985,-0.060894,-0.013045
-0.009355,-0.060172,-0.010879
-0.008647,-0.058771,-0.008213
-0.005265,-0.057239,-0.005042
0.001388,-0.056126,-0.001358
0.011907,-0.055979,0.002846
0.022413,-0.053684,0.007102
0.032231,-0.049327,0.011380
0.041487,-0.043794,0.015765
0.050308,-0.037972,0.020340
0.058821,-0.032746,0.025187
0.067151,-0.029002,0.030390
0.075424,-0.027627,0.036032
0.083768,-0.029506,0.042195
0.092308,-0.035525,0.048963
0.097661,-0.042525,0.053736
0.099679,-0.049497,0.056135
0.099020,-0.055965,0.056340
0.096347,-0.061458,0.054527
0.092319,-0.065502,0.050874
0.087596,-0.067624,0.045561
0.082839,-0.067351,0.038764
0.078709,-0.064210,0.030661
0.075865,-0.057726,0.021432
0.074748,-0.049179,0.015187
0.075170,-0.039077,0.012394
0.076786,-0.027734,0.012609
0.079253,-0.015467,0.015389
0.082226,-0.002590,0.020291
0.085360,0.010581,0.026871
0.088311,0.023729,0.034685
0.090735,0.036541,0.043290
0.092287,0.048699,0.052243
0.092182,0.059943,0.060385
0.090580,0.070090,0.067407
0.087878,0.078984,0.073213
0.084474,0.086464,0.077706
0.080762,0.092372,0.080789
0.077141,0.096549,0.082364
0.074006,0.098836,0.082337
0.071755,0.099075,0.080608
0.070784,0.097105,0.077082
0.070766,0.094311,0.073351
0.071354,0.091146,0.069784
0.072192,0.087832,0.066441
0.072928,0.084593,0.063385
0.073206,0.081649,0.060678
0.072673,0.079225,0.058381
0.070975,0.077541,0.056556
0.067757,0.076821,0.055265
0.062666,0.077286,0.054570
0.055983,0.082361,0.055136
0.048353,0.091188,0.056723
0.040514,0.101839,0.058864
0.033202,0.112387,0.061092
0.027153,0.120904,0.062942
0.023104,0.125462,0.063945
0.021790,0.124134,0.063637
0.023949,0.114992,0.061549
0.030316,0.096109,0.057216
0.038289,0.076048,0.050428
0.046699,0.056670,0.041636
0.054740,0.038162,0.031456
0.061605,0.020708,0.020504
0.066487,0.004493,0.009396
0.068578,-0.010296,-0.001252
0.067071,-0.023475,-0.010823
0.061160,-0.034858,-0.018702
0.050036,-0.044259,-0.024272
0.038049,-0.052021,-0.028131
0.026270,-0.057899,-0.030576
0.014952,-0.061508,-0.031825
0.004347,-0.062459,-0.032100
-0.005293,-0.060365,-0.031618
-0.013715,-0.054838,-0.030602
-0.020667,-0.045492,-0.029269
-0.025896,-0.031938,-0.027841
-0.029150,-0.013790,-0.026536
-0.031467,0.006219,-0.024978
-0.033064,0.026780,-0.022862
-0.033952,0.046941,-0.019906
-0.034142,0.065752,-0.015825
-0.033646,0.082260,-0.010335
-0.032475,0.095515,-0.003152
-0.030641,0.104564,0.006009
-0.028156,0.108456,0.017431
-0.025030,0.106241,0.031399
-0.022230,0.099674,0.043502
-0.019976,0.090035,0.053101
-0.018304,0.078480,0.060502
-0.017251,0.066167,0.066011
-0.016852,0.054252,0.069933
-0.017143,0.043894,0.072573
-0.018159,0.036248,0.074237
-0.019936,0.032473,0.075231
-0.022510,0.033725,0.075859
-0.025848,0.034616,0.074939
-0.029895,0.034580,0.072575
-0.034590,0.034258,0.069195
-0.039872,0.034292,0.065228
-0.045681,0.035321,0.061102
-0.051956,0.037988,0.057243
-0.058636,0.042932,0.054080
-0.065661,0.050795,0.052041
-0.072969,0.062218,0.051554
-0.076376,0.071796,0.050435
-0.075689,0.078753,0.048411
-0.071718,0.083474,0.045687
-0.065269,0.086340,0.042467
-0.057150,0.087735,0.038956
-0.048171,0.088042,0.035358
-0.039137,0.087643,0.031879
-0.030858,0.086922,0.028721
-0.024141,0.086260,0.026091
-0.018093,0.085037,0.027308
-0.012559,0.083218,0.032168
-0.007568,0.080913,0.039590
-0.003151,0.078235,0.048491
0.000663,0.075293,0.057789
0.003844,0.072200,0.066402
0.006361,0.069066,0.073247
0.008186,0.066003,0.077241
0.009289,0.063122,0.077303
0.009176,0.061567,0.071367
0.007899,0.061347,0.060545
0.005644,0.062189,0.046741
0.002595,0.063817,0.031863
-0.001060,0.065957,0.017814
-0.005137,0.068335,0.006501
-0.009449,0.070676,-0.000170
-0.013811,0.072707,-0.000295
-0.018036,0.074152,0.008033
-0.020716,0.074925,0.019252
-0.021938,0.074925,0.031537
-0.022162,0.074043,0.044003
-0.021848,0.072172,0.055760
-0.021457,0.069206,0.065922
-0.021451,0.065037,0.073599
-0.022289,0.059559,0.077903
-0.024432,0.052663,0.077948
-0.028341,0.044243,0.072845
-0.030604,0.039217,0.067927
-0.030939,0.038238,0.063868
-0.029845,0.040892,0.060178
-0.027822,0.046768,0.056364
-0.025370,0.055451,0.051936
-0.022988,0.066530,0.046404
-0.021178,0.079590,0.039276
-0.020438,0.094220,0.030061
-0.021268,0.110006,0.018269
-0.022394,0.125289,0.007268
-0.023624,0.139200,-0.002276
-0.025035,0.151069,-0.010374
-0.026707,0.160226,-0.017037
-0.028718,0.166000,-0.022278
-0.031144,0.167720,-0.026106
-0.034066,0.164717,-0.028534
-0.037560,0.156319,-0.029573
-0.041706,0.141857,-0.029233
-0.046334,0.124030,-0.028614
-0.051215,0.104054,-0.028128
-0.056103,0.082773,-0.028010
-0.060752,0.061030,-0.028498
-0.064915,0.039670,-0.029829
-0.068348,0.019537,-0.032240
-0.070805,0.001474,-0.035970
-0.072039,-0.013674,-0.041254
-0.071804,-0.025063,-0.048331
-0.069965,-0.032809,-0.057447
-0.066860,-0.037202,-0.068046
-0.062944,-0.038579,-0.079370
-0.058675,-0.037274,-0.090659
-0.054507,-0.033622,-0.101156
-0.050898,-0.027960,-0.110103
-0.048303,-0.020622,-0.116739
-0.047179,-0.011943,-0.120309
-0.047983,-0.002260,-0.120052
-0.049722,0.006483,-0.119748
-0.052071,0.014022,-0.120072
-0.054873,0.020516,-0.120921
-0.057968,0.026122,-0.122194
-0.061198,0.030999,-0.123787
-0.064404,0.035306,-0.125600
-0.067429,0.039199,-0.127529
-0.070113,0.042838,-0.129472
-0.072298,0.046379,-0.131328
-0.072004,0.049837,-0.131417
-0.069380,0.053233,-0.129673
-0.065110,0.056595,-0.126435
-0.059877,0.059950,-0.122040
-0.054366,0.063325,-0.116826
-0.049260,0.066747,-0.111130
-0.045242,0.070242,-0.105292
-0.042996,0.073837,-0.099649
-0.043205,0.077560,-0.094538
-0.044968,0.081330,-0.088805
-0.047842,0.084989,-0.082343
-0.051500,0.088354,-0.075309
-0.055614,0.091244,-0.067860
-0.059857,0.093478,-0.060150
-0.063902,0.094876,-0.052337
-0.067421,0.095255,-0.044578
-0.070086,0.094435,-0.037027
-0.071572,0.092234,-0.029843
-0.073276,0.088527,-0.024574
-0.075363,0.083680,-0.021155
-0.077692,0.078178,-0.019120
-0.080120,0.072512,-0.018000
-0.082502,0.067167,-0.017329
-0.084697,0.062632,-0.016637
-0.086561,0.059395,-0.015458
-0.087952,0.057943,-0.013324
-0.088727,0.058763,-0.009767
-0.089039,0.058321,-0.007486
-0.088918,0.055993,-0.006861
-0.088363,0.051886,-0.007692
-0.087371,0.046107,-0.009777
-0.085943,0.038762,-0.012915
-0.084076,0.029960,-0.016908
-0.081770,0.019805,-0.021552
-0.079022,0.008406,-0.026649
-0.075832,-0.004132,-0.031996
-0.072568,-0.013779,-0.036730
-0.069431,-0.019950,-0.040648
-0.066580,-0.022918,-0.043714
-0.064174,-0.022959,-0.045893
-0.062372,-0.020345,-0.047147
-0.061333,-0.015353,-0.047442
-0.061215,-0.008255,-0.046742
-0.062178,0.000674,-0.045009
-0.064380,0.011159,-0.042209
-0.067557,0.019854,-0.038339
-0.071364,0.026377,-0.033713
-0.075434,0.031086,-0.028724
-0.079402,0.034340,-0.023766
-0.082901,0.036498,-0.019232
-0.085566,0.037920,-0.015514
-0.087031,0.038964,-0.013007
-0.086928,0.039990,-0.012102
-0.084893,0.041355,-0.013195
-0.083760,0.042098,-0.013792
-0.083794,0.042187,-0.013612
-0.084616,0.041824,-0.012923
-0.085847,0.041207,-0.011995
-0.087109,0.040538,-0.011098
-0.088023,0.040018,-0.010500
-0.088211,0.039847,-0.010470
-0.087294,0.040226,-0.011279
-0.084893,0.041355,-0.013195
-0.083666,0.043359,-0.009770
-0.083649,0.045971,-0.001064
-0.084219,0.048824,0.011239
-0.084757,0.051553,0.025453
-0.084640,0.053790,0.039894
-0.083246,0.055171,0.052877
-0.079956,0.055328,0.062718
-0.074148,0.053895,0.067730
-0.065200,0.050507,0.066229
-0.056595,0.046430,0.062352
-0.048974,0.042215,0.057182
-0.042267,0.038235,0.051036
-0.036402,0.034861,0.044233
-0.031310,0.032465,0.037091
-0.026921,0.031419,0.029928
-0.023163,0.032096,0.023063
-0.019967,0.034867,0.016814
-0.017261,0.040105,0.011499
-0.015061,0.043966,0.005297
-0.013398,0.046007,-0.001387
-0.012308,0.046634,-0.007594
-0.011828,0.046254,-0.012364
-0.011996,0.045274,-0.014737
-0.012849,0.044099,-0.013752
-0.014421,0.043136,-0.008450
-0.016752,0.042791,0.002129
-0.019877,0.043471,0.018946
-0.022784,0.046955,0.035218
-0.025256,0.053056,0.049711
-0.027275,0.061100,0.062573
-0.028823,0.070408,0.073954
-0.029881,0.080305,0.084003
-0.030430,0.090115,0.092871
-0.030453,0.099161,0.100705
-0.029930,0.106768,0.107657
-0.028844,0.112257,0.113876
-0.026990,0.115305,0.118253
-0.024414,0.116153,0.120763
-0.021226,0.115184,0.121648
-0.017534,0.112780,0.121152
-0.013448,0.109326,0.119518
-0.009077,0.105204,0.116989
-0.004530,0.100797,0.113809
0.000084,0.096488,0.110221
0.004655,0.092661,0.106467
0.009845,0.086896,0.103062
0.015606,0.079004,0.100098
0.021716,0.069352,0.097558
0.027949,0.058310,0.095431
0.034082,0.046244,0.093700
0.039891,0.033523,0.092351
0.045153,0.020516,0.091371
0.049643,0.007590,0.090743
0.053137,-0.004886,0.090456
0.056727,-0.017330,0.088279
0.060482,-0.029393,0.084015
0.064219,-0.040534,0.077969
0.067750,-0.050212,0.070447
0.070893,-0.057886,0.061756
0.073460,-0.063015,0.052202
0.075268,-0.065059,0.042093
0.076132,-0.063476,0.031734
0.075865,-0.057726,0.021432
0.075237,-0.049801,0.012227
0.074417,-0.040496,0.004303
0.073427,-0.030305,-0.002372
0.072285,-0.019725,-0.007830
0.071014,-0.009251,-0.012103
0.069632,0.000623,-0.015223
0.068161,0.009401,-0.017221
0.066621,0.016588,-0.018128
0.065032,0.021688,-0.017978
0.063738,0.024806,-0.016421
0.062761,0.026424,-0.013681
0.062044,0.027119,-0.010127
0.061532,0.027471,-0.006125
0.061166,0.028055,-0.002043
0.060890,0.029450,0.001753
0.060648,0.032234,0.004894
0.060381,0.036984,0.007015
0.060034,0.044277,0.007746
0.061368,0.049263,0.006105
0.064250,0.051171,0.002318
0.068075,0.050253,-0.003086
0.072238,0.046757,-0.009578
0.076134,0.040935,-0.016629
0.079157,0.033037,-0.023710
0.080702,0.023312,-0.030291
0.080164,0.012012,-0.035844
0.076937,-0.000614,-0.039839
0.073314,-0.012808,-0.042130
0.069743,-0.023866,-0.042884
0.066207,-0.033343,-0.042343
0.062691,-0.040796,-0.040749
0.059179,-0.045782,-0.038347
0.055655,-0.047858,-0.035380
0.052104,-0.046581,-0.032089
0.048510,-0.041507,-0.028719
0.044858,-0.032193,-0.025513
0.042181,-0.021331,-0.021790
0.040458,-0.009872,-0.017457
0.039400,0.001668,-0.012565
0.038721,0.012772,-0.007165
0.038133,0.022923,-0.001310
0.037350,0.031605,0.004949
0.036083,0.038303,0.011560
0.034046,0.042499,0.018472
0.030952,0.043677,0.025632
0.027138,0.043102,0.033009
0.022872,0.041032,0.040035
0.018408,0.037474,0.046008
0.013995,0.032436,0.050225
0.009885,0.025923,0.051984
0.006331,0.017943,0.050582
0.003583,0.008502,0.045317
0.001894,-0.002393,0.035487
0.001515,-0.014735,0.020389
0.001007,-0.023818,0.007376
0.000113,-0.029067,-0.002439
-0.001128,-0.030938,-0.009504
-0.002677,-0.029889,-0.014265
-0.004497,-0.026378,-0.017170
-0.006548,-0.020861,-0.018666
-0.008793,-0.013796,-0.019201
-0.011193,-0.005640,-0.019222
-0.013709,0.003150,-0.019176
-0.016412,0.010120,-0.019760
-0.019207,0.014819,-0.020844
-0.021956,0.017297,-0.022090
-0.024524,0.017606,-0.023160
-0.026773,0.015794,-0.023716
-0.028568,0.011913,-0.023421
-0.029771,0.006012,-0.021936
-0.030247,-0.001859,-0.018924
-0.029859,-0.011648,-0.014048
-0.028745,-0.019333,-0.009480
-0.027177,-0.024586,-0.005863
-0.025458,-0.028009,-0.003455
-0.023890,-0.030200,-0.002517
-0.022778,-0.031759,-0.003306
-0.022425,-0.033285,-0.006083
-0.023133,-0.035379,-0.011106
-0.025207,-0.038638,-0.018634
-0.028948,-0.043663,-0.028926
-0.031669,-0.047428,-0.038177
-0.032931,-0.049437,-0.045494
-0.032859,-0.049830,-0.050716
-0.031578,-0.048745,-0.053684
-0.029213,-0.046320,-0.054234
-0.025891,-0.042693,-0.052205
-0.021735,-0.038003,-0.047437
-0.016871,-0.032389,-0.039768
-0.011425,-0.025988,-0.029037
-0.005946,-0.021392,-0.020057
-0.000603,-0.018805,-0.013585
0.004528,-0.017835,-0.009359
0.009372,-0.018091,-0.007121
0.013853,-0.019180,-0.006609
0.017896,-0.020710,-0.007565
0.021426,-0.022290,-0.009729
0.024367,-0.023527,-0.012839
0.026644,-0.024030,-0.016637
0.027184,-0.023738,-0.019294
0.026072,-0.022639,-0.020317
0.023688,-0.020736,-0.019549
0.020408,-0.018031,-0.016831
0.016611,-0.014523,-0.012004
0.012674,-0.010216,-0.004911
0.008975,-0.005111,0.004607
0.005891,0.000792,0.016709
0.003800,0.007491,0.031552
0.002744,0.017186,0.046674
0.002545,0.029060,0.060890
0.002971,0.041539,0.073334
0.003792,0.053051,0.083139
0.004774,0.062021,0.089442
0.005688,0.066876,0.091374
0.006300,0.066042,0.088072
0.006380,0.057947,0.078669
0.005696,0.041018,0.062300
0.005290,0.024389,0.046167
0.005170,0.010208,0.031822
0.005087,-0.001124,0.019405
0.004789,-0.009207,0.009053
0.004027,-0.013641,0.000906
0.002550,-0.014025,-0.004897
0.000107,-0.009959,-0.008219
-0.003552,-0.001044,-0.008920
-0.008677,0.013122,-0.006861
-0.011818,0.024992,-0.005360
-0.012650,0.033370,-0.004877
-0.011634,0.038647,-0.005159
-0.009230,0.041214,-0.005952
-0.005896,0.041462,-0.007002
-0.002093,0.039784,-0.008057
0.001721,0.036569,-0.008863
0.005086,0.032210,-0.009166
0.007542,0.027098,-0.008712
0.007456,0.021809,-0.010135
0.005268,0.016692,-0.012950
0.001934,0.012034,-0.015892
-0.001591,0.008125,-0.017697
-0.004350,0.005252,-0.017100
-0.005387,0.003704,-0.012836
-0.003745,0.003771,-0.003642
0.001531,0.005741,0.011748
0.011398,0.009902,0.034598
0.020700,0.014712,0.057978
0.028441,0.019752,0.080160
0.034664,0.024889,0.100719
0.039415,0.029988,0.119226
0.042738,0.034913,0.135254
0.044677,0.039531,0.148377
0.045275,0.043704,0.158166
0.044578,0.047300,0.164196
0.042630,0.050184,0.166038
0.038937,0.051237,0.167717
0.033765,0.050283,0.169790
0.027569,0.047373,0.171948
0.020806,0.042564,0.173880
0.013930,0.035909,0.175278
0.007396,0.027462,0.175832
0.001662,0.017279,0.175234
-0.002819,0.005413,0.173172
-0.005590,-0.008081,0.169339
-0.007470,-0.019646,0.164255
-0.008812,-0.028666,0.158043
-0.009855,-0.035263,0.150726
-0.010836,-0.039555,0.142326
-0.011994,-0.041665,0.132868
-0.013566,-0.041711,0.122373
-0.015791,-0.039815,0.110866
-0.018906,-0.036097,0.098368
-0.023150,-0.030678,0.084904
-0.026832,-0.026421,0.072326
-0.029692,-0.023482,0.061085
-0.031830,-0.021335,0.051281
-0.033343,-0.019457,0.043013
-0.034330,-0.017324,0.036382
-0.034888,-0.014410,0.031487
-0.035117,-0.010193,0.028427
-0.035114,-0.004147,0.027302
-0.034977,0.004250,0.028212
-0.034962,0.013203,0.028851
-0.035046,0.022256,0.028757
-0.035138,0.031287,0.027929
-0.035148,0.040177,0.026366
-0.034984,0.048806,0.024068
-0.034555,0.057053,0.021035
-0.033770,0.064797,0.017265
-0.032539,0.071918,0.012758
-0.030770,0.078297,0.007513
-0.029191,0.080482,0.001916
-0.027929,0.078467,-0.003757
-0.026962,0.073104,-0.009261
-0.026267,0.065245,-0.014347
-0.025820,0.055742,-0.018769
-0.025599,0.045448,-0.022280
-0.025581,0.035216,-0.024633
-0.025743,0.025896,-0.025580
-0.026062,0.018343,-0.024875
-0.025711,0.010287,-0.024264
-0.024461,0.001840,-0.024058
-0.022233,-0.006292,-0.024212
-0.018947,-0.013402,-0.024678
-0.014525,-0.018786,-0.025411
-0.008886,-0.021737,-0.026364
-0.001952,-0.021549,-0.027491
0.006357,-0.017516,-0.028746
0.016121,-0.008931,-0.030081
0.025258,-0.003733,-0.033917
0.033273,-0.002610,-0.040039
0.040064,-0.004436,-0.047578
0.045531,-0.008086,-0.055662
0.049574,-0.012436,-0.063420
0.052093,-0.016361,-0.069982
0.052986,-0.018735,-0.074477
0.052154,-0.018434,-0.076033
0.049495,-0.014333,-0.073781
0.046575,-0.010969,-0.070234
0.043679,-0.008973,-0.065952
0.040772,-0.007999,-0.061006
0.037816,-0.007704,-0.055466
0.034778,-0.007740,-0.049402
0.031621,-0.007764,-0.042886
0.028309,-0.007430,-0.035988
0.024807,-0.006392,-0.028779
0.021080,-0.004305,-0.021329
0.017975,-0.001128,-0.010821
0.015615,0.002958,0.002036
0.013945,0.007715,0.015654
0.012907,0.012905,0.028444
0.012445,0.018292,0.038816
0.012502,0.023635,0.045181
0.013021,0.028699,0.045951
0.013945,0.033245,0.039537
0.015219,0.037035,0.024349
0.015520,0.039625,0.005484
0.014810,0.040912,-0.014889
0.013376,0.040878,-0.035331
0.011500,0.039505,-0.054406
0.009469,0.036777,-0.070677
0.007565,0.032675,-0.082704
0.006073,0.027182,-0.089052
0.005279,0.020280,-0.088283
0.005466,0.011951,-0.078959
0.005983,0.002806,-0.067851
0.006618,-0.006716,-0.056549
0.007263,-0.016213,-0.045347
0.007815,-0.025288,-0.034537
0.008167,-0.033540,-0.024415
0.008214,-0.040570,-0.015272
0.007851,-0.045979,-0.007403
0.006972,-0.049367,-0.001102
0.005472,-0.050335,0.003339
0.003914,-0.049564,0.004555
0.002569,-0.047125,0.002807
0.001633,-0.042935,-0.001238
0.001302,-0.036909,-0.006914
0.001774,-0.028966,-0.013555
0.003245,-0.019020,-0.020494
0.005912,-0.006990,-0.027065
0.009972,0.007208,-0.032602
0.015621,0.023658,-0.036438
0.020417,0.036438,-0.038292
0.024012,0.045208,-0.038380
0.026578,0.051024,-0.037042
0.028291,0.054941,-0.034619
0.029325,0.058015,-0.031450
0.029852,0.061301,-0.027877
0.030048,0.065853,-0.024240
0.030086,0.072729,-0.020878
0.030140,0.082983,-0.018134
0.029153,0.090653,-0.017216
0.027294,0.094881,-0.017905
0.025039,0.096086,-0.019623
0.022866,0.094688,-0.021795
0.021249,0.091106,-0.023843
0.020666,0.085757,-0.025190
0.021592,0.079062,-0.025258
0.024505,0.071439,-0.023472
0.029880,0.063308,-0.019253
0.034374,0.053017,-0.015916
0.037504,0.040566,-0.013947
0.039498,0.026365,-0.013127
0.040589,0.010827,-0.013234
0.041004,-0.005636,-0.014049
0.040975,-0.022614,-0.015352
0.040732,-0.039695,-0.016923
0.040505,-0.056467,-0.018540
0.040524,-0.072519,-0.019985
0.041980,-0.085372,-0.021606
0.044616,-0.094909,-0.023299
0.047814,-0.101604,-0.024847
0.050955,-0.105931,-0.026033
0.053419,-0.108365,-0.026642
0.054587,-0.109379,-0.026457
0.053841,-0.109448,-0.025260
0.050560,-0.109045,-0.022835
0.044127,-0.108645,-0.018966
0.036771,-0.107909,-0.011820
0.029092,-0.106866,-0.001811
0.021283,-0.105639,0.010084
0.013537,-0.104350,0.022889
0.006046,-0.103119,0.035627
-0.000996,-0.102070,0.047323
-0.007398,-0.101323,0.056999
-0.012965,-0.101001,0.063679
-0.017506,-0.101226,0.066387
-0.020587,-0.101285,0.067937
-0.022392,-0.101078,0.068928
-0.023263,-0.100656,0.069404
-0.023539,-0.100072,0.069411
-0.023563,-0.099376,0.068994
-0.023673,-0.098622,0.068196
-0.024211,-0.097861,0.067063
-0.025517,-0.097145,0.065640
-0.027932,-0.096526,0.063971
-0.030439,-0.096318,0.063376
-0.032710,-0.096205,0.064010
-0.034594,-0.095716,0.065735
-0.035936,-0.094380,0.068415
-0.036582,-0.091725,0.071913
-0.036379,-0.087279,0.076091
-0.035174,-0.080571,0.080813
-0.032812,-0.071128,0.085941
-0.029140,-0.058480,0.091339
-0.027231,-0.046716,0.095945
-0.027420,-0.036567,0.099530
-0.029363,-0.027923,0.102072
-0.032711,-0.020676,0.103550
-0.037118,-0.014716,0.103942
-0.042238,-0.009933,0.103226
-0.047723,-0.006219,0.101380
-0.053228,-0.003464,0.098383
-0.058404,-0.001559,0.094213
-0.062455,-0.000516,0.086214
-0.065084,-0.000371,0.074623
-0.066116,-0.001164,0.060398
-0.065380,-0.002935,0.044498
-0.062702,-0.005725,0.027883
-0.057910,-0.009575,0.011511
-0.050832,-0.014523,-0.003659
-0.041293,-0.020612,-0.016669
-0.029123,-0.027880,-0.026558
-0.017411,-0.034905,-0.032615
-0.006824,-0.041435,-0.034969
0.002580,-0.047511,-0.033960
0.010742,-0.053175,-0.029925
0.017602,-0.058467,-0.023205
0.023102,-0.063431,-0.014139
0.027183,-0.068106,-0.003065
0.029785,-0.072535,0.009676
0.030850,-0.076759,0.023746
0.028924,-0.077177,0.036418
0.024350,-0.074029,0.047139
0.017918,-0.068511,0.055899
0.010421,-0.061819,0.062688
0.002650,-0.055152,0.067496
-0.004605,-0.049706,0.070313
-0.010551,-0.046678,0.071130
-0.014397,-0.047267,0.069936
-0.015351,-0.052667,0.066723
-0.013079,-0.058031,0.060667
-0.008090,-0.062451,0.052244
-0.001110,-0.066007,0.042254
0.007140,-0.068778,0.031495
0.015935,-0.070846,0.020768
0.024553,-0.072290,0.010871
0.032271,-0.073188,0.002604
0.038364,-0.073622,-0.003234
0.042111,-0.073672,-0.005844
0.045801,-0.075832,-0.009999
0.049756,-0.080079,-0.016179
0.053806,-0.085760,-0.023786
0.057781,-0.092219,-0.032226
0.061510,-0.098802,-0.040901
0.064824,-0.104857,-0.049218
0.067551,-0.109728,-0.056578
0.069522,-0.112761,-0.062387
0.070566,-0.113303,-0.066048
0.070230,-0.109169,-0.067411
0.068543,-0.100729,-0.066951
0.065654,-0.088987,-0.065307
0.061713,-0.074950,-0.063112
0.056870,-0.059626,-0.061002
0.051274,-0.044020,-0.059614
0.045075,-0.029138,-0.059582
0.038423,-0.015987,-0.061542
0.031466,-0.005573,-0.066129
0.026038,0.002765,-0.071566
0.022232,0.008709,-0.077393
0.019709,0.011694,-0.083479
0.018131,0.011154,-0.089696
0.017157,0.006525,-0.095915
0.016449,-0.002758,-0.102005
0.015666,-0.017261,-0.107836
0.014471,-0.037547,-0.113281
0.012523,-0.064183,-0.118208
0.011381,-0.089737,-0.122517
0.011166,-0.112560,-0.126186
0.011641,-0.132450,-0.129214
0.012570,-0.149202,-0.131599
0.013714,-0.162614,-0.133339
0.014836,-0.172482,-0.134433
0.015700,-0.178602,-0.134879
0.016067,-0.180771,-0.134676
0.015700,-0.178786,-0.133823
0.016216,-0.172104,-0.131705
0.017781,-0.161344,-0.128451
0.020197,-0.147412,-0.124374
0.023268,-0.131215,-0.119787
0.026796,-0.113660,-0.115004
0.030586,-0.095655,-0.110338
0.034439,-0.078106,-0.106102
0.038160,-0.061921,-0.102610
0.041552,-0.048006,-0.100175
0.044059,-0.039055,-0.096876
0.045651,-0.034528,-0.092712
0.046428,-0.033077,-0.088160
0.046490,-0.033353,-0.083697
0.045937,-0.034009,-0.079801
0.044870,-0.033695,-0.076951
0.043387,-0.031064,-0.075622
0.041590,-0.024767,-0.076294
0.039578,-0.013456,-0.079443
0.036624,-0.001519,-0.084400
0.032778,0.009875,-0.090630
0.028285,0.020363,-0.097635
0.023390,0.029580,-0.104913
0.018337,0.037161,-0.111966
0.013371,0.042743,-0.118292
0.008736,0.045962,-0.123393
0.004678,0.046453,-0.126767
0.001440,0.043853,-0.127916
-0.000429,0.038567,-0.124889
-0.001052,0.031146,-0.117857
-0.000717,0.022177,-0.107518
0.000287,0.012249,-0.094571
0.001669,0.001947,-0.079715
0.003141,-0.008140,-0.063647
0.004413,-0.017425,-0.047069
0.005196,-0.025322,-0.030677
0.005202,-0.031243,-0.015171
0.004615,-0.036772,0.000158
0.003751,-0.041876,0.014846
0.002957,-0.046115,0.028134
0.002581,-0.049050,0.039264
0.002971,-0.050242,0.047479
0.004473,-0.049251,0.052021
0.007436,-0.045638,0.052132
0.012207,-0.038965,0.047054
0.019133,-0.028791,0.036029
0.025400,-0.019888,0.024665
0.030533,-0.012900,0.014194
0.034639,-0.007441,0.004752
0.037825,-0.003123,-0.003524
0.040200,0.000440,-0.010498
0.041871,0.003636,-0.016032
0.042946,0.006852,-0.019990
0.043533,0.010473,-0.022235
0.043740,0.014889,-0.022629
0.042550,0.019937,-0.021699
0.040301,0.025174,-0.019548
0.037668,0.030082,-0.016176
0.035328,0.034146,-0.011582
0.033955,0.036848,-0.005768
0.034225,0.037673,0.001269
0.036816,0.036104,0.009528
0.042401,0.031625,0.019009
0.051657,0.023719,0.029713
0.059434,0.015527,0.037584
0.064981,0.007596,0.042001
0.068648,-0.000171,0.043204
0.070786,-0.007875,0.041429
0.071745,-0.015613,0.036915
0.071874,-0.023484,0.029900
0.071525,-0.031588,0.020622
0.071047,-0.040024,0.009319
0.070791,-0.048889,-0.003770
0.070867,-0.055967,-0.016142
0.071065,-0.060907,-0.027117
0.071094,-0.063827,-0.036472
0.070663,-0.064844,-0.043984
0.069482,-0.064075,-0.049432
0.067260,-0.061638,-0.052592
0.063707,-0.057650,-0.053241
0.058533,-0.052227,-0.051158
0.051445,-0.045488,-0.046119
0.043255,-0.039418,-0.037675
0.034493,-0.034080,-0.026510
0.025617,-0.029059,-0.013589
0.017087,-0.023940,0.000120
0.009363,-0.018307,0.013652
0.002903,-0.011744,0.026041
-0.001833,-0.003837,0.036320
-0.004386,0.005831,0.043523
-0.004296,0.017676,0.046684
-0.003889,0.028738,0.051240
-0.003558,0.038357,0.057675
-0.003210,0.046449,0.065230
-0.002754,0.052926,0.073148
-0.002097,0.057704,0.080671
-0.001148,0.060695,0.087042
0.000186,0.061815,0.091503
0.001996,0.060977,0.093297
0.004374,0.058096,0.091666
0.005446,0.053410,0.089076
0.005243,0.047474,0.085897
0.004277,0.040921,0.081977
0.003058,0.034383,0.077163
0.002095,0.028494,0.071303
0.001898,0.023886,0.064242
0.002978,0.021192,0.055829
0.005845,0.021045,0.045911
0.011009,0.024078,0.034336
0.015476,0.026010,0.022269
0.018727,0.025912,0.010242
0.020864,0.023692,-0.001371
0.021987,0.019255,-0.012200
0.022197,0.012510,-0.021872
0.021596,0.003365,-0.030014
0.020283,-0.008275,-0.036254
0.018360,-0.022501,-0.040219
0.015928,-0.039406,-0.041539
0.014522,-0.052989,-0.041201
0.014128,-0.062392,-0.039516
0.014345,-0.068040,-0.036624
0.014772,-0.070362,-0.032664
0.015005,-0.069782,-0.027777
0.014646,-0.066728,-0.022100
0.013291,-0.061627,-0.015776
0.010539,-0.054904,-0.008943
0.005989,-0.046987,-0.001740
0.001429,-0.041108,0.004575
-0.002955,-0.037356,0.009750
-0.007382,-0.035031,0.013785
-0.012070,-0.033437,0.016679
-0.017235,-0.031874,0.018431
-0.023095,-0.029645,0.019040
-0.029868,-0.026050,0.018506
-0.037770,-0.020392,0.016826
-0.047021,-0.011972,0.014002
-0.055912,-0.003985,0.010805
-0.064040,0.002945,0.007412
-0.071327,0.008834,0.003847
-0.077695,0.013699,0.000135
-0.083066,0.017555,-0.003699
-0.087362,0.020421,-0.007629
-0.090505,0.022312,-0.011631
-0.092417,0.023246,-0.015679
-0.093020,0.023238,-0.019749
-0.095845,0.020944,-0.023151
-0.101105,0.016695,-0.025712
-0.108187,0.011242,-0.027391
-0.116474,0.005338,-0.028143
-0.125351,-0.000268,-0.027926
-0.134204,-0.004824,-0.026697
-0.142418,-0.007578,-0.024412
-0.149376,-0.007780,-0.021029
-0.154465,-0.004678,-0.016505
-0.157868,-0.001664,-0.011891
-0.159728,0.000946,-0.007566
-0.160175,0.003606,-0.003741
-0.159340,0.006769,-0.000625
-0.157354,0.010888,0.001570
-0.154347,0.016417,0.002635
-0.150450,0.023809,0.002358
-0.145793,0.033518,0.000531
-0.140508,0.045996,-0.003059
-0.135880,0.055032,-0.005180
-0.132117,0.059902,-0.005548
-0.129159,0.061252,-0.004613
-0.126946,0.059731,-0.002828
-0.125417,0.055985,-0.000642
-0.124511,0.050664,0.001492
-0.124168,0.044414,0.003124
-0.124327,0.037884,0.003803
-0.124928,0.031720,0.003078
-0.125441,0.026377,0.002985
-0.125716,0.021964,0.003656
-0.125699,0.018503,0.004745
-0.125333,0.016016,0.005903
-0.124563,0.014525,0.006786
-0.123334,0.014051,0.007046
-0.121591,0.014618,0.006337
-0.119279,0.016248,0.004312
-0.116341,0.018962,0.000625
-0.112928,0.020792,-0.002638
-0.109204,0.021693,-0.005129
-0.105341,0.022100,-0.006931
-0.101507,0.022446,-0.008128
-0.097873,0.023168,-0.008804
-0.094607,0.024699,-0.009043
-0.091880,0.027475,-0.008929
-0.089862,0.031929,-0.008545
-0.088721,0.038498,-0.007977
-0.088465,0.043051,-0.007562
-0.088906,0.045134,-0.007401
-0.089808,0.045211,-0.007537
-0.090932,0.043749,-0.008013
-0.092044,0.041211,-0.008872
-0.092906,0.038063,-0.010157
-0.093282,0.034770,-0.011911
-0.092934,0.031797,-0.014177
-0.091628,0.029609,-0.016998
-0.091745,0.027559,-0.018975
-0.093336,0.025501,-0.019898
-0.095872,0.023415,-0.019851
-0.098820,0.021279,-0.018919
-0.101648,0.019074,-0.017187
-0.103826,0.016777,-0.014740
-0.104822,0.014370,-0.011663
-0.104105,0.011830,-0.008040
-0.101143,0.009137,-0.003956
-0.097873,0.005738,-0.000216
-0.094685,0.001889,0.003024
-0.091584,-0.001950,0.005768
-0.088573,-0.005319,0.008019
-0.085655,-0.007760,0.009782
-0.082834,-0.008814,0.011062
-0.080115,-0.008020,0.011861
-0.077500,-0.004920,0.012186
-0.074993,0.000945,0.012039
-0.070867,0.005482,0.011734
-0.064937,0.008332,0.011607
-0.057409,0.010074,0.012000
-0.048483,0.011285,0.013256
-0.038365,0.012543,0.015716
-0.027257,0.014425,0.019721
-0.015363,0.017509,0.025615
-0.002886,0.022373,0.033738
0.009970,0.029593,0.044433
0.020725,0.034785,0.054405
0.029163,0.037238,0.063037
0.035640,0.037159,0.070384
0.040509,0.034755,0.076499
0.044125,0.030234,0.081434
0.046842,0.023801,0.085244
0.049013,0.015666,0.087982
0.050994,0.006035,0.089702
0.053137,-0.004886,0.090456
0.054781,-0.013939,0.087851
0.055821,-0.020718,0.081981
0.056294,-0.025505,0.073565
0.056236,-0.028583,0.063317
0.055683,-0.030231,0.051954
0.054671,-0.030733,0.040194
0.053237,-0.030370,0.028752
0.051417,-0.029423,0.018345
0.049248,-0.028174,0.009690
0.047913,-0.027326,0.001056
0.047402,-0.026885,-0.007655
0.047405,-0.026686,-0.016133
0.047613,-0.026560,-0.024067
0.047715,-0.026340,-0.031148
0.047402,-0.025860,-0.037064
0.046364,-0.024953,-0.041506
0.044291,-0.023451,-0.044164
0.040873,-0.021188,-0.044726
0.037736,-0.018365,-0.043637
0.035199,-0.015186,-0.041136
0.033258,-0.011852,-0.037412
0.031908,-0.008566,-0.032653
0.031143,-0.005531,-0.027047
0.030959,-0.002949,-0.020783
0.031351,-0.001021,-0.014049
0.032312,0.000048,-0.007033
0.033839,0.000057,0.000076
0.034978,-0.000611,0.006264
0.035544,-0.001805,0.011301
0.035547,-0.003430,0.015152
0.034995,-0.005392,0.017782
0.033899,-0.007597,0.019157
0.032266,-0.009951,0.019242
0.030106,-0.012360,0.018001
0.027427,-0.014729,0.015401
0.024240,-0.016966,0.011406
0.021427,-0.019622,0.005264
0.019037,-0.022590,-0.002586
0.016911,-0.025594,-0.011405
0.014889,-0.028359,-0.020455
0.012812,-0.030609,-0.028998
0.010519,-0.032070,-0.036295
0.007851,-0.032466,-0.041608
0.004648,-0.031522,-0.044199
0.000751,-0.028963,-0.043329
-0.003091,-0.026940,-0.042694
-0.006719,-0.025716,-0.042857
-0.010121,-0.025083,-0.043599
-0.013283,-0.024834,-0.044699
-0.016196,-0.024760,-0.045938
-0.018845,-0.024653,-0.047097
-0.021220,-0.024305,-0.047955
-0.023308,-0.023509,-0.048295
-0.025097,-0.022055,-0.047895
-0.026696,-0.021468,-0.047676
-0.028247,-0.021844,-0.047799
-0.029898,-0.022923,-0.048233
-0.031797,-0.024446,-0.048948
-0.034095,-0.026152,-0.049915
-0.036939,-0.027783,-0.051105
-0.040479,-0.029078,-0.052486
-0.044862,-0.029777,-0.054030
-0.050239,-0.029621,-0.055707
-0.056080,-0.029247,-0.055714
-0.062087,-0.028716,-0.053980
-0.068022,-0.027943,-0.050864
-0.073647,-0.026844,-0.046727
-0.078721,-0.025335,-0.041927
-0.083006,-0.023333,-0.036825
-0.086263,-0.020752,-0.031781
-0.088253,-0.017509,-0.027154
-0.088737,-0.013520,-0.023305
-0.088957,-0.012585,-0.020344
-0.089223,-0.014830,-0.018180
-0.089613,-0.019465,-0.016671
-0.090206,-0.025698,-0.015677
-0.091080,-0.032738,-0.015056
-0.092313,-0.039794,-0.014665
-0.093984,-0.046075,-0.014364
-0.096169,-0.050790,-0.014012
-0.098949,-0.053147,-0.013465
-0.100676,-0.056410,-0.012010
-0.101099,-0.060406,-0.009757
-0.100311,-0.064104,-0.007027
-0.098409,-0.066471,-0.004139
-0.095487,-0.066475,-0.001412
-0.091641,-0.063085,0.000834
-0.086965,-0.055268,0.002280
-0.081554,-0.041993,0.002606
-0.075504,-0.022226,0.001493
-0.069198,-0.006861,0.000728
-0.062763,0.002838,0.000998
-0.056259,0.008015,0.002715
-0.049749,0.009813,0.006290
-0.043294,0.009374,0.012134
-0.036956,0.007841,0.020660
-0.030797,0.006356,0.032279
-0.024878,0.006064,0.047403
-0.019261,0.008106,0.066443
-0.014726,0.011182,0.083456
-0.011162,0.014643,0.097408
-0.008238,0.018002,0.108496
-0.005625,0.020772,0.116915
-0.002990,0.022467,0.122860
-0.000002,0.022598,0.126528
0.003668,0.020681,0.128114
0.008353,0.016228,0.127814
0.014384,0.008751,0.125824
0.019809,0.000452,0.123575
0.024275,-0.008066,0.121425
0.027830,-0.016599,0.119461
0.030519,-0.024943,0.117772
0.032390,-0.032893,0.116444
0.033489,-0.040247,0.115565
0.033863,-0.046800,0.115224
0.033559,-0.052347,0.115507
0.032623,-0.056685,0.116502
0.030772,-0.061466,0.118105
0.028178,-0.066761,0.120034
0.025126,-0.072243,0.121964
0.021900,-0.077587,0.123571
0.018785,-0.082469,0.124530
0.016067,-0.086562,0.124516
0.014030,-0.089541,0.123204
0.012958,-0.091082,0.120270
0.013138,-0.090857,0.115389
0.013226,-0.084633,0.110053
0.012919,-0.073056,0.104671
0.012172,-0.057991,0.099377
0.010943,-0.041304,0.094307
0.009186,-0.024862,0.089596
0.006858,-0.010530,0.085380
0.003915,-0.000175,0.081795
0.000312,0.004339,0.078976
-0.003995,0.001144,0.077058
-0.007978,0.000794,0.075422
-0.011441,0.004726,0.073890
-0.014396,0.012101,0.072394
-0.016854,0.022080,0.070867
-0.018827,0.033822,0.069242
-0.020328,0.046487,0.067450
-0.021367,0.059236,0.065425
-0.021956,0.071230,0.063099
-0.022108,0.081627,0.060405
-0.022340,0.087945,0.057984
-0.022660,0.090267,0.055974
-0.022949,0.089321,0.054387
-0.023086,0.085835,0.053234
-0.022952,0.080536,0.052527
-0.022427,0.074151,0.052279
-0.021391,0.067408,0.052499
-0.019723,0.061034,0.053201
-0.017306,0.055757,0.054395
-0.015289,0.052761,0.056227
-0.013805,0.051909,0.058493
-0.012729,0.052732,0.060904
-0.011938,0.054763,0.063172
-0.011307,0.057534,0.065006
-0.010713,0.060577,0.066117
-0.010032,0.063424,0.066216
-0.009139,0.065607,0.065013
-0.007911,0.066658,0.062219
-0.006074,0.065602,0.056498
-0.003626,0.062530,0.048201
-0.000635,0.057797,0.038100
0.002835,0.051761,0.026967
0.006715,0.044778,0.015575
0.010940,0.037205,0.004697
0.015443,0.029399,-0.004894
0.020157,0.021716,-0.012427
0.025016,0.014514,-0.017128
0.028264,0.010011,-0.020865
0.029934,0.008103,-0.023962
0.030508,0.008103,-0.026355
0.030464,0.009323,-0.027983
0.030284,0.011078,-0.028782
0.030448,0.012680,-0.028689
0.031436,0.013442,-0.027642
0.033728,0.012677,-0.025578
0.037806,0.009699,-0.022433
0.043539,0.005762,-0.019783
0.050209,0.001167,-0.017916
0.056943,-0.004025,-0.016803
0.062874,-0.009752,-0.016414
0.067132,-0.015953,-0.016719
0.068847,-0.022565,-0.017687
0.067148,-0.029528,-0.019289
0.061168,-0.036780,-0.021494
0.050036,-0.044259,-0.024272
0.038715,-0.050343,-0.028296
0.028317,-0.054671,-0.033422
0.018992,-0.057199,-0.039300
0.010889,-0.057880,-0.045578
0.004159,-0.056670,-0.051908
-0.001050,-0.053524,-0.057940
-0.004586,-0.048397,-0.063322
-0.006302,-0.041243,-0.067706
-0.006046,-0.032018,-0.070742
-0.006744,-0.026250,-0.074831
-0.008689,-0.024381,-0.079974
-0.011511,-0.025579,-0.085570
-0.014843,-0.029012,-0.091020
-0.018317,-0.033849,-0.095724
-0.021565,-0.039257,-0.099079
-0.024220,-0.044406,-0.100488
-0.025914,-0.048464,-0.099348
-0.026279,-0.050598,-0.095061
-0.026409,-0.051585,-0.090820
-0.026391,-0.051603,-0.087323
-0.026059,-0.050687,-0.084643
-0.025247,-0.048868,-0.082852
-0.023790,-0.046180,-0.082022
-0.021523,-0.042654,-0.082226
-0.018279,-0.038323,-0.083537
-0.013893,-0.033220,-0.086027
-0.008199,-0.027378,-0.089769
-0.004347,-0.024374,-0.094609
-0.002701,-0.024253,-0.100025
-0.002931,-0.026178,-0.105400
-0.004704,-0.029313,-0.110119
-0.007690,-0.032819,-0.113567
-0.011556,-0.035859,-0.115128
-0.015971,-0.037595,-0.114187
-0.020605,-0.037192,-0.110127
-0.025124,-0.033810,-0.102334
-0.026913,-0.030550,-0.095348
-0.026042,-0.027870,-0.089590
-0.023250,-0.025570,-0.084457
-0.019278,-0.023447,-0.079343
-0.014868,-0.021301,-0.073641
-0.010761,-0.018931,-0.066747
-0.007697,-0.016134,-0.058054
-0.006417,-0.012710,-0.046956
-0.007662,-0.008456,-0.032850
-0.008253,-0.003385,-0.018802
-0.007540,0.002365,-0.005440
-0.005507,0.008625,0.007220
-0.002140,0.015223,0.019160
0.002579,0.021989,0.030366
0.008664,0.028752,0.040821
0.016132,0.035342,0.050508
0.024998,0.041588,0.059411
0.035279,0.047320,0.067514
0.044620,0.051366,0.073509
0.052607,0.053642,0.077337
0.059316,0.054336,0.079253
0.064818,0.053637,0.079508
0.069188,0.051733,0.078356
0.072498,0.048812,0.076051
0.074823,0.045062,0.072844
0.076236,0.040672,0.068991
0.076810,0.035830,0.064743
0.076350,0.033998,0.062663
0.075098,0.035182,0.062702
0.073402,0.038525,0.064160
0.071614,0.043169,0.066339
0.070081,0.048256,0.068537
0.069155,0.052930,0.070055
0.069184,0.056332,0.070193
0.070519,0.057605,0.068251
0.073509,0.055891,0.063530
0.075375,0.052602,0.058625
0.075845,0.048167,0.054057
0.075272,0.042772,0.049824
0.074011,0.036602,0.045925
0.072415,0.029843,0.042357
0.070837,0.022678,0.039121
0.069633,0.015295,0.036215
0.069154,0.007878,0.033637
0.069756,0.000612,0.031386
0.070440,-0.006752,0.029575
0.071063,-0.013831,0.028186
0.071692,-0.020081,0.027172
0.072398,-0.024960,0.026484
0.073248,-0.027925,0.026073
0.074312,-0.028434,0.025892
0.075659,-0.025944,0.025892
0.077358,-0.019913,0.026024
0.079478,-0.009797,0.026241
0.081307,0.001429,0.027791
0.082701,0.012786,0.030660
0.083658,0.023791,0.034518
0.084175,0.033964,0.039033
0.084249,0.042822,0.043875
0.083876,0.049883,0.048713
0.083054,0.054667,0.053216
0.081781,0.056691,0.057054
0.080053,0.055473,0.059896
0.077677,0.052178,0.062023
0.074797,0.047315,0.063518
0.071643,0.041233,0.064418
0.068444,0.034278,0.064756
0.065428,0.026798,0.064566
0.062826,0.019140,0.063885
0.060865,0.011652,0.062746
0.059775,0.004680,0.061184
0.059785,-0.001427,0.059235
0.059761,-0.008122,0.057823
0.059525,-0.015285,0.056812
0.059136,-0.022402,0.055803
0.058653,-0.028960,0.054393
0.058135,-0.034447,0.052181
0.057642,-0.038350,0.048766
0.057234,-0.040155,0.043747
0.056970,-0.039351,0.036722
0.056909,-0.035424,0.027291
0.058957,-0.030505,0.019029
0.062848,-0.025401,0.012400
0.067773,-0.020584,0.007090
0.072921,-0.016530,0.002787
0.077483,-0.013713,-0.000825
0.080651,-0.012606,-0.004058
0.081614,-0.013684,-0.007225
0.079563,-0.017422,-0.010641
0.073689,-0.024293,-0.014618
0.065612,-0.032728,-0.019251
0.056198,-0.041867,-0.024471
0.046128,-0.051028,-0.030172
0.036080,-0.059530,-0.036246
0.026733,-0.066691,-0.042587
0.018767,-0.071829,-0.049085
0.012862,-0.074262,-0.055636
0.009695,-0.073308,-0.062130
0.009947,-0.068285,-0.068461
0.013232,-0.061484,-0.073866
0.018844,-0.053790,-0.078107
0.025991,-0.045744,-0.081075
0.033886,-0.037880,-0.082664
0.041738,-0.030739,-0.082765
0.048758,-0.024856,-0.081269
0.054157,-0.020770,-0.078070
0.057145,-0.019017,-0.073059
0.056933,-0.020136,-0.066129
0.056532,-0.021613,-0.058996
0.056534,-0.022648,-0.052169
0.056926,-0.022870,-0.045858
0.057697,-0.021910,-0.040270
0.058833,-0.019395,-0.035614
0.060323,-0.014956,-0.032097
0.062154,-0.008222,-0.029928
0.064315,0.001178,-0.029315
0.066792,0.013614,-0.030466
0.069534,0.025386,-0.032416
0.072393,0.035574,-0.034766
0.075192,0.043948,-0.037258
0.077757,0.050281,-0.039634
0.079913,0.054346,-0.041634
0.081486,0.055914,-0.043002
0.082300,0.054758,-0.043480
0.082181,0.050651,-0.042808
0.080955,0.043363,-0.040729
0.079900,0.037593,-0.039041
0.079224,0.033982,-0.037977
0.078862,0.032163,-0.037378
0.078749,0.031764,-0.037084
0.078824,0.032415,-0.036939
0.079021,0.033747,-0.036782
0.079278,0.035390,-0.036456
0.079530,0.036974,-0.035801
0.079713,0.038128,-0.034659
0.079462,0.038169,-0.033406
0.078804,0.037159,-0.032138
0.077862,0.035352,-0.030880
0.076761,0.032997,-0.029658
0.075626,0.030347,-0.028497
0.074581,0.027653,-0.027422
0.073749,0.025167,-0.026459
0.073257,0.023140,-0.025632
0.073227,0.021824,-0.024968
0.073390,0.021192,-0.024241
0.073683,0.021128,-0.023383
0.074092,0.021498,-0.022368
0.074607,0.022165,-0.021168
0.075215,0.022992,-0.019758
0.075905,0.023844,-0.018109
0.076664,0.024584,-0.016195
0.077480,0.025077,-0.013988
0.078342,0.025185,-0.011463
0.078254,0.025163,-0.009193
0.077213,0.025130,-0.007305
0.075470,0.025174,-0.005812
0.073271,0.025381,-0.004727
0.070865,0.025839,-0.004063
0.068500,0.026635,-0.003834
0.066426,0.027856,-0.004054
0.064889,0.029589,-0.004734
0.064138,0.031921,-0.005890
0.063825,0.034692,-0.007241
0.063799,0.037763,-0.008708
0.063959,0.041000,-0.010261
0.064203,0.044270,-0.011869
0.064432,0.047438,-0.013503
0.064543,0.050371,-0.015133
0.064435,0.052936,-0.016729
0.064008,0.054998,-0.018262
0.063159,0.056424,-0.019701
0.063238,0.056817,-0.020668
0.064275,0.056201,-0.021175
0.065970,0.054706,-0.021332
0.068027,0.052459,-0.021249
0.070145,0.049591,-0.021036
0.072027,0.046230,-0.020804
0.073374,0.042504,-0.020663
0.073887,0.038544,-0.020723
0.073268,0.034477,-0.021093
0.072011,0.031251,-0.020975
0.070322,0.028921,-0.020300
0.068333,0.027321,-0.019185
0.066176,0.026287,-0.017744
0.063986,0.025653,-0.016095
0.061894,0.025252,-0.014353
0.060035,0.024920,-0.012634
0.058539,0.024490,-0.011053
0.057542,0.023797,-0.009727
0.057504,0.022546,-0.009019
0.058331,0.020838,-0.008897
0.059793,0.018872,-0.009236
0.061657,0.016847,-0.009907
0.063690,0.014963,-0.010784
0.065660,0.013418,-0.011739
0.067336,0.012412,-0.012644
0.068484,0.012144,-0.013372
0.068874,0.012814,-0.013795
0.068197,0.013961,-0.013899
0.066625,0.015382,-0.013719
0.064443,0.016937,-0.013301
0.061940,0.018488,-0.012692
0.059403,0.019895,-0.011940
0.057120,0.021018,-0.011092
0.055380,0.021720,-0.010195
0.054469,0.021859,-0.009295
0.054675,0.021298,-0.008440
0.055388,0.021282,-0.008123
0.056417,0.021890,-0.008336
0.057669,0.022911,-0.008948
0.059057,0.024130,-0.009826
0.060491,0.025335,-0.010838
0.061881,0.026314,-0.011853
0.063137,0.026854,-0.012739
0.064170,0.026742,-0.013363
0.064891,0.025766,-0.013593
0.065151,0.024748,-0.014053
0.064989,0.023895,-0.014797
0.064491,0.023263,-0.015736
0.063744,0.022904,-0.016785
0.062835,0.022875,-0.017854
0.061848,0.023228,-0.018858
0.060872,0.024019,-0.019708
0.059991,0.025301,-0.020318
0.059293,0.027129,-0.020598
0.057954,0.029250,-0.020348
0.055989,0.031473,-0.019669
0.053623,0.033621,-0.018741
0.051082,0.035518,-0.017744
0.048589,0.036987,-0.016858
0.046370,0.037852,-0.016263
0.044650,0.037935,-0.016138
0.043653,0.037060,-0.016662
0.043604,0.035051,-0.018017
0.043980,0.033362,-0.018875
0.044590,0.032207,-0.019082
0.045328,0.031490,-0.018772
0.046083,0.031112,-0.018084
0.046750,0.030978,-0.017152
0.047219,0.030991,-0.016113
0.047384,0.031053,-0.015104
0.047135,0.031069,-0.014260
0.046365,0.030941,-0.013719
0.045568,0.030782,-0.013392
0.044842,0.030654,-0.013233
0.044188,0.030606,-0.013206
0.043608,0.030690,-0.013275
0.043103,0.030954,-0.013405
0.042673,0.031449,-0.013559
0.042319,0.032224,-0.013702
0.042044,0.033330,-0.013797
0.041847,0.034817,-0.013809
0.041687,0.036311,-0.013727
0.041571,0.037660,-0.013609
0.041518,0.038770,-0.013529
0.041548,0.039544,-0.013561
0.041679,0.039888,-0.013780
0.041931,0.039706,-0.014261
0.042323,0.038903,-0.015078
0.042874,0.037383,-0.016305
0.043604,0.035051,-0.018017
0.044490,0.033174,-0.020029
0.045485,0.031859,-0.022187
0.046532,0.030926,-0.024342
0.047576,0.030195,-0.026345
0.048562,0.029484,-0.028049
0.049434,0.028613,-0.029305
0.050137,0.027401,-0.029965
0.050614,0.025667,-0.029880
0.050811,0.023230,-0.028903
0.050875,0.020240,-0.027470
0.050863,0.016887,-0.025738
0.050811,0.013371,-0.023790
0.050753,0.009893,-0.021710
0.050726,0.006653,-0.019583
0.050764,0.003852,-0.017493
0.050902,0.001692,-0.015525
0.051177,0.000371,-0.013762
0.051622,0.000092,-0.012289
0.051337,0.000205,-0.011415
0.050272,0.000493,-0.011102
0.048595,0.000843,-0.011225
0.046468,0.001144,-0.011660
0.044058,0.001283,-0.012282
0.041529,0.001150,-0.012965
0.039047,0.000632,-0.013587
0.036776,-0.000382,-0.014021
0.034881,-0.002005,-0.014144
0.033644,-0.003699,-0.014461
0.032983,-0.005303,-0.014986
0.032723,-0.006748,-0.015609
0.032692,-0.007966,-0.016221
0.032717,-0.008890,-0.016714
0.032623,-0.009450,-0.016977
0.032238,-0.009579,-0.016901
0.031388,-0.009209,-0.016378
0.029900,-0.008271,-0.015297
0.028927,-0.007695,-0.014255
0.028591,-0.007541,-0.013343
0.028754,-0.007649,-0.012524
0.029278,-0.007860,-0.011764
0.030025,-0.008016,-0.011027
0.030859,-0.007959,-0.010276
0.031642,-0.007528,-0.009477
0.032236,-0.006567,-0.008593
0.032504,-0.004914,-0.007589
0.032448,-0.003088,-0.006792
0.032113,-0.001221,-0.006239
0.031556,0.000649,-0.005897
0.030833,0.002485,-0.005732
0.030001,0.004249,-0.005710
0.029116,0.005905,-0.005798
0.028235,0.007413,-0.005962
0.027414,0.008738,-0.006168
0.026710,0.009842,-0.006383
0.025960,0.009878,-0.006857
0.025140,0.008850,-0.007563
0.024257,0.006974,-0.008400
0.023318,0.004465,-0.009268
0.022332,0.001541,-0.010069
0.021307,-0.001584,-0.010702
0.020250,-0.004693,-0.011069
0.019169,-0.007571,-0.011069
0.018072,-0.010001,-0.010603
0.017008,-0.011693,-0.009216
0.015966,-0.012705,-0.007057
0.014919,-0.013177,-0.004427
0.013841,-0.013254,-0.001626
0.012705,-0.013076,0.001046
0.011484,-0.012788,0.003290
0.010151,-0.012531,0.004804
0.008681,-0.012448,0.005289
0.007046,-0.012683,0.004445
0.006122,-0.012805,0.003984
0.005918,-0.012772,0.004094
0.006223,-0.012637,0.004578
0.006829,-0.012455,0.005244
0.007526,-0.012277,0.005894
0.008106,-0.012157,0.006334
0.008358,-0.012150,0.006369
0.008075,-0.012307,0.005805
0.007046,-0.012683,0.004445
0.006537,-0.014106,0.002718
0.006714,-0.016561,0.000975
0.007466,-0.019823,-0.000454
0.008684,-0.023666,-0.001239
0.010257,-0.027863,-0.001050
0.012076,-0.032188,0.000444
