0.000000,0.000000,0.000000
0.006541,-0.003091,-0.001109
0.008469,-0.005898,-0.002868
0.007253,-0.008242,-0.004867
0.004364,-0.009944,-0.006695
0.001272,-0.010826,-0.007944
-0.001618,-0.011580,-0.009124
-0.004232,-0.012305,-0.010328
-0.006579,-0.012951,-0.011543
-0.008666,-0.013468,-0.012755
-0.010502,-0.013805,-0.013952
-0.012095,-0.013911,-0.015120
-0.013453,-0.013737,-0.016246
-0.014585,-0.013232,-0.017317
-0.015498,-0.012345,-0.018319
-0.016238,-0.011774,-0.019189
-0.016802,-0.011616,-0.019908
-0.017177,-0.011822,-0.020466
-0.017346,-0.012340,-0.020852
-0.017296,-0.013119,-0.021057
-0.017013,-0.014109,-0.021071
-0.016481,-0.015259,-0.020885
-0.015687,-0.016519,-0.020489
-0.014615,-0.017837,-0.019874
-0.013661,-0.018247,-0.019343
-0.012897,-0.017710,-0.018946
-0.012313,-0.016418,-0.018668
-0.011900,-0.014564,-0.018494
-0.011650,-0.012340,-0.018409
-0.011552,-0.009938,-0.018399
-0.011599,-0.007551,-0.018449
-0.011780,-0.005372,-0.018543
-0.012087,-0.003591,-0.018668
-0.012578,-0.001057,-0.018833
-0.013227,0.002218,-0.019048
-0.013988,0.005931,-0.019319
-0.014815,0.009778,-0.019656
-0.015662,0.013457,-0.020065
-0.016484,0.016664,-0.020555
-0.017235,0.019094,-0.021135
-0.017868,0.020446,-0.021810
-0.018338,0.020415,-0.022591
-0.019202,0.020245,-0.022907
-0.020434,0.020163,-0.022741
-0.021862,0.020146,-0.022212
-0.023312,0.020168,-0.021438
-0.024613,0.020204,-0.020539
-0.025592,0.020229,-0.019633
-0.026077,0.020219,-0.018839
-0.025894,0.020149,-0.018276
-0.024871,0.019993,-0.018063
-0.023960,0.020014,-0.018446
-0.023329,0.020205,-0.019343
-0.022947,0.020497,-0.020591
-0.022787,0.020819,-0.022024
-0.022819,0.021099,-0.023480
-0.023015,0.021267,-0.024793
-0.023345,0.021252,-0.025799
-0.023781,0.020983,-0.026335
-0.024294,0.020389,-0.026236
-0.025547,0.019969,-0.025866
-0.027486,0.019710,-0.025314
-0.029884,0.019468,-0.024602
-0.032510,0.019100,-0.023753
-0.035134,0.018463,-0.022789
-0.037527,0.017415,-0.021731
-0.039458,0.015814,-0.020602
-0.040699,0.013515,-0.019423
-0.041019,0.010377,-0.018216
-0.040604,0.007756,-0.017414
-0.039598,0.005795,-0.017021
-0.038136,0.004331,-0.016931
-0.036352,0.003204,-0.017040
-0.034381,0.002251,-0.017244
-0.032357,0.001310,-0.017440
-0.030415,0.000221,-0.017522
-0.028689,-0.001180,-0.017386
-0.027313,-0.003053,-0.016928
-0.025608,-0.004611,-0.016638
-0.023556,-0.005722,-0.016575
-0.021308,-0.006417,-0.016695
-0.019014,-0.006728,-0.016951
-0.016822,-0.006684,-0.017298
-0.014884,-0.006317,-0.017688
-0.013349,-0.005659,-0.018078
-0.012367,-0.004740,-0.018419
-0.012087,-0.003591,-0.018668
-0.012337,-0.001542,-0.019395
-0.012986,0.001292,-0.020602
-0.013918,0.004602,-0.022143
-0.015014,0.008077,-0.023876
-0.016157,0.011405,-0.025657
-0.017228,0.014277,-0.027341
-0.018110,0.016381,-0.028786
-0.018685,0.017407,-0.029847
-0.018836,0.017043,-0.030381
-0.019082,0.016910,-0.030589
-0.019499,0.017221,-0.030540
-0.020053,0.017840,-0.030273
-0.020709,0.018631,-0.029827
-0.021431,0.019458,-0.029239
-0.022186,0.020183,-0.028548
-0.022938,0.020671,-0.027792
-0.023653,0.020785,-0.027008
-0.024294,0.020389,-0.026236
-0.025123,0.018559,-0.025084
-0.026079,0.015292,-0.023530
-0.027024,0.010816,-0.021646
-0.027820,0.005361,-0.019502
-0.028327,-0.000845,-0.017170
-0.028408,-0.007575,-0.014722
-0.027922,-0.014599,-0.012228
-0.026733,-0.021689,-0.009759
-0.024701,-0.028617,-0.007387
-0.022285,-0.033354,-0.006357
-0.019802,-0.035989,-0.006599
-0.017531,-0.037144,-0.007713
-0.015754,-0.037441,-0.009299
-0.014750,-0.037499,-0.010959
-0.014798,-0.037941,-0.012293
-0.016181,-0.039386,-0.012901
-0.019177,-0.042456,-0.012384
-0.024066,-0.047773,-0.010343
-0.029019,-0.052107,-0.008111
-0.033653,-0.054961,-0.006119
-0.037945,-0.056522,-0.004573
-0.041876,-0.056977,-0.003679
-0.045423,-0.056511,-0.003641
-0.048567,-0.055311,-0.004665
-0.051285,-0.053564,-0.006957
-0.053557,-0.051455,-0.010723
-0.055361,-0.049172,-0.016167
-0.057290,-0.047004,-0.020758
-0.059366,-0.044994,-0.024100
-0.061470,-0.043119,-0.026328
-0.063484,-0.041357,-0.027579
-0.065289,-0.039686,-0.027989
-0.066765,-0.038085,-0.027693
-0.067794,-0.036531,-0.026828
-0.068257,-0.035004,-0.025531
-0.068034,-0.033479,-0.023937
-0.066756,-0.031958,-0.022983
-0.064580,-0.030415,-0.022628
-0.061800,-0.028818,-0.022587
-0.058706,-0.027135,-0.022576
-0.055591,-0.025335,-0.022308
-0.052746,-0.023387,-0.021498
-0.050465,-0.021259,-0.019863
-0.049037,-0.018919,-0.017115
-0.048756,-0.016336,-0.012971
-0.048664,-0.013690,-0.007523
-0.048524,-0.011115,-0.001209
-0.048280,-0.008731,0.005448
-0.047878,-0.006658,0.011927
-0.047261,-0.005016,0.017705
-0.046375,-0.003926,0.022259
-0.045162,-0.003509,0.025066
-0.043568,-0.003885,0.025604
-0.041537,-0.005174,0.023350
-0.038418,-0.004740,0.021757
-0.034270,-0.002321,0.021262
-0.029331,0.001750,0.021556
-0.023840,0.007142,0.022323
-0.018033,0.013522,0.023254
-0.012148,0.020558,0.024033
-0.006423,0.027917,0.024351
-0.001096,0.035268,0.023892
0.003595,0.042278,0.022346
0.008431,0.048817,0.020727
0.013440,0.054820,0.019275
0.018466,0.060238,0.018035
0.023351,0.065022,0.017054
0.027937,0.069125,0.016379
0.032067,0.072497,0.016055
0.035582,0.075090,0.016129
0.038326,0.076856,0.016646
0.040141,0.077745,0.017654
0.041873,0.077407,0.018292
0.043631,0.075973,0.018453
0.045339,0.073694,0.018222
0.046923,0.070824,0.017681
0.048308,0.067615,0.016915
0.049418,0.064319,0.016006
0.050179,0.061188,0.015037
0.050514,0.058475,0.014093
0.050350,0.056432,0.013257
0.049713,0.054148,0.012841
0.048709,0.051540,0.012787
0.047460,0.048732,0.012943
0.046091,0.045845,0.013160
0.044726,0.043005,0.013285
0.043488,0.040333,0.013167
0.042501,0.037953,0.012656
0.041889,0.035988,0.011600
0.041776,0.034561,0.009847
0.042585,0.033854,0.008390
0.044186,0.033866,0.007371
0.046311,0.034550,0.006723
0.048694,0.035862,0.006377
0.051067,0.037756,0.006266
0.053161,0.040185,0.006322
0.054711,0.043105,0.006477
0.055447,0.046469,0.006662
0.055103,0.050232,0.006811
0.054785,0.052721,0.006931
0.054677,0.053781,0.007005
0.054731,0.053635,0.007006
0.054903,0.052507,0.006908
0.055143,0.050621,0.006686
0.055407,0.048201,0.006314
0.055646,0.045472,0.005766
0.055815,0.042656,0.005017
0.055866,0.039978,0.004039
0.055228,0.037639,0.002460
0.053934,0.035694,0.000351
0.052166,0.034165,-0.002104
0.050108,0.033070,-0.004721
0.047941,0.032430,-0.007317
0.045848,0.032265,-0.009707
0.044013,0.032594,-0.011709
0.042618,0.033439,-0.013137
0.041847,0.034817,-0.013809
0.041151,0.036011,-0.014178
0.040401,0.036920,-0.014322
0.039570,0.037596,-0.014222
0.038630,0.038092,-0.013862
0.037554,0.038463,-0.013224
0.036315,0.038762,-0.012290
0.034885,0.039041,-0.011042
0.033239,0.039354,-0.009464
0.031348,0.039755,-0.007538
0.029671,0.040621,-0.005893
0.028288,0.041846,-0.004661
0.027185,0.043207,-0.003847
0.026345,0.044477,-0.003460
0.025754,0.045431,-0.003505
0.025397,0.045845,-0.003991
0.025259,0.045491,-0.004922
0.025325,0.044147,-0.006308
0.025579,0.041585,-0.008153
0.026334,0.039504,-0.009754
0.027499,0.038154,-0.010962
0.028888,0.037423,-0.011766
0.030310,0.037198,-0.012156
0.031579,0.037369,-0.012122
0.032506,0.037821,-0.011653
0.032902,0.038445,-0.010740
0.032579,0.039127,-0.009372
0.031348,0.039755,-0.007538
0.029787,0.040467,-0.006205
0.028106,0.041220,-0.005483
0.026425,0.041926,-0.005270
0.024862,0.042496,-0.005464
0.023535,0.042842,-0.005964
0.022564,0.042877,-0.006667
0.022067,0.042511,-0.007472
0.022163,0.041657,-0.008276
0.022971,0.040227,-0.008977
0.023023,0.039337,-0.009961
0.022189,0.039104,-0.011194
0.020679,0.039396,-0.012536
0.018700,0.040080,-0.013850
0.016459,0.041023,-0.014995
0.014165,0.042094,-0.015834
0.012025,0.043159,-0.016227
0.010247,0.044086,-0.016036
0.009038,0.044742,-0.015122
0.007892,0.045508,-0.014562
0.006754,0.046452,-0.014506
0.005680,0.047562,-0.014871
0.004728,0.048828,-0.015574
0.003956,0.050241,-0.016531
0.003419,0.051789,-0.017659
0.003177,0.053461,-0.018876
0.003286,0.055249,-0.020098
0.003803,0.057140,-0.021241
0.004076,0.058890,-0.022131
0.004026,0.060420,-0.022763
0.003722,0.061695,-0.023174
0.003230,0.062679,-0.023401
0.002617,0.063333,-0.023483
0.001952,0.063624,-0.023457
0.001300,0.063513,-0.023360
0.000729,0.062964,-0.023230
0.000307,0.061942,-0.023104
0.000116,0.060377,-0.022486
0.000143,0.058347,-0.021382
0.000349,0.055970,-0.019922
0.000697,0.053362,-0.018239
0.001149,0.050640,-0.016465
0.001665,0.047920,-0.014730
0.002209,0.045319,-0.013167
0.002742,0.042952,-0.011906
0.003226,0.040938,-0.011080
0.003730,0.038463,-0.010861
0.004252,0.035507,-0.011177
0.004775,0.032244,-0.011898
0.005281,0.028849,-0.012891
0.005753,0.025496,-0.014026
0.006172,0.022361,-0.015170
0.006520,0.019619,-0.016193
0.006779,0.017444,-0.016963
0.006933,0.016012,-0.017348
0.006725,0.015214,-0.017484
0.006185,0.014917,-0.017434
0.005409,0.014978,-0.017243
0.004494,0.015260,-0.016957
0.003540,0.015620,-0.016621
0.002642,0.015919,-0.016281
0.001899,0.016017,-0.015982
0.001409,0.015772,-0.015769
0.001268,0.015045,-0.015689
0.000918,0.014561,-0.015223
0.000311,0.014403,-0.014385
-0.000468,0.014490,-0.013322
-0.001339,0.014743,-0.012181
-0.002217,0.015084,-0.011109
-0.003021,0.015433,-0.010252
-0.003668,0.015711,-0.009756
-0.004075,0.015838,-0.009769
-0.004161,0.015736,-0.010437
-0.003501,0.015683,-0.012017
-0.002264,0.015505,-0.014438
-0.000762,0.014911,-0.017548
0.000689,0.013614,-0.021192
0.001777,0.011325,-0.025220
0.002187,0.007755,-0.029477
0.001605,0.002616,-0.033811
-0.000283,-0.004381,-0.038070
-0.003791,-0.013525,-0.042101
-0.007950,-0.021712,-0.046541
-0.012320,-0.028370,-0.051164
-0.016589,-0.033560,-0.055525
-0.020451,-0.037344,-0.059182
-0.023595,-0.039785,-0.061691
-0.025712,-0.040943,-0.062609
-0.026493,-0.040880,-0.061492
-0.025630,-0.039659,-0.057898
-0.022812,-0.037340,-0.051382
-0.019202,-0.034752,-0.045061
-0.015039,-0.031998,-0.039710
-0.010335,-0.029002,-0.035522
-0.005098,-0.025687,-0.032688
0.000660,-0.021978,-0.031399
0.006930,-0.017796,-0.031847
0.013703,-0.013066,-0.034224
0.020967,-0.007712,-0.038721
0.028713,-0.001655,-0.045531
0.034583,0.001840,-0.052839
0.038511,0.002653,-0.060029
0.041003,0.001443,-0.066783
0.042564,-0.001127,-0.072785
0.043700,-0.004397,-0.077717
0.044919,-0.007703,-0.081262
0.046725,-0.010385,-0.083102
0.049625,-0.011781,-0.082920
0.054125,-0.011230,-0.080399
0.057740,-0.009291,-0.075709
0.059974,-0.006202,-0.069266
0.060826,-0.002122,-0.061550
0.060297,0.002791,-0.053043
0.058387,0.008378,-0.044224
0.055097,0.014480,-0.035573
0.050428,0.020939,-0.027570
0.044378,0.027596,-0.020694
0.036950,0.034293,-0.015428
0.029853,0.040001,-0.013272
0.023274,0.044515,-0.013871
0.017016,0.047841,-0.016403
0.010883,0.049981,-0.020047
0.004680,0.050939,-0.023983
-0.001790,0.050719,-0.027389
-0.008722,0.049324,-0.029443
-0.016313,0.046758,-0.029325
-0.024758,0.043025,-0.026213
-0.031700,0.039806,-0.022382
-0.036833,0.037319,-0.018354
-0.040366,0.035414,-0.014215
-0.042507,0.033944,-0.010050
-0.043466,0.032759,-0.005945
-0.043451,0.031711,-0.001985
-0.042670,0.030651,0.001745
-0.041333,0.029430,0.005158
-0.039648,0.027900,0.008171
-0.038983,0.025848,0.011072
-0.039391,0.023354,0.013846
-0.040597,0.020570,0.016397
-0.042324,0.017648,0.018631
-0.044296,0.014743,0.020454
-0.046237,0.012004,0.021769
-0.047872,0.009586,0.022484
-0.048923,0.007641,0.022503
-0.049115,0.006321,0.021732
-0.049522,0.006770,0.019472
-0.050320,0.008762,0.016070
-0.051460,0.011734,0.012128
-0.052894,0.015119,0.008253
-0.054572,0.018352,0.005048
-0.056446,0.020869,0.003119
-0.058468,0.022103,0.003071
-0.060588,0.021490,0.005507
-0.062758,0.018463,0.011034
-0.065825,0.016561,0.018358
-0.069599,0.016131,0.026347
-0.073632,0.016723,0.033907
-0.077477,0.017888,0.039946
-0.080683,0.019178,0.043372
-0.082805,0.020142,0.043091
-0.083392,0.020330,0.038012
-0.081997,0.019295,0.027041
-0.078171,0.016586,0.009087
-0.074365,0.012747,-0.009837
-0.070848,0.007790,-0.028241
-0.067348,0.001598,-0.045769
-0.063591,-0.005950,-0.062066
-0.059303,-0.014972,-0.076775
-0.054210,-0.025586,-0.089540
-0.048038,-0.037913,-0.100004
-0.040513,-0.052071,-0.107812
-0.031362,-0.068180,-0.112607
-0.021232,-0.084922,-0.112797
-0.010507,-0.101541,-0.108785
0.000495,-0.117417,-0.101472
0.011455,-0.131931,-0.091761
0.022055,-0.144463,-0.080554
0.031976,-0.154394,-0.068752
0.040899,-0.161105,-0.057259
0.048507,-0.163977,-0.046976
0.054480,-0.162391,-0.038805
0.059852,-0.157687,-0.030961
0.064754,-0.150458,-0.023130
0.069091,-0.141111,-0.015366
0.072767,-0.130056,-0.007724
0.075687,-0.117699,-0.000259
0.077756,-0.104449,0.006976
0.078880,-0.090712,0.013926
0.078962,-0.076896,0.020537
0.077909,-0.063410,0.026754
0.076682,-0.050993,0.032420
0.075490,-0.039969,0.037410
0.074348,-0.030555,0.041606
0.073274,-0.022971,0.044891
0.072286,-0.017434,0.047147
0.071401,-0.014163,0.048256
0.070635,-0.013376,0.048101
0.070007,-0.015292,0.046564
0.069533,-0.020129,0.043527
0.068584,-0.025181,0.040934
0.067271,-0.029666,0.039092
0.065887,-0.033284,0.037902
0.064728,-0.035733,0.037264
0.064089,-0.036712,0.037079
0.064264,-0.035921,0.037247
0.065549,-0.033059,0.037669
0.068239,-0.027825,0.038244
0.072629,-0.019917,0.038873
0.077341,-0.010793,0.036436
0.081832,-0.000705,0.030553
0.085765,0.010397,0.021530
0.088804,0.022560,0.009673
0.090613,0.035832,-0.004712
0.090856,0.050264,-0.021318
0.089196,0.065902,-0.039839
0.085299,0.082796,-0.059970
0.078826,0.100994,-0.081405
0.073668,0.112423,-0.100853
0.070254,0.116489,-0.117493
0.068149,0.114467,-0.131124
0.066919,0.107632,-0.141542
0.066129,0.097259,-0.148544
0.065345,0.084625,-0.151929
0.064131,0.071003,-0.151492
0.062053,0.057670,-0.147031
0.058676,0.045901,-0.138344
0.054756,0.035384,-0.128165
0.050595,0.026091,-0.117280
0.046382,0.018064,-0.105994
0.042304,0.011346,-0.094609
0.038551,0.005980,-0.083427
0.035311,0.002007,-0.072751
0.032772,-0.000529,-0.062884
0.031123,-0.001587,-0.054127
0.030552,-0.001123,-0.046784
0.029951,-0.002055,-0.040814
0.029072,-0.004515,-0.036053
0.027885,-0.007944,-0.032307
0.026360,-0.011779,-0.029380
0.024465,-0.015458,-0.027080
0.022169,-0.018420,-0.025211
0.019442,-0.020105,-0.023578
0.016253,-0.019949,-0.021988
0.012571,-0.017393,-0.020246
0.009037,-0.014468,-0.018709
0.005849,-0.011553,-0.017455
0.003097,-0.008610,-0.016491
0.000867,-0.005601,-0.015822
-0.000751,-0.002490,-0.015457
-0.001669,0.000761,-0.015400
-0.001799,0.004190,-0.015660
-0.001054,0.007834,-0.016243
0.000656,0.011729,-0.017156
0.002556,0.013731,-0.019220
0.004348,0.013453,-0.022379
0.005852,0.010953,-0.026360
0.006889,0.006286,-0.030886
0.007279,-0.000492,-0.035684
0.006842,-0.009326,-0.040477
0.005400,-0.020160,-0.044991
0.002773,-0.032937,-0.048952
-0.001220,-0.047603,-0.052083
-0.005195,-0.059213,-0.052530
-0.008833,-0.067085,-0.050603
-0.012081,-0.071600,-0.047154
-0.014886,-0.073141,-0.043036
-0.017194,-0.072088,-0.039101
-0.018950,-0.068824,-0.036201
-0.020102,-0.063730,-0.035189
-0.020596,-0.057188,-0.036917
-0.020378,-0.049580,-0.042237
-0.019891,-0.045642,-0.050561
-0.019357,-0.045606,-0.060844
-0.018944,-0.048583,-0.071927
-0.018820,-0.053679,-0.082651
-0.019152,-0.060004,-0.091855
-0.020109,-0.066666,-0.098381
-0.021858,-0.072774,-0.101069
-0.024568,-0.077435,-0.098760
-0.028405,-0.079759,-0.090294
-0.030902,-0.078619,-0.081467
-0.031805,-0.074402,-0.073454
-0.031413,-0.067871,-0.066277
-0.030024,-0.059793,-0.059958
-0.027938,-0.050931,-0.054518
-0.025453,-0.042050,-0.049980
-0.022868,-0.033915,-0.046364
-0.020482,-0.027290,-0.043692
-0.018594,-0.022941,-0.041986
-0.016865,-0.019761,-0.040884
-0.015274,-0.017391,-0.040248
-0.013883,-0.015659,-0.039994
-0.012751,-0.014393,-0.040039
-0.011937,-0.013420,-0.040300
-0.011503,-0.012567,-0.040693
-0.011506,-0.011663,-0.041136
-0.012009,-0.010533,-0.041546
-0.013070,-0.009007,-0.041838
-0.014300,-0.007533,-0.041772
-0.015592,-0.006144,-0.041368
-0.016912,-0.004770,-0.040715
-0.018226,-0.003340,-0.039899
-0.019499,-0.001781,-0.039007
-0.020697,-0.000024,-0.038128
-0.021785,0.002003,-0.037347
-0.022728,0.004371,-0.036753
-0.023492,0.007151,-0.036433
-0.024318,0.008954,-0.035404
-0.025200,0.009635,-0.033630
-0.026072,0.009361,-0.031306
-0.026866,0.008296,-0.028633
-0.027514,0.006609,-0.025806
-0.027950,0.004464,-0.023024
-0.028107,0.002028,-0.020486
-0.027917,-0.000533,-0.018388
-0.027313,-0.003053,-0.016928
-0.027359,-0.004446,-0.016546
-0.028097,-0.004702,-0.017105
-0.029317,-0.004077,-0.018328
-0.030808,-0.002828,-0.019936
-0.032359,-0.001211,-0.021649
-0.033758,0.000518,-0.023190
-0.034795,0.002101,-0.024279
-0.035258,0.003281,-0.024638
-0.034937,0.003803,-0.023989
-0.034412,0.004507,-0.023114
-0.033822,0.005528,-0.022169
-0.033190,0.006824,-0.021152
-0.032543,0.008355,-0.020061
-0.031905,0.010078,-0.018893
-0.031302,0.011954,-0.017648
-0.030759,0.013941,-0.016322
-0.030302,0.015997,-0.014915
-0.029956,0.018082,-0.013423
-0.030119,0.019442,-0.012424
-0.030786,0.020011,-0.011947
-0.031844,0.019896,-0.011887
-0.033185,0.019206,-0.012140
-0.034698,0.018047,-0.012600
-0.036274,0.016526,-0.013161
-0.037802,0.014752,-0.013720
-0.039174,0.012829,-0.014170
-0.040277,0.010868,-0.014406
-0.041402,0.008888,-0.015492
-0.042561,0.006940,-0.017426
-0.043698,0.005081,-0.019936
-0.044757,0.003368,-0.022752
-0.045683,0.001858,-0.025605
-0.046419,0.000607,-0.028225
-0.046910,-0.000327,-0.030340
-0.047100,-0.000888,-0.031680
-0.046933,-0.001018,-0.031977
-0.046289,-0.000249,-0.031674
-0.045199,0.001338,-0.030941
-0.043729,0.003520,-0.029877
-0.041948,0.006078,-0.028581
-0.039924,0.008790,-0.027152
-0.037725,0.011434,-0.025689
-0.035418,0.013791,-0.024292
-0.033071,0.015639,-0.023059
-0.030753,0.016757,-0.022090
-0.028069,0.016267,-0.021412
-0.024979,0.014153,-0.021055
-0.021534,0.010611,-0.021049
-0.017783,0.005839,-0.021425
-0.013775,0.000033,-0.022212
-0.009560,-0.006610,-0.023441
-0.005187,-0.013892,-0.025141
-0.000707,-0.021616,-0.027345
0.003832,-0.029586,-0.030081
0.007783,-0.031170,-0.032590
0.010964,-0.026895,-0.034807
0.013309,-0.019081,-0.036836
0.014754,-0.010044,-0.038783
0.015232,-0.002103,-0.040756
0.014678,0.002425,-0.042859
0.013028,0.001222,-0.045199
0.010215,-0.008031,-0.047881
0.006174,-0.027650,-0.051011
0.000928,-0.050698,-0.052300
-0.005188,-0.074678,-0.051593
-0.011757,-0.098206,-0.049272
-0.018366,-0.119895,-0.045717
-0.024599,-0.138362,-0.041309
-0.030040,-0.152219,-0.036429
-0.034276,-0.160084,-0.031458
-0.036891,-0.160569,-0.026777
-0.037469,-0.152291,-0.022767
-0.037106,-0.136921,-0.020272
-0.036199,-0.115628,-0.019251
-0.034971,-0.089453,-0.019438
-0.033644,-0.059435,-0.020568
-0.032442,-0.026617,-0.022377
-0.031588,0.007962,-0.024601
-0.031304,0.043260,-0.026973
-0.031813,0.078237,-0.029230
-0.033339,0.111852,-0.031107
-0.035138,0.137637,-0.033588
-0.036960,0.155303,-0.036826
-0.038674,0.166102,-0.040768
-0.040151,0.171288,-0.045360
-0.041264,0.172116,-0.050548
-0.041882,0.169838,-0.056277
-0.041877,0.165708,-0.062494
-0.041120,0.160980,-0.069144
-0.039481,0.156907,-0.076174
-0.038092,0.154756,-0.082103
-0.037087,0.154189,-0.086699
-0.036351,0.154466,-0.090040
-0.035768,0.154850,-0.092206
-0.035225,0.154600,-0.093276
-0.034605,0.152979,-0.093329
-0.033793,0.149247,-0.092444
-0.032676,0.142664,-0.090700
-0.031137,0.132493,-0.088176
-0.030758,0.122824,-0.085053
-0.031646,0.114446,-0.081371
-0.033537,0.107323,-0.077135
-0.036170,0.101417,-0.072350
-0.039282,0.096692,-0.067021
-0.042609,0.093111,-0.061153
-0.045891,0.090638,-0.054752
-0.048863,0.089235,-0.047822
-0.051264,0.088866,-0.040368
-0.052206,0.088957,-0.035225
-0.051876,0.089216,-0.032541
-0.050728,0.089418,-0.031793
-0.049216,0.089342,-0.032457
-0.047794,0.088764,-0.034011
-0.046916,0.087463,-0.035931
-0.047038,0.085215,-0.037694
-0.048613,0.081797,-0.038777
-0.052095,0.076987,-0.038658
-0.055195,0.071222,-0.038831
-0.057540,0.064933,-0.039410
-0.059233,0.058554,-0.040167
-0.060379,0.052515,-0.040870
-0.061082,0.047249,-0.041290
-0.061448,0.043188,-0.041196
-0.061581,0.040764,-0.040358
-0.061584,0.040408,-0.038546
-0.061563,0.042553,-0.035530
-0.060317,0.043493,-0.034787
-0.057637,0.042551,-0.036677
-0.053563,0.039809,-0.040780
-0.048134,0.035348,-0.046677
-0.041389,0.029247,-0.053947
-0.033366,0.021589,-0.062172
-0.024105,0.012453,-0.070931
-0.013646,0.001922,-0.079806
-0.002027,-0.009925,-0.088375
0.010706,-0.019593,-0.094387
0.023998,-0.026321,-0.097476
0.037167,-0.030032,-0.097747
0.049533,-0.030648,-0.095305
0.060412,-0.028093,-0.090256
0.069124,-0.022289,-0.082704
0.074987,-0.013159,-0.072756
0.077320,-0.000626,-0.060517
0.075440,0.015388,-0.046092
0.071945,0.031919,-0.031082
0.067862,0.047757,-0.016409
0.063825,0.062133,-0.002824
0.060466,0.074277,0.008922
0.058422,0.083417,0.018075
0.058325,0.088784,0.023886
0.060809,0.089607,0.025602
0.066510,0.085116,0.022470
0.076059,0.074540,0.013741
0.086181,0.062513,0.006345
0.095954,0.050416,0.001342
0.105046,0.038815,-0.001673
0.113128,0.028277,-0.003106
0.119868,0.019369,-0.003365
0.124935,0.012658,-0.002856
0.127998,0.008710,-0.001984
0.128725,0.008092,-0.001157
0.126786,0.011372,-0.000780
0.126284,0.012618,0.000781
0.127584,0.011199,0.003376
0.130121,0.007809,0.006404
0.133327,0.003142,0.009268
0.136636,-0.002108,0.011367
0.139482,-0.007247,0.012103
0.141297,-0.011582,0.010877
0.141515,-0.014418,0.007090
0.139569,-0.015062,0.000143
0.136088,-0.016192,-0.007552
0.131417,-0.018189,-0.015113
0.125832,-0.020860,-0.022040
0.119606,-0.024014,-0.027833
0.113013,-0.027457,-0.031991
0.106328,-0.030997,-0.034014
0.099825,-0.034441,-0.033403
0.093778,-0.037597,-0.029657
0.088462,-0.040271,-0.022276
0.082724,-0.040566,-0.016162
0.076317,-0.038409,-0.011522
0.069221,-0.034185,-0.007387
0.061414,-0.028281,-0.002792
0.052876,-0.021082,0.003231
0.043586,-0.012973,0.011649
0.033525,-0.004339,0.023429
0.022670,0.004434,0.039538
0.011002,0.012962,0.060943
0.000382,0.020876,0.078165
-0.008885,0.028049,0.089777
-0.016883,0.034413,0.096362
-0.023697,0.039902,0.098505
-0.029410,0.044447,0.096789
-0.034107,0.047982,0.091799
-0.037871,0.050438,0.084119
-0.040786,0.051748,0.074333
-0.042937,0.051846,0.063025
-0.043943,0.051418,0.053665
-0.043826,0.050906,0.046499
-0.042710,0.050685,0.040966
-0.040717,0.051131,0.036505
-0.037972,0.052623,0.032557
-0.034596,0.055536,0.028562
-0.030714,0.060247,0.023958
-0.026448,0.067133,0.018185
-0.021922,0.076571,0.010683
-0.017798,0.084678,0.003544
-0.014210,0.090760,-0.002857
-0.011161,0.094918,-0.008572
-0.008652,0.097254,-0.013656
-0.006687,0.097869,-0.018161
-0.005267,0.096865,-0.022140
-0.004394,0.094344,-0.025648
-0.004071,0.090407,-0.028738
-0.004300,0.085157,-0.031462
-0.004689,0.080710,-0.033466
-0.005205,0.077175,-0.034764
-0.005907,0.074157,-0.035463
-0.006854,0.071262,-0.035670
-0.008104,0.068095,-0.035493
-0.009717,0.064261,-0.035039
-0.011750,0.059367,-0.034415
-0.014262,0.053018,-0.033728
-0.017312,0.044819,-0.033085
-0.019582,0.036673,-0.034531
-0.020913,0.028974,-0.037950
-0.021437,0.021738,-0.042685
-0.021285,0.014980,-0.048081
-0.020589,0.008716,-0.053482
-0.019479,0.002963,-0.058232
-0.018087,-0.002264,-0.061675
-0.016545,-0.006949,-0.063155
-0.014985,-0.011076,-0.062017
-0.014506,-0.013307,-0.059991
-0.015093,-0.013803,-0.057522
-0.016451,-0.013100,-0.054731
-0.018285,-0.011732,-0.051740
-0.020301,-0.010237,-0.048670
-0.022204,-0.009149,-0.045643
-0.023697,-0.009005,-0.042779
-0.024488,-0.010340,-0.040202
-0.024280,-0.013690,-0.038032
-0.023994,-0.016929,-0.035844
-0.023809,-0.019646,-0.033500
-0.023716,-0.021858,-0.030934
-0.023706,-0.023584,-0.028079
-0.023772,-0.024842,-0.024870
-0.023905,-0.025648,-0.021241
-0.024097,-0.026022,-0.017125
-0.024340,-0.025980,-0.012456
-0.024624,-0.025540,-0.007168
-0.024897,-0.025351,-0.002780
-0.025122,-0.025511,0.000527
-0.025266,-0.025979,0.002904
-0.025297,-0.026715,0.004505
-0.025183,-0.027681,0.005481
-0.024891,-0.028836,0.005986
-0.024388,-0.030141,0.006171
-0.023644,-0.031556,0.006189
-0.022624,-0.033041,0.006193
-0.021970,-0.034027,0.006541
-0.021722,-0.034436,0.007258
-0.021768,-0.034315,0.008287
-0.021998,-0.033711,0.009568
-0.022303,-0.032670,0.011045
-0.022570,-0.031239,0.012659
-0.022689,-0.029465,0.014352
-0.022551,-0.027393,0.016065
-0.022043,-0.025072,0.017742
-0.021763,-0.023753,0.018695
-0.021759,-0.023451,0.018947
-0.021943,-0.023872,0.018695
-0.022226,-0.024721,0.018139
-0.022521,-0.025703,0.017477
-0.022738,-0.026524,0.016907
-0.022790,-0.026889,0.016629
-0.022588,-0.026503,0.016841
-0.022043,-0.025072,0.017742
-0.021607,-0.023749,0.018883
-0.021351,-0.022686,0.020092
-0.021248,-0.021783,0.021262
-0.021274,-0.020940,0.022288
-0.021402,-0.020058,0.023065
-0.021608,-0.019038,0.023488
-0.021866,-0.017779,0.023450
-0.022150,-0.016182,0.022847
-0.022436,-0.014147,0.021573
-0.022796,-0.013012,0.020439
-0.023230,-0.012850,0.019584
-0.023717,-0.013420,0.018977
-0.024235,-0.014480,0.018587
-0.024765,-0.015788,0.018384
-0.025286,-0.017104,0.018336
-0.025777,-0.018185,0.018414
-0.026218,-0.018789,0.018586
-0.026587,-0.018676,0.018822
-0.026798,-0.018628,0.018958
-0.026863,-0.018748,0.018988
-0.026823,-0.018970,0.018942
-0.026717,-0.019226,0.018851
-0.026584,-0.019449,0.018747
-0.026466,-0.019573,0.018661
-0.026400,-0.019530,0.018624
-0.026427,-0.019253,0.018667
-0.026587,-0.018676,0.018822
-0.026753,-0.017660,0.018883
-0.026876,-0.016290,0.018797
-0.026927,-0.014703,0.018550
-0.026879,-0.013041,0.018126
-0.026703,-0.011441,0.017511
-0.026371,-0.010042,0.016690
-0.025854,-0.008984,0.015648
-0.025124,-0.008406,0.014370
-0.024152,-0.008446,0.012841
-0.023603,-0.008461,0.011976
-0.023503,-0.008360,0.011796
-0.023718,-0.008192,0.012101
-0.024115,-0.008003,0.012689
-0.024561,-0.007843,0.013359
-0.024921,-0.007760,0.013911
-0.025062,-0.007800,0.014143
-0.024850,-0.008013,0.013853
-0.024152,-0.008446,0.012841
-0.023440,-0.009855,0.012099
-0.022808,-0.012122,0.011777
-0.022255,-0.014908,0.011814
-0.021781,-0.017876,0.012148
-0.021386,-0.020688,0.012717
-0.021070,-0.023006,0.013462
-0.020831,-0.024491,0.014319
-0.020670,-0.024807,0.015229
-0.020586,-0.023616,0.016130
-0.021549,-0.022268,0.017082
-0.023709,-0.020839,0.017942
-0.027014,-0.019086,0.018516
-0.031412,-0.016767,0.018610
-0.036849,-0.013637,0.018029
-0.043273,-0.009454,0.016578
-0.050631,-0.003975,0.014065
-0.058870,0.003043,0.010293
-0.067937,0.011844,0.005070
-0.075790,0.019199,0.000631
-0.082100,0.024654,-0.002763
-0.086970,0.028446,-0.005348
-0.090501,0.030814,-0.007357
-0.092794,0.031994,-0.009027
-0.093952,0.032226,-0.010591
-0.094076,0.031747,-0.012284
-0.093267,0.030795,-0.014342
-0.091628,0.029609,-0.016998
-0.090851,0.031032,-0.016893
-0.091117,0.034596,-0.013896
-0.092231,0.039000,-0.008682
-0.093996,0.042946,-0.001927
-0.096216,0.045134,0.005694
-0.098693,0.044264,0.013506
-0.101233,0.039038,0.020834
-0.103638,0.028156,0.027001
-0.105711,0.010318,0.031333
-0.106428,-0.007598,0.033198
-0.105784,-0.023883,0.032829
-0.104028,-0.038118,0.030680
-0.101410,-0.049886,0.027202
-0.098179,-0.058768,0.022848
-0.094586,-0.064346,0.018068
-0.090880,-0.066202,0.013316
-0.087311,-0.063918,0.009043
-0.084130,-0.057076,0.005701
-0.079840,-0.047409,0.005483
-0.074324,-0.035957,0.008117
-0.067810,-0.023587,0.012715
-0.060523,-0.011165,0.018390
-0.052691,0.000441,0.024253
-0.044540,0.010367,0.029417
-0.036297,0.017744,0.032994
-0.028187,0.021706,0.034096
-0.020439,0.021388,0.031835
-0.013781,0.019034,0.027599
-0.008297,0.015552,0.022367
-0.003908,0.011510,0.017016
-0.000537,0.007481,0.012424
0.001896,0.004034,0.009469
0.003468,0.001741,0.009027
0.004257,0.001173,0.011975
0.004342,0.002899,0.019191
0.003800,0.007491,0.031552
0.003079,0.012973,0.045123
0.002315,0.018780,0.058745
0.001568,0.024699,0.071956
0.000897,0.030515,0.084291
0.000360,0.036014,0.095288
0.000018,0.040983,0.104483
-0.000071,0.045209,0.111412
0.000153,0.048477,0.115612
0.000749,0.050574,0.116619
0.001410,0.051573,0.116966
0.002070,0.051639,0.117090
0.002727,0.050962,0.116909
0.003377,0.049729,0.116336
0.004017,0.048128,0.115289
0.004644,0.046349,0.113683
0.005255,0.044580,0.111433
0.005845,0.043009,0.108455
0.006413,0.041824,0.104666
0.007222,0.042881,0.099620
0.008046,0.045983,0.093524
0.008535,0.050423,0.086747
0.008339,0.055494,0.079657
0.007109,0.060486,0.072624
0.004494,0.064693,0.066016
0.000146,0.067407,0.060202
-0.006287,0.067918,0.055552
-0.015154,0.065521,0.052434
-0.021474,0.057551,0.050824
-0.024376,0.044582,0.050264
-0.024013,0.027996,0.050182
-0.020540,0.009175,0.050008
-0.014113,-0.010498,0.049172
-0.004885,-0.029641,0.047105
0.006989,-0.046871,0.043236
0.021354,-0.060807,0.036995
0.038055,-0.070065,0.027811
0.051583,-0.076008,0.017117
0.061054,-0.078934,0.006072
0.066740,-0.078875,-0.004228
0.068910,-0.075863,-0.012690
0.067839,-0.069931,-0.018218
0.063796,-0.061111,-0.019720
0.057054,-0.049436,-0.016100
0.047884,-0.034937,-0.006264
0.036558,-0.017649,0.010882
0.027017,-0.002157,0.031585
0.019812,0.010757,0.053990
0.014649,0.021262,0.076716
0.011234,0.029530,0.098380
0.009270,0.035730,0.117603
0.008464,0.040033,0.133001
0.008520,0.042610,0.143195
0.009144,0.043629,0.146801
0.010040,0.043263,0.142440
0.010188,0.043134,0.134383
0.009531,0.043229,0.124016
0.008256,0.043128,0.112000
0.006548,0.042410,0.099000
0.004593,0.040654,0.085677
0.002577,0.037439,0.072695
0.000685,0.032343,0.060717
-0.000898,0.024947,0.050404
-0.001985,0.014829,0.042421
-0.002564,0.008437,0.037478
-0.002645,0.005981,0.035229
-0.002244,0.006112,0.035066
-0.001376,0.007482,0.036378
-0.000058,0.008740,0.038558
0.001696,0.008539,0.040994
0.003870,0.005529,0.043078
0.006447,-0.001639,0.044201
0.009413,-0.014315,0.043753
0.012623,-0.024943,0.045537
0.016113,-0.032742,0.049248
0.019967,-0.038619,0.053558
0.024265,-0.043485,0.057138
0.029090,-0.048249,0.058656
0.034524,-0.053819,0.056784
0.040648,-0.061105,0.050193
0.047544,-0.071016,0.037551
0.055295,-0.084461,0.017530
0.060345,-0.096706,0.000150
0.062400,-0.107008,-0.013113
0.061981,-0.115623,-0.022913
0.059610,-0.122806,-0.029909
0.055808,-0.128813,-0.034757
0.051097,-0.133899,-0.038114
0.045998,-0.138321,-0.040636
0.041033,-0.142333,-0.042981
0.036722,-0.146191,-0.045805
0.033026,-0.149920,-0.046471
0.029791,-0.153257,-0.044921
0.026839,-0.155868,-0.041739
0.023988,-0.157418,-0.037510
0.021059,-0.157572,-0.032820
0.017872,-0.155996,-0.028254
0.014247,-0.152355,-0.024396
0.010004,-0.146314,-0.021832
0.004962,-0.137540,-0.021148
0.000388,-0.126783,-0.022145
-0.003431,-0.114471,-0.024461
-0.006452,-0.100946,-0.027692
-0.008633,-0.086554,-0.031434
-0.009930,-0.071640,-0.035284
-0.010300,-0.056547,-0.038837
-0.009700,-0.041621,-0.041689
-0.008088,-0.027205,-0.043437
-0.005420,-0.013645,-0.043676
-0.003501,-0.002157,-0.042748
-0.002530,0.007146,-0.040824
-0.002300,0.014430,-0.038038
-0.002607,0.019860,-0.034519
-0.003244,0.023600,-0.030399
-0.004008,0.025817,-0.025810
-0.004694,0.026674,-0.020882
-0.005095,0.026337,-0.015748
-0.005006,0.024971,-0.010537
-0.004907,0.025772,-0.006514
-0.004830,0.028639,-0.003794
-0.004700,0.032646,-0.002202
-0.004439,0.036867,-0.001565
-0.003970,0.040376,-0.001709
-0.003216,0.042247,-0.002461
-0.002101,0.041554,-0.003647
-0.000548,0.037371,-0.005093
0.001520,0.028772,-0.006626
0.002573,0.017643,-0.008249
0.002472,0.005053,-0.009905
0.001425,-0.008131,-0.011525
-0.000359,-0.021045,-0.013037
-0.002671,-0.032822,-0.014372
-0.005303,-0.042597,-0.015459
-0.008045,-0.049504,-0.016227
-0.010690,-0.052678,-0.016606
-0.013028,-0.051253,-0.016526
-0.015058,-0.046958,-0.015224
-0.016817,-0.040633,-0.012938
-0.018352,-0.032893,-0.010157
-0.019711,-0.024353,-0.007368
-0.020941,-0.015628,-0.005058
-0.022089,-0.007335,-0.003717
-0.023202,-0.000087,-0.003831
-0.024327,0.005499,-0.005888
-0.025511,0.008808,-0.010377
-0.026931,0.010647,-0.014012
-0.028359,0.011225,-0.016395
-0.029467,0.010604,-0.017849
-0.029925,0.008841,-0.018696
-0.029405,0.006000,-0.019260
-0.027578,0.002138,-0.019863
-0.024116,-0.002683,-0.020829
-0.018689,-0.008403,-0.022480
-0.010969,-0.014962,-0.025139
-0.003502,-0.021887,-0.028107
0.003196,-0.028730,-0.031044
0.009110,-0.035052,-0.033698
0.014230,-0.040414,-0.035817
0.018542,-0.044376,-0.037149
0.022035,-0.046498,-0.037442
0.024696,-0.046341,-0.036445
0.026514,-0.043465,-0.033907
0.027475,-0.037431,-0.029575
0.026824,-0.030230,-0.023622
0.024715,-0.022538,-0.016653
0.021526,-0.014706,-0.009376
0.017639,-0.007083,-0.002503
0.013434,-0.000016,0.003257
0.009292,0.006143,0.007192
0.005591,0.011047,0.008592
0.002713,0.014346,0.006747
0.001038,0.015691,0.000947
-0.001241,0.017251,-0.005094
-0.004284,0.019214,-0.010557
-0.007842,0.021271,-0.015350
-0.011667,0.023114,-0.019382
-0.015509,0.024436,-0.022559
-0.019119,0.024928,-0.024790
-0.022247,0.024282,-0.025981
-0.024645,0.022189,-0.026040
-0.026062,0.018343,-0.024875
-0.027526,0.013111,-0.023734
-0.029152,0.006949,-0.022876
-0.030826,0.000337,-0.022313
-0.032435,-0.006250,-0.022057
-0.033865,-0.012331,-0.022121
-0.035003,-0.017430,-0.022518
-0.035736,-0.021069,-0.023259
-0.035951,-0.022768,-0.024357
-0.035533,-0.022051,-0.025825
-0.035052,-0.019282,-0.027194
-0.034599,-0.015142,-0.028248
-0.034146,-0.010391,-0.028835
-0.033665,-0.005790,-0.028804
-0.033127,-0.002099,-0.028003
-0.032506,-0.000079,-0.026278
-0.031773,-0.000490,-0.023479
-0.030900,-0.004093,-0.019453
-0.029859,-0.011648,-0.014048
-0.028528,-0.018262,-0.009392
-0.026878,-0.023236,-0.005765
-0.024900,-0.026923,-0.002985
-0.022584,-0.029673,-0.000867
-0.019924,-0.031839,0.000770
-0.016910,-0.033770,0.002110
-0.013535,-0.035819,0.003335
-0.009790,-0.038337,0.004628
-0.005667,-0.041675,0.006173
-0.001944,-0.044425,0.008079
0.001242,-0.046398,0.010258
0.003916,-0.047706,0.012573
0.006105,-0.048464,0.014888
0.007832,-0.048785,0.017064
0.009123,-0.048782,0.018965
0.010003,-0.048571,0.020455
0.010497,-0.048263,0.021396
0.010631,-0.047974,0.021651
0.010137,-0.048258,0.022059
0.009073,-0.049092,0.022741
0.007576,-0.050304,0.023638
0.005783,-0.051723,0.024688
0.003831,-0.053179,0.025833
0.001858,-0.054500,0.027013
-0.000000,-0.055516,0.028168
-0.001606,-0.056056,0.029238
-0.002822,-0.055950,0.030164
-0.003602,-0.055907,0.030962
-0.004011,-0.056009,0.031638
-0.004140,-0.056185,0.032198
-0.004080,-0.056360,0.032645
-0.003923,-0.056462,0.032984
-0.003760,-0.056417,0.033220
-0.003683,-0.056151,0.033358
-0.003782,-0.055592,0.033402
-0.004150,-0.054666,0.033357
-0.004196,-0.053020,0.031000
-0.003829,-0.050674,0.026338
-0.003079,-0.047744,0.019935
-0.001976,-0.044345,0.012353
-0.000551,-0.040592,0.004157
0.001165,-0.036600,-0.004089
0.003142,-0.032483,-0.011823
0.005349,-0.028357,-0.018481
0.007755,-0.024337,-0.023500
0.011551,-0.020386,-0.031688
0.016751,-0.016881,-0.043434
0.023079,-0.014306,-0.058017
0.030257,-0.013144,-0.074718
0.038008,-0.013877,-0.092818
0.046054,-0.016988,-0.111597
0.054118,-0.022960,-0.130336
0.061923,-0.032276,-0.148316
0.069190,-0.045418,-0.164816
0.076866,-0.055705,-0.176052
0.084857,-0.062104,-0.181990
0.092812,-0.064994,-0.183531
0.100381,-0.064754,-0.181579
0.107212,-0.061761,-0.177037
0.112954,-0.056397,-0.170806
0.117257,-0.049038,-0.163790
0.119768,-0.040064,-0.156892
0.120137,-0.029854,-0.151013
0.119807,-0.020772,-0.144962
0.118979,-0.013039,-0.138421
0.117540,-0.006339,-0.131293
0.115381,-0.000358,-0.123482
0.112388,0.005220,-0.114890
0.108452,0.010708,-0.105421
0.103461,0.016423,-0.094977
0.097304,0.022679,-0.083461
0.089869,0.029791,-0.070776
0.083868,0.037201,-0.060743
0.079650,0.044573,-0.053715
0.076977,0.051627,-0.049181
0.075606,0.058082,-0.046630
0.075300,0.063659,-0.045549
0.075816,0.068078,-0.045429
0.076915,0.071058,-0.045757
0.078358,0.072318,-0.046021
0.079903,0.071580,-0.045710
0.079913,0.070669,-0.043898
0.078267,0.069835,-0.040774
0.075221,0.068931,-0.036806
0.071034,0.067810,-0.032458
0.065962,0.066327,-0.028200
0.060264,0.064334,-0.024497
0.054198,0.061686,-0.021816
0.048019,0.058235,-0.020625
0.041987,0.053836,-0.021390
0.037249,0.048336,-0.022997
0.033886,0.041987,-0.025070
0.031711,0.035146,-0.027417
0.030537,0.028165,-0.029844
0.030177,0.021398,-0.032160
0.030445,0.015201,-0.034171
0.031153,0.009928,-0.035685
0.032115,0.005932,-0.036509
0.033144,0.003567,-0.036452
0.034507,0.000580,-0.037300
0.036069,-0.003147,-0.039045
0.037597,-0.007197,-0.041231
0.038853,-0.011152,-0.043402
0.039603,-0.014597,-0.045102
0.039611,-0.017114,-0.045875
0.038642,-0.018285,-0.045263
0.036460,-0.017694,-0.042812
0.032830,-0.014923,-0.038064
0.030104,-0.010644,-0.033861
0.028406,-0.005786,-0.030816
0.027310,-0.001343,-0.028982
0.026385,0.001689,-0.028415
0.025203,0.002316,-0.029170
0.023335,-0.000457,-0.031303
0.020351,-0.007623,-0.034867
0.015823,-0.020178,-0.039919
0.009322,-0.039116,-0.046513
0.005588,-0.052560,-0.052187
0.004932,-0.059024,-0.056416
0.006563,-0.059624,-0.059159
0.009685,-0.055471,-0.060374
0.013505,-0.047681,-0.060021
0.017230,-0.037366,-0.058059
0.020064,-0.025640,-0.054446
0.021216,-0.013617,-0.049142
0.019891,-0.002410,-0.042106
0.016600,0.009474,-0.030948
0.011892,0.021706,-0.016181
0.006323,0.033501,0.000959
0.000449,0.044073,0.019236
-0.005174,0.052636,0.037412
-0.009989,0.058405,0.054252
-0.013441,0.060594,0.068518
-0.014972,0.058417,0.078973
-0.014026,0.051090,0.084381
-0.012720,0.043682,0.084148
-0.011616,0.036942,0.079176
-0.010890,0.030539,0.070746
-0.010717,0.024143,0.060138
-0.011272,0.017420,0.048630
-0.012731,0.010041,0.037502
-0.015268,0.001674,0.028035
-0.019059,-0.008012,0.021506
-0.024279,-0.019350,0.019196
-0.029434,-0.031072,0.019402
-0.034094,-0.042559,0.021599
-0.038096,-0.053347,0.025558
-0.041275,-0.062977,0.031050
-0.043469,-0.070987,0.037845
-0.044514,-0.076915,0.045714
-0.044245,-0.080301,0.054428
-0.042500,-0.080684,0.063757
-0.039115,-0.077602,0.073472
-0.033794,-0.073459,0.081085
-0.026820,-0.068699,0.086261
-0.018619,-0.063273,0.089205
-0.009618,-0.057133,0.090121
-0.000243,-0.050230,0.089213
0.009079,-0.042517,0.086684
0.017922,-0.033946,0.082741
0.025860,-0.024468,0.077586
0.032465,-0.014036,0.071423
0.037469,-0.004527,0.066140
0.040956,0.003444,0.061886
0.043102,0.009575,0.058379
0.044080,0.013565,0.055336
0.044067,0.015115,0.052474
0.043236,0.013924,0.049510
0.041762,0.009691,0.046163
0.039820,0.002115,0.042148
0.037584,-0.009104,0.037183
0.037422,-0.018419,0.035116
0.039324,-0.024871,0.035594
0.042688,-0.028651,0.037213
0.046912,-0.029946,0.038569
0.051395,-0.028946,0.038259
0.055532,-0.025840,0.034878
0.058723,-0.020817,0.027024
0.060366,-0.014066,0.013291
0.059857,-0.005776,-0.007723
0.058031,0.000329,-0.026408
0.055294,0.004045,-0.041148
0.051941,0.006048,-0.052327
0.048269,0.007015,-0.060328
0.044574,0.007620,-0.065534
0.041152,0.008541,-0.068329
0.038300,0.010453,-0.069096
0.036314,0.014033,-0.068219
0.035491,0.019956,-0.066081
0.035402,0.025759,-0.064869
0.035947,0.030606,-0.064674
0.037111,0.034066,-0.065057
0.038878,0.035707,-0.065584
0.041231,0.035100,-0.065817
0.044155,0.031813,-0.065320
0.047634,0.025417,-0.063658
0.051650,0.015479,-0.060392
0.056189,0.001571,-0.055088
0.059970,-0.012643,-0.049642
0.062765,-0.026109,-0.044636
0.064606,-0.038430,-0.040326
0.065527,-0.049209,-0.036965
0.065559,-0.058047,-0.034808
0.064738,-0.064547,-0.034110
0.063095,-0.068311,-0.035125
0.060663,-0.068942,-0.038107
0.057476,-0.066041,-0.043311
0.052968,-0.062058,-0.048448
0.047209,-0.057722,-0.053076
0.040426,-0.053334,-0.057217
0.032848,-0.049196,-0.060893
0.024704,-0.045607,-0.064123
0.016220,-0.042869,-0.066932
0.007627,-0.041282,-0.069338
-0.000849,-0.041147,-0.071365
-0.008979,-0.042765,-0.073033
-0.015547,-0.044785,-0.073947
-0.020442,-0.046767,-0.074120
-0.023831,-0.048496,-0.073664
-0.025878,-0.049759,-0.072691
-0.026750,-0.050343,-0.071315
-0.026613,-0.050035,-0.069648
-0.025632,-0.048621,-0.067803
-0.023974,-0.045888,-0.065892
-0.021804,-0.041623,-0.064030
-0.020594,-0.038882,-0.062712
-0.020421,-0.037833,-0.061968
-0.021009,-0.037920,-0.061710
-0.022086,-0.038588,-0.061848
-0.023379,-0.039283,-0.062295
-0.024612,-0.039447,-0.062961
-0.025514,-0.038526,-0.063758
-0.025809,-0.035964,-0.064598
-0.025226,-0.031207,-0.065392
-0.024588,-0.026048,-0.066370
-0.024051,-0.020937,-0.067456
-0.023603,-0.015987,-0.068495
-0.023231,-0.011309,-0.069334
-0.022923,-0.007018,-0.069820
-0.022666,-0.003224,-0.069798
-0.022448,-0.000041,-0.069114
-0.022256,0.002419,-0.067614
-0.022078,0.004043,-0.065145
-0.021660,0.005594,-0.062296
-0.021036,0.007088,-0.059290
-0.020310,0.008353,-0.056265
-0.019589,0.009218,-0.053353
-0.018978,0.009512,-0.050689
-0.018583,0.009064,-0.048409
-0.018509,0.007702,-0.046647
-0.018863,0.005255,-0.045537
-0.019750,0.001552,-0.045215
-0.020857,-0.000471,-0.044910
-0.022083,-0.000548,-0.044472
-0.023376,0.000921,-0.043905
-0.024687,0.003534,-0.043213
-0.025965,0.006891,-0.042402
-0.027159,0.010590,-0.041474
-0.028218,0.014231,-0.040436
-0.029094,0.017413,-0.039290
-0.029734,0.019736,-0.038043
-0.030098,0.021078,-0.037336
-0.030229,0.021588,-0.037173
-0.030187,0.021477,-0.037396
-0.030033,0.020960,-0.037848
-0.029828,0.020250,-0.038372
-0.029635,0.019559,-0.038811
-0.029514,0.019101,-0.039007
-0.029526,0.019089,-0.038804
-0.029734,0.019736,-0.038043
-0.029847,0.020088,-0.037622
-0.029840,0.020055,-0.037616
-0.029752,0.019766,-0.037891
-0.029623,0.019346,-0.038315
-0.029491,0.018922,-0.038756
-0.029397,0.018623,-0.039082
-0.029380,0.018574,-0.039160
-0.029479,0.018902,-0.038857
-0.029734,0.019736,-0.038043
-0.029854,0.020319,-0.036885
-0.029805,0.020494,-0.035454
-0.029617,0.020249,-0.033797
-0.029319,0.019573,-0.031957
-0.028940,0.018455,-0.029981
-0.028510,0.016884,-0.027915
-0.028057,0.014849,-0.025804
-0.027611,0.012340,-0.023692
-0.027201,0.009346,-0.021627
-0.027439,0.006961,-0.020527
-0.028291,0.005308,-0.020370
-0.029560,0.004262,-0.020897
-0.031049,0.003699,-0.021852
-0.032563,0.003496,-0.022974
-0.033905,0.003529,-0.024007
-0.034879,0.003673,-0.024693
-0.035288,0.003806,-0.024773
-0.034937,0.003803,-0.023989
-0.034394,0.004203,-0.023037
-0.033794,0.005056,-0.022050
-0.033159,0.006297,-0.021019
-0.032513,0.007858,-0.019936
-0.031881,0.009670,-0.018790
-0.031285,0.011666,-0.017575
-0.030750,0.013779,-0.016282
-0.030299,0.015940,-0.014900
-0.029956,0.018082,-0.013423
-0.030340,0.019122,-0.012083
-0.031320,0.019137,-0.010486
-0.032579,0.018498,-0.008083
-0.033798,0.017575,-0.004324
-0.034659,0.016737,0.001342
-0.034844,0.016354,0.009464
-0.034034,0.016795,0.020593
-0.031912,0.018431,0.035277
-0.028160,0.021630,0.054067
-0.024036,0.024161,0.070537
-0.019926,0.025774,0.083020
-0.015996,0.026719,0.091039
-0.012414,0.027246,0.094121
-0.009344,0.027603,0.091787
-0.006954,0.028039,0.083563
-0.005411,0.028805,0.068972
-0.004880,0.030148,0.047539
-0.005528,0.032319,0.018787
-0.006000,0.035564,-0.006893
-0.005898,0.039777,-0.027460
-0.005064,0.044765,-0.042959
-0.003338,0.050334,-0.053434
-0.000563,0.056288,-0.058930
0.003421,0.062435,-0.059491
0.008772,0.068580,-0.055162
0.015648,0.074530,-0.045988
0.024208,0.080089,-0.032013
0.031287,0.082214,-0.018091
0.036356,0.080555,-0.005531
0.039541,0.075433,0.005247
0.040968,0.067168,0.013818
0.040767,0.056084,0.019762
0.039062,0.042500,0.022655
0.035983,0.026739,0.022076
0.031656,0.009122,0.017602
0.026208,-0.010029,0.008811
0.021012,-0.027804,-0.002639
0.016367,-0.043756,-0.015597
0.012302,-0.058055,-0.029036
0.008850,-0.070870,-0.041931
0.006039,-0.082372,-0.053257
0.003900,-0.092730,-0.061987
0.002463,-0.102114,-0.067096
0.001760,-0.110694,-0.067558
0.001819,-0.118639,-0.062348
0.002747,-0.122866,-0.055442
0.004438,-0.123093,-0.047902
0.006736,-0.119733,-0.040056
0.009483,-0.113201,-0.032234
0.012523,-0.103914,-0.024768
0.015698,-0.092286,-0.017986
0.018851,-0.078733,-0.012219
0.021826,-0.063669,-0.007796
0.024464,-0.047510,-0.005048
0.026999,-0.033076,-0.003472
0.029504,-0.021093,-0.002699
0.032019,-0.011762,-0.002391
0.034581,-0.005285,-0.002210
0.037227,-0.001863,-0.001818
0.039995,-0.001700,-0.000878
0.042923,-0.004995,0.000948
0.046049,-0.011952,0.003997
0.049409,-0.022772,0.008607
0.052105,-0.032985,0.013124
0.054024,-0.041566,0.017296
0.055251,-0.048350,0.021223
0.055873,-0.053173,0.025005
0.055973,-0.055872,0.028740
0.055639,-0.056281,0.032528
0.054954,-0.054236,0.036468
0.054004,-0.049574,0.040659
0.052875,-0.042129,0.045202
0.051603,-0.033792,0.049296
0.050209,-0.025054,0.052684
0.048708,-0.016056,0.055240
0.047118,-0.006940,0.056841
0.045454,0.002154,0.057363
0.043732,0.011083,0.056680
0.041969,0.019708,0.054669
0.040180,0.027885,0.051206
0.038381,0.035475,0.046166
0.036681,0.041233,0.041430
0.035109,0.045190,0.037364
0.033676,0.047699,0.033952
0.032393,0.049112,0.031180
0.031269,0.049782,0.029034
0.030316,0.050059,0.027499
0.029544,0.050296,0.026561
0.028963,0.050845,0.026205
0.028585,0.052058,0.026416
0.028704,0.053051,0.026598
0.029300,0.053634,0.026606
0.030275,0.053787,0.026405
0.031529,0.053492,0.025962
0.032963,0.052732,0.025243
0.034477,0.051487,0.024215
0.035974,0.049739,0.022844
0.037354,0.047470,0.021096
0.038517,0.044661,0.018939
0.038352,0.041716,0.018080
0.036883,0.038912,0.018504
0.034414,0.036492,0.019766
0.031252,0.034702,0.021419
0.027703,0.033785,0.023016
0.024074,0.033986,0.024111
0.020669,0.035550,0.024259
0.017795,0.038720,0.023012
0.015758,0.043742,0.019925
0.013996,0.046296,0.014572
0.012761,0.046187,0.007585
0.012507,0.044247,-0.000134
0.013686,0.041312,-0.007686
0.016754,0.038213,-0.014172
0.022163,0.035785,-0.018692
0.030369,0.034862,-0.020346
0.041825,0.036277,-0.018236
0.056984,0.040864,-0.011460
0.073087,0.046236,-0.003943
0.089030,0.051738,0.003128
0.104127,0.057147,0.009248
0.117689,0.062240,0.013915
0.129031,0.066794,0.016623
0.137463,0.070585,0.016870
0.142299,0.073390,0.014152
0.142851,0.074987,0.007964
0.138433,0.075152,-0.002197
0.130630,0.073987,-0.014283
0.120456,0.071896,-0.027345
0.108781,0.069356,-0.040710
0.096474,0.066846,-0.053706
0.084405,0.064844,-0.065659
0.073443,0.063830,-0.075896
0.064457,0.064281,-0.083744
0.058318,0.066675,-0.088531
0.055894,0.071492,-0.089581
0.054610,0.075184,-0.092844
0.053845,0.077082,-0.098648
0.053465,0.077239,-0.105922
0.053338,0.075706,-0.113593
0.053331,0.072536,-0.120588
0.053312,0.067781,-0.125835
0.053148,0.061493,-0.128261
0.052706,0.053723,-0.126794
0.051853,0.044524,-0.120360
0.050984,0.035122,-0.105988
0.050195,0.025706,-0.084984
0.049502,0.016206,-0.059727
0.048926,0.006551,-0.032594
0.048484,-0.003328,-0.005963
0.048195,-0.013503,0.017788
0.048078,-0.024042,0.036281
0.048150,-0.035018,0.047139
0.048432,-0.046500,0.047983
0.047382,-0.056211,0.045474
0.044957,-0.063821,0.041302
0.041492,-0.069486,0.035916
0.037319,-0.073364,0.029762
0.032772,-0.075609,0.023289
0.028183,-0.076378,0.016942
0.023886,-0.075827,0.011171
0.020213,-0.074113,0.006422
0.017498,-0.071391,0.003143
0.014558,-0.068062,0.001203
0.011306,-0.064365,0.000335
0.007930,-0.060500,0.000241
0.004617,-0.056667,0.000623
0.001555,-0.053066,0.001180
-0.001069,-0.049896,0.001613
-0.003068,-0.047358,0.001624
-0.004254,-0.045652,0.000914
-0.004439,-0.044977,-0.000817
-0.003573,-0.041748,-0.004008
-0.001736,-0.035545,-0.008408
0.000960,-0.026740,-0.013595
0.004402,-0.015703,-0.019145
0.008477,-0.002805,-0.024637
0.013071,0.011581,-0.029648
0.018072,0.027084,-0.033754
0.023367,0.043334,-0.036533
0.028843,0.059958,-0.037564
0.032587,0.075389,-0.037941
0.034349,0.089480,-0.037958
0.034299,0.102441,-0.037707
0.032601,0.114482,-0.037279
0.029424,0.125813,-0.036766
0.024934,0.136644,-0.036259
0.019299,0.147184,-0.035851
0.012686,0.157643,-0.035631
0.005261,0.168231,-0.035693
0.000407,0.170449,-0.034575
-0.001769,0.163939,-0.032213
-0.001980,0.150376,-0.028895
-0.000936,0.131435,-0.024907
0.000652,0.108792,-0.020538
0.002072,0.084121,-0.016073
0.002612,0.059099,-0.011799
0.001562,0.035401,-0.008005
-0.001791,0.014702,-0.004976
-0.004626,-0.001026,-0.001756
-0.006512,-0.011927,0.001693
-0.007617,-0.018673,0.005180
-0.008106,-0.021935,0.008513
-0.008145,-0.022386,0.011499
-0.007901,-0.020696,0.013948
-0.007541,-0.017539,0.015666
-0.007230,-0.013586,0.016464
-0.007134,-0.009508,0.016148
-0.007664,-0.007887,0.014017
-0.008511,-0.008801,0.010712
-0.009189,-0.011702,0.007205
-0.009211,-0.016044,0.004471
-0.008092,-0.021277,0.003484
-0.005343,-0.026856,0.005218
-0.000480,-0.032232,0.010647
0.006985,-0.036859,0.020747
0.017537,-0.040188,0.036490
0.028028,-0.044250,0.049470
0.037684,-0.049182,0.058512
0.046325,-0.054647,0.064249
0.053774,-0.060308,0.067314
0.059852,-0.065829,0.068340
0.064379,-0.070872,0.067960
0.067177,-0.075102,0.066806
0.068068,-0.078180,0.065511
0.066872,-0.079770,0.064709
0.065140,-0.080332,0.062407
0.063262,-0.080064,0.058630
0.061334,-0.079093,0.053906
0.059457,-0.077550,0.048764
0.057728,-0.075565,0.043731
0.056247,-0.073268,0.039336
0.055110,-0.070788,0.036108
0.054418,-0.068256,0.034573
0.054267,-0.065800,0.035262
0.054211,-0.064168,0.035920
0.054173,-0.063345,0.036193
0.054175,-0.063131,0.036199
0.054234,-0.063321,0.036060
0.054371,-0.063713,0.035893
0.054605,-0.064106,0.035820
0.054955,-0.064295,0.035959
0.055440,-0.064079,0.036430
0.056080,-0.063255,0.037353
0.057024,-0.061994,0.037176
0.058209,-0.060426,0.035806
0.059518,-0.058672,0.033516
0.060838,-0.056853,0.030578
0.062052,-0.055090,0.027266
0.063044,-0.053503,0.023852
0.063699,-0.052213,0.020608
0.063902,-0.051342,0.017808
0.063537,-0.051009,0.015723
0.063228,-0.050985,0.014047
0.063050,-0.051164,0.012681
0.062942,-0.051475,0.011578
0.062842,-0.051846,0.010689
0.062690,-0.052203,0.009966
0.062424,-0.052475,0.009363
0.061982,-0.052589,0.008830
0.061304,-0.052472,0.008321
0.060328,-0.052054,0.007788
0.059044,-0.051682,0.006816
0.057521,-0.051381,0.005430
0.055844,-0.051094,0.003760
0.054099,-0.050766,0.001939
0.052372,-0.050338,0.000098
0.050747,-0.049755,-0.001631
0.049313,-0.048960,-0.003117
0.048153,-0.047896,-0.004226
0.047354,-0.046507,-0.004828
0.047341,-0.045728,-0.004366
0.048047,-0.045558,-0.002969
0.049285,-0.045763,-0.000936
0.050869,-0.046108,0.001431
0.052609,-0.046357,0.003832
0.054320,-0.046276,0.005966
0.055812,-0.045630,0.007534
0.056900,-0.044183,0.008234
0.057394,-0.041702,0.007766
0.057018,-0.039856,0.006565
0.055868,-0.038839,0.004855
0.054135,-0.038476,0.002808
0.052008,-0.038592,0.000594
0.049678,-0.039011,-0.001616
0.047335,-0.039558,-0.003650
0.045169,-0.040058,-0.005338
0.043370,-0.040335,-0.006507
0.042129,-0.040214,-0.006988
0.040970,-0.040732,-0.007950
0.039930,-0.041773,-0.009239
0.039172,-0.042935,-0.010374
0.038863,-0.043813,-0.010873
0.039167,-0.044005,-0.010253
0.040249,-0.043106,-0.008031
0.042274,-0.040715,-0.003726
0.045406,-0.036426,0.003146
0.049810,-0.029837,0.013066
0.054380,-0.025323,0.020987
0.058762,-0.023053,0.026075
0.062792,-0.022145,0.028549
0.066308,-0.021715,0.028630
0.069144,-0.020882,0.026536
0.071137,-0.018764,0.022488
0.072123,-0.014477,0.016705
0.071939,-0.007141,0.009406
0.070419,0.004128,0.000811
0.066426,0.015868,-0.005123
0.060154,0.026959,-0.008106
0.052127,0.036867,-0.008770
0.042874,0.045057,-0.007742
0.032921,0.050996,-0.005652
0.022795,0.054149,-0.003129
0.013021,0.053982,-0.000802
0.004128,0.049960,0.000700
-0.003360,0.041550,0.000747
-0.008933,0.033643,0.002456
-0.012564,0.026829,0.005921
-0.014344,0.020624,0.010479
-0.014365,0.014543,0.015469
-0.012720,0.008103,0.020229
-0.009501,0.000819,0.024097
-0.004799,-0.007793,0.026411
0.001293,-0.018218,0.026510
0.008684,-0.030939,0.023732
0.012592,-0.044286,0.020686
0.012949,-0.057296,0.018355
0.010868,-0.069183,0.017313
0.007458,-0.079164,0.018133
0.003830,-0.086454,0.021390
0.001096,-0.090267,0.027658
0.000366,-0.089820,0.037510
0.002750,-0.084326,0.051523
0.009361,-0.073002,0.070268
0.017382,-0.062410,0.086233
0.025776,-0.053742,0.098096
0.033949,-0.046845,0.106080
0.041308,-0.041568,0.110410
0.047260,-0.037760,0.111311
0.051211,-0.035268,0.109006
0.052567,-0.033941,0.103722
0.050736,-0.033627,0.095682
0.045122,-0.034175,0.085111
0.039617,-0.035841,0.078350
0.034998,-0.038336,0.075970
0.031266,-0.041234,0.077096
0.028421,-0.044108,0.080854
0.026466,-0.046532,0.086371
0.025399,-0.048080,0.092773
0.025223,-0.048325,0.099185
0.025939,-0.046841,0.104735
0.027545,-0.043202,0.108548
0.027894,-0.037907,0.109113
0.026827,-0.031838,0.106588
0.024686,-0.025967,0.101550
0.021813,-0.021268,0.094574
0.018549,-0.018716,0.086236
0.015235,-0.019285,0.077112
0.012213,-0.023949,0.067778
0.009825,-0.033681,0.058810
0.008411,-0.049456,0.050783
0.009093,-0.065785,0.043585
0.011660,-0.081120,0.037056
0.015567,-0.094897,0.031018
0.020271,-0.106555,0.025299
0.025226,-0.115529,0.019721
0.029888,-0.121258,0.014111
0.033713,-0.123178,0.008293
0.036155,-0.120726,0.002093
0.036672,-0.113340,-0.004666
0.036434,-0.104854,-0.012034
0.035795,-0.096097,-0.019726
0.034902,-0.087145,-0.027370
0.033905,-0.078075,-0.034597
0.032951,-0.068964,-0.041036
0.032188,-0.059887,-0.046315
0.031764,-0.050923,-0.050064
0.031829,-0.042146,-0.051913
0.032529,-0.033635,-0.051491
0.033167,-0.026457,-0.050282
0.033600,-0.020723,-0.048675
0.033821,-0.016304,-0.046786
0.033827,-0.013071,-0.044731
0.033612,-0.010895,-0.042625
0.033171,-0.009646,-0.040585
0.032500,-0.009195,-0.038726
0.031593,-0.009413,-0.037164
0.030446,-0.010171,-0.036015
0.029968,-0.011494,-0.035024
0.030211,-0.013279,-0.034123
0.031012,-0.015390,-0.033291
0.032206,-0.017690,-0.032507
0.033632,-0.020045,-0.031749
0.035125,-0.022318,-0.030996
0.036522,-0.024372,-0.030226
0.037659,-0.026074,-0.029418
0.038374,-0.027286,-0.028551
0.039139,-0.029363,-0.028574
0.039944,-0.032089,-0.029362
0.040663,-0.034858,-0.030519
0.041165,-0.037060,-0.031650
0.041323,-0.038089,-0.032361
0.041007,-0.037337,-0.032255
0.040089,-0.034195,-0.030939
0.038439,-0.028057,-0.028016
0.035931,-0.018313,-0.023092
0.033940,-0.010896,-0.019877
0.032749,-0.006819,-0.019049
0.032361,-0.005866,-0.020529
0.032784,-0.007821,-0.024237
0.034023,-0.012468,-0.030094
0.036083,-0.019590,-0.038019
0.038970,-0.028973,-0.047933
0.042690,-0.040400,-0.059756
0.047250,-0.053655,-0.073408
0.053261,-0.067341,-0.084603
0.060207,-0.080887,-0.092794
0.067290,-0.093931,-0.098368
0.073713,-0.106107,-0.101716
0.078676,-0.117052,-0.103225
0.081382,-0.126403,-0.103284
0.081032,-0.133795,-0.102281
0.076829,-0.138865,-0.100604
0.067973,-0.141249,-0.098643
0.059261,-0.140204,-0.097965
0.051514,-0.135960,-0.098440
0.044558,-0.128991,-0.099519
0.038220,-0.119769,-0.100649
0.032326,-0.108768,-0.101279
0.026705,-0.096460,-0.100856
0.021181,-0.083320,-0.098831
0.015583,-0.069819,-0.094650
0.009736,-0.056432,-0.087763
0.004755,-0.044927,-0.080263
0.000898,-0.035170,-0.072756
-0.001792,-0.026548,-0.065480
-0.003272,-0.018452,-0.058674
-0.003498,-0.010270,-0.052573
-0.002428,-0.001392,-0.047415
-0.000018,0.008794,-0.043437
0.003775,0.020898,-0.040876
0.008994,0.035531,-0.039970
0.013962,0.049799,-0.038555
0.018331,0.062867,-0.036370
0.022085,0.074416,-0.033625
0.025211,0.084126,-0.030534
0.027693,0.091679,-0.027308
0.029517,0.096756,-0.024159
0.030666,0.099037,-0.021300
0.031128,0.098203,-0.018942
0.030886,0.093935,-0.017297
0.030655,0.087595,-0.015517
0.030335,0.079477,-0.013460
0.029619,0.069606,-0.011159
0.028202,0.058008,-0.008651
0.025779,0.044709,-0.005970
0.022044,0.029733,-0.003151
0.016691,0.013108,-0.000228
0.009417,-0.005141,0.002764
-0.000086,-0.024990,0.005788
-0.009513,-0.041912,0.011189
-0.018442,-0.055128,0.019182
-0.026921,-0.064791,0.029455
-0.034998,-0.071056,0.041696
-0.042722,-0.074078,0.055591
-0.050142,-0.074011,0.070827
-0.057304,-0.071011,0.087091
-0.064258,-0.065230,0.104071
-0.071052,-0.056825,0.121452
-0.074986,-0.048534,0.136858
-0.076329,-0.041052,0.149271
-0.076094,-0.034562,0.158017
-0.075292,-0.029248,0.162420
-0.074935,-0.025293,0.161807
-0.076035,-0.022879,0.155501
-0.079603,-0.022192,0.142828
-0.086651,-0.023413,0.123113
-0.098192,-0.026727,0.095681
-0.107848,-0.025650,0.069600
-0.114212,-0.019898,0.046941
-0.117113,-0.010732,0.028027
-0.116382,0.000585,0.013180
-0.111851,0.012790,0.002721
-0.103350,0.024622,-0.003027
-0.090710,0.034816,-0.003742
-0.073762,0.042111,0.000898
-0.052337,0.045244,0.011214
-0.033505,0.044732,0.020702
-0.018276,0.041463,0.028116
-0.006144,0.036419,0.033533
0.003395,0.030584,0.037026
0.010845,0.024938,0.038669
0.016711,0.020464,0.038535
0.021498,0.018145,0.036700
0.025710,0.018961,0.033237
0.029853,0.023896,0.028220
0.033213,0.027042,0.022726
0.035727,0.027760,0.017196
0.037492,0.026728,0.011911
0.038605,0.024623,0.007152
0.039164,0.022125,0.003201
0.039266,0.019911,0.000339
0.039009,0.018659,-0.001152
0.038490,0.019047,-0.000992
0.037807,0.021754,0.001101
0.037160,0.025925,0.004218
0.036646,0.030880,0.007812
0.036340,0.035981,0.011427
0.036314,0.040590,0.014606
0.036640,0.044070,0.016894
0.037394,0.045784,0.017834
0.038646,0.045093,0.016971
0.040471,0.041361,0.013849
0.042940,0.033949,0.008011
0.045441,0.026112,0.002460
0.047765,0.018565,-0.002012
0.049806,0.011386,-0.005163
0.051461,0.004655,-0.006751
0.052622,-0.001550,-0.006533
0.053185,-0.007149,-0.004270
0.053044,-0.012063,0.000282
0.052094,-0.016213,0.007363
0.050229,-0.019520,0.017215
0.048019,-0.019392,0.028823
0.045693,-0.016027,0.041482
0.043394,-0.010322,0.054569
0.041264,-0.003174,0.067459
0.039448,0.004520,0.079529
0.038086,0.011864,0.090153
0.037324,0.017962,0.098707
0.037303,0.021916,0.104567
0.038167,0.022829,0.107109
0.039199,0.021915,0.107387
0.040204,0.019660,0.105948
0.041113,0.016376,0.103212
0.041862,0.012370,0.099598
0.042384,0.007952,0.095527
0.042612,0.003430,0.091418
0.042480,-0.000886,0.087691
0.041923,-0.004688,0.084766
0.040873,-0.007667,0.083063
0.040006,-0.011775,0.081656
0.039348,-0.016903,0.080372
0.038764,-0.022428,0.079224
0.038120,-0.027727,0.078226
0.037281,-0.032176,0.077391
0.036111,-0.035151,0.076732
0.034475,-0.036029,0.076265
0.032239,-0.034186,0.076002
0.029267,-0.029000,0.075956
0.025221,-0.024597,0.075606
0.020199,-0.021580,0.074733
0.014408,-0.019672,0.073199
0.008056,-0.018594,0.070862
0.001350,-0.018067,0.067582
-0.005504,-0.017813,0.063220
-0.012298,-0.017553,0.057635
-0.018825,-0.017010,0.050687
-0.024878,-0.015905,0.042236
-0.029553,-0.017747,0.033383
-0.032780,-0.022656,0.024508
-0.034696,-0.029902,0.015810
-0.035440,-0.038755,0.007487
-0.035150,-0.048487,-0.000262
-0.033963,-0.058368,-0.007240
-0.032018,-0.067668,-0.013248
-0.029453,-0.075659,-0.018086
-0.026405,-0.081611,-0.021557
-0.024764,-0.087172,-0.025181
-0.024766,-0.092080,-0.029221
-0.026234,-0.095596,-0.033626
-0.028992,-0.096981,-0.038345
-0.032864,-0.095495,-0.043326
-0.037673,-0.090400,-0.048518
-0.043244,-0.080956,-0.053871
-0.049398,-0.066424,-0.059334
-0.055960,-0.046065,-0.064854
-0.062440,-0.029785,-0.066302
-0.068471,-0.018774,-0.063557
-0.073724,-0.012040,-0.057498
-0.077866,-0.008593,-0.049007
-0.080564,-0.007442,-0.038962
-0.081486,-0.007595,-0.028245
-0.080302,-0.008062,-0.017737
-0.076678,-0.007852,-0.008316
-0.070282,-0.005974,-0.000864
-0.063198,-0.003003,0.004569
-0.056013,0.000676,0.007969
-0.048946,0.004728,0.009331
-0.042213,0.008813,0.008650
-0.036030,0.012596,0.005920
-0.030615,0.015740,0.001136
-0.026184,0.017908,-0.005708
-0.022953,0.018762,-0.014617
-0.021140,0.017966,-0.025596
-0.021617,0.016459,-0.037448
-0.023982,0.014998,-0.049441
-0.027509,0.014289,-0.060955
-0.031478,0.015041,-0.071374
-0.035165,0.017961,-0.080078
-0.037847,0.023759,-0.086450
-0.038801,0.033142,-0.089872
-0.037304,0.046818,-0.089726
-0.032633,0.065496,-0.085394
-0.028365,0.079114,-0.084488
-0.025253,0.086708,-0.087307
-0.023348,0.089590,-0.092320
-0.022698,0.089069,-0.097999
-0.023353,0.086457,-0.102812
-0.025362,0.083064,-0.105230
-0.028776,0.080200,-0.103722
-0.033643,0.079178,-0.096760
-0.040012,0.081306,-0.082812
-0.046033,0.082955,-0.065565
-0.051440,0.083238,-0.046806
-0.056362,0.081956,-0.027849
-0.060927,0.078911,-0.010008
-0.065267,0.073903,0.005402
-0.069510,0.066733,0.017070
-0.073786,0.057203,0.023680
-0.078224,0.045113,0.023919
-0.082953,0.030263,0.016473
-0.086077,0.017291,0.008846
-0.087002,0.007186,0.002705
-0.085465,0.000027,-0.001745
-0.081201,-0.004106,-0.004295
-0.073945,-0.005134,-0.004740
-0.063434,-0.002978,-0.002871
-0.049403,0.002441,0.001517
-0.031586,0.011203,0.008631
-0.009720,0.023386,0.018680
0.009666,0.032639,0.026321
0.025664,0.038268,0.030817
0.038770,0.040995,0.032579
0.049480,0.041541,0.032016
0.058290,0.040627,0.029541
0.065695,0.038974,0.025564
0.072193,0.037304,0.020496
0.078279,0.036338,0.014749
0.084448,0.036796,0.008732
0.090060,0.036843,0.002468
0.095037,0.036267,-0.003859
0.099442,0.035262,-0.010024
0.103338,0.034023,-0.015802
0.106789,0.032745,-0.020967
0.109859,0.031622,-0.025296
0.112610,0.030848,-0.028561
0.115106,0.030619,-0.030538
0.117411,0.031129,-0.031003
0.119744,0.027120,-0.026942
0.122033,0.018677,-0.018846
0.124128,0.007222,-0.008080
0.125884,-0.005825,0.003989
0.127151,-0.019042,0.015996
0.127782,-0.031009,0.026575
0.127629,-0.040304,0.034360
0.126545,-0.045507,0.037987
0.124382,-0.045197,0.036088
0.123295,-0.040668,0.033199
0.123614,-0.032944,0.030643
0.125210,-0.022983,0.028943
0.127956,-0.011742,0.028621
0.131722,-0.000177,0.030198
0.136382,0.010754,0.034197
0.141806,0.020095,0.041139
0.147868,0.026889,0.051547
0.154438,0.030179,0.065943
0.157265,0.034399,0.078753
0.156167,0.039816,0.088855
0.151977,0.045652,0.096242
0.145531,0.051130,0.100906
0.137664,0.055473,0.102839
0.129209,0.057903,0.102031
0.121002,0.057643,0.098476
0.113877,0.053916,0.092166
0.108669,0.045944,0.083091
0.104710,0.040077,0.072481
0.101572,0.037491,0.061241
0.098888,0.038070,0.050193
0.096288,0.041698,0.040161
0.093404,0.048258,0.031969
0.089868,0.057636,0.026441
0.085312,0.069714,0.024400
0.079367,0.084377,0.026669
0.071664,0.101508,0.034073
0.063553,0.118971,0.039114
0.055433,0.135715,0.040990
0.047469,0.150961,0.040574
0.039825,0.163929,0.038736
0.032664,0.173839,0.036349
0.026150,0.179911,0.034284
0.020447,0.181366,0.033414
0.015720,0.177424,0.034610
0.012131,0.167307,0.038745
0.007573,0.151220,0.041623
0.002044,0.130419,0.042642
-0.003930,0.106421,0.042097
-0.009823,0.080743,0.040283
-0.015110,0.054902,0.037494
-0.019266,0.030414,0.034027
-0.021764,0.008796,0.030176
-0.022080,-0.008435,0.026235
-0.019687,-0.019763,0.022501
-0.015493,-0.029246,0.017918
-0.010066,-0.037597,0.012378
-0.003890,-0.044695,0.006008
0.002552,-0.050416,-0.001066
0.008777,-0.054636,-0.008717
0.014302,-0.057234,-0.016820
0.018642,-0.058086,-0.025246
0.021315,-0.057069,-0.033869
0.021837,-0.054060,-0.042563
0.018301,-0.049017,-0.051773
0.011298,-0.041926,-0.061150
0.002045,-0.032783,-0.070144
-0.008242,-0.021581,-0.078208
-0.018348,-0.008315,-0.084795
-0.027056,0.007020,-0.089354
-0.033150,0.024430,-0.091340
-0.035415,0.043920,-0.090202
-0.032633,0.065496,-0.085394
-0.030689,0.081860,-0.080842
-0.030502,0.092386,-0.077022
-0.031756,0.098117,-0.073542
-0.034132,0.100095,-0.070015
-0.037311,0.099361,-0.066049
-0.040975,0.096958,-0.061256
-0.044807,0.093929,-0.055246
-0.048487,0.091314,-0.047629
-0.051697,0.090157,-0.038017
-0.054166,0.088560,-0.029421
-0.055912,0.086237,-0.022298
-0.057027,0.083300,-0.016468
-0.057604,0.079864,-0.011747
-0.057734,0.076043,-0.007955
-0.057510,0.071949,-0.004909
-0.057024,0.067698,-0.002428
-0.056367,0.063403,-0.000330
-0.055632,0.059178,0.001568
-0.053030,0.055153,0.002360
-0.048545,0.051183,0.001996
-0.042602,0.047057,0.000633
-0.035628,0.042562,-0.001568
-0.028049,0.037486,-0.004447
-0.020289,0.031617,-0.007846
-0.012776,0.024743,-0.011604
-0.005934,0.016651,-0.015563
-0.000191,0.007130,-0.019561
0.004971,-0.000155,-0.023870
0.009673,-0.004772,-0.028274
0.013943,-0.007101,-0.032435
0.017806,-0.007519,-0.036018
0.021289,-0.006408,-0.038685
0.024418,-0.004144,-0.040101
0.027220,-0.001107,-0.039929
0.029719,0.002324,-0.037831
0.031944,0.005769,-0.033472
0.033747,0.008935,-0.027221
0.035166,0.011414,-0.020024
0.036283,0.012772,-0.012974
0.037182,0.012575,-0.007162
0.037943,0.010388,-0.003678
0.038651,0.005776,-0.003614
0.039387,-0.001694,-0.008062
0.040234,-0.012458,-0.018112
0.041274,-0.026949,-0.034855
0.042737,-0.038264,-0.049032
0.044499,-0.045500,-0.059291
0.046347,-0.049253,-0.066261
0.048069,-0.050121,-0.070570
0.049451,-0.048700,-0.072846
0.050282,-0.045588,-0.073717
0.050348,-0.041382,-0.073812
0.049437,-0.036678,-0.073758
0.047336,-0.032074,-0.074184
0.046313,-0.031710,-0.073788
0.046589,-0.035435,-0.072468
0.047870,-0.042028,-0.070422
0.049863,-0.050264,-0.067846
0.052277,-0.058921,-0.064938
0.054819,-0.066776,-0.061895
0.057195,-0.072606,-0.058914
0.059114,-0.075189,-0.056193
0.060283,-0.073301,-0.053929
0.059135,-0.068756,-0.047295
0.055746,-0.062385,-0.036272
0.050604,-0.054768,-0.022038
0.044195,-0.046488,-0.005774
0.037007,-0.038129,0.011340
0.029526,-0.030272,0.028124
0.022240,-0.023500,0.043398
0.015635,-0.018395,0.055982
0.010199,-0.015540,0.064697
0.003567,-0.011976,0.071756
-0.004164,-0.007460,0.077126
-0.012281,-0.002432,0.080210
-0.020072,0.002670,0.080410
-0.026823,0.007406,0.077129
-0.031823,0.011339,0.069770
-0.034360,0.014028,0.057736
-0.033719,0.015035,0.040430
-0.029189,0.013921,0.017253
-0.022840,0.013489,-0.001988
-0.015300,0.014219,-0.015117
-0.006840,0.016008,-0.021865
0.002269,0.018756,-0.021963
0.011759,0.022363,-0.015142
0.021360,0.026728,-0.001133
0.030801,0.031749,0.020335
0.039812,0.037326,0.049529
0.048124,0.043358,0.086719
0.056346,0.047575,0.117905
0.064211,0.049897,0.141171
0.071237,0.050790,0.157620
0.076939,0.050721,0.168357
0.080834,0.050157,0.174485
0.082437,0.049563,0.177108
0.081265,0.049407,0.177329
0.076833,0.050154,0.176253
0.068659,0.052272,0.174983
0.063400,0.051719,0.172435
0.061566,0.048208,0.168523
0.062128,0.042394,0.163408
0.064056,0.034929,0.157253
0.066323,0.026466,0.150221
0.067898,0.017659,0.142474
0.067754,0.009161,0.134175
0.064862,0.001624,0.125487
0.058192,-0.004297,0.116571
0.050773,-0.008794,0.109082
0.043172,-0.012051,0.103102
0.035340,-0.014248,0.098320
0.027230,-0.015566,0.094426
0.018794,-0.016187,0.091109
0.009982,-0.016291,0.088059
0.000747,-0.016059,0.084963
-0.008960,-0.015673,0.081513
-0.019186,-0.015312,0.077397
-0.026889,-0.015580,0.073271
-0.031718,-0.016584,0.069096
-0.033995,-0.018313,0.064658
-0.034044,-0.020752,0.059744
-0.032185,-0.023889,0.054141
-0.028741,-0.027710,0.047634
-0.024035,-0.032201,0.040011
-0.018388,-0.037351,0.031058
-0.012124,-0.043145,0.020562
-0.007784,-0.046609,0.012130
-0.005443,-0.047169,0.006190
-0.004561,-0.044853,0.002374
-0.004595,-0.039686,0.000314
-0.005005,-0.031696,-0.000357
-0.005250,-0.020908,-0.000007
-0.004787,-0.007350,0.000997
-0.003075,0.008953,0.002287
0.000426,0.027972,0.003495
0.002439,0.044572,0.004033
0.002757,0.057480,0.003762
0.001939,0.066392,0.002655
0.000545,0.071002,0.000686
-0.000864,0.071004,-0.002172
-0.001729,0.066094,-0.005945
-0.001489,0.055967,-0.010662
0.000415,0.040317,-0.016347
0.004543,0.018838,-0.023029
0.008743,0.000511,-0.030115
0.012622,-0.013185,-0.036997
0.016228,-0.022642,-0.043064
0.019610,-0.028254,-0.047701
0.022817,-0.030415,-0.050298
0.025896,-0.029518,-0.050241
0.028896,-0.025956,-0.046918
0.031866,-0.020123,-0.039716
0.034853,-0.012412,-0.028024
0.038993,-0.005097,-0.014683
0.044144,0.001506,-0.000719
0.049843,0.007572,0.013301
0.055626,0.013277,0.026805
0.061031,0.018797,0.039226
0.065596,0.024306,0.049994
0.068856,0.029979,0.058539
0.070350,0.035992,0.064293
0.069615,0.042520,0.066686
0.070660,0.044830,0.067049
0.073510,0.042697,0.065782
0.077191,0.037027,0.063050
0.080730,0.028721,0.059017
0.083155,0.018684,0.053851
0.083493,0.007818,0.047716
0.080769,-0.002972,0.040777
0.074013,-0.012783,0.033201
0.062249,-0.020712,0.025153
0.051183,-0.024539,0.018080
0.041858,-0.024678,0.012277
0.034151,-0.022202,0.007747
0.027941,-0.018184,0.004494
0.023105,-0.013697,0.002522
0.019520,-0.009813,0.001836
0.017066,-0.007605,0.002439
0.015620,-0.008146,0.004335
0.015059,-0.012508,0.007529
0.016104,-0.016503,0.010716
0.018613,-0.019235,0.013327
0.022230,-0.020634,0.014977
0.026600,-0.020629,0.015280
0.031366,-0.019151,0.013852
0.036173,-0.016129,0.010307
0.040665,-0.011493,0.004261
0.044485,-0.005171,-0.004671
0.047278,0.002906,-0.016875
0.047421,0.009741,-0.029010
0.045142,0.014956,-0.040183
0.041133,0.018825,-0.050116
0.036087,0.021624,-0.058526
0.030695,0.023629,-0.065135
0.025649,0.025113,-0.069661
0.021641,0.026354,-0.071824
0.019363,0.027626,-0.071344
0.019508,0.029203,-0.067941
0.020495,0.031091,-0.064512
0.022102,0.033313,-0.061511
0.024442,0.035899,-0.058785
0.027627,0.038876,-0.056177
0.031773,0.042276,-0.053534
0.036993,0.046125,-0.050699
0.043400,0.050455,-0.047518
0.051108,0.055294,-0.043837
0.060232,0.060671,-0.039499
0.068695,0.064779,-0.033178
0.076049,0.067287,-0.025037
0.082249,0.068231,-0.015613
0.087251,0.067651,-0.005440
0.091012,0.065582,0.004944
0.093486,0.062064,0.015005
0.094631,0.057132,0.024205
0.094402,0.050825,0.032010
0.092756,0.043180,0.037884
0.091730,0.034709,0.041868
0.091542,0.025798,0.044213
0.091952,0.016798,0.045219
0.092722,0.008063,0.045189
0.093612,-0.000056,0.044424
0.094383,-0.007205,0.043225
0.094796,-0.013031,0.041894
0.094613,-0.017183,0.040731
0.093594,-0.019307,0.040039
0.091530,-0.020851,0.038442
0.088493,-0.022097,0.036059
0.084627,-0.023035,0.033379
0.080078,-0.023654,0.030891
0.074989,-0.023946,0.029085
0.069505,-0.023900,0.028451
0.063769,-0.023507,0.029478
0.057926,-0.022757,0.032655
0.052121,-0.021640,0.038474
0.047257,-0.021388,0.042998
0.043351,-0.022017,0.045811
0.040200,-0.023242,0.047374
0.037599,-0.024773,0.048149
0.035343,-0.026324,0.048596
0.033227,-0.027608,0.049177
0.031049,-0.028336,0.050353
0.028602,-0.028222,0.052586
0.025683,-0.026978,0.056337
0.023150,-0.027853,0.057067
0.021126,-0.030878,0.054454
0.019547,-0.035281,0.049232
0.018353,-0.040290,0.042135
0.017481,-0.045133,0.033896
0.016868,-0.049038,0.025250
0.016454,-0.051233,0.016929
0.016176,-0.050945,0.009668
0.015971,-0.047403,0.004200
0.014667,-0.043856,-0.000386
0.012231,-0.040978,-0.004303
0.008913,-0.038799,-0.007592
0.004963,-0.037349,-0.010291
0.000633,-0.036656,-0.012440
-0.003826,-0.036751,-0.014077
-0.008165,-0.037662,-0.015243
-0.012132,-0.039420,-0.015977
-0.015476,-0.042054,-0.016317
-0.017808,-0.044116,-0.016053
-0.019012,-0.045345,-0.015192
-0.019035,-0.045773,-0.013797
-0.017827,-0.045433,-0.011928
-0.015339,-0.044360,-0.009648
-0.011520,-0.042585,-0.007018
-0.006318,-0.040142,-0.004101
0.000315,-0.037064,-0.000957
0.008431,-0.033385,0.002351
0.015175,-0.034339,0.006361
0.020119,-0.039915,0.010948
0.023439,-0.048790,0.015822
0.025316,-0.059641,0.020692
0.025925,-0.071145,0.025269
0.025446,-0.081979,0.029261
0.024057,-0.090820,0.032379
0.021936,-0.096345,0.034332
0.019261,-0.097231,0.034830
0.015057,-0.096400,0.034470
0.009444,-0.094554,0.033583
0.002815,-0.091843,0.032434
-0.004436,-0.088418,0.031290
-0.011917,-0.084428,0.030414
-0.019234,-0.080024,0.030074
-0.025994,-0.075355,0.030534
-0.031803,-0.070571,0.032059
-0.036270,-0.065822,0.034916
-0.039383,-0.060546,0.037878
-0.041356,-0.054812,0.040631
-0.042460,-0.048848,0.043085
-0.042964,-0.042881,0.045151
-0.043138,-0.037139,0.046741
-0.043251,-0.031848,0.047765
-0.043573,-0.027237,0.048136
-0.044375,-0.023532,0.047763
-0.045926,-0.020960,0.046558
-0.047459,-0.018235,0.046078
-0.048823,-0.015253,0.046414
-0.050017,-0.012204,0.047293
-0.051042,-0.009281,0.048440
-0.051898,-0.006674,0.049580
-0.052585,-0.004577,0.050439
-0.053103,-0.003180,0.050742
-0.053453,-0.002674,0.050217
-0.053635,-0.003252,0.048587
-0.052998,-0.002853,0.048514
-0.051587,-0.001410,0.050002
-0.049624,0.000641,0.052389
-0.047328,0.002867,0.055013
-0.044921,0.004834,0.057213
-0.042623,0.006107,0.058328
-0.040654,0.006253,0.057696
-0.039234,0.004838,0.054655
-0.038586,0.001427,0.048545
-0.038440,-0.002198,0.044841
-0.038655,-0.005673,0.043978
-0.039120,-0.008986,0.045134
-0.039723,-0.012124,0.047484
-0.040355,-0.015076,0.050205
-0.040903,-0.017831,0.052472
-0.041258,-0.020376,0.053462
-0.041308,-0.022700,0.052351
-0.040942,-0.024791,0.048315
-0.040280,-0.026383,0.044637
-0.039356,-0.027555,0.041796
-0.038182,-0.028469,0.039575
-0.036772,-0.029287,0.037754
-0.035139,-0.030172,0.036114
-0.033295,-0.031287,0.034437
-0.031254,-0.032795,0.032501
-0.029027,-0.034859,0.030090
-0.026629,-0.037640,0.026984
-0.023882,-0.040879,0.024006
-0.020887,-0.044414,0.021294
-0.017814,-0.048109,0.018813
-0.014830,-0.051827,0.016528
-0.012106,-0.055433,0.014406
-0.009811,-0.058789,0.012411
-0.008113,-0.061761,0.010509
-0.007182,-0.064210,0.008665
-0.007188,-0.066002,0.006844
-0.006628,-0.065346,0.004616
-0.005362,-0.062366,0.002114
-0.003589,-0.057666,-0.000388
-0.001506,-0.051848,-0.002613
0.000687,-0.045515,-0.004286
0.002792,-0.039271,-0.005132
0.004610,-0.033720,-0.004876
0.005943,-0.029463,-0.003242
0.006591,-0.027104,0.000044
0.007710,-0.024527,0.003102
0.009273,-0.021505,0.005460
0.010963,-0.018285,0.007001
0.012458,-0.015111,0.007607
0.013441,-0.012231,0.007162
0.013592,-0.009889,0.005547
0.012591,-0.008332,0.002646
0.010119,-0.007805,-0.001660
0.005858,-0.008555,-0.007489
0.002168,-0.010168,-0.012965
-0.000527,-0.012123,-0.017629
-0.002292,-0.013872,-0.021374
-0.003190,-0.014867,-0.024091
-0.003283,-0.014561,-0.025673
-0.002635,-0.012406,-0.026012
-0.001308,-0.007853,-0.025002
0.000633,-0.000355,-0.022534
0.003127,0.010636,-0.018501
0.006640,0.021752,-0.014482
0.010930,0.032041,-0.010803
0.015580,0.041158,-0.007474
0.020169,0.048756,-0.004510
0.024279,0.054488,-0.001920
0.027491,0.058008,0.000282
0.029385,0.058969,0.002084
0.029544,0.057024,0.003476
0.027547,0.051827,0.004444
0.024153,0.046397,0.004464
0.019865,0.041395,0.003770
0.015121,0.036892,0.002786
0.010358,0.032960,0.001936
0.006014,0.029671,0.001644
0.002529,0.027095,0.002333
0.000338,0.025306,0.004427
-0.000119,0.024374,0.008350
0.001596,0.024371,0.014525
0.004644,0.021167,0.019531
0.008552,0.014592,0.022855
0.012937,0.005463,0.024713
0.017416,-0.005402,0.025318
0.021605,-0.017183,0.024888
0.025123,-0.029062,0.023636
0.027586,-0.040222,0.021777
0.028611,-0.049844,0.019528
0.027815,-0.057108,0.017102
0.026019,-0.063028,0.015948
0.023464,-0.067886,0.016190
0.020244,-0.071785,0.017619
0.016454,-0.074828,0.020028
0.012189,-0.077115,0.023208
0.007545,-0.078750,0.026952
0.002616,-0.079834,0.031052
-0.002502,-0.080471,0.035299
-0.007716,-0.080761,0.039487
-0.011134,-0.080712,0.043222
-0.012751,-0.080296,0.046546
-0.013028,-0.079472,0.049613
-0.012430,-0.078202,0.052572
-0.011420,-0.076446,0.055577
-0.010461,-0.074166,0.058778
-0.010016,-0.071324,0.062327
-0.010549,-0.067879,0.066376
-0.012523,-0.063793,0.071077
-0.014714,-0.059766,0.076406
-0.016794,-0.055987,0.082099
-0.018657,-0.052513,0.087829
-0.020197,-0.049404,0.093271
-0.021309,-0.046719,0.098097
-0.021887,-0.044515,0.101981
-0.021825,-0.042853,0.104598
-0.021018,-0.041790,0.105621
-0.019361,-0.041386,0.104723
-0.016551,-0.040484,0.103362
-0.012764,-0.039013,0.101847
-0.008292,-0.037176,0.100199
-0.003428,-0.035173,0.098439
0.001537,-0.033207,0.096589
0.006308,-0.031478,0.094671
0.010594,-0.030190,0.092704
0.014102,-0.029542,0.090712
0.016539,-0.029738,0.088715
0.018641,-0.029233,0.086655
0.020563,-0.027875,0.084558
0.022313,-0.025856,0.082473
0.023900,-0.023369,0.080449
0.025334,-0.020609,0.078534
0.026622,-0.017768,0.076777
0.027773,-0.015041,0.075227
0.028797,-0.012620,0.073932
0.029701,-0.010698,0.072941
0.029755,-0.008590,0.071761
0.028997,-0.006305,0.070351
0.027660,-0.004028,0.068779
0.025975,-0.001945,0.067115
0.024176,-0.000239,0.065430
0.022495,0.000905,0.063793
0.021162,0.001301,0.062275
0.020411,0.000765,0.060943
0.020475,-0.000888,0.059870
0.019702,-0.003795,0.057545
0.017899,-0.007496,0.053932
0.015233,-0.011378,0.049361
0.011873,-0.014827,0.044163
0.007986,-0.017232,0.038667
0.003742,-0.017980,0.033203
-0.000693,-0.016459,0.028103
-0.005149,-0.012056,0.023697
-0.009459,-0.004159,0.020314
-0.012862,0.002994,0.017836
-0.015297,0.008648,0.016196
-0.016882,0.012921,0.015339
-0.017733,0.015931,0.015210
-0.017966,0.017795,0.015757
-0.017698,0.018631,0.016923
-0.017045,0.018557,0.018656
-0.016124,0.017690,0.020899
-0.015049,0.016147,0.023600
-0.013462,0.011420,0.024517
-0.011468,0.003916,0.023463
-0.009289,-0.005226,0.020765
-0.007149,-0.014870,0.016750
-0.005270,-0.023876,0.011745
-0.003875,-0.031109,0.006076
-0.003186,-0.035429,0.000071
-0.003426,-0.035699,-0.005944
-0.004819,-0.030781,-0.011641
-0.007116,-0.022602,-0.016879
-0.010102,-0.012325,-0.021576
-0.013567,-0.000923,-0.025670
-0.017302,0.010628,-0.029098
-0.021099,0.021355,-0.031795
-0.024749,0.030284,-0.033699
-0.028042,0.036442,-0.034745
-0.030770,0.038854,-0.034871
-0.032724,0.036546,-0.034013
-0.034866,0.032359,-0.031678
-0.037279,0.027203,-0.028036
-0.039827,0.021509,-0.023424
-0.042374,0.015706,-0.018177
-0.044784,0.010224,-0.012634
-0.046920,0.005492,-0.007129
-0.048646,0.001940,-0.002000
-0.049825,-0.000003,0.002418
-0.050322,0.000094,0.005788
-0.051025,-0.000469,0.007239
-0.051993,-0.001835,0.006937
-0.053076,-0.003513,0.005304
-0.054126,-0.005007,0.002764
-0.054993,-0.005824,-0.000261
-0.055529,-0.005471,-0.003347
-0.055585,-0.003453,-0.006071
-0.055011,0.000722,-0.008010
-0.053660,0.007549,-0.008742
-0.052352,0.012303,-0.006911
-0.051196,0.014416,-0.002858
-0.050124,0.014358,0.002649
-0.049064,0.012602,0.008844
-0.047949,0.009618,0.014963
-0.046708,0.005878,0.020239
-0.045272,0.001851,0.023906
-0.043572,-0.001990,0.025199
-0.041537,-0.005174,0.023350
-0.040057,-0.004727,0.022574
-0.039171,-0.000662,0.023259
-0.038702,0.006260,0.024840
-0.038476,0.015276,0.026750
-0.038318,0.025625,0.028423
-0.038054,0.036547,0.029293
-0.037508,0.047278,0.028793
-0.036506,0.057059,0.026358
-0.034873,0.065127,0.021422
-0.033931,0.071379,0.016583
-0.033852,0.075961,0.012280
-0.034516,0.079082,0.008411
-0.035808,0.080949,0.004874
-0.037608,0.081770,0.001569
-0.039800,0.081754,-0.001607
-0.042265,0.081109,-0.004755
-0.044885,0.080042,-0.007977
-0.047544,0.078763,-0.011374
-0.049397,0.076910,-0.015442
-0.050400,0.074529,-0.020054
-0.050709,0.071769,-0.024929
-0.050480,0.068778,-0.029785
-0.049866,0.065704,-0.034341
-0.049024,0.062694,-0.038316
-0.048109,0.059897,-0.041429
-0.047277,0.057461,-0.043397
-0.046682,0.055534,-0.043940
-0.046382,0.053851,-0.044348
-0.046330,0.052330,-0.044830
-0.046454,0.050931,-0.045324
-0.046680,0.049617,-0.045771
-0.046936,0.048351,-0.046108
-0.047150,0.047093,-0.046275
-0.047248,0.045806,-0.046211
-0.047159,0.044451,-0.045854
-0.046808,0.042992,-0.045143
-0.046019,0.041950,-0.043191
-0.044837,0.041337,-0.040151
-0.043362,0.041033,-0.036440
-0.041698,0.040920,-0.032473
-0.039944,0.040879,-0.028666
-0.038202,0.040792,-0.025434
-0.036574,0.040539,-0.023194
-0.035161,0.040003,-0.022360
-0.034064,0.039064,-0.023348
-0.033750,0.037411,-0.024845
-0.034152,0.035162,-0.026488
-0.035069,0.032542,-0.028153
-0.036303,0.029776,-0.029717
-0.037651,0.027091,-0.031054
-0.038915,0.024710,-0.032040
-0.039893,0.022859,-0.032553
-0.040386,0.021764,-0.032468
-0.040193,0.021649,-0.031660
-0.039480,0.021634,-0.030336
-0.038341,0.021553,-0.028648
-0.036854,0.021416,-0.026730
-0.035093,0.021232,-0.024721
-0.033136,0.021013,-0.022755
-0.031059,0.020769,-0.020970
-0.028938,0.020511,-0.019502
-0.026850,0.020249,-0.018487
-0.024871,0.019993,-0.018063
-0.022286,0.021139,-0.015798
-0.019333,0.023915,-0.011086
-0.016489,0.028259,-0.003779
-0.014230,0.034110,0.006274
-0.013033,0.041404,0.019224
-0.013374,0.050080,0.035220
-0.015729,0.060076,0.054412
-0.020576,0.071329,0.076949
-0.028390,0.083777,0.102983
-0.036406,0.092328,0.120210
-0.043849,0.096432,0.127431
-0.050438,0.096674,0.126224
-0.055898,0.093638,0.118166
-0.059948,0.087909,0.104836
-0.062311,0.080072,0.087811
-0.062708,0.070712,0.068668
-0.060861,0.060413,0.048986
-0.056492,0.049760,0.030342
-0.049771,0.039256,0.020098
-0.040927,0.029374,0.018091
-0.030204,0.020579,0.022277
-0.017844,0.013337,0.030614
-0.004090,0.008111,0.041058
0.010814,0.005368,0.051565
0.026624,0.005573,0.060094
0.043098,0.009191,0.064599
0.059993,0.016686,0.063039
0.072834,0.018118,0.058451
0.081235,0.012528,0.051794
0.085833,0.001204,0.043506
0.087267,-0.014566,0.034027
0.086173,-0.033494,0.023794
0.083189,-0.054292,0.013246
0.078951,-0.075672,0.002822
0.074097,-0.096346,-0.007040
0.069265,-0.115026,-0.015901
0.064611,-0.130841,-0.023824
0.060307,-0.143721,-0.030714
0.056524,-0.153792,-0.036438
0.053436,-0.161182,-0.040862
0.051217,-0.166019,-0.043853
0.050038,-0.168430,-0.045276
0.050074,-0.168545,-0.044998
0.051497,-0.166489,-0.042886
0.054480,-0.162391,-0.038805
0.056754,-0.156598,-0.034411
0.057899,-0.149244,-0.030125
0.057961,-0.140415,-0.026063
0.056985,-0.130193,-0.022340
0.055016,-0.118663,-0.019070
0.052098,-0.105909,-0.016368
0.048277,-0.092014,-0.014349
0.043597,-0.077062,-0.013129
0.038103,-0.061137,-0.012822
0.032805,-0.048072,-0.012705
0.027824,-0.038312,-0.012815
0.023062,-0.031455,-0.013379
0.018420,-0.027098,-0.014624
0.013801,-0.024841,-0.016777
0.009104,-0.024279,-0.020066
0.004232,-0.025013,-0.024716
-0.000915,-0.026638,-0.030957
-0.006434,-0.028754,-0.039014
-0.012012,-0.030035,-0.047252
-0.017386,-0.030217,-0.055241
-0.022310,-0.029299,-0.062852
-0.026536,-0.027283,-0.069954
-0.029817,-0.024167,-0.076419
-0.031906,-0.019954,-0.082118
-0.032555,-0.014641,-0.086920
-0.031517,-0.008231,-0.090697
-0.028545,-0.000723,-0.093319
-0.024949,0.006246,-0.096044
-0.021227,0.012018,-0.098731
-0.017677,0.016183,-0.100888
-0.014594,0.018326,-0.102024
-0.012273,0.018037,-0.101645
-0.011011,0.014903,-0.099262
-0.011105,0.008512,-0.094381
-0.012848,-0.001548,-0.086512
-0.016539,-0.015690,-0.075162
-0.018888,-0.031771,-0.070468
-0.019588,-0.048594,-0.072289
-0.019074,-0.065198,-0.077913
-0.017782,-0.080623,-0.084630
-0.016147,-0.093909,-0.089728
-0.014605,-0.104093,-0.090496
-0.013592,-0.110217,-0.084224
-0.013543,-0.111319,-0.068201
-0.014894,-0.106439,-0.039714
-0.014157,-0.100806,-0.011579
-0.011073,-0.095212,0.013386
-0.006188,-0.089335,0.034863
-0.000050,-0.082856,0.052530
0.006795,-0.075452,0.066068
0.013798,-0.066805,0.075158
0.020413,-0.056592,0.079480
0.026092,-0.044495,0.078714
0.030288,-0.030192,0.072541
0.034094,-0.018491,0.065831
0.037565,-0.009758,0.059783
0.040496,-0.003245,0.054673
0.042684,0.001794,0.050781
0.043925,0.006107,0.048382
0.044014,0.010441,0.047756
0.042748,0.015542,0.049181
0.039922,0.022158,0.052933
0.035333,0.031034,0.059292
0.031671,0.037764,0.065701
0.029276,0.041832,0.071644
0.027896,0.043697,0.077116
0.027285,0.043819,0.082111
0.027191,0.042657,0.086623
0.027366,0.040670,0.090646
0.027561,0.038316,0.094175
0.027526,0.036056,0.097204
0.027012,0.034348,0.099727
0.026741,0.033220,0.100060
0.026718,0.032311,0.098194
0.026768,0.031160,0.094541
0.026717,0.029307,0.089512
0.026392,0.026291,0.083518
0.025618,0.021653,0.076970
0.024221,0.014932,0.070281
0.022028,0.005669,0.063860
0.018862,-0.006598,0.058119
0.014406,-0.015861,0.053752
0.008851,-0.021445,0.050546
0.002516,-0.024006,0.048062
-0.004277,-0.024198,0.045859
-0.011208,-0.022679,0.043498
-0.017958,-0.020104,0.040540
-0.024206,-0.017130,0.036546
-0.029633,-0.014411,0.031075
-0.033916,-0.012605,0.023689
-0.037930,-0.006956,0.017598
-0.041689,0.002672,0.013658
-0.044994,0.015262,0.012140
-0.047646,0.029796,0.013311
-0.049445,0.045257,0.017440
-0.050193,0.060628,0.024797
-0.049690,0.074891,0.035650
-0.047738,0.087029,0.050268
-0.044137,0.096024,0.068921
-0.040816,0.102112,0.086336
-0.038065,0.105328,0.101620
-0.035762,0.105655,0.114967
-0.033786,0.103077,0.126576
-0.032017,0.097580,0.136643
-0.030334,0.089148,0.145365
-0.028617,0.077764,0.152939
-0.026743,0.063414,0.159562
-0.024594,0.046081,0.165431
-0.022683,0.029892,0.169863
-0.021069,0.015767,0.172771
-0.019694,0.003826,0.174220
-0.018502,-0.005813,0.174272
-0.017434,-0.013031,0.172992
-0.016435,-0.017707,0.170441
-0.015447,-0.019723,0.166684
-0.014412,-0.018960,0.161785
-0.013275,-0.015299,0.155805
-0.011740,-0.010877,0.149495
-0.009991,-0.006218,0.143044
-0.008330,-0.001443,0.136506
-0.007057,0.003327,0.129931
-0.006473,0.007973,0.123372
-0.006881,0.012373,0.116880
-0.008581,0.016408,0.110508
-0.011875,0.019957,0.104306
-0.017064,0.022899,0.098328
-0.020117,0.024836,0.093041
-0.020653,0.025574,0.088124
-0.019203,0.024971,0.083057
-0.016296,0.022886,0.077320
-0.012463,0.019177,0.070393
-0.008235,0.013702,0.061757
-0.004143,0.006320,0.050890
-0.000716,-0.003112,0.037274
0.001515,-0.014735,0.020389
0.002759,-0.021369,0.005430
0.003315,-0.022473,-0.006855
0.003505,-0.019169,-0.016829
0.003649,-0.012578,-0.024855
0.004068,-0.003820,-0.031297
0.005084,0.005984,-0.036519
0.007017,0.015712,-0.040884
0.010188,0.024243,-0.044755
0.014918,0.030458,-0.048496
0.019307,0.034764,-0.051124
0.023000,0.037393,-0.052526
0.026028,0.038531,-0.052813
0.028425,0.038366,-0.052091
0.030220,0.037083,-0.050470
0.031446,0.034870,-0.048057
0.032135,0.031913,-0.044961
0.032319,0.028398,-0.041290
0.032028,0.024514,-0.037153
0.032149,0.020965,-0.032880
0.032740,0.017978,-0.028557
0.033657,0.015659,-0.024208
0.034752,0.014116,-0.019856
0.035881,0.013454,-0.015526
0.036897,0.013781,-0.011242
0.037654,0.015202,-0.007026
0.038006,0.017824,-0.002904
0.037807,0.021754,0.001101
0.036937,0.025332,0.005240
0.035479,0.028162,0.009428
0.033566,0.030162,0.013498
0.031330,0.031253,0.017281
0.028904,0.031354,0.020611
0.026421,0.030384,0.023318
0.024015,0.028263,0.025236
0.021817,0.024910,0.026197
0.019962,0.020245,0.026033
0.019360,0.017218,0.025801
0.019963,0.016056,0.025659
0.021480,0.016303,0.025536
0.023621,0.017502,0.025365
0.026097,0.019199,0.025076
0.028616,0.020937,0.024599
0.030890,0.022260,0.023867
0.032628,0.022714,0.022809
0.033539,0.021842,0.021358
0.034045,0.021074,0.020159
0.034187,0.020746,0.019304
0.033911,0.020916,0.018741
0.033163,0.021644,0.018421
0.031889,0.022991,0.018293
0.030036,0.025016,0.018306
0.027550,0.027778,0.018411
0.024376,0.031339,0.018557
0.020461,0.035756,0.018694
0.018607,0.039439,0.018668
0.018749,0.042269,0.018545
0.020109,0.044499,0.018451
0.021906,0.046384,0.018508
0.023362,0.048175,0.018839
0.023696,0.050125,0.019569
0.022130,0.052487,0.020821
0.017884,0.055514,0.022719
0.010178,0.059459,0.025385
0.004400,0.059816,0.024536
0.001309,0.056351,0.020072
0.000505,0.049899,0.012937
0.001591,0.041294,0.004076
0.004167,0.031371,-0.005564
0.007835,0.020964,-0.015040
0.012196,0.010908,-0.023406
0.016852,0.002038,-0.029717
0.021403,-0.004813,-0.033028
0.024385,-0.008232,-0.035322
0.025728,-0.008402,-0.037083
0.025714,-0.005906,-0.038421
0.024623,-0.001325,-0.039443
0.022737,0.004757,-0.040258
0.020337,0.011759,-0.040975
0.017703,0.019098,-0.041703
0.015117,0.026191,-0.042550
0.012859,0.032458,-0.043624
0.011219,0.037024,-0.044675
0.010201,0.039884,-0.045600
0.009741,0.041245,-0.046330
0.009774,0.041317,-0.046799
0.010234,0.040308,-0.046940
0.011056,0.038427,-0.046684
0.012176,0.035883,-0.045966
0.013527,0.032885,-0.044717
0.015045,0.029642,-0.042871
0.016299,0.026310,-0.040793
0.017250,0.022952,-0.038610
0.017959,0.019602,-0.036386
0.018487,0.016297,-0.034185
0.018894,0.013074,-0.032071
0.019243,0.009967,-0.030111
0.019592,0.007015,-0.028367
0.020004,0.004251,-0.026905
0.020538,0.001714,-0.025788
0.021510,0.001776,-0.025154
0.022827,0.004063,-0.024931
0.024297,0.007512,-0.024998
0.025727,0.011061,-0.025232
0.026924,0.013648,-0.025511
0.027695,0.014210,-0.025715
0.027848,0.011685,-0.025720
0.027189,0.005010,-0.025404
0.025526,-0.006877,-0.024647
0.022154,-0.017027,-0.024481
0.017327,-0.024092,-0.024715
0.011533,-0.028122,-0.024852
0.005263,-0.029168,-0.024395
-0.000991,-0.027279,-0.022846
-0.006740,-0.022506,-0.019707
-0.011494,-0.014900,-0.014482
-0.014761,-0.004511,-0.006672
-0.016052,0.008610,0.004218
-0.017836,0.021064,0.014788
-0.020452,0.032228,0.024310
-0.023711,0.042177,0.032729
-0.027419,0.050983,0.039990
-0.031387,0.058720,0.046037
-0.035422,0.065460,0.050813
-0.039332,0.071277,0.054265
-0.042927,0.076244,0.056335
-0.046015,0.080434,0.056968
-0.047917,0.081753,0.057514
-0.048681,0.079925,0.057857
-0.048538,0.075127,0.057515
-0.047717,0.067538,0.056006
-0.046447,0.057336,0.052847
-0.044960,0.044700,0.047557
-0.043485,0.029807,0.039652
-0.042252,0.012837,0.028651
-0.041491,-0.006034,0.014070
-0.039835,-0.021264,0.002487
-0.037061,-0.032181,-0.005230
-0.033232,-0.039327,-0.009635
-0.028410,-0.043244,-0.011285
-0.022655,-0.044475,-0.010735
-0.016032,-0.043562,-0.008541
-0.008602,-0.041048,-0.005258
-0.000427,-0.037475,-0.001442
0.008431,-0.033385,0.002351
0.015628,-0.032721,0.005201
0.020745,-0.035775,0.007198
0.023841,-0.041929,0.008684
0.024978,-0.050563,0.010001
0.024217,-0.061059,0.011491
0.021618,-0.072797,0.013495
0.017243,-0.085158,0.016357
0.011152,-0.097524,0.020417
0.003407,-0.109276,0.026019
-0.004909,-0.119527,0.031156
-0.013337,-0.127883,0.035496
-0.021577,-0.134071,0.039123
-0.029331,-0.137816,0.042121
-0.036296,-0.138845,0.044576
-0.042173,-0.136884,0.046572
-0.046663,-0.131662,0.048193
-0.049464,-0.122903,0.049525
-0.050277,-0.110334,0.050651
-0.050261,-0.096968,0.051771
-0.049799,-0.083859,0.052860
-0.049082,-0.071574,0.053840
-0.048299,-0.060681,0.054632
-0.047640,-0.051745,0.055156
-0.047294,-0.045333,0.055333
-0.047450,-0.042011,0.055085
-0.048300,-0.042347,0.054331
-0.050032,-0.046906,0.052994
-0.051500,-0.051331,0.051041
-0.052490,-0.054870,0.048548
-0.053022,-0.057674,0.045618
-0.053115,-0.059893,0.042353
-0.052788,-0.061678,0.038855
-0.052061,-0.063180,0.035227
-0.050952,-0.064550,0.031571
-0.049481,-0.065937,0.027990
-0.047668,-0.067493,0.024585
-0.046199,-0.064665,0.023273
-0.044969,-0.057536,0.024025
-0.043676,-0.047347,0.026323
-0.042015,-0.035339,0.029651
-0.039683,-0.022754,0.033492
-0.036377,-0.010833,0.037331
-0.031793,-0.000817,0.040650
-0.025628,0.006052,0.042934
-0.017578,0.008534,0.043665
-0.009069,0.005208,0.043114
-0.000348,-0.002986,0.041419
0.008634,-0.014521,0.038683
0.017925,-0.027867,0.035012
0.027572,-0.041496,0.030510
0.037626,-0.053879,0.025281
0.048132,-0.063489,0.019429
0.059141,-0.068795,0.013059
0.070700,-0.068270,0.006274
0.079020,-0.066278,-0.002287
0.083545,-0.063916,-0.012643
0.084531,-0.061465,-0.024474
0.082231,-0.059205,-0.037461
0.076899,-0.057416,-0.051286
0.068789,-0.056380,-0.065628
0.058154,-0.056376,-0.080170
0.045249,-0.057685,-0.094591
0.030328,-0.060587,-0.108573
0.014911,-0.065258,-0.120184
-0.000179,-0.071102,-0.129472
-0.014299,-0.077330,-0.136980
-0.026804,-0.083156,-0.143249
-0.037046,-0.087789,-0.148824
-0.044383,-0.090443,-0.154247
-0.048168,-0.090330,-0.160060
-0.047755,-0.086660,-0.166808
-0.042500,-0.078646,-0.175031
-0.034435,-0.067243,-0.184200
-0.024590,-0.053501,-0.193560
-0.013747,-0.038493,-0.202300
-0.002686,-0.023295,-0.209610
0.007811,-0.008978,-0.214678
0.016963,0.003382,-0.216693
0.023989,0.012712,-0.214846
0.028108,0.017938,-0.208326
0.028540,0.017986,-0.196321
0.030624,0.013424,-0.185654
0.034873,0.005253,-0.177102
0.040590,-0.005419,-0.169930
0.047078,-0.017483,-0.163406
0.053642,-0.029830,-0.156795
0.059585,-0.041351,-0.149362
0.064210,-0.050938,-0.140375
0.066822,-0.057482,-0.129099
0.066724,-0.059874,-0.114799
0.067405,-0.057680,-0.104081
0.069248,-0.051641,-0.097499
0.071863,-0.042791,-0.094095
0.074859,-0.032164,-0.092913
0.077845,-0.020795,-0.092996
0.080429,-0.009718,-0.093387
0.082221,0.000033,-0.093129
0.082830,0.007424,-0.091264
0.081864,0.011420,-0.086835
0.080844,0.014649,-0.079638
0.079842,0.017473,-0.069981
0.078563,0.019684,-0.058303
0.076716,0.021078,-0.045043
0.074008,0.021450,-0.030641
0.070146,0.020592,-0.015535
0.064837,0.018300,-0.000164
0.057789,0.014368,0.015032
0.048708,0.008591,0.029616
0.040173,0.003672,0.042572
0.032848,0.000154,0.053861
0.026922,-0.001959,0.063688
0.022581,-0.002664,0.072260
0.020014,-0.001957,0.079782
0.019409,0.000164,0.086459
0.020953,0.003703,0.092498
0.024834,0.008663,0.098102
0.031239,0.015048,0.103479
0.037809,0.019252,0.108281
0.043912,0.020929,0.112032
0.049349,0.020549,0.114220
0.053919,0.018579,0.114335
0.057423,0.015489,0.111866
0.059660,0.011747,0.106303
0.060432,0.007821,0.097134
0.059537,0.004181,0.083849
0.056776,0.001294,0.065937
0.054674,-0.001300,0.048956
0.053525,-0.003727,0.034236
0.053069,-0.006027,0.022047
0.053043,-0.008243,0.012659
0.053188,-0.010417,0.006343
0.053240,-0.012590,0.003370
0.052938,-0.014804,0.004010
0.052022,-0.017100,0.008535
0.050229,-0.019520,0.017215
0.047477,-0.018479,0.029795
0.043884,-0.014270,0.044941
0.039618,-0.008155,0.061046
0.034847,-0.001397,0.076506
0.029738,0.004742,0.089715
0.024460,0.008998,0.099068
0.019180,0.010109,0.102960
0.014067,0.006813,0.099786
0.009289,-0.002154,0.087940
0.005566,-0.013412,0.071935
0.002977,-0.025623,0.053418
0.001444,-0.037959,0.033317
0.000887,-0.049594,0.012563
0.001226,-0.059700,-0.007914
0.002381,-0.067449,-0.027185
0.004273,-0.072015,-0.044319
0.006821,-0.072569,-0.058388
0.009947,-0.068285,-0.068461
0.013306,-0.061636,-0.076912
0.016757,-0.053387,-0.083890
0.020210,-0.043876,-0.088987
0.023572,-0.033441,-0.091795
0.026753,-0.022421,-0.091907
0.029661,-0.011154,-0.088913
0.032206,0.000021,-0.082407
0.034296,0.010767,-0.071981
0.035840,0.020745,-0.057226
0.036870,0.027966,-0.046874
0.037412,0.032391,-0.041829
0.037490,0.034475,-0.041039
0.037128,0.034669,-0.043449
0.036350,0.033426,-0.048009
0.035181,0.031198,-0.053664
0.033645,0.028436,-0.059363
0.031767,0.025595,-0.064053
0.029570,0.023125,-0.066681
0.027678,0.021901,-0.068108
0.026211,0.021875,-0.068658
0.025165,0.022773,-0.068519
0.024535,0.024316,-0.067879
0.024316,0.026229,-0.066927
0.024503,0.028235,-0.065850
0.025092,0.030058,-0.064836
0.026077,0.031420,-0.064075
0.027453,0.032045,-0.063753
0.029023,0.032260,-0.063082
0.030672,0.032127,-0.062011
0.032307,0.031644,-0.060674
0.033836,0.030807,-0.059206
0.035165,0.029614,-0.057740
0.036202,0.028063,-0.056412
0.036854,0.026149,-0.055355
0.037028,0.023872,-0.054704
0.036630,0.021227,-0.054593
0.036095,0.018713,-0.053877
0.035535,0.016508,-0.052478
0.034984,0.014708,-0.050586
0.034476,0.013408,-0.048389
0.034043,0.012704,-0.046077
0.033721,0.012693,-0.043839
0.033542,0.013471,-0.041864
0.033541,0.015134,-0.040341
0.033751,0.017778,-0.039459
0.033818,0.019927,-0.038793
0.033718,0.021361,-0.038202
0.033511,0.022178,-0.037614
0.033253,0.022473,-0.036957
0.033003,0.022343,-0.036163
0.032818,0.021885,-0.035158
0.032758,0.021195,-0.033872
0.032880,0.020369,-0.032235
0.033243,0.019503,-0.030175
0.033349,0.018140,-0.027693
0.033170,0.016305,-0.024876
0.032796,0.014146,-0.021828
0.032317,0.011809,-0.018657
0.031823,0.009442,-0.015468
0.031404,0.007190,-0.012368
0.031149,0.005202,-0.009462
0.031147,0.003623,-0.006858
0.031490,0.002601,-0.004660
0.032120,0.002523,-0.003033
0.032964,0.003335,-0.001920
0.033944,0.004867,-0.001210
0.034982,0.006953,-0.000793
0.035998,0.009425,-0.000556
0.036916,0.012116,-0.000388
0.037657,0.014858,-0.000179
0.038143,0.017484,0.000183
0.038295,0.019826,0.000808
0.035087,0.020371,0.002784
0.028553,0.018835,0.005887
0.019491,0.015240,0.009565
0.008698,0.009610,0.013268
-0.003025,0.001967,0.016445
-0.014883,-0.007667,0.018546
-0.026075,-0.019267,0.019019
-0.035804,-0.032811,0.017313
-0.043272,-0.048278,0.012878
-0.049301,-0.063596,0.008388
-0.054167,-0.077935,0.004311
-0.058008,-0.090771,0.000562
-0.060961,-0.101583,-0.002942
-0.063166,-0.109846,-0.006288
-0.064761,-0.115039,-0.009559
-0.065883,-0.116639,-0.012839
-0.066671,-0.114124,-0.016214
-0.067264,-0.106970,-0.019767
-0.067360,-0.096536,-0.021874
-0.066965,-0.083769,-0.022462
-0.066160,-0.069509,-0.021844
-0.065028,-0.054599,-0.020335
-0.063650,-0.039880,-0.018248
-0.062108,-0.026194,-0.015899
-0.060485,-0.014383,-0.013601
-0.058862,-0.005288,-0.011668
-0.057322,0.000248,-0.010415
-0.055034,0.004724,-0.011079
-0.051963,0.008709,-0.013194
-0.048269,0.012290,-0.015864
-0.044114,0.015557,-0.018196
-0.039658,0.018596,-0.019297
-0.035065,0.021495,-0.018272
-0.030493,0.024342,-0.014228
-0.026106,0.027226,-0.006270
-0.022064,0.030234,0.006494
-0.021209,0.037048,0.023949
-0.023493,0.047371,0.044557
-0.028149,0.059908,0.066425
-0.034406,0.073365,0.087660
-0.041497,0.086449,0.106368
-0.048652,0.097866,0.120655
-0.055103,0.106323,0.128629
-0.060081,0.110524,0.128397
-0.062817,0.109177,0.118064
-0.066416,0.100669,0.103345
-0.070787,0.086322,0.086326
-0.075038,0.068190,0.068188
-0.078278,0.048328,0.050111
-0.079616,0.028790,0.033275
-0.078160,0.011631,0.018860
-0.073020,-0.001094,0.008048
-0.063304,-0.007331,0.002017
-0.048120,-0.005025,0.001948
-0.032640,0.000047,0.003279
-0.018283,0.006450,0.005055
-0.005534,0.013840,0.007222
0.005126,0.021869,0.009724
0.013214,0.030189,0.012509
0.018246,0.038456,0.015522
0.019739,0.046320,0.018708
0.017211,0.053437,0.022014
0.010178,0.059459,0.025385
0.004211,0.063326,0.026248
0.000238,0.064940,0.024273
-0.001972,0.064442,0.019694
-0.002649,0.061973,0.012744
-0.002026,0.057677,0.003655
-0.000332,0.051694,-0.007339
0.002201,0.044166,-0.020005
0.005342,0.035235,-0.034111
0.008859,0.025043,-0.049424
0.012193,0.015869,-0.062042
0.015249,0.008321,-0.071426
0.018051,0.002590,-0.077874
0.020621,-0.001135,-0.081684
0.022983,-0.002663,-0.083155
0.025160,-0.001804,-0.082586
0.027175,0.001632,-0.080276
0.029052,0.007835,-0.076523
0.030813,0.016996,-0.071625
0.032133,0.027829,-0.067460
0.032979,0.039289,-0.064356
0.033394,0.050390,-0.062254
0.033418,0.060146,-0.061097
0.033094,0.067570,-0.060827
0.032461,0.071676,-0.061384
0.031562,0.071479,-0.062711
0.030439,0.065991,-0.064749
0.029132,0.054227,-0.067441
0.027791,0.045901,-0.068680
0.026419,0.041978,-0.068271
0.024984,0.041235,-0.066493
0.023452,0.042450,-0.063627
0.021791,0.044402,-0.059953
0.019966,0.045867,-0.055752
0.017945,0.045624,-0.051305
0.015696,0.042450,-0.046890
0.013183,0.035123,-0.042790
0.010703,0.026733,-0.040726
0.008355,0.018107,-0.040636
0.006192,0.009501,-0.042009
0.004267,0.001175,-0.044335
0.002634,-0.006614,-0.047103
0.001345,-0.013605,-0.049803
0.000453,-0.019541,-0.051925
0.000011,-0.024164,-0.052958
0.000071,-0.027214,-0.052391
0.000645,-0.027461,-0.051276
0.001693,-0.025463,-0.049977
0.003166,-0.022222,-0.048686
0.005012,-0.018744,-0.047594
0.007182,-0.016033,-0.046894
0.009625,-0.015092,-0.046778
0.012291,-0.016925,-0.047439
0.015128,-0.022536,-0.049067
0.018087,-0.032931,-0.051857
0.019902,-0.041240,-0.052442
0.020496,-0.046314,-0.050377
0.020094,-0.048429,-0.045945
0.018918,-0.047864,-0.039430
0.017190,-0.044897,-0.031114
0.015135,-0.039805,-0.021282
0.012973,-0.032866,-0.010217
0.010930,-0.024358,0.001798
0.009226,-0.014558,0.014479
0.008379,-0.001851,0.025355
0.008473,0.013729,0.034005
0.009488,0.031733,0.040523
0.011403,0.051712,0.045002
0.014197,0.073219,0.047534
0.017849,0.095804,0.048212
0.022337,0.119020,0.047128
0.027641,0.142418,0.044376
0.033740,0.165550,0.040049
0.037369,0.183785,0.035851
0.038288,0.196533,0.032260
0.037013,0.204212,0.029452
0.034058,0.207242,0.027600
0.029939,0.206040,0.026876
0.025172,0.201027,0.027455
0.020271,0.192621,0.029511
0.015753,0.181241,0.033216
0.012131,0.167307,0.038745
0.008305,0.148113,0.042440
0.004356,0.124442,0.043728
0.000661,0.097943,0.042807
-0.002402,0.070266,0.039875
-0.004456,0.043064,0.035129
-0.005123,0.017985,0.028767
-0.004026,-0.003318,0.020986
-0.000787,-0.019195,0.011984
0.004971,-0.027997,0.001958
0.009823,-0.034562,-0.005619
0.013160,-0.039982,-0.010233
0.015080,-0.044409,-0.012106
0.015678,-0.047993,-0.011459
0.015052,-0.050887,-0.008517
0.013297,-0.053243,-0.003501
0.010511,-0.055213,0.003366
0.006789,-0.056948,0.011861
0.002228,-0.058601,0.021763
-0.001131,-0.061289,0.029395
-0.002905,-0.064918,0.034172
-0.003123,-0.069088,0.036283
-0.001815,-0.073398,0.035914
0.000987,-0.077451,0.033253
0.005254,-0.080845,0.028488
0.010956,-0.083181,0.021805
0.018063,-0.084060,0.013394
0.026543,-0.083082,0.003440
0.033314,-0.080382,-0.004618
0.037926,-0.076355,-0.010382
0.040584,-0.071465,-0.014210
0.041497,-0.066175,-0.016462
0.040872,-0.060947,-0.017497
0.038915,-0.056244,-0.017674
0.035835,-0.052528,-0.017354
0.031838,-0.050263,-0.016895
0.027131,-0.049912,-0.016658
0.021202,-0.045643,-0.014819
0.014354,-0.037240,-0.011513
0.007092,-0.025894,-0.007363
-0.000076,-0.012792,-0.002990
-0.006644,0.000876,0.000983
-0.012106,0.013921,0.003933
-0.015955,0.025155,0.005239
-0.017685,0.033388,0.004277
-0.016789,0.037433,0.000425
-0.014563,0.036621,-0.005140
-0.011594,0.031371,-0.011869
-0.008288,0.022374,-0.019367
-0.005052,0.010319,-0.027242
-0.002294,-0.004103,-0.035099
-0.000420,-0.020202,-0.042544
0.000162,-0.037288,-0.049184
-0.000954,-0.054671,-0.054624
-0.004177,-0.071660,-0.058472
-0.008060,-0.083780,-0.060718
-0.012204,-0.090703,-0.061581
-0.016471,-0.093142,-0.061339
-0.020724,-0.091805,-0.060266
-0.024825,-0.087406,-0.058640
-0.028636,-0.080655,-0.056736
-0.032020,-0.072262,-0.054832
-0.034839,-0.062940,-0.053202
-0.036956,-0.053398,-0.052125
-0.037504,-0.044230,-0.051011
-0.036291,-0.035699,-0.049503
-0.033296,-0.027987,-0.047299
-0.028495,-0.021275,-0.044097
-0.021866,-0.015746,-0.039595
-0.013386,-0.011582,-0.033492
-0.003032,-0.008963,-0.025485
0.009220,-0.008072,-0.015273
0.023390,-0.009090,-0.002554
0.035074,-0.011898,0.008518
0.043855,-0.015917,0.017330
0.050310,-0.020456,0.024158
0.055019,-0.024825,0.029278
0.058561,-0.028332,0.032964
0.061514,-0.030286,0.035491
0.064457,-0.029996,0.037135
0.067969,-0.026770,0.038171
0.072629,-0.019917,0.038873
0.074821,-0.011104,0.040366
0.074251,-0.001036,0.042773
0.071456,0.009820,0.045969
0.066973,0.020999,0.049829
0.061338,0.032034,0.054227
0.055088,0.042459,0.059037
0.048760,0.051807,0.064134
0.042890,0.059614,0.069392
0.038015,0.065411,0.074685
0.033735,0.069537,0.079208
0.029859,0.072368,0.082993
0.026250,0.074292,0.086279
0.022770,0.075695,0.089308
0.019281,0.076965,0.092322
0.015646,0.078489,0.095561
0.011727,0.080654,0.099267
0.007387,0.083847,0.103681
0.002488,0.088457,0.109043
0.000121,0.090295,0.112621
0.000429,0.089044,0.114213
0.002820,0.085355,0.114244
0.006697,0.079879,0.113144
0.011469,0.073265,0.111340
0.016539,0.066163,0.109259
0.021316,0.059225,0.107329
0.025203,0.053099,0.105979
0.027608,0.048438,0.105635
0.029007,0.044166,0.105202
0.029625,0.040106,0.104524
0.029622,0.036304,0.103680
0.029162,0.032806,0.102749
0.028404,0.029657,0.101810
0.027511,0.026904,0.100943
0.026643,0.024592,0.100225
0.025963,0.022768,0.099737
0.025631,0.021476,0.099557
0.025794,0.020760,0.099835
0.026416,0.020511,0.100492
0.027413,0.020585,0.101391
0.028704,0.020839,0.102397
0.030205,0.021128,0.103375
0.031835,0.021308,0.104186
0.033510,0.021235,0.104697
0.035149,0.020764,0.104770
0.036668,0.019752,0.104270
0.038290,0.018196,0.103766
0.039996,0.016218,0.103372
0.041709,0.013971,0.103089
0.043351,0.011607,0.102920
0.044844,0.009277,0.102864
0.046110,0.007135,0.102925
0.047072,0.005331,0.103103
0.047651,0.004020,0.103399
0.047771,0.003351,0.103815
0.047759,0.002719,0.103298
0.047665,0.001988,0.101832
0.047467,0.001142,0.099664
0.047142,0.000163,0.097040
0.046669,-0.000964,0.094207
0.046026,-0.002256,0.091409
0.045191,-0.003730,0.088894
0.044141,-0.005403,0.086907
0.042854,-0.007291,0.085694
0.041390,-0.008225,0.084291
0.039829,-0.008137,0.082590
0.038258,-0.007235,0.080700
0.036764,-0.005724,0.078730
0.035436,-0.003814,0.076789
0.034359,-0.001710,0.074985
0.033622,0.000381,0.073426
0.033311,0.002250,0.072221
0.033514,0.003692,0.071478
0.034779,0.005030,0.070927
0.036998,0.006328,0.070428
0.039898,0.007584,0.069873
0.043206,0.008797,0.069153
0.046650,0.009966,0.068161
0.049957,0.011088,0.066789
0.052854,0.012163,0.064929
0.055068,0.013189,0.062473
0.056326,0.014164,0.059314
0.058265,0.011547,0.052968
0.060964,0.005447,0.043256
0.064116,-0.003115,0.030578
0.067410,-0.013116,0.015330
0.070540,-0.023535,-0.002089
0.073196,-0.033349,-0.021280
0.075070,-0.041537,-0.041847
0.075854,-0.047077,-0.063390
0.075238,-0.048947,-0.085512
0.074122,-0.049679,-0.101283
0.072770,-0.049776,-0.110308
0.071289,-0.049236,-0.113826
0.069786,-0.048055,-0.113075
0.068368,-0.046230,-0.109295
0.067141,-0.043758,-0.103726
0.066214,-0.040635,-0.097605
0.065692,-0.036858,-0.092172
0.065683,-0.032425,-0.088666
0.064826,-0.026134,-0.085453
0.063000,-0.018462,-0.082164
0.060394,-0.010305,-0.078746
0.057196,-0.002559,-0.075144
0.053593,0.003881,-0.071305
0.049776,0.008118,-0.067175
0.045931,0.009258,-0.062702
0.042247,0.006404,-0.057830
0.038913,-0.001340,-0.052508
0.037949,-0.009576,-0.048398
0.039467,-0.017460,-0.045235
0.043099,-0.025035,-0.042273
0.048477,-0.032344,-0.038763
0.055235,-0.039431,-0.033959
0.063004,-0.046340,-0.027112
0.071418,-0.053114,-0.017476
0.080109,-0.059796,-0.004302
0.088711,-0.066430,0.013155
0.096658,-0.074026,0.036212
0.103673,-0.082004,0.063145
0.109548,-0.089385,0.091474
0.114076,-0.095192,0.118718
0.117048,-0.098447,0.142394
0.118257,-0.098173,0.160022
0.117496,-0.093390,0.169121
0.114557,-0.083122,0.167210
0.109233,-0.066390,0.151806
0.103378,-0.050686,0.132883
0.097341,-0.037384,0.113011
0.091089,-0.026328,0.092904
0.084593,-0.017360,0.073281
0.077821,-0.010325,0.054858
0.070744,-0.005067,0.038353
0.063329,-0.001430,0.024482
0.055548,0.000743,0.013962
0.047368,0.001608,0.007510
0.038774,0.004370,0.003237
0.030158,0.008921,0.000756
0.022018,0.014322,0.000056
0.014849,0.019637,0.001129
0.009147,0.023928,0.003964
0.005409,0.026258,0.008550
0.004130,0.025689,0.014878
0.005808,0.021284,0.022938
0.010937,0.012106,0.032719
0.017372,0.004460,0.041050
0.024394,-0.000950,0.047462
0.031644,-0.004825,0.052165
0.038760,-0.007862,0.055367
0.045381,-0.010762,0.057278
0.051147,-0.014223,0.058105
0.055698,-0.018944,0.058059
0.058672,-0.025625,0.057347
0.059708,-0.034964,0.056179
0.060057,-0.041798,0.054609
0.059961,-0.045558,0.052704
0.059410,-0.046822,0.050534
0.058395,-0.046171,0.048170
0.056905,-0.044184,0.045680
0.054933,-0.041439,0.043136
0.052467,-0.038517,0.040607
0.049498,-0.035996,0.038164
0.046018,-0.034456,0.035876
0.043025,-0.034461,0.033726
0.040679,-0.035752,0.031657
0.038933,-0.037863,0.029602
0.037737,-0.040328,0.027494
0.037042,-0.042680,0.025264
0.036799,-0.044454,0.022846
0.036960,-0.045183,0.020172
0.037476,-0.044400,0.017174
0.038297,-0.041641,0.013786
0.038820,-0.039930,0.010102
0.038964,-0.039498,0.006258
0.038776,-0.039873,0.002401
0.038308,-0.040586,-0.001322
0.037609,-0.041166,-0.004765
0.036727,-0.041144,-0.007780
0.035713,-0.040049,-0.010221
0.034616,-0.037410,-0.011942
0.033485,-0.032758,-0.012795
0.032336,-0.028523,-0.013627
0.031178,-0.025076,-0.014580
0.030018,-0.022278,-0.015617
0.028864,-0.019985,-0.016701
0.027724,-0.018058,-0.017794
0.026606,-0.016354,-0.018862
0.025518,-0.014732,-0.019867
0.024466,-0.013051,-0.020772
0.023459,-0.011169,-0.021541
0.023644,-0.013773,-0.022352
0.024945,-0.020489,-0.023218
0.026986,-0.029678,-0.024106
0.029387,-0.039702,-0.024987
0.031770,-0.048923,-0.025829
0.033755,-0.055701,-0.026602
0.034965,-0.058399,-0.027274
0.035021,-0.055377,-0.027815
0.033544,-0.044998,-0.028195
0.033858,-0.037040,-0.027563
0.036042,-0.032681,-0.025555
0.039365,-0.030952,-0.021928
0.043094,-0.030878,-0.016438
0.046497,-0.031491,-0.008844
0.048842,-0.031816,0.001099
0.049396,-0.030884,0.013634
0.047427,-0.027721,0.029003
0.042203,-0.021358,0.047449
0.036413,-0.013572,0.063852
0.030674,-0.005090,0.077490
0.025083,0.003626,0.088744
0.019739,0.012116,0.097993
0.014740,0.019916,0.105619
0.010184,0.026566,0.112001
0.006171,0.031602,0.117519
0.002797,0.034564,0.122553
0.000162,0.034989,0.127484
-0.002518,0.034783,0.130948
-0.005421,0.034470,0.132637
-0.008573,0.034232,0.132505
-0.011999,0.034251,0.130508
-0.015726,0.034708,0.126600
-0.019779,0.035783,0.120738
-0.024184,0.037658,0.112876
-0.028967,0.040514,0.102969
-0.034155,0.044533,0.090972
-0.037104,0.046083,0.080130
-0.037686,0.045251,0.070892
-0.036400,0.043047,0.063007
-0.033746,0.040487,0.056223
-0.030225,0.038582,0.050290
-0.026336,0.038346,0.044956
-0.022579,0.040792,0.039971
-0.019454,0.046932,0.035083
-0.017460,0.057781,0.030043
-0.015872,0.068497,0.026596
-0.014471,0.077717,0.024960
-0.013168,0.084946,0.024967
-0.011871,0.089689,0.026451
-0.010491,0.091453,0.029244
-0.008936,0.089742,0.033179
-0.007117,0.084063,0.038089
-0.004943,0.073919,0.043808
-0.002322,0.058817,0.050167
0.000007,0.044606,0.053755
0.002016,0.032350,0.054300
0.003857,0.021920,0.052317
0.005677,0.013187,0.048322
0.007628,0.006021,0.042829
0.009858,0.000292,0.036354
0.012518,-0.004129,0.029412
0.015756,-0.007371,0.022518
0.019723,-0.009564,0.016187
0.022320,-0.013301,0.011125
0.023265,-0.018490,0.007775
0.022727,-0.024370,0.006512
0.020877,-0.030179,0.007713
0.017887,-0.035156,0.011753
0.013926,-0.038539,0.019009
0.009165,-0.039566,0.029857
0.003775,-0.037477,0.044672
-0.002074,-0.031508,0.063831
-0.007693,-0.029817,0.082259
-0.012729,-0.033493,0.098781
-0.016910,-0.041857,0.113197
-0.019965,-0.054234,0.125304
-0.021624,-0.069944,0.134904
-0.021616,-0.088312,0.141796
-0.019670,-0.108660,0.145778
-0.015515,-0.130309,0.146650
-0.008880,-0.152584,0.144212
-0.003292,-0.170279,0.140037
0.000715,-0.182814,0.134521
0.003354,-0.190765,0.127762
0.004838,-0.194709,0.119863
0.005380,-0.195222,0.110924
0.005194,-0.192880,0.101044
0.004492,-0.188259,0.090323
0.003488,-0.181936,0.078864
0.002395,-0.174487,0.066765
0.000841,-0.168593,0.057425
-0.001096,-0.164145,0.051145
-0.003229,-0.160336,0.047453
-0.005370,-0.156359,0.045876
-0.007329,-0.151406,0.045943
-0.008920,-0.144670,0.047181
-0.009953,-0.135344,0.049118
-0.010241,-0.122620,0.051281
-0.009594,-0.105691,0.053199
-0.008932,-0.090106,0.055307
-0.008285,-0.076885,0.057549
-0.007463,-0.065915,0.059745
-0.006278,-0.057083,0.061715
-0.004538,-0.050277,0.063278
-0.002054,-0.045383,0.064256
0.001364,-0.042290,0.064466
0.005906,-0.040884,0.063731
0.011762,-0.041052,0.061868
0.017235,-0.041474,0.058365
0.022039,-0.041784,0.053382
0.026242,-0.041856,0.047252
0.029912,-0.041562,0.040303
0.033116,-0.040778,0.032869
0.035922,-0.039375,0.025278
0.038398,-0.037228,0.017862
0.040610,-0.034210,0.010953
0.042628,-0.030194,0.004880
0.044096,-0.025002,-0.000747
0.045016,-0.018859,-0.005923
0.045482,-0.012094,-0.010540
0.045586,-0.005038,-0.014494
0.045422,0.001982,-0.017680
0.045083,0.008637,-0.019991
0.044660,0.014597,-0.021323
0.044248,0.019533,-0.021570
0.043939,0.023116,-0.020625
0.043933,0.026332,-0.019476
0.044206,0.029340,-0.018330
0.044680,0.032095,-0.017199
0.045278,0.034552,-0.016097
0.045921,0.036666,-0.015035
0.046532,0.038391,-0.014026
0.047032,0.039683,-0.013083
0.047344,0.040497,-0.012219
0.047388,0.040787,-0.011447
0.046326,0.041479,-0.010538
0.044237,0.042787,-0.009562
0.041434,0.044743,-0.008662
0.038227,0.047378,-0.007981
0.034927,0.050727,-0.007664
0.031846,0.054821,-0.007854
0.029294,0.059694,-0.008693
0.027582,0.065378,-0.010327
0.027023,0.071906,-0.012897
0.027465,0.079455,-0.013394
0.028626,0.087189,-0.011678
0.030187,0.094015,-0.008323
0.031831,0.098842,-0.003908
0.033241,0.100578,0.000992
0.034098,0.098133,0.005800
0.034084,0.090413,0.009939
0.032883,0.076329,0.012834
0.030176,0.054787,0.013907
0.026900,0.032460,0.011508
0.023550,0.011519,0.005903
0.020509,-0.006990,-0.002164
0.018160,-0.022021,-0.011948
0.016889,-0.032527,-0.022703
0.017078,-0.037461,-0.033686
0.019112,-0.035779,-0.044152
0.023375,-0.026433,-0.053355
0.030249,-0.008377,-0.060551
0.034737,0.007907,-0.064161
0.036317,0.020652,-0.064436
0.035588,0.030272,-0.062083
0.033148,0.037178,-0.057809
0.029597,0.041785,-0.052322
0.025533,0.044503,-0.046328
0.021555,0.045747,-0.040536
0.018261,0.045929,-0.035652
0.016250,0.045461,-0.032384
0.015692,0.042513,-0.031937
0.016047,0.037359,-0.033912
0.016598,0.030804,-0.037508
0.016630,0.023652,-0.041925
0.015423,0.016705,-0.046362
0.012263,0.010769,-0.050019
0.006432,0.006645,-0.052095
-0.002788,0.005138,-0.051790
-0.016112,0.007052,-0.048303
-0.028601,0.004768,-0.045224
-0.039296,-0.002233,-0.043009
-0.048232,-0.012695,-0.041330
-0.055443,-0.025363,-0.039858
-0.060963,-0.038980,-0.038265
-0.064829,-0.052292,-0.036224
-0.067074,-0.064042,-0.033405
-0.067733,-0.072976,-0.029481
-0.066841,-0.077836,-0.024123
-0.065011,-0.080970,-0.017054
-0.062414,-0.082800,-0.008364
-0.059110,-0.083270,0.001767
-0.055160,-0.082322,0.013159
-0.050622,-0.079898,0.025629
-0.045558,-0.075942,0.038999
-0.040028,-0.070396,0.053087
-0.034091,-0.063202,0.067712
-0.027808,-0.054304,0.082694
-0.022740,-0.046625,0.094464
-0.018893,-0.040779,0.102727
-0.015888,-0.036801,0.108005
-0.013345,-0.034728,0.110821
-0.010883,-0.034597,0.111697
-0.008122,-0.036444,0.111157
-0.004681,-0.040305,0.109724
-0.000180,-0.046217,0.107919
0.005761,-0.054216,0.106266
0.009565,-0.059136,0.096728
0.011110,-0.060709,0.079823
0.011138,-0.059886,0.058208
0.010390,-0.057621,0.034541
0.009607,-0.054868,0.011479
0.009531,-0.052579,-0.008321
0.010902,-0.051708,-0.022200
0.014463,-0.053207,-0.027502
0.020954,-0.058032,-0.021569
0.028735,-0.060826,-0.010066
0.037329,-0.061012,0.004711
0.046547,-0.059206,0.021307
0.056200,-0.056025,0.038266
0.066102,-0.052086,0.054135
0.076063,-0.048004,0.067459
0.085897,-0.044396,0.076783
0.095414,-0.041878,0.080652
0.104427,-0.041067,0.077611
0.111431,-0.036845,0.069477
0.116384,-0.029240,0.057826
0.119607,-0.019566,0.044171
0.121426,-0.009139,0.030029
0.122163,0.000727,0.016913
0.122141,0.008716,0.006338
0.121685,0.013513,-0.000179
0.121116,0.013804,-0.001126
0.120759,0.008274,0.005013
0.120883,0.002383,0.012514
0.121232,-0.002819,0.019925
0.121425,-0.007384,0.026862
0.121076,-0.011368,0.032940
0.119801,-0.014823,0.037775
0.117216,-0.017803,0.040984
0.112938,-0.020361,0.042181
0.106582,-0.022551,0.040983
0.097764,-0.024426,0.037006
0.088615,-0.024685,0.033520
0.079747,-0.023525,0.030955
0.071399,-0.021521,0.029027
0.063807,-0.019246,0.027454
0.057206,-0.017274,0.025952
0.051833,-0.016177,0.024239
0.047925,-0.016531,0.022032
0.045718,-0.018908,0.019047
0.045448,-0.023881,0.015003
0.045888,-0.028562,0.011678
0.046707,-0.032213,0.009190
0.047794,-0.034638,0.007237
0.049040,-0.035638,0.005520
0.050336,-0.035016,0.003738
0.051572,-0.032575,0.001591
0.052639,-0.028118,-0.001220
0.053428,-0.021445,-0.004996
0.053828,-0.012361,-0.010037
0.055708,-0.006099,-0.013967
0.059220,-0.003544,-0.016660
0.064089,-0.004494,-0.018552
0.070040,-0.008745,-0.020082
0.076796,-0.016095,-0.021685
0.084082,-0.026341,-0.023800
0.091622,-0.039279,-0.026862
0.099142,-0.054708,-0.031309
0.106365,-0.072424,-0.037577
0.110127,-0.083646,-0.043998
0.110045,-0.088024,-0.050344
0.106433,-0.087315,-0.056750
0.099603,-0.083278,-0.063350
0.089868,-0.077670,-0.070278
0.077541,-0.072249,-0.077669
0.062935,-0.068772,-0.085658
0.046363,-0.068999,-0.094377
0.028139,-0.074686,-0.103963
0.013381,-0.082891,-0.111688
0.002628,-0.092242,-0.117013
-0.004731,-0.101757,-0.119944
-0.009306,-0.110453,-0.120489
-0.011705,-0.117350,-0.118655
-0.012539,-0.121466,-0.114447
-0.012418,-0.121819,-0.107872
-0.011951,-0.117428,-0.098938
-0.011748,-0.107311,-0.087651
-0.013227,-0.094716,-0.077319
-0.016247,-0.080524,-0.068614
-0.020279,-0.065031,-0.061551
-0.024791,-0.048529,-0.056143
-0.029253,-0.031310,-0.052405
-0.033136,-0.013668,-0.050350
-0.035909,0.004103,-0.049994
-0.037043,0.021712,-0.051348
-0.036006,0.038865,-0.054428
-0.034394,0.052792,-0.057878
-0.032583,0.063420,-0.061343
-0.030640,0.071350,-0.064722
-0.028636,0.077183,-0.067914
-0.026639,0.081518,-0.070816
-0.024718,0.084958,-0.073327
-0.022943,0.088102,-0.075345
-0.021382,0.091551,-0.076767
-0.020104,0.095907,-0.077492
-0.018163,0.096407,-0.078365
-0.015606,0.092928,-0.079239
-0.012728,0.086502,-0.079723
-0.009826,0.078165,-0.079423
-0.007193,0.068950,-0.077948
-0.005127,0.059892,-0.074903
-0.003923,0.052023,-0.069896
-0.003876,0.046380,-0.062536
-0.005283,0.043996,-0.052428
-0.006631,0.040592,-0.040779
-0.007765,0.035473,-0.028100
-0.008871,0.028835,-0.014729
-0.010133,0.020876,-0.001004
-0.011734,0.011793,0.012737
-0.013859,0.001784,0.026156
-0.016693,-0.008954,0.038915
-0.020420,-0.020224,0.050676
-0.025224,-0.031828,0.061102
-0.029312,-0.046100,0.068739
-0.032525,-0.062510,0.073597
-0.035114,-0.079818,0.076047
-0.037328,-0.096781,0.076462
-0.039418,-0.112156,0.075213
-0.041634,-0.124701,0.072673
-0.044224,-0.133173,0.069215
-0.047440,-0.136331,0.065210
-0.051532,-0.132931,0.061030
-0.055353,-0.128436,0.056930
-0.058656,-0.123772,0.052959
-0.061419,-0.118731,0.049115
-0.063617,-0.113105,0.045396
-0.065228,-0.106686,0.041802
-0.066228,-0.099264,0.038331
-0.066595,-0.090633,0.034982
-0.066305,-0.080584,0.031752
-0.065334,-0.068908,0.028641
-0.065033,-0.060182,0.028781
-0.065543,-0.054675,0.031820
-0.066709,-0.051584,0.036537
-0.068372,-0.050100,0.041709
-0.070374,-0.049419,0.046112
-0.072560,-0.048735,0.048526
-0.074770,-0.047243,0.047727
-0.076849,-0.044135,0.042493
-0.078637,-0.038606,0.031602
-0.078467,-0.035127,0.020558
-0.076390,-0.033980,0.010556
-0.072886,-0.034405,0.001715
-0.068436,-0.035638,-0.005847
-0.063522,-0.036919,-0.012013
-0.058624,-0.037484,-0.016665
-0.054223,-0.036571,-0.019685
-0.050800,-0.033420,-0.020955
-0.048836,-0.027266,-0.020357
-0.047575,-0.021584,-0.018527
-0.046576,-0.016850,-0.015454
-0.045476,-0.012789,-0.010968
-0.043912,-0.009130,-0.004897
-0.041522,-0.005599,0.002931
-0.037944,-0.001923,0.012687
-0.032813,0.002172,0.024544
-0.025769,0.006958,0.038672
-0.016448,0.012708,0.055244
-0.009135,0.018559,0.070508
-0.004302,0.024277,0.083691
-0.001468,0.029790,0.094761
-0.000153,0.035024,0.103689
0.000124,0.039905,0.110444
-0.000157,0.044359,0.114995
-0.000515,0.048313,0.117313
-0.000469,0.051692,0.117366
0.000462,0.054424,0.115124
0.001043,0.056447,0.107987
0.001121,0.057875,0.096615
0.000814,0.058867,0.082480
0.000238,0.059581,0.067056
-0.000490,0.060175,0.051814
-0.001254,0.060809,0.038229
-0.001936,0.061639,0.027773
-0.002419,0.062824,0.021920
-0.002588,0.064523,0.022142
-0.002226,0.066202,0.021939
-0.001266,0.067720,0.019976
0.000325,0.069032,0.016212
0.002578,0.070094,0.010602
0.005526,0.070861,0.003106
0.009200,0.071289,-0.006321
0.013633,0.071333,-0.017721
0.018856,0.070948,-0.031135
0.024901,0.070091,-0.046608
0.032893,0.062516,-0.058372
0.042489,0.049058,-0.065482
0.052982,0.032323,-0.068196
0.063666,0.014918,-0.066777
0.073831,-0.000551,-0.061482
0.082772,-0.011478,-0.052572
0.089779,-0.015256,-0.040307
0.094147,-0.009279,-0.024946
0.095166,0.009059,-0.006750
0.094124,0.028702,0.010504
0.091623,0.047065,0.026001
0.088101,0.063678,0.039673
0.083992,0.078074,0.051446
0.079732,0.089784,0.061252
0.075756,0.098339,0.069019
0.072499,0.103270,0.074676
0.070397,0.104110,0.078152
0.069886,0.100390,0.079376
0.071491,0.095228,0.079100
0.074775,0.089494,0.077750
0.079054,0.083496,0.075669
0.083648,0.077544,0.073203
0.087875,0.071945,0.070696
0.091053,0.067007,0.068493
0.092501,0.063039,0.066938
0.091537,0.060349,0.066376
0.087480,0.059246,0.067151
0.083783,0.057704,0.069105
0.080902,0.055447,0.071749
0.078545,0.052637,0.074512
0.076420,0.049433,0.076822
0.074232,0.045997,0.078107
0.071690,0.042488,0.077796
0.068501,0.039068,0.075316
0.064371,0.035896,0.070098
0.059009,0.033135,0.061569
0.054530,0.032562,0.052604
0.051207,0.034062,0.043960
0.048851,0.037047,0.035861
0.047274,0.040927,0.028532
0.046288,0.045114,0.022199
0.045704,0.049018,0.017085
0.045333,0.052052,0.013417
0.044987,0.053626,0.011420
0.044478,0.053151,0.011317
0.042325,0.054097,0.014432
0.038577,0.056588,0.019982
0.033662,0.059915,0.026658
0.028008,0.063368,0.033152
0.022047,0.066237,0.038155
0.016205,0.067812,0.040358
0.010913,0.067382,0.038453
0.006600,0.064238,0.031131
0.003695,0.057669,0.017084
0.001750,0.046382,0.002312
0.000902,0.031257,-0.011394
0.001430,0.013720,-0.023298
0.003616,-0.004805,-0.032662
0.007740,-0.022892,-0.038748
0.014085,-0.039116,-0.040820
0.022929,-0.052051,-0.038140
0.034555,-0.060274,-0.029971
0.049243,-0.062359,-0.015576
0.060314,-0.064147,-0.000965
0.066527,-0.066480,0.012742
0.068007,-0.068948,0.025649
0.064875,-0.071141,0.037858
0.057254,-0.072650,0.049474
0.045265,-0.073065,0.060600
0.029030,-0.071977,0.071339
0.008673,-0.068975,0.081796
-0.015685,-0.063650,0.092073
-0.038043,-0.057072,0.102284
-0.057236,-0.050098,0.112175
-0.073306,-0.043535,0.121397
-0.086293,-0.038189,0.129604
-0.096241,-0.034866,0.136447
-0.103190,-0.034372,0.141581
-0.107184,-0.037513,0.144657
-0.108263,-0.045095,0.145327
-0.106470,-0.057924,0.143246
-0.101890,-0.071753,0.139566
-0.095116,-0.085177,0.134810
-0.086871,-0.097504,0.129343
-0.077878,-0.108042,0.123529
-0.068860,-0.116097,0.117732
-0.060538,-0.120976,0.112316
-0.053635,-0.121988,0.107648
-0.048875,-0.118439,0.104089
-0.046978,-0.109636,0.102006
-0.046566,-0.100818,0.100803
-0.047054,-0.093128,0.100018
-0.048056,-0.086688,0.099225
-0.049184,-0.081619,0.097996
-0.050054,-0.078042,0.095903
-0.050278,-0.076078,0.092520
-0.049470,-0.075847,0.087418
-0.047245,-0.077472,0.080171
-0.043216,-0.081072,0.070352
-0.039230,-0.081362,0.063331
-0.035626,-0.078042,0.059567
-0.032361,-0.072057,0.058291
-0.029396,-0.064356,0.058733
-0.026690,-0.055884,0.060122
-0.024202,-0.047587,0.061690
-0.021891,-0.040413,0.062666
-0.019717,-0.035308,0.062280
-0.017640,-0.033219,0.059762
-0.015844,-0.034682,0.056140
-0.014279,-0.038722,0.051929
-0.012831,-0.043990,0.047518
-0.011387,-0.049133,0.043295
-0.009836,-0.052802,0.039648
-0.008064,-0.053644,0.036967
-0.005959,-0.050310,0.035639
-0.003408,-0.041448,0.036053
-0.000300,-0.025707,0.038598
0.002165,-0.011303,0.040374
0.003812,0.000329,0.040884
0.004728,0.009449,0.040226
0.004996,0.016315,0.038501
0.004702,0.021186,0.035808
0.003931,0.024322,0.032248
0.002768,0.025983,0.027919
0.001296,0.026426,0.022923
-0.000398,0.025912,0.017359
-0.002212,0.025985,0.012977
-0.004004,0.026513,0.009792
-0.005621,0.026944,0.007386
-0.006911,0.026726,0.005339
-0.007720,0.025307,0.003233
-0.007895,0.022135,0.000648
-0.007285,0.016659,-0.002834
-0.005735,0.008325,-0.007634
-0.003094,-0.003416,-0.014168
0.000114,-0.014465,-0.019925
0.003673,-0.023991,-0.024492
0.007445,-0.031982,-0.027985
0.011289,-0.038427,-0.030517
0.015068,-0.043313,-0.032203
0.018643,-0.046630,-0.033158
0.021874,-0.048364,-0.033496
0.024623,-0.048505,-0.033332
0.026751,-0.047040,-0.032780
0.027102,-0.043923,-0.030220
0.025863,-0.039286,-0.025911
0.023562,-0.033309,-0.020586
0.020723,-0.026171,-0.014976
0.017873,-0.018052,-0.009813
0.015538,-0.009131,-0.005828
0.014244,0.000413,-0.003752
0.014515,0.010400,-0.004318
0.016879,0.020651,-0.008257
0.019239,0.025047,-0.014422
0.021260,0.023656,-0.021819
0.023049,0.018094,-0.029496
0.024712,0.009975,-0.036499
0.026355,0.000916,-0.041874
0.028084,-0.007467,-0.044667
0.030006,-0.013560,-0.043926
0.032227,-0.015747,-0.038696
0.034853,-0.012412,-0.028024
0.039410,-0.006319,-0.015859
0.045938,0.001191,-0.003720
0.054101,0.009134,0.007483
0.063567,0.016528,0.016841
0.074000,0.022388,0.023444
0.085068,0.025732,0.026382
0.096437,0.025575,0.024745
0.107772,0.020933,0.017623
0.118739,0.010824,0.004107
0.128616,0.002938,-0.011497
0.137137,-0.001731,-0.027480
0.144151,-0.003863,-0.042785
0.149508,-0.004139,-0.056355
0.153057,-0.003238,-0.067131
0.154647,-0.001841,-0.074056
0.154129,-0.000628,-0.076072
0.151351,-0.000279,-0.072121
0.146163,-0.001474,-0.061145
0.141863,0.000589,-0.051138
0.138954,0.006071,-0.043005
0.137243,0.013974,-0.035881
0.136535,0.023296,-0.028900
0.136636,0.033039,-0.021196
0.137352,0.042204,-0.011903
0.138488,0.049790,-0.000155
0.139850,0.054798,0.014915
0.141244,0.056228,0.034171
0.143189,0.055231,0.051357
0.145439,0.052323,0.065601
0.147558,0.047867,0.077377
0.149109,0.042222,0.087159
0.149654,0.035750,0.095421
0.148758,0.028811,0.102636
0.145983,0.021766,0.109280
0.140892,0.014975,0.115825
0.133049,0.008799,0.122747
0.127544,0.004618,0.127247
0.124960,0.002447,0.128892
0.124751,0.001961,0.127838
0.126375,0.002833,0.124242
0.129286,0.004739,0.118260
0.132941,0.007353,0.110049
0.136794,0.010350,0.099765
0.140302,0.013403,0.087566
0.142920,0.016187,0.073608
0.144727,0.017014,0.055884
0.145773,0.016104,0.035452
0.146103,0.014154,0.014131
0.145759,0.011861,-0.006257
0.144786,0.009922,-0.023891
0.143228,0.009034,-0.036950
0.141128,0.009895,-0.043612
0.138529,0.013201,-0.042056
0.135477,0.019650,-0.030462
0.133623,0.023686,-0.015810
0.132826,0.024792,0.000080
0.132492,0.023707,0.016680
0.132028,0.021172,0.033461
0.130843,0.017928,0.049893
0.128343,0.014715,0.065447
0.123935,0.012273,0.079594
0.117028,0.011344,0.091806
0.107028,0.012668,0.101553
0.097404,0.014623,0.107551
0.088875,0.016764,0.109991
0.081473,0.018935,0.109432
0.075228,0.020985,0.106435
0.070172,0.022759,0.101559
0.066336,0.024104,0.095362
0.063751,0.024866,0.088406
0.062448,0.024892,0.081248
0.062459,0.024029,0.074450
0.061475,0.021381,0.067263
0.059345,0.017338,0.059488
0.056456,0.012609,0.051065
0.053198,0.007903,0.041932
0.049956,0.003929,0.032025
0.047121,0.001397,0.021285
0.045079,0.001016,0.009649
0.044218,0.003495,-0.002945
0.044927,0.009545,-0.016557
0.045695,0.015274,-0.028645
0.046190,0.019743,-0.038701
0.046376,0.022747,-0.046728
0.046214,0.024085,-0.052732
0.045670,0.023553,-0.056714
0.044704,0.020948,-0.058679
0.043281,0.016066,-0.058631
0.041363,0.008704,-0.056573
0.038913,-0.001340,-0.052508
0.036859,-0.010409,-0.048797
0.035290,-0.017745,-0.045656
0.034089,-0.023314,-0.042763
0.033136,-0.027082,-0.039795
0.032314,-0.029015,-0.036430
0.031503,-0.029081,-0.032348
0.030585,-0.027245,-0.027225
0.029441,-0.023474,-0.020740
0.027953,-0.017733,-0.012572
0.026913,-0.009968,-0.005505
0.026202,-0.000723,0.000031
0.025474,0.009302,0.004200
0.024384,0.019411,0.007162
0.022585,0.028905,0.009081
0.019731,0.037087,0.010117
0.015476,0.043258,0.010432
0.009475,0.046722,0.010188
0.001381,0.046780,0.009548
-0.004990,0.045236,0.008204
-0.009101,0.042707,0.006412
-0.011235,0.039515,0.004567
-0.011677,0.035980,0.003065
-0.010709,0.032421,0.002301
-0.008614,0.029161,0.002669
-0.005676,0.026519,0.004566
-0.002179,0.024815,0.008386
0.001596,0.024371,0.014525
0.004948,0.022434,0.022594
0.007561,0.018865,0.032069
0.009216,0.014178,0.042394
0.009693,0.008884,0.053014
0.008771,0.003498,0.063371
0.006231,-0.001468,0.072910
0.001852,-0.005499,0.081074
-0.004585,-0.008084,0.087306
-0.013301,-0.008708,0.091051
-0.021286,-0.009797,0.092966
-0.028013,-0.011698,0.093152
-0.033577,-0.014237,0.091572
-0.038072,-0.017241,0.088189
-0.041594,-0.020535,0.082964
-0.044236,-0.023947,0.075861
-0.046094,-0.027302,0.066842
-0.047262,-0.030427,0.055868
-0.047835,-0.033148,0.042904
-0.047332,-0.032488,0.030464
-0.045901,-0.028579,0.019091
-0.043847,-0.022334,0.008837
-0.041474,-0.014664,-0.000250
-0.039087,-0.006480,-0.008118
-0.036991,0.001308,-0.014718
-0.035490,0.007787,-0.019999
-0.034889,0.012047,-0.023911
-0.035493,0.013175,-0.026404
-0.034718,0.012466,-0.027814
-0.032296,0.010305,-0.028416
-0.028540,0.006852,-0.028470
-0.023761,0.002265,-0.028233
-0.018272,-0.003297,-0.027964
-0.012385,-0.009674,-0.027922
-0.006411,-0.016707,-0.028366
-0.000663,-0.024236,-0.029554
0.004548,-0.032103,-0.031745
0.008505,-0.036718,-0.032028
0.011187,-0.038022,-0.030454
0.012745,-0.036842,-0.027815
0.013333,-0.034004,-0.024904
0.013101,-0.030334,-0.022512
0.012202,-0.026659,-0.021434
0.010789,-0.023803,-0.022460
0.009012,-0.022595,-0.026384
0.007024,-0.023858,-0.033998
0.005045,-0.025042,-0.042209
0.003098,-0.025691,-0.050152
0.001158,-0.025872,-0.057516
-0.000802,-0.025653,-0.063992
-0.002807,-0.025104,-0.069269
-0.004883,-0.024291,-0.073037
-0.007057,-0.023284,-0.074988
-0.009353,-0.022150,-0.074810
-0.011798,-0.020957,-0.072193
-0.013960,-0.020453,-0.069067
-0.015803,-0.020612,-0.065875
-0.017390,-0.021218,-0.062692
-0.018785,-0.022053,-0.059592
-0.020051,-0.022899,-0.056646
-0.021252,-0.023540,-0.053931
-0.022451,-0.023758,-0.051518
-0.023711,-0.023336,-0.049481
-0.025097,-0.022055,-0.047895
-0.026992,-0.023377,-0.046262
-0.029522,-0.027421,-0.044262
-0.032746,-0.033471,-0.041620
-0.036722,-0.040812,-0.038064
-0.041509,-0.048729,-0.033316
-0.047166,-0.056507,-0.027103
-0.053753,-0.063429,-0.019150
-0.061327,-0.068781,-0.009183
-0.069949,-0.071848,0.003074
-0.075551,-0.071126,0.013805
-0.077874,-0.066991,0.022123
-0.077613,-0.060284,0.027872
-0.075459,-0.051848,0.030897
-0.072108,-0.042526,0.031043
-0.068251,-0.033160,0.028154
-0.064582,-0.024593,0.022075
-0.061795,-0.017667,0.012650
-0.060583,-0.013225,-0.000276
-0.057968,-0.007855,-0.013516
-0.053699,-0.001219,-0.026182
-0.048203,0.006248,-0.037960
-0.041911,0.014114,-0.048536
-0.035250,0.021947,-0.057595
-0.028651,0.029314,-0.064824
-0.022541,0.035782,-0.069909
-0.017351,0.040919,-0.072535
-0.013509,0.044291,-0.072388
-0.011197,0.047051,-0.071215
-0.010259,0.049166,-0.069481
-0.010452,0.050304,-0.067336
-0.011531,0.050138,-0.064928
-0.013256,0.048335,-0.062405
-0.015383,0.044567,-0.059917
-0.017669,0.038504,-0.057610
-0.019871,0.029815,-0.055634
-0.021747,0.018171,-0.054137
-0.022626,0.005991,-0.051492
-0.022466,-0.005638,-0.047717
-0.021377,-0.015962,-0.043236
-0.019471,-0.024231,-0.038478
-0.016860,-0.029690,-0.033867
-0.013655,-0.031587,-0.029831
-0.009969,-0.029170,-0.026795
-0.005914,-0.021685,-0.025188
-0.001600,-0.008380,-0.025434
0.001869,0.004397,-0.027095
0.004441,0.015214,-0.029652
0.006324,0.023863,-0.032565
0.007728,0.030141,-0.035294
0.008860,0.033842,-0.037299
0.009930,0.034760,-0.038041
0.011147,0.032691,-0.036980
0.012719,0.027428,-0.033576
0.014856,0.018767,-0.027290
0.018009,0.010713,-0.021987
0.021805,0.004241,-0.017771
0.025662,-0.000435,-0.013806
0.028997,-0.003096,-0.009255
0.031231,-0.003528,-0.003283
0.031780,-0.001515,0.004946
0.030064,0.003160,0.016269
0.025501,0.010712,0.031522
0.017510,0.021358,0.051541
0.008696,0.032401,0.067061
-0.000465,0.042966,0.076693
-0.010031,0.052632,0.081019
-0.020060,0.060976,0.080621
-0.030609,0.067577,0.076080
-0.041735,0.072014,0.067979
-0.053497,0.073865,0.056899
-0.065952,0.072709,0.043421
-0.079157,0.068125,0.028128
-0.092045,0.059948,0.014226
-0.104467,0.049195,0.002674
-0.116507,0.037180,-0.006134
-0.128249,0.025217,-0.011802
-0.139774,0.014618,-0.013935
-0.151168,0.006698,-0.012137
-0.162513,0.002769,-0.006015
-0.173891,0.004145,0.004828
-0.185388,0.012140,0.020787
-0.195030,0.021315,0.040056
-0.202388,0.030447,0.061609
-0.207416,0.039366,0.084616
-0.210066,0.047901,0.108244
-0.210294,0.055882,0.131663
-0.208052,0.063138,0.154041
-0.203295,0.069499,0.174548
-0.195975,0.074794,0.192351
-0.186048,0.078852,0.206621
-0.175269,0.078646,0.217558
-0.164247,0.074242,0.225500
-0.153303,0.066484,0.230816
-0.142759,0.056215,0.233877
-0.132935,0.044277,0.235051
-0.124155,0.031514,0.234710
-0.116739,0.018768,0.233222
-0.111009,0.006881,0.230958
-0.107287,-0.003302,0.228288
-0.105758,-0.009516,0.226695
-0.106198,-0.011987,0.226082
-0.108281,-0.011566,0.225959
-0.111683,-0.009103,0.225834
-0.116075,-0.005448,0.225217
-0.121133,-0.001453,0.223616
-0.126531,0.002033,0.220541
-0.131942,0.004159,0.215500
-0.137041,0.004076,0.208002
-0.140589,0.004686,0.202785
-0.142568,0.006136,0.200057
-0.143265,0.007881,0.198892
-0.142968,0.009374,0.198366
-0.141963,0.010072,0.197556
-0.140537,0.009430,0.195535
-0.138979,0.006901,0.191380
-0.137574,0.001941,0.184167
-0.136611,-0.005994,0.172971
-0.135961,-0.010908,0.162648
-0.135679,-0.012334,0.153933
-0.135868,-0.011192,0.146527
-0.136626,-0.008398,0.140135
-0.138056,-0.004872,0.134459
-0.140258,-0.001530,0.129200
-0.143332,0.000707,0.124063
-0.147380,0.000923,0.118749
-0.152503,-0.001800,0.112962
-0.155791,-0.005887,0.109230
-0.157001,-0.010518,0.107636
-0.156556,-0.015061,0.107654
-0.154878,-0.018888,0.108756
-0.152392,-0.021367,0.110415
-0.149519,-0.021868,0.112104
-0.146684,-0.019760,0.113296
-0.144308,-0.014414,0.113463
-0.142816,-0.005198,0.112079
-0.143260,0.004954,0.110894
-0.145248,0.015202,0.109811
-0.148028,0.025227,0.108269
-0.150846,0.034712,0.105709
-0.152949,0.043338,0.101570
-0.153584,0.050788,0.095293
-0.151999,0.056744,0.086316
-0.147439,0.060887,0.074081
-0.139153,0.062899,0.058026
-0.130519,0.065239,0.043850
-0.122179,0.068143,0.032589
-0.114091,0.071290,0.024119
-0.106212,0.074364,0.018311
-0.098501,0.077043,0.015039
-0.090913,0.079009,0.014176
-0.083408,0.079944,0.015596
-0.075942,0.079527,0.019171
-0.068474,0.077440,0.024776
-0.060583,0.074029,0.028262
-0.052488,0.069559,0.029440
-0.044566,0.064272,0.029114
-0.037192,0.058412,0.028085
-0.030744,0.052223,0.027153
-0.025598,0.045947,0.027123
-0.022130,0.039827,0.028794
-0.020718,0.034108,0.032970
-0.021737,0.029032,0.040452
-0.022178,0.026246,0.045697
-0.021683,0.025155,0.048005
-0.020556,0.024608,0.047884
-0.019103,0.023451,0.045845
-0.017627,0.020529,0.042395
-0.016433,0.014691,0.038045
-0.015826,0.004781,0.033302
-0.016112,-0.010352,0.028677
-0.017593,-0.031863,0.024678
-0.018990,-0.054479,0.022764
-0.020172,-0.076520,0.023112
-0.021293,-0.097201,0.025577
-0.022511,-0.115738,0.030016
-0.023983,-0.131348,0.036284
-0.025863,-0.143246,0.044237
-0.028309,-0.150649,0.053731
-0.031476,-0.152772,0.064622
-0.035522,-0.148832,0.076764
-0.039678,-0.142580,0.086028
-0.043728,-0.134892,0.091829
-0.047594,-0.125925,0.094473
-0.051197,-0.115838,0.094263
-0.054458,-0.104789,0.091504
-0.057301,-0.092936,0.086501
-0.059646,-0.080437,0.079557
-0.061414,-0.067449,0.070977
-0.062528,-0.054131,0.061066
-0.060422,-0.040614,0.049965
-0.055385,-0.027181,0.038596
-0.048421,-0.014153,0.028076
-0.040536,-0.001850,0.019521
-0.032732,0.009407,0.014049
-0.026014,0.019299,0.012776
-0.021386,0.027504,0.016818
-0.019853,0.033702,0.027292
-0.022418,0.037572,0.045315
-0.026162,0.040101,0.064080
-0.030215,0.041087,0.081983
-0.034223,0.040032,0.098722
-0.037830,0.036438,0.113994
-0.040678,0.029809,0.127497
-0.042413,0.019647,0.138928
-0.042679,0.005454,0.147984
-0.041118,-0.013268,0.154364
-0.037377,-0.037016,0.157765
-0.031781,-0.061670,0.158372
-0.024570,-0.085757,0.156623
-0.015958,-0.108466,0.153016
-0.006160,-0.128985,0.148049
0.004608,-0.146506,0.142222
0.016130,-0.160215,0.136032
0.028192,-0.169303,0.129978
0.040577,-0.172959,0.124559
0.053072,-0.170372,0.120274
0.064117,-0.164507,0.118344
0.073422,-0.156388,0.118522
0.081009,-0.146554,0.120192
0.086901,-0.135542,0.122739
0.091122,-0.123891,0.125546
0.093695,-0.112139,0.128000
0.094645,-0.100824,0.129483
0.093994,-0.090484,0.129381
0.091765,-0.081658,0.127077
0.090947,-0.077074,0.120853
0.091671,-0.076230,0.110867
0.093354,-0.077815,0.097751
0.095416,-0.080519,0.082136
0.097273,-0.083031,0.064651
0.098342,-0.084040,0.045927
0.098043,-0.082237,0.026595
0.095792,-0.076311,0.007286
0.091007,-0.064951,-0.011370
0.085780,-0.053245,-0.026886
0.080648,-0.042602,-0.039198
0.075761,-0.033512,-0.048848
0.071268,-0.026464,-0.056377
0.067317,-0.021949,-0.062328
0.064059,-0.020457,-0.067242
0.061642,-0.022477,-0.071661
0.060216,-0.028500,-0.076126
0.059930,-0.039015,-0.081180
0.058604,-0.046769,-0.087677
0.056086,-0.050634,-0.095060
0.052727,-0.051013,-0.102418
0.048881,-0.048308,-0.108840
0.044900,-0.042924,-0.113415
0.041136,-0.035264,-0.115231
0.037943,-0.025729,-0.113378
0.035672,-0.014725,-0.106946
0.034676,-0.002653,-0.095022
0.033997,0.009085,-0.082935
0.033294,0.020154,-0.071643
0.032381,0.030485,-0.061010
0.031072,0.040009,-0.050900
0.029181,0.048657,-0.041179
0.026521,0.056359,-0.031710
0.022907,0.063047,-0.022359
0.018151,0.068651,-0.012989
0.012069,0.073102,-0.003466
0.007349,0.075127,0.002402
0.004181,0.074564,0.004202
0.002125,0.071527,0.002370
0.000745,0.066131,-0.002658
-0.000398,0.058492,-0.010445
-0.001740,0.048725,-0.020555
-0.003721,0.036944,-0.032553
-0.006778,0.023264,-0.046002
-0.011347,0.007802,-0.060466
-0.015874,-0.007809,-0.074651
-0.019907,-0.022682,-0.087647
-0.023271,-0.036117,-0.098638
-0.025793,-0.047414,-0.106809
-0.027299,-0.055873,-0.111344
-0.027613,-0.060796,-0.111428
-0.026562,-0.061482,-0.106245
-0.023971,-0.057231,-0.094980
-0.019667,-0.047345,-0.076817
-0.014074,-0.037561,-0.055973
-0.007755,-0.028900,-0.033909
-0.001303,-0.021200,-0.011398
0.004686,-0.014301,0.010787
0.009616,-0.008044,0.031875
0.012893,-0.002267,0.051094
0.013922,0.003189,0.067670
0.012107,0.008484,0.080831
0.006854,0.013779,0.089806
0.001525,0.018475,0.089695
-0.003206,0.022343,0.080761
-0.007338,0.025243,0.064556
-0.010868,0.027039,0.042635
-0.013795,0.027591,0.016548
-0.016117,0.026763,-0.012150
-0.017832,0.024415,-0.041906
-0.018939,0.020409,-0.071169
-0.019436,0.014608,-0.098386
-0.019058,0.008277,-0.118822
-0.017887,0.002057,-0.132271
-0.016088,-0.003563,-0.139656
-0.013831,-0.008096,-0.141901
-0.011281,-0.011055,-0.139929
-0.008606,-0.011951,-0.134663
-0.005974,-0.010298,-0.127028
-0.003551,-0.005607,-0.117946
-0.001505,0.002609,-0.108342
-0.001527,0.012943,-0.100763
-0.003580,0.024757,-0.095285
-0.007195,0.037604,-0.091359
-0.011900,0.051038,-0.088441
-0.017226,0.064611,-0.085984
-0.022703,0.077877,-0.083442
-0.027861,0.090388,-0.080270
-0.032230,0.101699,-0.075922
-0.035340,0.111362,-0.069851
-0.037361,0.118196,-0.063732
-0.038542,0.122222,-0.057943
-0.039149,0.123762,-0.052538
-0.039451,0.123139,-0.047574
-0.039715,0.120674,-0.043103
-0.040210,0.116690,-0.039182
-0.041202,0.111509,-0.035864
-0.042959,0.105452,-0.033204
-0.045749,0.098843,-0.031258
-0.048514,0.092678,-0.028825
-0.051004,0.086959,-0.025758
-0.053167,0.081441,-0.022173
-0.054956,0.075877,-0.018185
-0.056320,0.070019,-0.013908
-0.057211,0.063621,-0.009459
-0.057578,0.056436,-0.004951
-0.057373,0.048217,-0.000501
-0.056547,0.038719,0.003777
-0.056115,0.029346,0.006000
-0.056161,0.020421,0.006055
-0.056539,0.011991,0.004271
-0.057098,0.004104,0.000976
-0.057691,-0.003191,-0.003501
-0.058170,-0.009846,-0.008831
-0.058386,-0.015813,-0.014685
-0.058190,-0.021042,-0.020734
-0.057434,-0.025486,-0.026649
-0.055159,-0.028104,-0.031501
-0.051512,-0.029018,-0.035163
-0.046914,-0.028640,-0.037704
-0.041787,-0.027384,-0.039199
-0.036555,-0.025661,-0.039718
-0.031640,-0.023884,-0.039334
-0.027463,-0.022465,-0.038119
-0.024448,-0.021817,-0.036145
-0.023017,-0.022352,-0.033483
-0.022721,-0.022991,-0.030844
-0.023288,-0.023464,-0.028492
-0.024490,-0.023705,-0.026585
-0.026098,-0.023647,-0.025278
-0.027884,-0.023222,-0.024729
-0.029619,-0.022363,-0.025092
-0.031075,-0.021005,-0.026523
-0.032023,-0.019079,-0.029180
-0.032235,-0.016519,-0.033219
-0.032319,-0.016279,-0.036598
-0.032405,-0.018500,-0.039047
-0.032506,-0.022620,-0.040738
-0.032635,-0.028075,-0.041843
-0.032803,-0.034303,-0.042534
-0.033025,-0.040741,-0.042983
-0.033311,-0.046827,-0.043362
-0.033675,-0.051997,-0.043843
-0.034128,-0.055690,-0.044598
-0.034434,-0.055693,-0.044805
-0.034499,-0.052381,-0.044404
-0.034265,-0.046775,-0.043527
-0.033673,-0.039894,-0.042304
-0.032668,-0.032758,-0.040867
-0.031189,-0.026388,-0.039346
-0.029181,-0.021804,-0.037873
-0.026584,-0.020025,-0.036579
-0.023342,-0.022072,-0.035594
-0.020759,-0.023563,-0.034291
-0.018963,-0.023862,-0.032628
-0.017791,-0.023269,-0.030713
-0.017077,-0.022085,-0.028651
-0.016656,-0.020611,-0.026550
-0.016363,-0.019147,-0.024515
-0.016034,-0.017995,-0.022652
-0.015504,-0.017454,-0.021069
-0.014607,-0.017826,-0.019872
-0.014348,-0.018447,-0.019032
-0.014801,-0.019184,-0.018458
-0.015803,-0.020037,-0.018039
-0.017194,-0.021007,-0.017668
-0.018815,-0.022092,-0.017236
-0.020502,-0.023293,-0.016634
-0.022097,-0.024609,-0.015753
-0.023438,-0.026042,-0.014484
-0.024364,-0.027590,-0.012719
-0.024819,-0.028818,-0.010598
-0.024833,-0.029715,-0.008233
-0.024462,-0.030374,-0.005728
-0.023758,-0.030887,-0.003190
-0.022775,-0.031350,-0.000722
-0.021568,-0.031854,0.001572
-0.020190,-0.032493,0.003585
-0.018694,-0.033360,0.005213
-0.017135,-0.034549,0.006352
-0.016091,-0.034921,0.006437
-0.015814,-0.033887,0.005442
-0.016474,-0.030999,0.003477
-0.018240,-0.025808,0.000650
-0.021282,-0.017865,-0.002928
-0.025770,-0.006721,-0.007150
-0.031874,0.008074,-0.011905
-0.039763,0.026968,-0.017085
-0.049608,0.050411,-0.022580
-0.057716,0.069896,-0.029378
-0.063600,0.084197,-0.037464
-0.067570,0.093910,-0.046576
-0.069937,0.099630,-0.056450
-0.071013,0.101952,-0.066822
-0.071110,0.101470,-0.077428
-0.070538,0.098779,-0.088006
-0.069609,0.094475,-0.098292
-0.068634,0.089153,-0.108021
-0.067697,0.081280,-0.118671
-0.066736,0.071175,-0.130171
-0.065648,0.059618,-0.142069
-0.064333,0.047390,-0.153908
-0.062691,0.035272,-0.165235
-0.060620,0.024043,-0.175596
-0.058020,0.014485,-0.184535
-0.054791,0.007378,-0.191599
-0.050830,0.003503,-0.196332
-0.047137,0.001228,-0.198738
-0.043886,0.000134,-0.198887
-0.041046,0.000106,-0.196862
-0.038588,0.001028,-0.192748
-0.036481,0.002785,-0.186631
-0.034695,0.005262,-0.178594
-0.033199,0.008343,-0.168722
-0.031963,0.011912,-0.157100
-0.030956,0.015855,-0.143813
-0.028427,0.016881,-0.130028
-0.024408,0.014844,-0.116014
-0.019379,0.010388,-0.101815
-0.013818,0.004152,-0.087474
-0.008204,-0.003220,-0.073035
-0.003016,-0.011088,-0.058541
0.001267,-0.018808,-0.044037
0.004166,-0.025741,-0.029565
0.005202,-0.031243,-0.015171
0.004325,-0.037958,-0.003193
0.002093,-0.045639,0.005769
-0.000786,-0.053315,0.011551
-0.003602,-0.060015,0.013988
-0.005647,-0.064770,0.012919
-0.006211,-0.066609,0.008178
-0.004586,-0.064562,-0.000399
-0.000063,-0.057658,-0.012974
0.008067,-0.044926,-0.029712
0.015215,-0.028197,-0.048325
0.020579,-0.009099,-0.067111
0.024303,0.010791,-0.084517
0.026530,0.029892,-0.098987
0.027405,0.046626,-0.108967
0.027072,0.059416,-0.112901
0.025676,0.066681,-0.109235
0.023360,0.066845,-0.096414
0.020269,0.058327,-0.072883
0.016982,0.046506,-0.049783
0.013625,0.033249,-0.029239
0.010210,0.019548,-0.011121
0.006748,0.006395,0.004700
0.003252,-0.005218,0.018355
-0.000268,-0.014300,0.029972
-0.003798,-0.019859,0.039682
-0.007328,-0.020902,0.047614
-0.010846,-0.016440,0.053898
-0.015813,-0.008965,0.059790
-0.021659,0.000597,0.065106
-0.027309,0.011715,0.069300
-0.031683,0.023858,0.071827
-0.033705,0.036493,0.072142
-0.032297,0.049090,0.069700
-0.026382,0.061117,0.063953
-0.014883,0.072042,0.054359
0.003278,0.081334,0.040370
0.021628,0.088112,0.026470
0.038837,0.092609,0.013751
0.054862,0.095337,0.002461
0.069661,0.096808,-0.007153
0.083191,0.097535,-0.014844
0.095408,0.098028,-0.020366
0.106271,0.098802,-0.023471
0.115736,0.100366,-0.023913
0.123760,0.103234,-0.021444
0.129885,0.105495,-0.019455
0.134350,0.107068,-0.018243
0.137564,0.108329,-0.017333
0.139939,0.109657,-0.016247
0.141885,0.111428,-0.014511
0.143814,0.114019,-0.011649
0.146137,0.117807,-0.007184
0.149264,0.123170,-0.000641
0.153607,0.130484,0.008455
0.155308,0.134633,0.019989
0.154124,0.135146,0.033247
0.150717,0.132716,0.047368
0.145746,0.128032,0.061491
0.139872,0.121787,0.074754
0.133757,0.114671,0.086297
0.128060,0.107375,0.095257
0.123443,0.100592,0.100774
0.120565,0.095012,0.101986
0.116881,0.091380,0.101605
0.112177,0.089536,0.100328
0.106824,0.089093,0.098353
0.101193,0.089664,0.095874
0.095656,0.090863,0.093087
0.090582,0.092303,0.090189
0.086344,0.093598,0.087374
0.083313,0.094361,0.084839
0.081858,0.094205,0.082780
0.081418,0.094641,0.080782
0.081695,0.095748,0.078826
0.082459,0.097248,0.076992
0.083480,0.098861,0.075361
0.084528,0.100310,0.074011
0.085371,0.101316,0.073023
0.085780,0.101600,0.072476
0.085524,0.100883,0.072451
0.084373,0.098887,0.073026
0.083492,0.097277,0.074355
0.083046,0.096273,0.076280
0.082953,0.095732,0.078565
0.083130,0.095511,0.080975
0.083494,0.095469,0.083274
0.083963,0.095463,0.085229
0.084452,0.095350,0.086602
0.084881,0.094988,0.087160
0.085164,0.094235,0.086667
0.085089,0.094172,0.086142
0.084662,0.094799,0.085782
0.083943,0.095843,0.085576
0.082994,0.097031,0.085512
0.081875,0.098091,0.085581
0.080648,0.098750,0.085771
0.079373,0.098737,0.086072
0.078112,0.097778,0.086473
0.076925,0.095602,0.086963
0.075774,0.094059,0.086797
0.074680,0.093344,0.085983
0.073682,0.093236,0.084715
0.072818,0.093517,0.083190
0.072125,0.093964,0.081602
0.071641,0.094360,0.080147
0.071405,0.094483,0.079019
0.071454,0.094114,0.078414
0.071826,0.093031,0.078528
0.071316,0.087522,0.078812
0.069843,0.078121,0.078806
0.067608,0.066423,0.078073
0.064811,0.054028,0.076174
0.061652,0.042531,0.072670
0.058330,0.033531,0.067123
0.055045,0.028622,0.059095
0.051999,0.029404,0.048146
0.049390,0.037473,0.033839
0.047288,0.047333,0.021191
0.045663,0.057476,0.011232
0.044461,0.067389,0.003992
0.043628,0.076563,-0.000495
0.043110,0.084484,-0.002199
0.042852,0.090642,-0.001088
0.042800,0.094524,0.002870
0.042900,0.095620,0.009707
0.043097,0.093417,0.019453
0.043790,0.087182,0.029384
0.045060,0.077425,0.038694
0.046910,0.064969,0.047061
0.049344,0.050638,0.054160
0.052363,0.035253,0.059668
0.055972,0.019639,0.063261
0.060174,0.004618,0.064616
0.064970,-0.008988,0.063408
0.070365,-0.020355,0.059313
0.072556,-0.030378,0.054944
0.071448,-0.039260,0.050805
0.067873,-0.047030,0.046880
0.062660,-0.053717,0.043148
0.056641,-0.059350,0.039592
0.050646,-0.063959,0.036192
0.045508,-0.067572,0.032930
0.042056,-0.070219,0.029788
0.041122,-0.071929,0.026745
0.039065,-0.072714,0.023302
0.035276,-0.072235,0.019417
0.029905,-0.070064,0.015168
0.023101,-0.065773,0.010632
0.015012,-0.058934,0.005886
0.005789,-0.049121,0.001005
-0.004420,-0.035904,-0.003933
-0.015465,-0.018857,-0.008852
-0.027198,0.002448,-0.013675
-0.036428,0.021934,-0.017829
-0.042617,0.038667,-0.021580
-0.045886,0.053002,-0.025403
-0.046359,0.065292,-0.029773
-0.044158,0.075892,-0.035166
-0.039405,0.085156,-0.042055
-0.032222,0.093437,-0.050917
-0.022734,0.101089,-0.062227
-0.011060,0.108467,-0.076459
-0.000553,0.112202,-0.089429
0.008177,0.111990,-0.100342
0.015206,0.108290,-0.109248
0.020607,0.101564,-0.116199
0.024454,0.092273,-0.121247
0.026822,0.080877,-0.124441
0.027786,0.067837,-0.125835
0.027419,0.053613,-0.125478
0.025795,0.038667,-0.123422
0.023413,0.020059,-0.121652
0.020438,-0.001855,-0.120458
0.016955,-0.025897,-0.119704
0.013046,-0.050887,-0.119257
0.008797,-0.075648,-0.118981
0.004291,-0.099001,-0.118743
-0.000388,-0.119768,-0.118408
-0.005157,-0.136768,-0.117842
-0.009931,-0.148825,-0.116909
-0.016299,-0.156420,-0.115594
-0.023991,-0.160014,-0.114077
-0.032270,-0.160062,-0.112587
-0.040401,-0.157019,-0.111356
-0.047646,-0.151339,-0.110613
-0.053271,-0.143477,-0.110587
-0.056538,-0.133889,-0.111510
-0.056712,-0.123029,-0.113610
-0.053056,-0.111352,-0.117118
-0.049834,-0.098779,-0.119287
-0.047684,-0.085655,-0.119780
-0.046338,-0.072426,-0.118863
-0.045528,-0.059541,-0.116800
-0.044986,-0.047447,-0.113858
-0.044444,-0.036593,-0.110300
-0.043634,-0.027425,-0.106392
-0.042290,-0.020393,-0.102400
-0.040142,-0.015944,-0.098588
-0.038104,-0.011056,-0.093781
-0.036346,-0.005301,-0.088095
-0.034853,0.001098,-0.081972
-0.033607,0.007920,-0.075853
-0.032593,0.014945,-0.070179
-0.031794,0.021950,-0.065391
-0.031194,0.028715,-0.061929
-0.030777,0.035018,-0.060236
-0.030527,0.040637,-0.060751
-0.029869,0.044437,-0.062278
-0.028744,0.046497,-0.064363
-0.027219,0.047199,-0.066744
-0.025364,0.046924,-0.069154
-0.023245,0.046056,-0.071330
-0.020932,0.044977,-0.073006
-0.018493,0.044068,-0.073917
-0.015996,0.043712,-0.073800
-0.013509,0.044291,-0.072388
-0.011148,0.048454,-0.068649
-0.009068,0.055639,-0.062374
-0.007434,0.064481,-0.053564
-0.006409,0.073617,-0.042221
-0.006158,0.081682,-0.028345
-0.006845,0.087313,-0.011935
-0.008635,0.089144,0.007007
-0.011691,0.085813,0.028481
-0.016179,0.075953,0.052486
-0.020975,0.063253,0.072852
-0.025638,0.048870,0.088049
-0.029897,0.033332,0.097707
-0.033480,0.017164,0.101454
-0.036115,0.000894,0.098920
-0.037532,-0.014951,0.089735
-0.037458,-0.029845,0.073528
-0.035623,-0.043261,0.049928
-0.031755,-0.054672,0.018567
-0.027642,-0.066263,-0.012322
-0.023758,-0.077940,-0.040074
-0.020243,-0.089041,-0.063417
-0.017241,-0.098902,-0.081081
-0.014894,-0.106863,-0.091794
-0.013343,-0.112259,-0.094285
-0.012731,-0.114429,-0.087283
-0.013201,-0.112710,-0.069516
-0.014894,-0.106439,-0.039714
-0.015986,-0.099033,-0.009882
-0.016259,-0.091361,0.017379
-0.015896,-0.083650,0.041818
-0.015082,-0.076131,0.063185
-0.014000,-0.069031,0.081231
-0.012834,-0.062580,0.095704
-0.011769,-0.057007,0.106355
-0.010988,-0.052540,0.112933
-0.010675,-0.049410,0.115188
-0.010645,-0.046331,0.115595
-0.010758,-0.043130,0.114848
-0.010885,-0.039906,0.113197
-0.010896,-0.036761,0.110890
-0.010663,-0.033797,0.108178
-0.010057,-0.031116,0.105309
-0.008949,-0.028817,0.102534
-0.007210,-0.027004,0.100100
-0.004711,-0.025777,0.098259
-0.002948,-0.028203,0.095126
-0.002025,-0.034146,0.090559
-0.001695,-0.042671,0.084849
-0.001714,-0.052845,0.078288
-0.001835,-0.063731,0.071168
-0.001813,-0.074395,0.063782
-0.001402,-0.083902,0.056421
-0.000356,-0.091318,0.049377
0.001569,-0.095706,0.042942
0.003846,-0.098306,0.037484
0.006532,-0.099555,0.032729
0.009834,-0.099687,0.028244
0.013955,-0.098937,0.023595
0.019103,-0.097538,0.018349
0.025481,-0.095727,0.012073
0.033296,-0.093738,0.004333
0.042752,-0.091806,-0.005305
0.054055,-0.090165,-0.017273
0.063824,-0.088446,-0.029027
0.071373,-0.086793,-0.039729
0.076690,-0.085477,-0.048967
0.079763,-0.084769,-0.056329
0.080580,-0.084940,-0.061402
0.079129,-0.086262,-0.063775
0.075397,-0.089006,-0.063037
0.069374,-0.093442,-0.058774
0.061047,-0.099843,-0.050576
0.052705,-0.102872,-0.039034
0.044891,-0.102203,-0.025161
0.037709,-0.098762,-0.010079
0.031261,-0.093476,0.005093
0.025652,-0.087273,0.019234
0.020986,-0.081078,0.031225
0.017367,-0.075818,0.039946
0.014899,-0.072421,0.044275
0.013685,-0.071812,0.043093
0.012209,-0.072060,0.039942
0.010321,-0.072629,0.035857
0.008215,-0.073336,0.031250
0.006081,-0.073996,0.026529
0.004113,-0.074424,0.022105
0.002502,-0.074436,0.018389
0.001441,-0.073847,0.015790
0.001123,-0.072473,0.014719
0.001739,-0.070129,0.015585
0.002397,-0.065797,0.016606
0.002944,-0.059717,0.017407
0.003414,-0.052442,0.017963
0.003838,-0.044526,0.018252
0.004249,-0.036524,0.018249
0.004680,-0.028988,0.017931
0.005164,-0.022473,0.017275
0.005733,-0.017532,0.016257
0.006421,-0.014720,0.014854
0.008051,-0.012293,0.013445
0.010495,-0.009823,0.012221
0.013382,-0.007209,0.011324
0.016342,-0.004352,0.010899
0.019004,-0.001153,0.011088
0.021000,0.002489,0.012034
0.021959,0.006674,0.013881
0.021511,0.011501,0.016772
0.019286,0.017071,0.020850
0.013267,0.021851,0.027774
0.003774,0.025444,0.037120
-0.008283,0.027739,0.047941
-0.021999,0.028623,0.059293
-0.036465,0.027984,0.070229
-0.050774,0.025711,0.079804
-0.064019,0.021690,0.087071
-0.075292,0.015810,0.091087
-0.083686,0.007959,0.090904
-0.088832,0.003181,0.090225
-0.091081,0.001662,0.089646
-0.090967,0.002373,0.088986
-0.089022,0.004287,0.088063
-0.085778,0.006373,0.086697
-0.081767,0.007604,0.084706
-0.077521,0.006950,0.081910
-0.073574,0.003384,0.078127
-0.070456,-0.004125,0.073176
-0.066663,-0.009729,0.067384
-0.062107,-0.012660,0.060397
-0.057053,-0.013415,0.051691
-0.051771,-0.012493,0.040743
-0.046525,-0.010393,0.027029
-0.041585,-0.007613,0.010025
-0.037216,-0.004652,-0.010792
-0.033685,-0.002009,-0.035947
-0.031261,-0.000181,-0.065963
-0.030406,0.000356,-0.089807
-0.030654,-0.000468,-0.106500
-0.031304,-0.002622,-0.117578
-0.031657,-0.006074,-0.124576
-0.031011,-0.010793,-0.129029
-0.028668,-0.016748,-0.132473
-0.023926,-0.023908,-0.136443
-0.016086,-0.032241,-0.142474
-0.004447,-0.041716,-0.152103
0.006153,-0.050529,-0.162011
0.014978,-0.058246,-0.171169
0.022318,-0.064775,-0.179121
0.028463,-0.070025,-0.185411
0.033701,-0.073905,-0.189581
0.038324,-0.076324,-0.191176
0.042619,-0.077190,-0.189739
0.046878,-0.076412,-0.184813
0.051389,-0.073899,-0.175942
0.054327,-0.069590,-0.165477
0.055612,-0.063761,-0.154233
0.055600,-0.056775,-0.142645
0.054645,-0.048992,-0.131146
0.053104,-0.040775,-0.120168
0.051332,-0.032484,-0.110146
0.049684,-0.024482,-0.101512
0.048515,-0.017129,-0.094700
0.048182,-0.010788,-0.090142
0.047761,-0.005190,-0.084567
0.047101,-0.000252,-0.077782
0.046243,0.004063,-0.070362
0.045226,0.007792,-0.062883
0.044091,0.010972,-0.055923
0.042880,0.013640,-0.050057
0.041632,0.015833,-0.045860
0.040388,0.017588,-0.043911
0.039190,0.018944,-0.044784
0.037538,0.019043,-0.045036
0.035502,0.017807,-0.044146
0.033295,0.015351,-0.042324
0.031127,0.011788,-0.039777
0.029211,0.007232,-0.036717
0.027757,0.001799,-0.033351
0.026976,-0.004398,-0.029891
0.027082,-0.011244,-0.026543
0.028284,-0.018625,-0.023519
0.028585,-0.025722,-0.020251
0.027683,-0.032124,-0.016305
0.025700,-0.037522,-0.011282
0.022757,-0.041606,-0.004782
0.018977,-0.044068,0.003592
0.014482,-0.044599,0.014242
0.009393,-0.042888,0.027565
0.003834,-0.038628,0.043962
-0.002074,-0.031508,0.063831
-0.007938,-0.022483,0.082732
-0.013381,-0.012382,0.099154
-0.018031,-0.002003,0.112321
-0.021516,0.007855,0.121455
-0.023464,0.016393,0.125778
-0.023503,0.022813,0.124514
-0.021261,0.026316,0.116886
-0.016365,0.026104,0.102116
-0.008445,0.021377,0.079427
-0.002074,0.012998,0.055488
0.002463,0.001968,0.032465
0.005957,-0.010676,0.011400
0.009198,-0.023896,-0.006666
0.012975,-0.036657,-0.020693
0.018078,-0.047920,-0.029638
0.025297,-0.056650,-0.032461
0.035422,-0.061808,-0.028120
0.049243,-0.062359,-0.015576
0.060281,-0.065033,-0.003286
0.067677,-0.070499,0.007335
0.071976,-0.077912,0.016635
0.073723,-0.086423,0.024961
0.073464,-0.095186,0.032661
0.071744,-0.103354,0.040083
0.069108,-0.110080,0.047575
0.066102,-0.114517,0.055483
0.063272,-0.115819,0.064156
0.058838,-0.112510,0.072648
0.052828,-0.105002,0.080681
0.045719,-0.094181,0.088142
0.037989,-0.080932,0.094919
0.030115,-0.066139,0.100901
0.022574,-0.050687,0.105974
0.015845,-0.035461,0.110027
0.010404,-0.021347,0.112947
0.006729,-0.009229,0.114623
0.003991,0.001293,0.115573
0.002080,0.010441,0.115842
0.001063,0.018394,0.115356
0.001008,0.025329,0.114039
0.001984,0.031424,0.111817
0.004057,0.036859,0.108616
0.007297,0.041810,0.104360
0.011771,0.046458,0.098975
0.017547,0.050978,0.092387
0.023967,0.053439,0.085953
0.030694,0.053740,0.079935
0.037468,0.052237,0.074323
0.044032,0.049287,0.069104
0.050127,0.045248,0.064268
0.055494,0.040478,0.059803
0.059874,0.035332,0.055699
0.063011,0.030169,0.051942
0.064644,0.025345,0.048523
0.064942,0.020821,0.045917
0.064097,0.016689,0.043960
0.062306,0.013075,0.042331
0.059766,0.010105,0.040707
0.056674,0.007904,0.038767
0.053228,0.006598,0.036186
0.049625,0.006312,0.032645
0.046061,0.007173,0.027819
0.042735,0.009306,0.021387
0.038788,0.014217,0.015244
0.034195,0.021601,0.009963
0.029136,0.030697,0.005788
0.023794,0.040745,0.002962
0.018350,0.050984,0.001726
0.012986,0.060653,0.002326
0.007885,0.068993,0.005002
0.003228,0.075243,0.009999
-0.000804,0.078643,0.017559
-0.002880,0.079363,0.022572
-0.002944,0.077751,0.024484
-0.001263,0.074197,0.023877
0.001899,0.069091,0.021336
0.006278,0.062824,0.017445
0.011608,0.055787,0.012788
0.017625,0.048369,0.007948
0.024065,0.040961,0.003510
0.030661,0.033954,0.000058
0.037182,0.028849,-0.005996
0.043212,0.025697,-0.014776
0.048286,0.024189,-0.025538
0.051942,0.024015,-0.037541
0.053716,0.024865,-0.050042
0.053146,0.026429,-0.062298
0.049767,0.028396,-0.073568
0.043117,0.030458,-0.083109
0.032733,0.032303,-0.090179
0.023466,0.034322,-0.097464
0.016124,0.036211,-0.105093
0.010507,0.037491,-0.112553
0.006412,0.037686,-0.119334
0.003638,0.036318,-0.124922
0.001984,0.032909,-0.128807
0.001246,0.026984,-0.130475
0.001225,0.018064,-0.129416
0.001718,0.005671,-0.125117
0.001168,-0.006928,-0.118891
-0.000400,-0.018747,-0.111568
-0.002564,-0.029371,-0.103861
-0.004905,-0.038385,-0.096480
-0.007001,-0.045374,-0.090137
-0.008432,-0.049921,-0.085543
-0.008777,-0.051612,-0.083409
-0.007614,-0.050031,-0.084446
-0.004524,-0.044764,-0.089365
-0.004066,-0.039921,-0.092725
-0.006361,-0.036063,-0.093939
-0.010424,-0.032858,-0.093637
-0.015268,-0.029979,-0.092449
-0.019907,-0.027094,-0.091004
-0.023353,-0.023874,-0.089932
-0.024621,-0.019989,-0.089863
-0.022724,-0.015109,-0.091426
-0.016676,-0.008906,-0.095250
-0.011240,-0.003810,-0.097878
-0.007190,-0.000102,-0.098954
-0.004302,0.002473,-0.098896
-0.002350,0.004172,-0.098123
-0.001109,0.005252,-0.097052
-0.000355,0.005970,-0.096103
0.000138,0.006581,-0.095694
0.000593,0.007342,-0.096243
0.001237,0.008509,-0.098169
0.002170,0.009749,-0.099894
0.003398,0.010790,-0.100959
0.004900,0.011379,-0.101186
0.006656,0.011263,-0.100396
0.008645,0.010186,-0.098412
0.010849,0.007896,-0.095054
0.013247,0.004138,-0.090144
0.015818,-0.001341,-0.083504
0.018543,-0.008796,-0.074954
0.020931,-0.016775,-0.064199
0.022812,-0.024811,-0.051659
0.024092,-0.032682,-0.037934
0.024679,-0.040169,-0.023623
0.024481,-0.047049,-0.009327
0.023405,-0.053101,0.004357
0.021359,-0.058104,0.016827
0.018251,-0.061837,0.027485
0.013989,-0.064078,0.035730
0.010303,-0.064680,0.042173
0.007402,-0.063879,0.046925
0.005117,-0.062008,0.049972
0.003278,-0.059399,0.051300
0.001715,-0.056384,0.050894
0.000257,-0.053297,0.048740
-0.001266,-0.050469,0.044825
-0.003024,-0.048233,0.039134
-0.005188,-0.046921,0.031652
-0.007012,-0.046892,0.025891
-0.008393,-0.047972,0.022245
-0.009383,-0.049855,0.020328
-0.010038,-0.052236,0.019756
-0.010412,-0.054810,0.020141
-0.010558,-0.057271,0.021100
-0.010532,-0.059314,0.022245
-0.010388,-0.060633,0.023193
-0.010180,-0.060923,0.023557
-0.009915,-0.061295,0.023186
-0.009605,-0.061893,0.022158
-0.009263,-0.062618,0.020607
-0.008901,-0.063372,0.018668
-0.008533,-0.064056,0.016477
-0.008171,-0.064572,0.014168
-0.007827,-0.064820,0.011877
-0.007515,-0.064703,0.009738
-0.007246,-0.064122,0.007886
-0.006774,-0.063452,0.004363
-0.006264,-0.062557,-0.000920
-0.005986,-0.061174,-0.007585
-0.006210,-0.059037,-0.015254
-0.007208,-0.055884,-0.023548
-0.009248,-0.051451,-0.032089
-0.012602,-0.045473,-0.040498
-0.017539,-0.037687,-0.048398
-0.024330,-0.027830,-0.055410
-0.029541,-0.015645,-0.058771
-0.032900,-0.001835,-0.058669
-0.034927,0.012664,-0.056025
-0.036137,0.026910,-0.051762
-0.037050,0.039966,-0.046800
-0.038183,0.050893,-0.042064
-0.040054,0.058751,-0.038474
-0.043182,0.062602,-0.036954
-0.048084,0.061507,-0.038425
-0.053296,0.058146,-0.041127
-0.058413,0.053445,-0.044392
-0.063299,0.047890,-0.047828
-0.067815,0.041967,-0.051038
-0.071823,0.036162,-0.053631
-0.075185,0.030962,-0.055211
-0.077764,0.026853,-0.055385
-0.079420,0.024322,-0.053758
-0.080016,0.023854,-0.049938
-0.080148,0.024113,-0.046931
-0.080001,0.024678,-0.045071
-0.079657,0.025361,-0.044022
-0.079197,0.025974,-0.043450
-0.078702,0.026326,-0.043019
-0.078255,0.026229,-0.042393
-0.077936,0.025493,-0.041237
-0.077828,0.023929,-0.039216
-0.078011,0.021349,-0.035994
-0.079427,0.019488,-0.033076
-0.081999,0.018494,-0.030634
-0.085397,0.018118,-0.028507
-0.089292,0.018112,-0.026533
-0.093353,0.018226,-0.024552
-0.097251,0.018210,-0.022401
-0.100655,0.017816,-0.019921
-0.103236,0.016794,-0.016950
-0.104663,0.014896,-0.013327
-0.104909,0.013318,-0.009634
-0.104080,0.012097,-0.005971
-0.102320,0.010980,-0.002319
-0.099772,0.009714,0.001344
-0.096580,0.008047,0.005037
-0.092885,0.005725,0.008780
-0.088830,0.002496,0.012595
-0.084560,-0.001893,0.016501
-0.080216,-0.007694,0.020519
-0.076722,-0.013759,0.022501
-0.074124,-0.019740,0.022355
-0.072247,-0.025489,0.020504
-0.070919,-0.030860,0.017368
-0.069965,-0.035706,0.013371
-0.069212,-0.039880,0.008934
-0.068486,-0.043236,0.004478
-0.067613,-0.045625,0.000427
-0.066419,-0.046903,-0.002798
-0.063895,-0.047933,-0.006481
-0.059890,-0.048849,-0.010723
-0.054471,-0.049599,-0.015329
-0.047702,-0.050134,-0.020104
-0.039649,-0.050400,-0.024854
-0.030379,-0.050349,-0.029384
-0.019956,-0.049928,-0.033499
-0.008447,-0.049087,-0.037003
0.004084,-0.047774,-0.039702
0.014326,-0.046325,-0.041462
0.021887,-0.044703,-0.042196
0.027103,-0.042781,-0.041833
0.030309,-0.040429,-0.040301
0.031841,-0.037519,-0.037527
0.032036,-0.033923,-0.033440
0.031229,-0.029512,-0.027966
0.029756,-0.024158,-0.021034
0.027953,-0.017733,-0.012572
0.024966,-0.011817,-0.007536
0.020852,-0.006496,-0.006197
0.015897,-0.001481,-0.007658
0.010388,0.003515,-0.011017
0.004611,0.008780,-0.015375
-0.001149,0.014602,-0.019832
-0.006606,0.021269,-0.023490
-0.011473,0.029068,-0.025447
-0.015465,0.038288,-0.024806
-0.018679,0.045351,-0.022294
-0.021251,0.049896,-0.018334
-0.023327,0.052367,-0.013270
-0.025053,0.053207,-0.007446
-0.026573,0.052860,-0.001207
-0.028033,0.051770,0.005103
-0.029579,0.050379,0.011140
-0.031357,0.049133,0.016559
-0.033511,0.048473,0.021015
-0.036103,0.048849,0.024140
-0.039015,0.050195,0.026006
-0.042084,0.052320,0.026799
-0.045149,0.055031,0.026705
-0.048047,0.058136,0.025909
-0.050616,0.061443,0.024598
-0.052694,0.064760,0.022955
-0.054118,0.067894,0.021167
-0.054727,0.070654,0.019420
-0.054218,0.073332,0.018799
-0.052649,0.075934,0.019264
-0.050164,0.078391,0.020497
-0.046908,0.080635,0.022177
-0.043026,0.082596,0.023984
-0.038664,0.084208,0.025599
-0.033965,0.085401,0.026702
-0.029076,0.086108,0.026973
-0.024141,0.086260,0.026091
-0.018825,0.084121,0.024337
-0.013270,0.079849,0.022084
-0.007742,0.074075,0.019726
-0.002503,0.067431,0.017661
0.002182,0.060546,0.016284
0.006049,0.054053,0.015992
0.008835,0.048583,0.017181
0.010276,0.044767,0.020246
0.010108,0.043235,0.025584
0.009719,0.044022,0.030893
0.009399,0.046689,0.035692
0.009164,0.050678,0.039959
0.009030,0.055429,0.043669
0.009011,0.060385,0.046800
0.009124,0.064988,0.049328
0.009384,0.068679,0.051230
0.009807,0.070899,0.052481
0.010407,0.071092,0.053059
0.011178,0.070420,0.053782
0.012079,0.069237,0.054752
0.013063,0.067697,0.055889
0.014083,0.065951,0.057117
0.015091,0.064151,0.058356
0.016039,0.062449,0.059528
0.016881,0.060998,0.060555
0.017569,0.059949,0.061359
0.018055,0.059455,0.061862
0.017142,0.058224,0.063102
0.014834,0.056035,0.065144
0.011439,0.052935,0.067812
0.007262,0.048971,0.070928
0.002610,0.044189,0.074314
-0.002211,0.038637,0.077793
-0.006895,0.032360,0.081188
-0.011135,0.025407,0.084321
-0.014624,0.017822,0.087014
-0.018050,0.009848,0.087794
-0.021384,0.001778,0.086664
-0.024423,-0.006084,0.083994
-0.026961,-0.013430,0.080156
-0.028795,-0.019956,0.075520
-0.029718,-0.025356,0.070458
-0.029528,-0.029323,0.065339
-0.028018,-0.031551,0.060536
-0.024985,-0.031736,0.056420
-0.022569,-0.030206,0.053852
-0.021065,-0.027448,0.052687
-0.020306,-0.023988,0.052527
-0.020125,-0.020351,0.052973
-0.020353,-0.017063,0.053627
-0.020825,-0.014649,0.054091
-0.021372,-0.013636,0.053965
-0.021827,-0.014548,0.052853
-0.022023,-0.017913,0.050354
-0.021191,-0.019257,0.046321
-0.019447,-0.018293,0.041133
-0.017127,-0.015777,0.035300
-0.014570,-0.012467,0.029334
-0.012113,-0.009119,0.023745
-0.010093,-0.006491,0.019044
-0.008848,-0.005341,0.015742
-0.008716,-0.006425,0.014349
-0.010032,-0.010500,0.015377
-0.012056,-0.014909,0.016042
-0.014447,-0.018910,0.016035
-0.016967,-0.022238,0.015664
-0.019377,-0.024629,0.015237
-0.021439,-0.025816,0.015062
-0.022914,-0.025537,0.015447
-0.023563,-0.023526,0.016701
-0.023148,-0.019518,0.019130
-0.021431,-0.013249,0.023044
-0.019196,-0.009829,0.026576
-0.016658,-0.009710,0.029455
-0.013887,-0.012183,0.031809
-0.010954,-0.016537,0.033766
-0.007930,-0.022060,0.035452
-0.004884,-0.028043,0.036996
-0.001889,-0.033774,0.038526
0.000987,-0.038543,0.040168
0.003672,-0.041639,0.042052
0.005237,-0.044727,0.044126
0.005708,-0.047881,0.046173
0.005345,-0.050782,0.047930
0.004412,-0.053107,0.049136
0.003170,-0.054535,0.049531
0.001883,-0.054745,0.048853
0.000812,-0.053415,0.046840
0.000219,-0.050225,0.043231
0.000368,-0.044853,0.037766
-0.000834,-0.040505,0.032725
-0.003468,-0.037597,0.028486
-0.007111,-0.035845,0.024947
-0.011341,-0.034966,0.022009
-0.015738,-0.034676,0.019572
-0.019879,-0.034692,0.017535
-0.023342,-0.034731,0.015798
-0.025706,-0.034510,0.014262
-0.026549,-0.033746,0.012825
-0.027266,-0.032744,0.012229
-0.028097,-0.031554,0.012481
-0.028989,-0.030159,0.013404
-0.029891,-0.028545,0.014821
-0.030753,-0.026694,0.016557
-0.031522,-0.024592,0.018434
-0.032148,-0.022223,0.020276
-0.032579,-0.019570,0.021907
-0.032764,-0.016617,0.023150
-0.032604,-0.014047,0.023702
-0.032123,-0.011968,0.023587
-0.031373,-0.010348,0.022907
-0.030406,-0.009155,0.021769
-0.029274,-0.008355,0.020276
-0.028030,-0.007917,0.018532
-0.026727,-0.007808,0.016642
-0.025417,-0.007995,0.014710
-0.024152,-0.008446,0.012841
-0.023432,-0.008705,0.011775
-0.023239,-0.008738,0.011485
-0.023423,-0.008614,0.011754
-0.023837,-0.008402,0.012362
-0.024332,-0.008171,0.013090
-0.024759,-0.007991,0.013721
-0.024971,-0.007930,0.014036
-0.024818,-0.008059,0.013815
-0.024152,-0.008446,0.012841
-0.023605,-0.008836,0.011877
-0.023251,-0.009179,0.011032
-0.023020,-0.009478,0.010251
-0.022846,-0.009736,0.009480
-0.022660,-0.009953,0.008662
-0.022396,-0.010133,0.007744
-0.021986,-0.010278,0.006670
-0.021362,-0.010391,0.005385
-0.020456,-0.010472,0.003834
-0.019813,-0.010501,0.003427
-0.019495,-0.010522,0.004195
-0.019444,-0.010597,0.005828
-0.019601,-0.010789,0.008013
-0.019910,-0.011161,0.010440
-0.020313,-0.011773,0.012797
-0.020751,-0.012689,0.014773
-0.021166,-0.013970,0.016056
-0.021502,-0.015678,0.016334
-0.021995,-0.016721,0.017042
-0.022625,-0.017024,0.018320
-0.023308,-0.016766,0.019991
-0.023958,-0.016127,0.021875
-0.024490,-0.015288,0.023793
-0.024820,-0.014427,0.025565
-0.024863,-0.013726,0.027012
-0.024534,-0.013363,0.027955
-0.023749,-0.013519,0.028214
-0.023062,-0.014022,0.027920
-0.022568,-0.014738,0.027156
-0.022242,-0.015547,0.025993
-0.022062,-0.016326,0.024501
-0.022002,-0.016953,0.022752
-0.022041,-0.017308,0.020816
-0.022154,-0.017267,0.018764
-0.022317,-0.016708,0.016668
-0.022508,-0.015511,0.014599
-0.022943,-0.014551,0.013203
-0.023629,-0.013889,0.012481
-0.024520,-0.013383,0.012265
-0.025569,-0.012891,0.012392
-0.026732,-0.012271,0.012697
-0.027962,-0.011379,0.013014
-0.029212,-0.010075,0.013180
-0.030438,-0.008216,0.013028
-0.031593,-0.005658,0.012394
-0.032576,-0.003251,0.012318
-0.033404,-0.001149,0.012832
-0.034128,0.000665,0.013714
-0.034794,0.002209,0.014744
-0.035453,0.003499,0.015701
-0.036152,0.004552,0.016363
-0.036941,0.005388,0.016511
-0.037868,0.006021,0.015922
-0.038981,0.006471,0.014376
-0.039037,0.006469,0.013184
-0.038013,0.006026,0.012516
-0.036197,0.005222,0.012263
-0.033874,0.004138,0.012312
-0.031331,0.002853,0.012551
-0.028852,0.001448,0.012869
-0.026724,0.000002,0.013155
-0.025232,-0.001403,0.013296
-0.024664,-0.002689,0.013181
-0.024232,-0.004446,0.013726
-0.023796,-0.006612,0.014922
-0.023379,-0.008960,0.016533
-0.023000,-0.011263,0.018320
-0.022682,-0.013293,0.020046
-0.022445,-0.014823,0.021472
-0.022311,-0.015627,0.022360
-0.022301,-0.015477,0.022473
-0.022436,-0.014147,0.021573
-0.022460,-0.013890,0.020453
-0.022349,-0.014852,0.019322
-0.022136,-0.016651,0.018240
-0.021854,-0.018904,0.017266
-0.021537,-0.021230,0.016461
-0.021219,-0.023246,0.015884
-0.020932,-0.024570,0.015597
-0.020710,-0.024821,0.015659
-0.020586,-0.023616,0.016130
-0.020785,-0.022000,0.017062
-0.021271,-0.020260,0.018350
-0.021942,-0.018491,0.019853
-0.022696,-0.016791,0.021428
-0.023434,-0.015255,0.022933
-0.024052,-0.013981,0.024225
-0.024451,-0.013063,0.025162
-0.024528,-0.012600,0.025601
-0.024183,-0.012686,0.025400
-0.023722,-0.013687,0.024627
-0.023225,-0.015438,0.023421
-0.022714,-0.017641,0.021941
-0.022211,-0.019995,0.020343
-0.021738,-0.022205,0.018787
-0.021317,-0.023970,0.017430
-0.020970,-0.024992,0.016429
-0.020719,-0.024974,0.015943
-0.020586,-0.023616,0.016130
-0.020510,-0.022864,0.016226
-0.020472,-0.022902,0.016136
-0.020463,-0.023472,0.015928
-0.020476,-0.024316,0.015673
-0.020503,-0.025175,0.015441
-0.020536,-0.025793,0.015301
-0.020566,-0.025910,0.015322
-0.020585,-0.025271,0.015575
-0.020586,-0.023616,0.016130
-0.020652,-0.022191,0.016739
-0.020787,-0.021157,0.017303
-0.020978,-0.020402,0.017757
-0.021210,-0.019815,0.018038
-0.021471,-0.019285,0.018081
-0.021745,-0.018701,0.017822
-0.022018,-0.017951,0.017199
-0.022277,-0.016925,0.016145
-0.022508,-0.015511,0.014599
-0.022722,-0.014230,0.013181
-0.022896,-0.013172,0.011967
-0.023001,-0.012319,0.010893
-0.023005,-0.011652,0.009895
-0.022879,-0.011153,0.008910
-0.022591,-0.010804,0.007875
-0.022112,-0.010586,0.006726
-0.021410,-0.010482,0.005400
-0.020456,-0.010472,0.003834
-0.019918,-0.010469,0.002952
-0.019822,-0.010458,0.002774
-0.020037,-0.010442,0.003091
-0.020431,-0.010426,0.003699
-0.020872,-0.010413,0.004389
-0.021227,-0.010407,0.004954
-0.021364,-0.010412,0.005188
-0.021151,-0.010433,0.004884
-0.020456,-0.010472,0.003834
-0.019937,-0.010477,0.003720
-0.019686,-0.010485,0.004649
-0.019657,-0.010556,0.006335
-0.019802,-0.010751,0.008491
-0.020076,-0.011129,0.010833
-0.020429,-0.011751,0.013074
-0.020816,-0.012676,0.014929
-0.021190,-0.013965,0.016111
-0.021502,-0.015678,0.016334
-0.021168,-0.015988,0.016598
-0.020193,-0.014818,0.017018
-0.018733,-0.012526,0.017493
-0.016942,-0.009473,0.017922
-0.014975,-0.006018,0.018201
-0.012986,-0.002522,0.018228
-0.011130,0.000657,0.017902
-0.009561,0.003159,0.017120
-0.008435,0.004624,0.015779
-0.008437,0.004803,0.014441
-0.009467,0.003869,0.013189
-0.011227,0.002100,0.011987
-0.013419,-0.000226,0.010799
-0.015747,-0.002830,0.009591
-0.017911,-0.005435,0.008325
-0.019616,-0.007763,0.006968
-0.020564,-0.009534,0.005483
-0.020456,-0.010472,0.003834
-0.020593,-0.010846,0.003330
-0.021124,-0.010801,0.003970
-0.021908,-0.010454,0.005424
-0.022807,-0.009919,0.007364
-0.023682,-0.009310,0.009460
-0.024393,-0.008744,0.011385
-0.024801,-0.008334,0.012810
-0.024767,-0.008196,0.013404
-0.024152,-0.008446,0.012841
-0.023700,-0.008186,0.011576
-0.023516,-0.007364,0.009816
-0.023542,-0.006139,0.007705
-0.023722,-0.004670,0.005385
-0.024001,-0.003114,0.003001
-0.024320,-0.001632,0.000695
-0.024625,-0.000380,-0.001388
-0.024858,0.000481,-0.003105
-0.024964,0.000794,-0.004313
-0.025294,0.001510,-0.005740
-0.025860,0.002745,-0.007411
-0.026583,0.004406,-0.009178
-0.027387,0.006399,-0.010892
-0.028197,0.008630,-0.012402
-0.028935,0.011008,-0.013559
-0.029525,0.013438,-0.014215
-0.029891,0.015827,-0.014219
-0.029956,0.018082,-0.013423
-0.029880,0.019662,-0.013433
-0.029709,0.020496,-0.014340
-0.029459,0.020630,-0.015856
-0.029146,0.020111,-0.017694
-0.028786,0.018985,-0.019565
-0.028395,0.017299,-0.021181
-0.027990,0.015099,-0.022256
-0.027587,0.012433,-0.022500
-0.027201,0.009346,-0.021627
-0.027159,0.006937,-0.021431
-0.027421,0.005262,-0.022100
-0.027859,0.004110,-0.023421
-0.028342,0.003274,-0.025180
-0.028741,0.002545,-0.027163
-0.028927,0.001715,-0.029156
-0.028768,0.000575,-0.030945
-0.028137,-0.001082,-0.032318
-0.026903,-0.003466,-0.033059
-0.025341,-0.005562,-0.032042
-0.023535,-0.007104,-0.029390
-0.021528,-0.008006,-0.025539
-0.019359,-0.008188,-0.020925
-0.017068,-0.007566,-0.015984
-0.014695,-0.006057,-0.011152
-0.012281,-0.003580,-0.006865
-0.009865,-0.000051,-0.003560
-0.007488,0.004613,-0.001671
-0.005189,0.010160,-0.001557
