0.000000,0.000000,0.000000
0.006541,-0.003091,-0.001109
0.008469,-0.005898,-0.002868
0.007253,-0.008242,-0.004867
0.004364,-0.009944,-0.006695
0.001272,-0.010826,-0.007944
-0.001399,-0.011753,-0.009128
-0.003550,-0.012762,-0.010290
-0.005212,-0.013682,-0.011355
-0.006414,-0.014340,-0.012247
-0.007187,-0.014564,-0.012890
-0.007562,-0.014182,-0.013208
-0.007568,-0.013022,-0.013126
-0.007237,-0.010913,-0.012566
-0.006600,-0.007682,-0.011455
-0.005741,-0.005458,-0.010285
-0.004717,-0.004445,-0.009153
-0.003575,-0.004371,-0.008056
-0.002364,-0.004961,-0.006992
-0.001132,-0.005941,-0.005958
0.000075,-0.007037,-0.004950
0.001207,-0.007974,-0.003966
0.002218,-0.008479,-0.003003
0.003058,-0.008277,-0.002058
0.003144,-0.007599,-0.000809
0.002516,-0.006540,0.000694
0.001371,-0.005160,0.002309
-0.000093,-0.003521,0.003895
-0.001679,-0.001682,0.005308
-0.003192,0.000295,0.006406
-0.004432,0.002349,0.007048
-0.005204,0.004420,0.007091
-0.005311,0.006446,0.006393
-0.004719,0.006836,0.006202
-0.003552,0.005607,0.006618
-0.001971,0.003174,0.007458
-0.000138,-0.000044,0.008534
0.001786,-0.003629,0.009663
0.003639,-0.007165,0.010660
0.005259,-0.010233,0.011338
0.006485,-0.012417,0.011514
0.007155,-0.013298,0.011001
0.007273,-0.013645,0.009812
0.006942,-0.013653,0.008103
0.006294,-0.013368,0.006071
0.005460,-0.012842,0.003908
0.004569,-0.012121,0.001809
0.003753,-0.011255,-0.000031
0.003142,-0.010293,-0.001419
0.002867,-0.009284,-0.002159
0.003058,-0.008277,-0.002058
0.003178,-0.007695,-0.002330
0.003116,-0.007541,-0.003110
0.002870,-0.007713,-0.004259
0.002438,-0.008109,-0.005643
0.001815,-0.008628,-0.007122
0.001000,-0.009168,-0.008562
-0.000010,-0.009626,-0.009825
-0.001218,-0.009901,-0.010774
-0.002627,-0.009891,-0.011273
-0.003569,-0.009775,-0.011332
-0.003968,-0.009650,-0.010994
-0.003899,-0.009596,-0.010306
-0.003437,-0.009690,-0.009318
-0.002657,-0.010009,-0.008078
-0.001632,-0.010633,-0.006635
-0.000437,-0.011638,-0.005038
0.000854,-0.013104,-0.003335
0.002165,-0.015108,-0.001576
0.003503,-0.016592,0.000139
0.004860,-0.017209,0.001831
0.006224,-0.016789,0.003550
0.007585,-0.015164,0.005350
0.008929,-0.012164,0.007280
0.010247,-0.007618,0.009394
0.011525,-0.001359,0.011742
0.012754,0.006783,0.014377
0.013920,0.016979,0.017349
0.016019,0.026378,0.019945
0.019057,0.034437,0.022028
0.022798,0.041188,0.023610
0.027002,0.046662,0.024700
0.031432,0.050893,0.025310
0.035848,0.053912,0.025449
0.040013,0.055750,0.025128
0.043689,0.056442,0.024358
0.046637,0.056017,0.023148
0.049284,0.054679,0.022368
0.051695,0.052661,0.022050
0.053852,0.050207,0.022016
0.055730,0.047558,0.022088
0.057310,0.044956,0.022091
0.058570,0.042645,0.021846
0.059487,0.040867,0.021176
0.060040,0.039863,0.019904
0.060209,0.039877,0.017853
0.060208,0.040289,0.015493
0.060097,0.040901,0.013009
0.059898,0.041618,0.010515
0.059632,0.042345,0.008124
0.059321,0.042988,0.005949
0.058984,0.043451,0.004104
0.058645,0.043641,0.002702
0.058323,0.043463,0.001856
0.058041,0.042821,0.001680
0.057512,0.041444,0.001043
0.056767,0.039413,-0.000135
0.055916,0.036901,-0.001675
0.055066,0.034078,-0.003398
0.054329,0.031116,-0.005122
0.053811,0.028185,-0.006669
0.053624,0.025458,-0.007857
0.053875,0.023105,-0.008508
0.054675,0.021298,-0.008440
0.055593,0.020333,-0.008528
0.056515,0.020080,-0.008872
0.057403,0.020303,-0.009380
0.058219,0.020765,-0.009962
0.058926,0.021229,-0.010525
0.059487,0.021460,-0.010977
0.059863,0.021219,-0.011229
0.060019,0.020271,-0.011186
0.059916,0.018379,-0.010759
0.059859,0.017323,-0.010523
0.059885,0.017222,-0.010530
0.059966,0.017779,-0.010701
0.060070,0.018700,-0.010957
0.060169,0.019687,-0.011219
0.060233,0.020444,-0.011410
0.060232,0.020676,-0.011449
0.060136,0.020087,-0.011259
0.059916,0.018379,-0.010759
0.059733,0.016645,-0.010030
0.059604,0.015091,-0.009131
0.059505,0.013700,-0.008116
0.059414,0.012455,-0.007040
0.059308,0.011341,-0.005958
0.059164,0.010342,-0.004924
0.058960,0.009441,-0.003994
0.058673,0.008622,-0.003221
0.058281,0.007869,-0.002661
0.057680,0.007738,-0.002369
0.056876,0.007989,-0.002321
0.055903,0.008179,-0.002471
0.054794,0.007868,-0.002777
0.053581,0.006612,-0.003192
0.052299,0.003972,-0.003672
0.050980,-0.000494,-0.004172
0.049657,-0.007229,-0.004648
0.048364,-0.016672,-0.005055
0.046769,-0.026195,-0.005661
0.044718,-0.035129,-0.006488
0.042100,-0.043293,-0.007501
0.038806,-0.050509,-0.008664
0.034725,-0.056598,-0.009939
0.029748,-0.061380,-0.011290
0.023765,-0.064677,-0.012682
0.016666,-0.066309,-0.014076
0.008340,-0.066097,-0.015438
0.000035,-0.064752,-0.016987
-0.007749,-0.062418,-0.018674
-0.014698,-0.059098,-0.020379
-0.020501,-0.054796,-0.021985
-0.024844,-0.049513,-0.023371
-0.027415,-0.043253,-0.024421
-0.027900,-0.036019,-0.025015
-0.025988,-0.027813,-0.025035
-0.021364,-0.018638,-0.024361
-0.016606,-0.012745,-0.022633
-0.012213,-0.010201,-0.019931
-0.008163,-0.010028,-0.016446
-0.004437,-0.011249,-0.012370
-0.001012,-0.012886,-0.007893
0.002133,-0.013961,-0.003208
0.005017,-0.013496,0.001496
0.007663,-0.010512,0.006026
0.010091,-0.004033,0.010191
0.013270,0.003296,0.013902
0.017038,0.010834,0.017169
0.020952,0.018440,0.020026
0.024566,0.025973,0.022508
0.027438,0.033291,0.024650
0.029123,0.040254,0.026487
0.029177,0.046721,0.028053
0.027155,0.052550,0.029384
0.022615,0.057600,0.030514
0.018284,0.061728,0.030624
0.014620,0.065000,0.029723
0.011514,0.067539,0.028028
0.008855,0.069467,0.025755
0.006534,0.070906,0.023119
0.004440,0.071977,0.020337
0.002464,0.072802,0.017625
0.000497,0.073504,0.015199
-0.001573,0.074204,0.013276
-0.004251,0.075831,0.010947
-0.007399,0.077908,0.008085
-0.010716,0.079612,0.004753
-0.013902,0.080117,0.001018
-0.016656,0.078599,-0.003056
-0.018679,0.074233,-0.007403
-0.019669,0.066193,-0.011959
-0.019326,0.053654,-0.016658
-0.017350,0.035793,-0.021436
-0.017498,0.021801,-0.023393
-0.020135,0.012754,-0.022468
-0.024774,0.007694,-0.019305
-0.030932,0.005664,-0.014550
-0.038123,0.005707,-0.008850
-0.045862,0.006867,-0.002848
-0.053664,0.008186,0.002809
-0.061044,0.008708,0.007475
-0.067518,0.007476,0.010505
-0.072163,0.005398,0.011558
-0.074951,0.002840,0.011207
-0.076078,0.000037,0.010255
-0.075740,-0.002778,0.009503
-0.074132,-0.005374,0.009753
-0.071450,-0.007516,0.011809
-0.067890,-0.008972,0.016471
-0.063648,-0.009508,0.024542
-0.058919,-0.008892,0.036824
-0.054383,-0.006505,0.045095
-0.050146,-0.002849,0.048516
-0.046173,0.001294,0.048094
-0.042426,0.005143,0.044838
-0.038870,0.007917,0.039754
-0.035467,0.008835,0.033850
-0.032181,0.007114,0.028134
-0.028976,0.001975,0.023613
-0.025815,-0.007366,0.021295
-0.021846,-0.014760,0.019314
-0.017119,-0.019144,0.017406
-0.011911,-0.020726,0.015705
-0.006500,-0.019713,0.014344
-0.001162,-0.016315,0.013459
0.003826,-0.010739,0.013182
0.008187,-0.003192,0.013649
0.011644,0.006116,0.014993
0.013920,0.016979,0.017349
0.015659,0.026822,0.020052
0.017187,0.035179,0.022804
0.018750,0.042111,0.025397
0.020594,0.047677,0.027625
0.022966,0.051938,0.029281
0.026110,0.054955,0.030158
0.030274,0.056786,0.030050
0.035703,0.057493,0.028748
0.042644,0.057136,0.026047
0.048637,0.055619,0.023227
0.053229,0.053412,0.020581
0.056467,0.051129,0.018153
0.058398,0.049383,0.015986
0.059072,0.048787,0.014126
0.058534,0.049955,0.012616
0.056833,0.053500,0.011501
0.054016,0.060035,0.010826
0.050131,0.070174,0.010634
0.046244,0.077142,0.010115
0.042635,0.080177,0.009116
0.039392,0.080018,0.007651
0.036599,0.077405,0.005735
0.034342,0.073077,0.003381
0.032707,0.067775,0.000602
0.031780,0.062237,-0.002587
0.031646,0.057204,-0.006172
0.032391,0.053414,-0.010141
0.033488,0.047828,-0.015581
0.034771,0.040508,-0.022162
0.036166,0.032292,-0.029203
0.037597,0.024019,-0.036018
0.038991,0.016527,-0.041925
0.040272,0.010654,-0.046239
0.041366,0.007238,-0.048277
0.042199,0.007119,-0.047356
0.042695,0.011133,-0.042792
0.042684,0.016852,-0.037383
0.042282,0.023277,-0.031979
0.041674,0.029763,-0.026945
0.041049,0.035667,-0.022647
0.040591,0.040348,-0.019447
0.040489,0.043161,-0.017712
0.040928,0.043463,-0.017805
0.042096,0.040612,-0.020092
0.044178,0.033964,-0.024936
0.044757,0.027025,-0.029261
0.043638,0.020661,-0.032560
0.041183,0.015082,-0.034964
0.037753,0.010495,-0.036610
0.033712,0.007110,-0.037631
0.029420,0.005134,-0.038161
0.025240,0.004775,-0.038334
0.021534,0.006242,-0.038283
0.018662,0.009744,-0.038144
0.017014,0.013975,-0.039431
0.016538,0.018514,-0.042064
0.017072,0.023167,-0.045567
0.018455,0.027735,-0.049463
0.020524,0.032022,-0.053276
0.023120,0.035831,-0.056528
0.026080,0.038965,-0.058742
0.029242,0.041227,-0.059442
0.032446,0.042420,-0.058151
0.038019,0.044415,-0.055964
0.045792,0.047344,-0.053033
0.054972,0.050907,-0.049280
0.064767,0.054806,-0.044622
0.074384,0.058739,-0.038980
0.083029,0.062407,-0.032272
0.089910,0.065511,-0.024419
0.094235,0.067749,-0.015339
0.095209,0.068822,-0.004951
0.094432,0.068488,0.003237
0.092506,0.066776,0.008831
0.089783,0.063783,0.012216
0.086616,0.059607,0.013777
0.083358,0.054346,0.013897
0.080360,0.048098,0.012961
0.077975,0.040960,0.011354
0.076555,0.033030,0.009459
0.076454,0.024405,0.007662
0.079830,0.016839,0.001808
0.086321,0.010770,-0.007582
0.094933,0.006312,-0.018819
0.104671,0.003576,-0.030214
0.114543,0.002674,-0.040079
0.123553,0.003718,-0.046726
0.130708,0.006821,-0.048464
0.135014,0.012094,-0.043606
0.135477,0.019650,-0.030462
0.133736,0.027896,-0.017557
0.130367,0.036337,-0.006572
0.125682,0.044751,0.002523
0.119990,0.052917,0.009759
0.113604,0.060614,0.015166
0.106832,0.067618,0.018773
0.099988,0.073711,0.020610
0.093380,0.078668,0.020708
0.087320,0.082270,0.019095
0.082078,0.083403,0.016090
0.077601,0.082030,0.012109
0.073760,0.078383,0.007593
0.070420,0.072694,0.002983
0.067452,0.065195,-0.001278
0.064723,0.056117,-0.004750
0.062101,0.045693,-0.006990
0.059456,0.034154,-0.007558
0.056654,0.021731,-0.006010
0.054133,0.009091,-0.005268
0.051985,-0.003291,-0.005691
0.050209,-0.014986,-0.007001
0.048810,-0.025567,-0.008921
0.047789,-0.034605,-0.011172
0.047148,-0.041671,-0.013476
0.046891,-0.046338,-0.015555
0.047019,-0.048176,-0.017130
0.047535,-0.046758,-0.017925
0.048985,-0.045666,-0.018473
0.051260,-0.045354,-0.018763
0.054082,-0.045494,-0.018643
0.057176,-0.045758,-0.017964
0.060265,-0.045820,-0.016576
0.063075,-0.045350,-0.014328
0.065329,-0.044021,-0.011070
0.066750,-0.041506,-0.006653
0.067064,-0.037477,-0.000925
0.066630,-0.034863,0.003225
0.065550,-0.033956,0.005462
0.063860,-0.034388,0.006094
0.061596,-0.035793,0.005426
0.058795,-0.037802,0.003765
0.055492,-0.040048,0.001416
0.051724,-0.042164,-0.001314
0.047527,-0.043782,-0.004120
0.042938,-0.044534,-0.006695
0.038954,-0.043849,-0.008268
0.035695,-0.041859,-0.008726
0.033059,-0.038873,-0.008118
0.030946,-0.035200,-0.006494
0.029255,-0.031148,-0.003905
0.027886,-0.027027,-0.000400
0.026737,-0.023145,0.003972
0.025709,-0.019811,0.009159
0.024699,-0.017334,0.015113
0.023667,-0.014900,0.020802
0.022716,-0.012239,0.025871
0.021983,-0.009219,0.030131
0.021604,-0.005706,0.033395
0.021719,-0.001568,0.035477
0.022463,0.003328,0.036187
0.023975,0.009116,0.035340
0.026393,0.015928,0.032747
0.029853,0.023896,0.028220
0.032983,0.030757,0.023757
0.035471,0.036157,0.019906
0.037270,0.040223,0.016850
0.038333,0.043081,0.014777
0.038612,0.044857,0.013872
0.038061,0.045679,0.014319
0.036632,0.045672,0.016304
0.034278,0.044962,0.020014
0.030952,0.043677,0.025632
0.025962,0.041268,0.029916
0.019528,0.037902,0.032548
0.012101,0.033925,0.033940
0.004131,0.029683,0.034502
-0.003934,0.025521,0.034648
-0.011643,0.021784,0.034790
-0.018546,0.018820,0.035338
-0.024194,0.016972,0.036705
-0.028136,0.016586,0.039303
-0.030421,0.018512,0.042673
-0.031289,0.022624,0.046485
-0.031031,0.028553,0.050438
-0.029938,0.035931,0.054235
-0.028300,0.044387,0.057576
-0.026408,0.053554,0.060162
-0.024551,0.063062,0.061695
-0.023021,0.072543,0.061876
-0.022108,0.081627,0.060405
-0.021136,0.087512,0.060950
-0.019899,0.090086,0.063359
-0.018305,0.089911,0.066524
-0.016264,0.087551,0.069338
-0.013685,0.083566,0.070692
-0.010478,0.078519,0.069478
-0.006552,0.072972,0.064590
-0.001816,0.067487,0.054918
0.003821,0.062627,0.039356
0.006970,0.056904,0.022440
0.007459,0.050101,0.005380
0.005915,0.042316,-0.011447
0.002968,0.033647,-0.027663
-0.000755,0.024193,-0.042890
-0.004625,0.014053,-0.056750
-0.008012,0.003325,-0.068866
-0.010290,-0.007892,-0.078859
-0.010828,-0.019499,-0.086352
-0.011329,-0.031143,-0.090907
-0.012139,-0.042206,-0.092710
-0.013270,-0.052008,-0.092101
-0.014730,-0.059865,-0.089421
-0.016527,-0.065096,-0.085013
-0.018673,-0.067019,-0.079215
-0.021175,-0.064952,-0.072370
-0.024043,-0.058213,-0.064819
-0.027287,-0.046119,-0.056902
-0.029356,-0.034457,-0.049987
-0.030188,-0.023960,-0.044159
-0.030094,-0.014096,-0.039181
-0.029384,-0.004336,-0.034817
-0.028369,0.005851,-0.030828
-0.027361,0.016994,-0.026979
-0.026669,0.029624,-0.023032
-0.026605,0.044270,-0.018752
-0.027479,0.061464,-0.013900
-0.028901,0.075878,-0.008342
-0.030712,0.086718,-0.002237
-0.032810,0.094323,0.004186
-0.035094,0.099035,0.010696
-0.037461,0.101191,0.017062
-0.039811,0.101132,0.023054
-0.042042,0.099198,0.028443
-0.044051,0.095728,0.032996
-0.045739,0.091061,0.036483
-0.046500,0.086468,0.038363
-0.046373,0.082277,0.038710
-0.045554,0.078582,0.037757
-0.044239,0.075477,0.035734
-0.042625,0.073055,0.032874
-0.040909,0.071410,0.029408
-0.039286,0.070636,0.025566
-0.037954,0.070827,0.021580
-0.037109,0.072077,0.017682
-0.036614,0.073598,0.014205
-0.036469,0.075152,0.011100
-0.036710,0.076635,0.008224
-0.037371,0.077944,0.005435
-0.038486,0.078977,0.002589
-0.040091,0.079631,-0.000458
-0.042220,0.079803,-0.003849
-0.044908,0.079389,-0.007726
-0.048191,0.078288,-0.012234
-0.050284,0.077603,-0.017083
-0.050962,0.077145,-0.022147
-0.050386,0.076396,-0.027343
-0.048719,0.074842,-0.032583
-0.046123,0.071967,-0.037785
-0.042761,0.067256,-0.042862
-0.038794,0.060193,-0.047730
-0.034385,0.050263,-0.052304
-0.029697,0.036950,-0.056498
-0.026272,0.024090,-0.059382
-0.024072,0.012369,-0.061068
-0.022660,0.001686,-0.061928
-0.021603,-0.008058,-0.062335
-0.020464,-0.016963,-0.062662
-0.018810,-0.025131,-0.063282
-0.016204,-0.032660,-0.064568
-0.012212,-0.039652,-0.066892
-0.006398,-0.046207,-0.070628
-0.002042,-0.047581,-0.072356
0.000402,-0.044122,-0.071672
0.001188,-0.037453,-0.068927
0.000567,-0.029194,-0.064473
-0.001209,-0.020967,-0.058661
-0.003887,-0.014394,-0.051840
-0.007214,-0.011095,-0.044363
-0.010940,-0.012693,-0.036579
-0.014810,-0.020808,-0.028841
-0.017327,-0.026402,-0.022869
-0.018338,-0.028382,-0.018711
-0.018030,-0.027639,-0.016000
-0.016588,-0.025066,-0.014364
-0.014198,-0.021554,-0.013436
-0.011045,-0.017996,-0.012845
-0.007315,-0.015285,-0.012222
-0.003195,-0.014311,-0.011198
0.001132,-0.015967,-0.009403
0.004535,-0.018049,-0.008202
0.006811,-0.020139,-0.007766
0.007991,-0.022268,-0.007966
0.008101,-0.024465,-0.008674
0.007172,-0.026761,-0.009763
0.005232,-0.029186,-0.011102
0.002309,-0.031769,-0.012566
-0.001568,-0.034542,-0.014024
-0.006369,-0.037534,-0.015349
-0.009298,-0.040016,-0.018156
-0.009987,-0.041903,-0.022301
-0.008679,-0.043274,-0.027197
-0.005612,-0.044208,-0.032261
-0.001029,-0.044781,-0.036908
0.004830,-0.045072,-0.040553
0.011724,-0.045159,-0.042610
0.019413,-0.045120,-0.042496
0.027655,-0.045032,-0.039626
0.033161,-0.043620,-0.032887
0.035663,-0.040912,-0.022793
0.035651,-0.037264,-0.010261
0.033615,-0.033030,0.003789
0.030044,-0.028568,0.018442
0.025428,-0.024233,0.032776
0.020255,-0.020379,0.045876
0.015016,-0.017363,0.056822
0.010199,-0.015540,0.064697
0.005172,-0.014347,0.069061
-0.000097,-0.013595,0.070177
-0.005493,-0.013186,0.068481
-0.010896,-0.013026,0.064410
-0.016189,-0.013019,0.058399
-0.021255,-0.013070,0.050885
-0.025977,-0.013081,0.042305
-0.030237,-0.012958,0.033094
-0.033916,-0.012605,0.023689
-0.037046,-0.012006,0.015127
-0.039687,-0.011231,0.007759
-0.041906,-0.010367,0.001767
-0.043773,-0.009505,-0.002667
-0.045355,-0.008732,-0.005364
-0.046723,-0.008138,-0.006141
-0.047943,-0.007811,-0.004817
-0.049085,-0.007840,-0.001211
-0.050217,-0.008314,0.004858
-0.049648,-0.007266,0.010585
-0.047415,-0.004760,0.015424
-0.043984,-0.001372,0.019399
-0.039822,0.002326,0.022530
-0.035397,0.005758,0.024840
-0.031176,0.008351,0.026352
-0.027626,0.009531,0.027085
-0.025215,0.008724,0.027063
-0.024409,0.005355,0.026308
-0.023836,0.000594,0.025952
-0.023255,-0.004880,0.026000
-0.022711,-0.010508,0.026176
-0.022249,-0.015731,0.026202
-0.021913,-0.019991,0.025801
-0.021749,-0.022728,0.024695
-0.021800,-0.023384,0.022609
-0.022110,-0.021401,0.019264
-0.022726,-0.016220,0.014383
-0.024026,-0.010403,0.009231
-0.025787,-0.004572,0.004209
-0.027637,0.001136,-0.000502
-0.029202,0.006584,-0.004720
-0.030109,0.011633,-0.008262
-0.029985,0.016148,-0.010946
-0.028456,0.019991,-0.012589
-0.025150,0.023025,-0.013009
-0.019693,0.025112,-0.012025
-0.015181,0.027295,-0.009939
-0.012110,0.029551,-0.007250
-0.010328,0.031596,-0.004507
-0.009683,0.033144,-0.002255
-0.010021,0.033908,-0.001041
-0.011190,0.033603,-0.001414
-0.013039,0.031943,-0.003919
-0.015413,0.028643,-0.009105
-0.018161,0.023416,-0.017517
-0.020192,0.019839,-0.028082
-0.021341,0.018307,-0.040013
-0.021674,0.018418,-0.052600
-0.021255,0.019773,-0.065132
-0.020151,0.021970,-0.076895
-0.018426,0.024607,-0.087179
-0.016148,0.027285,-0.095272
-0.013380,0.029602,-0.100463
-0.010189,0.031158,-0.102040
-0.005421,0.031638,-0.103747
0.000716,0.031224,-0.106132
0.007673,0.030224,-0.108945
0.014901,0.028944,-0.111933
0.021851,0.027692,-0.114844
0.027974,0.026773,-0.117428
0.032722,0.026496,-0.119433
0.035545,0.027166,-0.120608
0.035895,0.029090,-0.120700
0.035399,0.033748,-0.122189
0.034480,0.040993,-0.125157
0.033260,0.050272,-0.129084
0.031860,0.061033,-0.133452
0.030403,0.072722,-0.137742
0.029010,0.084788,-0.141434
0.027804,0.096676,-0.144010
0.026906,0.107835,-0.144951
0.026438,0.117711,-0.143739
0.026488,0.123355,-0.138213
0.027200,0.124787,-0.128814
0.028728,0.122769,-0.116634
0.031227,0.118062,-0.102766
0.034853,0.111428,-0.088301
0.039760,0.103629,-0.074331
0.046105,0.095426,-0.061948
0.054041,0.087581,-0.052243
0.063725,0.080857,-0.046309
0.071044,0.074774,-0.040704
0.075506,0.069296,-0.034953
0.077522,0.064493,-0.029327
0.077504,0.060436,-0.024092
0.075864,0.057198,-0.019518
0.073015,0.054850,-0.015872
0.069368,0.053463,-0.013424
0.065335,0.053108,-0.012440
0.061328,0.053858,-0.013191
0.057545,0.055023,-0.014435
0.054092,0.056327,-0.016009
0.051051,0.057596,-0.018019
0.048505,0.058658,-0.020570
0.046537,0.059340,-0.023767
0.045229,0.059469,-0.027717
0.044664,0.058872,-0.032524
0.044925,0.057376,-0.038295
0.046093,0.054807,-0.045136
0.048492,0.051773,-0.053221
0.051776,0.048191,-0.062085
0.055435,0.043804,-0.071097
0.058958,0.038359,-0.079629
0.061836,0.031599,-0.087052
0.063557,0.023270,-0.092736
0.063611,0.013117,-0.096054
0.061487,0.000884,-0.096375
0.056676,-0.013684,-0.093071
0.050810,-0.026509,-0.087766
0.044506,-0.036808,-0.081225
0.038125,-0.044616,-0.074001
0.032027,-0.049971,-0.066646
0.026572,-0.052910,-0.059712
0.022122,-0.053471,-0.053752
0.019037,-0.051691,-0.049318
0.017678,-0.047607,-0.046962
0.018406,-0.041256,-0.047235
0.017770,-0.031674,-0.046356
0.015325,-0.019324,-0.044008
0.011374,-0.005026,-0.040744
0.006225,0.010397,-0.037116
0.000180,0.026127,-0.033678
-0.006454,0.041342,-0.030980
-0.013373,0.055221,-0.029577
-0.020272,0.066944,-0.030019
-0.026846,0.075690,-0.032860
-0.032002,0.083028,-0.034671
-0.035728,0.089053,-0.035103
-0.038285,0.093494,-0.034576
-0.039935,0.096077,-0.033510
-0.040938,0.096533,-0.032327
-0.041555,0.094587,-0.031445
-0.042046,0.089969,-0.031286
-0.042673,0.082407,-0.032270
-0.043695,0.071627,-0.034817
-0.046016,0.062269,-0.036747
-0.049497,0.054781,-0.037717
-0.053741,0.048567,-0.037840
-0.058349,0.043029,-0.037234
-0.062923,0.037571,-0.036013
-0.067066,0.031595,-0.034293
-0.070378,0.024504,-0.032189
-0.072462,0.015701,-0.029816
-0.072920,0.004589,-0.027289
-0.073967,-0.006050,-0.022029
-0.075658,-0.015430,-0.014390
-0.077508,-0.023264,-0.005461
-0.079033,-0.029268,0.003671
-0.079749,-0.033153,0.011916
-0.079171,-0.034634,0.018187
-0.076815,-0.033425,0.021394
-0.072196,-0.029239,0.020451
-0.064830,-0.021790,0.014267
-0.058521,-0.015454,0.007817
-0.053866,-0.010905,0.002255
-0.050657,-0.007898,-0.002220
-0.048688,-0.006183,-0.005411
-0.047752,-0.005513,-0.007118
-0.047644,-0.005639,-0.007143
-0.048157,-0.006313,-0.005288
-0.049083,-0.007288,-0.001354
-0.050217,-0.008314,0.004858
-0.051542,-0.006982,0.011758
-0.053036,-0.003436,0.018702
-0.054678,0.001542,0.025287
-0.056445,0.007168,0.031106
-0.058316,0.012659,0.035756
-0.060269,0.017233,0.038830
-0.062281,0.020106,0.039925
-0.064332,0.020495,0.038634
-0.066398,0.017618,0.034554
-0.066893,0.014376,0.029675
-0.065581,0.011494,0.024733
-0.062564,0.009153,0.020144
-0.057944,0.007534,0.016329
-0.051822,0.006818,0.013705
-0.044301,0.007184,0.012693
-0.035481,0.008815,0.013710
-0.025465,0.011889,0.017176
-0.014354,0.016589,0.023509
-0.002716,0.022958,0.029819
0.008964,0.030315,0.035451
0.020218,0.037802,0.040314
0.030580,0.044557,0.044315
0.039582,0.049721,0.047359
0.046759,0.052435,0.049354
0.051645,0.051837,0.050207
0.053771,0.047067,0.049825
0.052671,0.037267,0.048115
0.048313,0.029231,0.047167
0.041127,0.023928,0.047255
0.031664,0.020867,0.048195
0.020473,0.019560,0.049808
0.008101,0.019517,0.051909
-0.004900,0.020249,0.054317
-0.017983,0.021265,0.056849
-0.030597,0.022077,0.059325
-0.042195,0.022196,0.061561
-0.051626,0.020804,0.063625
-0.058849,0.017932,0.065449
-0.064101,0.013822,0.066929
-0.067617,0.008718,0.067964
-0.069634,0.002862,0.068450
-0.070388,-0.003504,0.068286
-0.070115,-0.010137,0.067368
-0.069052,-0.016795,0.065594
-0.067434,-0.023235,0.062862
-0.064523,-0.026613,0.059580
-0.060547,-0.026973,0.055953
-0.055973,-0.025082,0.052133
-0.051270,-0.021706,0.048275
-0.046907,-0.017611,0.044530
-0.043352,-0.013563,0.041051
-0.041072,-0.010329,0.037992
-0.040538,-0.008675,0.035506
-0.042217,-0.009367,0.033745
-0.043132,-0.009582,0.034049
-0.042847,-0.008999,0.036246
-0.041558,-0.007918,0.039785
-0.039463,-0.006639,0.044116
-0.036759,-0.005465,0.048687
-0.033643,-0.004696,0.052949
-0.030312,-0.004634,0.056351
-0.026964,-0.005580,0.058342
-0.023797,-0.007835,0.058372
-0.020528,-0.012540,0.056077
-0.017189,-0.019254,0.051723
-0.013890,-0.027138,0.045731
-0.010740,-0.035353,0.038522
-0.007850,-0.043061,0.030518
-0.005329,-0.049424,0.022140
-0.003286,-0.053602,0.013810
-0.001832,-0.054759,0.005948
-0.001075,-0.052054,-0.001023
-0.001095,-0.047398,-0.006532
-0.001689,-0.041615,-0.010574
-0.002582,-0.035257,-0.013288
-0.003499,-0.028876,-0.014811
-0.004168,-0.023025,-0.015283
-0.004313,-0.018257,-0.014839
-0.003661,-0.015123,-0.013619
-0.001938,-0.014175,-0.011761
0.001132,-0.015967,-0.009403
0.004228,-0.018631,-0.007028
0.007107,-0.021579,-0.004849
0.009795,-0.024545,-0.003011
0.012315,-0.027261,-0.001659
0.014693,-0.029462,-0.000938
0.016954,-0.030881,-0.000992
0.019123,-0.031250,-0.001967
0.021225,-0.030303,-0.004006
0.023285,-0.027774,-0.007256
0.024072,-0.024065,-0.009894
0.023595,-0.019666,-0.011788
0.022167,-0.015092,-0.013226
0.020107,-0.010854,-0.014497
0.017728,-0.007466,-0.015891
0.015348,-0.005440,-0.017695
0.013282,-0.005290,-0.020199
0.011845,-0.007528,-0.023691
0.011354,-0.012666,-0.028461
0.011521,-0.019321,-0.031849
0.012001,-0.026269,-0.033457
0.012435,-0.032326,-0.033453
0.012464,-0.036309,-0.032006
0.011730,-0.037036,-0.029284
0.009874,-0.033323,-0.025454
0.006538,-0.023987,-0.020686
0.001362,-0.007845,-0.015147
-0.006012,0.016286,-0.009006
-0.011895,0.037236,-0.005570
-0.015799,0.052976,-0.005183
-0.018034,0.063764,-0.007444
-0.018915,0.069854,-0.011955
-0.018751,0.071506,-0.018316
-0.017855,0.068974,-0.026129
-0.016538,0.062515,-0.034994
-0.015113,0.052387,-0.044513
-0.013892,0.038847,-0.054285
-0.013792,0.024698,-0.064047
-0.014758,0.010783,-0.073429
-0.016491,-0.002547,-0.082033
-0.018693,-0.014941,-0.089461
-0.021065,-0.026049,-0.095317
-0.023308,-0.035519,-0.099202
-0.025124,-0.043002,-0.100719
-0.026214,-0.048145,-0.099471
-0.026279,-0.050598,-0.095061
-0.025320,-0.051537,-0.093462
-0.023615,-0.051239,-0.095032
-0.021510,-0.049762,-0.098723
-0.019350,-0.047159,-0.103487
-0.017480,-0.043486,-0.108278
-0.016247,-0.038799,-0.112048
-0.015997,-0.033153,-0.113749
-0.017074,-0.026602,-0.112333
-0.019826,-0.019204,-0.106755
-0.021989,-0.013094,-0.102612
-0.023356,-0.008878,-0.100564
-0.024236,-0.006776,-0.100035
-0.024934,-0.007009,-0.100448
-0.025760,-0.009798,-0.101227
-0.027021,-0.015363,-0.101796
-0.029023,-0.023926,-0.101579
-0.032074,-0.035708,-0.099999
-0.036482,-0.050929,-0.096481
-0.039664,-0.062963,-0.093228
-0.041288,-0.070867,-0.090490
-0.041588,-0.075115,-0.088024
-0.040798,-0.076183,-0.085591
-0.039151,-0.074547,-0.082949
-0.036879,-0.070681,-0.079857
-0.034216,-0.065062,-0.076073
-0.031395,-0.058164,-0.071357
-0.028650,-0.050464,-0.065468
-0.026989,-0.042756,-0.060756
-0.026228,-0.035428,-0.056981
-0.025883,-0.028765,-0.053254
-0.025469,-0.023052,-0.048684
-0.024503,-0.018574,-0.042382
-0.022501,-0.015616,-0.033460
-0.018980,-0.014464,-0.021029
-0.013455,-0.015402,-0.004198
-0.005442,-0.018715,0.017922
0.002421,-0.022675,0.035751
0.009514,-0.026772,0.048044
0.015720,-0.030797,0.055636
0.020923,-0.034543,0.059365
0.025008,-0.037803,0.060066
0.027857,-0.040369,0.058578
0.029355,-0.042034,0.055736
0.029385,-0.042590,0.052377
0.027831,-0.041830,0.049337
0.027035,-0.041577,0.047793
0.027240,-0.041910,0.047553
0.028167,-0.042471,0.048081
0.029534,-0.042902,0.048845
0.031060,-0.042846,0.049309
0.032466,-0.041945,0.048940
0.033470,-0.039842,0.047203
0.033792,-0.036179,0.043563
0.033151,-0.030599,0.037487
0.030670,-0.026041,0.030262
0.026514,-0.022734,0.022434
0.021109,-0.020227,0.014360
0.014881,-0.018072,0.006398
0.008256,-0.015819,-0.001092
0.001658,-0.013020,-0.007753
-0.004486,-0.009225,-0.013226
-0.009750,-0.003985,-0.017153
-0.013709,0.003150,-0.019176
-0.017646,0.011046,-0.019251
-0.021653,0.019148,-0.017878
-0.025523,0.027042,-0.015696
-0.029051,0.034318,-0.013342
-0.032031,0.040562,-0.011453
-0.034256,0.045362,-0.010666
-0.035522,0.048306,-0.011619
-0.035621,0.048982,-0.014949
-0.034349,0.046978,-0.021294
-0.031083,0.044827,-0.026458
-0.026130,0.042804,-0.029931
-0.020029,0.040621,-0.032125
-0.013319,0.037988,-0.033451
-0.006540,0.034618,-0.034319
-0.000231,0.030222,-0.035141
0.005070,0.024510,-0.036327
0.008823,0.017195,-0.038290
0.010489,0.007987,-0.041439
0.009852,-0.001714,-0.043039
0.007134,-0.011302,-0.042564
0.002667,-0.020367,-0.040045
-0.003217,-0.028500,-0.035510
-0.010187,-0.035291,-0.028988
-0.017909,-0.040331,-0.020509
-0.026052,-0.043211,-0.010100
-0.034285,-0.043521,0.002208
-0.042275,-0.040852,0.016387
-0.048455,-0.038094,0.027087
-0.052646,-0.035940,0.033568
-0.055016,-0.034532,0.036239
-0.055732,-0.034015,0.035514
-0.054962,-0.034532,0.031802
-0.052873,-0.036225,0.025516
-0.049633,-0.039239,0.017067
-0.045410,-0.043716,0.006865
-0.040372,-0.049801,-0.004677
-0.034438,-0.053012,-0.014403
-0.028043,-0.053038,-0.022010
-0.021752,-0.050607,-0.027908
-0.016127,-0.046449,-0.032507
-0.011732,-0.041293,-0.036217
-0.009131,-0.035870,-0.039449
-0.008887,-0.030908,-0.042611
-0.011564,-0.027136,-0.046115
-0.017725,-0.025285,-0.050371
-0.024903,-0.021946,-0.054983
-0.032419,-0.017089,-0.059604
-0.040036,-0.011528,-0.063900
-0.047522,-0.006077,-0.067538
-0.054642,-0.001551,-0.070182
-0.061162,0.001237,-0.071499
-0.066847,0.001472,-0.071154
-0.071464,-0.001660,-0.068813
-0.074778,-0.008973,-0.064141
-0.076690,-0.017544,-0.059055
-0.077245,-0.026426,-0.054109
-0.076526,-0.035160,-0.049517
-0.074614,-0.043292,-0.045495
-0.071592,-0.050365,-0.042255
-0.067542,-0.055924,-0.040014
-0.062545,-0.059510,-0.038985
-0.056685,-0.060670,-0.039382
-0.050042,-0.058945,-0.041420
-0.043917,-0.054750,-0.042616
-0.038462,-0.048677,-0.042588
-0.033541,-0.041363,-0.041475
-0.029019,-0.033446,-0.039420
-0.024761,-0.025563,-0.036565
-0.020633,-0.018352,-0.033049
-0.016498,-0.012451,-0.029016
-0.012222,-0.008496,-0.024606
-0.007669,-0.007126,-0.019961
-0.005353,-0.004290,-0.014840
-0.005291,0.000376,-0.009511
-0.006873,0.006314,-0.004368
-0.009490,0.012967,0.000191
-0.012533,0.019777,0.003774
-0.015393,0.026187,0.005984
-0.017462,0.031637,0.006426
-0.018130,0.035572,0.004705
-0.016789,0.037433,0.000425
-0.014839,0.035986,-0.004505
-0.012752,0.031402,-0.009635
-0.010767,0.024205,-0.014881
-0.009122,0.014916,-0.020155
-0.008055,0.004058,-0.025373
-0.007805,-0.007846,-0.030447
-0.008610,-0.020275,-0.035292
-0.010709,-0.032704,-0.039823
-0.014340,-0.044613,-0.043953
-0.019700,-0.051350,-0.050725
-0.026257,-0.053034,-0.059383
-0.033294,-0.050976,-0.068218
-0.040097,-0.046484,-0.075525
-0.045949,-0.040870,-0.079597
-0.050136,-0.035442,-0.078725
-0.051941,-0.031512,-0.071204
-0.050649,-0.030389,-0.055327
-0.045545,-0.033383,-0.029386
-0.041301,-0.037063,-0.006559
-0.038664,-0.040588,0.011047
-0.037398,-0.043768,0.024093
-0.037269,-0.046412,0.033243
-0.038040,-0.048327,0.039157
-0.039477,-0.049323,0.042497
-0.041345,-0.049209,0.043925
-0.043408,-0.047793,0.044104
-0.045430,-0.044883,0.043694
-0.046292,-0.042394,0.043248
-0.045918,-0.040701,0.042821
-0.044500,-0.039793,0.042346
-0.042224,-0.039662,0.041753
-0.039281,-0.040296,0.040975
-0.035859,-0.041687,0.039943
-0.032148,-0.043824,0.038589
-0.028335,-0.046697,0.036844
-0.024611,-0.050298,0.034641
-0.020436,-0.054446,0.038003
-0.015894,-0.058886,0.046864
-0.011223,-0.063341,0.059636
-0.006663,-0.067533,0.074730
-0.002453,-0.071185,0.090559
0.001169,-0.074022,0.105534
0.003963,-0.075766,0.118067
0.005691,-0.076139,0.126568
0.006113,-0.074867,0.129451
0.005883,-0.069555,0.130964
0.005086,-0.060451,0.131862
0.003667,-0.048465,0.132026
0.001571,-0.034505,0.131338
-0.001258,-0.019480,0.129681
-0.004873,-0.004300,0.126935
-0.009332,0.010128,0.122982
-0.014688,0.022894,0.117704
-0.020998,0.033090,0.110983
-0.025970,0.042252,0.104412
-0.029420,0.050293,0.098225
-0.031691,0.056721,0.092322
-0.033125,0.061044,0.086597
-0.034066,0.062770,0.080948
-0.034857,0.061406,0.075272
-0.035840,0.056459,0.069465
-0.037359,0.047438,0.063425
-0.039756,0.033850,0.057049
-0.041542,0.020923,0.051802
-0.042567,0.009811,0.047847
-0.043014,0.000650,0.045017
-0.043069,-0.006423,0.043147
-0.042913,-0.011273,0.042071
-0.042732,-0.013762,0.041625
-0.042708,-0.013756,0.041642
-0.043026,-0.011118,0.041956
-0.043870,-0.005712,0.042403
-0.043754,-0.000305,0.042668
-0.042517,0.004402,0.042711
-0.040332,0.008227,0.042554
-0.037370,0.010986,0.042222
-0.033801,0.012496,0.041739
-0.029798,0.012575,0.041130
-0.025532,0.011039,0.040420
-0.021175,0.007706,0.039632
-0.016897,0.002393,0.038791
-0.013359,-0.004797,0.040225
-0.010443,-0.013129,0.043588
-0.007831,-0.021716,0.047868
-0.005208,-0.029668,0.052050
-0.002258,-0.036097,0.055121
0.001336,-0.040112,0.056068
0.005888,-0.040826,0.053877
0.011715,-0.037348,0.047535
0.019133,-0.028791,0.036029
0.025967,-0.019672,0.024352
0.031778,-0.010857,0.013532
0.036559,-0.002298,0.003608
0.040305,0.006054,-0.005385
0.043010,0.014249,-0.013410
0.044668,0.022333,-0.020428
0.045272,0.030356,-0.026404
0.044817,0.038367,-0.031301
0.043296,0.046413,-0.035081
0.041596,0.055951,-0.038478
0.039913,0.066520,-0.041671
0.038270,0.077179,-0.044699
0.036693,0.086988,-0.047602
0.035204,0.095005,-0.050419
0.033828,0.100291,-0.053190
0.032590,0.101905,-0.055955
0.031512,0.098905,-0.058752
0.030620,0.090353,-0.061623
0.029734,0.082464,-0.063972
0.028972,0.076058,-0.065707
0.028526,0.070600,-0.066858
0.028586,0.065558,-0.067457
0.029345,0.060398,-0.067534
0.030995,0.054587,-0.067122
0.033726,0.047592,-0.066252
0.037730,0.038881,-0.064954
0.043199,0.027919,-0.063260
0.048169,0.016516,-0.060728
0.052371,0.005274,-0.057278
0.055960,-0.005508,-0.052915
0.059091,-0.015530,-0.047649
0.061917,-0.024491,-0.041488
0.064594,-0.032093,-0.034437
0.067277,-0.038035,-0.026506
0.070119,-0.042017,-0.017703
0.073277,-0.043741,-0.008034
0.076789,-0.044754,0.001786
0.080166,-0.045478,0.011267
0.082785,-0.046050,0.019976
0.084022,-0.046607,0.027480
0.083255,-0.047286,0.033346
0.079861,-0.048225,0.037138
0.073217,-0.049561,0.038425
0.062701,-0.051432,0.036773
0.047689,-0.053974,0.031748
0.033950,-0.056396,0.025253
0.022375,-0.058431,0.017893
0.012636,-0.059937,0.009949
0.004406,-0.060776,0.001702
-0.002644,-0.060808,-0.006570
-0.008843,-0.059894,-0.014584
-0.014517,-0.057895,-0.022062
-0.019995,-0.054672,-0.028722
-0.025605,-0.050084,-0.034284
-0.029434,-0.047135,-0.039907
-0.031418,-0.045907,-0.045475
-0.031954,-0.045759,-0.050558
-0.031440,-0.046044,-0.054724
-0.030272,-0.046120,-0.057542
-0.028850,-0.045343,-0.058579
-0.027569,-0.043068,-0.057404
-0.026827,-0.038651,-0.053585
-0.027023,-0.031448,-0.046691
-0.026630,-0.026703,-0.040550
-0.025291,-0.024712,-0.035814
-0.022940,-0.024535,-0.032342
-0.019511,-0.025233,-0.029991
-0.014937,-0.025865,-0.028618
-0.009153,-0.025490,-0.028083
-0.002092,-0.023170,-0.028244
0.006310,-0.017964,-0.028957
0.016121,-0.008931,-0.030081
0.026062,-0.004849,-0.034191
0.035461,-0.006151,-0.040994
0.043799,-0.011184,-0.049477
0.050556,-0.018297,-0.058629
0.055212,-0.025837,-0.067439
0.057248,-0.032152,-0.074895
0.056142,-0.035589,-0.079987
0.051376,-0.034496,-0.081703
0.042430,-0.027220,-0.079031
0.033022,-0.019386,-0.075441
0.024101,-0.012186,-0.071631
0.015929,-0.005705,-0.067608
0.008765,-0.000029,-0.063374
0.002869,0.004757,-0.058937
-0.001500,0.008569,-0.054301
-0.004081,0.011320,-0.049470
-0.004616,0.012926,-0.044451
-0.002844,0.013301,-0.039248
-0.000238,0.015347,-0.035702
0.002668,0.018647,-0.033973
0.005573,0.021958,-0.033803
0.008178,0.024034,-0.034932
0.010181,0.023632,-0.037103
0.011283,0.019507,-0.040055
0.011182,0.010415,-0.043529
0.009580,-0.004890,-0.047268
0.006174,-0.027650,-0.051011
0.003608,-0.051857,-0.057110
0.002133,-0.075590,-0.065145
0.001406,-0.097950,-0.074004
0.001082,-0.118041,-0.082576
0.000816,-0.134963,-0.089750
0.000264,-0.147819,-0.094414
-0.000918,-0.155711,-0.095458
-0.003074,-0.157740,-0.091769
-0.006550,-0.153010,-0.082236
-0.009538,-0.143856,-0.073224
-0.011695,-0.131353,-0.065851
-0.013044,-0.116257,-0.059919
-0.013607,-0.099326,-0.055235
-0.013407,-0.081316,-0.051602
-0.012466,-0.062987,-0.048825
-0.010806,-0.045093,-0.046709
-0.008450,-0.028394,-0.045058
-0.005420,-0.013645,-0.043676
-0.003466,-0.000035,-0.041541
-0.002851,0.012614,-0.038752
-0.003465,0.024317,-0.035689
-0.005200,0.035094,-0.032733
-0.007945,0.044962,-0.030263
-0.011591,0.053938,-0.028661
-0.016030,0.062040,-0.028306
-0.021152,0.069285,-0.029579
-0.026846,0.075690,-0.032860
-0.031742,0.080678,-0.035667
-0.035624,0.084177,-0.037482
-0.038568,0.086241,-0.038277
-0.040649,0.086928,-0.038026
-0.041942,0.086293,-0.036702
-0.042522,0.084390,-0.034277
-0.042465,0.081277,-0.030725
-0.041846,0.077008,-0.026018
-0.040740,0.071640,-0.020129
-0.040145,0.069396,-0.015625
-0.040077,0.070135,-0.012936
-0.040307,0.072624,-0.011960
-0.040605,0.075629,-0.012595
-0.040742,0.077919,-0.014739
-0.040486,0.078260,-0.018289
-0.039610,0.075420,-0.023144
-0.037882,0.068164,-0.029202
-0.035074,0.055261,-0.036359
-0.031372,0.043723,-0.042435
-0.026754,0.034647,-0.046968
-0.021145,0.027647,-0.049928
-0.014472,0.022340,-0.051282
-0.006660,0.018341,-0.051001
0.002365,0.015265,-0.049052
0.012678,0.012728,-0.045404
0.024352,0.010346,-0.040027
0.037462,0.007734,-0.032889
0.049329,0.006371,-0.024775
0.059503,0.006536,-0.015966
0.068091,0.008208,-0.006615
0.075200,0.011366,0.003124
0.080935,0.015988,0.013096
0.085405,0.022054,0.023148
0.088716,0.029542,0.033126
0.090974,0.038431,0.042875
0.092287,0.048699,0.052243
0.092638,0.057517,0.060818
0.092158,0.064084,0.068359
0.091014,0.068108,0.074666
0.089374,0.069297,0.079539
0.087404,0.067359,0.082780
0.085271,0.062003,0.084187
0.083143,0.052935,0.083562
0.081187,0.039865,0.080704
0.079570,0.022500,0.075415
0.077019,0.005733,0.068855
0.073334,-0.009272,0.061594
0.068582,-0.022283,0.054053
0.062829,-0.033069,0.046654
0.056142,-0.041397,0.039818
0.048588,-0.047036,0.033966
0.040235,-0.049755,0.029520
0.031148,-0.049321,0.026901
0.021396,-0.045502,0.026530
0.015009,-0.042392,0.027225
0.012220,-0.040644,0.028419
0.012310,-0.040051,0.029695
0.014561,-0.040408,0.030640
0.018254,-0.041506,0.030838
0.022671,-0.043140,0.029873
0.027093,-0.045104,0.027332
0.030802,-0.047191,0.022798
0.033079,-0.049194,0.015857
0.033834,-0.050264,0.009597
0.033198,-0.050544,0.004377
0.031354,-0.050424,-0.000127
0.028486,-0.050296,-0.004240
0.024779,-0.050548,-0.008287
0.020417,-0.051572,-0.012590
0.015585,-0.053759,-0.017475
0.010466,-0.057498,-0.023266
0.005244,-0.063180,-0.030288
0.000789,-0.067298,-0.037054
-0.002763,-0.069245,-0.043265
-0.005456,-0.069140,-0.048915
-0.007334,-0.067100,-0.053998
-0.008440,-0.063244,-0.058510
-0.008821,-0.057689,-0.062446
-0.008519,-0.050555,-0.065800
-0.007579,-0.041958,-0.068567
-0.006046,-0.032018,-0.070742
-0.004038,-0.021846,-0.073350
-0.001796,-0.012038,-0.076060
0.000408,-0.003057,-0.078201
0.002302,0.004631,-0.079101
0.003615,0.010564,-0.078090
0.004074,0.014275,-0.074496
0.003410,0.015302,-0.067648
0.001350,0.013178,-0.056876
-0.002379,0.007440,-0.041508
-0.006819,0.001716,-0.025347
-0.011806,-0.003365,-0.009536
-0.017373,-0.007924,0.005449
-0.023553,-0.012080,0.019133
-0.030379,-0.015953,0.031039
-0.037884,-0.019663,0.040691
-0.046102,-0.023330,0.047613
-0.055064,-0.027074,0.051328
-0.064805,-0.031016,0.051361
-0.071907,-0.032102,0.047066
-0.076002,-0.030323,0.039146
-0.077485,-0.026428,0.028639
-0.076750,-0.021169,0.016586
-0.074192,-0.015295,0.004026
-0.070203,-0.009556,-0.008001
-0.065179,-0.004703,-0.018457
-0.059514,-0.001486,-0.026301
-0.053601,-0.000654,-0.030494
-0.049171,-0.001241,-0.032649
-0.046347,-0.002790,-0.033280
-0.044850,-0.004976,-0.032627
-0.044401,-0.007470,-0.030929
-0.044721,-0.009948,-0.028427
-0.045531,-0.012081,-0.025361
-0.046553,-0.013543,-0.021971
-0.047508,-0.014007,-0.018495
-0.048116,-0.013147,-0.015175
-0.049285,-0.011429,-0.012165
-0.050864,-0.009039,-0.009287
-0.052441,-0.006092,-0.006283
-0.053604,-0.002705,-0.002894
-0.053940,0.001007,0.001137
-0.053037,0.004928,0.006071
-0.050481,0.008944,0.012166
-0.045861,0.012937,0.019680
-0.038763,0.016793,0.028872
-0.031977,0.019412,0.034733
-0.026169,0.020524,0.036926
-0.021474,0.020064,0.036279
-0.018029,0.017966,0.033622
-0.015968,0.014166,0.029783
-0.015427,0.008599,0.025592
-0.016541,0.001201,0.021878
-0.019447,-0.008094,0.019469
-0.024279,-0.019350,0.019196
-0.028653,-0.029577,0.020368
-0.032214,-0.038337,0.022624
-0.035111,-0.045829,0.025687
-0.037494,-0.052252,0.029277
-0.039513,-0.057805,0.033117
-0.041319,-0.062687,0.036928
-0.043060,-0.067097,0.040432
-0.044888,-0.071234,0.043351
-0.046952,-0.075297,0.045406
-0.048966,-0.077369,0.047581
-0.050767,-0.077556,0.049952
-0.052228,-0.076468,0.052367
-0.053218,-0.074718,0.054671
-0.053609,-0.072915,0.056714
-0.053272,-0.071671,0.058342
-0.052078,-0.071597,0.059403
-0.049897,-0.073304,0.059745
-0.046600,-0.077403,0.059215
-0.041773,-0.082803,0.058200
-0.035548,-0.088979,0.056894
-0.028197,-0.095546,0.055442
-0.019989,-0.102119,0.053991
-0.011194,-0.108314,0.052685
-0.002081,-0.113744,0.051672
0.007078,-0.118026,0.051095
0.016015,-0.120775,0.051102
0.024460,-0.121606,0.051838
0.030380,-0.121809,0.052843
0.033608,-0.121744,0.053680
0.034442,-0.121539,0.053913
0.033180,-0.121324,0.053108
0.030121,-0.121225,0.050832
0.025562,-0.121372,0.046651
0.019801,-0.121891,0.040129
0.013136,-0.122913,0.030834
0.005866,-0.124564,0.018331
0.000575,-0.122652,0.006628
-0.002575,-0.116889,-0.003496
-0.004031,-0.107964,-0.012074
-0.004237,-0.096564,-0.019136
-0.003639,-0.083379,-0.024713
-0.002682,-0.069095,-0.028836
-0.001812,-0.054401,-0.031536
-0.001473,-0.039986,-0.032843
-0.002112,-0.026537,-0.032789
-0.003246,-0.015657,-0.031868
-0.004714,-0.007298,-0.030338
-0.006437,-0.001003,-0.028394
-0.008335,0.003686,-0.026232
-0.010330,0.007226,-0.024050
-0.012343,0.010076,-0.022043
-0.014294,0.012692,-0.020408
-0.016104,0.015533,-0.019342
-0.017693,0.019056,-0.019039
-0.020382,0.024263,-0.014421
-0.024102,0.030877,-0.005504
-0.028439,0.038304,0.006419
-0.032980,0.045949,0.020053
-0.037311,0.053218,0.034107
-0.041017,0.059517,0.047287
-0.043685,0.064250,0.058299
-0.044901,0.066823,0.065852
-0.044250,0.066642,0.068652
-0.040896,0.065384,0.068352
-0.035203,0.063401,0.065825
-0.027832,0.060711,0.061748
-0.019446,0.057332,0.056797
-0.010708,0.053283,0.051651
-0.002279,0.048582,0.046986
0.005178,0.043248,0.043479
0.011000,0.037299,0.041806
0.014525,0.030753,0.042645
0.016854,0.025230,0.044503
0.018388,0.020756,0.046869
0.019348,0.016963,0.049482
0.019958,0.013478,0.052079
0.020441,0.009933,0.054396
0.021019,0.005957,0.056172
0.021915,0.001180,0.057144
0.023352,-0.004769,0.057048
0.025554,-0.012259,0.055624
0.026980,-0.019436,0.053276
0.027400,-0.025828,0.050223
0.026908,-0.031306,0.046633
0.025597,-0.035745,0.042676
0.023562,-0.039017,0.038521
0.020897,-0.040996,0.034338
0.017696,-0.041554,0.030296
0.014055,-0.040565,0.026564
0.010065,-0.037902,0.023312
0.003536,-0.033765,0.017584
-0.005202,-0.028807,0.009133
-0.015189,-0.023795,-0.001611
-0.025465,-0.019496,-0.014216
-0.035066,-0.016676,-0.028252
-0.043034,-0.016101,-0.043288
-0.048407,-0.018537,-0.058894
-0.050224,-0.024752,-0.074639
-0.047524,-0.035511,-0.090092
-0.042677,-0.047835,-0.100998
-0.036644,-0.060708,-0.107200
-0.030031,-0.073608,-0.109569
-0.023444,-0.086010,-0.108975
-0.017491,-0.097391,-0.106288
-0.012777,-0.107227,-0.102378
-0.009910,-0.114994,-0.098117
-0.009496,-0.120170,-0.094373
-0.012142,-0.122229,-0.092017
-0.014008,-0.122788,-0.088843
-0.014529,-0.121987,-0.084552
-0.013957,-0.119597,-0.079324
-0.012543,-0.115387,-0.073339
-0.010540,-0.109129,-0.066777
-0.008200,-0.100594,-0.059815
-0.005775,-0.089553,-0.052635
-0.003517,-0.075776,-0.045416
-0.001678,-0.059033,-0.038336
0.000354,-0.042668,-0.033405
0.002430,-0.027288,-0.030650
0.004210,-0.012820,-0.029599
0.005351,0.000810,-0.029783
0.005514,0.013677,-0.030731
0.004357,0.025854,-0.031974
0.001541,0.037416,-0.033040
-0.003276,0.048435,-0.033460
-0.010434,0.058988,-0.032764
-0.017129,0.066721,-0.031326
-0.022804,0.071507,-0.029404
-0.027462,0.073771,-0.027226
-0.031106,0.073940,-0.025021
-0.033742,0.072441,-0.023017
-0.035372,0.069700,-0.021443
-0.036000,0.066143,-0.020527
-0.035630,0.062197,-0.020498
-0.034266,0.058289,-0.021584
-0.032495,0.053490,-0.021998
-0.030414,0.047919,-0.021548
-0.028000,0.041961,-0.020438
-0.025228,0.035997,-0.018875
-0.022072,0.030409,-0.017064
-0.018509,0.025582,-0.015211
-0.014513,0.021898,-0.013521
-0.010061,0.019739,-0.012200
-0.005128,0.019487,-0.011454
-0.001490,0.020418,-0.013921
0.000774,0.022111,-0.019264
0.002015,0.024224,-0.026401
0.002582,0.026414,-0.034252
0.002825,0.028340,-0.041736
0.003092,0.029659,-0.047773
0.003733,0.030028,-0.051281
0.005098,0.029106,-0.051180
0.007535,0.026549,-0.046389
0.009499,0.022003,-0.040754
0.010861,0.015397,-0.035240
0.011846,0.006732,-0.030097
0.012678,-0.003994,-0.025570
0.013581,-0.016778,-0.021907
0.014782,-0.031623,-0.019355
0.016503,-0.048526,-0.018162
0.018970,-0.067489,-0.018575
0.022408,-0.088511,-0.020841
0.026286,-0.106410,-0.023760
0.030633,-0.120503,-0.026886
0.035621,-0.131236,-0.029958
0.041420,-0.139051,-0.032717
0.048200,-0.144394,-0.034902
0.056131,-0.147707,-0.036254
0.065385,-0.149435,-0.036514
0.076130,-0.150023,-0.035421
0.088538,-0.149913,-0.032716
0.099179,-0.148825,-0.029218
0.107454,-0.146673,-0.025506
0.113475,-0.143421,-0.022098
0.117351,-0.139035,-0.019511
0.119193,-0.133477,-0.018266
0.119113,-0.126712,-0.018880
0.117220,-0.118703,-0.021871
0.113624,-0.109416,-0.027758
0.108437,-0.098813,-0.037060
0.102584,-0.090978,-0.046858
0.096220,-0.086300,-0.056389
0.089308,-0.084240,-0.065428
0.081810,-0.084263,-0.073749
0.073688,-0.085832,-0.081129
0.064906,-0.088409,-0.087341
0.055426,-0.091459,-0.092160
0.045210,-0.094444,-0.095362
0.034221,-0.096827,-0.096721
0.024761,-0.100581,-0.095821
0.017172,-0.105588,-0.092834
0.011309,-0.111212,-0.088081
0.007028,-0.116812,-0.081886
0.004184,-0.121751,-0.074568
0.002631,-0.125392,-0.066450
0.002224,-0.127095,-0.057853
0.002818,-0.126222,-0.049099
0.004269,-0.122135,-0.040508
0.005225,-0.116023,-0.034821
0.005583,-0.108503,-0.032043
0.005546,-0.100046,-0.031500
0.005320,-0.091127,-0.032514
0.005110,-0.082217,-0.034409
0.005122,-0.073790,-0.036509
0.005561,-0.066319,-0.038137
0.006632,-0.060276,-0.038617
0.008540,-0.056135,-0.037273
0.010490,-0.052901,-0.034502
0.012393,-0.050202,-0.030375
0.014338,-0.047819,-0.024886
0.016411,-0.045535,-0.018027
0.018699,-0.043132,-0.009790
0.021291,-0.040392,-0.000168
0.024274,-0.037097,0.010848
0.027735,-0.033029,0.023264
0.031761,-0.027971,0.037088
0.035876,-0.022627,0.049368
0.040049,-0.017252,0.059312
0.044361,-0.011984,0.066668
0.048894,-0.006964,0.071183
0.053729,-0.002331,0.072604
0.058947,0.001774,0.070678
0.064629,0.005211,0.065155
0.070857,0.007842,0.055780
0.077712,0.009524,0.042303
0.084327,0.012412,0.029972
0.090557,0.016368,0.019521
0.096434,0.020681,0.010552
0.101994,0.024641,0.002668
0.107271,0.027538,-0.004529
0.112298,0.028662,-0.011434
0.117110,0.027303,-0.018447
0.121740,0.022750,-0.025963
0.126224,0.014294,-0.034380
0.128886,0.009919,-0.036862
0.129622,0.010444,-0.033321
0.128722,0.014890,-0.025354
0.126475,0.022281,-0.014563
0.123169,0.031642,-0.002545
0.119094,0.041997,0.009101
0.114539,0.052368,0.018774
0.109793,0.061779,0.024877
0.105144,0.069255,0.025810
0.101694,0.074123,0.025931
0.099431,0.076455,0.026174
0.098071,0.076504,0.026617
0.097324,0.074527,0.027340
0.096904,0.070779,0.028420
0.096525,0.065515,0.029935
0.095898,0.058990,0.031966
0.094738,0.051460,0.034589
0.092756,0.043180,0.037884
0.091744,0.033625,0.041252
0.091874,0.023183,0.044443
0.092912,0.012471,0.047291
0.094626,0.002103,0.049629
0.096784,-0.007304,0.051292
0.099151,-0.015135,0.052116
0.101495,-0.020773,0.051933
0.103583,-0.023603,0.050578
0.105182,-0.023009,0.047887
0.103064,-0.019974,0.044791
0.097290,-0.015188,0.041658
0.088745,-0.009271,0.038707
0.078311,-0.002841,0.036163
0.066873,0.003485,0.034246
0.055313,0.009087,0.033180
0.044517,0.013347,0.033186
0.035367,0.015648,0.034487
0.028746,0.015370,0.037305
0.024673,0.016956,0.041171
0.022958,0.020757,0.045786
0.023366,0.026100,0.050893
0.025657,0.032312,0.056234
0.029596,0.038722,0.061554
0.034943,0.044655,0.066594
0.041461,0.049441,0.071098
0.048913,0.052406,0.074808
0.057062,0.052877,0.077468
0.062649,0.049970,0.080791
0.065485,0.044002,0.084634
0.066142,0.035590,0.088392
0.065196,0.025352,0.091459
0.063222,0.013907,0.093231
0.060793,0.001873,0.093100
0.058483,-0.010133,0.090462
0.056869,-0.021493,0.084711
0.056523,-0.031588,0.075241
0.056597,-0.040733,0.064245
0.056861,-0.048847,0.052254
0.057241,-0.055748,0.039384
0.057664,-0.061255,0.025751
0.058056,-0.065188,0.011471
0.058344,-0.067364,-0.003339
0.058453,-0.067603,-0.018564
0.058311,-0.065723,-0.034087
0.057842,-0.061544,-0.049793
0.055928,-0.054368,-0.062808
0.052638,-0.044780,-0.072809
0.048337,-0.033687,-0.080112
0.043391,-0.021996,-0.085031
0.038167,-0.010613,-0.087882
0.033031,-0.000446,-0.088979
0.028349,0.007600,-0.088638
0.024487,0.012617,-0.087174
0.021810,0.013699,-0.084901
0.018596,0.012805,-0.080870
0.014671,0.010719,-0.075060
0.010248,0.007930,-0.067680
0.005540,0.004926,-0.058940
0.000763,0.002197,-0.049051
-0.003871,0.000232,-0.038222
-0.008148,-0.000481,-0.026662
-0.011854,0.000548,-0.014582
-0.014775,0.003808,-0.002192
-0.016383,0.010525,0.008557
-0.016777,0.020012,0.017360
-0.016217,0.031097,0.024321
-0.014961,0.042613,0.029548
-0.013265,0.053389,0.033144
-0.011388,0.062257,0.035218
-0.009588,0.068047,0.035873
-0.008123,0.069591,0.035216
-0.007250,0.065719,0.033352
-0.006364,0.060291,0.032231
-0.005410,0.054106,0.032031
-0.004471,0.047194,0.032490
-0.003631,0.039587,0.033345
-0.002973,0.031315,0.034333
-0.002581,0.022410,0.035191
-0.002537,0.012902,0.035656
-0.002926,0.002823,0.035465
-0.003831,-0.007796,0.034356
-0.005091,-0.016451,0.034574
-0.006535,-0.022904,0.036299
-0.007987,-0.027480,0.039192
-0.009274,-0.030506,0.042917
-0.010220,-0.032308,0.047136
-0.010650,-0.033212,0.051511
-0.010390,-0.033545,0.055705
-0.009264,-0.033632,0.059381
-0.007099,-0.033801,0.062201
-0.004136,-0.033466,0.063810
-0.000589,-0.032664,0.064239
0.003331,-0.031589,0.063615
0.007415,-0.030437,0.062067
0.011455,-0.029400,0.059720
0.015242,-0.028673,0.056703
0.018565,-0.028451,0.053143
0.021218,-0.028927,0.049168
0.022989,-0.030295,0.044905
0.024607,-0.032353,0.040618
0.026144,-0.034926,0.036386
0.027506,-0.037848,0.032239
0.028601,-0.040951,0.028210
0.029337,-0.044067,0.024331
0.029623,-0.047030,0.020633
0.029364,-0.049670,0.017148
0.028469,-0.051822,0.013909
0.026847,-0.053318,0.010946
0.025975,-0.055891,0.007207
0.025902,-0.059330,0.002804
0.026316,-0.062941,-0.001859
0.026905,-0.066029,-0.006379
0.027358,-0.067899,-0.010352
0.027362,-0.067856,-0.013373
0.026607,-0.065204,-0.015040
0.024781,-0.059248,-0.014947
0.021571,-0.049294,-0.012692
0.018311,-0.038639,-0.010776
0.015200,-0.027952,-0.009448
0.012159,-0.017243,-0.008398
0.009107,-0.006523,-0.007314
0.005963,0.004197,-0.005885
0.002646,0.014905,-0.003799
-0.000924,0.025590,-0.000744
-0.004827,0.036243,0.003591
-0.009145,0.046851,0.009518
-0.012153,0.055702,0.014410
-0.013730,0.062708,0.017992
-0.014157,0.068187,0.020576
-0.013716,0.072458,0.022476
-0.012687,0.075838,0.024005
-0.011351,0.078646,0.025476
-0.009990,0.081200,0.027200
-0.008885,0.083818,0.029493
-0.008316,0.086818,0.032665
-0.007893,0.086524,0.033126
-0.007510,0.082833,0.030813
-0.007133,0.076539,0.026545
-0.006728,0.068433,0.021143
-0.006262,0.059306,0.015426
-0.005701,0.049951,0.010214
-0.005010,0.041159,0.006326
-0.004155,0.033722,0.004582
-0.003104,0.028432,0.005802
-0.001804,0.022774,0.008354
-0.000392,0.016635,0.011743
0.000946,0.010501,0.015753
0.002028,0.004860,0.020172
0.002668,0.000198,0.024786
0.002682,-0.002998,0.029382
0.001886,-0.004241,0.033745
0.000095,-0.003045,0.037662
-0.002874,0.001077,0.040920
-0.005111,0.007647,0.046215
-0.006324,0.015956,0.053451
-0.006626,0.025232,0.061833
-0.006130,0.034706,0.070566
-0.004948,0.043607,0.078855
-0.003194,0.051167,0.085905
-0.000980,0.056615,0.090920
0.001580,0.059181,0.093105
0.004374,0.058096,0.091666
0.006244,0.053037,0.086904
0.006918,0.044733,0.079489
0.006345,0.034178,0.070187
0.004476,0.022363,0.059761
0.001261,0.010280,0.048974
-0.003352,-0.001079,0.038592
-0.009411,-0.010721,0.029378
-0.016968,-0.017654,0.022096
-0.026073,-0.020886,0.017510
-0.033595,-0.021708,0.013739
-0.038910,-0.020609,0.010578
-0.042017,-0.017879,0.008240
-0.042919,-0.013805,0.006941
-0.041614,-0.008678,0.006894
-0.038105,-0.002786,0.008314
-0.032391,0.003582,0.011413
-0.024474,0.010137,0.016407
-0.014354,0.016589,0.023509
-0.004909,0.023657,0.031393
0.003342,0.031341,0.039491
0.010472,0.039468,0.047422
0.016552,0.047862,0.054807
0.021653,0.056348,0.061268
0.025847,0.064749,0.066424
0.029205,0.072890,0.069896
0.031800,0.080597,0.071305
0.033703,0.087694,0.070272
0.034885,0.092849,0.067706
0.035342,0.095788,0.064141
0.035076,0.096497,0.060014
0.034093,0.094964,0.055766
0.032393,0.091178,0.051833
0.029980,0.085125,0.048656
0.026857,0.076793,0.046673
0.023027,0.066170,0.046322
0.018492,0.053243,0.048042
0.014699,0.041124,0.048666
0.011924,0.030397,0.047736
0.010152,0.021017,0.045473
0.009367,0.012937,0.042095
0.009554,0.006112,0.037824
0.010699,0.000495,0.032877
0.012785,-0.003959,0.027475
0.015798,-0.007297,0.021839
0.019723,-0.009564,0.016187
0.023378,-0.012348,0.011350
0.026494,-0.015683,0.007484
0.029028,-0.019220,0.004579
0.030939,-0.022607,0.002622
0.032183,-0.025492,0.001602
0.032718,-0.027525,0.001506
0.032502,-0.028354,0.002325
0.031493,-0.027628,0.004045
0.029648,-0.024995,0.006655
0.028167,-0.022156,0.008687
0.027283,-0.019560,0.009808
0.026985,-0.017345,0.009971
0.027264,-0.015649,0.009128
0.028111,-0.014610,0.007230
0.029514,-0.014365,0.004231
0.031465,-0.015052,0.000081
0.033954,-0.016810,-0.005265
0.036971,-0.019776,-0.011857
0.039601,-0.022979,-0.017247
0.041649,-0.025916,-0.021092
0.043097,-0.028200,-0.023579
0.043929,-0.029447,-0.024893
0.044130,-0.029269,-0.025220
0.043682,-0.027282,-0.024745
0.042568,-0.023100,-0.023654
0.040774,-0.016337,-0.022132
0.038281,-0.006606,-0.020365
0.035747,0.003230,-0.019863
0.033286,0.012463,-0.020658
0.030877,0.020919,-0.022411
0.028499,0.028427,-0.024783
0.026133,0.034816,-0.027435
0.023756,0.039912,-0.030028
0.021349,0.043545,-0.032224
0.018890,0.045542,-0.033683
0.016359,0.045731,-0.034067
0.012166,0.045144,-0.032728
0.006415,0.044043,-0.029826
-0.000366,0.042503,-0.025721
-0.007647,0.040595,-0.020775
-0.014901,0.038395,-0.015350
-0.021599,0.035973,-0.009806
-0.027214,0.033403,-0.004505
-0.031216,0.030759,0.000191
-0.033077,0.028114,0.003923
-0.033792,0.025060,0.006904
-0.033673,0.021572,0.009260
-0.032857,0.017714,0.011091
-0.031485,0.013553,0.012498
-0.029696,0.009155,0.013582
-0.027629,0.004586,0.014444
-0.025425,-0.000087,0.015185
-0.023221,-0.004798,0.015905
-0.021158,-0.009481,0.016705
-0.020138,-0.014013,0.016876
-0.020097,-0.018151,0.016508
-0.020727,-0.021624,0.015887
-0.021722,-0.024159,0.015304
-0.022775,-0.025484,0.015047
-0.023580,-0.025328,0.015403
-0.023828,-0.023418,0.016663
-0.023214,-0.019482,0.019113
-0.021431,-0.013249,0.023044
-0.019591,-0.007439,0.027037
-0.017911,-0.002527,0.030786
-0.016384,0.001574,0.034265
-0.015002,0.004952,0.037447
-0.013757,0.007692,0.040304
-0.012643,0.009884,0.042811
-0.011651,0.011612,0.044939
-0.010775,0.012966,0.046662
-0.010006,0.014031,0.047953
-0.009886,0.013755,0.047326
-0.010422,0.011684,0.044885
-0.011491,0.007519,0.041128
-0.012967,0.000958,0.036556
-0.014728,-0.008302,0.031668
-0.016649,-0.020561,0.026963
-0.018605,-0.036122,0.022941
-0.020472,-0.055284,0.020102
-0.022126,-0.078351,0.018945
-0.021209,-0.098919,0.018241
-0.017726,-0.116051,0.017737
-0.012272,-0.130177,0.017424
-0.005442,-0.141728,0.017294
0.002170,-0.151134,0.017338
0.009968,-0.158824,0.017547
0.017357,-0.165230,0.017914
0.023742,-0.170780,0.018430
0.028529,-0.175906,0.019085
0.032575,-0.177608,0.018858
0.036133,-0.175742,0.017698
0.039309,-0.170880,0.015801
0.042205,-0.163592,0.013359
0.044925,-0.154448,0.010568
0.047573,-0.144020,0.007622
0.050254,-0.132877,0.004714
0.053070,-0.121591,0.002040
0.056125,-0.110731,-0.000206
0.058933,-0.102541,-0.002313
0.061385,-0.096875,-0.004270
0.063470,-0.092989,-0.005991
0.065175,-0.090142,-0.007392
0.066489,-0.087590,-0.008388
0.067399,-0.084591,-0.008895
0.067893,-0.080401,-0.008826
0.067958,-0.074279,-0.008098
0.067582,-0.065482,-0.006625
0.065042,-0.056710,-0.002686
0.060389,-0.048565,0.003600
0.054116,-0.041124,0.011654
0.046720,-0.034463,0.020897
0.038694,-0.028658,0.030750
0.030535,-0.023788,0.040636
0.022736,-0.019926,0.049975
0.015792,-0.017152,0.058188
0.010199,-0.015540,0.064697
0.003978,-0.014204,0.068763
-0.002849,-0.013133,0.070448
-0.009759,-0.012536,0.070011
-0.016229,-0.012622,0.067713
-0.021738,-0.013601,0.063814
-0.025763,-0.015682,0.058572
-0.027781,-0.019073,0.052250
-0.027271,-0.023985,0.045106
-0.023708,-0.030626,0.037401
-0.020197,-0.036667,0.030480
-0.017235,-0.041575,0.024435
-0.014673,-0.045261,0.019049
-0.012359,-0.047639,0.014100
-0.010143,-0.048620,0.009370
-0.007874,-0.048119,0.004639
-0.005401,-0.046048,-0.000312
-0.002573,-0.042320,-0.005703
0.000761,-0.036848,-0.011754
0.003430,-0.032810,-0.017885
0.005129,-0.030546,-0.023997
0.005772,-0.029682,-0.030111
0.005270,-0.029847,-0.036246
0.003534,-0.030668,-0.042423
0.000478,-0.031773,-0.048661
-0.003986,-0.032790,-0.054982
-0.009947,-0.033346,-0.061406
-0.017492,-0.033069,-0.067951
-0.025757,-0.032153,-0.071962
-0.034514,-0.030792,-0.073192
-0.043695,-0.029181,-0.071995
-0.053233,-0.027516,-0.068729
-0.063059,-0.025992,-0.063748
-0.073106,-0.024803,-0.057409
-0.083306,-0.024145,-0.050066
-0.093590,-0.024213,-0.042077
-0.103892,-0.025201,-0.033796
-0.113291,-0.025394,-0.025218
-0.121664,-0.024256,-0.016540
-0.129085,-0.021549,-0.008010
-0.135629,-0.017035,0.000125
-0.141368,-0.010475,0.007616
-0.146379,-0.001632,0.014217
-0.150734,0.009733,0.019679
-0.154508,0.023859,0.023755
-0.157775,0.040984,0.026198
-0.160686,0.056059,0.028474
-0.163160,0.068339,0.030682
-0.165064,0.078154,0.032577
-0.166260,0.085834,0.033912
-0.166612,0.091711,0.034443
-0.165985,0.096114,0.033924
-0.164243,0.099375,0.032109
-0.161250,0.101822,0.028753
-0.156869,0.103788,0.023610
-0.154267,0.102514,0.019567
-0.153613,0.097869,0.016773
-0.154331,0.090378,0.014694
-0.155846,0.080569,0.012796
-0.157580,0.068967,0.010545
-0.158957,0.056097,0.007406
-0.159402,0.042487,0.002845
-0.158336,0.028662,-0.003672
-0.155184,0.015147,-0.012678
-0.151704,0.003510,-0.019807
-0.147946,-0.005880,-0.024488
-0.143535,-0.012951,-0.027101
-0.138094,-0.017633,-0.028028
-0.131247,-0.019854,-0.027647
-0.122618,-0.019544,-0.026339
-0.111831,-0.016630,-0.024484
-0.098509,-0.011041,-0.022462
-0.082276,-0.002708,-0.020653
-0.067726,0.005001,-0.017884
-0.055526,0.011442,-0.014302
-0.045366,0.016655,-0.010388
-0.036931,0.020682,-0.006618
-0.029911,0.023561,-0.003472
-0.023992,0.025333,-0.001427
-0.018862,0.026039,-0.000963
-0.014209,0.025717,-0.002558
-0.009721,0.024408,-0.006691
-0.005075,0.022320,-0.011019
-0.000291,0.019511,-0.014987
0.004527,0.016001,-0.018486
0.009275,0.011810,-0.021407
0.013846,0.006961,-0.023640
0.018138,0.001472,-0.025077
0.022045,-0.004636,-0.025609
0.025462,-0.011342,-0.025126
0.028284,-0.018625,-0.023519
0.029847,-0.025769,-0.022705
0.030184,-0.032413,-0.022837
0.029507,-0.038282,-0.023626
0.028027,-0.043101,-0.024785
0.025955,-0.046598,-0.026026
0.023501,-0.048498,-0.027061
0.020877,-0.048526,-0.027603
0.018293,-0.046410,-0.027364
0.015961,-0.041874,-0.026056
0.014057,-0.037505,-0.024373
0.012460,-0.033830,-0.022714
0.010977,-0.030865,-0.021402
0.009413,-0.028623,-0.020762
0.007573,-0.027118,-0.021120
0.005263,-0.026365,-0.022799
0.002288,-0.026377,-0.026124
-0.001546,-0.027169,-0.031421
-0.006434,-0.028754,-0.039014
-0.012344,-0.030375,-0.046923
-0.018892,-0.031908,-0.054367
-0.025609,-0.033388,-0.060864
-0.032025,-0.034850,-0.065931
-0.037670,-0.036328,-0.069085
-0.042074,-0.037858,-0.069844
-0.044766,-0.039474,-0.067725
-0.045278,-0.041211,-0.062246
-0.043139,-0.043104,-0.052924
-0.040220,-0.043708,-0.043420
-0.036921,-0.043089,-0.034515
-0.033271,-0.041689,-0.026265
-0.029299,-0.039951,-0.018730
-0.025036,-0.038317,-0.011969
-0.020512,-0.037230,-0.006039
-0.015756,-0.037132,-0.001000
-0.010797,-0.038466,0.003090
-0.005667,-0.041675,0.006173
-0.001951,-0.046550,0.007870
0.000259,-0.052442,0.008488
0.001242,-0.058590,0.008505
0.001280,-0.064232,0.008400
0.000653,-0.068606,0.008650
-0.000358,-0.070952,0.009733
-0.001472,-0.070508,0.012129
-0.002409,-0.066512,0.016315
-0.002887,-0.058204,0.022770
-0.001966,-0.045806,0.028517
0.000421,-0.030559,0.033244
0.004120,-0.013956,0.037302
0.008979,0.002511,0.041045
0.014845,0.017349,0.044825
0.021565,0.029064,0.048995
0.028986,0.036164,0.053907
0.036955,0.037154,0.059913
0.045320,0.030544,0.067367
0.052637,0.023846,0.071394
0.058813,0.018521,0.071471
0.064094,0.014518,0.068166
0.068724,0.011783,0.062042
0.072950,0.010264,0.053665
0.077016,0.009908,0.043602
0.081168,0.010663,0.032417
0.085650,0.012475,0.020676
0.090709,0.015292,0.008945
0.094415,0.018590,-0.002274
0.096451,0.022259,-0.012860
0.096905,0.026294,-0.022790
0.095865,0.030687,-0.032040
0.093417,0.035433,-0.040583
0.089650,0.040526,-0.048398
0.084651,0.045960,-0.055457
0.078507,0.051728,-0.061739
0.071305,0.057825,-0.067217
0.065665,0.064522,-0.071773
0.061841,0.071416,-0.075455
0.059496,0.077932,-0.078359
0.058291,0.083497,-0.080574
0.057889,0.087538,-0.082196
0.057952,0.089481,-0.083316
0.058142,0.088753,-0.084027
0.058123,0.084781,-0.084422
0.057555,0.076991,-0.084594
0.055975,0.068013,-0.083121
0.053499,0.058741,-0.080017
0.050388,0.049635,-0.075655
0.046905,0.041153,-0.070408
0.043312,0.033756,-0.064649
0.039870,0.027903,-0.058751
0.036843,0.024053,-0.053085
0.034490,0.022667,-0.048026
0.033075,0.024203,-0.043946
0.031672,0.024561,-0.040575
0.030194,0.023104,-0.037760
0.028767,0.020061,-0.035382
0.027517,0.015663,-0.033320
0.026568,0.010138,-0.031453
0.026045,0.003718,-0.029660
0.026073,-0.003370,-0.027821
0.026778,-0.010894,-0.025814
0.028284,-0.018625,-0.023519
0.029550,-0.024839,-0.022006
0.030269,-0.029134,-0.021187
0.030320,-0.031439,-0.020685
0.029583,-0.031684,-0.020123
0.027935,-0.029797,-0.019126
0.025256,-0.025707,-0.017317
0.021425,-0.019343,-0.014318
0.016320,-0.010634,-0.009754
0.009820,0.000490,-0.003248
0.003853,0.010939,0.001527
-0.001171,0.020076,0.004104
-0.005220,0.027881,0.004820
-0.008261,0.034333,0.004012
-0.010263,0.039412,0.002015
-0.011195,0.043097,-0.000834
-0.011024,0.045367,-0.004198
-0.009718,0.046202,-0.007741
-0.007247,0.045581,-0.011128
-0.004617,0.043589,-0.014261
-0.002050,0.040584,-0.017141
0.000426,0.036989,-0.019787
0.002788,0.033230,-0.022221
0.005010,0.029731,-0.024465
0.007065,0.026916,-0.026540
0.008929,0.025209,-0.028466
0.010576,0.025037,-0.030266
0.011980,0.026822,-0.031961
0.013052,0.028732,-0.033422
0.013732,0.030269,-0.034776
0.013973,0.031275,-0.036215
0.013723,0.031588,-0.037928
0.012934,0.031049,-0.040106
0.011555,0.029496,-0.042939
0.009537,0.026770,-0.046619
0.006831,0.022709,-0.051335
0.003387,0.017154,-0.057279
0.001190,0.010910,-0.063615
0.000302,0.004442,-0.070030
0.000302,-0.001872,-0.076338
0.000770,-0.007654,-0.082354
0.001283,-0.012525,-0.087894
0.001422,-0.016107,-0.092773
0.000766,-0.018022,-0.096806
-0.001106,-0.017891,-0.099808
-0.004615,-0.015336,-0.101595
-0.007388,-0.012810,-0.101798
-0.009101,-0.010997,-0.100696
-0.009938,-0.010143,-0.098733
-0.010089,-0.010491,-0.096351
-0.009738,-0.012285,-0.093990
-0.009074,-0.015768,-0.092094
-0.008283,-0.021185,-0.091104
-0.007551,-0.028779,-0.091464
-0.007065,-0.038794,-0.093613
-0.007023,-0.047215,-0.096026
-0.007404,-0.053344,-0.098274
-0.008129,-0.057319,-0.100202
-0.009122,-0.059274,-0.101657
-0.010305,-0.059344,-0.102484
-0.011601,-0.057665,-0.102529
-0.012933,-0.054371,-0.101639
-0.014223,-0.049598,-0.099658
-0.015395,-0.043481,-0.096433
-0.016342,-0.034657,-0.095354
-0.017131,-0.023962,-0.096527
-0.017876,-0.012785,-0.099238
-0.018690,-0.002514,-0.102776
-0.019686,0.005463,-0.106427
-0.020976,0.009759,-0.109477
-0.022675,0.008986,-0.111214
-0.024894,0.001756,-0.110924
-0.027746,-0.013319,-0.107895
-0.029837,-0.027658,-0.102533
-0.030954,-0.039519,-0.095664
-0.031179,-0.048870,-0.088220
-0.030596,-0.055677,-0.081129
-0.029287,-0.059908,-0.075322
-0.027335,-0.061529,-0.071729
-0.024824,-0.060508,-0.071280
-0.021837,-0.056813,-0.074905
-0.018455,-0.050409,-0.083535
-0.016532,-0.046771,-0.088370
-0.016095,-0.046240,-0.088760
-0.016711,-0.047873,-0.086092
-0.017952,-0.050730,-0.081754
-0.019387,-0.053869,-0.077131
-0.020585,-0.056347,-0.073610
-0.021116,-0.057225,-0.072580
-0.020549,-0.055559,-0.075426
-0.018455,-0.050409,-0.083535
-0.015144,-0.044540,-0.090710
-0.010869,-0.038541,-0.095819
-0.005871,-0.032454,-0.098996
-0.000388,-0.026325,-0.100374
0.005339,-0.020197,-0.100088
0.011071,-0.014113,-0.098272
0.016569,-0.008119,-0.095059
0.021592,-0.002257,-0.090584
0.025902,0.003428,-0.084981
0.030152,0.008835,-0.080549
0.034258,0.014236,-0.077484
0.037955,0.020002,-0.075457
0.040974,0.026499,-0.074140
0.043049,0.034098,-0.073203
0.043913,0.043166,-0.072318
0.043299,0.054071,-0.071155
0.040939,0.067183,-0.069386
0.036568,0.082870,-0.066681
0.033298,0.096979,-0.062283
0.031536,0.108549,-0.056413
0.031007,0.117413,-0.049536
0.031440,0.123407,-0.042119
0.032560,0.126366,-0.034625
0.034096,0.126124,-0.027522
0.035774,0.122516,-0.021275
0.037322,0.115376,-0.016348
0.038466,0.104539,-0.013209
0.039179,0.096172,-0.009991
0.039486,0.091037,-0.006456
0.039427,0.088547,-0.002771
0.039041,0.088116,0.000896
0.038367,0.089155,0.004377
0.037444,0.091077,0.007504
0.036311,0.093296,0.010110
0.035008,0.095224,0.012027
0.033574,0.096274,0.013087
0.033209,0.095412,0.013851
0.033906,0.092685,0.014448
0.035359,0.088411,0.014898
0.037257,0.082904,0.015222
0.039293,0.076482,0.015439
0.041159,0.069461,0.015571
0.042546,0.062158,0.015637
0.043146,0.054889,0.015658
0.042651,0.047970,0.015654
0.042350,0.043333,0.014563
0.042316,0.040891,0.012431
0.042315,0.040052,0.009578
0.042114,0.040226,0.006327
0.041478,0.040819,0.002999
0.040176,0.041241,-0.000084
0.037972,0.040901,-0.002599
0.034634,0.039206,-0.004226
0.029928,0.035565,-0.004643
0.024308,0.032650,-0.004491
0.018088,0.030796,-0.003968
0.011551,0.029758,-0.003161
0.004978,0.029290,-0.002156
-0.001349,0.029144,-0.001038
-0.007149,0.029075,0.000105
-0.012141,0.028837,0.001188
-0.016042,0.028182,0.002124
-0.018572,0.026865,0.002827
-0.020937,0.025969,0.004156
-0.023260,0.025362,0.006126
-0.025390,0.024608,0.008539
-0.027181,0.023272,0.011199
-0.028482,0.020920,0.013907
-0.029145,0.017115,0.016468
-0.029020,0.011423,0.018684
-0.027960,0.003407,0.020359
-0.025815,-0.007366,0.021295
-0.023870,-0.015832,0.022059
-0.022480,-0.021333,0.022961
-0.021773,-0.024315,0.024247
-0.021872,-0.025223,0.026164
-0.022904,-0.024502,0.028956
-0.024994,-0.022598,0.032870
-0.028267,-0.019957,0.038151
-0.032848,-0.017023,0.045045
-0.038863,-0.014242,0.053799
-0.045237,-0.012018,0.064695
-0.051348,-0.010231,0.077387
-0.056689,-0.008630,0.091373
-0.060752,-0.006963,0.106149
-0.063029,-0.004979,0.121212
-0.063014,-0.002426,0.136059
-0.060197,0.000947,0.150187
-0.054073,0.005392,0.163093
-0.044132,0.011159,0.174274
-0.032521,0.015083,0.181818
-0.020196,0.016435,0.185988
-0.007816,0.015098,0.187589
0.003961,0.010954,0.187428
0.014475,0.003886,0.186310
0.023069,-0.006225,0.185042
0.029083,-0.019495,0.184430
0.031859,-0.036042,0.185280
0.030738,-0.055984,0.188397
0.026382,-0.072339,0.189243
0.019584,-0.084409,0.187051
0.011168,-0.093064,0.181998
0.001958,-0.099174,0.174258
-0.007222,-0.103609,0.164010
-0.015547,-0.107240,0.151428
-0.022193,-0.110937,0.136689
-0.026335,-0.115572,0.119969
-0.027151,-0.122013,0.101444
-0.027088,-0.126423,0.084621
-0.026704,-0.128115,0.070007
-0.026079,-0.127190,0.057360
-0.025294,-0.123749,0.046440
-0.024432,-0.117894,0.037004
-0.023573,-0.109725,0.028812
-0.022800,-0.099344,0.021621
-0.022193,-0.086852,0.015191
-0.021835,-0.072351,0.009279
-0.020370,-0.060143,0.004137
-0.017717,-0.050601,-0.000408
-0.014110,-0.043115,-0.004638
-0.009786,-0.037073,-0.008834
-0.004980,-0.031866,-0.013275
0.000072,-0.026881,-0.018243
0.005135,-0.021509,-0.024017
0.009974,-0.015139,-0.030880
0.014352,-0.007159,-0.039111
0.017255,0.000462,-0.046807
0.018780,0.007416,-0.053386
0.019304,0.013807,-0.058592
0.019203,0.019739,-0.062172
0.018852,0.025318,-0.063871
0.018627,0.030647,-0.063435
0.018903,0.035831,-0.060611
0.020058,0.040975,-0.055144
0.022466,0.046182,-0.046780
0.026178,0.051676,-0.042904
0.030853,0.057119,-0.043963
0.036054,0.062035,-0.048662
0.041343,0.065947,-0.055712
0.046284,0.068378,-0.063821
0.050438,0.068853,-0.071696
0.053369,0.066894,-0.078047
0.054638,0.062025,-0.081583
0.053809,0.053769,-0.081010
0.051328,0.048193,-0.077423
0.047694,0.045894,-0.071623
0.043418,0.046104,-0.064337
0.039013,0.048055,-0.056294
0.034990,0.050980,-0.048221
0.031861,0.054109,-0.040847
0.030137,0.056675,-0.034900
0.030330,0.057909,-0.031108
0.032951,0.057043,-0.030199
0.035017,0.055606,-0.031003
0.036286,0.054088,-0.032922
0.037202,0.052721,-0.035503
0.038212,0.051737,-0.038293
0.039760,0.051368,-0.040838
0.042291,0.051845,-0.042685
0.046250,0.053400,-0.043379
0.052082,0.056265,-0.042469
0.060232,0.060671,-0.039499
0.068429,0.062522,-0.035873
0.076084,0.061731,-0.032081
0.083027,0.059215,-0.028383
0.089089,0.055888,-0.025039
0.094099,0.052667,-0.022310
0.097888,0.050467,-0.020457
0.100285,0.050203,-0.019740
0.101122,0.052793,-0.020419
0.100228,0.059151,-0.022756
0.098229,0.064160,-0.023720
0.095459,0.066854,-0.023168
0.092182,0.067306,-0.021680
0.088662,0.065587,-0.019837
0.085160,0.061769,-0.018219
0.081940,0.055924,-0.017405
0.079266,0.048124,-0.017977
0.077399,0.038440,-0.020514
0.076604,0.026944,-0.025596
0.075803,0.015857,-0.030331
0.074765,0.005772,-0.034164
0.073467,-0.003122,-0.037126
0.071887,-0.010634,-0.039247
0.070003,-0.016576,-0.040557
0.067792,-0.020758,-0.041087
0.065234,-0.022993,-0.040867
0.062304,-0.023089,-0.039927
0.058983,-0.020859,-0.038298
0.056382,-0.016667,-0.035749
0.054555,-0.010918,-0.032448
0.053285,-0.004023,-0.028668
0.052358,0.003604,-0.024679
0.051558,0.011550,-0.020752
0.050671,0.019402,-0.017158
0.049482,0.026748,-0.014167
0.047775,0.033174,-0.012051
0.045336,0.038267,-0.011079
0.044487,0.041065,-0.010063
0.045534,0.041343,-0.008982
0.048278,0.039059,-0.008106
0.052521,0.034173,-0.007708
0.058066,0.026643,-0.008059
0.064714,0.016429,-0.009430
0.072267,0.003489,-0.012093
0.080527,-0.012218,-0.016319
0.089295,-0.030733,-0.022379
0.094967,-0.048751,-0.028304
0.097161,-0.065591,-0.033530
0.096300,-0.081229,-0.037845
0.092807,-0.095639,-0.041038
0.087106,-0.108796,-0.042898
0.079620,-0.120675,-0.043213
0.070774,-0.131251,-0.041772
0.060991,-0.140498,-0.038362
0.050694,-0.148392,-0.032773
0.042017,-0.154687,-0.027899
0.035094,-0.159276,-0.024217
0.029559,-0.162086,-0.021600
0.025044,-0.163045,-0.019922
0.021185,-0.162081,-0.019054
0.017613,-0.159121,-0.018870
0.013963,-0.154092,-0.019242
0.009868,-0.146923,-0.020044
0.004962,-0.137540,-0.021148
0.000462,-0.130751,-0.021012
-0.003534,-0.126594,-0.019689
-0.007208,-0.123912,-0.017633
-0.010740,-0.121552,-0.015296
-0.014312,-0.118358,-0.013131
-0.018105,-0.113175,-0.011589
-0.022300,-0.104847,-0.011124
-0.027079,-0.092221,-0.012189
-0.032622,-0.074139,-0.015236
-0.035937,-0.057413,-0.018942
-0.036537,-0.043317,-0.022616
-0.034564,-0.031741,-0.025723
-0.030160,-0.022576,-0.027729
-0.023465,-0.015713,-0.028101
-0.014621,-0.011042,-0.026303
-0.003770,-0.008454,-0.021802
0.008948,-0.007840,-0.014064
0.023390,-0.009090,-0.002554
0.034996,-0.010465,0.008675
0.043320,-0.011560,0.018834
0.048944,-0.012306,0.027950
0.052449,-0.012633,0.036053
0.054419,-0.012471,0.043169
0.055435,-0.011752,0.049327
0.056079,-0.010406,0.054554
0.056934,-0.008363,0.058879
0.058582,-0.005553,0.062329
0.061683,-0.004558,0.062790
0.065944,-0.005219,0.060473
0.070834,-0.006690,0.056166
0.075822,-0.008125,0.050661
0.080376,-0.008680,0.044748
0.083966,-0.007509,0.039218
0.086061,-0.003767,0.034859
0.086128,0.003392,0.032463
0.083637,0.014812,0.032821
0.081567,0.027073,0.034374
0.080271,0.039163,0.036664
0.079452,0.050675,0.039504
0.078808,0.061202,0.042707
0.078040,0.070336,0.046089
0.076849,0.077669,0.049462
0.074934,0.082793,0.052640
0.071996,0.085302,0.055438
0.067735,0.084787,0.057669
0.062806,0.083933,0.058887
0.057477,0.083101,0.059150
0.051919,0.082068,0.058641
0.046306,0.080612,0.057545
0.040807,0.078512,0.056044
0.035596,0.075547,0.054323
0.030843,0.071494,0.052566
0.026721,0.066131,0.050956
0.023401,0.059238,0.049677
0.021383,0.054715,0.047896
0.020579,0.052908,0.045505
0.020755,0.053275,0.042579
0.021675,0.055275,0.039195
0.023106,0.058365,0.035427
0.024813,0.062004,0.031350
0.026561,0.065650,0.027038
0.028115,0.068760,0.022568
0.029240,0.070793,0.018014
0.029498,0.072498,0.014478
0.029047,0.073952,0.011932
0.028195,0.075062,0.010063
0.027249,0.075734,0.008560
0.026517,0.075875,0.007112
0.026307,0.075393,0.005406
0.026927,0.074194,0.003132
0.028685,0.072186,-0.000022
0.031889,0.069276,-0.004368
0.034304,0.065177,-0.008531
0.035484,0.059642,-0.012387
0.035431,0.052435,-0.016122
0.034148,0.043322,-0.019924
0.031635,0.032065,-0.023982
0.027894,0.018429,-0.028482
0.022927,0.002177,-0.033612
0.016736,-0.016926,-0.039560
0.009322,-0.039116,-0.046513
0.004262,-0.053793,-0.050716
0.001984,-0.060115,-0.052187
0.002129,-0.059678,-0.051890
0.004340,-0.054077,-0.050788
0.008257,-0.044910,-0.049846
0.013524,-0.033774,-0.050026
0.019780,-0.022263,-0.052292
0.026669,-0.011976,-0.057607
0.033832,-0.004508,-0.066935
0.040218,0.003159,-0.077855
0.045521,0.011271,-0.089440
0.049622,0.019382,-0.101138
0.052402,0.027045,-0.112396
0.053743,0.033816,-0.122661
0.053525,0.039247,-0.131381
0.051629,0.042892,-0.138002
0.047936,0.044305,-0.141973
0.042326,0.043040,-0.142741
0.037523,0.038855,-0.142219
0.033784,0.032560,-0.140689
0.030754,0.025231,-0.138020
0.028077,0.017943,-0.134084
0.025396,0.011771,-0.128749
0.022355,0.007790,-0.121888
0.018599,0.007075,-0.113370
0.013769,0.010700,-0.103067
0.007511,0.019741,-0.090848
0.000645,0.031264,-0.076746
-0.006248,0.043891,-0.061345
-0.012648,0.056631,-0.045370
-0.018032,0.068496,-0.029545
-0.021879,0.078497,-0.014595
-0.023668,0.085644,-0.001245
-0.022879,0.088948,0.009782
-0.018988,0.087419,0.017760
-0.011476,0.080069,0.021966
-0.003355,0.071895,0.025085
0.004538,0.063948,0.027619
0.011908,0.056291,0.029524
0.018459,0.048990,0.030756
0.023899,0.042109,0.031273
0.027932,0.035711,0.031031
0.030264,0.029862,0.029985
0.030600,0.024625,0.028094
0.028647,0.020065,0.025313
0.025575,0.015597,0.021742
0.021852,0.011148,0.017635
0.017771,0.006768,0.013285
0.013626,0.002510,0.008983
0.009708,-0.001573,0.005022
0.006310,-0.005428,0.001693
0.003725,-0.009004,-0.000711
0.002246,-0.012248,-0.001898
0.002165,-0.015108,-0.001576
0.002628,-0.017418,-0.001710
0.003278,-0.019245,-0.002733
0.003884,-0.020709,-0.004695
0.004212,-0.021935,-0.007648
0.004031,-0.023043,-0.011640
0.003108,-0.024157,-0.016723
0.001211,-0.025398,-0.022946
-0.001892,-0.026890,-0.030359
-0.006434,-0.028754,-0.039014
-0.009921,-0.032707,-0.047813
-0.011918,-0.038418,-0.056278
-0.012509,-0.045043,-0.064082
-0.011774,-0.051737,-0.070899
-0.009796,-0.057656,-0.076403
-0.006658,-0.061958,-0.080267
-0.002440,-0.063797,-0.082167
0.002774,-0.062330,-0.081777
0.008904,-0.056713,-0.078769
0.014589,-0.050301,-0.075084
0.019435,-0.043732,-0.071464
0.023289,-0.036963,-0.068352
0.025996,-0.029952,-0.066191
0.027405,-0.022656,-0.065424
0.027361,-0.015033,-0.066494
0.025711,-0.007040,-0.069844
0.022302,0.001365,-0.075916
0.016981,0.010224,-0.085154
0.012682,0.017694,-0.094600
0.009846,0.023722,-0.103551
0.008291,0.028701,-0.111865
0.007833,0.033027,-0.119400
0.008289,0.037094,-0.126016
0.009477,0.041296,-0.131571
0.011214,0.046027,-0.135924
0.013316,0.051683,-0.138933
0.015601,0.058656,-0.140457
0.016964,0.061719,-0.139909
0.017321,0.060655,-0.137414
0.016844,0.056502,-0.133277
0.015705,0.050297,-0.127800
0.014077,0.043080,-0.121288
0.012130,0.035887,-0.114043
0.010036,0.029757,-0.106370
0.007969,0.025727,-0.098572
0.006100,0.024836,-0.090952
0.005412,0.025596,-0.083250
0.005796,0.027231,-0.075558
0.006863,0.029142,-0.068056
0.008228,0.030730,-0.060924
0.009504,0.031398,-0.054342
0.010306,0.030547,-0.048490
0.010246,0.027577,-0.043549
0.008939,0.021891,-0.039697
0.005999,0.012890,-0.037116
0.002811,0.002764,-0.034630
-0.000206,-0.007376,-0.032116
-0.002873,-0.016694,-0.029712
-0.005014,-0.024350,-0.027559
-0.006450,-0.029507,-0.025796
-0.007004,-0.031327,-0.024562
-0.006499,-0.028971,-0.023998
-0.004757,-0.021602,-0.024242
-0.001600,-0.008380,-0.025434
0.001127,0.003570,-0.027478
0.003269,0.012946,-0.030025
0.005094,0.019900,-0.032662
0.006869,0.024586,-0.034977
0.008859,0.027157,-0.036559
0.011333,0.027765,-0.036995
0.014558,0.026562,-0.035874
0.018801,0.023702,-0.032782
0.024328,0.019338,-0.027308
0.030257,0.016346,-0.020235
0.036248,0.015095,-0.012281
0.042097,0.015323,-0.004150
0.047600,0.016771,0.003456
0.052554,0.019180,0.009835
0.056755,0.022289,0.014282
0.059998,0.025838,0.016096
0.062079,0.029567,0.014574
0.062796,0.033217,0.009012
0.062050,0.035724,0.003029
0.060075,0.036815,-0.002377
0.057188,0.036414,-0.006866
0.053705,0.034444,-0.010095
0.049943,0.030832,-0.011723
0.046219,0.025499,-0.011409
0.042850,0.018371,-0.008809
0.040152,0.009371,-0.003584
0.038442,-0.001576,0.004609
0.036963,-0.013912,0.012843
0.035531,-0.026809,0.020536
0.034106,-0.039367,0.027695
0.032647,-0.050689,0.034324
0.031112,-0.059877,0.040429
0.029462,-0.066033,0.046015
0.027656,-0.068259,0.051088
0.025653,-0.065657,0.055653
0.023412,-0.057328,0.059716
0.022662,-0.048912,0.062749
0.023406,-0.041641,0.064715
0.025221,-0.035644,0.065698
0.027679,-0.031051,0.065782
0.030357,-0.027994,0.065052
0.032827,-0.026601,0.063594
0.034666,-0.027002,0.061490
0.035446,-0.029329,0.058826
0.034743,-0.033711,0.055686
0.031405,-0.036579,0.054619
0.025789,-0.037741,0.055620
0.018633,-0.037846,0.058050
0.010674,-0.037544,0.061266
0.002651,-0.037485,0.064629
-0.004701,-0.038317,0.067497
-0.010643,-0.040692,0.069229
-0.014439,-0.045259,0.069184
-0.015351,-0.052667,0.066723
-0.013454,-0.059829,0.059739
-0.009130,-0.066103,0.048511
-0.002842,-0.071456,0.033913
0.004951,-0.075858,0.016816
0.013786,-0.079277,-0.001904
0.023204,-0.081683,-0.021376
0.032743,-0.083045,-0.040726
0.041942,-0.083331,-0.059081
0.050341,-0.082509,-0.075568
0.059010,-0.082034,-0.090689
0.067783,-0.082116,-0.104357
0.076184,-0.082653,-0.116334
0.083739,-0.083545,-0.126385
0.089971,-0.084691,-0.134274
0.094404,-0.085990,-0.139763
0.096565,-0.087342,-0.142617
0.095976,-0.088645,-0.142600
0.092163,-0.089799,-0.139475
0.087041,-0.090966,-0.135109
0.081370,-0.091745,-0.129885
0.075620,-0.091595,-0.123813
0.070264,-0.089975,-0.116903
0.065773,-0.086344,-0.109165
0.062616,-0.080161,-0.100610
0.061266,-0.070886,-0.091247
0.062194,-0.057977,-0.081087
0.065870,-0.040893,-0.070140
0.069939,-0.024256,-0.061655
0.073793,-0.009391,-0.055855
0.077259,0.003202,-0.052210
0.080168,0.013022,-0.050186
0.082347,0.019570,-0.049252
0.083625,0.022344,-0.048878
0.083831,0.020844,-0.048529
0.082792,0.014570,-0.047676
0.080339,0.003021,-0.045786
0.077825,-0.005707,-0.040596
0.075540,-0.010616,-0.032249
0.073509,-0.012480,-0.021489
0.071756,-0.012073,-0.009061
0.070303,-0.010172,0.004292
0.069176,-0.007550,0.017824
0.068398,-0.004982,0.030791
0.067992,-0.003244,0.042450
0.067983,-0.003109,0.052055
0.067437,-0.004583,0.057343
0.066256,-0.007339,0.058441
0.064546,-0.010969,0.056073
0.062416,-0.015062,0.050966
0.059974,-0.019211,0.043842
0.057328,-0.023005,0.035428
0.054587,-0.026037,0.026448
0.051857,-0.027896,0.017627
0.049248,-0.028174,0.009690
0.048182,-0.028720,0.000718
0.048409,-0.029708,-0.008704
0.049257,-0.030893,-0.017361
0.050054,-0.032028,-0.024041
0.050130,-0.032869,-0.027528
0.048812,-0.033170,-0.026611
0.045430,-0.032685,-0.020075
0.039312,-0.031168,-0.006708
0.029788,-0.028375,0.014705
0.020847,-0.024631,0.033376
0.013287,-0.020023,0.047490
0.007109,-0.014582,0.057472
0.002312,-0.008338,0.063748
-0.001105,-0.001320,0.066742
-0.003142,0.006443,0.066881
-0.003799,0.014919,0.064590
-0.003077,0.024081,0.060295
-0.000976,0.033897,0.054421
0.000137,0.042633,0.047346
0.000105,0.049984,0.039843
-0.000673,0.056003,0.032784
-0.001802,0.060742,0.027040
-0.002883,0.064254,0.023483
-0.003521,0.066592,0.022983
-0.003318,0.067809,0.026412
-0.001877,0.067957,0.034641
0.001200,0.067089,0.048543
0.003781,0.069673,0.058881
0.005578,0.075612,0.064501
0.006759,0.083668,0.066265
0.007494,0.092603,0.065037
0.007952,0.101178,0.061680
0.008302,0.108156,0.057058
0.008715,0.112299,0.052035
0.009359,0.112369,0.047472
0.010404,0.107127,0.044235
0.011559,0.095811,0.042881
0.012970,0.079684,0.043221
0.014890,0.060512,0.044879
0.017573,0.040066,0.047477
0.021271,0.020113,0.050640
0.026239,0.002423,0.053990
0.032731,-0.011238,0.057152
0.040999,-0.019099,0.059748
0.051297,-0.019392,0.061402
0.061573,-0.017617,0.060479
0.071245,-0.015243,0.056999
0.080101,-0.012738,0.051396
0.087926,-0.010568,0.044103
0.094507,-0.009196,0.035555
0.099632,-0.009091,0.026183
0.103085,-0.010716,0.016423
0.104654,-0.014538,0.006708
0.104125,-0.021023,-0.002528
0.102479,-0.028162,-0.009772
0.100029,-0.035330,-0.015012
0.096924,-0.042251,-0.018617
0.093311,-0.048649,-0.020953
0.089336,-0.054245,-0.022387
0.085149,-0.058764,-0.023286
0.080895,-0.061927,-0.024016
0.076722,-0.063459,-0.024944
0.072779,-0.063083,-0.026437
0.069425,-0.061895,-0.029270
0.066613,-0.060169,-0.033363
0.064195,-0.057966,-0.038425
0.062022,-0.055351,-0.044163
0.059943,-0.052387,-0.050286
0.057809,-0.049138,-0.056500
0.055473,-0.045668,-0.062513
0.052783,-0.042039,-0.068034
0.049592,-0.038317,-0.072770
0.046872,-0.034334,-0.076814
0.044681,-0.030329,-0.079981
0.042848,-0.026643,-0.082013
0.041201,-0.023616,-0.082654
0.039571,-0.021589,-0.081647
0.037787,-0.020901,-0.078736
0.035676,-0.021894,-0.073664
0.033070,-0.024908,-0.066175
0.029796,-0.030282,-0.056012
0.026052,-0.036867,-0.045731
0.022188,-0.044046,-0.036106
0.018593,-0.051336,-0.027466
0.015657,-0.058256,-0.020141
0.013768,-0.064322,-0.014458
0.013315,-0.069053,-0.010747
0.014688,-0.071965,-0.009337
0.018275,-0.072575,-0.010556
0.024466,-0.070402,-0.014733
0.032583,-0.068737,-0.022601
0.041970,-0.067696,-0.033493
0.051975,-0.066603,-0.046397
0.061944,-0.064784,-0.060299
0.071225,-0.061563,-0.074186
0.079166,-0.056264,-0.087045
0.085113,-0.048211,-0.097863
0.088416,-0.036730,-0.105625
0.088421,-0.021143,-0.109319
0.087309,-0.008931,-0.110326
0.085555,-0.001092,-0.109271
0.083209,0.002994,-0.106591
0.080318,0.003948,-0.102720
0.076931,0.002391,-0.098095
0.073097,-0.001057,-0.093152
0.068864,-0.005775,-0.088327
0.064280,-0.011142,-0.084056
0.059395,-0.016538,-0.080774
0.055409,-0.016783,-0.077531
0.052387,-0.012140,-0.074168
0.050107,-0.004234,-0.070723
0.048348,0.005310,-0.067236
0.046888,0.014867,-0.063746
0.045505,0.022814,-0.060292
0.043979,0.027525,-0.056912
0.042088,0.027376,-0.053646
0.039610,0.020742,-0.050532
0.037433,0.014198,-0.047203
0.035753,0.008970,-0.043653
0.034592,0.004945,-0.039968
0.033973,0.002011,-0.036231
0.033919,0.000056,-0.032527
0.034454,-0.001032,-0.028941
0.035600,-0.001367,-0.025558
0.037379,-0.001059,-0.022462
0.039816,-0.000221,-0.019738
0.042068,0.002646,-0.017515
0.043903,0.007371,-0.015758
0.045239,0.013364,-0.014393
0.045994,0.020038,-0.013346
0.046086,0.026803,-0.012544
0.045435,0.033070,-0.011911
0.043958,0.038250,-0.011373
0.041573,0.041755,-0.010856
0.038199,0.042995,-0.010287
0.035055,0.045092,-0.009232
0.032390,0.048140,-0.007867
0.030212,0.051474,-0.006517
0.028528,0.054429,-0.005508
0.027344,0.056343,-0.005166
0.026669,0.056550,-0.005817
0.026510,0.054387,-0.007787
0.026872,0.049190,-0.011402
0.027765,0.040294,-0.016988
0.029052,0.033300,-0.021492
0.030607,0.028706,-0.024296
0.032303,0.025733,-0.025389
0.034016,0.023605,-0.024759
0.035620,0.021544,-0.022396
0.036990,0.018773,-0.018288
0.038000,0.014515,-0.012426
0.038526,0.007991,-0.004797
0.038442,-0.001576,0.004609
0.036770,-0.012405,0.012527
0.033549,-0.023781,0.018593
0.029072,-0.035252,0.023168
0.023634,-0.046365,0.026611
0.017527,-0.056669,0.029285
0.011045,-0.065712,0.031548
0.004481,-0.073043,0.033763
-0.001870,-0.078210,0.036289
-0.007716,-0.080761,0.039487
-0.011971,-0.082816,0.043270
-0.014787,-0.084753,0.047304
-0.016624,-0.086518,0.051192
-0.017942,-0.088055,0.054537
-0.019203,-0.089306,0.056942
-0.020866,-0.090218,0.058010
-0.023394,-0.090734,0.057345
-0.027245,-0.090797,0.054550
-0.032880,-0.090353,0.049228
-0.038688,-0.089178,0.043386
-0.044204,-0.087546,0.037617
-0.049249,-0.085857,0.032157
-0.053645,-0.084510,0.027246
-0.057215,-0.083906,0.023120
-0.059779,-0.084443,0.020017
-0.061161,-0.086522,0.018176
-0.061181,-0.090542,0.017834
-0.059661,-0.096903,0.019229
-0.056852,-0.099172,0.024108
-0.052999,-0.096858,0.032115
-0.048346,-0.090955,0.042365
-0.043139,-0.082458,0.053976
-0.037622,-0.072361,0.066065
-0.032040,-0.061658,0.077748
-0.026637,-0.051343,0.088142
-0.021658,-0.042411,0.096363
-0.017347,-0.035856,0.101529
-0.014131,-0.032059,0.104978
-0.011995,-0.030649,0.107070
-0.010816,-0.031065,0.107923
-0.010472,-0.032748,0.107653
-0.010838,-0.035136,0.106378
-0.011791,-0.037671,0.104215
-0.013209,-0.039792,0.101281
-0.014968,-0.040939,0.097692
-0.016944,-0.040551,0.093566
-0.018354,-0.038998,0.091067
-0.019181,-0.036598,0.090127
-0.019597,-0.033654,0.090118
-0.019777,-0.030469,0.090415
-0.019893,-0.027348,0.090389
-0.020119,-0.024593,0.089414
-0.020628,-0.022509,0.086863
-0.021595,-0.021398,0.082110
-0.023192,-0.021566,0.074527
-0.023895,-0.021097,0.068698
-0.023658,-0.019523,0.065183
-0.022804,-0.016732,0.063537
-0.021657,-0.012615,0.063314
-0.020540,-0.007060,0.064067
-0.019776,0.000043,0.065352
-0.019689,0.008804,0.066721
-0.020602,0.019332,0.067729
-0.022839,0.031740,0.067930
-0.026056,0.046303,0.068268
-0.030224,0.062183,0.068899
-0.035391,0.078267,0.069781
-0.041607,0.093438,0.070871
-0.048921,0.106581,0.072126
-0.057380,0.116579,0.073505
-0.067033,0.122319,0.074966
-0.077931,0.122685,0.076465
-0.090120,0.116560,0.077961
-0.102187,0.109668,0.076921
-0.113672,0.102921,0.073191
-0.124357,0.096024,0.067212
-0.134022,0.088685,0.059427
-0.142448,0.080611,0.050275
-0.149416,0.071510,0.040200
-0.154707,0.061088,0.029643
-0.158101,0.049053,0.019044
-0.159379,0.035112,0.008845
-0.159060,0.022517,-0.001160
-0.157464,0.011840,-0.010890
-0.154863,0.002986,-0.020188
-0.151529,-0.004141,-0.028900
-0.147734,-0.009639,-0.036870
-0.143749,-0.013603,-0.043942
-0.139846,-0.016129,-0.049961
-0.136296,-0.017313,-0.054771
-0.133372,-0.017253,-0.058218
-0.130426,-0.017480,-0.060856
-0.127207,-0.018368,-0.062830
-0.123564,-0.020000,-0.064182
-0.119348,-0.022458,-0.064955
-0.114407,-0.025825,-0.065191
-0.108591,-0.030184,-0.064932
-0.101750,-0.035618,-0.064221
-0.093734,-0.042209,-0.063100
-0.084391,-0.050040,-0.061611
-0.076866,-0.057619,-0.058759
-0.071488,-0.064505,-0.054543
-0.067882,-0.070519,-0.049216
-0.065672,-0.075485,-0.043028
-0.064483,-0.079225,-0.036229
-0.063941,-0.081561,-0.029070
-0.063669,-0.082315,-0.021803
-0.063293,-0.081311,-0.014678
-0.062437,-0.078370,-0.007945
-0.061534,-0.074793,-0.002230
-0.060654,-0.070831,0.002460
-0.059774,-0.066474,0.006271
-0.058874,-0.061710,0.009347
-0.057933,-0.056530,0.011836
-0.056928,-0.050922,0.013882
-0.055840,-0.044877,0.015632
-0.054645,-0.038382,0.017231
-0.053324,-0.031428,0.018825
-0.051230,-0.023245,0.022033
-0.048288,-0.013980,0.026918
-0.044566,-0.004010,0.033152
-0.040133,0.006290,0.040408
-0.035058,0.016544,0.048359
-0.029409,0.026376,0.056678
-0.023254,0.035409,0.065037
-0.016662,0.043269,0.073109
-0.009702,0.049578,0.080567
-0.004594,0.051972,0.084246
-0.001385,0.050580,0.084050
0.000419,0.046152,0.080647
0.001313,0.039438,0.074709
0.001793,0.031189,0.066904
0.002353,0.022156,0.057902
0.003489,0.013090,0.048375
0.005695,0.004740,0.038990
0.009467,-0.002142,0.030419
0.013144,-0.009385,0.021936
0.016283,-0.017220,0.013531
0.018744,-0.025485,0.005377
0.020388,-0.034016,-0.002355
0.021076,-0.042647,-0.009494
0.020667,-0.051214,-0.015868
0.019023,-0.059554,-0.021306
0.016004,-0.067502,-0.025637
0.011471,-0.074893,-0.028690
0.007696,-0.082014,-0.033983
0.005011,-0.088599,-0.041368
0.003266,-0.094243,-0.049783
0.002310,-0.098542,-0.058165
0.001991,-0.101092,-0.065450
0.002156,-0.101488,-0.070575
0.002656,-0.099326,-0.072477
0.003339,-0.094201,-0.070093
0.004053,-0.085710,-0.062359
0.004207,-0.079701,-0.053377
0.003798,-0.076602,-0.044045
0.002967,-0.075481,-0.034463
0.001857,-0.075408,-0.024728
0.000610,-0.075452,-0.014941
-0.000630,-0.074685,-0.005198
-0.001721,-0.072174,0.004400
-0.002521,-0.066991,0.013756
-0.002887,-0.058204,0.022770
-0.002332,-0.047669,0.029351
-0.000835,-0.036212,0.033262
0.001507,-0.024401,0.034727
0.004599,-0.012803,0.033974
0.008345,-0.001987,0.031227
0.012648,0.007481,0.026713
0.017412,0.015031,0.020658
0.022541,0.020096,0.013286
0.027940,0.022109,0.004824
0.032431,0.022228,-0.003428
0.035909,0.020820,-0.011160
0.038535,0.018053,-0.018304
0.040473,0.014094,-0.024795
0.041883,0.009113,-0.030567
0.042929,0.003276,-0.035553
0.043771,-0.003248,-0.039688
0.044573,-0.010292,-0.042907
0.045496,-0.017686,-0.045142
0.047495,-0.024251,-0.047656
0.050382,-0.029660,-0.050618
0.053684,-0.033803,-0.053926
0.056928,-0.036570,-0.057478
0.059640,-0.037851,-0.061170
0.061348,-0.037534,-0.064901
0.061576,-0.035511,-0.068567
0.059853,-0.031669,-0.072066
0.055705,-0.025898,-0.075295
0.051935,-0.020892,-0.077151
0.048943,-0.017217,-0.077445
0.046527,-0.014909,-0.076215
0.044487,-0.014004,-0.073497
0.042620,-0.014538,-0.069329
0.040725,-0.016548,-0.063750
0.038601,-0.020069,-0.056797
0.036046,-0.025136,-0.048507
0.032858,-0.031787,-0.038919
0.029951,-0.038537,-0.030053
0.027424,-0.044905,-0.022301
0.025175,-0.050661,-0.015651
0.023098,-0.055576,-0.010087
0.021092,-0.059419,-0.005595
0.019052,-0.061961,-0.002162
0.016875,-0.062972,0.000227
0.014457,-0.062221,0.001586
0.011694,-0.059480,0.001930
0.008872,-0.057572,0.002988
0.006205,-0.056836,0.005002
0.003892,-0.056987,0.007841
0.002134,-0.057742,0.011374
0.001129,-0.058818,0.015470
0.001076,-0.059931,0.019998
0.002175,-0.060797,0.024826
0.004625,-0.061133,0.029825
0.008625,-0.060655,0.034862
0.010175,-0.058505,0.040556
0.009035,-0.055063,0.046692
0.005907,-0.051017,0.052851
0.001492,-0.047057,0.058612
-0.003509,-0.043873,0.063554
-0.008395,-0.042152,0.067257
-0.012465,-0.042585,0.069299
-0.015017,-0.045860,0.069262
-0.015351,-0.052667,0.066723
-0.012724,-0.058862,0.061081
-0.007542,-0.063736,0.052885
-0.000498,-0.067442,0.042970
0.007717,-0.070133,0.032170
0.016410,-0.071959,0.021323
0.024888,-0.073075,0.011262
0.032459,-0.073630,0.002824
0.038431,-0.073779,-0.003156
0.042111,-0.073672,-0.005844
0.044296,-0.074209,-0.012451
0.045431,-0.075255,-0.023226
0.045873,-0.076415,-0.036679
0.045980,-0.077294,-0.051318
0.046108,-0.077498,-0.065651
0.046614,-0.076631,-0.078187
0.047856,-0.074300,-0.087435
0.050190,-0.070108,-0.091903
0.053974,-0.063663,-0.090100
0.058121,-0.055388,-0.086247
0.062282,-0.045783,-0.081447
0.066292,-0.035368,-0.076021
0.069983,-0.024662,-0.070292
0.073191,-0.014184,-0.064581
0.075749,-0.004453,-0.059210
0.077492,0.004012,-0.054503
0.078253,0.010692,-0.050780
0.077868,0.015067,-0.048364
0.077695,0.017278,-0.046946
0.077852,0.017467,-0.046234
0.078146,0.015778,-0.045940
0.078382,0.012355,-0.045776
0.078368,0.007342,-0.045454
0.077910,0.000882,-0.044687
0.076814,-0.006881,-0.043185
0.074886,-0.015803,-0.040663
0.071934,-0.025741,-0.036830
0.069166,-0.033881,-0.035234
0.066733,-0.039833,-0.036188
0.064522,-0.043812,-0.039197
0.062421,-0.046033,-0.043769
0.060316,-0.046712,-0.049409
0.058094,-0.046065,-0.055623
0.055641,-0.044306,-0.061917
0.052845,-0.041652,-0.067797
0.049592,-0.038317,-0.072770
0.046391,-0.031964,-0.077012
0.043549,-0.022877,-0.080471
0.041323,-0.011995,-0.083039
0.039968,-0.000255,-0.084608
0.039742,0.011402,-0.085070
0.040901,0.022039,-0.084317
0.043702,0.030715,-0.082239
0.048401,0.036494,-0.078729
0.055255,0.038436,-0.073679
0.061596,0.040207,-0.067622
0.066891,0.042384,-0.060948
0.071137,0.044769,-0.054008
0.074334,0.047163,-0.047155
0.076479,0.049368,-0.040741
0.077572,0.051186,-0.035119
0.077611,0.052420,-0.030641
0.076594,0.052872,-0.027660
0.074520,0.052342,-0.026528
0.071615,0.051023,-0.023628
0.067931,0.049084,-0.018741
0.063475,0.046692,-0.012498
0.058257,0.044013,-0.005529
0.052285,0.041214,0.001537
0.045566,0.038460,0.008069
0.038109,0.035918,0.013437
0.029923,0.033754,0.017011
0.021015,0.032134,0.018161
0.013033,0.034190,0.017405
0.006182,0.039958,0.015281
0.000309,0.048699,0.012332
-0.004740,0.059673,0.009101
-0.009119,0.072144,0.006130
-0.012982,0.085371,0.003962
-0.016482,0.098616,0.003140
-0.019773,0.111140,0.004206
-0.023009,0.122206,0.007703
-0.026370,0.126237,0.011876
-0.029797,0.123296,0.016286
-0.033169,0.114854,0.020825
-0.036367,0.102383,0.025384
-0.039273,0.087352,0.029854
-0.041766,0.071234,0.034125
-0.043726,0.055498,0.038090
-0.045035,0.041618,0.041638
-0.045573,0.031062,0.044661
-0.045194,0.022557,0.046318
-0.044111,0.015646,0.046648
-0.042626,0.010075,0.045912
-0.041042,0.005592,0.044373
-0.039660,0.001943,0.042289
-0.038785,-0.001124,0.039924
-0.038717,-0.003862,0.037538
-0.039761,-0.006526,0.035391
-0.042217,-0.009367,0.033745
-0.044315,-0.011973,0.033076
-0.045726,-0.014295,0.033265
-0.046478,-0.016377,0.034041
-0.046602,-0.018260,0.035135
-0.046126,-0.019987,0.036279
-0.045081,-0.021602,0.037202
-0.043495,-0.023145,0.037636
-0.041399,-0.024661,0.037310
-0.038821,-0.026191,0.035957
-0.035391,-0.029098,0.034189
-0.031151,-0.033292,0.032310
-0.026253,-0.038321,0.030543
-0.020845,-0.043731,0.029113
-0.015076,-0.049070,0.028243
-0.009095,-0.053884,0.028160
-0.003052,-0.057722,0.029085
0.002905,-0.060130,0.031245
0.008625,-0.060655,0.034862
0.013980,-0.060323,0.038787
0.018875,-0.059314,0.042536
0.023226,-0.057595,0.045796
0.026948,-0.055135,0.048253
0.029956,-0.051901,0.049592
0.032165,-0.047863,0.049500
0.033490,-0.042988,0.047661
0.033847,-0.037244,0.043761
0.033151,-0.030599,0.037487
0.030928,-0.023631,0.030241
0.027470,-0.016487,0.022624
0.023258,-0.009208,0.015036
0.018773,-0.001834,0.007878
0.014499,0.005595,0.001551
0.010916,0.013036,-0.003546
0.008507,0.020451,-0.007011
0.007753,0.027799,-0.008445
0.009136,0.035038,-0.007447
0.011719,0.040810,-0.006793
0.015136,0.044964,-0.007065
0.019161,0.047655,-0.008293
0.023567,0.049034,-0.010510
0.028129,0.049254,-0.013746
0.032623,0.048468,-0.018034
0.036822,0.046829,-0.023404
0.040500,0.044490,-0.029889
0.043432,0.041603,-0.037520
0.045209,0.038551,-0.044278
0.045956,0.035379,-0.049919
0.045931,0.032051,-0.054643
0.045394,0.028528,-0.058647
0.044602,0.024774,-0.062132
0.043815,0.020750,-0.065296
0.043291,0.016419,-0.068339
0.043290,0.011743,-0.071459
0.044069,0.006686,-0.074855
0.044933,0.002711,-0.078002
0.045735,0.000043,-0.080743
0.046461,-0.001406,-0.083011
0.047101,-0.001723,-0.084741
0.047643,-0.000995,-0.085867
0.048074,0.000692,-0.086324
0.048382,0.003251,-0.086046
0.048557,0.006594,-0.084967
0.048586,0.010634,-0.083022
0.047434,0.015210,-0.078415
0.045141,0.019994,-0.071492
0.042013,0.024621,-0.063139
0.038357,0.028722,-0.054239
0.034481,0.031929,-0.045675
0.030693,0.033877,-0.038332
0.027299,0.034197,-0.033094
0.024606,0.032522,-0.030844
0.022922,0.028485,-0.032467
0.022620,0.022678,-0.034334
0.023529,0.015745,-0.035690
0.025343,0.008348,-0.036497
0.027759,0.001143,-0.036719
0.030470,-0.005209,-0.036317
0.033171,-0.010050,-0.035255
0.035557,-0.012720,-0.033496
0.037322,-0.012562,-0.031001
0.038161,-0.008915,-0.027734
0.038938,-0.004717,-0.025288
0.039789,-0.000586,-0.023797
0.040668,0.003438,-0.023029
0.041528,0.007315,-0.022752
0.042323,0.011006,-0.022734
0.043008,0.014471,-0.022745
0.043537,0.017671,-0.022551
0.043862,0.020566,-0.021922
0.043939,0.023116,-0.020625
0.044074,0.026195,-0.018979
0.044189,0.029688,-0.017111
0.044112,0.033237,-0.015103
0.043669,0.036481,-0.013035
0.042689,0.039062,-0.010989
0.040997,0.040621,-0.009046
0.038422,0.040797,-0.007287
0.034790,0.039231,-0.005792
0.029928,0.035565,-0.004643
0.024501,0.031744,-0.003638
0.018781,0.028241,-0.002729
0.012945,0.025162,-0.001904
0.007168,0.022609,-0.001152
0.001626,0.020689,-0.000462
-0.003506,0.019506,0.000177
-0.008051,0.019165,0.000778
-0.011833,0.019771,0.001350
-0.014678,0.021427,0.001905
-0.016447,0.023435,0.001768
-0.017178,0.025370,0.000871
-0.016955,0.026879,-0.000701
-0.015859,0.027606,-0.002862
-0.013974,0.027199,-0.005529
-0.011382,0.025301,-0.008618
-0.008166,0.021560,-0.012042
-0.004408,0.015621,-0.015718
-0.000191,0.007130,-0.019561
0.003363,0.002419,-0.023598
0.006176,0.002191,-0.027666
0.008432,0.005739,-0.031554
0.010315,0.012358,-0.035053
0.012008,0.021341,-0.037952
0.013696,0.031983,-0.040040
0.015562,0.043578,-0.041108
0.017789,0.055419,-0.040946
0.020563,0.066800,-0.039343
0.022780,0.073803,-0.037442
0.024240,0.076497,-0.035522
0.024967,0.075948,-0.033641
0.024985,0.073223,-0.031860
0.024319,0.069388,-0.030239
0.022993,0.065511,-0.028838
0.021032,0.062657,-0.027716
0.018459,0.061894,-0.026935
0.015299,0.064287,-0.026553
0.012487,0.066480,-0.026096
0.010099,0.067789,-0.025484
0.007997,0.068201,-0.024741
0.006045,0.067701,-0.023888
0.004104,0.066274,-0.022949
0.002038,0.063907,-0.021945
-0.000292,0.060584,-0.020899
-0.003022,0.056293,-0.019834
-0.006290,0.051018,-0.018770
-0.008689,0.046398,-0.017821
-0.010054,0.042541,-0.016846
-0.010530,0.039170,-0.015642
-0.010265,0.036011,-0.014005
-0.009403,0.032788,-0.011732
-0.008092,0.029224,-0.008620
-0.006476,0.025046,-0.004466
-0.004702,0.019976,0.000933
-0.002916,0.013740,0.007781
0.000633,0.005289,0.015447
0.005819,-0.004922,0.023262
0.012047,-0.016060,0.030544
0.018721,-0.027293,0.036612
0.025247,-0.037789,0.040787
0.031030,-0.046715,0.042386
0.035475,-0.053240,0.040730
0.037987,-0.056530,0.035136
0.037971,-0.055754,0.024926
0.037356,-0.055220,0.015262
0.036571,-0.055692,0.007383
0.035670,-0.057046,0.001545
0.034707,-0.059158,-0.001996
0.033737,-0.061904,-0.002982
0.032812,-0.065161,-0.001158
0.031986,-0.068805,0.003734
0.031315,-0.072712,0.011950
0.030850,-0.076759,0.023746
0.030065,-0.079071,0.032749
0.028885,-0.079489,0.038149
0.027352,-0.078281,0.040530
0.025505,-0.075718,0.040474
0.023386,-0.072068,0.038565
0.021036,-0.067599,0.035384
0.018493,-0.062581,0.031515
0.015800,-0.057284,0.027541
0.012998,-0.051975,0.024044
0.010718,-0.047719,0.021457
0.009011,-0.044584,0.019721
0.007783,-0.042386,0.018653
0.006938,-0.040943,0.018071
0.006380,-0.040073,0.017793
0.006014,-0.039591,0.017637
0.005746,-0.039317,0.017421
0.005479,-0.039067,0.016961
0.005119,-0.038658,0.016077
0.004767,-0.038453,0.016974
0.004458,-0.038319,0.019717
0.004212,-0.037998,0.023835
0.004046,-0.037231,0.028857
0.003980,-0.035761,0.034312
0.004032,-0.033329,0.039728
0.004220,-0.029677,0.044634
0.004563,-0.024548,0.048560
0.005081,-0.017683,0.051033
0.004202,-0.012091,0.053416
0.001973,-0.008306,0.055759
-0.001157,-0.006244,0.057786
-0.004737,-0.005821,0.059221
-0.008319,-0.006956,0.059786
-0.011452,-0.009562,0.059207
-0.013687,-0.013558,0.057207
-0.014573,-0.018859,0.053509
-0.013663,-0.025381,0.047837
-0.011106,-0.030977,0.044066
-0.007227,-0.035046,0.042479
-0.002392,-0.037371,0.042464
0.003034,-0.037740,0.043405
0.008684,-0.035938,0.044689
0.014192,-0.031749,0.045703
0.019193,-0.024960,0.045831
0.023319,-0.015355,0.044462
0.026206,-0.002721,0.040980
0.028778,0.007185,0.036160
0.031181,0.013679,0.030533
0.033368,0.017346,0.024567
0.035290,0.018771,0.018732
0.036900,0.018538,0.013497
0.038149,0.017232,0.009330
0.038989,0.015437,0.006702
0.039373,0.013738,0.006080
0.039252,0.012719,0.007935
0.039353,0.012656,0.009695
0.039782,0.013376,0.010760
0.040490,0.014592,0.011021
0.041426,0.016021,0.010370
0.042542,0.017376,0.008700
0.043786,0.018375,0.005902
0.045110,0.018730,0.001868
0.046463,0.018158,-0.003509
0.047797,0.016373,-0.010338
0.048280,0.015662,-0.017958
0.047841,0.016183,-0.025984
0.046601,0.017565,-0.034100
0.044677,0.019435,-0.041989
0.042190,0.021422,-0.049334
0.039258,0.023153,-0.055819
0.036001,0.024257,-0.061128
0.032537,0.024362,-0.064945
0.028986,0.023094,-0.066952
0.025813,0.020986,-0.068153
0.023069,0.018346,-0.068778
0.020702,0.015428,-0.068867
0.018659,0.012486,-0.068458
0.016887,0.009775,-0.067590
0.015336,0.007548,-0.066302
0.013952,0.006060,-0.064632
0.012683,0.005564,-0.062618
0.011477,0.006316,-0.060301
0.010614,0.007468,-0.060701
0.010152,0.008614,-0.063655
0.010096,0.009451,-0.068200
0.010451,0.009681,-0.073372
0.011221,0.009002,-0.078209
0.012411,0.007116,-0.081748
0.014025,0.003720,-0.083027
0.016067,-0.001483,-0.081084
0.018543,-0.008796,-0.074954
0.021408,-0.015916,-0.067360
0.024434,-0.022387,-0.059153
0.027349,-0.028214,-0.050714
0.029876,-0.033401,-0.042428
0.031744,-0.037954,-0.034675
0.032677,-0.041876,-0.027839
0.032402,-0.045174,-0.022302
0.030645,-0.047851,-0.018447
0.027131,-0.049912,-0.016658
0.023916,-0.048424,-0.014651
0.021253,-0.043405,-0.012127
0.018947,-0.035609,-0.009283
0.016801,-0.025792,-0.006314
0.014618,-0.014707,-0.003416
0.012202,-0.003110,-0.000785
0.009358,0.008243,0.001384
0.005889,0.018599,0.002893
0.001598,0.027201,0.003549
-0.001089,0.034877,0.005058
-0.001979,0.041674,0.007508
-0.001433,0.047449,0.010584
0.000187,0.052057,0.013970
0.002517,0.055353,0.017349
0.005197,0.057193,0.020405
0.007864,0.057433,0.022822
0.010155,0.055927,0.024285
0.011709,0.052532,0.024476
0.014448,0.050536,0.027950
0.018572,0.050198,0.034267
0.023845,0.051019,0.041740
0.030034,0.052499,0.048681
0.036905,0.054140,0.053401
0.044224,0.055442,0.054215
0.051757,0.055905,0.049433
0.059271,0.055032,0.037369
0.066531,0.052322,0.016334
0.071990,0.048562,-0.001143
0.075369,0.044107,-0.013067
0.076702,0.039209,-0.020076
0.076027,0.034118,-0.022810
0.073379,0.029085,-0.021906
0.068793,0.024360,-0.018004
0.062306,0.020194,-0.011741
0.053954,0.016837,-0.003756
0.043773,0.014539,0.005312
0.034696,0.012082,0.013003
0.027286,0.009312,0.018887
0.021515,0.006338,0.023044
0.017354,0.003271,0.025554
0.014777,0.000224,0.026497
0.013753,-0.002695,0.025952
0.014255,-0.005373,0.023999
0.016254,-0.007700,0.020717
0.019723,-0.009564,0.016187
0.024031,-0.009903,0.012415
0.028814,-0.008690,0.009243
0.033775,-0.006161,0.005967
0.038616,-0.002551,0.001886
0.043038,0.001905,-0.003705
0.046745,0.006971,-0.011507
0.049438,0.012411,-0.022223
0.050819,0.017992,-0.036556
0.050592,0.023477,-0.055208
0.048184,0.029505,-0.073086
0.043874,0.035971,-0.088570
0.038154,0.042585,-0.100909
0.031514,0.049057,-0.109351
0.024444,0.055097,-0.113145
0.017436,0.060416,-0.111537
0.010981,0.064723,-0.103777
0.005568,0.067728,-0.089113
0.001690,0.069143,-0.066793
-0.001697,0.070802,-0.044952
-0.004863,0.072957,-0.025247
-0.007880,0.075465,-0.007715
-0.010826,0.078182,0.007606
-0.013775,0.080962,0.020679
-0.016802,0.083662,0.031466
-0.019981,0.086139,0.039931
-0.023389,0.088246,0.046035
-0.027100,0.089842,0.049741
-0.031009,0.090555,0.051099
-0.034915,0.090017,0.050622
-0.038594,0.087860,0.048941
-0.041821,0.083714,0.046684
-0.044371,0.077211,0.044483
-0.046019,0.067982,0.042968
-0.046540,0.055659,0.042768
-0.045710,0.039872,0.044514
-0.043303,0.020254,0.048835
-0.040642,0.002051,0.053479
-0.037947,-0.013579,0.057770
-0.035167,-0.026501,0.061425
-0.032247,-0.036582,0.064162
-0.029135,-0.043686,0.065699
-0.025777,-0.047679,0.065754
-0.022120,-0.048427,0.064044
-0.018111,-0.045795,0.060289
-0.013697,-0.039649,0.054204
-0.009188,-0.033370,0.047095
-0.004681,-0.027658,0.039270
-0.000219,-0.022545,0.030789
0.004156,-0.018060,0.021712
0.008401,-0.014234,0.012100
0.012473,-0.011097,0.002012
0.016330,-0.008680,-0.008492
0.019928,-0.007013,-0.019352
0.023225,-0.006126,-0.030507
0.027545,-0.005278,-0.038378
0.032685,-0.004388,-0.042776
0.038055,-0.003542,-0.044361
0.043068,-0.002825,-0.043790
0.047137,-0.002324,-0.041724
0.049675,-0.002123,-0.038820
0.050092,-0.002308,-0.035737
0.047803,-0.002965,-0.033135
0.042218,-0.004179,-0.031672
0.034094,-0.002988,-0.027710
0.024272,0.000620,-0.021516
0.013621,0.005923,-0.014332
0.003006,0.012196,-0.007398
-0.006707,0.018716,-0.001957
-0.014651,0.024757,0.000749
-0.019961,0.029597,-0.000520
-0.021769,0.032511,-0.007007
-0.019209,0.032776,-0.019953
-0.016213,0.029734,-0.034436
-0.013540,0.024260,-0.048933
-0.011155,0.017613,-0.062772
-0.009025,0.011053,-0.075281
-0.007117,0.005840,-0.085789
-0.005396,0.003231,-0.093623
-0.003830,0.004488,-0.098111
-0.002384,0.010869,-0.098582
-0.001025,0.023633,-0.094363
-0.001019,0.036796,-0.089121
-0.002350,0.048716,-0.083719
-0.004680,0.058834,-0.078321
-0.007673,0.066592,-0.073093
-0.010991,0.071432,-0.068197
-0.014298,0.072796,-0.063797
-0.017255,0.070126,-0.060059
-0.019526,0.062864,-0.057145
-0.020773,0.050452,-0.055220
-0.021960,0.039530,-0.053830
-0.023085,0.031554,-0.052799
-0.023907,0.026684,-0.052018
-0.024183,0.025079,-0.051377
-0.023671,0.026900,-0.050770
-0.022129,0.032307,-0.050085
-0.019314,0.041459,-0.049216
-0.014985,0.054517,-0.048054
-0.008899,0.071641,-0.046489
-0.003293,0.084657,-0.044184
0.001390,0.092368,-0.041395
0.005152,0.095321,-0.038525
0.008000,0.094061,-0.035976
0.009936,0.089135,-0.034153
0.010965,0.081089,-0.033458
0.011090,0.070469,-0.034294
0.010317,0.057821,-0.037066
0.008649,0.043691,-0.042175
0.007646,0.036197,-0.046706
0.007476,0.035465,-0.050115
0.007962,0.039622,-0.052450
0.008925,0.046794,-0.053761
0.010187,0.055109,-0.054096
0.011569,0.062694,-0.053505
0.012892,0.067676,-0.052037
0.013978,0.068180,-0.049740
0.014650,0.062336,-0.046665
0.013822,0.053870,-0.040611
0.011636,0.044289,-0.032082
0.008540,0.034545,-0.022258
0.004982,0.025587,-0.012318
0.001409,0.018368,-0.003443
-0.001729,0.013837,0.003188
-0.003987,0.012946,0.006394
-0.004915,0.016646,0.004997
-0.004066,0.025887,-0.002184
-0.002279,0.035046,-0.011996
0.000424,0.042862,-0.023242
0.004223,0.049171,-0.035212
0.009300,0.053806,-0.047196
0.015836,0.056601,-0.058483
0.024014,0.057388,-0.068364
0.034013,0.056003,-0.076129
0.046015,0.052277,-0.081069
0.060202,0.046046,-0.082473
0.075175,0.039405,-0.080171
0.090235,0.032884,-0.074683
0.104863,0.026625,-0.066704
0.118536,0.020770,-0.056929
0.130735,0.015459,-0.046052
0.140936,0.010833,-0.034766
0.148620,0.007033,-0.023767
0.153264,0.004200,-0.013748
0.154348,0.002476,-0.005404
0.154426,0.000642,0.001661
0.154060,-0.001450,0.007491
0.153311,-0.003678,0.012044
0.152242,-0.005922,0.015278
0.150916,-0.008061,0.017151
0.149395,-0.009975,0.017621
0.147742,-0.011543,0.016644
0.146019,-0.012644,0.014179
0.144288,-0.013159,0.010184
0.141808,-0.014891,0.006052
0.138621,-0.017989,0.002160
0.134961,-0.022186,-0.001370
0.131066,-0.027216,-0.004414
0.127169,-0.032812,-0.006850
0.123509,-0.038708,-0.008554
0.120319,-0.044636,-0.009404
0.117837,-0.050331,-0.009277
0.116298,-0.055526,-0.008050
0.114118,-0.060158,-0.006105
0.111165,-0.064158,-0.003720
0.107667,-0.067460,-0.001145
0.103857,-0.069995,0.001368
0.099963,-0.071695,0.003569
0.096217,-0.072492,0.005207
0.092849,-0.072318,0.006031
0.090088,-0.071105,0.005790
0.088165,-0.068785,0.004233
0.085999,-0.070428,0.002265
0.083368,-0.075847,0.000137
0.080265,-0.083543,-0.002060
0.076683,-0.092016,-0.004236
0.072615,-0.099764,-0.006299
0.068054,-0.105287,-0.008160
0.062992,-0.107086,-0.009729
0.057423,-0.103659,-0.010915
0.051339,-0.093507,-0.011628
0.045729,-0.083006,-0.012452
0.040824,-0.073311,-0.013482
0.036672,-0.064273,-0.014688
0.033317,-0.055741,-0.016044
0.030804,-0.047564,-0.017520
0.029181,-0.039592,-0.019091
0.028490,-0.031675,-0.020726
0.028779,-0.023664,-0.022398
0.030093,-0.015406,-0.024079
0.030511,-0.007854,-0.026733
0.029901,-0.001220,-0.030146
0.028578,0.004470,-0.033809
0.026858,0.009188,-0.037214
0.025054,0.012905,-0.039853
0.023482,0.015595,-0.041218
0.022456,0.017231,-0.040802
0.022292,0.017784,-0.038095
0.023304,0.017228,-0.032589
0.025698,0.014243,-0.027739
0.029142,0.008862,-0.023989
0.033175,0.001458,-0.021030
0.037332,-0.007599,-0.018553
0.041150,-0.017938,-0.016249
0.044165,-0.029187,-0.013809
0.045915,-0.040975,-0.010926
0.045934,-0.052932,-0.007289
0.043761,-0.064685,-0.002590
0.038924,-0.074336,0.002224
0.031715,-0.081497,0.006852
0.022615,-0.086164,0.011151
0.012104,-0.088328,0.014979
0.000664,-0.087983,0.018194
-0.011225,-0.085122,0.020654
-0.023081,-0.079737,0.022218
-0.034423,-0.071823,0.022743
-0.044771,-0.061373,0.022087
-0.053356,-0.051631,0.019716
-0.059698,-0.042915,0.016120
-0.063384,-0.034806,0.012049
-0.064005,-0.026888,0.008250
-0.061148,-0.018742,0.005472
-0.054403,-0.009952,0.004463
-0.043359,-0.000100,0.005971
-0.027605,0.011232,0.010744
-0.006731,0.024461,0.019531
0.010551,0.039230,0.028674
0.023218,0.054699,0.037091
0.032173,0.069906,0.044346
0.038316,0.083888,0.050003
0.042550,0.095685,0.053625
0.045776,0.104332,0.054776
0.048897,0.108869,0.053020
0.052813,0.108333,0.047920
0.058427,0.101761,0.039040
0.065454,0.092486,0.030804
0.073508,0.081402,0.024174
0.082176,0.068798,0.019247
0.091045,0.054959,0.016118
0.099702,0.040174,0.014884
0.107734,0.024729,0.015641
0.114729,0.008913,0.018485
0.120275,-0.006989,0.023512
0.123957,-0.022689,0.030819
0.123669,-0.034299,0.034522
0.119816,-0.041607,0.034417
0.113430,-0.045317,0.031719
0.105545,-0.046135,0.027644
0.097195,-0.044768,0.023409
0.089412,-0.041920,0.020229
0.083232,-0.038298,0.019320
0.079686,-0.034607,0.021899
0.079808,-0.031552,0.029180
0.080342,-0.027410,0.033594
0.080758,-0.022039,0.033997
0.081207,-0.015686,0.030851
0.081842,-0.008601,0.024619
0.082815,-0.001035,0.015763
0.084278,0.006762,0.004745
0.086382,0.014542,-0.007971
0.089280,0.022055,-0.021924
0.093123,0.029050,-0.036652
0.095267,0.034467,-0.047291
0.095361,0.038354,-0.053413
0.093624,0.041034,-0.055700
0.090279,0.042833,-0.054833
0.085548,0.044076,-0.051493
0.079651,0.045086,-0.046361
0.072811,0.046190,-0.040117
0.065248,0.047711,-0.033444
0.057185,0.049975,-0.027021
0.051460,0.051118,-0.023617
0.048119,0.050849,-0.023340
0.046506,0.049268,-0.025631
0.045966,0.046477,-0.029930
0.045843,0.042576,-0.035679
0.045482,0.037666,-0.042320
0.044229,0.031849,-0.049293
0.041428,0.025224,-0.056040
0.036423,0.017893,-0.062003
0.031513,0.011484,-0.064546
0.027129,0.006100,-0.063709
0.023241,0.001464,-0.060197
0.019815,-0.002703,-0.054717
0.016819,-0.006678,-0.047975
0.014219,-0.010739,-0.040677
0.011985,-0.015164,-0.033529
0.010082,-0.020230,-0.027237
0.008479,-0.026215,-0.022508
0.007454,-0.028762,-0.020494
0.006953,-0.027701,-0.020707
0.006845,-0.023909,-0.022245
0.006994,-0.018262,-0.024210
0.007266,-0.011639,-0.025700
0.007528,-0.004916,-0.025816
0.007645,0.001029,-0.023657
0.007483,0.005321,-0.018324
0.006909,0.007081,-0.008916
0.008207,0.010662,0.003514
0.011575,0.016297,0.018107
0.016689,0.023188,0.034055
0.023223,0.030536,0.050549
0.030852,0.037544,0.066780
0.039252,0.043414,0.081938
0.048098,0.047348,0.095214
0.057064,0.048547,0.105801
0.065826,0.046215,0.112888
0.074147,0.043678,0.117467
0.081755,0.041400,0.119988
0.088367,0.039130,0.120765
0.093703,0.036614,0.120113
0.097482,0.033602,0.118344
0.099422,0.029840,0.115773
0.099242,0.025076,0.112714
0.096661,0.019059,0.109481
0.091397,0.011535,0.106389
0.088138,0.005202,0.104063
0.087412,0.000439,0.102394
0.088711,-0.002951,0.101086
0.091526,-0.005167,0.099846
0.095348,-0.006406,0.098379
0.099669,-0.006867,0.096390
0.103979,-0.006748,0.093584
0.107769,-0.006247,0.089668
0.110530,-0.005561,0.084346
0.112342,-0.004628,0.077402
0.113298,-0.003670,0.069045
0.113494,-0.002982,0.059592
0.113026,-0.002858,0.049356
0.111993,-0.003594,0.038652
0.110489,-0.005484,0.027797
0.108612,-0.008822,0.017105
0.106459,-0.013904,0.006892
0.104125,-0.021023,-0.002528
0.101444,-0.028531,-0.009863
0.098429,-0.035902,-0.015154
0.095136,-0.042890,-0.018775
0.091624,-0.049251,-0.021102
0.087950,-0.054740,-0.022510
0.084171,-0.059113,-0.023372
0.080344,-0.062124,-0.024064
0.076528,-0.063529,-0.024961
0.072779,-0.063083,-0.026437
0.068995,-0.061402,-0.028162
0.065230,-0.058832,-0.029948
0.061579,-0.055646,-0.031642
0.058134,-0.052118,-0.033092
0.054990,-0.048525,-0.034145
0.052240,-0.045140,-0.034650
0.049978,-0.042239,-0.034452
0.048297,-0.040096,-0.033401
0.047291,-0.038987,-0.031343
0.045670,-0.036759,-0.030377
0.043247,-0.033249,-0.030384
0.040111,-0.028790,-0.030694
0.036350,-0.023716,-0.030636
0.032053,-0.018359,-0.029539
0.027309,-0.013053,-0.026732
0.022206,-0.008130,-0.021544
0.016832,-0.003924,-0.013303
0.011278,-0.000767,-0.001341
0.007135,0.001710,0.009014
0.004551,0.003400,0.016874
0.003309,0.004076,0.022465
0.003197,0.003513,0.026014
0.003997,0.001484,0.027744
0.005496,-0.002237,0.027883
0.007478,-0.007877,0.026655
0.009728,-0.015662,0.024286
0.012032,-0.025819,0.021002
0.013760,-0.034548,0.016824
0.014841,-0.041163,0.012054
0.015341,-0.045754,0.007067
0.015325,-0.048413,0.002237
0.014859,-0.049231,-0.002062
0.014009,-0.048299,-0.005457
0.012842,-0.045709,-0.007573
0.011423,-0.041551,-0.008036
0.009818,-0.035916,-0.006474
0.008625,-0.031479,-0.005430
0.007788,-0.028627,-0.005282
0.007091,-0.027175,-0.005863
0.006314,-0.026939,-0.007007
0.005241,-0.027734,-0.008548
0.003653,-0.029376,-0.010319
0.001335,-0.031679,-0.012153
-0.001934,-0.034460,-0.013886
-0.006369,-0.037534,-0.015349
-0.010478,-0.038330,-0.015790
-0.013960,-0.036924,-0.015235
-0.016815,-0.034053,-0.013910
-0.019042,-0.030454,-0.012038
-0.020638,-0.026863,-0.009842
-0.021604,-0.024018,-0.007548
-0.021937,-0.022656,-0.005379
-0.021637,-0.023514,-0.003559
-0.020702,-0.027328,-0.002311
-0.018762,-0.031193,-0.004037
-0.015800,-0.034541,-0.008490
-0.011885,-0.037391,-0.014760
-0.007088,-0.039760,-0.021937
-0.001480,-0.041668,-0.029114
0.004868,-0.043130,-0.035381
0.011887,-0.044167,-0.039827
0.019506,-0.044795,-0.041546
0.027655,-0.045032,-0.039626
0.032943,-0.044763,-0.034569
0.034992,-0.044095,-0.027004
0.034181,-0.043190,-0.017588
0.030884,-0.042211,-0.006982
0.025480,-0.041320,0.004157
0.018344,-0.040682,0.015169
0.009854,-0.040458,0.025394
0.000385,-0.040812,0.034174
-0.009685,-0.041906,0.040850
-0.017027,-0.043491,0.045160
-0.021153,-0.045257,0.046991
-0.022286,-0.046879,0.046270
-0.020650,-0.048033,0.042922
-0.016468,-0.048394,0.036873
-0.009962,-0.047637,0.028050
-0.001357,-0.045438,0.016379
0.009126,-0.041472,0.001785
0.021263,-0.035415,-0.015806
0.032966,-0.028481,-0.032971
0.043742,-0.021230,-0.048862
0.053494,-0.014057,-0.063280
0.062126,-0.007356,-0.076023
0.069540,-0.001522,-0.086889
0.075641,0.003050,-0.095676
0.080333,0.005965,-0.102184
0.083518,0.006829,-0.106211
0.085101,0.005246,-0.107555
0.083793,0.001390,-0.105211
0.079875,-0.004108,-0.099922
0.074017,-0.010499,-0.092870
0.066893,-0.017034,-0.085235
0.059175,-0.022965,-0.078199
0.051534,-0.027544,-0.072943
0.044644,-0.030022,-0.070647
0.039175,-0.029651,-0.072494
0.035800,-0.025682,-0.079663
0.033205,-0.020231,-0.085886
0.031064,-0.014062,-0.090112
0.029292,-0.007597,-0.092591
0.027808,-0.001260,-0.093576
0.026528,0.004527,-0.093318
0.025371,0.009339,-0.092070
0.024254,0.012754,-0.090083
0.023095,0.014348,-0.087609
0.021810,0.013699,-0.084901
0.021455,0.012915,-0.080411
0.022275,0.012310,-0.074172
0.024316,0.011748,-0.066609
0.027621,0.011092,-0.058151
0.032236,0.010206,-0.049222
0.038205,0.008954,-0.040250
0.045573,0.007199,-0.031660
0.054385,0.004805,-0.023879
0.064685,0.001636,-0.017333
0.071193,-0.002737,-0.012516
0.073472,-0.008045,-0.009528
0.072296,-0.013843,-0.008376
0.068439,-0.019687,-0.009063
0.062674,-0.025131,-0.011595
0.055774,-0.029733,-0.015975
0.048513,-0.033046,-0.022208
0.041666,-0.034627,-0.030300
0.036004,-0.034031,-0.040254
0.030984,-0.030931,-0.050423
0.026555,-0.025937,-0.060103
0.022796,-0.019892,-0.068828
0.019781,-0.013640,-0.076130
0.017587,-0.008024,-0.081542
0.016290,-0.003888,-0.084598
0.015966,-0.002076,-0.084829
0.016692,-0.003430,-0.081771
0.018543,-0.008796,-0.074954
0.019897,-0.015328,-0.067048
0.020457,-0.021966,-0.058750
0.020254,-0.028095,-0.050265
0.019319,-0.033101,-0.041795
0.017685,-0.036367,-0.033546
0.015383,-0.037279,-0.025721
0.012446,-0.035222,-0.018525
0.008904,-0.029581,-0.012161
0.004790,-0.019741,-0.006835
0.000753,-0.010401,-0.002175
-0.003012,-0.002475,0.001963
-0.006427,0.004069,0.005665
-0.009410,0.009264,0.009018
-0.011882,0.013143,0.012109
-0.013762,0.015738,0.015026
-0.014970,0.017082,0.017856
-0.015426,0.017207,0.020685
-0.015049,0.016147,0.023600
-0.014030,0.011131,0.025232
-0.012525,0.002592,0.025425
-0.010685,-0.008234,0.024327
-0.008663,-0.020112,0.022089
-0.006607,-0.031806,0.018857
-0.004670,-0.042083,0.014781
-0.003001,-0.049707,0.010010
-0.001753,-0.053442,0.004693
-0.001075,-0.052054,-0.001023
-0.001875,-0.046142,-0.004107
-0.003972,-0.036694,-0.004573
-0.006911,-0.024792,-0.003194
-0.010238,-0.011522,-0.000747
-0.013499,0.002034,0.001996
-0.016238,0.014791,0.004258
-0.018003,0.025666,0.005267
-0.018338,0.033574,0.004248
-0.016789,0.037433,0.000425
-0.013191,0.039101,-0.004259
-0.007863,0.039016,-0.009064
-0.001241,0.037259,-0.013549
0.006235,0.033912,-0.017274
0.014130,0.029056,-0.019799
0.022004,0.022773,-0.020681
0.029420,0.015144,-0.019482
0.035941,0.006250,-0.015759
0.041128,-0.003826,-0.009074
0.045256,-0.013496,-0.001543
0.048437,-0.022121,0.006272
0.050739,-0.029299,0.014203
0.052231,-0.034630,0.022078
0.052984,-0.037713,0.029729
0.053065,-0.038146,0.036985
0.052544,-0.035530,0.043677
0.051491,-0.029463,0.049635
0.049974,-0.019545,0.054688
0.049152,-0.008383,0.059658
0.049107,0.003154,0.064328
0.049651,0.014631,0.068218
0.050598,0.025612,0.070849
0.051759,0.035661,0.071743
0.052948,0.044345,0.070421
0.053978,0.051228,0.066404
0.054662,0.055875,0.059213
0.054812,0.057850,0.048369
0.054154,0.057850,0.039440
0.052762,0.056321,0.032971
0.050797,0.053644,0.028258
0.048421,0.050202,0.024591
0.045793,0.046375,0.021266
0.043076,0.042547,0.017573
0.040429,0.039099,0.012808
0.038014,0.036413,0.006262
0.035991,0.034871,-0.002770
0.034153,0.035733,-0.011478
0.032490,0.038915,-0.019333
0.031044,0.043997,-0.026382
0.029853,0.050559,-0.032668
0.028960,0.058179,-0.038237
0.028404,0.066438,-0.043133
0.028227,0.074915,-0.047402
0.028468,0.083189,-0.051089
0.029168,0.090841,-0.054237
0.028763,0.095010,-0.057328
0.027074,0.095665,-0.060336
0.024265,0.093488,-0.063115
0.020501,0.089155,-0.065516
0.015948,0.083347,-0.067389
0.010772,0.076743,-0.068586
0.005138,0.070021,-0.068959
-0.000789,0.063860,-0.068358
-0.006843,0.058940,-0.066637
-0.013090,0.054298,-0.065092
-0.019348,0.049807,-0.063969
-0.025372,0.045551,-0.063244
-0.030919,0.041613,-0.062897
-0.035745,0.038076,-0.062908
-0.039606,0.035024,-0.063254
-0.042257,0.032539,-0.063915
-0.043455,0.030705,-0.064869
-0.042955,0.029605,-0.066096
-0.042376,0.032339,-0.065375
-0.041814,0.038611,-0.062533
-0.040985,0.047282,-0.057912
-0.039603,0.057209,-0.051854
-0.037385,0.067250,-0.044699
-0.034047,0.076264,-0.036789
-0.029303,0.083110,-0.028466
-0.022870,0.086645,-0.020069
-0.014464,0.085727,-0.011942
-0.005882,0.083761,-0.005814
0.002391,0.081114,-0.001820
0.010200,0.077393,0.000309
0.017389,0.072208,0.000842
0.023802,0.065166,0.000045
0.029284,0.055876,-0.001813
0.033679,0.043946,-0.004465
0.036831,0.028985,-0.007643
0.038584,0.010600,-0.011078
0.038198,-0.009442,-0.012788
0.035976,-0.030160,-0.012707
0.032481,-0.050772,-0.011244
0.028277,-0.070494,-0.008811
0.023927,-0.088544,-0.005819
0.019995,-0.104138,-0.002678
0.017044,-0.116492,0.000201
0.015639,-0.124824,0.002406
0.016342,-0.128351,0.003528
0.016825,-0.126279,0.003260
0.016720,-0.119468,0.001862
0.016150,-0.109193,-0.000263
0.015236,-0.096728,-0.002715
0.014101,-0.083346,-0.005093
0.012867,-0.070322,-0.006994
0.011657,-0.058929,-0.008018
0.010593,-0.050442,-0.007764
0.009797,-0.046135,-0.005829
0.008996,-0.042809,-0.004216
0.007979,-0.039766,-0.002991
0.006552,-0.036932,-0.001737
0.004520,-0.034233,-0.000035
0.001687,-0.031596,0.002530
-0.002140,-0.028946,0.006377
-0.007156,-0.026210,0.011923
-0.013556,-0.023314,0.019584
-0.021536,-0.020184,0.029779
-0.027643,-0.020555,0.040255
-0.031366,-0.024367,0.050377
-0.032928,-0.030610,0.059915
-0.032553,-0.038275,0.068639
-0.030463,-0.046351,0.076318
-0.026882,-0.053831,0.082721
-0.022034,-0.059703,0.087618
-0.016140,-0.062960,0.090780
-0.009425,-0.062590,0.091974
-0.002419,-0.060375,0.091658
0.004614,-0.056949,0.090110
0.011477,-0.052661,0.087562
0.017976,-0.047862,0.084247
0.023911,-0.042900,0.080395
0.029089,-0.038125,0.076241
0.033311,-0.033885,0.072016
0.036381,-0.030532,0.067953
0.038104,-0.028413,0.064285
0.038010,-0.028193,0.060430
0.036307,-0.029721,0.056296
0.033369,-0.032638,0.051913
0.029572,-0.036590,0.047310
0.025292,-0.041219,0.042517
0.020902,-0.046169,0.037562
0.016779,-0.051083,0.032476
0.013298,-0.055604,0.027287
0.010833,-0.059377,0.022025
0.007756,-0.063661,0.018581
0.003781,-0.068253,0.016993
-0.001039,-0.072587,0.016835
-0.006651,-0.076094,0.017682
-0.013004,-0.078208,0.019107
-0.020045,-0.078360,0.020686
-0.027721,-0.075984,0.021993
-0.035980,-0.070510,0.022602
-0.044771,-0.061373,0.022087
-0.051014,-0.055407,0.021266
-0.054346,-0.053387,0.020113
-0.055081,-0.054566,0.018394
-0.053531,-0.058201,0.015872
-0.050011,-0.063549,0.012312
-0.044834,-0.069864,0.007480
-0.038314,-0.076403,0.001139
-0.030764,-0.082422,-0.006945
-0.022498,-0.087177,-0.017008
-0.015774,-0.090656,-0.025741
-0.010868,-0.092638,-0.032647
-0.007561,-0.092849,-0.037932
-0.005635,-0.091014,-0.041803
-0.004872,-0.086860,-0.044465
-0.005053,-0.080113,-0.046126
-0.005958,-0.070497,-0.046990
-0.007370,-0.057740,-0.047264
-0.009070,-0.041568,-0.047155
-0.010665,-0.027326,-0.048732
-0.012065,-0.015794,-0.051805
-0.013256,-0.006609,-0.055620
-0.014227,0.000593,-0.059421
-0.014964,0.006176,-0.062452
-0.015453,0.010502,-0.063957
-0.015681,0.013936,-0.063183
-0.015635,0.016840,-0.059373
-0.015302,0.019578,-0.051772
-0.013355,0.022667,-0.045357
-0.009895,0.026189,-0.040738
-0.005379,0.030122,-0.037433
-0.000266,0.034441,-0.034959
0.004988,0.039123,-0.032833
0.009924,0.044144,-0.030573
0.014086,0.049481,-0.027697
0.017014,0.055109,-0.023723
0.018252,0.061005,-0.018168
0.018454,0.064024,-0.013618
0.017910,0.063901,-0.010408
0.016820,0.061089,-0.008312
0.015381,0.056043,-0.007101
0.013794,0.049219,-0.006547
0.012256,0.041070,-0.006424
0.010966,0.032051,-0.006503
0.010124,0.022617,-0.006556
0.009927,0.013223,-0.006356
0.009963,0.005710,-0.005390
0.010079,0.000294,-0.003507
0.010188,-0.003222,-0.000649
0.010203,-0.005032,0.003243
0.010038,-0.005330,0.008227
0.009605,-0.004312,0.014361
0.008818,-0.002171,0.021703
0.007589,0.000898,0.030314
0.005832,0.004699,0.040250
0.001776,0.008293,0.049944
-0.004244,0.011428,0.058442
-0.011369,0.014026,0.064944
-0.018740,0.016008,0.068651
-0.025496,0.017295,0.068762
-0.030779,0.017809,0.064478
-0.033728,0.017470,0.054998
-0.033485,0.016201,0.039523
-0.029189,0.013921,0.017253
-0.024513,0.010792,-0.006333
-0.020199,0.007166,-0.029285
-0.016260,0.003449,-0.050533
-0.012707,0.000043,-0.069010
-0.009552,-0.002646,-0.083645
-0.006807,-0.004217,-0.093371
-0.004483,-0.004264,-0.097118
-0.002591,-0.002384,-0.093818
-0.001145,0.001827,-0.082402
-0.001759,0.004758,-0.072217
-0.004140,0.005865,-0.064280
-0.007516,0.005371,-0.057523
-0.011115,0.003499,-0.050882
-0.014166,0.000473,-0.043289
-0.015895,-0.003485,-0.033679
-0.015533,-0.008151,-0.020984
-0.012306,-0.013302,-0.004140
-0.005442,-0.018715,0.017922
0.000479,-0.021189,0.036380
0.004736,-0.021059,0.049896
0.007573,-0.019540,0.059002
0.009234,-0.017851,0.064229
0.009962,-0.017209,0.066109
0.010000,-0.018832,0.065172
0.009592,-0.023935,0.061951
0.008981,-0.033738,0.056978
0.008411,-0.049456,0.050783
0.010109,-0.064228,0.044381
0.014064,-0.076688,0.037973
0.019699,-0.086849,0.031553
0.026441,-0.094720,0.025117
0.033716,-0.100312,0.018661
0.040950,-0.103636,0.012180
0.047567,-0.104702,0.005669
0.052995,-0.103522,-0.000875
0.056660,-0.100105,-0.007457
0.057096,-0.099186,-0.009954
0.054584,-0.101153,-0.008400
0.049835,-0.105311,-0.003867
0.043563,-0.110962,0.002571
0.036483,-0.117412,0.009842
0.029306,-0.123964,0.016872
0.022746,-0.129921,0.022588
0.017517,-0.134588,0.025918
0.014331,-0.137268,0.025787
0.011542,-0.136094,0.024442
0.008892,-0.131369,0.022539
0.006470,-0.123941,0.020341
0.004365,-0.114660,0.018108
0.002668,-0.104373,0.016103
0.001467,-0.093928,0.014586
0.000852,-0.084174,0.013820
0.000913,-0.075958,0.014066
0.001739,-0.070129,0.015585
0.001180,-0.063814,0.016162
-0.000993,-0.056954,0.015352
-0.004528,-0.050194,0.013157
-0.009173,-0.044178,0.009576
-0.014677,-0.039550,0.004610
-0.020786,-0.036954,-0.001741
-0.027249,-0.037036,-0.009477
-0.033814,-0.040438,-0.018598
-0.040230,-0.047806,-0.029103
-0.046288,-0.056011,-0.039275
-0.051847,-0.064169,-0.048831
-0.056785,-0.071956,-0.057843
-0.060979,-0.079050,-0.066386
-0.064306,-0.085126,-0.074534
-0.066641,-0.089862,-0.082360
-0.067863,-0.092935,-0.089938
-0.067847,-0.094022,-0.097342
-0.066472,-0.092798,-0.104647
-0.065927,-0.090510,-0.112846
-0.066457,-0.087444,-0.121768
-0.067822,-0.083649,-0.130954
-0.069779,-0.079175,-0.139940
-0.072087,-0.074069,-0.148264
-0.074503,-0.068381,-0.155466
-0.076787,-0.062159,-0.161084
-0.078695,-0.055452,-0.164656
-0.079988,-0.048308,-0.165719
-0.080126,-0.043025,-0.167050
-0.079140,-0.039651,-0.168816
-0.077205,-0.037668,-0.170533
-0.074494,-0.036562,-0.171715
-0.071182,-0.035818,-0.171881
-0.067441,-0.034919,-0.170544
-0.063447,-0.033350,-0.167221
-0.059371,-0.030596,-0.161428
-0.055390,-0.026140,-0.152680
-0.052264,-0.020657,-0.142962
-0.050083,-0.014592,-0.132982
-0.048769,-0.008335,-0.123128
-0.048244,-0.002275,-0.113790
-0.048429,0.003196,-0.105356
-0.049246,0.007690,-0.098215
-0.050618,0.010818,-0.092755
-0.052465,0.012188,-0.089367
-0.054709,0.011411,-0.088438
-0.056829,0.008786,-0.083908
-0.058672,0.004411,-0.075212
-0.060179,-0.001667,-0.063157
-0.061291,-0.009399,-0.048550
-0.061948,-0.018739,-0.032200
-0.062092,-0.029637,-0.014914
-0.061662,-0.042046,0.002500
-0.060599,-0.055917,0.019234
-0.058844,-0.071204,0.034480
-0.055990,-0.081695,0.046956
-0.052117,-0.086796,0.056521
-0.047432,-0.087317,0.063321
-0.042138,-0.084068,0.067501
-0.036439,-0.077861,0.069207
-0.030542,-0.069505,0.068585
-0.024649,-0.059811,0.065780
-0.018966,-0.049588,0.060938
-0.013697,-0.039649,0.054204
-0.009028,-0.032656,0.046110
-0.004999,-0.028916,0.036840
-0.001611,-0.028143,0.026493
0.001132,-0.030053,0.015170
0.003229,-0.034361,0.002967
0.004675,-0.040783,-0.010015
0.005469,-0.049033,-0.023677
0.005608,-0.058828,-0.037921
0.005090,-0.069881,-0.052648
0.005043,-0.078111,-0.063850
0.005545,-0.082999,-0.071121
0.006411,-0.084919,-0.074961
0.007456,-0.084245,-0.075864
0.008495,-0.081351,-0.074330
0.009342,-0.076611,-0.070854
0.009813,-0.070398,-0.065934
0.009722,-0.063086,-0.060067
0.008884,-0.055050,-0.053749
0.008158,-0.048264,-0.049903
0.007680,-0.043006,-0.048580
0.007404,-0.039124,-0.049115
0.007287,-0.036470,-0.050844
0.007283,-0.034892,-0.053103
0.007348,-0.034242,-0.055227
0.007437,-0.034368,-0.056551
0.007507,-0.035123,-0.056410
0.007511,-0.036354,-0.054141
0.008375,-0.036862,-0.051861
0.009945,-0.036187,-0.049930
0.011800,-0.034057,-0.048268
0.013519,-0.030197,-0.046796
0.014679,-0.024334,-0.045433
0.014859,-0.016196,-0.044100
0.013638,-0.005507,-0.042718
0.010593,0.008004,-0.041206
0.005304,0.024612,-0.039486
-0.000936,0.040197,-0.037939
-0.007434,0.053843,-0.036482
-0.013646,0.065441,-0.034914
-0.019028,0.074877,-0.033035
-0.023036,0.082041,-0.030643
-0.025128,0.086819,-0.027539
-0.024759,0.089101,-0.023521
-0.021386,0.088774,-0.018388
-0.014464,0.085727,-0.011942
-0.007102,0.081662,-0.006102
-0.000146,0.077067,-0.001254
0.006126,0.072129,0.002604
0.011433,0.067031,0.005474
0.015495,0.061961,0.007358
0.018033,0.057102,0.008256
0.018767,0.052641,0.008171
0.017417,0.048763,0.007104
0.013704,0.045654,0.005055
0.010245,0.044808,0.003052
0.007735,0.045999,0.001174
0.006388,0.048572,-0.000739
0.006418,0.051870,-0.002843
0.008038,0.055236,-0.005296
0.011463,0.058015,-0.008256
0.016905,0.059551,-0.011881
0.024579,0.059187,-0.016329
0.034700,0.056266,-0.021758
0.045558,0.052194,-0.027208
0.056537,0.047541,-0.032405
0.067294,0.042672,-0.037244
0.077484,0.037952,-0.041625
0.086765,0.033746,-0.045442
0.094791,0.030416,-0.048592
0.101220,0.028329,-0.050973
0.105706,0.027847,-0.052481
0.107908,0.029336,-0.053013
0.108479,0.032462,-0.052106
0.107725,0.036710,-0.049760
0.105866,0.041520,-0.046093
0.103118,0.046331,-0.041220
0.099701,0.050583,-0.035259
0.095832,0.053717,-0.028327
0.091731,0.055171,-0.020540
0.087615,0.054386,-0.012015
0.083702,0.050801,-0.002870
0.079811,0.047809,0.005029
0.075760,0.045797,0.011454
0.071366,0.044402,0.016589
0.066448,0.043262,0.020615
0.060825,0.042013,0.023716
0.054313,0.040292,0.026074
0.046732,0.037737,0.027874
0.037900,0.033984,0.029297
0.027635,0.028670,0.030527
0.019276,0.023766,0.031412
0.013256,0.019387,0.031894
0.009284,0.015186,0.031936
0.007065,0.010813,0.031505
0.006307,0.005920,0.030564
0.006718,0.000159,0.029079
0.008004,-0.006819,0.027013
0.009873,-0.015362,0.024333
0.012032,-0.025819,0.021002
0.014277,-0.035703,0.016775
0.016590,-0.044414,0.011909
0.018998,-0.051823,0.006784
0.021529,-0.057800,0.001782
0.024210,-0.062217,-0.002715
0.027068,-0.064943,-0.006326
0.030131,-0.065850,-0.008670
0.033426,-0.064809,-0.009365
0.036981,-0.061690,-0.008030
0.039901,-0.058793,-0.006299
0.041943,-0.056589,-0.004634
0.043030,-0.055093,-0.003204
0.043082,-0.054320,-0.002179
0.042021,-0.054284,-0.001728
0.039768,-0.054999,-0.002020
0.036245,-0.056480,-0.003225
0.031373,-0.058743,-0.005513
0.025073,-0.061801,-0.009052
0.017524,-0.064590,-0.011661
0.009027,-0.066907,-0.013140
-0.000090,-0.068762,-0.013784
-0.009498,-0.070164,-0.013889
-0.018868,-0.071126,-0.013751
-0.027872,-0.071658,-0.013665
-0.036179,-0.071769,-0.013926
-0.043461,-0.071471,-0.014831
-0.049390,-0.070775,-0.016675
-0.054192,-0.070665,-0.018572
-0.057987,-0.071221,-0.020254
-0.060868,-0.072293,-0.021611
-0.062925,-0.073734,-0.022533
-0.064250,-0.075394,-0.022909
-0.064937,-0.077127,-0.022627
-0.065076,-0.078783,-0.021576
-0.064760,-0.080214,-0.019647
-0.064081,-0.081271,-0.016728
-0.063049,-0.081312,-0.011931
-0.061656,-0.080393,-0.005511
-0.059889,-0.078745,0.001997
-0.057736,-0.076600,0.010053
-0.055184,-0.074188,0.018121
-0.052220,-0.071742,0.025664
-0.048830,-0.069493,0.032142
-0.045003,-0.067672,0.037020
-0.040726,-0.066510,0.039759
-0.037372,-0.064959,0.042163
-0.035073,-0.063052,0.044486
-0.033649,-0.061088,0.046593
-0.032918,-0.059369,0.048353
-0.032700,-0.058195,0.049631
-0.032815,-0.057869,0.050295
-0.033083,-0.058690,0.050210
-0.033321,-0.060960,0.049244
-0.033351,-0.064979,0.047264
-0.033093,-0.068347,0.044994
-0.032580,-0.070645,0.042675
-0.031872,-0.071952,0.040428
-0.031029,-0.072345,0.038371
-0.030111,-0.071903,0.036626
-0.029178,-0.070704,0.035311
-0.028290,-0.068826,0.034547
-0.027509,-0.066348,0.034453
-0.026893,-0.063347,0.035150
-0.026030,-0.060341,0.036047
-0.024870,-0.057434,0.036969
-0.023450,-0.054624,0.037840
-0.021810,-0.051907,0.038586
-0.019987,-0.049283,0.039133
-0.018022,-0.046749,0.039406
-0.015952,-0.044304,0.039330
-0.013816,-0.041944,0.038831
-0.011653,-0.039669,0.037836
-0.010323,-0.037657,0.037455
-0.009833,-0.035934,0.037786
-0.009980,-0.034488,0.038676
-0.010560,-0.033309,0.039968
-0.011368,-0.032383,0.041507
-0.012201,-0.031699,0.043139
-0.012854,-0.031245,0.044708
-0.013124,-0.031010,0.046059
-0.012805,-0.030982,0.047038
-0.012350,-0.029861,0.047739
-0.011847,-0.027740,0.048200
-0.011293,-0.025062,0.048444
-0.010685,-0.022269,0.048493
-0.010021,-0.019804,0.048370
-0.009297,-0.018108,0.048098
-0.008511,-0.017624,0.047699
-0.007659,-0.018794,0.047196
-0.006740,-0.022061,0.046612
-0.005652,-0.025267,0.045706
-0.004425,-0.027953,0.044515
-0.003121,-0.030086,0.043148
-0.001799,-0.031632,0.041711
-0.000522,-0.032558,0.040311
0.000648,-0.032829,0.039056
0.001652,-0.032413,0.038054
0.002427,-0.031275,0.037411
0.002911,-0.029381,0.037235
0.003680,-0.027972,0.035789
0.004769,-0.027235,0.033047
0.006081,-0.027096,0.029410
0.007517,-0.027482,0.025281
0.008979,-0.028319,0.021060
0.010369,-0.029533,0.017151
0.011590,-0.031050,0.013954
0.012543,-0.032797,0.011872
0.013130,-0.034700,0.011307
0.013764,-0.036349,0.010543
0.014453,-0.037696,0.009339
0.015105,-0.038787,0.007820
0.015630,-0.039665,0.006111
0.015933,-0.040373,0.004335
0.015925,-0.040956,0.002619
0.015513,-0.041458,0.001088
0.014604,-0.041922,-0.000134
0.013108,-0.042392,-0.000922
0.012082,-0.042365,-0.001099
0.011654,-0.041818,-0.000761
0.011718,-0.040851,-0.000074
0.012169,-0.039561,0.000798
0.012900,-0.038049,0.001692
0.013807,-0.036412,0.002442
0.014784,-0.034750,0.002885
0.015726,-0.033161,0.002855
0.016526,-0.031744,0.002189
0.017582,-0.030298,0.001771
0.018901,-0.028820,0.001783
0.020391,-0.027356,0.002234
0.021962,-0.025952,0.003131
0.023524,-0.024654,0.004482
0.024985,-0.023508,0.006293
0.026254,-0.022560,0.008573
0.027241,-0.021856,0.011329
0.027855,-0.021442,0.014568
0.029021,-0.021428,0.015567
0.030713,-0.021686,0.014376
0.032663,-0.022032,0.011741
0.034606,-0.022279,0.008406
0.036277,-0.022241,0.005117
0.037409,-0.021734,0.002619
0.037736,-0.020571,0.001657
0.036993,-0.018567,0.002977
0.034913,-0.015536,0.007323
0.031606,-0.011808,0.014326
0.028681,-0.009769,0.019163
