0.000000,0.000000,0.000000
0.001670,-0.010588,-0.001082
0.003086,-0.015481,-0.000677
0.004272,-0.016198,0.000669
0.005257,-0.014260,0.002409
0.006066,-0.011185,0.003999
0.006377,-0.008898,0.004675
0.006227,-0.007610,0.004470
0.005745,-0.007104,0.003617
0.005059,-0.007160,0.002350
0.004298,-0.007563,0.000900
0.003589,-0.008093,-0.000498
0.003060,-0.008534,-0.001612
0.002841,-0.008668,-0.002210
0.003058,-0.008277,-0.002058
0.003585,-0.008055,-0.001883
0.004294,-0.008093,-0.001822
0.005057,-0.008336,-0.001868
0.005744,-0.008726,-0.002009
0.006228,-0.009205,-0.002239
0.006379,-0.009718,-0.002546
0.006068,-0.010206,-0.002923
0.005169,-0.010613,-0.003359
0.003550,-0.010881,-0.003847
0.002518,-0.011306,-0.003798
0.002215,-0.011833,-0.003187
0.002493,-0.012318,-0.002131
0.003207,-0.012619,-0.000746
0.004208,-0.012593,0.000850
0.005350,-0.012097,0.002541
0.006485,-0.010989,0.004210
0.007466,-0.009125,0.005742
0.008147,-0.006363,0.007018
0.008352,-0.004083,0.008397
0.008106,-0.002459,0.009850
0.007484,-0.001362,0.011249
0.006562,-0.000663,0.012470
0.005415,-0.000233,0.013385
0.004119,0.000057,0.013869
0.002748,0.000335,0.013795
0.001379,0.000731,0.013038
0.000086,0.001372,0.011471
-0.001051,0.003258,0.010016
-0.002042,0.006294,0.008801
-0.002917,0.010115,0.007755
-0.003707,0.014352,0.006807
-0.004443,0.018640,0.005886
-0.005156,0.022610,0.004920
-0.005877,0.025896,0.003838
-0.006636,0.028132,0.002570
-0.007465,0.028949,0.001044
-0.007657,0.028843,-0.000849
-0.007196,0.028031,-0.003029
-0.006237,0.026662,-0.005369
-0.004935,0.024883,-0.007743
-0.003447,0.022844,-0.010025
-0.001927,0.020692,-0.012086
-0.000531,0.018576,-0.013802
0.000586,0.016644,-0.015045
0.001268,0.015045,-0.015689
0.002091,0.013326,-0.015675
0.003116,0.011473,-0.015104
0.004274,0.009587,-0.014116
0.005496,0.007765,-0.012853
0.006714,0.006105,-0.011454
0.007859,0.004707,-0.010060
0.008863,0.003668,-0.008811
0.009657,0.003087,-0.007849
0.010174,0.003062,-0.007312
0.010603,0.003796,-0.007671
0.010938,0.005200,-0.008850
0.011121,0.007116,-0.010639
0.011094,0.009385,-0.012828
0.010801,0.011846,-0.015207
0.010182,0.014341,-0.017564
0.009180,0.016710,-0.019690
0.007739,0.018794,-0.021373
0.005800,0.020433,-0.022405
0.004144,0.021423,-0.022716
0.002890,0.021798,-0.022412
0.001987,0.021652,-0.021645
0.001390,0.021077,-0.020563
0.001047,0.020168,-0.019317
0.000913,0.019016,-0.018056
0.000937,0.017717,-0.016931
0.001071,0.016362,-0.016092
0.001268,0.015045,-0.015689
0.001119,0.014211,-0.015033
0.000623,0.013861,-0.014092
-0.000120,0.013884,-0.012995
-0.001010,0.014172,-0.011872
-0.001947,0.014615,-0.010855
-0.002831,0.015102,-0.010072
-0.003561,0.015524,-0.009655
-0.004037,0.015772,-0.009734
-0.004161,0.015736,-0.010437
-0.003804,0.015647,-0.011059
-0.003024,0.015536,-0.011553
-0.001920,0.015387,-0.012040
-0.000594,0.015182,-0.012641
0.000853,0.014905,-0.013476
0.002322,0.014536,-0.014666
0.003711,0.014060,-0.016332
0.004919,0.013459,-0.018594
0.005845,0.012715,-0.021573
0.006966,0.011844,-0.023689
0.008278,0.010942,-0.024795
0.009659,0.010125,-0.025107
0.010987,0.009509,-0.024838
0.012138,0.009210,-0.024202
0.012991,0.009344,-0.023414
0.013422,0.010027,-0.022686
0.013310,0.011375,-0.022233
0.012530,0.013505,-0.022269
0.011183,0.015690,-0.022432
0.009426,0.017747,-0.022644
0.007433,0.019630,-0.022899
0.005376,0.021292,-0.023191
0.003428,0.022684,-0.023514
0.001763,0.023761,-0.023863
0.000554,0.024474,-0.024231
-0.000027,0.024777,-0.024612
0.000194,0.024622,-0.025000
0.000465,0.024158,-0.024814
0.000651,0.023450,-0.024060
0.000772,0.022536,-0.022890
0.000849,0.021459,-0.021457
0.000901,0.020259,-0.019914
0.000949,0.018976,-0.018413
0.001012,0.017653,-0.017107
0.001112,0.016329,-0.016148
0.001268,0.015045,-0.015689
0.000952,0.014689,-0.014596
0.000154,0.015245,-0.012807
-0.001002,0.016473,-0.010527
-0.002395,0.018131,-0.007963
-0.003903,0.019978,-0.005322
-0.005405,0.021774,-0.002807
-0.006778,0.023278,-0.000627
-0.007901,0.024248,0.001013
-0.008652,0.024444,0.001907
-0.009312,0.024631,0.002195
-0.009912,0.024918,0.001969
-0.010417,0.025248,0.001313
-0.010794,0.025566,0.000310
-0.011011,0.025816,-0.000956
-0.011033,0.025942,-0.002404
-0.010828,0.025887,-0.003949
-0.010362,0.025597,-0.005509
-0.009603,0.025014,-0.007000
-0.009217,0.024620,-0.008043
-0.009260,0.024452,-0.008669
-0.009636,0.024440,-0.009015
-0.010247,0.024513,-0.009219
-0.010995,0.024598,-0.009415
-0.011784,0.024625,-0.009740
-0.012516,0.024523,-0.010332
-0.013094,0.024220,-0.011326
-0.013421,0.023645,-0.012859
-0.013094,0.023335,-0.014525
-0.012144,0.023328,-0.016208
-0.010712,0.023539,-0.017867
-0.008937,0.023883,-0.019461
-0.006958,0.024276,-0.020948
-0.004916,0.024631,-0.022287
-0.002950,0.024864,-0.023437
-0.001200,0.024889,-0.024355
0.000194,0.024622,-0.025000
0.001220,0.024960,-0.025610
0.001865,0.025918,-0.026182
0.002116,0.027285,-0.026654
0.001960,0.028852,-0.026967
0.001383,0.030411,-0.027057
0.000374,0.031752,-0.026863
-0.001080,0.032665,-0.026323
-0.002994,0.032943,-0.025377
-0.005378,0.032376,-0.023962
-0.007203,0.031339,-0.022106
-0.008320,0.029956,-0.019871
-0.008805,0.028288,-0.017329
-0.008730,0.026396,-0.014552
-0.008171,0.024341,-0.011614
-0.007202,0.022183,-0.008586
-0.005896,0.019984,-0.005539
-0.004329,0.017804,-0.002547
-0.002574,0.015704,0.000318
-0.001664,0.014220,0.002825
-0.001638,0.013365,0.004946
-0.002288,0.013022,0.006701
-0.003406,0.013072,0.008115
-0.004784,0.013400,0.009208
-0.006213,0.013887,0.010004
-0.007486,0.014416,0.010524
-0.008394,0.014871,0.010791
-0.008728,0.015133,0.010827
-0.009388,0.016006,0.010628
-0.010428,0.017491,0.010199
-0.011691,0.019388,0.009548
-0.013022,0.021496,0.008682
-0.014265,0.023615,0.007608
-0.015264,0.025545,0.006335
-0.015862,0.027085,0.004869
-0.015904,0.028036,0.003219
-0.015234,0.028196,0.001392
-0.014863,0.028299,0.000356
-0.014891,0.028461,0.000121
-0.015185,0.028647,0.000453
-0.015615,0.028819,0.001122
-0.016050,0.028940,0.001895
-0.016361,0.028975,0.002541
-0.016415,0.028887,0.002827
-0.016083,0.028640,0.002521
-0.015234,0.028196,0.001392
-0.014531,0.028233,0.000237
-0.014060,0.028736,-0.000784
-0.013763,0.029523,-0.001672
-0.013583,0.030407,-0.002427
-0.013459,0.031204,-0.003051
-0.013334,0.031729,-0.003543
-0.013150,0.031799,-0.003904
-0.012848,0.031227,-0.004134
-0.012370,0.029830,-0.004234
-0.012104,0.029049,-0.004290
-0.012069,0.028994,-0.004321
-0.012196,0.029436,-0.004334
-0.012414,0.030148,-0.004330
-0.012650,0.030905,-0.004316
-0.012835,0.031478,-0.004295
-0.012898,0.031641,-0.004271
-0.012766,0.031167,-0.004250
-0.012370,0.029830,-0.004234
-0.012137,0.028442,-0.004604
-0.012093,0.027187,-0.005378
-0.012164,0.026090,-0.006481
-0.012277,0.025177,-0.007841
-0.012357,0.024474,-0.009383
-0.012332,0.024004,-0.011036
-0.012127,0.023794,-0.012725
-0.011669,0.023870,-0.014377
-0.010883,0.024255,-0.015918
-0.009939,0.024719,-0.016577
-0.008913,0.025177,-0.016415
-0.007858,0.025588,-0.015699
-0.006827,0.025906,-0.014697
-0.005874,0.026087,-0.013677
-0.005052,0.026088,-0.012907
-0.004415,0.025865,-0.012654
-0.004014,0.025374,-0.013187
-0.003905,0.024569,-0.014774
-0.003474,0.023515,-0.015851
-0.002671,0.022268,-0.016295
-0.001584,0.020881,-0.016342
-0.000305,0.019411,-0.016231
0.001078,0.017911,-0.016197
0.002474,0.016437,-0.016477
0.003794,0.015043,-0.017309
0.004947,0.013784,-0.018928
0.005845,0.012715,-0.021573
0.006949,0.011656,-0.023492
0.008252,0.010651,-0.024491
0.009630,0.009800,-0.024767
0.010959,0.009203,-0.024517
0.012116,0.008958,-0.023938
0.012975,0.009166,-0.023227
0.013413,0.009927,-0.022581
0.013306,0.011340,-0.022196
0.012530,0.013505,-0.022269
0.011322,0.015174,-0.022623
0.009813,0.016252,-0.023111
0.008111,0.016932,-0.023598
0.006324,0.017406,-0.023945
0.004558,0.017867,-0.024015
0.002921,0.018508,-0.023673
0.001519,0.019520,-0.022780
0.000461,0.021096,-0.021199
-0.000148,0.023430,-0.018794
-0.001079,0.025436,-0.016145
-0.002366,0.026865,-0.013488
-0.003860,0.027678,-0.010974
-0.005410,0.027832,-0.008754
-0.006867,0.027288,-0.006977
-0.008080,0.026006,-0.005796
-0.008899,0.023945,-0.005359
-0.009175,0.021063,-0.005819
-0.008757,0.017322,-0.007325
-0.007635,0.014644,-0.008982
-0.005948,0.013206,-0.010584
-0.003871,0.012747,-0.012096
-0.001580,0.013009,-0.013484
0.000750,0.013730,-0.014712
0.002941,0.014651,-0.015748
0.004820,0.015512,-0.016555
0.006209,0.016052,-0.017100
0.006933,0.016012,-0.017348
0.007225,0.015873,-0.017212
0.007206,0.015716,-0.016814
0.006963,0.015524,-0.016332
0.006587,0.015282,-0.015943
0.006167,0.014972,-0.015823
0.005793,0.014577,-0.016149
0.005555,0.014080,-0.017099
0.005543,0.013465,-0.018848
0.005845,0.012715,-0.021573
0.006789,0.010927,-0.023826
0.008295,0.008215,-0.025400
0.010183,0.004947,-0.026397
0.012274,0.001492,-0.026924
0.014386,-0.001783,-0.027082
0.016340,-0.004509,-0.026976
0.017955,-0.006319,-0.026710
0.019051,-0.006844,-0.026388
0.019448,-0.005717,-0.026114
0.019278,-0.004144,-0.026129
0.018680,-0.002479,-0.026409
0.017791,-0.000862,-0.026863
0.016751,0.000569,-0.027401
0.015699,0.001675,-0.027932
0.014773,0.002316,-0.028365
0.014112,0.002353,-0.028611
0.013855,0.001646,-0.028579
0.014140,0.000057,-0.028177
0.014717,-0.001369,-0.027347
0.015463,-0.002523,-0.026177
0.016285,-0.003527,-0.024793
0.017092,-0.004505,-0.023322
0.017791,-0.005581,-0.021888
0.018292,-0.006879,-0.020620
0.018502,-0.008522,-0.019641
0.018330,-0.010633,-0.019080
0.017684,-0.013338,-0.019060
0.017235,-0.015291,-0.019282
0.017053,-0.016311,-0.019646
0.017058,-0.016502,-0.020101
0.017170,-0.015971,-0.020597
0.017309,-0.014824,-0.021084
0.017393,-0.013167,-0.021512
0.017344,-0.011107,-0.021831
0.017081,-0.008750,-0.021992
0.016523,-0.006201,-0.021943
0.016432,-0.004913,-0.021888
0.016845,-0.004889,-0.021876
0.017622,-0.005768,-0.021917
0.018621,-0.007191,-0.022019
0.019701,-0.008798,-0.022193
0.020721,-0.010229,-0.022447
0.021538,-0.011123,-0.022792
0.022013,-0.011122,-0.023236
0.022003,-0.009864,-0.023790
0.022067,-0.008677,-0.024139
0.022288,-0.007836,-0.024294
0.022628,-0.007356,-0.024346
0.023049,-0.007251,-0.024389
0.023514,-0.007536,-0.024513
0.023985,-0.008225,-0.024812
0.024426,-0.009332,-0.025376
0.024797,-0.010873,-0.026298
0.025063,-0.012860,-0.027670
0.025379,-0.013841,-0.028400
0.025768,-0.013733,-0.028360
0.026220,-0.012794,-0.027666
0.026723,-0.011285,-0.026432
0.027269,-0.009464,-0.024771
0.027845,-0.007590,-0.022800
0.028441,-0.005924,-0.020630
0.029048,-0.004724,-0.018378
0.029654,-0.004249,-0.016157
0.030211,-0.003969,-0.014424
0.030682,-0.003773,-0.013255
0.031035,-0.003656,-0.012630
0.031236,-0.003613,-0.012531
0.031253,-0.003640,-0.012939
0.031052,-0.003732,-0.013835
0.030601,-0.003883,-0.015201
0.029867,-0.004089,-0.017016
0.028816,-0.004345,-0.019264
0.028222,-0.004490,-0.020539
0.028122,-0.004521,-0.020801
0.028367,-0.004469,-0.020348
0.028810,-0.004370,-0.019475
0.029303,-0.004257,-0.018483
0.029698,-0.004165,-0.017668
0.029847,-0.004126,-0.017327
0.029602,-0.004174,-0.017760
0.028816,-0.004345,-0.019264
0.028349,-0.005710,-0.020564
0.028280,-0.008179,-0.021433
0.028492,-0.011368,-0.021908
0.028867,-0.014894,-0.022022
0.029288,-0.018376,-0.021812
0.029637,-0.021429,-0.021312
0.029797,-0.023671,-0.020557
0.029650,-0.024720,-0.019583
0.029079,-0.024192,-0.018424
0.028810,-0.023017,-0.017220
0.028916,-0.021436,-0.016004
0.029304,-0.019519,-0.014780
0.029886,-0.017338,-0.013554
0.030569,-0.014961,-0.012332
0.031263,-0.012461,-0.011119
0.031877,-0.009905,-0.009920
0.032321,-0.007367,-0.008742
0.032504,-0.004914,-0.007589
0.032613,-0.003521,-0.006937
0.032689,-0.003152,-0.006769
0.032734,-0.003516,-0.006949
0.032751,-0.004324,-0.007338
0.032742,-0.005288,-0.007798
0.032711,-0.006118,-0.008191
0.032659,-0.006525,-0.008379
0.032589,-0.006220,-0.008224
0.032504,-0.004914,-0.007589
0.032608,-0.004716,-0.006802
0.032885,-0.005766,-0.005940
0.033267,-0.007712,-0.005015
0.033682,-0.010200,-0.004040
0.034061,-0.012879,-0.003030
0.034335,-0.015396,-0.001996
0.034434,-0.017398,-0.000952
0.034287,-0.018533,0.000089
0.033825,-0.018448,0.001115
0.033190,-0.018388,0.001865
0.032448,-0.018529,0.002305
0.031646,-0.018778,0.002450
0.030830,-0.019044,0.002320
0.030048,-0.019235,0.001932
0.029346,-0.019259,0.001304
0.028771,-0.019023,0.000455
0.028370,-0.018437,-0.000599
0.028191,-0.017407,-0.001837
0.028464,-0.016864,-0.002711
0.029132,-0.016863,-0.003153
0.030063,-0.017243,-0.003221
0.031126,-0.017841,-0.002970
0.032189,-0.018496,-0.002456
0.033122,-0.019047,-0.001734
0.033793,-0.019330,-0.000861
0.034071,-0.019184,0.000107
0.033825,-0.018448,0.001115
0.033107,-0.017780,0.002195
0.031986,-0.017308,0.003274
0.030535,-0.017024,0.004256
0.028824,-0.016922,0.005040
0.026927,-0.016995,0.005529
0.024916,-0.017237,0.005623
0.022862,-0.017640,0.005225
0.020838,-0.018199,0.004236
0.018916,-0.018906,0.002558
0.017315,-0.018848,0.000881
0.016048,-0.018052,-0.000623
0.015078,-0.016780,-0.001911
0.014364,-0.015295,-0.002944
0.013870,-0.013860,-0.003679
0.013557,-0.012736,-0.004075
0.013386,-0.012187,-0.004090
0.013320,-0.012475,-0.003683
0.013320,-0.013863,-0.002814
0.013831,-0.015092,-0.001591
0.014798,-0.015974,-0.000162
0.016036,-0.016585,0.001318
0.017363,-0.017003,0.002693
0.018595,-0.017305,0.003808
0.019550,-0.017570,0.004508
0.020044,-0.017873,0.004636
0.019894,-0.018292,0.004038
0.018916,-0.018906,0.002558
0.017774,-0.019419,0.000452
0.016585,-0.019707,-0.001877
0.015327,-0.019690,-0.003989
0.013981,-0.019284,-0.005445
0.012528,-0.018410,-0.005806
0.010947,-0.016985,-0.004633
0.009217,-0.014928,-0.001487
0.007320,-0.012158,0.004072
0.005235,-0.008592,0.012483
0.002685,-0.006717,0.019573
-0.000090,-0.006726,0.024530
-0.002723,-0.008246,0.027384
-0.004850,-0.010898,0.028163
-0.006101,-0.014308,0.026897
-0.006112,-0.018099,0.023615
-0.004514,-0.021895,0.018345
-0.000942,-0.025319,0.011116
0.004971,-0.027997,0.001958
0.011610,-0.031634,-0.008554
0.018384,-0.035894,-0.019910
0.024956,-0.039932,-0.031619
0.030991,-0.042900,-0.043186
0.036152,-0.043952,-0.054120
0.040105,-0.042241,-0.063926
0.042513,-0.036921,-0.072113
0.043041,-0.027145,-0.078187
0.041353,-0.012066,-0.081656
0.041313,0.000929,-0.082629
0.043265,0.010738,-0.081623
0.046674,0.017826,-0.079259
0.051005,0.022661,-0.076157
0.055720,0.025709,-0.072937
0.060284,0.027438,-0.070219
0.064162,0.028314,-0.068622
0.066817,0.028805,-0.068767
0.067715,0.029376,-0.071273
0.067518,0.028141,-0.074289
0.066481,0.025121,-0.077127
0.064757,0.020815,-0.079393
0.062498,0.015723,-0.080691
0.059855,0.010345,-0.080628
0.056982,0.005179,-0.078808
0.054029,0.000725,-0.074836
0.051150,-0.002517,-0.068317
0.048497,-0.004048,-0.058856
0.043008,-0.005052,-0.051331
0.035038,-0.005677,-0.045791
0.025796,-0.005812,-0.041080
0.016494,-0.005345,-0.036039
0.008340,-0.004165,-0.029513
0.002543,-0.002162,-0.020343
0.000315,0.000776,-0.007372
0.002863,0.004761,0.010555
0.011398,0.009902,0.034598
0.020613,0.015650,0.054873
0.029064,0.021492,0.070148
0.036273,0.026924,0.081353
0.041764,0.031444,0.089417
0.045057,0.034548,0.095269
0.045676,0.035734,0.099839
0.043142,0.034499,0.104056
0.036978,0.030339,0.108850
0.026706,0.022751,0.115150
0.015940,0.016850,0.121319
0.005508,0.013394,0.126908
-0.004456,0.012051,0.131768
-0.013822,0.012490,0.135748
-0.022457,0.014379,0.138699
-0.030230,0.017388,0.140468
-0.037007,0.021185,0.140907
-0.042657,0.025438,0.139865
-0.047047,0.029817,0.137192
-0.050862,0.033656,0.132655
-0.054195,0.036780,0.126460
-0.056992,0.039139,0.118922
-0.059199,0.040680,0.110356
-0.060761,0.041353,0.101077
-0.061624,0.041105,0.091402
-0.061733,0.039887,0.081644
-0.061036,0.037645,0.072119
-0.059477,0.034330,0.063142
-0.057042,0.031753,0.055644
-0.053857,0.030029,0.049684
-0.050086,0.028844,0.045103
-0.045890,0.027889,0.041740
-0.041432,0.026851,0.039436
-0.036875,0.025418,0.038032
-0.032382,0.023280,0.037368
-0.028114,0.020124,0.037285
-0.024235,0.015639,0.037624
-0.020927,0.012093,0.038293
-0.018180,0.009779,0.039219
-0.015935,0.008498,0.040330
-0.014131,0.008048,0.041556
-0.012709,0.008230,0.042824
-0.011610,0.008843,0.044063
-0.010775,0.009687,0.045204
-0.010143,0.010561,0.046173
-0.009656,0.011266,0.046901
-0.009504,0.010886,0.048496
-0.009733,0.009731,0.050948
-0.010353,0.008418,0.053970
-0.011375,0.007563,0.057274
-0.012806,0.007782,0.060571
-0.014659,0.009693,0.063573
-0.016942,0.013912,0.065992
-0.019665,0.021055,0.067540
-0.022839,0.031740,0.067930
-0.025358,0.043120,0.067023
-0.027141,0.054259,0.065092
-0.028363,0.064696,0.062509
-0.029197,0.073973,0.059648
-0.029818,0.081629,0.056883
-0.030400,0.087205,0.054587
-0.031117,0.090241,0.053133
-0.032144,0.090277,0.052894
-0.033654,0.086854,0.054244
-0.034838,0.082404,0.054861
-0.035594,0.077603,0.054440
-0.035996,0.072688,0.053183
-0.036115,0.067897,0.051289
-0.036026,0.063466,0.048958
-0.035803,0.059633,0.046392
-0.035517,0.056635,0.043791
-0.035244,0.054710,0.041355
-0.035056,0.054095,0.039285
-0.034548,0.054177,0.037734
-0.033708,0.054728,0.036664
-0.032623,0.055615,0.035990
-0.031380,0.056705,0.035627
-0.030066,0.057863,0.035488
-0.028769,0.058958,0.035489
-0.027575,0.059856,0.035544
-0.026571,0.060424,0.035567
-0.025845,0.060529,0.035472
-0.025861,0.060638,0.035617
-0.026558,0.060869,0.036015
-0.027743,0.061255,0.036594
-0.029224,0.061828,0.037281
-0.030807,0.062620,0.038004
-0.032300,0.063662,0.038691
-0.033510,0.064987,0.039269
-0.034244,0.066626,0.039666
-0.034309,0.068611,0.039810
-0.034315,0.070480,0.040401
-0.034376,0.072137,0.041421
-0.034480,0.073579,0.042670
-0.034617,0.074803,0.043947
-0.034777,0.075802,0.045053
-0.034949,0.076575,0.045788
-0.035122,0.077118,0.045952
-0.035286,0.077425,0.045346
-0.035430,0.077493,0.043769
-0.035383,0.077686,0.042802
-0.035145,0.077979,0.042593
-0.034757,0.078250,0.042936
-0.034261,0.078377,0.043623
-0.033698,0.078240,0.044446
-0.033109,0.077717,0.045197
-0.032537,0.076686,0.045668
-0.032024,0.075027,0.045651
-0.031609,0.072617,0.044940
-0.031072,0.070559,0.044607
-0.030343,0.068939,0.044805
-0.029391,0.067590,0.045454
-0.028187,0.066343,0.046474
-0.026699,0.065030,0.047788
-0.024897,0.063482,0.049316
-0.022751,0.061533,0.050980
-0.020231,0.059014,0.052699
-0.017306,0.055757,0.054395
-0.015099,0.055223,0.056347
-0.013734,0.057309,0.058509
-0.013085,0.061023,0.060756
-0.013026,0.065371,0.062963
-0.013430,0.069359,0.065004
-0.014173,0.071995,0.066752
-0.015127,0.072286,0.068084
-0.016166,0.069237,0.068872
-0.017165,0.061856,0.068992
-0.017623,0.056909,0.070676
-0.017491,0.054594,0.073894
-0.016831,0.053468,0.078055
-0.015706,0.052090,0.082565
-0.014179,0.049016,0.086831
-0.012314,0.042804,0.090259
-0.010173,0.032010,0.092257
-0.007819,0.015193,0.092231
-0.005315,-0.009090,0.089589
-0.003763,-0.032951,0.085324
-0.003186,-0.054663,0.079911
-0.003341,-0.074045,0.073693
-0.003982,-0.090911,0.067015
-0.004866,-0.105080,0.060219
-0.005747,-0.116368,0.053651
-0.006380,-0.124590,0.047654
-0.006522,-0.129565,0.042572
-0.005927,-0.131107,0.038748
-0.006114,-0.131167,0.034730
-0.006987,-0.129998,0.030831
-0.008052,-0.127427,0.027806
-0.008810,-0.123284,0.026409
-0.008767,-0.117399,0.027395
-0.007424,-0.109599,0.031519
-0.004287,-0.099713,0.039536
0.001143,-0.087571,0.052201
0.009361,-0.073002,0.070268
0.016184,-0.060247,0.085934
0.020996,-0.049779,0.097963
0.024073,-0.041130,0.106763
0.025689,-0.033830,0.112739
0.026120,-0.027411,0.116298
0.025641,-0.021405,0.117847
0.024527,-0.015343,0.117792
0.023053,-0.008755,0.116540
0.021495,-0.001173,0.114497
0.020625,0.004952,0.113028
0.020423,0.009314,0.112102
0.020670,0.012146,0.111335
0.021149,0.013680,0.110347
0.021639,0.014145,0.108756
0.021924,0.013776,0.106180
0.021785,0.012802,0.102238
0.021003,0.011455,0.096547
0.019360,0.009968,0.088727
0.016258,0.009915,0.084943
0.011800,0.011413,0.085342
0.006262,0.014214,0.088562
-0.000079,0.018071,0.093244
-0.006947,0.022737,0.098027
-0.014066,0.027963,0.101551
-0.021157,0.033503,0.102457
-0.027946,0.039109,0.099384
-0.034155,0.044533,0.090972
-0.038962,0.050025,0.082694
-0.042473,0.055083,0.075602
-0.045024,0.059019,0.069638
-0.046951,0.061144,0.064746
-0.048593,0.060767,0.060871
-0.050287,0.057201,0.057956
-0.052367,0.049755,0.055944
-0.055173,0.037742,0.054780
-0.059041,0.020471,0.054407
-0.062412,0.006528,0.055032
-0.065024,-0.003090,0.056350
-0.066936,-0.009283,0.057925
-0.068209,-0.012953,0.059323
-0.068902,-0.015001,0.060110
-0.069075,-0.016327,0.059851
-0.068789,-0.017832,0.058112
-0.068104,-0.020417,0.054459
-0.067079,-0.024983,0.048458
-0.065024,-0.029271,0.042622
-0.061958,-0.032937,0.037492
-0.058078,-0.036112,0.033113
-0.053580,-0.038926,0.029528
-0.048662,-0.041511,0.026784
-0.043520,-0.043999,0.024925
-0.038351,-0.046521,0.023996
-0.033352,-0.049209,0.024042
-0.028720,-0.052194,0.025108
-0.024293,-0.053528,0.025469
-0.020087,-0.053321,0.024800
-0.016157,-0.052194,0.023126
-0.012561,-0.050772,0.020473
-0.009356,-0.049675,0.016865
-0.006599,-0.049528,0.012329
-0.004347,-0.050953,0.006888
-0.002657,-0.054572,0.000569
-0.001587,-0.061008,-0.006604
-0.000901,-0.069710,-0.014415
-0.000469,-0.079896,-0.022412
-0.000186,-0.090725,-0.030081
0.000053,-0.101357,-0.036909
0.000354,-0.110951,-0.042385
0.000821,-0.118666,-0.045996
0.001559,-0.123662,-0.047228
0.002673,-0.125099,-0.045570
0.004269,-0.122135,-0.040508
0.004884,-0.116581,-0.036484
0.004397,-0.109228,-0.034103
0.003023,-0.100614,-0.033011
0.000976,-0.091276,-0.032857
-0.001529,-0.081751,-0.033285
-0.004280,-0.072577,-0.033943
-0.007061,-0.064292,-0.034477
-0.009658,-0.057432,-0.034534
-0.011857,-0.052535,-0.033760
-0.012965,-0.048033,-0.033373
-0.013020,-0.043706,-0.033559
-0.012242,-0.039669,-0.034250
-0.010853,-0.036038,-0.035377
-0.009073,-0.032930,-0.036869
-0.007123,-0.030461,-0.038659
-0.005223,-0.028747,-0.040677
-0.003593,-0.027904,-0.042853
-0.002455,-0.028048,-0.045118
-0.001626,-0.028679,-0.045038
-0.001033,-0.029523,-0.042976
-0.000631,-0.030363,-0.039993
-0.000374,-0.030984,-0.037154
-0.000216,-0.031168,-0.035520
-0.000112,-0.030700,-0.036154
-0.000017,-0.029363,-0.040120
0.000117,-0.026940,-0.048480
0.000333,-0.023214,-0.062296
-0.000468,-0.018103,-0.073493
-0.002417,-0.011926,-0.080557
-0.005404,-0.005101,-0.083610
-0.009320,0.001951,-0.082776
-0.014054,0.008811,-0.078178
-0.019497,0.015060,-0.069942
-0.025537,0.020279,-0.058190
-0.032066,0.024047,-0.043046
-0.038973,0.025945,-0.024633
-0.044833,0.027450,-0.006732
-0.049504,0.028795,0.009734
-0.053167,0.029903,0.024558
-0.056000,0.030696,0.037531
-0.058183,0.031098,0.048445
-0.059895,0.031030,0.057092
-0.061316,0.030416,0.063263
-0.062626,0.029179,0.066749
-0.064003,0.027242,0.067344
-0.065636,0.024538,0.067568
-0.067470,0.021204,0.067877
-0.069390,0.017426,0.068213
-0.071280,0.013392,0.068515
-0.073024,0.009288,0.068724
-0.074508,0.005300,0.068780
-0.075615,0.001616,0.068622
-0.076229,-0.001578,0.068192
-0.076236,-0.004095,0.067429
-0.075997,-0.005896,0.067110
-0.075582,-0.007177,0.067225
-0.074987,-0.008196,0.067568
-0.074209,-0.009212,0.067933
-0.073243,-0.010480,0.068113
-0.072087,-0.012259,0.067902
-0.070735,-0.014806,0.067094
-0.069186,-0.018379,0.065482
-0.067434,-0.023235,0.062862
-0.066953,-0.024837,0.063708
-0.067439,-0.022943,0.068256
-0.068142,-0.018386,0.075682
-0.068312,-0.011997,0.085162
-0.067201,-0.004609,0.095872
-0.064058,0.002947,0.106988
-0.058134,0.009839,0.117684
-0.048681,0.015234,0.127137
-0.034948,0.018301,0.134523
-0.023365,0.020442,0.138378
-0.014755,0.022070,0.139011
-0.008541,0.023356,0.137176
-0.004144,0.024469,0.133624
-0.000988,0.025576,0.129109
0.001507,0.026847,0.124382
0.003917,0.028452,0.120197
0.006820,0.030558,0.117305
0.010795,0.033336,0.116460
0.015901,0.036433,0.114659
0.021815,0.039761,0.111769
0.028118,0.043298,0.108374
0.034389,0.047021,0.105056
0.040209,0.050907,0.102401
0.045158,0.054934,0.100991
0.048816,0.059078,0.101410
0.050764,0.063318,0.104242
0.050582,0.067631,0.110070
0.049761,0.071419,0.114816
0.048534,0.074657,0.117892
0.046818,0.077456,0.119583
0.044533,0.079933,0.120175
0.041594,0.082199,0.119953
0.037921,0.084369,0.119203
0.033431,0.086558,0.118211
0.028042,0.088879,0.117261
0.021672,0.091446,0.116640
0.014987,0.093433,0.117558
0.008267,0.094829,0.119588
0.001696,0.095826,0.121891
-0.004544,0.096616,0.123628
-0.010268,0.097390,0.123961
-0.015293,0.098339,0.122052
-0.019437,0.099657,0.117061
-0.022515,0.101535,0.108151
-0.024345,0.104164,0.094482
-0.026171,0.103694,0.079589
-0.028328,0.099804,0.064666
-0.030924,0.093059,0.050326
-0.034069,0.084023,0.037180
-0.037871,0.073257,0.025840
-0.042437,0.061327,0.016916
-0.047876,0.048795,0.011022
-0.054297,0.036225,0.008768
-0.061808,0.024181,0.010767
-0.068992,0.016070,0.015857
-0.075297,0.011743,0.023002
-0.080389,0.010159,0.031194
-0.083933,0.010279,0.039428
-0.085594,0.011062,0.046696
-0.085037,0.011469,0.051992
-0.081929,0.010459,0.054309
-0.075933,0.006994,0.052641
-0.066715,0.000032,0.045980
-0.057785,-0.004314,0.039967
-0.049863,-0.005487,0.035521
-0.042969,-0.004317,0.032379
-0.037126,-0.001635,0.030282
-0.032355,0.001727,0.028967
-0.028676,0.004938,0.028174
-0.026111,0.007167,0.027640
-0.024682,0.007583,0.027105
-0.024409,0.005355,0.026308
-0.024420,0.002999,0.025699
-0.024389,0.000876,0.025219
-0.024127,-0.001192,0.024680
-0.023445,-0.003383,0.023896
-0.022154,-0.005875,0.022677
-0.020066,-0.008845,0.020837
-0.016993,-0.012471,0.018188
-0.012744,-0.016931,0.014543
-0.007133,-0.022402,0.009713
-0.001675,-0.027359,0.007444
0.003343,-0.031518,0.007952
0.007943,-0.034907,0.010572
0.012147,-0.037554,0.014640
0.015979,-0.039486,0.019490
0.019459,-0.040731,0.024458
0.022610,-0.041317,0.028877
0.025455,-0.041270,0.032085
0.028016,-0.040619,0.033414
0.028499,-0.040917,0.029805
0.026871,-0.042010,0.021895
0.023536,-0.043315,0.011253
0.018900,-0.044251,-0.000558
0.013367,-0.044234,-0.011970
0.007343,-0.042683,-0.021418
0.001232,-0.039015,-0.027337
-0.004561,-0.032649,-0.028160
-0.009629,-0.023002,-0.022322
-0.013777,-0.012354,-0.014622
-0.017021,-0.001482,-0.006337
-0.019429,0.009211,0.002135
-0.021071,0.019325,0.010398
-0.022015,0.028457,0.018055
-0.022332,0.036206,0.024709
-0.022090,0.042170,0.029963
-0.021358,0.045949,0.033419
-0.020206,0.047139,0.034680
-0.018970,0.049885,0.035022
-0.017642,0.054447,0.034902
-0.016127,0.060114,0.034578
-0.014332,0.066173,0.034305
-0.012162,0.071913,0.034342
-0.009524,0.076623,0.034942
-0.006324,0.079591,0.036364
-0.002468,0.080106,0.038864
0.002139,0.077456,0.042697
0.005619,0.074642,0.045434
0.007816,0.072088,0.046828
0.009004,0.069578,0.047179
0.009461,0.066894,0.046788
0.009460,0.063818,0.045954
0.009277,0.060133,0.044978
0.009188,0.055620,0.044158
0.009467,0.050063,0.043796
0.010390,0.043244,0.044190
0.011489,0.034382,0.045303
0.012870,0.024005,0.046995
0.014782,0.012965,0.049104
0.017472,0.002116,0.051468
0.021189,-0.007688,0.053923
0.026182,-0.015594,0.056307
0.032699,-0.020750,0.058456
0.040987,-0.022300,0.060209
0.051297,-0.019392,0.061402
0.059948,-0.014012,0.063704
0.066318,-0.007055,0.066936
0.070551,0.000850,0.070453
0.072787,0.009078,0.073614
0.073170,0.017002,0.075776
0.071841,0.023997,0.076295
0.068943,0.029434,0.074528
0.064618,0.032689,0.069834
0.059009,0.033135,0.061569
0.054381,0.034696,0.053194
0.051002,0.037676,0.045463
0.048636,0.041478,0.038451
0.047051,0.045501,0.032231
0.046013,0.049147,0.026880
0.045287,0.051816,0.022472
0.044641,0.052909,0.019082
0.043840,0.051827,0.016784
0.042651,0.047970,0.015654
0.041779,0.043989,0.014500
0.041301,0.040421,0.013175
0.041137,0.037276,0.011793
0.041206,0.034562,0.010468
0.041427,0.032288,0.009314
0.041720,0.030463,0.008445
0.042003,0.029097,0.007975
0.042197,0.028199,0.008019
0.042221,0.027777,0.008690
0.042219,0.028526,0.009087
0.042141,0.030316,0.009241
0.041885,0.032808,0.009416
0.041350,0.035668,0.009875
0.040434,0.038557,0.010880
0.039038,0.041139,0.012695
0.037060,0.043078,0.015583
0.034398,0.044036,0.019807
0.030952,0.043677,0.025632
0.025692,0.043420,0.032324
0.018741,0.043425,0.039381
0.010515,0.043533,0.046358
0.001426,0.043588,0.052808
-0.008112,0.043433,0.058287
-0.017686,0.042911,0.062349
-0.026882,0.041864,0.064548
-0.035286,0.040136,0.064438
-0.042486,0.037568,0.061575
-0.048492,0.037598,0.059800
-0.053286,0.040199,0.059566
-0.056838,0.044479,0.060476
-0.059119,0.049548,0.062132
-0.060101,0.054515,0.064137
-0.059755,0.058487,0.066094
-0.058052,0.060575,0.067607
-0.054965,0.059886,0.068277
-0.050463,0.055530,0.067709
-0.047456,0.048464,0.066051
-0.046230,0.039466,0.063416
-0.046414,0.029264,0.059909
-0.047638,0.018588,0.055636
-0.049531,0.008168,0.050701
-0.051721,-0.001267,0.045210
-0.053839,-0.008987,0.039267
-0.055514,-0.014262,0.032977
-0.056375,-0.016363,0.026445
-0.057452,-0.016099,0.020935
-0.058794,-0.014022,0.016555
-0.060204,-0.010621,0.013125
-0.061485,-0.006382,0.010465
-0.062441,-0.001794,0.008393
-0.062874,0.002657,0.006729
-0.062588,0.006483,0.005294
-0.061387,0.009196,0.003907
-0.059073,0.010309,0.002387
-0.057282,0.009680,0.000914
-0.056204,0.007521,-0.000568
-0.055670,0.004135,-0.002177
-0.055512,-0.000180,-0.004029
-0.055560,-0.005120,-0.006240
-0.055646,-0.010387,-0.008929
-0.055599,-0.015678,-0.012210
-0.055252,-0.020693,-0.016202
-0.054435,-0.025132,-0.021020
-0.052624,-0.026187,-0.025960
-0.049787,-0.023550,-0.030751
-0.046015,-0.017539,-0.035230
-0.041401,-0.008471,-0.039237
-0.036035,0.003338,-0.042607
-0.030011,0.017571,-0.045180
-0.023419,0.033910,-0.046792
-0.016351,0.052039,-0.047283
-0.008899,0.071641,-0.046489
-0.003297,0.083446,-0.043919
0.000208,0.086760,-0.039587
0.001869,0.083029,-0.033630
0.001937,0.073702,-0.026188
0.000665,0.060225,-0.017398
-0.001696,0.044046,-0.007400
-0.004894,0.026613,0.003669
-0.008677,0.009374,0.015669
-0.012793,-0.006225,0.028463
-0.016750,-0.020920,0.038323
-0.020086,-0.034478,0.044532
-0.022344,-0.046424,0.047125
-0.023068,-0.056282,0.046138
-0.021804,-0.063576,0.041606
-0.018096,-0.067831,0.033563
-0.011489,-0.068572,0.022047
-0.001525,-0.065323,0.007091
0.012249,-0.057608,-0.011269
0.025022,-0.050504,-0.026044
0.035849,-0.044805,-0.036358
0.044751,-0.040231,-0.042861
0.051752,-0.036504,-0.046205
0.056872,-0.033348,-0.047039
0.060133,-0.030483,-0.046014
0.061557,-0.027632,-0.043782
0.061166,-0.024517,-0.040993
0.058983,-0.020859,-0.038298
0.055013,-0.016381,-0.034030
0.049579,-0.011257,-0.028288
0.043083,-0.005776,-0.021615
0.035926,-0.000226,-0.014551
0.028508,0.005105,-0.007637
0.021230,0.009929,-0.001416
0.014494,0.013958,0.003572
0.008700,0.016904,0.006784
0.004250,0.018478,0.007680
0.000555,0.018560,0.003779
-0.002707,0.017803,-0.003801
-0.005795,0.017056,-0.013041
-0.008965,0.017168,-0.021922
-0.012474,0.018986,-0.028425
-0.016580,0.023360,-0.030531
-0.021538,0.031137,-0.026221
-0.027608,0.043166,-0.013477
-0.035045,0.060296,0.009722
-0.039089,0.073623,0.030677
-0.039346,0.082001,0.047181
-0.036516,0.086221,0.059651
-0.031299,0.087075,0.068500
-0.024396,0.085354,0.074145
-0.016505,0.081849,0.077000
-0.008327,0.077352,0.077480
-0.000561,0.072655,0.076001
0.006093,0.068548,0.072977
0.011220,0.065407,0.069581
0.014862,0.063210,0.066034
0.017175,0.061837,0.062321
0.018318,0.061167,0.058427
0.018445,0.061082,0.054338
0.017714,0.061461,0.050039
0.016282,0.062184,0.045514
0.014305,0.063132,0.040748
0.011939,0.064183,0.035727
0.008919,0.065897,0.030707
0.005346,0.068205,0.025788
0.001415,0.070880,0.021030
-0.002681,0.073694,0.016493
-0.006748,0.076420,0.012237
-0.010592,0.078830,0.008322
-0.014018,0.080699,0.004809
-0.016833,0.081798,0.001757
-0.018843,0.081900,-0.000773
-0.021078,0.081132,-0.003442
-0.023619,0.079646,-0.006289
-0.026307,0.077596,-0.009196
-0.028983,0.075141,-0.012045
-0.031490,0.072437,-0.014718
-0.033669,0.069641,-0.017097
-0.035362,0.066910,-0.019066
-0.036410,0.064400,-0.020505
-0.036656,0.062268,-0.021299
-0.037342,0.059465,-0.021545
-0.038544,0.055971,-0.021247
-0.040044,0.052025,-0.020381
-0.041627,0.047865,-0.018924
-0.043074,0.043731,-0.016853
-0.044168,0.039862,-0.014145
-0.044693,0.036496,-0.010777
-0.044432,0.033871,-0.006725
-0.043167,0.032227,-0.001967
-0.042168,0.031684,0.001493
-0.041606,0.031982,0.003514
-0.041379,0.032769,0.004421
-0.041382,0.033693,0.004541
-0.041513,0.034399,0.004199
-0.041668,0.034536,0.003720
-0.041744,0.033751,0.003430
-0.041638,0.031689,0.003655
-0.041247,0.028000,0.004720
-0.040467,0.023139,0.006666
-0.039321,0.017337,0.009384
-0.037866,0.010770,0.012728
-0.036159,0.003612,0.016550
-0.034258,-0.003963,0.020705
-0.032218,-0.011780,0.025047
-0.030097,-0.019665,0.029429
-0.027952,-0.027444,0.033704
-0.025838,-0.034941,0.037726
-0.023485,-0.042740,0.043724
-0.021124,-0.050890,0.051348
-0.019111,-0.059301,0.059607
-0.017803,-0.067889,0.067507
-0.017556,-0.076566,0.074055
-0.018727,-0.085245,0.078259
-0.021672,-0.093838,0.079126
-0.026747,-0.102260,0.075663
-0.034310,-0.110424,0.066878
-0.041133,-0.115149,0.055244
-0.046642,-0.116210,0.041938
-0.050928,-0.114119,0.027814
-0.054083,-0.109389,0.013724
-0.056197,-0.102533,0.000523
-0.057361,-0.094062,-0.010938
-0.057666,-0.084490,-0.019805
-0.057202,-0.074328,-0.025224
-0.056061,-0.064090,-0.026344
-0.052693,-0.052267,-0.026448
-0.047413,-0.039074,-0.025770
-0.040999,-0.025154,-0.023781
-0.034233,-0.011152,-0.019953
-0.027894,0.002290,-0.013754
-0.022764,0.014527,-0.004658
-0.019620,0.024916,0.007867
-0.019245,0.032812,0.024348
-0.022418,0.037572,0.045315
-0.026390,0.040274,0.064571
-0.030565,0.041500,0.080957
-0.034883,0.041710,0.094571
-0.039285,0.041363,0.105513
-0.043713,0.040918,0.113883
-0.048106,0.040836,0.119780
-0.052406,0.041574,0.123304
-0.056554,0.043594,0.124555
-0.060490,0.047354,0.123632
-0.064521,0.053219,0.121985
-0.068399,0.060597,0.119977
-0.071738,0.068656,0.117701
-0.074152,0.076561,0.115247
-0.075254,0.083480,0.112707
-0.074658,0.088580,0.110173
-0.071979,0.091028,0.107737
-0.066829,0.089992,0.105489
-0.058824,0.084637,0.103523
-0.051754,0.078495,0.103210
-0.046128,0.072335,0.104286
-0.041629,0.066241,0.106077
-0.037941,0.060294,0.107909
-0.034751,0.054577,0.109110
-0.031742,0.049171,0.109005
-0.028599,0.044158,0.106921
-0.025006,0.039621,0.102184
-0.020648,0.035641,0.094120
-0.018143,0.032549,0.087729
-0.017618,0.030393,0.083507
-0.018582,0.029151,0.080826
-0.020541,0.028801,0.079058
-0.023002,0.029320,0.077574
-0.025473,0.030686,0.075745
-0.027461,0.032876,0.072945
-0.028472,0.035868,0.068543
-0.028015,0.039639,0.061912
-0.027264,0.041923,0.056547
-0.026480,0.042519,0.052896
-0.025691,0.041744,0.050647
-0.024928,0.039914,0.049487
-0.024221,0.037347,0.049103
-0.023600,0.034359,0.049182
-0.023094,0.031266,0.049411
-0.022735,0.028386,0.049479
-0.022551,0.026035,0.049071
-0.022476,0.023823,0.048178
-0.022453,0.021661,0.046893
-0.022427,0.019537,0.045339
-0.022347,0.017437,0.043639
-0.022158,0.015349,0.041913
-0.021806,0.013259,0.040285
-0.021239,0.011154,0.038876
-0.020402,0.009022,0.037807
-0.019242,0.006848,0.037202
-0.017035,0.005806,0.036653
-0.013777,0.006014,0.036103
-0.009643,0.007327,0.035583
-0.004809,0.009601,0.035124
0.000550,0.012691,0.034757
0.006258,0.016452,0.034514
0.012139,0.020740,0.034423
0.018018,0.025410,0.034518
0.023719,0.030318,0.034828
0.029182,0.034015,0.036183
0.034380,0.036103,0.038350
0.039298,0.036452,0.040833
0.043918,0.034928,0.043137
0.048225,0.031398,0.044764
0.052200,0.025730,0.045219
0.055828,0.017791,0.044005
0.059091,0.007449,0.040626
0.061974,-0.005429,0.034586
0.063602,-0.017130,0.030491
0.063977,-0.026755,0.028935
0.063318,-0.034107,0.029508
0.061845,-0.038993,0.031799
0.059778,-0.041214,0.035399
0.057338,-0.040576,0.039898
0.054744,-0.036882,0.044886
0.052216,-0.029937,0.049952
0.049974,-0.019545,0.054688
0.048811,-0.010607,0.059585
0.048841,-0.003847,0.064277
0.050006,0.001057,0.068178
0.052251,0.004428,0.070706
0.055520,0.006586,0.071276
0.059757,0.007853,0.069304
0.064906,0.008550,0.064207
0.070909,0.009000,0.055402
0.077712,0.009524,0.042303
0.084134,0.009909,0.030726
0.089873,0.010361,0.021656
0.094847,0.011197,0.014870
0.098972,0.012729,0.010145
0.102166,0.015272,0.007258
0.104346,0.019140,0.005986
0.105430,0.024648,0.006106
0.105335,0.032108,0.007394
0.103978,0.041836,0.009629
0.103080,0.050372,0.011765
0.102779,0.057221,0.013609
0.102821,0.062624,0.015179
0.102950,0.066827,0.016495
0.102910,0.070073,0.017575
0.102447,0.072605,0.018439
0.101305,0.074666,0.019105
0.099228,0.076501,0.019593
0.095961,0.078354,0.019920
0.091857,0.080996,0.018371
0.087152,0.084274,0.015135
0.082051,0.087801,0.010877
0.076760,0.091188,0.006261
0.071482,0.094049,0.001952
0.066425,0.095996,-0.001385
0.061793,0.096644,-0.003084
0.057791,0.095603,-0.002481
0.054625,0.092488,0.001089
0.052869,0.087160,0.005807
0.052486,0.079799,0.011004
0.053284,0.070669,0.016298
0.055072,0.060029,0.021308
0.057659,0.048142,0.025654
0.060854,0.035268,0.028955
0.064465,0.021669,0.030829
0.068303,0.007605,0.030896
0.072174,-0.006661,0.028773
0.074112,-0.018616,0.027448
0.074194,-0.027806,0.027318
0.073015,-0.034294,0.028133
0.071166,-0.038141,0.029644
0.069241,-0.039408,0.031599
0.067832,-0.038157,0.033749
0.067532,-0.034451,0.035845
0.068933,-0.028350,0.037636
0.072629,-0.019917,0.038873
0.075248,-0.009162,0.040235
0.076352,0.003378,0.041849
0.076232,0.017036,0.043708
0.075183,0.031144,0.045802
0.073498,0.045034,0.048122
0.071469,0.058037,0.050659
0.069390,0.069485,0.053403
0.067554,0.078711,0.056345
0.066254,0.085047,0.059477
0.066211,0.089546,0.061379
0.067224,0.092544,0.062020
0.068863,0.094200,0.061715
0.070698,0.094671,0.060780
0.072298,0.094116,0.059529
0.073232,0.092692,0.058277
0.073070,0.090557,0.057340
0.071381,0.087869,0.057032
0.067735,0.084787,0.057669
0.064171,0.083060,0.058680
0.061105,0.082547,0.059794
0.058549,0.082631,0.060817
0.056518,0.082696,0.061554
0.055022,0.082126,0.061812
0.054074,0.080305,0.061394
0.053686,0.076616,0.060108
0.053872,0.070443,0.057758
0.054642,0.061171,0.054151
0.050400,0.056000,0.050507
0.040760,0.055227,0.047128
0.026641,0.057424,0.044084
0.008962,0.061165,0.041443
-0.011358,0.065020,0.039276
-0.033400,0.067563,0.037651
-0.056246,0.067365,0.036640
-0.078977,0.062999,0.036310
-0.100674,0.053036,0.036732
-0.117014,0.042936,0.037067
-0.127774,0.033929,0.037356
-0.133755,0.026194,0.037864
-0.135759,0.019907,0.038855
-0.134587,0.015244,0.040592
-0.131040,0.012383,0.043339
-0.125919,0.011500,0.047360
-0.120026,0.012773,0.052918
-0.114161,0.016376,0.060278
-0.109985,0.018347,0.065247
-0.107384,0.018506,0.067555
-0.105803,0.017623,0.067913
-0.104686,0.016466,0.067028
-0.103479,0.015803,0.065610
-0.101625,0.016404,0.064369
-0.098569,0.019037,0.064014
-0.093756,0.024470,0.065255
-0.086630,0.033473,0.068801
-0.080563,0.039975,0.071001
-0.075959,0.043232,0.071163
-0.072480,0.043829,0.069331
-0.069788,0.042352,0.065551
-0.067547,0.039388,0.059869
-0.065417,0.035521,0.052329
-0.063061,0.031339,0.042978
-0.060142,0.027427,0.031860
-0.056322,0.024371,0.019022
-0.051504,0.019052,0.007689
-0.045723,0.011686,-0.001668
-0.039045,0.003324,-0.009266
-0.031537,-0.004984,-0.015322
-0.023266,-0.012186,-0.020054
-0.014298,-0.017232,-0.023678
-0.004700,-0.019072,-0.026412
0.005462,-0.016656,-0.028474
0.016121,-0.008931,-0.030081
0.025476,-0.002728,-0.034131
0.033224,0.000964,-0.040377
0.039437,0.002614,-0.047787
0.044187,0.002692,-0.055328
0.047545,0.001669,-0.061967
0.049584,0.000013,-0.066672
0.050374,-0.001805,-0.068411
0.049988,-0.003315,-0.066150
0.048497,-0.004048,-0.058856
0.045634,-0.003781,-0.051900
0.041696,-0.002805,-0.046200
0.037122,-0.001545,-0.041561
0.032350,-0.000422,-0.037789
0.027819,0.000141,-0.034691
0.023966,-0.000278,-0.032071
0.021231,-0.002102,-0.029736
0.020050,-0.005754,-0.027491
0.020864,-0.011655,-0.025142
0.022571,-0.014708,-0.022668
0.024872,-0.014764,-0.020017
0.027671,-0.012912,-0.017128
0.030868,-0.010243,-0.013940
0.034366,-0.007846,-0.010393
0.038067,-0.006811,-0.006425
0.041873,-0.008227,-0.001977
0.045687,-0.013184,0.003014
0.049409,-0.022772,0.008607
0.052533,-0.031481,0.014449
0.055101,-0.038425,0.021063
0.057295,-0.043875,0.029195
0.059298,-0.048101,0.039588
0.061290,-0.051375,0.052987
0.063454,-0.053967,0.070134
0.065971,-0.056147,0.091776
0.069023,-0.058186,0.118654
0.072791,-0.060355,0.151515
0.076890,-0.062706,0.179005
0.081194,-0.064983,0.199460
0.085639,-0.066853,0.213634
0.090163,-0.067984,0.222283
0.094705,-0.068040,0.226164
0.099202,-0.066691,0.226032
0.103591,-0.063601,0.222642
0.107810,-0.058439,0.216751
0.111797,-0.050870,0.209114
0.115201,-0.046238,0.200679
0.117817,-0.044891,0.191899
0.119477,-0.045926,0.183100
0.120013,-0.048445,0.174611
0.119255,-0.051545,0.166758
0.117035,-0.054327,0.159869
0.113186,-0.055889,0.154271
0.107538,-0.055332,0.150293
0.099923,-0.051753,0.148261
0.093024,-0.047800,0.145543
0.087224,-0.044084,0.141765
0.082334,-0.040703,0.137116
0.078163,-0.037757,0.131787
0.074520,-0.035346,0.125965
0.071216,-0.033569,0.119842
0.068059,-0.032527,0.113606
0.064860,-0.032318,0.107447
0.061428,-0.033043,0.101555
0.058917,-0.028103,0.098339
0.057310,-0.017692,0.097524
0.056295,-0.003705,0.098168
0.055561,0.011967,0.099326
0.054798,0.027429,0.100054
0.053695,0.040788,0.099408
0.051941,0.050151,0.096445
0.049226,0.053624,0.090220
0.045239,0.049314,0.079789
0.041932,0.045941,0.068277
0.039156,0.044713,0.056319
0.036235,0.044959,0.043930
0.032491,0.046011,0.031124
0.027249,0.047198,0.017916
0.019833,0.047850,0.004321
0.009565,0.047297,-0.009648
-0.004231,0.044869,-0.023976
-0.022231,0.039896,-0.038648
-0.041311,0.031819,-0.049233
-0.060441,0.021349,-0.055395
-0.079115,0.009512,-0.057820
-0.096825,-0.002664,-0.057196
-0.113065,-0.014150,-0.054208
-0.127326,-0.023920,-0.049545
-0.139103,-0.030945,-0.043892
-0.147887,-0.034198,-0.037936
-0.153173,-0.032651,-0.032365
-0.156978,-0.029220,-0.026122
-0.159691,-0.024810,-0.019269
-0.161291,-0.019825,-0.012144
-0.161757,-0.014667,-0.005089
-0.161069,-0.009738,0.001558
-0.159208,-0.005441,0.007455
-0.156152,-0.002179,0.012265
-0.151882,-0.000354,0.015646
-0.146377,-0.000370,0.017258
-0.139531,-0.004647,0.017596
-0.131563,-0.013099,0.017012
-0.122772,-0.025010,0.015827
-0.113456,-0.039667,0.014360
-0.103915,-0.056354,0.012931
-0.094446,-0.074356,0.011858
-0.085350,-0.092959,0.011462
-0.076926,-0.111448,0.012063
-0.069471,-0.129108,0.013979
-0.063848,-0.146247,0.015887
-0.060036,-0.162568,0.017632
-0.057793,-0.177618,0.019352
-0.056877,-0.190947,0.021184
-0.057044,-0.202105,0.023263
-0.058052,-0.210638,0.025729
-0.059659,-0.216098,0.028717
-0.061624,-0.218032,0.032365
-0.063702,-0.215989,0.036810
-0.063785,-0.206202,0.040821
-0.061848,-0.189286,0.044306
-0.058386,-0.166956,0.047455
-0.053895,-0.140923,0.050462
-0.048870,-0.112902,0.053518
-0.043808,-0.084605,0.056815
-0.039204,-0.057746,0.060545
-0.035553,-0.034037,0.064899
-0.033351,-0.015192,0.070069
-0.031620,-0.000518,0.074587
-0.030170,0.010561,0.078140
-0.029010,0.018590,0.080703
-0.028148,0.024114,0.082252
-0.027593,0.027682,0.082763
-0.027352,0.029837,0.082212
-0.027435,0.031126,0.080575
-0.027850,0.032096,0.077826
-0.028604,0.033291,0.073944
-0.028857,0.033706,0.068938
-0.028453,0.033271,0.063369
-0.027408,0.032154,0.057937
-0.025735,0.030519,0.053338
-0.023451,0.028535,0.050271
-0.020571,0.026368,0.049433
-0.017110,0.024183,0.051522
-0.013083,0.022147,0.057237
-0.008505,0.020428,0.067275
-0.004323,0.018829,0.077297
-0.000820,0.017368,0.086310
0.001888,0.016117,0.094161
0.003682,0.015145,0.100693
0.004447,0.014524,0.105754
0.004064,0.014324,0.109187
0.002416,0.014616,0.110838
-0.000613,0.015472,0.110553
-0.005141,0.016961,0.108177
-0.011135,0.018592,0.108066
-0.018112,0.019888,0.110089
-0.025475,0.020375,0.112992
-0.032629,0.019581,0.115523
-0.038979,0.017032,0.116429
-0.043929,0.012254,0.114456
-0.046884,0.004774,0.108351
-0.047247,-0.005881,0.096861
-0.044423,-0.020186,0.078733
-0.039865,-0.036390,0.058265
-0.034232,-0.052773,0.037197
-0.027987,-0.067616,0.016633
-0.021593,-0.079202,-0.002327
-0.015511,-0.085814,-0.018580
-0.010204,-0.085734,-0.031023
-0.006136,-0.077246,-0.038556
-0.003767,-0.058632,-0.040076
-0.003560,-0.028174,-0.034481
-0.004355,0.005124,-0.028143
-0.005869,0.038018,-0.022246
-0.008040,0.068702,-0.016677
-0.010807,0.095370,-0.011322
-0.014107,0.116216,-0.006069
-0.017879,0.129434,-0.000804
-0.022061,0.133218,0.004586
-0.026591,0.125762,0.010215
-0.031406,0.105260,0.016194
-0.036698,0.083818,0.021931
-0.042387,0.063878,0.027184
-0.048324,0.045466,0.031801
-0.054362,0.028606,0.035631
-0.060353,0.013326,0.038522
-0.066151,-0.000350,0.040323
-0.071606,-0.012396,0.040880
-0.076571,-0.022787,0.040043
-0.080899,-0.031496,0.037660
-0.083554,-0.035773,0.034172
-0.084513,-0.035664,0.029860
-0.084007,-0.031913,0.024958
-0.082265,-0.025266,0.019705
-0.079518,-0.016466,0.014337
-0.075995,-0.006259,0.009092
-0.071927,0.004611,0.004206
-0.067544,0.015399,-0.000083
-0.063076,0.025360,-0.003539
-0.058837,0.031010,-0.007235
-0.054714,0.032110,-0.011552
-0.050490,0.029226,-0.016693
-0.045948,0.022929,-0.022867
-0.040869,0.013788,-0.030277
-0.035036,0.002372,-0.039131
-0.028231,-0.010751,-0.049634
-0.020237,-0.025011,-0.061993
-0.010835,-0.039839,-0.076412
-0.001907,-0.053638,-0.090506
0.006172,-0.065875,-0.103588
0.013402,-0.076284,-0.115392
0.019783,-0.084596,-0.125654
0.025315,-0.090546,-0.134110
0.029997,-0.093866,-0.140497
0.033830,-0.094290,-0.144548
0.036813,-0.091549,-0.146001
0.038947,-0.085379,-0.144591
0.040823,-0.079048,-0.141933
0.042476,-0.073221,-0.138468
0.043806,-0.067906,-0.134346
0.044711,-0.063112,-0.129714
0.045089,-0.058851,-0.124721
0.044839,-0.055131,-0.119517
0.043859,-0.051962,-0.114249
0.042047,-0.049354,-0.109066
0.039303,-0.047317,-0.104117
0.037604,-0.046736,-0.098005
0.037254,-0.047363,-0.090709
0.038134,-0.048667,-0.082546
0.040128,-0.050117,-0.073837
0.043118,-0.051182,-0.064902
0.046988,-0.051331,-0.056061
0.051620,-0.050031,-0.047633
0.056897,-0.046754,-0.039939
0.062702,-0.040966,-0.033298
0.066388,-0.036047,-0.025910
0.068068,-0.032649,-0.017811
0.068545,-0.030742,-0.009496
0.068621,-0.030296,-0.001458
0.069099,-0.031281,0.005808
0.070782,-0.033669,0.011807
0.074473,-0.037429,0.016045
0.080974,-0.042531,0.018029
0.091088,-0.048946,0.017263
0.097909,-0.054092,0.015539
0.100691,-0.057591,0.013071
0.100227,-0.059610,0.009680
0.097309,-0.060320,0.005185
0.092733,-0.059891,-0.000593
0.087290,-0.058492,-0.007835
0.081773,-0.056291,-0.016719
0.076977,-0.053460,-0.027425
0.073694,-0.050168,-0.040134
0.070668,-0.047544,-0.050266
0.067699,-0.045670,-0.057375
0.064850,-0.044366,-0.062050
0.062184,-0.043449,-0.064879
0.059763,-0.042740,-0.066449
0.057650,-0.042057,-0.067348
0.055908,-0.041220,-0.068164
0.054600,-0.040047,-0.069486
0.053790,-0.038358,-0.071901
0.052475,-0.037784,-0.075302
0.050628,-0.038318,-0.079383
0.048463,-0.039545,-0.083788
0.046196,-0.041049,-0.088164
0.044041,-0.042416,-0.092153
0.042214,-0.043229,-0.095402
0.040929,-0.043073,-0.097554
0.040402,-0.041533,-0.098255
0.040847,-0.038193,-0.097149
0.041534,-0.033086,-0.098321
0.042159,-0.026734,-0.101581
0.042524,-0.019784,-0.105669
0.042433,-0.012882,-0.109325
0.041687,-0.006673,-0.111290
0.040090,-0.001804,-0.110303
0.037445,0.001080,-0.105105
0.033554,0.001332,-0.094437
0.028221,-0.001694,-0.077038
0.023068,-0.005171,-0.058562
0.018494,-0.008597,-0.040472
0.014585,-0.012045,-0.023185
0.011431,-0.015592,-0.007117
0.009121,-0.019313,0.007317
0.007744,-0.023284,0.019699
0.007388,-0.027579,0.029614
0.008143,-0.032275,0.036645
0.010097,-0.037447,0.040376
0.011433,-0.043740,0.041287
0.011712,-0.050833,0.039965
0.010835,-0.058160,0.037024
0.008704,-0.065160,0.033078
0.005224,-0.071267,0.028742
0.000296,-0.075919,0.024631
-0.006178,-0.078551,0.021359
-0.014293,-0.078600,0.019540
-0.024149,-0.075502,0.019788
-0.032396,-0.068260,0.015590
-0.038456,-0.057233,0.006609
-0.042446,-0.043118,-0.005946
-0.044481,-0.026613,-0.020866
-0.044675,-0.008415,-0.036944
-0.043144,0.010779,-0.052970
-0.040004,0.030272,-0.067736
-0.035369,0.049366,-0.080033
-0.029356,0.067364,-0.088653
-0.022212,0.081887,-0.093363
-0.014235,0.092810,-0.094837
-0.005734,0.100571,-0.093979
0.002983,0.105607,-0.091690
0.011607,0.108355,-0.088872
0.019828,0.109254,-0.086429
0.027338,0.108740,-0.085262
0.033827,0.107251,-0.086274
0.038988,0.105226,-0.090368
0.043220,0.102188,-0.091198
0.046825,0.098218,-0.088239
0.050076,0.093537,-0.082419
0.053248,0.088366,-0.074668
0.056617,0.082926,-0.065912
0.060456,0.077438,-0.057081
0.065041,0.072122,-0.049103
0.070645,0.067200,-0.042906
0.077543,0.062891,-0.039419
0.082288,0.056574,-0.037302
0.084552,0.048190,-0.036177
0.084790,0.038321,-0.035907
0.083459,0.027550,-0.036356
0.081013,0.016460,-0.037388
0.077907,0.005633,-0.038864
0.074596,-0.004349,-0.040650
0.071536,-0.012902,-0.042608
0.069181,-0.019445,-0.044601
0.067610,-0.024400,-0.045976
0.066662,-0.027929,-0.046659
0.066118,-0.030130,-0.046726
0.065756,-0.031100,-0.046249
0.065357,-0.030934,-0.045303
0.064701,-0.029730,-0.043961
0.063567,-0.027585,-0.042297
0.061734,-0.024596,-0.040385
0.058983,-0.020859,-0.038298
0.055642,-0.017331,-0.036237
0.051988,-0.014179,-0.034225
0.048285,-0.011375,-0.032241
0.044797,-0.008889,-0.030264
0.041787,-0.006693,-0.028272
0.039521,-0.004757,-0.026245
0.038261,-0.003053,-0.024161
0.038271,-0.001550,-0.021999
0.039816,-0.000221,-0.019738
0.043418,-0.000358,-0.019567
0.048584,-0.001498,-0.021760
0.054567,-0.002736,-0.026117
0.060618,-0.003168,-0.032434
0.065989,-0.001890,-0.040509
0.069934,0.002003,-0.050140
0.071704,0.009414,-0.061125
0.070552,0.021247,-0.073261
0.065729,0.038407,-0.086346
0.059104,0.053691,-0.098252
0.051297,0.065926,-0.108468
0.042617,0.075447,-0.116885
0.033371,0.082591,-0.123397
0.023868,0.087691,-0.127895
0.014417,0.091084,-0.130272
0.005325,0.093104,-0.130421
-0.003100,0.094087,-0.128235
-0.010548,0.094368,-0.123604
-0.016095,0.094599,-0.116924
-0.019806,0.094564,-0.108719
-0.021995,0.093830,-0.099543
-0.022978,0.091962,-0.089952
-0.023067,0.088527,-0.080502
-0.022576,0.083092,-0.071748
-0.021821,0.075224,-0.064246
-0.021116,0.064488,-0.058551
-0.020773,0.050452,-0.055220
-0.021151,0.035442,-0.052517
-0.022189,0.020257,-0.050121
-0.023723,0.005319,-0.048064
-0.025588,-0.008955,-0.046377
-0.027620,-0.022146,-0.045092
-0.029654,-0.033834,-0.044240
-0.031527,-0.043600,-0.043852
-0.033073,-0.051025,-0.043961
-0.034128,-0.055690,-0.044598
-0.034878,-0.056068,-0.044759
-0.035303,-0.052764,-0.044343
-0.035335,-0.046916,-0.043472
-0.034902,-0.039660,-0.042270
-0.033936,-0.032134,-0.040860
-0.032367,-0.025475,-0.039364
-0.030125,-0.020820,-0.037905
-0.027140,-0.019307,-0.036608
-0.023342,-0.022072,-0.035594
-0.019850,-0.026668,-0.034067
-0.016902,-0.032175,-0.032002
-0.014516,-0.038059,-0.029566
-0.012710,-0.043783,-0.026926
-0.011503,-0.048811,-0.024250
-0.010913,-0.052608,-0.021705
-0.010958,-0.054638,-0.019457
-0.011657,-0.054365,-0.017675
-0.013028,-0.051253,-0.016526
-0.014070,-0.047376,-0.015171
-0.014692,-0.043194,-0.013468
-0.015033,-0.038761,-0.011445
-0.015230,-0.034134,-0.009131
-0.015421,-0.029366,-0.006555
-0.015743,-0.024513,-0.003748
-0.016334,-0.019631,-0.000737
-0.017331,-0.014773,0.002447
-0.018873,-0.009997,0.005776
-0.020160,-0.000685,0.010834
-0.021048,0.012739,0.017588
-0.021558,0.028591,0.025604
-0.021710,0.045189,0.034447
-0.021527,0.060850,0.043680
-0.021027,0.073892,0.052868
-0.020232,0.082630,0.061577
-0.019162,0.085383,0.069369
-0.017839,0.080467,0.075811
-0.016959,0.074689,0.081159
-0.016639,0.069397,0.085368
-0.016853,0.064571,0.088320
-0.017572,0.060195,0.089893
-0.018769,0.056251,0.089968
-0.020417,0.052720,0.088425
-0.022488,0.049585,0.085143
-0.024955,0.046829,0.080003
-0.027790,0.044432,0.072885
-0.032057,0.040152,0.068870
-0.037648,0.033895,0.068221
-0.044166,0.026109,0.069993
-0.051210,0.017239,0.073244
-0.058381,0.007734,0.077029
-0.065281,-0.001963,0.080405
-0.071509,-0.011402,0.082428
-0.076667,-0.020139,0.082155
-0.080355,-0.027727,0.078641
-0.082713,-0.030731,0.074695
-0.083793,-0.029292,0.070934
-0.083626,-0.024441,0.067425
-0.082241,-0.017211,0.064238
-0.079668,-0.008634,0.061444
-0.075939,0.000257,0.059109
-0.071083,0.008429,0.057305
-0.065130,0.014850,0.056100
-0.058111,0.018488,0.055563
-0.053500,0.020023,0.054125
-0.051589,0.019909,0.051635
-0.051878,0.018544,0.048296
-0.053863,0.016322,0.044309
-0.057044,0.013643,0.039877
-0.060920,0.010902,0.035201
-0.064987,0.008496,0.030486
-0.068746,0.006822,0.025932
-0.071693,0.006276,0.021742
-0.073233,0.003484,0.018894
-0.073333,-0.001644,0.017242
-0.072097,-0.008375,0.016357
-0.069633,-0.015975,0.015811
-0.066045,-0.023712,0.015175
-0.061440,-0.030851,0.014021
-0.055923,-0.036660,0.011921
-0.049602,-0.040405,0.008446
-0.042580,-0.041353,0.003169
-0.037486,-0.038639,-0.001749
-0.034379,-0.032771,-0.005870
-0.032683,-0.024601,-0.009189
-0.031817,-0.014979,-0.011703
-0.031203,-0.004757,-0.013406
-0.030262,0.005215,-0.014294
-0.028416,0.014084,-0.014363
-0.025086,0.021001,-0.013608
-0.019693,0.025112,-0.012025
-0.014153,0.027546,-0.010187
-0.008874,0.028669,-0.008504
-0.003891,0.028664,-0.007342
0.000764,0.027710,-0.007069
0.005057,0.025987,-0.008052
0.008956,0.023676,-0.010658
0.012426,0.020956,-0.015253
0.015436,0.018009,-0.022205
0.017952,0.015014,-0.031881
0.021185,0.011912,-0.038646
0.024986,0.009129,-0.042013
0.028866,0.007214,-0.042783
0.032334,0.006718,-0.041755
0.034902,0.008188,-0.039729
0.036080,0.012174,-0.037507
0.035378,0.019224,-0.035887
0.032306,0.029888,-0.035669
0.026376,0.044715,-0.037655
0.020705,0.058603,-0.039432
0.015893,0.070454,-0.040593
0.011907,0.080170,-0.041230
0.008715,0.087653,-0.041437
0.006285,0.092804,-0.041308
0.004585,0.095527,-0.040936
0.003584,0.095722,-0.040414
0.003249,0.093293,-0.039836
0.003549,0.088140,-0.039294
0.001962,0.082563,-0.038564
-0.001517,0.077004,-0.037598
-0.006267,0.071438,-0.036395
-0.011664,0.065843,-0.034952
-0.017086,0.060195,-0.033267
-0.021911,0.054471,-0.031340
-0.025515,0.048647,-0.029166
-0.027277,0.042701,-0.026746
-0.026573,0.036608,-0.024077
-0.024049,0.031045,-0.023212
-0.020189,0.026121,-0.023945
-0.015437,0.021807,-0.025503
-0.010238,0.018074,-0.027113
-0.005036,0.014892,-0.028003
-0.000276,0.012232,-0.027401
0.003598,0.010063,-0.024534
0.006141,0.008356,-0.018630
0.006909,0.007081,-0.008916
0.008602,0.007859,0.003086
0.011597,0.010297,0.016569
0.015691,0.013498,0.030906
0.020680,0.016566,0.045470
0.026360,0.018605,0.059632
0.032528,0.018718,0.072766
0.038980,0.016008,0.084244
0.045512,0.009581,0.093439
0.051921,-0.001462,0.099723
0.056945,-0.012025,0.106634
0.060187,-0.021095,0.114262
0.061466,-0.028674,0.121838
0.060603,-0.034768,0.128592
0.057415,-0.039381,0.133754
0.051723,-0.042517,0.136553
0.043345,-0.044180,0.136220
0.032100,-0.044376,0.131985
0.017809,-0.043107,0.123077
0.003797,-0.037908,0.111903
-0.009045,-0.029294,0.099153
-0.020438,-0.018526,0.085091
-0.030101,-0.006867,0.069977
-0.037755,0.004424,0.054075
-0.043119,0.014084,0.037646
-0.045914,0.020852,0.020952
-0.045859,0.023467,0.004256
-0.042675,0.020668,-0.012180
-0.039200,0.018367,-0.023521
-0.036105,0.017635,-0.029376
-0.033520,0.018339,-0.030467
-0.031576,0.020342,-0.027515
-0.030401,0.023509,-0.021241
-0.030125,0.027704,-0.012367
-0.030878,0.032791,-0.001612
-0.032791,0.038634,0.010300
-0.035991,0.045099,0.022651
-0.039179,0.051066,0.033504
-0.042047,0.056136,0.042449
-0.044535,0.060088,0.049457
-0.046585,0.062700,0.054498
-0.048137,0.063751,0.057541
-0.049133,0.063020,0.058558
-0.049513,0.060285,0.057518
-0.049219,0.055326,0.054392
-0.048191,0.047921,0.049150
-0.045697,0.038789,0.045446
-0.041864,0.028753,0.043678
-0.037038,0.018660,0.043426
-0.031561,0.009356,0.044273
-0.025777,0.001691,0.045801
-0.020030,-0.003488,0.047590
-0.014663,-0.005335,0.049224
-0.010021,-0.003001,0.050283
-0.006447,0.004362,0.050349
-0.003403,0.011665,0.050101
-0.000791,0.017897,0.049623
0.001376,0.023060,0.048851
0.003085,0.027158,0.047721
0.004323,0.030195,0.046168
0.005078,0.032174,0.044128
0.005336,0.033101,0.041537
0.005086,0.032978,0.038331
0.004315,0.031810,0.034445
0.003285,0.030627,0.030080
0.002126,0.029630,0.025483
0.000933,0.028814,0.020912
-0.000196,0.028172,0.016625
-0.001166,0.027697,0.012881
-0.001881,0.027383,0.009939
-0.002245,0.027224,0.008057
-0.002161,0.027214,0.007494
-0.001533,0.027345,0.008508
-0.000821,0.027482,0.010333
-0.000138,0.027616,0.012639
0.000491,0.027769,0.015205
0.001039,0.027966,0.017807
0.001479,0.028229,0.020225
0.001787,0.028581,0.022237
0.001934,0.029046,0.023621
0.001897,0.029647,0.024155
0.001647,0.030408,0.023617
0.002128,0.030506,0.024303
0.003406,0.029997,0.026272
0.005328,0.029160,0.029025
0.007742,0.028272,0.032060
0.010494,0.027609,0.034878
0.013432,0.027448,0.036979
0.016404,0.028068,0.037863
0.019256,0.029745,0.037029
0.021835,0.032756,0.033977
0.024501,0.035714,0.030813
0.027034,0.038436,0.028031
0.029067,0.041037,0.025724
0.030237,0.043634,0.023983
0.030177,0.046344,0.022900
0.028524,0.049281,0.022568
0.024913,0.052563,0.023079
0.018977,0.056306,0.024524
0.010353,0.060626,0.026997
0.004322,0.064919,0.024816
0.001600,0.068826,0.017742
0.001759,0.072044,0.006895
0.004373,0.074276,-0.006607
0.009014,0.075219,-0.021644
0.015256,0.074575,-0.037096
0.022671,0.072042,-0.051844
0.030832,0.067320,-0.064769
0.039313,0.060110,-0.074750
0.047134,0.052251,-0.081251
0.053993,0.044339,-0.084371
0.059757,0.036657,-0.084370
0.064291,0.029492,-0.081510
0.067462,0.023128,-0.076049
0.069137,0.017849,-0.068249
0.069183,0.013941,-0.058368
0.067466,0.011688,-0.046667
0.063852,0.011375,-0.033407
0.060107,0.010994,-0.021864
0.056586,0.010308,-0.012482
0.053290,0.009524,-0.004998
0.050220,0.008849,0.000851
0.047379,0.008489,0.005331
0.044767,0.008652,0.008703
0.042387,0.009545,0.011233
0.040239,0.011374,0.013183
0.038325,0.014347,0.014817
0.035390,0.016897,0.015842
0.031639,0.018872,0.015977
0.027642,0.020468,0.014945
0.023970,0.021883,0.012469
0.021195,0.023317,0.008272
0.019886,0.024968,0.002078
0.020615,0.027032,-0.006391
0.023952,0.029710,-0.017411
0.030468,0.033198,-0.031260
0.037548,0.036002,-0.043457
0.044462,0.037747,-0.053402
0.050947,0.038339,-0.061465
0.056742,0.037683,-0.068016
0.061586,0.035684,-0.073424
0.065218,0.032249,-0.078060
0.067377,0.027282,-0.082294
0.067801,0.020688,-0.086495
0.066229,0.012374,-0.091034
0.063291,0.004412,-0.091841
0.059317,-0.002754,-0.088833
0.054557,-0.009086,-0.082919
0.049265,-0.014550,-0.075012
0.043694,-0.019106,-0.066022
0.038095,-0.022719,-0.056860
0.032721,-0.025352,-0.048437
0.027826,-0.026967,-0.041664
0.023660,-0.027529,-0.037452
0.019298,-0.027557,-0.034770
0.014724,-0.027264,-0.033318
0.010148,-0.026786,-0.032979
0.005782,-0.026258,-0.033638
0.001838,-0.025816,-0.035180
-0.001473,-0.025595,-0.037487
-0.003940,-0.025731,-0.040443
-0.005351,-0.026359,-0.043934
-0.005495,-0.027615,-0.047841
-0.006185,-0.028523,-0.051198
-0.007572,-0.029001,-0.053901
-0.009391,-0.029185,-0.056066
-0.011377,-0.029216,-0.057807
-0.013266,-0.029230,-0.059239
-0.014793,-0.029368,-0.060477
-0.015693,-0.029766,-0.061637
-0.015702,-0.030564,-0.062832
-0.014556,-0.031901,-0.064178
-0.013902,-0.032882,-0.064559
-0.013952,-0.033389,-0.063939
-0.014559,-0.033497,-0.062553
-0.015573,-0.033279,-0.060637
-0.016848,-0.032810,-0.058426
-0.018235,-0.032165,-0.056154
-0.019586,-0.031416,-0.054057
-0.020753,-0.030640,-0.052370
-0.021588,-0.029910,-0.051327
-0.022679,-0.029079,-0.050421
-0.024035,-0.028196,-0.049557
-0.025516,-0.027360,-0.048745
-0.026984,-0.026670,-0.047994
-0.028300,-0.026226,-0.047313
-0.029326,-0.026126,-0.046712
-0.029923,-0.026469,-0.046201
-0.029953,-0.027355,-0.045788
-0.029277,-0.028881,-0.045483
-0.028327,-0.029703,-0.045209
-0.027232,-0.029716,-0.044952
-0.026043,-0.029122,-0.044712
-0.024812,-0.028125,-0.044490
-0.023592,-0.026930,-0.044288
-0.022434,-0.025740,-0.044106
-0.021390,-0.024759,-0.043944
-0.020512,-0.024191,-0.043805
-0.019853,-0.024239,-0.043689
-0.019477,-0.024253,-0.043623
-0.019345,-0.024144,-0.043603
-0.019394,-0.023962,-0.043617
-0.019559,-0.023759,-0.043651
-0.019774,-0.023588,-0.043693
-0.019976,-0.023499,-0.043731
-0.020099,-0.023543,-0.043751
-0.020080,-0.023773,-0.043741
-0.019853,-0.024239,-0.043689
-0.019729,-0.024500,-0.043660
-0.019735,-0.024526,-0.043660
-0.019830,-0.024389,-0.043680
-0.019969,-0.024162,-0.043711
-0.020112,-0.023919,-0.043743
-0.020214,-0.023732,-0.043766
-0.020233,-0.023675,-0.043771
-0.020127,-0.023819,-0.043748
-0.019853,-0.024239,-0.043689
-0.019803,-0.024567,-0.043081
-0.020007,-0.024742,-0.041896
-0.020406,-0.024786,-0.040226
-0.020939,-0.024715,-0.038162
-0.021548,-0.024548,-0.035795
-0.022171,-0.024306,-0.033217
-0.022749,-0.024005,-0.030520
-0.023221,-0.023665,-0.027795
-0.023529,-0.023305,-0.025133
-0.024244,-0.023875,-0.023340
-0.025339,-0.025307,-0.022428
-0.026633,-0.027277,-0.022211
-0.027948,-0.029460,-0.022505
-0.029103,-0.031534,-0.023125
-0.029919,-0.033173,-0.023885
-0.030217,-0.034055,-0.024600
-0.029817,-0.033854,-0.025085
-0.028541,-0.032248,-0.025156
-0.027558,-0.030651,-0.025429
-0.027004,-0.029335,-0.025939
-0.026756,-0.028284,-0.026578
-0.026689,-0.027483,-0.027234
-0.026680,-0.026918,-0.027798
-0.026605,-0.026574,-0.028159
-0.026341,-0.026435,-0.028208
-0.025763,-0.026486,-0.027834
-0.024748,-0.026713,-0.026928
-0.024452,-0.027550,-0.026201
-0.024909,-0.028893,-0.025748
-0.025873,-0.030501,-0.025509
-0.027099,-0.032134,-0.025422
-0.028340,-0.033551,-0.025427
-0.029351,-0.034511,-0.025464
-0.029885,-0.034774,-0.025471
-0.029697,-0.034100,-0.025389
-0.028541,-0.032248,-0.025156
-0.027440,-0.031278,-0.023950
-0.026547,-0.031374,-0.021804
-0.025795,-0.032250,-0.018966
-0.025120,-0.033622,-0.015681
-0.024453,-0.035203,-0.012197
-0.023731,-0.036709,-0.008761
-0.022886,-0.037855,-0.005619
-0.021852,-0.038355,-0.003019
-0.020564,-0.037924,-0.001206
-0.019875,-0.036296,0.002155
-0.019745,-0.033818,0.006867
-0.019911,-0.030992,0.012095
-0.020110,-0.028319,0.017006
-0.020078,-0.026301,0.020767
-0.019553,-0.025439,0.022544
-0.018271,-0.026234,0.021505
-0.015968,-0.029187,0.016816
-0.012383,-0.034801,0.007643
-0.009303,-0.041382,-0.007835
-0.007077,-0.048368,-0.028354
-0.005696,-0.055476,-0.051882
-0.005147,-0.062425,-0.076383
-0.005421,-0.068932,-0.099825
-0.006504,-0.074716,-0.120174
-0.008388,-0.079495,-0.135396
-0.011061,-0.082987,-0.143458
-0.014511,-0.084910,-0.142325
-0.018851,-0.087157,-0.140557
-0.023807,-0.089756,-0.139722
-0.029010,-0.092270,-0.139639
-0.034090,-0.094259,-0.140130
-0.038677,-0.095286,-0.141013
-0.042403,-0.094913,-0.142108
-0.044896,-0.092701,-0.143236
-0.045789,-0.088213,-0.144216
-0.044710,-0.081011,-0.144868
-0.043902,-0.072800,-0.143507
-0.043648,-0.064154,-0.140154
-0.043743,-0.055366,-0.135259
-0.043981,-0.046726,-0.129269
-0.044158,-0.038525,-0.122632
-0.044068,-0.031056,-0.115797
-0.043505,-0.024608,-0.109213
-0.042265,-0.019473,-0.103327
-0.040142,-0.015944,-0.098588
-0.037102,-0.014382,-0.094232
-0.033325,-0.014958,-0.089716
-0.029045,-0.017794,-0.084551
-0.024496,-0.023014,-0.078251
-0.019910,-0.030739,-0.070327
-0.015521,-0.041091,-0.060290
-0.011563,-0.054194,-0.047654
-0.008269,-0.070170,-0.031930
-0.005872,-0.089141,-0.012630
-0.004569,-0.103767,0.005994
-0.004328,-0.113143,0.022849
-0.005057,-0.117970,0.037632
-0.006664,-0.118949,0.050038
-0.009060,-0.116783,0.059764
-0.012151,-0.112174,0.066506
-0.015848,-0.105822,0.069961
-0.020059,-0.098431,0.069826
-0.024693,-0.090702,0.065796
-0.029820,-0.083142,0.060439
-0.035125,-0.075916,0.054375
-0.040194,-0.069103,0.047735
-0.044616,-0.062783,0.040650
-0.047978,-0.057036,0.033253
-0.049867,-0.051939,0.025674
-0.049873,-0.047574,0.018046
-0.047581,-0.044019,0.010500
-0.042580,-0.041353,0.003169
-0.038164,-0.035604,-0.007351
-0.034869,-0.026699,-0.020812
-0.032547,-0.015538,-0.036060
-0.031046,-0.003022,-0.051937
-0.030216,0.009947,-0.067287
-0.029906,0.022468,-0.080954
-0.029967,0.033640,-0.091781
-0.030247,0.042563,-0.098612
-0.030597,0.048334,-0.100291
-0.030593,0.056629,-0.099881
-0.030164,0.067462,-0.098245
-0.029330,0.079426,-0.095700
-0.028110,0.091119,-0.092557
-0.026523,0.101138,-0.089133
-0.024588,0.108076,-0.085740
-0.022324,0.110532,-0.082693
-0.019750,0.107101,-0.080306
-0.016885,0.096379,-0.078893
-0.012667,0.080477,-0.076376
-0.007226,0.061105,-0.072529
-0.000990,0.039871,-0.067593
0.005613,0.018384,-0.061807
0.012153,-0.001745,-0.055410
0.018203,-0.018908,-0.048642
0.023333,-0.031495,-0.041742
0.027115,-0.037897,-0.034951
0.029121,-0.036506,-0.028507
0.029632,-0.033194,-0.022667
0.028998,-0.029322,-0.017702
0.027584,-0.025124,-0.013886
0.025757,-0.020832,-0.011494
0.023882,-0.016680,-0.010801
0.022326,-0.012900,-0.012081
0.021453,-0.009726,-0.015609
0.021631,-0.007390,-0.021659
0.023225,-0.006126,-0.030507
0.025357,-0.004980,-0.039057
0.027711,-0.003926,-0.046640
0.030111,-0.003168,-0.053187
0.032383,-0.002911,-0.058633
0.034349,-0.003359,-0.062912
0.035835,-0.004719,-0.065956
0.036665,-0.007193,-0.067699
0.036663,-0.010988,-0.068074
0.035653,-0.016308,-0.067016
0.033761,-0.021262,-0.064457
0.031190,-0.025428,-0.060595
0.028160,-0.028749,-0.055694
0.024894,-0.031169,-0.050019
0.021614,-0.032632,-0.043834
0.018542,-0.033081,-0.037404
0.015899,-0.032462,-0.030992
0.013908,-0.030716,-0.024864
0.012791,-0.027789,-0.019283
0.011644,-0.025247,-0.014559
0.010358,-0.023275,-0.010668
0.009022,-0.021714,-0.007501
0.007723,-0.020405,-0.004948
0.006551,-0.019186,-0.002902
0.005594,-0.017900,-0.001254
0.004940,-0.016385,0.000105
0.004679,-0.014482,0.001284
0.004897,-0.012032,0.002392
0.005578,-0.009994,0.003862
0.006648,-0.008480,0.005607
0.008019,-0.007392,0.007408
0.009606,-0.006631,0.009047
0.011320,-0.006098,0.010304
0.013076,-0.005694,0.010961
0.014785,-0.005320,0.010798
0.016361,-0.004878,0.009599
0.017717,-0.004268,0.007142
0.018798,-0.003849,0.004309
0.019599,-0.003695,0.001379
0.020129,-0.003804,-0.001512
0.020396,-0.004177,-0.004232
0.020408,-0.004813,-0.006648
0.020174,-0.005714,-0.008626
0.019700,-0.006879,-0.010034
0.018997,-0.008308,-0.010737
0.018072,-0.010001,-0.010603
0.016589,-0.011255,-0.010122
0.014631,-0.011986,-0.009426
0.012380,-0.012263,-0.008556
0.010021,-0.012155,-0.007556
0.007738,-0.011731,-0.006466
0.005716,-0.011063,-0.005330
0.004140,-0.010218,-0.004188
0.003192,-0.009266,-0.003084
0.003058,-0.008277,-0.002058
0.002172,-0.005622,-0.001176
0.000397,-0.001403,-0.000432
-0.002050,0.003843,0.000196
-0.004949,0.009581,0.000732
-0.008081,0.015273,0.001198
-0.011229,0.020384,0.001618
-0.014172,0.024377,0.002014
-0.016693,0.026716,0.002409
-0.018572,0.026865,0.002827
-0.020402,0.026944,0.005737
-0.022072,0.027208,0.010740
-0.023299,0.027447,0.016723
-0.023796,0.027450,0.022570
-0.023281,0.027007,0.027167
-0.021468,0.025907,0.029399
-0.018073,0.023940,0.028151
-0.012810,0.020895,0.022309
-0.005397,0.016562,0.010757
0.002384,0.012694,-0.000512
0.009956,0.009665,-0.010448
0.017043,0.007507,-0.019230
0.023370,0.006252,-0.027042
0.028662,0.005932,-0.034065
0.032645,0.006578,-0.040480
0.035042,0.008223,-0.046470
0.035580,0.010896,-0.052217
0.033982,0.014632,-0.057901
0.031789,0.018936,-0.061992
0.029346,0.023582,-0.064437
0.026697,0.028413,-0.065556
0.023886,0.033268,-0.065668
0.020959,0.037987,-0.065090
0.017959,0.042413,-0.064142
0.014933,0.046385,-0.063142
0.011924,0.049744,-0.062409
0.008976,0.052331,-0.062262
0.005066,0.052757,-0.065991
0.000451,0.050946,-0.072595
-0.004289,0.047151,-0.079997
-0.008576,0.041626,-0.086121
-0.011830,0.034624,-0.088892
-0.013473,0.026399,-0.086234
-0.012925,0.017204,-0.076070
-0.009607,0.007292,-0.056325
-0.002941,-0.003084,-0.024922
0.006069,-0.014258,0.001860
0.016659,-0.025750,0.021397
0.028124,-0.036878,0.034476
0.039761,-0.046958,0.041884
0.050865,-0.055307,0.044409
0.060731,-0.061241,0.042839
0.068656,-0.064078,0.037962
0.073935,-0.063134,0.030563
0.075865,-0.057726,0.021432
0.076330,-0.051030,0.014358
0.075860,-0.043963,0.009721
0.074641,-0.036881,0.007049
0.072862,-0.030138,0.005869
0.070712,-0.024088,0.005711
0.068379,-0.019087,0.006100
0.066051,-0.015487,0.006566
0.063917,-0.013645,0.006636
0.062164,-0.013914,0.005838
0.059475,-0.015379,0.003646
0.055694,-0.017401,0.000413
0.050953,-0.019413,-0.003289
0.045385,-0.020849,-0.006885
0.039125,-0.021140,-0.009804
0.032305,-0.019719,-0.011473
0.025058,-0.016019,-0.011318
0.017519,-0.009471,-0.008768
0.009820,0.000490,-0.003248
0.003282,0.008268,0.002980
-0.001786,0.012867,0.009192
-0.005327,0.014442,0.015048
-0.007284,0.013148,0.020211
-0.007600,0.009139,0.024339
-0.006218,0.002571,0.027095
-0.003081,-0.006401,0.028139
0.001867,-0.017623,0.027130
0.008684,-0.030939,0.023732
0.013506,-0.044090,0.020566
0.015584,-0.056471,0.018235
0.014947,-0.067897,0.016835
0.011624,-0.078180,0.016462
0.005644,-0.087131,0.017211
-0.002966,-0.094564,0.019178
-0.014175,-0.100290,0.022460
-0.027956,-0.104122,0.027152
-0.044280,-0.105873,0.033351
-0.058222,-0.105926,0.036806
-0.069051,-0.104422,0.037168
-0.077081,-0.101443,0.035064
-0.082627,-0.097068,0.031120
-0.086004,-0.091378,0.025961
-0.087528,-0.084453,0.020214
-0.087514,-0.076374,0.014504
-0.086276,-0.067222,0.009458
-0.084130,-0.057076,0.005701
-0.080707,-0.045487,0.002903
-0.076178,-0.032899,0.000973
-0.070847,-0.019979,-0.000121
-0.065020,-0.007396,-0.000411
-0.059001,0.004183,0.000072
-0.053095,0.014091,0.001297
-0.047607,0.021658,0.003231
-0.042842,0.026219,0.005843
-0.039105,0.027104,0.009101
-0.035811,0.025980,0.012392
-0.032800,0.023319,0.015539
-0.030016,0.019295,0.018480
-0.027406,0.014080,0.021150
-0.024912,0.007847,0.023484
-0.022481,0.000769,0.025418
-0.020057,-0.006980,0.026888
-0.017585,-0.015228,0.027829
-0.015009,-0.023801,0.028178
-0.011393,-0.035631,0.028667
-0.006749,-0.050487,0.029327
-0.001328,-0.067348,0.030014
0.004619,-0.085194,0.030584
0.010840,-0.103003,0.030892
0.017084,-0.119754,0.030795
0.023101,-0.134426,0.030148
0.028638,-0.145998,0.028808
0.033445,-0.153450,0.026629
0.036511,-0.154837,0.024674
0.037869,-0.150837,0.023128
0.037816,-0.142782,0.021964
0.036645,-0.132006,0.021150
0.034653,-0.119843,0.020657
0.032134,-0.107624,0.020454
0.029384,-0.096683,0.020511
0.026698,-0.088354,0.020799
0.024372,-0.083969,0.021287
0.021241,-0.081913,0.022716
0.017350,-0.081462,0.025002
0.013044,-0.082114,0.027855
0.008667,-0.083366,0.030985
0.004565,-0.084716,0.034102
0.001083,-0.085662,0.036916
-0.001435,-0.085701,0.039137
-0.002643,-0.084333,0.040476
-0.002196,-0.081054,0.040641
0.001238,-0.078676,0.043364
0.007319,-0.077215,0.048317
0.015289,-0.075985,0.054162
0.024390,-0.074300,0.059560
0.033864,-0.071478,0.063172
0.042951,-0.066832,0.063658
0.050893,-0.059677,0.059679
0.056934,-0.049329,0.049896
0.060313,-0.035103,0.032969
0.062627,-0.023023,0.017219
0.064109,-0.013989,0.004131
0.064653,-0.007624,-0.006518
0.064152,-0.003545,-0.014951
0.062498,-0.001375,-0.021390
0.059584,-0.000733,-0.026059
0.055305,-0.001239,-0.029180
0.049552,-0.002515,-0.030977
0.042218,-0.004179,-0.031672
0.032325,-0.003645,-0.030688
0.020393,-0.000858,-0.028110
0.007318,0.003607,-0.024189
-0.006003,0.009173,-0.019175
-0.018675,0.015263,-0.013320
-0.029801,0.021300,-0.006874
-0.038485,0.026709,-0.000088
-0.043831,0.030912,0.006788
-0.044943,0.033333,0.013503
-0.044664,0.034676,0.019214
-0.043713,0.035189,0.023822
-0.042277,0.035008,0.027415
-0.040545,0.034268,0.030080
-0.038706,0.033106,0.031903
-0.036948,0.031656,0.032971
-0.035458,0.030055,0.033372
-0.034426,0.028437,0.033192
-0.034039,0.026939,0.032518
-0.033019,0.025429,0.032246
-0.031219,0.023992,0.032399
-0.028775,0.022768,0.032785
-0.025821,0.021895,0.033211
-0.022494,0.021514,0.033485
-0.018927,0.021764,0.033415
-0.015256,0.022784,0.032807
-0.011617,0.024714,0.031468
-0.008146,0.027692,0.029207
-0.005039,0.030543,0.026453
-0.002234,0.033083,0.023495
0.000398,0.035380,0.020585
0.002988,0.037500,0.017975
0.005664,0.039511,0.015916
0.008556,0.041479,0.014661
0.011793,0.043471,0.014463
0.015505,0.045553,0.015573
0.019821,0.047793,0.018243
0.024446,0.049333,0.020399
0.028957,0.050037,0.021898
0.032896,0.049952,0.023084
0.035807,0.049123,0.024297
0.037233,0.047595,0.025881
0.036719,0.045415,0.028178
0.033806,0.042628,0.031529
0.028039,0.039280,0.036277
0.018960,0.035416,0.042764
0.008375,0.031719,0.049522
-0.002948,0.028396,0.055860
-0.014498,0.025534,0.061285
-0.025764,0.023223,0.065301
-0.036233,0.021550,0.067413
-0.045396,0.020602,0.067126
-0.052741,0.020470,0.063947
-0.057756,0.021239,0.057379
-0.059931,0.022999,0.046928
-0.060483,0.023223,0.036888
-0.059648,0.021865,0.028267
-0.057420,0.019504,0.021255
-0.053790,0.016717,0.016040
-0.048751,0.014080,0.012810
-0.042296,0.012172,0.011754
-0.034416,0.011569,0.013059
-0.025105,0.012849,0.016915
-0.014354,0.016589,0.023509
-0.005279,0.022535,0.030026
0.001499,0.030053,0.035854
0.005984,0.038415,0.040935
0.008176,0.046892,0.045211
0.008079,0.054757,0.048621
0.005695,0.061280,0.051107
0.001027,0.065734,0.052611
-0.005924,0.067391,0.053073
-0.015154,0.065521,0.052434
-0.023743,0.060327,0.050710
-0.031120,0.052705,0.048228
-0.037304,0.043723,0.045388
-0.042313,0.034449,0.042592
-0.046166,0.025951,0.040243
-0.048880,0.019299,0.038741
-0.050473,0.015561,0.038490
-0.050964,0.015804,0.039891
-0.050371,0.021098,0.043345
-0.051454,0.028863,0.047522
-0.054426,0.038109,0.051980
-0.058865,0.048239,0.056497
-0.064349,0.058657,0.060854
-0.070457,0.068768,0.064832
-0.076766,0.077977,0.068208
-0.082855,0.085688,0.070765
-0.088301,0.091305,0.072281
-0.092682,0.094233,0.072536
-0.096423,0.095115,0.072642
-0.099596,0.094298,0.072815
-0.102189,0.092055,0.073042
-0.104190,0.088660,0.073312
-0.105587,0.084385,0.073615
-0.106365,0.079504,0.073940
-0.106514,0.074289,0.074274
-0.106019,0.069015,0.074609
-0.104869,0.063954,0.074931
-0.102266,0.059420,0.075266
-0.098338,0.055417,0.075592
-0.093446,0.051865,0.075874
-0.087950,0.048690,0.076077
-0.082208,0.045813,0.076169
-0.076582,0.043159,0.076115
-0.071430,0.040651,0.075881
-0.067113,0.038211,0.075432
-0.063991,0.035762,0.074735
-0.061709,0.034395,0.072128
-0.059995,0.033975,0.067400
-0.058595,0.034064,0.060705
-0.057258,0.034221,0.052196
-0.055731,0.034008,0.042028
-0.053762,0.032985,0.030352
-0.051097,0.030714,0.017324
-0.047486,0.026755,0.003095
-0.042675,0.020668,-0.012180
-0.039419,0.014915,-0.022140
-0.037754,0.010087,-0.026082
-0.037034,0.006310,-0.024714
-0.036615,0.003708,-0.018746
-0.035851,0.002406,-0.008889
-0.034097,0.002530,0.004148
-0.030709,0.004205,0.019656
-0.025041,0.007556,0.036925
-0.016448,0.012708,0.055244
-0.008145,0.017836,0.072730
-0.000786,0.022420,0.088610
0.005612,0.026264,0.102391
0.011033,0.029173,0.113579
0.015462,0.030953,0.121681
0.018881,0.031408,0.126203
0.021275,0.030344,0.126651
0.022628,0.027565,0.122532
0.022924,0.022876,0.113351
0.022560,0.019801,0.107111
0.021773,0.018717,0.104758
0.020761,0.019220,0.105477
0.019720,0.020903,0.108452
0.018848,0.023360,0.112867
0.018341,0.026184,0.117907
0.018395,0.028971,0.122756
0.019209,0.031312,0.126598
0.020979,0.032803,0.128618
0.022930,0.033552,0.128859
0.024898,0.033646,0.127615
0.026872,0.033167,0.125239
0.028839,0.032196,0.122087
0.030788,0.030815,0.118514
0.032707,0.029107,0.114875
0.034584,0.027152,0.111525
0.036408,0.025032,0.108818
0.038167,0.022829,0.107109
0.040000,0.018538,0.106249
0.041932,0.012245,0.105936
0.043963,0.004560,0.105833
0.046090,-0.003907,0.105600
0.048312,-0.012546,0.104900
0.050626,-0.020747,0.103393
0.053032,-0.027901,0.100742
0.055527,-0.033396,0.096608
0.058110,-0.036625,0.090652
0.060346,-0.039078,0.082711
0.062121,-0.041102,0.073163
0.063399,-0.042755,0.062524
0.064146,-0.044093,0.051309
0.064326,-0.045176,0.040033
0.063904,-0.046061,0.029212
0.062845,-0.046806,0.019360
0.061113,-0.047469,0.010993
0.058675,-0.048108,0.004626
0.055376,-0.046544,0.000130
0.051372,-0.042961,-0.002842
0.046896,-0.038139,-0.004691
0.042181,-0.032854,-0.005819
0.037458,-0.027885,-0.006627
0.032961,-0.024009,-0.007518
0.028922,-0.022003,-0.008892
0.025574,-0.022645,-0.011151
0.023149,-0.026713,-0.014696
0.021373,-0.030001,-0.019228
0.020192,-0.031816,-0.024328
0.019608,-0.032346,-0.029548
0.019619,-0.031777,-0.034439
0.020227,-0.030298,-0.038554
0.021433,-0.028094,-0.041443
0.023237,-0.025354,-0.042660
0.025639,-0.022263,-0.041755
0.028641,-0.019010,-0.038281
0.031875,-0.015805,-0.033606
0.035307,-0.012850,-0.028522
0.038985,-0.010342,-0.023677
0.042955,-0.008481,-0.019719
0.047266,-0.007465,-0.017294
0.051966,-0.007493,-0.017051
0.057102,-0.008763,-0.019637
0.062721,-0.011474,-0.025700
0.068873,-0.015824,-0.035887
0.073658,-0.022465,-0.045245
0.076744,-0.030715,-0.052584
0.078187,-0.039559,-0.057653
0.078042,-0.047981,-0.060203
0.076366,-0.054966,-0.059984
0.073217,-0.059499,-0.056746
0.068649,-0.060564,-0.050240
0.062719,-0.057145,-0.040215
0.055484,-0.048229,-0.026421
0.048318,-0.039841,-0.011415
0.041383,-0.032899,0.004011
0.034535,-0.027042,0.019506
0.027632,-0.021907,0.034717
0.020531,-0.017134,0.049293
0.013089,-0.012362,0.062882
0.005163,-0.007229,0.075132
-0.003389,-0.001375,0.085691
-0.012710,0.005563,0.094208
-0.019818,0.011451,0.101805
-0.024495,0.015830,0.108504
-0.027216,0.018660,0.114053
-0.028456,0.019897,0.118201
-0.028691,0.019500,0.120696
-0.028394,0.017428,0.121286
-0.028042,0.013639,0.119719
-0.028108,0.008091,0.115744
-0.029069,0.000744,0.109107
-0.031640,-0.006972,0.101873
-0.035550,-0.014675,0.094613
-0.040277,-0.022246,0.087528
-0.045301,-0.029567,0.080821
-0.050100,-0.036521,0.074692
-0.054154,-0.042987,0.069342
-0.056941,-0.048849,0.064972
-0.057942,-0.053987,0.061783
-0.056635,-0.058284,0.059977
-0.054084,-0.061634,0.057268
-0.050700,-0.063878,0.053692
-0.046732,-0.064840,0.049866
-0.042427,-0.064347,0.046405
-0.038032,-0.062223,0.043927
-0.033795,-0.058296,0.043048
-0.029964,-0.052389,0.044383
-0.026786,-0.044328,0.048550
-0.024510,-0.033941,0.056165
-0.021986,-0.021264,0.061464
-0.019202,-0.007347,0.063654
-0.016425,0.006511,0.063185
-0.013924,0.019010,0.060507
-0.011968,0.028849,0.056068
-0.010827,0.034728,0.050319
-0.010767,0.035347,0.043709
-0.012060,0.029407,0.036689
-0.014972,0.015607,0.029707
-0.019335,0.004536,0.027010
-0.024578,-0.002240,0.028896
-0.030028,-0.005412,0.034675
-0.035013,-0.005669,0.043657
-0.038861,-0.003703,0.055151
-0.040900,-0.000204,0.068469
-0.040457,0.004137,0.082920
-0.036861,0.008631,0.097814
-0.029440,0.012587,0.112461
-0.021999,0.016414,0.123040
-0.015200,0.020004,0.128930
-0.008915,0.023121,0.130307
-0.003021,0.025526,0.127346
0.002610,0.026983,0.120227
0.008104,0.027253,0.109124
0.013585,0.026100,0.094215
0.019182,0.023286,0.075676
0.025018,0.018574,0.053684
0.030722,0.014311,0.035268
0.036084,0.010616,0.021322
0.040935,0.007051,0.011206
0.045106,0.003180,0.004282
0.048428,-0.001436,-0.000090
0.050732,-0.007235,-0.002548
0.051849,-0.014654,-0.003732
0.051610,-0.024131,-0.004280
0.049845,-0.036104,-0.004833
0.048559,-0.046664,-0.003933
0.047703,-0.055220,-0.001617
0.046715,-0.062010,0.001703
0.045034,-0.067273,0.005617
0.042099,-0.071249,0.009714
0.037347,-0.074174,0.013584
0.030217,-0.076289,0.016815
0.020148,-0.077832,0.018997
0.006577,-0.079040,0.019718
-0.006395,-0.078565,0.023306
-0.017904,-0.076281,0.029716
-0.027894,-0.072366,0.037815
-0.036307,-0.067000,0.046467
-0.043088,-0.060364,0.054538
-0.048180,-0.052636,0.060893
-0.051527,-0.043996,0.064397
-0.053071,-0.034624,0.063916
-0.052757,-0.024700,0.058315
-0.053122,-0.015098,0.053788
-0.054374,-0.006132,0.050993
-0.056135,0.002026,0.049205
-0.058030,0.009204,0.047700
-0.059681,0.015230,0.045751
-0.060712,0.019932,0.042634
-0.060747,0.023137,0.037623
-0.059409,0.024675,0.029994
-0.056322,0.024371,0.019022
-0.053652,0.023006,0.005409
-0.051697,0.020944,-0.009544
-0.050290,0.018447,-0.024386
-0.049262,0.015775,-0.037668
-0.048444,0.013191,-0.047939
-0.047668,0.010954,-0.053749
-0.046766,0.009328,-0.053649
-0.045569,0.008572,-0.046187
-0.043909,0.008948,-0.029914
-0.040288,0.009272,-0.014588
-0.034817,0.009114,-0.002036
-0.028012,0.008232,0.007894
-0.020387,0.006384,0.015355
-0.012457,0.003328,0.020501
-0.004735,-0.001179,0.023485
0.002263,-0.007377,0.024462
0.008024,-0.015510,0.023583
0.012032,-0.025819,0.021002
0.013621,-0.035141,0.017132
0.013032,-0.042843,0.012344
0.010729,-0.048922,0.006998
0.007177,-0.053379,0.001458
0.002842,-0.056210,-0.003916
-0.001811,-0.057414,-0.008763
-0.006318,-0.056990,-0.012722
-0.010211,-0.054937,-0.015429
-0.013028,-0.051253,-0.016526
-0.015581,-0.047345,-0.017216
-0.018014,-0.043563,-0.017778
-0.020302,-0.039989,-0.018257
-0.022420,-0.036706,-0.018699
-0.024344,-0.033798,-0.019150
-0.026049,-0.031347,-0.019654
-0.027510,-0.029437,-0.020258
-0.028702,-0.028150,-0.021007
-0.029601,-0.027571,-0.021946
-0.030594,-0.024441,-0.022173
-0.031679,-0.018787,-0.021403
-0.032754,-0.011457,-0.019506
-0.033717,-0.003298,-0.016354
-0.034467,0.004842,-0.011816
-0.034903,0.012116,-0.005765
-0.034923,0.017677,0.001931
-0.034425,0.020677,0.011399
-0.033309,0.020268,0.022769
-0.031965,0.018850,0.033654
-0.030439,0.016927,0.043573
-0.028689,0.014534,0.052522
-0.026675,0.011704,0.060496
-0.024354,0.008469,0.067491
-0.021685,0.004862,0.073502
-0.018627,0.000918,0.078526
-0.015137,-0.003332,0.082558
-0.011176,-0.007854,0.085593
-0.008951,-0.011514,0.088560
-0.008830,-0.014243,0.091061
-0.010721,-0.016241,0.092372
-0.014531,-0.017709,0.091767
-0.020167,-0.018845,0.088519
-0.027537,-0.019850,0.081903
-0.036549,-0.020922,0.071192
-0.047109,-0.022262,0.055662
-0.059126,-0.024069,0.034586
-0.070038,-0.023363,0.016867
-0.079249,-0.020107,0.003522
-0.086656,-0.014995,-0.006403
-0.092154,-0.008726,-0.013862
-0.095640,-0.001995,-0.019810
-0.097010,0.004501,-0.025200
-0.096159,0.010065,-0.030987
-0.092985,0.014003,-0.038125
-0.087382,0.015615,-0.047568
-0.080327,0.017766,-0.057017
-0.072208,0.020920,-0.065854
-0.063269,0.024942,-0.073880
-0.053753,0.029698,-0.080895
-0.043903,0.035053,-0.086703
-0.033962,0.040873,-0.091103
-0.024174,0.047024,-0.093898
-0.014781,0.053370,-0.094889
-0.006028,0.059777,-0.093876
0.000824,0.064643,-0.092012
0.005735,0.067879,-0.089627
0.008975,0.069775,-0.086846
0.010813,0.070619,-0.083796
0.011518,0.070703,-0.080602
0.011357,0.070315,-0.077390
0.010600,0.069744,-0.074287
0.009516,0.069281,-0.071418
0.008373,0.069216,-0.068909
0.008068,0.072184,-0.066921
0.008584,0.078099,-0.065382
0.009677,0.086193,-0.064162
0.011103,0.095697,-0.063128
0.012617,0.105845,-0.062150
0.013975,0.115867,-0.061097
0.014933,0.124995,-0.059839
0.015247,0.132462,-0.058243
0.014671,0.137500,-0.056180
0.013760,0.138845,-0.054746
0.012693,0.136755,-0.054107
0.011557,0.131867,-0.054198
0.010440,0.124821,-0.054952
0.009429,0.116252,-0.056304
0.008609,0.106800,-0.058187
0.008069,0.097102,-0.060535
0.007895,0.087796,-0.063282
0.008175,0.079521,-0.066362
0.008175,0.072191,-0.068618
0.007879,0.066036,-0.069940
0.007446,0.061362,-0.070477
0.007037,0.058476,-0.070379
0.006814,0.057684,-0.069795
0.006937,0.059293,-0.068876
0.007566,0.063608,-0.067771
0.008863,0.070937,-0.066631
0.010988,0.081586,-0.065604
0.012798,0.092877,-0.063935
0.014088,0.103936,-0.061667
0.014889,0.114341,-0.059044
0.015232,0.123670,-0.056313
0.015146,0.131501,-0.053718
0.014661,0.137410,-0.051504
0.013808,0.140977,-0.049915
0.012618,0.141777,-0.049197
0.011120,0.139390,-0.049595
0.009289,0.134516,-0.050441
0.007093,0.127699,-0.051576
0.004501,0.119443,-0.052964
0.001478,0.110252,-0.054572
-0.002007,0.100630,-0.056367
-0.005988,0.091080,-0.058313
-0.010497,0.082108,-0.060377
-0.015567,0.074216,-0.062525
-0.021231,0.067909,-0.064722
-0.027311,0.064865,-0.066060
-0.033483,0.064648,-0.066599
-0.039388,0.066294,-0.066648
-0.044667,0.068840,-0.066511
-0.048962,0.071320,-0.066494
-0.051911,0.072771,-0.066903
-0.053158,0.072229,-0.068044
-0.052341,0.068730,-0.070224
-0.049102,0.061310,-0.073747
-0.045791,0.056137,-0.074979
-0.042861,0.053980,-0.073606
-0.040294,0.054258,-0.070141
-0.038070,0.056392,-0.065100
-0.036170,0.059801,-0.058999
-0.034576,0.063904,-0.052351
-0.033267,0.068121,-0.045672
-0.032225,0.071872,-0.039477
-0.031430,0.074576,-0.034282
-0.031155,0.078012,-0.030554
-0.031663,0.082074,-0.028128
-0.033216,0.086185,-0.026677
-0.036075,0.089768,-0.025875
-0.040501,0.092245,-0.025396
-0.046756,0.093039,-0.024913
-0.055102,0.091574,-0.024101
-0.065798,0.087271,-0.022632
-0.079108,0.079554,-0.020182
-0.091670,0.069802,-0.017176
-0.102815,0.058989,-0.013970
-0.112546,0.047988,-0.010898
-0.120863,0.037670,-0.008297
-0.127770,0.028907,-0.006502
-0.133268,0.022571,-0.005849
-0.137359,0.019535,-0.006675
-0.140045,0.020670,-0.009314
-0.141329,0.026849,-0.014103
-0.144095,0.033340,-0.021164
-0.148493,0.039052,-0.029763
-0.153992,0.043803,-0.038953
-0.160060,0.047410,-0.047784
-0.166166,0.049691,-0.055310
-0.171778,0.050464,-0.060582
-0.176363,0.049546,-0.062652
-0.179391,0.046756,-0.060572
-0.180330,0.041910,-0.053394
-0.179913,0.035247,-0.045487
-0.178413,0.027505,-0.037826
-0.175985,0.019548,-0.030536
-0.172783,0.012241,-0.023744
-0.168965,0.006447,-0.017576
-0.164685,0.003031,-0.012158
-0.160100,0.002857,-0.007615
-0.155364,0.006790,-0.004074
-0.150633,0.015693,-0.001661
-0.145976,0.023957,0.000406
-0.141499,0.030494,0.002232
-0.137318,0.035351,0.003756
-0.133548,0.038572,0.004916
-0.130306,0.040202,0.005649
-0.127707,0.040287,0.005894
-0.125867,0.038872,0.005589
-0.124902,0.036001,0.004671
-0.124928,0.031720,0.003078
-0.125006,0.026604,0.001558
-0.124833,0.021003,0.000326
-0.124263,0.015208,-0.000537
-0.123152,0.009513,-0.000949
-0.121352,0.004210,-0.000829
-0.118719,-0.000409,-0.000095
-0.115107,-0.004050,0.001334
-0.110371,-0.006422,0.003538
-0.104365,-0.007232,0.006601
-0.096998,-0.006843,0.008137
-0.088513,-0.005632,0.007911
-0.079230,-0.003982,0.006225
-0.069475,-0.002272,0.003381
-0.059569,-0.000884,-0.000318
-0.049835,-0.000200,-0.004572
-0.040598,-0.000601,-0.009076
-0.032180,-0.002467,-0.013531
-0.024903,-0.006180,-0.017633
-0.017977,-0.011290,-0.019979
-0.011444,-0.017419,-0.020379
-0.005554,-0.024207,-0.018948
-0.000558,-0.031294,-0.015797
0.003293,-0.038319,-0.011041
0.005748,-0.044923,-0.004794
0.006556,-0.050744,0.002832
0.005466,-0.055423,0.011722
0.002228,-0.058601,0.021763
-0.000362,-0.062186,0.029462
-0.001714,-0.066306,0.034277
-0.001793,-0.070638,0.036400
-0.000561,-0.074861,0.036024
0.002018,-0.078653,0.033344
0.005982,-0.081692,0.028552
0.011366,-0.083658,0.021842
0.018207,-0.084229,0.013407
0.026543,-0.083082,0.003440
0.032879,-0.081509,-0.004420
0.036671,-0.079791,-0.009802
0.038115,-0.077955,-0.013151
0.037404,-0.076031,-0.014910
0.034733,-0.074048,-0.015526
0.030297,-0.072035,-0.015442
0.024289,-0.070019,-0.015103
0.016906,-0.068030,-0.014953
0.008340,-0.066097,-0.015438
0.001751,-0.063574,-0.019022
-0.002239,-0.060286,-0.025881
-0.003646,-0.056173,-0.035618
-0.002483,-0.051176,-0.047836
0.001235,-0.045237,-0.062137
0.007495,-0.038297,-0.078126
0.016281,-0.030295,-0.095404
0.027579,-0.021175,-0.113574
0.041376,-0.010876,-0.132240
0.055534,-0.001142,-0.148103
0.069224,0.007689,-0.160448
0.081948,0.015632,-0.169210
0.093203,0.022700,-0.174323
0.102490,0.028909,-0.175718
0.109308,0.034274,-0.173330
0.113155,0.038808,-0.167093
0.113533,0.042526,-0.156938
0.109940,0.045442,-0.142801
0.105523,0.045187,-0.129758
0.100833,0.041917,-0.118383
0.095768,0.036421,-0.108122
0.090226,0.029489,-0.098425
0.084108,0.021910,-0.088738
0.077312,0.014472,-0.078508
0.069737,0.007965,-0.067184
0.061282,0.003177,-0.054214
0.051846,0.000898,-0.039043
0.042762,0.000384,-0.025037
0.034358,0.001210,-0.013008
0.026710,0.003033,-0.003134
0.019897,0.005510,0.004408
0.013994,0.008298,0.009441
0.009080,0.011053,0.011789
0.005231,0.013433,0.011274
0.002525,0.015093,0.007719
0.001038,0.015691,0.000947
0.000457,0.017166,-0.006549
0.000654,0.019383,-0.014295
0.001545,0.021690,-0.022327
0.003046,0.023435,-0.030677
0.005073,0.023966,-0.039378
0.007543,0.022631,-0.048465
0.010371,0.018778,-0.057969
0.013475,0.011754,-0.067926
0.016771,0.000906,-0.078367
0.018859,-0.005592,-0.086490
0.019570,-0.007174,-0.091691
0.019043,-0.005172,-0.093913
0.017415,-0.000920,-0.093098
0.014826,0.004249,-0.089191
0.011413,0.009003,-0.082135
0.007316,0.012008,-0.071873
0.002673,0.011932,-0.058350
-0.002379,0.007440,-0.041508
-0.006605,0.003323,-0.026050
-0.009793,0.000402,-0.012739
-0.011984,-0.001490,-0.001349
-0.013221,-0.002523,0.008345
-0.013545,-0.002864,0.016567
-0.012997,-0.002683,0.023541
-0.011620,-0.002147,0.029493
-0.009456,-0.001424,0.034646
-0.006545,-0.000685,0.039226
-0.004340,-0.000809,0.043625
-0.003242,-0.002241,0.047611
-0.003390,-0.005315,0.050797
-0.004923,-0.010366,0.052795
-0.007980,-0.017728,0.053218
-0.012700,-0.027736,0.051677
-0.019222,-0.040724,0.047785
-0.027686,-0.057027,0.041155
-0.038230,-0.076979,0.031399
-0.048371,-0.091790,0.020976
-0.057241,-0.100335,0.010385
-0.064376,-0.103400,-0.000368
-0.069311,-0.101775,-0.011276
-0.071583,-0.096247,-0.022333
-0.070728,-0.087606,-0.033532
-0.066282,-0.076638,-0.044866
-0.057781,-0.064133,-0.056328
-0.044761,-0.050879,-0.067912
-0.032461,-0.039406,-0.079190
-0.021914,-0.030026,-0.089509
-0.013106,-0.022494,-0.098164
-0.006020,-0.016566,-0.104445
-0.000641,-0.011998,-0.107647
0.003047,-0.008548,-0.107062
0.005059,-0.005970,-0.101982
0.005411,-0.004021,-0.091701
0.004120,-0.002457,-0.075511
0.002073,-0.001728,-0.058887
-0.000439,-0.001853,-0.043158
-0.003275,-0.002745,-0.028615
-0.006295,-0.004314,-0.015551
-0.009358,-0.006473,-0.004256
-0.012324,-0.009133,0.004978
-0.015051,-0.012206,0.011858
-0.017399,-0.015605,0.016094
-0.019228,-0.019240,0.017393
-0.020683,-0.022215,0.017553
-0.021785,-0.024439,0.017188
-0.022522,-0.026020,0.016619
-0.022882,-0.027068,0.016168
-0.022855,-0.027692,0.016156
-0.022427,-0.028001,0.016902
-0.021589,-0.028106,0.018728
-0.020328,-0.028113,0.021955
-0.018634,-0.028134,0.026902
-0.014890,-0.028109,0.032702
-0.009514,-0.028060,0.038511
-0.003428,-0.028028,0.043491
0.002443,-0.028055,0.046806
0.007177,-0.028183,0.047618
0.009848,-0.028454,0.045090
0.009535,-0.028909,0.038387
0.005313,-0.029591,0.026669
-0.003741,-0.030541,0.009101
-0.015703,-0.029142,-0.011132
-0.029392,-0.025002,-0.032674
-0.043812,-0.018283,-0.054628
-0.057966,-0.009151,-0.076095
-0.070857,0.002230,-0.096178
-0.081489,0.015698,-0.113977
-0.088867,0.031088,-0.128596
-0.091993,0.048235,-0.139135
-0.089871,0.066977,-0.144697
-0.085677,0.084733,-0.144673
-0.080122,0.100545,-0.140000
-0.073298,0.113864,-0.132008
-0.065298,0.124140,-0.122023
-0.056216,0.130823,-0.111373
-0.046146,0.133362,-0.101383
-0.035179,0.131209,-0.093383
-0.023410,0.123812,-0.088699
-0.010932,0.110622,-0.088658
-0.001518,0.097416,-0.088467
0.004389,0.085551,-0.087293
0.007180,0.075277,-0.085293
0.007244,0.066847,-0.082622
0.004973,0.060511,-0.079438
0.000757,0.056521,-0.075897
-0.005013,0.055129,-0.072156
-0.011948,0.056584,-0.068371
-0.019657,0.061140,-0.064699
-0.026084,0.066375,-0.061058
-0.031087,0.071553,-0.057471
-0.034999,0.076359,-0.053988
-0.038156,0.080480,-0.050657
-0.040890,0.083600,-0.047527
-0.043537,0.085405,-0.044647
-0.046430,0.085581,-0.042067
-0.049904,0.083812,-0.039835
-0.054293,0.079785,-0.038001
-0.057112,0.073034,-0.036074
-0.058154,0.063953,-0.034192
-0.057786,0.053151,-0.032646
-0.056372,0.041238,-0.031729
-0.054276,0.028825,-0.031733
-0.051864,0.016520,-0.032950
-0.049500,0.004933,-0.035673
-0.047551,-0.005327,-0.040194
-0.046379,-0.013648,-0.046805
-0.047726,-0.020068,-0.053967
-0.051301,-0.024404,-0.061731
-0.056301,-0.026418,-0.070547
-0.061927,-0.025872,-0.080864
-0.067378,-0.022529,-0.093132
-0.071854,-0.016152,-0.107800
-0.074554,-0.006502,-0.125318
-0.074677,0.006658,-0.146135
-0.071423,0.023565,-0.170701
-0.067992,0.038319,-0.189245
-0.064985,0.050140,-0.200687
-0.062354,0.059526,-0.206118
-0.060051,0.066979,-0.206630
-0.058029,0.072999,-0.203314
-0.056239,0.078084,-0.197262
-0.054634,0.082736,-0.189564
-0.053165,0.087453,-0.181313
-0.051786,0.092736,-0.173599
-0.049914,0.097300,-0.166690
-0.047664,0.100902,-0.160576
-0.045320,0.103558,-0.155177
-0.043166,0.105286,-0.150412
-0.041490,0.106104,-0.146200
-0.040574,0.106028,-0.142460
-0.040706,0.105077,-0.139113
-0.042170,0.103267,-0.136078
-0.045251,0.100616,-0.133275
-0.047131,0.097055,-0.130061
-0.047563,0.092870,-0.126376
-0.046941,0.088435,-0.122306
-0.045661,0.084126,-0.117934
-0.044118,0.080316,-0.113347
-0.042705,0.077380,-0.108629
-0.041819,0.075692,-0.103865
-0.041854,0.075627,-0.099140
-0.043205,0.077560,-0.094538
-0.041936,0.079848,-0.095350
-0.038187,0.082277,-0.100660
-0.033116,0.084987,-0.108001
-0.027882,0.088119,-0.114907
-0.023644,0.091814,-0.118911
-0.021561,0.096212,-0.117548
-0.022792,0.101453,-0.108351
-0.028496,0.107680,-0.088853
-0.039831,0.115032,-0.056588
-0.053686,0.121755,-0.027481
-0.068684,0.127293,-0.003761
-0.083879,0.131392,0.015766
-0.098327,0.133797,0.032295
-0.111083,0.134253,0.047018
-0.121205,0.132505,0.061132
-0.127745,0.128298,0.075830
-0.129762,0.121377,0.092306
-0.126309,0.111487,0.111754
-0.119503,0.101816,0.129902
-0.110325,0.092978,0.145746
-0.099474,0.084944,0.159099
-0.087646,0.077684,0.169776
-0.075540,0.071169,0.177589
-0.063852,0.065370,0.182351
-0.053282,0.060258,0.183877
-0.044525,0.055803,0.181979
-0.038281,0.051976,0.176470
-0.034737,0.047524,0.169663
-0.033539,0.042137,0.162308
-0.034198,0.035743,0.154771
-0.036221,0.028268,0.147415
-0.039120,0.019638,0.140603
-0.042403,0.009781,0.134700
-0.045579,-0.001378,0.130068
-0.048160,-0.013911,0.127072
-0.049653,-0.027892,0.126076
-0.049264,-0.038219,0.125159
-0.047098,-0.044297,0.123679
-0.043481,-0.046655,0.121314
-0.038742,-0.045825,0.117743
-0.033210,-0.042335,0.112644
-0.027211,-0.036718,0.105694
-0.021074,-0.029502,0.096572
-0.015128,-0.021218,0.084957
-0.009699,-0.012396,0.070525
-0.004056,-0.004700,0.054899
0.001973,0.001789,0.039382
0.008419,0.007384,0.025195
0.015314,0.012397,0.013562
0.022687,0.017141,0.005706
0.030572,0.021930,0.002848
0.038998,0.027075,0.006211
0.047996,0.032890,0.017019
0.057599,0.039688,0.036493
0.065354,0.044474,0.054449
0.071208,0.046842,0.069316
0.075707,0.047031,0.081680
0.079397,0.045280,0.092126
0.082823,0.041828,0.101240
0.086532,0.036915,0.109606
0.091071,0.030780,0.117809
0.096984,0.023662,0.126435
0.104819,0.015801,0.136068
0.112624,0.004325,0.144962
0.119806,-0.010222,0.152715
0.126115,-0.026445,0.159264
0.131297,-0.042945,0.164543
0.135101,-0.058328,0.168488
0.137274,-0.071197,0.171036
0.137564,-0.080154,0.172122
0.135719,-0.083804,0.171681
0.131486,-0.080750,0.169649
0.128289,-0.075859,0.167872
0.126581,-0.070530,0.166665
0.126070,-0.065297,0.165963
0.126465,-0.060690,0.165701
0.127478,-0.057242,0.165814
0.128816,-0.055486,0.166235
0.130189,-0.055954,0.166900
0.131307,-0.059179,0.167743
0.131879,-0.065691,0.168698
0.130849,-0.069802,0.168989
0.128184,-0.070825,0.168479
0.124106,-0.069324,0.167190
0.118838,-0.065865,0.165146
0.112604,-0.061014,0.162368
0.105625,-0.055334,0.158880
0.098124,-0.049392,0.154705
0.090324,-0.043752,0.149866
0.082448,-0.038980,0.144385
0.075866,-0.035582,0.136971
0.070455,-0.033472,0.127842
0.065715,-0.032418,0.117595
0.061149,-0.032188,0.106825
0.056260,-0.032549,0.096129
0.050548,-0.033268,0.086101
0.043518,-0.034113,0.077338
0.034669,-0.034851,0.070436
0.023505,-0.035250,0.065991
0.013464,-0.036664,0.064003
0.005114,-0.039094,0.064105
-0.001694,-0.042200,0.065840
-0.007108,-0.045645,0.068750
-0.011278,-0.049090,0.072377
-0.014351,-0.052197,0.076263
-0.016477,-0.054628,0.079950
-0.017805,-0.056044,0.082980
-0.018483,-0.056107,0.084896
-0.019006,-0.054818,0.086298
-0.019481,-0.052241,0.087486
-0.019921,-0.048459,0.088688
-0.020336,-0.043553,0.090132
-0.020738,-0.037606,0.092042
-0.021139,-0.030700,0.094648
-0.021549,-0.022916,0.098175
-0.021980,-0.014337,0.102850
-0.022444,-0.005043,0.108900
-0.024212,-0.001287,0.110859
-0.027259,-0.003324,0.108155
-0.031233,-0.009910,0.101442
-0.035781,-0.019800,0.091373
-0.040553,-0.031752,0.078600
-0.045196,-0.044522,0.063778
-0.049360,-0.056864,0.047558
-0.052691,-0.067537,0.030595
-0.054839,-0.075295,0.013541
-0.056548,-0.081520,-0.001478
-0.057730,-0.086358,-0.014109
-0.058094,-0.089648,-0.024444
-0.057345,-0.091227,-0.032577
-0.055190,-0.090935,-0.038597
-0.051336,-0.088610,-0.042598
-0.045490,-0.084089,-0.044670
-0.037358,-0.077211,-0.044906
-0.026647,-0.067814,-0.043399
-0.016705,-0.060512,-0.041124
-0.008329,-0.055246,-0.038294
-0.001681,-0.050793,-0.034928
0.003079,-0.045926,-0.031043
0.005790,-0.039421,-0.026660
0.006291,-0.030052,-0.021796
0.004421,-0.016594,-0.016471
0.000020,0.002178,-0.010704
-0.007074,0.027490,-0.004513
-0.013032,0.050821,0.001449
-0.017396,0.070516,0.007090
-0.020549,0.086637,0.012457
-0.022875,0.099244,0.017599
-0.024758,0.108397,0.022563
-0.026582,0.114157,0.027398
-0.028731,0.116585,0.032150
-0.031588,0.115741,0.036867
-0.035537,0.111686,0.041599
-0.038691,0.103097,0.045923
-0.040732,0.090745,0.049707
-0.041739,0.075924,0.052894
-0.041788,0.059929,0.055424
-0.040956,0.044053,0.057237
-0.039320,0.029592,0.058274
-0.036957,0.017839,0.058476
-0.033943,0.010090,0.057785
-0.030356,0.007637,0.056140
-0.028051,0.006739,0.054594
-0.026975,0.006539,0.053550
-0.026604,0.006899,0.053246
-0.026411,0.007685,0.053925
-0.025868,0.008761,0.055826
-0.024450,0.009991,0.059189
-0.021631,0.011239,0.064256
-0.016882,0.012370,0.071266
-0.009680,0.013247,0.080459
-0.002782,0.013117,0.086544
0.003330,0.011804,0.088893
0.008750,0.009277,0.088048
0.013567,0.005507,0.084548
0.017873,0.000463,0.078935
0.021761,-0.005885,0.071748
0.025320,-0.013568,0.063529
0.028643,-0.022617,0.054818
0.031821,-0.033060,0.046156
0.033311,-0.041656,0.037003
0.033029,-0.047748,0.027613
0.031253,-0.051331,0.018438
0.028260,-0.052397,0.009928
0.024329,-0.050940,0.002536
0.019738,-0.046953,-0.003288
0.014766,-0.040429,-0.007092
0.009691,-0.031360,-0.008425
0.004790,-0.019741,-0.006835
-0.000999,-0.007412,-0.006069
-0.007179,0.004536,-0.006004
-0.012865,0.015199,-0.005550
-0.017170,0.023671,-0.003616
-0.019208,0.029050,0.000887
-0.018092,0.030431,0.009052
-0.012936,0.026911,0.021967
-0.002854,0.017584,0.040723
0.013040,0.001547,0.066410
0.026776,-0.011042,0.091131
0.037064,-0.018650,0.112906
0.044288,-0.021903,0.131234
0.048832,-0.021425,0.145618
0.051079,-0.017841,0.155557
0.051412,-0.011775,0.160551
0.050215,-0.003851,0.160102
0.047870,0.005305,0.153710
0.044761,0.015068,0.140876
0.039907,0.021576,0.127755
0.033676,0.024732,0.115421
0.026777,0.025382,0.103674
0.019919,0.024374,0.092314
0.013809,0.022553,0.081141
0.009154,0.020767,0.069956
0.006664,0.019861,0.058560
0.007047,0.020682,0.046753
0.011009,0.024078,0.034336
0.016208,0.027277,0.021657
0.021909,0.029713,0.009001
0.027783,0.031370,-0.003363
0.033498,0.032232,-0.015167
0.038723,0.032281,-0.026141
0.043129,0.031503,-0.036018
0.046384,0.029880,-0.044527
0.048157,0.027397,-0.051402
0.048119,0.024037,-0.056373
0.046751,0.023509,-0.060210
0.044518,0.025705,-0.063120
0.041879,0.029559,-0.065172
0.039292,0.034008,-0.066434
0.037216,0.037988,-0.066972
0.036110,0.040432,-0.066857
0.036433,0.040279,-0.066154
0.038643,0.036462,-0.064932
0.043199,0.027919,-0.063260
0.047212,0.016796,-0.060601
0.050145,0.004356,-0.057031
0.052050,-0.008360,-0.052775
0.052981,-0.020312,-0.048060
0.052991,-0.030460,-0.043112
0.052130,-0.037763,-0.038157
0.050453,-0.041179,-0.033422
0.048011,-0.039670,-0.029131
0.044858,-0.032193,-0.025513
0.042091,-0.023183,-0.023760
0.039910,-0.013927,-0.023813
0.038293,-0.004930,-0.025302
0.037217,0.003305,-0.027854
0.036657,0.010276,-0.031097
0.036591,0.015479,-0.034659
0.036995,0.018411,-0.038169
0.037845,0.018569,-0.041256
0.039119,0.015449,-0.043546
0.040612,0.011326,-0.044523
0.042189,0.006967,-0.044258
0.043735,0.002761,-0.042971
0.045133,-0.000901,-0.040881
0.046268,-0.003631,-0.038206
0.047023,-0.005037,-0.035167
0.047283,-0.004731,-0.031981
0.046931,-0.002322,-0.028869
0.045851,0.002580,-0.026049
0.043992,0.008353,-0.023716
0.041500,0.014348,-0.021969
0.038572,0.020160,-0.020883
0.035407,0.025384,-0.020534
0.032202,0.029614,-0.020996
0.029153,0.032444,-0.022345
0.026459,0.033470,-0.024657
0.024316,0.032285,-0.028005
0.022922,0.028485,-0.032467
0.022330,0.023160,-0.035986
0.022448,0.016921,-0.038145
0.023152,0.010256,-0.038935
0.024315,0.003654,-0.038348
0.025813,-0.002397,-0.036374
0.027519,-0.007408,-0.033006
0.029308,-0.010889,-0.028234
0.031054,-0.012353,-0.022051
0.032631,-0.011310,-0.014447
0.033622,-0.007588,-0.008715
0.033976,-0.001825,-0.005171
0.033733,0.005138,-0.003385
0.032934,0.012459,-0.002927
0.031619,0.019296,-0.003369
0.029830,0.024809,-0.004281
0.027606,0.028155,-0.005234
0.024989,0.028494,-0.005798
0.022019,0.024984,-0.005543
0.020408,0.021789,-0.005238
0.020204,0.019665,-0.005035
0.021038,0.018516,-0.004936
0.022541,0.018248,-0.004945
0.024345,0.018766,-0.005061
0.026082,0.019974,-0.005287
0.027383,0.021777,-0.005625
0.027880,0.024079,-0.006076
0.027204,0.026786,-0.006643
0.025846,0.027296,-0.006429
0.023915,0.025660,-0.005568
0.021423,0.022592,-0.004446
0.018385,0.018807,-0.003451
0.014814,0.015019,-0.002971
0.010722,0.011941,-0.003393
0.006123,0.010288,-0.005106
0.001030,0.010774,-0.008496
-0.004544,0.014113,-0.013952
-0.009896,0.017657,-0.018712
-0.014730,0.020808,-0.022256
-0.018850,0.023481,-0.024626
-0.022061,0.025593,-0.025864
-0.024167,0.027057,-0.026009
-0.024974,0.027790,-0.025103
-0.024285,0.027706,-0.023189
-0.021905,0.026722,-0.020305
-0.017640,0.024751,-0.016494
-0.013576,0.024762,-0.015007
-0.010285,0.026818,-0.015898
-0.007954,0.030261,-0.018423
-0.006773,0.034429,-0.021838
-0.006933,0.038661,-0.025398
-0.008621,0.042298,-0.028360
-0.012029,0.044678,-0.029979
-0.017345,0.045140,-0.029512
-0.024758,0.043025,-0.026213
-0.031195,0.041566,-0.020495
-0.036183,0.041085,-0.012899
-0.039902,0.041178,-0.003999
-0.042529,0.041438,0.005631
-0.044245,0.041460,0.015418
-0.045229,0.040839,0.024789
-0.045659,0.039170,0.033169
-0.045714,0.036046,0.039984
-0.045573,0.031062,0.044661
-0.046187,0.027527,0.048058
-0.047613,0.025695,0.050340
-0.049685,0.025053,0.051501
-0.052237,0.025092,0.051534
-0.055104,0.025301,0.050433
-0.058119,0.025169,0.048191
-0.061117,0.024185,0.044801
-0.063932,0.021838,0.040258
-0.066398,0.017618,0.034554
-0.067644,0.012475,0.027368
-0.067619,0.006967,0.018885
-0.066479,0.001555,0.009417
-0.064377,-0.003301,-0.000725
-0.061467,-0.007141,-0.011228
-0.057905,-0.009505,-0.021781
-0.053844,-0.009932,-0.032073
-0.049439,-0.007962,-0.041791
-0.044844,-0.003135,-0.050623
-0.040417,0.001527,-0.057459
-0.036266,0.005334,-0.062313
-0.032432,0.008176,-0.065480
-0.028958,0.009944,-0.067258
-0.025888,0.010530,-0.067942
-0.023264,0.009824,-0.067829
-0.021129,0.007719,-0.067215
-0.019526,0.004105,-0.066397
-0.018499,-0.001127,-0.065670
-0.018295,-0.005037,-0.064507
-0.018810,-0.007031,-0.062745
-0.019853,-0.007103,-0.060315
-0.021232,-0.005247,-0.057149
-0.022753,-0.001455,-0.053176
-0.024226,0.004279,-0.048327
-0.025458,0.011962,-0.042534
-0.026257,0.021599,-0.035726
-0.026431,0.033199,-0.027835
-0.026504,0.044624,-0.021274
-0.026512,0.054892,-0.016438
-0.026367,0.063304,-0.013213
-0.025980,0.069164,-0.011489
-0.025264,0.071775,-0.011152
-0.024130,0.070440,-0.012090
-0.022492,0.064463,-0.014192
-0.020261,0.053146,-0.017344
-0.017350,0.035793,-0.021436
-0.015570,0.022679,-0.025273
-0.015045,0.014931,-0.028629
-0.015479,0.011389,-0.031515
-0.016574,0.010891,-0.033943
-0.018033,0.012277,-0.035925
-0.019560,0.014386,-0.037473
-0.020857,0.016057,-0.038600
-0.021626,0.016130,-0.039317
-0.021571,0.013444,-0.039637
-0.022482,0.011482,-0.039704
-0.024404,0.010725,-0.039479
-0.026943,0.010901,-0.038870
-0.029706,0.011741,-0.037791
-0.032300,0.012973,-0.036152
-0.034334,0.014327,-0.033865
-0.035413,0.015532,-0.030841
-0.035144,0.016318,-0.026991
-0.033136,0.016414,-0.022226
-0.030061,0.018013,-0.017802
-0.026205,0.020803,-0.014012
-0.021757,0.023844,-0.010905
-0.016905,0.026199,-0.008533
-0.011839,0.026927,-0.006948
-0.006749,0.025090,-0.006200
-0.001822,0.019749,-0.006340
0.002753,0.009964,-0.007420
0.006785,-0.005202,-0.009491
0.010879,-0.020417,-0.013571
0.015013,-0.034695,-0.019267
0.019006,-0.048140,-0.025829
0.022681,-0.060855,-0.032510
0.025856,-0.072943,-0.038562
0.028355,-0.084506,-0.043237
0.029996,-0.095647,-0.045786
0.030601,-0.106471,-0.045462
0.029990,-0.117078,-0.041516
0.029623,-0.126179,-0.038604
0.029723,-0.133735,-0.037413
0.030209,-0.140026,-0.037641
0.030998,-0.145328,-0.038981
0.032007,-0.149918,-0.041129
0.033153,-0.154075,-0.043783
0.034355,-0.158075,-0.046635
0.035529,-0.162197,-0.049384
0.036593,-0.166717,-0.051723
0.038680,-0.168829,-0.054112
0.041769,-0.168469,-0.056539
0.045551,-0.166253,-0.058882
0.049718,-0.162800,-0.061013
0.053959,-0.158729,-0.062808
0.057966,-0.154658,-0.064141
0.061429,-0.151205,-0.064887
0.064039,-0.148989,-0.064920
0.065487,-0.148628,-0.064115
0.065311,-0.150274,-0.063044
0.063717,-0.153583,-0.061890
0.061076,-0.158086,-0.060738
0.057761,-0.163317,-0.059676
0.054145,-0.168807,-0.058789
0.050601,-0.174087,-0.058163
0.047500,-0.178691,-0.057886
0.045215,-0.182150,-0.058042
0.044118,-0.183996,-0.058719
0.043369,-0.185636,-0.060107
0.042787,-0.187280,-0.062061
0.042361,-0.188844,-0.064352
0.042077,-0.190241,-0.066751
0.041923,-0.191385,-0.069029
0.041886,-0.192190,-0.070955
0.041952,-0.192569,-0.072302
0.042109,-0.192437,-0.072839
0.042345,-0.191708,-0.072337
0.043841,-0.190409,-0.070930
0.046594,-0.188511,-0.068745
0.050305,-0.185977,-0.065908
0.054675,-0.182764,-0.062544
0.059405,-0.178833,-0.058779
0.064195,-0.174144,-0.054740
0.068747,-0.168656,-0.050551
0.072761,-0.162329,-0.046340
0.075938,-0.155123,-0.042232
0.077321,-0.151425,-0.037584
0.076928,-0.150730,-0.033040
0.075019,-0.151311,-0.029566
0.071856,-0.151442,-0.028124
0.067701,-0.149396,-0.029680
0.062816,-0.143446,-0.035199
0.057462,-0.131866,-0.045644
0.051900,-0.112927,-0.061981
0.046392,-0.084904,-0.085174
0.040647,-0.059639,-0.103399
0.034426,-0.039153,-0.115437
0.027503,-0.023013,-0.122719
0.019651,-0.010783,-0.126677
0.010644,-0.002032,-0.128741
0.000257,0.003676,-0.130343
-0.011737,0.006774,-0.132914
-0.025564,0.007697,-0.137885
-0.041451,0.006877,-0.146689
-0.056990,0.005825,-0.153325
-0.071543,0.004811,-0.156951
-0.084913,0.003797,-0.158011
-0.096904,0.002743,-0.156951
-0.107319,0.001610,-0.154214
-0.115962,0.000360,-0.150248
-0.122636,-0.001048,-0.145495
-0.127144,-0.002651,-0.140402
-0.129290,-0.004488,-0.135413
-0.130994,-0.005228,-0.129433
-0.132440,-0.004855,-0.122328
-0.133380,-0.003683,-0.114209
-0.133564,-0.002025,-0.105184
-0.132741,-0.000197,-0.095360
-0.130663,0.001487,-0.084847
-0.127081,0.002714,-0.073754
-0.121744,0.003169,-0.062189
-0.114403,0.002539,-0.050260
-0.107051,0.000415,-0.040704
-0.099966,-0.002938,-0.033573
-0.092995,-0.007091,-0.028250
-0.085988,-0.011615,-0.024117
-0.078791,-0.016079,-0.020558
-0.071254,-0.020053,-0.016955
-0.063225,-0.023107,-0.012690
-0.054551,-0.024812,-0.007147
-0.045082,-0.024737,0.000292
-0.037046,-0.027523,0.007092
-0.030715,-0.033321,0.012729
-0.025873,-0.041160,0.017184
-0.022303,-0.050069,0.020434
-0.019789,-0.059079,0.022460
-0.018113,-0.067218,0.023239
-0.017061,-0.073516,0.022753
-0.016414,-0.077002,0.020979
-0.015956,-0.076706,0.017898
-0.015358,-0.075052,0.015052
-0.014524,-0.072570,0.012582
-0.013422,-0.069318,0.010280
-0.012017,-0.065353,0.007936
-0.010274,-0.060733,0.005339
-0.008159,-0.055515,0.002282
-0.005638,-0.049757,-0.001447
-0.002676,-0.043515,-0.006055
0.000761,-0.036848,-0.011754
0.003838,-0.029906,-0.016832
0.006473,-0.023051,-0.020965
0.008769,-0.016694,-0.024173
0.010831,-0.011249,-0.026477
0.012763,-0.007129,-0.027896
0.014671,-0.004745,-0.028453
0.016657,-0.004512,-0.028166
0.018827,-0.006840,-0.027057
0.021285,-0.012144,-0.025147
0.022995,-0.014270,-0.023512
0.023830,-0.013022,-0.022292
0.023888,-0.009693,-0.021395
0.023267,-0.005577,-0.020724
0.022066,-0.001966,-0.020188
0.020383,-0.000155,-0.019691
0.018316,-0.001435,-0.019139
0.015964,-0.007100,-0.018439
0.013425,-0.018444,-0.017497
0.010227,-0.029096,-0.017226
0.006467,-0.037714,-0.017576
0.002384,-0.044213,-0.018255
-0.001783,-0.048506,-0.018970
-0.005795,-0.050509,-0.019430
-0.009411,-0.050136,-0.019342
-0.012392,-0.047302,-0.018413
-0.014500,-0.041921,-0.016353
-0.015494,-0.033908,-0.012867
-0.016612,-0.025962,-0.010301
-0.018013,-0.018687,-0.008981
-0.019589,-0.012167,-0.008729
-0.021230,-0.006484,-0.009367
-0.022829,-0.001720,-0.010716
-0.024277,0.002042,-0.012599
-0.025464,0.004719,-0.014836
-0.026283,0.006231,-0.017251
-0.026624,0.006493,-0.019664
-0.026998,0.007127,-0.021502
-0.027510,0.008285,-0.022759
-0.028166,0.009755,-0.023566
-0.028974,0.011324,-0.024056
-0.029939,0.012777,-0.024362
-0.031067,0.013902,-0.024617
-0.032365,0.014486,-0.024954
-0.033838,0.014314,-0.025505
-0.035493,0.013175,-0.026404
-0.036552,0.012559,-0.027345
-0.036944,0.012416,-0.028126
-0.036775,0.012315,-0.028566
-0.036149,0.011823,-0.028488
-0.035172,0.010507,-0.027712
-0.033949,0.007935,-0.026059
-0.032585,0.003673,-0.023350
-0.031187,-0.002710,-0.019406
-0.029859,-0.011648,-0.014048
-0.028649,-0.020543,-0.009549
-0.027469,-0.028708,-0.006163
-0.026198,-0.035939,-0.003641
-0.024714,-0.042029,-0.001732
-0.022894,-0.046772,-0.000184
-0.020618,-0.049961,0.001252
-0.017761,-0.051390,0.002826
-0.014204,-0.050853,0.004790
-0.009824,-0.048144,0.007394
-0.005343,-0.044810,0.011994
-0.000912,-0.041424,0.018099
0.003464,-0.038316,0.024755
0.007778,-0.035816,0.031009
0.012025,-0.034253,0.035908
0.016197,-0.033957,0.038497
0.020290,-0.035258,0.037825
0.024296,-0.038484,0.032937
0.028210,-0.043966,0.022881
0.030098,-0.050467,0.011408
0.030146,-0.057529,-0.000193
0.029068,-0.064891,-0.011252
0.027580,-0.072291,-0.021100
0.026398,-0.079466,-0.029066
0.026236,-0.086156,-0.034480
0.027809,-0.092097,-0.036670
0.031833,-0.097028,-0.034968
0.039023,-0.100687,-0.028702
0.044755,-0.103081,-0.022741
0.048543,-0.104274,-0.017586
0.050937,-0.104342,-0.012649
0.052485,-0.103363,-0.007339
0.053737,-0.101414,-0.001068
0.055240,-0.098571,0.006755
0.057545,-0.094913,0.016718
0.061200,-0.090515,0.029411
0.066753,-0.085456,0.045423
0.072014,-0.081640,0.061163
0.076468,-0.079048,0.075539
0.080019,-0.077179,0.088081
0.082573,-0.075533,0.098323
0.084032,-0.073610,0.105797
0.084302,-0.070909,0.110034
0.083287,-0.066930,0.110568
0.080892,-0.061172,0.106929
0.077022,-0.053135,0.098651
0.073631,-0.044704,0.088758
0.070963,-0.035878,0.078243
0.068832,-0.026183,0.067594
0.067050,-0.015145,0.057294
0.065432,-0.002291,0.047831
0.063792,0.012852,0.039690
0.061942,0.030759,0.033357
0.059698,0.051902,0.029319
0.056872,0.076756,0.028060
0.052264,0.098963,0.028182
0.045939,0.117161,0.029215
0.038278,0.131238,0.030918
0.029664,0.141083,0.033051
0.020478,0.146583,0.035375
0.011102,0.147628,0.037650
0.001918,0.144104,0.039636
-0.006694,0.135901,0.041093
-0.014351,0.122906,0.041782
-0.019950,0.108528,0.041556
-0.023454,0.093818,0.040821
-0.025091,0.079239,0.040123
-0.025089,0.065254,0.040009
-0.023678,0.052325,0.041023
-0.021085,0.040916,0.043711
-0.017540,0.031488,0.048619
-0.013270,0.024504,0.056292
-0.008505,0.020428,0.067275
-0.005540,0.018057,0.076996
-0.004602,0.016944,0.084622
-0.005400,0.016827,0.090262
-0.007644,0.017446,0.094019
-0.011041,0.018541,0.096001
-0.015302,0.019851,0.096312
-0.020136,0.021115,0.095059
-0.025252,0.022073,0.092348
-0.030359,0.022464,0.088284
-0.033907,0.023968,0.084538
-0.035797,0.026574,0.081216
-0.036293,0.029845,0.078029
-0.035656,0.033346,0.074691
-0.034152,0.036642,0.070913
-0.032044,0.039298,0.066409
-0.029594,0.040879,0.060892
-0.027067,0.040949,0.054073
-0.024726,0.039072,0.045665
-0.022999,0.039507,0.038667
-0.021829,0.042528,0.033444
-0.021038,0.047418,0.029702
-0.020447,0.053460,0.027150
-0.019876,0.059936,0.025496
-0.019146,0.066127,0.024446
-0.018079,0.071316,0.023708
-0.016496,0.074785,0.022990
-0.014218,0.075817,0.021999
-0.011156,0.074576,0.020469
-0.007519,0.071516,0.018619
-0.003593,0.067161,0.016795
0.000339,0.062037,0.015338
0.003991,0.056667,0.014592
0.007078,0.051578,0.014900
0.009317,0.047293,0.016606
0.010421,0.044337,0.020053
0.010108,0.043235,0.025584
0.009586,0.044483,0.031092
0.009133,0.047661,0.036128
0.008794,0.052122,0.040654
0.008612,0.057219,0.044637
0.008632,0.062305,0.048041
0.008899,0.066732,0.050829
0.009456,0.069853,0.052967
0.010349,0.071020,0.054418
0.011622,0.069586,0.055148
0.014290,0.067937,0.055466
0.018339,0.066251,0.055389
0.023497,0.064154,0.054860
0.029489,0.061274,0.053822
0.036045,0.057236,0.052218
0.042892,0.051666,0.049992
0.049756,0.044191,0.047087
0.056365,0.034438,0.043445
0.062448,0.022033,0.039009
0.066283,0.009076,0.034597
0.067892,-0.003654,0.030386
0.067728,-0.015712,0.026397
0.066247,-0.026651,0.022652
0.063904,-0.036023,0.019170
0.061152,-0.043382,0.015973
0.058447,-0.048282,0.013081
0.056244,-0.050276,0.010514
0.054997,-0.048917,0.008293
0.053191,-0.046044,0.004626
0.050806,-0.042554,-0.000759
0.048196,-0.039115,-0.007755
0.045713,-0.036390,-0.016254
0.043710,-0.035044,-0.026147
0.042540,-0.035744,-0.037326
0.042557,-0.039153,-0.049685
0.044114,-0.045938,-0.063115
0.047563,-0.056762,-0.077508
0.052728,-0.069077,-0.088488
0.059122,-0.081539,-0.096239
0.066179,-0.093107,-0.102085
0.073334,-0.102741,-0.107350
0.080021,-0.109398,-0.113358
0.085676,-0.112038,-0.121434
0.089733,-0.109620,-0.132901
0.091626,-0.101103,-0.149083
0.090791,-0.085445,-0.171304
0.089501,-0.076225,-0.186293
0.088273,-0.074368,-0.192407
0.087180,-0.077633,-0.190913
0.086299,-0.083777,-0.183079
0.085706,-0.090562,-0.170171
0.085475,-0.095746,-0.153455
0.085682,-0.097089,-0.134199
0.086404,-0.092349,-0.113670
0.087714,-0.079287,-0.093134
0.087699,-0.064986,-0.075563
0.086296,-0.050885,-0.061372
0.083909,-0.037009,-0.050334
0.080942,-0.023387,-0.042226
0.077797,-0.010043,-0.036823
0.074878,0.002996,-0.033899
0.072587,0.015703,-0.033230
0.071327,0.028052,-0.034592
0.071503,0.040017,-0.037758
0.073396,0.050334,-0.039328
0.076679,0.058702,-0.038719
0.080869,0.065060,-0.036053
0.085487,0.069348,-0.031454
0.090051,0.071505,-0.025044
0.094080,0.071469,-0.016945
0.097093,0.069180,-0.007281
0.098609,0.064578,0.003826
0.098147,0.057601,0.016253
0.096680,0.049794,0.027244
0.094566,0.041164,0.036143
0.092016,0.031335,0.042825
0.089236,0.019930,0.047163
0.086434,0.006572,0.049028
0.083820,-0.009115,0.048294
0.081600,-0.027509,0.044834
0.079983,-0.048986,0.038520
0.079178,-0.073923,0.029225
0.079888,-0.094142,0.023446
0.081903,-0.108786,0.021424
0.084778,-0.118828,0.021839
0.088071,-0.125241,0.023367
0.091340,-0.128999,0.024688
0.094143,-0.131074,0.024479
0.096036,-0.132440,0.021418
0.096577,-0.134070,0.014183
0.095324,-0.136936,0.001453
0.093171,-0.138986,-0.010903
0.090489,-0.139510,-0.021636
0.087517,-0.138133,-0.030648
0.084491,-0.134479,-0.037845
0.081652,-0.128175,-0.043132
0.079236,-0.118846,-0.046413
0.077484,-0.106118,-0.047593
0.076631,-0.089615,-0.046576
0.076919,-0.068963,-0.043267
0.076827,-0.050839,-0.040162
0.076196,-0.036130,-0.037675
0.075209,-0.024272,-0.035695
0.074045,-0.014706,-0.034116
0.072885,-0.006868,-0.032829
0.071910,-0.000197,-0.031725
0.071301,0.005868,-0.030695
0.071239,0.011889,-0.029633
0.071904,0.018428,-0.028428
0.071722,0.025652,-0.027880
0.070493,0.033247,-0.027959
0.068361,0.040784,-0.028424
0.065469,0.047830,-0.029037
0.061961,0.053954,-0.029556
0.057980,0.058724,-0.029743
0.053670,0.061710,-0.029359
0.049174,0.062479,-0.028162
0.044636,0.060600,-0.025915
0.041277,0.055708,-0.021127
0.039105,0.048131,-0.014170
0.037825,0.038371,-0.005879
0.037139,0.026932,0.002910
0.036752,0.014317,0.011359
0.036368,0.001027,0.018634
0.035689,-0.012434,0.023897
0.034421,-0.025564,0.026313
0.032267,-0.037860,0.025046
0.030222,-0.047672,0.023168
0.028453,-0.055007,0.021290
0.026919,-0.060289,0.019409
0.025580,-0.063944,0.017523
0.024394,-0.066394,0.015627
0.023321,-0.068065,0.013720
0.022320,-0.069378,0.011798
0.021351,-0.070759,0.009857
0.020373,-0.072632,0.007895
0.018815,-0.073533,0.005412
0.016644,-0.073330,0.002456
0.013965,-0.072223,-0.000792
0.010882,-0.070412,-0.004146
0.007498,-0.068098,-0.007424
0.003917,-0.065482,-0.010443
0.000243,-0.062762,-0.013018
-0.003420,-0.060140,-0.014968
-0.006969,-0.057817,-0.016107
-0.009188,-0.053991,-0.015897
-0.009992,-0.048851,-0.014429
-0.009578,-0.043078,-0.011958
-0.008142,-0.037356,-0.008735
-0.005881,-0.032367,-0.005015
-0.002993,-0.028794,-0.001048
0.000326,-0.027320,0.002911
0.003878,-0.028629,0.006610
0.007468,-0.033401,0.009796
0.011249,-0.038951,0.010910
0.014960,-0.044556,0.009998
0.018236,-0.049988,0.007509
0.020713,-0.055017,0.003891
0.022026,-0.059415,-0.000408
0.021810,-0.062950,-0.004938
0.019700,-0.065396,-0.009252
0.015332,-0.066521,-0.012902
0.008340,-0.066097,-0.015438
0.002533,-0.065202,-0.018521
-0.001710,-0.063886,-0.022389
-0.004868,-0.061941,-0.026927
-0.007420,-0.059162,-0.032018
-0.009845,-0.055340,-0.037548
-0.012622,-0.050268,-0.043398
-0.016229,-0.043740,-0.049454
-0.021146,-0.035548,-0.055599
-0.027852,-0.025485,-0.061718
-0.032645,-0.014764,-0.066162
-0.035121,-0.003820,-0.068786
-0.035699,0.007106,-0.069818
-0.034800,0.017770,-0.069488
-0.032842,0.027933,-0.068025
-0.030247,0.037351,-0.065658
-0.027433,0.045784,-0.062616
-0.024821,0.052991,-0.059129
-0.022830,0.058728,-0.055426
-0.021116,0.060502,-0.052302
-0.019596,0.058599,-0.049728
-0.018251,0.054002,-0.047469
-0.017064,0.047692,-0.045290
-0.016016,0.040653,-0.042958
-0.015090,0.033866,-0.040236
-0.014268,0.028315,-0.036890
-0.013531,0.024981,-0.032685
-0.012862,0.024846,-0.027386
-0.010941,0.024515,-0.019207
-0.007741,0.023289,-0.008550
-0.003559,0.021146,0.003634
0.001309,0.018063,0.016396
0.006565,0.014016,0.028785
0.011915,0.008983,0.039853
0.017060,0.002942,0.048648
0.021705,-0.004131,0.054222
0.025554,-0.012259,0.055624
0.028449,-0.019923,0.054624
0.030533,-0.026490,0.052236
0.032024,-0.031549,0.049281
0.033137,-0.034690,0.046580
0.034090,-0.035503,0.044956
0.035098,-0.033577,0.045231
0.036380,-0.028500,0.048227
0.038152,-0.019863,0.054765
0.040630,-0.007254,0.065667
0.044252,0.006220,0.078675
0.048878,0.019526,0.092803
0.054226,0.032144,0.107386
0.060013,0.043557,0.121760
0.065955,0.053246,0.135258
0.071770,0.060694,0.147216
0.077175,0.065383,0.156968
0.081886,0.066794,0.163850
0.085621,0.064410,0.167195
0.086479,0.063734,0.165697
0.084619,0.065253,0.160004
0.080719,0.068200,0.151260
0.075455,0.071805,0.140604
0.069504,0.075303,0.129179
0.063542,0.077925,0.118124
0.058247,0.078903,0.108582
0.054294,0.077470,0.101693
0.052361,0.072858,0.098599
0.049557,0.069238,0.096561
0.045498,0.067317,0.095107
0.040430,0.066942,0.094328
0.034596,0.067958,0.094317
0.028240,0.070208,0.095169
0.021608,0.073538,0.096974
0.014942,0.077793,0.099826
0.008487,0.082818,0.103818
0.002488,0.088457,0.109043
-0.000681,0.090776,0.112655
-0.000995,0.089452,0.114438
0.000980,0.085059,0.114830
0.004680,0.078175,0.114270
0.009541,0.069376,0.113196
0.014998,0.059239,0.112048
0.020485,0.048341,0.111265
0.025440,0.037257,0.111285
0.029296,0.026564,0.112547
0.032836,0.016800,0.113018
0.036129,0.008031,0.112403
0.039064,0.000212,0.110841
0.041533,-0.006706,0.108473
0.043427,-0.012771,0.105439
0.044637,-0.018030,0.101878
0.045052,-0.022530,0.097930
0.044565,-0.026320,0.093736
0.043065,-0.029448,0.089434
0.039347,-0.031126,0.085431
0.033552,-0.031405,0.081630
0.026160,-0.030544,0.077813
0.017651,-0.028800,0.073758
0.008504,-0.026434,0.069247
-0.000802,-0.023702,0.064059
-0.009788,-0.020864,0.057974
-0.017973,-0.018179,0.050773
-0.024878,-0.015905,0.042236
-0.030159,-0.013377,0.033368
-0.033743,-0.010717,0.024492
-0.035625,-0.008241,0.015761
-0.035802,-0.006265,0.007324
-0.034270,-0.005105,-0.000667
-0.031025,-0.005078,-0.008060
-0.026062,-0.006502,-0.014704
-0.019379,-0.009691,-0.020447
-0.010969,-0.014962,-0.025139
-0.003008,-0.021089,-0.029233
0.004073,-0.027433,-0.032712
0.010275,-0.033499,-0.035440
0.015600,-0.038797,-0.037284
0.020049,-0.042833,-0.038108
0.023624,-0.045114,-0.037777
0.026326,-0.045148,-0.036157
0.028158,-0.042443,-0.033112
0.029121,-0.036506,-0.028507
0.028498,-0.030837,-0.023781
0.026225,-0.026206,-0.019543
0.022401,-0.022702,-0.016196
0.017123,-0.020412,-0.014140
0.010490,-0.019424,-0.013779
0.002600,-0.019826,-0.015513
-0.006449,-0.021706,-0.019746
-0.016559,-0.025151,-0.026878
-0.027630,-0.030250,-0.037312
-0.037433,-0.036131,-0.048178
-0.045735,-0.042247,-0.058682
-0.052805,-0.048135,-0.068547
-0.058910,-0.053329,-0.077497
-0.064318,-0.057366,-0.085258
-0.069298,-0.059779,-0.091554
-0.074118,-0.060106,-0.096108
-0.079045,-0.057880,-0.098645
-0.084348,-0.052638,-0.098889
-0.090275,-0.046679,-0.098470
-0.096559,-0.040837,-0.097670
-0.102808,-0.035582,-0.096434
-0.108626,-0.031381,-0.094706
-0.113620,-0.028705,-0.092432
-0.117396,-0.028020,-0.089557
-0.119560,-0.029796,-0.086026
-0.119718,-0.034502,-0.081784
-0.117475,-0.042606,-0.076775
-0.114901,-0.049249,-0.068226
-0.112351,-0.053527,-0.056027
-0.109755,-0.055522,-0.040730
-0.107040,-0.055318,-0.022891
-0.104135,-0.052998,-0.003064
-0.100968,-0.048644,0.018196
-0.097469,-0.042340,0.040336
-0.093565,-0.034168,0.062800
-0.089185,-0.024212,0.085035
-0.084150,-0.016347,0.105691
-0.078625,-0.010899,0.124288
-0.072865,-0.007308,0.140564
-0.067124,-0.005014,0.154254
-0.061655,-0.003458,0.165095
-0.056712,-0.002080,0.172825
-0.052548,-0.000319,0.177180
-0.049418,0.002383,0.177896
-0.047574,0.006588,0.174711
-0.046417,0.013764,0.170862
-0.045772,0.023345,0.166945
-0.045570,0.034252,0.162895
-0.045744,0.045406,0.158648
-0.046225,0.055732,0.154140
-0.046945,0.064150,0.149307
-0.047836,0.069583,0.144083
-0.048830,0.070953,0.138405
-0.049858,0.067182,0.132209
-0.050641,0.063922,0.128342
-0.051112,0.061679,0.127015
-0.051257,0.059669,0.127782
-0.051061,0.057111,0.130196
-0.050513,0.053221,0.133808
-0.049596,0.047217,0.138172
-0.048298,0.038316,0.142840
-0.046604,0.025736,0.147365
-0.044501,0.008695,0.151300
-0.041962,-0.007028,0.153364
-0.038943,-0.020338,0.153547
-0.035396,-0.031310,0.152154
-0.031273,-0.040022,0.149493
-0.026527,-0.046550,0.145868
-0.021108,-0.050970,0.141587
-0.014970,-0.053360,0.136955
-0.008064,-0.053796,0.132279
-0.000343,-0.052354,0.127865
0.004222,-0.049411,0.123870
0.005691,-0.045549,0.120390
0.005130,-0.041397,0.117504
0.003609,-0.037589,0.115291
0.002195,-0.034755,0.113832
0.001956,-0.033526,0.113206
0.003960,-0.034534,0.113491
0.009275,-0.038410,0.114769
0.018969,-0.045785,0.117117
0.025628,-0.051011,0.117942
0.028362,-0.053370,0.117078
0.027911,-0.053379,0.114969
0.025015,-0.051553,0.112060
0.020414,-0.048409,0.108792
0.014847,-0.044462,0.105610
0.009055,-0.040230,0.102958
0.003778,-0.036227,0.101279
-0.000245,-0.032971,0.101016
-0.001695,-0.031660,0.100077
-0.000701,-0.032080,0.098176
0.002244,-0.033666,0.095484
0.006647,-0.035850,0.092170
0.012016,-0.038064,0.088401
0.017859,-0.039743,0.084348
0.023685,-0.040319,0.080179
0.028999,-0.039224,0.076063
0.033312,-0.035893,0.072170
0.036559,-0.032398,0.069144
0.038808,-0.029297,0.066935
0.040155,-0.026770,0.065323
0.040697,-0.024997,0.064083
0.040532,-0.024156,0.062994
0.039757,-0.024427,0.061832
0.038469,-0.025991,0.060375
0.036765,-0.029025,0.058401
0.034743,-0.033711,0.055686
0.033768,-0.036159,0.053522
0.033766,-0.036330,0.052060
0.034304,-0.035143,0.051167
0.034947,-0.033522,0.050711
0.035263,-0.032385,0.050557
0.034818,-0.032655,0.050573
0.033179,-0.035252,0.050627
0.029911,-0.041098,0.050585
0.024582,-0.051114,0.050313
0.019181,-0.060796,0.048185
0.014303,-0.069182,0.044124
0.010193,-0.076194,0.038439
0.007099,-0.081755,0.031442
0.005265,-0.085787,0.023445
0.004938,-0.088213,0.014757
0.006364,-0.088955,0.005691
0.009788,-0.087935,-0.003444
0.015458,-0.085075,-0.012335
0.021097,-0.081736,-0.019931
0.026309,-0.078134,-0.026235
0.031167,-0.074204,-0.031518
0.035742,-0.069879,-0.036050
0.040108,-0.065091,-0.040101
0.044337,-0.059774,-0.043942
0.048501,-0.053862,-0.047842
0.052673,-0.047287,-0.052072
0.056926,-0.039983,-0.056902
0.059107,-0.032894,-0.061310
0.059082,-0.026201,-0.065163
0.057221,-0.019899,-0.068546
0.053892,-0.013981,-0.071546
0.049464,-0.008440,-0.074249
0.044307,-0.003269,-0.076741
0.038789,0.001537,-0.079109
0.033281,0.005987,-0.081439
0.028150,0.010087,-0.083816
0.023814,0.012919,-0.085037
0.020358,0.014409,-0.084886
0.017785,0.014695,-0.083396
0.016096,0.013912,-0.080600
0.015293,0.012197,-0.076529
0.015379,0.009687,-0.071217
0.016356,0.006518,-0.064695
0.018224,0.002827,-0.056997
0.020988,-0.001250,-0.048155
0.023545,-0.005541,-0.040588
0.025681,-0.009859,-0.034601
0.027400,-0.014011,-0.029973
0.028707,-0.017807,-0.026479
0.029607,-0.021053,-0.023899
0.030103,-0.023558,-0.022008
0.030202,-0.025129,-0.020583
0.029908,-0.025576,-0.019404
0.029226,-0.024705,-0.018245
0.027762,-0.023888,-0.017515
0.025571,-0.023432,-0.017064
0.022817,-0.023379,-0.016604
0.019667,-0.023772,-0.015850
0.016286,-0.024651,-0.014512
0.012839,-0.026060,-0.012304
0.009494,-0.028038,-0.008938
0.006414,-0.030629,-0.004127
0.003767,-0.033874,0.002416
0.001717,-0.035027,0.007605
0.000401,-0.034156,0.010822
-0.000053,-0.032034,0.012069
0.000486,-0.029432,0.011347
0.002144,-0.027122,0.008655
0.005053,-0.025877,0.003997
0.009340,-0.026468,-0.002629
0.015135,-0.029667,-0.011220
0.022566,-0.036246,-0.021776
0.028944,-0.040716,-0.030922
0.033782,-0.042346,-0.038027
0.037144,-0.041592,-0.043146
0.039097,-0.038910,-0.046335
0.039703,-0.034758,-0.047650
0.039029,-0.029592,-0.047147
0.037138,-0.023869,-0.044880
0.034095,-0.018046,-0.040906
0.029965,-0.012579,-0.035280
0.025977,-0.009298,-0.030076
0.022274,-0.008240,-0.025854
0.018729,-0.008996,-0.022795
0.015213,-0.011159,-0.021080
0.011596,-0.014319,-0.020890
0.007752,-0.018067,-0.022408
0.003551,-0.021995,-0.025813
-0.001135,-0.025694,-0.031288
-0.006434,-0.028754,-0.039014
-0.011508,-0.032364,-0.046971
-0.016098,-0.036545,-0.054554
-0.020090,-0.041029,-0.061513
-0.023369,-0.045545,-0.067594
-0.025822,-0.049826,-0.072547
-0.027335,-0.053601,-0.076121
-0.027794,-0.056601,-0.078063
-0.027084,-0.058558,-0.078122
-0.025091,-0.059201,-0.076046
-0.023071,-0.059093,-0.071953
-0.021265,-0.058399,-0.066352
-0.019663,-0.057182,-0.059853
-0.018254,-0.055508,-0.053062
-0.017027,-0.053443,-0.046589
-0.015971,-0.051049,-0.041041
-0.015076,-0.048394,-0.037028
-0.014330,-0.045540,-0.035157
-0.013723,-0.042554,-0.036037
-0.013838,-0.039602,-0.039803
-0.014586,-0.036718,-0.045948
-0.015715,-0.033906,-0.053808
-0.016969,-0.031167,-0.062719
-0.018093,-0.028503,-0.072014
-0.018835,-0.025917,-0.081030
-0.018938,-0.023412,-0.089100
-0.018148,-0.020988,-0.095561
-0.016212,-0.018648,-0.099746
-0.014625,-0.016958,-0.102307
-0.013620,-0.015912,-0.103617
-0.013112,-0.015364,-0.103981
-0.013019,-0.015165,-0.103703
-0.013254,-0.015169,-0.103088
-0.013736,-0.015229,-0.102440
-0.014379,-0.015198,-0.102063
-0.015099,-0.014928,-0.102263
-0.015813,-0.014272,-0.103344
-0.016169,-0.013672,-0.104321
-0.016194,-0.013166,-0.105022
-0.016008,-0.012695,-0.105479
-0.015734,-0.012198,-0.105723
-0.015491,-0.011615,-0.105784
-0.015403,-0.010886,-0.105695
-0.015589,-0.009950,-0.105485
-0.016172,-0.008747,-0.105186
-0.017271,-0.007217,-0.104830
-0.017599,-0.006285,-0.104353
-0.017094,-0.006062,-0.103780
-0.016003,-0.006456,-0.103159
-0.014571,-0.007372,-0.102537
-0.013045,-0.008717,-0.101962
-0.011672,-0.010399,-0.101481
-0.010698,-0.012324,-0.101142
-0.010369,-0.014398,-0.100992
-0.010932,-0.016528,-0.101079
-0.011394,-0.019227,-0.102388
-0.011678,-0.022308,-0.104634
-0.011940,-0.025408,-0.107210
-0.012333,-0.028166,-0.109512
-0.013010,-0.030219,-0.110932
-0.014125,-0.031205,-0.110866
-0.015832,-0.030763,-0.108708
-0.018285,-0.028530,-0.103853
-0.021637,-0.024144,-0.095694
-0.023439,-0.020226,-0.086908
-0.023554,-0.017103,-0.077974
-0.022423,-0.014526,-0.068821
-0.020488,-0.012248,-0.059380
-0.018189,-0.010022,-0.049581
-0.015969,-0.007600,-0.039354
-0.014268,-0.004734,-0.028629
-0.013528,-0.001176,-0.017336
-0.014190,0.003321,-0.005405
-0.012497,0.009223,0.006769
-0.008095,0.016216,0.018875
-0.001477,0.023790,0.030625
0.006861,0.031435,0.041730
0.016427,0.038641,0.051901
0.026724,0.044898,0.060849
0.037258,0.049697,0.068285
0.047536,0.052526,0.073921
0.057062,0.052877,0.077468
0.063639,0.051219,0.079176
0.067286,0.047923,0.079343
0.068576,0.043339,0.078277
0.068079,0.037813,0.076289
0.066368,0.031696,0.073688
0.064015,0.025334,0.070782
0.061592,0.019076,0.067882
0.059671,0.013270,0.065296
0.058825,0.008265,0.063335
0.058389,0.001368,0.061413
0.058086,-0.007409,0.059304
0.057734,-0.017381,0.056871
0.057150,-0.027860,0.053977
0.056153,-0.038161,0.050485
0.054559,-0.047597,0.046256
0.052188,-0.055482,0.041156
0.048857,-0.061129,0.035045
0.044385,-0.063852,0.027787
0.041531,-0.066434,0.023145
0.040434,-0.068827,0.021481
0.040577,-0.070277,0.022308
0.041443,-0.070028,0.025135
0.042515,-0.067325,0.029475
0.043276,-0.061412,0.034840
0.043209,-0.051534,0.040740
0.041796,-0.036935,0.046687
0.038521,-0.016861,0.052193
0.034141,0.000947,0.056239
0.029042,0.015003,0.058719
0.023520,0.025384,0.059754
0.017870,0.032167,0.059465
0.012387,0.035430,0.057975
0.007364,0.035250,0.055404
0.003098,0.031705,0.051874
-0.000116,0.024872,0.047505
-0.001985,0.014829,0.042421
-0.003032,0.006274,0.038382
-0.003402,-0.000197,0.035545
-0.003143,-0.005011,0.033669
-0.002305,-0.008597,0.032511
-0.000935,-0.011384,0.031826
0.000917,-0.013800,0.031373
0.003203,-0.016275,0.030907
0.005874,-0.019235,0.030187
0.008880,-0.023111,0.028969
0.011486,-0.026898,0.027005
0.013566,-0.030348,0.024382
0.015153,-0.033400,0.021276
0.016276,-0.035993,0.017858
0.016967,-0.038068,0.014304
0.017255,-0.039564,0.010786
0.017172,-0.040420,0.007479
0.016748,-0.040576,0.004555
0.016013,-0.039973,0.002188
0.015608,-0.038952,0.000052
0.015515,-0.037682,-0.001916
0.015556,-0.036285,-0.003716
0.015551,-0.034883,-0.005350
0.015319,-0.033600,-0.006815
0.014680,-0.032556,-0.008111
0.013455,-0.031876,-0.009239
0.011464,-0.031681,-0.010198
0.008526,-0.032095,-0.010987
0.005340,-0.032380,-0.011720
0.002100,-0.032344,-0.012323
-0.001123,-0.031929,-0.012677
-0.004261,-0.031079,-0.012660
-0.007244,-0.029734,-0.012154
-0.010003,-0.027838,-0.011038
-0.012468,-0.025334,-0.009193
-0.014570,-0.022163,-0.006498
-0.016240,-0.018269,-0.002833
-0.018128,-0.015475,0.001774
-0.020031,-0.014037,0.006832
-0.021537,-0.013820,0.011733
-0.022231,-0.014688,0.015869
-0.021700,-0.016506,0.018633
-0.019529,-0.019137,0.019417
-0.015304,-0.022446,0.017612
-0.008612,-0.026298,0.012612
0.000962,-0.030556,0.003808
0.011006,-0.033620,-0.006152
0.020778,-0.035272,-0.016234
0.029950,-0.035645,-0.025811
0.038192,-0.034869,-0.034253
0.045178,-0.033076,-0.040932
0.050579,-0.030395,-0.045218
0.054068,-0.026959,-0.046484
0.055316,-0.022897,-0.044101
0.053995,-0.018342,-0.037439
0.051814,-0.012926,-0.030112
0.049209,-0.006959,-0.022843
0.046296,-0.000918,-0.015637
0.043193,0.004719,-0.008495
0.040017,0.009475,-0.001421
0.036885,0.012873,0.005582
0.033914,0.014434,0.012512
0.031222,0.013682,0.019366
0.028926,0.010138,0.026140
0.027876,0.006044,0.030833
0.027746,0.001913,0.033117
0.027914,-0.002170,0.033082
0.027758,-0.006119,0.030817
0.026657,-0.009851,0.026413
0.023990,-0.013281,0.019958
0.019134,-0.016324,0.011543
0.011469,-0.018897,0.001257
0.000372,-0.020914,-0.010809
-0.009902,-0.024623,-0.020631
-0.018772,-0.030051,-0.027456
-0.026577,-0.036671,-0.031351
-0.033654,-0.043954,-0.032382
-0.040341,-0.051373,-0.030617
-0.046976,-0.058399,-0.026122
-0.053897,-0.064506,-0.018965
-0.061442,-0.069164,-0.009210
-0.069949,-0.071848,0.003074
-0.075159,-0.073377,0.014333
-0.076821,-0.074200,0.023933
-0.075685,-0.074672,0.031970
-0.072502,-0.075147,0.038542
-0.068023,-0.075979,0.043745
-0.062998,-0.077522,0.047675
-0.058177,-0.080130,0.050430
-0.054312,-0.084159,0.052106
-0.052152,-0.089962,0.052799
-0.047886,-0.094304,0.054453
-0.041343,-0.096486,0.057157
-0.033260,-0.096442,0.060537
-0.024375,-0.094108,0.064216
-0.015428,-0.089418,0.067822
-0.007156,-0.082305,0.070978
-0.000297,-0.072705,0.073310
0.004410,-0.060553,0.074444
0.006228,-0.045782,0.074004
0.006782,-0.031084,0.072112
0.006514,-0.017274,0.069051
0.005572,-0.004701,0.065146
0.004101,0.006285,0.060721
0.002246,0.015337,0.056100
0.000156,0.022104,0.051608
-0.002026,0.026240,0.047568
-0.004151,0.027395,0.044305
-0.006075,0.025220,0.042143
-0.007690,0.019301,0.041647
-0.008645,0.010234,0.042405
-0.008523,-0.001131,0.043763
-0.006910,-0.013946,0.045065
-0.003390,-0.027363,0.045656
0.002451,-0.040532,0.044881
0.011029,-0.052605,0.042086
0.022759,-0.062732,0.036614
0.038055,-0.070065,0.027811
0.052025,-0.074866,0.018368
0.063731,-0.077400,0.009050
0.073225,-0.077930,0.000142
0.080557,-0.076723,-0.008071
0.085781,-0.074044,-0.015305
0.088946,-0.070158,-0.021274
0.090106,-0.065330,-0.025695
0.089310,-0.059826,-0.028282
0.086611,-0.053910,-0.028750
0.083359,-0.048274,-0.027148
0.079973,-0.043028,-0.023931
0.076639,-0.038143,-0.019659
0.073544,-0.033585,-0.014888
0.070874,-0.029323,-0.010179
0.068815,-0.025326,-0.006089
0.067553,-0.021562,-0.003176
0.067275,-0.017998,-0.002000
0.068166,-0.014603,-0.003119
0.069577,-0.012423,-0.005508
0.071160,-0.011418,-0.008654
0.072647,-0.011275,-0.012170
0.073766,-0.011683,-0.015671
0.074249,-0.012330,-0.018770
0.073825,-0.012904,-0.021079
0.072225,-0.013094,-0.022214
0.069178,-0.012586,-0.021787
0.064414,-0.011070,-0.019412
0.060461,-0.008917,-0.016284
0.057641,-0.006238,-0.013225
0.055729,-0.003077,-0.010968
0.054497,0.000521,-0.010244
0.053718,0.004510,-0.011784
0.053165,0.008845,-0.016319
0.052611,0.013482,-0.024581
0.051829,0.018374,-0.037300
0.050592,0.023477,-0.055208
0.046975,0.027933,-0.070065
0.040747,0.031617,-0.080767
0.032100,0.034593,-0.087993
0.021228,0.036921,-0.092421
0.008322,0.038665,-0.094730
-0.006426,0.039886,-0.095599
-0.022821,0.040645,-0.095706
-0.040673,0.041004,-0.095730
-0.059788,0.041026,-0.096350
-0.076402,0.040313,-0.101630
-0.090133,0.038657,-0.110999
-0.101444,0.035899,-0.122729
-0.110800,0.031878,-0.135091
-0.118664,0.026434,-0.146356
-0.125501,0.019407,-0.154797
-0.131774,0.010637,-0.158683
-0.137947,-0.000036,-0.156287
-0.144485,-0.012772,-0.145880
-0.147562,-0.022515,-0.133864
-0.146871,-0.028917,-0.121774
-0.142982,-0.032810,-0.109925
-0.136464,-0.035025,-0.098635
-0.127887,-0.036395,-0.088217
-0.117821,-0.037750,-0.078991
-0.106837,-0.039921,-0.071270
-0.095503,-0.043741,-0.065371
-0.084391,-0.050040,-0.061611
-0.074926,-0.053323,-0.057459
-0.067179,-0.053270,-0.052772
-0.060880,-0.050855,-0.048005
-0.055757,-0.047055,-0.043612
-0.051542,-0.042844,-0.040048
-0.047963,-0.039196,-0.037768
-0.044751,-0.037088,-0.037225
-0.041636,-0.037494,-0.038876
-0.038347,-0.041389,-0.043173
-0.036167,-0.045044,-0.046086
-0.034968,-0.048033,-0.047398
-0.034271,-0.050755,-0.047851
-0.033595,-0.053608,-0.048184
-0.032459,-0.056991,-0.049137
-0.030384,-0.061303,-0.051452
-0.026890,-0.066944,-0.055867
-0.021496,-0.074311,-0.063123
-0.013722,-0.083804,-0.073961
-0.007957,-0.093657,-0.084132
-0.004672,-0.102978,-0.092589
-0.003359,-0.111094,-0.099086
-0.003509,-0.117330,-0.103376
-0.004614,-0.121014,-0.105211
-0.006164,-0.121471,-0.104345
-0.007652,-0.118029,-0.100531
-0.008570,-0.110013,-0.093522
-0.008407,-0.096751,-0.083072
-0.008258,-0.080042,-0.073546
-0.008565,-0.061478,-0.065620
-0.009611,-0.042600,-0.059049
-0.011676,-0.024946,-0.053585
-0.015042,-0.010058,-0.048983
-0.019992,0.000525,-0.044995
-0.026806,0.005263,-0.041375
-0.035765,0.002617,-0.037877
-0.047153,-0.008953,-0.034254
-0.057555,-0.021903,-0.029870
-0.066283,-0.034553,-0.024856
-0.073326,-0.046687,-0.019533
-0.078673,-0.058093,-0.014223
-0.082315,-0.068556,-0.009247
-0.084243,-0.077861,-0.004928
-0.084444,-0.085796,-0.001585
-0.082910,-0.092145,0.000458
-0.079631,-0.096694,0.000880
-0.076614,-0.098566,0.001125
-0.074143,-0.097843,0.001523
-0.072067,-0.094850,0.002125
-0.070240,-0.089911,0.002984
-0.068512,-0.083350,0.004151
-0.066734,-0.075491,0.005678
-0.064758,-0.066659,0.007616
-0.062435,-0.057177,0.010018
-0.059616,-0.047370,0.012935
-0.056831,-0.039455,0.014743
-0.054182,-0.033686,0.015177
-0.051663,-0.029823,0.014312
-0.049270,-0.027630,0.012225
-0.046997,-0.026867,0.008991
-0.044838,-0.027297,0.004685
-0.042789,-0.028682,-0.000618
-0.040844,-0.030782,-0.006841
-0.038998,-0.033361,-0.013909
-0.037078,-0.036234,-0.019567
-0.035052,-0.039264,-0.023725
-0.032924,-0.042325,-0.026835
-0.030699,-0.045291,-0.029349
-0.028381,-0.048034,-0.031719
-0.025974,-0.050429,-0.034396
-0.023482,-0.052349,-0.037833
-0.020909,-0.053669,-0.042481
-0.018259,-0.054261,-0.048792
-0.016253,-0.053034,-0.053499
-0.015002,-0.050133,-0.056115
-0.014465,-0.046011,-0.056846
-0.014603,-0.041122,-0.055902
-0.015376,-0.035918,-0.053489
-0.016743,-0.030855,-0.049816
-0.018663,-0.026384,-0.045090
-0.021098,-0.022960,-0.039518
-0.024005,-0.021037,-0.033309
-0.026567,-0.021159,-0.028119
-0.028699,-0.023019,-0.024144
-0.030504,-0.026096,-0.021216
-0.032081,-0.029869,-0.019168
-0.033534,-0.033817,-0.017831
-0.034962,-0.037421,-0.017038
-0.036467,-0.040158,-0.016619
-0.038151,-0.041510,-0.016408
-0.040114,-0.040954,-0.016236
-0.041560,-0.040903,-0.017032
-0.042223,-0.041895,-0.019045
-0.041969,-0.043998,-0.022356
-0.040666,-0.047281,-0.027045
-0.038178,-0.051813,-0.033192
-0.034374,-0.057662,-0.040876
-0.029118,-0.064898,-0.050179
-0.022279,-0.073589,-0.061181
-0.013722,-0.083804,-0.073961
-0.007572,-0.090278,-0.083889
-0.004119,-0.092600,-0.090488
-0.002696,-0.091571,-0.094319
-0.002635,-0.087994,-0.095942
-0.003269,-0.082670,-0.095918
-0.003930,-0.076400,-0.094808
-0.003950,-0.069988,-0.093171
-0.002663,-0.064233,-0.091569
0.000601,-0.059939,-0.090562
0.002861,-0.053313,-0.087929
0.003676,-0.044531,-0.083485
0.003239,-0.034762,-0.077552
0.001746,-0.025172,-0.070456
-0.000612,-0.016931,-0.062519
-0.003640,-0.011206,-0.054065
-0.007145,-0.009165,-0.045419
-0.010933,-0.011976,-0.036903
-0.014810,-0.020808,-0.028841
-0.018086,-0.025420,-0.023206
-0.020733,-0.024129,-0.020047
-0.022890,-0.017391,-0.018935
-0.024696,-0.005664,-0.019438
-0.026291,0.010597,-0.021125
-0.027813,0.030935,-0.023566
-0.029403,0.054895,-0.026331
-0.031198,0.082019,-0.028988
-0.033339,0.111852,-0.031107
-0.035489,0.135475,-0.033738
-0.037502,0.151958,-0.037059
-0.039279,0.162366,-0.041028
-0.040723,0.167764,-0.045605
-0.041734,0.169219,-0.050749
-0.042213,0.167795,-0.056419
-0.042064,0.164558,-0.062574
-0.041186,0.160573,-0.069172
-0.039481,0.156907,-0.076174
-0.035071,0.152326,-0.082908
-0.028364,0.146613,-0.089047
-0.020343,0.139803,-0.094347
-0.011988,0.131933,-0.098567
-0.004282,0.123037,-0.101463
0.001794,0.113152,-0.102793
0.005259,0.102313,-0.102315
0.005131,0.090556,-0.099786
0.000429,0.077916,-0.094964
-0.003627,0.067407,-0.087790
-0.006242,0.059379,-0.078709
-0.007728,0.053518,-0.068292
-0.008398,0.049507,-0.057112
-0.008565,0.047034,-0.045737
-0.008541,0.045782,-0.034741
-0.008639,0.045438,-0.024693
-0.009171,0.045686,-0.016165
-0.010450,0.046211,-0.009729
-0.010837,0.047682,-0.004600
-0.010163,0.049955,-0.000427
-0.008626,0.052679,0.003038
-0.006424,0.055505,0.006039
-0.003753,0.058085,0.008823
-0.000813,0.060069,0.011635
0.002198,0.061107,0.014723
0.005084,0.060851,0.018330
0.007646,0.058952,0.022704
0.009701,0.055937,0.026774
0.011288,0.052085,0.030376
0.012501,0.047613,0.033575
0.013432,0.042735,0.036434
0.014174,0.037669,0.039017
0.014822,0.032630,0.041390
0.015469,0.027834,0.043614
0.016208,0.023497,0.045756
0.017132,0.019836,0.047877
0.019701,0.014312,0.049685
0.023606,0.007551,0.051207
0.028094,0.000974,0.052555
0.032413,-0.004001,0.053840
0.035811,-0.005956,0.055173
0.037535,-0.003470,0.056666
0.036832,0.004874,0.058428
0.032952,0.020495,0.060572
0.025141,0.044814,0.063208
0.017652,0.067146,0.068350
0.011281,0.085380,0.075080
0.005960,0.099550,0.081745
0.001622,0.109687,0.086695
-0.001801,0.115824,0.088276
-0.004377,0.117992,0.084837
-0.006173,0.116223,0.074727
-0.007258,0.110551,0.056292
-0.007699,0.101007,0.027881
-0.008124,0.090983,0.001593
-0.008626,0.081352,-0.020310
-0.009159,0.072352,-0.038021
-0.009681,0.064222,-0.051735
-0.010147,0.057202,-0.061645
-0.010515,0.051532,-0.067947
-0.010740,0.047451,-0.070834
-0.010779,0.045198,-0.070501
-0.010588,0.045014,-0.067142
-0.011717,0.046473,-0.063158
-0.014148,0.049409,-0.058936
-0.017478,0.053718,-0.054361
-0.021299,0.059299,-0.049318
-0.025205,0.066048,-0.043692
-0.028790,0.073863,-0.037368
-0.031647,0.082641,-0.030231
-0.033372,0.092280,-0.022165
-0.033557,0.102677,-0.013056
-0.031928,0.109449,-0.004917
-0.028834,0.112266,0.001763
-0.024781,0.111811,0.006880
-0.020274,0.108768,0.010327
-0.015819,0.103821,0.011998
-0.011921,0.097654,0.011787
-0.009087,0.090949,0.009589
-0.007821,0.084391,0.005297
-0.008628,0.078663,-0.001195
-0.010062,0.075672,-0.005996
-0.011829,0.075165,-0.008806
-0.013926,0.076350,-0.010225
-0.016352,0.078434,-0.010850
-0.019102,0.080624,-0.011280
-0.022174,0.082128,-0.012114
-0.025565,0.082152,-0.013950
-0.029272,0.079905,-0.017386
-0.033292,0.074593,-0.023022
-0.036916,0.069950,-0.028664
-0.040000,0.066412,-0.033775
-0.042543,0.063589,-0.038230
-0.044541,0.061091,-0.041905
-0.045992,0.058530,-0.044676
-0.046894,0.055517,-0.046419
-0.047246,0.051662,-0.047009
-0.047044,0.046576,-0.046322
-0.046286,0.039870,-0.044234
-0.046011,0.033884,-0.040137
-0.046420,0.028933,-0.034327
-0.047501,0.024831,-0.027325
-0.049244,0.021389,-0.019653
-0.051638,0.018417,-0.011832
-0.054673,0.015729,-0.004384
-0.058339,0.013135,0.002169
-0.062624,0.010447,0.007306
-0.067518,0.007476,0.010505
-0.071713,0.005432,0.014516
-0.074998,0.004447,0.019551
-0.077435,0.004384,0.025190
-0.079086,0.005107,0.031011
-0.080014,0.006480,0.036594
-0.080283,0.008367,0.041516
-0.079953,0.010630,0.045356
-0.079089,0.013134,0.047694
-0.077752,0.015742,0.048109
-0.078439,0.018697,0.046745
-0.081221,0.021818,0.044124
-0.085561,0.024821,0.040857
-0.090921,0.027418,0.037557
-0.096767,0.029324,0.034836
-0.102559,0.030253,0.033307
-0.107763,0.029918,0.033583
-0.111841,0.028034,0.036276
-0.114257,0.024314,0.041998
-0.113076,0.022401,0.045822
-0.108495,0.022473,0.046872
-0.101246,0.023840,0.045280
-0.092060,0.025814,0.041183
-0.081668,0.027705,0.034715
-0.070803,0.028825,0.026009
-0.060195,0.028485,0.015202
-0.050575,0.025996,0.002428
-0.042675,0.020668,-0.012180
-0.035787,0.016602,-0.025828
-0.029743,0.014509,-0.037661
-0.024512,0.014255,-0.047310
-0.020061,0.015707,-0.054405
-0.016357,0.018730,-0.058574
-0.013369,0.023189,-0.059449
-0.011065,0.028952,-0.056658
-0.009412,0.035883,-0.049832
-0.008379,0.043848,-0.038601
-0.007976,0.053814,-0.026046
-0.008071,0.065022,-0.013247
-0.008493,0.076285,-0.000780
-0.009070,0.086417,0.010778
-0.009633,0.094229,0.020848
-0.010009,0.098535,0.028854
-0.010030,0.098146,0.034220
-0.009523,0.091876,0.036367
-0.008318,0.078536,0.034718
-0.006562,0.062803,0.030540
-0.004532,0.046523,0.024637
-0.002537,0.030839,0.017702
-0.000888,0.016890,0.010427
0.000105,0.005818,0.003502
0.000132,-0.001235,-0.002381
-0.001116,-0.003130,-0.006530
-0.003949,0.001276,-0.008254
-0.008677,0.013122,-0.006861
-0.011698,0.022844,-0.005481
-0.012656,0.028956,-0.004826
-0.012008,0.031995,-0.005006
-0.010211,0.032499,-0.006131
-0.007722,0.031003,-0.008311
-0.004998,0.028044,-0.011655
-0.002495,0.024160,-0.016273
-0.000671,0.019886,-0.022274
0.000017,0.015760,-0.029768
0.000229,0.011608,-0.037167
0.000131,0.007483,-0.043937
-0.000231,0.003495,-0.049811
-0.000814,-0.000247,-0.054517
-0.001572,-0.003634,-0.057787
-0.002462,-0.006556,-0.059353
-0.003440,-0.008905,-0.058943
-0.004459,-0.010571,-0.056291
-0.005477,-0.011445,-0.051125
-0.004915,-0.016731,-0.048081
-0.002890,-0.026133,-0.047427
0.000058,-0.037981,-0.048337
0.003385,-0.050602,-0.049987
0.006552,-0.062325,-0.051550
0.009017,-0.071478,-0.052203
0.010239,-0.076390,-0.051120
0.009677,-0.075389,-0.047476
0.006789,-0.066804,-0.040447
0.003110,-0.057337,-0.033684
-0.000931,-0.048540,-0.027734
-0.005179,-0.040674,-0.022367
-0.009483,-0.034001,-0.017354
-0.013688,-0.028782,-0.012464
-0.017640,-0.025281,-0.007469
-0.021187,-0.023758,-0.002139
-0.024174,-0.024475,0.003756
-0.026449,-0.027696,0.010446
-0.028589,-0.031916,0.016590
-0.030681,-0.036477,0.021835
-0.032688,-0.040928,0.026077
-0.034575,-0.044822,0.029211
-0.036304,-0.047707,0.031132
-0.037839,-0.049135,0.031735
-0.039144,-0.048656,0.030916
-0.040181,-0.045820,0.028570
-0.040916,-0.040180,0.024591
-0.040814,-0.036369,0.021096
-0.039844,-0.034698,0.018553
-0.038098,-0.034396,0.017017
-0.035670,-0.034692,0.016544
-0.032651,-0.034815,0.017188
-0.029137,-0.033994,0.019005
-0.025218,-0.031458,0.022051
-0.020988,-0.026436,0.026381
-0.016540,-0.018156,0.032050
-0.012300,-0.007584,0.034613
-0.008256,0.004503,0.033480
-0.004284,0.017374,0.029024
-0.000262,0.030297,0.021618
0.003933,0.042540,0.011634
0.008424,0.053373,-0.000553
0.013333,0.062063,-0.014571
0.018785,0.067880,-0.030047
0.024901,0.070091,-0.046608
0.031251,0.069631,-0.060006
0.037446,0.067186,-0.069737
0.043113,0.063384,-0.076235
0.047876,0.058854,-0.079934
0.051358,0.054221,-0.081267
0.053185,0.050114,-0.080668
0.052981,0.047160,-0.078569
0.050370,0.045986,-0.075404
0.044978,0.047219,-0.071607
0.040647,0.049695,-0.065522
0.038120,0.052525,-0.057466
0.037363,0.054892,-0.048250
0.038345,0.055977,-0.038685
0.041033,0.054961,-0.029581
0.045394,0.051026,-0.021749
0.051394,0.043353,-0.016000
0.059002,0.031124,-0.013144
0.068185,0.013519,-0.013992
0.077099,-0.004865,-0.015843
0.085185,-0.022828,-0.018075
0.092204,-0.040018,-0.020583
0.097915,-0.056083,-0.023267
0.102081,-0.070671,-0.026022
0.104462,-0.083430,-0.028746
0.104819,-0.094008,-0.031336
0.102912,-0.102053,-0.033689
0.098503,-0.107214,-0.035703
0.093421,-0.110643,-0.036867
0.087883,-0.112738,-0.037032
0.081700,-0.113710,-0.036135
0.074686,-0.113768,-0.034116
0.066653,-0.113120,-0.030912
0.057415,-0.111978,-0.026463
0.046783,-0.110549,-0.020708
0.034570,-0.109044,-0.013583
0.020589,-0.107671,-0.005030
0.006829,-0.106625,0.002828
-0.006102,-0.105561,0.009726
-0.017940,-0.104003,0.015867
-0.028419,-0.101473,0.021454
-0.037276,-0.097495,0.026688
-0.044246,-0.091591,0.031774
-0.049064,-0.083284,0.036912
-0.051467,-0.072097,0.042307
-0.051189,-0.057553,0.048159
-0.050240,-0.045903,0.052880
-0.049098,-0.037911,0.056289
-0.047855,-0.032967,0.058563
-0.046608,-0.030464,0.059875
-0.045452,-0.029793,0.060402
-0.044479,-0.030344,0.060316
-0.043786,-0.031510,0.059795
-0.043466,-0.032682,0.059011
-0.043615,-0.033251,0.058140
-0.044437,-0.033875,0.057628
-0.045814,-0.034662,0.057496
-0.047550,-0.035583,0.057655
-0.049446,-0.036608,0.058021
-0.051307,-0.037709,0.058505
-0.052935,-0.038855,0.059021
-0.054133,-0.040018,0.059482
-0.054703,-0.041169,0.059802
-0.054448,-0.042278,0.059894
-0.053204,-0.043329,0.059848
-0.051133,-0.043934,0.059807
-0.048479,-0.043611,0.059927
-0.045487,-0.041879,0.060364
-0.042399,-0.038256,0.061274
-0.039459,-0.032262,0.062813
-0.036913,-0.023414,0.065138
-0.035002,-0.011232,0.068403
-0.033973,0.004765,0.072767
-0.032178,0.018893,0.077600
-0.029574,0.030306,0.082675
-0.026519,0.039371,0.087864
-0.023370,0.046452,0.093039
-0.020483,0.051917,0.098072
-0.018216,0.056131,0.102835
-0.016927,0.059459,0.107200
-0.016973,0.062268,0.111039
-0.018710,0.064924,0.114224
-0.021683,0.066829,0.117744
-0.025501,0.067567,0.121700
-0.029790,0.066764,0.125969
-0.034177,0.064047,0.130428
-0.038288,0.059043,0.134955
-0.041750,0.051379,0.139428
-0.044188,0.040682,0.143725
-0.045230,0.026578,0.147723
-0.044501,0.008695,0.151300
-0.041724,-0.010533,0.153034
-0.036989,-0.030050,0.153075
-0.030481,-0.049149,0.151967
-0.022383,-0.067122,0.150254
-0.012879,-0.083260,0.148479
-0.002152,-0.096854,0.147185
0.009615,-0.107197,0.146916
0.022237,-0.113580,0.148215
0.035532,-0.115294,0.151626
0.047550,-0.114291,0.153322
0.057854,-0.111179,0.152687
0.066385,-0.106229,0.149908
0.073084,-0.099712,0.145171
0.077892,-0.091901,0.138663
0.080748,-0.083066,0.130571
0.081595,-0.073479,0.121080
0.080373,-0.063411,0.110378
0.077022,-0.053135,0.098651
0.074357,-0.042547,0.089737
0.072915,-0.031970,0.083640
0.072665,-0.021828,0.079406
0.073573,-0.012547,0.076080
0.075607,-0.004553,0.072708
0.078735,0.001728,0.068335
0.082924,0.005870,0.062008
0.088143,0.007449,0.052773
0.094358,0.006037,0.039674
0.101020,0.002335,0.023374
0.107771,-0.003091,0.004879
0.114304,-0.009706,-0.014719
0.120311,-0.016975,-0.034328
0.125483,-0.024365,-0.052857
0.129513,-0.031341,-0.069213
0.132093,-0.037369,-0.082306
0.132914,-0.041915,-0.091042
0.131669,-0.044444,-0.094331
0.129304,-0.046126,-0.094617
0.126130,-0.047206,-0.092602
0.122302,-0.047695,-0.088556
0.117973,-0.047605,-0.082746
0.113297,-0.046949,-0.075440
0.108428,-0.045738,-0.066906
0.103520,-0.043984,-0.057412
0.098728,-0.041700,-0.047226
0.094204,-0.038896,-0.036616
0.090528,-0.038332,-0.028395
0.087653,-0.040054,-0.022825
0.085374,-0.043431,-0.019529
0.083488,-0.047830,-0.018131
0.081788,-0.052622,-0.018255
0.080072,-0.057175,-0.019523
0.078135,-0.060856,-0.021561
0.075772,-0.063036,-0.023991
0.072779,-0.063083,-0.026437
0.069360,-0.061774,-0.028092
0.065627,-0.059254,-0.028888
0.061672,-0.055511,-0.028945
0.057583,-0.050530,-0.028380
0.053450,-0.044299,-0.027311
0.049364,-0.036805,-0.025857
0.045414,-0.028033,-0.024136
0.041690,-0.017971,-0.022266
0.038281,-0.006606,-0.020365
0.035065,0.002251,-0.018793
0.032056,0.008231,-0.017572
0.029308,0.011827,-0.016636
0.026871,0.013533,-0.015921
0.024799,0.013840,-0.015363
0.023141,0.013243,-0.014896
0.021951,0.012232,-0.014456
0.021280,0.011303,-0.013979
0.021180,0.010947,-0.013399
0.021008,0.010841,-0.013586
0.020689,0.010849,-0.014547
0.020295,0.010883,-0.016075
0.019894,0.010854,-0.017963
0.019556,0.010672,-0.020003
0.019351,0.010251,-0.021989
0.019348,0.009500,-0.023712
0.019618,0.008331,-0.024967
0.020228,0.006656,-0.025545
0.020507,0.005386,-0.025634
0.020367,0.004685,-0.025358
0.019865,0.004524,-0.024826
0.019060,0.004881,-0.024144
0.018010,0.005727,-0.023420
0.016774,0.007039,-0.022763
0.015410,0.008789,-0.022280
0.013976,0.010953,-0.022080
0.012530,0.013505,-0.022269
0.010931,0.015401,-0.022696
0.009209,0.016604,-0.023224
0.007437,0.017325,-0.023724
0.005688,0.017777,-0.024064
0.004035,0.018172,-0.024113
0.002552,0.018722,-0.023742
0.001312,0.019641,-0.022818
0.000387,0.021139,-0.021213
-0.000148,0.023430,-0.018794
-0.000389,0.026437,-0.017545
-0.000331,0.029689,-0.017828
0.000054,0.032618,-0.019604
0.000796,0.034654,-0.022830
0.001924,0.035226,-0.027464
0.003466,0.033767,-0.033467
0.005453,0.029707,-0.040796
0.007913,0.022475,-0.049411
0.010875,0.011504,-0.059269
0.012340,0.000979,-0.066475
0.012287,-0.007722,-0.070627
0.011193,-0.013919,-0.072199
0.009533,-0.016935,-0.071662
0.007780,-0.016093,-0.069490
0.006411,-0.010715,-0.066155
0.005901,-0.000123,-0.062129
0.006724,0.016360,-0.057886
0.009356,0.039413,-0.053898
0.011330,0.059207,-0.050007
0.012313,0.074205,-0.045986
0.012505,0.084939,-0.041592
0.012106,0.091941,-0.036581
0.011317,0.095746,-0.030708
0.010336,0.096885,-0.023730
0.009364,0.095893,-0.015402
0.008601,0.093301,-0.005480
0.008246,0.089643,0.006279
0.008976,0.086088,0.014376
0.010713,0.082789,0.018380
0.013194,0.079644,0.019122
0.016157,0.076551,0.017435
0.019338,0.073409,0.014152
0.022475,0.070116,0.010107
0.025303,0.066570,0.006132
0.027560,0.062669,0.003060
0.028983,0.058312,0.001725
0.028637,0.054780,0.001725
0.026669,0.052192,0.002752
0.023496,0.050374,0.004517
0.019536,0.049154,0.006731
0.015205,0.048357,0.009106
0.010920,0.047812,0.011355
0.007098,0.047344,0.013188
0.004157,0.046781,0.014318
0.002513,0.045950,0.014456
0.000793,0.044610,0.013605
-0.001179,0.042806,0.011942
-0.003276,0.040655,0.009687
-0.005373,0.038274,0.007060
-0.007345,0.035779,0.004283
-0.009065,0.033286,0.001576
-0.010408,0.030913,-0.000842
-0.011249,0.028777,-0.002749
-0.011461,0.026992,-0.003924
-0.011506,0.025088,-0.004892
-0.011462,0.023050,-0.005788
-0.011312,0.020982,-0.006649
-0.011036,0.018984,-0.007516
-0.010618,0.017161,-0.008426
-0.010039,0.015614,-0.009419
-0.009282,0.014446,-0.010532
-0.008328,0.013759,-0.011806
-0.007160,0.013654,-0.013277
-0.005943,0.013877,-0.014434
-0.004732,0.014300,-0.015223
-0.003555,0.014830,-0.015707
-0.002438,0.015375,-0.015948
-0.001410,0.015840,-0.016008
-0.000498,0.016133,-0.015950
0.000270,0.016160,-0.015836
0.000868,0.015829,-0.015728
0.001268,0.015045,-0.015689
0.001583,0.013785,-0.015139
0.001847,0.012134,-0.014071
0.002076,0.010208,-0.012616
0.002284,0.008121,-0.010909
0.002487,0.005989,-0.009083
0.002699,0.003924,-0.007271
0.002935,0.002043,-0.005608
0.003210,0.000459,-0.004225
0.003539,-0.000712,-0.003258
0.003733,-0.002409,-0.002528
0.003796,-0.004608,-0.001957
0.003773,-0.007043,-0.001493
0.003713,-0.009450,-0.001085
0.003664,-0.011563,-0.000679
0.003675,-0.013119,-0.000225
0.003793,-0.013851,0.000331
0.004066,-0.013495,0.001040
0.004543,-0.011786,0.001954
0.005253,-0.010403,0.003017
0.006116,-0.009610,0.004132
0.007018,-0.009311,0.005192
0.007849,-0.009414,0.006092
0.008498,-0.009825,0.006723
0.008854,-0.010450,0.006981
0.008804,-0.011197,0.006758
0.008239,-0.011973,0.005948
0.007046,-0.012683,0.004445
0.006376,-0.013092,0.003599
0.006311,-0.013216,0.003498
0.006662,-0.013133,0.003913
0.007243,-0.012923,0.004616
0.007867,-0.012661,0.005377
0.008346,-0.012429,0.005970
0.008494,-0.012302,0.006164
0.008123,-0.012361,0.005732
0.007046,-0.012683,0.004445
0.006330,-0.013578,0.002935
0.006082,-0.014988,0.001432
0.006170,-0.016760,0.000062
0.006461,-0.018743,-0.001049
0.006824,-0.020784,-0.001773
0.007126,-0.022733,-0.001984
0.007234,-0.024437,-0.001555
0.007017,-0.025744,-0.000358
0.006342,-0.026503,0.001731
0.005548,-0.027583,0.003735
0.004718,-0.029045,0.005522
0.003873,-0.030745,0.007174
0.003034,-0.032541,0.008769
0.002221,-0.034290,0.010391
0.001454,-0.035849,0.012119
0.000755,-0.037074,0.014035
0.000142,-0.037824,0.016219
-0.000362,-0.037955,0.018753
-0.000367,-0.037858,0.020338
0.000113,-0.037684,0.020933
0.000959,-0.037525,0.020810
0.002057,-0.037474,0.020243
0.003287,-0.037624,0.019505
0.004535,-0.038066,0.018867
0.005682,-0.038893,0.018603
0.006613,-0.040198,0.018986
0.007209,-0.042072,0.020288
0.008055,-0.043094,0.022149
0.009201,-0.043194,0.024365
0.010563,-0.042635,0.026773
0.012060,-0.041685,0.029209
0.013607,-0.040608,0.031511
0.015123,-0.039670,0.033513
0.016524,-0.039137,0.035053
0.017728,-0.039274,0.035967
0.018652,-0.040347,0.036092
0.018477,-0.041007,0.036105
0.017261,-0.041039,0.036143
0.015282,-0.040511,0.036208
0.012817,-0.039490,0.036301
0.010143,-0.038045,0.036423
0.007538,-0.036244,0.036576
0.005280,-0.034155,0.036762
0.003645,-0.031844,0.036981
0.002911,-0.029381,0.037235
0.002970,-0.027645,0.036039
0.003670,-0.026729,0.033433
0.004853,-0.026531,0.029842
0.006358,-0.026949,0.025688
0.008027,-0.027880,0.021395
0.009698,-0.029224,0.017387
0.011212,-0.030876,0.014087
0.012409,-0.032736,0.011919
0.013130,-0.034700,0.011307
0.014069,-0.036064,0.010335
0.015176,-0.036814,0.008747
0.016215,-0.037112,0.006701
0.016949,-0.037119,0.004354
0.017141,-0.036995,0.001866
0.016554,-0.036901,-0.000607
0.014953,-0.036998,-0.002907
0.012101,-0.037446,-0.004876
0.007761,-0.038406,-0.006355
0.004375,-0.039819,-0.007617
0.002245,-0.041562,-0.008728
0.001136,-0.043503,-0.009705
0.000812,-0.045506,-0.010564
0.001038,-0.047437,-0.011322
0.001579,-0.049161,-0.011996
0.002201,-0.050543,-0.012602
0.002667,-0.051449,-0.013157
0.002744,-0.051745,-0.013676
0.003498,-0.052631,-0.014380
0.004868,-0.054221,-0.015341
0.006515,-0.056355,-0.016598
0.008097,-0.058871,-0.018186
0.009273,-0.061609,-0.020144
0.009703,-0.064409,-0.022508
0.009044,-0.067111,-0.025317
0.006956,-0.069553,-0.028607
0.003099,-0.071576,-0.032415
0.000300,-0.072684,-0.035551
-0.001076,-0.072865,-0.037849
-0.001285,-0.072227,-0.039398
-0.000580,-0.070879,-0.040286
0.000784,-0.068929,-0.040603
0.002554,-0.066486,-0.040439
0.004476,-0.063658,-0.039883
0.006295,-0.060555,-0.039023
0.007757,-0.057284,-0.037950
0.009218,-0.055118,-0.037493
0.010722,-0.054074,-0.037710
0.012241,-0.053856,-0.038466
0.013744,-0.054168,-0.039627
0.015200,-0.054714,-0.041058
0.016581,-0.055199,-0.042624
0.017855,-0.055326,-0.044191
0.018993,-0.054800,-0.045624
0.019964,-0.053324,-0.046788
0.020234,-0.050718,-0.046897
0.019849,-0.047165,-0.045993
0.018995,-0.042939,-0.044327
0.017863,-0.038316,-0.042150
0.016640,-0.033570,-0.039713
0.015517,-0.028976,-0.037266
0.014681,-0.024808,-0.035060
0.014321,-0.021341,-0.033345
0.014627,-0.018849,-0.032373
0.015746,-0.017759,-0.031278
0.017524,-0.017883,-0.029932
0.019730,-0.018883,-0.028396
0.022135,-0.020416,-0.026726
0.024508,-0.022144,-0.024982
0.026619,-0.023726,-0.023221
0.028238,-0.024821,-0.021503
0.029135,-0.025090,-0.019884
0.029079,-0.024192,-0.018424
0.027966,-0.022589,-0.017493
0.025978,-0.020516,-0.017076
0.023369,-0.018156,-0.017060
0.020394,-0.015687,-0.017331
0.017306,-0.013292,-0.017778
0.014360,-0.011150,-0.018288
0.011811,-0.009443,-0.018747
0.009911,-0.008352,-0.019044
0.008917,-0.008056,-0.019065
0.008671,-0.007282,-0.019570
0.009043,-0.005926,-0.020583
0.009912,-0.004180,-0.021947
0.011156,-0.002234,-0.023504
0.012653,-0.000278,-0.025095
0.014281,0.001495,-0.026563
0.015917,0.002897,-0.027749
0.017440,0.003736,-0.028496
0.018728,0.003821,-0.028645
0.019604,0.002964,-0.028390
0.020074,0.001360,-0.027831
0.020194,-0.000697,-0.027046
0.020015,-0.002916,-0.026112
0.019592,-0.005004,-0.025109
0.018978,-0.006669,-0.024112
0.018226,-0.007618,-0.023200
0.017390,-0.007560,-0.022451
0.016523,-0.006201,-0.021943
0.016135,-0.005036,-0.021189
0.016216,-0.004340,-0.020150
0.016624,-0.004081,-0.018892
0.017218,-0.004230,-0.017485
0.017859,-0.004754,-0.015996
0.018406,-0.005624,-0.014495
0.018717,-0.006809,-0.013050
0.018653,-0.008278,-0.011730
0.018072,-0.010001,-0.010603
0.016866,-0.011711,-0.009381
0.015158,-0.013276,-0.008034
0.013133,-0.014596,-0.006597
0.010972,-0.015571,-0.005106
0.008859,-0.016101,-0.003594
0.006977,-0.016088,-0.002098
0.005508,-0.015430,-0.000651
0.004636,-0.014030,0.000711
0.004543,-0.011786,0.001954
0.004923,-0.010090,0.003208
0.005605,-0.009125,0.004428
0.006448,-0.008769,0.005523
0.007311,-0.008903,0.006403
0.008056,-0.009405,0.006980
0.008542,-0.010154,0.007162
0.008629,-0.011031,0.006860
0.008177,-0.011914,0.005984
0.007046,-0.012683,0.004445
0.006189,-0.013372,0.003290
0.005740,-0.013919,0.002671
0.005630,-0.014235,0.002511
0.005788,-0.014233,0.002736
0.006144,-0.013824,0.003272
0.006628,-0.012920,0.004043
0.007170,-0.011434,0.004974
0.007700,-0.009278,0.005991
0.008147,-0.006363,0.007018
0.008177,-0.003873,0.007170
0.007810,-0.001995,0.006454
0.007160,-0.000666,0.005104
0.006337,0.000176,0.003353
0.005453,0.000595,0.001435
0.004619,0.000653,-0.000419
0.003948,0.000413,-0.001974
0.003550,-0.000063,-0.002998
0.003539,-0.000712,-0.003258
0.003484,-0.001669,-0.003733
0.003294,-0.002878,-0.004541
0.002959,-0.004239,-0.005582
0.002469,-0.005650,-0.006761
0.001816,-0.007009,-0.007978
0.000989,-0.008214,-0.009135
-0.000021,-0.009164,-0.010136
-0.001223,-0.009757,-0.010881
-0.002627,-0.009891,-0.011273
-0.004032,-0.009800,-0.011843
-0.005385,-0.009537,-0.012642
-0.006671,-0.009111,-0.013598
-0.007873,-0.008530,-0.014641
-0.008977,-0.007802,-0.015699
-0.009965,-0.006936,-0.016702
-0.010824,-0.005939,-0.017578
-0.011536,-0.004822,-0.018257
-0.012087,-0.003591,-0.018668
-0.013317,-0.002384,-0.018943
-0.015208,-0.001287,-0.019107
-0.017525,-0.000377,-0.019158
-0.020035,0.000271,-0.019092
-0.022505,0.000583,-0.018907
-0.024702,0.000481,-0.018601
-0.026391,-0.000108,-0.018171
-0.027339,-0.001261,-0.017614
-0.027313,-0.003053,-0.016928
-0.027223,-0.005582,-0.016517
-0.027243,-0.008688,-0.016434
-0.027362,-0.012144,-0.016641
-0.027570,-0.015724,-0.017102
-0.027858,-0.019202,-0.017782
-0.028215,-0.022351,-0.018643
-0.028631,-0.024945,-0.019649
-0.029096,-0.026758,-0.020764
-0.029600,-0.027564,-0.021951
-0.030475,-0.027122,-0.022887
-0.031696,-0.025632,-0.023546
-0.033147,-0.023403,-0.023980
-0.034715,-0.020745,-0.024236
-0.036284,-0.017966,-0.024365
-0.037739,-0.015378,-0.024417
-0.038967,-0.013288,-0.024440
-0.039850,-0.012006,-0.024485
-0.040277,-0.011842,-0.024602
-0.040810,-0.012925,-0.024291
-0.041514,-0.014989,-0.023537
-0.042326,-0.017673,-0.022441
-0.043183,-0.020613,-0.021108
-0.044022,-0.023449,-0.019640
-0.044779,-0.025816,-0.018141
-0.045394,-0.027353,-0.016715
-0.045801,-0.027697,-0.015465
-0.045939,-0.026486,-0.014494
-0.045551,-0.025616,-0.014154
-0.044694,-0.025273,-0.014413
-0.043505,-0.025213,-0.015141
-0.042121,-0.025191,-0.016207
-0.040678,-0.024966,-0.017482
-0.039313,-0.024293,-0.018835
-0.038162,-0.022929,-0.020136
-0.037362,-0.020630,-0.021256
-0.037050,-0.017154,-0.022065
-0.036934,-0.013558,-0.022904
-0.036912,-0.010112,-0.023778
-0.036931,-0.006887,-0.024603
-0.036938,-0.003955,-0.025300
-0.036881,-0.001387,-0.025786
-0.036705,0.000744,-0.025979
-0.036358,0.002367,-0.025799
-0.035786,0.003411,-0.025163
-0.034937,0.003803,-0.023989
-0.034440,0.004443,-0.023259
-0.034331,0.005457,-0.023042
-0.034500,0.006779,-0.023180
-0.034835,0.008341,-0.023515
-0.035224,0.010078,-0.023891
-0.035556,0.011922,-0.024147
-0.035720,0.013808,-0.024128
-0.035603,0.015668,-0.023674
-0.035095,0.017437,-0.022629
-0.034361,0.018714,-0.022045
-0.033476,0.019427,-0.021992
-0.032488,0.019584,-0.022293
-0.031448,0.019193,-0.022771
-0.030405,0.018265,-0.023249
-0.029409,0.016807,-0.023551
-0.028510,0.014829,-0.023499
-0.027758,0.012339,-0.022917
-0.027201,0.009346,-0.021627
-0.026820,0.006862,-0.021094
-0.026581,0.004985,-0.021431
-0.026448,0.003585,-0.022417
-0.026384,0.002532,-0.023828
-0.026355,0.001696,-0.025442
-0.026324,0.000945,-0.027035
-0.026254,0.000150,-0.028386
-0.026110,-0.000819,-0.029271
-0.025855,-0.002094,-0.029469
-0.025906,-0.003010,-0.029118
-0.026290,-0.003513,-0.028350
-0.026937,-0.003699,-0.027294
-0.027774,-0.003667,-0.026076
-0.028730,-0.003514,-0.024826
-0.029736,-0.003337,-0.023671
-0.030720,-0.003234,-0.022738
-0.031611,-0.003303,-0.022157
-0.032338,-0.003640,-0.022055
-0.032499,-0.004128,-0.022803
-0.032120,-0.004723,-0.024283
-0.031336,-0.005397,-0.026259
-0.030284,-0.006127,-0.028495
-0.029096,-0.006886,-0.030752
-0.027909,-0.007648,-0.032794
-0.026858,-0.008388,-0.034384
-0.026076,-0.009080,-0.035285
-0.025699,-0.009698,-0.035259
-0.026076,-0.009442,-0.034809
-0.027107,-0.008337,-0.034067
-0.028581,-0.006614,-0.033072
-0.030289,-0.004503,-0.031863
-0.032017,-0.002234,-0.030480
-0.033558,-0.000039,-0.028961
-0.034698,0.001853,-0.027347
-0.035228,0.003211,-0.025677
-0.034937,0.003803,-0.023989
-0.034429,0.004544,-0.022506
-0.033848,0.005585,-0.021228
-0.033219,0.006888,-0.020101
-0.032570,0.008415,-0.019070
-0.031927,0.010128,-0.018079
-0.031318,0.011989,-0.017073
-0.030768,0.013961,-0.015999
-0.030305,0.016004,-0.014801
-0.029956,0.018082,-0.013423
-0.030118,0.019437,-0.012492
-0.030783,0.020004,-0.012053
-0.031841,0.019889,-0.012006
-0.033182,0.019199,-0.012252
-0.034695,0.018041,-0.012691
-0.036272,0.016523,-0.013226
-0.037801,0.014749,-0.013756
-0.039173,0.012829,-0.014182
-0.040277,0.010868,-0.014406
-0.041378,0.008443,-0.014609
-0.042506,0.005606,-0.014773
-0.043632,0.002523,-0.014832
-0.044727,-0.000636,-0.014718
-0.045764,-0.003704,-0.014361
-0.046712,-0.006512,-0.013696
-0.047545,-0.008892,-0.012653
-0.048232,-0.010677,-0.011166
-0.048747,-0.011697,-0.009165
-0.049039,-0.012283,-0.008036
-0.049140,-0.012559,-0.007834
-0.049100,-0.012593,-0.008282
-0.048970,-0.012458,-0.009105
-0.048801,-0.012222,-0.010026
-0.048644,-0.011958,-0.010769
-0.048548,-0.011735,-0.011057
-0.048566,-0.011625,-0.010615
-0.048747,-0.011697,-0.009165
-0.049392,-0.012244,-0.008434
-0.050416,-0.013200,-0.008621
-0.051636,-0.014406,-0.009545
-0.052869,-0.015705,-0.011026
-0.053933,-0.016940,-0.012881
-0.054645,-0.017954,-0.014929
-0.054823,-0.018588,-0.016990
-0.054284,-0.018686,-0.018882
-0.052846,-0.018090,-0.020425
-0.050678,-0.016815,-0.021487
-0.047986,-0.015015,-0.022116
-0.044983,-0.012880,-0.022404
-0.041881,-0.010600,-0.022440
-0.038893,-0.008363,-0.022318
-0.036232,-0.006359,-0.022127
-0.034110,-0.004777,-0.021958
-0.032742,-0.003808,-0.021904
-0.032338,-0.003640,-0.022055
-0.032441,-0.003231,-0.022497
-0.032864,-0.002461,-0.023154
-0.033490,-0.001439,-0.023909
-0.034202,-0.000275,-0.024646
-0.034881,0.000919,-0.025249
-0.035412,0.002034,-0.025601
-0.035676,0.002960,-0.025586
-0.035557,0.003587,-0.025087
-0.034937,0.003803,-0.023989
-0.034237,0.004324,-0.022849
-0.033551,0.005244,-0.021759
-0.032887,0.006507,-0.020694
-0.032257,0.008055,-0.019628
-0.031670,0.009832,-0.018538
-0.031136,0.011781,-0.017397
-0.030666,0.013843,-0.016181
-0.030269,0.015963,-0.014865
-0.029956,0.018082,-0.013423
-0.028971,0.019770,-0.012342
-0.027303,0.021008,-0.011687
-0.025122,0.021882,-0.011421
-0.022601,0.022476,-0.011508
-0.019909,0.022878,-0.011910
-0.017221,0.023171,-0.012589
-0.014705,0.023441,-0.013508
-0.012536,0.023774,-0.014630
-0.010883,0.024255,-0.015918
-0.009389,0.024700,-0.017221
-0.007976,0.025064,-0.018495
-0.006638,0.025338,-0.019721
-0.005368,0.025515,-0.020879
-0.004159,0.025584,-0.021952
-0.003005,0.025538,-0.022919
-0.001900,0.025369,-0.023762
-0.000835,0.025066,-0.024462
0.000194,0.024622,-0.025000
0.001003,0.024855,-0.025548
0.001529,0.025754,-0.026086
0.001741,0.027102,-0.026548
0.001606,0.028680,-0.026866
0.001093,0.030269,-0.026974
0.000169,0.031652,-0.026804
-0.001196,0.032609,-0.026290
-0.003034,0.032923,-0.025365
-0.005378,0.032376,-0.023962
-0.007377,0.031755,-0.021802
-0.008887,0.031131,-0.019056
-0.009944,0.030391,-0.016008
-0.010585,0.029425,-0.012944
-0.010843,0.028122,-0.010148
-0.010754,0.026372,-0.007903
-0.010353,0.024062,-0.006495
-0.009676,0.021083,-0.006207
-0.008757,0.017322,-0.007325
-0.007874,0.014280,-0.008062
-0.007099,0.012173,-0.008177
-0.006454,0.010901,-0.007812
-0.005961,0.010362,-0.007107
-0.005643,0.010452,-0.006205
-0.005521,0.011071,-0.005249
-0.005617,0.012117,-0.004380
-0.005954,0.013488,-0.003740
-0.006553,0.015081,-0.003472
-0.006465,0.015693,-0.003299
-0.005559,0.015336,-0.002979
-0.003905,0.014327,-0.002275
-0.001576,0.012983,-0.000950
0.001356,0.011621,0.001231
0.004820,0.010558,0.004505
0.008743,0.010109,0.009107
0.013054,0.010593,0.015275
0.017681,0.012326,0.023244
