0.000000,0.000000,0.000000
0.006541,-0.003091,-0.001109
0.008469,-0.005898,-0.002868
0.007253,-0.008242,-0.004867
0.004364,-0.009944,-0.006695
0.001272,-0.010826,-0.007944
-0.001372,-0.011571,-0.009202
-0.003514,-0.012218,-0.010552
-0.005243,-0.012643,-0.011948
-0.006651,-0.012723,-0.013342
-0.007831,-0.012332,-0.014688
-0.008872,-0.011348,-0.015940
-0.009868,-0.009645,-0.017052
-0.010909,-0.007101,-0.017976
-0.012087,-0.003591,-0.018668
-0.013510,0.000667,-0.018966
-0.015085,0.005366,-0.018719
-0.016668,0.010177,-0.017774
-0.018115,0.014768,-0.015979
-0.019284,0.018810,-0.013184
-0.020030,0.021973,-0.009236
-0.020211,0.023927,-0.003985
-0.019682,0.024341,0.002723
-0.018301,0.022886,0.011038
-0.016622,0.019581,0.018412
-0.014803,0.014796,0.024456
-0.012901,0.008992,0.029320
-0.010973,0.002627,0.033154
-0.009078,-0.003838,0.036108
-0.007273,-0.009944,0.038333
-0.005616,-0.015231,0.039978
-0.004163,-0.019240,0.041194
-0.002974,-0.021511,0.042130
-0.001161,-0.022734,0.042680
0.001292,-0.023213,0.042840
0.004187,-0.023155,0.042637
0.007321,-0.022769,0.042095
0.010497,-0.022263,0.041237
0.013514,-0.021845,0.040090
0.016171,-0.021722,0.038677
0.018269,-0.022104,0.037024
0.019609,-0.023198,0.035155
0.020725,-0.024446,0.034103
0.021729,-0.025716,0.033868
0.022620,-0.026981,0.034191
0.023402,-0.028216,0.034814
0.024076,-0.029395,0.035477
0.024645,-0.030490,0.035921
0.025110,-0.031476,0.035888
0.025473,-0.032328,0.035118
0.025736,-0.033018,0.033353
0.025641,-0.033817,0.030988
0.025193,-0.034716,0.028207
0.024462,-0.035636,0.025146
0.023522,-0.036500,0.021936
0.022442,-0.037228,0.018712
0.021296,-0.037744,0.015606
0.020153,-0.037967,0.012753
0.019086,-0.037821,0.010284
0.018166,-0.037227,0.008335
0.017157,-0.037304,0.006381
0.016044,-0.038113,0.004388
0.014864,-0.039455,0.002448
0.013654,-0.041127,0.000649
0.012454,-0.042928,-0.000919
0.011300,-0.044657,-0.002165
0.010231,-0.046112,-0.003001
0.009285,-0.047091,-0.003335
0.008499,-0.047395,-0.003079
0.007596,-0.047135,-0.002155
0.006557,-0.046422,-0.000627
0.005433,-0.045366,0.001407
0.004272,-0.044076,0.003850
0.003124,-0.042661,0.006602
0.002038,-0.041233,0.009567
0.001062,-0.039899,0.012646
0.000246,-0.038770,0.015740
-0.000362,-0.037955,0.018753
-0.000427,-0.037307,0.020621
0.000020,-0.036832,0.021371
0.000856,-0.036574,0.021300
0.001959,-0.036577,0.020705
0.003207,-0.036886,0.019885
0.004478,-0.037546,0.019135
0.005650,-0.038600,0.018754
0.006601,-0.040094,0.019039
0.007209,-0.042072,0.020288
0.008515,-0.043533,0.021561
0.010497,-0.044325,0.022692
0.012868,-0.044510,0.023709
0.015342,-0.044148,0.024642
0.017632,-0.043299,0.025516
0.019451,-0.042023,0.026362
0.020512,-0.040382,0.027207
0.020529,-0.038435,0.028078
0.019215,-0.036243,0.029005
0.018193,-0.034869,0.028846
0.017687,-0.034356,0.027573
0.017574,-0.034495,0.025434
0.017728,-0.035075,0.022678
0.018026,-0.035886,0.019553
0.018344,-0.036716,0.016307
0.018556,-0.037357,0.013190
0.018538,-0.037598,0.010450
0.018166,-0.037227,0.008335
0.017024,-0.036996,0.007060
0.015188,-0.037001,0.006598
0.012858,-0.037173,0.006861
0.010232,-0.037446,0.007761
0.007509,-0.037752,0.009211
0.004890,-0.038023,0.011123
0.002572,-0.038193,0.013409
0.000755,-0.038192,0.015982
-0.000362,-0.037955,0.018753
-0.001783,-0.037408,0.021998
-0.003577,-0.036605,0.025629
-0.005581,-0.035631,0.029471
-0.007630,-0.034571,0.033347
-0.009560,-0.033512,0.037079
-0.011207,-0.032538,0.040490
-0.012406,-0.031735,0.043405
-0.012994,-0.031188,0.045647
-0.012805,-0.030982,0.047038
-0.012419,-0.029753,0.047971
-0.011954,-0.027573,0.048559
-0.011412,-0.024876,0.048844
-0.010798,-0.022093,0.048871
-0.010113,-0.019659,0.048680
-0.009362,-0.018006,0.048317
-0.008547,-0.017567,0.047822
-0.007672,-0.018774,0.047239
-0.006740,-0.022061,0.046612
-0.006113,-0.025925,0.046591
-0.005830,-0.029892,0.047142
-0.005846,-0.033748,0.048060
-0.006116,-0.037277,0.049137
-0.006598,-0.040263,0.050170
-0.007246,-0.042493,0.050951
-0.008017,-0.043749,0.051274
-0.008866,-0.043818,0.050934
-0.009749,-0.042484,0.049725
-0.010897,-0.040586,0.048437
-0.012279,-0.038387,0.047208
-0.013803,-0.036000,0.046015
-0.015376,-0.033541,0.044835
-0.016904,-0.031126,0.043644
-0.018295,-0.028870,0.042418
-0.019454,-0.026887,0.041135
-0.020290,-0.025294,0.039770
-0.020708,-0.024205,0.038300
-0.020423,-0.022985,0.036287
-0.019528,-0.021616,0.033808
-0.018212,-0.020231,0.031071
-0.016662,-0.018968,0.028282
-0.015067,-0.017960,0.025648
-0.013615,-0.017343,0.023377
-0.012496,-0.017253,0.021675
-0.011896,-0.017824,0.020749
-0.012005,-0.019191,0.020807
-0.012686,-0.020680,0.020774
-0.013798,-0.022140,0.020528
-0.015198,-0.023552,0.020187
-0.016745,-0.024897,0.019867
-0.018295,-0.026156,0.019685
-0.019706,-0.027310,0.019757
-0.020836,-0.028341,0.020202
-0.021543,-0.029230,0.021136
-0.021683,-0.029958,0.022676
-0.021902,-0.031181,0.023909
-0.022288,-0.032871,0.024700
-0.022787,-0.034827,0.025103
-0.023350,-0.036846,0.025173
-0.023923,-0.038729,0.024967
-0.024455,-0.040273,0.024540
-0.024894,-0.041278,0.023948
-0.025188,-0.041542,0.023246
-0.025286,-0.040864,0.022490
-0.025466,-0.040445,0.021819
-0.025749,-0.040428,0.021239
-0.026089,-0.040698,0.020718
-0.026442,-0.041138,0.020227
-0.026764,-0.041629,0.019735
-0.027009,-0.042054,0.019211
-0.027135,-0.042297,0.018627
-0.027095,-0.042240,0.017952
-0.026846,-0.041766,0.017155
-0.026374,-0.041289,0.016456
-0.025737,-0.040891,0.015899
-0.025014,-0.040570,0.015483
-0.024280,-0.040325,0.015208
-0.023613,-0.040153,0.015072
-0.023090,-0.040055,0.015074
-0.022789,-0.040027,0.015215
-0.022785,-0.040068,0.015493
-0.023157,-0.040177,0.015907
-0.023576,-0.040503,0.016629
-0.023969,-0.040997,0.017607
-0.024327,-0.041560,0.018732
-0.024643,-0.042094,0.019895
-0.024908,-0.042499,0.020988
-0.025113,-0.042678,0.021902
-0.025250,-0.042531,0.022530
-0.025311,-0.041959,0.022762
-0.025286,-0.040864,0.022490
-0.025273,-0.040250,0.022342
-0.025282,-0.040182,0.022389
-0.025306,-0.040493,0.022564
-0.025337,-0.041013,0.022799
-0.025365,-0.041574,0.023025
-0.025382,-0.042008,0.023175
-0.025380,-0.042147,0.023181
-0.025351,-0.041822,0.022975
-0.025286,-0.040864,0.022490
-0.025250,-0.040333,0.022219
-0.025247,-0.040311,0.022199
-0.025267,-0.040636,0.022352
-0.025300,-0.041148,0.022599
-0.025334,-0.041685,0.022860
-0.025361,-0.042087,0.023059
-0.025368,-0.042191,0.023116
-0.025347,-0.041837,0.022952
-0.025286,-0.040864,0.022490
-0.024726,-0.039529,0.021719
-0.023671,-0.037975,0.020761
-0.022240,-0.036322,0.019766
-0.020553,-0.034685,0.018887
-0.018730,-0.033183,0.018274
-0.016891,-0.031932,0.018081
-0.015156,-0.031050,0.018459
-0.013644,-0.030655,0.019559
-0.012476,-0.030862,0.021534
-0.012333,-0.031769,0.023157
-0.013155,-0.033223,0.024239
-0.014698,-0.035012,0.024850
-0.016713,-0.036924,0.025058
-0.018957,-0.038744,0.024933
-0.021182,-0.040261,0.024545
-0.023142,-0.041262,0.023962
-0.024593,-0.041534,0.023254
-0.025286,-0.040864,0.022490
-0.025720,-0.039712,0.021152
-0.025987,-0.038287,0.019281
-0.026080,-0.036737,0.017053
-0.025993,-0.035208,0.014648
-0.025720,-0.033848,0.012243
-0.025253,-0.032804,0.010016
-0.024586,-0.032223,0.008147
-0.023712,-0.032254,0.006813
-0.022624,-0.033041,0.006193
-0.021864,-0.033569,0.006276
-0.021472,-0.033660,0.006956
-0.021366,-0.033350,0.008107
-0.021462,-0.032676,0.009601
-0.021676,-0.031672,0.011310
-0.021924,-0.030374,0.013107
-0.022124,-0.028818,0.014862
-0.022191,-0.027039,0.016450
-0.022043,-0.025072,0.017742
-0.020946,-0.023125,0.019497
-0.018943,-0.021294,0.021717
-0.016269,-0.019649,0.024218
-0.013160,-0.018260,0.026813
-0.009850,-0.017197,0.029316
-0.006576,-0.016528,0.031542
-0.003572,-0.016325,0.033305
-0.001075,-0.016655,0.034418
0.000681,-0.017590,0.034697
0.001726,-0.018199,0.034610
0.002146,-0.018362,0.034296
0.002040,-0.018160,0.033814
0.001507,-0.017672,0.033221
0.000647,-0.016980,0.032573
-0.000440,-0.016165,0.031929
-0.001657,-0.015307,0.031346
-0.002903,-0.014486,0.030882
-0.004079,-0.013784,0.030593
-0.005271,-0.012686,0.030641
-0.006449,-0.011189,0.031010
-0.007559,-0.009418,0.031642
-0.008544,-0.007496,0.032478
-0.009349,-0.005547,0.033460
-0.009917,-0.003697,0.034528
-0.010192,-0.002069,0.035624
-0.010119,-0.000788,0.036689
-0.009642,0.000023,0.037665
-0.009272,0.001052,0.038794
-0.009071,0.002319,0.040051
-0.008990,0.003675,0.041341
-0.008977,0.004972,0.042569
-0.008983,0.006061,0.043641
-0.008957,0.006792,0.044462
-0.008849,0.007017,0.044938
-0.008608,0.006588,0.044975
-0.008185,0.005356,0.044478
-0.007768,0.003837,0.043663
-0.007384,0.002216,0.042614
-0.007017,0.000593,0.041380
-0.006654,-0.000932,0.040012
-0.006279,-0.002257,0.038559
-0.005879,-0.003284,0.037072
-0.005438,-0.003910,0.035599
-0.004942,-0.004036,0.034192
-0.004376,-0.003562,0.032899
-0.003670,-0.003000,0.031453
-0.002845,-0.002440,0.029861
-0.001949,-0.001860,0.028202
-0.001028,-0.001243,0.026554
-0.000130,-0.000568,0.024996
0.000700,0.000182,0.023606
0.001415,0.001029,0.022463
0.001968,0.001990,0.021645
0.002312,0.003085,0.021230
0.002509,0.003704,0.020992
0.002593,0.003837,0.020865
0.002592,0.003627,0.020829
0.002533,0.003215,0.020860
0.002442,0.002743,0.020936
0.002348,0.002352,0.021033
0.002276,0.002185,0.021130
0.002255,0.002382,0.021203
0.002312,0.003085,0.021230
0.001671,0.004539,0.021288
0.000377,0.006653,0.021263
-0.001320,0.009250,0.020993
-0.003173,0.012154,0.020317
-0.004931,0.015189,0.019074
-0.006347,0.018179,0.017102
-0.007170,0.020947,0.014240
-0.007153,0.023319,0.010326
-0.006045,0.025117,0.005199
-0.004650,0.026162,0.000465
-0.003161,0.026454,-0.003589
-0.001623,0.026038,-0.007006
-0.000079,0.024957,-0.009828
0.001428,0.023256,-0.012099
0.002855,0.020979,-0.013859
0.004158,0.018172,-0.015153
0.005293,0.014878,-0.016023
0.006218,0.011141,-0.016512
0.006160,0.008619,-0.013823
0.005106,0.007475,-0.008066
0.003230,0.007502,-0.000074
0.000706,0.008492,0.009319
-0.002291,0.010237,0.019281
-0.005586,0.012530,0.028977
-0.009006,0.015163,0.037573
-0.012375,0.017928,0.044237
-0.015518,0.020617,0.048134
-0.018075,0.022402,0.050856
-0.020021,0.023215,0.052795
-0.021422,0.023180,0.054044
-0.022339,0.022418,0.054695
-0.022836,0.021052,0.054841
-0.022977,0.019204,0.054575
-0.022825,0.016999,0.053989
-0.022442,0.014557,0.053177
-0.021892,0.012001,0.052230
-0.020907,0.010149,0.051313
-0.019526,0.009014,0.050445
-0.017859,0.008407,0.049612
-0.016020,0.008142,0.048797
-0.014121,0.008029,0.047986
-0.012276,0.007882,0.047164
-0.010596,0.007513,0.046316
-0.009195,0.006733,0.045425
-0.008185,0.005356,0.044478
-0.007323,0.003982,0.043223
-0.006544,0.002753,0.041658
-0.005829,0.001695,0.039840
-0.005159,0.000835,0.037825
-0.004513,0.000200,0.035672
-0.003873,-0.000185,0.033437
-0.003219,-0.000293,0.031179
-0.002532,-0.000098,0.028954
-0.001792,0.000427,0.026819
-0.000593,-0.000202,0.024678
0.001043,-0.002001,0.022536
0.002992,-0.004620,0.020426
0.005127,-0.007707,0.018383
0.007323,-0.010912,0.016438
0.009453,-0.013883,0.014626
0.011392,-0.016270,0.012978
0.013013,-0.017723,0.011529
0.014192,-0.017889,0.010311
0.015424,-0.017796,0.009419
0.016724,-0.017677,0.008786
0.017988,-0.017564,0.008303
0.019110,-0.017492,0.007865
0.019985,-0.017493,0.007362
0.020508,-0.017602,0.006687
0.020575,-0.017851,0.005734
0.020079,-0.018275,0.004393
0.018916,-0.018906,0.002558
0.017849,-0.019070,0.000430
0.016995,-0.018758,-0.001810
0.016308,-0.018127,-0.003988
0.015742,-0.017335,-0.005930
0.015251,-0.016540,-0.007460
0.014791,-0.015900,-0.008404
0.014315,-0.015571,-0.008588
0.013778,-0.015713,-0.007837
0.013134,-0.016482,-0.005976
0.012614,-0.016829,-0.003767
0.012210,-0.016658,-0.001477
0.011856,-0.016107,0.000745
0.011485,-0.015317,0.002753
0.011030,-0.014428,0.004400
0.010425,-0.013580,0.005540
0.009604,-0.012913,0.006025
0.008500,-0.012567,0.005709
0.007046,-0.012683,0.004445
0.005712,-0.012731,0.003018
0.004596,-0.012618,0.001632
0.003699,-0.012353,0.000346
0.003023,-0.011950,-0.000784
0.002572,-0.011421,-0.001700
0.002347,-0.010777,-0.002343
0.002352,-0.010030,-0.002655
0.002588,-0.009193,-0.002580
0.003058,-0.008277,-0.002058
0.003738,-0.007741,-0.001661
0.004531,-0.007608,-0.001479
0.005321,-0.007794,-0.001484
0.005993,-0.008214,-0.001647
0.006432,-0.008785,-0.001941
0.006523,-0.009421,-0.002336
0.006150,-0.010039,-0.002804
0.005197,-0.010554,-0.003318
0.003550,-0.010881,-0.003847
0.001500,-0.011320,-0.004794
-0.000813,-0.011869,-0.006153
-0.003281,-0.012452,-0.007818
-0.005802,-0.012991,-0.009684
-0.008268,-0.013410,-0.011645
-0.010577,-0.013631,-0.013595
-0.012621,-0.013579,-0.015428
-0.014296,-0.013176,-0.017038
-0.015498,-0.012345,-0.018319
-0.017022,-0.011215,-0.019303
-0.018926,-0.009891,-0.020035
-0.021085,-0.008473,-0.020562
-0.023372,-0.007063,-0.020931
-0.025663,-0.005761,-0.021188
-0.027831,-0.004667,-0.021383
-0.029750,-0.003882,-0.021560
-0.031294,-0.003506,-0.021769
-0.032338,-0.003640,-0.022055
-0.032749,-0.003195,-0.021848
-0.032601,-0.002112,-0.021185
-0.032021,-0.000592,-0.020254
-0.031138,0.001165,-0.019246
-0.030079,0.002958,-0.018349
-0.028971,0.004588,-0.017753
-0.027940,0.005854,-0.017647
-0.027116,0.006556,-0.018221
-0.026624,0.006493,-0.019664
-0.026374,0.005916,-0.022322
-0.026303,0.005218,-0.025825
-0.026360,0.004833,-0.029623
-0.026491,0.005189,-0.033167
-0.026645,0.006719,-0.035907
-0.026769,0.009854,-0.037293
-0.026809,0.015025,-0.036777
-0.026714,0.022663,-0.033807
-0.026431,0.033199,-0.027835
-0.026730,0.044480,-0.021204
-0.027670,0.055733,-0.014457
-0.029130,0.066530,-0.007684
-0.030991,0.076442,-0.000975
-0.033132,0.085042,0.005577
-0.035434,0.091900,0.011883
-0.037775,0.096589,0.017852
-0.040037,0.098680,0.023393
-0.042100,0.097745,0.028415
-0.043285,0.096235,0.032010
-0.043513,0.094676,0.034161
-0.042854,0.093115,0.035075
-0.041377,0.091597,0.034956
-0.039151,0.090168,0.034012
-0.036245,0.088874,0.032447
-0.032728,0.087760,0.030468
-0.028671,0.086874,0.028281
-0.024141,0.086260,0.026091
-0.017729,0.084771,0.024695
-0.009530,0.082326,0.024034
-0.000018,0.079110,0.023842
0.010332,0.075307,0.023848
0.021046,0.071103,0.023784
0.031651,0.066682,0.023380
0.041673,0.062228,0.022368
0.050638,0.057928,0.020479
0.058071,0.053965,0.017443
0.063044,0.051796,0.014406
0.065760,0.051350,0.011587
0.066707,0.052177,0.008973
0.066372,0.053827,0.006551
0.065242,0.055848,0.004310
0.063805,0.057791,0.002235
0.062547,0.059204,0.000314
0.061958,0.059637,-0.001465
0.062523,0.058639,-0.003116
0.063015,0.056447,-0.004292
0.063173,0.053071,-0.005013
0.062976,0.048461,-0.005390
0.062406,0.042568,-0.005534
0.061441,0.035343,-0.005555
0.060062,0.026738,-0.005564
0.058249,0.016704,-0.005673
0.055983,0.005192,-0.005992
0.053243,-0.007848,-0.006633
0.050412,-0.021261,-0.006377
0.047574,-0.034395,-0.005021
0.044739,-0.046726,-0.002614
0.041917,-0.057725,0.000796
0.039119,-0.066866,0.005161
0.036354,-0.073623,0.010431
0.033632,-0.077470,0.016559
0.030964,-0.077880,0.023495
0.028358,-0.074326,0.031190
0.026286,-0.069178,0.037581
0.024845,-0.063376,0.042107
0.024036,-0.057502,0.044585
0.023862,-0.052138,0.044830
0.024325,-0.047867,0.042659
0.025428,-0.045271,0.037887
0.027172,-0.044933,0.030331
0.029561,-0.047435,0.019807
0.032596,-0.053359,0.006130
0.035187,-0.061154,-0.004840
0.037280,-0.069928,-0.012367
0.039080,-0.078952,-0.016995
0.040791,-0.087497,-0.019270
0.042619,-0.094836,-0.019737
0.044769,-0.100241,-0.018941
0.047446,-0.102982,-0.017426
0.050854,-0.102333,-0.015739
0.055200,-0.097564,-0.014423
0.059591,-0.091256,-0.015536
0.063708,-0.084217,-0.019023
0.067376,-0.076812,-0.024296
0.070417,-0.069406,-0.030770
0.072656,-0.062365,-0.037859
0.073917,-0.056052,-0.044977
0.074023,-0.050834,-0.051539
0.072798,-0.047075,-0.056957
0.070067,-0.045141,-0.060647
0.066593,-0.044032,-0.060869
0.062596,-0.043494,-0.057924
0.058163,-0.043458,-0.052622
0.053378,-0.043855,-0.045773
0.048324,-0.044615,-0.038185
0.043088,-0.045670,-0.030670
0.037754,-0.046950,-0.024037
0.032407,-0.048387,-0.019097
0.027131,-0.049912,-0.016658
0.022195,-0.050255,-0.015150
0.017729,-0.049325,-0.014247
0.013830,-0.047328,-0.013933
0.010595,-0.044466,-0.014191
0.008120,-0.040944,-0.015005
0.006502,-0.036966,-0.016359
0.005838,-0.032736,-0.018237
0.006223,-0.028459,-0.020622
0.007755,-0.024337,-0.023500
0.010188,-0.019719,-0.025949
0.013503,-0.014745,-0.027742
0.017739,-0.009752,-0.028824
0.022936,-0.005080,-0.029142
0.029132,-0.001066,-0.028639
0.036366,0.001950,-0.027261
0.044676,0.003632,-0.024954
0.054103,0.003640,-0.021663
0.064685,0.001636,-0.017333
0.072880,0.000647,-0.013121
0.078313,0.000878,-0.009354
0.081394,0.001829,-0.006157
0.082538,0.003001,-0.003651
0.082156,0.003893,-0.001958
0.080661,0.004006,-0.001203
0.078466,0.002839,-0.001506
0.075983,-0.000108,-0.002992
0.073626,-0.005334,-0.005781
0.070773,-0.008893,-0.008085
0.067421,-0.010525,-0.009518
0.063724,-0.010887,-0.010046
0.059832,-0.010637,-0.009635
0.055899,-0.010433,-0.008249
0.052075,-0.010934,-0.005855
0.048514,-0.012798,-0.002418
0.045367,-0.016684,0.002097
0.042787,-0.023249,0.007724
0.040566,-0.030248,0.011401
0.038541,-0.037048,0.012776
0.036559,-0.043417,0.012177
0.034468,-0.049126,0.009929
0.032113,-0.053943,0.006359
0.029343,-0.057639,0.001794
0.026004,-0.059983,-0.003441
0.021943,-0.060743,-0.009018
0.017007,-0.059691,-0.014611
0.013243,-0.059327,-0.020358
0.010812,-0.059825,-0.026244
0.009408,-0.060776,-0.032217
0.008723,-0.061773,-0.038225
0.008447,-0.062405,-0.044216
0.008275,-0.062265,-0.050137
0.007897,-0.060944,-0.055936
0.007005,-0.058032,-0.061560
0.005293,-0.053122,-0.066958
0.002442,-0.048317,-0.070194
-0.001204,-0.044159,-0.071350
-0.005139,-0.040806,-0.071015
-0.008855,-0.038410,-0.069777
-0.011845,-0.037126,-0.068224
-0.013602,-0.037109,-0.066944
-0.013617,-0.038514,-0.066526
-0.011386,-0.041495,-0.067558
-0.006398,-0.046207,-0.070628
-0.000597,-0.048644,-0.071832
0.005425,-0.048447,-0.070785
0.011411,-0.046171,-0.067985
0.017105,-0.042367,-0.063928
0.022250,-0.037591,-0.059111
0.026590,-0.032394,-0.054030
0.029868,-0.027331,-0.049182
0.031828,-0.022954,-0.045063
0.032213,-0.019817,-0.042170
0.032467,-0.017706,-0.040292
0.032845,-0.016411,-0.039234
0.033308,-0.015724,-0.038808
0.033815,-0.015435,-0.038822
0.034325,-0.015337,-0.039088
0.034798,-0.015220,-0.039414
0.035194,-0.014877,-0.039612
0.035471,-0.014098,-0.039491
0.035590,-0.012676,-0.038861
0.036319,-0.011436,-0.038021
0.037669,-0.010478,-0.037065
0.039460,-0.009719,-0.036036
0.041510,-0.009076,-0.034978
0.043639,-0.008468,-0.033934
0.045668,-0.007811,-0.032948
0.047415,-0.007022,-0.032061
0.048701,-0.006020,-0.031319
0.049345,-0.004722,-0.030763
0.049121,-0.003522,-0.029808
0.048130,-0.002474,-0.028465
0.046552,-0.001546,-0.026892
0.044570,-0.000705,-0.025245
0.042365,0.000079,-0.023685
0.040118,0.000840,-0.022368
0.038012,0.001608,-0.021454
0.036227,0.002417,-0.021100
0.034945,0.003297,-0.021464
0.033614,0.003450,-0.021864
0.032179,0.002816,-0.022207
0.030708,0.001525,-0.022549
0.029273,-0.000296,-0.022945
0.027943,-0.002518,-0.023450
0.026787,-0.005014,-0.024119
0.025875,-0.007654,-0.025009
0.025277,-0.010313,-0.026174
0.025063,-0.012860,-0.027670
0.024385,-0.015934,-0.030062
0.023107,-0.019414,-0.033164
0.021268,-0.022987,-0.036602
0.018910,-0.026344,-0.040002
0.016074,-0.029171,-0.042989
0.012799,-0.031158,-0.045190
0.009126,-0.031993,-0.046230
0.005097,-0.031365,-0.045734
0.000751,-0.028963,-0.043329
-0.003204,-0.026274,-0.040948
-0.006636,-0.023490,-0.038869
-0.009554,-0.020477,-0.036957
-0.011970,-0.017104,-0.035076
-0.013893,-0.013237,-0.033091
-0.015335,-0.008745,-0.030868
-0.016305,-0.003493,-0.028270
-0.016814,0.002651,-0.025162
-0.016872,0.009819,-0.021410
-0.017118,0.015932,-0.018022
-0.017503,0.020690,-0.015179
-0.017806,0.024239,-0.012855
-0.017808,0.026727,-0.011025
-0.017288,0.028298,-0.009660
-0.016026,0.029099,-0.008737
-0.013801,0.029277,-0.008228
-0.010395,0.028977,-0.008107
-0.005586,0.028345,-0.008348
-0.001755,0.026962,-0.009688
0.000868,0.024882,-0.012019
0.002589,0.022278,-0.015026
0.003712,0.019321,-0.018390
0.004545,0.016184,-0.021795
0.005392,0.013040,-0.024923
0.006559,0.010060,-0.027457
0.008353,0.007418,-0.029081
0.011078,0.005286,-0.029476
0.014481,0.000895,-0.029064
0.018274,-0.005612,-0.027978
0.022161,-0.013362,-0.026277
0.025848,-0.021485,-0.024022
0.029039,-0.029109,-0.021273
0.031438,-0.035362,-0.018089
0.032751,-0.039374,-0.014532
0.032681,-0.040271,-0.010660
0.030934,-0.037184,-0.006535
0.028366,-0.033349,-0.003976
0.025205,-0.029510,-0.003092
0.021526,-0.025786,-0.003562
0.017401,-0.022296,-0.005066
0.012904,-0.019161,-0.007285
0.008109,-0.016499,-0.009897
0.003088,-0.014431,-0.012584
-0.002085,-0.013076,-0.015026
-0.007337,-0.012553,-0.016901
-0.011787,-0.012895,-0.018755
-0.015340,-0.013941,-0.020613
-0.018096,-0.015480,-0.022374
-0.020156,-0.017301,-0.023935
-0.021620,-0.019196,-0.025192
-0.022589,-0.020954,-0.026043
-0.023163,-0.022364,-0.026386
-0.023443,-0.023218,-0.026117
-0.023529,-0.023305,-0.025133
-0.024345,-0.025840,-0.023240
-0.025788,-0.030660,-0.020587
-0.027498,-0.036756,-0.017409
-0.029113,-0.043118,-0.013942
-0.030274,-0.048737,-0.010422
-0.030621,-0.052604,-0.007083
-0.029793,-0.053711,-0.004161
-0.027430,-0.051046,-0.001891
-0.023171,-0.043603,-0.000510
-0.018792,-0.034520,0.000091
-0.014702,-0.024843,-0.000119
-0.010970,-0.015093,-0.001205
-0.007667,-0.005792,-0.003232
-0.004860,0.002541,-0.006265
-0.002619,0.009383,-0.010370
-0.001013,0.014215,-0.015612
-0.000111,0.016514,-0.022056
0.000017,0.015760,-0.029768
0.000982,0.016688,-0.035844
0.002794,0.019208,-0.040033
0.005058,0.022021,-0.042745
0.007382,0.023828,-0.044392
0.009375,0.023332,-0.045383
0.010643,0.019234,-0.046130
0.010794,0.010237,-0.047043
0.009435,-0.004959,-0.048533
0.006174,-0.027650,-0.051011
0.001942,-0.049806,-0.052919
-0.002821,-0.069726,-0.054019
-0.007793,-0.087297,-0.054407
-0.012656,-0.102403,-0.054177
-0.017089,-0.114928,-0.053423
-0.020772,-0.124758,-0.052239
-0.023385,-0.131777,-0.050721
-0.024609,-0.135871,-0.048961
-0.024124,-0.136923,-0.047055
-0.023316,-0.134670,-0.044431
-0.022539,-0.129295,-0.041118
-0.021889,-0.121096,-0.037298
-0.021461,-0.110371,-0.033152
-0.021351,-0.097419,-0.028860
-0.021655,-0.082537,-0.024604
-0.022469,-0.066022,-0.020565
-0.023888,-0.048172,-0.016924
-0.026007,-0.029286,-0.013861
-0.027067,-0.015030,-0.010110
-0.026961,-0.005905,-0.005677
-0.025993,-0.001119,-0.000883
-0.024470,0.000117,0.003950
-0.022698,-0.001403,0.008497
-0.020982,-0.004891,0.012438
-0.019628,-0.009553,0.015449
-0.018941,-0.014600,0.017209
-0.019228,-0.019240,0.017393
-0.019841,-0.022496,0.016741
-0.020523,-0.024475,0.015536
-0.021117,-0.025556,0.013946
-0.021464,-0.026120,0.012142
-0.021406,-0.026544,0.010293
-0.020784,-0.027208,0.008569
-0.019440,-0.028490,0.007140
-0.017215,-0.030771,0.006175
-0.013952,-0.034430,0.005845
-0.009945,-0.038607,0.006331
-0.005502,-0.042754,0.007519
-0.000935,-0.046394,0.009220
0.003445,-0.049054,0.011245
0.007328,-0.050259,0.013405
0.010400,-0.049533,0.015511
0.012352,-0.046404,0.017375
0.012872,-0.040395,0.018806
0.011649,-0.031033,0.019618
0.009656,-0.022056,0.019856
0.007263,-0.014067,0.019532
0.004685,-0.006884,0.018647
0.002139,-0.000328,0.017200
-0.000158,0.005784,0.015194
-0.001991,0.011632,0.012628
-0.003143,0.017398,0.009504
-0.003397,0.023262,0.005823
-0.002537,0.029405,0.001585
-0.001121,0.031961,-0.002395
0.000654,0.030853,-0.005829
0.002680,0.026954,-0.008566
0.004852,0.021136,-0.010452
0.007063,0.014270,-0.011333
0.009207,0.007228,-0.011057
0.011176,0.000882,-0.009470
0.012864,-0.003897,-0.006419
0.014164,-0.006235,-0.001750
0.015348,-0.009482,0.002151
0.016409,-0.013910,0.004852
0.017271,-0.019024,0.006411
0.017860,-0.024330,0.006882
0.018100,-0.029331,0.006322
0.017916,-0.033534,0.004787
0.017232,-0.036442,0.002332
0.015974,-0.037561,-0.000985
0.014066,-0.036396,-0.005110
0.011886,-0.036834,-0.007911
0.009559,-0.039221,-0.009239
0.007146,-0.043016,-0.009437
0.004710,-0.047678,-0.008850
0.002311,-0.052665,-0.007823
0.000013,-0.057437,-0.006701
-0.002124,-0.061453,-0.005828
-0.004037,-0.064171,-0.005549
-0.005666,-0.065052,-0.006209
-0.006986,-0.066483,-0.005215
-0.007950,-0.068310,-0.002349
-0.008507,-0.069741,0.002014
-0.008602,-0.069985,0.007498
-0.008183,-0.068252,0.013728
-0.007196,-0.063748,0.020328
-0.005589,-0.055684,0.026924
-0.003308,-0.043267,0.033139
-0.000300,-0.025707,0.038598
0.002471,-0.009452,0.040993
0.004885,0.004366,0.040461
0.007035,0.015939,0.037750
0.009011,0.025463,0.033608
0.010904,0.033132,0.028782
0.012807,0.039141,0.024020
0.014810,0.043683,0.020070
0.017005,0.046953,0.017680
0.019484,0.049146,0.017597
0.021756,0.051112,0.018159
0.023729,0.052939,0.018982
0.025403,0.054526,0.020002
0.026785,0.055773,0.021154
0.027876,0.056578,0.022376
0.028682,0.056840,0.023602
0.029204,0.056458,0.024769
0.029447,0.055330,0.025813
0.029415,0.053356,0.026669
0.029395,0.052243,0.027158
0.029427,0.052095,0.027315
0.029492,0.052619,0.027230
0.029569,0.053519,0.026992
0.029637,0.054501,0.026693
0.029676,0.055271,0.026421
0.029666,0.055533,0.026266
0.029586,0.054993,0.026319
0.029415,0.053356,0.026669
0.029321,0.051029,0.026941
0.029312,0.048279,0.027050
0.029360,0.045341,0.026989
0.029435,0.042449,0.026748
0.029509,0.039837,0.026317
0.029552,0.037739,0.025688
0.029535,0.036389,0.024851
0.029430,0.036021,0.023796
0.029207,0.036870,0.022516
0.028959,0.038333,0.021442
0.028681,0.040169,0.020641
0.028342,0.042227,0.020088
0.027910,0.044353,0.019757
0.027356,0.046398,0.019624
0.026649,0.048208,0.019662
0.025758,0.049632,0.019846
0.024653,0.050518,0.020152
0.023302,0.050715,0.020552
0.021335,0.051241,0.022605
0.018858,0.052192,0.026138
0.016097,0.053438,0.030548
0.013277,0.054846,0.035234
0.010624,0.056283,0.039591
0.008363,0.057617,0.043016
0.006721,0.058715,0.044908
0.005922,0.059445,0.044662
0.006192,0.059675,0.041676
0.006560,0.059656,0.039924
0.006891,0.059262,0.039806
0.007261,0.058271,0.040835
0.007745,0.056465,0.042519
0.008417,0.053620,0.044370
0.009353,0.049518,0.045896
0.010628,0.043936,0.046608
0.012317,0.036655,0.046015
0.014496,0.027453,0.043629
0.017370,0.016065,0.040361
0.020631,0.003187,0.036639
0.023845,-0.010241,0.032769
0.026576,-0.023280,0.029059
0.028390,-0.034991,0.025815
0.028850,-0.044436,0.023344
0.027523,-0.050675,0.021953
0.023972,-0.052769,0.021948
0.017763,-0.049779,0.023636
0.010849,-0.046433,0.024279
0.003865,-0.043483,0.023690
-0.002885,-0.040680,0.022321
-0.009096,-0.037782,0.020624
-0.014465,-0.034541,0.019051
-0.018687,-0.030712,0.018055
-0.021458,-0.026051,0.018087
-0.022474,-0.020312,0.019599
-0.021431,-0.013249,0.023044
-0.021155,-0.006972,0.026976
-0.021806,-0.001806,0.031211
-0.022876,0.002366,0.035881
-0.023858,0.005666,0.041120
-0.024244,0.008211,0.047059
-0.023527,0.010123,0.053830
-0.021199,0.011520,0.061566
-0.016752,0.012522,0.070398
-0.009680,0.013247,0.080459
-0.002853,0.013009,0.087038
0.003221,0.011637,0.089657
0.008627,0.009091,0.088901
0.013451,0.005331,0.085353
0.017779,0.000318,0.079596
0.021694,-0.005987,0.072215
0.025283,-0.013626,0.063792
0.028630,-0.022637,0.054911
0.031821,-0.033060,0.046156
0.033415,-0.042720,0.036502
0.033462,-0.050974,0.026364
0.032382,-0.057563,0.016512
0.030594,-0.062228,0.007721
0.028519,-0.064711,0.000761
0.026577,-0.064753,-0.003595
0.025188,-0.062096,-0.004574
0.024773,-0.056480,-0.001405
0.025751,-0.047646,0.006685
0.027507,-0.039950,0.015974
0.029639,-0.034033,0.025553
0.031804,-0.029611,0.035215
0.033653,-0.026399,0.044756
0.034843,-0.024113,0.053968
0.035026,-0.022468,0.062647
0.033857,-0.021179,0.070585
0.030990,-0.019962,0.077578
0.026079,-0.018532,0.083418
0.020826,-0.016057,0.087099
0.015663,-0.012885,0.088750
0.010708,-0.009656,0.088786
0.006076,-0.007012,0.087621
0.001883,-0.005593,0.085671
-0.001755,-0.006040,0.083349
-0.004720,-0.008994,0.081069
-0.006899,-0.015097,0.079248
-0.008173,-0.024989,0.078299
-0.009506,-0.034007,0.078046
-0.011030,-0.041311,0.078369
-0.012665,-0.047013,0.079162
-0.014335,-0.051229,0.080318
-0.015962,-0.054070,0.081731
-0.017468,-0.055652,0.083294
-0.018775,-0.056087,0.084901
-0.019806,-0.055490,0.086446
-0.020482,-0.053974,0.087822
-0.020750,-0.051060,0.089475
-0.020707,-0.046988,0.091203
-0.020491,-0.042182,0.092637
-0.020238,-0.037064,0.093411
-0.020083,-0.032055,0.093158
-0.020165,-0.027579,0.091510
-0.020620,-0.024057,0.088100
-0.021583,-0.021912,0.082561
-0.023192,-0.021566,0.074527
-0.024848,-0.021598,0.067786
-0.026318,-0.021665,0.062886
-0.027463,-0.021696,0.059558
-0.028143,-0.021617,0.057537
-0.028216,-0.021355,0.056557
-0.027542,-0.020837,0.056350
-0.025982,-0.019992,0.056651
-0.023395,-0.018745,0.057193
-0.019641,-0.017024,0.057709
-0.017050,-0.015239,0.056407
-0.015749,-0.013434,0.053532
-0.015308,-0.011563,0.049837
-0.015300,-0.009577,0.046078
-0.015297,-0.007431,0.043009
-0.014872,-0.005076,0.041383
-0.013596,-0.002467,0.041956
-0.011043,0.000445,0.045481
-0.006784,0.003705,0.052714
-0.003473,0.007727,0.058241
-0.001394,0.012433,0.061282
-0.000236,0.017623,0.062213
0.000312,0.023097,0.061410
0.000561,0.028655,0.059248
0.000820,0.034098,0.056104
0.001400,0.039224,0.052354
0.002611,0.043835,0.048374
0.004765,0.047730,0.044540
0.006439,0.051014,0.041736
0.007458,0.053698,0.039995
0.007954,0.055771,0.039137
0.008062,0.057223,0.038981
0.007915,0.058040,0.039347
0.007646,0.058213,0.040055
0.007391,0.057729,0.040926
0.007281,0.056577,0.041777
0.007451,0.054746,0.042431
0.007538,0.053706,0.042814
0.007503,0.053541,0.042963
0.007388,0.053988,0.042935
0.007238,0.054783,0.042792
0.007094,0.055661,0.042592
0.007001,0.056361,0.042396
0.007001,0.056617,0.042264
0.007137,0.056166,0.042256
0.007451,0.054746,0.042431
0.007784,0.053907,0.042467
0.008119,0.053817,0.042309
0.008476,0.054294,0.041965
0.008875,0.055158,0.041443
0.009336,0.056227,0.040754
0.009880,0.057322,0.039905
0.010526,0.058260,0.038906
0.011294,0.058862,0.037766
0.012205,0.058947,0.036493
0.012651,0.058805,0.036051
0.012617,0.058464,0.036443
0.012236,0.057883,0.037430
0.011640,0.057022,0.038777
0.010962,0.055841,0.040245
0.010337,0.054301,0.041598
0.009896,0.052362,0.042599
0.009772,0.049983,0.043010
0.010099,0.047124,0.042595
0.010029,0.044151,0.041501
0.009482,0.041219,0.039858
0.008570,0.038430,0.037793
0.007403,0.035885,0.035432
0.006093,0.033687,0.032902
0.004751,0.031939,0.030329
0.003488,0.030741,0.027840
0.002417,0.030197,0.025560
0.001647,0.030408,0.023617
0.001446,0.031511,0.022853
0.001773,0.033353,0.023190
0.002509,0.035712,0.024318
0.003538,0.038362,0.025930
0.004740,0.041081,0.027715
0.005999,0.043645,0.029364
0.007196,0.045830,0.030570
0.008213,0.047412,0.031022
0.008933,0.048167,0.030412
0.009535,0.048375,0.030311
0.010064,0.048154,0.030907
0.010531,0.047582,0.032045
0.010948,0.046737,0.033565
0.011325,0.045698,0.035313
0.011673,0.044542,0.037130
0.012005,0.043348,0.038859
0.012330,0.042193,0.040345
0.012660,0.041156,0.041428
0.013495,0.040630,0.041541
0.014798,0.040542,0.040740
0.016404,0.040701,0.039236
0.018146,0.040919,0.037243
0.019856,0.041006,0.034973
0.021367,0.040771,0.032639
0.022512,0.040026,0.030454
0.023124,0.038581,0.028629
0.023036,0.036247,0.027378
0.023040,0.035155,0.026608
0.023245,0.035406,0.026224
0.023586,0.036588,0.026135
0.024002,0.038294,0.026248
0.024428,0.040113,0.026470
0.024802,0.041635,0.026707
0.025059,0.042452,0.026868
0.025137,0.042154,0.026859
0.024973,0.040331,0.026588
0.024562,0.038040,0.026720
0.023967,0.035604,0.027264
0.023265,0.033165,0.028065
0.022537,0.030863,0.028969
0.021860,0.028840,0.029821
0.021314,0.027235,0.030465
0.020977,0.026190,0.030748
0.020927,0.025846,0.030513
0.021245,0.026343,0.029606
0.021386,0.026278,0.028655
0.021267,0.025542,0.027781
0.020914,0.024349,0.026978
0.020357,0.022915,0.026241
0.019622,0.021453,0.025564
0.018739,0.020179,0.024942
0.017735,0.019306,0.024369
0.016639,0.019051,0.023840
0.015479,0.019627,0.023350
0.014054,0.020526,0.023232
0.012394,0.021609,0.023451
0.010589,0.022829,0.023879
0.008726,0.024140,0.024386
0.006895,0.025494,0.024845
0.005183,0.026844,0.025126
0.003678,0.028145,0.025100
0.002470,0.029348,0.024640
0.001647,0.030408,0.023617
0.000734,0.031063,0.022977
-0.000280,0.031376,0.022823
-0.001290,0.031489,0.023047
-0.002190,0.031547,0.023541
-0.002877,0.031692,0.024197
-0.003244,0.032068,0.024907
-0.003187,0.032819,0.025562
-0.002601,0.034087,0.026055
-0.001382,0.036016,0.026277
-0.000012,0.038033,0.026823
0.001383,0.039989,0.027693
0.002768,0.041838,0.028738
0.004109,0.043536,0.029811
0.005371,0.045036,0.030764
0.006519,0.046295,0.031449
0.007519,0.047266,0.031717
0.008335,0.047905,0.031421
0.008933,0.048167,0.030412
0.009430,0.048048,0.029075
0.009846,0.047675,0.027619
0.010180,0.047211,0.026209
0.010429,0.046815,0.025009
0.010591,0.046649,0.024184
0.010663,0.046873,0.023899
0.010643,0.047649,0.024319
0.010530,0.049137,0.025608
0.010320,0.051498,0.027932
0.010048,0.053463,0.030544
0.009751,0.054788,0.033197
0.009467,0.055485,0.035767
0.009231,0.055564,0.038133
0.009083,0.055039,0.040171
0.009058,0.053921,0.041759
0.009194,0.052221,0.042774
0.009529,0.049952,0.043094
0.010099,0.047124,0.042595
0.010318,0.044583,0.042464
0.010132,0.042447,0.042790
0.009620,0.040654,0.043391
0.008859,0.039143,0.044084
0.007929,0.037852,0.044686
0.006909,0.036718,0.045014
0.005877,0.035680,0.044884
0.004911,0.034676,0.044114
0.004091,0.033644,0.042520
0.003863,0.032423,0.040891
0.004239,0.031037,0.039341
0.005118,0.029556,0.037816
0.006401,0.028049,0.036265
0.007988,0.026586,0.034633
0.009781,0.025237,0.032867
0.011679,0.024072,0.030915
0.013584,0.023160,0.028722
0.015395,0.022571,0.026236
0.016958,0.022153,0.024457
0.018244,0.021867,0.023464
0.019254,0.021703,0.023109
0.019993,0.021652,0.023239
0.020463,0.021703,0.023707
0.020667,0.021847,0.024360
0.020607,0.022073,0.025051
0.020286,0.022373,0.025627
0.019708,0.022735,0.025940
0.018912,0.022598,0.025890
0.017935,0.021981,0.025504
0.016814,0.021050,0.024837
0.015584,0.019971,0.023947
0.014282,0.018909,0.022889
0.012943,0.018030,0.021719
0.011605,0.017501,0.020496
0.010303,0.017486,0.019273
0.009073,0.018151,0.018109
0.007417,0.019077,0.016506
0.005348,0.020120,0.014488
0.003010,0.021206,0.012212
0.000547,0.022260,0.009835
-0.001900,0.023208,0.007513
-0.004186,0.023975,0.005403
-0.006169,0.024486,0.003661
-0.007705,0.024667,0.002444
-0.008652,0.024444,0.001907
-0.009067,0.024538,0.001805
-0.009059,0.025003,0.001990
-0.008752,0.025723,0.002340
-0.008268,0.026583,0.002732
-0.007728,0.027468,0.003044
-0.007255,0.028262,0.003153
-0.006972,0.028850,0.002938
-0.007001,0.029118,0.002276
-0.007465,0.028949,0.001044
-0.008493,0.028977,-0.001837
-0.010083,0.028961,-0.006238
-0.012195,0.028440,-0.011728
-0.014791,0.026956,-0.017873
-0.017835,0.024050,-0.024244
-0.021287,0.019262,-0.030407
-0.025110,0.012133,-0.035932
-0.029265,0.002203,-0.040386
-0.033716,-0.010986,-0.043339
-0.036666,-0.021899,-0.045390
-0.038011,-0.029593,-0.046734
-0.038068,-0.034275,-0.047462
-0.037156,-0.036152,-0.047667
-0.035590,-0.035430,-0.047440
-0.033690,-0.032317,-0.046873
-0.031771,-0.027019,-0.046058
-0.030152,-0.019742,-0.045086
-0.029150,-0.010695,-0.044051
-0.028750,-0.002103,-0.042589
-0.028739,0.005521,-0.040653
-0.028857,0.012094,-0.038275
-0.028843,0.017531,-0.035487
-0.028434,0.021749,-0.032320
-0.027371,0.024663,-0.028805
-0.025391,0.026191,-0.024975
-0.022235,0.026248,-0.020861
-0.017640,0.024751,-0.016494
-0.012146,0.021665,-0.013766
-0.006203,0.017484,-0.012744
-0.000242,0.012835,-0.013040
0.005310,0.008343,-0.014264
0.010022,0.004635,-0.016029
0.013466,0.002337,-0.017946
0.015212,0.002074,-0.019627
0.014832,0.004473,-0.020682
0.011897,0.010160,-0.020725
0.010158,0.017437,-0.021709
0.010075,0.025708,-0.023713
0.011281,0.034655,-0.026343
0.013411,0.043956,-0.029206
0.016100,0.053291,-0.031908
0.018981,0.062342,-0.034057
0.021690,0.070788,-0.035258
0.023860,0.078309,-0.035120
0.025126,0.084586,-0.033248
0.025291,0.085155,-0.031065
0.024454,0.080340,-0.028922
0.022788,0.071656,-0.026905
0.020468,0.060622,-0.025097
0.017667,0.048756,-0.023584
0.014559,0.037573,-0.022450
0.011316,0.028592,-0.021781
0.008112,0.023330,-0.021660
0.005122,0.023304,-0.022172
0.002996,0.023859,-0.023677
0.001582,0.024206,-0.025869
0.000528,0.024527,-0.028278
-0.000518,0.025001,-0.030431
-0.001909,0.025808,-0.031859
-0.003996,0.027129,-0.032089
-0.007132,0.029143,-0.030652
-0.011670,0.032032,-0.027075
-0.017961,0.035974,-0.020888
-0.024474,0.038759,-0.015513
-0.030697,0.040194,-0.011655
-0.036375,0.040586,-0.009343
-0.041251,0.040246,-0.008602
-0.045069,0.039483,-0.009460
-0.047573,0.038606,-0.011944
-0.048507,0.037924,-0.016081
-0.047615,0.037747,-0.021897
-0.044640,0.038384,-0.029420
-0.042922,0.041017,-0.037123
-0.042910,0.045260,-0.044555
-0.044327,0.050331,-0.051535
-0.046899,0.055450,-0.057879
-0.050350,0.059837,-0.063406
-0.054405,0.062712,-0.067933
-0.058790,0.063293,-0.071278
-0.063227,0.060801,-0.073259
-0.067444,0.054454,-0.073694
-0.070190,0.051401,-0.073185
-0.071350,0.052107,-0.072096
-0.071091,0.055370,-0.070730
-0.069580,0.059988,-0.069392
-0.066985,0.064759,-0.068386
-0.063472,0.068478,-0.068014
-0.059209,0.069945,-0.068581
-0.054364,0.067957,-0.070391
-0.049102,0.061310,-0.073747
-0.044700,0.055427,-0.076228
-0.041254,0.051235,-0.077462
-0.038567,0.048533,-0.077584
-0.036444,0.047125,-0.076735
-0.034686,0.046812,-0.075052
-0.033097,0.047395,-0.072673
-0.031479,0.048675,-0.069736
-0.029637,0.050456,-0.066380
-0.027373,0.052537,-0.062741
-0.025377,0.054798,-0.059701
-0.023677,0.056925,-0.057316
-0.022137,0.058557,-0.055440
-0.020621,0.059333,-0.053924
-0.018990,0.058891,-0.052621
-0.017109,0.056872,-0.051383
-0.014840,0.052913,-0.050064
-0.012047,0.046654,-0.048514
-0.008594,0.037732,-0.046588
-0.005988,0.029414,-0.043642
-0.004337,0.022378,-0.039820
-0.003403,0.016657,-0.035464
-0.002943,0.012281,-0.030913
-0.002717,0.009285,-0.026507
-0.002485,0.007699,-0.022589
-0.002006,0.007556,-0.019497
-0.001039,0.008889,-0.017572
0.000656,0.011729,-0.017156
0.002048,0.016201,-0.018976
0.003071,0.021794,-0.022617
0.003903,0.027837,-0.027377
0.004719,0.033660,-0.032556
0.005696,0.038593,-0.037450
0.007011,0.041966,-0.041360
0.008841,0.043108,-0.043583
0.011362,0.041350,-0.043418
0.014750,0.036021,-0.040163
0.017986,0.032314,-0.036026
0.020802,0.030748,-0.031580
0.023117,0.030671,-0.026988
0.024851,0.031430,-0.022414
0.025925,0.032376,-0.018022
0.026259,0.032855,-0.013975
0.025773,0.032218,-0.010437
0.024386,0.029811,-0.007572
0.022019,0.024984,-0.005543
0.019177,0.018920,-0.004242
0.016121,0.012205,-0.003490
0.013053,0.005275,-0.003096
0.010174,-0.001433,-0.002865
0.007686,-0.007483,-0.002605
0.005790,-0.012438,-0.002123
0.004688,-0.015861,-0.001225
0.004582,-0.017316,0.000282
0.005673,-0.016366,0.002591
0.006693,-0.015486,0.005806
0.007346,-0.014957,0.009778
0.007577,-0.014516,0.014295
0.007335,-0.013899,0.019144
0.006564,-0.012842,0.024111
0.005211,-0.011080,0.028986
0.003223,-0.008349,0.033553
0.000546,-0.004385,0.037602
-0.002874,0.001077,0.040920
-0.006330,0.005405,0.042752
-0.009626,0.008120,0.043134
-0.012691,0.009279,0.042297
-0.015454,0.008938,0.040473
-0.017847,0.007155,0.037893
-0.019800,0.003987,0.034790
-0.021241,-0.000509,0.031395
-0.022102,-0.006277,0.027939
-0.022311,-0.013259,0.024654
-0.022371,-0.017329,0.021591
-0.022412,-0.018202,0.018647
-0.022473,-0.016547,0.015683
-0.022596,-0.013039,0.012558
-0.022819,-0.008347,0.009133
-0.023182,-0.003145,0.005267
-0.023726,0.001896,0.000820
-0.024489,0.006105,-0.004348
-0.025511,0.008808,-0.010377
-0.026201,0.011212,-0.014852
-0.026469,0.013517,-0.017553
-0.026348,0.015671,-0.018809
-0.025875,0.017623,-0.018949
-0.025082,0.019322,-0.018303
-0.024006,0.020716,-0.017199
-0.022682,0.021754,-0.015967
-0.021143,0.022384,-0.014936
-0.019424,0.022556,-0.014434
-0.018745,0.022133,-0.014302
-0.019141,0.021244,-0.014423
-0.020348,0.020080,-0.014690
-0.022104,0.018833,-0.014997
-0.024149,0.017696,-0.015239
-0.026218,0.016860,-0.015308
-0.028050,0.016517,-0.015100
-0.029384,0.016861,-0.014507
-0.029956,0.018082,-0.013423
-0.030261,0.019159,-0.012815
-0.030386,0.019921,-0.012776
-0.030314,0.020410,-0.013182
-0.030030,0.020669,-0.013911
-0.029519,0.020740,-0.014838
-0.028763,0.020665,-0.015841
-0.027747,0.020488,-0.016794
-0.026455,0.020250,-0.017576
-0.024871,0.019993,-0.018063
-0.023303,0.020102,-0.018940
-0.021832,0.020542,-0.020226
-0.020481,0.021179,-0.021772
-0.019277,0.021875,-0.023427
-0.018242,0.022495,-0.025042
-0.017402,0.022903,-0.026467
-0.016781,0.022962,-0.027553
-0.016403,0.022537,-0.028149
-0.016294,0.021491,-0.028107
-0.016094,0.020767,-0.027297
-0.015747,0.020489,-0.025862
-0.015274,0.020577,-0.024010
-0.014693,0.020949,-0.021952
-0.014026,0.021525,-0.019897
-0.013291,0.022224,-0.018057
-0.012510,0.022966,-0.016640
-0.011700,0.023670,-0.015857
-0.010883,0.024255,-0.015918
-0.011071,0.025604,-0.017416
-0.012355,0.027646,-0.019928
-0.014596,0.030078,-0.022777
-0.017654,0.032592,-0.025282
-0.021388,0.034883,-0.026767
-0.025661,0.036644,-0.026554
-0.030331,0.037570,-0.023964
-0.035260,0.037354,-0.018319
-0.040308,0.035691,-0.008940
-0.042517,0.034735,-0.000784
-0.041845,0.034795,0.005294
-0.038980,0.035724,0.009465
-0.034610,0.037373,0.011898
-0.029421,0.039591,0.012762
-0.024102,0.042231,0.012228
-0.019340,0.045143,0.010465
-0.015821,0.048179,0.007643
-0.014234,0.051188,0.003931
-0.013470,0.053253,0.000913
-0.013151,0.054306,-0.001268
-0.013087,0.054493,-0.002827
-0.013083,0.053960,-0.003977
-0.012949,0.052851,-0.004934
-0.012490,0.051313,-0.005913
-0.011515,0.049492,-0.007128
-0.009832,0.047533,-0.008795
-0.007247,0.045581,-0.011128
-0.003861,0.044417,-0.014034
0.000058,0.044031,-0.017330
0.004199,0.044217,-0.020811
0.008253,0.044766,-0.024272
0.011909,0.045473,-0.027506
0.014858,0.046130,-0.030308
0.016789,0.046530,-0.032472
0.017393,0.046466,-0.033794
0.016359,0.045731,-0.034067
0.014114,0.045662,-0.032134
0.011061,0.046253,-0.028423
0.007597,0.047162,-0.023763
0.004119,0.048047,-0.018979
0.001025,0.048568,-0.014899
-0.001287,0.048384,-0.012348
-0.002421,0.047152,-0.012154
-0.001979,0.044532,-0.015143
0.000436,0.040182,-0.022141
0.003193,0.035932,-0.029427
0.005895,0.032325,-0.036142
0.008452,0.029584,-0.042146
0.010776,0.027930,-0.047300
0.012778,0.027587,-0.051464
0.014369,0.028776,-0.054497
0.015461,0.031720,-0.056259
0.015963,0.036641,-0.056610
0.015789,0.043762,-0.055410
0.016153,0.050055,-0.052531
0.017197,0.054816,-0.048539
0.018793,0.057922,-0.044175
0.020813,0.059251,-0.040179
0.023129,0.058680,-0.037293
0.025613,0.056085,-0.036257
0.028137,0.051344,-0.037812
0.030574,0.044334,-0.042698
0.032795,0.034933,-0.051655
0.032458,0.026704,-0.061113
0.029483,0.019964,-0.070297
0.024355,0.014216,-0.079136
0.017559,0.008961,-0.087559
0.009579,0.003704,-0.095492
0.000900,-0.002055,-0.102864
-0.007993,-0.008811,-0.109604
-0.016616,-0.017063,-0.115639
-0.024483,-0.027307,-0.120896
-0.030739,-0.034365,-0.123271
-0.035335,-0.037700,-0.122825
-0.038422,-0.037936,-0.120161
-0.040152,-0.035696,-0.115885
-0.040676,-0.031605,-0.110599
-0.040147,-0.026284,-0.104907
-0.038716,-0.020359,-0.099414
-0.036534,-0.014453,-0.094723
-0.033753,-0.009189,-0.091438
-0.031686,-0.003476,-0.087823
-0.030464,0.002650,-0.083461
-0.029920,0.008868,-0.078262
-0.029890,0.014855,-0.072140
-0.030207,0.020293,-0.065005
-0.030707,0.024860,-0.056769
-0.031224,0.028235,-0.047344
-0.031592,0.030098,-0.036643
-0.031647,0.030127,-0.024576
-0.029757,0.030420,-0.017184
-0.025953,0.030994,-0.015026
-0.020683,0.031350,-0.017292
-0.014391,0.030988,-0.023170
-0.007524,0.029408,-0.031850
-0.000528,0.026110,-0.042521
0.006151,0.020594,-0.054371
0.012066,0.012359,-0.066590
0.016771,0.000906,-0.078367
0.019301,-0.007277,-0.086705
0.019874,-0.011575,-0.091534
0.019001,-0.012836,-0.093512
0.017196,-0.011909,-0.093300
0.014972,-0.009645,-0.091556
0.012841,-0.006894,-0.088939
0.011317,-0.004505,-0.086109
0.010912,-0.003327,-0.083725
0.012140,-0.004210,-0.082447
0.013922,-0.007956,-0.079652
0.015846,-0.014109,-0.074950
0.017664,-0.021906,-0.068511
0.019127,-0.030577,-0.060503
0.019988,-0.039358,-0.051095
0.019997,-0.047482,-0.040456
0.018908,-0.054182,-0.028756
0.016471,-0.058692,-0.016162
0.012440,-0.060245,-0.002845
0.010017,-0.061652,0.008430
0.009521,-0.063304,0.017316
0.010551,-0.064986,0.024074
0.012706,-0.066484,0.028963
0.015583,-0.067585,0.032244
0.018782,-0.068072,0.034177
0.021900,-0.067733,0.035021
0.024536,-0.066352,0.035038
0.026289,-0.063716,0.034487
0.028612,-0.059384,0.035022
0.031658,-0.053588,0.036775
0.035253,-0.046728,0.039499
0.039222,-0.039202,0.042945
0.043391,-0.031409,0.046866
0.047585,-0.023749,0.051013
0.051632,-0.016620,0.055137
0.055355,-0.010422,0.058992
0.058582,-0.005553,0.062329
0.061947,-0.004939,0.064580
0.065438,-0.008349,0.065634
0.068882,-0.014763,0.065491
0.072107,-0.023161,0.064154
0.074941,-0.032522,0.061624
0.077209,-0.041827,0.057902
0.078740,-0.050054,0.052991
0.079360,-0.056185,0.046890
0.078897,-0.059198,0.039603
0.078449,-0.058684,0.033674
0.078248,-0.054975,0.029436
0.078307,-0.048589,0.026666
0.078641,-0.040043,0.025145
0.079265,-0.029855,0.024652
0.080191,-0.018543,0.024966
0.081436,-0.006624,0.025866
0.083013,0.005385,0.027132
0.084936,0.016965,0.028542
0.087353,0.023060,0.028438
0.090106,0.023545,0.026641
0.092955,0.019523,0.023341
0.095665,0.012099,0.018729
0.097996,0.002379,0.012994
0.099713,-0.008533,0.006327
0.100576,-0.019530,-0.001081
0.100350,-0.029510,-0.009041
0.098796,-0.037366,-0.017361
0.096689,-0.042971,-0.025120
0.094212,-0.046576,-0.032147
0.091402,-0.048525,-0.038458
0.088296,-0.049163,-0.044070
0.084931,-0.048836,-0.048999
0.081344,-0.047887,-0.053261
0.077570,-0.046661,-0.056873
0.073647,-0.045503,-0.059852
0.069612,-0.044759,-0.062213
0.064741,-0.045253,-0.061997
0.059070,-0.046792,-0.059250
0.052822,-0.048926,-0.054517
0.046221,-0.051206,-0.048349
0.039490,-0.053180,-0.041290
0.032855,-0.054401,-0.033890
0.026539,-0.054417,-0.026695
0.020766,-0.052779,-0.020253
0.015760,-0.049038,-0.015112
0.012448,-0.045547,-0.010831
0.010776,-0.042692,-0.007304
0.010441,-0.040369,-0.004511
0.011143,-0.038473,-0.002430
0.012579,-0.036899,-0.001040
0.014448,-0.035543,-0.000321
0.016449,-0.034299,-0.000251
0.018281,-0.033063,-0.000809
0.019641,-0.031730,-0.001974
0.021115,-0.030306,-0.002802
0.022746,-0.028826,-0.003138
0.024442,-0.027333,-0.003028
0.026110,-0.025868,-0.002516
0.027659,-0.024474,-0.001648
0.028997,-0.023191,-0.000467
0.030031,-0.022063,0.000981
0.030669,-0.021131,0.002652
0.030819,-0.020437,0.004501
0.031316,-0.020453,0.006210
0.032235,-0.021137,0.007705
0.033455,-0.022323,0.008974
0.034861,-0.023841,0.010006
0.036333,-0.025523,0.010789
0.037754,-0.027201,0.011310
0.039006,-0.028707,0.011559
0.039971,-0.029872,0.011522
0.040530,-0.030529,0.011188
0.040650,-0.030519,0.010303
0.040383,-0.029905,0.008956
0.039801,-0.028802,0.007318
0.038979,-0.027327,0.005565
0.037989,-0.025597,0.003868
0.036906,-0.023728,0.002402
0.035801,-0.021836,0.001338
0.034750,-0.020037,0.000852
0.033825,-0.018448,0.001115
0.033532,-0.017949,0.000947
0.033803,-0.018424,0.000293
0.034428,-0.019510,-0.000620
0.035197,-0.020842,-0.001567
0.035899,-0.022056,-0.002321
0.036323,-0.022788,-0.002656
0.036259,-0.022673,-0.002346
0.035497,-0.021348,-0.001164
0.033825,-0.018448,0.001115
0.032129,-0.015428,0.004522
0.030564,-0.012682,0.008855
0.029099,-0.010333,0.013853
0.027705,-0.008511,0.019255
0.026355,-0.007340,0.024798
0.025017,-0.006946,0.030223
0.023664,-0.007458,0.035268
0.022265,-0.009000,0.039672
0.020793,-0.011699,0.043173
0.019683,-0.014170,0.046484
0.018999,-0.016248,0.049542
0.018707,-0.018073,0.052094
0.018777,-0.019787,0.053885
0.019176,-0.021529,0.054658
0.019873,-0.023439,0.054161
0.020835,-0.025659,0.052137
0.022032,-0.028328,0.048333
0.023430,-0.031586,0.042493
0.024659,-0.035912,0.035766
0.025635,-0.041055,0.028581
0.026343,-0.046585,0.021185
0.026770,-0.052070,0.013827
0.026904,-0.057080,0.006755
0.026730,-0.061184,0.000216
0.026235,-0.063950,-0.005541
0.025407,-0.064947,-0.010268
0.024231,-0.063745,-0.013717
0.022767,-0.061328,-0.016092
0.021110,-0.057989,-0.017533
0.019363,-0.053842,-0.018162
0.017631,-0.049006,-0.018104
0.016018,-0.043596,-0.017481
0.014627,-0.037730,-0.016416
0.013562,-0.031523,-0.015033
0.012927,-0.025094,-0.013455
0.012826,-0.018558,-0.011805
0.014359,-0.012196,-0.010059
0.017330,-0.006527,-0.008095
0.021221,-0.002129,-0.005764
0.025514,0.000419,-0.002919
0.029692,0.000541,0.000588
0.033237,-0.002342,0.004905
0.035630,-0.008808,0.010179
0.036354,-0.019435,0.016559
0.034890,-0.034802,0.024192
0.033362,-0.049247,0.031708
0.032226,-0.061718,0.038589
0.031521,-0.072318,0.044532
0.031288,-0.081148,0.049233
0.031566,-0.088309,0.052388
0.032397,-0.093904,0.053694
0.033818,-0.098032,0.052846
0.035871,-0.100796,0.049542
0.038595,-0.102298,0.043478
0.040679,-0.103820,0.038267
0.041971,-0.105616,0.034399
0.042608,-0.107682,0.031584
0.042727,-0.110016,0.029532
0.042465,-0.112615,0.027951
0.041961,-0.115474,0.026552
0.041350,-0.118591,0.025044
0.040770,-0.121963,0.023136
0.040359,-0.125586,0.020538
0.039807,-0.124581,0.016868
0.039043,-0.118795,0.012333
0.038059,-0.109256,0.007288
0.036846,-0.096993,0.002086
0.035396,-0.083033,-0.002920
0.033698,-0.068404,-0.007375
0.031745,-0.054135,-0.010926
0.029528,-0.041254,-0.013219
0.027037,-0.030789,-0.013900
0.024290,-0.023650,-0.014148
0.021386,-0.019554,-0.014137
0.018442,-0.017918,-0.013784
0.015578,-0.018158,-0.013008
0.012912,-0.019691,-0.011729
0.010562,-0.021936,-0.009865
0.008646,-0.024308,-0.007335
0.007283,-0.026225,-0.004059
0.006591,-0.027104,0.000044
0.006664,-0.029462,0.003656
0.007382,-0.033289,0.006504
0.008573,-0.037946,0.008577
0.010063,-0.042790,0.009867
0.011681,-0.047182,0.010362
0.013253,-0.050480,0.010053
0.014607,-0.052043,0.008930
0.015571,-0.051231,0.006982
0.015971,-0.047403,0.004200
0.015146,-0.043482,0.001183
0.013135,-0.040144,-0.001874
0.010150,-0.037499,-0.004874
0.006404,-0.035658,-0.007721
0.002109,-0.034731,-0.010320
-0.002520,-0.034830,-0.012575
-0.007273,-0.036066,-0.014390
-0.011936,-0.038548,-0.015669
-0.016295,-0.042390,-0.016317
-0.019979,-0.045229,-0.016922
-0.022965,-0.046495,-0.017413
-0.025319,-0.046065,-0.017551
-0.027109,-0.043814,-0.017098
-0.028399,-0.039621,-0.015816
-0.029256,-0.033360,-0.013467
-0.029746,-0.024908,-0.009813
-0.029935,-0.014142,-0.004616
-0.029891,-0.000938,0.002363
-0.030939,0.012586,0.009032
-0.033120,0.025760,0.014944
-0.036150,0.038279,0.020062
-0.039744,0.049839,0.024352
-0.043620,0.060132,0.027775
-0.047492,0.068854,0.030297
-0.051079,0.075698,0.031882
-0.054095,0.080360,0.032492
-0.056257,0.082533,0.032091
-0.056722,0.082862,0.031525
-0.055632,0.081818,0.030923
-0.053377,0.079827,0.030235
-0.050347,0.077317,0.029412
-0.046931,0.074716,0.028406
-0.043518,0.072451,0.027167
-0.040498,0.070948,0.025646
-0.038260,0.070637,0.023794
-0.037194,0.071943,0.021562
-0.036539,0.073382,0.019538
-0.036123,0.074644,0.017814
-0.035921,0.075712,0.016359
-0.035910,0.076569,0.015141
-0.036064,0.077198,0.014129
-0.036359,0.077584,0.013293
-0.036772,0.077708,0.012599
-0.037277,0.077554,0.012018
-0.037850,0.077106,0.011518
-0.038921,0.076749,0.011865
-0.040464,0.076537,0.013028
-0.042337,0.076445,0.014778
-0.044400,0.076445,0.016885
-0.046511,0.076511,0.019119
-0.048531,0.076615,0.021250
-0.050317,0.076731,0.023048
-0.051729,0.076831,0.024284
-0.052626,0.076890,0.024728
-0.053430,0.076014,0.023804
-0.054194,0.074193,0.021665
-0.054880,0.071639,0.018642
-0.055448,0.068565,0.015071
-0.055860,0.065181,0.011284
-0.056077,0.061700,0.007615
-0.056060,0.058333,0.004398
-0.055771,0.055292,0.001966
-0.055171,0.052788,0.000651
-0.054718,0.050898,-0.000222
-0.054462,0.049533,-0.000807
-0.054348,0.048569,-0.001125
-0.054325,0.047877,-0.001197
-0.054338,0.047331,-0.001043
-0.054335,0.046805,-0.000684
-0.054261,0.046170,-0.000142
-0.054065,0.045301,0.000563
-0.053692,0.044071,0.001409
-0.053134,0.042147,0.002073
-0.052414,0.039628,0.002579
-0.051563,0.036721,0.003037
-0.050613,0.033632,0.003560
-0.049594,0.030570,0.004257
-0.048540,0.027740,0.005241
-0.047480,0.025348,0.006622
-0.046447,0.023603,0.008511
-0.045471,0.022710,0.011019
-0.044064,0.021818,0.012794
-0.042236,0.020774,0.013706
-0.040117,0.019604,0.013934
-0.037842,0.018332,0.013654
-0.035543,0.016983,0.013044
-0.033353,0.015580,0.012281
-0.031404,0.014147,0.011544
-0.029830,0.012711,0.011009
-0.028763,0.011293,0.010854
-0.028401,0.010035,0.011287
-0.028689,0.008963,0.012185
-0.029510,0.008073,0.013344
-0.030744,0.007365,0.014562
-0.032274,0.006837,0.015633
-0.033981,0.006485,0.016353
-0.035747,0.006308,0.016520
-0.037453,0.006304,0.015929
-0.038981,0.006471,0.014376
-0.040554,0.005968,0.012182
-0.042166,0.004818,0.009594
-0.043757,0.003263,0.006842
-0.045267,0.001543,0.004156
-0.046636,-0.000104,0.001766
-0.047802,-0.001436,-0.000097
-0.048706,-0.002213,-0.001204
-0.049288,-0.002195,-0.001325
-0.049486,-0.001142,-0.000229
-0.049842,0.000279,0.000167
-0.050367,0.001867,-0.000272
-0.050940,0.003534,-0.001237
-0.051436,0.005195,-0.002420
-0.051736,0.006763,-0.003511
-0.051716,0.008153,-0.004202
-0.051253,0.009279,-0.004184
-0.050227,0.010053,-0.003148
-0.048515,0.010391,-0.000785
-0.047127,0.010875,0.001260
-0.046144,0.011566,0.002927
-0.045414,0.012392,0.004552
-0.044788,0.013283,0.006474
-0.044113,0.014166,0.009028
-0.043239,0.014971,0.012552
-0.042016,0.015627,0.017383
-0.040290,0.016061,0.023857
-0.037913,0.016204,0.032311
-0.035796,0.014234,0.039425
-0.033962,0.010123,0.044509
-0.032208,0.004293,0.047531
-0.030335,-0.002832,0.048459
-0.028140,-0.010833,0.047260
-0.025423,-0.019286,0.043904
-0.021982,-0.027771,0.038356
-0.017616,-0.035864,0.030586
-0.012124,-0.043145,0.020562
-0.007813,-0.047395,0.010724
-0.004891,-0.048406,0.001738
-0.003044,-0.046470,-0.006171
-0.001957,-0.041881,-0.012781
-0.001313,-0.034929,-0.017866
-0.000798,-0.025909,-0.021205
-0.000097,-0.015113,-0.022573
0.001107,-0.002834,-0.021746
0.003127,0.010636,-0.018501
0.005205,0.021636,-0.016692
0.007112,0.029779,-0.016658
0.008751,0.035495,-0.017862
0.010027,0.039216,-0.019767
0.010843,0.041373,-0.021835
0.011103,0.042396,-0.023528
0.010711,0.042717,-0.024309
0.009570,0.042766,-0.023639
0.007585,0.042974,-0.020982
0.007064,0.044507,-0.017891
0.008163,0.047211,-0.014746
0.010498,0.050603,-0.011630
0.013685,0.054199,-0.008628
0.017342,0.057515,-0.005824
0.021083,0.060068,-0.003303
0.024526,0.061374,-0.001148
0.027287,0.060950,0.000556
0.028983,0.058312,0.001725
0.029742,0.056758,0.003168
0.029730,0.056631,0.004919
0.029118,0.057533,0.006819
0.028080,0.059067,0.008706
0.026789,0.060837,0.010421
0.025417,0.062445,0.011803
0.024139,0.063495,0.012692
0.023126,0.063589,0.012927
0.022552,0.062330,0.012348
0.022711,0.061413,0.011366
0.023487,0.061005,0.010141
0.024662,0.060892,0.008772
0.026017,0.060860,0.007359
0.027334,0.060695,0.005999
0.028394,0.060183,0.004792
0.028978,0.059111,0.003837
0.028869,0.057264,0.003233
0.027847,0.054428,0.003077
0.025196,0.051761,0.003529
0.021068,0.049342,0.004282
0.015833,0.046981,0.004912
0.009859,0.044490,0.004999
0.003516,0.041677,0.004119
-0.002826,0.038353,0.001849
-0.008799,0.034328,-0.002231
-0.014034,0.029412,-0.008546
-0.018161,0.023416,-0.017517
-0.020677,0.020498,-0.028007
-0.021570,0.020800,-0.039378
-0.020949,0.023462,-0.051121
-0.018923,0.027621,-0.062726
-0.015601,0.032416,-0.073682
-0.011092,0.036985,-0.083481
-0.005506,0.040467,-0.091612
0.001048,0.042000,-0.097564
0.008461,0.040723,-0.100828
0.014225,0.039013,-0.101330
0.018082,0.037385,-0.099563
0.020338,0.035887,-0.096160
0.021299,0.034569,-0.091755
0.021269,0.033478,-0.086981
0.020555,0.032665,-0.082472
0.019461,0.032176,-0.078861
0.018294,0.032063,-0.076783
0.017358,0.032372,-0.076872
0.016103,0.032948,-0.076981
0.014484,0.033725,-0.076735
0.012582,0.034661,-0.076196
0.010477,0.035714,-0.075429
0.008251,0.036841,-0.074496
0.005986,0.037999,-0.073462
0.003762,0.039146,-0.072390
0.001660,0.040240,-0.071344
-0.000238,0.041238,-0.070388
-0.004017,0.041482,-0.066371
-0.009583,0.040993,-0.059267
-0.016298,0.039967,-0.049832
-0.023523,0.038596,-0.038818
-0.030619,0.037073,-0.026982
-0.036948,0.035592,-0.015077
-0.041871,0.034346,-0.003858
-0.044749,0.033529,0.005920
-0.044943,0.033333,0.013503
-0.043456,0.034196,0.018920
-0.040809,0.036053,0.022404
-0.037401,0.038713,0.024237
-0.033634,0.041986,0.024700
-0.029909,0.045684,0.024076
-0.026625,0.049615,0.022648
-0.024185,0.053589,0.020697
-0.022989,0.057418,0.018506
-0.023436,0.060910,0.016357
-0.024132,0.063520,0.015131
-0.024782,0.065288,0.014833
-0.025370,0.066400,0.015248
-0.025878,0.067043,0.016160
-0.026289,0.067404,0.017354
-0.026586,0.067670,0.018615
-0.026752,0.068027,0.019726
-0.026770,0.068662,0.020474
-0.026621,0.069761,0.020643
-0.026456,0.068468,0.021032
-0.026127,0.065078,0.021699
-0.025411,0.060681,0.022513
-0.024087,0.056364,0.023343
-0.021933,0.053213,0.024058
-0.018728,0.052317,0.024530
-0.014249,0.054762,0.024626
-0.008275,0.061636,0.024218
-0.000584,0.074026,0.023173
0.006145,0.087452,0.021893
0.011489,0.100516,0.020454
0.015590,0.112595,0.018856
0.018590,0.123065,0.017097
0.020628,0.131301,0.015175
0.021848,0.136679,0.013088
0.022389,0.138574,0.010835
0.022394,0.136362,0.008413
0.022003,0.129419,0.005822
0.019984,0.121653,0.003120
0.016447,0.113935,0.000371
0.011842,0.106379,-0.002360
0.006617,0.099096,-0.005010
0.001220,0.092199,-0.007513
-0.003898,0.085802,-0.009806
-0.008291,0.080015,-0.011825
-0.011509,0.074952,-0.013504
-0.013103,0.070726,-0.014779
-0.013964,0.068148,-0.014428
-0.014389,0.067161,-0.012589
-0.014531,0.067492,-0.009739
-0.014541,0.068864,-0.006355
-0.014569,0.071004,-0.002916
-0.014766,0.073638,0.000103
-0.015285,0.076490,0.002222
-0.016276,0.079287,0.002965
-0.017890,0.081753,0.001854
-0.019083,0.082951,0.000317
-0.019722,0.082924,-0.001297
-0.019903,0.081957,-0.002910
-0.019719,0.080337,-0.004444
-0.019268,0.078353,-0.005821
-0.018643,0.076290,-0.006963
-0.017940,0.074436,-0.007790
-0.017255,0.073078,-0.008226
-0.016683,0.072503,-0.008192
-0.017268,0.071729,-0.006994
-0.018912,0.070481,-0.004690
-0.021233,0.068657,-0.001531
-0.023846,0.066155,0.002237
-0.026368,0.062876,0.006364
-0.028416,0.058717,0.010602
-0.029605,0.053578,0.014703
-0.029554,0.047357,0.018418
-0.027877,0.039955,0.021499
-0.025240,0.029372,0.023264
-0.021965,0.016145,0.023675
-0.018289,0.001447,0.022855
-0.014450,-0.013552,0.020926
-0.010683,-0.027680,0.018013
-0.007225,-0.039765,0.014239
-0.004313,-0.048637,0.009726
-0.002184,-0.053124,0.004597
-0.001075,-0.052054,-0.001023
-0.001542,-0.049215,-0.005512
-0.003449,-0.045513,-0.008765
-0.006485,-0.041130,-0.011060
-0.010338,-0.036251,-0.012674
-0.014698,-0.031059,-0.013882
-0.019254,-0.025739,-0.014961
-0.023695,-0.020475,-0.016188
-0.027709,-0.015449,-0.017839
-0.030986,-0.010847,-0.020192
-0.033049,-0.004514,-0.023065
-0.034035,0.003206,-0.026136
-0.034240,0.011349,-0.029050
-0.033957,0.018949,-0.031449
-0.033479,0.025038,-0.032976
-0.033100,0.028652,-0.033276
-0.033114,0.028824,-0.031991
-0.033814,0.024588,-0.028764
-0.035494,0.014978,-0.023239
-0.037370,0.006017,-0.019132
-0.039245,-0.001192,-0.016837
-0.041068,-0.006775,-0.015924
-0.042789,-0.010856,-0.015957
-0.044358,-0.013562,-0.016505
-0.045726,-0.015018,-0.017134
-0.046842,-0.015351,-0.017410
-0.047655,-0.014685,-0.016902
-0.048116,-0.013147,-0.015175
-0.048665,-0.011719,-0.013123
-0.049337,-0.010440,-0.010842
-0.050069,-0.009114,-0.008232
-0.050800,-0.007542,-0.005192
-0.051464,-0.005527,-0.001623
-0.052000,-0.002872,0.002578
-0.052343,0.000621,0.007509
-0.052431,0.005149,0.013272
-0.052200,0.010909,0.019968
-0.051420,0.014010,0.024151
-0.050153,0.014171,0.025537
-0.048539,0.012016,0.024634
-0.046713,0.008167,0.021951
-0.044815,0.003246,0.017995
-0.042981,-0.002124,0.013275
-0.041350,-0.007320,0.008297
-0.040059,-0.011720,0.003572
-0.039245,-0.014701,-0.000395
-0.039415,-0.016046,-0.002888
-0.040458,-0.016045,-0.004099
-0.042107,-0.015111,-0.004447
-0.044096,-0.013659,-0.004348
-0.046157,-0.012104,-0.004221
-0.048023,-0.010862,-0.004484
-0.049430,-0.010347,-0.005553
-0.050108,-0.010973,-0.007848
-0.049793,-0.013157,-0.011786
-0.047574,-0.014412,-0.014956
-0.043580,-0.014546,-0.016976
-0.038205,-0.013939,-0.017972
-0.031840,-0.012969,-0.018067
-0.024876,-0.012016,-0.017387
-0.017705,-0.011460,-0.016055
-0.010719,-0.011681,-0.014198
-0.004310,-0.013057,-0.011939
0.001132,-0.015967,-0.009403
0.004639,-0.019241,-0.006219
0.006287,-0.022526,-0.002312
0.006412,-0.025680,0.002319
0.005349,-0.028556,0.007674
0.003434,-0.031012,0.013755
0.001003,-0.032903,0.020561
-0.001610,-0.034085,0.028094
-0.004067,-0.034412,0.036354
-0.006035,-0.033742,0.045342
-0.007933,-0.032412,0.054222
-0.009843,-0.030641,0.062538
-0.011761,-0.028615,0.069926
-0.013682,-0.026520,0.076026
-0.015602,-0.024545,0.080476
-0.017517,-0.022875,0.082912
-0.019423,-0.021697,0.082974
-0.021316,-0.021198,0.080300
-0.023192,-0.021566,0.074527
-0.024872,-0.021054,0.069237
-0.026302,-0.019621,0.065030
-0.027457,-0.017649,0.061757
-0.028313,-0.015520,0.059272
-0.028844,-0.013618,0.057427
-0.029027,-0.012325,0.056075
-0.028836,-0.012024,0.055068
-0.028248,-0.013098,0.054258
-0.027237,-0.015928,0.053499
-0.026476,-0.018629,0.053304
-0.026004,-0.020868,0.053531
-0.025704,-0.022699,0.053874
-0.025459,-0.024178,0.054030
-0.025152,-0.025358,0.053691
-0.024666,-0.026295,0.052553
-0.023884,-0.027045,0.050310
-0.022688,-0.027661,0.046657
-0.020961,-0.028198,0.041288
-0.018758,-0.027654,0.035902
-0.016042,-0.026247,0.030653
-0.012750,-0.024500,0.025308
-0.008821,-0.022939,0.019636
-0.004192,-0.022086,0.013403
0.001200,-0.022466,0.006378
0.007415,-0.024604,-0.001672
0.014516,-0.029022,-0.010980
0.022566,-0.036246,-0.021776
0.029744,-0.042840,-0.029894
0.035684,-0.047998,-0.034806
0.040383,-0.051571,-0.036895
0.043839,-0.053409,-0.036545
0.046048,-0.053362,-0.034140
0.047009,-0.051283,-0.030062
0.046719,-0.047020,-0.024695
0.045174,-0.040425,-0.018423
0.042372,-0.031348,-0.011628
0.038849,-0.022037,-0.004833
0.034993,-0.013103,0.001568
0.031151,-0.004745,0.007212
0.027673,0.002837,0.011735
0.024907,0.009443,0.014774
0.023202,0.014873,0.015965
0.022906,0.018927,0.014947
0.024370,0.021406,0.011354
0.027940,0.022109,0.004824
0.032711,0.022693,-0.004059
0.037971,0.023471,-0.014715
0.043056,0.024419,-0.026563
0.047302,0.025511,-0.039022
0.050046,0.026725,-0.051513
0.050625,0.028035,-0.063454
0.048375,0.029417,-0.074266
0.042632,0.030848,-0.083368
0.032733,0.032303,-0.090179
0.023882,0.033586,-0.096396
0.016958,0.034484,-0.101948
0.011760,0.034782,-0.106320
0.008084,0.034267,-0.108997
0.005729,0.032722,-0.109465
0.004492,0.029933,-0.107210
0.004170,0.025685,-0.101717
0.004562,0.019763,-0.092471
0.005466,0.011951,-0.078959
0.005981,0.004232,-0.066316
0.006069,-0.002886,-0.055427
0.005904,-0.009260,-0.046111
0.005661,-0.014746,-0.038188
0.005515,-0.019203,-0.031478
0.005640,-0.022488,-0.025801
0.006211,-0.024458,-0.020976
0.007403,-0.024970,-0.016823
0.009391,-0.023883,-0.013162
0.010780,-0.023539,-0.010209
0.011339,-0.024221,-0.007751
0.011132,-0.025695,-0.005464
0.010218,-0.027729,-0.003025
0.008659,-0.030089,-0.000111
0.006517,-0.032541,0.003600
0.003853,-0.034852,0.008433
0.000728,-0.036789,0.014709
-0.002796,-0.038119,0.022751
-0.004782,-0.039053,0.030640
-0.005070,-0.039682,0.037884
-0.003947,-0.040069,0.044347
-0.001698,-0.040276,0.049897
0.001389,-0.040365,0.054398
0.005030,-0.040399,0.057716
0.008939,-0.040438,0.059717
0.012828,-0.040547,0.060267
0.016413,-0.040786,0.059232
0.019353,-0.041056,0.056738
0.021593,-0.041287,0.053121
0.023153,-0.041411,0.048771
0.024049,-0.041364,0.044075
0.024301,-0.041078,0.039422
0.023925,-0.040489,0.035200
0.022940,-0.039531,0.031797
0.021364,-0.038137,0.029603
0.019215,-0.036243,0.029005
0.017541,-0.034797,0.029200
0.016480,-0.033949,0.029903
0.015942,-0.033645,0.030961
0.015836,-0.033834,0.032218
0.016073,-0.034464,0.033521
0.016563,-0.035483,0.034714
0.017217,-0.036837,0.035643
0.017943,-0.038476,0.036154
0.018652,-0.040347,0.036092
0.018148,-0.042310,0.036673
0.016438,-0.044233,0.037970
0.013831,-0.045983,0.039770
0.010635,-0.047430,0.041860
0.007159,-0.048440,0.044026
0.003710,-0.048884,0.046056
0.000597,-0.048628,0.047737
-0.001870,-0.047542,0.048855
-0.003385,-0.045493,0.049199
-0.003537,-0.043520,0.048899
-0.002227,-0.041904,0.047948
0.000564,-0.040736,0.046304
0.004858,-0.040109,0.043924
0.010674,-0.040113,0.040765
0.018034,-0.040840,0.036786
0.026958,-0.042382,0.031944
0.037467,-0.044830,0.026196
0.049580,-0.048275,0.019500
0.059280,-0.050773,0.013506
0.066171,-0.051754,0.008524
0.070762,-0.050993,0.004525
0.073565,-0.048265,0.001481
0.075089,-0.043346,-0.000634
0.075845,-0.036011,-0.001848
0.076342,-0.026036,-0.002190
0.077091,-0.013194,-0.001685
0.078602,0.002737,-0.000363
0.079943,0.018477,-0.000004
0.081029,0.033081,-0.000796
0.081988,0.046188,-0.002532
0.082946,0.057437,-0.005000
0.084029,0.066467,-0.007993
0.085366,0.072919,-0.011300
0.087083,0.076431,-0.014713
0.089306,0.076643,-0.018022
0.092163,0.073194,-0.021017
0.094941,0.068504,-0.023655
0.097437,0.063308,-0.026026
0.099571,0.057923,-0.028251
0.101267,0.052664,-0.030453
0.102447,0.047846,-0.032755
0.103033,0.043785,-0.035280
0.102946,0.040796,-0.038151
0.102110,0.039195,-0.041489
0.100447,0.039297,-0.045418
0.097633,0.037597,-0.047587
0.093890,0.033993,-0.047835
0.089578,0.029235,-0.046551
0.085058,0.024073,-0.044124
0.080687,0.019255,-0.040942
0.076827,0.015532,-0.037393
0.073837,0.013654,-0.033865
0.072076,0.014369,-0.030747
0.071904,0.018428,-0.028428
0.073501,0.021807,-0.025984
0.076583,0.023724,-0.023508
0.080746,0.024209,-0.021342
0.085588,0.023293,-0.019832
0.090707,0.021006,-0.019320
0.095699,0.017377,-0.020150
0.100164,0.012437,-0.022668
0.103697,0.006215,-0.027215
0.105897,-0.001258,-0.034137
0.105699,-0.006691,-0.041770
0.103239,-0.009877,-0.049526
0.098955,-0.011377,-0.057092
0.093284,-0.011756,-0.064150
0.086661,-0.011577,-0.070384
0.079524,-0.011402,-0.075480
0.072309,-0.011796,-0.079121
0.065454,-0.013320,-0.080991
0.059395,-0.016538,-0.080774
0.053554,-0.018407,-0.078339
0.047873,-0.018513,-0.074087
0.042425,-0.017097,-0.068549
0.037281,-0.014403,-0.062259
0.032515,-0.010674,-0.055747
0.028198,-0.006152,-0.049548
0.024402,-0.001079,-0.044193
0.021199,0.004300,-0.040214
0.018662,0.009744,-0.038144
0.016629,0.014639,-0.037438
0.015051,0.018832,-0.037749
0.013907,0.022283,-0.038784
0.013176,0.024956,-0.040246
0.012838,0.026812,-0.041842
0.012871,0.027813,-0.043276
0.013256,0.027921,-0.044254
0.013971,0.027098,-0.044480
0.014996,0.025306,-0.043659
0.016292,0.024108,-0.042230
0.017782,0.023627,-0.040397
0.019375,0.023624,-0.038305
0.020983,0.023862,-0.036100
0.022515,0.024100,-0.033927
0.023883,0.024102,-0.031932
0.024998,0.023629,-0.030260
0.025769,0.022441,-0.029058
0.026108,0.020302,-0.028470
0.026535,0.018995,-0.027898
0.027102,0.018661,-0.027322
0.027742,0.019027,-0.026868
0.028390,0.019824,-0.026664
0.028980,0.020778,-0.026835
0.029445,0.021618,-0.027508
0.029722,0.022074,-0.028810
0.029742,0.021873,-0.030866
0.029441,0.020743,-0.033804
0.028626,0.019451,-0.035571
0.027387,0.018135,-0.035988
0.025882,0.016775,-0.035346
0.024272,0.015353,-0.033937
0.022716,0.013851,-0.032050
0.021374,0.012249,-0.029977
0.020406,0.010528,-0.028008
0.019970,0.008670,-0.026434
0.020228,0.006656,-0.025545
0.020847,0.005247,-0.025009
0.021684,0.004397,-0.024715
0.022642,0.003855,-0.024606
0.023624,0.003372,-0.024624
0.024534,0.002700,-0.024714
0.025276,0.001588,-0.024818
0.025753,-0.000213,-0.024879
0.025868,-0.002951,-0.024841
0.025526,-0.006877,-0.024647
0.025130,-0.010227,-0.024367
0.024756,-0.012693,-0.024045
0.024395,-0.014330,-0.023719
0.024038,-0.015195,-0.023427
0.023675,-0.015342,-0.023207
0.023300,-0.014826,-0.023095
0.022901,-0.013705,-0.023130
0.022472,-0.012032,-0.023349
0.022003,-0.009864,-0.023790
0.021626,-0.008053,-0.023607
0.021335,-0.006750,-0.022752
0.021085,-0.005933,-0.021375
0.020835,-0.005580,-0.019628
0.020541,-0.005670,-0.017660
0.020161,-0.006179,-0.015623
0.019651,-0.007085,-0.013667
0.018969,-0.008367,-0.011943
0.018072,-0.010001,-0.010603
0.017284,-0.011310,-0.009870
0.016640,-0.012239,-0.009638
0.016104,-0.012887,-0.009714
0.015641,-0.013354,-0.009909
0.015213,-0.013741,-0.010031
0.014785,-0.014147,-0.009890
0.014320,-0.014673,-0.009295
0.013782,-0.015418,-0.008054
0.013134,-0.016482,-0.005976
0.012117,-0.016984,-0.004684
0.010738,-0.016856,-0.004337
0.009073,-0.016237,-0.004731
0.007201,-0.015264,-0.005665
0.005195,-0.014074,-0.006932
0.003133,-0.012804,-0.008330
0.001091,-0.011592,-0.009656
-0.000854,-0.010575,-0.010704
-0.002627,-0.009891,-0.011273
-0.004993,-0.009748,-0.012070
-0.007931,-0.010045,-0.013164
-0.011226,-0.010607,-0.014465
-0.014662,-0.011254,-0.015881
-0.018024,-0.011811,-0.017321
-0.021095,-0.012100,-0.018693
-0.023660,-0.011944,-0.019907
-0.025504,-0.011165,-0.020872
-0.026411,-0.009586,-0.021495
-0.026791,-0.008881,-0.022805
-0.026798,-0.009179,-0.024780
-0.026523,-0.010224,-0.027138
-0.026057,-0.011761,-0.029593
-0.025491,-0.013532,-0.031863
-0.024915,-0.015282,-0.033664
-0.024420,-0.016755,-0.034713
-0.024097,-0.017695,-0.034724
-0.024037,-0.017846,-0.033416
-0.024224,-0.018353,-0.031638
-0.024622,-0.019331,-0.029669
-0.025186,-0.020641,-0.027645
-0.025872,-0.022141,-0.025701
-0.026636,-0.023691,-0.023974
-0.027435,-0.025149,-0.022599
-0.028224,-0.026374,-0.021714
-0.028961,-0.027226,-0.021452
-0.029600,-0.027564,-0.021951
-0.029724,-0.027582,-0.022874
-0.029352,-0.027359,-0.024026
-0.028609,-0.026946,-0.025249
-0.027625,-0.026394,-0.026382
-0.026525,-0.025752,-0.027267
-0.025439,-0.025072,-0.027743
-0.024492,-0.024403,-0.027653
-0.023813,-0.023798,-0.026836
-0.023529,-0.023305,-0.025133
-0.023600,-0.023204,-0.023530
-0.023970,-0.023474,-0.022229
-0.024573,-0.024017,-0.021233
-0.025349,-0.024736,-0.020547
-0.026233,-0.025534,-0.020178
-0.027163,-0.026313,-0.020128
-0.028077,-0.026976,-0.020404
-0.028910,-0.027425,-0.021010
-0.029600,-0.027564,-0.021951
-0.030297,-0.028065,-0.022765
-0.030982,-0.028943,-0.023356
-0.031594,-0.030050,-0.023720
-0.032073,-0.031235,-0.023851
-0.032358,-0.032351,-0.023745
-0.032388,-0.033249,-0.023398
-0.032102,-0.033779,-0.022803
-0.031441,-0.033792,-0.021958
-0.030343,-0.033140,-0.020856
-0.028940,-0.031695,-0.020117
-0.027308,-0.029625,-0.019780
-0.025508,-0.027170,-0.019741
-0.023601,-0.024571,-0.019894
-0.021649,-0.022069,-0.020134
-0.019713,-0.019903,-0.020357
-0.017855,-0.018316,-0.020458
-0.016135,-0.017547,-0.020332
-0.014615,-0.017837,-0.019874
-0.013019,-0.017415,-0.019467
-0.011326,-0.016076,-0.019157
-0.009574,-0.014004,-0.018901
-0.007807,-0.011385,-0.018658
-0.006065,-0.008404,-0.018387
-0.004389,-0.005247,-0.018046
-0.002821,-0.002098,-0.017594
-0.001401,0.000857,-0.016989
-0.000170,0.003433,-0.016191
0.001015,0.005337,-0.015171
0.002145,0.006587,-0.014057
0.003171,0.007276,-0.013020
0.004044,0.007498,-0.012226
0.004716,0.007347,-0.011844
0.005139,0.006917,-0.012043
0.005264,0.006302,-0.012992
0.005043,0.005596,-0.014857
0.004427,0.004893,-0.017809
0.003359,0.005290,-0.020390
0.001933,0.006752,-0.022339
0.000280,0.008964,-0.023697
-0.001470,0.011608,-0.024503
-0.003185,0.014368,-0.024795
-0.004735,0.016928,-0.024614
-0.005988,0.018971,-0.023998
-0.006815,0.020180,-0.022988
-0.007084,0.020239,-0.021621
-0.006850,0.019896,-0.020909
-0.006217,0.019408,-0.020858
-0.005297,0.018914,-0.021230
-0.004205,0.018548,-0.021781
-0.003055,0.018448,-0.022271
-0.001960,0.018749,-0.022459
-0.001035,0.019589,-0.022103
-0.000393,0.021104,-0.020961
-0.000148,0.023430,-0.018794
-0.000043,0.026707,-0.016957
0.000013,0.030628,-0.015630
0.000071,0.034774,-0.014700
0.000179,0.038727,-0.014053
0.000388,0.042069,-0.013575
0.000748,0.044379,-0.013153
0.001307,0.045240,-0.012672
0.002117,0.044232,-0.012019
0.003226,0.040938,-0.011080
0.003584,0.037190,-0.011439
0.003175,0.033390,-0.013216
0.002240,0.029582,-0.016165
0.001022,0.025808,-0.020041
-0.000235,0.022111,-0.024599
-0.001290,0.018536,-0.029592
-0.001900,0.015124,-0.034777
-0.001823,0.011920,-0.039907
-0.000817,0.008966,-0.044737
-0.000104,0.007723,-0.050743
0.000133,0.007956,-0.057802
-0.000027,0.009008,-0.065393
-0.000504,0.010223,-0.072993
-0.001220,0.010943,-0.080080
-0.002096,0.010512,-0.086130
-0.003052,0.008271,-0.090621
-0.004010,0.003565,-0.093032
-0.004891,-0.004264,-0.092839
-0.006017,-0.010840,-0.092351
-0.007402,-0.015588,-0.092075
-0.008981,-0.018880,-0.092064
-0.010691,-0.021091,-0.092376
-0.012466,-0.022592,-0.093065
-0.014242,-0.023757,-0.094188
-0.015956,-0.024960,-0.095800
-0.017542,-0.026575,-0.097956
-0.018937,-0.028973,-0.100713
-0.020406,-0.032037,-0.103114
-0.021869,-0.035573,-0.104948
-0.023163,-0.039368,-0.106188
-0.024122,-0.043210,-0.106809
-0.024582,-0.046886,-0.106784
-0.024378,-0.050182,-0.106088
-0.023345,-0.052887,-0.104693
-0.021319,-0.054787,-0.102574
-0.018135,-0.055671,-0.099705
-0.015534,-0.055527,-0.097299
-0.013768,-0.054521,-0.095559
-0.012721,-0.052861,-0.094429
-0.012273,-0.050755,-0.093857
-0.012308,-0.048412,-0.093790
-0.012706,-0.046040,-0.094172
-0.013349,-0.043848,-0.094952
-0.014120,-0.042043,-0.096076
-0.014900,-0.040835,-0.097490
-0.015268,-0.040253,-0.097932
-0.015177,-0.040170,-0.097378
-0.014673,-0.040420,-0.096112
-0.013805,-0.040835,-0.094419
-0.012618,-0.041248,-0.092582
-0.011160,-0.041493,-0.090886
-0.009477,-0.041403,-0.089615
-0.007617,-0.040810,-0.089054
-0.005627,-0.039548,-0.089486
-0.003810,-0.038743,-0.089792
-0.002212,-0.038476,-0.089777
-0.000809,-0.038569,-0.089481
0.000418,-0.038843,-0.088945
0.001493,-0.039119,-0.088207
0.002436,-0.039217,-0.087306
0.003269,-0.038960,-0.086282
0.004015,-0.038166,-0.085175
0.004693,-0.036659,-0.084023
0.005735,-0.034179,-0.083386
0.007138,-0.030831,-0.083249
0.008794,-0.026805,-0.083453
0.010596,-0.022295,-0.083839
0.012435,-0.017492,-0.084250
0.014204,-0.012589,-0.084525
0.015793,-0.007777,-0.084507
0.017094,-0.003250,-0.084037
0.018000,0.000801,-0.082957
0.018730,0.004238,-0.081365
0.019331,0.007154,-0.079376
0.019803,0.009701,-0.077105
0.020148,0.012029,-0.074666
0.020368,0.014290,-0.072177
0.020466,0.016633,-0.069752
0.020442,0.019210,-0.067507
0.020299,0.022171,-0.065558
0.020037,0.025669,-0.064019
0.019854,0.028380,-0.063322
0.019796,0.030194,-0.063369
0.019874,0.031299,-0.063930
0.020099,0.031886,-0.064776
0.020482,0.032143,-0.065679
0.021034,0.032261,-0.066408
0.021766,0.032430,-0.066734
0.022687,0.032838,-0.066428
0.023810,0.033677,-0.065262
0.025050,0.033707,-0.064244
0.026340,0.032854,-0.063534
0.027615,0.031334,-0.063078
0.028811,0.029363,-0.062822
0.029862,0.027157,-0.062712
0.030704,0.024931,-0.062694
0.031273,0.022901,-0.062714
0.031504,0.021283,-0.062717
0.031332,0.020294,-0.062651
0.031574,0.021037,-0.062155
0.032404,0.023281,-0.061343
0.033834,0.026464,-0.060447
0.035878,0.030021,-0.059699
0.038550,0.033387,-0.059333
0.041861,0.035998,-0.059579
0.045825,0.037291,-0.060671
0.050455,0.036700,-0.062840
0.055765,0.033662,-0.066319
0.060256,0.029289,-0.069769
0.063687,0.024035,-0.072887
0.066131,0.018189,-0.075629
0.067661,0.012041,-0.077948
0.068349,0.005879,-0.079800
0.068269,-0.000006,-0.081140
0.067493,-0.005325,-0.081923
0.066093,-0.009789,-0.082104
0.064144,-0.013107,-0.081639
0.062093,-0.014567,-0.079784
0.060052,-0.014304,-0.076648
0.058047,-0.012670,-0.072551
0.056106,-0.010014,-0.067813
0.054254,-0.006688,-0.062755
0.052520,-0.003042,-0.057695
0.050930,0.000574,-0.052956
0.049510,0.003808,-0.048857
0.048287,0.006312,-0.045717
0.046791,0.010079,-0.041331
0.044976,0.015013,-0.035865
0.042905,0.020494,-0.030081
0.040642,0.025904,-0.024738
0.038247,0.030622,-0.020597
0.035786,0.034030,-0.018420
0.033319,0.035507,-0.018967
0.030909,0.034434,-0.022998
0.028620,0.030192,-0.031275
0.026503,0.026027,-0.037278
0.024597,0.022505,-0.040196
0.022935,0.019517,-0.040639
0.021554,0.016960,-0.039221
0.020487,0.014726,-0.036555
0.019770,0.012709,-0.033252
0.019437,0.010804,-0.029927
0.019523,0.008903,-0.027190
0.020064,0.006902,-0.025656
0.020522,0.004948,-0.024341
0.020794,0.003035,-0.023080
0.020882,0.001112,-0.021912
0.020788,-0.000869,-0.020876
0.020515,-0.002956,-0.020012
0.020066,-0.005198,-0.019359
0.019442,-0.007643,-0.018957
0.018648,-0.010340,-0.018844
0.017684,-0.013338,-0.019060
0.016596,-0.016070,-0.018628
0.015410,-0.018439,-0.017447
0.014151,-0.020465,-0.015638
0.012841,-0.022167,-0.013319
0.011503,-0.023565,-0.010610
0.010161,-0.024678,-0.007631
0.008838,-0.025525,-0.004502
0.007557,-0.026127,-0.001341
0.006342,-0.026503,0.001731
0.005311,-0.027211,0.005538
0.004477,-0.028224,0.010021
0.003824,-0.029370,0.014907
0.003338,-0.030477,0.019920
0.003006,-0.031372,0.024784
0.002811,-0.031882,0.029222
0.002740,-0.031836,0.032961
0.002778,-0.031060,0.035724
0.002911,-0.029381,0.037235
0.003126,-0.027564,0.038702
0.003400,-0.025762,0.040301
0.003705,-0.023978,0.041949
0.004016,-0.022213,0.043565
0.004306,-0.020469,0.045067
0.004549,-0.018750,0.046373
0.004718,-0.017057,0.047402
0.004786,-0.015392,0.048072
0.004728,-0.013758,0.048301
0.003983,-0.012223,0.048788
0.002599,-0.010772,0.049584
0.000774,-0.009367,0.050576
-0.001291,-0.007971,0.051652
-0.003397,-0.006548,0.052701
-0.005345,-0.005059,0.053609
-0.006933,-0.003469,0.054265
-0.007964,-0.001739,0.054556
-0.008237,0.000167,0.054371
-0.008440,0.001728,0.054414
-0.008673,0.002892,0.054700
-0.008889,0.003728,0.055071
-0.009041,0.004302,0.055372
-0.009082,0.004682,0.055443
-0.008967,0.004935,0.055129
-0.008647,0.005128,0.054272
-0.008077,0.005328,0.052714
-0.007209,0.005602,0.050299
-0.006503,0.005546,0.048253
-0.006054,0.005178,0.046743
-0.005867,0.004622,0.045669
-0.005947,0.004000,0.044930
-0.006298,0.003436,0.044429
-0.006925,0.003055,0.044065
-0.007832,0.002979,0.043738
-0.009025,0.003333,0.043348
-0.010507,0.004240,0.042797
-0.011957,0.005385,0.041952
-0.013303,0.006648,0.040801
-0.014533,0.007957,0.039365
-0.015635,0.009240,0.037662
-0.016597,0.010425,0.035712
-0.017409,0.011440,0.033534
-0.018059,0.012213,0.031148
-0.018536,0.012672,0.028573
-0.018827,0.012746,0.025829
-0.018333,0.012749,0.023011
-0.017117,0.012775,0.020164
-0.015404,0.012861,0.017323
-0.013422,0.013043,0.014521
-0.011397,0.013358,0.011792
-0.009558,0.013842,0.009170
-0.008130,0.014533,0.006687
-0.007340,0.015467,0.004378
-0.007416,0.016680,0.002277
-0.007747,0.018121,0.000673
-0.008155,0.019623,-0.000466
-0.008573,0.020992,-0.001253
-0.008934,0.022034,-0.001802
-0.009170,0.022556,-0.002225
-0.009212,0.022364,-0.002635
-0.008994,0.021264,-0.003145
-0.008448,0.019061,-0.003870
-0.007506,0.015562,-0.004921
-0.006111,0.010660,-0.006822
-0.004267,0.004722,-0.009527
-0.001995,-0.001761,-0.012848
0.000684,-0.008302,-0.016596
0.003749,-0.014411,-0.020582
0.007181,-0.019601,-0.024620
0.010959,-0.023382,-0.028519
0.015061,-0.025267,-0.032093
0.019468,-0.024766,-0.035152
0.023493,-0.024290,-0.037380
0.027008,-0.024112,-0.038748
0.030022,-0.023964,-0.039298
0.032545,-0.023584,-0.039071
0.034588,-0.022705,-0.038108
0.036161,-0.021064,-0.036451
0.037274,-0.018395,-0.034142
0.037937,-0.014434,-0.031223
0.038161,-0.008915,-0.027734
0.038955,-0.004306,-0.025244
0.040308,-0.000877,-0.024031
0.041951,0.001651,-0.024055
0.043618,0.003558,-0.025272
0.045041,0.005122,-0.027641
0.045952,0.006624,-0.031119
0.046083,0.008341,-0.035664
0.045168,0.010555,-0.041233
0.042939,0.013542,-0.047785
0.040473,0.017134,-0.052721
0.038007,0.021058,-0.055903
0.035566,0.025018,-0.057809
0.033175,0.028716,-0.058915
0.030862,0.031856,-0.059700
0.028650,0.034140,-0.060640
0.026567,0.035273,-0.062213
0.024637,0.034957,-0.064897
0.022886,0.032895,-0.069168
0.022238,0.030276,-0.071506
0.022665,0.027525,-0.071551
0.023895,0.024876,-0.069735
0.025660,0.022562,-0.066490
0.027690,0.020817,-0.062248
0.029716,0.019875,-0.057441
0.031468,0.019969,-0.052501
0.032678,0.021334,-0.047858
0.033075,0.024203,-0.043946
0.032729,0.025268,-0.040601
0.031814,0.024162,-0.037727
0.030530,0.021257,-0.035249
0.029077,0.016923,-0.033091
0.027657,0.011533,-0.031177
0.026469,0.005455,-0.029430
0.025714,-0.000937,-0.027775
0.025593,-0.007275,-0.026135
0.026307,-0.013187,-0.024434
0.026687,-0.017301,-0.021803
0.026601,-0.019609,-0.018111
0.026178,-0.020444,-0.013410
0.025544,-0.020140,-0.007753
0.024827,-0.019027,-0.001193
0.024154,-0.017439,0.006219
0.023652,-0.015709,0.014428
0.023448,-0.014169,0.023384
0.023670,-0.013152,0.033032
0.025048,-0.013153,0.041498
0.027672,-0.013913,0.048413
0.031475,-0.014987,0.053785
0.036386,-0.015929,0.057625
0.042339,-0.016292,0.059941
0.049263,-0.015630,0.060743
0.057090,-0.013496,0.060038
0.065751,-0.009446,0.057837
0.075178,-0.003032,0.054148
0.082644,0.002940,0.047006
0.087955,0.008067,0.036635
0.091553,0.012549,0.023808
0.093878,0.016584,0.009297
0.095370,0.020371,-0.006127
0.096471,0.024110,-0.021691
0.097621,0.027998,-0.036623
0.099261,0.032235,-0.050152
0.101832,0.037020,-0.061505
0.103369,0.042190,-0.070731
0.103597,0.047303,-0.077857
0.102667,0.051845,-0.082903
0.100725,0.055303,-0.085890
0.097921,0.057162,-0.086838
0.094402,0.056910,-0.085768
0.090319,0.054033,-0.082700
0.085819,0.048017,-0.077656
0.081051,0.038349,-0.070655
0.075903,0.030189,-0.064309
0.070460,0.024324,-0.059172
0.064856,0.020450,-0.055282
0.059225,0.018261,-0.052681
0.053701,0.017453,-0.051405
0.048418,0.017720,-0.051497
0.043509,0.018757,-0.052994
0.039109,0.020259,-0.055936
0.035351,0.021921,-0.060364
0.031811,0.022088,-0.063950
0.028427,0.020774,-0.066336
0.025227,0.018409,-0.067649
0.022240,0.015425,-0.068021
0.019493,0.012253,-0.067581
0.017015,0.009325,-0.066460
0.014835,0.007072,-0.064786
0.012979,0.005925,-0.062689
0.011477,0.006316,-0.060301
0.009846,0.007235,-0.058410
0.008335,0.008350,-0.056933
0.007377,0.009495,-0.055570
0.007404,0.010505,-0.054018
0.008849,0.011213,-0.051977
0.012144,0.011456,-0.049145
0.017723,0.011067,-0.045220
0.026018,0.009881,-0.039902
0.037462,0.007734,-0.032889
0.047853,0.005604,-0.027105
0.056405,0.003792,-0.022936
0.063186,0.002426,-0.020137
0.068264,0.001633,-0.018460
0.071706,0.001543,-0.017658
0.073580,0.002284,-0.017485
0.073954,0.003985,-0.017692
0.072896,0.006773,-0.018034
0.070473,0.010777,-0.018263
0.068047,0.014504,-0.018249
0.065871,0.017500,-0.017958
0.063916,0.019568,-0.017385
0.062157,0.020516,-0.016521
0.060567,0.020148,-0.015361
0.059120,0.018269,-0.013896
0.057788,0.014685,-0.012120
0.056544,0.009201,-0.010025
0.055363,0.001622,-0.007605
0.053873,-0.004147,-0.004121
0.052121,-0.007798,0.000205
0.050262,-0.009926,0.004907
0.048448,-0.011122,0.009521
0.046834,-0.011980,0.013581
0.045574,-0.013092,0.016625
0.044820,-0.015051,0.018186
0.044727,-0.018450,0.017800
0.045448,-0.023881,0.015003
0.047082,-0.028984,0.012844
0.049402,-0.033336,0.011679
0.052095,-0.037002,0.011190
0.054851,-0.040043,0.011058
0.057358,-0.042524,0.010966
0.059305,-0.044508,0.010594
0.060381,-0.046058,0.009626
0.060274,-0.047237,0.007743
0.058675,-0.048108,0.004626
0.056443,-0.048760,0.001668
0.053846,-0.049122,-0.000876
0.050998,-0.049086,-0.003034
0.048015,-0.048543,-0.004837
0.045014,-0.047384,-0.006314
0.042110,-0.045500,-0.007493
0.039419,-0.042782,-0.008403
0.037057,-0.039122,-0.009074
0.035140,-0.034410,-0.009536
0.033508,-0.030591,-0.010448
0.032142,-0.028017,-0.011851
0.031056,-0.026643,-0.013630
0.030265,-0.026423,-0.015672
0.029783,-0.027313,-0.017860
0.029626,-0.029267,-0.020080
0.029808,-0.032240,-0.022218
0.030344,-0.036186,-0.024158
0.031248,-0.041061,-0.025786
0.032662,-0.043936,-0.027272
0.034467,-0.044592,-0.028631
0.036481,-0.043489,-0.029841
0.038521,-0.041084,-0.030880
0.040406,-0.037836,-0.031723
0.041952,-0.034203,-0.032349
0.042977,-0.030645,-0.032735
0.043299,-0.027619,-0.032857
0.042735,-0.025585,-0.032694
0.041759,-0.023591,-0.031483
0.040534,-0.021466,-0.029277
0.039152,-0.019233,-0.026335
0.037699,-0.016918,-0.022913
0.036266,-0.014542,-0.019267
0.034941,-0.012130,-0.015654
0.033813,-0.009706,-0.012333
0.032971,-0.007293,-0.009559
0.032504,-0.004914,-0.007589
0.031670,-0.003256,-0.006577
0.030404,-0.002379,-0.006385
0.028808,-0.002186,-0.006808
0.026985,-0.002581,-0.007636
0.025039,-0.003467,-0.008663
0.023071,-0.004749,-0.009681
0.021186,-0.006329,-0.010482
0.019485,-0.008112,-0.010858
0.018072,-0.010001,-0.010603
0.016912,-0.011249,-0.009429
0.015996,-0.011817,-0.007533
0.015321,-0.011840,-0.005233
0.014885,-0.011455,-0.002847
0.014685,-0.010798,-0.000692
0.014719,-0.010004,0.000915
0.014984,-0.009212,0.001655
0.015477,-0.008556,0.001211
0.016196,-0.008172,-0.000735
0.016891,-0.007857,-0.003003
0.017496,-0.007617,-0.005323
0.017994,-0.007517,-0.007646
0.018365,-0.007618,-0.009927
0.018592,-0.007984,-0.012119
0.018656,-0.008676,-0.014174
0.018538,-0.009757,-0.016047
0.018220,-0.011290,-0.017692
0.017684,-0.013338,-0.019060
0.016623,-0.015690,-0.019059
0.015139,-0.018023,-0.017667
0.013436,-0.019980,-0.015133
0.011720,-0.021210,-0.011703
0.010194,-0.021356,-0.007627
0.009064,-0.020066,-0.003152
0.008534,-0.016985,0.001475
0.008808,-0.011759,0.006005
0.010091,-0.004033,0.010191
0.010929,0.003823,0.012914
0.011235,0.011291,0.014264
0.011262,0.018312,0.014633
0.011266,0.024827,0.014414
0.011499,0.030780,0.014000
0.012217,0.036111,0.013783
0.013674,0.040762,0.014157
0.016124,0.044676,0.015512
0.019821,0.047793,0.018243
0.022844,0.050333,0.021058
0.024904,0.052164,0.023638
0.026121,0.053069,0.025909
0.026613,0.052830,0.027795
0.026502,0.051231,0.029222
0.025905,0.048053,0.030115
0.024942,0.043079,0.030399
0.023733,0.036092,0.030000
0.022397,0.026874,0.028842
0.021452,0.020138,0.027137
0.020826,0.016308,0.024952
0.020303,0.014737,0.022324
0.019667,0.014777,0.019286
0.018701,0.015781,0.015873
0.017189,0.017101,0.012118
0.014912,0.018090,0.008058
0.011656,0.018100,0.003725
0.007203,0.016484,-0.000846
0.002431,0.016009,-0.003634
-0.002376,0.017054,-0.004116
-0.007088,0.019406,-0.002143
-0.011573,0.022848,0.002433
-0.015697,0.027165,0.009762
-0.019330,0.032142,0.019992
-0.022339,0.037565,0.033272
-0.024592,0.043217,0.049751
-0.025957,0.048883,0.069577
-0.025918,0.054773,0.084271
-0.024606,0.060715,0.092853
-0.022314,0.066437,0.096217
-0.019334,0.071670,0.095261
-0.015961,0.076145,0.090879
-0.012486,0.079591,0.083968
-0.009203,0.081739,0.075423
-0.006405,0.082318,0.066140
-0.004383,0.081060,0.057014
-0.002547,0.082602,0.050263
-0.000773,0.087007,0.045949
0.000944,0.093193,0.043601
0.002612,0.100078,0.042743
0.004235,0.106580,0.042902
0.005820,0.111618,0.043605
0.007373,0.114110,0.044377
0.008899,0.112974,0.044745
0.010404,0.107127,0.044235
0.011811,0.097732,0.042779
0.013020,0.085855,0.040525
0.013925,0.072541,0.037674
0.014421,0.058834,0.034429
0.014403,0.045777,0.030992
0.013764,0.034416,0.027564
0.012400,0.025793,0.024348
0.010204,0.020954,0.021544
0.007072,0.020942,0.019356
0.004128,0.022244,0.016695
0.001608,0.023973,0.013592
-0.000477,0.025896,0.010361
-0.002112,0.027778,0.007314
-0.003285,0.029387,0.004765
-0.003984,0.030490,0.003026
-0.004195,0.030854,0.002411
-0.003906,0.030245,0.003232
-0.003104,0.028432,0.005802
-0.001028,0.025269,0.008822
0.002140,0.020815,0.011851
0.005984,0.015175,0.014660
0.010088,0.008456,0.017020
0.014035,0.000766,0.018703
0.017408,-0.007790,0.019480
0.019791,-0.017105,0.019124
0.020768,-0.027071,0.017406
0.019923,-0.037584,0.014097
0.017883,-0.044559,0.010145
0.014922,-0.047882,0.005891
0.011221,-0.048427,0.001525
0.006963,-0.047071,-0.002760
0.002331,-0.044687,-0.006775
-0.002494,-0.042152,-0.010329
-0.007328,-0.040341,-0.013231
-0.011989,-0.040128,-0.015291
-0.016295,-0.042390,-0.016317
-0.019329,-0.044590,-0.016470
-0.021108,-0.046247,-0.015930
-0.021886,-0.047392,-0.014882
-0.021914,-0.048059,-0.013508
-0.021446,-0.048278,-0.011994
-0.020733,-0.048081,-0.010524
-0.020028,-0.047501,-0.009282
-0.019584,-0.046570,-0.008452
-0.019652,-0.045319,-0.008218
-0.020725,-0.045912,-0.007816
-0.022576,-0.048151,-0.007145
-0.024798,-0.051246,-0.006273
-0.026986,-0.054408,-0.005265
-0.028732,-0.056848,-0.004187
-0.029629,-0.057777,-0.003107
-0.029273,-0.056405,-0.002089
-0.027256,-0.051943,-0.001202
-0.023171,-0.043603,-0.000510
-0.018893,-0.034000,-0.000309
-0.014858,-0.024038,-0.000738
-0.011145,-0.014194,-0.001896
-0.007832,-0.004944,-0.003884
-0.004995,0.003238,-0.006801
-0.002714,0.009875,-0.010748
-0.001067,0.014492,-0.015825
-0.000130,0.016612,-0.022132
0.000017,0.015760,-0.029768
-0.000918,0.014024,-0.037657
-0.002793,0.011949,-0.045492
-0.005360,0.009689,-0.053162
-0.008370,0.007404,-0.060553
-0.011573,0.005250,-0.067552
-0.014721,0.003383,-0.074048
-0.017564,0.001962,-0.079928
-0.019854,0.001143,-0.085078
-0.021342,0.001083,-0.089386
-0.021339,0.000968,-0.092798
-0.020081,0.000539,-0.095411
-0.018029,-0.000325,-0.097360
-0.015649,-0.001745,-0.098783
-0.013404,-0.003840,-0.099816
-0.011758,-0.006732,-0.100594
-0.011174,-0.010541,-0.101254
-0.012116,-0.015387,-0.101932
-0.015048,-0.021392,-0.102765
-0.017101,-0.026734,-0.103638
-0.017970,-0.031205,-0.104379
-0.017991,-0.034995,-0.104798
-0.017499,-0.038298,-0.104705
-0.016828,-0.041304,-0.103913
-0.016315,-0.044207,-0.102230
-0.016296,-0.047198,-0.099469
-0.017104,-0.050470,-0.095441
-0.019076,-0.054214,-0.089955
-0.021204,-0.057425,-0.086782
-0.023171,-0.059960,-0.086147
-0.024834,-0.061898,-0.087390
-0.026047,-0.063315,-0.089853
-0.026669,-0.064287,-0.092875
-0.026553,-0.064891,-0.095796
-0.025557,-0.065203,-0.097957
-0.023537,-0.065300,-0.098698
-0.020347,-0.065258,-0.097359
-0.017335,-0.063682,-0.095651
-0.014797,-0.060595,-0.094057
-0.012767,-0.056374,-0.092754
-0.011278,-0.051396,-0.091918
-0.010366,-0.046040,-0.091724
-0.010064,-0.040684,-0.092349
-0.010407,-0.035704,-0.093969
-0.011429,-0.031479,-0.096760
-0.013164,-0.028387,-0.100897
-0.015103,-0.025564,-0.102286
-0.016924,-0.022794,-0.100861
-0.018351,-0.020020,-0.097565
-0.019109,-0.017185,-0.093341
-0.018922,-0.014233,-0.089130
-0.017514,-0.011108,-0.085877
-0.014609,-0.007753,-0.084524
-0.009932,-0.004112,-0.086013
-0.003206,-0.000128,-0.091287
0.001323,0.001844,-0.095530
0.003224,0.001684,-0.098072
0.003021,-0.000173,-0.099277
0.001234,-0.003290,-0.099511
-0.001612,-0.007231,-0.099138
-0.004995,-0.011559,-0.098524
-0.008394,-0.015838,-0.098034
-0.011285,-0.019631,-0.098032
-0.013146,-0.022502,-0.098885
-0.013716,-0.024130,-0.099898
-0.013183,-0.024647,-0.100861
-0.011848,-0.024296,-0.101685
-0.010010,-0.023318,-0.102280
-0.007970,-0.021957,-0.102556
-0.006029,-0.020455,-0.102423
-0.004486,-0.019057,-0.101792
-0.003642,-0.018004,-0.100573
-0.003798,-0.017540,-0.098676
-0.003858,-0.016911,-0.097293
-0.003691,-0.016072,-0.096572
-0.003403,-0.015151,-0.096405
-0.003101,-0.014280,-0.096678
-0.002891,-0.013588,-0.097283
-0.002881,-0.013206,-0.098107
-0.003179,-0.013262,-0.099041
-0.003890,-0.013888,-0.099973
-0.005122,-0.015212,-0.100792
-0.006878,-0.016866,-0.101033
-0.008979,-0.018655,-0.100746
-0.011197,-0.020433,-0.100113
-0.013304,-0.022050,-0.099315
-0.015073,-0.023359,-0.098534
-0.016276,-0.024210,-0.097951
-0.016686,-0.024457,-0.097747
-0.016075,-0.023951,-0.098104
-0.014217,-0.022543,-0.099203
-0.012800,-0.021233,-0.099440
-0.012089,-0.020282,-0.098789
-0.011992,-0.019766,-0.097622
-0.012418,-0.019762,-0.096309
-0.013276,-0.020347,-0.095219
-0.014473,-0.021596,-0.094724
-0.015918,-0.023585,-0.095195
-0.017520,-0.026392,-0.097000
-0.019187,-0.030093,-0.100511
-0.020022,-0.035023,-0.104736
-0.020095,-0.040931,-0.109030
-0.019718,-0.047418,-0.112837
-0.019205,-0.054083,-0.115600
-0.018868,-0.060526,-0.116762
-0.019019,-0.066350,-0.115766
-0.019971,-0.071153,-0.112057
-0.022036,-0.074536,-0.105076
-0.025528,-0.076100,-0.094267
-0.028594,-0.075199,-0.083287
-0.030967,-0.071913,-0.073058
-0.032774,-0.066498,-0.063819
-0.034143,-0.059216,-0.055809
-0.035202,-0.050325,-0.049268
-0.036079,-0.040083,-0.044435
-0.036901,-0.028751,-0.041549
-0.037796,-0.016586,-0.040849
-0.038892,-0.003849,-0.042576
-0.039735,0.006330,-0.042884
-0.040131,0.013694,-0.041327
-0.039952,0.018703,-0.038307
-0.039073,0.021818,-0.034228
-0.037364,0.023499,-0.029491
-0.034699,0.024209,-0.024500
-0.030951,0.024407,-0.019657
-0.025991,0.024554,-0.015364
-0.019693,0.025112,-0.012025
-0.015207,0.023893,-0.009913
-0.012693,0.020997,-0.009035
-0.011569,0.017100,-0.009328
-0.011248,0.012876,-0.010730
-0.011146,0.009000,-0.013180
-0.010679,0.006146,-0.016614
-0.009261,0.004988,-0.020972
-0.006309,0.006201,-0.026190
-0.001236,0.010460,-0.032208
0.003977,0.011841,-0.037458
0.008842,0.009728,-0.041599
0.013243,0.004838,-0.044596
0.017066,-0.002117,-0.046413
0.020193,-0.010423,-0.047013
0.022509,-0.019366,-0.046361
0.023899,-0.028231,-0.044421
0.024247,-0.036306,-0.041157
0.023437,-0.042875,-0.036533
0.021647,-0.048614,-0.031485
0.019172,-0.053660,-0.026162
0.016337,-0.058021,-0.020520
0.013465,-0.061701,-0.014514
0.010883,-0.064705,-0.008099
0.008913,-0.067040,-0.001230
0.007880,-0.068711,0.006138
0.008109,-0.069723,0.014051
0.009924,-0.070083,0.022552
0.012078,-0.069896,0.030105
0.014217,-0.069241,0.036330
0.016212,-0.068186,0.041139
0.017936,-0.066803,0.044443
0.019258,-0.065161,0.046153
0.020051,-0.063330,0.046181
0.020185,-0.061380,0.044438
0.019532,-0.059380,0.040836
0.017962,-0.057400,0.035286
0.016698,-0.055306,0.030667
0.015831,-0.052884,0.027343
0.015166,-0.049904,0.025047
0.014514,-0.046134,0.023512
0.013680,-0.041344,0.022474
0.012472,-0.035303,0.021665
0.010698,-0.027778,0.020818
0.008165,-0.018540,0.019669
0.004681,-0.007357,0.017950
0.000911,0.000570,0.015135
-0.002773,0.004918,0.011251
-0.006076,0.006583,0.006459
-0.008700,0.006463,0.000923
-0.010347,0.005454,-0.005193
-0.010722,0.004453,-0.011728
-0.009526,0.004356,-0.018517
-0.006463,0.006059,-0.025398
-0.001236,0.010460,-0.032208
0.005366,0.013109,-0.039824
0.012806,0.013519,-0.047874
0.020610,0.012192,-0.055673
0.028303,0.009633,-0.062537
0.035410,0.006343,-0.067781
0.041458,0.002828,-0.070720
0.045971,-0.000412,-0.070668
0.048475,-0.002872,-0.066942
0.048497,-0.004048,-0.058856
0.047084,-0.005618,-0.051657
0.044630,-0.007513,-0.046234
0.041366,-0.009227,-0.042389
0.037525,-0.010256,-0.039922
0.033336,-0.010094,-0.038635
0.029031,-0.008236,-0.038328
0.024841,-0.004178,-0.038803
0.020996,0.002585,-0.039861
0.017729,0.012559,-0.041303
0.016154,0.020531,-0.042035
0.016271,0.025610,-0.041798
0.017803,0.027987,-0.040547
0.020471,0.027853,-0.038233
0.023997,0.025398,-0.034810
0.028104,0.020812,-0.030230
0.032513,0.014286,-0.024445
0.036947,0.006009,-0.017409
0.041128,-0.003826,-0.009074
0.044680,-0.013372,-0.000587
0.047546,-0.021929,0.007751
0.049744,-0.029084,0.015854
0.051293,-0.034427,0.023636
0.052212,-0.037546,0.031010
0.052521,-0.038029,0.037889
0.052238,-0.035464,0.044186
0.051383,-0.029440,0.049814
0.049974,-0.019545,0.054688
0.049020,-0.007806,0.059248
0.048639,0.005093,0.063377
0.048731,0.018805,0.066812
0.049194,0.032980,0.069293
0.049927,0.047270,0.070560
0.050829,0.061328,0.070352
0.051797,0.074805,0.068407
0.052730,0.087352,0.064467
0.053528,0.098622,0.058269
0.053824,0.105393,0.051231
0.053495,0.107511,0.043899
0.052476,0.105587,0.036601
0.050704,0.100233,0.029662
0.048113,0.092061,0.023411
0.044641,0.081682,0.018175
0.040222,0.069709,0.014282
0.034794,0.056752,0.012057
0.028291,0.043425,0.011829
0.022651,0.032904,0.013090
0.018056,0.025450,0.015528
0.014249,0.020590,0.018883
0.010972,0.017854,0.022894
0.007969,0.016772,0.027298
0.004983,0.016872,0.031836
0.001756,0.017685,0.036245
-0.001969,0.018740,0.040264
-0.006448,0.019565,0.043634
-0.010881,0.020406,0.046224
-0.014999,0.021384,0.048002
-0.018666,0.022585,0.048957
-0.021747,0.024098,0.049077
-0.024105,0.026011,0.048351
-0.025607,0.028411,0.046770
-0.026115,0.031387,0.044321
-0.025495,0.035026,0.040994
-0.023610,0.039417,0.036778
-0.022404,0.044107,0.032916
-0.022048,0.048452,0.029693
-0.022270,0.051758,0.027161
-0.022797,0.053331,0.025367
-0.023358,0.052477,0.024361
-0.023679,0.048501,0.024192
-0.023490,0.040711,0.024910
-0.022517,0.028412,0.026563
-0.020489,0.010910,0.029201
-0.017092,-0.002616,0.031328
-0.012444,-0.011049,0.032512
-0.006766,-0.015283,0.032587
-0.000281,-0.016214,0.031386
0.006788,-0.014737,0.028742
0.014218,-0.011749,0.024489
0.021786,-0.008143,0.018460
0.029271,-0.004817,0.010489
0.036448,-0.002665,0.000410
0.041513,-0.002520,-0.008731
0.044425,-0.004047,-0.016334
0.045583,-0.006619,-0.022413
0.045390,-0.009609,-0.026985
0.044245,-0.012392,-0.030063
0.042549,-0.014341,-0.031663
0.040702,-0.014828,-0.031798
0.039106,-0.013229,-0.030483
0.038161,-0.008915,-0.027734
0.037421,-0.004676,-0.025569
0.036698,-0.001186,-0.024251
0.035867,0.001411,-0.023605
0.034802,0.002972,-0.023456
0.033378,0.003351,-0.023628
0.031472,0.002406,-0.023945
0.028958,-0.000009,-0.024233
0.025710,-0.004037,-0.024314
0.021605,-0.009822,-0.024015
0.017505,-0.012576,-0.024437
0.013752,-0.011897,-0.025705
0.010557,-0.008482,-0.027704
0.008131,-0.003027,-0.030317
0.006685,0.003770,-0.033426
0.006429,0.011214,-0.036916
0.007576,0.018608,-0.040669
0.010335,0.025254,-0.044568
0.014918,0.030458,-0.048496
0.019576,0.034132,-0.049622
0.023869,0.036423,-0.047961
0.027682,0.037536,-0.044245
0.030901,0.037678,-0.039203
0.033411,0.037053,-0.033566
0.035098,0.035867,-0.028064
0.035848,0.034324,-0.023428
0.035546,0.032632,-0.020387
0.034078,0.030994,-0.019672
0.032105,0.028891,-0.019773
0.029882,0.026304,-0.020296
0.027566,0.023339,-0.021124
0.025311,0.020103,-0.022143
0.023272,0.016701,-0.023235
0.021604,0.013241,-0.024286
0.020463,0.009827,-0.025179
0.020004,0.006567,-0.025799
0.020382,0.003566,-0.026030
0.020993,0.000847,-0.026200
0.021687,-0.001603,-0.026346
0.022426,-0.003809,-0.026430
0.023174,-0.005794,-0.026417
0.023893,-0.007583,-0.026270
0.024547,-0.009199,-0.025952
0.025098,-0.010666,-0.025427
0.025509,-0.012008,-0.024658
0.025743,-0.013249,-0.023608
0.025927,-0.013769,-0.023802
0.025978,-0.013538,-0.024977
0.025762,-0.012674,-0.026428
0.025142,-0.011294,-0.027447
0.023985,-0.009516,-0.027329
0.022155,-0.007456,-0.025366
0.019517,-0.005233,-0.020851
0.015936,-0.002965,-0.013078
0.011278,-0.000767,-0.001341
0.006508,0.001096,0.009743
0.002066,0.002730,0.019230
-0.001742,0.004329,0.027096
-0.004610,0.006091,0.033318
-0.006231,0.008210,0.037874
-0.006299,0.010883,0.040738
-0.004506,0.014306,0.041888
-0.000548,0.018675,0.041300
0.005883,0.024185,0.038951
0.012039,0.030055,0.036718
0.017449,0.035771,0.034773
0.022216,0.040887,0.032865
0.026439,0.044956,0.030739
0.030220,0.047530,0.028144
0.033660,0.048163,0.024827
0.036859,0.046408,0.020534
0.039919,0.041819,0.015013
0.042940,0.033949,0.008011
0.045126,0.027015,0.001383
0.046442,0.021707,-0.004489
0.047046,0.017827,-0.009588
0.047098,0.015181,-0.013899
0.046753,0.013573,-0.017405
0.046171,0.012808,-0.020091
0.045508,0.012691,-0.021940
0.044923,0.013026,-0.022937
0.044573,0.013618,-0.023066
0.045648,0.014639,-0.025227
0.047815,0.016053,-0.029603
0.050365,0.017771,-0.035694
0.052586,0.019707,-0.043002
0.053766,0.021772,-0.051028
0.053195,0.023879,-0.059274
0.050161,0.025938,-0.067240
0.043953,0.027864,-0.074428
0.033860,0.029567,-0.080339
0.024840,0.029741,-0.085980
0.017714,0.028629,-0.091144
0.012265,0.026859,-0.095323
0.008278,0.025061,-0.098008
0.005538,0.023863,-0.098691
0.003829,0.023894,-0.096861
0.002936,0.025784,-0.092011
0.002642,0.030161,-0.083632
0.002733,0.037653,-0.071215
0.001825,0.043885,-0.059369
-0.000162,0.048006,-0.049197
-0.002980,0.050051,-0.040929
-0.006381,0.050053,-0.034793
-0.010119,0.048047,-0.031016
-0.013945,0.044066,-0.029828
-0.017611,0.038144,-0.031457
-0.020872,0.030315,-0.036130
-0.023478,0.020612,-0.044077
-0.024966,0.013801,-0.049764
-0.025424,0.010211,-0.052670
-0.025079,0.009061,-0.053527
-0.024159,0.009571,-0.053066
-0.022889,0.010958,-0.052020
-0.021498,0.012444,-0.051121
-0.020212,0.013246,-0.051100
-0.019258,0.012584,-0.052689
-0.018864,0.009677,-0.056620
-0.017398,0.008145,-0.059009
-0.014897,0.008436,-0.059355
-0.011818,0.010204,-0.058002
-0.008614,0.013105,-0.055292
-0.005742,0.016793,-0.051572
-0.003657,0.020923,-0.047183
-0.002814,0.025152,-0.042471
-0.003669,0.029132,-0.037780
-0.006677,0.032521,-0.033453
-0.011060,0.034916,-0.029400
-0.016348,0.036367,-0.025579
-0.022145,0.037036,-0.021965
-0.028059,0.037084,-0.018528
-0.033693,0.036673,-0.015242
-0.038655,0.035965,-0.012080
-0.042550,0.035121,-0.009012
-0.044982,0.034303,-0.006013
-0.045559,0.033673,-0.003055
-0.045710,0.032444,-0.000417
-0.045691,0.030606,0.002024
-0.045470,0.028344,0.004490
-0.045010,0.025843,0.007204
-0.044277,0.023287,0.010390
-0.043235,0.020861,0.014271
-0.041851,0.018748,0.019069
-0.040088,0.017135,0.025008
-0.037913,0.016204,0.032311
-0.036444,0.015185,0.038197
-0.035770,0.013946,0.042346
-0.035723,0.012520,0.045053
-0.036134,0.010934,0.046614
-0.036836,0.009222,0.047323
-0.037659,0.007411,0.047476
-0.038436,0.005534,0.047367
-0.038999,0.003619,0.047293
-0.039178,0.001699,0.047548
-0.038813,-0.000976,0.048022
-0.037849,-0.004471,0.048424
-0.036260,-0.008683,0.048410
-0.034020,-0.013506,0.047642
-0.031103,-0.018836,0.045779
-0.027480,-0.024569,0.042480
-0.023128,-0.030601,0.037404
-0.018018,-0.036828,0.030212
-0.012124,-0.043145,0.020562
-0.007665,-0.046502,0.011663
-0.004900,-0.046658,0.004086
-0.003601,-0.044074,-0.002255
-0.003537,-0.039211,-0.007446
-0.004478,-0.032531,-0.011573
-0.006196,-0.024493,-0.014724
-0.008460,-0.015560,-0.016983
-0.011041,-0.006192,-0.018439
-0.013709,0.003150,-0.019176
-0.015746,0.011732,-0.018896
-0.017058,0.019255,-0.017728
-0.017707,0.025526,-0.015905
-0.017756,0.030357,-0.013663
-0.017267,0.033555,-0.011237
-0.016303,0.034931,-0.008862
-0.014926,0.034292,-0.006773
-0.013199,0.031449,-0.005204
-0.011185,0.026210,-0.004391
-0.009413,0.021040,-0.004640
-0.007952,0.016460,-0.005823
-0.006750,0.012504,-0.007702
-0.005760,0.009207,-0.010041
-0.004931,0.006604,-0.012602
-0.004213,0.004731,-0.015150
-0.003558,0.003621,-0.017447
-0.002916,0.003310,-0.019255
-0.002237,0.003833,-0.020339
-0.000893,0.004203,-0.020883
0.000993,0.004461,-0.021035
0.003104,0.004898,-0.020937
0.005127,0.005812,-0.020730
0.006748,0.007495,-0.020555
0.007653,0.010242,-0.020553
0.007527,0.014347,-0.020866
0.006057,0.020106,-0.021634
0.002927,0.027812,-0.022998
-0.001346,0.032586,-0.023858
-0.006422,0.033895,-0.024059
-0.012004,0.032289,-0.023682
-0.017794,0.028320,-0.022808
-0.023494,0.022540,-0.021518
-0.028808,0.015499,-0.019892
-0.033437,0.007751,-0.018013
-0.037085,-0.000155,-0.015960
-0.039454,-0.007666,-0.013815
-0.040288,-0.015114,-0.012951
-0.039737,-0.022419,-0.013548
-0.038053,-0.029400,-0.015489
-0.035488,-0.035874,-0.018657
-0.032293,-0.041659,-0.022934
-0.028721,-0.046572,-0.028203
-0.025024,-0.050432,-0.034348
-0.021453,-0.053056,-0.041250
-0.018259,-0.054261,-0.048792
-0.015489,-0.053663,-0.055437
-0.013035,-0.051610,-0.060953
-0.010755,-0.048637,-0.065440
-0.008503,-0.045278,-0.068996
-0.006137,-0.042066,-0.071718
-0.003513,-0.039534,-0.073705
-0.000487,-0.038218,-0.075055
0.003085,-0.038651,-0.075865
0.007348,-0.041366,-0.076235
0.011999,-0.041538,-0.076483
0.016747,-0.038723,-0.076726
0.021298,-0.033569,-0.077030
0.025362,-0.026726,-0.077460
0.028646,-0.018844,-0.078083
0.030859,-0.010572,-0.078964
0.031708,-0.002560,-0.080169
0.030902,0.004543,-0.081765
0.028150,0.010087,-0.083816
0.025246,0.014812,-0.084945
0.022644,0.018991,-0.084845
0.020457,0.022783,-0.083483
0.018800,0.026343,-0.080822
0.017787,0.029830,-0.076826
0.017532,0.033400,-0.071460
0.018151,0.037210,-0.064687
0.019757,0.041419,-0.056472
0.022466,0.046182,-0.046780
0.027039,0.049218,-0.041328
0.033133,0.050195,-0.040549
0.040127,0.049266,-0.043550
0.047400,0.046588,-0.049440
0.054332,0.042314,-0.057328
0.060301,0.036602,-0.066323
0.064688,0.029604,-0.075533
0.066870,0.021476,-0.084067
0.066229,0.012374,-0.091034
0.065719,0.003078,-0.095704
0.065772,-0.005879,-0.098230
0.066186,-0.014025,-0.098986
0.066760,-0.020889,-0.098343
0.067290,-0.025999,-0.096675
0.067577,-0.028885,-0.094354
0.067418,-0.029075,-0.091753
0.066612,-0.026098,-0.089245
0.064957,-0.019482,-0.087203
0.062414,-0.010567,-0.085217
0.059124,-0.000061,-0.083255
0.055273,0.011486,-0.081375
0.051046,0.023523,-0.079639
0.046629,0.035502,-0.078106
0.042205,0.046873,-0.076838
0.037962,0.057085,-0.075894
0.034085,0.065588,-0.075336
0.030758,0.071834,-0.075222
0.027521,0.075250,-0.075269
0.024310,0.076138,-0.075385
0.021160,0.075016,-0.075527
0.018105,0.072402,-0.075652
0.015180,0.068815,-0.075717
0.012418,0.064774,-0.075679
0.009856,0.060797,-0.075495
0.007526,0.057402,-0.075122
0.005465,0.055109,-0.074518
0.002826,0.054952,-0.073642
-0.000385,0.056644,-0.072547
-0.003944,0.059569,-0.071304
-0.007633,0.063108,-0.069988
-0.011228,0.066644,-0.068671
-0.014509,0.069560,-0.067427
-0.017256,0.071238,-0.066327
-0.019246,0.071061,-0.065447
-0.020259,0.068410,-0.064857
-0.020700,0.064963,-0.065186
-0.020723,0.061209,-0.066341
-0.020418,0.057341,-0.068051
-0.019877,0.053553,-0.070046
-0.019190,0.050037,-0.072053
-0.018448,0.046988,-0.073803
-0.017740,0.044599,-0.075023
-0.017159,0.043062,-0.075443
-0.016795,0.042571,-0.074791
-0.016521,0.043733,-0.073384
-0.016343,0.046158,-0.071418
-0.016297,0.049208,-0.069061
-0.016420,0.052246,-0.066479
-0.016748,0.054633,-0.063841
-0.017318,0.055731,-0.061312
-0.018167,0.054902,-0.059061
-0.019332,0.051508,-0.057255
-0.020850,0.044910,-0.056060
-0.021886,0.039019,-0.056540
-0.022503,0.034478,-0.058170
-0.022984,0.031114,-0.060033
-0.023614,0.028753,-0.061210
-0.024679,0.027223,-0.060781
-0.026463,0.026350,-0.057828
-0.029250,0.025962,-0.051432
-0.033325,0.025884,-0.040673
-0.038973,0.025945,-0.024633
-0.044171,0.025516,-0.007557
-0.048550,0.024633,0.009076
-0.052153,0.023502,0.024479
-0.055025,0.022329,0.037862
-0.057208,0.021318,0.048440
-0.058747,0.020675,0.055423
-0.059684,0.020604,0.058024
-0.060065,0.021310,0.055455
-0.059931,0.022999,0.046928
-0.058706,0.023403,0.037305
-0.056312,0.022218,0.027692
-0.052799,0.019628,0.018259
-0.048215,0.015821,0.009173
-0.042611,0.010983,0.000604
-0.036035,0.005299,-0.007280
-0.028537,-0.001043,-0.014311
-0.020165,-0.007859,-0.020320
-0.010969,-0.014962,-0.025139
-0.002112,-0.021004,-0.030341
0.006074,-0.025669,-0.035857
0.013459,-0.028898,-0.041206
0.019918,-0.030632,-0.045908
0.025321,-0.030813,-0.049482
0.029542,-0.029382,-0.051448
0.032453,-0.026281,-0.051326
0.033927,-0.021450,-0.048635
0.033836,-0.014831,-0.042894
0.032951,-0.007968,-0.037473
0.031499,-0.001618,-0.032959
0.029577,0.003661,-0.029240
0.027278,0.007310,-0.026208
0.024696,0.008771,-0.023752
0.021925,0.007484,-0.021763
0.019060,0.002892,-0.020131
0.016196,-0.005565,-0.018745
0.013425,-0.018444,-0.017497
0.010484,-0.030277,-0.016663
0.007377,-0.039994,-0.016226
0.004174,-0.047625,-0.016093
0.000948,-0.053198,-0.016172
-0.002230,-0.056744,-0.016371
-0.005288,-0.058293,-0.016598
-0.008154,-0.057874,-0.016761
-0.010758,-0.055518,-0.016768
-0.013028,-0.051253,-0.016526
-0.014618,-0.045243,-0.016388
-0.015582,-0.037843,-0.016409
-0.016074,-0.029455,-0.016563
-0.016247,-0.020483,-0.016830
-0.016254,-0.011329,-0.017185
-0.016249,-0.002395,-0.017606
-0.016385,0.005915,-0.018071
-0.016815,0.013200,-0.018556
-0.017693,0.019056,-0.019039
-0.019817,0.025125,-0.017899
-0.023089,0.031602,-0.015094
-0.027186,0.038322,-0.010976
-0.031787,0.045120,-0.005897
-0.036569,0.051829,-0.000210
-0.041211,0.058284,0.005733
-0.045389,0.064320,0.011579
-0.048783,0.069771,0.016977
-0.051070,0.074472,0.021573
-0.054350,0.078792,0.025473
-0.058696,0.082640,0.028783
-0.063669,0.085806,0.031607
-0.068832,0.088083,0.034048
-0.073749,0.089260,0.036211
-0.077982,0.089131,0.038199
-0.081095,0.087485,0.040117
-0.082651,0.084115,0.042070
-0.082212,0.078812,0.044160
-0.081207,0.074515,0.046298
-0.080027,0.071614,0.048336
-0.078799,0.069862,0.050110
-0.077653,0.069012,0.051457
-0.076719,0.068817,0.052214
-0.076125,0.069030,0.052216
-0.076001,0.069403,0.051301
-0.076476,0.069689,0.049305
-0.077679,0.069641,0.046065
-0.078794,0.069706,0.043371
-0.079688,0.069935,0.041455
-0.080402,0.070278,0.040158
-0.080977,0.070685,0.039319
-0.081450,0.071106,0.038780
-0.081864,0.071493,0.038383
-0.082256,0.071794,0.037966
-0.082669,0.071962,0.037373
-0.083140,0.071945,0.036442
-0.082131,0.072577,0.035398
-0.079656,0.073824,0.034312
-0.076116,0.075440,0.033218
-0.071913,0.077178,0.032150
-0.067447,0.078790,0.031142
-0.063121,0.080029,0.030227
-0.059336,0.080648,0.029441
-0.056494,0.080399,0.028816
-0.054995,0.079035,0.028387
-0.053990,0.077131,0.027926
-0.053266,0.074945,0.027395
-0.052769,0.072660,0.026803
-0.052445,0.070457,0.026158
-0.052240,0.068518,0.025470
-0.052100,0.067024,0.024747
-0.051971,0.066156,0.023999
-0.051800,0.066096,0.023233
-0.051533,0.067025,0.022459
-0.052209,0.067936,0.022513
-0.053822,0.068661,0.023425
-0.056107,0.069243,0.025027
-0.058796,0.069725,0.027149
-0.061623,0.070151,0.029620
-0.064321,0.070563,0.032273
-0.066623,0.071005,0.034937
-0.068262,0.071520,0.037443
-0.068972,0.072151,0.039622
-0.069299,0.072476,0.041703
-0.069333,0.072436,0.043743
-0.069048,0.072060,0.045754
-0.068419,0.071378,0.047748
-0.067421,0.070420,0.049737
-0.066029,0.069216,0.051735
-0.064217,0.067796,0.053752
-0.061962,0.066189,0.055802
-0.059236,0.064427,0.057896
-0.056124,0.063911,0.058978
-0.052715,0.064594,0.059056
-0.049101,0.066066,0.058408
-0.045373,0.067914,0.057312
-0.041623,0.069729,0.056043
-0.037943,0.071098,0.054879
-0.034424,0.071612,0.054096
-0.031157,0.070858,0.053973
-0.028235,0.068427,0.054785
-0.024454,0.066271,0.055870
-0.020006,0.064760,0.057029
-0.015426,0.063867,0.058178
-0.011251,0.063565,0.059230
-0.008019,0.063827,0.060104
-0.006266,0.064625,0.060714
-0.006530,0.065933,0.060976
-0.009346,0.067723,0.060806
-0.015253,0.069969,0.060119
-0.020447,0.072750,0.059192
-0.024318,0.075865,0.058133
-0.027055,0.079041,0.057009
-0.028849,0.082007,0.055887
-0.029887,0.084489,0.054833
-0.030360,0.086216,0.053916
-0.030455,0.086915,0.053200
-0.030364,0.086314,0.052754
-0.030273,0.084141,0.052644
-0.029532,0.081496,0.052903
-0.028165,0.078617,0.053484
-0.026369,0.075522,0.054318
-0.024341,0.072233,0.055340
-0.022278,0.068771,0.056481
-0.020375,0.065155,0.057673
-0.018830,0.061407,0.058851
-0.017838,0.057546,0.059946
-0.017596,0.053594,0.060890
-0.018554,0.051654,0.061420
-0.020612,0.051842,0.061541
-0.023536,0.053773,0.061323
-0.027087,0.057062,0.060841
-0.031032,0.061325,0.060164
-0.035133,0.066178,0.059367
-0.039154,0.071237,0.058520
-0.042860,0.076117,0.057696
-0.046015,0.080434,0.056968
-0.048782,0.080989,0.057145
-0.051246,0.077806,0.058151
-0.053470,0.071715,0.059682
-0.055521,0.063545,0.061438
-0.057462,0.054126,0.063117
-0.059359,0.044289,0.064418
-0.061275,0.034862,0.065037
-0.063275,0.026675,0.064675
-0.065425,0.020558,0.063030
-0.066906,0.015860,0.061266
-0.067542,0.012305,0.059618
-0.067316,0.009710,0.058088
-0.066214,0.007894,0.056678
-0.064218,0.006675,0.055388
-0.061312,0.005871,0.054222
-0.057479,0.005299,0.053179
-0.052705,0.004779,0.052263
-0.046972,0.004127,0.051475
-0.042750,0.004637,0.050470
-0.040163,0.006212,0.049183
-0.038746,0.008410,0.047615
-0.038038,0.010790,0.045767
-0.037575,0.012910,0.043642
-0.036894,0.014328,0.041241
-0.035532,0.014602,0.038566
-0.033025,0.013289,0.035619
-0.028911,0.009948,0.032402
-0.025737,0.006386,0.029873
-0.023812,0.002996,0.028108
-0.022886,-0.000181,0.026960
-0.022709,-0.003102,0.026284
-0.023031,-0.005726,0.025932
-0.023602,-0.008012,0.025758
-0.024173,-0.009918,0.025617
-0.024492,-0.011403,0.025362
-0.024311,-0.012425,0.024847
-0.024339,-0.013180,0.024007
-0.024677,-0.013669,0.022881
-0.025277,-0.013845,0.021533
-0.026089,-0.013661,0.020027
-0.027063,-0.013067,0.018429
-0.028151,-0.012018,0.016801
-0.029301,-0.010465,0.015210
-0.030465,-0.008361,0.013720
-0.031593,-0.005658,0.012394
-0.033277,-0.003805,0.010753
-0.035479,-0.002955,0.008772
-0.038008,-0.002936,0.006536
-0.040669,-0.003581,0.004131
-0.043269,-0.004716,0.001644
-0.045616,-0.006173,-0.000838
-0.047516,-0.007781,-0.003230
-0.048776,-0.009370,-0.005446
-0.049203,-0.010769,-0.007398
-0.048739,-0.013648,-0.009284
-0.047548,-0.017680,-0.011140
-0.045846,-0.022041,-0.012964
-0.043853,-0.025906,-0.014753
-0.041784,-0.028448,-0.016506
-0.039859,-0.028843,-0.018220
-0.038294,-0.026265,-0.019891
-0.037308,-0.019890,-0.021519
-0.037118,-0.008892,-0.023100
-0.036358,0.001210,-0.023415
-0.034796,0.009441,-0.022481
-0.032481,0.015964,-0.020624
-0.029463,0.020942,-0.018170
-0.025793,0.024537,-0.015445
-0.021520,0.026912,-0.012774
-0.016695,0.028230,-0.010484
-0.011367,0.028654,-0.008900
-0.005586,0.028345,-0.008348
-0.000814,0.027487,-0.009011
0.002809,0.026291,-0.010730
0.005474,0.024975,-0.013264
0.007370,0.023759,-0.016368
0.008688,0.022861,-0.019801
0.009618,0.022500,-0.023320
0.010350,0.022894,-0.026681
0.011074,0.024262,-0.029642
0.011980,0.026822,-0.031961
0.012409,0.029412,-0.033162
0.012286,0.031805,-0.033230
0.011681,0.034010,-0.032265
0.010667,0.036034,-0.030366
0.009316,0.037887,-0.027634
0.007698,0.039577,-0.024168
0.005885,0.041112,-0.020067
0.003948,0.042500,-0.015433
0.001959,0.043751,-0.010363
0.000629,0.046964,-0.004740
-0.000059,0.052052,0.001132
-0.000298,0.058383,0.006838
-0.000285,0.065324,0.011967
-0.000214,0.072242,0.016105
-0.000282,0.078503,0.018840
-0.000683,0.083474,0.019760
-0.001614,0.086524,0.018451
-0.003269,0.087017,0.014500
-0.005334,0.084701,0.010631
-0.007517,0.080071,0.007267
-0.009533,0.073809,0.004261
-0.011096,0.066598,0.001463
-0.011921,0.059122,-0.001274
-0.011722,0.052062,-0.004100
-0.010213,0.046102,-0.007164
-0.007109,0.041924,-0.010614
-0.002125,0.040211,-0.014599
0.002920,0.042054,-0.017746
0.007630,0.046877,-0.019862
0.011970,0.053687,-0.021050
0.015902,0.061490,-0.021412
0.019389,0.069294,-0.021050
0.022396,0.076105,-0.020067
0.024884,0.080929,-0.018565
0.026817,0.082775,-0.016647
0.028159,0.080649,-0.014415
0.029514,0.077951,-0.012196
0.030794,0.075165,-0.010033
0.031740,0.072046,-0.007896
0.032089,0.068347,-0.005757
0.031583,0.063824,-0.003585
0.029959,0.058229,-0.001353
0.026958,0.051319,0.000969
0.022319,0.042846,0.003410
0.015780,0.032566,0.005999
0.009997,0.024509,0.007410
0.005405,0.019121,0.007589
0.001884,0.015955,0.006801
-0.000685,0.014562,0.005311
-0.002422,0.014493,0.003382
-0.003446,0.015300,0.001281
-0.003876,0.016534,-0.000730
-0.003833,0.017747,-0.002385
-0.003435,0.018490,-0.003420
-0.003746,0.019212,-0.004235
-0.004829,0.019950,-0.004935
-0.006499,0.020641,-0.005555
-0.008568,0.021220,-0.006129
-0.010850,0.021624,-0.006691
-0.013161,0.021789,-0.007274
-0.015312,0.021651,-0.007912
-0.017119,0.021145,-0.008640
-0.018394,0.020208,-0.009490
-0.018931,0.019851,-0.009796
-0.018791,0.020132,-0.009560
-0.018101,0.020873,-0.008952
-0.016990,0.021897,-0.008141
-0.015587,0.023025,-0.007298
-0.014018,0.024079,-0.006592
-0.012412,0.024880,-0.006194
-0.010898,0.025252,-0.006274
-0.009603,0.025014,-0.007000
-0.008230,0.024457,-0.007993
-0.006765,0.023670,-0.009126
-0.005265,0.022693,-0.010335
-0.003788,0.021564,-0.011559
-0.002390,0.020324,-0.012734
-0.001128,0.019013,-0.013797
-0.000060,0.017669,-0.014686
0.000758,0.016334,-0.015337
0.001268,0.015045,-0.015689
0.001523,0.013846,-0.014517
0.001590,0.012724,-0.011877
0.001538,0.011657,-0.008141
0.001437,0.010618,-0.003684
0.001357,0.009585,0.001121
0.001369,0.008532,0.005899
0.001541,0.007436,0.010277
0.001943,0.006272,0.013881
0.002647,0.005016,0.016338
0.003390,0.003187,0.017932
0.004116,0.000868,0.018748
0.004816,-0.001714,0.018823
0.005483,-0.004337,0.018193
0.006111,-0.006773,0.016893
0.006691,-0.008799,0.014960
0.007217,-0.010190,0.012429
0.007681,-0.010721,0.009336
0.008075,-0.010166,0.005717
0.007630,-0.010192,0.001960
0.006318,-0.010801,-0.001780
0.004299,-0.011583,-0.005403
0.001733,-0.012125,-0.008812
-0.001220,-0.012017,-0.011907
-0.004401,-0.010847,-0.014590
-0.007649,-0.008203,-0.016761
-0.010805,-0.003675,-0.018323
-0.013709,0.003150,-0.019176
-0.014960,0.009366,-0.018572
-0.014585,0.014419,-0.016779
-0.012970,0.018346,-0.014320
-0.010499,0.021181,-0.011716
-0.007557,0.022960,-0.009490
-0.004530,0.023718,-0.008164
-0.001802,0.023491,-0.008260
0.000241,0.022314,-0.010300
0.001215,0.020222,-0.014807
0.001402,0.017681,-0.019216
0.001060,0.015015,-0.023008
0.000440,0.012516,-0.026174
-0.000203,0.010476,-0.028707
-0.000619,0.009186,-0.030597
-0.000556,0.008937,-0.031838
0.000239,0.010021,-0.032420
0.002018,0.012728,-0.032336
0.005034,0.017351,-0.031578
0.008199,0.023429,-0.032109
0.011208,0.030500,-0.033949
0.013949,0.038104,-0.036633
0.016311,0.045782,-0.039696
0.018183,0.053074,-0.042670
0.019451,0.059519,-0.045091
0.020007,0.064657,-0.046492
0.019736,0.068028,-0.046408
0.018529,0.069173,-0.044372
0.016190,0.071755,-0.042132
0.012960,0.075718,-0.040110
0.009190,0.080073,-0.038402
0.005231,0.083832,-0.037100
0.001433,0.086007,-0.036300
-0.001852,0.085610,-0.036095
-0.004275,0.081652,-0.036579
-0.005485,0.073146,-0.037846
-0.005130,0.059104,-0.039990
-0.003367,0.045872,-0.040413
-0.000507,0.034614,-0.038956
0.003095,0.025201,-0.036073
0.007087,0.017498,-0.032216
0.011116,0.011377,-0.027838
0.014829,0.006704,-0.023393
0.017873,0.003348,-0.019333
0.019895,0.001178,-0.016110
0.020543,0.000062,-0.014178
0.021565,-0.001186,-0.013248
0.023128,-0.002688,-0.013088
0.025003,-0.004301,-0.013481
0.026959,-0.005882,-0.014211
0.028766,-0.007286,-0.015059
0.030193,-0.008370,-0.015809
0.031012,-0.008992,-0.016244
0.030991,-0.009006,-0.016145
0.029900,-0.008271,-0.015297
0.028590,-0.007504,-0.014513
0.027243,-0.006883,-0.013915
0.025874,-0.006447,-0.013451
0.024499,-0.006238,-0.013070
0.023133,-0.006295,-0.012721
0.021792,-0.006659,-0.012351
0.020491,-0.007371,-0.011909
0.019246,-0.008472,-0.011343
0.018072,-0.010001,-0.010603
0.017454,-0.010787,-0.008977
0.017275,-0.010785,-0.006667
0.017269,-0.010231,-0.004104
0.017167,-0.009362,-0.001717
0.016701,-0.008414,0.000063
0.015605,-0.007623,0.000806
0.013611,-0.007225,0.000081
0.010451,-0.007457,-0.002540
0.005858,-0.008555,-0.007489
0.001532,-0.008664,-0.011702
-0.002231,-0.007557,-0.014726
-0.005491,-0.005415,-0.016756
-0.008304,-0.002419,-0.017988
-0.010729,0.001252,-0.018617
-0.012822,0.005415,-0.018841
-0.014642,0.009890,-0.018856
-0.016247,0.014498,-0.018856
-0.017693,0.019056,-0.019039
-0.019357,0.023831,-0.017424
-0.021283,0.028692,-0.013928
-0.023435,0.033409,-0.008944
-0.025774,0.037752,-0.002863
-0.028264,0.041494,0.003922
-0.030868,0.044402,0.011018
-0.033547,0.046249,0.018035
-0.036265,0.046805,0.024578
-0.038985,0.045840,0.030257
-0.041624,0.042460,0.034033
-0.044102,0.037187,0.036088
-0.046342,0.030901,0.036912
-0.048264,0.024480,0.036993
-0.049790,0.018803,0.036819
-0.050843,0.014748,0.036878
-0.051343,0.013193,0.037660
-0.051212,0.015017,0.039653
-0.050371,0.021098,0.043345
-0.049675,0.027494,0.045625
-0.049265,0.033393,0.046184
-0.049109,0.038767,0.045414
-0.049172,0.043587,0.043708
-0.049420,0.047826,0.041458
-0.049819,0.051455,0.039055
-0.050336,0.054444,0.036893
-0.050937,0.056767,0.035363
-0.051587,0.058395,0.034858
-0.052094,0.059618,0.034128
-0.052431,0.060568,0.033004
-0.052618,0.061333,0.031584
-0.052670,0.062003,0.029969
-0.052606,0.062665,0.028259
-0.052443,0.063409,0.026553
-0.052198,0.064325,0.024951
-0.051889,0.065501,0.023554
-0.051533,0.067025,0.022459
-0.051576,0.067461,0.021321
-0.051909,0.066694,0.020286
-0.052282,0.064941,0.019624
-0.052446,0.062421,0.019605
-0.052150,0.059351,0.020498
-0.051146,0.055949,0.022575
-0.049185,0.052432,0.026104
-0.046016,0.049019,0.031357
-0.041390,0.045926,0.038603
-0.037245,0.044791,0.044433
-0.033840,0.045500,0.048440
-0.031016,0.047502,0.050970
-0.028613,0.050244,0.052366
-0.026471,0.053175,0.052973
-0.024428,0.055744,0.053135
-0.022327,0.057398,0.053197
-0.020006,0.057586,0.053502
-0.017306,0.055757,0.054395
-0.013027,0.055783,0.055357
-0.007185,0.057702,0.056165
-0.000098,0.060591,0.056670
0.007915,0.063530,0.056723
0.016535,0.065595,0.056176
0.025444,0.065866,0.054879
0.034324,0.063420,0.052683
0.042854,0.057335,0.049440
0.050718,0.046691,0.045001
0.057212,0.034859,0.040690
0.062287,0.022868,0.036841
0.066054,0.011164,0.033537
0.068625,0.000192,0.030861
0.070112,-0.009604,0.028898
0.070628,-0.017778,0.027731
0.070285,-0.023886,0.027444
0.069195,-0.027483,0.028121
0.067470,-0.028123,0.029846
0.064581,-0.027417,0.030957
0.060623,-0.025915,0.031163
0.055850,-0.023900,0.030513
0.050514,-0.021657,0.029056
0.044868,-0.019470,0.026842
0.039165,-0.017623,0.023921
0.033658,-0.016401,0.020341
0.028598,-0.016087,0.016153
0.024240,-0.016966,0.011406
0.020480,-0.018650,0.007308
0.017199,-0.020918,0.004214
0.014272,-0.023592,0.002268
0.011576,-0.026492,0.001615
0.008986,-0.029439,0.002397
0.006378,-0.032255,0.004758
0.003628,-0.034759,0.008842
0.000611,-0.036774,0.014792
-0.002796,-0.038119,0.022751
-0.005347,-0.039712,0.030487
-0.006986,-0.041462,0.037384
-0.007960,-0.043027,0.043232
-0.008512,-0.044065,0.047823
-0.008887,-0.044234,0.050947
-0.009329,-0.043191,0.052393
-0.010084,-0.040595,0.051954
-0.011395,-0.036102,0.049418
-0.013507,-0.029372,0.044577
-0.015485,-0.022712,0.039181
-0.017182,-0.016603,0.033587
-0.018651,-0.011067,0.027803
-0.019941,-0.006129,0.021839
-0.021105,-0.001810,0.015703
-0.022193,0.001866,0.009404
-0.023255,0.004877,0.002952
-0.024345,0.007198,-0.003644
-0.025511,0.008808,-0.010377
-0.025814,0.008244,-0.014995
-0.025238,0.005925,-0.017172
-0.023996,0.002739,-0.017063
-0.022305,-0.000426,-0.014823
-0.020378,-0.002681,-0.010606
-0.018431,-0.003137,-0.004568
-0.016678,-0.000907,0.003136
-0.015334,0.004899,0.012352
-0.014614,0.015169,0.022924
-0.014262,0.026304,0.031521
-0.014257,0.037368,0.037791
-0.014636,0.048086,0.042129
-0.015437,0.058186,0.044932
-0.016699,0.067393,0.046593
-0.018458,0.075436,0.047510
-0.020753,0.082041,0.048077
-0.023621,0.086934,0.048689
-0.027100,0.089842,0.049741
-0.030725,0.089297,0.050487
-0.034204,0.085766,0.050697
-0.037288,0.080204,0.050270
-0.039727,0.073562,0.049107
-0.041272,0.066792,0.047107
-0.041672,0.060847,0.044172
-0.040680,0.056681,0.040200
-0.038044,0.055245,0.035092
-0.033516,0.057492,0.028749
-0.030006,0.061741,0.022589
-0.027867,0.067259,0.016963
-0.026816,0.073552,0.011950
-0.026567,0.080123,0.007630
-0.026837,0.086476,0.004085
-0.027339,0.092118,0.001394
-0.027791,0.096552,-0.000361
-0.027906,0.099282,-0.001101
-0.027401,0.099814,-0.000744
-0.026649,0.100055,0.000893
-0.025771,0.100382,0.003591
-0.024823,0.100789,0.007025
-0.023861,0.101268,0.010872
-0.022943,0.101814,0.014810
-0.022125,0.102419,0.018516
-0.021464,0.103076,0.021665
-0.021016,0.103780,0.023935
-0.020837,0.104523,0.025003
-0.020290,0.104186,0.024797
-0.019334,0.102721,0.023501
-0.018081,0.100347,0.021366
-0.016641,0.097281,0.018641
-0.015123,0.093742,0.015576
-0.013639,0.089948,0.012420
-0.012298,0.086119,0.009423
-0.011212,0.082472,0.006834
-0.010489,0.079225,0.004903
-0.010034,0.078587,0.004931
-0.009734,0.080117,0.006930
-0.009475,0.082711,0.010591
-0.009141,0.085265,0.015606
-0.008617,0.086675,0.021665
-0.007788,0.085840,0.028459
-0.006539,0.081654,0.035680
-0.004756,0.073014,0.043019
-0.002322,0.058817,0.050167
0.001179,0.044103,0.055188
0.005373,0.030098,0.058024
0.009686,0.017077,0.059090
0.013545,0.005316,0.058799
0.016375,-0.004912,0.057564
0.017602,-0.013332,0.055799
0.016654,-0.019670,0.053917
0.012956,-0.023649,0.052332
0.005936,-0.024997,0.051458
-0.000664,-0.023007,0.051989
-0.006222,-0.017955,0.053726
-0.010901,-0.010366,0.056243
-0.014862,-0.000763,0.059117
-0.018267,0.010331,0.061924
-0.021276,0.022393,0.064240
-0.024052,0.034899,0.065640
-0.026757,0.047327,0.065701
-0.029551,0.059152,0.063998
-0.031748,0.068600,0.060529
-0.033319,0.075604,0.055563
-0.034399,0.080527,0.049440
-0.035122,0.083731,0.042497
-0.035624,0.085578,0.035074
-0.036040,0.086430,0.027509
-0.036505,0.086648,0.020141
-0.037153,0.086596,0.013308
-0.038120,0.086635,0.007348
-0.039894,0.086389,0.001788
-0.042375,0.085687,-0.003303
-0.045313,0.084411,-0.007715
-0.048462,0.082443,-0.011240
-0.051574,0.079662,-0.013670
-0.054401,0.075952,-0.014796
-0.056694,0.071193,-0.014411
-0.058206,0.065266,-0.012306
-0.058689,0.058054,-0.008272
-0.057779,0.051174,-0.003883
-0.055633,0.044735,0.000510
-0.052540,0.038462,0.004859
-0.048789,0.032084,0.009117
-0.044670,0.025329,0.013238
-0.040470,0.017923,0.017174
-0.036480,0.009596,0.020879
-0.032987,0.000073,0.024305
-0.030281,-0.010917,0.027406
-0.028752,-0.020842,0.030329
-0.028158,-0.029130,0.032980
-0.028093,-0.035700,0.035202
-0.028155,-0.040469,0.036840
-0.027940,-0.043356,0.037737
-0.027045,-0.044280,0.037738
-0.025067,-0.043158,0.036686
-0.021602,-0.039908,0.034426
-0.016247,-0.034450,0.030802
-0.010787,-0.029052,0.026648
-0.005584,-0.024181,0.022054
-0.000643,-0.019853,0.016924
0.004032,-0.016082,0.011162
0.008434,-0.012884,0.004671
0.012560,-0.010275,-0.002645
0.016404,-0.008268,-0.010883
0.019960,-0.006880,-0.020138
0.023225,-0.006126,-0.030507
0.025586,-0.004350,-0.040843
0.027022,-0.001541,-0.050709
0.027660,0.001906,-0.059848
0.027627,0.005592,-0.068000
0.027048,0.009120,-0.074906
0.026051,0.012092,-0.080308
0.024761,0.014111,-0.083947
0.023305,0.014779,-0.085564
0.021810,0.013699,-0.084901
0.020277,0.012576,-0.083644
0.018806,0.011640,-0.082016
0.017526,0.010755,-0.079874
0.016564,0.009781,-0.077073
0.016048,0.008580,-0.073469
0.016105,0.007015,-0.068920
0.016862,0.004947,-0.063280
0.018447,0.002238,-0.056406
0.020988,-0.001250,-0.048155
0.023156,-0.003797,-0.040892
0.024697,-0.005133,-0.035021
0.025622,-0.005349,-0.030452
0.025946,-0.004535,-0.027098
0.025681,-0.002783,-0.024869
0.024840,-0.000182,-0.023676
0.023434,0.003176,-0.023431
0.021479,0.007199,-0.024046
0.018985,0.011799,-0.025432
0.017513,0.013990,-0.026568
0.017178,0.013625,-0.027280
0.017733,0.011258,-0.027606
0.018932,0.007449,-0.027584
0.020528,0.002754,-0.027251
0.022274,-0.002270,-0.026645
0.023924,-0.007064,-0.025804
0.025231,-0.011071,-0.024765
0.025949,-0.013735,-0.023566
0.027680,-0.014549,-0.020759
0.030425,-0.013645,-0.016262
0.033784,-0.011316,-0.010337
0.037355,-0.007855,-0.003244
0.040740,-0.003555,0.004757
0.043537,0.001292,0.013404
0.045347,0.006394,0.022438
0.045769,0.011458,0.031598
0.044403,0.016190,0.040622
0.043096,0.020618,0.048639
0.042112,0.024967,0.055560
0.041320,0.029514,0.061497
0.040590,0.034535,0.066559
0.039789,0.040306,0.070855
0.038787,0.047104,0.074497
0.037453,0.055205,0.077593
0.035656,0.064886,0.080254
0.033264,0.076422,0.082589
0.030425,0.087034,0.085333
0.027278,0.096123,0.088203
0.023958,0.103639,0.090663
0.020601,0.109531,0.092179
0.017344,0.113747,0.092214
0.014322,0.116236,0.090233
0.011672,0.116948,0.085700
0.009530,0.115831,0.078079
0.008032,0.112834,0.066835
0.008305,0.108230,0.054424
0.010257,0.102409,0.041636
0.013490,0.095790,0.028840
0.017606,0.088790,0.016409
0.022208,0.081830,0.004713
0.026898,0.075326,-0.005877
0.031278,0.069699,-0.014990
0.034951,0.065366,-0.022255
0.037519,0.062746,-0.027300
0.039998,0.061272,-0.030432
0.042529,0.060659,-0.031956
0.045031,0.060695,-0.032178
0.047425,0.061165,-0.031400
0.049631,0.061857,-0.029928
0.051568,0.062558,-0.028067
0.053158,0.063054,-0.026119
0.054321,0.063132,-0.024391
0.054976,0.062579,-0.023186
0.054558,0.062268,-0.022249
0.053213,0.062060,-0.021461
0.051265,0.061565,-0.020737
0.049036,0.060388,-0.019993
0.046849,0.058140,-0.019143
0.045029,0.054428,-0.018103
0.043899,0.048859,-0.016788
0.043781,0.041043,-0.015113
0.044999,0.030587,-0.012994
0.046113,0.019524,-0.011275
0.046800,0.008559,-0.010281
0.047017,-0.001933,-0.010212
0.046719,-0.011580,-0.011264
0.045865,-0.020006,-0.013634
0.044410,-0.026838,-0.017521
0.042310,-0.031702,-0.023122
0.039523,-0.034224,-0.030634
0.036004,-0.034031,-0.040254
0.032055,-0.033693,-0.047665
0.027703,-0.033647,-0.052511
0.022907,-0.033792,-0.055427
0.017626,-0.034029,-0.057047
0.011818,-0.034255,-0.058008
0.005444,-0.034373,-0.058944
-0.001539,-0.034281,-0.060489
-0.009170,-0.033880,-0.063280
-0.017492,-0.033069,-0.067951
-0.025222,-0.031138,-0.071844
-0.032087,-0.028285,-0.074556
-0.038064,-0.024933,-0.076249
-0.043132,-0.021509,-0.077084
-0.047268,-0.018436,-0.077222
-0.050450,-0.016139,-0.076824
-0.052657,-0.015042,-0.076053
-0.053866,-0.015571,-0.075068
-0.054055,-0.018149,-0.074032
-0.052974,-0.023635,-0.075606
-0.050682,-0.031567,-0.079730
-0.047312,-0.041150,-0.085666
-0.043000,-0.051592,-0.092674
-0.037881,-0.062098,-0.100014
-0.032089,-0.071875,-0.106947
-0.025759,-0.080130,-0.112734
-0.019027,-0.086069,-0.116635
-0.012026,-0.088899,-0.117912
-0.006395,-0.088278,-0.115841
-0.002275,-0.084386,-0.110867
0.000566,-0.077532,-0.103724
0.002359,-0.068027,-0.095147
0.003338,-0.056180,-0.085870
0.003733,-0.042302,-0.076629
0.003778,-0.026701,-0.068159
0.003703,-0.009688,-0.061194
0.003741,0.008427,-0.056469
0.003780,0.023415,-0.052046
0.003780,0.035018,-0.047611
0.003722,0.043967,-0.043256
0.003585,0.050995,-0.039073
0.003348,0.056835,-0.035154
0.002991,0.062220,-0.031590
0.002495,0.067882,-0.028474
0.001839,0.074554,-0.025898
0.001002,0.082969,-0.023953
0.001035,0.090109,-0.022882
0.001898,0.095418,-0.022618
0.003281,0.098959,-0.023018
0.004873,0.100789,-0.023937
0.006361,0.100970,-0.025231
0.007436,0.099562,-0.026757
0.007787,0.096624,-0.028370
0.007102,0.092217,-0.029927
0.005070,0.086402,-0.031282
0.002730,0.079747,-0.032108
0.000341,0.072559,-0.032435
-0.002035,0.065074,-0.032382
-0.004335,0.057530,-0.032069
-0.006496,0.050166,-0.031615
-0.008456,0.043220,-0.031139
-0.010153,0.036928,-0.030761
-0.011523,0.031531,-0.030600
-0.012505,0.027264,-0.030776
-0.013369,0.025337,-0.029667
-0.014123,0.025447,-0.027245
-0.014704,0.026915,-0.023876
-0.015054,0.029062,-0.019929
-0.015110,0.031208,-0.015772
-0.014811,0.032676,-0.011771
-0.014098,0.032785,-0.008296
-0.012910,0.030856,-0.005713
-0.011185,0.026210,-0.004391
-0.008844,0.022422,-0.003314
-0.005985,0.019955,-0.002527
-0.002748,0.018496,-0.002340
0.000728,0.017733,-0.003064
0.004301,0.017353,-0.005008
0.007832,0.017042,-0.008484
0.011180,0.016488,-0.013801
0.014204,0.015376,-0.021271
0.016766,0.013395,-0.031202
0.019618,0.008558,-0.037779
0.022717,0.001248,-0.040397
0.025820,-0.007559,-0.039753
0.028685,-0.016887,-0.036547
0.031069,-0.025760,-0.031478
0.032728,-0.033202,-0.025243
0.033421,-0.038238,-0.018542
0.032904,-0.039890,-0.012073
0.030934,-0.037184,-0.006535
0.028995,-0.033768,-0.002330
0.027250,-0.030488,0.000471
0.025532,-0.027488,0.001883
0.023676,-0.024912,0.001918
0.021515,-0.022903,0.000589
0.018882,-0.021607,-0.002089
0.015612,-0.021168,-0.006104
0.011538,-0.021728,-0.011442
0.006494,-0.023434,-0.018090
0.003561,-0.028945,-0.025314
0.002849,-0.037644,-0.032556
0.003723,-0.048090,-0.039299
0.005549,-0.058843,-0.045030
0.007695,-0.068462,-0.049232
0.009525,-0.075508,-0.051390
0.010407,-0.078540,-0.050988
0.009706,-0.076119,-0.047513
0.006789,-0.066804,-0.040447
0.003495,-0.055946,-0.034014
0.000232,-0.044822,-0.028940
-0.002953,-0.033686,-0.025076
-0.006011,-0.022794,-0.022276
-0.008893,-0.012402,-0.020390
-0.011551,-0.002765,-0.019272
-0.013936,0.005861,-0.018772
-0.016000,0.013220,-0.018744
-0.017693,0.019056,-0.019039
-0.019804,0.024181,-0.016906
-0.022392,0.028727,-0.012281
-0.025339,0.032656,-0.005776
-0.028526,0.035932,0.002000
-0.031832,0.038517,0.010437
-0.035138,0.040373,0.018924
-0.038326,0.041465,0.026850
-0.041274,0.041753,0.033607
-0.043865,0.041202,0.038583
-0.044531,0.039264,0.041997
-0.043226,0.036248,0.043990
-0.040283,0.032673,0.044688
-0.036034,0.029058,0.044213
-0.030812,0.025924,0.042690
-0.024950,0.023791,0.040241
-0.018781,0.023179,0.036991
-0.012638,0.024608,0.033064
-0.006854,0.028597,0.028582
-0.001827,0.032276,0.024269
0.002376,0.035165,0.020444
0.005772,0.037383,0.017324
0.008377,0.039048,0.015126
0.010207,0.040280,0.014067
0.011279,0.041195,0.014367
0.011609,0.041914,0.016241
0.011213,0.042554,0.019908
0.010108,0.043235,0.025584
0.009181,0.045099,0.029385
0.008477,0.048129,0.030859
0.007835,0.052018,0.030414
0.007089,0.056458,0.028458
0.006078,0.061143,0.025398
0.004636,0.065765,0.021642
0.002601,0.070018,0.017598
-0.000190,0.073593,0.013674
-0.003902,0.076183,0.010277
-0.007392,0.076921,0.006443
-0.010423,0.075974,0.002183
-0.012985,0.073768,-0.002253
-0.015068,0.070730,-0.006611
-0.016661,0.067286,-0.010641
-0.017754,0.063862,-0.014090
-0.018337,0.060884,-0.016706
-0.018398,0.058779,-0.018237
-0.017928,0.057972,-0.018432
-0.018138,0.056645,-0.017764
-0.019110,0.054593,-0.016457
-0.020639,0.052018,-0.014671
-0.022522,0.049122,-0.012564
-0.024557,0.046105,-0.010297
-0.026538,0.043170,-0.008029
-0.028265,0.040516,-0.005921
-0.029532,0.038347,-0.004131
-0.030137,0.036862,-0.002820
-0.030488,0.034855,-0.001339
-0.030678,0.032225,0.000367
-0.030723,0.029151,0.002207
-0.030637,0.025809,0.004087
-0.030435,0.022376,0.005915
-0.030132,0.019031,0.007598
-0.029742,0.015951,0.009044
-0.029281,0.013312,0.010160
-0.028763,0.011293,0.010854
-0.028217,0.009485,0.010647
-0.027662,0.007813,0.009603
-0.027117,0.006288,0.007921
-0.026596,0.004921,0.005804
-0.026118,0.003720,0.003451
-0.025699,0.002697,0.001062
-0.025356,0.001862,-0.001162
-0.025105,0.001224,-0.003020
-0.024964,0.000794,-0.004313
-0.024816,-0.000017,-0.004518
-0.024623,-0.001229,-0.003764
-0.024367,-0.002716,-0.002343
-0.024028,-0.004355,-0.000548
-0.023589,-0.006021,0.001331
-0.023031,-0.007591,0.003000
-0.022335,-0.008938,0.004169
-0.021483,-0.009940,0.004544
-0.020456,-0.010472,0.003834
-0.019566,-0.010955,0.002930
-0.018835,-0.011439,0.002016
-0.018215,-0.011884,0.001097
-0.017656,-0.012249,0.000181
-0.017109,-0.012491,-0.000726
-0.016526,-0.012569,-0.001618
-0.015857,-0.012443,-0.002487
-0.015053,-0.012071,-0.003327
-0.014066,-0.011411,-0.004131
-0.013525,-0.009185,-0.004647
-0.013456,-0.005508,-0.004815
-0.013736,-0.000845,-0.004625
-0.014240,0.004340,-0.004066
-0.014843,0.009585,-0.003127
-0.015421,0.014423,-0.001797
-0.015851,0.018392,-0.000066
-0.016007,0.021027,0.002078
-0.015765,0.021865,0.004645
-0.015679,0.022406,0.006575
-0.015809,0.022927,0.007782
-0.016093,0.023400,0.008422
-0.016468,0.023797,0.008649
-0.016872,0.024089,0.008621
-0.017241,0.024249,0.008492
-0.017513,0.024248,0.008418
-0.017625,0.024058,0.008555
-0.017515,0.023650,0.009059
-0.016801,0.022812,0.009375
-0.015555,0.021625,0.009400
-0.013960,0.020246,0.009145
-0.012201,0.018831,0.008618
-0.010464,0.017536,0.007831
-0.008932,0.016518,0.006793
-0.007790,0.015931,0.005515
-0.007224,0.015933,0.004006
-0.007416,0.016680,0.002277
-0.007505,0.017769,0.001020
-0.007340,0.019060,0.000342
-0.006950,0.020475,0.000204
-0.006365,0.021940,0.000567
-0.005614,0.023379,0.001391
-0.004726,0.024714,0.002636
-0.003730,0.025871,0.004264
-0.002656,0.026774,0.006234
-0.001533,0.027345,0.008508
-0.000083,0.027086,0.010732
0.001634,0.026084,0.012792
0.003476,0.024576,0.014634
0.005297,0.022798,0.016205
0.006954,0.020988,0.017451
0.008304,0.019382,0.018318
0.009203,0.018216,0.018753
0.009507,0.017727,0.018701
0.009073,0.018151,0.018109
0.007877,0.018936,0.016835
0.006060,0.019902,0.014997
0.003805,0.020963,0.012781
0.001296,0.022030,0.010371
-0.001284,0.023019,0.007954
-0.003752,0.023841,0.005714
-0.005924,0.024411,0.003836
-0.007619,0.024640,0.002506
-0.008652,0.024444,0.001907
-0.009101,0.024365,0.001567
-0.009048,0.024481,0.001416
-0.008575,0.024751,0.001488
-0.007764,0.025135,0.001818
-0.006699,0.025592,0.002439
-0.005460,0.026082,0.003384
-0.004132,0.026564,0.004688
-0.002795,0.026999,0.006385
-0.001533,0.027345,0.008508
-0.000451,0.027605,0.010972
0.000435,0.027806,0.013628
0.001130,0.027981,0.016309
0.001642,0.028166,0.018849
0.001975,0.028393,0.021082
0.002136,0.028697,0.022841
0.002131,0.029112,0.023961
0.001966,0.029671,0.024275
0.001647,0.030408,0.023617
0.002264,0.030577,0.023540
0.003840,0.030172,0.024175
0.006132,0.029372,0.025297
0.008895,0.028358,0.026679
0.011886,0.027307,0.028096
0.014860,0.026401,0.029323
0.017574,0.025819,0.030134
0.019783,0.025740,0.030303
0.021245,0.026343,0.029606
0.022258,0.027584,0.029233
0.022890,0.029346,0.029339
0.023148,0.031498,0.029822
0.023041,0.033907,0.030577
0.022576,0.036442,0.031502
0.021762,0.038971,0.032493
0.020607,0.041360,0.033446
0.019117,0.043479,0.034259
0.017302,0.045196,0.034827
0.016019,0.046654,0.035560
0.015318,0.047935,0.036449
0.015049,0.049106,0.037380
0.015062,0.050230,0.038237
0.015205,0.051375,0.038907
0.015329,0.052605,0.039276
0.015282,0.053987,0.039228
0.014914,0.055584,0.038650
0.014075,0.057464,0.037427
0.013610,0.058524,0.036741
0.013580,0.058741,0.036674
0.013848,0.058362,0.037035
0.014277,0.057637,0.037631
0.014731,0.056812,0.038271
0.015075,0.056134,0.038762
0.015171,0.055852,0.038913
0.014883,0.056213,0.038532
0.014075,0.057464,0.037427
0.013225,0.058572,0.036709
0.012456,0.059359,0.036482
0.011801,0.059861,0.036603
0.011296,0.060115,0.036926
0.010974,0.060158,0.037306
0.010870,0.060026,0.037598
0.011018,0.059756,0.037657
0.011451,0.059384,0.037337
0.012205,0.058947,0.036493
0.013749,0.058673,0.035541
0.016031,0.058558,0.034562
0.018867,0.058538,0.033553
0.022075,0.058550,0.032514
0.025473,0.058529,0.031443
0.028877,0.058412,0.030338
0.032104,0.058135,0.029197
0.034972,0.057636,0.028019
0.037299,0.056850,0.026801
0.038460,0.055887,0.025849
0.038526,0.054846,0.025195
0.037739,0.053824,0.024808
0.036341,0.052917,0.024653
0.034574,0.052224,0.024697
0.032680,0.051840,0.024907
0.030902,0.051862,0.025250
0.029482,0.052387,0.025692
0.028662,0.053512,0.026199
0.028528,0.053953,0.026602
0.028998,0.053589,0.026827
0.029950,0.052592,0.026824
0.031265,0.051132,0.026544
0.032818,0.049381,0.025939
0.034489,0.047510,0.024958
0.036157,0.045689,0.023554
0.037699,0.044092,0.021676
0.038993,0.042887,0.019275
0.038271,0.041813,0.017476
0.035583,0.040753,0.016335
0.031429,0.039625,0.015640
0.026312,0.038350,0.015183
0.020735,0.036847,0.014753
0.015199,0.035035,0.014139
0.010209,0.032834,0.013131
0.006264,0.030163,0.011519
0.003869,0.026942,0.009093
0.004120,0.023959,0.004862
0.006740,0.021360,-0.000954
0.011114,0.019130,-0.007833
0.016623,0.017255,-0.015253
0.022650,0.015717,-0.022691
0.028578,0.014503,-0.029627
0.033788,0.013597,-0.035536
0.037664,0.012983,-0.039899
0.039588,0.012647,-0.042192
0.041164,0.010481,-0.043671
0.042645,0.006514,-0.044643
0.043944,0.001312,-0.045171
0.044977,-0.004560,-0.045324
0.045659,-0.010537,-0.045168
0.045903,-0.016055,-0.044768
0.045625,-0.020548,-0.044192
0.044740,-0.023451,-0.043505
0.043161,-0.024199,-0.042775
0.042280,-0.023740,-0.041730
0.042228,-0.022414,-0.040392
0.042815,-0.020409,-0.038855
0.043857,-0.017916,-0.037215
0.045167,-0.015122,-0.035565
0.046557,-0.012217,-0.034000
0.047841,-0.009389,-0.032615
0.048833,-0.006828,-0.031504
0.049345,-0.004722,-0.030763
0.049078,-0.003529,-0.029999
0.048141,-0.003157,-0.029165
0.046747,-0.003381,-0.028296
0.045107,-0.003970,-0.027428
0.043433,-0.004699,-0.026596
0.041938,-0.005340,-0.025837
0.040833,-0.005664,-0.025186
0.040331,-0.005445,-0.024678
0.040643,-0.004454,-0.024350
0.040869,-0.003267,-0.023679
0.040843,-0.002078,-0.022644
0.040579,-0.000987,-0.021353
0.040093,-0.000092,-0.019910
0.039401,0.000509,-0.018423
0.038518,0.000717,-0.016996
0.037460,0.000433,-0.015737
0.036243,-0.000441,-0.014751
0.034881,-0.002005,-0.014144
0.033585,-0.003243,-0.014140
0.032415,-0.004024,-0.014632
0.031394,-0.004438,-0.015433
0.030543,-0.004575,-0.016354
0.029887,-0.004525,-0.017206
0.029447,-0.004377,-0.017800
0.029246,-0.004222,-0.017949
0.029308,-0.004150,-0.017465
0.029654,-0.004249,-0.016157
0.030063,-0.004304,-0.014961
0.030453,-0.004292,-0.014086
0.030779,-0.004236,-0.013558
0.030995,-0.004160,-0.013407
0.031055,-0.004090,-0.013659
0.030913,-0.004049,-0.014343
0.030523,-0.004061,-0.015486
0.029839,-0.004152,-0.017117
0.028816,-0.004345,-0.019264
0.027582,-0.004926,-0.020981
0.026203,-0.005815,-0.022149
0.024727,-0.006840,-0.022850
0.023202,-0.007828,-0.023168
0.021675,-0.008608,-0.023187
0.020196,-0.009007,-0.022990
0.018812,-0.008854,-0.022661
0.017572,-0.007976,-0.022284
0.016523,-0.006201,-0.021943
0.016469,-0.005213,-0.021851
0.017367,-0.005132,-0.021979
0.018965,-0.005688,-0.022229
0.021012,-0.006612,-0.022510
0.023255,-0.007633,-0.022726
0.025441,-0.008481,-0.022782
0.027318,-0.008886,-0.022585
0.028635,-0.008578,-0.022040
0.029140,-0.007288,-0.021053
0.029325,-0.005589,-0.020535
0.029310,-0.003778,-0.020560
0.029117,-0.002080,-0.020994
0.028769,-0.000719,-0.021703
0.028290,0.000078,-0.022551
0.027703,0.000086,-0.023404
0.027031,-0.000921,-0.024127
0.026298,-0.003166,-0.024587
0.025526,-0.006877,-0.024647
0.024986,-0.009786,-0.024763
0.024695,-0.011620,-0.024975
0.024607,-0.012603,-0.025216
0.024675,-0.012962,-0.025422
0.024854,-0.012920,-0.025525
0.025096,-0.012703,-0.025461
0.025356,-0.012536,-0.025164
0.025587,-0.012643,-0.024568
0.025743,-0.013249,-0.023608
0.026052,-0.013741,-0.022960
0.026512,-0.013984,-0.022667
0.027067,-0.013960,-0.022617
0.027658,-0.013654,-0.022695
0.028228,-0.013047,-0.022789
0.028719,-0.012124,-0.022785
0.029073,-0.010867,-0.022570
0.029232,-0.009261,-0.022031
0.029140,-0.007288,-0.021053
0.029220,-0.006062,-0.019819
0.029513,-0.005619,-0.018404
0.029958,-0.005728,-0.016858
0.030496,-0.006154,-0.015231
0.031067,-0.006666,-0.013570
0.031613,-0.007031,-0.011927
0.032074,-0.007016,-0.010349
0.032391,-0.006388,-0.008887
0.032504,-0.004914,-0.007589
0.032385,-0.003847,-0.006500
0.032068,-0.003382,-0.005640
0.031607,-0.003448,-0.005024
0.031053,-0.003979,-0.004665
0.030458,-0.004903,-0.004579
0.029874,-0.006153,-0.004780
0.029353,-0.007658,-0.005283
0.028947,-0.009351,-0.006101
0.028709,-0.011161,-0.007250
0.028193,-0.012129,-0.008372
0.027363,-0.012257,-0.009371
0.026281,-0.011788,-0.010220
0.025012,-0.010963,-0.010892
0.023618,-0.010026,-0.011358
0.022164,-0.009219,-0.011590
0.020712,-0.008784,-0.011560
0.019327,-0.008964,-0.011240
0.018072,-0.010001,-0.010603
0.016420,-0.010859,-0.010150
0.014354,-0.011374,-0.009943
0.011981,-0.011599,-0.009933
0.009409,-0.011589,-0.010072
0.006748,-0.011397,-0.010309
0.004106,-0.011078,-0.010597
0.001590,-0.010684,-0.010886
-0.000690,-0.010271,-0.011127
-0.002627,-0.009891,-0.011273
-0.003730,-0.009672,-0.011358
-0.004068,-0.009605,-0.011400
-0.003851,-0.009649,-0.011407
-0.003288,-0.009761,-0.011389
-0.002590,-0.009900,-0.011357
-0.001965,-0.010025,-0.011319
-0.001623,-0.010092,-0.011286
-0.001774,-0.010062,-0.011267
-0.002627,-0.009891,-0.011273
-0.003056,-0.009214,-0.010962
-0.002930,-0.008085,-0.010329
-0.002367,-0.006659,-0.009449
-0.001486,-0.005096,-0.008398
-0.000405,-0.003551,-0.007254
0.000756,-0.002183,-0.006091
0.001880,-0.001149,-0.004987
0.002847,-0.000607,-0.004017
0.003539,-0.000712,-0.003258
0.004291,-0.001337,-0.002714
0.005090,-0.002361,-0.002369
0.005835,-0.003668,-0.002203
0.006426,-0.005139,-0.002196
0.006763,-0.006659,-0.002328
0.006744,-0.008111,-0.002579
0.006269,-0.009376,-0.002930
0.005238,-0.010339,-0.003359
0.003550,-0.010881,-0.003847
0.002257,-0.011649,-0.004061
0.001505,-0.012637,-0.003966
0.001211,-0.013680,-0.003602
0.001295,-0.014612,-0.003010
0.001676,-0.015267,-0.002231
0.002272,-0.015477,-0.001304
0.003003,-0.015078,-0.000271
0.003787,-0.013903,0.000829
0.004543,-0.011786,0.001954
0.005510,-0.010035,0.003058
0.006691,-0.008839,0.004049
0.008029,-0.008105,0.004825
0.009468,-0.007739,0.005284
0.010952,-0.007648,0.005325
0.012423,-0.007739,0.004845
0.013825,-0.007918,0.003744
0.015102,-0.008094,0.001918
0.016196,-0.008172,-0.000735
0.016890,-0.008434,-0.003311
0.017186,-0.008915,-0.005569
0.017145,-0.009594,-0.007432
0.016825,-0.010446,-0.008823
0.016286,-0.011447,-0.009663
0.015589,-0.012575,-0.009876
0.014791,-0.013806,-0.009384
0.013953,-0.015116,-0.008110
0.013134,-0.016482,-0.005976
0.012063,-0.017608,-0.004154
0.010770,-0.018406,-0.002799
0.009363,-0.018840,-0.001810
0.007950,-0.018874,-0.001090
0.006637,-0.018473,-0.000539
0.005533,-0.017599,-0.000058
0.004744,-0.016217,0.000452
0.004378,-0.014291,0.001089
0.004543,-0.011786,0.001954
0.004560,-0.009931,0.002268
0.004355,-0.008838,0.002006
0.004003,-0.008337,0.001333
0.003581,-0.008258,0.000416
0.003163,-0.008434,-0.000580
0.002827,-0.008692,-0.001491
0.002646,-0.008866,-0.002151
0.002698,-0.008784,-0.002395
0.003058,-0.008277,-0.002058
0.003860,-0.007878,-0.001245
0.005053,-0.007664,-0.000137
0.006540,-0.007596,0.001069
0.008224,-0.007638,0.002175
0.010008,-0.007751,0.002982
0.011794,-0.007899,0.003293
0.013486,-0.008043,0.002909
0.014985,-0.008147,0.001633
0.016196,-0.008172,-0.000735
0.017619,-0.008081,-0.002637
0.019271,-0.007925,-0.003886
0.021051,-0.007777,-0.004636
0.022857,-0.007709,-0.005040
0.024588,-0.007797,-0.005252
0.026140,-0.008112,-0.005425
0.027412,-0.008729,-0.005714
0.028302,-0.009721,-0.006271
0.028709,-0.011161,-0.007250
0.028906,-0.012709,-0.007540
0.028972,-0.014232,-0.007092
0.028936,-0.015649,-0.006129
0.028827,-0.016880,-0.004869
0.028673,-0.017843,-0.003533
0.028503,-0.018458,-0.002342
0.028347,-0.018645,-0.001515
0.028233,-0.018321,-0.001274
0.028191,-0.017407,-0.001837
0.027945,-0.017360,-0.002763
0.027502,-0.018224,-0.003907
0.026938,-0.019695,-0.005202
0.026332,-0.021464,-0.006579
0.025758,-0.023226,-0.007969
0.025294,-0.024674,-0.009305
0.025017,-0.025500,-0.010518
0.025002,-0.025399,-0.011540
0.025327,-0.024064,-0.012303
0.025952,-0.022371,-0.012725
0.026805,-0.020516,-0.012819
0.027807,-0.018522,-0.012626
0.028879,-0.016411,-0.012184
0.029940,-0.014206,-0.011531
0.030913,-0.011931,-0.010706
0.031718,-0.009609,-0.009748
0.032274,-0.007262,-0.008697
0.032504,-0.004914,-0.007589
0.032933,-0.002849,-0.007156
0.033579,-0.001149,-0.007409
0.034332,0.000157,-0.008178
0.035079,0.001037,-0.009293
0.035712,0.001462,-0.010585
0.036119,0.001400,-0.011886
0.036190,0.000822,-0.013026
0.035814,-0.000302,-0.013835
0.034881,-0.002005,-0.014144
0.033481,-0.003375,-0.014471
0.031714,-0.004355,-0.014902
0.029682,-0.005101,-0.015417
0.027488,-0.005767,-0.015993
0.025235,-0.006509,-0.016610
0.023026,-0.007482,-0.017246
0.020962,-0.008841,-0.017881
0.019148,-0.010741,-0.018493
0.017684,-0.013338,-0.019060
0.016292,-0.014909,-0.019488
0.014937,-0.015322,-0.019770
0.013648,-0.014841,-0.019923
0.012455,-0.013733,-0.019963
0.011386,-0.012263,-0.019908
0.010468,-0.010695,-0.019774
0.009732,-0.009294,-0.019578
0.009206,-0.008326,-0.019336
0.008917,-0.008056,-0.019065
0.009223,-0.008205,-0.019046
0.010059,-0.008601,-0.019277
0.011256,-0.009101,-0.019687
0.012644,-0.009560,-0.020206
0.014054,-0.009835,-0.020762
0.015316,-0.009780,-0.021285
0.016261,-0.009252,-0.021704
0.016720,-0.008107,-0.021946
0.016523,-0.006201,-0.021943
0.016641,-0.005294,-0.021915
0.017169,-0.005479,-0.021918
0.017984,-0.006427,-0.021964
0.018962,-0.007813,-0.022063
0.019982,-0.009309,-0.022229
0.020919,-0.010589,-0.022473
0.021650,-0.011326,-0.022806
0.022052,-0.011193,-0.023241
0.022003,-0.009864,-0.023790
0.021982,-0.009133,-0.024100
0.022057,-0.009160,-0.024161
0.022187,-0.009699,-0.024045
0.022335,-0.010504,-0.023827
0.022463,-0.011326,-0.023581
0.022532,-0.011921,-0.023380
0.022504,-0.012039,-0.023299
0.022340,-0.011436,-0.023411
0.022003,-0.009864,-0.023790
0.021748,-0.009193,-0.024077
0.021554,-0.009424,-0.024204
0.021331,-0.010091,-0.024181
0.020987,-0.010727,-0.024013
0.020431,-0.010866,-0.023710
0.019573,-0.010042,-0.023278
0.018320,-0.007788,-0.022725
0.016582,-0.003639,-0.022058
0.014268,0.002872,-0.021286
0.012978,0.007690,-0.020332
0.012841,0.010350,-0.019211
0.013615,0.011290,-0.017963
0.015063,0.010944,-0.016628
0.016944,0.009747,-0.015245
0.019018,0.008135,-0.013854
0.021046,0.006544,-0.012495
0.022789,0.005408,-0.011206
0.024006,0.005163,-0.010029
0.025064,0.005033,-0.009196
0.026043,0.004862,-0.008670
0.026953,0.004652,-0.008345
0.027804,0.004403,-0.008115
0.028604,0.004115,-0.007873
0.029363,0.003791,-0.007513
0.030091,0.003430,-0.006928
0.030797,0.003033,-0.006012
0.031490,0.002601,-0.004660
0.032369,0.002852,-0.003626
0.033409,0.003826,-0.002969
0.034528,0.005390,-0.002574
0.035643,0.007414,-0.002323
0.036672,0.009765,-0.002102
0.037534,0.012314,-0.001794
0.038147,0.014928,-0.001284
0.038427,0.017475,-0.000455
0.038295,0.019826,0.000808
0.038224,0.021166,0.001516
0.038274,0.021546,0.001617
0.038402,0.021234,0.001295
0.038562,0.020499,0.000736
0.038711,0.019606,0.000122
0.038802,0.018825,-0.000362
0.038793,0.018423,-0.000531
0.038639,0.018668,-0.000203
0.038295,0.019826,0.000808
0.038168,0.020307,0.001625
0.038274,0.019953,0.002093
0.038526,0.018967,0.002241
0.038839,0.017552,0.002097
0.039129,0.015910,0.001688
0.039309,0.014243,0.001043
0.039294,0.012753,0.000189
0.039000,0.011643,-0.000846
0.038342,0.011116,-0.002034
0.037420,0.010466,-0.003240
0.036327,0.009600,-0.004382
0.035154,0.008579,-0.005388
0.033990,0.007464,-0.006189
0.032928,0.006315,-0.006714
0.032056,0.005194,-0.006895
0.031465,0.004161,-0.006659
0.031247,0.003276,-0.005937
0.031490,0.002601,-0.004660
0.031557,0.002387,-0.003763
0.031359,0.002619,-0.003357
0.030947,0.003216,-0.003349
0.030368,0.004094,-0.003645
0.029673,0.005173,-0.004151
0.028910,0.006369,-0.004771
0.028129,0.007601,-0.005413
0.027379,0.008786,-0.005981
0.026710,0.009842,-0.006383
0.026686,0.009498,-0.007285
0.027252,0.007815,-0.008665
0.028196,0.005189,-0.010328
0.029304,0.002014,-0.012079
0.030366,-0.001315,-0.013721
0.031168,-0.004403,-0.015059
0.031500,-0.006855,-0.015898
0.031148,-0.008276,-0.016043
0.029900,-0.008271,-0.015297
0.029018,-0.009145,-0.014994
0.028648,-0.011074,-0.015260
0.028654,-0.013701,-0.015922
0.028903,-0.016671,-0.016804
0.029260,-0.019628,-0.017733
0.029590,-0.022214,-0.018534
0.029760,-0.024075,-0.019033
0.029634,-0.024853,-0.019054
0.029079,-0.024192,-0.018424
0.028330,-0.024171,-0.017988
0.027463,-0.024987,-0.017848
0.026511,-0.026367,-0.017920
0.025510,-0.028039,-0.018120
0.024495,-0.029732,-0.018364
0.023501,-0.031173,-0.018568
0.022563,-0.032090,-0.018649
0.021715,-0.032210,-0.018522
0.020992,-0.031262,-0.018104
0.020827,-0.029997,-0.017875
0.021208,-0.028582,-0.017878
0.022015,-0.027037,-0.018049
0.023130,-0.025381,-0.018323
0.024431,-0.023634,-0.018637
0.025798,-0.021815,-0.018924
0.027112,-0.019945,-0.019121
0.028253,-0.018042,-0.019162
0.029099,-0.016126,-0.018984
0.029160,-0.014656,-0.019010
0.028470,-0.013610,-0.019272
0.027194,-0.012846,-0.019701
0.025498,-0.012221,-0.020228
0.023547,-0.011593,-0.020785
0.021509,-0.010819,-0.021303
0.019548,-0.009758,-0.021714
0.017831,-0.008266,-0.021950
0.016523,-0.006201,-0.021943
0.015879,-0.004629,-0.021482
0.015819,-0.003710,-0.020603
0.016181,-0.003377,-0.019398
0.016800,-0.003565,-0.017962
0.017516,-0.004208,-0.016389
0.018163,-0.005239,-0.014772
0.018581,-0.006592,-0.013206
0.018604,-0.008202,-0.011785
0.018072,-0.010001,-0.010603
0.017338,-0.011328,-0.008799
0.016477,-0.012139,-0.006412
0.015490,-0.012546,-0.003706
0.014379,-0.012658,-0.000946
0.013147,-0.012586,0.001605
0.011796,-0.012442,0.003684
0.010327,-0.012337,0.005026
0.008743,-0.012380,0.005368
0.007046,-0.012683,0.004445
0.005860,-0.013091,0.003650
0.005232,-0.013484,0.003227
0.005062,-0.013749,0.003133
0.005252,-0.013775,0.003323
0.005703,-0.013447,0.003754
0.006317,-0.012655,0.004382
0.006995,-0.011285,0.005165
0.007638,-0.009225,0.006058
0.008147,-0.006363,0.007018
0.007860,-0.003357,0.007715
0.006788,-0.000369,0.008090
0.005113,0.002559,0.008149
0.003018,0.005390,0.007899
0.000683,0.008082,0.007349
-0.001709,0.010597,0.006504
-0.003977,0.012895,0.005372
-0.005941,0.014936,0.003961
-0.007416,0.016680,0.002277
-0.008272,0.018533,0.001247
-0.008590,0.020495,0.000899
-0.008511,0.022468,0.001036
-0.008174,0.024351,0.001462
-0.007716,0.026045,0.001980
-0.007278,0.027452,0.002394
-0.006997,0.028471,0.002507
-0.007013,0.029003,0.002123
-0.007465,0.028949,0.001044
-0.007702,0.028252,-0.000170
-0.007643,0.027016,-0.001406
-0.007351,0.025391,-0.002661
-0.006888,0.023524,-0.003933
-0.006315,0.021564,-0.005217
-0.005693,0.019657,-0.006513
-0.005086,0.017951,-0.007817
-0.004555,0.016595,-0.009126
-0.004161,0.015736,-0.010437
-0.004080,0.015558,-0.012105
-0.004286,0.015958,-0.014065
-0.004698,0.016761,-0.016144
-0.005237,0.017792,-0.018174
-0.005826,0.018875,-0.019985
-0.006383,0.019837,-0.021405
-0.006832,0.020501,-0.022265
-0.007091,0.020694,-0.022393
-0.007084,0.020239,-0.021621
-0.007475,0.020124,-0.021380
-0.008302,0.020426,-0.021809
-0.009447,0.020992,-0.022724
-0.010789,0.021673,-0.023940
-0.012210,0.022316,-0.025274
-0.013591,0.022771,-0.026543
-0.014811,0.022885,-0.027560
-0.015752,0.022509,-0.028143
-0.016294,0.021491,-0.028107
-0.016634,0.020494,-0.028060
-0.016838,0.019659,-0.028079
-0.016935,0.018996,-0.028108
-0.016959,0.018514,-0.028092
-0.016941,0.018224,-0.027975
-0.016912,0.018136,-0.027703
-0.016903,0.018259,-0.027219
-0.016947,0.018603,-0.026469
-0.017074,0.019179,-0.025396
-0.017118,0.019935,-0.024831
-0.017067,0.020786,-0.024822
-0.016946,0.021637,-0.025224
-0.016784,0.022396,-0.025891
-0.016607,0.022967,-0.026677
-0.016443,0.023256,-0.027438
-0.016318,0.023169,-0.028027
-0.016259,0.022612,-0.028299
-0.016294,0.021491,-0.028107
-0.016312,0.020861,-0.028009
-0.016299,0.020795,-0.028068
-0.016268,0.021117,-0.028228
-0.016229,0.021655,-0.028432
-0.016193,0.022235,-0.028622
-0.016170,0.022682,-0.028742
-0.016172,0.022823,-0.028734
-0.016210,0.022484,-0.028542
-0.016294,0.021491,-0.028107
-0.017020,0.019850,-0.027341
-0.018344,0.017657,-0.026285
-0.020064,0.015034,-0.025011
-0.021976,0.012099,-0.023594
-0.023877,0.008972,-0.022106
-0.025565,0.005774,-0.020622
-0.026835,0.002624,-0.019216
-0.027486,-0.000358,-0.017960
-0.027313,-0.003053,-0.016928
-0.027056,-0.005521,-0.016419
-0.026857,-0.007719,-0.016410
-0.026707,-0.009576,-0.016794
-0.026598,-0.011021,-0.017467
-0.026524,-0.011983,-0.018324
-0.026475,-0.012391,-0.019260
-0.026446,-0.012175,-0.020170
-0.026427,-0.011264,-0.020950
-0.026411,-0.009586,-0.021495
-0.026257,-0.008816,-0.022762
-0.025973,-0.009079,-0.024714
-0.025601,-0.010112,-0.027064
-0.025188,-0.011655,-0.029524
-0.024776,-0.013445,-0.031806
-0.024411,-0.015221,-0.033624
-0.024137,-0.016721,-0.034690
-0.023997,-0.017683,-0.034716
-0.024037,-0.017846,-0.033416
-0.024285,-0.018360,-0.031643
-0.024715,-0.019343,-0.029676
-0.025290,-0.020654,-0.027653
-0.025970,-0.022153,-0.025709
-0.026717,-0.023701,-0.023980
-0.027492,-0.025156,-0.022604
-0.028256,-0.026378,-0.021716
-0.028972,-0.027228,-0.021453
-0.029600,-0.027564,-0.021951
-0.030363,-0.027842,-0.022331
-0.031263,-0.028051,-0.022469
-0.032249,-0.028068,-0.022430
-0.033268,-0.027769,-0.022277
-0.034269,-0.027027,-0.022075
-0.035199,-0.025720,-0.021889
-0.036008,-0.023721,-0.021782
-0.036642,-0.020908,-0.021819
-0.037050,-0.017154,-0.022065
-0.037010,-0.013695,-0.022210
-0.036572,-0.010766,-0.022224
-0.035854,-0.008349,-0.022148
-0.034976,-0.006426,-0.022022
-0.034056,-0.004981,-0.021886
-0.033214,-0.003997,-0.021782
-0.032567,-0.003457,-0.021748
-0.032236,-0.003344,-0.021826
-0.032338,-0.003640,-0.022055
-0.032133,-0.004116,-0.022995
-0.031554,-0.004704,-0.024581
-0.030704,-0.005376,-0.026592
-0.029688,-0.006107,-0.028809
-0.028606,-0.006870,-0.031010
-0.027564,-0.007637,-0.032977
-0.026663,-0.008382,-0.034487
-0.026007,-0.009078,-0.035321
-0.025699,-0.009698,-0.035259
-0.025775,-0.009746,-0.034425
-0.026183,-0.009250,-0.032993
-0.026852,-0.008364,-0.031152
-0.027710,-0.007246,-0.029090
-0.028687,-0.006052,-0.026995
-0.029709,-0.004938,-0.025056
-0.030707,-0.004061,-0.023461
-0.031607,-0.003576,-0.022398
-0.032338,-0.003640,-0.022055
-0.033100,-0.003364,-0.022213
-0.033883,-0.002666,-0.022714
-0.034628,-0.001668,-0.023418
-0.035275,-0.000491,-0.024183
-0.035764,0.000741,-0.024868
-0.036035,0.001909,-0.025332
-0.036027,0.002890,-0.025435
-0.035681,0.003562,-0.025034
-0.034937,0.003803,-0.023989
-0.034499,0.004364,-0.023336
-0.034423,0.005335,-0.023161
-0.034603,0.006642,-0.023313
-0.034932,0.008212,-0.023641
-0.035304,0.009971,-0.023994
-0.035612,0.011847,-0.024220
-0.035751,0.013766,-0.024169
-0.035614,0.015654,-0.023689
-0.035095,0.017437,-0.022629
-0.034472,0.018426,-0.021583
-0.033816,0.018662,-0.020639
-0.033147,0.018369,-0.019755
-0.032485,0.017772,-0.018889
-0.031849,0.017096,-0.018003
-0.031259,0.016564,-0.017054
-0.030733,0.016401,-0.016001
-0.030292,0.016833,-0.014805
-0.029956,0.018082,-0.013423
-0.028958,0.019259,-0.012377
-0.027282,0.020218,-0.011741
-0.025098,0.020999,-0.011482
-0.022578,0.021644,-0.011565
-0.019891,0.022193,-0.011957
-0.017207,0.022688,-0.012622
-0.014698,0.023169,-0.013527
-0.012533,0.023678,-0.014637
-0.010883,0.024255,-0.015918
-0.009049,0.023699,-0.016201
-0.006888,0.022070,-0.015271
-0.004397,0.019746,-0.013152
-0.001573,0.017103,-0.009866
0.001589,0.014520,-0.005437
0.005092,0.012374,0.000112
0.008939,0.011041,0.006757
0.013134,0.010900,0.014476
0.017681,0.012326,0.023244
0.022347,0.015308,0.032493
0.025964,0.018270,0.039473
