0.000000,0.000000,0.000000
0.003444,-0.007119,0.001468
0.006644,-0.009705,0.001865
0.008707,-0.009587,0.000779
0.008742,-0.008594,-0.002201
0.005858,-0.008555,-0.007489
-0.000569,-0.012798,-0.017609
-0.009957,-0.021050,-0.031930
-0.021426,-0.032136,-0.049032
-0.034093,-0.044883,-0.067495
-0.047076,-0.058116,-0.085897
-0.059493,-0.070661,-0.102820
-0.070463,-0.081344,-0.116841
-0.079105,-0.088992,-0.126541
-0.084535,-0.092429,-0.130499
-0.089700,-0.087537,-0.127749
-0.094549,-0.075163,-0.119031
-0.098280,-0.057400,-0.105510
-0.100093,-0.036339,-0.088351
-0.099185,-0.014071,-0.068720
-0.094757,0.007313,-0.047783
-0.086008,0.025721,-0.026704
-0.072135,0.039062,-0.006650
-0.052337,0.045244,0.011214
-0.033082,0.046612,0.021802
-0.016014,0.044504,0.025743
-0.001575,0.040005,0.025094
0.009794,0.034201,0.021913
0.017654,0.028179,0.018257
0.021561,0.023025,0.016186
0.021077,0.019825,0.017756
0.015759,0.019665,0.025026
0.005168,0.023631,0.040053
-0.006057,0.031896,0.057807
-0.016829,0.043467,0.076263
-0.026948,0.057062,0.094147
-0.036215,0.071394,0.110184
-0.044432,0.085180,0.123100
-0.051399,0.097135,0.131621
-0.056919,0.105976,0.134471
-0.060791,0.110418,0.130377
-0.062817,0.109177,0.118064
-0.066572,0.101429,0.099225
-0.072126,0.088512,0.075781
-0.078677,0.072299,0.049710
-0.085418,0.054668,0.022993
-0.091546,0.037493,-0.002392
-0.096257,0.022650,-0.024466
-0.098745,0.012015,-0.041250
-0.098207,0.007464,-0.050766
-0.093838,0.010872,-0.051034
-0.085558,0.012510,-0.046766
-0.074040,0.010381,-0.039668
-0.060146,0.004417,-0.030698
-0.044738,-0.005448,-0.020810
-0.028677,-0.019282,-0.010962
-0.012825,-0.037151,-0.002110
0.001956,-0.059121,0.004791
0.014804,-0.085260,0.008783
0.024858,-0.115635,0.008912
0.030402,-0.144763,0.007930
0.031819,-0.171117,0.006503
0.030020,-0.194161,0.004773
0.025913,-0.213357,0.002885
0.020408,-0.228170,0.000981
0.014412,-0.238061,-0.000796
0.008836,-0.242493,-0.002302
0.004588,-0.240930,-0.003395
0.002577,-0.232835,-0.003932
0.005010,-0.224019,-0.003977
0.011669,-0.215289,-0.003448
0.021729,-0.206203,-0.002226
0.034364,-0.196318,-0.000194
0.048750,-0.185192,0.002767
0.064063,-0.172381,0.006776
0.079477,-0.157443,0.011950
0.094167,-0.139936,0.018409
0.107310,-0.119416,0.026270
0.116592,-0.097716,0.032291
0.122021,-0.075637,0.036019
0.124184,-0.053724,0.037697
0.123666,-0.032524,0.037569
0.121053,-0.012580,0.035880
0.116932,0.005562,0.032873
0.111890,0.021358,0.028791
0.106513,0.034261,0.023880
0.101386,0.043727,0.018382
0.093180,0.054951,0.014556
0.081944,0.068102,0.012870
0.068571,0.082095,0.013343
0.053954,0.095847,0.015993
0.038987,0.108272,0.020840
0.024563,0.118285,0.027903
0.011576,0.124802,0.037201
0.000918,0.126737,0.048754
-0.006516,0.123005,0.062581
-0.009717,0.115919,0.074045
-0.008991,0.106283,0.082405
-0.004970,0.094526,0.087891
0.001712,0.081073,0.090732
0.010421,0.066352,0.091160
0.020523,0.050792,0.089405
0.031385,0.034818,0.085697
0.042374,0.018858,0.080268
0.052855,0.003341,0.073346
0.061410,-0.009097,0.066703
0.067941,-0.018305,0.060694
0.072686,-0.024754,0.055318
0.075878,-0.028915,0.050574
0.077754,-0.031260,0.046462
0.078548,-0.032261,0.042982
0.078495,-0.032388,0.040133
0.077831,-0.032113,0.037915
0.076791,-0.031907,0.036328
0.075721,-0.030138,0.034243
0.074538,-0.026838,0.031548
0.073056,-0.022453,0.028385
0.071087,-0.017430,0.024895
0.068443,-0.012216,0.021221
0.064937,-0.007259,0.017504
0.060381,-0.003004,0.013885
0.054587,0.000101,0.010507
0.047368,0.001608,0.007510
0.039148,0.003958,0.005182
0.030304,0.007328,0.003510
0.021198,0.011329,0.002406
0.012194,0.015574,0.001782
0.003656,0.019674,0.001553
-0.004054,0.023242,0.001630
-0.010570,0.025888,0.001926
-0.015531,0.027225,0.002355
-0.018572,0.026865,0.002827
-0.018914,0.024481,0.007112
-0.016549,0.020620,0.014951
-0.011667,0.016049,0.025078
-0.004454,0.011537,0.036228
0.004901,0.007849,0.047136
0.016211,0.005753,0.056537
0.029288,0.006016,0.063164
0.043945,0.009405,0.065753
0.059993,0.016686,0.063039
0.072357,0.017971,0.057735
0.080497,0.012300,0.050687
0.085009,0.000949,0.042270
0.086490,-0.014806,0.032861
0.085534,-0.033691,0.022836
0.082738,-0.054431,0.012570
0.078697,-0.075750,0.002442
0.074007,-0.096373,-0.007174
0.069265,-0.115026,-0.015901
0.064381,-0.129459,-0.026447
0.059265,-0.139759,-0.038859
0.053824,-0.146592,-0.052522
0.047963,-0.150628,-0.066817
0.041589,-0.152533,-0.081129
0.034609,-0.152978,-0.094840
0.026931,-0.152629,-0.107334
0.018459,-0.152154,-0.117993
0.009102,-0.152223,-0.126201
0.002221,-0.152485,-0.134260
-0.001907,-0.152353,-0.142583
-0.003775,-0.151179,-0.151111
-0.003877,-0.148315,-0.159785
-0.002704,-0.143112,-0.168545
-0.000750,-0.134923,-0.177332
0.001491,-0.123100,-0.186087
0.003527,-0.106995,-0.194750
0.004864,-0.085960,-0.203262
0.005437,-0.068118,-0.207522
0.005167,-0.054407,-0.207264
0.003971,-0.043969,-0.203180
0.001767,-0.035946,-0.195961
-0.001526,-0.029479,-0.186300
-0.005991,-0.023711,-0.174888
-0.011710,-0.017783,-0.162419
-0.018766,-0.010838,-0.149583
-0.027240,-0.002016,-0.137074
-0.032879,0.007438,-0.118106
-0.035347,0.017152,-0.092450
-0.035284,0.026972,-0.061517
-0.033333,0.036746,-0.026718
-0.030134,0.046320,0.010539
-0.026331,0.055540,0.048841
-0.022563,0.064252,0.086780
-0.019474,0.072304,0.122944
-0.017705,0.079542,0.155923
-0.013513,0.085256,0.181995
-0.006687,0.089279,0.200896
0.002100,0.091583,0.213225
0.012175,0.092138,0.219584
0.022868,0.090914,0.220572
0.033505,0.087883,0.216789
0.043415,0.083015,0.208838
0.051925,0.076280,0.197316
0.058363,0.067648,0.182826
0.063166,0.056925,0.169829
0.066215,0.045019,0.158604
0.067252,0.033119,0.148382
0.066020,0.022411,0.138393
0.062260,0.014082,0.127870
0.055715,0.009321,0.116042
0.046126,0.009313,0.102141
0.033235,0.015247,0.085399
0.016786,0.028308,0.065046
0.001717,0.038883,0.047944
-0.010942,0.045248,0.034638
-0.021141,0.047655,0.024099
-0.028830,0.046357,0.015295
-0.033959,0.041604,0.007195
-0.036478,0.033649,-0.001232
-0.036338,0.022744,-0.011017
-0.033486,0.009139,-0.023191
-0.027875,-0.006913,-0.038785
-0.022068,-0.023018,-0.052383
-0.016463,-0.038109,-0.063049
-0.010916,-0.051452,-0.070964
-0.005283,-0.062312,-0.076313
0.000581,-0.069954,-0.079276
0.006821,-0.073643,-0.080037
0.013581,-0.072645,-0.078779
0.021004,-0.066225,-0.075684
0.029237,-0.053648,-0.070934
0.034808,-0.041812,-0.065867
0.037451,-0.031859,-0.060853
0.037698,-0.023497,-0.056023
0.036080,-0.016432,-0.051506
0.033131,-0.010368,-0.047431
0.029382,-0.005013,-0.043928
0.025366,-0.000072,-0.041126
0.021616,0.004749,-0.039155
0.018662,0.009744,-0.038144
0.016084,0.014430,-0.038042
0.013926,0.018581,-0.038537
0.012352,0.022040,-0.039256
0.011526,0.024647,-0.039825
0.011610,0.026243,-0.039869
0.012770,0.026669,-0.039013
0.015167,0.025767,-0.036884
0.018965,0.023376,-0.033107
0.024328,0.019338,-0.027308
0.029389,0.018058,-0.018797
0.033721,0.019897,-0.007985
0.037258,0.024202,0.004445
0.039932,0.030325,0.017809
0.041676,0.037613,0.031423
0.042423,0.045417,0.044601
0.042107,0.053085,0.056661
0.040660,0.059967,0.066917
0.038015,0.065411,0.074685
0.037908,0.070472,0.079752
0.040167,0.075509,0.081722
0.043647,0.080710,0.080158
0.047200,0.086265,0.074620
0.049680,0.092360,0.064670
0.049939,0.099185,0.049869
0.046830,0.106928,0.029779
0.039207,0.115775,0.003960
0.025923,0.125917,-0.028025
0.013018,0.128264,-0.052883
0.001920,0.122340,-0.069294
-0.007095,0.109822,-0.078934
-0.013751,0.092384,-0.083478
-0.017775,0.071703,-0.084600
-0.018889,0.049456,-0.083976
-0.016820,0.027318,-0.083280
-0.011291,0.006966,-0.084188
-0.002027,-0.009925,-0.088375
0.008021,-0.024575,-0.094797
0.017913,-0.037699,-0.102175
0.027208,-0.049887,-0.109170
0.035469,-0.061729,-0.114442
0.042255,-0.073812,-0.116653
0.047129,-0.086728,-0.114464
0.049650,-0.101065,-0.106534
0.049379,-0.117414,-0.091526
0.045879,-0.136362,-0.068101
0.042214,-0.151088,-0.047365
0.039041,-0.160260,-0.031013
0.036415,-0.163919,-0.018387
0.034391,-0.162107,-0.008829
0.033023,-0.154864,-0.001682
0.032366,-0.142231,0.003713
0.032474,-0.124251,0.008013
0.033402,-0.100963,0.011877
0.035203,-0.072409,0.015962
0.039063,-0.047510,0.022607
0.044740,-0.028173,0.031453
0.051641,-0.014550,0.041466
0.059169,-0.006792,0.051610
0.066730,-0.005053,0.060853
0.073729,-0.009484,0.068161
0.079572,-0.020238,0.072498
0.083662,-0.037467,0.072831
0.085404,-0.061324,0.068126
0.084252,-0.081435,0.060976
0.080646,-0.096063,0.052184
0.075278,-0.105631,0.042109
0.068838,-0.110559,0.031109
0.062016,-0.111268,0.019540
0.055502,-0.108180,0.007760
0.049987,-0.101717,-0.003872
0.046162,-0.092300,-0.015000
0.044716,-0.080350,-0.025265
0.043838,-0.068336,-0.034508
0.043102,-0.056719,-0.042861
0.042429,-0.045459,-0.050532
0.041738,-0.034516,-0.057726
0.040949,-0.023849,-0.064650
0.039983,-0.013419,-0.071512
0.038759,-0.003185,-0.078516
0.037198,0.006892,-0.085870
0.035219,0.016854,-0.093781
0.032878,0.024000,-0.101632
0.030181,0.028539,-0.109118
0.027122,0.031408,-0.116009
0.023697,0.033543,-0.122077
0.019901,0.035882,-0.127093
0.015729,0.039360,-0.130829
0.011175,0.044915,-0.133055
0.006234,0.053484,-0.133544
0.000901,0.066002,-0.132066
-0.004123,0.078969,-0.128293
-0.008619,0.091138,-0.122626
-0.012485,0.101822,-0.115648
-0.015623,0.110337,-0.107942
-0.017932,0.115996,-0.100090
-0.019313,0.118116,-0.092677
-0.019665,0.116010,-0.086284
-0.018889,0.108993,-0.081496
-0.016885,0.096379,-0.078893
-0.014108,0.079686,-0.075756
-0.010602,0.060095,-0.071269
-0.006315,0.038703,-0.065096
-0.001189,0.016611,-0.056900
0.004830,-0.005083,-0.046344
0.011798,-0.025282,-0.033092
0.019770,-0.042886,-0.016807
0.028801,-0.056797,0.002848
0.038947,-0.065916,0.026211
0.046399,-0.072196,0.048069
0.050374,-0.075988,0.067104
0.050846,-0.077243,0.082969
0.047788,-0.075912,0.095315
0.041174,-0.071946,0.103796
0.030976,-0.065295,0.108065
0.017169,-0.055910,0.107774
-0.000274,-0.043742,0.102575
-0.021380,-0.028741,0.092123
-0.037761,-0.017985,0.085669
-0.048403,-0.012313,0.083460
-0.054132,-0.011007,0.083493
-0.055779,-0.013351,0.083764
-0.054170,-0.018625,0.082270
-0.050135,-0.026112,0.077007
-0.044502,-0.035094,0.065971
-0.038099,-0.044853,0.047159
-0.031755,-0.054672,0.018567
-0.027308,-0.065553,-0.010619
-0.024816,-0.077117,-0.037059
-0.023891,-0.088640,-0.058874
-0.024144,-0.099396,-0.074185
-0.025188,-0.108659,-0.081114
-0.026633,-0.115706,-0.077782
-0.028093,-0.119811,-0.062311
-0.029178,-0.120248,-0.032821
-0.029501,-0.116294,0.012565
-0.031216,-0.113695,0.056958
-0.034471,-0.113675,0.096733
-0.038915,-0.116325,0.131579
-0.044195,-0.121738,0.161186
-0.049959,-0.130006,0.185244
-0.055855,-0.141221,0.203442
-0.061529,-0.155474,0.215470
-0.066631,-0.172858,0.221017
-0.070806,-0.193464,0.219774
-0.073988,-0.213132,0.213771
-0.076309,-0.230728,0.203918
-0.077948,-0.245872,0.190846
-0.079089,-0.258187,0.175186
-0.079911,-0.267294,0.157567
-0.080598,-0.272816,0.138621
-0.081330,-0.274375,0.118977
-0.082288,-0.271591,0.099266
-0.083655,-0.264088,0.080118
-0.085465,-0.255137,0.064687
-0.087564,-0.245190,0.053310
-0.089753,-0.233992,0.045626
-0.091831,-0.221290,0.041269
-0.093598,-0.206829,0.039875
-0.094852,-0.190356,0.041082
-0.095395,-0.171616,0.044526
-0.095024,-0.150356,0.049841
-0.093541,-0.126321,0.056665
-0.090567,-0.104267,0.061634
-0.086546,-0.085120,0.063885
-0.082123,-0.068850,0.063181
-0.077947,-0.055424,0.059284
-0.074663,-0.044813,0.051957
-0.072920,-0.036986,0.040963
-0.073363,-0.031911,0.026064
-0.076640,-0.029558,0.007023
-0.083398,-0.029896,-0.016397
-0.091349,-0.031073,-0.035234
-0.099904,-0.032550,-0.048165
-0.108898,-0.034117,-0.055775
-0.118168,-0.035564,-0.058651
-0.127547,-0.036681,-0.057379
-0.136873,-0.037257,-0.052545
-0.145980,-0.037081,-0.044735
-0.154703,-0.035944,-0.034536
-0.162878,-0.033635,-0.022533
-0.169176,-0.028867,-0.011371
-0.173697,-0.021892,-0.001358
-0.176899,-0.013344,0.007777
-0.179240,-0.003861,0.016309
-0.181177,0.005923,0.024508
-0.183169,0.015370,0.032650
-0.185672,0.023845,0.041007
-0.189146,0.030712,0.049851
-0.194047,0.035335,0.059456
-0.197227,0.039590,0.069846
-0.198425,0.043609,0.080280
-0.198099,0.047085,0.089829
-0.196709,0.049714,0.097563
-0.194714,0.051191,0.102550
-0.192574,0.051210,0.103862
-0.190747,0.049466,0.100567
-0.189694,0.045654,0.091736
-0.189874,0.039469,0.076438
-0.186554,0.032088,0.059819
-0.179634,0.023833,0.043061
-0.170172,0.014814,0.026349
-0.159226,0.005140,0.009872
-0.147853,-0.005082,-0.006182
-0.137110,-0.015741,-0.021626
-0.128056,-0.026728,-0.036271
-0.121747,-0.037935,-0.049931
-0.119242,-0.049253,-0.062417
-0.117586,-0.055275,-0.071969
-0.116179,-0.055585,-0.078127
-0.115009,-0.051020,-0.080753
-0.114064,-0.042412,-0.079711
-0.113332,-0.030597,-0.074863
-0.112801,-0.016409,-0.066072
-0.112461,-0.000682,-0.053202
-0.112298,0.015750,-0.036115
-0.112302,0.032051,-0.014675
-0.110334,0.045611,0.005872
-0.106224,0.056103,0.024754
-0.100291,0.063770,0.042317
-0.092856,0.068857,0.058910
-0.084240,0.071608,0.074878
-0.074762,0.072267,0.090570
-0.064743,0.071079,0.106331
-0.054504,0.068287,0.122508
-0.044364,0.064137,0.139449
-0.037293,0.061367,0.153628
-0.033231,0.059879,0.164599
-0.031361,0.058865,0.172688
-0.030868,0.057519,0.178218
-0.030936,0.055032,0.181514
-0.030747,0.050597,0.182902
-0.029485,0.043407,0.182707
-0.026335,0.032654,0.181252
-0.020480,0.017530,0.178863
-0.013576,0.000850,0.178287
-0.006155,-0.016471,0.179221
0.001534,-0.033995,0.180600
0.009242,-0.051283,0.181357
0.016720,-0.067896,0.180427
0.023717,-0.083395,0.176744
0.029985,-0.097342,0.169243
0.035274,-0.109296,0.156856
0.039336,-0.118820,0.138520
0.042600,-0.128482,0.120759
0.045160,-0.138403,0.104964
0.047021,-0.148088,0.091240
0.048189,-0.157046,0.079693
0.048671,-0.164784,0.070428
0.048472,-0.170808,0.063550
0.047599,-0.174627,0.059167
0.046058,-0.175747,0.057382
0.043856,-0.173677,0.058302
0.041526,-0.169111,0.057506
0.039242,-0.162209,0.054702
0.037083,-0.152992,0.050625
0.035132,-0.141483,0.046012
0.033469,-0.127705,0.041601
0.032174,-0.111679,0.038127
0.031330,-0.093429,0.036328
0.031017,-0.072976,0.036941
0.031316,-0.050344,0.040703
0.031303,-0.028724,0.045444
0.031051,-0.008968,0.050704
0.030879,0.008654,0.056449
0.031109,0.023874,0.062646
0.032060,0.036424,0.069262
0.034055,0.046036,0.076263
0.037413,0.052442,0.083617
0.042455,0.055372,0.091288
0.049502,0.054559,0.099245
0.056367,0.051251,0.103533
0.062672,0.045799,0.103755
0.068491,0.038330,0.100406
0.073899,0.028970,0.093979
0.078969,0.017845,0.084969
0.083776,0.005083,0.073868
0.088393,-0.009190,0.061172
0.092894,-0.024848,0.047373
0.097355,-0.041764,0.032966
0.100983,-0.058262,0.023521
0.103578,-0.073841,0.018665
0.105085,-0.088292,0.016536
0.105450,-0.101408,0.015273
0.104621,-0.112982,0.013015
0.102541,-0.122806,0.007902
0.099158,-0.130672,-0.001927
0.094417,-0.136372,-0.018334
0.088265,-0.139700,-0.043180
0.083409,-0.145260,-0.067794
0.080222,-0.152924,-0.090135
0.078493,-0.161382,-0.109819
0.078014,-0.169320,-0.126464
0.078573,-0.175428,-0.139684
0.079962,-0.178394,-0.149097
0.081969,-0.176905,-0.154319
0.084386,-0.169650,-0.154965
0.087001,-0.155317,-0.150653
0.089665,-0.143844,-0.144817
0.092038,-0.136614,-0.138362
0.093732,-0.132871,-0.131559
0.094361,-0.131857,-0.124680
0.093537,-0.132815,-0.117996
0.090874,-0.134991,-0.111779
0.085983,-0.137626,-0.106300
0.078479,-0.139964,-0.101831
0.067973,-0.141249,-0.098643
0.056691,-0.139286,-0.094908
0.045220,-0.134398,-0.090538
0.033743,-0.127535,-0.085881
0.022438,-0.119648,-0.081285
0.011486,-0.111689,-0.077099
0.001068,-0.104609,-0.073669
-0.008637,-0.099359,-0.071345
-0.017448,-0.096891,-0.070474
-0.025185,-0.098155,-0.071404
-0.031269,-0.098284,-0.071827
-0.035697,-0.096438,-0.071456
-0.038607,-0.092785,-0.070508
-0.040139,-0.087493,-0.069204
-0.040433,-0.080731,-0.067761
-0.039628,-0.072665,-0.066397
-0.037865,-0.063464,-0.065333
-0.035281,-0.053297,-0.064785
-0.032018,-0.042330,-0.064972
-0.029312,-0.033382,-0.066117
-0.027239,-0.026825,-0.068040
-0.025587,-0.022416,-0.070464
-0.024142,-0.019917,-0.073108
-0.022691,-0.019085,-0.075696
-0.021022,-0.019681,-0.077947
-0.018921,-0.021462,-0.079583
-0.016174,-0.024190,-0.080325
-0.012570,-0.027622,-0.079895
-0.009354,-0.030100,-0.076132
-0.006723,-0.031370,-0.069684
-0.004612,-0.031524,-0.061899
-0.002954,-0.030657,-0.054129
-0.001684,-0.028863,-0.047720
-0.000736,-0.026236,-0.044025
-0.000045,-0.022871,-0.044391
0.000456,-0.018862,-0.050168
0.000832,-0.014303,-0.062706
-0.000126,-0.009098,-0.069709
-0.002459,-0.003311,-0.069704
-0.005912,0.002960,-0.063930
-0.010233,0.009613,-0.053622
-0.015168,0.016548,-0.040017
-0.020465,0.023665,-0.024351
-0.025870,0.030862,-0.007860
-0.031130,0.038040,0.008219
-0.035991,0.045099,0.022651
-0.040176,0.050319,0.033681
-0.043510,0.053408,0.040793
-0.045846,0.054430,0.043779
-0.047033,0.053447,0.042431
-0.046926,0.050524,0.036540
-0.045375,0.045723,0.025898
-0.042233,0.039109,0.010297
-0.037350,0.030743,-0.010471
-0.030580,0.020691,-0.036614
-0.025191,0.012348,-0.060664
-0.021491,0.006148,-0.081260
-0.019050,0.001781,-0.098570
-0.017437,-0.001059,-0.112761
-0.016222,-0.002681,-0.123999
-0.014973,-0.003394,-0.132453
-0.013259,-0.003505,-0.138289
-0.010651,-0.003323,-0.141675
-0.006716,-0.003155,-0.142778
-0.003731,-0.004399,-0.135680
-0.001943,-0.006884,-0.120380
-0.001095,-0.010047,-0.098356
-0.000927,-0.013328,-0.071084
-0.001182,-0.016163,-0.040043
-0.001600,-0.017991,-0.006708
-0.001924,-0.018250,0.027442
-0.001894,-0.016378,0.060931
-0.001253,-0.011812,0.092281
0.001843,-0.006846,0.116578
0.007186,-0.002243,0.133551
0.014053,0.001613,0.144086
0.021724,0.004340,0.149072
0.029476,0.005555,0.149395
0.036589,0.004875,0.145943
0.042341,0.001917,0.139604
0.046009,-0.003701,0.131266
0.046873,-0.012363,0.121815
0.046310,-0.020652,0.111557
0.044891,-0.027642,0.100576
0.042988,-0.033024,0.088901
0.040970,-0.036491,0.076563
0.039209,-0.037738,0.063590
0.038075,-0.036456,0.050013
0.037940,-0.032338,0.035861
0.039172,-0.025079,0.021164
0.042145,-0.014371,0.005952
0.044445,-0.003448,-0.008606
0.045838,0.006567,-0.022007
0.046634,0.015084,-0.033913
0.047142,0.021510,-0.043987
0.047672,0.025254,-0.051892
0.048532,0.025723,-0.057292
0.050032,0.022327,-0.059850
0.052481,0.014474,-0.059227
0.056189,0.001571,-0.055088
0.059379,-0.011961,-0.052045
0.061794,-0.024838,-0.050418
0.063554,-0.036560,-0.049458
0.064780,-0.046625,-0.048412
0.065592,-0.054535,-0.046532
0.066113,-0.059788,-0.043064
0.066463,-0.061885,-0.037260
0.066762,-0.060325,-0.028367
0.067133,-0.054608,-0.015636
0.064927,-0.048105,-0.001342
0.059978,-0.041607,0.013619
0.052741,-0.035264,0.028700
0.043670,-0.029222,0.043355
0.033218,-0.023629,0.057034
0.021841,-0.018634,0.069191
0.009993,-0.014383,0.079278
-0.001873,-0.011025,0.086747
-0.013301,-0.008708,0.091051
-0.022252,-0.006909,0.090611
-0.028610,-0.005474,0.085319
-0.032741,-0.004338,0.075431
-0.035011,-0.003436,0.061206
-0.035787,-0.002704,0.042901
-0.035433,-0.002077,0.020774
-0.034317,-0.001490,-0.004918
-0.032804,-0.000880,-0.033916
-0.031261,-0.000181,-0.065963
-0.031753,0.001038,-0.090330
-0.034087,0.001812,-0.106127
-0.037508,0.000827,-0.114925
-0.041257,-0.003231,-0.118293
-0.044578,-0.011676,-0.117803
-0.046713,-0.025821,-0.115025
-0.046906,-0.046981,-0.111530
-0.044400,-0.076471,-0.108887
-0.038436,-0.115602,-0.108668
-0.033297,-0.150519,-0.109506
-0.029562,-0.178721,-0.110885
-0.026885,-0.200547,-0.112501
-0.024921,-0.216337,-0.114051
-0.023327,-0.226430,-0.115231
-0.021755,-0.231165,-0.115737
-0.019861,-0.230883,-0.115267
-0.017301,-0.225922,-0.113516
-0.013728,-0.216621,-0.110182
-0.010798,-0.206474,-0.108421
-0.008604,-0.196093,-0.108645
-0.006846,-0.185369,-0.110578
-0.005226,-0.174195,-0.113944
-0.003443,-0.162462,-0.118469
-0.001199,-0.150061,-0.123877
0.001805,-0.136886,-0.129892
0.005868,-0.122827,-0.136239
0.011290,-0.107776,-0.142643
0.017078,-0.094839,-0.147161
0.022898,-0.084506,-0.149742
0.028586,-0.076619,-0.150805
0.033974,-0.071018,-0.150772
0.038896,-0.067541,-0.150061
0.043186,-0.066029,-0.149095
0.046678,-0.066321,-0.148293
0.049205,-0.068258,-0.148075
0.050601,-0.071679,-0.148861
0.052557,-0.072645,-0.146559
0.055107,-0.070593,-0.141024
0.057865,-0.065807,-0.133103
0.060447,-0.058570,-0.123642
0.062469,-0.049165,-0.113486
0.063548,-0.037875,-0.103480
0.063299,-0.024983,-0.094470
0.061339,-0.010773,-0.087301
0.057283,0.004473,-0.082820
0.054390,0.020201,-0.080090
0.053037,0.035715,-0.078711
0.052876,0.050286,-0.078417
0.053561,0.063182,-0.078945
0.054746,0.073674,-0.080026
0.056084,0.081031,-0.081398
0.057229,0.084523,-0.082793
0.057835,0.083420,-0.083947
0.057555,0.076991,-0.084594
0.057479,0.070092,-0.083898
0.057926,0.063894,-0.081839
0.059019,0.058649,-0.078599
0.060886,0.054607,-0.074361
0.063650,0.052019,-0.069308
0.067437,0.051135,-0.063623
0.072373,0.052206,-0.057488
0.078583,0.055484,-0.051087
0.086192,0.061219,-0.044602
0.090103,0.065152,-0.034938
0.090166,0.066303,-0.022224
0.087466,0.064513,-0.007398
0.083091,0.059621,0.008603
0.078126,0.051468,0.024842
0.073657,0.039895,0.040383
0.070771,0.024740,0.054287
0.070554,0.005845,0.065618
0.074091,-0.016952,0.073439
0.078415,-0.038480,0.077389
0.082756,-0.057771,0.077638
0.086897,-0.074906,0.074493
0.090620,-0.089964,0.068259
0.093706,-0.103027,0.059242
0.095938,-0.114176,0.047747
0.097096,-0.123489,0.034080
0.096964,-0.131049,0.018547
0.095324,-0.136936,0.001453
0.093897,-0.142437,-0.015291
0.092552,-0.147454,-0.031120
0.090693,-0.151543,-0.045805
0.087723,-0.154260,-0.059117
0.083046,-0.155163,-0.070828
0.076065,-0.153806,-0.080708
0.066183,-0.149747,-0.088528
0.052805,-0.142541,-0.094061
0.035334,-0.131744,-0.097076
0.019550,-0.117294,-0.096863
0.006565,-0.099723,-0.093689
-0.003677,-0.079713,-0.088068
-0.011232,-0.057946,-0.080517
-0.016155,-0.035105,-0.071547
-0.018503,-0.011873,-0.061675
-0.018331,0.011070,-0.051414
-0.015695,0.033041,-0.041279
-0.010652,0.053357,-0.031783
-0.006364,0.067627,-0.024264
-0.003299,0.075786,-0.018755
-0.001249,0.078845,-0.014967
-0.000005,0.077818,-0.012608
0.000639,0.073719,-0.011389
0.000891,0.067561,-0.011019
0.000960,0.060358,-0.011207
0.001052,0.053123,-0.011662
0.001377,0.046869,-0.012095
0.000881,0.040831,-0.009930
-0.000300,0.034672,-0.005329
-0.001731,0.028165,0.000857
-0.002979,0.021082,0.007780
-0.003612,0.013196,0.014591
-0.003195,0.004278,0.020440
-0.001296,-0.005898,0.024479
0.002519,-0.017562,0.025860
0.008684,-0.030939,0.023732
0.013235,-0.042687,0.019755
0.015989,-0.052352,0.014431
0.017706,-0.060204,0.007970
0.019148,-0.066513,0.000583
0.021074,-0.071551,-0.007520
0.024247,-0.075586,-0.016126
0.029426,-0.078889,-0.025025
0.037373,-0.081731,-0.034007
0.048848,-0.084381,-0.042860
0.061312,-0.089342,-0.052361
0.074069,-0.096318,-0.062220
0.086882,-0.104312,-0.071878
0.099515,-0.112326,-0.080778
0.111732,-0.119366,-0.088362
0.123297,-0.124433,-0.094071
0.133973,-0.126532,-0.097347
0.143525,-0.124666,-0.097634
0.151717,-0.117837,-0.094372
0.157705,-0.110163,-0.090462
0.161560,-0.102370,-0.086513
0.163581,-0.094338,-0.082555
0.164067,-0.085948,-0.078623
0.163316,-0.077078,-0.074749
0.161627,-0.067610,-0.070967
0.159300,-0.057423,-0.067308
0.156632,-0.046398,-0.063807
0.153923,-0.034414,-0.060495
0.149992,-0.024806,-0.057313
0.144596,-0.018170,-0.054549
0.137723,-0.014413,-0.052581
0.129364,-0.013446,-0.051784
0.119510,-0.015176,-0.052535
0.108149,-0.019514,-0.055210
0.095272,-0.026367,-0.060187
0.080869,-0.035646,-0.067841
0.064930,-0.047258,-0.078550
0.049632,-0.055963,-0.086381
0.035583,-0.060959,-0.090363
0.022994,-0.062554,-0.090759
0.012078,-0.061059,-0.087835
0.003048,-0.056781,-0.081856
-0.003884,-0.050030,-0.073088
-0.008505,-0.041115,-0.061795
-0.010602,-0.030343,-0.048244
-0.009963,-0.018025,-0.032699
-0.009726,-0.008838,-0.020745
-0.010209,-0.003065,-0.013057
-0.011024,0.000112,-0.009080
-0.011785,0.001512,-0.008263
-0.012105,0.001951,-0.010053
-0.011597,0.002248,-0.013895
-0.009875,0.003220,-0.019237
-0.006550,0.005685,-0.025525
-0.001236,0.010460,-0.032208
0.005161,0.014330,-0.038937
0.012413,0.016584,-0.045485
0.020459,0.017143,-0.051656
0.029236,0.015926,-0.057250
0.038684,0.012850,-0.062072
0.048742,0.007836,-0.065922
0.059349,0.000802,-0.068604
0.070443,-0.008333,-0.069920
0.081963,-0.019649,-0.069672
0.090930,-0.030580,-0.070173
0.096958,-0.040653,-0.071520
0.100312,-0.049919,-0.073258
0.101256,-0.058430,-0.074932
0.100055,-0.066237,-0.076084
0.096972,-0.073392,-0.076261
0.092272,-0.079946,-0.075005
0.086219,-0.085951,-0.071861
0.079077,-0.091458,-0.066373
0.073194,-0.096166,-0.060600
0.068557,-0.100049,-0.054853
0.064567,-0.103148,-0.049010
0.060623,-0.105507,-0.042947
0.056125,-0.107167,-0.036542
0.050473,-0.108171,-0.029671
0.043067,-0.108562,-0.022210
0.033305,-0.108381,-0.014038
0.020589,-0.107671,-0.005030
0.007893,-0.108205,0.005518
-0.004110,-0.109936,0.017016
-0.015322,-0.112360,0.028553
-0.025644,-0.114976,0.039217
-0.034977,-0.117281,0.048097
-0.043224,-0.118773,0.054282
-0.050287,-0.118950,0.056859
-0.056066,-0.117310,0.054917
-0.060463,-0.113349,0.047544
-0.063861,-0.108161,0.039537
-0.066451,-0.102255,0.031582
-0.068376,-0.095996,0.023337
-0.069779,-0.089748,0.014462
-0.070805,-0.083877,0.004614
-0.071597,-0.078747,-0.006546
-0.072299,-0.074722,-0.019360
-0.073053,-0.072168,-0.034169
-0.074004,-0.071448,-0.051315
-0.074448,-0.069031,-0.065401
-0.074185,-0.064386,-0.075875
-0.073141,-0.057730,-0.083399
-0.071241,-0.049281,-0.088631
-0.068411,-0.039255,-0.092230
-0.064576,-0.027872,-0.094858
-0.059663,-0.015348,-0.097172
-0.053596,-0.001900,-0.099834
-0.046303,0.012252,-0.103503
-0.038294,0.024103,-0.105086
-0.029863,0.033611,-0.104270
-0.021250,0.041477,-0.101435
-0.012693,0.048404,-0.096961
-0.004431,0.055093,-0.091229
0.003296,0.062245,-0.084618
0.010250,0.070562,-0.077509
0.016190,0.080746,-0.070283
0.020880,0.093497,-0.063319
0.023376,0.103041,-0.056902
0.023849,0.108700,-0.050849
0.022749,0.111070,-0.044864
0.020524,0.110748,-0.038649
0.017624,0.108331,-0.031907
0.014497,0.104415,-0.024341
0.011593,0.099598,-0.015653
0.009359,0.094474,-0.005545
0.008246,0.089643,0.006279
0.009149,0.084215,0.015193
0.011643,0.078344,0.020818
0.014971,0.072441,0.023836
0.018379,0.066920,0.024928
0.021112,0.062192,0.024778
0.022413,0.058670,0.024066
0.021528,0.056765,0.023476
0.017702,0.056891,0.023688
0.010178,0.059459,0.025385
0.003471,0.061389,0.025873
-0.001596,0.062126,0.024690
-0.005124,0.061745,0.021934
-0.007213,0.060321,0.017704
-0.007962,0.057929,0.012097
-0.007471,0.054643,0.005211
-0.005842,0.050541,-0.002856
-0.003172,0.045695,-0.012006
0.000436,0.040182,-0.022141
0.005485,0.036723,-0.031801
0.011885,0.035332,-0.040577
0.019396,0.035352,-0.048325
0.027780,0.036123,-0.054903
0.036798,0.036985,-0.060165
0.046211,0.037279,-0.063968
0.055782,0.036346,-0.066168
0.065270,0.033527,-0.066622
0.074438,0.028161,-0.065184
0.080458,0.022904,-0.062309
0.083175,0.018368,-0.058213
0.083105,0.014656,-0.053054
0.080762,0.011873,-0.046988
0.076662,0.010121,-0.040173
0.071320,0.009504,-0.032767
0.065250,0.010125,-0.024928
0.058967,0.012086,-0.016812
0.052987,0.015493,-0.008578
0.047869,0.016951,-0.001664
0.043678,0.016897,0.003536
0.040358,0.016724,0.006890
0.037853,0.017825,0.008266
0.036104,0.021592,0.007532
0.035054,0.029419,0.004556
0.034648,0.042698,-0.000795
0.034827,0.062822,-0.008652
0.035535,0.091184,-0.019147
0.036879,0.116338,-0.027904
0.038606,0.136013,-0.034200
0.040378,0.150237,-0.038227
0.041853,0.159035,-0.040175
0.042691,0.162433,-0.040236
0.042551,0.160458,-0.038600
0.041093,0.153135,-0.035459
0.037976,0.140491,-0.031005
0.032860,0.122551,-0.025428
0.026548,0.104672,-0.021274
0.019718,0.088066,-0.019324
0.013019,0.072908,-0.019916
0.007099,0.059374,-0.023391
0.002605,0.047639,-0.030086
0.000185,0.037878,-0.040340
0.000488,0.030267,-0.054493
0.004161,0.024982,-0.072883
0.011853,0.022197,-0.095849
0.020355,0.022194,-0.115493
0.028791,0.024348,-0.130550
0.036867,0.027807,-0.141412
0.044289,0.031719,-0.148471
0.050761,0.035232,-0.152121
0.055990,0.037494,-0.152754
0.059682,0.037653,-0.150763
0.061542,0.034857,-0.146539
0.061276,0.028254,-0.140477
0.057673,0.022760,-0.131631
0.051094,0.018827,-0.120343
0.042296,0.015791,-0.107280
0.032033,0.012986,-0.093105
0.021060,0.009750,-0.078485
0.010135,0.005416,-0.064083
0.000011,-0.000678,-0.050565
-0.008556,-0.009198,-0.038596
-0.014810,-0.020808,-0.028841
-0.019917,-0.026552,-0.019873
-0.024117,-0.026020,-0.011299
-0.027423,-0.020933,-0.002983
-0.029845,-0.013016,0.005212
-0.031395,-0.003991,0.013421
-0.032084,0.004418,0.021781
-0.031922,0.010487,0.030429
-0.030922,0.012494,0.039499
-0.029094,0.008714,0.049128
-0.026215,0.005113,0.060738
-0.022494,0.002503,0.073126
-0.018244,0.000411,0.084437
-0.013780,-0.001637,0.092811
-0.009418,-0.004115,0.096394
-0.005472,-0.007495,0.093327
-0.002257,-0.012252,0.081753
-0.000087,-0.018860,0.059817
0.000723,-0.027791,0.025659
0.002572,-0.033295,-0.003997
0.005315,-0.034792,-0.026444
0.008171,-0.032995,-0.042474
0.010358,-0.028616,-0.052879
0.011093,-0.022368,-0.058454
0.009595,-0.014965,-0.059990
0.005083,-0.007118,-0.058282
-0.003225,0.000458,-0.054122
-0.016112,0.007052,-0.048303
-0.028153,0.009373,-0.041011
-0.038041,0.007748,-0.032575
-0.045492,0.003404,-0.023357
-0.050227,-0.002429,-0.013717
-0.051964,-0.008523,-0.004020
-0.050421,-0.013649,0.005372
-0.045317,-0.016579,0.014098
-0.036371,-0.016084,0.021795
-0.023301,-0.010935,0.028100
-0.009933,-0.007075,0.032238
0.003029,-0.005595,0.034159
0.015660,-0.006371,0.034000
0.028037,-0.009280,0.031894
0.040234,-0.014197,0.027976
0.052328,-0.021000,0.022380
0.064394,-0.029565,0.015242
0.076509,-0.039769,0.006695
0.088747,-0.051487,-0.003126
0.097490,-0.058109,-0.011497
0.102652,-0.059032,-0.018411
0.105027,-0.055157,-0.024535
0.105409,-0.047386,-0.030541
0.104594,-0.036621,-0.037099
0.103375,-0.023762,-0.044876
0.102547,-0.009712,-0.054545
0.102906,0.004629,-0.066774
0.105246,0.018359,-0.082233
0.105203,0.023402,-0.098258
0.102075,0.019917,-0.113468
0.096079,0.010127,-0.126804
0.087427,-0.003751,-0.137204
0.076336,-0.019495,-0.143610
0.063019,-0.034885,-0.144961
0.047691,-0.047701,-0.140197
0.030568,-0.055724,-0.128258
0.011862,-0.056734,-0.108085
-0.003227,-0.056402,-0.088684
-0.014191,-0.055205,-0.071852
-0.021695,-0.052321,-0.057582
-0.026404,-0.046925,-0.045870
-0.028982,-0.038195,-0.036708
-0.030093,-0.025308,-0.030093
-0.030402,-0.007440,-0.026016
-0.030574,0.016231,-0.024473
-0.031272,0.046528,-0.025458
-0.031715,0.072716,-0.025106
-0.031896,0.092523,-0.022833
-0.032004,0.105788,-0.018876
-0.032229,0.112355,-0.013471
-0.032760,0.112065,-0.006855
-0.033784,0.104760,0.000736
-0.035492,0.090282,0.009066
-0.038071,0.068473,0.017897
-0.041712,0.039174,0.026994
-0.045153,0.013468,0.036265
-0.048117,-0.006726,0.045283
-0.050570,-0.021775,0.053534
-0.052482,-0.032049,0.060509
-0.053817,-0.037916,0.065694
-0.054546,-0.039746,0.068580
-0.054633,-0.037907,0.068653
-0.054048,-0.032769,0.065402
-0.052757,-0.024700,0.058315
-0.053045,-0.016113,0.053765
-0.054831,-0.007898,0.052011
-0.057445,-0.000566,0.051787
-0.060213,0.005374,0.051826
-0.062466,0.009413,0.050860
-0.063530,0.011040,0.047622
-0.062735,0.009746,0.040846
-0.059408,0.005022,0.029263
-0.052879,-0.003643,0.011608
-0.045635,-0.012731,-0.004147
-0.038516,-0.021185,-0.016813
-0.031945,-0.028563,-0.026899
-0.026348,-0.034423,-0.034914
-0.022151,-0.038323,-0.041366
-0.019777,-0.039821,-0.046763
-0.019653,-0.038476,-0.051616
-0.022203,-0.033844,-0.056431
-0.027852,-0.025485,-0.061718
-0.032867,-0.014058,-0.064703
-0.036546,-0.000732,-0.065334
-0.038946,0.013199,-0.064237
-0.040125,0.026439,-0.062040
-0.040140,0.037694,-0.059370
-0.039047,0.045667,-0.056854
-0.036904,0.049064,-0.055118
-0.033769,0.046591,-0.054791
-0.029697,0.036950,-0.056498
-0.025973,0.027160,-0.056526
-0.022730,0.018515,-0.054373
-0.019817,0.010884,-0.050344
-0.017079,0.004133,-0.044742
-0.014364,-0.001871,-0.037870
-0.011520,-0.007261,-0.030032
-0.008393,-0.012171,-0.021533
-0.004831,-0.016732,-0.012674
-0.000681,-0.021079,-0.003761
0.002177,-0.025523,0.004373
0.003669,-0.029949,0.011617
0.004178,-0.034133,0.018042
0.004081,-0.037853,0.023718
0.003761,-0.040884,0.028718
0.003596,-0.043004,0.033112
0.003967,-0.043989,0.036971
0.005254,-0.043616,0.040366
0.007837,-0.041662,0.043368
0.010862,-0.037216,0.041478
0.014249,-0.030486,0.035349
0.018111,-0.021958,0.026916
0.022561,-0.012119,0.018119
0.027713,-0.001457,0.010896
0.033680,0.009542,0.007183
0.040574,0.020390,0.008920
0.048510,0.030601,0.018044
0.057599,0.039688,0.036493
0.066100,0.045974,0.053034
0.073438,0.049240,0.065577
0.079331,0.049631,0.074322
0.083497,0.047291,0.079466
0.085655,0.042365,0.081208
0.085523,0.034997,0.079746
0.082820,0.025332,0.075279
0.077262,0.013514,0.068004
0.068569,-0.000312,0.058120
0.059126,-0.013335,0.048082
0.049403,-0.024492,0.038425
0.039393,-0.033154,0.029207
0.029085,-0.038692,0.020486
0.018473,-0.040480,0.012318
0.007547,-0.037887,0.004761
-0.003702,-0.030287,-0.002129
-0.015280,-0.017052,-0.008293
-0.027198,0.002448,-0.013675
-0.037213,0.024296,-0.018104
-0.045376,0.046781,-0.021444
-0.052313,0.068744,-0.023563
-0.058645,0.089026,-0.024330
-0.064999,0.106466,-0.023617
-0.071997,0.119906,-0.021292
-0.080264,0.128186,-0.017225
-0.090424,0.130147,-0.011286
-0.103101,0.124630,-0.003344
-0.112658,0.117244,0.005159
-0.118482,0.109475,0.014397
-0.121215,0.101776,0.024949
-0.121501,0.094601,0.037393
-0.119981,0.088401,0.052305
-0.117300,0.083632,0.070263
-0.114098,0.080745,0.091847
-0.111020,0.080195,0.117633
-0.108707,0.082433,0.148199
-0.107003,0.085455,0.173406
-0.105822,0.088827,0.191894
-0.105096,0.092512,0.204494
-0.104754,0.096474,0.212038
-0.104728,0.100675,0.215359
-0.104949,0.105076,0.215287
-0.105348,0.109642,0.212656
-0.105857,0.114334,0.208297
-0.106405,0.119115,0.203043
-0.106829,0.125021,0.197683
-0.107110,0.131671,0.192381
-0.107261,0.138325,0.187147
-0.107299,0.144245,0.181992
-0.107238,0.148693,0.176924
-0.107093,0.150931,0.171953
-0.106880,0.150221,0.167089
-0.106614,0.145825,0.162341
-0.106311,0.137004,0.157719
-0.108301,0.125971,0.152876
-0.112174,0.113484,0.147485
-0.116830,0.099941,0.141226
-0.121171,0.085736,0.133779
-0.124099,0.071267,0.124822
-0.124515,0.056930,0.114034
-0.121320,0.043120,0.101095
-0.113415,0.030234,0.085684
-0.099704,0.018668,0.067480
-0.085488,0.007708,0.050886
-0.071827,-0.002578,0.036743
-0.058720,-0.011923,0.025004
-0.046163,-0.020063,0.015620
-0.034155,-0.026731,0.008543
-0.022694,-0.031663,0.003726
-0.011777,-0.034593,0.001120
-0.001403,-0.035256,0.000678
0.008431,-0.033385,0.002351
0.017637,-0.034217,0.008353
0.026143,-0.037800,0.017742
0.033879,-0.042887,0.028789
0.040777,-0.048230,0.039762
0.046770,-0.052580,0.048932
0.051788,-0.054690,0.054568
0.055764,-0.053312,0.054940
0.058628,-0.047199,0.048317
0.060313,-0.035103,0.032969
0.060546,-0.023097,0.016973
0.059466,-0.012471,0.002185
0.057311,-0.003316,-0.011095
0.054323,0.004276,-0.022564
0.050740,0.010213,-0.031921
0.046804,0.014403,-0.038866
0.042753,0.016754,-0.043096
0.038827,0.017174,-0.044310
0.035267,0.015572,-0.042207
0.032617,0.014726,-0.039996
0.030936,0.014774,-0.038087
0.030162,0.015193,-0.036195
0.030235,0.015459,-0.034030
0.031092,0.015049,-0.031307
0.032671,0.013438,-0.027736
0.034911,0.010105,-0.023033
0.037751,0.004524,-0.016907
0.041128,-0.003826,-0.009074
0.045144,-0.010038,-0.002951
0.049664,-0.013426,0.001211
0.054491,-0.014359,0.003958
0.059428,-0.013209,0.005835
0.064280,-0.010344,0.007386
0.068849,-0.006137,0.009157
0.072940,-0.000957,0.011691
0.076357,0.004826,0.015535
0.078902,0.010841,0.021231
0.082108,0.014701,0.025388
0.086009,0.016129,0.027458
0.090263,0.015373,0.027608
0.094530,0.012683,0.026004
0.098469,0.008310,0.022811
0.101738,0.002503,0.018196
0.103998,-0.004488,0.012323
0.104907,-0.012413,0.005360
0.104125,-0.021023,-0.002528
0.102442,-0.029901,-0.009697
0.100021,-0.038605,-0.015828
0.096867,-0.046692,-0.020936
0.092987,-0.053716,-0.025036
0.088385,-0.059230,-0.028143
0.083066,-0.062791,-0.030270
0.077037,-0.063952,-0.031432
0.070303,-0.062269,-0.031645
0.062870,-0.057295,-0.030922
0.056726,-0.051114,-0.029342
0.051862,-0.044241,-0.026585
0.047772,-0.036797,-0.022230
0.043946,-0.028906,-0.015859
0.039876,-0.020690,-0.007052
0.035055,-0.012273,0.004612
0.028975,-0.003777,0.019553
0.021126,0.004676,0.038190
0.011002,0.012962,0.060943
0.000591,0.020005,0.081849
-0.009415,0.025158,0.099846
-0.018652,0.027882,0.115092
-0.026751,0.027636,0.127747
-0.033348,0.023882,0.137972
-0.038075,0.016079,0.145927
-0.040566,0.003688,0.151770
-0.040456,-0.013831,0.155663
-0.037377,-0.037016,0.157765
-0.033167,-0.057951,0.158000
-0.028141,-0.075248,0.156776
-0.022231,-0.089156,0.154619
-0.015370,-0.099922,0.152057
-0.007492,-0.107793,0.149617
0.001470,-0.113019,0.147827
0.011583,-0.115846,0.147214
0.022915,-0.116521,0.148304
0.035532,-0.115294,0.151626
0.049003,-0.114839,0.157915
0.062708,-0.115042,0.166121
0.075982,-0.115086,0.174753
0.088158,-0.114157,0.182315
0.098569,-0.111440,0.187314
0.106548,-0.106120,0.188256
0.111429,-0.097381,0.183648
0.112547,-0.084410,0.171996
0.109233,-0.066390,0.151806
0.103253,-0.052097,0.130928
0.095425,-0.042100,0.110978
0.086331,-0.034914,0.092010
0.076553,-0.029056,0.074079
0.066671,-0.023044,0.057241
0.057268,-0.015393,0.041551
0.048925,-0.004620,0.027063
0.042223,0.010758,0.013835
0.037745,0.032224,0.001920
0.034289,0.056620,-0.008830
0.031430,0.082073,-0.018161
0.028936,0.107030,-0.025720
0.026577,0.129940,-0.031154
0.024120,0.149250,-0.034108
0.021336,0.163408,-0.034231
0.017993,0.170862,-0.031168
0.013858,0.170061,-0.024565
0.008703,0.159452,-0.014070
0.004068,0.150160,-0.002162
0.000396,0.143753,0.010322
-0.002147,0.139410,0.022958
-0.003395,0.136311,0.035323
-0.003182,0.133637,0.046992
-0.001342,0.130565,0.057540
0.002292,0.126277,0.066544
0.007885,0.119952,0.073578
0.015604,0.110768,0.078220
0.022710,0.100011,0.081768
0.028764,0.088138,0.084555
0.033902,0.075404,0.086674
0.038262,0.062062,0.088215
0.041978,0.048366,0.089269
0.045187,0.034569,0.089929
0.048026,0.020926,0.090286
0.050631,0.007690,0.090431
0.053137,-0.004886,0.090456
0.054962,-0.016031,0.088184
0.056054,-0.025390,0.083770
0.056494,-0.032708,0.077950
0.056363,-0.037731,0.071459
0.055742,-0.040205,0.065032
0.054711,-0.039878,0.059406
0.053352,-0.036495,0.055316
0.051747,-0.029802,0.053498
0.049974,-0.019545,0.054688
0.047260,-0.010148,0.054671
0.043894,-0.002520,0.052680
0.040432,0.003306,0.048803
0.037431,0.007298,0.043132
0.035448,0.009422,0.035758
0.035037,0.009647,0.026772
0.036757,0.007940,0.016264
0.041163,0.004268,0.004325
0.048812,-0.001400,-0.008955
0.054610,-0.006759,-0.020177
0.057780,-0.011232,-0.029051
0.058619,-0.014674,-0.036061
0.057427,-0.016940,-0.041692
0.054503,-0.017887,-0.046429
0.050146,-0.017368,-0.050756
0.044655,-0.015239,-0.055159
0.038329,-0.011356,-0.060122
0.031466,-0.005573,-0.066129
0.025085,0.001262,-0.074244
0.019409,0.008398,-0.083986
0.014467,0.015108,-0.094490
0.010284,0.020663,-0.104893
0.006889,0.024338,-0.114329
0.004308,0.025403,-0.121935
0.002567,0.023132,-0.126844
0.001695,0.016797,-0.128193
0.001718,0.005671,-0.125117
0.002762,-0.006798,-0.120289
0.004690,-0.019502,-0.114273
0.007300,-0.031917,-0.107106
0.010390,-0.043520,-0.098823
0.013757,-0.053787,-0.089462
0.017199,-0.062195,-0.079058
0.020514,-0.068220,-0.067649
0.023499,-0.071339,-0.055269
0.025953,-0.071029,-0.041957
0.028878,-0.067812,-0.029930
0.032265,-0.062299,-0.019806
0.035856,-0.055121,-0.011802
0.039390,-0.046912,-0.006135
0.042607,-0.038302,-0.003022
0.045246,-0.029925,-0.002680
0.047048,-0.022411,-0.005327
0.047752,-0.016395,-0.011179
0.047099,-0.012507,-0.020455
0.043842,-0.013309,-0.030853
0.038373,-0.018053,-0.041803
0.031494,-0.025160,-0.053163
0.024009,-0.033053,-0.064793
0.016720,-0.040154,-0.076552
0.010429,-0.044885,-0.088300
0.005939,-0.045669,-0.099896
0.004052,-0.040928,-0.111199
0.005570,-0.029085,-0.122069
0.008344,-0.012232,-0.133034
0.011804,0.007747,-0.143647
0.015779,0.029022,-0.153222
0.020096,0.049764,-0.161068
0.024582,0.068142,-0.166497
0.029064,0.082327,-0.168821
0.033371,0.090488,-0.167351
0.037328,0.090796,-0.161399
0.040765,0.081421,-0.150274
0.043601,0.069826,-0.140690
0.045999,0.057528,-0.133966
0.048182,0.044563,-0.130077
0.050370,0.030962,-0.128996
0.052787,0.016759,-0.130699
0.055656,0.001986,-0.135158
0.059198,-0.013323,-0.142348
0.063635,-0.029135,-0.152243
0.069190,-0.045418,-0.164816
0.073842,-0.061265,-0.173006
0.077353,-0.075880,-0.175849
0.079935,-0.088498,-0.173905
0.081798,-0.098351,-0.167737
0.083154,-0.104671,-0.157903
0.084213,-0.106692,-0.144965
0.085185,-0.103646,-0.129484
0.086282,-0.094767,-0.112020
0.087714,-0.079287,-0.093134
0.088501,-0.061191,-0.076514
0.088518,-0.041961,-0.062719
0.087853,-0.022456,-0.051526
0.086595,-0.003533,-0.042712
0.084833,0.013951,-0.036055
0.082656,0.029138,-0.031330
0.080152,0.041171,-0.028316
0.077410,0.049191,-0.026790
0.074520,0.052342,-0.026528
0.070676,0.052034,-0.022546
0.065928,0.048834,-0.015005
0.060542,0.043095,-0.005351
0.054780,0.035174,0.004969
0.048908,0.025426,0.014509
0.043189,0.014206,0.021823
0.037888,0.001869,0.025463
0.033268,-0.011229,0.023984
0.029594,-0.024735,0.015938
0.026157,-0.035117,0.008500
0.022754,-0.042036,0.003025
0.019311,-0.045945,-0.000586
0.015751,-0.047300,-0.002432
0.011999,-0.046555,-0.002613
0.007978,-0.044165,-0.001228
0.003614,-0.040586,0.001624
-0.001170,-0.036272,0.005844
-0.006450,-0.031678,0.011332
-0.011457,-0.028660,0.018000
-0.016011,-0.026942,0.025608
-0.020079,-0.025713,0.033878
-0.023628,-0.024162,0.042532
-0.026625,-0.021479,0.051292
-0.029037,-0.016855,0.059880
-0.030831,-0.009477,0.068019
-0.031974,0.001463,0.075429
-0.032433,0.016776,0.081835
-0.032963,0.030339,0.087912
-0.033708,0.040970,0.093754
-0.034654,0.048725,0.099305
-0.035792,0.053663,0.104510
-0.037109,0.055837,0.109314
-0.038594,0.055305,0.113661
-0.040236,0.052122,0.117497
-0.042023,0.046345,0.120767
-0.043943,0.038030,0.123415
-0.046116,0.030676,0.124695
-0.048510,0.024743,0.124462
-0.051055,0.019935,0.122718
-0.053683,0.015955,0.119468
-0.056324,0.012505,0.114715
-0.058907,0.009289,0.108464
-0.061366,0.006009,0.100719
-0.063629,0.002368,0.091482
-0.065627,-0.001931,0.080759
-0.065967,-0.006656,0.067531
-0.064856,-0.011906,0.051838
-0.062903,-0.017858,0.033979
-0.060717,-0.024693,0.014255
-0.058905,-0.032588,-0.007032
-0.058077,-0.041724,-0.029581
-0.058841,-0.052278,-0.053093
-0.061805,-0.064430,-0.077265
-0.067579,-0.078359,-0.101797
-0.071236,-0.088545,-0.116321
-0.071934,-0.094421,-0.120350
-0.069849,-0.096662,-0.115873
-0.065159,-0.095939,-0.104877
-0.058041,-0.092925,-0.089347
-0.048672,-0.088295,-0.071272
-0.037228,-0.082719,-0.052638
-0.023888,-0.076872,-0.035432
-0.008827,-0.071426,-0.021641
0.005532,-0.065748,-0.008089
0.018580,-0.059699,0.004992
0.030158,-0.053265,0.016516
0.040107,-0.046432,0.025400
0.048267,-0.039185,0.030561
0.054481,-0.031511,0.030913
0.058590,-0.023394,0.025372
0.060435,-0.014820,0.012855
0.059857,-0.005776,-0.007723
0.057886,0.002320,-0.023950
0.055009,0.009289,-0.034216
0.051573,0.015264,-0.039609
0.047928,0.020375,-0.041217
0.044422,0.024756,-0.040130
0.041405,0.028538,-0.037436
0.039225,0.031853,-0.034224
0.038231,0.034834,-0.031582
0.038772,0.037611,-0.030599
0.039478,0.035801,-0.033167
0.039960,0.029315,-0.038829
0.040071,0.019143,-0.046540
0.039668,0.006272,-0.055257
0.038605,-0.008308,-0.063936
0.036737,-0.023609,-0.071533
0.033919,-0.038643,-0.077004
0.030005,-0.052421,-0.079305
0.024852,-0.063956,-0.077393
0.020161,-0.072194,-0.073640
0.016246,-0.077003,-0.068839
0.013074,-0.078476,-0.063385
0.010614,-0.076710,-0.057676
0.008832,-0.071801,-0.052109
0.007697,-0.063843,-0.047079
0.007175,-0.052932,-0.042984
0.007235,-0.039164,-0.040219
0.007844,-0.022635,-0.039183
0.006470,-0.006733,-0.037854
0.002956,0.007787,-0.035751
-0.002264,0.020831,-0.032776
-0.008755,0.032303,-0.028832
-0.016082,0.042109,-0.023820
-0.023812,0.050155,-0.017643
-0.031509,0.056344,-0.010203
-0.038738,0.060583,-0.001403
-0.045065,0.062776,0.008856
-0.049391,0.064920,0.018338
-0.051885,0.066889,0.026625
-0.053036,0.068024,0.033757
-0.053331,0.067667,0.039771
-0.053258,0.065160,0.044705
-0.053304,0.059845,0.048598
-0.053959,0.051063,0.051487
-0.055708,0.038158,0.053411
-0.059041,0.020471,0.054407
-0.062963,0.005018,0.055330
-0.067107,-0.007226,0.056028
-0.071262,-0.016799,0.056096
-0.075215,-0.024235,0.055132
-0.078756,-0.030073,0.052731
-0.081674,-0.034849,0.048489
-0.083756,-0.039099,0.042004
-0.084792,-0.043360,0.032871
-0.084570,-0.048168,0.020687
-0.083375,-0.047824,0.006382
-0.081526,-0.042354,-0.008975
-0.079349,-0.033217,-0.024282
-0.077170,-0.021873,-0.038433
-0.075314,-0.009779,-0.050328
-0.074109,0.001604,-0.058861
-0.073880,0.010817,-0.062930
-0.074954,0.016403,-0.061432
-0.077656,0.016901,-0.053264
-0.080966,0.014185,-0.044879
-0.084154,0.009373,-0.037438
-0.086567,0.003394,-0.030778
-0.087550,-0.002826,-0.024735
-0.086449,-0.008356,-0.019145
-0.082610,-0.012270,-0.013846
-0.075379,-0.013638,-0.008673
-0.064100,-0.011532,-0.003463
-0.048120,-0.005025,0.001948
-0.032821,0.001951,0.007340
-0.019308,0.008746,0.012473
-0.007619,0.015534,0.017101
0.002208,0.022487,0.020976
0.010136,0.029777,0.023852
0.016128,0.037579,0.025482
0.020147,0.046063,0.025619
0.022154,0.055404,0.024017
0.022112,0.065774,0.020429
0.021904,0.074270,0.015694
0.021889,0.080607,0.010386
0.022044,0.085150,0.005013
0.022349,0.088266,0.000084
0.022783,0.090323,-0.003893
0.023323,0.091686,-0.006411
0.023948,0.092723,-0.006960
0.024636,0.093799,-0.005034
0.025366,0.095283,-0.000124
0.024656,0.092364,0.006328
0.022706,0.085232,0.013303
0.020139,0.075327,0.019889
0.017579,0.064089,0.025174
0.015647,0.052957,0.028247
0.014968,0.043373,0.028197
0.016162,0.036775,0.024110
0.019854,0.034603,0.015076
0.026665,0.038298,0.000183
0.032877,0.039014,-0.012863
0.037996,0.035813,-0.022684
0.042334,0.029735,-0.029487
0.046202,0.021820,-0.033475
0.049913,0.013106,-0.034855
0.053779,0.004633,-0.033832
0.058111,-0.002559,-0.030611
0.063222,-0.007431,-0.025398
0.069423,-0.008944,-0.018397
0.070511,-0.009659,-0.009319
0.066366,-0.009921,0.001204
0.058391,-0.009523,0.012305
0.047988,-0.008257,0.023119
0.036558,-0.005916,0.032781
0.025505,-0.002292,0.040424
0.016229,0.002823,0.045185
0.010134,0.009637,0.046196
0.008621,0.018357,0.042593
0.007945,0.025934,0.035078
0.007445,0.032376,0.024616
0.007230,0.038452,0.012242
0.007406,0.044934,-0.001012
0.008084,0.052592,-0.014112
0.009371,0.062197,-0.026027
0.011376,0.074519,-0.035723
0.014207,0.090329,-0.042167
0.017973,0.110398,-0.044326
0.022047,0.127681,-0.045254
0.026154,0.141001,-0.045579
0.030111,0.150651,-0.045320
0.033732,0.156919,-0.044496
0.036834,0.160098,-0.043128
0.039232,0.160477,-0.041234
0.040741,0.158347,-0.038834
0.041176,0.153999,-0.035949
0.040354,0.147724,-0.032597
0.037711,0.138407,-0.029529
0.033631,0.126119,-0.026921
0.028731,0.111228,-0.024804
0.023629,0.094102,-0.023210
0.018943,0.075109,-0.022171
0.015292,0.054617,-0.021720
0.013293,0.032993,-0.021886
0.013564,0.010605,-0.022704
0.016723,-0.012178,-0.024203
0.017480,-0.033219,-0.023789
0.015560,-0.051732,-0.020921
0.011941,-0.067270,-0.015569
0.007601,-0.079386,-0.007706
0.003521,-0.087634,0.002697
0.000678,-0.091566,0.015667
0.000051,-0.090736,0.031234
0.002619,-0.084697,0.049425
0.009361,-0.073002,0.070268
0.014392,-0.060122,0.088782
0.016969,-0.047647,0.103574
0.017632,-0.036448,0.114147
0.016919,-0.027395,0.120006
0.015371,-0.021361,0.120654
0.013528,-0.019214,0.115595
0.011931,-0.021827,0.104333
0.011118,-0.030070,0.086372
0.011630,-0.044813,0.061217
0.011970,-0.056941,0.039039
0.011862,-0.064919,0.021003
0.011338,-0.069102,0.006021
0.010428,-0.069850,-0.006995
0.009163,-0.067518,-0.019132
0.007575,-0.062465,-0.031479
0.005692,-0.055047,-0.045123
0.003547,-0.045623,-0.061153
0.001170,-0.034550,-0.080656
-0.000865,-0.024648,-0.098838
-0.002535,-0.016321,-0.114502
-0.003957,-0.009368,-0.127349
-0.005250,-0.003591,-0.137078
-0.006529,0.001212,-0.143390
-0.007911,0.005241,-0.145986
-0.009514,0.008695,-0.144566
-0.011454,0.011775,-0.138832
-0.013849,0.014680,-0.128483
-0.014840,0.017649,-0.118700
-0.014464,0.020858,-0.110021
-0.013235,0.024473,-0.101825
-0.011662,0.028657,-0.093489
-0.010258,0.033576,-0.084393
-0.009534,0.039394,-0.073914
-0.010002,0.046274,-0.061432
-0.012174,0.054381,-0.046323
-0.016560,0.063880,-0.027967
-0.026203,0.071234,-0.006985
-0.040073,0.076223,0.015081
-0.056123,0.079454,0.036460
-0.072306,0.081538,0.055379
-0.086575,0.083080,0.070067
-0.096884,0.084691,0.078751
-0.101186,0.086977,0.079659
-0.097433,0.090548,0.071018
-0.083578,0.096011,0.051058
-0.067292,0.099594,0.030125
-0.050685,0.100909,0.010384
-0.034476,0.100411,-0.008043
-0.019387,0.098557,-0.025035
-0.006138,0.095803,-0.040472
0.004551,0.092605,-0.054231
0.011959,0.089419,-0.066192
0.015366,0.086701,-0.076234
0.014051,0.084908,-0.084236
0.011589,0.081161,-0.097096
0.008983,0.075403,-0.113615
0.006593,0.068281,-0.130568
0.004779,0.060444,-0.144731
0.003903,0.052540,-0.152880
0.004323,0.045215,-0.151791
0.006402,0.039118,-0.138239
0.010498,0.034897,-0.109000
0.016973,0.033200,-0.060850
0.024828,0.029618,-0.019453
0.033465,0.023696,0.011204
0.042386,0.015970,0.032554
0.051096,0.006975,0.046030
0.059097,-0.002754,0.053063
0.065892,-0.012681,0.055087
0.070984,-0.022272,0.053533
0.073876,-0.030990,0.049834
0.074070,-0.038302,0.045423
0.071794,-0.045623,0.043058
0.067458,-0.052908,0.042909
0.061522,-0.059745,0.044500
0.054442,-0.065723,0.047355
0.046677,-0.070431,0.050998
0.038686,-0.073458,0.054952
0.030925,-0.074392,0.058741
0.023854,-0.072823,0.061890
0.017930,-0.068339,0.063920
0.012367,-0.065214,0.064927
0.007343,-0.063853,0.064929
0.003276,-0.063692,0.063928
0.000583,-0.064171,0.061926
-0.000317,-0.064725,0.058925
0.000994,-0.064793,0.054927
0.004935,-0.063812,0.049933
0.011923,-0.061220,0.043946
0.022377,-0.056453,0.036967
0.033661,-0.051144,0.029032
0.044846,-0.045936,0.020343
0.055429,-0.041228,0.011146
0.064906,-0.037419,0.001684
0.072774,-0.034906,-0.007798
0.078529,-0.034087,-0.017055
0.081670,-0.035362,-0.025845
0.081692,-0.039128,-0.033921
0.078092,-0.045784,-0.041040
0.076243,-0.052289,-0.048125
0.076622,-0.058137,-0.055050
0.078484,-0.063458,-0.061425
0.081084,-0.068377,-0.066863
0.083677,-0.073025,-0.070973
0.085518,-0.077529,-0.073368
0.085862,-0.082017,-0.073659
0.083963,-0.086618,-0.071457
0.079077,-0.091458,-0.066373
0.074881,-0.095699,-0.060893
0.071765,-0.099218,-0.055500
0.069301,-0.102075,-0.050181
0.067058,-0.104329,-0.044920
0.064607,-0.106041,-0.039702
0.061518,-0.107269,-0.034513
0.057362,-0.108073,-0.029337
0.051708,-0.108512,-0.024160
0.044127,-0.108645,-0.018966
0.034655,-0.108072,-0.014234
0.023825,-0.106609,-0.010026
0.012294,-0.104121,-0.006299
0.000720,-0.100476,-0.003013
-0.010240,-0.095543,-0.000125
-0.019928,-0.089188,0.002406
-0.027687,-0.081279,0.004623
-0.032860,-0.071684,0.006567
-0.034789,-0.060270,0.008280
-0.034207,-0.049911,0.008607
-0.031634,-0.041226,0.007707
-0.027538,-0.034270,0.006069
-0.022383,-0.029099,0.004185
-0.016638,-0.025768,0.002541
-0.010768,-0.024333,0.001629
-0.005241,-0.024849,0.001936
-0.000522,-0.027372,0.003953
0.002921,-0.031957,0.008168
0.006903,-0.035915,0.015061
0.011515,-0.038455,0.023873
0.016415,-0.039262,0.033535
0.021263,-0.038020,0.042978
0.025718,-0.034412,0.051132
0.029440,-0.028124,0.056930
0.032087,-0.018839,0.059302
0.033320,-0.006242,0.057179
0.032796,0.009984,0.049493
0.031050,0.024954,0.040661
0.028346,0.037794,0.031970
0.024882,0.048628,0.023926
0.020854,0.057586,0.017034
0.016462,0.064792,0.011801
0.011902,0.070374,0.008731
0.007373,0.074459,0.008331
0.003071,0.077173,0.011105
-0.000804,0.078643,0.017559
-0.002698,0.078818,0.022924
-0.002547,0.077312,0.026333
-0.000660,0.073651,0.027896
0.002651,0.067364,0.027720
0.007076,0.057980,0.025916
0.012306,0.045026,0.022593
0.018030,0.028030,0.017860
0.023937,0.006521,0.011826
0.029719,-0.019974,0.004600
0.036174,-0.046268,-0.001321
0.043176,-0.070726,-0.005681
0.050366,-0.092600,-0.008785
0.057384,-0.111145,-0.010936
0.063871,-0.125611,-0.012439
0.069468,-0.135254,-0.013598
0.073816,-0.139324,-0.014717
0.076555,-0.137076,-0.016101
0.077326,-0.127761,-0.018053
0.078607,-0.116928,-0.020316
0.080576,-0.105842,-0.022714
0.082836,-0.094700,-0.025088
0.084991,-0.083696,-0.027281
0.086645,-0.073026,-0.029134
0.087402,-0.062885,-0.030490
0.086864,-0.053468,-0.031192
0.084636,-0.044972,-0.031080
0.080321,-0.037591,-0.029999
0.075862,-0.030501,-0.026236
0.071500,-0.023711,-0.019857
0.067056,-0.017439,-0.011369
0.062346,-0.011900,-0.001280
0.057191,-0.007314,0.009900
0.051407,-0.003895,0.021665
0.044815,-0.001862,0.033505
0.037232,-0.001433,0.044913
0.028477,-0.002823,0.055381
0.019739,-0.004723,0.064989
0.011126,-0.006837,0.073208
0.002480,-0.009122,0.079357
-0.006362,-0.011537,0.082753
-0.015560,-0.014039,0.082715
-0.025275,-0.016586,0.078561
-0.035667,-0.019134,0.069610
-0.046897,-0.021643,0.055179
-0.059126,-0.024069,0.034586
-0.069803,-0.023999,0.013168
-0.078287,-0.021530,-0.007760
-0.084415,-0.017386,-0.027887
-0.088024,-0.012291,-0.046904
-0.088951,-0.006970,-0.064499
-0.087032,-0.002147,-0.080364
-0.082105,0.001455,-0.094188
-0.074007,0.003110,-0.105661
-0.062574,0.002094,-0.114472
-0.050937,-0.002593,-0.120376
-0.039670,-0.010050,-0.123265
-0.028704,-0.018897,-0.123066
-0.017974,-0.027754,-0.119703
-0.007412,-0.035243,-0.113102
0.003048,-0.039985,-0.103190
0.013473,-0.040600,-0.089892
0.023930,-0.035708,-0.073135
0.034486,-0.023932,-0.052843
0.042793,-0.012412,-0.036260
0.048621,-0.002442,-0.024280
0.052273,0.006149,-0.016210
0.054050,0.013531,-0.011356
0.054252,0.019874,-0.009026
0.053180,0.025349,-0.008527
0.051136,0.030126,-0.009164
0.048421,0.034375,-0.010246
0.045336,0.038267,-0.011079
0.042217,0.040543,-0.011013
0.039110,0.040493,-0.010044
0.035992,0.037546,-0.008330
0.032836,0.031131,-0.006030
0.029618,0.020674,-0.003301
0.026312,0.005605,-0.000303
0.022895,-0.014648,0.002807
0.019340,-0.040657,0.005870
0.015623,-0.072995,0.008728
0.012460,-0.101304,0.011785
0.009912,-0.123780,0.014708
0.007874,-0.140755,0.016979
0.006241,-0.152560,0.018080
0.004910,-0.159527,0.017494
0.003775,-0.161990,0.014704
0.002733,-0.160278,0.009191
0.001678,-0.154726,0.000439
0.000507,-0.145664,-0.012071
-0.001496,-0.138551,-0.022538
-0.004236,-0.133884,-0.029993
-0.007413,-0.130920,-0.034673
-0.010727,-0.128916,-0.036817
-0.013879,-0.127129,-0.036661
-0.016570,-0.124817,-0.034445
-0.018500,-0.121237,-0.030405
-0.019370,-0.115646,-0.024779
-0.018881,-0.107300,-0.017806
-0.018748,-0.098556,-0.012403
-0.018926,-0.090060,-0.008803
-0.018930,-0.082032,-0.006566
-0.018273,-0.074690,-0.005252
-0.016471,-0.068256,-0.004422
-0.013038,-0.062948,-0.003637
-0.007487,-0.058986,-0.002457
0.000666,-0.056589,-0.000442
0.011907,-0.055979,0.002846
0.024867,-0.058389,0.006916
0.038639,-0.063142,0.011133
0.052426,-0.069083,0.014830
0.065435,-0.075056,0.017337
0.076872,-0.079905,0.017986
0.085942,-0.082475,0.016108
0.091851,-0.081610,0.011036
0.093804,-0.076154,0.002099
0.091007,-0.064951,-0.011370
0.088328,-0.055514,-0.023647
0.086457,-0.048939,-0.033860
0.085045,-0.044718,-0.042350
0.083738,-0.042345,-0.049458
0.082187,-0.041312,-0.055525
0.080038,-0.041111,-0.060892
0.076941,-0.041237,-0.065900
0.072544,-0.041181,-0.070889
0.066495,-0.040436,-0.076202
0.060448,-0.040202,-0.078544
0.054830,-0.040271,-0.077546
0.049763,-0.040084,-0.073563
0.045368,-0.039081,-0.066955
0.041765,-0.036702,-0.058078
0.039077,-0.032389,-0.047292
0.037423,-0.025581,-0.034953
0.036926,-0.015718,-0.021419
0.037707,-0.002242,-0.007048
0.039315,0.008021,0.006523
0.041727,0.014313,0.018479
0.045025,0.017399,0.028215
0.049291,0.018041,0.035123
0.054606,0.017000,0.038597
0.061053,0.015041,0.038030
0.068714,0.012924,0.032815
0.077670,0.011413,0.022346
0.088005,0.011271,0.006015
0.097764,0.013791,-0.007738
0.106559,0.018644,-0.017236
0.114391,0.025095,-0.022495
0.121262,0.032410,-0.023528
0.127173,0.039854,-0.020350
0.132125,0.046693,-0.012977
0.136120,0.052191,-0.001423
0.139159,0.055615,0.014298
0.141244,0.056228,0.034171
0.142468,0.054091,0.052406
0.142999,0.049765,0.067676
0.143023,0.043941,0.079767
0.142725,0.037309,0.088465
0.142292,0.030560,0.093558
0.141909,0.024383,0.094832
0.141762,0.019468,0.092074
0.142037,0.016506,0.085070
0.142920,0.016187,0.073608
0.143119,0.017064,0.059604
0.142425,0.018796,0.043917
0.140904,0.021317,0.027139
0.138618,0.024561,0.009863
0.135632,0.028463,-0.007316
0.132009,0.032959,-0.023807
0.127813,0.037981,-0.039016
0.123108,0.043466,-0.052350
0.117958,0.049347,-0.063215
0.111892,0.055070,-0.071872
0.105027,0.060535,-0.078446
0.097624,0.065754,-0.083034
0.089946,0.070739,-0.085729
0.082254,0.075501,-0.086627
0.074810,0.080054,-0.085822
0.067876,0.084408,-0.083409
0.061715,0.088577,-0.079482
0.056587,0.092572,-0.074137
0.052430,0.091122,-0.069627
0.049253,0.084226,-0.066082
0.047086,0.073200,-0.063103
0.045957,0.059359,-0.060288
0.045895,0.044020,-0.057238
0.046929,0.028498,-0.053553
0.049089,0.014109,-0.048832
0.052403,0.002169,-0.042677
0.056901,-0.006006,-0.034685
0.058881,-0.011417,-0.023668
0.058021,-0.014525,-0.009799
0.054839,-0.015655,0.006402
0.049856,-0.015132,0.024419
0.043591,-0.013281,0.043735
0.036565,-0.010428,0.063832
0.029296,-0.006897,0.084194
0.022306,-0.003014,0.104302
0.016113,0.000897,0.123640
0.010857,0.005452,0.137519
0.006558,0.010645,0.145550
0.003207,0.016315,0.148420
0.000794,0.022302,0.146817
-0.000689,0.028442,0.141425
-0.001253,0.034577,0.132933
-0.000907,0.040543,0.122026
0.000340,0.046181,0.109392
0.002479,0.051329,0.095716
0.004130,0.053258,0.080931
0.005023,0.052230,0.065643
0.005168,0.049251,0.050625
0.004575,0.045330,0.036651
0.003252,0.041474,0.024494
0.001209,0.038690,0.014929
-0.001544,0.037987,0.008728
-0.004999,0.040371,0.006667
-0.009145,0.046851,0.009518
-0.013703,0.054685,0.013056
-0.018495,0.062935,0.016441
-0.023367,0.071108,0.019680
-0.028166,0.078715,0.022781
-0.032741,0.085264,0.025752
-0.036939,0.090263,0.028601
-0.040606,0.093224,0.031334
-0.043590,0.093653,0.033959
-0.045739,0.091061,0.036483
-0.047074,0.087796,0.038586
-0.047740,0.084121,0.040356
-0.047908,0.079780,0.041984
-0.047749,0.074518,0.043661
-0.047437,0.068079,0.045577
-0.047143,0.060205,0.047925
-0.047039,0.050641,0.050895
-0.047299,0.039131,0.054679
-0.048093,0.025419,0.059466
-0.045889,0.012432,0.063280
-0.040564,0.000773,0.065813
-0.032843,-0.009538,0.067177
-0.023456,-0.018483,0.067483
-0.013129,-0.026040,0.066844
-0.002590,-0.032192,0.065370
0.007434,-0.036918,0.063173
0.016216,-0.040198,0.060365
0.023027,-0.042012,0.057057
0.028122,-0.042035,0.053301
0.031714,-0.040527,0.049222
0.034009,-0.037897,0.044968
0.035213,-0.034556,0.040684
0.035532,-0.030911,0.036517
0.035171,-0.027372,0.032614
0.034335,-0.024349,0.029119
0.033232,-0.022250,0.026181
0.032065,-0.021485,0.023944
0.031387,-0.021025,0.022671
0.031198,-0.020670,0.022236
0.031361,-0.020424,0.022416
0.031739,-0.020291,0.022988
0.032195,-0.020275,0.023730
0.032593,-0.020382,0.024420
0.032795,-0.020617,0.024833
0.032665,-0.020983,0.024749
0.032065,-0.021485,0.023944
0.029169,-0.021986,0.021799
0.023896,-0.021925,0.018371
0.016603,-0.020633,0.013885
0.007646,-0.017442,0.008567
-0.002618,-0.011682,0.002645
-0.013831,-0.002685,-0.003657
-0.025639,0.010217,-0.010113
-0.037683,0.027693,-0.016496
-0.049608,0.050411,-0.022580
-0.060872,0.073370,-0.029527
-0.071275,0.095085,-0.037157
-0.080699,0.114948,-0.044956
-0.089029,0.132351,-0.052408
-0.096149,0.146689,-0.058999
-0.101941,0.157353,-0.064215
-0.106290,0.163736,-0.067541
-0.109079,0.165232,-0.068461
-0.110192,0.161233,-0.066463
-0.110595,0.155702,-0.061586
-0.110248,0.149282,-0.054696
-0.108860,0.141779,-0.046865
-0.106141,0.133004,-0.039163
-0.101800,0.122765,-0.032663
-0.095544,0.110871,-0.028435
-0.087084,0.097132,-0.027551
-0.076129,0.081357,-0.031082
-0.062387,0.063354,-0.040099
-0.050773,0.048451,-0.049042
-0.041705,0.037245,-0.056626
-0.034474,0.029148,-0.062633
-0.028370,0.023576,-0.066847
-0.022686,0.019941,-0.069052
-0.016712,0.017657,-0.069029
-0.009741,0.016138,-0.066563
-0.001064,0.014798,-0.061437
0.010028,0.013051,-0.053433
0.020667,0.009261,-0.048024
0.030002,0.003654,-0.045223
0.037687,-0.003079,-0.043681
0.043377,-0.010245,-0.042049
0.046726,-0.017153,-0.038976
0.047387,-0.023112,-0.033114
0.045015,-0.027430,-0.023113
0.039264,-0.029415,-0.007623
0.029788,-0.028375,0.014705
0.020843,-0.025649,0.033874
0.013282,-0.021599,0.048260
0.007104,-0.016343,0.058332
0.002307,-0.009998,0.064559
-0.001109,-0.002685,0.067409
-0.003145,0.005480,0.067351
-0.003801,0.014377,0.064855
-0.003078,0.023889,0.060388
-0.000976,0.033897,0.054421
0.003166,0.043849,0.050703
0.009057,0.053235,0.049455
0.016165,0.061557,0.050013
0.023960,0.068314,0.051714
0.031910,0.073009,0.053895
0.039484,0.075141,0.055892
0.046151,0.074211,0.057043
0.051381,0.069721,0.056683
0.054642,0.061171,0.054151
0.055802,0.053419,0.051944
0.055171,0.047388,0.050345
0.053174,0.043014,0.049081
0.050235,0.040236,0.047880
0.046775,0.038991,0.046468
0.043220,0.039216,0.044572
0.039993,0.040850,0.041921
0.037516,0.043830,0.038240
0.036213,0.048093,0.033258
0.034028,0.054613,0.028038
0.030742,0.063057,0.023135
0.026597,0.072766,0.018979
0.021837,0.083083,0.016000
0.016702,0.093348,0.014626
0.011437,0.102904,0.015287
0.006283,0.111091,0.018412
0.001483,0.117252,0.024431
-0.002722,0.120728,0.033772
-0.004888,0.116881,0.039335
-0.005197,0.106380,0.040335
-0.004233,0.091219,0.037562
-0.002583,0.073394,0.031809
-0.000833,0.054899,0.023867
0.000432,0.037728,0.014528
0.000626,0.023877,0.004584
-0.000838,0.015341,-0.005173
-0.004544,0.014113,-0.013952
-0.007148,0.015713,-0.018114
-0.008436,0.019143,-0.017203
-0.008977,0.024277,-0.011554
-0.009340,0.030989,-0.001503
-0.010093,0.039151,0.012612
-0.011806,0.048638,0.030454
-0.015048,0.059322,0.051688
-0.020386,0.071077,0.075977
-0.028390,0.083777,0.102983
-0.035375,0.091897,0.124032
-0.040719,0.094733,0.138352
-0.044569,0.092786,0.147145
-0.047072,0.086557,0.151618
-0.048375,0.076546,0.152972
-0.048622,0.063253,0.152414
-0.047962,0.047180,0.151146
-0.046539,0.028827,0.150373
-0.044501,0.008695,0.151300
-0.042473,-0.009553,0.149878
-0.040344,-0.025093,0.145581
-0.037817,-0.037814,0.138762
-0.034594,-0.047606,0.129772
-0.030381,-0.054355,0.118964
-0.024879,-0.057952,0.106690
-0.017793,-0.058284,0.093302
-0.008826,-0.055240,0.079153
0.002320,-0.048709,0.064595
0.011891,-0.044235,0.053576
0.019495,-0.042385,0.046109
0.025579,-0.042479,0.041222
0.030588,-0.043836,0.037943
0.034971,-0.045776,0.035301
0.039172,-0.047621,0.032324
0.043640,-0.048690,0.028040
0.048820,-0.048303,0.021477
0.055159,-0.045781,0.011665
0.061568,-0.044061,0.000168
0.067370,-0.043688,-0.012384
0.071994,-0.044607,-0.025595
0.074867,-0.046760,-0.039069
0.075416,-0.050093,-0.052409
0.073069,-0.054551,-0.065220
0.067253,-0.060077,-0.077106
0.057396,-0.066616,-0.087671
0.042926,-0.074113,-0.096518
0.031007,-0.081101,-0.102919
0.022625,-0.087130,-0.106967
0.017221,-0.092002,-0.108963
0.014236,-0.095522,-0.109207
0.013111,-0.097493,-0.107998
0.013286,-0.097718,-0.105637
0.014203,-0.096000,-0.102423
0.015302,-0.092143,-0.098656
0.016025,-0.085951,-0.094635
0.016797,-0.079118,-0.093679
0.017407,-0.071923,-0.095560
0.017483,-0.064288,-0.099169
0.016654,-0.056139,-0.103394
0.014548,-0.047397,-0.107126
0.010795,-0.037987,-0.109252
0.005023,-0.027831,-0.108664
-0.003140,-0.016854,-0.104248
-0.014064,-0.004978,-0.094896
-0.022793,0.007967,-0.087630
-0.028742,0.021733,-0.083249
-0.032420,0.035966,-0.080998
-0.034338,0.050312,-0.080120
-0.035004,0.064417,-0.079858
-0.034928,0.077929,-0.079457
-0.034619,0.090493,-0.078159
-0.034587,0.101755,-0.075210
-0.035340,0.111362,-0.069851
-0.035238,0.116622,-0.059530
-0.034092,0.117379,-0.044725
-0.032072,0.114112,-0.026672
-0.029350,0.107300,-0.006606
-0.026099,0.097421,0.014237
-0.022491,0.084954,0.034620
-0.018696,0.070377,0.053308
-0.014888,0.054170,0.069066
-0.011237,0.036811,0.080657
-0.006748,0.020308,0.086688
-0.001393,0.005434,0.087457
0.004610,-0.007352,0.083683
0.011047,-0.017587,0.076087
0.017699,-0.024811,0.065387
0.024352,-0.028563,0.052304
0.030788,-0.028381,0.037558
0.036791,-0.023804,0.021867
0.042145,-0.014371,0.005952
0.046434,-0.003066,-0.008288
0.049309,0.009260,-0.020403
0.050436,0.022292,-0.030306
0.049482,0.035715,-0.037909
0.046113,0.049211,-0.043125
0.039996,0.062466,-0.045865
0.030798,0.075165,-0.046044
0.018184,0.086990,-0.043572
0.001823,0.097627,-0.038362
-0.014431,0.103143,-0.031537
-0.029515,0.103513,-0.023865
-0.043065,0.099685,-0.016028
-0.054720,0.092610,-0.008706
-0.064114,0.083239,-0.002582
-0.070886,0.072520,0.001665
-0.074671,0.061404,0.003351
-0.075108,0.050840,0.001797
-0.071831,0.041779,-0.003679
-0.065802,0.036822,-0.011667
-0.057569,0.035896,-0.021006
-0.047579,0.038261,-0.030599
-0.036280,0.043176,-0.039348
-0.024118,0.049901,-0.046155
-0.011541,0.057696,-0.049923
0.001003,0.065819,-0.049554
0.013069,0.073530,-0.043950
0.024208,0.080089,-0.032013
0.033825,0.085555,-0.020215
0.042219,0.089987,-0.009632
0.049910,0.093442,0.000008
0.057420,0.095975,0.008979
0.065269,0.097643,0.017552
0.073978,0.098504,0.026000
0.084068,0.098614,0.034595
0.096061,0.098029,0.043610
0.110477,0.096808,0.053317
0.123216,0.093273,0.063149
0.133360,0.087311,0.072389
0.140785,0.079196,0.080282
0.145369,0.069202,0.086070
0.146988,0.057605,0.089000
0.145519,0.044679,0.088315
0.140840,0.030698,0.083260
0.132827,0.015939,0.073080
0.121357,0.000675,0.057018
0.109559,-0.011296,0.040146
0.098097,-0.019529,0.023630
0.087022,-0.024417,0.007658
0.076382,-0.026355,-0.007579
0.066229,-0.025737,-0.021893
0.056611,-0.022955,-0.035094
0.047578,-0.018405,-0.046994
0.039180,-0.012480,-0.057402
0.031466,-0.005573,-0.066129
0.024180,-0.000028,-0.075570
0.017463,0.003636,-0.085565
0.011559,0.005354,-0.095316
0.006713,0.005063,-0.104026
0.003166,0.002698,-0.110898
0.001163,-0.001805,-0.115134
0.000947,-0.008511,-0.115938
0.002761,-0.017483,-0.112511
0.006848,-0.028786,-0.104057
0.011779,-0.035972,-0.093087
0.016839,-0.038377,-0.080147
0.021494,-0.036783,-0.065293
0.025210,-0.031973,-0.048579
0.027453,-0.024727,-0.030062
0.027688,-0.015829,-0.009795
0.025380,-0.006060,0.012164
0.019997,0.003797,0.035762
0.011002,0.012962,0.060943
0.002605,0.019075,0.082875
-0.004501,0.021948,0.100508
-0.010499,0.021937,0.113736
-0.015575,0.019395,0.122454
-0.019911,0.014679,0.126556
-0.023693,0.008141,0.125937
-0.027104,0.000138,0.120492
-0.030329,-0.008976,0.110114
-0.033551,-0.018847,0.094697
-0.035218,-0.029168,0.074126
-0.035258,-0.039726,0.049791
-0.033970,-0.050329,0.023465
-0.031653,-0.060788,-0.003084
-0.028605,-0.070910,-0.028083
-0.025126,-0.080506,-0.049763
-0.021514,-0.089385,-0.066353
-0.018069,-0.097355,-0.076082
-0.015089,-0.104226,-0.077180
-0.009514,-0.107895,-0.068514
-0.001372,-0.108143,-0.052180
0.008538,-0.105218,-0.031081
0.019414,-0.099373,-0.008121
0.030458,-0.090858,0.013797
0.040870,-0.079922,0.031768
0.049849,-0.066818,0.042890
0.056597,-0.051794,0.044258
0.060313,-0.035103,0.032969
0.061939,-0.023729,0.018782
0.061767,-0.018080,0.004444
0.059924,-0.016919,-0.009052
0.056537,-0.019010,-0.020710
0.051735,-0.023117,-0.029536
0.045644,-0.028001,-0.034536
0.038392,-0.032427,-0.034717
0.030107,-0.035157,-0.029082
0.020916,-0.034956,-0.016639
0.013667,-0.035142,0.001443
0.008588,-0.036300,0.022899
0.005253,-0.038328,0.045190
0.003237,-0.041126,0.065778
0.002112,-0.044594,0.082122
0.001453,-0.048629,0.091685
0.000833,-0.053132,0.091926
-0.000173,-0.058002,0.080307
-0.001992,-0.063139,0.054290
-0.003323,-0.070536,0.028840
-0.003965,-0.079862,0.006993
-0.003998,-0.090198,-0.011196
-0.003499,-0.100630,-0.025674
-0.002545,-0.110239,-0.036387
-0.001214,-0.118111,-0.043280
0.000418,-0.123329,-0.046301
0.002271,-0.124976,-0.045395
0.004269,-0.122135,-0.040508
0.004284,-0.116913,-0.039057
0.002054,-0.109991,-0.042029
-0.002216,-0.101694,-0.048805
-0.008321,-0.092346,-0.058763
-0.016056,-0.082273,-0.071286
-0.025218,-0.071800,-0.085751
-0.035602,-0.061251,-0.101541
-0.047002,-0.050951,-0.118034
-0.059215,-0.041226,-0.134611
-0.073276,-0.034294,-0.147372
-0.088617,-0.030111,-0.155699
-0.104266,-0.028061,-0.159792
-0.119252,-0.027533,-0.159854
-0.132604,-0.027912,-0.156085
-0.143350,-0.028586,-0.148686
-0.150520,-0.028942,-0.137859
-0.153142,-0.028365,-0.123805
-0.150245,-0.026244,-0.106726
-0.143725,-0.021529,-0.093928
-0.134380,-0.014946,-0.086393
-0.122730,-0.007661,-0.083520
-0.109296,-0.000843,-0.084708
-0.094601,0.004341,-0.089357
-0.079166,0.006723,-0.096867
-0.063512,0.005137,-0.106637
-0.048161,-0.001586,-0.118065
-0.033633,-0.014613,-0.130553
-0.020417,-0.026426,-0.139379
-0.008517,-0.035803,-0.144327
0.002184,-0.043094,-0.146308
0.011804,-0.048650,-0.146232
0.020459,-0.052822,-0.145009
0.028266,-0.055960,-0.143550
0.035343,-0.058415,-0.142764
0.041806,-0.060538,-0.143562
0.047772,-0.062680,-0.146854
0.051482,-0.064663,-0.147826
0.052773,-0.066123,-0.145795
0.051879,-0.066649,-0.141112
0.049037,-0.065831,-0.134129
0.044482,-0.063258,-0.125196
0.038450,-0.058519,-0.114663
0.031177,-0.051204,-0.102883
0.022897,-0.040902,-0.090206
0.013847,-0.027202,-0.076983
0.006195,-0.016666,-0.062599
0.000412,-0.010175,-0.047176
-0.003457,-0.007189,-0.031022
-0.005364,-0.007169,-0.014444
-0.005265,-0.009577,0.002250
-0.003112,-0.013873,0.018754
0.001141,-0.019518,0.034759
0.007539,-0.025974,0.049960
0.016128,-0.032701,0.064048
0.023019,-0.040124,0.074202
0.027751,-0.048124,0.080288
0.030720,-0.056441,0.082843
0.032323,-0.064818,0.082405
0.032958,-0.072996,0.079512
0.033021,-0.080717,0.074701
0.032908,-0.087723,0.068510
0.033017,-0.093755,0.061477
0.033743,-0.098556,0.054140
0.034878,-0.102380,0.045634
0.036535,-0.105133,0.035997
0.038914,-0.106633,0.025492
0.042211,-0.106696,0.014379
0.046625,-0.105141,0.002921
0.052352,-0.101785,-0.008620
0.059590,-0.096446,-0.019982
0.068538,-0.088941,-0.030903
0.079392,-0.079087,-0.041121
0.088403,-0.070400,-0.050932
0.095408,-0.063501,-0.060046
0.101139,-0.058289,-0.068032
0.106331,-0.054660,-0.074455
0.111715,-0.052513,-0.078881
0.118025,-0.051746,-0.080877
0.125994,-0.052257,-0.080008
0.136355,-0.053945,-0.075842
0.149841,-0.056706,-0.067944
0.161968,-0.055690,-0.059235
0.171921,-0.051180,-0.050379
0.179803,-0.044748,-0.041473
0.185718,-0.037965,-0.032618
0.189768,-0.032400,-0.023913
0.192057,-0.029624,-0.015455
0.192687,-0.031208,-0.007345
0.191762,-0.038721,0.000319
0.189385,-0.053735,0.007438
0.186910,-0.065468,0.014347
0.184449,-0.072283,0.020982
0.181800,-0.074831,0.027178
0.178764,-0.073761,0.032771
0.175141,-0.069723,0.037598
0.170731,-0.063368,0.041495
0.165333,-0.055344,0.044296
0.158748,-0.046303,0.045839
0.150776,-0.036894,0.045959
0.142687,-0.025395,0.046945
0.134755,-0.012098,0.048886
0.126998,0.002205,0.051319
0.119437,0.016720,0.053780
0.112093,0.030654,0.055806
0.104986,0.043213,0.056936
0.098137,0.053604,0.056705
0.091565,0.061034,0.054652
0.085292,0.064708,0.050312
0.079711,0.065363,0.045210
0.074945,0.063444,0.039690
0.071049,0.059323,0.033802
0.068077,0.053373,0.027596
0.066084,0.045967,0.021121
0.065126,0.037477,0.014426
0.065257,0.028277,0.007561
0.066532,0.018738,0.000576
0.069005,0.009234,-0.006480
0.071163,0.000910,-0.013414
0.072652,-0.006156,-0.020286
0.073410,-0.012149,-0.027218
0.073376,-0.017258,-0.034331
0.072488,-0.021670,-0.041749
0.070683,-0.025571,-0.049593
0.067899,-0.029149,-0.057985
0.064075,-0.032591,-0.067047
0.059148,-0.036084,-0.076902
0.054400,-0.039471,-0.083414
0.050201,-0.042717,-0.086222
0.046694,-0.045816,-0.085906
0.044020,-0.048763,-0.083050
0.042321,-0.051554,-0.078233
0.041742,-0.054184,-0.072037
0.042422,-0.056648,-0.065045
0.044505,-0.058940,-0.057837
0.048134,-0.061056,-0.050995
0.050879,-0.062976,-0.043883
0.052338,-0.064768,-0.036493
0.052611,-0.066523,-0.028978
0.051801,-0.068331,-0.021486
0.050009,-0.070283,-0.014170
0.047339,-0.072469,-0.007180
0.043892,-0.074979,-0.000667
0.039769,-0.077905,0.005219
0.035073,-0.081337,0.010326
0.031714,-0.086236,0.015893
0.029801,-0.091934,0.021874
0.028989,-0.097354,0.027900
0.028935,-0.101419,0.033605
0.029297,-0.103054,0.038621
0.029732,-0.101182,0.042581
0.029896,-0.094725,0.045117
0.029446,-0.082609,0.045862
0.028040,-0.063756,0.044448
0.027605,-0.045428,0.044101
0.028413,-0.029203,0.044582
0.030321,-0.015239,0.044785
0.033186,-0.003695,0.043605
0.036867,0.005272,0.039936
0.041219,0.011503,0.032673
0.046101,0.014840,0.020711
0.051371,0.015126,0.002943
0.056884,0.012201,-0.021734
0.064369,0.009880,-0.043992
0.073249,0.008368,-0.062586
0.082369,0.006970,-0.078298
0.090575,0.004990,-0.091908
0.096715,0.001732,-0.104197
0.099634,-0.003499,-0.115944
0.098178,-0.011399,-0.127931
0.091195,-0.022663,-0.140937
0.077529,-0.037987,-0.155743
0.065512,-0.051775,-0.167931
0.056583,-0.062881,-0.176692
0.050461,-0.071266,-0.182120
0.046867,-0.076894,-0.184309
0.045517,-0.079728,-0.183353
0.046133,-0.079733,-0.179345
0.048432,-0.076871,-0.172380
0.052133,-0.071105,-0.162550
0.056956,-0.062399,-0.149951
0.061603,-0.051032,-0.136823
0.065723,-0.037782,-0.123901
0.069204,-0.023554,-0.111543
0.071932,-0.009253,-0.100107
0.073795,0.004218,-0.089951
0.074679,0.015953,-0.081431
0.074471,0.025050,-0.074906
0.073058,0.030602,-0.070733
0.070326,0.031706,-0.069271
0.067545,0.033904,-0.068064
0.064608,0.038070,-0.066539
0.061064,0.043909,-0.064594
0.056463,0.051128,-0.062127
0.050354,0.059433,-0.059034
0.042286,0.068529,-0.055214
0.031808,0.078122,-0.050564
0.018471,0.087920,-0.044981
0.001823,0.097627,-0.038362
-0.012014,0.104940,-0.033211
-0.022536,0.109532,-0.029725
-0.030644,0.111571,-0.027525
-0.037241,0.111224,-0.026234
-0.043228,0.108658,-0.025474
-0.049507,0.104041,-0.024867
-0.056978,0.097539,-0.024034
-0.066545,0.089321,-0.022599
-0.079108,0.079554,-0.020182
-0.091810,0.067432,-0.019090
-0.104135,0.053733,-0.019108
-0.116148,0.039629,-0.019388
-0.127915,0.026293,-0.019086
-0.139503,0.014895,-0.017354
-0.150978,0.006609,-0.013347
-0.162406,0.002606,-0.006219
-0.173854,0.004059,0.004877
-0.185388,0.012140,0.020787
-0.193300,0.020845,0.036120
-0.197420,0.028820,0.049852
-0.198457,0.035871,0.062051
-0.197125,0.041802,0.072784
-0.194134,0.046421,0.082120
-0.190196,0.049534,0.090125
-0.186021,0.050946,0.096868
-0.182323,0.050463,0.102416
-0.179811,0.047892,0.106837
-0.176156,0.051086,0.113939
-0.171163,0.059959,0.123739
-0.165169,0.072441,0.135311
-0.158515,0.086462,0.147727
-0.151538,0.099950,0.160057
-0.144578,0.110836,0.171375
-0.137974,0.117048,0.180752
-0.132065,0.116518,0.187260
-0.127189,0.107173,0.189972
-0.121148,0.095290,0.190853
-0.113799,0.082395,0.190245
-0.105511,0.068830,0.188085
-0.096654,0.054937,0.184306
-0.087599,0.041057,0.178844
-0.078714,0.027530,0.171634
-0.070371,0.014699,0.162613
-0.062938,0.002905,0.151714
-0.056786,-0.007511,0.138874
-0.051204,-0.014350,0.128483
-0.046215,-0.018076,0.120609
-0.042022,-0.019818,0.114238
-0.038831,-0.020706,0.108358
-0.036845,-0.021870,0.101954
-0.036271,-0.024440,0.094013
-0.037311,-0.029545,0.083522
-0.040171,-0.038315,0.069467
-0.045056,-0.051880,0.050836
-0.049932,-0.062693,0.034926
-0.054393,-0.069781,0.022420
-0.058440,-0.073815,0.012349
-0.062071,-0.075465,0.003741
-0.065288,-0.075404,-0.004374
-0.068089,-0.074300,-0.012966
-0.070476,-0.072826,-0.023007
-0.072448,-0.071652,-0.035466
-0.074004,-0.071448,-0.051315
-0.074877,-0.071225,-0.065122
-0.075408,-0.070804,-0.075853
-0.076096,-0.070210,-0.083575
-0.077434,-0.069466,-0.088351
-0.079921,-0.068598,-0.090249
-0.084052,-0.067629,-0.089332
-0.090324,-0.066584,-0.085666
-0.099232,-0.065486,-0.079317
-0.111274,-0.064361,-0.070349
-0.121103,-0.061996,-0.061580
-0.127655,-0.058241,-0.053586
-0.130937,-0.053210,-0.046383
-0.130954,-0.047020,-0.039986
-0.127712,-0.039785,-0.034411
-0.121217,-0.031622,-0.029674
-0.111476,-0.022644,-0.025792
-0.098493,-0.012968,-0.022779
-0.082276,-0.002708,-0.020653
-0.067693,0.010149,-0.015277
-0.055525,0.025008,-0.006525
-0.045533,0.040625,0.004729
-0.037477,0.055753,0.017611
-0.031117,0.069147,0.031244
-0.026213,0.079562,0.044756
-0.022525,0.085750,0.057271
-0.019814,0.086467,0.067914
-0.017839,0.080467,0.075811
-0.015879,0.072682,0.079978
-0.013778,0.064208,0.080647
-0.011523,0.055185,0.078352
-0.009099,0.045752,0.073627
-0.006492,0.036047,0.067007
-0.003690,0.026209,0.059027
-0.000677,0.016378,0.050219
0.002560,0.006691,0.041120
0.006034,-0.002713,0.032263
0.008611,-0.010493,0.023972
0.010098,-0.016614,0.016340
0.010538,-0.021369,0.009408
0.009974,-0.025049,0.003214
0.008451,-0.027946,-0.002205
0.006012,-0.030351,-0.006809
0.002699,-0.032556,-0.010560
-0.001442,-0.034853,-0.013420
-0.006369,-0.037534,-0.015349
-0.009369,-0.039818,-0.018485
-0.010098,-0.041597,-0.022809
-0.008802,-0.042933,-0.027765
-0.005729,-0.043885,-0.032796
-0.001125,-0.044516,-0.037348
0.004762,-0.044885,-0.040863
0.011686,-0.045054,-0.042785
0.019399,-0.045083,-0.042558
0.027655,-0.045032,-0.039626
0.039013,-0.043327,-0.037880
0.052637,-0.039964,-0.037399
0.066844,-0.035333,-0.037311
0.079948,-0.029827,-0.036742
0.090265,-0.023835,-0.034818
0.096111,-0.017749,-0.030666
0.095802,-0.011960,-0.023413
0.087652,-0.006857,-0.012184
0.069978,-0.002833,0.003892
0.052062,-0.001890,0.021062
0.035804,-0.003738,0.037782
0.021256,-0.007518,0.053065
0.008471,-0.012367,0.065924
-0.002498,-0.017424,0.075369
-0.011598,-0.021829,0.080414
-0.018776,-0.024718,0.080069
-0.023980,-0.025233,0.073348
-0.027157,-0.022510,0.059261
-0.028298,-0.018179,0.041886
-0.027718,-0.012700,0.023084
-0.025807,-0.006238,0.004163
-0.022959,0.001040,-0.013568
-0.019565,0.008968,-0.028801
-0.016018,0.017379,-0.040229
-0.012709,0.026107,-0.046544
-0.010032,0.034986,-0.046437
-0.008379,0.043848,-0.038601
-0.006556,0.051298,-0.026135
-0.004420,0.057149,-0.010658
-0.002091,0.061518,0.006585
0.000313,0.064521,0.024346
0.002672,0.066274,0.041380
0.004869,0.066894,0.056439
0.006783,0.066498,0.068277
0.008296,0.065202,0.075647
0.009289,0.063122,0.077303
0.008635,0.058643,0.074421
0.006394,0.052072,0.067630
0.002919,0.044192,0.057425
-0.001435,0.035789,0.044299
-0.006314,0.027649,0.028745
-0.011364,0.020556,0.011257
-0.016231,0.015296,-0.007672
-0.020559,0.012654,-0.027547
-0.023996,0.013415,-0.047876
-0.026325,0.016693,-0.063592
-0.027683,0.021796,-0.074280
-0.028295,0.028078,-0.080685
-0.028386,0.034898,-0.083554
-0.028180,0.041609,-0.083632
-0.027904,0.047569,-0.081666
-0.027780,0.052133,-0.078402
-0.028034,0.054658,-0.074587
-0.028892,0.054499,-0.070965
-0.029116,0.054758,-0.067595
-0.028526,0.055654,-0.064462
-0.027205,0.056688,-0.061537
-0.025237,0.057358,-0.058786
-0.022704,0.057164,-0.056181
-0.019690,0.055605,-0.053690
-0.016278,0.052180,-0.051281
-0.012552,0.046390,-0.048924
-0.008594,0.037732,-0.046588
-0.004909,0.028211,-0.045241
-0.001707,0.018177,-0.044945
0.000877,0.007567,-0.045535
0.002708,-0.003680,-0.046847
0.003650,-0.015627,-0.048716
0.003568,-0.028337,-0.050978
0.002327,-0.041870,-0.053467
-0.000210,-0.056291,-0.056020
-0.004177,-0.071660,-0.058472
-0.007589,-0.084151,-0.061527
-0.010084,-0.093241,-0.065183
-0.011705,-0.099237,-0.069261
-0.012497,-0.102443,-0.073582
-0.012503,-0.103165,-0.077967
-0.011766,-0.101709,-0.082236
-0.010331,-0.098379,-0.086211
-0.008242,-0.093482,-0.089712
-0.005542,-0.087322,-0.092560
-0.002554,-0.083902,-0.095097
0.000563,-0.083325,-0.097305
0.003689,-0.084724,-0.099078
0.006707,-0.087230,-0.100310
0.009499,-0.089974,-0.100894
0.011944,-0.092086,-0.100725
0.013926,-0.092699,-0.099697
0.015326,-0.090944,-0.097702
0.016025,-0.085951,-0.094635
0.017852,-0.078740,-0.089240
0.020948,-0.069852,-0.081754
0.025031,-0.059704,-0.072792
0.029822,-0.048717,-0.062967
0.035038,-0.037309,-0.052892
0.040401,-0.025899,-0.043180
0.045628,-0.014906,-0.034445
0.050439,-0.004750,-0.027300
0.054553,0.004150,-0.022358
0.056300,0.009812,-0.023294
0.055792,0.012523,-0.029343
0.053585,0.013139,-0.038627
0.050236,0.012515,-0.049271
0.046301,0.011507,-0.059400
0.042338,0.010971,-0.067135
0.038902,0.011761,-0.070603
0.036550,0.014734,-0.067925
0.035840,0.020745,-0.057226
0.035354,0.026447,-0.048640
0.035028,0.031339,-0.043558
0.035135,0.035632,-0.041187
0.035950,0.039538,-0.040735
0.037747,0.043270,-0.041409
0.040799,0.047037,-0.042415
0.045382,0.051052,-0.042961
0.051768,0.055526,-0.042253
0.060232,0.060671,-0.039499
0.065861,0.064351,-0.037697
0.068303,0.066104,-0.036658
0.068343,0.065885,-0.035393
0.066765,0.063650,-0.032918
0.064357,0.059354,-0.028243
0.061903,0.052955,-0.020383
0.060190,0.044406,-0.008350
0.060003,0.033664,0.008842
0.062127,0.020685,0.032182
0.067328,0.009061,0.052327
0.075084,-0.000522,0.067920
0.084550,-0.008102,0.079600
0.094880,-0.013721,0.088006
0.105231,-0.017418,0.093775
0.114757,-0.019234,0.097547
0.122613,-0.019208,0.099960
0.127954,-0.017379,0.101653
0.129937,-0.013790,0.103264
0.133378,-0.013821,0.103415
0.138488,-0.017774,0.101873
0.144326,-0.024677,0.098688
0.149951,-0.033557,0.093912
0.154421,-0.043443,0.087596
0.156795,-0.053363,0.079792
0.156132,-0.062346,0.070550
0.151491,-0.069420,0.059923
0.141929,-0.073612,0.047961
0.130125,-0.075764,0.032437
0.117066,-0.076047,0.013626
0.103315,-0.074467,-0.007570
0.089436,-0.071030,-0.030249
0.075992,-0.065742,-0.053510
0.063549,-0.058609,-0.076451
0.052669,-0.049637,-0.098171
0.043916,-0.038831,-0.117766
0.037855,-0.026198,-0.134337
0.033441,-0.015315,-0.145971
0.030344,-0.007007,-0.152660
0.028413,-0.001412,-0.154872
0.027497,0.001336,-0.153075
0.027445,0.001099,-0.147738
0.028106,-0.002259,-0.139327
0.029329,-0.008873,-0.128312
0.030963,-0.018880,-0.115161
0.032857,-0.032417,-0.100340
0.034094,-0.042090,-0.088126
0.034534,-0.046955,-0.078856
0.034232,-0.047678,-0.071883
0.033243,-0.044926,-0.066562
0.031620,-0.039368,-0.062246
0.029419,-0.031670,-0.058289
0.026695,-0.022500,-0.054044
0.023500,-0.012524,-0.048865
0.019891,-0.002410,-0.042106
0.016736,0.008846,-0.031669
0.014136,0.020812,-0.018428
0.011998,0.032692,-0.003998
0.010229,0.043691,0.010005
0.008738,0.053015,0.021967
0.007431,0.059869,0.030271
0.006217,0.063459,0.033302
0.005002,0.062991,0.029445
0.003695,0.057669,0.017084
0.002920,0.048860,0.004255
0.002533,0.037576,-0.007511
0.002199,0.024740,-0.018308
0.001583,0.011279,-0.028227
0.000347,-0.001884,-0.037364
-0.001842,-0.013825,-0.045811
-0.005321,-0.023619,-0.053663
-0.010426,-0.030342,-0.061011
-0.017492,-0.033069,-0.067951
-0.023650,-0.032248,-0.073610
-0.028853,-0.028785,-0.078038
-0.033761,-0.023703,-0.081516
-0.039030,-0.018023,-0.084325
-0.045321,-0.012768,-0.086746
-0.053291,-0.008958,-0.089059
-0.063599,-0.007615,-0.091545
-0.076904,-0.009762,-0.094485
-0.093865,-0.016420,-0.098160
-0.108390,-0.019579,-0.100712
-0.119508,-0.018734,-0.101924
-0.127530,-0.015254,-0.101984
-0.132765,-0.010511,-0.101085
-0.135524,-0.005876,-0.099415
-0.136118,-0.002718,-0.097166
-0.134855,-0.002408,-0.094528
-0.132047,-0.006318,-0.091691
-0.128002,-0.015817,-0.088846
-0.122790,-0.025903,-0.086257
-0.116797,-0.035159,-0.084184
-0.110495,-0.043067,-0.082880
-0.104350,-0.049107,-0.082602
-0.098833,-0.052760,-0.083605
-0.094412,-0.053507,-0.086144
-0.091556,-0.050830,-0.090476
-0.090734,-0.044209,-0.096854
-0.092415,-0.033125,-0.105535
-0.096262,-0.023098,-0.108287
-0.101460,-0.015224,-0.104946
-0.107079,-0.009495,-0.097366
-0.112186,-0.005900,-0.087399
-0.115848,-0.004431,-0.076899
-0.117135,-0.005079,-0.067719
-0.115114,-0.007833,-0.061711
-0.108852,-0.012685,-0.060731
-0.097418,-0.019625,-0.066630
-0.088207,-0.020585,-0.074600
-0.082059,-0.015864,-0.083211
-0.078180,-0.007852,-0.091876
-0.075773,0.001060,-0.100007
-0.074042,0.008482,-0.107019
-0.072192,0.012024,-0.112323
-0.069426,0.009294,-0.115334
-0.064949,-0.002098,-0.115463
-0.057965,-0.024541,-0.112125
-0.049710,-0.046339,-0.110520
-0.040623,-0.064876,-0.111390
-0.030942,-0.079809,-0.114361
-0.020906,-0.090797,-0.119058
-0.010755,-0.097494,-0.125107
-0.000727,-0.099559,-0.132135
0.008939,-0.096648,-0.139767
0.018003,-0.088418,-0.147630
0.026228,-0.074526,-0.155348
0.032374,-0.055000,-0.163070
0.036484,-0.031558,-0.170666
0.038916,-0.006340,-0.177939
0.040030,0.018512,-0.184691
0.040185,0.040859,-0.190726
0.039742,0.058560,-0.195845
0.039060,0.069474,-0.199850
0.038499,0.071461,-0.202545
0.038418,0.062380,-0.203731
0.038593,0.051355,-0.202704
0.039040,0.040467,-0.199530
0.039832,0.030037,-0.194469
0.041044,0.020386,-0.187779
0.042750,0.011836,-0.179721
0.045025,0.004707,-0.170553
0.047942,-0.000680,-0.160534
0.051577,-0.004004,-0.149924
0.056002,-0.004943,-0.138982
0.058663,-0.007878,-0.127723
0.059342,-0.012823,-0.116527
0.058408,-0.018706,-0.105864
0.056229,-0.024449,-0.096206
0.053175,-0.028978,-0.088021
0.049614,-0.031219,-0.081782
0.045915,-0.030095,-0.077959
0.042447,-0.024533,-0.077022
0.039578,-0.013456,-0.079443
0.035185,-0.005565,-0.082225
0.029277,-0.001847,-0.084361
0.022390,-0.001363,-0.085336
0.015065,-0.003176,-0.084638
0.007839,-0.006346,-0.081754
0.001251,-0.009934,-0.076171
-0.004160,-0.013001,-0.067376
-0.007855,-0.014608,-0.054856
-0.009297,-0.013818,-0.038099
-0.009339,-0.006739,-0.026921
-0.008158,0.005709,-0.022246
-0.005763,0.021406,-0.022772
-0.002161,0.038232,-0.027196
0.002640,0.054068,-0.034218
0.008632,0.066792,-0.042536
0.015807,0.074286,-0.050848
0.024157,0.074428,-0.057853
0.033674,0.065099,-0.062249
0.043575,0.055257,-0.062956
0.052911,0.046341,-0.059908
0.060689,0.037913,-0.053290
0.065915,0.029534,-0.043289
0.067597,0.020764,-0.030089
0.064743,0.011164,-0.013878
0.056359,0.000295,0.005160
0.041453,-0.012283,0.026837
0.019032,-0.027009,0.050969
0.001514,-0.035888,0.072942
-0.009540,-0.038302,0.091419
-0.015280,-0.035470,0.105880
-0.016855,-0.028617,0.115807
-0.015417,-0.018963,0.120682
-0.012117,-0.007731,0.119986
-0.008104,0.003856,0.113200
-0.004530,0.014578,0.099805
-0.002545,0.023212,0.079282
-0.000915,0.028265,0.057692
0.000563,0.029671,0.036524
0.001837,0.027722,0.016124
0.002854,0.022706,-0.003161
0.003560,0.014915,-0.020984
0.003903,0.004638,-0.037000
0.003828,-0.007834,-0.050860
0.003284,-0.022210,-0.062219
0.002217,-0.038201,-0.070729
-0.000949,-0.052020,-0.074860
-0.006140,-0.062966,-0.074978
-0.012867,-0.071107,-0.071923
-0.020644,-0.076514,-0.066538
-0.028983,-0.079254,-0.059663
-0.037398,-0.079398,-0.052140
-0.045400,-0.077015,-0.044810
-0.052502,-0.072175,-0.038514
-0.058218,-0.064945,-0.034093
-0.061960,-0.062433,-0.029703
-0.063896,-0.064933,-0.025347
-0.064380,-0.071040,-0.021491
-0.063766,-0.079345,-0.018600
-0.062409,-0.088443,-0.017141
-0.060665,-0.096926,-0.017580
-0.058887,-0.103387,-0.020381
-0.057430,-0.106420,-0.026010
-0.056650,-0.104619,-0.034934
-0.059382,-0.101575,-0.046842
-0.065473,-0.098149,-0.060508
-0.074024,-0.094515,-0.074480
-0.084135,-0.090850,-0.087306
-0.094905,-0.087329,-0.097533
-0.105436,-0.084127,-0.103708
-0.114827,-0.081419,-0.104379
-0.122178,-0.079382,-0.098092
-0.126590,-0.078190,-0.083396
-0.127490,-0.071971,-0.070259
-0.125168,-0.060593,-0.059729
-0.120127,-0.045364,-0.050620
-0.112871,-0.027589,-0.041747
-0.103905,-0.008573,-0.031927
-0.093732,0.010378,-0.019975
-0.082857,0.027957,-0.004706
-0.071784,0.042860,0.015064
-0.061016,0.053780,0.040520
-0.052082,0.061923,0.061359
-0.045024,0.067977,0.076237
-0.039513,0.072504,0.086050
-0.035220,0.076063,0.091696
-0.031816,0.079215,0.094069
-0.028973,0.082521,0.094066
-0.026360,0.086539,0.092582
-0.023650,0.091831,0.090515
-0.020512,0.098958,0.088761
-0.017986,0.105559,0.086267
-0.015964,0.110595,0.082757
-0.014049,0.113353,0.078143
-0.011847,0.113122,0.072343
-0.008963,0.109190,0.065269
-0.005002,0.100846,0.056837
0.000431,0.087378,0.046961
0.007733,0.068074,0.035557
0.017297,0.042222,0.022538
0.026313,0.018825,0.014485
0.034320,-0.000639,0.012538
0.041445,-0.016568,0.016479
0.047816,-0.029365,0.026088
0.053558,-0.039428,0.041147
0.058800,-0.047158,0.061439
0.063668,-0.052956,0.086743
0.068290,-0.057221,0.116841
0.072791,-0.060355,0.151515
0.080453,-0.066070,0.176877
0.091213,-0.074913,0.191472
0.104171,-0.086638,0.196950
0.118427,-0.100999,0.194964
0.133082,-0.117751,0.187163
0.147238,-0.136648,0.175201
0.159994,-0.157444,0.160728
0.170451,-0.179893,0.145395
0.177710,-0.203750,0.130855
0.176157,-0.220103,0.115876
0.166152,-0.228299,0.101225
0.149551,-0.229750,0.088171
0.128208,-0.225867,0.077979
0.103978,-0.218061,0.071918
0.078716,-0.207745,0.071255
0.054277,-0.196330,0.077256
0.032514,-0.185227,0.091188
0.015284,-0.175848,0.114320
0.002758,-0.165644,0.133259
-0.005679,-0.154535,0.145654
-0.010838,-0.143060,0.151915
-0.013530,-0.131758,0.152453
-0.014566,-0.121168,0.147677
-0.014757,-0.111828,0.137996
-0.014915,-0.104278,0.123822
-0.015850,-0.099055,0.105563
-0.018374,-0.096698,0.083629
-0.022204,-0.094570,0.063240
-0.026970,-0.091969,0.045688
-0.032280,-0.088681,0.031285
-0.037738,-0.084493,0.020342
-0.042953,-0.079188,0.013168
-0.047531,-0.072552,0.010075
-0.051080,-0.064371,0.011374
-0.053205,-0.054429,0.017376
-0.053513,-0.042513,0.028391
-0.052645,-0.030608,0.041047
-0.050412,-0.019367,0.054451
-0.046417,-0.009107,0.068328
-0.040265,-0.000146,0.082403
-0.031560,0.007198,0.096401
-0.019905,0.012608,0.110049
-0.004906,0.015765,0.123070
0.013835,0.016352,0.135192
0.036713,0.014050,0.146138
0.056328,0.011149,0.154077
0.071506,0.008036,0.158547
0.082633,0.004624,0.159432
0.090091,0.000826,0.156615
0.094266,-0.003447,0.149977
0.095542,-0.008281,0.139403
0.094303,-0.013764,0.124775
0.090932,-0.019982,0.105976
0.085815,-0.027025,0.082889
0.080785,-0.033063,0.059304
0.076158,-0.037777,0.036316
0.071868,-0.041221,0.014343
0.067850,-0.043450,-0.006198
0.064041,-0.044521,-0.024887
0.060375,-0.044488,-0.041308
0.056789,-0.043406,-0.055040
0.053216,-0.041331,-0.065667
0.049592,-0.038317,-0.072770
0.047285,-0.032695,-0.079122
0.046285,-0.024798,-0.084911
0.046236,-0.015464,-0.089681
0.046785,-0.005530,-0.092971
0.047575,0.004168,-0.094326
0.048254,0.012794,-0.093286
0.048466,0.019510,-0.089393
0.047857,0.023481,-0.082190
0.046072,0.023868,-0.071219
0.044221,0.023867,-0.053011
0.042525,0.024468,-0.029135
0.040980,0.026112,-0.002417
0.039584,0.029240,0.024314
0.038335,0.034294,0.048234
0.037228,0.041714,0.066513
0.036263,0.051941,0.076325
0.035435,0.065416,0.074844
0.034741,0.082581,0.059242
0.034318,0.099774,0.038782
0.034106,0.115829,0.016330
0.034001,0.130199,-0.006846
0.033898,0.142341,-0.029481
0.033690,0.151709,-0.050307
0.033272,0.157758,-0.068058
0.032539,0.159943,-0.081467
0.031385,0.157719,-0.089268
0.029706,0.150541,-0.090194
0.028184,0.141897,-0.088322
0.027001,0.132775,-0.084651
0.026210,0.123539,-0.079410
0.025868,0.114553,-0.072828
0.026029,0.106182,-0.065135
0.026748,0.098788,-0.056558
0.028079,0.092737,-0.047329
0.030078,0.088391,-0.037675
0.032798,0.086114,-0.027825
0.035569,0.082359,-0.018230
0.038331,0.076606,-0.009024
0.041178,0.069096,-0.000264
0.044204,0.060070,0.007993
0.047505,0.049766,0.015689
0.051173,0.038426,0.022768
0.055304,0.026289,0.029174
0.059992,0.013596,0.034848
0.065331,0.000587,0.039734
0.072095,-0.010971,0.043372
0.079723,-0.020829,0.045768
0.087324,-0.029115,0.047047
0.094004,-0.035960,0.047335
0.098871,-0.041493,0.046755
0.101032,-0.045844,0.045433
0.099595,-0.049142,0.043493
0.093666,-0.051517,0.041060
0.082354,-0.053098,0.038259
0.070307,-0.054943,0.035140
0.058583,-0.057101,0.031574
0.047341,-0.059363,0.027386
0.036739,-0.061522,0.022401
0.026936,-0.063373,0.016444
0.018090,-0.064709,0.009341
0.010360,-0.065323,0.000918
0.003905,-0.065008,-0.009001
-0.001116,-0.063558,-0.020590
-0.005813,-0.062148,-0.031128
-0.010361,-0.060650,-0.039985
-0.014707,-0.058607,-0.047052
-0.018793,-0.055561,-0.052223
-0.022564,-0.051058,-0.055391
-0.025964,-0.044639,-0.056446
-0.028937,-0.035849,-0.055282
-0.031428,-0.024231,-0.051792
-0.033381,-0.009329,-0.045868
-0.034001,0.004848,-0.039237
-0.033290,0.017183,-0.032888
-0.031446,0.027280,-0.027623
-0.028668,0.034747,-0.024248
-0.025153,0.039188,-0.023563
-0.021101,0.040210,-0.026374
-0.016710,0.037418,-0.033482
-0.012179,0.030419,-0.045692
-0.007707,0.018817,-0.063807
-0.003731,0.010380,-0.076747
-0.000317,0.006364,-0.082942
0.002560,0.006402,-0.083199
0.004929,0.010125,-0.078323
0.006816,0.017165,-0.069121
0.008247,0.027153,-0.056400
0.009252,0.039720,-0.040966
0.009855,0.054499,-0.023624
0.010084,0.071120,-0.005182
0.011654,0.087638,0.011163
0.014552,0.103199,0.024773
0.018335,0.117225,0.035648
0.022559,0.129139,0.043787
0.026779,0.138361,0.049191
0.030552,0.144314,0.051860
0.033433,0.146419,0.051794
0.034979,0.144098,0.048994
0.034745,0.136772,0.043460
0.033327,0.127056,0.037067
0.031083,0.115983,0.030391
0.028309,0.104186,0.023678
0.025300,0.092301,0.017177
0.022353,0.080963,0.011134
0.019764,0.070806,0.005799
0.017830,0.062466,0.001419
0.016846,0.056577,-0.001758
0.017110,0.053774,-0.003484
0.017687,0.053253,-0.003304
0.018366,0.054342,-0.001572
0.019117,0.056404,0.001152
0.019907,0.058802,0.004309
0.020706,0.060899,0.007340
0.021483,0.062057,0.009685
0.022206,0.061639,0.010786
0.022846,0.059008,0.010083
0.023370,0.053526,0.007017
0.024273,0.049581,0.002721
0.025478,0.047314,-0.002372
0.026765,0.045807,-0.007999
0.027915,0.044140,-0.013901
0.028706,0.041394,-0.019816
0.028920,0.036651,-0.025484
0.028336,0.028990,-0.030644
0.026735,0.017493,-0.035034
0.023895,0.001241,-0.038395
0.020902,-0.014862,-0.040710
0.018083,-0.029505,-0.042035
0.015577,-0.042271,-0.042439
0.013522,-0.052745,-0.041996
0.012055,-0.060513,-0.040776
0.011317,-0.065159,-0.038850
0.011444,-0.066268,-0.036291
0.012576,-0.063425,-0.033170
0.014851,-0.056214,-0.029559
0.017392,-0.050442,-0.024366
0.020021,-0.046627,-0.017490
0.022735,-0.043965,-0.009074
0.025531,-0.041654,0.000736
0.028406,-0.038891,0.011798
0.031357,-0.034872,0.023966
0.034379,-0.028796,0.037096
0.037472,-0.019857,0.051045
0.040630,-0.007254,0.065667
0.044415,0.006723,0.078772
0.048661,0.021008,0.089598
0.053020,0.034840,0.097742
0.057145,0.047458,0.102798
0.060687,0.058101,0.104365
0.063299,0.066009,0.102038
0.064634,0.070421,0.095414
0.064343,0.070575,0.084087
0.062080,0.065711,0.067656
0.058990,0.056945,0.053540
0.055407,0.045025,0.042957
0.051464,0.030610,0.035572
0.047293,0.014356,0.031053
0.043023,-0.003079,0.029065
0.038789,-0.021037,0.029274
0.034719,-0.038861,0.031347
0.030948,-0.055894,0.034951
0.027605,-0.071479,0.039751
0.024387,-0.082309,0.045421
0.021313,-0.088446,0.051350
0.018484,-0.090793,0.056853
0.016000,-0.090249,0.061247
0.013961,-0.087719,0.063849
0.012469,-0.084103,0.063975
0.011623,-0.080304,0.060941
0.011525,-0.077223,0.054064
0.012274,-0.075763,0.042660
0.012380,-0.078069,0.028862
0.011665,-0.083013,0.013933
0.010281,-0.088652,-0.001084
0.008381,-0.093042,-0.015142
0.006115,-0.094236,-0.027197
0.003636,-0.090291,-0.036203
0.001096,-0.079262,-0.041116
-0.001353,-0.059205,-0.040890
-0.003560,-0.028174,-0.034481
-0.007682,-0.001356,-0.026961
-0.013555,0.018876,-0.019332
-0.020439,0.033354,-0.011575
-0.027591,0.042910,-0.003674
-0.034268,0.048373,0.004389
-0.039729,0.050575,0.012630
-0.043231,0.050347,0.021068
-0.044032,0.048521,0.029720
-0.041390,0.045926,0.038603
-0.037802,0.048225,0.045310
-0.033877,0.055097,0.049584
-0.029749,0.064723,0.051703
-0.025555,0.075286,0.051944
-0.021430,0.084968,0.050585
-0.017508,0.091952,0.047906
-0.013925,0.094420,0.044182
-0.010816,0.090554,0.039694
-0.008318,0.078536,0.034718
-0.005575,0.065197,0.027500
-0.002488,0.052254,0.018168
0.000856,0.040150,0.007324
0.004368,0.029324,-0.004433
0.007961,0.020219,-0.016502
0.011547,0.013274,-0.028283
0.015037,0.008932,-0.039176
0.018344,0.007634,-0.048579
0.021380,0.009820,-0.055893
0.022553,0.012801,-0.062538
0.021951,0.015789,-0.068756
0.020080,0.018473,-0.074499
0.017449,0.020539,-0.079713
0.014564,0.021675,-0.084350
0.011933,0.021568,-0.088358
0.010063,0.019906,-0.091687
0.009462,0.016377,-0.094285
0.010636,0.010667,-0.096102
0.012144,0.009136,-0.095183
0.013607,0.011935,-0.091615
0.014913,0.017664,-0.085998
0.015950,0.024922,-0.078930
0.016607,0.032308,-0.071009
0.016770,0.038422,-0.062836
0.016329,0.041863,-0.055010
0.015171,0.041230,-0.048128
0.013183,0.035123,-0.042790
0.010644,0.026499,-0.038838
0.007733,0.016650,-0.036142
0.004610,0.006449,-0.034575
0.001433,-0.003230,-0.034014
-0.001640,-0.011514,-0.034332
-0.004451,-0.017528,-0.035406
-0.006841,-0.020400,-0.037110
-0.008653,-0.019254,-0.039318
-0.009728,-0.013219,-0.041907
-0.011380,-0.006671,-0.043482
-0.013725,-0.000465,-0.043869
-0.016577,0.005425,-0.043197
-0.019750,0.011028,-0.041597
-0.023058,0.016369,-0.039199
-0.026317,0.021478,-0.036133
-0.029341,0.026379,-0.032529
-0.031944,0.031101,-0.028518
-0.033941,0.035671,-0.024229
-0.035612,0.042108,-0.017913
-0.037232,0.049813,-0.009479
-0.039075,0.057536,0.000747
-0.041415,0.064026,0.012441
-0.044526,0.068030,0.025278
-0.048680,0.068297,0.038932
-0.054154,0.063576,0.053081
-0.061219,0.052616,0.067397
-0.070151,0.034165,0.081557
-0.078091,0.016971,0.091286
-0.084603,0.002538,0.096236
-0.089853,-0.009441,0.097040
-0.094010,-0.019274,0.094331
-0.097241,-0.027269,0.088743
-0.099713,-0.033734,0.080907
-0.101594,-0.038976,0.071459
-0.103052,-0.043304,0.061029
-0.104253,-0.047024,0.050253
-0.104620,-0.048988,0.040850
-0.104293,-0.049147,0.032957
-0.103595,-0.047729,0.026312
-0.102846,-0.044962,0.020655
-0.102368,-0.041075,0.015726
-0.102482,-0.036294,0.011263
-0.103510,-0.030848,0.007006
-0.105772,-0.024965,0.002695
-0.109591,-0.018872,-0.001933
-0.113850,-0.013935,-0.007099
-0.118099,-0.010609,-0.012506
-0.122049,-0.009123,-0.017725
-0.125415,-0.009705,-0.022327
-0.127909,-0.012583,-0.025885
-0.129246,-0.017986,-0.027968
-0.129139,-0.026141,-0.028149
-0.127301,-0.037278,-0.025998
-0.123445,-0.051624,-0.021087
-0.117342,-0.063346,-0.016975
-0.109425,-0.071431,-0.013899
-0.100292,-0.076075,-0.011267
-0.090544,-0.077470,-0.008485
-0.080777,-0.075811,-0.004962
-0.071592,-0.071292,-0.000106
-0.063587,-0.064107,0.006677
-0.057361,-0.054449,0.015978
-0.053513,-0.042513,0.028391
-0.047725,-0.032921,0.041255
-0.039786,-0.026411,0.053607
-0.030513,-0.022750,0.064906
-0.020722,-0.021705,0.074612
-0.011229,-0.023043,0.082185
-0.002852,-0.026530,0.087083
0.003593,-0.031934,0.088768
0.007290,-0.039022,0.086698
0.007423,-0.047559,0.080333
0.003955,-0.055331,0.075340
-0.002162,-0.061666,0.072622
-0.009727,-0.066282,0.071892
-0.017542,-0.068894,0.072865
-0.024407,-0.069218,0.075253
-0.029124,-0.066970,0.078768
-0.030492,-0.061867,0.083125
-0.027313,-0.053625,0.088037
-0.018388,-0.041960,0.093216
-0.007956,-0.032206,0.093618
0.003061,-0.025362,0.089004
0.014570,-0.021338,0.080334
0.026477,-0.020046,0.068566
0.038691,-0.021398,0.054661
0.051118,-0.025307,0.039580
0.063664,-0.031683,0.024281
0.076238,-0.040439,0.009726
0.088747,-0.051487,-0.003126
0.101279,-0.062743,-0.011789
0.113493,-0.073756,-0.016553
0.124935,-0.084487,-0.018404
0.135156,-0.094897,-0.018329
0.143703,-0.104944,-0.017312
0.150125,-0.114589,-0.016339
0.153969,-0.123791,-0.016395
0.154785,-0.132510,-0.018467
0.152122,-0.140707,-0.023539
0.147927,-0.146168,-0.031699
0.142541,-0.148891,-0.042272
0.135897,-0.149430,-0.054393
0.127932,-0.148336,-0.067198
0.118579,-0.146160,-0.079821
0.107775,-0.143454,-0.091399
0.095453,-0.140770,-0.101066
0.081550,-0.138661,-0.107957
0.066000,-0.137677,-0.111208
0.052956,-0.135683,-0.113044
0.042895,-0.132361,-0.114059
0.035374,-0.127848,-0.114444
0.029952,-0.122279,-0.114387
0.026187,-0.115790,-0.114075
0.023637,-0.108518,-0.113698
0.021860,-0.100599,-0.113445
0.020414,-0.092169,-0.113505
0.018857,-0.083364,-0.114064
0.017185,-0.077549,-0.111143
0.015379,-0.074816,-0.104380
0.013415,-0.074439,-0.094323
0.011271,-0.075694,-0.081518
0.008924,-0.077854,-0.066513
0.006351,-0.080194,-0.049854
0.003529,-0.081989,-0.032087
0.000435,-0.082513,-0.013761
-0.002953,-0.081040,0.004580
-0.006493,-0.078984,0.020828
-0.009975,-0.076544,0.034520
-0.013172,-0.073610,0.045600
-0.015859,-0.070077,0.054016
-0.017808,-0.065836,0.059711
-0.018793,-0.060780,0.062632
-0.018587,-0.054802,0.062724
-0.016964,-0.047794,0.059933
-0.013697,-0.039649,0.054204
-0.010393,-0.031052,0.046739
-0.007479,-0.022155,0.038318
-0.005088,-0.012979,0.029620
-0.003353,-0.003543,0.021321
-0.002405,0.006133,0.014099
-0.002378,0.016030,0.008631
-0.003403,0.026129,0.005593
-0.005615,0.036409,0.005663
-0.009145,0.046851,0.009518
-0.012304,0.056016,0.015121
-0.014749,0.063361,0.021869
-0.016471,0.068564,0.029518
-0.017464,0.071304,0.037823
-0.017720,0.071259,0.046541
-0.017233,0.068109,0.055427
-0.015995,0.061531,0.064238
-0.013999,0.051206,0.072729
-0.011237,0.036811,0.080657
-0.010214,0.023129,0.087233
-0.010797,0.011352,0.091891
-0.012190,0.001772,0.094121
-0.013603,-0.005318,0.093412
-0.014240,-0.009624,0.089253
-0.013310,-0.010853,0.081132
-0.010019,-0.008712,0.068540
-0.003574,-0.002908,0.050964
0.006819,0.006852,0.027894
0.018322,0.015071,0.007820
0.030238,0.020746,-0.008171
0.042403,0.023996,-0.020844
0.054655,0.024942,-0.030962
0.066828,0.023703,-0.039291
0.078761,0.020399,-0.046593
0.090289,0.015150,-0.053634
0.101250,0.008076,-0.061178
0.111480,-0.000703,-0.069988
0.118201,-0.009250,-0.077653
0.121739,-0.017187,-0.083603
0.123195,-0.024525,-0.087727
0.123669,-0.031279,-0.089915
0.124263,-0.037459,-0.090055
0.126076,-0.043080,-0.088039
0.130209,-0.048153,-0.083755
0.137764,-0.052691,-0.077094
0.149841,-0.056706,-0.067944
0.161508,-0.057104,-0.059987
0.171517,-0.053674,-0.053927
0.179539,-0.046928,-0.049723
0.185245,-0.037378,-0.047335
0.188307,-0.025537,-0.046720
0.188397,-0.011916,-0.047839
0.185186,0.002974,-0.050651
0.178345,0.018619,-0.055115
0.167546,0.034509,-0.061191
0.158322,0.047765,-0.064979
0.151620,0.057710,-0.066290
0.147244,0.064213,-0.065863
0.144998,0.067145,-0.064434
0.144685,0.066375,-0.062740
0.146107,0.061775,-0.061520
0.149069,0.053215,-0.061511
0.153374,0.040564,-0.063451
0.158824,0.023694,-0.068076
0.159378,0.006566,-0.072305
0.154658,-0.009947,-0.075385
0.145700,-0.025743,-0.077147
0.133541,-0.040722,-0.077422
0.119220,-0.054783,-0.076042
0.103772,-0.067827,-0.072836
0.088236,-0.079752,-0.067636
0.073648,-0.090458,-0.060272
0.061047,-0.099843,-0.050576
0.049835,-0.106145,-0.039298
0.039752,-0.109724,-0.027046
0.030622,-0.111475,-0.014398
0.022267,-0.112292,-0.001928
0.014511,-0.113068,0.009790
0.007177,-0.114698,0.020179
0.000087,-0.118075,0.028664
-0.006935,-0.124092,0.034671
-0.014065,-0.133645,0.037625
-0.018928,-0.144520,0.040624
-0.021281,-0.155606,0.043995
-0.021416,-0.166065,0.047369
-0.019626,-0.175059,0.050378
-0.016203,-0.181751,0.052654
-0.011439,-0.185305,0.053828
-0.005627,-0.184881,0.053532
0.000942,-0.179643,0.051398
0.007975,-0.168753,0.047057
0.014571,-0.158049,0.041505
0.020546,-0.148410,0.035042
0.025898,-0.139472,0.027792
0.030623,-0.130876,0.019879
0.034716,-0.122258,0.011429
0.038176,-0.113259,0.002564
0.040998,-0.103515,-0.006589
0.043179,-0.092666,-0.015907
0.044716,-0.080350,-0.025265
0.043953,-0.068596,-0.033465
0.041241,-0.057665,-0.040474
0.037429,-0.047379,-0.046555
0.033369,-0.037558,-0.051967
0.029911,-0.028023,-0.056971
0.027904,-0.018594,-0.061828
0.028201,-0.009091,-0.066799
0.031650,0.000664,-0.072144
0.039103,0.010852,-0.078123
0.046330,0.018513,-0.080890
0.052527,0.023395,-0.080219
0.057746,0.025923,-0.076792
0.062039,0.026520,-0.071291
0.065459,0.025611,-0.064395
0.068058,0.023621,-0.056788
0.069887,0.020972,-0.049149
0.070999,0.018091,-0.042161
0.071446,0.015400,-0.036505
0.071875,0.013670,-0.031952
0.072162,0.012873,-0.028179
0.071994,0.012786,-0.024843
0.071055,0.013182,-0.021598
0.069029,0.013837,-0.018100
0.065604,0.014525,-0.014005
0.060462,0.015022,-0.008968
0.053291,0.015102,-0.002644
0.043773,0.014539,0.005312
0.035773,0.016858,0.010151
0.029989,0.021884,0.011339
0.026328,0.028517,0.009400
0.024700,0.035661,0.004855
0.025013,0.042214,-0.001773
0.027175,0.047080,-0.009963
0.031094,0.049158,-0.019193
0.036678,0.047350,-0.028940
0.043836,0.040557,-0.038682
0.048651,0.031548,-0.044949
0.050612,0.021299,-0.047277
0.050062,0.010341,-0.045957
0.047343,-0.000797,-0.041278
0.042796,-0.011584,-0.033533
0.036764,-0.021491,-0.023010
0.029589,-0.029988,-0.009999
0.021611,-0.036544,0.005208
0.013175,-0.040630,0.022321
0.006967,-0.039667,0.038021
0.003005,-0.034554,0.051438
0.000641,-0.027055,0.062320
-0.000776,-0.018938,0.070410
-0.001894,-0.011969,0.075455
-0.003363,-0.007914,0.077200
-0.005832,-0.008539,0.075390
-0.009951,-0.015611,0.069772
-0.016368,-0.030896,0.060091
-0.024863,-0.045265,0.053482
-0.035067,-0.056855,0.050900
-0.046578,-0.065620,0.051750
-0.058992,-0.071514,0.055441
-0.071907,-0.074490,0.061378
-0.084919,-0.074503,0.068970
-0.097626,-0.071507,0.077624
-0.109625,-0.065456,0.086746
-0.120511,-0.056303,0.095743
-0.130423,-0.043817,0.102745
-0.139130,-0.028767,0.107267
-0.146307,-0.012170,0.109173
-0.151632,0.004957,0.108326
-0.154782,0.021594,0.104590
-0.155432,0.036725,0.097828
-0.153259,0.049331,0.087905
-0.147941,0.058395,0.074683
-0.139153,0.062899,0.058026
-0.131086,0.067108,0.044310
-0.124796,0.071514,0.033935
-0.120555,0.075668,0.025809
-0.118636,0.079121,0.018838
-0.119310,0.081423,0.011930
-0.122851,0.082124,0.003992
-0.129530,0.080775,-0.006070
-0.139619,0.076926,-0.019348
-0.153392,0.070127,-0.036935
-0.164638,0.060887,-0.055285
-0.172329,0.049619,-0.073158
-0.176733,0.036711,-0.089887
-0.178118,0.022551,-0.104809
-0.176751,0.007529,-0.117258
-0.172900,-0.007968,-0.126569
-0.166833,-0.023550,-0.132076
-0.158818,-0.038830,-0.133115
-0.149121,-0.053418,-0.129021
-0.143557,-0.065146,-0.123123
-0.142126,-0.074170,-0.116095
-0.143380,-0.081226,-0.107946
-0.145868,-0.087052,-0.098686
-0.148139,-0.092385,-0.088325
-0.148744,-0.097962,-0.076871
-0.146232,-0.104519,-0.064335
-0.139154,-0.112794,-0.050727
-0.126059,-0.123524,-0.036055
-0.114736,-0.131533,-0.026234
-0.106174,-0.136280,-0.021160
-0.099661,-0.138380,-0.019224
-0.094487,-0.138450,-0.018816
-0.089939,-0.137107,-0.018327
-0.085308,-0.134965,-0.016150
-0.079881,-0.132642,-0.010674
-0.072947,-0.130753,-0.000290
-0.063795,-0.129915,0.016610
-0.049771,-0.128221,0.034010
-0.031584,-0.125232,0.050406
-0.010783,-0.120878,0.065418
0.011084,-0.115086,0.078671
0.032468,-0.107787,0.089787
0.051820,-0.098909,0.098388
0.067593,-0.088380,0.104097
0.078236,-0.076130,0.106536
0.082201,-0.062087,0.105328
0.082942,-0.049611,0.102741
0.081512,-0.039170,0.099040
0.078365,-0.030509,0.093993
0.073955,-0.023373,0.087366
0.068736,-0.017505,0.078927
0.063163,-0.012652,0.068440
0.057690,-0.008558,0.055674
0.052770,-0.004968,0.040395
0.048858,-0.001627,0.022368
0.045809,0.000663,0.000509
0.043514,0.002088,-0.023264
0.041878,0.003084,-0.046279
0.040803,0.004085,-0.065863
0.040191,0.005526,-0.079346
0.039946,0.007841,-0.084056
0.039971,0.011466,-0.077321
0.040167,0.016835,-0.056470
0.040439,0.024383,-0.018831
0.042008,0.029034,0.016325
0.044741,0.030313,0.045118
0.048165,0.028890,0.067519
0.051809,0.025439,0.083495
0.055199,0.020632,0.093016
0.057863,0.015142,0.096052
0.059329,0.009640,0.092571
0.059124,0.004800,0.082543
0.056776,0.001294,0.065937
0.055271,0.000124,0.051888
0.054896,0.001157,0.042166
0.055262,0.003977,0.036696
0.055983,0.008168,0.035406
0.056670,0.013313,0.038220
0.056937,0.018996,0.045066
0.056395,0.024799,0.055871
0.054656,0.030307,0.070560
0.051333,0.035102,0.089060
0.046392,0.037886,0.103763
0.040257,0.038871,0.113597
0.033464,0.038647,0.119129
0.026554,0.037806,0.120921
0.020063,0.036938,0.119540
0.014529,0.036633,0.115550
0.010491,0.037483,0.109515
0.008487,0.040079,0.102001
0.009055,0.045010,0.093571
0.011710,0.054734,0.083942
0.015937,0.068192,0.073485
0.021212,0.083443,0.062735
0.027013,0.098551,0.052227
0.032815,0.111575,0.042499
0.038096,0.120576,0.034084
0.042333,0.123617,0.027519
0.045002,0.118758,0.023339
0.045580,0.104061,0.022079
0.043717,0.088536,0.019958
0.039714,0.074321,0.016677
0.034037,0.061838,0.012812
0.027151,0.051507,0.008937
0.019520,0.043748,0.005626
0.011610,0.038982,0.003454
0.003885,0.037631,0.002996
-0.003188,0.040113,0.004826
-0.009145,0.046851,0.009518
-0.013769,0.056043,0.014042
-0.017260,0.066669,0.017928
-0.019923,0.077901,0.021347
-0.022061,0.088912,0.024469
-0.023979,0.098874,0.027465
-0.025981,0.106960,0.030505
-0.028372,0.112342,0.033761
-0.031456,0.114193,0.037402
-0.035537,0.111686,0.041599
-0.038260,0.107998,0.046214
-0.039476,0.103588,0.050934
-0.039591,0.098233,0.055404
-0.039007,0.091711,0.059268
-0.038128,0.083802,0.062171
-0.037360,0.074283,0.063756
-0.037106,0.062932,0.063668
-0.037770,0.049529,0.061550
-0.039756,0.033850,0.057049
-0.042905,0.017948,0.051018
-0.046558,0.002358,0.043913
-0.049927,-0.012767,0.036086
-0.052227,-0.027273,0.027890
-0.052671,-0.041003,0.019678
-0.050472,-0.053805,0.011804
-0.044845,-0.065523,0.004619
-0.035003,-0.076004,-0.001522
-0.020160,-0.085091,-0.006267
-0.007099,-0.091896,-0.010694
0.002925,-0.096284,-0.014980
0.010041,-0.098312,-0.019076
0.014380,-0.098037,-0.022932
0.016068,-0.095515,-0.026500
0.015236,-0.090803,-0.029729
0.012013,-0.083955,-0.032572
0.006527,-0.075030,-0.034977
-0.001093,-0.064084,-0.036897
-0.007796,-0.056461,-0.037773
-0.013130,-0.052209,-0.037660
-0.017293,-0.050053,-0.036767
-0.020481,-0.048715,-0.035305
-0.022892,-0.046920,-0.033482
-0.024723,-0.043390,-0.031508
-0.026172,-0.036848,-0.029593
-0.027436,-0.026019,-0.027945
-0.028712,-0.009626,-0.026774
-0.028565,0.006381,-0.026514
-0.027078,0.020788,-0.026766
-0.024713,0.033562,-0.026924
-0.021935,0.044672,-0.026382
-0.019206,0.054087,-0.024534
-0.016988,0.061773,-0.020775
-0.015746,0.067701,-0.014498
-0.015941,0.071837,-0.005097
-0.018036,0.074152,0.008033
-0.019143,0.074285,0.019606
-0.018741,0.072496,0.028539
-0.016906,0.069193,0.034801
-0.013711,0.064788,0.038361
-0.009229,0.059691,0.039185
-0.003536,0.054312,0.037244
0.003297,0.049062,0.032505
0.011193,0.044351,0.024937
0.020081,0.040590,0.014509
0.026393,0.038349,0.005689
0.029968,0.037320,-0.000383
0.031491,0.036980,-0.003401
0.031650,0.036801,-0.003059
0.031132,0.036259,0.000951
0.030624,0.034828,0.008935
0.030813,0.031983,0.021199
0.032386,0.027198,0.038049
0.036031,0.019948,0.059793
0.039749,0.014879,0.081186
0.042987,0.012640,0.101105
0.045555,0.012880,0.119457
0.047262,0.015245,0.136149
0.047916,0.019385,0.151089
0.047326,0.024947,0.164183
0.045302,0.031580,0.175337
0.041652,0.038932,0.184460
0.036185,0.046650,0.191458
0.033171,0.051845,0.196186
0.032801,0.054564,0.198812
0.034250,0.055590,0.199584
0.036689,0.055705,0.198750
0.039293,0.055691,0.196556
0.041232,0.056332,0.193249
0.041682,0.058410,0.189078
0.039813,0.062707,0.184289
0.034801,0.070006,0.179130
0.029606,0.078879,0.173858
0.024807,0.088307,0.168322
0.020385,0.097375,0.162270
0.016322,0.105165,0.155447
0.012599,0.110762,0.147602
0.009197,0.113249,0.138481
0.006097,0.111709,0.127830
0.003281,0.105227,0.115397
0.000731,0.092885,0.100929
-0.000099,0.080020,0.087188
0.000964,0.067713,0.074498
0.003769,0.055980,0.062572
0.008166,0.044839,0.051126
0.014008,0.034307,0.039871
0.021142,0.024399,0.028522
0.029421,0.015135,0.016792
0.038694,0.006529,0.004395
0.048812,-0.001400,-0.008955
0.056536,-0.008914,-0.023357
0.061391,-0.016177,-0.038156
0.063591,-0.023331,-0.052503
0.063349,-0.030516,-0.065553
0.060881,-0.037872,-0.076460
0.056401,-0.045541,-0.084376
0.050122,-0.053662,-0.088455
0.042259,-0.062376,-0.087852
0.033026,-0.071823,-0.081719
0.023869,-0.080735,-0.072491
0.015401,-0.088497,-0.060833
0.008026,-0.094663,-0.046965
0.002147,-0.098782,-0.031108
-0.001830,-0.100408,-0.013484
-0.003501,-0.099091,0.005687
-0.002463,-0.094383,0.026183
0.001690,-0.085836,0.047784
0.009361,-0.073002,0.070268
0.016503,-0.060837,0.088433
0.022350,-0.050268,0.101775
0.026960,-0.041211,0.110965
0.030386,-0.033584,0.116672
0.032683,-0.027304,0.119567
0.033909,-0.022290,0.120321
0.034117,-0.018458,0.119602
0.033364,-0.015727,0.118083
0.031704,-0.014013,0.116432
0.030666,-0.010964,0.116338
0.030405,-0.006081,0.117255
0.030736,0.000673,0.118079
0.031474,0.009336,0.117707
0.032431,0.019945,0.115032
0.033422,0.032537,0.108953
0.034262,0.047149,0.098364
0.034764,0.063818,0.082162
0.034741,0.082581,0.059242
0.034592,0.096503,0.037131
0.034621,0.104887,0.017406
0.035113,0.108595,0.000158
0.036353,0.108487,-0.014524
0.038625,0.105424,-0.026551
0.042214,0.100268,-0.035833
0.047404,0.093881,-0.042279
0.054479,0.087123,-0.045801
0.063725,0.080857,-0.046309
0.072443,0.076641,-0.043970
0.079972,0.074345,-0.039251
0.086156,0.073417,-0.032695
0.090842,0.073302,-0.024845
0.093877,0.073447,-0.016243
0.095105,0.073299,-0.007432
0.094374,0.072306,0.001046
0.091528,0.069912,0.008648
0.086414,0.065566,0.014832
0.081154,0.059494,0.021382
0.076448,0.052173,0.027988
0.072642,0.044143,0.033820
0.070079,0.035943,0.038047
0.069106,0.028112,0.039837
0.070067,0.021190,0.038361
0.073307,0.015716,0.032785
0.079172,0.012230,0.022280
0.088005,0.011271,0.006015
0.097452,0.012559,-0.005527
0.106785,0.015731,-0.010704
0.115681,0.020401,-0.010082
0.123817,0.026185,-0.004231
0.130870,0.032699,0.006281
0.136518,0.039556,0.020887
0.140438,0.046374,0.039018
0.142307,0.052766,0.060106
0.141804,0.058348,0.083582
0.140861,0.063573,0.103756
0.139904,0.067994,0.119950
0.138975,0.070940,0.132744
0.138119,0.071739,0.142715
0.137382,0.069720,0.150443
0.136808,0.064210,0.156505
0.136441,0.054538,0.161480
0.136326,0.040032,0.165947
0.136508,0.020022,0.170483
0.134140,0.002515,0.174169
0.129147,-0.011511,0.176742
0.122148,-0.022833,0.178105
0.113761,-0.032232,0.178159
0.104604,-0.040485,0.176807
0.095296,-0.048373,0.173951
0.086455,-0.056673,0.169493
0.078699,-0.066164,0.163336
0.072648,-0.077626,0.155382
0.066849,-0.088208,0.146377
0.061094,-0.097139,0.136555
0.055487,-0.104165,0.126022
0.050129,-0.109035,0.114881
0.045122,-0.111493,0.103238
0.040569,-0.111289,0.091198
0.036573,-0.108169,0.078867
0.033235,-0.101880,0.066348
0.030659,-0.092168,0.053748
0.029543,-0.082539,0.040093
0.029945,-0.073626,0.025489
0.031757,-0.065348,0.010313
0.034876,-0.057622,-0.005061
0.039196,-0.050367,-0.020257
0.044612,-0.043500,-0.034901
0.051018,-0.036940,-0.048615
0.058309,-0.030605,-0.061026
0.066381,-0.024412,-0.071758
0.072153,-0.018801,-0.077067
0.075291,-0.013765,-0.076994
0.076145,-0.009183,-0.072525
0.075068,-0.004935,-0.064645
0.072410,-0.000901,-0.054339
0.068521,0.003039,-0.042594
0.063754,0.007004,-0.030395
0.058459,0.011115,-0.018728
0.052987,0.015493,-0.008578
0.048239,0.022190,-0.000979
0.044251,0.030522,0.003962
0.040842,0.039120,0.006369
0.037832,0.046614,0.006367
0.035042,0.051633,0.004079
0.032290,0.052810,-0.000371
0.029398,0.048773,-0.006858
0.026185,0.038154,-0.015258
0.022470,0.019583,-0.025447
0.017321,0.001978,-0.034790
0.010897,-0.012662,-0.042657
0.003631,-0.024065,-0.048924
-0.004042,-0.031960,-0.053464
-0.011692,-0.036076,-0.056152
-0.018883,-0.036142,-0.056862
-0.025184,-0.031886,-0.055469
-0.030161,-0.023039,-0.051846
-0.033381,-0.009329,-0.045868
-0.036084,0.001404,-0.040355
-0.038506,0.008035,-0.035969
-0.040633,0.011121,-0.032827
-0.042451,0.011219,-0.031050
-0.043944,0.008884,-0.030756
-0.045098,0.004674,-0.032065
-0.045898,-0.000856,-0.035097
-0.046330,-0.007149,-0.039970
-0.046379,-0.013648,-0.046805
-0.049040,-0.018519,-0.054487
-0.054366,-0.021444,-0.062198
-0.061674,-0.022487,-0.069193
-0.070281,-0.021710,-0.074728
-0.079505,-0.019176,-0.078057
-0.088664,-0.014949,-0.078436
-0.097073,-0.009091,-0.075119
-0.104052,-0.001665,-0.067362
-0.108916,0.007267,-0.054419
-0.112543,0.019381,-0.040737
-0.114994,0.034203,-0.027456
-0.116124,0.050722,-0.014897
-0.115793,0.067925,-0.003375
-0.113855,0.084800,0.006791
-0.110170,0.100335,0.015283
-0.104593,0.113519,0.021785
-0.096982,0.123338,0.025977
-0.087194,0.128782,0.027543
-0.078606,0.130872,0.029312
-0.071611,0.130169,0.031667
-0.065853,0.127117,0.034377
-0.060979,0.122160,0.037209
-0.056635,0.115743,0.039933
-0.052466,0.108311,0.042317
-0.048119,0.100307,0.044131
-0.043239,0.092176,0.045144
-0.037472,0.084362,0.045124
-0.032657,0.075051,0.044288
-0.028979,0.064136,0.042851
-0.026211,0.051935,0.041025
-0.024125,0.038769,0.039024
-0.022493,0.024958,0.037062
-0.021088,0.010822,0.035352
-0.019682,-0.003321,0.034107
-0.018046,-0.017150,0.033542
-0.015953,-0.030346,0.033868
-0.013867,-0.040716,0.034147
-0.011845,-0.047802,0.034053
-0.009842,-0.051575,0.033418
-0.007815,-0.052008,0.032071
-0.005720,-0.049073,0.029842
-0.003512,-0.042743,0.026561
-0.001147,-0.032991,0.022059
0.001418,-0.019789,0.016166
0.004228,-0.003109,0.008711
0.006761,0.010497,0.001210
0.009035,0.020060,-0.005839
0.011203,0.026007,-0.012190
0.013420,0.028763,-0.017598
0.015838,0.028755,-0.021818
0.018613,0.026410,-0.024606
0.021896,0.022152,-0.025716
0.025843,0.016409,-0.024903
0.030607,0.009606,-0.021923
0.032828,0.000914,-0.021332
0.032468,-0.009305,-0.022978
0.030320,-0.020387,-0.025531
0.027174,-0.031671,-0.027659
0.023823,-0.042493,-0.028031
0.021059,-0.052193,-0.025316
0.019672,-0.060106,-0.018184
0.020455,-0.065571,-0.005304
0.024200,-0.067925,0.014655
0.028175,-0.070222,0.030090
0.031538,-0.072735,0.039852
0.033921,-0.075041,0.045400
0.034954,-0.076718,0.048197
0.034268,-0.077343,0.049706
0.031496,-0.076493,0.051387
0.026267,-0.073747,0.054703
0.018214,-0.068682,0.061116
0.006967,-0.060876,0.072087
-0.002757,-0.051746,0.083928
-0.010310,-0.042128,0.095272
-0.016063,-0.032708,0.105333
-0.020386,-0.024175,0.113324
-0.023652,-0.017214,0.118458
-0.026231,-0.012513,0.119949
-0.028493,-0.010760,0.117010
-0.030810,-0.012642,0.108855
-0.033551,-0.018847,0.094697
-0.037506,-0.026080,0.077775
-0.042346,-0.033101,0.060105
-0.047466,-0.039182,0.043396
-0.052260,-0.043598,0.029358
-0.056124,-0.045620,0.019701
-0.058451,-0.044522,0.016136
-0.058635,-0.039576,0.020371
-0.056073,-0.030056,0.034118
-0.050157,-0.015234,0.059085
-0.042863,-0.001285,0.083365
-0.034875,0.010618,0.104401
-0.026556,0.020553,0.121973
-0.018267,0.028600,0.135864
-0.010372,0.034837,0.145854
-0.003231,0.039344,0.151726
0.002793,0.042197,0.153260
0.007337,0.043478,0.150237
0.010040,0.043263,0.142440
0.011542,0.044402,0.129585
0.012255,0.047092,0.112401
0.012532,0.050864,0.091871
0.012729,0.055253,0.068975
0.013199,0.059791,0.044697
0.014298,0.064011,0.020018
0.016378,0.067445,-0.004081
0.019794,0.069628,-0.026617
0.024901,0.070091,-0.046608
0.029845,0.066141,-0.059972
0.034392,0.058194,-0.066738
0.038713,0.047446,-0.067967
0.042977,0.035092,-0.064719
0.047356,0.022326,-0.058052
0.052019,0.010345,-0.049027
0.057138,0.000342,-0.038703
0.062882,-0.006486,-0.028140
0.069423,-0.008944,-0.018397
0.072335,-0.011034,-0.007366
0.071180,-0.013466,0.004430
0.066519,-0.016126,0.015808
0.058911,-0.018901,0.025586
0.048916,-0.021678,0.032582
0.037094,-0.024344,0.035614
0.024004,-0.026785,0.033499
0.010206,-0.028888,0.025055
-0.003741,-0.030541,0.009101
-0.018905,-0.030350,-0.008664
-0.035126,-0.028225,-0.026444
-0.051937,-0.024397,-0.043422
-0.068867,-0.019100,-0.058778
-0.085450,-0.012567,-0.071696
-0.101216,-0.005032,-0.081356
-0.115696,0.003273,-0.086941
-0.128423,0.012114,-0.087632
-0.138928,0.021258,-0.082611
-0.143793,0.031288,-0.072919
-0.143106,0.041820,-0.059245
-0.137830,0.052224,-0.042191
-0.128927,0.061871,-0.022359
-0.117361,0.070132,-0.000350
-0.104095,0.076380,0.023233
-0.090092,0.079984,0.047790
-0.076315,0.080317,0.072717
-0.063728,0.076750,0.097415
-0.051672,0.069247,0.118841
-0.040317,0.058560,0.136446
-0.030037,0.045632,0.150303
-0.021205,0.031411,0.160485
-0.014198,0.016843,0.167067
-0.009388,0.002872,0.170121
-0.007151,-0.009555,0.169721
-0.007861,-0.019491,0.165940
-0.011892,-0.025993,0.158851
-0.016872,-0.032097,0.152547
-0.022142,-0.038048,0.147438
-0.027471,-0.043391,0.143014
-0.032630,-0.047669,0.138764
-0.037390,-0.050429,0.134178
-0.041519,-0.051213,0.128744
-0.044788,-0.049568,0.121954
-0.046967,-0.045038,0.113296
-0.047826,-0.037166,0.102260
-0.046555,-0.032301,0.092276
-0.043050,-0.031165,0.083697
-0.037381,-0.033071,0.076103
-0.029621,-0.037336,0.069077
-0.019841,-0.043274,0.062199
-0.008112,-0.050201,0.055053
0.005495,-0.057432,0.047218
0.020908,-0.064281,0.038277
0.038055,-0.070065,0.027811
0.050515,-0.071020,0.018477
0.057540,-0.067169,0.011211
0.059803,-0.059480,0.006523
0.057975,-0.048923,0.004918
0.052729,-0.036467,0.006906
0.044737,-0.023082,0.012995
0.034670,-0.009735,0.023692
0.023201,0.002602,0.039505
0.011002,0.012962,0.060943
0.001548,0.019165,0.079984
-0.004669,0.021459,0.095406
-0.007906,0.020701,0.107686
-0.008417,0.017744,0.117300
-0.006457,0.013446,0.124724
-0.002281,0.008660,0.130435
0.003855,0.004242,0.134909
0.011697,0.001048,0.138623
0.020989,-0.000067,0.142053
0.029995,-0.002096,0.143303
0.038125,-0.005364,0.142162
0.045078,-0.009528,0.138844
0.050550,-0.014247,0.133562
0.054239,-0.019177,0.126527
0.055843,-0.023978,0.117952
0.055060,-0.028305,0.108049
0.051587,-0.031818,0.097031
0.045122,-0.034175,0.085111
0.037800,-0.038488,0.075417
0.030315,-0.044885,0.068169
0.023003,-0.052742,0.062853
0.016201,-0.061437,0.058960
0.010243,-0.070348,0.055978
0.005465,-0.078853,0.053397
0.002203,-0.086329,0.050704
0.000793,-0.092154,0.047390
0.001569,-0.095706,0.042942
0.003711,-0.095796,0.039973
0.006897,-0.092550,0.038422
0.010935,-0.086419,0.037557
0.015629,-0.077855,0.036651
0.020786,-0.067311,0.034973
0.026210,-0.055238,0.031793
0.031707,-0.042089,0.026383
0.037084,-0.028316,0.018013
0.042145,-0.014371,0.005952
0.045561,-0.006101,-0.005229
0.046876,-0.003128,-0.014619
0.045848,-0.003516,-0.022220
0.042239,-0.005330,-0.028035
0.035807,-0.006634,-0.032068
0.026315,-0.005493,-0.034320
0.013521,0.000030,-0.034796
-0.002814,0.011870,-0.033497
-0.022931,0.031962,-0.030427
-0.041543,0.050169,-0.023160
-0.057386,0.064981,-0.011865
-0.070198,0.077044,0.002642
-0.079719,0.087006,0.019546
-0.085688,0.095514,0.038029
-0.087845,0.103214,0.057277
-0.085928,0.110754,0.076474
-0.079677,0.118781,0.094802
-0.068830,0.127941,0.111447
-0.057287,0.134744,0.126304
-0.045676,0.138364,0.139221
-0.033814,0.138638,0.150033
-0.021513,0.135404,0.158577
-0.008588,0.128500,0.164687
0.005147,0.117764,0.168200
0.019878,0.103034,0.168950
0.035791,0.084149,0.166774
0.053070,0.060945,0.161507
0.065778,0.038492,0.153513
0.073439,0.018352,0.143242
0.076943,0.001208,0.131172
0.077183,-0.012253,0.117775
0.075049,-0.021347,0.103528
0.071433,-0.025390,0.088905
0.067226,-0.023697,0.074381
0.063319,-0.015582,0.060431
0.060603,-0.000362,0.047529
0.058323,0.019273,0.037235
0.056293,0.041283,0.029590
0.054472,0.063788,0.024260
0.052817,0.084911,0.020908
0.051288,0.102774,0.019200
0.049841,0.115499,0.018798
0.048436,0.121207,0.019368
0.047030,0.118020,0.020574
0.045580,0.104061,0.022079
0.044328,0.085905,0.020034
0.042851,0.066252,0.014528
0.040565,0.046829,0.006640
0.036884,0.029366,-0.002554
0.031222,0.015592,-0.011978
0.022996,0.007236,-0.020554
0.011618,0.006026,-0.027205
-0.003495,0.013692,-0.030855
-0.022931,0.031962,-0.030427
-0.039004,0.050573,-0.028178
-0.050502,0.067380,-0.024741
-0.057826,0.082267,-0.020342
-0.061380,0.095117,-0.015207
-0.061567,0.105816,-0.009562
-0.058789,0.114247,-0.003633
-0.053451,0.120293,0.002355
-0.045954,0.123840,0.008176
-0.036702,0.124771,0.013603
-0.028156,0.119538,0.016365
-0.020690,0.108303,0.016431
-0.014153,0.092154,0.014330
-0.008395,0.072182,0.010590
-0.003265,0.049476,0.005741
0.001386,0.025127,0.000310
0.005708,0.000223,-0.005173
0.009852,-0.024146,-0.010180
0.013968,-0.046890,-0.014182
0.017846,-0.070170,-0.017525
0.021437,-0.093554,-0.020539
0.024734,-0.115961,-0.023554
0.027728,-0.136314,-0.026896
0.030411,-0.153532,-0.030894
0.032774,-0.166535,-0.035876
0.034809,-0.174245,-0.042169
0.036508,-0.175582,-0.050101
0.037862,-0.169466,-0.060000
0.036397,-0.162414,-0.068379
0.032251,-0.155268,-0.074577
0.026219,-0.147452,-0.078644
0.019093,-0.138392,-0.080629
0.011667,-0.127511,-0.080581
0.004733,-0.114235,-0.078549
-0.000914,-0.097986,-0.074581
-0.004482,-0.078190,-0.068727
-0.005177,-0.054271,-0.061035
-0.004923,-0.031618,-0.052540
-0.004143,-0.010995,-0.043510
-0.002890,0.007991,-0.034023
-0.001215,0.025733,-0.024158
0.000830,0.042624,-0.013993
0.003194,0.059057,-0.003607
0.005826,0.075424,0.006923
0.008675,0.092119,0.017518
0.011689,0.109535,0.028101
0.014744,0.128292,0.036407
0.017532,0.146922,0.042246
0.019698,0.163432,0.045947
0.020885,0.175833,0.047838
0.020738,0.182134,0.048248
0.018901,0.180342,0.047504
0.015019,0.168468,0.045936
0.008735,0.144520,0.043871
-0.000305,0.106507,0.041638
-0.010250,0.072614,0.037505
-0.020461,0.045656,0.031735
-0.030603,0.024610,0.025090
-0.040343,0.008449,0.018331
-0.049344,-0.003850,0.012222
-0.057273,-0.013315,0.007524
-0.063795,-0.020969,0.004999
-0.068574,-0.027839,0.005410
-0.071275,-0.034949,0.009518
-0.070217,-0.044174,0.016008
-0.065929,-0.054923,0.023925
-0.059500,-0.065989,0.032407
-0.052016,-0.076163,0.040589
-0.044563,-0.084237,0.047607
-0.038228,-0.089003,0.052598
-0.034098,-0.089254,0.054698
-0.033258,-0.083780,0.053042
-0.036797,-0.071375,0.046768
-0.039958,-0.056670,0.041050
-0.041833,-0.041262,0.036890
-0.042473,-0.025993,0.034248
-0.041928,-0.011701,0.033081
-0.040251,0.000774,0.033351
-0.037493,0.010591,0.035015
-0.033704,0.016911,0.038034
-0.028937,0.018894,0.042366
-0.023242,0.015701,0.047970
-0.020432,0.014131,0.050340
-0.020549,0.014723,0.048865
-0.022695,0.016450,0.043905
-0.025972,0.018283,0.035822
-0.029482,0.019195,0.024978
-0.032325,0.018160,0.011734
-0.033604,0.014148,-0.003549
-0.032420,0.006133,-0.020509
-0.027875,-0.006913,-0.038785
-0.023514,-0.022503,-0.053946
-0.019937,-0.038959,-0.065319
-0.017005,-0.054803,-0.073167
-0.014578,-0.068557,-0.077754
-0.012519,-0.078744,-0.079346
-0.010688,-0.083886,-0.078205
-0.008946,-0.082506,-0.074597
-0.007156,-0.073127,-0.068786
-0.005177,-0.054271,-0.061035
-0.002965,-0.035593,-0.053887
-0.000601,-0.019236,-0.047884
0.001799,-0.005465,-0.043067
0.004119,0.005453,-0.039479
0.006245,0.013255,-0.037162
0.008060,0.017674,-0.036157
0.009449,0.018446,-0.036507
0.010297,0.015306,-0.038254
0.010489,0.007987,-0.041439
0.010132,-0.002279,-0.045098
0.009318,-0.014482,-0.048843
0.008138,-0.027668,-0.052430
0.006680,-0.040883,-0.055613
0.005033,-0.053173,-0.058150
0.003286,-0.063584,-0.059795
0.001529,-0.071161,-0.060305
-0.000151,-0.074951,-0.059435
-0.001663,-0.073998,-0.056941
-0.001867,-0.067892,-0.050817
-0.000696,-0.057283,-0.041064
0.001648,-0.043082,-0.028189
0.004966,-0.026206,-0.012696
0.009056,-0.007567,0.004911
0.013718,0.011920,0.024127
0.018752,0.031342,0.044446
0.023955,0.049785,0.065365
0.029128,0.066335,0.086378
0.030860,0.080422,0.103222
0.029317,0.091780,0.115301
0.025559,0.100214,0.122939
0.020647,0.105534,0.126460
0.015640,0.107547,0.126187
0.011598,0.106061,0.122443
0.009583,0.100883,0.115552
0.010653,0.091822,0.105837
0.015869,0.078684,0.093621
0.022180,0.065088,0.080098
0.028722,0.052031,0.065548
0.035177,0.039856,0.050025
0.041228,0.028906,0.033584
0.046558,0.019522,0.016278
0.050848,0.012049,-0.001840
0.053781,0.006827,-0.020715
0.055040,0.004201,-0.040294
0.054307,0.004512,-0.060523
0.054040,0.005406,-0.079236
0.054328,0.006168,-0.095513
0.054665,0.006494,-0.108741
0.054548,0.006080,-0.118309
0.053471,0.004622,-0.123605
0.050930,0.001817,-0.124019
0.046420,-0.002640,-0.118938
0.039437,-0.009052,-0.107752
0.029476,-0.017725,-0.089849
0.018123,-0.024394,-0.070132
0.005950,-0.028470,-0.049772
-0.006724,-0.030280,-0.029007
-0.019580,-0.030149,-0.008073
-0.032297,-0.028405,0.012791
-0.044557,-0.025375,0.033348
-0.056040,-0.021386,0.053360
-0.066427,-0.016764,0.072589
-0.075399,-0.011836,0.090799
-0.079942,-0.007718,0.110970
-0.080377,-0.004668,0.132785
-0.077853,-0.002728,0.155107
-0.073523,-0.001942,0.176796
-0.068538,-0.002353,0.196713
-0.064050,-0.004005,0.213719
-0.061210,-0.006939,0.226676
-0.061170,-0.011199,0.234443
-0.065080,-0.016829,0.235882
-0.067695,-0.020771,0.237088
-0.068542,-0.022859,0.238833
-0.068342,-0.023656,0.240558
-0.067817,-0.023720,0.241704
-0.067686,-0.023611,0.241714
-0.068673,-0.023891,0.240029
-0.071496,-0.025118,0.236090
-0.076879,-0.027854,0.229338
-0.085541,-0.032657,0.219216
-0.093814,-0.042465,0.207808
-0.100954,-0.056824,0.195512
-0.106946,-0.074437,0.182303
-0.111776,-0.094004,0.168156
-0.115429,-0.114229,0.153048
-0.117891,-0.133811,0.136953
-0.119148,-0.151453,0.119848
-0.119186,-0.165856,0.101707
-0.117989,-0.175721,0.082507
-0.115613,-0.181320,0.064387
-0.111772,-0.183281,0.048132
-0.106102,-0.182319,0.034189
-0.098235,-0.179154,0.023005
-0.087805,-0.174502,0.015027
-0.074444,-0.169081,0.010701
-0.057787,-0.163607,0.010474
-0.037466,-0.158798,0.014794
-0.013115,-0.155372,0.024106
0.009243,-0.152836,0.031498
0.028262,-0.150813,0.036128
0.043762,-0.148961,0.038672
0.055566,-0.146933,0.039806
0.063494,-0.144385,0.040207
0.067367,-0.140972,0.040551
0.067008,-0.136350,0.041513
0.062237,-0.130172,0.043771
0.052877,-0.122095,0.047999
0.044480,-0.114268,0.052353
0.038188,-0.107175,0.056347
0.034037,-0.100886,0.059839
0.032066,-0.095470,0.062684
0.032311,-0.090998,0.064741
0.034811,-0.087538,0.065864
0.039602,-0.085161,0.065912
0.046721,-0.083934,0.064740
0.056207,-0.083929,0.062205
0.064340,-0.082917,0.059445
0.070851,-0.080646,0.056290
0.076334,-0.077355,0.052242
0.081380,-0.073286,0.046805
0.086584,-0.068679,0.039480
0.092538,-0.063774,0.029773
0.099835,-0.058813,0.017184
0.109067,-0.054036,0.001218
0.120828,-0.049683,-0.018623
0.134049,-0.045903,-0.035331
0.147957,-0.043214,-0.048150
0.161854,-0.042226,-0.057882
0.175045,-0.043546,-0.065332
0.186830,-0.047784,-0.071305
0.196512,-0.055550,-0.076606
0.203394,-0.067452,-0.082038
0.206778,-0.084101,-0.088405
0.205967,-0.106104,-0.096513
0.203656,-0.128245,-0.106489
0.200383,-0.149111,-0.117687
0.196149,-0.168245,-0.129266
0.190952,-0.185184,-0.140383
0.184792,-0.199471,-0.150200
0.177669,-0.210646,-0.157874
0.169582,-0.218248,-0.162564
0.160530,-0.221818,-0.163430
0.150513,-0.220897,-0.159631
0.141117,-0.213789,-0.152823
0.132392,-0.201317,-0.143846
0.124009,-0.184933,-0.133339
0.115634,-0.166089,-0.121939
0.106937,-0.146237,-0.110282
0.097585,-0.126829,-0.099006
0.087248,-0.109316,-0.088749
0.075593,-0.095151,-0.080147
0.062290,-0.085785,-0.073837
0.049466,-0.076998,-0.067739
0.037586,-0.068073,-0.061442
0.026699,-0.059168,-0.054957
0.016853,-0.050443,-0.048293
0.008096,-0.042055,-0.041458
0.000476,-0.034163,-0.034464
-0.005958,-0.026927,-0.027318
-0.011159,-0.020505,-0.020031
-0.015077,-0.015055,-0.012611
-0.017508,-0.009590,-0.005750
-0.018580,-0.004032,0.000281
-0.018510,0.001474,0.005315
-0.017509,0.006779,0.009184
-0.015792,0.011734,0.011721
-0.013574,0.016194,0.012759
-0.011067,0.020009,0.012129
-0.008486,0.023033,0.009665
-0.006045,0.025117,0.005199
-0.004615,0.025283,-0.002281
-0.004364,0.024115,-0.011648
-0.005285,0.022585,-0.021237
-0.007372,0.021666,-0.029385
-0.010617,0.022331,-0.034428
-0.015014,0.025554,-0.034703
-0.020555,0.032307,-0.028545
-0.027235,0.043563,-0.014292
-0.035045,0.060296,0.009722
-0.040136,0.073320,0.032594
-0.042161,0.081235,0.052238
-0.041653,0.084583,0.068767
-0.039144,0.083907,0.082297
-0.035165,0.079751,0.092941
-0.030248,0.072658,0.100814
-0.024925,0.063171,0.106030
-0.019728,0.051834,0.108705
-0.015189,0.039190,0.108953
-0.012599,0.026636,0.107646
-0.011877,0.014612,0.105238
-0.012597,0.003317,0.102076
-0.014334,-0.007046,0.098506
-0.016662,-0.016279,0.094876
-0.019155,-0.024180,0.091533
-0.021389,-0.030549,0.088822
-0.022937,-0.035185,0.087093
-0.023375,-0.037888,0.086691
-0.024646,-0.043505,0.085227
-0.026801,-0.051907,0.082446
-0.029423,-0.061721,0.078627
-0.032091,-0.071572,0.074050
-0.034386,-0.080087,0.068993
-0.035888,-0.085893,0.063736
-0.036177,-0.087616,0.058557
-0.034834,-0.083884,0.053736
-0.031440,-0.073322,0.049551
-0.026980,-0.061910,0.045823
-0.021796,-0.051032,0.042408
-0.016066,-0.040923,0.039175
-0.009970,-0.031818,0.035992
-0.003687,-0.023951,0.032726
0.002603,-0.017558,0.029244
0.008721,-0.012872,0.025415
0.014487,-0.010130,0.021107
0.019723,-0.009564,0.016187
0.025431,-0.007928,0.011570
0.031392,-0.005256,0.007132
0.037075,-0.002402,0.002485
0.041955,-0.000223,-0.002757
0.045502,0.000428,-0.008979
0.047189,-0.001307,-0.016568
0.046488,-0.006280,-0.025911
0.042871,-0.015349,-0.037393
0.035811,-0.029368,-0.051401
0.028839,-0.040467,-0.063361
0.022672,-0.047958,-0.072537
0.017323,-0.052950,-0.079150
0.012806,-0.056554,-0.083421
0.009133,-0.059878,-0.085574
0.006319,-0.064030,-0.085829
0.004375,-0.070121,-0.084409
0.003316,-0.079260,-0.081534
0.003154,-0.092555,-0.077429
0.002780,-0.102011,-0.072734
0.001976,-0.106583,-0.067716
0.000746,-0.106964,-0.062546
-0.000906,-0.103847,-0.057395
-0.002974,-0.097926,-0.052434
-0.005454,-0.089894,-0.047835
-0.008342,-0.080443,-0.043768
-0.011632,-0.070266,-0.040404
-0.015320,-0.060058,-0.037916
-0.018822,-0.050230,-0.037141
-0.021805,-0.041080,-0.037420
-0.023997,-0.032878,-0.037720
-0.025131,-0.025896,-0.037008
-0.024934,-0.020402,-0.034249
-0.023137,-0.016667,-0.028410
-0.019469,-0.014960,-0.018457
-0.013661,-0.015553,-0.003358
-0.005442,-0.018715,0.017922
0.002684,-0.022240,0.035087
0.010317,-0.025637,0.046476
0.017580,-0.028840,0.052585
0.024597,-0.031786,0.053912
0.031494,-0.034410,0.050954
0.038394,-0.036649,0.044207
0.045422,-0.038437,0.034168
0.052703,-0.039711,0.021334
0.060359,-0.040406,0.006202
0.066002,-0.043346,-0.009615
0.069244,-0.048591,-0.025424
0.070197,-0.055510,-0.040758
0.068976,-0.063472,-0.055152
0.065694,-0.071845,-0.068140
0.060465,-0.079998,-0.079257
0.053400,-0.087300,-0.088037
0.044615,-0.093121,-0.094013
0.034221,-0.096827,-0.096721
0.022077,-0.101291,-0.098159
0.008895,-0.106366,-0.098754
-0.004400,-0.111153,-0.098540
-0.016881,-0.114753,-0.097553
-0.027623,-0.116267,-0.095826
-0.035700,-0.114795,-0.093395
-0.040186,-0.109439,-0.090294
-0.040155,-0.099299,-0.086558
-0.034681,-0.083475,-0.082222
-0.030039,-0.063436,-0.079565
-0.027251,-0.040374,-0.078580
-0.026029,-0.015411,-0.078688
-0.026082,0.010328,-0.079310
-0.027121,0.035721,-0.079866
-0.028856,0.059644,-0.079778
-0.030997,0.080974,-0.078465
-0.033255,0.098588,-0.075349
-0.035340,0.111362,-0.069851
-0.035970,0.122177,-0.062930
-0.035083,0.131110,-0.055184
-0.032918,0.137537,-0.047120
-0.029717,0.140835,-0.039246
-0.025721,0.140380,-0.032068
-0.021169,0.135548,-0.026092
-0.016303,0.125717,-0.021827
-0.011364,0.110262,-0.019779
-0.006593,0.088561,-0.020456
-0.003045,0.066999,-0.021636
-0.000876,0.047013,-0.023070
-0.000016,0.028797,-0.024999
-0.000394,0.012548,-0.027665
-0.001941,-0.001539,-0.031310
-0.004586,-0.013267,-0.036176
-0.008260,-0.022440,-0.042505
-0.012891,-0.028863,-0.050539
-0.018410,-0.032341,-0.060519
-0.022984,-0.037188,-0.070650
-0.026244,-0.043791,-0.080388
-0.028188,-0.051551,-0.089499
-0.028811,-0.059870,-0.097749
-0.028111,-0.068148,-0.104905
-0.026086,-0.075789,-0.110732
-0.022732,-0.082193,-0.114998
-0.018046,-0.086763,-0.117469
-0.012026,-0.088899,-0.117912
-0.008286,-0.085001,-0.113066
-0.007301,-0.075544,-0.103265
-0.008761,-0.062020,-0.089737
-0.012356,-0.045922,-0.073713
-0.017778,-0.028744,-0.056424
-0.024717,-0.011978,-0.039098
-0.032862,0.002882,-0.022967
-0.041905,0.014343,-0.009260
-0.051536,0.020912,0.000793
-0.055800,0.027751,0.011367
-0.054360,0.034988,0.022590
-0.048281,0.041488,0.033577
-0.038629,0.046119,0.043443
-0.026469,0.047749,0.051304
-0.012867,0.045244,0.056276
0.001112,0.037472,0.057473
0.014403,0.023301,0.054012
0.025939,0.001596,0.045008
0.034334,-0.018054,0.036400
0.040063,-0.033858,0.029502
0.044069,-0.045969,0.024474
0.047292,-0.054541,0.021473
0.050676,-0.059729,0.020660
0.055163,-0.061687,0.022192
0.061693,-0.060569,0.026230
0.071209,-0.056530,0.032930
0.084653,-0.049723,0.042453
0.096017,-0.042596,0.051971
0.104468,-0.035713,0.060851
0.110468,-0.029169,0.069013
0.114480,-0.023058,0.076374
0.116965,-0.017475,0.082852
0.118385,-0.012514,0.088365
0.119204,-0.008270,0.092831
0.119882,-0.004837,0.096168
0.120881,-0.002309,0.098294
0.121377,0.000529,0.093025
0.121119,0.003921,0.080577
0.120002,0.007871,0.062765
0.117920,0.012380,0.041403
0.114769,0.017449,0.018308
0.110442,0.023081,-0.004707
0.104835,0.029278,-0.025826
0.097841,0.036042,-0.043234
0.089356,0.043374,-0.055116
0.079928,0.051110,-0.066317
0.069676,0.058795,-0.077480
0.058614,0.065904,-0.088199
0.046753,0.071912,-0.098065
0.034107,0.076294,-0.106674
0.020689,0.078523,-0.113617
0.006509,0.078074,-0.118489
-0.008418,0.074421,-0.120882
-0.024080,0.067040,-0.120389
-0.038726,0.059706,-0.122444
-0.052146,0.053037,-0.127404
-0.064518,0.046859,-0.134357
-0.076017,0.041001,-0.142392
-0.086821,0.035288,-0.150598
-0.097107,0.029550,-0.158062
-0.107051,0.023611,-0.163874
-0.116830,0.017301,-0.167122
-0.126620,0.010446,-0.166894
-0.132835,0.003956,-0.163907
-0.135264,-0.001888,-0.158625
-0.134539,-0.006961,-0.151450
-0.131292,-0.011139,-0.142784
-0.126157,-0.014296,-0.133028
-0.119765,-0.016308,-0.122584
-0.112749,-0.017050,-0.111854
-0.105741,-0.016398,-0.101239
-0.099375,-0.014226,-0.091142
-0.095114,-0.011261,-0.084457
-0.092650,-0.007888,-0.081338
-0.091231,-0.004405,-0.081249
-0.090105,-0.001109,-0.083658
-0.088522,0.001699,-0.088030
-0.085728,0.003722,-0.093831
-0.080974,0.004661,-0.100528
-0.073506,0.004218,-0.107586
-0.062574,0.002094,-0.114472
-0.052423,0.002627,-0.119689
-0.043886,0.005642,-0.123062
-0.036945,0.009834,-0.124743
-0.031582,0.013899,-0.124886
-0.027775,0.016533,-0.123644
-0.025508,0.016432,-0.121170
-0.024760,0.012293,-0.117619
-0.025512,0.002811,-0.113142
-0.027746,-0.013319,-0.107895
-0.032106,-0.028919,-0.102970
-0.038367,-0.042169,-0.098648
-0.046083,-0.052590,-0.095004
-0.054812,-0.059700,-0.092112
-0.064108,-0.063017,-0.090047
-0.073529,-0.062063,-0.088885
-0.082629,-0.056354,-0.088700
-0.090966,-0.045411,-0.089566
-0.098096,-0.028753,-0.091560
-0.104892,-0.013636,-0.095711
-0.111432,-0.001450,-0.101630
-0.117592,0.007879,-0.108573
-0.123249,0.014426,-0.115795
-0.128279,0.018265,-0.122551
-0.132559,0.019472,-0.128098
-0.135966,0.018121,-0.131690
-0.138376,0.014287,-0.132585
-0.139667,0.008045,-0.130036
-0.139503,0.003391,-0.124200
-0.137912,0.000737,-0.115588
-0.135009,-0.000402,-0.104800
-0.130909,-0.000510,-0.092436
-0.125728,-0.000071,-0.079097
-0.119582,0.000429,-0.065380
-0.112586,0.000507,-0.051888
-0.104857,-0.000323,-0.039219
-0.096510,-0.002543,-0.027974
-0.087816,-0.006235,-0.019158
-0.078961,-0.011011,-0.012545
-0.070103,-0.016370,-0.007599
-0.061403,-0.021808,-0.003787
-0.053021,-0.026824,-0.000572
-0.045118,-0.030915,0.002579
-0.037854,-0.033578,0.006203
-0.031390,-0.034311,0.010833
-0.025885,-0.032612,0.017004
-0.021425,-0.029582,0.021631
-0.018155,-0.025818,0.024513
-0.016237,-0.021794,0.026171
-0.015835,-0.017981,0.027125
-0.017109,-0.014853,0.027898
-0.020222,-0.012881,0.029010
-0.025336,-0.012538,0.030982
-0.032613,-0.014297,0.034335
-0.042215,-0.018630,0.039591
-0.049497,-0.024069,0.042591
-0.053793,-0.030038,0.042550
-0.055434,-0.036184,0.039527
-0.054750,-0.042154,0.033580
-0.052072,-0.047596,0.024767
-0.047728,-0.052156,0.013147
-0.042051,-0.055482,-0.001222
-0.035370,-0.057220,-0.018282
-0.028015,-0.057017,-0.037975
-0.021833,-0.057767,-0.054693
-0.016956,-0.059411,-0.067891
-0.013087,-0.061152,-0.078287
-0.009930,-0.062196,-0.086599
-0.007187,-0.061745,-0.093547
-0.004562,-0.059005,-0.099850
-0.001759,-0.053178,-0.106225
0.001520,-0.043470,-0.113392
0.005570,-0.029085,-0.122069
0.010145,-0.012318,-0.131209
0.015069,0.005335,-0.139867
0.020188,0.022581,-0.147125
0.025345,0.038126,-0.152062
0.030385,0.050678,-0.153761
0.035152,0.058942,-0.151301
0.039491,0.061625,-0.143765
0.043245,0.057435,-0.130233
0.046259,0.045076,-0.109786
0.048996,0.031699,-0.089106
0.051592,0.019197,-0.070141
0.054094,0.008150,-0.053655
0.056555,-0.000862,-0.040413
0.059023,-0.007260,-0.031177
0.061549,-0.010463,-0.026713
0.064184,-0.009893,-0.027784
0.066978,-0.004968,-0.035154
0.069980,0.004889,-0.049589
0.070232,0.016534,-0.063744
0.067627,0.028274,-0.076164
0.062772,0.038782,-0.086867
0.056272,0.046728,-0.095868
0.048735,0.050786,-0.103183
0.040768,0.049628,-0.108829
0.032976,0.041925,-0.112823
0.025967,0.026350,-0.115180
0.020347,0.001574,-0.115918
0.017115,-0.022243,-0.114612
0.016307,-0.042999,-0.111645
0.017713,-0.060602,-0.107602
0.021125,-0.074963,-0.103067
0.026336,-0.085993,-0.098622
0.033136,-0.093601,-0.094853
0.041319,-0.097698,-0.092343
0.050676,-0.098194,-0.091677
0.060999,-0.094999,-0.093438
0.068420,-0.092932,-0.093873
0.072500,-0.092654,-0.092211
0.073654,-0.093782,-0.088429
0.072299,-0.095937,-0.082502
0.068851,-0.098737,-0.074406
0.063727,-0.101801,-0.064117
0.057343,-0.104748,-0.051611
0.050116,-0.107197,-0.036863
0.042462,-0.108767,-0.019849
0.034836,-0.107226,-0.005194
0.027516,-0.102385,0.006283
0.020731,-0.094565,0.014714
0.014714,-0.084088,0.020230
0.009695,-0.071276,0.022964
0.005906,-0.056451,0.023047
0.003578,-0.039933,0.020611
0.002941,-0.022046,0.015789
0.004228,-0.003109,0.008711
0.005543,0.012436,0.001212
0.006307,0.024247,-0.006004
0.006270,0.033010,-0.012518
0.005183,0.039408,-0.017909
0.002798,0.044125,-0.021758
-0.001137,0.047844,-0.023643
-0.006870,0.051251,-0.023145
-0.014650,0.055027,-0.019844
-0.024727,0.059858,-0.013318
-0.033118,0.064618,-0.005702
-0.039120,0.069201,0.002411
-0.042846,0.073761,0.010806
-0.044413,0.078450,0.019273
-0.043934,0.083420,0.027599
-0.041525,0.088824,0.035571
-0.037300,0.094812,0.042978
-0.031375,0.101538,0.049608
-0.023864,0.109154,0.055248
-0.013297,0.112435,0.059916
-0.000498,0.111118,0.063697
0.013139,0.106183,0.066690
0.026218,0.098611,0.068997
0.037344,0.089381,0.070717
0.045120,0.079472,0.071950
0.048151,0.069864,0.072798
0.045042,0.061538,0.073359
0.034396,0.055472,0.073736
0.024445,0.050502,0.075733
0.016915,0.046212,0.078920
0.011904,0.042372,0.082309
0.009512,0.038752,0.084910
0.009837,0.035121,0.085733
0.012979,0.031251,0.083790
0.019036,0.026910,0.078091
0.028108,0.021870,0.067646
0.040294,0.015899,0.051467
0.053049,0.009689,0.037499
0.065713,0.003482,0.026702
0.078097,-0.002586,0.018291
0.090012,-0.008381,0.011481
0.101270,-0.013770,0.005486
0.111682,-0.018618,-0.000477
0.121058,-0.022791,-0.007196
0.129211,-0.026156,-0.015453
0.135951,-0.028577,-0.026036
0.141808,-0.029864,-0.039169
0.146838,-0.030257,-0.054051
0.150979,-0.030104,-0.069626
0.154167,-0.029754,-0.084837
0.156340,-0.029554,-0.098628
0.157435,-0.029853,-0.109942
0.157387,-0.030999,-0.117721
0.156136,-0.033341,-0.120910
0.153618,-0.037227,-0.118452
0.153592,-0.040200,-0.111753
0.156338,-0.041753,-0.101967
0.161265,-0.041869,-0.090182
0.167782,-0.040527,-0.077486
0.175299,-0.037711,-0.064966
0.183226,-0.033401,-0.053713
0.190971,-0.027578,-0.044813
0.197944,-0.020224,-0.039355
0.203555,-0.011319,-0.038427
0.205210,-0.004758,-0.043840
0.203035,-0.000955,-0.054810
0.197838,0.000542,-0.069909
0.190427,0.000186,-0.087706
0.181608,-0.001571,-0.106770
0.172188,-0.004275,-0.125671
0.162974,-0.007475,-0.142979
0.154773,-0.010718,-0.157264
0.148393,-0.013550,-0.167095
0.142672,-0.015442,-0.178490
0.137438,-0.016464,-0.191718
0.132767,-0.016838,-0.205612
0.128734,-0.016786,-0.219007
0.125414,-0.016530,-0.230734
0.122884,-0.016292,-0.239627
0.121219,-0.016293,-0.244520
0.120494,-0.016756,-0.244245
0.120786,-0.017903,-0.237636
0.119700,-0.018462,-0.227251
0.117055,-0.018265,-0.214224
0.113227,-0.017417,-0.199333
0.108586,-0.016023,-0.183356
0.103508,-0.014189,-0.167072
0.098365,-0.012020,-0.151258
0.093531,-0.009621,-0.136693
0.089379,-0.007098,-0.124153
0.086281,-0.004556,-0.114419
0.083641,-0.003515,-0.103980
0.080952,-0.003866,-0.092602
0.077731,-0.005094,-0.080870
0.073496,-0.006683,-0.069370
0.067763,-0.008116,-0.058687
0.060051,-0.008877,-0.049404
0.049876,-0.008452,-0.042109
0.036755,-0.006322,-0.037384
0.020205,-0.001974,-0.035816
0.004905,0.006203,-0.035993
-0.008419,0.017290,-0.037671
-0.020025,0.029733,-0.040896
-0.030171,0.041983,-0.045716
-0.039119,0.052487,-0.052178
-0.047125,0.059693,-0.060329
-0.054450,0.062051,-0.070215
-0.061353,0.058008,-0.081885
-0.068093,0.046012,-0.095384
-0.076761,0.034152,-0.107758
-0.087098,0.023995,-0.118180
-0.098259,0.015475,-0.126358
-0.109399,0.008528,-0.132000
-0.119672,0.003090,-0.134811
-0.128232,-0.000903,-0.134498
-0.134234,-0.003516,-0.130770
-0.136832,-0.004814,-0.123333
-0.135181,-0.004861,-0.111893
-0.129104,-0.012521,-0.097415
-0.119395,-0.027603,-0.081022
-0.107093,-0.047649,-0.063881
-0.093237,-0.070201,-0.047155
-0.078864,-0.092803,-0.032009
-0.065013,-0.112997,-0.019609
-0.052722,-0.128326,-0.011119
-0.043030,-0.136332,-0.007705
-0.036975,-0.134558,-0.010531
-0.032476,-0.129102,-0.010206
-0.028969,-0.120994,-0.005719
-0.026264,-0.109992,0.001843
-0.024176,-0.095860,0.011395
-0.022516,-0.078357,0.021852
-0.021097,-0.057244,0.032127
-0.019731,-0.032284,0.041135
-0.018231,-0.003235,0.047791
-0.016409,0.030139,0.051009
-0.014941,0.057177,0.053341
-0.013839,0.076180,0.055011
-0.012951,0.087695,0.055663
-0.012126,0.092267,0.054939
-0.011211,0.090442,0.052481
-0.010055,0.082765,0.047932
-0.008505,0.069782,0.040936
-0.006409,0.052039,0.031134
-0.003615,0.030080,0.018169
-0.002671,0.009550,0.005520
-0.003583,-0.008042,-0.006228
-0.005728,-0.022217,-0.017210
-0.008480,-0.032499,-0.027564
-0.011213,-0.038409,-0.037425
-0.013303,-0.039471,-0.046930
-0.014122,-0.035206,-0.056216
-0.013048,-0.025137,-0.065418
-0.009453,-0.008787,-0.074674
-0.008118,0.010930,-0.080014
-0.009018,0.032146,-0.081726
-0.010927,0.053258,-0.081161
-0.012617,0.072662,-0.079673
-0.012862,0.088754,-0.078612
-0.010435,0.099930,-0.079331
-0.004108,0.104587,-0.083181
0.007344,0.101120,-0.091516
0.025149,0.087926,-0.105686
0.043001,0.074258,-0.119509
0.059463,0.061611,-0.131503
0.074315,0.049539,-0.141360
0.087336,0.037598,-0.148772
0.098306,0.025342,-0.153430
0.107004,0.012326,-0.155028
0.113210,-0.001895,-0.153257
0.116703,-0.017767,-0.147808
0.117264,-0.035734,-0.138375
0.116061,-0.048511,-0.129006
0.113499,-0.055158,-0.120232
0.109791,-0.056326,-0.111702
0.105151,-0.052663,-0.103067
0.099793,-0.044819,-0.093978
0.093929,-0.033443,-0.084086
0.087773,-0.019183,-0.073040
0.081539,-0.002690,-0.060492
0.075440,0.015388,-0.046092
0.071332,0.030390,-0.030604
0.069185,0.041586,-0.014630
0.068499,0.049228,0.001268
0.068774,0.053567,0.016528
0.069509,0.054854,0.030589
0.070205,0.053342,0.042888
0.070360,0.049282,0.052864
0.069475,0.042926,0.059956
0.067049,0.034525,0.063600
0.065139,0.026773,0.063842
0.063969,0.020698,0.061291
0.063305,0.016915,0.056693
0.062914,0.016039,0.050798
0.062562,0.018684,0.044355
0.062016,0.025464,0.038110
0.061041,0.036993,0.032814
0.059404,0.053886,0.029214
0.056872,0.076756,0.028060
0.053655,0.098763,0.027909
0.049902,0.118204,0.028464
0.045750,0.134662,0.029710
0.041332,0.147718,0.031635
0.036783,0.156956,0.034224
0.032238,0.161958,0.037465
0.027831,0.162306,0.041343
0.023698,0.157584,0.045845
0.019972,0.147373,0.050957
0.015793,0.136554,0.054275
0.011017,0.126019,0.055694
0.005683,0.115665,0.055687
-0.000171,0.105390,0.054724
-0.006507,0.095089,0.053278
-0.013287,0.084661,0.051819
-0.020473,0.074002,0.050820
-0.028027,0.063008,0.050751
-0.035911,0.051577,0.052085
-0.041634,0.039776,0.054013
-0.044876,0.027719,0.056208
-0.045861,0.015534,0.058460
-0.044813,0.003346,0.060561
-0.041954,-0.008717,0.062302
-0.037509,-0.020530,0.063473
-0.031700,-0.031964,0.063868
-0.024752,-0.042895,0.063276
-0.016887,-0.053194,0.061488
-0.009578,-0.062243,0.058163
-0.002865,-0.069952,0.053295
0.003568,-0.076366,0.046964
0.010038,-0.081530,0.039250
0.016864,-0.085489,0.030233
0.024361,-0.088288,0.019992
0.032848,-0.089970,0.008608
0.042640,-0.090581,-0.003840
0.054055,-0.090165,-0.017273
0.063445,-0.087026,-0.026882
0.070076,-0.081401,-0.032293
0.073942,-0.074007,-0.034240
0.075039,-0.065563,-0.033455
0.073361,-0.056788,-0.030672
0.068904,-0.048399,-0.026624
0.061662,-0.041116,-0.022046
0.051630,-0.035656,-0.017669
0.038804,-0.032739,-0.014229
0.026779,-0.033396,-0.012245
0.016194,-0.036801,-0.011547
0.006949,-0.041666,-0.011793
-0.001057,-0.046701,-0.012640
-0.007923,-0.050616,-0.013743
-0.013751,-0.052122,-0.014760
-0.018640,-0.049928,-0.015347
-0.022692,-0.042746,-0.015162
-0.026007,-0.029286,-0.013861
-0.027580,-0.015819,-0.010560
-0.027519,-0.003883,-0.005543
-0.026210,0.006168,0.000616
-0.024040,0.013977,0.007343
-0.021395,0.019192,0.014063
-0.018660,0.021456,0.020201
-0.016222,0.020416,0.025183
-0.014467,0.015716,0.028435
-0.013781,0.007002,0.029383
-0.013194,-0.002832,0.027422
-0.012147,-0.012895,0.023241
-0.010185,-0.022800,0.017845
-0.006853,-0.032158,0.012243
-0.001697,-0.040580,0.007443
0.005738,-0.047677,0.004452
0.015908,-0.053063,0.004279
0.029267,-0.056347,0.007930
0.046270,-0.057141,0.016414
0.062427,-0.057078,0.024335
0.076508,-0.056596,0.030684
0.088103,-0.055832,0.035545
0.096798,-0.054926,0.039004
0.102181,-0.054016,0.041146
0.103841,-0.053239,0.042058
0.101364,-0.052735,0.041823
0.094339,-0.052642,0.040529
0.082354,-0.053098,0.038259
0.069047,-0.052584,0.035211
0.055519,-0.050802,0.031594
0.042231,-0.047759,0.027625
0.029648,-0.043461,0.023518
0.018232,-0.037916,0.019490
0.008445,-0.031129,0.015753
0.000753,-0.023109,0.012525
-0.004383,-0.013862,0.010021
-0.006499,-0.003393,0.008454
-0.007873,0.006593,0.007175
-0.008822,0.015441,0.006267
-0.009174,0.022752,0.005996
-0.008755,0.028129,0.006630
-0.007393,0.031175,0.008436
-0.004916,0.031493,0.011680
-0.001150,0.028686,0.016631
0.004077,0.022356,0.023555
0.010937,0.012106,0.032719
0.018773,0.002783,0.039491
0.027162,-0.004964,0.043100
0.035740,-0.011539,0.043741
0.044143,-0.017343,0.041611
0.052007,-0.022779,0.036905
0.058968,-0.028249,0.029818
0.064661,-0.034156,0.020546
0.068724,-0.040902,0.009285
0.070791,-0.048889,-0.003770
0.070029,-0.055670,-0.017213
0.066606,-0.060800,-0.030673
0.060941,-0.064337,-0.044034
0.053451,-0.066338,-0.057184
0.044557,-0.066860,-0.070010
0.034675,-0.065960,-0.082396
0.024226,-0.063696,-0.094231
0.013627,-0.060124,-0.105401
0.003298,-0.055301,-0.115791
-0.004912,-0.046819,-0.123315
-0.010965,-0.035496,-0.127858
-0.015274,-0.022958,-0.129798
-0.018255,-0.010834,-0.129512
-0.020322,-0.000747,-0.127377
-0.021890,0.005674,-0.123770
-0.023374,0.006803,-0.119069
-0.025187,0.001014,-0.113652
-0.027746,-0.013319,-0.107895
-0.029590,-0.026692,-0.105430
-0.030404,-0.036912,-0.106115
-0.030163,-0.043617,-0.108865
-0.028840,-0.046440,-0.112592
-0.026408,-0.045018,-0.116211
-0.022840,-0.038986,-0.118636
-0.018109,-0.027981,-0.118780
-0.012189,-0.011637,-0.115558
-0.005052,0.010409,-0.107883
0.001447,0.030123,-0.099447
0.007050,0.046183,-0.090965
0.011894,0.058942,-0.082407
0.016119,0.068758,-0.073744
0.019862,0.075985,-0.064947
0.023263,0.080978,-0.055986
0.026461,0.084094,-0.046832
0.029593,0.085688,-0.037455
0.032798,0.086114,-0.027825
0.033350,0.085746,-0.017801
0.031241,0.084557,-0.008091
0.027142,0.082422,0.000388
0.021727,0.079219,0.006716
0.015667,0.074822,0.009974
0.009634,0.069107,0.009242
0.004302,0.061950,0.003602
0.000341,0.053226,-0.007866
-0.001575,0.042812,-0.026080
-0.000477,0.030765,-0.043278
0.003285,0.017893,-0.057819
0.009034,0.005190,-0.069592
0.016094,-0.006349,-0.078485
0.023785,-0.015730,-0.084387
0.031431,-0.021958,-0.087188
0.038354,-0.024040,-0.086775
0.043876,-0.020980,-0.083039
0.047319,-0.011785,-0.075867
0.049592,-0.001152,-0.069071
0.051089,0.009403,-0.062791
0.052075,0.019162,-0.056247
0.052815,0.027403,-0.048660
0.053575,0.033409,-0.039251
0.054621,0.036460,-0.027241
0.056218,0.035836,-0.011852
0.058631,0.030817,0.007696
0.062127,0.020685,0.032182
0.068391,0.006984,0.051453
0.077162,-0.009012,0.063995
0.087693,-0.026098,0.070450
0.099234,-0.043072,0.071461
0.111039,-0.058726,0.067673
0.122357,-0.071858,0.059727
0.132442,-0.081262,0.048268
0.140545,-0.085733,0.033939
0.145917,-0.084067,0.017383
0.148318,-0.080836,0.004859
0.147972,-0.077082,-0.003545
0.145222,-0.072967,-0.009285
0.140411,-0.068651,-0.013817
0.133880,-0.064295,-0.018595
0.125973,-0.060060,-0.025077
0.117032,-0.056107,-0.034717
0.107399,-0.052597,-0.048971
0.097417,-0.049691,-0.069295
0.089357,-0.046969,-0.088547
0.083256,-0.044365,-0.105180
0.078587,-0.041899,-0.119044
0.074829,-0.039595,-0.129991
0.071455,-0.037472,-0.137871
0.067943,-0.035552,-0.142536
0.063768,-0.033857,-0.143838
0.058406,-0.032408,-0.141626
0.051332,-0.031227,-0.135753
0.045485,-0.036011,-0.131149
0.041522,-0.046390,-0.128416
0.039532,-0.060478,-0.127071
0.039603,-0.076387,-0.126631
0.041823,-0.092232,-0.126614
0.046281,-0.106125,-0.126538
0.053065,-0.116180,-0.125920
0.062263,-0.120510,-0.124278
0.073963,-0.117228,-0.121128
0.084007,-0.109831,-0.118531
0.091717,-0.099742,-0.116717
0.097282,-0.087868,-0.115461
0.100893,-0.075113,-0.114540
0.102740,-0.062384,-0.113729
0.103013,-0.050585,-0.112802
0.101903,-0.040623,-0.111535
0.099599,-0.033402,-0.109704
0.096292,-0.029829,-0.107084
0.091526,-0.028465,-0.103261
0.085374,-0.028655,-0.098085
0.078045,-0.029941,-0.091467
0.069744,-0.031863,-0.083322
0.060678,-0.033963,-0.073562
0.051056,-0.035781,-0.062101
0.041083,-0.036859,-0.048851
0.030968,-0.036737,-0.033726
0.020916,-0.034956,-0.016639
0.013440,-0.034645,0.000505
0.008606,-0.035731,0.016886
0.005868,-0.037343,0.031951
0.004683,-0.038607,0.045149
0.004503,-0.038650,0.055928
0.004785,-0.036601,0.063737
0.004983,-0.031587,0.068024
0.004553,-0.022734,0.068238
0.002948,-0.009170,0.063827
0.000337,0.002164,0.058163
-0.002736,0.010153,0.051829
-0.005637,0.015138,0.044711
-0.007729,0.017459,0.036693
-0.008376,0.017457,0.027662
-0.006943,0.015471,0.017504
-0.002794,0.011844,0.006103
0.004707,0.006915,-0.006655
0.016196,0.001024,-0.020883
0.027664,0.000606,-0.033004
0.038127,0.005555,-0.042219
0.047360,0.014128,-0.048429
0.055136,0.024584,-0.051532
0.061228,0.035181,-0.051427
0.065411,0.044176,-0.048013
0.067459,0.049829,-0.041189
0.067144,0.050396,-0.030853
0.064241,0.044137,-0.016906
0.062184,0.034129,-0.004451
0.061236,0.021722,0.005564
0.060869,0.007834,0.013232
0.060554,-0.006614,0.018645
0.059762,-0.020706,0.021895
0.057964,-0.033522,0.023076
0.054631,-0.044144,0.022279
0.049236,-0.051652,0.019597
0.041249,-0.055129,0.015122
0.035035,-0.050057,0.011358
0.031054,-0.037741,0.008448
0.028792,-0.020940,0.005947
0.027734,-0.002411,0.003408
0.027364,0.015086,0.000386
0.027168,0.028792,-0.003565
0.026630,0.035950,-0.008890
0.025236,0.033800,-0.016036
0.022470,0.019583,-0.025447
0.017883,0.004112,-0.032894
0.011589,-0.010272,-0.037652
0.003845,-0.023344,-0.039873
-0.005092,-0.034878,-0.039708
-0.014967,-0.044648,-0.037310
-0.025524,-0.052429,-0.032830
-0.036505,-0.057997,-0.026422
-0.047655,-0.061125,-0.018235
-0.058718,-0.061589,-0.008424
-0.065715,-0.057956,0.001232
-0.068354,-0.050794,0.010261
-0.067263,-0.041170,0.018516
-0.063071,-0.030150,0.025853
-0.056405,-0.018802,0.032125
-0.047895,-0.008193,0.037188
-0.038168,0.000611,0.040896
-0.027853,0.006542,0.043103
-0.017578,0.008534,0.043665
-0.010011,0.008000,0.044316
-0.005336,0.005820,0.045389
-0.003116,0.002743,0.046867
-0.002913,-0.000485,0.048731
-0.004292,-0.003114,0.050964
-0.006815,-0.004399,0.053547
-0.010044,-0.003590,0.056464
-0.013544,0.000060,0.059695
-0.016877,0.007298,0.063223
-0.019098,0.016871,0.065697
-0.019848,0.027911,0.066651
-0.018911,0.039641,0.065838
-0.016071,0.051289,0.063010
-0.011114,0.062079,0.057922
-0.003825,0.071238,0.050327
0.006012,0.077991,0.039978
0.018611,0.081564,0.026628
0.034188,0.081183,0.010032
0.046276,0.077568,-0.003677
0.054149,0.071332,-0.013633
0.058521,0.063060,-0.020291
0.060104,0.053339,-0.024104
0.059609,0.042755,-0.025526
0.057749,0.031892,-0.025011
0.055236,0.021338,-0.023012
0.052781,0.011677,-0.019984
0.051097,0.003495,-0.016380
0.050473,-0.003380,-0.013300
0.050752,-0.009141,-0.010926
0.051663,-0.013985,-0.009211
0.052938,-0.018108,-0.008109
0.054305,-0.021708,-0.007572
0.055496,-0.024981,-0.007554
0.056241,-0.028125,-0.008008
0.056270,-0.031337,-0.008887
0.055314,-0.034814,-0.010145
0.052564,-0.038378,-0.010510
0.048129,-0.041731,-0.009475
0.042340,-0.044541,-0.006719
0.035534,-0.046479,-0.001924
0.028044,-0.047213,0.005231
0.020203,-0.046414,0.015065
0.012348,-0.043750,0.027896
0.004810,-0.038892,0.044045
-0.002074,-0.031508,0.063831
-0.005893,-0.025590,0.080182
-0.006758,-0.021849,0.091996
-0.005414,-0.020178,0.099662
-0.002603,-0.020467,0.103568
0.000931,-0.022610,0.104105
0.004444,-0.026499,0.101660
0.007192,-0.032025,0.096624
0.008433,-0.039081,0.089385
0.007423,-0.047559,0.080333
0.005836,-0.056022,0.070455
0.004228,-0.063987,0.060082
0.002874,-0.071207,0.049383
0.002048,-0.077434,0.038523
0.002025,-0.082424,0.027669
0.003080,-0.085930,0.016990
0.005487,-0.087704,0.006651
0.009522,-0.087502,-0.003180
0.015458,-0.085075,-0.012335
0.017880,-0.082193,-0.022410
0.016196,-0.079108,-0.033631
0.011015,-0.075694,-0.045883
0.002951,-0.071824,-0.059051
-0.007385,-0.067373,-0.073020
-0.019381,-0.062213,-0.087675
-0.032426,-0.056220,-0.102902
-0.045908,-0.049266,-0.118585
-0.059215,-0.041226,-0.134611
-0.069096,-0.035022,-0.149094
-0.075350,-0.030818,-0.161691
-0.078535,-0.028083,-0.172441
-0.079210,-0.026288,-0.181386
-0.077936,-0.024904,-0.188567
-0.075269,-0.023403,-0.194023
-0.071771,-0.021255,-0.197795
-0.068000,-0.017930,-0.199923
-0.064515,-0.012901,-0.200450
-0.063302,-0.010658,-0.198601
-0.064437,-0.011885,-0.194455
-0.067519,-0.016315,-0.188300
-0.072146,-0.023677,-0.180424
-0.077918,-0.033704,-0.171117
-0.084432,-0.046127,-0.160666
-0.091288,-0.060677,-0.149362
-0.098085,-0.077086,-0.137492
-0.104420,-0.095085,-0.125345
-0.113384,-0.109320,-0.112990
-0.124906,-0.118989,-0.100545
-0.138124,-0.124422,-0.088144
-0.152177,-0.125952,-0.075918
-0.166203,-0.123913,-0.064000
-0.179343,-0.118636,-0.052522
-0.190734,-0.110454,-0.041617
-0.199516,-0.099700,-0.031417
-0.204827,-0.086706,-0.022054
-0.206534,-0.074700,-0.014948
-0.205190,-0.064040,-0.009895
-0.201521,-0.054369,-0.006285
-0.196253,-0.045327,-0.003508
-0.190110,-0.036555,-0.000957
-0.183820,-0.027694,0.001980
-0.178107,-0.018386,0.005911
-0.173697,-0.008271,0.011446
-0.171316,0.003010,0.019194
-0.165685,0.009362,0.026504
-0.156259,0.010380,0.032433
-0.143675,0.007080,0.036468
-0.128571,0.000475,0.038094
-0.111585,-0.008416,0.036797
-0.093354,-0.018581,0.032062
-0.074515,-0.029002,0.023376
-0.055707,-0.038665,0.010224
-0.037567,-0.046553,-0.007908
-0.023839,-0.056192,-0.024322
-0.014750,-0.067570,-0.037967
-0.009647,-0.079791,-0.049209
-0.007879,-0.091960,-0.058411
-0.008792,-0.103181,-0.065938
-0.011734,-0.112559,-0.072153
-0.016053,-0.119198,-0.077420
-0.021096,-0.122203,-0.082104
-0.026211,-0.120679,-0.086568
-0.030832,-0.117944,-0.087594
-0.034788,-0.114623,-0.084660
-0.038008,-0.110665,-0.077916
-0.040422,-0.106020,-0.067515
-0.041959,-0.100638,-0.053608
-0.042546,-0.094469,-0.036346
-0.042114,-0.087462,-0.015882
-0.040591,-0.079567,0.007634
-0.037906,-0.070734,0.034049
-0.036775,-0.062165,0.053918
-0.037600,-0.054231,0.065880
-0.040206,-0.047090,0.070595
-0.044416,-0.040903,0.068720
-0.050056,-0.035831,0.060917
-0.056950,-0.032034,0.047844
-0.064922,-0.029673,0.030161
-0.073796,-0.028906,0.008528
-0.083398,-0.029896,-0.016397
-0.091930,-0.031261,-0.037605
-0.099039,-0.032850,-0.053983
-0.104729,-0.034821,-0.065893
-0.109005,-0.037331,-0.073698
-0.111871,-0.040538,-0.077759
-0.113332,-0.044598,-0.078439
-0.113393,-0.049670,-0.076099
-0.112059,-0.055909,-0.071102
-0.109333,-0.063474,-0.063809
-0.108631,-0.067651,-0.058144
-0.110140,-0.067706,-0.054204
-0.113241,-0.063901,-0.051128
-0.117314,-0.056496,-0.048057
-0.121740,-0.045751,-0.044130
-0.125899,-0.031928,-0.038488
-0.129173,-0.015288,-0.030270
-0.130941,0.003909,-0.018617
-0.130585,0.025402,-0.002669
-0.129698,0.042761,0.010367
-0.128418,0.055134,0.019619
-0.126517,0.063059,0.025804
-0.123768,0.067075,0.029636
-0.119942,0.067723,0.031831
-0.114811,0.065542,0.033103
-0.108148,0.061072,0.034168
-0.099725,0.054851,0.035740
-0.089315,0.047420,0.038535
-0.078905,0.038862,0.043882
-0.069040,0.029639,0.050770
-0.059905,0.020309,0.057599
-0.051682,0.011428,0.062772
-0.044557,0.003553,0.064691
-0.038712,-0.002759,0.061758
-0.034332,-0.006950,0.052373
-0.031601,-0.008465,0.034940
-0.030701,-0.006745,0.007860
-0.030937,-0.004122,-0.018658
-0.032072,-0.001463,-0.042060
-0.033987,0.000732,-0.061711
-0.036563,0.001960,-0.076971
-0.039680,0.001721,-0.087204
-0.043220,-0.000486,-0.091772
-0.047061,-0.005163,-0.090037
-0.051087,-0.012810,-0.081361
-0.055175,-0.023930,-0.065108
-0.059080,-0.036150,-0.044178
-0.062351,-0.048453,-0.020785
-0.064488,-0.060160,0.003030
-0.064993,-0.070595,0.025224
-0.063365,-0.079078,0.043757
-0.059106,-0.084931,0.056586
-0.051716,-0.087476,0.061671
-0.040696,-0.086036,0.056970
-0.025545,-0.079931,0.040440
-0.011892,-0.073559,0.022608
-0.000381,-0.067690,0.006033
0.009592,-0.062185,-0.008715
0.018628,-0.056909,-0.021065
0.027329,-0.051724,-0.030447
0.036298,-0.046494,-0.036292
0.046137,-0.041080,-0.038030
0.057448,-0.035347,-0.035091
0.070834,-0.029157,-0.026905
0.081628,-0.023892,-0.017428
0.089247,-0.019238,-0.008223
0.094124,-0.014464,-0.000256
0.096696,-0.008835,0.005509
0.097396,-0.001616,0.008108
0.096660,0.007926,0.006575
0.094922,0.020525,-0.000054
0.092618,0.036916,-0.012744
0.090182,0.057833,-0.032460
0.085838,0.078931,-0.050536
0.079656,0.098829,-0.065357
0.072171,0.116885,-0.077067
0.063913,0.132455,-0.085813
0.055417,0.144897,-0.091741
0.047216,0.153570,-0.094997
0.039841,0.157829,-0.095728
0.033827,0.157034,-0.094078
0.029706,0.150541,-0.090194
0.028157,0.144041,-0.085976
0.028801,0.138443,-0.081321
0.030990,0.133461,-0.075625
0.034079,0.128806,-0.068286
0.037421,0.124193,-0.058700
0.040371,0.119334,-0.046264
0.042282,0.113942,-0.030375
0.042508,0.107730,-0.010428
0.040403,0.100411,0.014178
0.036254,0.096318,0.037539
0.030716,0.095379,0.058165
0.024537,0.096422,0.075671
0.018464,0.098276,0.089672
0.013246,0.099769,0.099783
0.009630,0.099728,0.105618
0.008363,0.096981,0.106793
0.010194,0.090357,0.102922
0.015869,0.078684,0.093621
0.022951,0.063848,0.081869
0.030655,0.046855,0.068610
0.038611,0.028489,0.054283
0.046448,0.009536,0.039324
0.053796,-0.009219,0.024170
0.060284,-0.026992,0.009257
0.065542,-0.042998,-0.004977
0.069200,-0.056450,-0.018096
0.070886,-0.066566,-0.029663
0.070982,-0.075611,-0.038046
0.069626,-0.083915,-0.042928
0.066897,-0.091324,-0.044316
0.062874,-0.097682,-0.042221
0.057634,-0.102835,-0.036651
0.051256,-0.106629,-0.027617
0.043818,-0.108907,-0.015126
0.035399,-0.109517,0.000811
0.026077,-0.108302,0.020186
0.015363,-0.106843,0.036030
0.003765,-0.105224,0.047613
-0.007961,-0.103152,0.055766
-0.019056,-0.100335,0.061319
-0.028764,-0.096483,0.065101
-0.036329,-0.091304,0.067944
-0.040991,-0.084505,0.070677
-0.041996,-0.075796,0.074130
-0.038584,-0.064884,0.079134
-0.032056,-0.053086,0.081752
-0.023157,-0.041023,0.081633
-0.012494,-0.029145,0.079321
-0.000675,-0.017902,0.075362
0.011693,-0.007742,0.070300
0.024003,0.000885,0.064680
0.035647,0.007529,0.059046
0.046018,0.011741,0.053944
0.054508,0.013072,0.049918
0.060015,0.015924,0.047383
0.062849,0.020948,0.046190
0.063676,0.027852,0.046047
0.063159,0.036347,0.046662
0.061965,0.046145,0.047743
0.060757,0.056954,0.048999
0.060201,0.068485,0.050136
0.060961,0.080450,0.050865
0.063702,0.092557,0.050893
0.064277,0.103109,0.049301
0.062289,0.111542,0.046038
0.058282,0.117578,0.041263
0.052799,0.120937,0.035140
0.046383,0.121341,0.027830
0.039578,0.118511,0.019494
0.032926,0.112167,0.010295
0.026971,0.102032,0.000395
0.022256,0.087826,-0.010045
0.018915,0.075847,-0.018904
0.016832,0.066989,-0.025911
0.015825,0.060795,-0.031262
0.015713,0.056808,-0.035150
0.016317,0.054572,-0.037769
0.017454,0.053628,-0.039312
0.018945,0.053520,-0.039974
0.020608,0.053791,-0.039948
0.022263,0.053985,-0.039429
0.023305,0.054228,-0.038378
0.023705,0.054534,-0.036885
0.023576,0.054882,-0.035072
0.023030,0.055255,-0.033060
0.022183,0.055634,-0.030971
0.021145,0.056000,-0.028926
0.020031,0.056336,-0.027048
0.018955,0.056622,-0.025457
0.018028,0.056840,-0.024276
0.017915,0.057822,-0.023004
0.018593,0.059523,-0.021586
0.019871,0.061677,-0.020075
0.021557,0.064019,-0.018523
0.023457,0.066283,-0.016985
0.025381,0.068203,-0.015513
0.027134,0.069515,-0.014161
0.028526,0.069952,-0.012983
0.029363,0.069249,-0.012031
0.029836,0.068549,-0.010707
0.030053,0.068036,-0.009053
0.030099,0.067660,-0.007265
0.030059,0.067367,-0.005542
0.030021,0.067105,-0.004082
0.030071,0.066822,-0.003085
0.030294,0.066464,-0.002748
0.030776,0.065980,-0.003270
0.031603,0.065316,-0.004849
0.032333,0.064215,-0.006386
0.032906,0.062711,-0.007724
0.033361,0.060910,-0.008946
0.033734,0.058919,-0.010132
0.034064,0.056846,-0.011362
0.034388,0.054797,-0.012719
0.034744,0.052881,-0.014282
0.035170,0.051203,-0.016134
0.035703,0.049871,-0.018354
0.035209,0.049388,-0.020388
0.033693,0.049577,-0.022191
0.031448,0.050092,-0.023849
0.028765,0.050585,-0.025449
0.025936,0.050711,-0.027076
0.023253,0.050123,-0.028815
0.021008,0.048473,-0.030753
0.019492,0.045416,-0.032975
0.018998,0.040604,-0.035567
0.019382,0.033662,-0.039212
