0.000000,0.000000,0.000000
0.001670,-0.010588,-0.001082
0.003086,-0.015481,-0.000677
0.004272,-0.016198,0.000669
0.005257,-0.014260,0.002409
0.006066,-0.011185,0.003999
0.006891,-0.008906,0.005392
0.007710,-0.007663,0.006547
0.008450,-0.007274,0.007421
0.009036,-0.007557,0.007973
0.009392,-0.008330,0.008161
0.009446,-0.009411,0.007944
0.009123,-0.010618,0.007280
0.008347,-0.011770,0.006128
0.007046,-0.012683,0.004445
0.005818,-0.013198,0.002457
0.004744,-0.013340,0.000290
0.003774,-0.013180,-0.001953
0.002860,-0.012791,-0.004169
0.001950,-0.012243,-0.006257
0.000996,-0.011607,-0.008113
-0.000051,-0.010956,-0.009636
-0.001243,-0.010360,-0.010724
-0.002627,-0.009891,-0.011273
-0.003408,-0.009620,-0.011588
-0.003569,-0.009525,-0.011756
-0.003294,-0.009560,-0.011804
-0.002763,-0.009677,-0.011764
-0.002157,-0.009831,-0.011665
-0.001660,-0.009976,-0.011536
-0.001451,-0.010065,-0.011408
-0.001713,-0.010052,-0.011310
-0.002627,-0.009891,-0.011273
-0.003181,-0.009577,-0.010950
-0.003240,-0.009174,-0.010317
-0.002888,-0.008761,-0.009426
-0.002210,-0.008419,-0.008330
-0.001291,-0.008229,-0.007083
-0.000215,-0.008269,-0.005737
0.000933,-0.008622,-0.004345
0.002068,-0.009366,-0.002962
0.003105,-0.010582,-0.001640
0.003797,-0.011937,-0.000699
0.004161,-0.013267,-0.000124
0.004280,-0.014452,0.000183
0.004239,-0.015373,0.000322
0.004119,-0.015908,0.000391
0.004007,-0.015937,0.000490
0.003984,-0.015340,0.000717
0.004135,-0.013996,0.001172
0.004543,-0.011786,0.001954
0.004756,-0.010196,0.001825
0.004624,-0.009380,0.000735
0.004075,-0.009152,-0.001069
0.003033,-0.009331,-0.003342
0.001427,-0.009733,-0.005835
-0.000818,-0.010174,-0.008302
-0.003776,-0.010472,-0.010497
-0.007520,-0.010444,-0.012173
-0.012124,-0.009906,-0.013083
-0.016081,-0.009457,-0.014725
-0.019175,-0.009193,-0.017191
-0.021513,-0.009085,-0.020217
-0.023201,-0.009103,-0.023542
-0.024347,-0.009217,-0.026904
-0.025058,-0.009398,-0.030041
-0.025440,-0.009617,-0.032690
-0.025599,-0.009843,-0.034590
-0.025644,-0.010047,-0.035480
-0.025701,-0.011409,-0.035036
-0.025822,-0.013891,-0.033521
-0.026040,-0.017145,-0.031341
-0.026386,-0.020826,-0.028901
-0.026893,-0.024589,-0.026607
-0.027593,-0.028088,-0.024867
-0.028519,-0.030978,-0.024085
-0.029703,-0.032912,-0.024668
-0.031176,-0.033546,-0.027022
-0.031848,-0.033327,-0.028444
-0.031669,-0.032511,-0.028572
-0.030852,-0.031305,-0.027631
-0.029608,-0.029915,-0.025846
-0.028150,-0.028549,-0.023441
-0.026689,-0.027413,-0.020642
-0.025438,-0.026715,-0.017673
-0.024608,-0.026660,-0.014758
-0.024412,-0.027457,-0.012124
-0.024686,-0.029244,-0.010067
-0.025216,-0.031752,-0.008517
-0.025782,-0.034609,-0.007306
-0.026159,-0.037444,-0.006269
-0.026124,-0.039886,-0.005241
-0.025455,-0.041563,-0.004056
-0.023927,-0.042104,-0.002549
-0.021319,-0.041139,-0.000554
-0.017407,-0.038294,0.002095
-0.014408,-0.035016,0.006516
-0.012599,-0.031645,0.012454
-0.011769,-0.028243,0.019310
-0.011710,-0.024874,0.026485
-0.012212,-0.021602,0.033381
-0.013067,-0.018490,0.039397
-0.014064,-0.015601,0.043936
-0.014994,-0.012998,0.046398
-0.015648,-0.010745,0.046184
-0.015886,-0.008895,0.045557
-0.015686,-0.007517,0.044938
-0.015060,-0.006688,0.044292
-0.014019,-0.006481,0.043583
-0.012572,-0.006974,0.042774
-0.010732,-0.008241,0.041830
-0.008508,-0.010357,0.040714
-0.005911,-0.013397,0.039391
-0.002951,-0.017438,0.037823
-0.000229,-0.021772,0.035926
0.002142,-0.026144,0.033769
0.004168,-0.030414,0.031462
0.005856,-0.034441,0.029115
0.007212,-0.038082,0.026837
0.008244,-0.041197,0.024738
0.008958,-0.043644,0.022928
0.009361,-0.045282,0.021516
0.009460,-0.045969,0.020611
0.008690,-0.046620,0.020391
0.007129,-0.047380,0.020737
0.005019,-0.048204,0.021460
0.002596,-0.049045,0.022370
0.000102,-0.049859,0.023277
-0.002224,-0.050597,0.023992
-0.004144,-0.051216,0.024324
-0.005417,-0.051669,0.024083
-0.005804,-0.051910,0.023080
-0.006095,-0.051891,0.021603
-0.006407,-0.051609,0.019770
-0.006695,-0.051071,0.017657
-0.006909,-0.050284,0.015339
-0.007003,-0.049256,0.012890
-0.006928,-0.047993,0.010387
-0.006638,-0.046503,0.007904
-0.006084,-0.044793,0.005516
-0.005218,-0.042871,0.003300
-0.003217,-0.040792,0.001370
-0.000282,-0.038695,-0.000289
0.003129,-0.036738,-0.001722
0.006558,-0.035077,-0.002976
0.009546,-0.033870,-0.004097
0.011636,-0.033275,-0.005132
0.012370,-0.033450,-0.006127
0.011289,-0.034551,-0.007128
0.007936,-0.036737,-0.008182
0.004285,-0.038452,-0.009205
0.000778,-0.039458,-0.010143
-0.002527,-0.039848,-0.010949
-0.005572,-0.039714,-0.011574
-0.008299,-0.039147,-0.011970
-0.010651,-0.038240,-0.012092
-0.012569,-0.037085,-0.011889
-0.013995,-0.035774,-0.011316
-0.014872,-0.034399,-0.010325
-0.015261,-0.033462,-0.008833
-0.015222,-0.033020,-0.006924
-0.014817,-0.033022,-0.004725
-0.014107,-0.033415,-0.002362
-0.013155,-0.034147,0.000039
-0.012020,-0.035164,0.002352
-0.010766,-0.036416,0.004451
-0.009453,-0.037848,0.006209
-0.008143,-0.039409,0.007501
-0.007016,-0.041136,0.008812
-0.006093,-0.042955,0.010132
-0.005354,-0.044767,0.011328
-0.004780,-0.046470,0.012265
-0.004352,-0.047963,0.012811
-0.004049,-0.049146,0.012832
-0.003852,-0.049919,0.012194
-0.003742,-0.050179,0.010762
-0.003699,-0.049827,0.008405
-0.004460,-0.051008,0.004985
-0.006046,-0.053474,0.000842
-0.008301,-0.056381,-0.003565
-0.011065,-0.058882,-0.007779
-0.014181,-0.060130,-0.011340
-0.017492,-0.059281,-0.013790
-0.020840,-0.055489,-0.014672
-0.024066,-0.047907,-0.013525
-0.027014,-0.035690,-0.009893
-0.028665,-0.021954,-0.006590
-0.028957,-0.008042,-0.004543
-0.028066,0.005147,-0.004210
-0.026167,0.016717,-0.006048
-0.023436,0.025767,-0.010514
-0.020048,0.031401,-0.018066
-0.016181,0.032719,-0.029161
-0.012008,0.028824,-0.044255
-0.007707,0.018817,-0.063807
-0.004263,0.010917,-0.080283
-0.001719,0.006213,-0.092471
0.000117,0.004013,-0.100737
0.001439,0.003622,-0.105449
0.002439,0.004349,-0.106972
0.003310,0.005501,-0.105673
0.004244,0.006384,-0.101920
0.005436,0.006307,-0.096078
0.007077,0.004575,-0.088515
0.008160,0.003467,-0.081990
0.008691,0.003327,-0.076909
0.008932,0.004015,-0.073089
0.009142,0.005393,-0.070347
0.009582,0.007321,-0.068502
0.010514,0.009661,-0.067369
0.012198,0.012273,-0.066767
0.014895,0.015017,-0.066513
0.018865,0.017756,-0.066425
0.021868,0.021921,-0.066564
0.023768,0.027172,-0.066860
0.024959,0.032729,-0.067212
0.025834,0.037810,-0.067517
0.026785,0.041634,-0.067672
0.028205,0.043419,-0.067575
0.030487,0.042384,-0.067123
0.034023,0.037747,-0.066215
0.039206,0.028728,-0.064746
0.043567,0.019565,-0.061141
0.046539,0.011369,-0.055469
0.048030,0.004472,-0.048207
0.047951,-0.000796,-0.039835
0.046210,-0.004104,-0.030832
0.042716,-0.005121,-0.021677
0.037379,-0.003517,-0.012849
0.030107,0.001040,-0.004827
0.020809,0.008879,0.001911
0.012354,0.015855,0.006440
0.005213,0.021254,0.008905
-0.000740,0.025218,0.009716
-0.005631,0.027889,0.009283
-0.009586,0.029412,0.008017
-0.012731,0.029928,0.006328
-0.015193,0.029581,0.004626
-0.017098,0.028512,0.003323
-0.018572,0.026865,0.002827
-0.020168,0.023604,0.003774
-0.021887,0.018757,0.006075
-0.023591,0.012616,0.009466
-0.025143,0.005475,0.013678
-0.026407,-0.002371,0.018445
-0.027246,-0.010629,0.023500
-0.027522,-0.019006,0.028576
-0.027098,-0.027208,0.033407
-0.025838,-0.034941,0.037726
-0.026792,-0.041708,0.042917
-0.029614,-0.047382,0.049100
-0.033109,-0.051930,0.056076
-0.036082,-0.055319,0.063650
-0.037338,-0.057515,0.071623
-0.035681,-0.058484,0.079799
-0.029917,-0.058192,0.087980
-0.018850,-0.056607,0.095969
-0.001285,-0.053695,0.103569
0.013457,-0.049786,0.109390
0.023964,-0.045128,0.113391
0.030804,-0.039949,0.115872
0.034545,-0.034477,0.117133
0.035755,-0.028940,0.117473
0.035000,-0.023565,0.117190
0.032849,-0.018581,0.116584
0.029868,-0.014215,0.115954
0.026626,-0.010695,0.115599
0.023995,-0.006966,0.115356
0.022045,-0.002853,0.115156
0.020641,0.001602,0.114955
0.019650,0.006357,0.114709
0.018940,0.011368,0.114373
0.018377,0.016592,0.113904
0.017827,0.021986,0.113257
0.017157,0.027508,0.112388
0.016234,0.033114,0.111252
0.014537,0.038744,0.110871
0.012226,0.044196,0.111178
0.009631,0.049234,0.111837
0.007082,0.053623,0.112510
0.004910,0.057128,0.112860
0.003443,0.059511,0.112550
0.003014,0.060537,0.111243
0.003951,0.059971,0.108603
0.006585,0.057577,0.104291
0.009489,0.057448,0.100413
0.012348,0.059593,0.097377
0.015126,0.062999,0.095166
0.017787,0.066655,0.093762
0.020293,0.069548,0.093147
0.022608,0.070666,0.093304
0.024696,0.068996,0.094217
0.026519,0.063527,0.095867
0.028042,0.053245,0.098237
0.030117,0.043230,0.099827
0.032736,0.034469,0.100459
0.035671,0.026925,0.100287
0.038698,0.020560,0.099465
0.041590,0.015338,0.098146
0.044122,0.011222,0.096483
0.046068,0.008176,0.094631
0.047203,0.006161,0.092742
0.047300,0.005142,0.090971
0.046974,0.003416,0.088709
0.046365,0.000863,0.086009
0.045497,-0.002239,0.083092
0.044390,-0.005612,0.080174
0.043068,-0.008980,0.077476
0.041552,-0.012066,0.075216
0.039865,-0.014591,0.073612
0.038029,-0.016280,0.072884
0.036066,-0.016854,0.073249
0.034750,-0.017955,0.073069
0.034107,-0.019733,0.072154
0.033976,-0.021966,0.070678
0.034200,-0.024430,0.068816
0.034616,-0.026904,0.066742
0.035067,-0.029164,0.064629
0.035391,-0.030988,0.062652
0.035429,-0.032154,0.060984
0.035022,-0.032438,0.059800
0.033726,-0.031781,0.059803
0.031719,-0.030492,0.060619
0.029331,-0.028971,0.061605
0.026893,-0.027618,0.062117
0.024736,-0.026836,0.061514
0.023191,-0.027024,0.059151
0.022589,-0.028583,0.054387
0.023259,-0.031914,0.046577
0.025535,-0.037417,0.035080
0.027633,-0.043437,0.023462
0.029313,-0.049302,0.012722
0.030720,-0.054586,0.003214
0.031998,-0.058866,-0.004709
0.033289,-0.061715,-0.010691
0.034740,-0.062710,-0.014378
0.036493,-0.061425,-0.015417
0.038693,-0.057435,-0.013452
0.041484,-0.050315,-0.008129
0.043582,-0.045393,-0.003157
0.044626,-0.042961,0.000920
0.044488,-0.042050,0.004351
0.043039,-0.041692,0.007382
0.040151,-0.040919,0.010261
0.035696,-0.038763,0.013235
0.029544,-0.034255,0.016552
0.021567,-0.026427,0.020458
0.011637,-0.014310,0.025202
0.002833,-0.001000,0.027450
-0.004101,0.012397,0.027215
-0.009000,0.025268,0.025346
-0.011702,0.036999,0.022693
-0.012045,0.046979,0.020105
-0.009865,0.054594,0.018432
-0.004999,0.059233,0.018523
0.002715,0.060282,0.021227
0.013441,0.057130,0.027393
0.023493,0.054029,0.032184
0.032196,0.051674,0.034877
0.039627,0.049872,0.035781
0.045862,0.048427,0.035204
0.050977,0.047146,0.033455
0.055050,0.045834,0.030842
0.058156,0.044296,0.027673
0.060373,0.042339,0.024258
0.061777,0.039768,0.020904
0.062399,0.038522,0.017688
0.062351,0.038651,0.014692
0.061762,0.039734,0.011997
0.060765,0.041350,0.009683
0.059490,0.043076,0.007833
0.058069,0.044493,0.006527
0.056630,0.045177,0.005846
0.055307,0.044709,0.005872
0.054229,0.042667,0.006686
0.053566,0.037365,0.006138
0.053205,0.028962,0.004226
0.052963,0.018078,0.001482
0.052657,0.005330,-0.001560
0.052104,-0.008662,-0.004367
0.051122,-0.023278,-0.006407
0.049525,-0.037900,-0.007147
0.047133,-0.051909,-0.006052
0.043761,-0.064685,-0.002590
0.039858,-0.074184,0.001471
0.035655,-0.080280,0.005661
0.031330,-0.083330,0.009829
0.027058,-0.083691,0.013829
0.023018,-0.081718,0.017512
0.019386,-0.077768,0.020728
0.016340,-0.072198,0.023330
0.014056,-0.065363,0.025169
0.012711,-0.057619,0.026097
0.012242,-0.050193,0.027524
0.012558,-0.043305,0.029528
0.013561,-0.036923,0.031855
0.015152,-0.031016,0.034249
0.017234,-0.025552,0.036455
0.019707,-0.020499,0.038219
0.022475,-0.015827,0.039285
0.025439,-0.011503,0.039398
0.028500,-0.007497,0.038305
0.031793,-0.005264,0.036837
0.035201,-0.004782,0.035031
0.038540,-0.005662,0.032725
0.041631,-0.007513,0.029753
0.044290,-0.009944,0.025954
0.046338,-0.012566,0.021163
0.047592,-0.014987,0.015217
0.047872,-0.016817,0.007953
0.046994,-0.017666,-0.000793
0.047022,-0.018717,-0.009719
0.048130,-0.020129,-0.018490
0.050018,-0.021807,-0.027013
0.052389,-0.023654,-0.035194
0.054942,-0.025574,-0.042940
0.057381,-0.027471,-0.050156
0.059405,-0.029249,-0.056749
0.060718,-0.030812,-0.062626
0.061019,-0.032063,-0.067693
0.059683,-0.031555,-0.071504
0.056919,-0.029005,-0.074049
0.053142,-0.024425,-0.075425
0.048770,-0.017824,-0.075728
0.044220,-0.009213,-0.075056
0.039907,0.001398,-0.073506
0.036249,0.013998,-0.071175
0.033662,0.028577,-0.068159
0.032564,0.045125,-0.064557
0.031120,0.057645,-0.060669
0.029080,0.065796,-0.056598
0.026585,0.070652,-0.052399
0.023779,0.073285,-0.048126
0.020804,0.074770,-0.043834
0.017802,0.076179,-0.039576
0.014917,0.078586,-0.035408
0.012290,0.083065,-0.031382
0.010066,0.090687,-0.027554
0.009161,0.098203,-0.024489
0.009571,0.104604,-0.021908
0.011061,0.109443,-0.019320
0.013396,0.112271,-0.016235
0.016343,0.112640,-0.012164
0.019664,0.110103,-0.006616
0.023127,0.104212,0.000900
0.026495,0.094519,0.010872
0.029535,0.080577,0.023792
0.031847,0.068497,0.036364
0.033562,0.058913,0.047924
0.034946,0.051087,0.058467
0.036263,0.044281,0.067986
0.037778,0.037758,0.076477
0.039754,0.030779,0.083934
0.042456,0.022608,0.090350
0.046149,0.012505,0.095721
0.051096,-0.000265,0.100041
0.054744,-0.009440,0.103666
0.056765,-0.014354,0.106217
0.057392,-0.015738,0.107128
0.056854,-0.014327,0.105836
0.055383,-0.010853,0.101777
0.053211,-0.006048,0.094386
0.050568,-0.000647,0.083100
0.047686,0.004620,0.067354
0.044796,0.009017,0.046585
0.043480,0.013370,0.030279
0.043714,0.017383,0.019328
0.045072,0.020478,0.012473
0.047126,0.022081,0.008457
0.049451,0.021615,0.006020
0.051619,0.018504,0.003905
0.053205,0.012172,0.000853
0.053781,0.002044,-0.004394
0.052922,-0.012458,-0.013095
0.051935,-0.024356,-0.020830
0.051070,-0.032706,-0.026824
0.050314,-0.038070,-0.031212
0.049653,-0.041008,-0.034127
0.049074,-0.042083,-0.035706
0.048562,-0.041857,-0.036082
0.048103,-0.040891,-0.035391
0.047684,-0.039747,-0.033766
0.047291,-0.038987,-0.031343
0.048126,-0.035252,-0.031811
0.049897,-0.028536,-0.035368
0.051941,-0.019666,-0.041340
0.053593,-0.009474,-0.049055
0.054189,0.001212,-0.057838
0.053066,0.011563,-0.067015
0.049558,0.020748,-0.075913
0.043002,0.027938,-0.083859
0.032733,0.032303,-0.090179
0.022340,0.036090,-0.095916
0.012607,0.039793,-0.101281
0.003618,0.043470,-0.106274
-0.004541,0.047180,-0.110897
-0.011786,0.050981,-0.115149
-0.018034,0.054931,-0.119034
-0.023199,0.059088,-0.122550
-0.027198,0.063510,-0.125699
-0.029945,0.068255,-0.128482
-0.034331,0.072022,-0.131285
-0.040494,0.074449,-0.133990
-0.047885,0.075410,-0.136355
-0.055956,0.074781,-0.138140
-0.064158,0.072435,-0.139101
-0.071941,0.068247,-0.138996
-0.078757,0.062091,-0.137584
-0.084057,0.053841,-0.134623
-0.087292,0.043372,-0.129870
-0.089717,0.030756,-0.124912
-0.091628,0.016662,-0.120079
-0.093079,0.001908,-0.115390
-0.094125,-0.012685,-0.110863
-0.094820,-0.026301,-0.106518
-0.095220,-0.038120,-0.102371
-0.095378,-0.047323,-0.098443
-0.095351,-0.053092,-0.094750
-0.095192,-0.054608,-0.091312
-0.094786,-0.054645,-0.089272
-0.094102,-0.053867,-0.088629
-0.093130,-0.052417,-0.089092
-0.091862,-0.050433,-0.090373
-0.090286,-0.048058,-0.092184
-0.088393,-0.045430,-0.094234
-0.086174,-0.042690,-0.096235
-0.083619,-0.039978,-0.097899
-0.080718,-0.037435,-0.098935
-0.078974,-0.037012,-0.099673
-0.078457,-0.038784,-0.100145
-0.078878,-0.042358,-0.100309
-0.079948,-0.047338,-0.100121
-0.081380,-0.053331,-0.099540
-0.082884,-0.059943,-0.098523
-0.084171,-0.066780,-0.097028
-0.084954,-0.073448,-0.095013
-0.084943,-0.079554,-0.092435
-0.085307,-0.085481,-0.091699
-0.086164,-0.091295,-0.092899
-0.087369,-0.096983,-0.095552
-0.088779,-0.102531,-0.099176
-0.090250,-0.107925,-0.103287
-0.091638,-0.113152,-0.107402
-0.092799,-0.118197,-0.111038
-0.093589,-0.123048,-0.113713
-0.093865,-0.127690,-0.114942
-0.094609,-0.128975,-0.114576
-0.095750,-0.126881,-0.112790
-0.096953,-0.122169,-0.109847
-0.097880,-0.115601,-0.106005
-0.098197,-0.107938,-0.101525
-0.097566,-0.099942,-0.096667
-0.095653,-0.092373,-0.091691
-0.092120,-0.085992,-0.086858
-0.086633,-0.081562,-0.082426
-0.080653,-0.076766,-0.078123
-0.074697,-0.071162,-0.073907
-0.069048,-0.064772,-0.069800
-0.063986,-0.057619,-0.065821
-0.059792,-0.049726,-0.061989
-0.056748,-0.041116,-0.058326
-0.055134,-0.031813,-0.054850
-0.055233,-0.021840,-0.051582
-0.057324,-0.011219,-0.048542
-0.060806,-0.004007,-0.044834
-0.065105,-0.000360,-0.040393
-0.069651,0.000540,-0.035364
-0.073876,-0.000491,-0.029889
-0.077212,-0.002633,-0.024114
-0.079089,-0.005071,-0.018180
-0.078938,-0.006985,-0.012231
-0.076193,-0.007559,-0.006411
-0.070282,-0.005974,-0.000864
-0.063897,-0.002806,0.005762
-0.057506,0.001414,0.013054
-0.051023,0.006164,0.020154
-0.044362,0.010921,0.026205
-0.037439,0.015165,0.030351
-0.030166,0.018373,0.031736
-0.022459,0.020023,0.029503
-0.014231,0.019593,0.022796
-0.005397,0.016562,0.010757
0.004002,0.013237,-0.003232
0.013637,0.010118,-0.017776
0.023107,0.007255,-0.031974
0.032009,0.004700,-0.044926
0.039943,0.002501,-0.055731
0.046508,0.000709,-0.063489
0.051302,-0.000625,-0.067300
0.053924,-0.001453,-0.066263
0.053972,-0.001723,-0.059478
0.051286,0.000312,-0.053299
0.046455,0.004323,-0.048818
0.040257,0.009460,-0.045807
0.033470,0.014876,-0.044040
0.026871,0.019721,-0.043291
0.021238,0.023147,-0.043333
0.017349,0.024304,-0.043941
0.015981,0.022344,-0.044888
0.017912,0.016419,-0.045948
0.019819,0.011023,-0.046394
0.021108,0.006947,-0.046209
0.021866,0.004055,-0.045553
0.022181,0.002209,-0.044586
0.022139,0.001274,-0.043469
0.021829,0.001113,-0.042361
0.021338,0.001590,-0.041425
0.020753,0.002569,-0.040819
0.020161,0.003912,-0.040703
0.020449,0.003518,-0.039650
0.021587,0.001486,-0.037508
0.023316,-0.001530,-0.034452
0.025376,-0.004880,-0.030652
0.027509,-0.007911,-0.026280
0.029457,-0.009971,-0.021509
0.030960,-0.010410,-0.016509
0.031759,-0.008575,-0.011453
0.031595,-0.003814,-0.006514
0.031884,0.002354,-0.002495
0.032697,0.009287,0.000690
0.033772,0.016562,0.003349
0.034845,0.023756,0.005794
0.035652,0.030444,0.008334
0.035930,0.036203,0.011277
0.035415,0.040611,0.014935
0.033843,0.043243,0.019617
0.030952,0.043677,0.025632
0.026016,0.043870,0.032426
0.019243,0.044120,0.039539
0.011075,0.044310,0.046534
0.001954,0.044321,0.052975
-0.007678,0.044036,0.058424
-0.017380,0.043336,0.062445
-0.026709,0.042103,0.064602
-0.035225,0.040220,0.064457
-0.042486,0.037568,0.061575
-0.050341,0.037346,0.057413
-0.058781,0.039480,0.052552
-0.067330,0.043081,0.047348
-0.075509,0.047257,0.042159
-0.082844,0.051120,0.037344
-0.088858,0.053777,0.033260
-0.093074,0.054340,0.030264
-0.095016,0.051917,0.028716
-0.094207,0.045619,0.028972
-0.093104,0.038356,0.031471
-0.092047,0.030838,0.035755
-0.090848,0.023223,0.041145
-0.089318,0.015671,0.046963
-0.087271,0.008341,0.052527
-0.084518,0.001391,0.057160
-0.080870,-0.005020,0.060181
-0.076139,-0.010731,0.060911
-0.070138,-0.015586,0.058670
-0.065875,-0.020381,0.055439
-0.063597,-0.025333,0.051736
-0.062863,-0.030510,0.047718
-0.063231,-0.035984,0.043539
-0.064258,-0.041822,0.039353
-0.065502,-0.048096,0.035316
-0.066522,-0.054874,0.031582
-0.066876,-0.062226,0.028305
-0.066120,-0.070222,0.025641
-0.063763,-0.076901,0.023992
-0.060011,-0.081807,0.023379
-0.055247,-0.084861,0.023732
-0.049853,-0.085983,0.024979
-0.044211,-0.085094,0.027048
-0.038703,-0.082116,0.029867
-0.033713,-0.076968,0.033364
-0.029621,-0.069571,0.037469
-0.026811,-0.059847,0.042108
-0.025014,-0.051209,0.046280
-0.024005,-0.044215,0.049681
-0.023569,-0.038708,0.052186
-0.023492,-0.034535,0.053668
-0.023558,-0.031537,0.053999
-0.023552,-0.029561,0.053054
-0.023261,-0.028449,0.050704
-0.022469,-0.028047,0.046825
-0.020961,-0.028198,0.041288
-0.019134,-0.027955,0.036205
-0.017148,-0.027159,0.031920
-0.015102,-0.025852,0.028337
-0.013096,-0.024073,0.025359
-0.011228,-0.021862,0.022888
-0.009599,-0.019260,0.020828
-0.008307,-0.016307,0.019083
-0.007452,-0.013043,0.017555
-0.007134,-0.009508,0.016148
-0.007553,-0.007739,0.015432
-0.008580,-0.007845,0.015535
-0.010008,-0.009452,0.016473
-0.011626,-0.012189,0.018262
-0.013226,-0.015683,0.020918
-0.014597,-0.019561,0.024458
-0.015531,-0.023450,0.028897
-0.015819,-0.026979,0.034252
-0.015251,-0.029774,0.040539
-0.013022,-0.032734,0.047102
-0.009163,-0.035872,0.053347
-0.003908,-0.038982,0.058694
0.002505,-0.041856,0.062565
0.009839,-0.044287,0.064382
0.017858,-0.046067,0.063564
0.026325,-0.046989,0.059533
0.035003,-0.046845,0.051711
0.043656,-0.045429,0.039518
0.050915,-0.044633,0.027659
0.056634,-0.044574,0.017219
0.060974,-0.044928,0.008379
0.064096,-0.045368,0.001320
0.066160,-0.045569,-0.003777
0.067329,-0.045206,-0.006731
0.067762,-0.043953,-0.007361
0.067620,-0.041485,-0.005486
0.067064,-0.037477,-0.000925
0.066001,-0.035775,0.003597
0.064531,-0.036767,0.007533
0.062801,-0.039974,0.010879
0.060957,-0.044916,0.013632
0.059147,-0.051117,0.015789
0.057518,-0.058096,0.017348
0.056217,-0.065375,0.018305
0.055391,-0.072476,0.018656
0.055188,-0.078920,0.018400
0.054010,-0.083702,0.017170
0.051818,-0.086780,0.015080
0.048960,-0.088350,0.012365
0.045788,-0.088610,0.009262
0.042651,-0.087758,0.006004
0.039899,-0.085991,0.002828
0.037883,-0.083506,-0.000031
0.036952,-0.080501,-0.002339
0.037455,-0.077173,-0.003859
0.039031,-0.072429,-0.005749
0.041458,-0.066125,-0.008155
0.044552,-0.058358,-0.010971
0.048128,-0.049223,-0.014088
0.052002,-0.038817,-0.017401
0.055990,-0.027234,-0.020802
0.059908,-0.014571,-0.024184
0.063569,-0.000923,-0.027441
0.066792,0.013614,-0.030466
0.068540,0.026477,-0.031754
0.068748,0.037177,-0.031377
0.067595,0.045741,-0.029804
0.065257,0.052198,-0.027500
0.061910,0.056574,-0.024934
0.057733,0.058898,-0.022573
0.052902,0.059198,-0.020884
0.047594,0.057501,-0.020333
0.041987,0.053836,-0.021390
0.037785,0.047166,-0.021966
0.035091,0.038105,-0.021696
0.033609,0.027681,-0.020642
0.033041,0.016919,-0.018867
0.033089,0.006846,-0.016435
0.033455,-0.001510,-0.013408
0.033843,-0.007123,-0.009850
0.033955,-0.008967,-0.005822
0.033493,-0.006015,-0.001390
0.033527,-0.000783,0.002089
0.034071,0.005789,0.004625
0.034871,0.013160,0.006570
0.035677,0.020784,0.008279
0.036235,0.028118,0.010104
0.036294,0.034618,0.012398
0.035601,0.039740,0.015516
0.033904,0.042941,0.019809
0.030952,0.043677,0.025632
0.025852,0.042896,0.030703
0.018857,0.040927,0.034691
0.010504,0.037939,0.037754
0.001331,0.034105,0.040047
-0.008125,0.029594,0.041726
-0.017325,0.024580,0.042949
-0.025731,0.019232,0.043872
-0.032806,0.013722,0.044650
-0.038013,0.008221,0.045441
-0.040992,0.000441,0.048318
-0.041868,-0.009384,0.053202
-0.040881,-0.020386,0.059480
-0.038275,-0.031699,0.066537
-0.034291,-0.042456,0.073757
-0.029172,-0.051790,0.080525
-0.023160,-0.058835,0.086228
-0.016497,-0.062724,0.090249
-0.009425,-0.062590,0.091974
-0.002999,-0.061544,0.092502
0.002754,-0.060227,0.091896
0.008068,-0.058663,0.089962
0.013172,-0.056876,0.086504
0.018299,-0.054889,0.081326
0.023679,-0.052728,0.074234
0.029545,-0.050414,0.065033
0.036127,-0.047974,0.053526
0.043656,-0.045429,0.039518
0.049923,-0.041966,0.026937
0.054598,-0.037665,0.016590
0.057820,-0.032828,0.008507
0.059731,-0.027760,0.002719
0.060471,-0.022764,-0.000745
0.060180,-0.018143,-0.001855
0.058999,-0.014203,-0.000582
0.057068,-0.011245,0.003105
0.054528,-0.009574,0.009236
0.052608,-0.007387,0.014550
0.051324,-0.004661,0.018699
0.050389,-0.001822,0.022063
0.049513,0.000708,0.025018
0.048409,0.002503,0.027944
0.046790,0.003139,0.031218
0.044366,0.002194,0.035221
0.040851,-0.000759,0.040329
0.035956,-0.006142,0.046922
0.032515,-0.009681,0.055702
0.030876,-0.010716,0.066112
0.030763,-0.009490,0.077279
0.031901,-0.006248,0.088330
0.034014,-0.001233,0.098391
0.036827,0.005311,0.106591
0.040065,0.013140,0.112056
0.043453,0.022011,0.113913
0.046714,0.031680,0.111289
0.049121,0.040741,0.107557
0.050710,0.048768,0.103437
0.051707,0.055579,0.098986
0.052343,0.060991,0.094257
0.052844,0.064823,0.089308
0.053438,0.066891,0.084195
0.054355,0.067014,0.078972
0.055820,0.065009,0.073696
0.058064,0.060694,0.068423
0.059173,0.056180,0.062493
0.058820,0.051917,0.055998
0.057072,0.047942,0.049217
0.053995,0.044290,0.042430
0.049656,0.040998,0.035915
0.044121,0.038100,0.029951
0.037458,0.035633,0.024818
0.029734,0.033632,0.020795
0.021015,0.032134,0.018161
0.013266,0.032325,0.015968
0.006881,0.033997,0.013818
0.001861,0.036589,0.011447
-0.001795,0.039543,0.008592
-0.004084,0.042300,0.004990
-0.005006,0.044301,0.000379
-0.004561,0.044988,-0.005505
-0.002747,0.043802,-0.012924
0.000436,0.040182,-0.022141
0.003927,0.036737,-0.032197
0.007406,0.033817,-0.042492
0.010739,0.031214,-0.052518
0.013792,0.028716,-0.061767
0.016431,0.026114,-0.069730
0.018521,0.023198,-0.075899
0.019928,0.019756,-0.079765
0.020519,0.015580,-0.080821
0.020158,0.010459,-0.078557
0.020054,0.006923,-0.075216
0.020193,0.004987,-0.071487
0.020258,0.004034,-0.067672
0.019931,0.003448,-0.064075
0.018894,0.002614,-0.060996
0.016828,0.000915,-0.058739
0.013417,-0.002264,-0.057606
0.008342,-0.007539,-0.057898
0.001285,-0.015526,-0.059918
-0.005409,-0.020332,-0.062770
-0.011187,-0.021377,-0.066180
-0.015940,-0.019409,-0.070036
-0.019564,-0.015179,-0.074221
-0.021952,-0.009434,-0.078621
-0.022996,-0.002925,-0.083122
-0.022592,0.003599,-0.087608
-0.020632,0.009391,-0.091964
-0.017010,0.013699,-0.096077
-0.013391,0.018976,-0.101599
-0.010155,0.025068,-0.108226
-0.007360,0.031171,-0.115165
-0.005064,0.036482,-0.121621
-0.003324,0.040198,-0.126800
-0.002199,0.041514,-0.129909
-0.001746,0.039628,-0.130153
-0.002023,0.033735,-0.126738
-0.003088,0.023031,-0.118870
-0.004485,0.012728,-0.107548
-0.006054,0.004099,-0.093520
-0.007709,-0.002561,-0.077471
-0.009363,-0.006962,-0.060085
-0.010931,-0.008810,-0.042047
-0.012326,-0.007814,-0.024043
-0.013463,-0.003680,-0.006756
-0.014254,0.003883,0.009128
-0.014614,0.015169,0.022924
-0.011391,0.028558,0.030894
-0.004719,0.042883,0.033138
0.004448,0.057087,0.030720
0.015152,0.070116,0.024699
0.026440,0.080913,0.016139
0.037355,0.088423,0.006101
0.046942,0.091590,-0.004352
0.054246,0.089357,-0.014160
0.058311,0.080670,-0.022260
0.060486,0.069201,-0.027029
0.061273,0.056244,-0.028623
0.060958,0.042497,-0.027648
0.059830,0.028656,-0.024706
0.058176,0.015420,-0.020403
0.056286,0.003485,-0.015343
0.054446,-0.006449,-0.010128
0.052946,-0.013686,-0.005364
0.052072,-0.017528,-0.001653
0.051019,-0.019132,0.002283
0.049734,-0.019185,0.006445
0.048350,-0.018254,0.010512
0.047001,-0.016910,0.014165
0.045819,-0.015720,0.017083
0.044940,-0.015253,0.018946
0.044496,-0.016079,0.019434
0.044620,-0.018765,0.018226
0.045448,-0.023881,0.015003
0.045960,-0.028895,0.011393
0.046009,-0.033562,0.007583
0.045663,-0.038209,0.003396
0.044990,-0.043161,-0.001344
0.044060,-0.048746,-0.006812
0.042941,-0.055290,-0.013184
0.041700,-0.063120,-0.020635
0.040408,-0.072563,-0.029342
0.039133,-0.083945,-0.039480
0.036949,-0.092348,-0.046345
0.033946,-0.097087,-0.049367
0.030469,-0.098539,-0.049007
0.026861,-0.097076,-0.045729
0.023464,-0.093074,-0.039993
0.020623,-0.086908,-0.032263
0.018681,-0.078951,-0.023000
0.017982,-0.069579,-0.012667
0.018869,-0.059165,-0.001726
0.021494,-0.050642,0.008058
0.025460,-0.044331,0.016359
0.030235,-0.039904,0.023212
0.035286,-0.037031,0.028652
0.040079,-0.035383,0.032714
0.044082,-0.034631,0.035432
0.046762,-0.034445,0.036842
0.047585,-0.034496,0.036978
0.046018,-0.034456,0.035876
0.043758,-0.033380,0.034107
0.041166,-0.031348,0.031783
0.038270,-0.028690,0.028899
0.035095,-0.025737,0.025450
0.031670,-0.022823,0.021431
0.028021,-0.020278,0.016837
0.024176,-0.018434,0.011663
0.020162,-0.017623,0.005904
0.016006,-0.018176,-0.000444
0.014346,-0.019812,-0.008350
0.015193,-0.022307,-0.017351
0.017898,-0.025453,-0.026623
0.021814,-0.029043,-0.035345
0.026294,-0.032869,-0.042693
0.030689,-0.036723,-0.047847
0.034351,-0.040397,-0.049983
0.036634,-0.043683,-0.048278
0.036889,-0.046374,-0.041912
0.035946,-0.048301,-0.033787
0.034080,-0.049282,-0.024887
0.031426,-0.049126,-0.015715
0.028121,-0.047645,-0.006774
0.024301,-0.044650,0.001435
0.020102,-0.039953,0.008408
0.015659,-0.033363,0.013643
0.011110,-0.024692,0.016637
0.006590,-0.013752,0.016887
0.003002,-0.002799,0.015854
0.000472,0.007189,0.013961
-0.001066,0.015554,0.011373
-0.001679,0.021637,0.008256
-0.001435,0.024780,0.004775
-0.000399,0.024327,0.001095
0.001360,0.019617,-0.002620
0.003778,0.009993,-0.006203
0.006785,-0.005202,-0.009491
0.007446,-0.019673,-0.014791
0.005482,-0.032351,-0.021614
0.001280,-0.043473,-0.028769
-0.004776,-0.053277,-0.035064
-0.012298,-0.062001,-0.039308
-0.020900,-0.069882,-0.040310
-0.030196,-0.077157,-0.036879
-0.039801,-0.084065,-0.027824
-0.049327,-0.090844,-0.011954
-0.057915,-0.095205,0.005028
-0.065490,-0.097012,0.021390
-0.072174,-0.096667,0.036391
-0.078090,-0.094569,0.049293
-0.083359,-0.091119,0.059355
-0.088104,-0.086719,0.065838
-0.092447,-0.081767,0.068001
-0.096510,-0.076667,0.065105
-0.100416,-0.071817,0.056410
-0.103173,-0.069559,0.045619
-0.104429,-0.069625,0.033687
-0.103993,-0.071100,0.020880
-0.101675,-0.073066,0.007464
-0.097283,-0.074607,-0.006295
-0.090625,-0.074806,-0.020128
-0.081511,-0.072745,-0.033771
-0.069748,-0.067507,-0.046957
-0.055147,-0.058177,-0.059419
-0.041945,-0.049724,-0.068911
-0.030794,-0.042792,-0.075330
-0.021451,-0.036941,-0.079107
-0.013670,-0.031732,-0.080672
-0.007208,-0.026727,-0.080457
-0.001821,-0.021485,-0.078893
0.002737,-0.015568,-0.076410
0.006709,-0.008536,-0.073440
0.010340,0.000049,-0.070415
0.013911,0.007624,-0.068535
0.017423,0.013767,-0.067805
0.020809,0.018594,-0.067930
0.023998,0.022217,-0.068616
0.026923,0.024752,-0.069567
0.029515,0.026312,-0.070490
0.031704,0.027013,-0.071090
0.033422,0.026967,-0.071071
0.034601,0.026290,-0.070139
0.035198,0.024860,-0.069277
0.035292,0.022837,-0.068612
0.034989,0.020455,-0.068061
0.034395,0.017949,-0.067536
0.033617,0.015551,-0.066954
0.032762,0.013495,-0.066229
0.031936,0.012015,-0.065275
0.031245,0.011344,-0.064009
0.030797,0.011715,-0.062343
0.032336,0.011375,-0.060369
0.035617,0.010285,-0.058124
0.039902,0.008841,-0.055629
0.044451,0.007435,-0.052907
0.048525,0.006461,-0.049979
0.051384,0.006313,-0.046869
0.052288,0.007384,-0.043598
0.050498,0.010068,-0.040189
0.045275,0.014758,-0.036664
0.039222,0.019257,-0.035393
0.033217,0.023153,-0.036331
0.027704,0.026482,-0.038832
0.023129,0.029276,-0.042248
0.019937,0.031572,-0.045931
0.018572,0.033403,-0.049234
0.019480,0.034805,-0.051510
0.023106,0.035811,-0.052111
0.029895,0.036457,-0.050390
0.037793,0.034163,-0.047246
0.046248,0.028669,-0.043284
0.055086,0.020296,-0.039041
0.064133,0.009365,-0.035049
0.073212,-0.003802,-0.031844
0.082150,-0.018886,-0.029960
0.090771,-0.035565,-0.029931
0.098901,-0.053518,-0.032292
0.106365,-0.072424,-0.037577
0.110514,-0.085416,-0.042726
0.111277,-0.092075,-0.047023
0.109225,-0.093595,-0.050339
0.104933,-0.091172,-0.052544
0.098971,-0.085997,-0.053508
0.091914,-0.079267,-0.053102
0.084332,-0.072174,-0.051196
0.076800,-0.065914,-0.047660
0.069888,-0.061680,-0.042366
0.062267,-0.055475,-0.033240
0.053829,-0.046955,-0.020476
0.044771,-0.036685,-0.004830
0.035291,-0.025231,0.012937
0.025585,-0.013162,0.032067
0.015852,-0.001042,0.051802
0.006290,0.010561,0.071384
-0.002905,0.021080,0.090053
-0.011535,0.029950,0.107051
-0.019779,0.038980,0.120337
-0.027612,0.047767,0.130202
-0.034952,0.055351,0.137518
-0.041720,0.060776,0.143159
-0.047837,0.063083,0.147996
-0.053221,0.061313,0.152902
-0.057794,0.054510,0.158750
-0.061476,0.041713,0.166414
-0.064187,0.021967,0.176764
-0.063836,0.000664,0.186448
-0.060597,-0.020305,0.194313
-0.055211,-0.039927,0.199758
-0.048417,-0.057187,0.202182
-0.040958,-0.071072,0.200982
-0.033572,-0.080567,0.195558
-0.027001,-0.084659,0.185308
-0.021986,-0.082333,0.169631
-0.019266,-0.072577,0.147925
-0.017838,-0.059637,0.126518
-0.016877,-0.044920,0.106889
-0.015597,-0.029127,0.089310
-0.013215,-0.012955,0.074049
-0.008947,0.002896,0.061377
-0.002011,0.017727,0.051562
0.008378,0.030839,0.044873
0.023002,0.041534,0.041582
0.042647,0.049112,0.041956
0.059090,0.054847,0.042802
0.071208,0.058919,0.043253
0.079654,0.061236,0.043022
0.085080,0.061703,0.041824
0.088137,0.060229,0.039374
0.089479,0.056721,0.035386
0.089757,0.051085,0.029575
0.089624,0.043229,0.021654
0.089732,0.033059,0.011340
0.087903,0.027057,0.001068
0.084230,0.025418,-0.008004
0.079370,0.026769,-0.015043
0.073980,0.029736,-0.019213
0.068720,0.032942,-0.019680
0.064246,0.035015,-0.015609
0.061218,0.034579,-0.006165
0.060292,0.030261,0.009487
0.062127,0.020685,0.032182
0.066292,0.009595,0.050915
0.072170,-0.001461,0.064132
0.079097,-0.011484,0.072638
0.086409,-0.019475,0.077239
0.093443,-0.024437,0.078741
0.099533,-0.025369,0.077950
0.104016,-0.021273,0.075672
0.106228,-0.011150,0.072713
0.105506,0.005998,0.069880
0.104217,0.017964,0.066415
0.102834,0.023856,0.061862
0.101353,0.025613,0.055840
0.099769,0.025172,0.047969
0.098079,0.024471,0.037867
0.096279,0.025449,0.025155
0.094365,0.030043,0.009450
0.092334,0.040191,-0.009628
0.090182,0.057833,-0.032460
0.086793,0.076898,-0.052766
0.082190,0.095747,-0.069489
0.076679,0.113842,-0.082880
0.070567,0.130647,-0.093186
0.064161,0.145627,-0.100657
0.057766,0.158246,-0.105543
0.051691,0.167967,-0.108093
0.046241,0.174255,-0.108556
0.041722,0.176574,-0.107182
0.038225,0.177266,-0.104996
0.035730,0.176841,-0.102246
0.034196,0.175350,-0.098984
0.033577,0.172842,-0.095263
0.033831,0.169370,-0.091136
0.034914,0.164984,-0.086655
0.036783,0.159734,-0.081872
0.039393,0.153672,-0.076839
0.042701,0.146848,-0.071610
0.044295,0.138826,-0.066955
0.043953,0.129587,-0.063034
0.042000,0.119213,-0.059856
0.038762,0.107790,-0.057428
0.034563,0.095402,-0.055758
0.029729,0.082133,-0.054856
0.024585,0.068067,-0.054727
0.019456,0.053289,-0.055382
0.014669,0.037883,-0.056827
0.010314,0.023327,-0.057064
0.006263,0.009872,-0.055484
0.002330,-0.002537,-0.051832
-0.001669,-0.013957,-0.045849
-0.005919,-0.024443,-0.037277
-0.010605,-0.034051,-0.025859
-0.015912,-0.042836,-0.011337
-0.022026,-0.050853,0.006546
-0.029130,-0.058159,0.028048
-0.035142,-0.064501,0.044006
-0.039881,-0.069852,0.053313
-0.043647,-0.074247,0.056875
-0.046735,-0.077719,0.055598
-0.049443,-0.080299,0.050390
-0.052069,-0.082022,0.042157
-0.054909,-0.082919,0.031807
-0.058262,-0.083024,0.020244
-0.062424,-0.082369,0.008377
-0.066227,-0.081342,-0.001644
-0.069365,-0.079556,-0.009686
-0.071747,-0.076434,-0.016121
-0.073284,-0.071396,-0.021319
-0.073884,-0.063864,-0.025654
-0.073458,-0.053259,-0.029496
-0.071915,-0.039002,-0.033217
-0.069166,-0.020515,-0.037189
-0.065119,0.002781,-0.041783
-0.059995,0.022957,-0.044352
-0.054056,0.038556,-0.044532
-0.047570,0.049736,-0.042535
-0.040808,0.056655,-0.038567
-0.034038,0.059472,-0.032838
-0.027532,0.058345,-0.025558
-0.021558,0.053432,-0.016935
-0.016387,0.044893,-0.007177
-0.012288,0.032885,0.003506
-0.007926,0.020159,0.012370
-0.003289,0.007617,0.019045
0.001303,-0.004298,0.023756
0.005532,-0.015145,0.026726
0.009079,-0.024483,0.028180
0.011624,-0.031869,0.028342
0.012850,-0.036862,0.027435
0.012437,-0.039020,0.025684
0.010065,-0.037902,0.023312
0.007477,-0.036636,0.017187
0.005229,-0.035950,0.007872
0.003582,-0.035970,-0.003143
0.002797,-0.036824,-0.014370
0.003136,-0.038638,-0.024319
0.004860,-0.041539,-0.031502
0.008230,-0.045654,-0.034431
0.013508,-0.051109,-0.031616
0.020954,-0.058032,-0.021569
0.029573,-0.065433,-0.010678
0.038809,-0.072645,-0.000410
0.048219,-0.079081,0.009000
0.057357,-0.084154,0.017316
0.065777,-0.087277,0.024304
0.073037,-0.087863,0.029727
0.078689,-0.085325,0.033350
0.082291,-0.079076,0.034938
0.083396,-0.068529,0.034254
0.084589,-0.060773,0.030279
0.086177,-0.056544,0.023508
0.087901,-0.054987,0.014815
0.089504,-0.055247,0.005073
0.090725,-0.056470,-0.004842
0.091305,-0.057803,-0.014056
0.090986,-0.058390,-0.021695
0.089507,-0.057377,-0.026884
0.086611,-0.053910,-0.028750
0.082403,-0.051254,-0.025676
0.077403,-0.049700,-0.018859
0.072234,-0.048795,-0.010200
0.067519,-0.048089,-0.001600
0.063880,-0.047129,0.005039
0.061941,-0.045463,0.007816
0.062323,-0.042639,0.004831
0.065650,-0.038206,-0.005818
0.072544,-0.031712,-0.026031
0.078885,-0.025106,-0.046438
0.083787,-0.018777,-0.064894
0.087175,-0.012723,-0.081065
0.088971,-0.006943,-0.094614
0.089100,-0.001435,-0.105204
0.087484,0.003803,-0.112501
0.084048,0.008772,-0.116167
0.078716,0.013475,-0.115866
0.071410,0.017913,-0.111263
0.065315,0.018896,-0.105868
0.060591,0.016610,-0.100393
0.056639,0.012085,-0.094853
0.052860,0.006349,-0.089259
0.048658,0.000433,-0.083627
0.043432,-0.004635,-0.077969
0.036586,-0.007824,-0.072300
0.027521,-0.008106,-0.066632
0.015638,-0.004450,-0.060979
0.004115,0.001754,-0.055111
-0.005951,0.009297,-0.048519
-0.013980,0.017011,-0.040626
-0.019394,0.023729,-0.030854
-0.021613,0.028285,-0.018626
-0.020058,0.029511,-0.003363
-0.014150,0.026242,0.015512
-0.003310,0.017309,0.038578
0.013040,0.001547,0.066410
0.028731,-0.011534,0.087601
0.042425,-0.020714,0.100470
0.053994,-0.026846,0.105770
0.063309,-0.030783,0.104253
0.070243,-0.033377,0.096673
0.074666,-0.035482,0.083782
0.076450,-0.037949,0.066333
0.075468,-0.041633,0.045079
0.071590,-0.047386,0.020772
0.068445,-0.050842,-0.001055
0.066626,-0.051389,-0.019324
0.065973,-0.049348,-0.034067
0.066322,-0.045042,-0.045320
0.067512,-0.038795,-0.053116
0.069379,-0.030928,-0.057490
0.071761,-0.021766,-0.058474
0.074496,-0.011630,-0.056105
0.077422,-0.000843,-0.050414
0.077823,0.010447,-0.044278
0.075594,0.021638,-0.038474
0.071284,0.032008,-0.033256
0.065442,0.040841,-0.028880
0.058617,0.047417,-0.025599
0.051357,0.051016,-0.023668
0.044211,0.050920,-0.023341
0.037727,0.046411,-0.024872
0.032454,0.036769,-0.028515
0.029038,0.024627,-0.031036
0.027251,0.011070,-0.031783
0.026650,-0.003210,-0.030754
0.026790,-0.017515,-0.027945
0.027226,-0.031152,-0.023353
0.027514,-0.043425,-0.016974
0.027209,-0.053640,-0.008804
0.025868,-0.061100,0.001159
0.023045,-0.065112,0.012919
0.020439,-0.068466,0.020983
0.018270,-0.071574,0.024952
0.016392,-0.074254,0.025702
0.014656,-0.076323,0.024111
0.012913,-0.077599,0.021054
0.011015,-0.077900,0.017408
0.008815,-0.077043,0.014048
0.006164,-0.074846,0.011852
0.002914,-0.071125,0.011696
-0.002264,-0.066032,0.014033
-0.009356,-0.059971,0.017948
-0.018016,-0.053412,0.022179
-0.027895,-0.046824,0.025465
-0.038645,-0.040678,0.026546
-0.049918,-0.035443,0.024161
-0.061366,-0.031587,0.017049
-0.072642,-0.029582,0.003950
-0.083398,-0.029896,-0.016397
-0.094614,-0.031469,-0.033988
-0.105792,-0.033656,-0.047494
-0.116064,-0.035917,-0.057756
-0.124563,-0.037712,-0.065614
-0.130421,-0.038500,-0.071908
-0.132768,-0.037741,-0.077478
-0.130739,-0.034895,-0.083166
-0.123463,-0.029421,-0.089811
-0.110074,-0.020778,-0.098254
-0.097000,-0.013344,-0.105908
-0.085325,-0.007931,-0.112154
-0.074796,-0.004466,-0.116868
-0.065159,-0.002874,-0.119925
-0.056162,-0.003077,-0.121200
-0.047551,-0.005003,-0.120568
-0.039073,-0.008574,-0.117904
-0.030476,-0.013717,-0.113084
-0.021506,-0.020356,-0.105982
-0.014085,-0.028468,-0.098928
-0.008435,-0.037538,-0.092360
-0.004358,-0.046924,-0.086240
-0.001651,-0.055985,-0.080534
-0.000115,-0.064082,-0.075205
0.000452,-0.070572,-0.070217
0.000249,-0.074815,-0.065535
-0.000523,-0.076171,-0.061121
-0.001663,-0.073998,-0.056941
-0.002098,-0.067551,-0.053336
-0.001406,-0.057407,-0.050118
0.000675,-0.044474,-0.046966
0.004408,-0.029659,-0.043559
0.010052,-0.013871,-0.039576
0.017871,0.001983,-0.034695
0.028124,0.016996,-0.028596
0.041075,0.030258,-0.020958
0.056984,0.040864,-0.011460
0.071137,0.050228,-0.002620
0.082710,0.058255,0.005008
0.091851,0.064473,0.011360
0.098708,0.068407,0.016372
0.103429,0.069584,0.019982
0.106163,0.067531,0.022124
0.107056,0.061775,0.022736
0.106259,0.051841,0.021755
0.103918,0.037256,0.019116
0.101489,0.021273,0.015503
0.099308,0.004934,0.011188
0.097429,-0.011269,0.006343
0.095907,-0.026845,0.001137
0.094798,-0.041302,-0.004258
0.094155,-0.054150,-0.009671
0.094035,-0.064897,-0.014931
0.094492,-0.073052,-0.019869
0.095581,-0.078122,-0.024313
0.095790,-0.080853,-0.027164
0.094946,-0.081670,-0.028499
0.093205,-0.080923,-0.028688
0.090725,-0.078959,-0.028100
0.087665,-0.076127,-0.027104
0.084183,-0.072775,-0.026070
0.080435,-0.069251,-0.025368
0.076581,-0.065904,-0.025367
0.072779,-0.063083,-0.026437
0.068448,-0.058175,-0.026878
0.063637,-0.051118,-0.026518
0.058551,-0.042488,-0.025571
0.053395,-0.032859,-0.024246
0.048375,-0.022805,-0.022756
0.043695,-0.012901,-0.021313
0.039560,-0.003722,-0.020127
0.036176,0.004158,-0.019410
0.033748,0.010164,-0.019374
0.032216,0.015196,-0.020414
0.031478,0.019352,-0.022419
0.031421,0.022532,-0.025151
0.031935,0.024634,-0.028375
0.032905,0.025558,-0.031851
0.034222,0.025203,-0.035344
0.035771,0.023467,-0.038616
0.037441,0.020249,-0.041429
0.039119,0.015449,-0.043546
0.040356,0.010706,-0.047187
0.041052,0.006227,-0.052149
0.041195,0.001864,-0.057625
0.040774,-0.002534,-0.062805
0.039777,-0.007116,-0.066884
0.038192,-0.012032,-0.069051
0.036008,-0.017432,-0.068501
0.033213,-0.023465,-0.064423
0.029796,-0.030282,-0.056012
0.027001,-0.036826,-0.047183
0.025028,-0.042482,-0.038816
0.023811,-0.046744,-0.031032
0.023289,-0.049108,-0.023948
0.023397,-0.049069,-0.017686
0.024073,-0.046121,-0.012364
0.025251,-0.039758,-0.008102
0.026870,-0.029476,-0.005021
0.028865,-0.014770,-0.003239
0.030513,-0.003252,-0.003308
0.031876,0.004099,-0.004879
0.033215,0.007961,-0.007377
0.034790,0.009016,-0.010224
0.036861,0.007941,-0.012847
0.039689,0.005416,-0.014669
0.043533,0.002121,-0.015116
0.048653,-0.001265,-0.013611
0.055311,-0.004063,-0.009579
0.061839,-0.007316,-0.007021
0.067489,-0.011059,-0.006351
0.071741,-0.015075,-0.007091
0.074076,-0.019147,-0.008760
0.073973,-0.023057,-0.010878
0.070915,-0.026588,-0.012963
0.064380,-0.029524,-0.014537
0.053849,-0.031646,-0.015119
0.038804,-0.032739,-0.014229
0.024574,-0.035474,-0.013718
0.012185,-0.039716,-0.013877
0.001584,-0.044622,-0.014604
-0.007282,-0.049353,-0.015799
-0.014465,-0.053067,-0.017359
-0.020018,-0.054923,-0.019185
-0.023995,-0.054083,-0.021174
-0.026446,-0.049703,-0.023226
-0.027425,-0.040945,-0.025239
-0.027684,-0.030885,-0.025753
-0.027348,-0.020465,-0.024781
-0.026384,-0.010092,-0.022703
-0.024759,-0.000174,-0.019900
-0.022441,0.008882,-0.016753
-0.019397,0.016669,-0.013643
-0.015595,0.022781,-0.010952
-0.011003,0.026808,-0.009060
-0.005586,0.028345,-0.008348
-0.002649,0.029366,-0.009081
-0.002382,0.030160,-0.011000
-0.004199,0.030597,-0.013714
-0.007515,0.030545,-0.016834
-0.011744,0.029872,-0.019971
-0.016299,0.028446,-0.022733
-0.020594,0.026137,-0.024731
-0.024044,0.022813,-0.025575
-0.026062,0.018343,-0.024875
-0.027641,0.011906,-0.024208
-0.029002,0.004122,-0.023872
-0.030172,-0.004032,-0.023846
-0.031180,-0.011578,-0.024110
-0.032054,-0.017537,-0.024642
-0.032822,-0.020931,-0.025423
-0.033512,-0.020784,-0.026430
-0.034152,-0.016115,-0.027644
-0.034770,-0.005949,-0.029044
-0.036283,0.002618,-0.031160
-0.038645,0.008647,-0.033400
-0.041573,0.012741,-0.034884
-0.044782,0.015504,-0.034738
-0.047988,0.017539,-0.032084
-0.050906,0.019449,-0.026045
-0.053252,0.021838,-0.015745
-0.054741,0.025309,-0.000306
-0.055089,0.030465,0.021147
-0.056827,0.031886,0.040016
-0.060119,0.029358,0.054933
-0.064535,0.023964,0.066337
-0.069649,0.016790,0.074668
-0.075032,0.008921,0.080365
-0.080255,0.001442,0.083868
-0.084890,-0.004562,0.085616
-0.088510,-0.008005,0.086049
-0.090686,-0.007804,0.085606
-0.090571,-0.005525,0.088071
-0.088303,-0.002165,0.093061
-0.084267,0.001419,0.099147
-0.078846,0.004375,0.104902
-0.072425,0.005848,0.108897
-0.065388,0.004983,0.109706
-0.058119,0.000925,0.105900
-0.051003,-0.007179,0.096051
-0.044423,-0.020186,0.078733
-0.037377,-0.030030,0.060246
-0.030095,-0.035728,0.042091
-0.023114,-0.038061,0.024571
-0.016975,-0.037814,0.007985
-0.012214,-0.035769,-0.007364
-0.009370,-0.032711,-0.021175
-0.008981,-0.029422,-0.033148
-0.011587,-0.026685,-0.042980
-0.017725,-0.025285,-0.050371
-0.025248,-0.020474,-0.056831
-0.033321,-0.012013,-0.062537
-0.041436,-0.000788,-0.067329
-0.049087,0.012313,-0.071049
-0.055768,0.026404,-0.073540
-0.060970,0.040598,-0.074642
-0.064186,0.054007,-0.074197
-0.064911,0.065745,-0.072047
-0.062636,0.074925,-0.068033
-0.059157,0.081735,-0.066140
-0.055077,0.086632,-0.066551
-0.050702,0.090139,-0.068505
-0.046336,0.092781,-0.071237
-0.042285,0.095083,-0.073984
-0.038854,0.097567,-0.075982
-0.036350,0.100759,-0.076469
-0.035076,0.105183,-0.074679
-0.035340,0.111362,-0.069851
-0.034565,0.115291,-0.063835
-0.032402,0.116159,-0.057258
-0.029053,0.113952,-0.050439
-0.024723,0.108658,-0.043697
-0.019616,0.100264,-0.037353
-0.013938,0.088756,-0.031725
-0.007892,0.074123,-0.027133
-0.001682,0.056350,-0.023896
0.004488,0.035426,-0.022334
0.007389,0.015284,-0.023866
0.006809,-0.003299,-0.027742
0.003288,-0.020337,-0.032668
-0.002633,-0.035842,-0.037355
-0.010414,-0.049828,-0.040508
-0.019514,-0.062307,-0.040837
-0.029394,-0.073295,-0.037049
-0.039511,-0.082802,-0.027852
-0.049327,-0.090844,-0.011954
-0.058787,-0.092391,0.003723
-0.067766,-0.087877,0.017460
-0.076122,-0.079102,0.028836
-0.083714,-0.067865,0.037429
-0.090398,-0.055964,0.042820
-0.096033,-0.045200,0.044588
-0.100477,-0.037370,0.042311
-0.103588,-0.034274,0.035570
-0.105223,-0.037711,0.023944
-0.105405,-0.040812,0.009074
-0.104458,-0.042223,-0.008074
-0.102785,-0.041967,-0.026699
-0.100789,-0.040067,-0.046005
-0.098871,-0.036549,-0.065190
-0.097435,-0.031435,-0.083457
-0.096883,-0.024750,-0.100008
-0.097617,-0.016517,-0.114042
-0.100038,-0.006760,-0.124762
-0.100173,0.001252,-0.130695
-0.097566,0.006196,-0.132351
-0.092646,0.007233,-0.130737
-0.085838,0.003522,-0.126857
-0.077571,-0.005774,-0.121717
-0.068270,-0.021495,-0.116323
-0.058362,-0.044481,-0.111680
-0.048276,-0.075570,-0.108793
-0.038436,-0.115602,-0.108668
-0.034199,-0.154439,-0.109122
-0.035663,-0.189490,-0.109786
-0.041615,-0.220047,-0.110745
-0.050843,-0.245404,-0.112085
-0.062134,-0.264857,-0.113892
-0.074275,-0.277697,-0.116251
-0.086052,-0.283221,-0.119248
-0.096252,-0.280720,-0.122968
-0.103663,-0.269489,-0.127498
-0.105579,-0.252578,-0.127615
-0.102320,-0.231656,-0.123126
-0.094959,-0.208053,-0.115094
-0.084573,-0.183096,-0.104583
-0.072235,-0.158113,-0.092654
-0.059021,-0.134432,-0.080370
-0.046006,-0.113379,-0.068796
-0.034263,-0.096284,-0.058994
-0.024869,-0.084474,-0.052026
-0.017694,-0.072370,-0.045640
-0.012396,-0.059206,-0.039636
-0.008577,-0.045418,-0.034321
-0.005841,-0.031442,-0.030008
-0.003792,-0.017714,-0.027006
-0.002031,-0.004671,-0.025626
-0.000162,0.007253,-0.026178
0.002212,0.017620,-0.028972
0.005487,0.025995,-0.034319
0.009618,0.031355,-0.038672
0.014311,0.033749,-0.041556
0.019214,0.033496,-0.043261
0.023970,0.030915,-0.044080
0.028228,0.026325,-0.044303
0.031631,0.020043,-0.044223
0.033827,0.012389,-0.044130
0.034461,0.003682,-0.044317
0.033178,-0.005760,-0.045074
0.033844,-0.010157,-0.046726
0.036497,-0.009080,-0.049034
0.040220,-0.003439,-0.051620
0.044093,0.005855,-0.054107
0.047199,0.017892,-0.056116
0.048619,0.031762,-0.057270
0.047436,0.046554,-0.057190
0.042732,0.061359,-0.055499
0.033588,0.075265,-0.051818
0.023678,0.087774,-0.046420
0.013842,0.098115,-0.039568
0.004215,0.105447,-0.031525
-0.005070,0.108929,-0.022555
-0.013881,0.107720,-0.012921
-0.022084,0.100981,-0.002886
-0.029546,0.087871,0.007287
-0.036133,0.067549,0.017335
-0.041712,0.039174,0.026994
-0.046517,0.012721,0.035024
-0.050609,-0.009946,0.041352
-0.054005,-0.028986,0.046199
-0.056722,-0.044561,0.049786
-0.058776,-0.056830,0.052335
-0.060187,-0.065955,0.054067
-0.060969,-0.072097,0.055202
-0.061141,-0.075415,0.055962
-0.060720,-0.076070,0.056568
-0.060536,-0.077381,0.055012
-0.060665,-0.079741,0.051387
-0.060997,-0.082814,0.046312
-0.061421,-0.086263,0.040408
-0.061825,-0.089752,0.034294
-0.062099,-0.092945,0.028589
-0.062132,-0.095505,0.023912
-0.061812,-0.097096,0.020884
-0.061030,-0.097382,0.020123
-0.061064,-0.098211,0.020786
-0.061968,-0.099542,0.022349
-0.063485,-0.100856,0.024366
-0.065361,-0.101639,0.026392
-0.067340,-0.101372,0.027984
-0.069166,-0.099541,0.028697
-0.070585,-0.095628,0.028085
-0.071340,-0.089116,0.025704
-0.071176,-0.079491,0.021110
-0.068854,-0.067131,0.015399
-0.064589,-0.053008,0.008867
-0.058959,-0.038240,0.001610
-0.052543,-0.023944,-0.006277
-0.045922,-0.011240,-0.014696
-0.039673,-0.001244,-0.023553
-0.034376,0.004924,-0.032752
-0.030610,0.006148,-0.042196
-0.028954,0.001309,-0.051791
-0.027965,-0.004996,-0.059148
-0.027197,-0.011498,-0.063852
-0.026453,-0.017762,-0.065980
-0.025535,-0.023353,-0.065612
-0.024245,-0.027837,-0.062824
-0.022387,-0.030777,-0.057695
-0.019762,-0.031739,-0.050302
-0.016174,-0.030288,-0.040723
-0.011425,-0.025988,-0.029037
-0.006768,-0.023217,-0.020217
-0.002471,-0.022621,-0.014711
0.001444,-0.023916,-0.011832
0.004955,-0.026816,-0.010895
0.008041,-0.031037,-0.011213
0.010680,-0.036293,-0.012100
0.012849,-0.042299,-0.012870
0.014527,-0.048771,-0.012838
0.015693,-0.055422,-0.011316
0.016801,-0.058581,-0.008811
0.017875,-0.057991,-0.005710
0.018832,-0.054253,-0.002370
0.019586,-0.047966,0.000851
0.020054,-0.039729,0.003595
0.020152,-0.030143,0.005503
0.019796,-0.019807,0.006219
0.018902,-0.009320,0.005385
0.017385,0.000718,0.002641
0.016562,0.007475,-0.001005
0.016577,0.010806,-0.005128
0.017285,0.011239,-0.009449
0.018540,0.009301,-0.013687
0.020195,0.005519,-0.017562
0.022105,0.000422,-0.020793
0.024122,-0.005465,-0.023101
0.026100,-0.011613,-0.024206
0.027894,-0.017495,-0.023826
0.029044,-0.021966,-0.022915
0.029552,-0.024897,-0.021658
0.029536,-0.026414,-0.020052
0.029114,-0.026646,-0.018093
0.028403,-0.025717,-0.015777
0.027520,-0.023755,-0.013101
0.026584,-0.020887,-0.010060
0.025711,-0.017238,-0.006651
0.025018,-0.012936,-0.002870
0.023222,-0.008941,0.001494
0.020548,-0.005561,0.006422
0.017602,-0.002942,0.011838
0.014988,-0.001232,0.017666
0.013311,-0.000574,0.023828
0.013177,-0.001117,0.030250
0.015191,-0.003004,0.036854
0.019956,-0.006384,0.043564
0.028080,-0.011401,0.050304
0.037713,-0.016152,0.055399
0.048129,-0.020199,0.058677
0.058877,-0.023475,0.060343
0.069509,-0.025908,0.060599
0.079573,-0.027429,0.059650
0.088623,-0.027970,0.057701
0.096207,-0.027460,0.054954
0.101876,-0.025829,0.051615
0.105182,-0.023009,0.047887
0.106011,-0.022498,0.044105
0.104724,-0.024490,0.040151
0.101802,-0.028350,0.035795
0.097723,-0.033445,0.030804
0.092967,-0.039143,0.024949
0.088014,-0.044808,0.017996
0.083343,-0.049807,0.009716
0.079434,-0.053508,-0.000123
0.076766,-0.055276,-0.011753
0.076195,-0.057358,-0.023712
0.077364,-0.060132,-0.035324
0.079617,-0.063509,-0.046106
0.082296,-0.067401,-0.055576
0.084744,-0.071718,-0.063252
0.086304,-0.076371,-0.068652
0.086317,-0.081271,-0.071293
0.084128,-0.086330,-0.070694
0.079077,-0.091458,-0.066373
0.074771,-0.095294,-0.060329
0.071748,-0.097536,-0.053262
0.069783,-0.098146,-0.045546
0.068651,-0.097088,-0.037556
0.068126,-0.094325,-0.029668
0.067982,-0.089820,-0.022255
0.067994,-0.083536,-0.015694
0.067936,-0.075435,-0.010359
0.067582,-0.065482,-0.006625
0.068135,-0.054949,-0.003724
0.069610,-0.044125,-0.001439
0.071726,-0.033052,0.000311
0.074201,-0.021773,0.001606
0.076753,-0.010330,0.002526
0.079102,0.001235,0.003152
0.080966,0.012880,0.003564
0.082064,0.024562,0.003843
0.082113,0.036238,0.004069
0.081563,0.047472,0.003580
0.080574,0.058027,0.002424
0.079236,0.067717,0.000825
0.077637,0.076354,-0.000990
0.075866,0.083753,-0.002798
0.074013,0.089727,-0.004373
0.072168,0.094090,-0.005490
0.070418,0.096655,-0.005924
0.068853,0.097235,-0.005451
0.066671,0.095727,-0.003532
0.063851,0.092416,-0.000360
0.060571,0.087687,0.003687
0.057006,0.081927,0.008230
0.053333,0.075520,0.012892
0.049729,0.068851,0.017295
0.046370,0.062304,0.021060
0.043432,0.056266,0.023811
0.041092,0.051120,0.025170
0.039454,0.046938,0.025621
0.038433,0.043647,0.025288
0.037898,0.041137,0.024204
0.037716,0.039299,0.022402
0.037758,0.038023,0.019912
0.037891,0.037199,0.016769
0.037983,0.036719,0.013005
0.037904,0.036472,0.008651
0.037522,0.036350,0.003742
0.037029,0.037121,-0.000115
0.036497,0.038663,-0.002760
0.035966,0.040630,-0.004398
0.035477,0.042678,-0.005232
0.035072,0.044460,-0.005468
0.034789,0.045632,-0.005307
0.034670,0.045849,-0.004956
0.034756,0.044765,-0.004618
0.035087,0.042036,-0.004496
0.034186,0.034629,-0.003845
0.032033,0.022464,-0.002589
0.028972,0.006200,-0.000816
0.025347,-0.013507,0.001383
0.021502,-0.035999,0.003920
0.017780,-0.060618,0.006703
0.014525,-0.086706,0.009644
0.012082,-0.113607,0.012652
0.010793,-0.140663,0.015638
0.009680,-0.161292,0.017018
0.008439,-0.175142,0.016742
0.006938,-0.183416,0.015146
0.005044,-0.187317,0.012564
0.002625,-0.188049,0.009330
-0.000453,-0.186816,0.005780
-0.004322,-0.184821,0.002248
-0.009114,-0.183268,-0.000931
-0.014964,-0.183360,-0.003423
-0.022733,-0.182499,-0.005554
-0.031551,-0.180399,-0.007134
-0.040115,-0.177350,-0.007842
-0.047119,-0.173641,-0.007360
-0.051261,-0.169564,-0.005367
-0.051236,-0.165408,-0.001544
-0.045739,-0.161464,0.004430
-0.033467,-0.158022,0.012873
-0.013115,-0.155372,0.024106
0.005084,-0.155389,0.033908
0.019358,-0.157715,0.041663
0.030049,-0.161434,0.047657
0.037497,-0.165632,0.052175
0.042044,-0.169393,0.055502
0.044032,-0.171802,0.057925
0.043803,-0.171944,0.059727
0.041697,-0.168903,0.061195
0.038056,-0.161765,0.062614
0.035106,-0.153001,0.063360
0.033091,-0.143289,0.063205
0.031760,-0.132863,0.062021
0.030861,-0.121953,0.059680
0.030143,-0.110791,0.056053
0.029354,-0.099609,0.051012
0.028244,-0.088638,0.044428
0.026560,-0.078109,0.036172
0.024051,-0.068255,0.026117
0.020372,-0.059878,0.016986
0.015727,-0.052990,0.009282
0.010455,-0.047403,0.002955
0.004896,-0.042928,-0.002046
-0.000608,-0.039378,-0.005773
-0.005718,-0.036565,-0.008276
-0.010094,-0.034301,-0.009606
-0.013395,-0.032398,-0.009814
-0.015281,-0.030668,-0.008952
-0.016020,-0.028651,-0.008075
-0.015796,-0.026481,-0.007255
-0.014777,-0.024439,-0.006319
-0.013124,-0.022806,-0.005092
-0.011005,-0.021865,-0.003400
-0.008584,-0.021897,-0.001069
-0.006025,-0.023182,0.002074
-0.003493,-0.026003,0.006204
-0.001154,-0.030641,0.011494
0.000964,-0.032181,0.018109
0.002846,-0.030716,0.025590
0.004479,-0.027593,0.033326
0.005852,-0.024160,0.040703
0.006953,-0.021761,0.047110
0.007771,-0.021745,0.051934
0.008295,-0.025458,0.054562
0.008512,-0.034246,0.054383
0.008411,-0.049456,0.050783
0.009730,-0.064028,0.045252
0.012534,-0.076405,0.038599
0.016466,-0.086405,0.031462
0.021172,-0.093848,0.024478
0.026296,-0.098551,0.018286
0.031483,-0.100333,0.013523
0.036377,-0.099013,0.010827
0.040624,-0.094410,0.010836
0.043868,-0.086342,0.014188
0.044538,-0.080254,0.016512
0.042726,-0.076733,0.017254
0.038935,-0.075149,0.016813
0.033671,-0.074875,0.015589
0.027438,-0.075280,0.013981
0.020741,-0.075736,0.012388
0.014085,-0.075615,0.011210
0.007974,-0.074288,0.010846
0.002914,-0.071125,0.011696
-0.001064,-0.066329,0.014422
-0.004118,-0.060097,0.018837
-0.006453,-0.052623,0.024537
-0.008275,-0.044106,0.031121
-0.009790,-0.034739,0.038187
-0.011201,-0.024720,0.045332
-0.012716,-0.014243,0.052154
-0.014540,-0.003505,0.058252
-0.016877,0.007298,0.063223
-0.020189,0.016474,0.065865
-0.024202,0.023957,0.066182
-0.028459,0.030087,0.064476
-0.032503,0.035203,0.061051
-0.035877,0.039647,0.056210
-0.038122,0.043758,0.050256
-0.038782,0.047875,0.043492
-0.037399,0.052340,0.036222
-0.033516,0.057492,0.028749
-0.030134,0.062452,0.022117
-0.027776,0.067092,0.016562
-0.026351,0.071469,0.012115
-0.025763,0.075644,0.008808
-0.025918,0.079673,0.006674
-0.026723,0.083615,0.005745
-0.028084,0.087529,0.006052
-0.029906,0.091474,0.007627
-0.032096,0.095507,0.010504
-0.033849,0.100389,0.014056
-0.035140,0.105613,0.018077
-0.036142,0.110359,0.022464
-0.037023,0.113805,0.027115
-0.037957,0.115130,0.031929
-0.039114,0.113513,0.036802
-0.040664,0.108131,0.041633
-0.042779,0.098165,0.046319
-0.045631,0.082792,0.050758
-0.047759,0.067451,0.051328
-0.048773,0.053454,0.048247
-0.048551,0.041081,0.042695
-0.046969,0.030611,0.035850
-0.043904,0.022324,0.028892
-0.039233,0.016498,0.023000
-0.032833,0.013414,0.019353
-0.024581,0.013351,0.019129
-0.014354,0.016589,0.023509
-0.003167,0.018443,0.030452
0.008488,0.018363,0.039047
0.020247,0.016833,0.048669
0.031750,0.014337,0.058691
0.042633,0.011361,0.068485
0.052535,0.008386,0.077426
0.061094,0.005899,0.084885
0.067947,0.004383,0.090237
0.072732,0.004321,0.092855
0.075699,0.004727,0.094590
0.077153,0.005234,0.095626
0.077412,0.005629,0.095731
0.076791,0.005700,0.094673
0.075610,0.005235,0.092221
0.074185,0.004022,0.088141
0.072834,0.001849,0.082203
0.071874,-0.001497,0.074173
0.071624,-0.006227,0.063819
0.070436,-0.012795,0.053184
0.068122,-0.020913,0.042944
0.064856,-0.030107,0.033432
0.060814,-0.039903,0.024981
0.056171,-0.049828,0.017925
0.051100,-0.059407,0.012598
0.045777,-0.068168,0.009334
0.040376,-0.075635,0.008465
0.035073,-0.081337,0.010326
0.030672,-0.085920,0.013092
0.027109,-0.089439,0.016229
0.024101,-0.091798,0.019529
0.021365,-0.092904,0.022781
0.018619,-0.092661,0.025777
0.015580,-0.090974,0.028307
0.011967,-0.087749,0.030161
0.007496,-0.082891,0.031129
0.001885,-0.076304,0.031003
-0.003944,-0.070353,0.031890
-0.009675,-0.065175,0.034066
-0.015145,-0.060347,0.037349
-0.020191,-0.055450,0.041557
-0.024650,-0.050063,0.046506
-0.028359,-0.043764,0.052014
-0.031154,-0.036133,0.057899
-0.032873,-0.026750,0.063978
-0.033351,-0.015192,0.070069
-0.035104,-0.003942,0.075068
-0.038255,0.006342,0.078720
-0.042326,0.015458,0.080985
-0.046844,0.023204,0.081821
-0.051332,0.029379,0.081188
-0.055315,0.033781,0.079045
-0.058317,0.036208,0.075350
-0.059863,0.036458,0.070063
-0.059477,0.034330,0.063142
-0.058102,0.031605,0.054185
-0.056035,0.028709,0.043531
-0.053415,0.025728,0.031701
-0.050379,0.022747,0.019219
-0.047063,0.019852,0.006607
-0.043606,0.017130,-0.005611
-0.040144,0.014667,-0.016914
-0.036815,0.012548,-0.026778
-0.033756,0.010859,-0.034680
-0.031388,0.011861,-0.040411
-0.029760,0.015168,-0.044046
-0.028830,0.019735,-0.045733
-0.028554,0.024513,-0.045621
-0.028890,0.028459,-0.043857
-0.029795,0.030524,-0.040588
-0.031226,0.029663,-0.035964
-0.033140,0.024830,-0.030132
-0.035494,0.014978,-0.023239
-0.036960,0.006901,-0.018593
-0.037485,0.001681,-0.016455
-0.037340,-0.001026,-0.016324
-0.036794,-0.001564,-0.017699
-0.036117,-0.000279,-0.020081
-0.035576,0.002486,-0.022968
-0.035443,0.006385,-0.025860
-0.035985,0.011074,-0.028257
-0.037472,0.016209,-0.029658
-0.039978,0.021447,-0.029796
-0.043244,0.026728,-0.028666
-0.046928,0.032061,-0.026326
-0.050689,0.037453,-0.022838
-0.054185,0.042913,-0.018261
-0.057075,0.048451,-0.012655
-0.059016,0.054074,-0.006079
-0.059668,0.059791,0.001405
-0.058689,0.065612,0.009739
-0.056555,0.072686,0.017409
-0.053391,0.080798,0.024264
-0.049232,0.089393,0.030494
-0.044114,0.097913,0.036292
-0.038071,0.105801,0.041846
-0.031140,0.112500,0.047348
-0.023357,0.117455,0.052989
-0.014756,0.120107,0.058960
-0.005373,0.119900,0.065450
0.003032,0.117864,0.069770
0.010307,0.114228,0.071652
0.016705,0.109026,0.071434
0.022476,0.102288,0.069456
0.027871,0.094047,0.066055
0.033142,0.084335,0.061571
0.038539,0.073184,0.056341
0.044314,0.060625,0.050705
0.050718,0.046691,0.045001
0.056252,0.032251,0.038723
0.060705,0.017682,0.031814
0.064187,0.003237,0.024329
0.066809,-0.010827,0.016321
0.068682,-0.024259,0.007844
0.069915,-0.036803,-0.001047
0.070620,-0.048204,-0.010298
0.070907,-0.058210,-0.019854
0.070886,-0.066566,-0.029663
0.070199,-0.074430,-0.037837
0.068968,-0.081828,-0.044111
0.067436,-0.088499,-0.048622
0.065845,-0.094185,-0.051508
0.064440,-0.098626,-0.052907
0.063464,-0.101563,-0.052955
0.063158,-0.102737,-0.051792
0.063766,-0.101887,-0.049554
0.065531,-0.098756,-0.046380
0.066268,-0.094604,-0.043370
0.065808,-0.089893,-0.040777
0.064485,-0.084885,-0.038644
0.062635,-0.079842,-0.037015
0.060592,-0.075026,-0.035930
0.058691,-0.070698,-0.035433
0.057268,-0.067121,-0.035566
0.056656,-0.064557,-0.036371
0.057192,-0.063266,-0.037892
0.056525,-0.060835,-0.039205
0.054415,-0.057097,-0.040141
0.051154,-0.052446,-0.040713
0.047031,-0.047279,-0.040940
0.042337,-0.041991,-0.040838
0.037363,-0.036977,-0.040421
0.032399,-0.032631,-0.039707
0.027734,-0.029350,-0.038712
0.023660,-0.027529,-0.037452
0.021073,-0.028195,-0.036682
0.019812,-0.031055,-0.036193
0.019452,-0.035488,-0.035534
0.019569,-0.040870,-0.034257
0.019738,-0.046580,-0.031911
0.019535,-0.051995,-0.028047
0.018534,-0.056492,-0.022214
0.016310,-0.059450,-0.013963
0.012440,-0.060245,-0.002845
0.007899,-0.060751,0.009475
0.003050,-0.061292,0.022218
-0.001899,-0.061802,0.034824
-0.006739,-0.062218,0.046738
-0.011262,-0.062475,0.057402
-0.015259,-0.062509,0.066258
-0.018521,-0.062254,0.072749
-0.020841,-0.061646,0.076317
-0.022009,-0.060621,0.076405
-0.022515,-0.058129,0.075008
-0.022582,-0.054221,0.072580
-0.022368,-0.049223,0.069188
-0.022031,-0.043460,0.064901
-0.021727,-0.037257,0.059785
-0.021614,-0.030941,0.053908
-0.021851,-0.024836,0.047338
-0.022594,-0.019269,0.040143
-0.024000,-0.014564,0.032390
-0.024623,-0.013443,0.027235
-0.024086,-0.015615,0.024473
-0.022281,-0.020038,0.023057
-0.019099,-0.025668,0.021940
-0.014432,-0.031462,0.020074
-0.008170,-0.036376,0.016414
-0.000206,-0.039369,0.009911
0.009568,-0.039396,-0.000480
0.021263,-0.035415,-0.015806
0.031004,-0.030830,-0.030993
0.038287,-0.026234,-0.044819
0.043444,-0.021519,-0.057030
0.046812,-0.016574,-0.067368
0.048725,-0.011290,-0.075579
0.049518,-0.005557,-0.081407
0.049526,0.000735,-0.084596
0.049082,0.007694,-0.084889
0.048523,0.015431,-0.082031
0.046955,0.021808,-0.077580
0.044426,0.026382,-0.072153
0.041220,0.029129,-0.066130
0.037621,0.030030,-0.059893
0.033912,0.029061,-0.053822
0.030377,0.026201,-0.048300
0.027299,0.021429,-0.043707
0.024962,0.014723,-0.040424
0.023650,0.006061,-0.038833
0.022129,0.000974,-0.038344
0.020321,0.000075,-0.038625
0.018443,0.002743,-0.039407
0.016707,0.008359,-0.040422
0.015330,0.016304,-0.041402
0.014524,0.025958,-0.042079
0.014504,0.036701,-0.042184
0.015484,0.047915,-0.041450
0.017680,0.058980,-0.039608
0.020472,0.065856,-0.037427
0.023651,0.068202,-0.035087
0.027112,0.066606,-0.032616
0.030747,0.061652,-0.030047
0.034451,0.053927,-0.027408
0.038118,0.044017,-0.024731
0.041640,0.032507,-0.022045
0.044912,0.019984,-0.019382
0.047827,0.007033,-0.016772
0.050623,-0.004274,-0.017229
0.053061,-0.013578,-0.020167
0.054778,-0.020947,-0.024098
0.055416,-0.026449,-0.027537
0.054613,-0.030155,-0.028995
0.052009,-0.032131,-0.026987
0.047244,-0.032448,-0.020026
0.039957,-0.031173,-0.006624
0.029788,-0.028375,0.014705
0.019430,-0.025176,0.034284
0.009534,-0.021961,0.050252
0.000237,-0.018931,0.062701
-0.008323,-0.016289,0.071722
-0.016008,-0.014235,0.077407
-0.022681,-0.012972,0.079848
-0.028204,-0.012702,0.079137
-0.032438,-0.013625,0.075365
-0.035246,-0.015943,0.068625
-0.036652,-0.018118,0.061999
-0.036881,-0.019803,0.055993
-0.036208,-0.020952,0.050471
-0.034908,-0.021516,0.045297
-0.033257,-0.021449,0.040332
-0.031529,-0.020704,0.035441
-0.030001,-0.019233,0.030486
-0.028948,-0.016990,0.025330
-0.028644,-0.013927,0.019837
-0.028845,-0.009923,0.015102
-0.029361,-0.005326,0.011337
-0.030015,-0.000602,0.008533
-0.030632,0.003786,0.006681
-0.031035,0.007372,0.005771
-0.031049,0.009692,0.005795
-0.030498,0.010281,0.006743
-0.029204,0.008673,0.008606
-0.026993,0.004405,0.011376
-0.022030,0.002846,0.011738
-0.014485,0.004517,0.009180
-0.005033,0.008722,0.003889
0.005653,0.014766,-0.003948
0.016901,0.021955,-0.014144
0.028036,0.029595,-0.026512
0.038387,0.036991,-0.040866
0.047279,0.043449,-0.057017
0.054039,0.048273,-0.074779
0.059136,0.051163,-0.087724
0.062681,0.052412,-0.095277
0.064691,0.052462,-0.098326
0.065187,0.051757,-0.097759
0.064186,0.050738,-0.094466
0.061710,0.049847,-0.089334
0.057775,0.049527,-0.083253
0.052403,0.050221,-0.077109
0.045612,0.052371,-0.071793
0.039663,0.055250,-0.065154
0.034833,0.058483,-0.057190
0.030898,0.061783,-0.048431
0.027637,0.064862,-0.039411
0.024830,0.067432,-0.030660
0.022253,0.069204,-0.022711
0.019686,0.069893,-0.016097
0.016906,0.069209,-0.011348
0.013693,0.066864,-0.008998
0.011183,0.063283,-0.008303
0.009452,0.058817,-0.008871
0.008311,0.053803,-0.010395
0.007570,0.048578,-0.012570
0.007040,0.043477,-0.015091
0.006530,0.038838,-0.017650
0.005853,0.034996,-0.019943
0.004817,0.032288,-0.021663
0.003234,0.031051,-0.022505
0.002260,0.029496,-0.024042
0.001983,0.027395,-0.026128
0.002223,0.024903,-0.028191
0.002802,0.022181,-0.029656
0.003539,0.019385,-0.029949
0.004256,0.016675,-0.028496
0.004772,0.014208,-0.024725
0.004909,0.012142,-0.018060
0.004486,0.010636,-0.007927
0.005522,0.009493,0.005510
0.008150,0.008552,0.021384
0.012036,0.007660,0.038650
0.016846,0.006666,0.056263
0.022244,0.005417,0.073179
0.027895,0.003760,0.088354
0.033466,0.001544,0.100742
0.038619,-0.001385,0.109298
0.043022,-0.005177,0.112979
0.046194,-0.008216,0.114575
0.048193,-0.010378,0.114814
0.049211,-0.011916,0.113907
0.049439,-0.013080,0.112065
0.049070,-0.014123,0.109500
0.048294,-0.015295,0.106422
0.047305,-0.016848,0.103044
0.046294,-0.019034,0.099575
0.045452,-0.022104,0.096228
0.043448,-0.024535,0.092443
0.040293,-0.026044,0.088333
0.036332,-0.026655,0.084179
0.031913,-0.026392,0.080262
0.027383,-0.025283,0.076861
0.023086,-0.023351,0.074257
0.019372,-0.020621,0.072732
0.016585,-0.017119,0.072566
0.015072,-0.012870,0.074039
0.013889,-0.007811,0.076325
0.012887,-0.002164,0.079248
0.012118,0.003774,0.082793
0.011635,0.009708,0.086944
0.011491,0.015341,0.091688
0.011736,0.020377,0.097011
0.012424,0.024521,0.102896
0.013608,0.027477,0.109330
0.015338,0.028949,0.116299
0.015648,0.029547,0.124692
0.014513,0.029560,0.133920
0.012391,0.029194,0.143025
0.009742,0.028658,0.151048
0.007023,0.028159,0.157028
0.004695,0.027903,0.160007
0.003216,0.028098,0.159026
0.003044,0.028951,0.153126
0.004640,0.030671,0.141348
0.006309,0.032694,0.130935
0.007682,0.034722,0.123073
0.008720,0.036525,0.117433
0.009385,0.037871,0.113684
0.009639,0.038528,0.111499
0.009443,0.038266,0.110546
0.008760,0.036851,0.110497
0.007551,0.034053,0.111023
0.005777,0.029641,0.111793
0.002578,0.024517,0.111444
-0.001970,0.019147,0.109877
-0.007558,0.013889,0.107313
-0.013876,0.009101,0.103969
-0.020614,0.005138,0.100067
-0.027463,0.002359,0.095824
-0.034113,0.001120,0.091461
-0.040255,0.001780,0.087196
-0.045578,0.004694,0.083249
-0.049834,0.008824,0.078033
-0.052966,0.013555,0.071290
-0.054966,0.018377,0.063098
-0.055824,0.022780,0.053534
-0.055531,0.026255,0.042675
-0.054078,0.028290,0.030597
-0.051458,0.028378,0.017377
-0.047660,0.026007,0.003093
-0.042675,0.020668,-0.012180
-0.039075,0.015730,-0.024274
-0.037332,0.011465,-0.032708
-0.037393,0.007369,-0.037922
-0.039207,0.002941,-0.040356
-0.042722,-0.002321,-0.040449
-0.047884,-0.008920,-0.038643
-0.054642,-0.017358,-0.035376
-0.062944,-0.028137,-0.031089
-0.072738,-0.041759,-0.026221
-0.078384,-0.050808,-0.020326
-0.079421,-0.054537,-0.013526
-0.076685,-0.053871,-0.006090
-0.071009,-0.049735,0.001717
-0.063229,-0.043050,0.009628
-0.054178,-0.034743,0.017376
-0.044692,-0.025736,0.024694
-0.035604,-0.016953,0.031315
-0.027748,-0.009319,0.036973
-0.020788,-0.003321,0.040542
-0.014607,0.000885,0.042047
-0.009142,0.003228,0.041800
-0.004333,0.003637,0.040113
-0.000118,0.002040,0.037298
0.003564,-0.001632,0.033667
0.006776,-0.007452,0.029533
0.009578,-0.015491,0.025207
0.012032,-0.025819,0.021002
0.013361,-0.035845,0.014809
0.013781,-0.044495,0.006639
0.013757,-0.051078,-0.002968
0.013752,-0.054901,-0.013472
0.014229,-0.055271,-0.024334
0.015654,-0.051496,-0.035013
0.018490,-0.042884,-0.044969
0.023200,-0.028741,-0.053661
0.030249,-0.008377,-0.060551
0.035890,0.010553,-0.062308
0.039834,0.026220,-0.059305
0.042655,0.038255,-0.052839
0.044928,0.046289,-0.044207
0.047228,0.049953,-0.034709
0.050129,0.048877,-0.025640
0.054205,0.042692,-0.018300
0.060033,0.031030,-0.013984
0.068185,0.013519,-0.013992
0.075809,-0.003904,-0.014330
0.082490,-0.020000,-0.014081
0.088423,-0.034702,-0.013098
0.093803,-0.047941,-0.011235
0.098826,-0.059651,-0.008344
0.103687,-0.069764,-0.004279
0.108580,-0.078213,0.001108
0.113701,-0.084930,0.007964
0.119245,-0.089848,0.016435
0.123154,-0.091504,0.024398
0.125199,-0.090237,0.031442
0.125611,-0.086837,0.037585
0.124620,-0.082094,0.042845
0.122455,-0.076798,0.047242
0.119347,-0.071740,0.050792
0.115525,-0.067710,0.053515
0.111220,-0.065497,0.055428
0.106661,-0.065893,0.056550
0.101770,-0.063030,0.056966
0.096543,-0.056326,0.056610
0.090997,-0.046515,0.055378
0.085148,-0.034334,0.053164
0.079012,-0.020520,0.049864
0.072605,-0.005807,0.045373
0.065942,0.009068,0.039586
0.059041,0.023369,0.032399
0.051916,0.036360,0.023707
0.046257,0.047058,0.016452
0.042238,0.055671,0.011105
0.039656,0.062705,0.007518
0.038306,0.068666,0.005544
0.037984,0.074062,0.005036
0.038487,0.079397,0.005845
0.039610,0.085180,0.007825
0.041150,0.091915,0.010827
0.042903,0.100108,0.014705
0.043337,0.103921,0.018432
0.042388,0.102839,0.021754
0.040359,0.097679,0.024616
0.037551,0.089260,0.026957
0.034266,0.078397,0.028722
0.030806,0.065910,0.029850
0.027474,0.052616,0.030285
0.024570,0.039331,0.029969
0.022397,0.026874,0.028842
0.021333,0.017561,0.027886
0.021233,0.011316,0.027320
0.021824,0.007464,0.027177
0.022830,0.005328,0.027490
0.023978,0.004236,0.028290
0.024994,0.003511,0.029610
0.025603,0.002479,0.031482
0.025532,0.000465,0.033937
0.024506,-0.003207,0.037008
0.023973,-0.007843,0.039121
0.024103,-0.013091,0.040057
0.024749,-0.018687,0.039937
0.025762,-0.024365,0.038880
0.026993,-0.029859,0.037008
0.028292,-0.034905,0.034441
0.029513,-0.039236,0.031300
0.030506,-0.042587,0.027705
0.031122,-0.044693,0.023776
0.030227,-0.045510,0.022266
0.027771,-0.045074,0.023667
0.023974,-0.043445,0.027909
0.019056,-0.040681,0.034920
0.013238,-0.036841,0.044630
0.006739,-0.031982,0.056966
-0.000220,-0.026163,0.071859
-0.007418,-0.019442,0.089236
-0.014637,-0.011878,0.109028
-0.021150,-0.007000,0.126484
-0.026842,-0.004756,0.140813
-0.031747,-0.004198,0.152214
-0.035901,-0.004376,0.160883
-0.039340,-0.004344,0.167018
-0.042098,-0.003151,0.170818
-0.044211,0.000149,0.172479
-0.045715,0.006505,0.172200
-0.046645,0.016866,0.170178
-0.047095,0.024741,0.167041
-0.047217,0.029427,0.163078
-0.047175,0.031667,0.158498
-0.047130,0.032204,0.153506
-0.047248,0.031781,0.148308
-0.047691,0.031142,0.143111
-0.048623,0.031028,0.138121
-0.050208,0.032184,0.133545
-0.052609,0.035353,0.129590
-0.056070,0.041417,0.125867
-0.060181,0.049732,0.122313
-0.064365,0.059271,0.118944
-0.068048,0.069004,0.115776
-0.070655,0.077906,0.112825
-0.071611,0.084948,0.110108
-0.070341,0.089102,0.107641
-0.066270,0.089341,0.105441
-0.058824,0.084637,0.103523
-0.051431,0.077902,0.100565
-0.044801,0.070341,0.096549
-0.038958,0.062733,0.091782
-0.033929,0.055856,0.086572
-0.029741,0.050489,0.081225
-0.026419,0.047410,0.076050
-0.023990,0.047399,0.071354
-0.022480,0.051234,0.067444
-0.021916,0.059693,0.064627
-0.020732,0.067989,0.061714
-0.018798,0.075123,0.058446
-0.016342,0.081040,0.054797
-0.013590,0.085688,0.050740
-0.010772,0.089013,0.046250
-0.008113,0.090961,0.041300
-0.005843,0.091478,0.035866
-0.004189,0.090512,0.029920
-0.003377,0.088009,0.023436
-0.003606,0.091186,0.017676
-0.004823,0.099587,0.012960
-0.006914,0.110838,0.009370
-0.009765,0.122566,0.006991
-0.013260,0.132396,0.005907
-0.017287,0.137954,0.006201
-0.021729,0.136867,0.007958
-0.026474,0.126760,0.011261
-0.031406,0.105260,0.016194
-0.035011,0.082827,0.017162
-0.036958,0.061636,0.013923
-0.037215,0.041788,0.007573
-0.035749,0.023385,-0.000792
-0.032528,0.006528,-0.010075
-0.027518,-0.008680,-0.019178
-0.020688,-0.022139,-0.027007
-0.012003,-0.033747,-0.032464
-0.001431,-0.043402,-0.034452
0.009047,-0.051847,-0.029068
0.018928,-0.058903,-0.017477
0.028081,-0.064162,-0.002113
0.036374,-0.067216,0.014588
0.043674,-0.067656,0.030194
0.049850,-0.065073,0.042269
0.054770,-0.059059,0.048379
0.058302,-0.049205,0.046091
0.060313,-0.035103,0.032969
0.060305,-0.022531,0.020879
0.058822,-0.012699,0.011785
0.056670,-0.005676,0.005177
0.054654,-0.001531,0.000545
0.053580,-0.000332,-0.002619
0.054252,-0.002147,-0.004827
0.057476,-0.007046,-0.006587
0.064057,-0.015096,-0.008410
0.074801,-0.026366,-0.010805
0.085957,-0.036866,-0.012499
0.096653,-0.045878,-0.013309
0.106734,-0.053501,-0.013323
0.116049,-0.059834,-0.012628
0.124443,-0.064979,-0.011314
0.131764,-0.069034,-0.009467
0.137857,-0.072099,-0.007177
0.142570,-0.074275,-0.004531
0.145749,-0.075660,-0.001618
0.147987,-0.074909,-0.000802
0.149491,-0.072165,-0.002142
0.150375,-0.067943,-0.005122
0.150753,-0.062757,-0.009227
0.150737,-0.057124,-0.013940
0.150442,-0.051557,-0.018746
0.149980,-0.046572,-0.023128
0.149464,-0.042683,-0.026571
0.149008,-0.040407,-0.028559
0.148671,-0.037129,-0.029965
0.148436,-0.032582,-0.031003
0.148266,-0.027082,-0.031724
0.148126,-0.020949,-0.032176
0.147979,-0.014499,-0.032410
0.147790,-0.008051,-0.032474
0.147523,-0.001922,-0.032418
0.147142,0.003570,-0.032291
0.146610,0.008106,-0.032143
0.145971,0.012532,-0.031019
0.145245,0.016997,-0.029012
0.144441,0.021480,-0.026481
0.143572,0.025956,-0.023783
0.142649,0.030402,-0.021274
0.141683,0.034797,-0.019313
0.140686,0.039117,-0.018257
0.139669,0.043338,-0.018463
0.138643,0.047438,-0.020289
0.135345,0.044654,-0.023655
0.129718,0.035176,-0.028172
0.122259,0.020935,-0.033373
0.113465,0.003859,-0.038792
0.103831,-0.014123,-0.043963
0.093854,-0.031079,-0.048420
0.084031,-0.045082,-0.051695
0.074857,-0.054201,-0.053323
0.066830,-0.056507,-0.052838
0.065024,-0.055108,-0.052227
0.068745,-0.051120,-0.051456
0.075854,-0.045164,-0.049984
0.084216,-0.037861,-0.047268
0.091691,-0.029830,-0.042769
0.096142,-0.021691,-0.035945
0.095432,-0.014066,-0.026254
0.087423,-0.007573,-0.013155
0.069978,-0.002833,0.003892
0.052859,-0.002846,0.020348
0.038067,-0.007233,0.035192
0.025662,-0.014775,0.048285
0.015704,-0.024249,0.059489
0.008255,-0.034434,0.068663
0.003374,-0.044109,0.075668
0.001121,-0.052054,0.080366
0.001558,-0.057046,0.082616
0.004743,-0.057864,0.082280
0.008953,-0.055970,0.079019
0.013368,-0.052133,0.073079
0.017398,-0.046948,0.064849
0.020451,-0.041012,0.054718
0.021936,-0.034920,0.043076
0.021262,-0.029269,0.030313
0.017837,-0.024653,0.016818
0.011071,-0.021670,0.002980
0.000372,-0.020914,-0.010809
-0.007637,-0.021644,-0.023806
-0.011855,-0.023253,-0.036134
-0.012560,-0.025166,-0.048131
-0.010031,-0.026809,-0.060139
-0.004546,-0.027607,-0.072498
0.003616,-0.026988,-0.085547
0.014175,-0.024375,-0.099627
0.026855,-0.019196,-0.115078
0.041376,-0.010876,-0.132240
0.051730,-0.001818,-0.151991
0.057350,0.007051,-0.172982
0.059026,0.015173,-0.193306
0.057551,0.021991,-0.211058
0.053715,0.026948,-0.224330
0.048311,0.029487,-0.231218
0.042130,0.029049,-0.229813
0.035963,0.025078,-0.218211
0.030602,0.017017,-0.194504
0.025006,0.008625,-0.170767
0.019177,0.000330,-0.149032
0.013380,-0.008275,-0.128818
0.007882,-0.017595,-0.109646
0.002946,-0.028036,-0.091036
-0.001163,-0.040005,-0.072509
-0.004178,-0.053908,-0.053585
-0.005836,-0.070152,-0.033786
-0.005872,-0.089141,-0.012630
-0.007681,-0.103784,0.008567
-0.011206,-0.112837,0.029199
-0.015525,-0.116517,0.048835
-0.019715,-0.115041,0.067047
-0.022854,-0.108627,0.083405
-0.024022,-0.097493,0.097478
-0.022294,-0.081856,0.108838
-0.016751,-0.061934,0.117054
-0.006468,-0.037943,0.121697
0.001094,-0.012948,0.125007
0.005197,0.011571,0.127245
0.006778,0.034529,0.128184
0.006776,0.054838,0.127592
0.006130,0.071415,0.125240
0.005777,0.083174,0.120896
0.006657,0.089029,0.114332
0.009708,0.087894,0.105317
0.015869,0.078684,0.093621
0.024448,0.066083,0.079224
0.034449,0.052316,0.063042
0.044802,0.038992,0.046228
0.054437,0.027722,0.029933
0.062281,0.020115,0.015309
0.067265,0.017781,0.003506
0.068318,0.022331,-0.004324
0.064368,0.035373,-0.007029
0.054345,0.058519,-0.003458
0.045435,0.078601,0.003106
0.038761,0.093251,0.011700
0.033930,0.102798,0.021938
0.030552,0.107575,0.033437
0.028232,0.107910,0.045812
0.026581,0.104135,0.058679
0.025204,0.096579,0.071653
0.023711,0.085574,0.084350
0.021708,0.071450,0.096386
0.019263,0.058701,0.107482
0.016484,0.047918,0.117557
0.013490,0.038716,0.126582
0.010401,0.030709,0.134527
0.007337,0.023514,0.141362
0.004416,0.016745,0.147057
0.001760,0.010017,0.151583
-0.000513,0.002945,0.154908
-0.002283,-0.004856,0.157005
-0.002853,-0.011340,0.155996
-0.002346,-0.016402,0.151991
-0.001090,-0.020425,0.145595
0.000587,-0.023790,0.137412
0.002357,-0.026880,0.128046
0.003892,-0.030075,0.118104
0.004864,-0.033757,0.108190
0.004945,-0.038308,0.098908
0.003807,-0.044110,0.090863
0.002022,-0.054436,0.080598
-0.000321,-0.068337,0.068032
-0.003258,-0.083805,0.053932
-0.006822,-0.098834,0.039060
-0.011048,-0.111419,0.024182
-0.015969,-0.119552,0.010063
-0.021619,-0.121227,-0.002534
-0.028033,-0.114437,-0.012843
-0.035244,-0.097177,-0.020099
-0.043292,-0.081232,-0.024990
-0.051597,-0.068522,-0.027708
-0.059422,-0.058496,-0.028320
-0.066030,-0.050604,-0.026894
-0.070685,-0.044297,-0.023500
-0.072651,-0.039026,-0.018205
-0.071191,-0.034240,-0.011077
-0.065570,-0.029390,-0.002185
-0.055050,-0.023927,0.008404
-0.043962,-0.017501,0.019832
-0.033304,-0.010284,0.031141
-0.023245,-0.002577,0.041348
-0.013949,0.005316,0.049468
-0.005586,0.013096,0.054519
0.001680,0.020459,0.055516
0.007680,0.027105,0.051476
0.012249,0.032731,0.041415
0.015219,0.037035,0.024349
0.016739,0.041326,0.006143
0.016962,0.045776,-0.011103
0.016044,0.050270,-0.026232
0.014138,0.054697,-0.038087
0.011399,0.058942,-0.045511
0.007982,0.062893,-0.047345
0.004042,0.066437,-0.042433
-0.000267,0.069461,-0.029617
-0.004791,0.071851,-0.007739
-0.009253,0.072917,0.014961
-0.013399,0.072603,0.036210
-0.016980,0.071008,0.055223
-0.019744,0.068233,0.071216
-0.021442,0.064379,0.083407
-0.021825,0.059545,0.091011
-0.020642,0.053833,0.093245
-0.017644,0.047342,0.089324
-0.012581,0.040174,0.078465
-0.007994,0.032559,0.066270
-0.004539,0.024632,0.053871
-0.002402,0.016505,0.041283
-0.001769,0.008288,0.028523
-0.002824,0.000093,0.015606
-0.005752,-0.007970,0.002549
-0.010739,-0.015789,-0.010634
-0.017970,-0.023252,-0.023926
-0.027630,-0.030250,-0.037312
-0.036716,-0.036865,-0.049697
-0.044941,-0.043027,-0.060617
-0.052695,-0.048628,-0.069766
-0.060370,-0.053559,-0.076838
-0.068359,-0.057711,-0.081528
-0.077052,-0.060976,-0.083530
-0.086841,-0.063245,-0.082538
-0.098118,-0.064410,-0.078246
-0.111274,-0.064361,-0.070349
-0.123977,-0.061327,-0.062209
-0.135607,-0.055805,-0.054628
-0.145971,-0.048862,-0.047770
-0.154876,-0.041563,-0.041799
-0.162130,-0.034975,-0.036879
-0.167539,-0.030162,-0.033171
-0.170912,-0.028193,-0.030841
-0.172054,-0.030131,-0.030052
-0.170775,-0.037043,-0.030966
-0.167525,-0.043135,-0.030697
-0.162557,-0.047224,-0.028916
-0.156075,-0.049282,-0.025940
-0.148283,-0.049279,-0.022080
-0.139385,-0.047187,-0.017653
-0.129584,-0.042975,-0.012971
-0.119084,-0.036616,-0.008349
-0.108089,-0.028081,-0.004101
-0.096803,-0.017339,-0.000540
-0.088478,-0.002492,0.003822
-0.083562,0.015537,0.008729
-0.081798,0.035121,0.013491
-0.082931,0.054631,0.017415
-0.086705,0.072438,0.019810
-0.092865,0.086913,0.019983
-0.101155,0.096429,0.017243
-0.111319,0.099357,0.010898
-0.123102,0.094068,0.000256
-0.134695,0.087614,-0.012298
-0.145520,0.081504,-0.025836
-0.155308,0.075859,-0.039795
-0.163790,0.070801,-0.053612
-0.170696,0.066455,-0.066724
-0.175758,0.062941,-0.078566
-0.178707,0.060382,-0.088575
-0.179273,0.058900,-0.096189
-0.177187,0.058619,-0.100843
-0.176002,0.057783,-0.101160
-0.175916,0.056433,-0.097265
-0.176292,0.055058,-0.089659
-0.176490,0.054149,-0.078844
-0.175874,0.054193,-0.065321
-0.173803,0.055680,-0.049592
-0.169640,0.059100,-0.032156
-0.162746,0.064942,-0.013517
-0.152483,0.073695,0.005826
-0.141013,0.080340,0.023498
-0.128933,0.084175,0.039393
-0.116445,0.085580,0.053970
-0.103754,0.084931,0.067687
-0.091062,0.082608,0.081004
-0.078574,0.078989,0.094380
-0.066493,0.074452,0.108273
-0.055021,0.069375,0.123143
-0.044364,0.064137,0.139449
-0.034058,0.060199,0.156974
-0.024164,0.057513,0.174986
-0.014876,0.055655,0.192624
-0.006386,0.054201,0.209027
0.001111,0.052726,0.223335
0.007423,0.050806,0.234686
0.012357,0.048016,0.242221
0.015720,0.043931,0.245078
0.017318,0.038128,0.242397
0.020766,0.030819,0.234454
0.025906,0.022819,0.221883
0.031637,0.015089,0.205407
0.036859,0.008592,0.185749
0.040469,0.004292,0.163632
0.041368,0.003151,0.139781
0.038455,0.006131,0.114917
0.030627,0.014196,0.089764
0.016786,0.028308,0.065046
0.003892,0.038684,0.041526
-0.006569,0.043887,0.019424
-0.014482,0.044567,-0.001173
-0.019733,0.041374,-0.020181
-0.022206,0.034959,-0.037513
-0.021787,0.025971,-0.053084
-0.018361,0.015061,-0.066809
-0.011812,0.002879,-0.078601
-0.002027,-0.009925,-0.088375
0.006548,-0.019979,-0.095540
0.013204,-0.027180,-0.100063
0.018167,-0.032242,-0.102052
0.021663,-0.035881,-0.101616
0.023917,-0.038812,-0.098862
0.025156,-0.041749,-0.093899
0.025605,-0.045407,-0.086833
0.025490,-0.050501,-0.077774
0.025037,-0.057746,-0.066830
0.022299,-0.063746,-0.059264
0.017217,-0.068165,-0.055093
0.010202,-0.071431,-0.053019
0.001669,-0.073973,-0.051744
-0.007970,-0.076221,-0.049972
-0.018302,-0.078603,-0.046404
-0.028914,-0.081548,-0.039744
-0.039393,-0.085485,-0.028693
-0.049327,-0.090844,-0.011954
-0.057268,-0.096143,-0.000413
-0.063331,-0.100862,0.004623
-0.068023,-0.104722,0.004237
-0.071851,-0.107442,-0.000486
-0.075321,-0.108740,-0.008459
-0.078941,-0.108338,-0.018600
-0.083217,-0.105955,-0.029822
-0.088655,-0.101310,-0.041041
-0.095762,-0.094123,-0.051172
-0.101229,-0.089170,-0.053578
-0.104697,-0.086668,-0.048466
-0.106541,-0.085696,-0.037753
-0.107138,-0.085330,-0.023360
-0.106862,-0.084650,-0.007204
-0.106092,-0.082733,0.008796
-0.105203,-0.078656,0.022721
-0.104570,-0.071498,0.032654
-0.104571,-0.060336,0.036675
-0.104232,-0.051168,0.035859
-0.103165,-0.044707,0.031454
-0.101129,-0.040341,0.024748
-0.097882,-0.037458,0.017030
-0.093184,-0.035449,0.009591
-0.086794,-0.033702,0.003720
-0.078468,-0.031607,0.000705
-0.067968,-0.028552,0.001837
-0.055050,-0.023927,0.008404
-0.041588,-0.017515,0.016938
-0.028399,-0.009694,0.025528
-0.016038,-0.000989,0.032650
-0.005059,0.008076,0.036782
0.003984,0.016974,0.036401
0.010535,0.025180,0.029984
0.014040,0.032170,0.016009
0.013946,0.037417,-0.007048
0.009697,0.040396,-0.040709
0.005739,0.041330,-0.072113
0.002848,0.040421,-0.098783
0.000882,0.037866,-0.120839
-0.000302,0.033864,-0.138404
-0.000845,0.028614,-0.151597
-0.000890,0.022313,-0.160539
-0.000579,0.015159,-0.165350
-0.000054,0.007351,-0.166152
0.000543,-0.000914,-0.163064
0.000131,-0.008489,-0.157133
-0.001275,-0.014995,-0.149111
-0.003384,-0.020250,-0.139677
-0.005906,-0.024068,-0.129512
-0.008550,-0.026265,-0.119294
-0.011027,-0.026657,-0.109704
-0.013046,-0.025059,-0.101421
-0.014316,-0.021286,-0.095125
-0.014547,-0.015155,-0.091495
-0.015034,-0.010557,-0.090712
-0.015893,-0.007730,-0.092204
-0.016945,-0.005994,-0.095216
-0.018010,-0.004672,-0.098990
-0.018908,-0.003083,-0.102771
-0.019461,-0.000551,-0.105801
-0.019488,0.003604,-0.107323
-0.018810,0.010060,-0.106582
-0.017249,0.019496,-0.102820
-0.013775,0.027402,-0.099249
-0.008591,0.033028,-0.096343
-0.002208,0.036562,-0.093888
0.004864,0.038196,-0.091670
0.012114,0.038119,-0.089477
0.019034,0.036521,-0.087094
0.025111,0.033590,-0.084310
0.029837,0.029518,-0.080910
0.032700,0.024493,-0.076682
0.034487,0.020857,-0.073373
0.035433,0.018787,-0.071138
0.035631,0.017921,-0.069740
0.035175,0.017896,-0.068936
0.034160,0.018348,-0.068488
0.032680,0.018916,-0.068154
0.030829,0.019236,-0.067696
0.028702,0.018945,-0.066873
0.026393,0.017682,-0.065444
0.023124,0.018487,-0.063187
0.018815,0.021730,-0.059839
0.013556,0.027111,-0.055124
0.007441,0.034330,-0.048771
0.000561,0.043086,-0.040504
-0.006991,0.053080,-0.030050
-0.015124,0.064011,-0.017134
-0.023745,0.075579,-0.001484
-0.032762,0.087485,0.017175
-0.039697,0.098213,0.037017
-0.044157,0.107123,0.057397
-0.046269,0.113796,0.077969
-0.046161,0.117810,0.098387
-0.043962,0.118746,0.118304
-0.039798,0.116183,0.137373
-0.033798,0.109701,0.155248
-0.026089,0.098878,0.171581
-0.016799,0.083296,0.186027
-0.006602,0.067543,0.200979
0.003843,0.053014,0.216145
0.013884,0.040302,0.230558
0.022867,0.030001,0.243254
0.030138,0.022704,0.253268
0.035044,0.019006,0.259633
0.036932,0.019500,0.261385
0.035149,0.024780,0.257558
0.029040,0.035440,0.247186
0.023401,0.046694,0.238824
0.018802,0.057162,0.233468
0.014755,0.066315,0.230226
0.010775,0.073627,0.228204
0.006372,0.078567,0.226511
0.001061,0.080609,0.224254
-0.005645,0.079224,0.220541
-0.014234,0.073883,0.214479
-0.025193,0.064058,0.205175
-0.034613,0.053298,0.195407
-0.041865,0.042432,0.185658
-0.047137,0.031612,0.175841
-0.050619,0.020989,0.165869
-0.052501,0.010714,0.155654
-0.052972,0.000938,0.145109
-0.052221,-0.008186,0.134145
-0.050438,-0.016509,0.122676
-0.047812,-0.023877,0.110614
-0.044694,-0.029213,0.100318
-0.041247,-0.032599,0.091985
-0.037586,-0.034410,0.085271
-0.033828,-0.035022,0.079833
-0.030089,-0.034810,0.075328
-0.026485,-0.034148,0.071412
-0.023131,-0.033412,0.067741
-0.020144,-0.032978,0.063972
-0.017640,-0.033219,0.059762
-0.016937,-0.036476,0.054091
-0.017940,-0.042311,0.047176
-0.020197,-0.049593,0.039546
-0.023256,-0.057189,0.031727
-0.026666,-0.063967,0.024249
-0.029976,-0.068796,0.017637
-0.032733,-0.070544,0.012420
-0.034488,-0.068079,0.009125
-0.034789,-0.060270,0.008280
-0.034216,-0.052346,0.008707
-0.033039,-0.045230,0.009857
-0.031449,-0.038771,0.011340
-0.029635,-0.032816,0.012764
-0.027787,-0.027212,0.013739
-0.026098,-0.021808,0.013874
-0.024756,-0.016451,0.012778
-0.023952,-0.010988,0.010060
-0.023877,-0.005267,0.005329
-0.024844,-0.000119,-0.000261
-0.026636,0.004303,-0.006159
-0.028908,0.008018,-0.011961
-0.031310,0.011043,-0.017265
-0.033497,0.013394,-0.021669
-0.035120,0.015089,-0.024770
-0.035832,0.016146,-0.026165
-0.035287,0.016582,-0.025451
-0.033136,0.016414,-0.022226
-0.029682,0.015055,-0.019304
-0.024943,0.012705,-0.017403
-0.018865,0.009764,-0.016720
-0.011396,0.006629,-0.017451
-0.002482,0.003700,-0.019792
0.007931,0.001374,-0.023938
0.019895,0.000050,-0.030086
0.033463,0.000126,-0.038431
0.048690,0.002000,-0.049170
0.060873,0.006427,-0.057823
0.069356,0.013041,-0.063898
0.074494,0.021196,-0.067904
0.076642,0.030247,-0.070347
0.076154,0.039550,-0.071734
0.073387,0.048460,-0.072573
0.068694,0.056331,-0.073369
0.062430,0.062518,-0.074631
0.054952,0.066376,-0.076865
0.048460,0.066152,-0.081870
0.043199,0.062334,-0.088761
0.038921,0.055976,-0.095983
0.035380,0.048127,-0.101981
0.032327,0.039840,-0.105199
0.029516,0.032167,-0.104082
0.026701,0.026158,-0.097076
0.023633,0.022866,-0.082624
0.020066,0.023342,-0.059173
0.017599,0.023869,-0.033495
0.016111,0.023449,-0.007472
0.015051,0.021764,0.018239
0.013869,0.018496,0.042981
0.012012,0.013326,0.066098
0.008932,0.005935,0.086933
0.004076,-0.003994,0.104828
-0.003106,-0.016781,0.119127
-0.013165,-0.032744,0.129172
-0.024103,-0.048004,0.136583
-0.034965,-0.061935,0.141920
-0.045055,-0.074724,0.145484
-0.053679,-0.086559,0.147572
-0.060142,-0.097624,0.148482
-0.063748,-0.108109,0.148513
-0.063802,-0.118199,0.147965
-0.059610,-0.128081,0.147134
-0.050477,-0.137942,0.146319
-0.038798,-0.146600,0.144216
-0.025450,-0.153430,0.140850
-0.010932,-0.157943,0.136580
0.004259,-0.159652,0.131762
0.019626,-0.158071,0.126757
0.034671,-0.152712,0.121922
0.048896,-0.143088,0.117615
0.061805,-0.128712,0.114195
0.072900,-0.109095,0.112020
0.077799,-0.090940,0.109723
0.076617,-0.075242,0.106627
0.070595,-0.061571,0.102222
0.060970,-0.049496,0.096001
0.048982,-0.038588,0.087457
0.035869,-0.028416,0.076081
0.022872,-0.018551,0.061366
0.011229,-0.008562,0.042803
0.002179,0.001980,0.019886
-0.004215,0.007916,-0.004007
-0.008238,0.009278,-0.027508
-0.010267,0.007398,-0.049750
-0.010674,0.003607,-0.069870
-0.009835,-0.000762,-0.087002
-0.008124,-0.004378,-0.100280
-0.005916,-0.005910,-0.108839
-0.003585,-0.004025,-0.111815
-0.001505,0.002609,-0.108342
0.000678,0.010306,-0.102501
0.002912,0.017745,-0.095552
0.005042,0.024194,-0.088051
0.006914,0.028920,-0.080552
0.008374,0.031190,-0.073611
0.009266,0.030273,-0.067782
0.009436,0.025436,-0.063620
0.008731,0.015948,-0.061680
0.006995,0.001075,-0.062517
0.004977,-0.016476,-0.067650
0.002835,-0.035259,-0.075718
0.000577,-0.054147,-0.084642
-0.001787,-0.072010,-0.092343
-0.004250,-0.087719,-0.096741
-0.006800,-0.100145,-0.095757
-0.009431,-0.108160,-0.087311
-0.012132,-0.110634,-0.069323
-0.014894,-0.106439,-0.039714
-0.017887,-0.102944,-0.011075
-0.021300,-0.101160,0.014430
-0.025328,-0.100506,0.037241
-0.030166,-0.100403,0.057798
-0.036008,-0.100270,0.076544
-0.043049,-0.099527,0.093919
-0.051484,-0.097594,0.110363
-0.061508,-0.093890,0.126317
-0.073315,-0.087836,0.142223
-0.083190,-0.081259,0.153422
-0.090466,-0.074938,0.159485
-0.095242,-0.069387,0.161036
-0.097617,-0.065120,0.158703
-0.097689,-0.062654,0.153112
-0.095556,-0.062502,0.144890
-0.091318,-0.065180,0.134662
-0.085071,-0.071203,0.123055
-0.076916,-0.081084,0.110695
-0.067862,-0.094763,0.099768
-0.058266,-0.111009,0.090480
-0.048319,-0.128300,0.082540
-0.038214,-0.145114,0.075661
-0.028142,-0.159929,0.069554
-0.018295,-0.171222,0.063928
-0.008866,-0.177472,0.058497
-0.000045,-0.177157,0.052969
0.007975,-0.168753,0.047057
0.014755,-0.156916,0.042052
0.020291,-0.142830,0.038281
0.024685,-0.126812,0.035825
0.028044,-0.109177,0.034766
0.030471,-0.090244,0.035187
0.032070,-0.070329,0.037171
0.032945,-0.049749,0.040800
0.033201,-0.028821,0.046157
0.032942,-0.007861,0.053323
0.033641,0.014980,0.060886
0.035429,0.038849,0.068285
0.038106,0.062220,0.075168
0.041468,0.083566,0.081186
0.045314,0.101361,0.085990
0.049440,0.114077,0.089231
0.053646,0.120188,0.090558
0.057728,0.118166,0.089621
0.061485,0.106484,0.086073
0.065406,0.096175,0.083056
0.069459,0.088592,0.080968
0.073478,0.082671,0.079522
0.077300,0.077350,0.078427
0.080761,0.071562,0.077396
0.083697,0.064246,0.076139
0.085942,0.054336,0.074368
0.087333,0.040768,0.071793
0.087706,0.022479,0.068126
0.085854,0.003253,0.061838
0.082134,-0.015645,0.053611
0.077297,-0.033580,0.044680
0.072092,-0.049919,0.036278
0.067266,-0.064027,0.029641
0.063571,-0.075269,0.026003
0.061754,-0.083011,0.026597
0.062565,-0.086618,0.032659
0.066753,-0.085456,0.045423
0.069783,-0.081498,0.059374
0.071048,-0.075617,0.073006
0.070921,-0.068409,0.085817
0.069777,-0.060472,0.097302
0.067991,-0.052400,0.106958
0.065936,-0.044793,0.114282
0.063987,-0.038245,0.118770
0.062519,-0.033353,0.119919
0.061905,-0.030716,0.117226
0.060612,-0.029402,0.113361
0.058504,-0.029009,0.109043
0.055796,-0.029267,0.104502
0.052702,-0.029904,0.099965
0.049435,-0.030651,0.095664
0.046209,-0.031236,0.091826
0.043240,-0.031389,0.088682
0.040741,-0.030838,0.086460
0.038925,-0.029313,0.085391
0.037885,-0.028468,0.084774
0.037501,-0.028428,0.084429
0.037603,-0.028939,0.084306
0.038023,-0.029747,0.084354
0.038589,-0.030596,0.084522
0.039133,-0.031232,0.084761
0.039483,-0.031400,0.085019
0.039471,-0.030846,0.085246
0.038925,-0.029313,0.085391
0.037932,-0.027414,0.084974
0.036616,-0.025322,0.084006
0.035113,-0.023102,0.082618
0.033556,-0.020817,0.080945
0.032081,-0.018534,0.079118
0.030823,-0.016315,0.077272
0.029917,-0.014227,0.075538
0.029498,-0.012333,0.074050
0.029701,-0.010698,0.072941
0.030746,-0.009153,0.072880
0.032476,-0.007723,0.073795
0.034643,-0.006485,0.075425
0.036998,-0.005513,0.077511
0.039291,-0.004883,0.079794
0.041272,-0.004670,0.082013
0.042693,-0.004951,0.083909
0.043303,-0.005799,0.085223
0.042854,-0.007291,0.085694
0.042518,-0.007556,0.084951
0.042466,-0.006420,0.083166
0.042620,-0.004130,0.080650
0.042900,-0.000934,0.077713
0.043227,0.002921,0.074664
0.043524,0.007186,0.071814
0.043710,0.011615,0.069472
0.043708,0.015958,0.067949
0.043439,0.019969,0.067554
0.044026,0.023429,0.068136
0.045514,0.026347,0.069436
0.047679,0.028791,0.071171
0.050297,0.030825,0.073056
0.053141,0.032516,0.074809
0.055988,0.033930,0.076144
0.058612,0.035134,0.076779
0.060789,0.036193,0.076429
0.062294,0.037175,0.074810
0.063689,0.038228,0.073025
0.065053,0.039303,0.071316
0.066340,0.040300,0.069707
0.067507,0.041117,0.068225
0.068511,0.041653,0.066895
0.069307,0.041809,0.065743
0.069851,0.041483,0.064796
0.070099,0.040575,0.064077
0.070008,0.038984,0.063614
0.069304,0.036894,0.063086
0.068074,0.034396,0.062425
0.066491,0.031553,0.061630
0.064730,0.028433,0.060697
0.062964,0.025100,0.059622
0.061367,0.021622,0.058403
0.060114,0.018063,0.057037
0.059379,0.014489,0.055521
0.059336,0.010966,0.053851
0.059588,0.006800,0.051248
0.059953,0.002080,0.047881
0.060302,-0.002910,0.044156
0.060507,-0.007886,0.040480
0.060439,-0.012563,0.037259
0.059969,-0.016657,0.034899
0.058969,-0.019884,0.033808
0.057310,-0.021958,0.034391
0.054862,-0.022596,0.037056
0.052232,-0.023047,0.038825
0.049584,-0.023531,0.039297
0.046976,-0.024015,0.038709
0.044463,-0.024462,0.037303
0.042104,-0.024839,0.035317
0.039953,-0.025108,0.032991
0.038068,-0.025237,0.030564
0.036505,-0.025189,0.028275
0.035321,-0.024930,0.026365
0.034648,-0.024784,0.025266
0.034420,-0.024782,0.024906
0.034518,-0.024877,0.025086
0.034823,-0.025024,0.025608
0.035218,-0.025176,0.026271
0.035583,-0.025288,0.026877
0.035801,-0.025315,0.027227
0.035753,-0.025211,0.027123
0.035321,-0.024930,0.026365
0.034583,-0.024563,0.024714
0.033624,-0.024146,0.022384
0.032528,-0.023697,0.019703
0.031380,-0.023237,0.016998
0.030267,-0.022784,0.014596
0.029272,-0.022359,0.012825
0.028482,-0.021980,0.012011
0.027981,-0.021668,0.012483
0.027855,-0.021442,0.014568
0.027713,-0.020568,0.017485
0.027511,-0.019121,0.020902
0.027291,-0.017382,0.024599
0.027097,-0.015629,0.028356
0.026969,-0.014142,0.031953
0.026952,-0.013200,0.035171
0.027086,-0.013083,0.037789
0.027415,-0.014071,0.039589
0.027980,-0.016441,0.040349
0.028983,-0.017993,0.040381
0.030356,-0.018463,0.039870
0.031967,-0.018071,0.038968
0.033685,-0.017036,0.037827
0.035375,-0.015580,0.036600
0.036906,-0.013921,0.035441
0.038145,-0.012280,0.034501
0.038959,-0.010878,0.033934
0.039217,-0.009935,0.033893
0.039372,-0.010109,0.034645
0.039495,-0.011303,0.036118
0.039560,-0.013231,0.038151
0.039540,-0.015605,0.040584
0.039409,-0.018138,0.043257
0.039141,-0.020544,0.046011
0.038709,-0.022536,0.048686
0.038088,-0.023826,0.051122
0.037251,-0.024127,0.053158
0.036307,-0.023856,0.052988
0.035287,-0.023193,0.050651
0.034201,-0.022264,0.046647
0.033057,-0.021193,0.041476
0.031867,-0.020105,0.035639
0.030641,-0.019124,0.029636
0.029387,-0.018376,0.023967
0.028116,-0.017984,0.019133
0.026839,-0.018073,0.015634
0.025108,-0.018572,0.012298
0.022940,-0.019393,0.009024
0.020463,-0.020444,0.005977
0.017806,-0.021636,0.003322
0.015098,-0.022876,0.001225
0.012468,-0.024074,-0.000148
0.010046,-0.025139,-0.000631
0.007961,-0.025979,-0.000060
0.006342,-0.026503,0.001731
0.005537,-0.026087,0.003534
0.005445,-0.024806,0.005069
0.005857,-0.022911,0.006290
0.006560,-0.020653,0.007151
0.007342,-0.018281,0.007606
0.007994,-0.016048,0.007609
0.008302,-0.014204,0.007114
0.008057,-0.012998,0.006074
0.007046,-0.012683,0.004445
0.006369,-0.013207,0.002728
0.006142,-0.014413,0.001111
0.006237,-0.016118,-0.000297
0.006525,-0.018138,-0.001387
0.006876,-0.020287,-0.002051
0.007163,-0.022382,-0.002180
0.007255,-0.024239,-0.001665
0.007025,-0.025674,-0.000397
0.006342,-0.026503,0.001731
0.005105,-0.028074,0.003655
0.003436,-0.030415,0.005156
0.001516,-0.033222,0.006227
-0.000476,-0.036192,0.006863
-0.002360,-0.039022,0.007057
-0.003956,-0.041408,0.006804
-0.005085,-0.043047,0.006098
-0.005565,-0.043636,0.004932
-0.005218,-0.042871,0.003300
-0.004172,-0.041365,0.001651
-0.002610,-0.039378,0.000151
-0.000728,-0.037082,-0.001107
0.001280,-0.034652,-0.002028
0.003216,-0.032258,-0.002517
0.004887,-0.030073,-0.002480
0.006095,-0.028271,-0.001823
0.006645,-0.027023,-0.000450
0.006342,-0.026503,0.001731
0.005761,-0.026840,0.003790
0.005048,-0.027896,0.005606
0.004241,-0.029461,0.007267
0.003381,-0.031330,0.008858
0.002506,-0.033294,0.010464
0.001656,-0.035146,0.012171
0.000868,-0.036679,0.014064
0.000182,-0.037684,0.016230
-0.000362,-0.037955,0.018753
-0.001414,-0.037613,0.020319
-0.002961,-0.036804,0.020897
-0.004821,-0.035680,0.020775
-0.006814,-0.034394,0.020242
-0.008761,-0.033098,0.019587
-0.010481,-0.031945,0.019100
-0.011793,-0.031086,0.019069
-0.012518,-0.030675,0.019784
-0.012476,-0.030862,0.021534
-0.012481,-0.031298,0.022840
-0.012655,-0.031908,0.023497
-0.012944,-0.032690,0.023618
-0.013296,-0.033639,0.023316
-0.013657,-0.034752,0.022701
-0.013975,-0.036026,0.021888
-0.014195,-0.037457,0.020989
-0.014266,-0.039042,0.020116
-0.014134,-0.040776,0.019382
-0.014569,-0.042216,0.019137
-0.015594,-0.043277,0.019346
-0.017041,-0.043970,0.019877
-0.018745,-0.044302,0.020600
-0.020539,-0.044283,0.021382
-0.022256,-0.043921,0.022094
-0.023731,-0.043224,0.022603
-0.024796,-0.042203,0.022779
-0.025286,-0.040864,0.022490
-0.025755,-0.039284,0.022033
-0.026294,-0.037496,0.021509
-0.026879,-0.035524,0.020965
-0.027484,-0.033392,0.020453
-0.028087,-0.031123,0.020021
-0.028663,-0.028741,0.019719
-0.029187,-0.026270,0.019597
-0.029634,-0.023734,0.019703
-0.029982,-0.021156,0.020088
-0.030150,-0.019031,0.020167
-0.030175,-0.017343,0.019872
-0.030118,-0.015947,0.019263
-0.030043,-0.014700,0.018400
-0.030012,-0.013457,0.017344
-0.030089,-0.012076,0.016155
-0.030336,-0.010412,0.014893
-0.030817,-0.008320,0.013620
-0.031593,-0.005658,0.012394
-0.032355,-0.003193,0.011967
-0.033062,-0.001059,0.012289
-0.033746,0.000766,0.013108
-0.034434,0.002304,0.014172
-0.035157,0.003577,0.015231
-0.035944,0.004608,0.016032
-0.036824,0.005419,0.016324
-0.037826,0.006032,0.015856
-0.038981,0.006471,0.014376
-0.039951,0.006660,0.013074
-0.040709,0.006579,0.012101
-0.041308,0.006222,0.011353
-0.041799,0.005582,0.010723
-0.042234,0.004652,0.010107
-0.042666,0.003426,0.009397
-0.043146,0.001896,0.008489
-0.043727,0.000056,0.007276
-0.044460,-0.002100,0.005654
-0.045494,-0.003025,0.003684
-0.046736,-0.002655,0.001544
-0.048036,-0.001297,-0.000557
-0.049240,0.000741,-0.002414
-0.050198,0.003153,-0.003819
-0.050756,0.005631,-0.004565
-0.050763,0.007868,-0.004446
-0.050067,0.009557,-0.003255
-0.048515,0.010391,-0.000785
-0.047052,0.011387,0.000085
-0.045836,0.012591,-0.000847
-0.044827,0.013808,-0.003108
-0.043989,0.014841,-0.006227
-0.043283,0.015494,-0.009734
-0.042671,0.015570,-0.013158
-0.042115,0.014874,-0.016027
-0.041577,0.013208,-0.017870
-0.041019,0.010377,-0.018216
-0.040557,0.006790,-0.017956
-0.040197,0.002732,-0.017356
-0.039917,-0.001548,-0.016526
-0.039696,-0.005798,-0.015577
-0.039512,-0.009765,-0.014617
-0.039344,-0.013200,-0.013758
-0.039170,-0.015849,-0.013109
-0.038969,-0.017463,-0.012781
-0.038718,-0.017788,-0.012884
-0.039465,-0.017257,-0.012884
-0.041187,-0.016044,-0.012707
-0.043595,-0.014255,-0.012394
-0.046399,-0.012001,-0.011985
-0.049310,-0.009391,-0.011520
-0.052037,-0.006533,-0.011040
-0.054291,-0.003536,-0.010585
-0.055783,-0.000509,-0.010196
-0.056223,0.002439,-0.009913
-0.056104,0.004038,-0.009557
-0.055600,0.004318,-0.009075
-0.054811,0.003629,-0.008442
-0.053831,0.002323,-0.007637
-0.052759,0.000752,-0.006637
-0.051692,-0.000732,-0.005419
-0.050726,-0.001777,-0.003960
-0.049958,-0.002031,-0.002238
-0.049486,-0.001142,-0.000229
-0.049878,0.000115,-0.000130
-0.050981,0.001520,-0.001829
-0.052459,0.002994,-0.004636
-0.053975,0.004454,-0.007864
-0.055195,0.005821,-0.010825
-0.055782,0.007013,-0.012830
-0.055400,0.007950,-0.013191
-0.053715,0.008552,-0.011219
-0.050389,0.008736,-0.006226
-0.045249,0.009999,0.000189
-0.038454,0.012480,0.007539
-0.030243,0.015981,0.015614
-0.020857,0.020305,0.024202
-0.010537,0.025252,0.033096
0.000477,0.030626,0.042084
0.011945,0.036227,0.050956
0.023626,0.041858,0.059503
0.035279,0.047320,0.067514
0.045023,0.051875,0.074692
0.052694,0.055343,0.080671
0.058556,0.057686,0.085066
0.062876,0.058862,0.087493
0.065919,0.058833,0.087567
0.067951,0.057559,0.084905
0.069237,0.055000,0.079122
0.070043,0.051117,0.069833
0.070634,0.045870,0.056654
0.071140,0.042218,0.044849
0.071612,0.040274,0.035257
0.072079,0.039442,0.027610
0.072570,0.039126,0.021642
0.073117,0.038730,0.017088
0.073749,0.037656,0.013679
0.074496,0.035308,0.011149
0.075387,0.031090,0.009232
0.076454,0.024405,0.007662
0.078307,0.018771,0.006233
0.080807,0.014645,0.004855
0.083626,0.011718,0.003461
0.086435,0.009685,0.001987
0.088908,0.008237,0.000367
0.090716,0.007068,-0.001463
0.091531,0.005869,-0.003568
0.091025,0.004333,-0.006014
0.088870,0.002152,-0.008865
0.086189,0.001170,-0.011438
0.083288,0.001548,-0.013603
0.080270,0.003028,-0.015368
0.077236,0.005354,-0.016742
0.074289,0.008268,-0.017731
0.071531,0.011512,-0.018346
0.069065,0.014829,-0.018593
0.066993,0.017961,-0.018481
0.065417,0.020651,-0.018019
0.064316,0.023410,-0.017050
0.063617,0.026299,-0.015706
0.063235,0.029268,-0.014193
0.063083,0.032264,-0.012717
0.063077,0.035236,-0.011483
0.063130,0.038135,-0.010695
0.063157,0.040907,-0.010559
0.063072,0.043502,-0.011281
0.062789,0.045869,-0.013065
0.061218,0.048065,-0.015348
0.058350,0.049686,-0.017954
0.054446,0.050212,-0.020801
0.049768,0.049122,-0.023807
0.044575,0.045897,-0.026892
0.039131,0.040017,-0.029975
0.033695,0.030961,-0.032973
0.028530,0.018209,-0.035807
0.023895,0.001241,-0.038395
0.020132,-0.012363,-0.040047
0.017298,-0.021854,-0.040674
0.015381,-0.028184,-0.040332
0.014368,-0.032311,-0.039081
0.014248,-0.035188,-0.036980
0.015008,-0.037770,-0.034087
0.016636,-0.041014,-0.030460
0.019119,-0.045873,-0.026159
0.022446,-0.053303,-0.021242
0.025415,-0.059639,-0.017293
0.027648,-0.064302,-0.014513
0.028975,-0.067481,-0.012754
0.029225,-0.069369,-0.011870
0.028227,-0.070154,-0.011714
0.025811,-0.070029,-0.012140
0.021804,-0.069184,-0.013000
0.016038,-0.067810,-0.014148
0.008340,-0.066097,-0.015438
0.000618,-0.063633,-0.015724
-0.006721,-0.060491,-0.015076
-0.013648,-0.056865,-0.013863
-0.020131,-0.052950,-0.012458
-0.026142,-0.048941,-0.011232
-0.031649,-0.045032,-0.010557
-0.036622,-0.041416,-0.010802
-0.041032,-0.038290,-0.012341
-0.044848,-0.035847,-0.015543
-0.047183,-0.033885,-0.018198
-0.048091,-0.032116,-0.019968
-0.047860,-0.030227,-0.020980
-0.046775,-0.027907,-0.021365
-0.045125,-0.024844,-0.021251
-0.043195,-0.020727,-0.020767
-0.041275,-0.015243,-0.020043
-0.039650,-0.008082,-0.019208
-0.038608,0.001068,-0.018390
-0.037591,0.006115,-0.017383
-0.036427,0.006543,-0.016136
-0.035037,0.003225,-0.014639
-0.033346,-0.002960,-0.012880
-0.031276,-0.011139,-0.010849
-0.028750,-0.020434,-0.008535
-0.025691,-0.029971,-0.005926
-0.022021,-0.038873,-0.003012
-0.017665,-0.046264,0.000218
-0.013537,-0.050782,0.004770
-0.009820,-0.052469,0.010511
-0.006512,-0.051717,0.017027
-0.003609,-0.048916,0.023904
-0.001111,-0.044460,0.030726
0.000984,-0.038741,0.037079
0.002680,-0.032149,0.042547
0.003977,-0.025077,0.046716
0.004879,-0.017917,0.049170
0.006182,-0.013283,0.050736
0.007937,-0.011182,0.051637
0.010003,-0.010965,0.051950
0.012241,-0.011986,0.051749
0.014513,-0.013598,0.051112
0.016678,-0.015154,0.050112
0.018598,-0.016006,0.048826
0.020134,-0.015509,0.047329
0.021146,-0.013014,0.045696
0.021727,-0.011645,0.044765
0.021963,-0.011668,0.044540
0.021941,-0.012632,0.044819
0.021744,-0.014088,0.045398
0.021460,-0.015587,0.046075
0.021172,-0.016678,0.046646
0.020967,-0.016913,0.046909
0.020929,-0.015842,0.046659
0.021144,-0.013014,0.045695
0.021174,-0.011093,0.044698
0.020988,-0.010438,0.043767
0.020658,-0.010834,0.042855
0.020253,-0.012064,0.041915
0.019846,-0.013915,0.040900
0.019506,-0.016169,0.039763
0.019307,-0.018611,0.038458
0.019317,-0.021026,0.036938
0.019609,-0.023198,0.035155
0.020111,-0.023812,0.034201
0.020787,-0.022984,0.034125
0.021608,-0.021184,0.034716
0.022545,-0.018886,0.035759
0.023571,-0.016561,0.037044
0.024656,-0.014682,0.038358
0.025771,-0.013721,0.039488
0.026889,-0.014150,0.040222
0.027980,-0.016441,0.040349
0.028192,-0.018339,0.040729
0.027567,-0.019464,0.041451
0.026374,-0.019908,0.042411
0.024878,-0.019761,0.043505
0.023348,-0.019113,0.044629
0.022050,-0.018056,0.045679
0.021253,-0.016681,0.046551
0.021222,-0.015077,0.047141
0.022226,-0.013337,0.047345
0.023274,-0.010585,0.045695
0.024249,-0.006877,0.042110
0.025258,-0.002501,0.036857
0.026406,0.002254,0.030200
0.027796,0.007102,0.022405
0.029533,0.011753,0.013739
0.031723,0.015921,0.004466
0.034471,0.019317,-0.005147
0.037880,0.021653,-0.014835
0.041867,0.020108,-0.023410
0.046177,0.014808,-0.030602
0.050510,0.006614,-0.036374
0.054568,-0.003611,-0.040685
0.058052,-0.015006,-0.043496
0.060663,-0.026710,-0.044768
0.062103,-0.037860,-0.044460
0.062073,-0.047594,-0.042535
0.060274,-0.055051,-0.038953
0.057466,-0.061064,-0.035872
0.054066,-0.065708,-0.033464
0.050404,-0.068870,-0.031403
0.046812,-0.070434,-0.029365
0.043621,-0.070288,-0.027024
0.041162,-0.068317,-0.024055
0.039765,-0.064407,-0.020133
0.039763,-0.058444,-0.014933
0.041484,-0.050315,-0.008129
0.043538,-0.042976,-0.001819
0.045620,-0.036921,0.003579
0.047698,-0.032028,0.008066
0.049742,-0.028177,0.011641
0.051719,-0.025244,0.014306
0.053599,-0.023109,0.016061
0.055349,-0.021650,0.016906
0.056938,-0.020745,0.016843
0.058336,-0.020272,0.015871
0.059315,-0.020088,0.014920
0.059904,-0.020106,0.014141
0.060190,-0.020251,0.013486
0.060262,-0.020448,0.012911
0.060211,-0.020622,0.012370
0.060125,-0.020699,0.011816
0.060093,-0.020603,0.011204
0.060205,-0.020260,0.010488
0.060549,-0.019596,0.009622
0.060995,-0.018507,0.009031
0.061482,-0.017105,0.008723
0.061969,-0.015552,0.008604
0.062412,-0.014012,0.008578
0.062768,-0.012648,0.008552
0.062994,-0.011622,0.008429
0.063049,-0.011098,0.008116
0.062888,-0.011239,0.007518
0.062469,-0.012208,0.006540
0.062109,-0.014454,0.006020
0.061856,-0.017764,0.006018
0.061692,-0.021763,0.006401
0.061599,-0.026075,0.007034
0.061558,-0.030321,0.007782
0.061551,-0.034127,0.008511
0.061560,-0.037115,0.009087
0.061566,-0.038910,0.009375
0.061552,-0.039135,0.009241
0.060972,-0.038991,0.009068
0.059836,-0.038777,0.008874
0.058293,-0.038561,0.008587
0.056491,-0.038414,0.008135
0.054579,-0.038404,0.007446
0.052705,-0.038601,0.006447
0.051017,-0.039076,0.005067
0.049665,-0.039898,0.003232
0.048796,-0.041135,0.000871
0.047838,-0.041853,-0.000262
0.046735,-0.041951,-0.000097
0.045559,-0.041537,0.001009
0.044384,-0.040720,0.002701
0.043281,-0.039609,0.004625
0.042322,-0.038312,0.006426
0.041581,-0.036937,0.007749
0.041130,-0.035595,0.008238
0.041042,-0.034392,0.007540
0.040375,-0.033997,0.005801
0.039049,-0.034336,0.003389
0.037200,-0.035148,0.000728
0.034961,-0.036171,-0.001760
0.032468,-0.037145,-0.003652
0.029856,-0.037810,-0.004526
