1.5500000000e+03,0.0000000000e+00
1.5500000000e+03,0.0000000000e+00
1.5500000000e+03,0.0000000000e+00
1.5500000000e+03,0.0000000000e+00
1.5500000000e+03,0.0000000000e+00
1.5500000000e+03,0.0000000000e+00
1.5500000000e+03,0.0000000000e+00
1.5500000000e+03,0.0000000000e+00
1.5500000000e+03,0.0000000000e+00
1.5500000000e+03,0.0000000000e+00
1.5500000000e+03,0.0000000000e+00
1.5500000000e+03,0.0000000000e+00
1.5500000000e+03,0.0000000000e+00
1.5500000000e+03,0.0000000000e+00
1.5500000000e+03,0.0000000000e+00
1.5500000000e+03,0.0000000000e+00
1.5500000000e+03,0.0000000000e+00
1.5500000000e+03,0.0000000000e+00
1.5500000000e+03,0.0000000000e+00
1.5500000000e+03,0.0000000000e+00
1.5500000000e+03,0.0000000000e+00
1.5500000000e+03,0.0000000000e+00
1.5510000000e+03,0.0000000000e+00
1.5510000000e+03,0.0000000000e+00
1.5510000000e+03,0.0000000000e+00
1.5520000000e+03,0.0000000000e+00
1.5520000000e+03,0.0000000000e+00
1.5530000000e+03,0.0000000000e+00
1.5530000000e+03,0.0000000000e+00
1.5530000000e+03,0.0000000000e+00
1.5530000000e+03,8.4576186153e-02
1.5540000000e+03,8.2683900827e-02
1.5540000000e+03,2.4309857592e-01
1.5540000000e+03,3.4615697781e-01
1.5540000000e+03,3.2458491501e-01
1.5550000000e+03,3.7467799411e-01
1.5560000000e+03,3.6646811186e-01
1.5570000000e+03,3.5805933068e-01
1.5590000000e+03,3.4019554347e-01
1.5600000000e+03,3.1631839393e-01
1.5610000000e+03,2.8384698974e-01
1.5600000000e+03,2.5421903966e-01
1.5590000000e+03,2.3286217114e-01
1.5580000000e+03,2.1219438898e-01
1.5570000000e+03,1.9951863734e-01
1.5570000000e+03,1.9486607193e-01
1.5570000000e+03,2.3564552121e-01
1.5570000000e+03,2.1475186782e-01
1.5580000000e+03,1.9420557488e-01
1.5580000000e+03,6.1856509727e-01
1.5570000000e+03,5.6239949743e-01
1.5560000000e+03,5.0714426144e-01
1.5560000000e+03,4.8703134357e-01
1.5550000000e+03,4.3524054536e-01
1.5550000000e+03,3.8884188055e-01
1.5540000000e+03,3.4902761386e-01
1.5540000000e+03,3.6620341632e-01
1.5540000000e+03,3.3987758996e-01
1.5530000000e+03,3.0403674491e-01
1.5530000000e+03,2.7883852553e-01
1.5530000000e+03,2.7104921660e-01
1.5530000000e+03,2.5227674108e-01
1.5530000000e+03,2.2687954803e-01
1.5530000000e+03,2.0237725142e-01
1.5530000000e+03,1.8701976486e-01
1.5530000000e+03,1.8034935165e-01
1.5530000000e+03,1.7211002637e-01
1.5540000000e+03,1.5913833932e-01
1.5550000000e+03,1.4704539342e-01
1.5560000000e+03,1.3602086626e-01
1.5580000000e+03,1.2446379583e-01
1.5650000000e+03,1.1102208692e-01
1.5790000000e+03,9.9032041418e-02
1.6060000000e+03,3.9845318268e-01
1.6500000000e+03,4.4615856838e-01
1.7110000000e+03,4.2040862663e-01
1.7850000000e+03,4.0781364380e-01
1.8700000000e+03,4.0234307851e-01
1.9620000000e+03,3.9839964707e-01
2.0500000000e+03,3.8085598630e-01
2.1210000000e+03,3.4999971570e-01
2.1630000000e+03,3.1815473220e-01
2.1740000000e+03,2.9135464448e-01
2.1550000000e+03,2.7577229100e-01
2.1150000000e+03,2.6147068829e-01
2.0610000000e+03,2.4456499378e-01
2.0030000000e+03,2.3420938441e-01
1.9460000000e+03,2.3012244136e-01
1.8940000000e+03,2.0990052711e-01
1.8470000000e+03,2.0374687392e-01
1.8050000000e+03,2.0243982125e-01
1.7700000000e+03,1.9576994170e-01
1.7400000000e+03,1.9043371268e-01
1.7160000000e+03,2.3780132470e-01
1.6950000000e+03,2.2729512795e-01
1.6750000000e+03,2.1813944489e-01
1.6570000000e+03,2.1100808814e-01
1.6400000000e+03,1.9054027195e-01
1.6260000000e+03,1.8402442113e-01
1.6160000000e+03,1.7437165685e-01
1.6080000000e+03,1.6758490041e-01
1.6020000000e+03,1.6699583678e-01
1.5970000000e+03,1.5762449346e-01
1.5950000000e+03,1.4606119671e-01
1.5930000000e+03,1.6517817019e-01
1.5920000000e+03,1.5264039825e-01
1.5900000000e+03,1.4702261690e-01
1.5880000000e+03,1.4158605817e-01
1.5850000000e+03,1.6116016119e-01
1.5820000000e+03,1.5363767407e-01
1.5800000000e+03,1.4994819471e-01
1.5770000000e+03,1.4563078671e-01
1.5750000000e+03,1.3713010306e-01
1.5720000000e+03,1.3591829484e-01
1.5700000000e+03,1.2965821673e-01
1.5670000000e+03,3.1390564841e-01
1.5640000000e+03,2.8539235668e-01
1.5610000000e+03,2.7831990169e-01
1.5580000000e+03,2.4996790176e-01
1.5560000000e+03,2.2390663018e-01
1.5550000000e+03,1.9972539960e-01
1.5540000000e+03,1.7815566789e-01
1.5530000000e+03,1.5891540117e-01
1.5530000000e+03,1.4804851484e-01
1.5520000000e+03,1.3589043511e-01
1.5520000000e+03,1.2549037191e-01
1.5510000000e+03,2.9306779819e-01
1.5510000000e+03,2.7415110258e-01
1.5510000000e+03,2.5997108850e-01
1.5530000000e+03,2.3263860840e-01
1.5570000000e+03,2.1412253275e-01
1.5650000000e+03,1.9651332128e-01
1.5830000000e+03,1.7766530732e-01
1.6190000000e+03,3.7077186073e-01
1.6800000000e+03,3.5671461299e-01
1.7680000000e+03,4.1899136085e-01
1.8680000000e+03,4.1691984023e-01
1.9590000000e+03,4.0139497298e-01
2.0190000000e+03,3.6286469297e-01
2.0440000000e+03,3.2897919204e-01
2.0390000000e+03,3.0741021315e-01
2.0140000000e+03,2.8630214927e-01
1.9780000000e+03,2.7230483270e-01
1.9380000000e+03,2.5199022313e-01
1.8990000000e+03,2.3634686791e-01
1.8620000000e+03,2.2406599478e-01
1.8290000000e+03,2.1655811323e-01
1.7990000000e+03,2.1527036568e-01
1.7700000000e+03,2.4375536803e-01
1.7430000000e+03,2.3978750006e-01
1.7170000000e+03,2.2402567569e-01
1.6950000000e+03,5.1545383506e-01
1.6750000000e+03,4.7259831991e-01
1.6580000000e+03,4.3442512670e-01
1.6410000000e+03,4.0243419810e-01
1.6240000000e+03,3.6653932892e-01
1.6070000000e+03,3.8211354424e-01
1.5920000000e+03,4.6310288152e-01
1.5790000000e+03,4.1821212580e-01
1.5690000000e+03,4.0461172992e-01
1.5620000000e+03,3.7100168857e-01
1.5560000000e+03,3.4026061207e-01
1.5530000000e+03,3.2240783196e-01
1.5510000000e+03,2.9442929685e-01
1.5500000000e+03,2.7586441523e-01
1.5500000000e+03,2.5890947098e-01
1.5500000000e+03,2.4580062087e-01
1.5500000000e+03,2.3539680810e-01
1.5500000000e+03,2.2048705795e-01
1.5500000000e+03,2.0054836113e-01
1.5500000000e+03,1.8917510861e-01
1.5500000000e+03,1.7784271930e-01
1.5500000000e+03,1.7448018763e-01
1.5500000000e+03,2.8770261251e-01
1.5500000000e+03,2.6131645295e-01
1.5500000000e+03,2.3614779320e-01
1.5500000000e+03,2.1954325882e-01
1.5500000000e+03,2.0366670127e-01
1.5500000000e+03,1.9790178095e-01
1.5500000000e+03,1.8171428316e-01
1.5500000000e+03,1.6622954062e-01
1.5510000000e+03,1.5665471033e-01
1.5510000000e+03,1.5216476697e-01
1.5520000000e+03,2.0901530328e-01
1.5550000000e+03,2.7532728490e-01
1.5600000000e+03,2.5874644936e-01
1.5720000000e+03,2.3129913787e-01
1.5940000000e+03,2.0806920040e-01
1.6270000000e+03,1.9343142536e-01
1.6740000000e+03,5.7297307866e-01
1.7340000000e+03,5.6278487360e-01
1.8070000000e+03,5.1600729613e-01
1.8840000000e+03,4.9967329518e-01
1.9560000000e+03,4.8155453978e-01
2.0110000000e+03,4.4556094419e-01
2.0410000000e+03,4.1079230560e-01
2.0410000000e+03,3.9283186798e-01
2.0170000000e+03,3.7553348274e-01
1.9770000000e+03,3.5434088285e-01
1.9320000000e+03,3.2755890288e-01
1.8890000000e+03,3.1142305084e-01
1.8530000000e+03,2.9615310213e-01
1.8230000000e+03,2.8629438116e-01
1.7960000000e+03,2.7544414274e-01
1.7720000000e+03,2.5510043011e-01
1.7500000000e+03,2.5101883357e-01
1.7300000000e+03,2.4161015932e-01
1.7110000000e+03,2.3272301019e-01
1.6930000000e+03,2.1752389330e-01
1.6770000000e+03,2.0697469961e-01
1.6620000000e+03,1.9251606576e-01
1.6510000000e+03,2.2106709796e-01
1.6420000000e+03,2.0817123731e-01
1.6360000000e+03,1.9249332479e-01
1.6300000000e+03,1.8706244219e-01
1.6250000000e+03,1.8141333832e-01
1.6200000000e+03,1.7488645597e-01
1.6160000000e+03,1.7345133233e-01
1.6120000000e+03,1.7114313732e-01
1.6070000000e+03,1.6185634187e-01
1.6020000000e+03,1.5804944046e-01
1.5970000000e+03,1.5653300776e-01
1.5930000000e+03,1.4890411548e-01
1.5900000000e+03,1.4121899846e-01
1.5880000000e+03,1.6210309260e-01
1.5860000000e+03,1.9151679953e-01
1.5830000000e+03,1.8986635244e-01
1.5800000000e+03,2.0986936719e-01
1.5760000000e+03,2.2249906125e-01
1.5720000000e+03,2.7784792479e-01
1.5690000000e+03,2.6325451391e-01
1.5660000000e+03,2.3482383235e-01
1.5630000000e+03,2.1009225850e-01
1.5610000000e+03,1.8740293777e-01
1.5580000000e+03,2.2208456312e-01
1.5560000000e+03,2.1800782687e-01
1.5550000000e+03,2.0096589445e-01
1.5540000000e+03,1.7926219310e-01
1.5530000000e+03,1.6799442944e-01
1.5520000000e+03,1.9931623850e-01
1.5520000000e+03,2.3628745657e-01
1.5510000000e+03,2.1137207202e-01
1.5500000000e+03,1.9363487354e-01
1.5500000000e+03,1.7578492837e-01
1.5510000000e+03,1.6555106769e-01
1.5550000000e+03,1.7136637554e-01
1.5660000000e+03,4.1903990441e-01
1.5890000000e+03,4.1493902768e-01
1.6300000000e+03,3.8918621728e-01
1.6860000000e+03,3.8275549939e-01
1.7480000000e+03,3.7223095966e-01
1.8000000000e+03,3.3536478891e-01
1.8300000000e+03,3.1736630613e-01
1.8300000000e+03,2.8826696308e-01
1.8060000000e+03,2.7421172207e-01
1.7670000000e+03,2.5300945100e-01
1.7220000000e+03,2.4149570138e-01
1.6790000000e+03,2.3007756580e-01
1.6460000000e+03,2.1908263581e-01
1.6240000000e+03,2.0632343320e-01
1.6150000000e+03,1.9566432850e-01
1.6160000000e+03,1.7926833493e-01
1.6230000000e+03,1.6922869329e-01
1.6290000000e+03,1.6424055977e-01
1.6330000000e+03,1.8495980185e-01
1.6330000000e+03,1.7359313739e-01
1.6280000000e+03,1.9051541390e-01
1.6190000000e+03,1.7952579681e-01
1.6070000000e+03,1.7930711057e-01
1.5970000000e+03,6.7618934542e-01
1.5900000000e+03,6.1730308849e-01
1.5870000000e+03,5.5978858618e-01
1.5840000000e+03,5.0802515219e-01
1.5800000000e+03,4.6190993933e-01
1.5750000000e+03,4.4538943777e-01
1.5690000000e+03,4.1640296250e-01
1.5640000000e+03,3.7980354293e-01
1.5610000000e+03,3.5276766210e-01
1.5590000000e+03,3.2350381822e-01
1.5570000000e+03,2.9458628513e-01
1.5550000000e+03,3.3721997531e-01
1.5530000000e+03,3.0683935638e-01
1.5520000000e+03,2.9868048358e-01
1.5510000000e+03,2.8340508406e-01
1.5500000000e+03,2.6959071900e-01
1.5500000000e+03,2.5043668271e-01
1.5500000000e+03,2.3038684013e-01
1.5500000000e+03,2.0997551770e-01
1.5500000000e+03,1.9549619935e-01
1.5500000000e+03,1.7707889742e-01
1.5500000000e+03,2.2925846714e-01
1.5500000000e+03,2.2246376707e-01
1.5510000000e+03,2.0979411852e-01
1.5520000000e+03,1.9666035407e-01
1.5530000000e+03,1.8328795512e-01
1.5560000000e+03,1.7945444358e-01
1.5580000000e+03,4.3107283708e-01
1.5600000000e+03,4.0610475886e-01
1.5620000000e+03,3.7527764714e-01
1.5630000000e+03,3.4990804187e-01
1.5660000000e+03,3.2303116486e-01
1.5720000000e+03,2.9196453765e-01
1.5850000000e+03,2.7930560289e-01
1.6130000000e+03,3.9268073031e-01
1.6640000000e+03,4.2215338156e-01
1.7420000000e+03,4.1818035965e-01
1.8380000000e+03,4.1726462667e-01
1.9340000000e+03,4.0024715553e-01
2.0070000000e+03,3.6977513183e-01
2.0430000000e+03,3.3615895262e-01
2.0410000000e+03,3.1679384735e-01
2.0120000000e+03,2.9497006789e-01
1.9710000000e+03,2.7488200024e-01
1.9300000000e+03,2.6030904746e-01
1.8950000000e+03,2.4776331619e-01
1.8690000000e+03,2.2783160421e-01
1.8480000000e+03,2.1945541587e-01
1.8300000000e+03,2.1204840799e-01
1.8150000000e+03,2.5581921287e-01
1.8070000000e+03,2.4884935650e-01
1.8100000000e+03,2.3672838257e-01
1.8230000000e+03,3.1316902840e-01
1.8420000000e+03,2.9129636395e-01
1.8590000000e+03,2.7908359561e-01
1.8630000000e+03,2.6037579967e-01
1.8490000000e+03,2.4917081685e-01
1.8190000000e+03,2.3655063312e-01
1.7790000000e+03,2.1993467024e-01
1.7380000000e+03,2.0277909672e-01
1.7010000000e+03,1.8935358727e-01
1.6710000000e+03,1.7523966647e-01
1.6480000000e+03,1.6688901161e-01
1.6300000000e+03,1.5795919748e-01
1.6160000000e+03,1.5116744901e-01
1.6050000000e+03,1.4776644521e-01
1.5970000000e+03,1.4006826510e-01
1.5920000000e+03,1.3179370251e-01
1.5880000000e+03,1.2847353646e-01
1.5850000000e+03,1.2845763336e-01
1.5810000000e+03,1.6179797247e-01
1.5770000000e+03,1.5224713098e-01
1.5720000000e+03,1.3713296360e-01
1.5670000000e+03,1.2488630111e-01
1.5630000000e+03,1.2059273503e-01
1.5600000000e+03,1.1353035898e-01
1.5590000000e+03,1.0126942778e-01
1.5580000000e+03,9.0332639607e-02
1.5580000000e+03,8.4582313043e-02
1.5580000000e+03,1.8152287014e-01
1.5580000000e+03,1.7256161858e-01
1.5580000000e+03,1.6035340358e-01
1.5590000000e+03,1.4468597148e-01
1.5610000000e+03,1.5200675492e-01
1.5650000000e+03,2.5072643802e-01
1.5710000000e+03,2.3291677482e-01
1.5770000000e+03,2.1598567298e-01
1.5810000000e+03,1.9840427522e-01
1.5820000000e+03,1.8315678324e-01
1.5870000000e+03,3.5070401008e-01
1.6100000000e+03,4.9135157485e-01
1.6660000000e+03,4.7068660307e-01
1.7640000000e+03,4.6851147040e-01
1.8950000000e+03,4.4796306310e-01
2.0350000000e+03,4.2919191269e-01
2.1590000000e+03,4.0271899080e-01
2.2330000000e+03,3.7673448258e-01
2.2330000000e+03,3.5702324227e-01
2.2330000000e+03,3.2934056049e-01
2.2330000000e+03,3.1628358135e-01
2.2010000000e+03,2.8949703366e-01
2.0990000000e+03,2.7346699252e-01
1.9850000000e+03,2.6358881790e-01
1.8780000000e+03,2.4972420766e-01
1.7890000000e+03,2.3170326087e-01
1.7280000000e+03,2.1448578531e-01
1.6900000000e+03,2.0166885764e-01
1.6700000000e+03,1.9998947999e-01
1.6570000000e+03,2.6038517826e-01
1.6460000000e+03,2.4056025361e-01
1.6350000000e+03,2.2868872741e-01
1.6210000000e+03,2.2011999859e-01
1.6060000000e+03,2.1033854608e-01
1.5930000000e+03,3.2204268292e-01
1.5820000000e+03,4.5362481408e-01
1.5730000000e+03,4.0993215837e-01
1.5660000000e+03,3.7467145695e-01
1.5610000000e+03,3.4605851312e-01
1.5560000000e+03,3.3149306022e-01
1.5540000000e+03,4.0178345179e-01
1.5520000000e+03,3.7735282667e-01
1.5520000000e+03,3.4503084737e-01
1.5520000000e+03,3.2408447798e-01
1.5510000000e+03,3.0090473086e-01
1.5510000000e+03,2.8044828892e-01
1.5500000000e+03,4.1955495796e-01
1.5500000000e+03,3.8562601468e-01
1.5500000000e+03,3.6553234949e-01
1.5500000000e+03,3.3653639361e-01
1.5500000000e+03,3.0259341769e-01
1.5500000000e+03,2.6991425495e-01
1.5500000000e+03,2.6031650237e-01
1.5500000000e+03,2.5189040589e-01
1.5500000000e+03,2.4549922919e-01
1.5500000000e+03,2.3607181281e-01
1.5500000000e+03,2.2702476021e-01
1.5500000000e+03,2.0250678114e-01
1.5500000000e+03,1.8591558671e-01
1.5500000000e+03,1.7018197727e-01
1.5510000000e+03,1.6262231517e-01
1.5550000000e+03,1.4945433012e-01
1.5650000000e+03,1.3918543569e-01
1.5880000000e+03,1.4376229364e-01
1.6280000000e+03,1.3033086726e-01
1.6910000000e+03,3.1602584351e-01
1.7800000000e+03,3.1021693251e-01
1.8900000000e+03,3.5876419302e-01
2.0140000000e+03,3.5861734641e-01
2.1340000000e+03,3.7904051793e-01
2.2300000000e+03,3.6959891326e-01
2.2330000000e+03,3.4680053132e-01
2.2330000000e+03,3.2955551068e-01
2.2330000000e+03,3.1305204739e-01
2.2080000000e+03,3.0020168346e-01
2.1450000000e+03,2.7340547021e-01
2.0820000000e+03,2.6446962078e-01
2.0220000000e+03,2.4833371542e-01
1.9680000000e+03,2.3605158496e-01
1.9200000000e+03,2.2225091266e-01
1.8770000000e+03,2.1519116111e-01
1.8380000000e+03,2.0062436151e-01
1.8000000000e+03,1.9433865684e-01
1.7600000000e+03,2.0783507547e-01
1.7200000000e+03,2.0167420171e-01
1.6810000000e+03,2.8925696200e-01
1.6500000000e+03,3.4623109426e-01
1.6270000000e+03,3.3040175478e-01
1.6110000000e+03,2.9796558202e-01
1.6000000000e+03,2.7737033879e-01
1.5930000000e+03,2.7158830880e-01
1.5890000000e+03,2.7428525264e-01
1.5870000000e+03,2.5179236030e-01
1.5870000000e+03,2.2977133646e-01
1.5900000000e+03,2.0495673556e-01
1.5990000000e+03,2.0576858048e-01
1.6220000000e+03,3.4443070942e-01
1.6670000000e+03,4.4981021499e-01
1.7370000000e+03,4.3189948201e-01
1.8250000000e+03,4.2713091432e-01
1.9110000000e+03,4.2663856624e-01
1.9750000000e+03,3.9699658309e-01
2.0060000000e+03,3.6957150722e-01
2.0070000000e+03,3.4882277659e-01
1.9850000000e+03,3.2264069006e-01
1.9480000000e+03,3.0320502929e-01
1.8990000000e+03,2.9326811851e-01
1.8450000000e+03,2.7300609864e-01
1.7920000000e+03,2.5270639912e-01
1.7440000000e+03,2.3661799295e-01
1.7030000000e+03,2.3179179782e-01
1.6690000000e+03,2.2677793107e-01
1.6390000000e+03,2.1669403526e-01
1.6120000000e+03,5.0992530347e-01
1.5890000000e+03,4.7949098415e-01
1.5720000000e+03,4.2980337352e-01
1.5610000000e+03,3.9143571041e-01
1.5560000000e+03,3.5822208016e-01
1.5550000000e+03,3.4506136396e-01
1.5570000000e+03,3.3587187865e-01
1.5610000000e+03,3.0070941375e-01
1.5640000000e+03,2.6917619397e-01
1.5700000000e+03,2.4909660623e-01
1.5860000000e+03,3.7096437080e-01
1.6270000000e+03,4.4588546567e-01
1.7090000000e+03,4.1498106874e-01
1.8340000000e+03,3.9811727424e-01
1.9820000000e+03,5.8825983571e-01
2.1150000000e+03,5.6073598383e-01
2.2020000000e+03,5.0660993701e-01
2.2330000000e+03,4.6078242612e-01
2.2250000000e+03,4.1843284013e-01
2.1980000000e+03,3.8558113966e-01
2.1660000000e+03,3.5066811292e-01
2.1350000000e+03,3.2883051917e-01
2.1040000000e+03,3.0308266007e-01
2.0730000000e+03,2.8598498313e-01
2.0430000000e+03,2.7247225902e-01
2.0140000000e+03,2.6310033107e-01
1.9850000000e+03,2.5186765611e-01
1.9540000000e+03,2.4543095922e-01
1.9210000000e+03,2.3156608623e-01
1.8850000000e+03,2.2622885191e-01
1.8490000000e+03,4.7278148564e-01
1.8150000000e+03,4.3283553758e-01
1.7820000000e+03,3.9637771703e-01
1.7510000000e+03,3.6536178281e-01
1.7240000000e+03,3.3675921228e-01
1.7000000000e+03,3.3374130846e-01
1.6790000000e+03,3.1455761256e-01
1.6610000000e+03,2.9020507922e-01
1.6430000000e+03,2.6645130317e-01
1.6250000000e+03,2.4747889691e-01
1.6080000000e+03,3.0199868032e-01
1.5910000000e+03,2.7899468496e-01
1.5760000000e+03,2.7698216055e-01
1.5650000000e+03,2.6093138127e-01
1.5570000000e+03,2.4310118741e-01
1.5530000000e+03,2.3405161653e-01
1.5510000000e+03,2.2755847324e-01
1.5500000000e+03,2.0602451924e-01
1.5500000000e+03,1.8968329143e-01
1.5500000000e+03,1.7681802035e-01
1.5500000000e+03,1.6307215574e-01
1.5500000000e+03,1.5351443251e-01
1.5500000000e+03,1.4472258406e-01
1.5510000000e+03,1.4334218937e-01
1.5510000000e+03,1.4032717114e-01
1.5530000000e+03,7.1534726297e-01
1.5570000000e+03,7.7003209208e-01
1.5620000000e+03,7.0219735095e-01
1.5690000000e+03,6.3117350213e-01
1.5770000000e+03,5.6648217666e-01
1.5830000000e+03,5.1386416648e-01
1.5870000000e+03,4.6837210078e-01
1.5860000000e+03,4.2662468280e-01
1.5830000000e+03,3.8567236545e-01
1.5780000000e+03,3.4789075731e-01
1.5740000000e+03,3.1031962058e-01
1.5730000000e+03,2.7680605158e-01
1.5770000000e+03,2.4691184544e-01
1.5880000000e+03,2.2680531256e-01
1.6090000000e+03,6.2687302539e-01
1.6480000000e+03,9.4950275521e-01
1.7040000000e+03,8.7549077472e-01
1.7670000000e+03,7.8712390653e-01
1.8170000000e+03,7.0629651821e-01
1.8400000000e+03,6.3433786991e-01
1.8340000000e+03,5.7039328989e-01
1.8120000000e+03,5.3187587996e-01
1.7860000000e+03,6.3657239763e-01
1.7590000000e+03,6.0115408672e-01
1.7330000000e+03,5.3860109014e-01
1.7060000000e+03,4.9781414850e-01
1.6780000000e+03,4.7833390862e-01
1.6530000000e+03,4.3289796831e-01
1.6320000000e+03,4.2155962036e-01
1.6210000000e+03,9.2171660739e-01
1.6200000000e+03,8.5223541456e-01
1.6240000000e+03,7.6083119668e-01
1.6240000000e+03,6.8022891690e-01
1.6130000000e+03,6.1801714554e-01
1.5970000000e+03,5.7972523099e-01
1.5860000000e+03,5.6857397314e-01
1.5850000000e+03,8.8698409692e-01
1.5980000000e+03,8.2818343983e-01
1.6220000000e+03,7.4202544888e-01
1.6500000000e+03,6.6188897208e-01
1.6780000000e+03,5.9307280516e-01
1.7060000000e+03,5.3310438415e-01
1.7330000000e+03,4.7568443889e-01
1.7580000000e+03,5.9958573544e-01
1.7760000000e+03,5.9221970274e-01
1.7790000000e+03,5.3405700059e-01
1.7650000000e+03,5.0021353007e-01
1.7420000000e+03,8.0890924169e-01
1.7170000000e+03,7.3237895851e-01
1.7000000000e+03,6.5773703829e-01
1.6940000000e+03,9.5367974514e-01
1.6970000000e+03,8.9657110840e-01
1.7030000000e+03,8.0110090545e-01
1.7010000000e+03,7.1530774717e-01
1.6860000000e+03,6.4158325490e-01
1.6630000000e+03,5.7229422755e-01
1.6420000000e+03,5.3850376253e-01
1.6350000000e+03,9.3754327599e-01
1.6510000000e+03,9.0990535338e-01
1.6850000000e+03,8.1495600299e-01
1.7230000000e+03,7.2787594179e-01
1.7500000000e+03,6.5158313892e-01
1.7600000000e+03,5.9539702420e-01
1.7550000000e+03,5.5880739931e-01
1.7430000000e+03,6.0714325223e-01
1.7270000000e+03,5.8228407955e-01
1.7040000000e+03,5.2203591193e-01
1.6760000000e+03,4.7843720229e-01
1.6460000000e+03,5.0744731518e-01
1.6200000000e+03,4.6016183246e-01
1.5990000000e+03,4.1218527416e-01
1.5860000000e+03,9.2044792759e-01
1.5830000000e+03,8.9843834627e-01
1.5890000000e+03,8.0621996784e-01
1.6000000000e+03,7.2069997675e-01
1.6120000000e+03,6.4338201845e-01
1.6260000000e+03,5.8195084712e-01
1.6460000000e+03,5.6025541332e-01
1.6710000000e+03,6.7996071788e-01
1.6950000000e+03,6.6162176668e-01
1.7100000000e+03,6.0425747151e-01
1.7100000000e+03,5.4372043468e-01
1.6960000000e+03,4.9500358247e-01
1.6770000000e+03,4.5292684582e-01
1.6620000000e+03,4.0401213309e-01
1.6620000000e+03,7.2806666711e-01
1.6810000000e+03,8.9137830643e-01
1.7130000000e+03,8.0818112478e-01
1.7430000000e+03,7.2090003751e-01
1.7540000000e+03,6.4304504046e-01
1.7420000000e+03,6.0082642542e-01
1.7140000000e+03,5.7270421276e-01
1.6890000000e+03,8.4524932572e-01
1.6770000000e+03,8.6228428597e-01
1.6830000000e+03,7.7281336063e-01
1.6990000000e+03,6.8982274170e-01
1.7220000000e+03,6.1724220915e-01
1.7510000000e+03,5.5355148744e-01
1.7880000000e+03,4.9376962146e-01
1.8250000000e+03,4.7149395830e-01
1.8500000000e+03,9.0915405421e-01
1.8530000000e+03,8.3163993200e-01
1.8340000000e+03,7.4691769339e-01
1.8030000000e+03,7.3552504926e-01
1.7740000000e+03,7.2673472652e-01
1.7500000000e+03,6.5107280431e-01
1.7320000000e+03,6.0138854803e-01
1.7150000000e+03,9.4605380625e-01
1.7000000000e+03,8.6162504530e-01
1.6850000000e+03,7.6862665164e-01
1.6700000000e+03,6.9140452193e-01
1.6530000000e+03,6.2518961662e-01
1.6350000000e+03,5.5818897286e-01
1.6160000000e+03,5.4731338038e-01
1.5970000000e+03,9.3873552812e-01
1.5810000000e+03,8.7470436316e-01
1.5720000000e+03,7.8134132130e-01
1.5700000000e+03,6.9695885064e-01
1.5760000000e+03,6.2685574135e-01
1.5900000000e+03,5.6824450596e-01
1.6110000000e+03,5.4100166803e-01
1.6310000000e+03,6.0787572600e-01
1.6430000000e+03,5.7975621093e-01
1.6430000000e+03,5.2997231557e-01
1.6320000000e+03,4.9192529821e-01
1.6190000000e+03,4.8702538228e-01
1.6110000000e+03,4.4553609935e-01
1.6150000000e+03,5.3543004449e-01
1.6400000000e+03,9.2086915016e-01
1.6880000000e+03,8.6556153832e-01
1.7510000000e+03,7.7775930104e-01
1.8100000000e+03,6.9376367760e-01
1.8490000000e+03,6.2174883689e-01
1.8690000000e+03,5.5950598385e-01
1.8750000000e+03,5.0160644260e-01
1.8720000000e+03,8.0897380297e-01
1.8580000000e+03,7.8563365219e-01
1.8280000000e+03,7.2632314616e-01
1.7880000000e+03,6.6376948490e-01
1.7470000000e+03,6.4900177036e-01
1.7160000000e+03,5.9605421613e-01
1.7050000000e+03,5.3914570333e-01
1.7150000000e+03,9.3568251869e-01
1.7400000000e+03,8.9058537300e-01
1.7640000000e+03,7.9627870736e-01
1.7740000000e+03,7.1028304473e-01
1.7640000000e+03,6.4475592185e-01
1.7430000000e+03,5.9120913916e-01
1.7270000000e+03,5.8408717993e-01
1.7260000000e+03,9.4335045718e-01
1.7350000000e+03,8.8544851891e-01
1.7450000000e+03,7.9138722275e-01
1.7480000000e+03,7.1261484656e-01
1.7470000000e+03,6.3565462476e-01
1.7580000000e+03,5.7045527922e-01
1.7850000000e+03,5.0896376768e-01
1.8220000000e+03,6.7016270318e-01
1.8460000000e+03,6.6550672561e-01
1.8450000000e+03,6.0239838278e-01
1.8190000000e+03,5.6456138120e-01
1.7850000000e+03,9.2291600291e-01
1.7620000000e+03,8.4202303167e-01
1.7550000000e+03,7.5150992593e-01
1.7630000000e+03,9.0735513620e-01
1.7760000000e+03,8.7472627497e-01
1.7810000000e+03,7.8126452262e-01
1.7750000000e+03,6.9689034599e-01
1.7590000000e+03,6.2162832212e-01
1.7440000000e+03,5.5783910500e-01
1.7430000000e+03,5.0352069038e-01
1.7640000000e+03,8.7846218946e-01
1.8020000000e+03,8.9143591392e-01
1.8490000000e+03,8.0693542741e-01
1.8910000000e+03,7.1978887164e-01
1.9170000000e+03,6.5080724951e-01
1.9250000000e+03,5.8691604072e-01
1.9230000000e+03,5.4292809260e-01
1.9220000000e+03,7.3011938596e-01
1.9210000000e+03,7.2826736610e-01
1.9070000000e+03,6.6142801560e-01
1.8700000000e+03,5.9103261068e-01
1.8150000000e+03,5.4771995857e-01
1.7600000000e+03,5.1087271063e-01
1.7260000000e+03,4.5898349832e-01
1.7240000000e+03,8.7330076077e-01
1.7530000000e+03,8.6962584665e-01
1.8010000000e+03,7.8147076245e-01
1.8440000000e+03,6.9707431254e-01
1.8710000000e+03,6.2256723511e-01
1.8840000000e+03,5.6257294764e-01
1.8900000000e+03,5.1579365387e-01
1.8840000000e+03,5.1378662737e-01
1.8550000000e+03,6.9163008316e-01
1.8040000000e+03,6.3014461797e-01
1.7430000000e+03,5.6301139418e-01
1.6950000000e+03,8.7488078927e-01
1.6720000000e+03,8.4343432871e-01
1.6760000000e+03,7.5366874889e-01
1.7060000000e+03,7.0846780764e-01
1.7580000000e+03,9.4506781704e-01
1.8160000000e+03,8.6954924525e-01
1.8620000000e+03,7.7590619744e-01
1.8730000000e+03,6.9321885324e-01
1.8410000000e+03,6.2775748821e-01
1.7810000000e+03,5.8003634642e-01
1.7200000000e+03,5.7392280511e-01
1.6800000000e+03,9.4233672215e-01
1.6710000000e+03,8.6534908144e-01
1.6840000000e+03,7.7433853610e-01
1.7070000000e+03,6.9396317050e-01
1.7350000000e+03,6.1982323145e-01
1.7680000000e+03,5.5460277367e-01
1.8040000000e+03,5.0868080131e-01
1.8350000000e+03,6.9659083967e-01
1.8420000000e+03,6.5794005917e-01
1.8210000000e+03,5.9337295512e-01
1.7790000000e+03,5.7707264870e-01
1.7350000000e+03,6.8656937053e-01
1.7010000000e+03,6.2051423013e-01
1.6820000000e+03,5.6231623863e-01
1.6760000000e+03,9.4076594419e-01
1.6780000000e+03,8.7401449484e-01
1.6790000000e+03,7.8152566442e-01
1.6750000000e+03,6.9960892515e-01
1.6630000000e+03,6.2938359639e-01
1.6450000000e+03,5.7118942567e-01
1.6240000000e+03,5.1408936974e-01
1.6050000000e+03,9.3423914723e-01
1.5900000000e+03,8.9611704690e-01
1.5810000000e+03,8.0905871702e-01
1.5760000000e+03,7.2295430305e-01
1.5760000000e+03,6.5112946193e-01
1.5850000000e+03,5.9603924714e-01
1.6050000000e+03,5.7471356166e-01
1.6330000000e+03,6.7900548753e-01
1.6590000000e+03,6.4102920212e-01
1.6740000000e+03,5.7874328682e-01
1.6730000000e+03,5.3106102004e-01
1.6600000000e+03,6.2267435554e-01
1.6420000000e+03,5.8028704499e-01
1.6280000000e+03,5.4183926871e-01
1.6290000000e+03,9.0973444073e-01
1.6510000000e+03,8.7335796390e-01
1.6930000000e+03,7.8734134772e-01
1.7410000000e+03,7.0685719907e-01
1.7810000000e+03,6.3051878558e-01
1.8070000000e+03,5.6725066882e-01
1.8260000000e+03,5.0813598504e-01
1.8410000000e+03,7.7914595856e-01
1.8510000000e+03,7.6258683291e-01
1.8460000000e+03,6.8729427305e-01
1.8220000000e+03,6.1434200628e-01
1.7830000000e+03,5.7653323358e-01
1.7400000000e+03,5.4131323812e-01
1.7060000000e+03,5.0160022177e-01
1.6940000000e+03,9.3254892485e-01
1.7080000000e+03,9.1019959034e-01
1.7400000000e+03,8.1488933295e-01
1.7680000000e+03,7.3650258683e-01
1.7750000000e+03,6.5911241091e-01
1.7560000000e+03,5.8865320356e-01
1.7270000000e+03,5.6116901015e-01
1.7060000000e+03,9.4061068370e-01
1.7010000000e+03,9.0487062940e-01
1.7080000000e+03,8.0896513615e-01
1.7170000000e+03,7.2360313394e-01
1.7280000000e+03,6.4545621075e-01
1.7500000000e+03,5.8135062574e-01
1.7860000000e+03,5.2288325069e-01
1.8320000000e+03,5.2114485019e-01
1.8690000000e+03,7.1338511227e-01
1.8790000000e+03,6.3780654429e-01
1.8580000000e+03,5.8225366845e-01
1.8170000000e+03,6.7791738880e-01
1.7730000000e+03,6.5427169728e-01
1.7380000000e+03,5.8828623989e-01
1.7180000000e+03,6.5225909400e-01
1.7140000000e+03,8.5987443813e-01
1.7200000000e+03,7.8117695054e-01
1.7270000000e+03,6.9856920307e-01
1.7250000000e+03,6.2742448175e-01
1.7120000000e+03,5.6127784806e-01
1.6970000000e+03,5.0066155880e-01
1.6930000000e+03,5.7908555755e-01
1.7130000000e+03,9.3995862772e-01
1.7580000000e+03,8.5924060356e-01
1.8160000000e+03,7.6738179814e-01
1.8650000000e+03,6.8726098495e-01
1.8880000000e+03,6.2439485457e-01
1.8780000000e+03,5.6891775349e-01
1.8450000000e+03,5.6318551672e-01
1.8010000000e+03,5.8078005920e-01
1.7550000000e+03,5.4177034205e-01
1.7120000000e+03,4.8879498671e-01
1.6780000000e+03,7.2049753640e-01
1.6560000000e+03,7.1642149393e-01
1.6510000000e+03,6.4407925222e-01
1.6620000000e+03,5.8945373900e-01
1.6920000000e+03,9.2961785020e-01
1.7410000000e+03,8.5704399746e-01
1.7990000000e+03,7.6497348671e-01
1.8490000000e+03,6.8370735260e-01
1.8810000000e+03,6.1064010863e-01
1.8930000000e+03,5.5064354160e-01
1.8890000000e+03,5.2897438709e-01
1.8690000000e+03,8.7049932981e-01
1.8320000000e+03,8.1026554884e-01
1.7850000000e+03,7.2582890188e-01
1.7390000000e+03,6.8996717335e-01
1.7100000000e+03,6.8953900573e-01
1.7060000000e+03,6.2074655119e-01
1.7320000000e+03,5.5448039267e-01
1.7810000000e+03,9.3970547775e-01
1.8360000000e+03,8.8171121368e-01
1.8760000000e+03,7.8933352245e-01
1.8800000000e+03,7.0470677028e-01
1.8430000000e+03,6.3227247015e-01
1.7770000000e+03,5.6684719671e-01
1.7050000000e+03,7.0162320651e-01
1.6520000000e+03,9.5961909214e-01
1.6290000000e+03,8.9898176710e-01
1.6340000000e+03,8.0399313320e-01
1.6600000000e+03,7.1716433620e-01
1.6970000000e+03,6.6413726218e-01
1.7420000000e+03,5.9731590717e-01
1.7900000000e+03,5.3990518704e-01
1.8280000000e+03,5.6541161480e-01
1.8390000000e+03,5.4557481882e-01
1.8150000000e+03,5.0091109107e-01
1.7630000000e+03,4.6166011418e-01
1.7040000000e+03,9.2031164892e-01
1.6590000000e+03,8.4379767965e-01
1.6370000000e+03,7.5875713584e-01
1.6380000000e+03,8.7467431402e-01
1.6520000000e+03,8.3806723563e-01
1.6700000000e+03,7.5254433721e-01
1.6780000000e+03,6.7127185267e-01
1.6720000000e+03,6.0145660214e-01
1.6550000000e+03,5.3661698305e-01
1.6340000000e+03,4.8431161006e-01
1.6160000000e+03,9.3020916569e-01
1.6080000000e+03,8.8951886748e-01
1.6120000000e+03,7.9497005869e-01
1.6250000000e+03,7.0939515118e-01
1.6440000000e+03,6.4768243249e-01
1.6690000000e+03,5.9493965500e-01
1.6990000000e+03,5.3177399718e-01
1.7270000000e+03,8.0909912754e-01
1.7430000000e+03,7.8545219029e-01
1.7400000000e+03,7.0850354366e-01
1.7210000000e+03,6.3989617555e-01
1.6980000000e+03,8.1815626504e-01
1.6880000000e+03,7.5263383318e-01
1.6960000000e+03,6.7154476738e-01
1.7300000000e+03,8.5683842610e-01
1.7830000000e+03,8.6336464264e-01
1.8380000000e+03,7.7881847886e-01
1.8750000000e+03,6.9473697408e-01
1.8810000000e+03,6.1970750779e-01
1.8640000000e+03,5.6027553559e-01
1.8440000000e+03,5.0595360944e-01
1.8340000000e+03,6.4071096104e-01
1.8310000000e+03,7.4485249930e-01
1.8200000000e+03,6.7635071743e-01
1.7940000000e+03,6.0330691057e-01
1.7600000000e+03,8.0392493002e-01
1.7310000000e+03,7.5971660462e-01
1.7210000000e+03,6.7778782061e-01
1.7360000000e+03,6.5567728950e-01
1.7760000000e+03,9.1143747165e-01
1.8270000000e+03,8.2471033534e-01
1.8680000000e+03,7.3564414394e-01
1.8770000000e+03,6.5925731131e-01
1.8490000000e+03,5.9217707227e-01
1.7950000000e+03,5.7147731894e-01
1.7380000000e+03,8.7395522746e-01
1.6990000000e+03,8.6506202131e-01
1.6840000000e+03,7.9232395135e-01
1.6870000000e+03,7.0675539027e-01
1.6990000000e+03,6.3548762073e-01
1.7110000000e+03,5.7500081629e-01
1.7260000000e+03,5.3898827200e-01
1.7430000000e+03,4.9482292988e-01
1.7580000000e+03,7.5632956703e-01
1.7640000000e+03,7.0729601980e-01
1.7540000000e+03,6.3275097783e-01
1.7270000000e+03,6.1373779805e-01
1.6910000000e+03,5.8648684216e-01
1.6560000000e+03,5.2668599978e-01
1.6340000000e+03,7.4197118667e-01
1.6250000000e+03,9.3698210049e-01
1.6270000000e+03,8.5213821736e-01
1.6320000000e+03,7.6010989866e-01
1.6370000000e+03,6.8035244735e-01
1.6410000000e+03,6.0913661965e-01
1.6500000000e+03,5.4522130867e-01
1.6710000000e+03,7.2730560592e-01
1.7150000000e+03,9.6309482694e-01
1.7830000000e+03,8.9841524516e-01
1.8580000000e+03,8.0310531886e-01
1.9140000000e+03,7.1728684894e-01
1.9340000000e+03,6.4390495468e-01
1.9210000000e+03,5.8171209420e-01
1.8920000000e+03,5.7644126485e-01
1.8600000000e+03,8.1122683602e-01
1.8280000000e+03,7.4936900865e-01
1.7930000000e+03,6.6843944987e-01
1.7560000000e+03,6.3631289144e-01
1.7270000000e+03,7.0674889203e-01
1.7120000000e+03,6.3817952077e-01
1.7190000000e+03,5.8378811593e-01
1.7530000000e+03,9.4367184678e-01
1.8150000000e+03,8.9045531378e-01
1.8930000000e+03,7.9428886598e-01
1.9610000000e+03,7.1139800334e-01
2.0020000000e+03,6.3599602076e-01
2.0110000000e+03,5.7928981270e-01
1.9930000000e+03,5.3807777199e-01
1.9520000000e+03,7.5562343205e-01
1.8950000000e+03,7.2429522322e-01
1.8320000000e+03,6.4746745658e-01
1.7740000000e+03,5.9516575949e-01
1.7360000000e+03,8.0749747735e-01
1.7280000000e+03,7.2942641371e-01
1.7560000000e+03,6.5782035444e-01
1.8230000000e+03,9.0041983845e-01
1.9150000000e+03,8.5958760430e-01
2.0110000000e+03,7.6765730992e-01
2.0810000000e+03,6.8584484504e-01
2.0990000000e+03,6.2292337003e-01
2.0610000000e+03,5.6161611795e-01
1.9840000000e+03,5.4466297627e-01
1.9020000000e+03,9.2042308133e-01
1.8440000000e+03,8.9588092423e-01
1.8230000000e+03,8.0138590348e-01
1.8310000000e+03,7.1531067941e-01
1.8580000000e+03,6.7055912490e-01
1.9000000000e+03,6.0319942774e-01
1.9530000000e+03,5.4380105081e-01
2.0020000000e+03,5.3872856622e-01
2.0260000000e+03,5.4637147338e-01
2.0110000000e+03,5.0441987492e-01
1.9620000000e+03,4.6975708501e-01
1.9000000000e+03,9.2823942492e-01
1.8440000000e+03,8.6869269700e-01
1.8050000000e+03,7.7652362881e-01
1.7810000000e+03,7.6731301853e-01
1.7650000000e+03,7.6101138474e-01
1.7540000000e+03,6.8403268852e-01
1.7390000000e+03,6.1015925230e-01
1.7210000000e+03,5.6131877789e-01
1.7010000000e+03,5.0154207554e-01
1.6870000000e+03,4.8192226375e-01
1.6850000000e+03,9.2794923767e-01
1.6940000000e+03,8.8784897685e-01
1.7050000000e+03,8.0044305545e-01
1.7080000000e+03,7.1854393609e-01
1.6960000000e+03,6.5045465839e-01
1.6770000000e+03,5.9906927089e-01
1.6620000000e+03,5.4243239211e-01
1.6570000000e+03,6.9599200295e-01
1.6580000000e+03,6.8857325206e-01
1.6580000000e+03,6.3458751769e-01
1.6570000000e+03,5.7814081713e-01
1.6590000000e+03,5.6850070299e-01
1.6680000000e+03,5.4819848665e-01
1.6830000000e+03,4.9277852036e-01
1.7020000000e+03,5.8976273902e-01
1.7240000000e+03,6.7507968480e-01
1.7480000000e+03,6.1241007846e-01
1.7700000000e+03,5.4851251187e-01
1.7820000000e+03,4.9930583152e-01
1.7810000000e+03,4.5795939671e-01
1.7690000000e+03,4.1642306208e-01
1.7550000000e+03,7.7178904290e-01
1.7480000000e+03,9.6828530618e-01
1.7510000000e+03,8.8629232700e-01
1.7600000000e+03,7.9057546903e-01
1.7760000000e+03,7.1996573693e-01
1.8030000000e+03,7.0459707559e-01
1.8510000000e+03,6.3363510397e-01
1.9300000000e+03,6.1191100072e-01
2.0350000000e+03,9.0239235391e-01
2.1470000000e+03,8.3086349620e-01
2.2330000000e+03,7.4137067895e-01
2.2330000000e+03,6.6838881510e-01
2.2330000000e+03,5.9668623800e-01
2.1710000000e+03,5.4617304580e-01
2.0650000000e+03,8.5169764243e-01
1.9640000000e+03,9.6264177898e-01
1.8900000000e+03,8.8278229928e-01
1.8480000000e+03,7.9177719349e-01
1.8320000000e+03,7.1625693242e-01
1.8440000000e+03,6.4926105974e-01
1.8860000000e+03,6.0669368972e-01
1.9450000000e+03,5.7857821167e-01
1.9920000000e+03,5.7599494752e-01
1.9980000000e+03,5.6081143368e-01
1.9580000000e+03,5.1087537825e-01
1.8910000000e+03,5.0734917822e-01
1.8260000000e+03,8.1341795113e-01
1.7790000000e+03,7.4062140346e-01
1.7540000000e+03,6.7933168013e-01
1.7490000000e+03,9.5660226211e-01
1.7590000000e+03,8.9921995789e-01
1.7770000000e+03,8.0620997599e-01
1.7920000000e+03,7.2599729104e-01
1.7960000000e+03,6.4915272942e-01
1.7930000000e+03,5.8724785210e-01
1.7920000000e+03,5.7318265862e-01
1.8000000000e+03,8.3080977653e-01
1.8140000000e+03,7.8630487256e-01
1.8220000000e+03,7.1136628092e-01
1.8140000000e+03,6.4033363935e-01
1.7880000000e+03,5.7573070482e-01
1.7510000000e+03,5.1916705879e-01
1.7150000000e+03,5.0442416557e-01
1.6870000000e+03,8.8315455034e-01
1.6710000000e+03,8.6271078491e-01
1.6660000000e+03,7.8717271535e-01
1.6710000000e+03,7.0903256756e-01
1.6840000000e+03,6.6865000664e-01
1.7100000000e+03,6.0212989285e-01
1.7600000000e+03,5.4343674791e-01
1.8370000000e+03,8.6493444869e-01
1.9320000000e+03,8.4208437874e-01
2.0180000000e+03,7.5511362834e-01
2.0660000000e+03,6.7535820306e-01
2.0610000000e+03,6.0769634526e-01
2.0100000000e+03,5.4893085645e-01
1.9350000000e+03,4.9930998203e-01
1.8610000000e+03,9.0113581302e-01
1.7990000000e+03,8.9595342468e-01
1.7550000000e+03,8.0136390724e-01
1.7280000000e+03,7.2180706446e-01
1.7200000000e+03,7.5285125619e-01
1.7320000000e+03,6.9533553075e-01
1.7640000000e+03,6.2368435084e-01
1.8140000000e+03,6.0249801956e-01
1.8710000000e+03,8.2555370715e-01
1.9220000000e+03,7.5407347795e-01
1.9520000000e+03,6.8299199655e-01
1.9470000000e+03,6.1555583674e-01
1.9090000000e+03,5.5468441534e-01
1.8530000000e+03,5.0211258485e-01
1.8050000000e+03,8.7271323111e-01
1.7840000000e+03,8.6098282429e-01
1.7900000000e+03,7.7293066036e-01
1.8080000000e+03,6.9259597888e-01
1.8280000000e+03,6.2289383841e-01
1.8520000000e+03,5.5849791775e-01
1.8930000000e+03,5.1764229678e-01
1.9560000000e+03,6.8015575251e-01
2.0340000000e+03,8.0548113260e-01
2.1040000000e+03,7.3717793253e-01
2.1440000000e+03,6.6745393798e-01
2.1440000000e+03,6.5890055427e-01
2.1060000000e+03,6.3157361432e-01
2.0420000000e+03,5.6366892923e-01
1.9680000000e+03,5.4566231729e-01
1.9020000000e+03,9.3154266516e-01
1.8570000000e+03,8.4607242944e-01
1.8380000000e+03,7.5658599458e-01
1.8380000000e+03,6.9656866961e-01
1.8480000000e+03,6.5585088854e-01
1.8650000000e+03,6.0043945735e-01
1.8970000000e+03,6.1431728896e-01
1.9490000000e+03,9.0538557390e-01
2.0190000000e+03,8.2320903763e-01
2.0880000000e+03,7.3900287161e-01
2.1300000000e+03,6.6676887913e-01
2.1240000000e+03,6.0230782711e-01
2.0650000000e+03,5.4498901292e-01
1.9750000000e+03,5.4418809189e-01
1.8840000000e+03,9.3831256631e-01
1.8150000000e+03,8.7406148772e-01
1.7750000000e+03,7.9243224857e-01
1.7580000000e+03,7.2377644507e-01
1.7590000000e+03,6.5452270894e-01
1.7810000000e+03,5.9666167958e-01
1.8260000000e+03,5.7868320774e-01
1.8870000000e+03,8.1497613310e-01
1.9410000000e+03,7.6391580006e-01
1.9650000000e+03,6.8858300299e-01
1.9460000000e+03,6.2466470326e-01
1.8890000000e+03,5.5843533969e-01
1.8170000000e+03,5.2354372760e-01
1.7540000000e+03,5.1954902515e-01
1.7130000000e+03,8.7790912735e-01
1.6960000000e+03,8.2797957702e-01
1.6970000000e+03,7.6528279260e-01
1.7080000000e+03,7.0213985999e-01
1.7310000000e+03,6.8231591270e-01
1.7700000000e+03,6.1027003702e-01
1.8360000000e+03,5.5165332318e-01
1.9260000000e+03,8.9921527080e-01
2.0240000000e+03,8.4448205934e-01
2.1030000000e+03,7.6368404779e-01
2.1410000000e+03,6.8573821739e-01
2.1260000000e+03,6.2091753316e-01
2.0620000000e+03,5.6384621309e-01
1.9710000000e+03,5.6085580333e-01
1.8770000000e+03,9.3904058508e-01
1.8030000000e+03,8.8967063164e-01
1.7570000000e+03,7.9792381012e-01
1.7380000000e+03,7.1419248406e-01
1.7450000000e+03,6.5549674551e-01
1.7780000000e+03,6.4049950078e-01
1.8280000000e+03,6.2330965367e-01
1.8760000000e+03,6.1364911211e-01
1.9020000000e+03,5.9071585104e-01
1.8950000000e+03,5.3017197448e-01
1.8630000000e+03,4.8703673233e-01
1.8200000000e+03,6.4469198500e-01
1.7750000000e+03,5.8869315919e-01
1.7360000000e+03,5.3745505798e-01
1.7090000000e+03,8.7885960150e-01
1.6950000000e+03,8.5064743778e-01
1.6960000000e+03,7.6523147624e-01
1.7040000000e+03,6.8311250190e-01
1.7150000000e+03,6.1197934282e-01
1.7320000000e+03,5.5656759964e-01
1.7630000000e+03,5.2370264526e-01
1.8090000000e+03,9.3388682376e-01
1.8620000000e+03,8.9772884363e-01
1.9020000000e+03,8.0965653830e-01
1.9090000000e+03,7.2524332342e-01
1.8810000000e+03,6.4714911292e-01
1.8310000000e+03,5.8041273126e-01
1.7800000000e+03,5.4325839299e-01
1.7390000000e+03,9.3818674525e-01
1.7120000000e+03,9.1717763785e-01
1.6960000000e+03,8.2256160865e-01
1.6880000000e+03,7.3666131742e-01
1.6920000000e+03,7.1067597163e-01
1.7100000000e+03,6.6259672166e-01
1.7460000000e+03,5.9809514087e-01
1.7980000000e+03,5.8755113417e-01
1.8570000000e+03,7.1105315764e-01
1.9080000000e+03,6.3997987117e-01
1.9360000000e+03,5.7251537237e-01
1.9320000000e+03,5.1269532486e-01
1.8990000000e+03,4.6319699496e-01
1.8470000000e+03,4.2239973230e-01
1.7920000000e+03,8.6207794386e-01
1.7470000000e+03,9.3716667039e-01
1.7200000000e+03,8.4716840385e-01
1.7130000000e+03,7.6197461341e-01
1.7240000000e+03,7.2366438352e-01
1.7550000000e+03,7.0461589378e-01
1.8080000000e+03,6.3109750188e-01
1.8820000000e+03,5.8558410362e-01
1.9690000000e+03,8.2128360444e-01
2.0510000000e+03,7.6156879478e-01
2.1040000000e+03,6.8715843668e-01
2.1040000000e+03,6.2480173861e-01
2.0500000000e+03,5.5917786168e-01
1.9600000000e+03,5.0672098512e-01
1.8700000000e+03,8.4997515311e-01
1.8090000000e+03,9.4800458993e-01
1.7890000000e+03,8.6963999631e-01
1.7990000000e+03,7.7911924880e-01
1.8220000000e+03,6.9534677190e-01
1.8520000000e+03,6.2229265814e-01
1.8920000000e+03,5.6921376973e-01
1.9530000000e+03,5.4723585947e-01
2.0300000000e+03,7.2200533871e-01
2.1010000000e+03,6.7679398340e-01
2.1460000000e+03,6.3038790779e-01
2.1520000000e+03,6.1646981735e-01
2.1180000000e+03,5.9477578721e-01
2.0500000000e+03,5.3907400447e-01
1.9630000000e+03,5.1574805744e-01
1.8800000000e+03,9.3446362620e-01
1.8200000000e+03,8.6404367677e-01
1.7890000000e+03,7.7473087629e-01
1.7800000000e+03,6.9405850731e-01
1.7840000000e+03,6.4333051868e-01
1.8020000000e+03,5.7826285312e-01
1.8400000000e+03,6.5298379488e-01
1.9020000000e+03,9.5303646359e-01
1.9820000000e+03,8.7814728993e-01
2.0570000000e+03,7.8340127468e-01
2.1020000000e+03,7.0127194947e-01
2.1020000000e+03,6.3721955649e-01
2.0580000000e+03,5.8917963878e-01
1.9870000000e+03,5.6262638529e-01
1.9120000000e+03,9.2549298280e-01
1.8520000000e+03,8.8405929012e-01
1.8190000000e+03,8.0172893715e-01
1.8150000000e+03,7.2761733182e-01
1.8380000000e+03,6.8621942896e-01
1.8880000000e+03,6.1490212464e-01
1.9660000000e+03,5.6670844876e-01
2.0670000000e+03,9.4136036519e-01
2.1730000000e+03,8.8582708688e-01
2.2330000000e+03,7.9109671722e-01
2.2330000000e+03,7.1172783926e-01
2.2330000000e+03,6.3746048974e-01
2.2030000000e+03,5.8652712471e-01
2.1190000000e+03,5.7200371669e-01
2.0420000000e+03,8.4701038507e-01
1.9850000000e+03,8.1022525895e-01
1.9480000000e+03,7.2590774900e-01
1.9310000000e+03,6.6001133036e-01
1.9350000000e+03,6.5603127795e-01
1.9640000000e+03,5.9818448160e-01
2.0230000000e+03,5.3509549866e-01
2.1060000000e+03,7.0073597524e-01
2.1980000000e+03,6.8288854072e-01
2.2330000000e+03,6.2554500460e-01
2.2330000000e+03,5.6548494493e-01
2.2330000000e+03,5.1528120882e-01
2.1490000000e+03,4.8656453540e-01
2.0190000000e+03,5.3530995321e-01
1.8960000000e+03,9.3711104090e-01
1.8100000000e+03,8.9327446942e-01
1.7750000000e+03,8.0080543964e-01
1.7790000000e+03,7.1499871701e-01
1.8070000000e+03,6.3931949363e-01
1.8490000000e+03,5.8182260471e-01
1.8980000000e+03,5.3622709409e-01
1.9410000000e+03,5.3455019904e-01
1.9660000000e+03,5.3068245150e-01
1.9680000000e+03,4.9349254798e-01
1.9490000000e+03,4.5124952307e-01
1.9170000000e+03,6.9427536136e-01
1.8770000000e+03,6.6659487691e-01
1.8380000000e+03,6.1054442315e-01
1.8130000000e+03,6.0265987734e-01
1.8120000000e+03,8.1831264402e-01
1.8310000000e+03,7.4017460601e-01
1.8550000000e+03,6.6504686888e-01
1.8700000000e+03,5.9456407886e-01
1.8730000000e+03,5.3968399732e-01
1.8770000000e+03,4.9223061779e-01
1.8980000000e+03,9.2324655233e-01
1.9400000000e+03,9.1969893721e-01
1.9910000000e+03,8.2898399011e-01
2.0260000000e+03,7.3945625708e-01
2.0250000000e+03,6.6571988001e-01
1.9860000000e+03,6.0409576355e-01
1.9220000000e+03,5.5756673589e-01
1.8560000000e+03,8.0516114398e-01
1.8070000000e+03,8.0366997995e-01
1.7820000000e+03,7.4489798420e-01
1.7770000000e+03,6.7673172226e-01
1.7870000000e+03,6.4125337808e-01
1.8110000000e+03,6.0283064685e-01
1.8510000000e+03,5.4008073619e-01
1.9130000000e+03,5.7945034847e-01
1.9920000000e+03,9.0394421722e-01
2.0780000000e+03,8.2101942569e-01
2.1470000000e+03,7.3406452957e-01
2.1780000000e+03,6.6233202177e-01
2.1610000000e+03,6.0603678735e-01
2.1010000000e+03,5.5982183486e-01
2.0160000000e+03,5.6663598645e-01
1.9280000000e+03,9.4135055848e-01
1.8540000000e+03,8.6931603169e-01
1.8030000000e+03,7.8056904252e-01
1.7780000000e+03,7.1783231457e-01
1.7750000000e+03,7.1966822885e-01
1.7910000000e+03,6.5142442615e-01
1.8220000000e+03,5.9152294778e-01
1.8620000000e+03,9.4471864244e-01
1.9040000000e+03,8.8630589660e-01
1.9320000000e+03,7.9188781147e-01
1.9340000000e+03,7.1451526311e-01
1.9080000000e+03,6.4548445486e-01
1.8640000000e+03,5.8200302149e-01
1.8260000000e+03,6.7327360697e-01
1.8160000000e+03,9.5578239106e-01
1.8430000000e+03,8.8434191597e-01
1.8940000000e+03,7.9404692512e-01
1.9480000000e+03,7.1112263351e-01
1.9900000000e+03,6.4415942671e-01
2.0210000000e+03,5.8498469592e-01
2.0510000000e+03,5.6599076367e-01
2.0830000000e+03,6.8712751325e-01
2.1080000000e+03,6.4565024707e-01
2.1120000000e+03,5.7767987532e-01
2.0900000000e+03,5.4271008180e-01
2.0470000000e+03,7.1259968142e-01
1.9930000000e+03,6.5438799991e-01
1.9440000000e+03,6.0081433556e-01
1.9110000000e+03,9.1368856912e-01
1.8960000000e+03,8.7442387169e-01
1.8940000000e+03,7.8218971084e-01
1.8940000000e+03,7.0096077857e-01
1.8870000000e+03,6.2891363631e-01
1.8700000000e+03,5.6979201533e-01
1.8520000000e+03,5.1792114129e-01
1.8460000000e+03,9.3188153067e-01
1.8590000000e+03,8.9551508336e-01
1.8900000000e+03,8.0209318603e-01
1.9270000000e+03,7.2060314101e-01
1.9550000000e+03,6.4815274219e-01
1.9700000000e+03,5.8871138925e-01
1.9770000000e+03,5.4169020059e-01
1.9830000000e+03,7.9832257354e-01
1.9920000000e+03,7.7992777535e-01
2.0000000000e+03,7.0933073890e-01
2.0010000000e+03,6.3761916246e-01
1.9960000000e+03,6.2116746156e-01
1.9890000000e+03,5.7503720549e-01
1.9900000000e+03,5.3909746163e-01
2.0030000000e+03,6.3671026493e-01
2.0220000000e+03,7.1381220761e-01
2.0320000000e+03,6.4646765751e-01
2.0220000000e+03,5.8244399607e-01
1.9920000000e+03,5.2662067478e-01
1.9520000000e+03,4.6974725413e-01
1.9180000000e+03,4.9413036334e-01
1.9000000000e+03,9.3153798944e-01
1.8980000000e+03,9.1222553011e-01
1.9020000000e+03,8.3198969211e-01
1.9040000000e+03,7.5039421845e-01
1.9000000000e+03,7.1269766377e-01
1.8970000000e+03,6.7586791611e-01
1.9030000000e+03,6.1004480814e-01
1.9240000000e+03,6.0286614264e-01
1.9590000000e+03,8.1774434848e-01
1.9990000000e+03,7.3444462459e-01
2.0320000000e+03,6.5986986943e-01
2.0440000000e+03,5.9862732871e-01
2.0280000000e+03,5.5122768001e-01
1.9900000000e+03,5.0656047319e-01
1.9450000000e+03,9.3322022188e-01
1.9140000000e+03,9.2303350840e-01
1.9090000000e+03,8.3861477405e-01
1.9300000000e+03,7.4913853895e-01
1.9720000000e+03,6.6952763529e-01
2.0290000000e+03,6.0280309584e-01
2.0930000000e+03,5.4690937206e-01
2.1530000000e+03,5.1736023225e-01
2.1880000000e+03,6.6245123509e-01
2.1840000000e+03,6.0882628643e-01
2.1400000000e+03,5.8846698118e-01
2.0760000000e+03,6.7609476716e-01
2.0160000000e+03,6.3927945599e-01
1.9730000000e+03,5.8709974854e-01
1.9510000000e+03,5.8773378837e-01
1.9480000000e+03,7.9468508862e-01
1.9560000000e+03,7.2699422083e-01
1.9620000000e+03,6.4848107064e-01
1.9600000000e+03,5.8416329250e-01
1.9600000000e+03,5.5117281907e-01
1.9790000000e+03,4.9386147892e-01
2.0290000000e+03,4.8208660715e-01
2.1060000000e+03,8.4465123133e-01
2.1870000000e+03,7.8089831669e-01
2.2330000000e+03,6.9750241148e-01
2.2330000000e+03,6.5172227042e-01
2.2330000000e+03,6.1293184127e-01
2.2000000000e+03,5.6270348556e-01
2.1410000000e+03,5.3942244540e-01
2.0850000000e+03,9.3766760620e-01
2.0440000000e+03,8.7303062711e-01
2.0180000000e+03,7.8407894371e-01
2.0020000000e+03,7.0953342419e-01
1.9940000000e+03,6.8509945952e-01
2.0040000000e+03,6.2278769386e-01
2.0480000000e+03,5.7377823349e-01
2.1290000000e+03,9.4231715651e-01
2.2310000000e+03,8.6300651295e-01
2.2330000000e+03,7.7181831814e-01
2.2330000000e+03,6.9700647860e-01
2.2330000000e+03,6.2972755359e-01
2.2330000000e+03,5.8466987069e-01
2.2330000000e+03,6.7665955815e-01
2.2330000000e+03,8.9371862640e-01
2.2330000000e+03,8.3615175594e-01
2.2330000000e+03,7.5021846044e-01
2.2330000000e+03,6.7431855605e-01
2.2330000000e+03,6.4247182154e-01
2.2330000000e+03,5.7786358186e-01
2.2330000000e+03,5.4043598437e-01
2.2310000000e+03,9.2713252795e-01
2.2330000000e+03,8.7882026380e-01
2.2330000000e+03,7.9659253368e-01
2.2330000000e+03,7.2025591663e-01
2.2330000000e+03,6.5141900087e-01
2.2330000000e+03,6.1270977285e-01
2.2330000000e+03,5.7857491013e-01
2.2310000000e+03,9.4296631610e-01
2.2330000000e+03,8.9477406145e-01
2.2330000000e+03,8.0241479718e-01
2.2330000000e+03,7.2286878438e-01
2.2300000000e+03,6.6833183368e-01
2.1570000000e+03,6.3789587722e-01
2.0620000000e+03,6.1298913469e-01
1.9590000000e+03,5.7077885681e-01
1.8620000000e+03,5.1842670332e-01
1.7860000000e+03,4.6909666684e-01
1.7430000000e+03,4.2596506888e-01
1.7410000000e+03,3.9143281623e-01
1.7780000000e+03,3.6681690945e-01
1.8470000000e+03,3.5466929552e-01
1.9300000000e+03,6.6635562031e-01
2.0090000000e+03,6.3561530359e-01
2.0820000000e+03,5.7736828467e-01
2.1620000000e+03,5.2133335302e-01
2.2330000000e+03,4.7502371433e-01
2.2330000000e+03,4.4338919572e-01
2.2330000000e+03,4.4045852746e-01
2.2330000000e+03,8.1709022167e-01
2.2330000000e+03,8.0204123371e-01
2.2330000000e+03,7.2475813974e-01
2.2330000000e+03,6.5402664518e-01
2.2330000000e+03,6.0604184551e-01
2.2330000000e+03,5.8665652216e-01
2.2330000000e+03,5.6834942046e-01
2.2330000000e+03,5.4352335016e-01
2.2330000000e+03,5.1700526642e-01
2.1540000000e+03,4.8109921399e-01
2.0110000000e+03,4.4752799534e-01
1.9320000000e+03,4.2953671780e-01
1.9030000000e+03,4.1552835388e-01
1.9090000000e+03,3.7900097226e-01
1.9390000000e+03,8.2274181157e-01
1.9860000000e+03,8.1767892341e-01
2.0450000000e+03,7.4907447470e-01
2.1040000000e+03,6.7488379960e-01
2.1480000000e+03,6.0483560389e-01
2.1660000000e+03,5.5533397174e-01
2.1580000000e+03,5.0106234843e-01
2.1300000000e+03,5.1549346878e-01
2.0900000000e+03,8.1058939540e-01
2.0410000000e+03,7.3704273223e-01
1.9900000000e+03,6.6746685279e-01
1.9430000000e+03,6.5553500316e-01
1.9070000000e+03,6.5266724697e-01
1.8920000000e+03,5.8387762679e-01
1.9040000000e+03,6.0342223463e-01
1.9440000000e+03,7.2542461219e-01
2.0000000000e+03,6.6124675947e-01
2.0540000000e+03,5.9468902579e-01
2.0830000000e+03,5.3202141876e-01
2.0730000000e+03,4.8608679917e-01
2.0220000000e+03,4.5164350176e-01
1.9460000000e+03,9.2578801800e-01
1.8690000000e+03,9.2199383523e-01
1.8090000000e+03,8.3802452551e-01
1.7700000000e+03,7.5097873917e-01
1.7510000000e+03,6.7376882136e-01
1.7530000000e+03,6.0887728114e-01
1.7770000000e+03,5.5443161221e-01
1.8220000000e+03,5.2881348097e-01
1.8720000000e+03,6.5070758186e-01
1.9060000000e+03,5.9593179582e-01
1.9070000000e+03,5.3512449632e-01
1.8700000000e+03,4.9352005235e-01
1.8060000000e+03,4.9160756557e-01
1.7340000000e+03,4.4750788642e-01
1.6750000000e+03,5.5502912534e-01
1.6420000000e+03,9.3977974065e-01
1.6410000000e+03,8.6828755561e-01
1.6650000000e+03,7.7892668615e-01
1.7000000000e+03,6.9921629005e-01
1.7350000000e+03,6.3108082724e-01
1.7710000000e+03,5.6533858588e-01
1.8150000000e+03,5.5834275066e-01
1.8710000000e+03,8.4941424357e-01
1.9270000000e+03,7.8319369563e-01
1.9640000000e+03,7.1318938322e-01
1.9650000000e+03,6.4673960853e-01
1.9280000000e+03,5.8150816184e-01
1.8650000000e+03,5.2673865964e-01
1.7970000000e+03,8.3060645314e-01
1.7420000000e+03,8.2852037561e-01
1.7060000000e+03,7.9599895661e-01
1.6880000000e+03,7.2140835512e-01
1.6830000000e+03,6.5021370843e-01
1.6860000000e+03,6.0301364902e-01
1.6950000000e+03,5.4843314286e-01
1.7150000000e+03,5.3506843244e-01
1.7500000000e+03,9.3707835462e-01
1.7960000000e+03,8.7645807640e-01
1.8450000000e+03,7.9010995506e-01
1.8850000000e+03,7.0759303246e-01
1.9030000000e+03,6.3728036879e-01
1.8960000000e+03,5.7696491648e-01
1.8690000000e+03,5.3558753530e-01
1.8300000000e+03,8.8492009236e-01
1.7900000000e+03,8.6394135820e-01
1.7570000000e+03,7.7830719824e-01
1.7330000000e+03,6.9968540410e-01
1.7220000000e+03,7.6063209146e-01
1.7290000000e+03,7.0021211853e-01
1.7540000000e+03,6.3597628769e-01
1.7970000000e+03,9.2359113600e-01
1.8500000000e+03,8.8933275613e-01
1.8990000000e+03,7.9957575104e-01
1.9290000000e+03,7.1537271017e-01
1.9270000000e+03,6.4645023471e-01
1.8900000000e+03,5.9017232042e-01
1.8300000000e+03,5.5147108230e-01
1.7710000000e+03,9.2178286696e-01
1.7340000000e+03,8.9933333810e-01
1.7290000000e+03,8.1133287462e-01
1.7430000000e+03,7.2909216029e-01
1.7580000000e+03,6.5639001627e-01
1.7650000000e+03,5.9757254677e-01
1.7670000000e+03,5.4486935290e-01
1.7690000000e+03,7.6770422473e-01
1.7720000000e+03,7.5391687230e-01
1.7730000000e+03,6.7815171149e-01
1.7680000000e+03,6.1672725460e-01
1.7550000000e+03,5.7742698111e-01
1.7340000000e+03,5.3307175974e-01
1.7080000000e+03,4.8646816387e-01
1.6860000000e+03,7.4920204923e-01
1.6730000000e+03,8.5408693840e-01
1.6720000000e+03,7.7394988452e-01
1.6750000000e+03,6.9036566640e-01
1.6760000000e+03,6.2186525905e-01
1.6780000000e+03,5.5931158497e-01
1.6860000000e+03,5.0251834110e-01
1.7100000000e+03,8.5263744755e-01
1.7530000000e+03,9.1817820497e-01
1.8080000000e+03,8.4044945756e-01
1.8620000000e+03,7.5145062501e-01
1.9000000000e+03,6.7174905361e-01
1.9100000000e+03,6.0876840601e-01
1.8910000000e+03,5.6053204600e-01
1.8550000000e+03,6.1781429165e-01
1.8170000000e+03,9.4655988518e-01
1.7840000000e+03,8.6383063316e-01
1.7600000000e+03,7.7569664297e-01
1.7430000000e+03,7.0602936769e-01
1.7410000000e+03,6.6848821530e-01
1.7620000000e+03,6.0250389452e-01
1.8120000000e+03,5.7547725579e-01
1.8880000000e+03,7.7954159832e-01
1.9720000000e+03,7.2232704696e-01
2.0350000000e+03,6.5346175364e-01
2.0540000000e+03,5.8386584196e-01
2.0210000000e+03,5.3245578048e-01
1.9520000000e+03,4.8605817662e-01
1.8740000000e+03,6.5982565833e-01
1.8120000000e+03,7.8463594732e-01
1.7750000000e+03,7.2984217673e-01
1.7580000000e+03,6.6430394756e-01
1.7490000000e+03,6.0332937179e-01
1.7410000000e+03,5.7996358579e-01
1.7320000000e+03,5.2812981950e-01
1.7290000000e+03,5.2237255359e-01
1.7420000000e+03,8.2696619046e-01
1.7700000000e+03,7.7925721201e-01
1.8070000000e+03,7.0886735068e-01
1.8340000000e+03,6.4049916690e-01
1.8380000000e+03,5.7818627508e-01
1.8150000000e+03,5.1863148043e-01
1.7750000000e+03,4.8278066386e-01
1.7370000000e+03,9.3000197465e-01
1.7140000000e+03,8.7479526981e-01
1.7060000000e+03,7.9721322840e-01
1.7090000000e+03,7.1380942130e-01
1.7180000000e+03,6.4169747486e-01
1.7330000000e+03,5.7829396998e-01
1.7580000000e+03,5.6286030616e-01
1.7920000000e+03,9.4083957572e-01
1.8280000000e+03,8.7629998439e-01
1.8550000000e+03,7.8538302238e-01
1.8640000000e+03,7.0717560047e-01
1.8560000000e+03,6.9146845597e-01
1.8380000000e+03,6.2392939290e-01
1.8260000000e+03,6.1117674298e-01
1.8330000000e+03,9.4737849438e-01
1.8640000000e+03,8.8954722264e-01
1.9040000000e+03,7.9547906363e-01
1.9320000000e+03,7.1198905434e-01
1.9360000000e+03,6.3700746398e-01
1.9200000000e+03,5.8594052710e-01
1.8990000000e+03,5.6098293799e-01
1.8900000000e+03,9.4058550157e-01
1.8970000000e+03,8.9821840219e-01
1.9070000000e+03,8.1271595706e-01
1.9040000000e+03,7.3108870398e-01
1.8810000000e+03,6.5542206173e-01
1.8420000000e+03,5.9462925713e-01
1.7980000000e+03,5.5379896413e-01
1.7610000000e+03,9.3961325643e-01
1.7360000000e+03,9.1376938958e-01
1.7220000000e+03,8.2191912096e-01
1.7160000000e+03,7.3743702227e-01
1.7150000000e+03,7.0932962866e-01
1.7180000000e+03,6.3947777397e-01
1.7280000000e+03,5.7821456783e-01
1.7480000000e+03,8.1831696297e-01
1.7770000000e+03,7.9374762676e-01
1.8110000000e+03,7.1360212412e-01
1.8420000000e+03,6.3967125264e-01
1.8600000000e+03,5.8941495203e-01
1.8610000000e+03,5.3172902385e-01
1.8470000000e+03,4.8987351456e-01
1.8230000000e+03,8.2133065494e-01
1.7950000000e+03,8.2062916815e-01
1.7710000000e+03,7.4524737103e-01
1.7540000000e+03,6.6752987264e-01
1.7520000000e+03,6.5292420496e-01
1.7710000000e+03,6.1124334606e-01
1.8160000000e+03,5.4992816346e-01
1.8890000000e+03,8.5622304820e-01
1.9820000000e+03,8.5383908405e-01
2.0790000000e+03,7.7216439102e-01
2.1560000000e+03,6.9087627991e-01
2.1920000000e+03,6.4041242277e-01
2.1810000000e+03,5.8704613758e-01
2.1320000000e+03,5.2770980937e-01
2.0700000000e+03,7.7797338944e-01
2.0180000000e+03,8.6396501367e-01
1.9900000000e+03,7.7336171792e-01
1.9820000000e+03,7.0777551254e-01
1.9830000000e+03,6.4340819728e-01
1.9890000000e+03,5.7877948341e-01
2.0030000000e+03,5.2045313308e-01
2.0290000000e+03,6.5538060950e-01
2.0620000000e+03,9.5336083718e-01
2.0860000000e+03,8.5880627623e-01
2.0870000000e+03,7.6796490432e-01
2.0630000000e+03,7.4097094815e-01
2.0240000000e+03,7.2355883297e-01
1.9790000000e+03,6.4834657113e-01
1.9370000000e+03,6.3303400926e-01
1.9020000000e+03,9.5033655370e-01
1.8740000000e+03,8.6117326115e-01
1.8490000000e+03,7.6827956960e-01
1.8310000000e+03,6.8727894160e-01
1.8300000000e+03,6.1349520904e-01
1.8610000000e+03,5.5401157071e-01
1.9290000000e+03,7.1114530120e-01
2.0250000000e+03,9.6090776752e-01
2.1250000000e+03,8.7949566632e-01
2.2050000000e+03,7.8494367376e-01
2.2330000000e+03,7.2852189212e-01
2.2330000000e+03,6.8742540905e-01
2.2170000000e+03,6.2210093871e-01
2.1680000000e+03,5.8212711447e-01
2.1240000000e+03,9.4132752317e-01
2.0980000000e+03,8.7025664484e-01
2.0890000000e+03,7.7645965197e-01
2.0810000000e+03,7.1468520019e-01
2.0630000000e+03,6.6040459164e-01
2.0330000000e+03,5.9905038997e-01
2.0020000000e+03,5.5861536100e-01
1.9830000000e+03,9.4026508486e-01
1.9800000000e+03,8.7928659753e-01
1.9830000000e+03,7.8728879367e-01
1.9820000000e+03,7.0974551440e-01
1.9720000000e+03,6.4098661004e-01
1.9540000000e+03,5.8097823284e-01
1.9350000000e+03,5.5791131979e-01
1.9180000000e+03,8.5331167678e-01
1.9020000000e+03,8.0883984842e-01
1.8830000000e+03,7.3120122631e-01
1.8630000000e+03,6.5508443127e-01
1.8480000000e+03,6.5242168680e-01
1.8540000000e+03,5.9410763114e-01
1.8900000000e+03,5.5545639153e-01
1.9560000000e+03,9.3983756484e-01
2.0340000000e+03,8.8610347514e-01
2.1020000000e+03,7.9195075164e-01
2.1340000000e+03,7.1015309934e-01
2.1180000000e+03,6.4575505133e-01
2.0550000000e+03,5.8653620862e-01
1.9610000000e+03,5.6121954054e-01
1.8610000000e+03,9.4061752224e-01
1.7810000000e+03,8.9868062431e-01
1.7290000000e+03,8.0623169662e-01
1.7020000000e+03,7.2376255866e-01
1.6930000000e+03,6.4559841809e-01
1.6940000000e+03,5.8063243611e-01
1.7020000000e+03,5.3325040484e-01
1.7160000000e+03,6.0267664198e-01
1.7280000000e+03,5.8476735204e-01
1.7340000000e+03,5.3632105933e-01
1.7300000000e+03,4.8324246417e-01
1.7150000000e+03,5.6494870184e-01
1.6940000000e+03,5.2264987023e-01
1.6780000000e+03,4.8283114889e-01
1.6810000000e+03,8.7637717044e-01
1.7090000000e+03,8.5221285137e-01
1.7510000000e+03,7.6809050585e-01
1.7870000000e+03,6.8626212389e-01
1.8020000000e+03,6.1385718573e-01
1.7990000000e+03,5.5622534945e-01
1.7940000000e+03,5.1457211350e-01
1.8010000000e+03,9.3430447949e-01
1.8250000000e+03,9.0134641561e-01
1.8550000000e+03,8.1231129289e-01
1.8740000000e+03,7.2641489699e-01
1.8720000000e+03,6.4954557560e-01
1.8450000000e+03,5.8276905277e-01
1.8030000000e+03,5.2504124375e-01
1.7580000000e+03,9.1587710209e-01
1.7190000000e+03,9.1440579766e-01
1.6910000000e+03,8.2914324509e-01
1.6730000000e+03,7.3996661935e-01
1.6640000000e+03,6.6940613605e-01
1.6640000000e+03,6.1706404574e-01
1.6730000000e+03,5.6427333160e-01
1.6940000000e+03,8.5767164344e-01
1.7210000000e+03,8.5155610351e-01
1.7460000000e+03,7.7002583032e-01
1.7560000000e+03,6.8822808579e-01
1.7460000000e+03,6.2566919550e-01
1.7180000000e+03,5.6451973157e-01
1.6860000000e+03,5.0834150057e-01
1.6650000000e+03,8.5156732381e-01
1.6610000000e+03,9.0624875150e-01
1.6710000000e+03,8.2486610721e-01
1.6820000000e+03,7.3762529921e-01
1.6890000000e+03,6.7826981163e-01
1.6890000000e+03,6.2398709562e-01
1.6870000000e+03,5.6234238039e-01
1.6910000000e+03,7.2409109788e-01
1.7050000000e+03,9.5275092862e-01
1.7270000000e+03,8.6584612225e-01
1.7440000000e+03,7.7249413694e-01
1.7410000000e+03,6.9763412349e-01
1.7170000000e+03,6.2995672422e-01
1.6810000000e+03,5.6999946768e-01
1.6510000000e+03,6.7137650970e-01
1.6410000000e+03,9.4693326854e-01
1.6550000000e+03,8.8292632610e-01
1.6810000000e+03,7.9448460645e-01
1.7060000000e+03,7.0982982367e-01
1.7220000000e+03,6.3874741419e-01
1.7310000000e+03,5.6996325392e-01
1.7370000000e+03,5.6501715249e-01
1.7450000000e+03,8.4240904674e-01
1.7510000000e+03,7.8047941765e-01
1.7530000000e+03,7.0344671301e-01
1.7470000000e+03,6.6527625733e-01
1.7310000000e+03,6.3293698009e-01
1.7080000000e+03,5.7022926254e-01
1.6830000000e+03,5.3984060414e-01
1.6640000000e+03,9.3772419783e-01
1.6560000000e+03,8.7720501572e-01
1.6580000000e+03,7.8557557579e-01
1.6680000000e+03,7.0073581861e-01
1.6850000000e+03,6.3074624462e-01
1.7120000000e+03,5.6422551657e-01
1.7510000000e+03,5.5814087830e-01
1.8040000000e+03,8.9592302736e-01
1.8650000000e+03,8.3629551823e-01
1.9190000000e+03,7.5151808749e-01
1.9470000000e+03,6.7697186253e-01
1.9380000000e+03,6.1271529801e-01
1.8920000000e+03,5.6102659192e-01
1.8260000000e+03,5.4482518385e-01
1.7630000000e+03,9.3839878733e-01
1.7210000000e+03,8.9197202187e-01
1.7060000000e+03,8.0258697561e-01
1.7100000000e+03,7.1982607253e-01
1.7220000000e+03,6.5839068790e-01
1.7350000000e+03,5.9036999255e-01
1.7490000000e+03,5.4221487097e-01
1.7670000000e+03,8.6077083810e-01
1.7880000000e+03,8.0572765317e-01
1.8060000000e+03,7.2433230166e-01
1.8100000000e+03,6.4882364473e-01
1.7980000000e+03,5.8114696532e-01
1.7740000000e+03,5.3828929874e-01
1.7470000000e+03,5.6622662484e-01
1.7280000000e+03,7.5350262530e-01
1.7220000000e+03,7.2348817467e-01
1.7260000000e+03,6.5661482908e-01
1.7310000000e+03,6.0034872124e-01
1.7310000000e+03,5.5832486104e-01
1.7240000000e+03,5.0421618832e-01
1.7140000000e+03,4.6839073770e-01
1.7130000000e+03,9.0999251665e-01
1.7300000000e+03,8.9706284639e-01
1.7640000000e+03,8.1877818399e-01
1.8030000000e+03,7.3506749217e-01
1.8290000000e+03,6.6118832133e-01
1.8280000000e+03,5.9473964218e-01
1.8010000000e+03,5.4008619310e-01
1.7620000000e+03,8.3392135763e-01
1.7280000000e+03,8.2950910787e-01
1.7080000000e+03,7.5978852212e-01
1.7020000000e+03,6.7817546692e-01
1.7050000000e+03,6.0493459270e-01
1.7170000000e+03,5.4053793605e-01
1.7450000000e+03,4.8749398218e-01
1.7890000000e+03,8.1862936750e-01
1.8410000000e+03,8.1419786550e-01
1.8820000000e+03,7.4703928574e-01
1.8890000000e+03,6.7161473672e-01
1.8530000000e+03,6.4060778151e-01
1.7870000000e+03,5.8197275842e-01
1.7210000000e+03,5.2648378952e-01
1.6800000000e+03,8.9996809284e-01
1.6740000000e+03,8.8153899092e-01
1.6930000000e+03,7.9676381810e-01
1.7160000000e+03,7.1263225152e-01
1.7310000000e+03,6.3601750919e-01
1.7400000000e+03,5.7037176590e-01
1.7540000000e+03,5.1022426470e-01
1.7840000000e+03,9.3371606214e-01
1.8290000000e+03,9.2671795232e-01
1.8740000000e+03,8.3612322933e-01
1.8970000000e+03,7.4582448031e-01
1.8850000000e+03,6.6527771975e-01
1.8430000000e+03,6.0039519702e-01
1.7870000000e+03,5.4921242126e-01
1.7350000000e+03,7.7371464062e-01
1.6990000000e+03,9.6937560680e-01
1.6820000000e+03,9.1513694749e-01
1.6830000000e+03,8.2147452640e-01
1.6930000000e+03,7.4041189621e-01
1.7050000000e+03,6.7922389650e-01
1.7160000000e+03,6.0918930091e-01
1.7300000000e+03,6.0327794279e-01
1.7530000000e+03,9.0362963679e-01
1.7840000000e+03,8.2356703679e-01
1.8180000000e+03,7.3681119749e-01
1.8460000000e+03,6.5927065896e-01
1.8610000000e+03,5.9116632348e-01
1.8620000000e+03,5.3644539028e-01
1.8480000000e+03,5.7019495515e-01
1.8220000000e+03,9.4183221252e-01
1.7890000000e+03,8.7126233205e-01
1.7580000000e+03,7.7916711602e-01
1.7370000000e+03,6.9770186197e-01
1.7300000000e+03,6.8505790737e-01
1.7430000000e+03,6.1997342109e-01
1.7810000000e+03,5.9697077796e-01
1.8440000000e+03,9.4545592608e-01
1.9260000000e+03,8.7931323093e-01
2.0100000000e+03,7.8644738956e-01
2.0750000000e+03,7.0348970768e-01
2.1040000000e+03,6.3304220958e-01
2.0940000000e+03,5.7047120209e-01
2.0550000000e+03,5.5959031704e-01
2.0120000000e+03,9.4039703082e-01
1.9830000000e+03,8.8707396032e-01
1.9700000000e+03,7.9128939116e-01
1.9590000000e+03,7.0608626686e-01
1.9420000000e+03,6.3826226422e-01
1.9200000000e+03,5.7121935215e-01
1.9050000000e+03,5.3624387124e-01
1.9040000000e+03,9.3369678708e-01
1.9110000000e+03,8.7388944726e-01
1.9180000000e+03,7.8642612654e-01
1.9200000000e+03,7.4255389734e-01
1.9150000000e+03,8.7300308188e-01
1.9030000000e+03,7.8845084372e-01
1.8800000000e+03,7.0791216727e-01
1.8490000000e+03,9.5604561110e-01
1.8190000000e+03,9.1141123438e-01
1.7980000000e+03,8.2187775910e-01
1.7890000000e+03,7.3811579526e-01
1.7890000000e+03,6.6320798571e-01
1.8020000000e+03,5.9463098111e-01
1.8310000000e+03,5.6077670203e-01
1.8850000000e+03,9.4055759056e-01
1.9660000000e+03,8.9374947073e-01
2.0620000000e+03,8.0102372927e-01
2.1490000000e+03,7.1541060630e-01
2.2030000000e+03,6.4298726538e-01
2.2100000000e+03,5.9089218323e-01
2.1770000000e+03,5.5827250504e-01
2.1280000000e+03,9.4021868436e-01
2.0780000000e+03,9.0737097490e-01
2.0380000000e+03,8.1808740159e-01
2.0070000000e+03,7.3347031680e-01
1.9880000000e+03,7.0729515742e-01
1.9910000000e+03,6.5933205839e-01
2.0260000000e+03,6.0107893149e-01
2.0880000000e+03,5.8618296011e-01
2.1560000000e+03,5.8525276866e-01
2.1980000000e+03,5.3043097437e-01
2.1940000000e+03,4.9404224281e-01
2.1460000000e+03,4.6403987540e-01
2.0760000000e+03,4.4414125827e-01
2.0100000000e+03,4.2878470821e-01
1.9680000000e+03,4.7168223746e-01
1.9480000000e+03,4.5854912421e-01
1.9410000000e+03,4.3146691733e-01
1.9370000000e+03,4.2692040894e-01
1.9280000000e+03,4.2891719342e-01
1.9150000000e+03,4.0403598435e-01
1.8950000000e+03,3.7948625950e-01
1.8740000000e+03,3.7414334616e-01
1.8590000000e+03,5.6694532616e-01
1.8610000000e+03,5.2071666297e-01
1.8810000000e+03,4.6809143004e-01
1.9110000000e+03,4.4589995140e-01
1.9380000000e+03,4.2839289611e-01
1.9530000000e+03,3.9035759937e-01
1.9550000000e+03,4.9201975875e-01
1.9490000000e+03,8.5936690889e-01
1.9420000000e+03,7.9336734497e-01
1.9290000000e+03,7.1138678432e-01
1.9070000000e+03,6.4802623407e-01
1.8710000000e+03,6.1445941837e-01
1.8270000000e+03,5.6786722322e-01
1.7830000000e+03,5.4655970364e-01
1.7550000000e+03,8.9400106841e-01
1.7510000000e+03,8.1662055167e-01
1.7690000000e+03,7.2889465998e-01
1.7930000000e+03,6.6119653923e-01
1.8080000000e+03,6.0299278500e-01
1.8080000000e+03,5.5417181423e-01
1.7990000000e+03,5.3345025268e-01
1.7860000000e+03,5.3086742055e-01
1.7750000000e+03,4.8995833278e-01
1.7650000000e+03,4.4575343917e-01
1.7540000000e+03,7.0767210985e-01
1.7420000000e+03,6.9051504689e-01
1.7270000000e+03,6.2293266106e-01
1.7090000000e+03,5.8340897691e-01
1.6900000000e+03,6.7210907024e-01
1.6750000000e+03,6.2191955026e-01
1.6660000000e+03,5.6312459985e-01
1.6650000000e+03,6.1211001967e-01
1.6750000000e+03,6.0068337667e-01
1.6960000000e+03,5.3977428177e-01
1.7250000000e+03,4.8825509584e-01
1.7530000000e+03,6.8167777287e-01
1.7690000000e+03,6.4201918987e-01
1.7690000000e+03,5.8025567474e-01
1.7510000000e+03,5.4488837985e-01
1.7220000000e+03,5.1686857619e-01
1.6890000000e+03,4.6353364651e-01
1.6630000000e+03,4.3426770738e-01
1.6540000000e+03,9.2343645994e-01
1.6690000000e+03,8.6343660671e-01
1.7040000000e+03,7.7073082361e-01
1.7460000000e+03,6.9119534042e-01
1.7750000000e+03,6.2209886837e-01
1.7830000000e+03,5.5802684354e-01
1.7730000000e+03,5.1907379733e-01
1.7610000000e+03,4.9718101774e-01
1.7560000000e+03,5.1989946912e-01
1.7620000000e+03,4.9152277330e-01
1.7740000000e+03,4.5842699817e-01
1.7870000000e+03,5.1124728915e-01
1.7960000000e+03,4.8173031282e-01
1.7990000000e+03,4.4749722486e-01
1.8080000000e+03,5.8281773535e-01
1.8250000000e+03,5.7769625601e-01
1.8520000000e+03,5.1641677154e-01
1.8800000000e+03,4.8959657322e-01
1.9010000000e+03,8.0726191460e-01
1.9100000000e+03,7.4030054916e-01
1.9120000000e+03,6.6264492370e-01
1.9100000000e+03,9.3668581464e-01
1.9060000000e+03,8.9291259005e-01
1.8970000000e+03,7.9987212648e-01
1.8810000000e+03,7.5542915180e-01
1.8650000000e+03,7.2094522228e-01
1.8610000000e+03,6.6428685944e-01
1.8810000000e+03,6.0560043899e-01
1.9310000000e+03,8.7031593920e-01
2.0010000000e+03,8.5577507025e-01
2.0750000000e+03,7.6423267148e-01
2.1300000000e+03,6.9048753024e-01
2.1520000000e+03,6.2641747141e-01
2.1410000000e+03,5.7899446468e-01
2.1070000000e+03,5.4959067062e-01
2.0660000000e+03,5.2258791257e-01
2.0290000000e+03,5.7128376608e-01
1.9980000000e+03,5.2408226232e-01
1.9650000000e+03,5.3473860503e-01
1.9240000000e+03,5.2598101263e-01
1.8720000000e+03,4.8285540954e-01
1.8180000000e+03,4.3753418389e-01
1.7720000000e+03,5.0353319628e-01
1.7430000000e+03,5.6574536890e-01
1.7290000000e+03,5.1290820444e-01
1.7230000000e+03,4.7420360079e-01
1.7160000000e+03,8.2325418318e-01
1.7100000000e+03,7.7589566821e-01
1.7090000000e+03,6.9942244043e-01
1.7160000000e+03,6.5348382688e-01
1.7280000000e+03,7.0327360332e-01
1.7370000000e+03,6.5664522671e-01
1.7380000000e+03,5.9673716406e-01
1.7300000000e+03,5.4861032983e-01
1.7190000000e+03,5.1713216339e-01
1.7160000000e+03,4.7581742561e-01
1.7310000000e+03,4.6323742269e-01
1.7650000000e+03,8.4634953060e-01
1.8080000000e+03,7.7767418444e-01
1.8460000000e+03,6.9449572147e-01
1.8630000000e+03,6.2528378036e-01
1.8560000000e+03,5.8216406223e-01
1.8330000000e+03,5.4852987151e-01
1.8060000000e+03,5.2788161303e-01
1.7820000000e+03,5.1140359872e-01
1.7670000000e+03,4.7520044836e-01
1.7590000000e+03,4.6271194534e-01
1.7580000000e+03,6.0538130682e-01
1.7620000000e+03,5.9354026293e-01
1.7670000000e+03,5.4534614019e-01
1.7690000000e+03,5.0767693731e-01
1.7710000000e+03,6.8513625565e-01
1.7780000000e+03,6.2434635716e-01
1.7970000000e+03,5.5812190890e-01
1.8310000000e+03,5.3651727956e-01
1.8840000000e+03,5.2230660967e-01
1.9550000000e+03,4.7089604619e-01
2.0390000000e+03,4.4286429027e-01
2.1170000000e+03,7.0924220410e-01
2.1650000000e+03,6.6848246495e-01
2.1660000000e+03,5.9755233218e-01
2.1190000000e+03,5.4054378357e-01
2.0390000000e+03,5.2933884692e-01
1.9480000000e+03,5.1188393562e-01
1.8700000000e+03,4.7495567247e-01
1.8230000000e+03,9.2894297722e-01
1.8090000000e+03,8.6830457051e-01
1.8190000000e+03,7.8004973124e-01
1.8310000000e+03,7.0024828562e-01
1.8280000000e+03,6.3760751281e-01
1.8090000000e+03,5.9021402255e-01
1.7840000000e+03,5.3423999289e-01
1.7630000000e+03,5.2319609791e-01
1.7520000000e+03,5.1837302624e-01
1.7520000000e+03,4.6298772337e-01
1.7560000000e+03,4.4663979368e-01
1.7580000000e+03,4.8204513094e-01
1.7550000000e+03,4.5332549374e-01
1.7460000000e+03,4.1884924734e-01
1.7380000000e+03,6.9525596292e-01
1.7350000000e+03,6.7361642589e-01
1.7380000000e+03,6.1706749125e-01
1.7460000000e+03,5.7410452019e-01
1.7590000000e+03,6.5912112590e-01
1.7750000000e+03,5.9688959048e-01
1.7970000000e+03,5.4159369546e-01
1.8200000000e+03,6.7438501032e-01
1.8370000000e+03,6.6437869774e-01
1.8390000000e+03,6.0915526682e-01
1.8200000000e+03,5.6751707639e-01
1.7830000000e+03,5.3385168306e-01
1.7370000000e+03,4.8964714268e-01
1.6900000000e+03,4.4320053121e-01
1.6510000000e+03,6.4223021809e-01
1.6280000000e+03,6.3526836099e-01
1.6240000000e+03,5.7326645292e-01
1.6360000000e+03,5.1476446474e-01
1.6540000000e+03,4.6127545180e-01
1.6710000000e+03,4.2397805622e-01
1.6870000000e+03,3.8921907794e-01
1.7010000000e+03,3.8776168112e-01
1.7170000000e+03,4.8108838334e-01
1.7350000000e+03,4.3823539942e-01
1.7540000000e+03,3.9881679498e-01
1.7710000000e+03,3.9087837232e-01
1.7810000000e+03,3.7188069813e-01
1.7810000000e+03,3.3871779360e-01
1.7790000000e+03,6.7744926872e-01
1.7820000000e+03,6.7676846676e-01
1.7940000000e+03,6.0538849275e-01
1.8090000000e+03,5.5253187480e-01
1.8240000000e+03,9.3621367176e-01
1.8390000000e+03,8.5687386966e-01
1.8560000000e+03,7.6448467215e-01
1.8760000000e+03,8.7560100580e-01
1.8940000000e+03,8.5874643342e-01
1.9020000000e+03,7.7041637522e-01
1.8920000000e+03,7.0161485671e-01
1.8630000000e+03,6.7835595882e-01
1.8240000000e+03,6.4247554856e-01
1.7810000000e+03,5.7519468163e-01
1.7400000000e+03,7.5322899030e-01
1.7080000000e+03,8.7557810604e-01
1.6920000000e+03,7.8731952900e-01
1.6950000000e+03,7.0636823857e-01
1.7090000000e+03,6.4065774042e-01
1.7270000000e+03,5.9056032820e-01
1.7390000000e+03,5.3127004165e-01
1.7470000000e+03,5.1996044345e-01
1.7490000000e+03,5.0480569623e-01
1.7500000000e+03,4.9189583335e-01
1.7480000000e+03,4.6901723598e-01
1.7420000000e+03,4.4403603104e-01
1.7270000000e+03,4.2000885182e-01
1.7070000000e+03,3.8058205704e-01
1.6880000000e+03,4.6562094575e-01
1.6820000000e+03,6.1749614918e-01
1.6910000000e+03,5.8375383215e-01
1.7150000000e+03,5.3201415762e-01
1.7440000000e+03,4.9584662160e-01
1.7670000000e+03,4.7731527715e-01
1.7790000000e+03,4.4011655335e-01
1.7790000000e+03,4.2568956738e-01
1.7740000000e+03,6.1191027853e-01
1.7670000000e+03,5.7529726772e-01
1.7590000000e+03,5.2970875754e-01
1.7500000000e+03,4.9466873192e-01
1.7410000000e+03,4.7813879185e-01
1.7380000000e+03,4.3918969349e-01
1.7460000000e+03,5.9066800557e-01
1.7690000000e+03,9.3035016799e-01
1.8040000000e+03,8.4888910109e-01
1.8400000000e+03,7.5721167700e-01
1.8660000000e+03,6.7593403058e-01
1.8750000000e+03,6.0892204335e-01
1.8740000000e+03,5.5810590315e-01
1.8700000000e+03,5.0588488222e-01
1.8700000000e+03,6.4854118223e-01
1.8750000000e+03,6.4436505308e-01
1.8830000000e+03,5.9783791510e-01
1.8900000000e+03,5.8963209479e-01
1.8910000000e+03,5.8660578184e-01
1.8860000000e+03,5.3035212198e-01
1.8750000000e+03,5.0690766911e-01
1.8680000000e+03,9.1078690366e-01
1.8720000000e+03,8.4613428675e-01
1.8860000000e+03,7.5700070463e-01
1.9030000000e+03,6.7938926858e-01
1.9130000000e+03,6.3942979698e-01
1.9110000000e+03,5.8343767790e-01
1.9050000000e+03,6.0886446058e-01
1.9000000000e+03,9.4706556099e-01
1.8990000000e+03,8.8921976569e-01
1.8950000000e+03,7.9483967303e-01
1.8790000000e+03,7.1713427758e-01
1.8480000000e+03,6.6429077362e-01
1.8110000000e+03,6.0676671319e-01
1.7810000000e+03,5.4323001424e-01
1.7690000000e+03,9.3818290460e-01
1.7730000000e+03,8.9530114197e-01
1.7850000000e+03,8.0187938650e-01
1.7910000000e+03,7.3091874857e-01
1.7810000000e+03,6.9442104518e-01
1.7590000000e+03,6.3193687675e-01
1.7380000000e+03,5.8143621872e-01
1.7320000000e+03,8.7815373413e-01
1.7440000000e+03,8.3852291128e-01
1.7670000000e+03,7.5467833815e-01
1.7870000000e+03,6.7678272396e-01
1.7920000000e+03,6.3573717163e-01
1.7820000000e+03,5.8035876044e-01
1.7650000000e+03,5.5383895308e-01
1.7510000000e+03,9.3961866835e-01
1.7470000000e+03,9.0284553432e-01
1.7490000000e+03,8.0824638411e-01
1.7490000000e+03,7.2095824904e-01
1.7480000000e+03,6.9733613500e-01
1.7530000000e+03,6.4368936201e-01
1.7690000000e+03,5.8316905897e-01
1.7920000000e+03,6.3410374733e-01
1.8080000000e+03,6.4114228490e-01
1.8050000000e+03,5.9483605332e-01
1.7800000000e+03,5.3504647234e-01
1.7390000000e+03,5.0920686995e-01
1.6960000000e+03,4.6908898501e-01
1.6650000000e+03,4.2985029231e-01
1.6640000000e+03,9.1799058876e-01
1.7030000000e+03,8.9458812778e-01
1.7810000000e+03,8.0558678253e-01
1.8810000000e+03,7.2002152355e-01
1.9780000000e+03,6.4484549944e-01
2.0490000000e+03,5.7877995693e-01
2.0850000000e+03,5.2621344522e-01
2.0860000000e+03,5.0422681474e-01
2.0540000000e+03,7.1153145434e-01
1.9980000000e+03,6.6444050200e-01
1.9300000000e+03,6.1880226642e-01
1.8650000000e+03,8.8116074880e-01
1.8150000000e+03,8.3366306869e-01
1.7840000000e+03,7.4729260058e-01
1.7730000000e+03,7.1981257290e-01
1.7830000000e+03,7.3278737830e-01
1.8160000000e+03,6.5776676027e-01
1.8670000000e+03,5.8672996388e-01
1.9190000000e+03,5.6284187446e-01
1.9530000000e+03,5.3360277621e-01
1.9650000000e+03,4.7860513369e-01
1.9670000000e+03,6.4340012709e-01
1.9700000000e+03,9.0354547765e-01
1.9800000000e+03,8.1650553419e-01
1.9870000000e+03,7.3035373210e-01
1.9870000000e+03,6.8146846211e-01
1.9840000000e+03,6.4930147118e-01
1.9880000000e+03,5.9511304191e-01
2.0080000000e+03,5.6409296705e-01
2.0450000000e+03,9.4018391766e-01
2.0940000000e+03,8.5491444046e-01
2.1400000000e+03,7.6933793970e-01
2.1640000000e+03,7.3094732184e-01
2.1610000000e+03,6.9519856848e-01
2.1380000000e+03,6.3253661611e-01
2.1140000000e+03,6.0738714136e-01
2.1070000000e+03,8.9504105065e-01
2.1190000000e+03,8.1223305400e-01
2.1370000000e+03,7.2638467904e-01
2.1370000000e+03,6.7434963654e-01
2.1030000000e+03,6.6899629723e-01
2.0340000000e+03,6.0345446452e-01
1.9470000000e+03,5.8542478079e-01
1.8690000000e+03,9.2966535937e-01
1.8230000000e+03,8.4838274252e-01
1.8140000000e+03,7.5887648794e-01
1.8260000000e+03,7.0398924415e-01
1.8380000000e+03,6.9303801030e-01
1.8410000000e+03,6.2228504681e-01
1.8330000000e+03,5.9623177784e-01
1.8190000000e+03,5.7902463154e-01
1.8030000000e+03,5.6738150587e-01
1.7840000000e+03,5.3001862248e-01
1.7640000000e+03,4.9601959947e-01
1.7490000000e+03,4.7521302706e-01
1.7480000000e+03,4.2924462263e-01
1.7690000000e+03,5.6604370269e-01
1.8130000000e+03,9.3781136174e-01
1.8730000000e+03,8.7385326309e-01
1.9290000000e+03,7.7999646782e-01
1.9630000000e+03,7.0115426113e-01
1.9640000000e+03,6.3984392873e-01
1.9380000000e+03,5.7883033856e-01
1.8990000000e+03,5.3396296483e-01
1.8580000000e+03,6.8478190028e-01
1.8220000000e+03,6.5310895346e-01
1.7910000000e+03,5.9362071632e-01
1.7640000000e+03,6.3562799516e-01
1.7400000000e+03,6.3574469727e-01
1.7220000000e+03,5.7432311308e-01
1.7100000000e+03,5.1671345681e-01
1.7070000000e+03,7.4319260462e-01
1.7180000000e+03,7.0728825877e-01
1.7400000000e+03,6.4360707200e-01
1.7650000000e+03,5.7494502214e-01
1.7860000000e+03,5.3682230038e-01
1.8000000000e+03,4.8601093078e-01
1.8120000000e+03,4.5961001313e-01
1.8280000000e+03,9.2686616807e-01
1.8450000000e+03,8.7936803405e-01
1.8560000000e+03,7.8584232579e-01
1.8510000000e+03,7.0525682781e-01
1.8320000000e+03,6.7644384878e-01
1.8070000000e+03,6.4425423115e-01
1.7850000000e+03,5.8956845541e-01
1.7700000000e+03,5.7918610557e-01
1.7640000000e+03,8.2384368193e-01
1.7680000000e+03,7.4014530013e-01
1.7750000000e+03,6.7352477509e-01
1.7780000000e+03,6.6944771413e-01
1.7700000000e+03,6.1946905373e-01
1.7560000000e+03,5.7888675122e-01
1.7550000000e+03,8.1978156778e-01
1.7750000000e+03,7.8611751486e-01
1.8130000000e+03,7.0322564320e-01
1.8530000000e+03,6.3922673784e-01
1.8760000000e+03,6.2333699129e-01
1.8690000000e+03,5.8288758989e-01
1.8340000000e+03,5.2198147032e-01
1.7890000000e+03,8.8244299047e-01
1.7610000000e+03,8.7603648621e-01
1.7610000000e+03,7.9313892420e-01
1.7790000000e+03,7.0762510284e-01
1.8030000000e+03,6.4795677332e-01
1.8240000000e+03,5.9834092786e-01
1.8410000000e+03,5.4118481899e-01
1.8520000000e+03,5.4001009760e-01
1.8540000000e+03,7.5698554007e-01
1.8490000000e+03,7.0308804870e-01
1.8350000000e+03,6.2892973253e-01
1.8140000000e+03,5.9105631510e-01
1.7910000000e+03,5.7051828607e-01
1.7770000000e+03,5.2080552248e-01
1.7850000000e+03,6.7907582762e-01
1.8220000000e+03,8.2954227922e-01
1.8850000000e+03,7.5324610745e-01
1.9560000000e+03,6.7547255796e-01
2.0190000000e+03,6.0761441124e-01
2.0650000000e+03,5.4500621876e-01
2.0970000000e+03,4.9735199164e-01
2.1190000000e+03,4.6899469504e-01
2.1260000000e+03,7.1278184962e-01
2.1140000000e+03,6.6542942691e-01
2.0890000000e+03,6.1608044975e-01
2.0540000000e+03,9.2605743038e-01
2.0120000000e+03,8.8120218281e-01
1.9610000000e+03,7.8616367618e-01
1.9080000000e+03,7.5015405934e-01
1.8660000000e+03,9.6618702886e-01
1.8480000000e+03,8.7416521625e-01
1.8570000000e+03,7.8029640929e-01
1.8800000000e+03,7.2735923518e-01
1.9020000000e+03,7.2318709694e-01
1.9080000000e+03,6.4630762232e-01
1.9000000000e+03,6.1433404138e-01
1.8840000000e+03,9.4780578826e-01
1.8710000000e+03,8.6621868078e-01
1.8650000000e+03,7.7409413742e-01
1.8740000000e+03,7.1239020762e-01
1.9040000000e+03,6.7585867701e-01
1.9610000000e+03,6.0468806277e-01
2.0360000000e+03,5.4617676974e-01
2.1070000000e+03,9.3626563758e-01
2.1500000000e+03,8.5713034161e-01
2.1560000000e+03,7.6465095835e-01
2.1320000000e+03,7.6645251058e-01
2.0950000000e+03,7.6483899093e-01
2.0590000000e+03,6.8437338161e-01
2.0280000000e+03,6.1952973035e-01
2.0080000000e+03,9.4437225219e-01
2.0000000000e+03,8.7933304261e-01
2.0000000000e+03,7.8967821253e-01
1.9930000000e+03,7.0902381904e-01
1.9680000000e+03,6.5368703981e-01
1.9240000000e+03,5.9004874213e-01
1.8750000000e+03,5.8334135203e-01
1.8400000000e+03,9.4361138386e-01
1.8300000000e+03,8.6735235499e-01
1.8370000000e+03,7.7368095601e-01
1.8460000000e+03,6.9298360160e-01
1.8420000000e+03,6.3564267155e-01
1.8270000000e+03,5.7265905510e-01
1.8100000000e+03,5.4902051903e-01
1.7950000000e+03,8.8901221735e-01
1.7850000000e+03,8.4763506852e-01
1.7780000000e+03,7.7283175321e-01
1.7740000000e+03,7.0473359485e-01
1.7740000000e+03,6.6985881268e-01
1.7820000000e+03,6.2294274720e-01
1.8010000000e+03,5.6926808369e-01
1.8310000000e+03,6.8811302702e-01
1.8660000000e+03,6.6375806834e-01
1.8930000000e+03,5.9427979778e-01
1.8970000000e+03,5.3118047798e-01
1.8690000000e+03,4.8013393552e-01
1.8130000000e+03,4.3329270378e-01
1.7480000000e+03,3.9786349506e-01
1.6970000000e+03,8.9992645715e-01
1.6740000000e+03,8.6266190010e-01
1.6760000000e+03,7.7607906627e-01
1.6900000000e+03,6.9548175772e-01
1.7050000000e+03,6.6777068387e-01
1.7210000000e+03,6.1077377437e-01
1.7410000000e+03,5.6673594266e-01
1.7690000000e+03,7.7312483661e-01
1.8030000000e+03,7.3948883751e-01
1.8300000000e+03,6.7204268149e-01
1.8370000000e+03,6.0629182143e-01
1.8150000000e+03,5.5598297008e-01
1.7680000000e+03,4.9963708783e-01
1.7120000000e+03,4.6863506663e-01
1.6670000000e+03,8.8599753530e-01
1.6480000000e+03,8.7743542657e-01
1.6550000000e+03,7.9269147451e-01
1.6810000000e+03,7.0940887630e-01
1.7200000000e+03,6.3517110412e-01
1.7730000000e+03,5.6926828903e-01
1.8370000000e+03,5.2639318158e-01
1.8950000000e+03,5.0624681518e-01
1.9190000000e+03,6.5223748980e-01
1.8900000000e+03,5.9916779832e-01
1.8150000000e+03,5.5356908653e-01
1.7250000000e+03,9.1572754309e-01
1.6520000000e+03,8.6051320718e-01
1.6120000000e+03,7.7331020619e-01
1.6100000000e+03,7.3430635383e-01
1.6360000000e+03,8.4308593791e-01
1.6780000000e+03,7.7104332056e-01
1.7180000000e+03,6.9428631395e-01
1.7450000000e+03,6.2022788777e-01
1.7590000000e+03,5.5805289185e-01
1.7670000000e+03,5.0349798982e-01
1.7820000000e+03,7.9792975118e-01
1.8080000000e+03,7.9302426540e-01
1.8420000000e+03,7.2547460124e-01
1.8710000000e+03,6.5472243361e-01
1.8810000000e+03,5.8836649295e-01
1.8660000000e+03,5.3728912241e-01
1.8290000000e+03,4.9639558122e-01
1.7820000000e+03,6.4107365478e-01
1.7400000000e+03,9.5142460141e-01
1.7130000000e+03,8.7624064723e-01
1.6980000000e+03,7.8320753928e-01
1.6930000000e+03,7.0573759677e-01
1.6940000000e+03,6.5356113741e-01
1.7010000000e+03,5.8980340089e-01
1.7190000000e+03,7.0228460565e-01
1.7480000000e+03,8.3394854831e-01
1.7810000000e+03,7.6454344981e-01
1.8010000000e+03,6.8742812779e-01
1.7960000000e+03,6.1318799452e-01
1.7640000000e+03,5.4731337609e-01
1.7220000000e+03,4.9497909155e-01
1.6860000000e+03,5.9587031938e-01
1.6640000000e+03,9.4530699521e-01
1.6550000000e+03,8.7946780912e-01
1.6530000000e+03,7.8932313965e-01
1.6580000000e+03,7.2386697408e-01
1.6730000000e+03,7.0478643320e-01
1.6990000000e+03,6.3108297502e-01
1.7370000000e+03,5.6858418167e-01
1.7800000000e+03,9.4161421803e-01
1.8140000000e+03,8.8070212462e-01
1.8230000000e+03,7.9477232512e-01
1.7980000000e+03,7.1793059000e-01
1.7450000000e+03,6.5238043630e-01
1.6830000000e+03,6.0443956091e-01
1.6340000000e+03,5.6694855223e-01
1.6130000000e+03,9.4139285966e-01
1.6270000000e+03,8.8835523757e-01
1.6710000000e+03,7.9379429605e-01
1.7300000000e+03,7.1295747502e-01
1.7820000000e+03,6.4187459773e-01
1.8120000000e+03,5.7773551358e-01
1.8220000000e+03,5.2887193160e-01
1.8210000000e+03,7.6600955613e-01
1.8170000000e+03,7.4253204501e-01
1.8090000000e+03,6.8530287247e-01
1.7930000000e+03,6.4384175543e-01
1.7690000000e+03,6.3997628803e-01
1.7410000000e+03,5.7978826617e-01
1.7150000000e+03,5.2697782723e-01
1.6990000000e+03,8.0669516674e-01
1.6970000000e+03,7.7252063816e-01
1.7030000000e+03,6.9119371126e-01
1.7110000000e+03,6.1983759103e-01
1.7170000000e+03,5.6698000106e-01
1.7270000000e+03,5.0770048871e-01
1.7480000000e+03,4.7761970496e-01
1.7870000000e+03,9.2930351481e-01
1.8420000000e+03,8.8826658552e-01
1.9000000000e+03,7.9319862170e-01
1.9410000000e+03,7.1500153587e-01
1.9510000000e+03,6.4461827451e-01
1.9230000000e+03,5.9118124605e-01
1.8690000000e+03,5.5365387210e-01
1.8110000000e+03,6.6761387078e-01
1.7670000000e+03,7.9773106853e-01
1.7440000000e+03,7.3282250864e-01
1.7360000000e+03,6.5621827800e-01
1.7320000000e+03,5.9092400197e-01
1.7260000000e+03,5.3184524161e-01
1.7200000000e+03,5.0954355498e-01
1.7210000000e+03,8.5831858470e-01
1.7330000000e+03,8.2690363318e-01
1.7520000000e+03,7.5098608498e-01
1.7660000000e+03,6.7721944140e-01
1.7640000000e+03,6.0960185795e-01
1.7450000000e+03,5.4898496979e-01
1.7150000000e+03,5.1302127993e-01
1.6870000000e+03,7.1867841629e-01
1.6660000000e+03,7.1500497669e-01
1.6560000000e+03,6.5557850705e-01
1.6580000000e+03,5.9955092065e-01
1.6730000000e+03,5.7633915092e-01
1.7030000000e+03,5.3308602364e-01
1.7490000000e+03,4.8046045443e-01
1.8090000000e+03,6.3096257923e-01
1.8780000000e+03,7.4430568507e-01
1.9380000000e+03,6.7614529674e-01
1.9730000000e+03,6.0425896782e-01
1.9670000000e+03,5.4846830563e-01
1.9200000000e+03,5.0272476428e-01
1.8490000000e+03,4.8169266151e-01
1.7820000000e+03,7.7198576011e-01
1.7420000000e+03,7.6256073945e-01
1.7390000000e+03,7.0511970631e-01
1.7620000000e+03,6.3244277672e-01
1.7950000000e+03,5.7155624657e-01
1.8310000000e+03,5.2354420643e-01
1.8730000000e+03,5.1231983917e-01
1.9240000000e+03,5.1096738997e-01
1.9820000000e+03,5.9715779407e-01
2.0310000000e+03,5.5657205759e-01
2.0520000000e+03,5.1476508376e-01
2.0370000000e+03,4.8852493915e-01
1.9880000000e+03,4.7762397869e-01
1.9160000000e+03,4.4552299023e-01
1.8390000000e+03,4.3606343638e-01
1.7780000000e+03,9.0853702998e-01
1.7470000000e+03,8.3458834043e-01
1.7400000000e+03,7.5155703781e-01
1.7440000000e+03,6.7067486464e-01
1.7500000000e+03,6.0334863305e-01
1.7600000000e+03,5.4201610102e-01
1.7820000000e+03,6.8941798358e-01
1.8160000000e+03,8.5680209504e-01
1.8570000000e+03,7.8164661564e-01
1.8900000000e+03,6.9916594826e-01
1.9010000000e+03,6.3111769531e-01
1.8850000000e+03,5.6900660337e-01
1.8440000000e+03,5.2426816009e-01
1.7910000000e+03,5.2347078954e-01
1.7410000000e+03,9.3550878433e-01
1.7070000000e+03,8.7215946639e-01
1.6920000000e+03,7.7988155116e-01
1.6910000000e+03,7.0064801349e-01
1.7000000000e+03,6.6451515519e-01
1.7180000000e+03,6.0604787573e-01
1.7500000000e+03,5.6213995422e-01
1.7950000000e+03,7.2891599064e-01
1.8450000000e+03,6.7522784189e-01
1.8880000000e+03,6.1061733058e-01
1.9110000000e+03,5.4706285836e-01
1.9030000000e+03,4.9063278376e-01
1.8660000000e+03,4.3957541716e-01
1.8100000000e+03,4.3087894919e-01
1.7530000000e+03,9.2219910310e-01
1.7100000000e+03,8.8080483458e-01
1.6880000000e+03,7.9128664107e-01
1.6860000000e+03,7.1189400096e-01
1.7080000000e+03,7.0674216109e-01
1.7550000000e+03,6.4844680896e-01
1.8240000000e+03,5.8024423949e-01
1.9060000000e+03,7.4516846837e-01
1.9820000000e+03,7.2141831979e-01
2.0350000000e+03,6.5112249870e-01
2.0480000000e+03,5.8375777301e-01
2.0150000000e+03,5.3559689567e-01
1.9410000000e+03,4.8217484682e-01
1.8460000000e+03,4.6753404743e-01
1.7600000000e+03,9.2793856950e-01
1.7060000000e+03,9.0119730227e-01
1.6910000000e+03,8.1063079159e-01
1.7070000000e+03,7.2819604049e-01
1.7410000000e+03,6.5233120621e-01
1.7850000000e+03,5.8498393413e-01
1.8370000000e+03,5.3107889411e-01
1.8940000000e+03,6.0723461132e-01
1.9460000000e+03,6.2371852201e-01
1.9770000000e+03,5.6894290728e-01
1.9770000000e+03,5.1907968675e-01
1.9410000000e+03,6.5124166568e-01
1.8780000000e+03,5.9472340487e-01
1.8040000000e+03,5.4325497035e-01
1.7430000000e+03,9.0538610736e-01
1.7110000000e+03,8.8083873694e-01
1.7080000000e+03,7.8902394245e-01
1.7200000000e+03,7.0410182012e-01
1.7330000000e+03,6.2931270622e-01
1.7420000000e+03,5.7330365898e-01
1.7550000000e+03,5.3189685241e-01
1.7780000000e+03,9.3664912794e-01
1.8130000000e+03,9.0889938135e-01
1.8520000000e+03,8.1426130148e-01
1.8770000000e+03,7.2639373203e-01
1.8790000000e+03,6.5168004957e-01
1.8640000000e+03,5.9462463246e-01
1.8450000000e+03,5.5322452525e-01
1.8350000000e+03,6.9689726689e-01
1.8400000000e+03,8.3764733394e-01
1.8530000000e+03,7.6085130258e-01
1.8640000000e+03,6.8203761628e-01
1.8680000000e+03,6.4862786848e-01
1.8690000000e+03,5.9965892054e-01
1.8760000000e+03,5.4305364856e-01
1.9020000000e+03,7.7234097936e-01
1.9450000000e+03,8.6725006984e-01
1.9930000000e+03,7.7891205169e-01
2.0240000000e+03,6.9644679327e-01
2.0270000000e+03,6.3257213892e-01
2.0020000000e+03,5.7081834697e-01
1.9660000000e+03,5.1722786325e-01
1.9360000000e+03,7.1179713758e-01
1.9220000000e+03,9.2779676593e-01
1.9240000000e+03,8.4561202944e-01
1.9350000000e+03,7.5771042538e-01
1.9520000000e+03,7.4164553584e-01
1.9790000000e+03,7.1447113851e-01
2.0230000000e+03,6.3840252488e-01
2.0910000000e+03,5.8523824479e-01
2.1770000000e+03,8.8442231011e-01
2.2330000000e+03,8.1223006881e-01
2.2330000000e+03,7.3389053724e-01
2.2330000000e+03,6.6881078583e-01
2.2330000000e+03,6.1399362930e-01
2.1390000000e+03,5.7209564604e-01
2.0160000000e+03,5.9723183056e-01
1.9130000000e+03,9.4549125571e-01
1.8530000000e+03,8.7035197846e-01
1.8350000000e+03,7.7952897395e-01
1.8460000000e+03,6.9816314639e-01
1.8720000000e+03,6.2745714480e-01
1.9120000000e+03,5.6690502448e-01
1.9680000000e+03,5.3827283973e-01
2.0320000000e+03,8.2314861965e-01
2.0850000000e+03,7.7939711485e-01
2.1070000000e+03,7.0829114782e-01
2.0920000000e+03,6.6246040444e-01
2.0450000000e+03,6.5415057694e-01
1.9840000000e+03,5.9281565898e-01
1.9280000000e+03,5.7105771189e-01
1.8940000000e+03,9.4194897395e-01
1.8890000000e+03,8.7216430314e-01
1.8990000000e+03,7.7878049830e-01
1.9070000000e+03,6.9965064966e-01
1.9030000000e+03,6.3478936089e-01
1.8950000000e+03,5.7220430865e-01
1.8990000000e+03,5.6196867612e-01
1.9250000000e+03,9.4071890672e-01
1.9670000000e+03,8.8188184580e-01
2.0050000000e+03,7.9369945796e-01
2.0200000000e+03,7.1319222806e-01
2.0030000000e+03,6.5270769370e-01
1.9600000000e+03,5.9467545052e-01
1.9060000000e+03,5.6473091818e-01
1.8560000000e+03,8.8176745546e-01
1.8170000000e+03,8.4722861092e-01
1.7890000000e+03,7.6461886789e-01
1.7730000000e+03,6.8770340740e-01
1.7740000000e+03,6.6574333709e-01
1.8040000000e+03,6.1686766477e-01
1.8670000000e+03,5.5546910480e-01
1.9570000000e+03,9.2829153593e-01
2.0510000000e+03,8.8544245606e-01
2.1190000000e+03,7.9385309667e-01
2.1410000000e+03,7.0828370414e-01
2.1150000000e+03,6.3590601384e-01
2.0550000000e+03,5.8685154642e-01
1.9810000000e+03,5.3243732474e-01
1.9090000000e+03,9.2666183679e-01
1.8500000000e+03,8.9555400037e-01
1.8120000000e+03,8.0942721643e-01
1.7930000000e+03,7.2287741031e-01
1.7930000000e+03,7.0500231804e-01
1.8050000000e+03,6.3995531314e-01
1.8240000000e+03,5.7342966749e-01
1.8460000000e+03,5.7176533394e-01
1.8650000000e+03,6.7923013068e-01
1.8740000000e+03,6.1681496949e-01
1.8650000000e+03,5.5550954427e-01
1.8320000000e+03,5.0239049577e-01
1.7850000000e+03,4.5753017101e-01
1.7420000000e+03,4.2270261563e-01
1.7290000000e+03,9.2187129497e-01
1.7570000000e+03,8.9818536557e-01
1.8170000000e+03,8.0549447856e-01
1.8840000000e+03,7.1871906772e-01
1.9350000000e+03,6.4637742862e-01
1.9620000000e+03,5.8946763636e-01
1.9750000000e+03,5.3428689505e-01
1.9880000000e+03,7.6972450009e-01
2.0050000000e+03,8.3527543623e-01
2.0200000000e+03,7.5413195046e-01
2.0190000000e+03,6.7400067642e-01
1.9950000000e+03,6.2885878564e-01
1.9520000000e+03,5.8477826251e-01
1.9030000000e+03,5.3215098967e-01
1.8680000000e+03,8.4253990465e-01
1.8580000000e+03,8.6176376116e-01
1.8740000000e+03,7.7964582673e-01
1.8990000000e+03,6.9702773546e-01
1.9180000000e+03,6.2318160458e-01
1.9210000000e+03,5.6284426129e-01
1.9110000000e+03,5.1154164346e-01
1.8990000000e+03,6.8783042173e-01
1.8990000000e+03,9.2683902250e-01
1.9170000000e+03,8.4359517902e-01
1.9460000000e+03,7.5830089556e-01
1.9720000000e+03,6.7663164460e-01
1.9840000000e+03,6.1893435049e-01
1.9780000000e+03,5.8715470542e-01
1.9610000000e+03,5.8570256197e-01
1.9430000000e+03,5.8491453391e-01
1.9300000000e+03,5.5016686137e-01
1.9270000000e+03,5.0969348708e-01
1.9310000000e+03,4.6944427615e-01
1.9420000000e+03,4.4664319935e-01
1.9620000000e+03,4.0847489817e-01
1.9980000000e+03,4.2383733131e-01
2.0510000000e+03,8.6686568675e-01
2.1120000000e+03,8.0303846756e-01
2.1600000000e+03,7.1961924916e-01
2.1780000000e+03,6.4765799426e-01
2.1590000000e+03,5.8886569630e-01
2.1160000000e+03,5.3770690116e-01
2.0710000000e+03,7.4760117050e-01
2.0440000000e+03,8.8159350388e-01
2.0400000000e+03,8.2782686068e-01
2.0450000000e+03,7.5102168548e-01
2.0420000000e+03,6.8478673884e-01
2.0300000000e+03,6.5818602645e-01
2.0170000000e+03,5.9353692660e-01
2.0220000000e+03,5.4651573095e-01
2.0530000000e+03,9.3862757800e-01
2.1040000000e+03,8.9335962613e-01
2.1560000000e+03,8.0296070041e-01
2.1850000000e+03,7.1655919708e-01
2.1780000000e+03,6.5230639148e-01
2.1410000000e+03,5.8964123098e-01
2.0930000000e+03,5.8139449511e-01
2.0580000000e+03,9.4334790543e-01
2.0460000000e+03,8.9532600769e-01
2.0530000000e+03,8.0784554845e-01
2.0680000000e+03,7.2857913105e-01
2.0810000000e+03,6.5702601732e-01
2.0940000000e+03,5.8753568298e-01
2.1130000000e+03,5.3660340186e-01
2.1380000000e+03,7.6176785628e-01
2.1600000000e+03,7.3678043360e-01
2.1670000000e+03,6.6640762603e-01
2.1530000000e+03,6.3033240623e-01
2.1220000000e+03,6.2372057326e-01
2.0880000000e+03,5.7948536619e-01
2.0650000000e+03,5.5867304686e-01
2.0650000000e+03,7.8982468307e-01
2.0880000000e+03,7.5727988924e-01
2.1190000000e+03,6.7932472201e-01
2.1370000000e+03,6.1046304054e-01
2.1310000000e+03,5.4915097515e-01
2.1100000000e+03,5.2282268662e-01
2.0960000000e+03,4.7736092814e-01
2.1080000000e+03,6.6591050301e-01
2.1470000000e+03,6.6249770002e-01
2.1950000000e+03,6.1419020980e-01
2.2280000000e+03,5.5498306261e-01
2.2330000000e+03,5.3330832908e-01
2.2120000000e+03,5.0079972030e-01
2.1780000000e+03,4.5856677336e-01
2.1470000000e+03,7.0992237691e-01
2.1320000000e+03,7.3731337766e-01
2.1290000000e+03,6.7445470616e-01
2.1240000000e+03,6.0909520159e-01
2.1090000000e+03,5.8697258549e-01
2.0910000000e+03,5.5619256937e-01
2.0980000000e+03,5.0991285715e-01
2.1520000000e+03,7.4440354849e-01
2.2330000000e+03,7.3921207538e-01
2.2330000000e+03,6.7149589751e-01
2.2330000000e+03,6.0342451893e-01
2.2330000000e+03,5.5270689070e-01
2.2330000000e+03,5.0454043220e-01
2.2330000000e+03,4.8035973595e-01
2.2330000000e+03,6.5899271969e-01
2.2330000000e+03,6.7862716106e-01
2.2330000000e+03,6.1844940164e-01
2.2330000000e+03,5.5834114865e-01
2.2330000000e+03,5.1382490437e-01
2.2330000000e+03,4.8675361994e-01
2.2330000000e+03,4.4254903980e-01
2.2330000000e+03,9.2035414260e-01
2.2330000000e+03,9.0706588735e-01
2.2330000000e+03,8.2358481439e-01
2.2330000000e+03,7.4636232220e-01
2.2330000000e+03,6.7733279450e-01
2.2330000000e+03,6.3486913577e-01
2.2330000000e+03,5.7973226765e-01
2.2330000000e+03,6.6659422264e-01
2.2330000000e+03,8.5996928656e-01
2.2330000000e+03,7.8325306690e-01
2.2330000000e+03,7.0068517458e-01
2.2330000000e+03,6.4018492947e-01
2.2330000000e+03,6.0735504390e-01
2.2090000000e+03,6.3819487894e-01
2.0980000000e+03,6.1173211457e-01
2.0200000000e+03,5.9066850772e-01
1.9740000000e+03,5.5044491142e-01
1.9510000000e+03,4.9253063411e-01
1.9450000000e+03,4.5407405786e-01
1.9610000000e+03,4.1610914000e-01
2.0060000000e+03,3.8863026738e-01
2.0780000000e+03,6.1587464798e-01
2.1550000000e+03,7.3048756347e-01
2.2160000000e+03,6.6437878482e-01
2.2330000000e+03,5.9550994314e-01
2.2330000000e+03,5.4880212830e-01
2.2330000000e+03,5.0670205234e-01
2.2330000000e+03,4.6256493670e-01
2.2330000000e+03,7.6411536235e-01
2.2330000000e+03,9.3443378590e-01
2.2330000000e+03,8.5955016618e-01
2.2330000000e+03,7.6912839076e-01
2.2330000000e+03,6.9102847831e-01
2.2330000000e+03,6.3987839138e-01
2.2330000000e+03,6.1392368683e-01
2.2330000000e+03,5.7559508580e-01
2.2330000000e+03,7.8118200216e-01
2.2330000000e+03,7.4506329428e-01
2.1080000000e+03,6.8271561039e-01
1.9870000000e+03,6.5598502500e-01
1.9390000000e+03,6.5588427499e-01
1.9530000000e+03,5.8763270604e-01
2.0100000000e+03,5.5740426930e-01
2.0950000000e+03,9.4010118143e-01
2.1860000000e+03,8.7380123651e-01
2.2330000000e+03,7.8806339761e-01
2.2330000000e+03,7.0532913050e-01
2.2330000000e+03,6.3812008689e-01
2.2330000000e+03,5.8261563558e-01
2.2210000000e+03,5.5902645277e-01
2.1550000000e+03,9.4032072009e-01
2.0970000000e+03,8.8706825565e-01
2.0490000000e+03,7.9873246261e-01
2.0080000000e+03,7.1501965719e-01
1.9760000000e+03,7.0375736385e-01
1.9640000000e+03,6.4403277247e-01
1.9840000000e+03,5.9954973434e-01
2.0440000000e+03,9.4580494987e-01
2.1300000000e+03,8.8850459158e-01
2.2100000000e+03,7.9339020495e-01
2.2330000000e+03,7.0798571007e-01
2.2120000000e+03,6.4206513582e-01
2.1120000000e+03,5.8828366965e-01
1.9770000000e+03,5.5859013690e-01
1.8550000000e+03,9.4026167115e-01
1.7780000000e+03,9.0686001913e-01
1.7490000000e+03,8.1400593192e-01
1.7470000000e+03,7.3209855735e-01
1.7530000000e+03,6.5717857080e-01
1.7610000000e+03,5.9051896228e-01
1.7720000000e+03,5.4036488547e-01
1.7800000000e+03,5.4897336842e-01
1.7770000000e+03,5.2532625356e-01
1.7580000000e+03,4.7367754769e-01
1.7250000000e+03,4.3227993500e-01
1.6860000000e+03,6.4303421136e-01
1.6480000000e+03,5.9263803474e-01
1.6170000000e+03,5.4417977363e-01
1.5980000000e+03,8.9257597682e-01
1.5960000000e+03,8.7939438040e-01
1.6130000000e+03,7.9122234568e-01
1.6450000000e+03,7.1057236292e-01
1.6800000000e+03,6.3932265176e-01
1.7110000000e+03,5.8152091058e-01
1.7330000000e+03,5.2371772088e-01
1.7430000000e+03,7.6481051425e-01
1.7450000000e+03,7.5540904539e-01
1.7420000000e+03,6.9873549075e-01
1.7380000000e+03,6.3252357184e-01
1.7310000000e+03,5.6670820690e-01
1.7150000000e+03,5.1225029244e-01
1.6890000000e+03,4.6030889032e-01
1.6620000000e+03,8.4764081480e-01
1.6470000000e+03,9.6657485983e-01
1.6480000000e+03,8.7430059185e-01
1.6610000000e+03,7.8337259984e-01
1.6780000000e+03,7.0807667431e-01
1.6970000000e+03,6.4711841034e-01
1.7200000000e+03,5.8000429330e-01
1.7500000000e+03,7.5548491272e-01
1.7870000000e+03,8.2173917387e-01
1.8220000000e+03,7.4652157334e-01
1.8460000000e+03,6.6849718078e-01
1.8500000000e+03,6.1226915674e-01
1.8300000000e+03,5.6472576092e-01
1.7950000000e+03,5.0491236629e-01
1.7560000000e+03,6.0965524120e-01
1.7270000000e+03,9.4717258151e-01
1.7120000000e+03,8.6092001763e-01
1.7080000000e+03,7.7060433404e-01
1.7110000000e+03,6.9397928106e-01
1.7210000000e+03,6.6724880380e-01
1.7410000000e+03,5.9838128562e-01
1.7720000000e+03,5.9079832187e-01
1.8070000000e+03,9.1225699000e-01
1.8370000000e+03,8.3295309117e-01
1.8450000000e+03,7.4509932425e-01
1.8210000000e+03,6.6993113868e-01
1.7680000000e+03,6.0496348444e-01
1.7040000000e+03,5.5231887008e-01
1.6500000000e+03,5.6423486403e-01
1.6220000000e+03,9.4046082677e-01
1.6250000000e+03,8.7655255854e-01
1.6500000000e+03,7.8746091230e-01
1.6860000000e+03,7.1486813493e-01
1.7210000000e+03,6.4127995209e-01
1.7520000000e+03,5.8337783070e-01
1.7800000000e+03,5.5247299798e-01
1.8070000000e+03,6.7228745037e-01
1.8280000000e+03,6.4344986274e-01
1.8370000000e+03,5.9068027624e-01
1.8260000000e+03,5.4706560360e-01
1.7950000000e+03,5.1451205057e-01
1.7510000000e+03,4.7089089392e-01
1.7060000000e+03,4.6365421437e-01
1.6740000000e+03,9.2741349119e-01
1.6630000000e+03,8.6357278220e-01
1.6660000000e+03,7.7569389812e-01
1.6730000000e+03,6.9269640579e-01
1.6790000000e+03,6.2117971618e-01
1.6880000000e+03,5.5557196224e-01
1.7050000000e+03,5.3198513744e-01
1.7370000000e+03,9.3666107602e-01
1.7820000000e+03,9.0098808930e-01
1.8290000000e+03,8.1730173966e-01
1.8620000000e+03,7.2978905406e-01
1.8660000000e+03,6.5592197209e-01
1.8380000000e+03,5.9354078200e-01
1.7900000000e+03,5.5086231530e-01
1.7420000000e+03,9.3921582423e-01
1.7100000000e+03,8.9773524877e-01
1.6980000000e+03,8.0346024025e-01
1.6990000000e+03,7.2207595328e-01
1.7040000000e+03,6.6864847737e-01
1.7100000000e+03,6.1041197025e-01
1.7180000000e+03,5.5132792736e-01
1.7280000000e+03,6.7446853475e-01
1.7370000000e+03,6.6008366266e-01
1.7390000000e+03,5.9516283504e-01
1.7300000000e+03,5.3105273642e-01
1.7110000000e+03,4.8045719837e-01
1.6850000000e+03,4.3315650947e-01
1.6600000000e+03,4.0894669369e-01
1.6430000000e+03,8.2806502117e-01
1.6360000000e+03,7.9693155249e-01
1.6390000000e+03,7.3432158333e-01
1.6480000000e+03,6.6859530029e-01
1.6570000000e+03,6.3943435671e-01
1.6650000000e+03,5.7704888071e-01
1.6710000000e+03,5.2446000346e-01
1.6750000000e+03,8.4647512364e-01
1.6770000000e+03,8.2622733590e-01
1.6750000000e+03,7.6054486389e-01
1.6660000000e+03,6.8387494612e-01
1.6480000000e+03,6.1760748973e-01
1.6270000000e+03,5.5495513821e-01
1.6110000000e+03,5.0711623959e-01
1.6090000000e+03,8.4843126544e-01
1.6260000000e+03,8.7100366541e-01
1.6580000000e+03,7.8656610492e-01
1.6950000000e+03,7.0237536404e-01
1.7280000000e+03,6.2828471743e-01
1.7540000000e+03,5.6419142506e-01
1.7730000000e+03,5.0477816690e-01
1.7860000000e+03,8.5520094579e-01
1.7890000000e+03,8.5136646724e-01
1.7760000000e+03,7.6409990888e-01
1.7470000000e+03,6.8635581685e-01
1.7120000000e+03,6.8239369795e-01
1.6850000000e+03,6.5267074869e-01
1.6760000000e+03,5.8805549245e-01
1.6950000000e+03,7.6059113810e-01
1.7410000000e+03,8.9273672484e-01
1.8060000000e+03,8.0928024873e-01
1.8660000000e+03,7.2550393914e-01
1.9000000000e+03,6.5056535855e-01
1.9020000000e+03,5.8663033048e-01
1.8850000000e+03,5.2627855343e-01
1.8680000000e+03,6.6062157070e-01
1.8670000000e+03,8.7805199475e-01
1.8820000000e+03,8.1284738201e-01
1.9020000000e+03,7.2793137865e-01
1.9120000000e+03,6.5412938457e-01
1.9030000000e+03,5.8681192234e-01
1.8740000000e+03,5.3915248427e-01
1.8320000000e+03,7.7655032990e-01
1.7890000000e+03,9.6975937561e-01
1.7520000000e+03,8.9180305921e-01
1.7240000000e+03,7.9656221070e-01
1.7060000000e+03,7.3323079709e-01
1.6970000000e+03,6.7562534834e-01
1.6970000000e+03,6.0990724842e-01
1.7090000000e+03,5.9553266620e-01
1.7290000000e+03,9.4526129882e-01
1.7510000000e+03,8.6581058698e-01
1.7700000000e+03,7.7390660229e-01
1.7810000000e+03,6.9863080421e-01
1.7840000000e+03,6.3571170324e-01
1.7830000000e+03,5.7304084000e-01
1.7830000000e+03,7.0678292680e-01
1.7850000000e+03,9.3331320108e-01
1.7900000000e+03,8.6365090080e-01
1.7990000000e+03,7.7233485377e-01
1.8080000000e+03,7.0122635375e-01
1.8170000000e+03,6.7930840853e-01
1.8320000000e+03,6.1036416419e-01
1.8640000000e+03,5.7675030930e-01
1.9210000000e+03,9.4271938323e-01
1.9970000000e+03,8.8043668681e-01
2.0690000000e+03,7.8784687176e-01
2.1160000000e+03,7.0680454773e-01
2.1220000000e+03,6.6195852578e-01
2.0860000000e+03,5.9413690225e-01
2.0250000000e+03,5.4862665672e-01
1.9630000000e+03,9.3891326074e-01
1.9180000000e+03,8.8831291995e-01
1.8950000000e+03,7.9237784413e-01
1.8870000000e+03,7.2545055682e-01
1.8850000000e+03,6.4710411762e-01
1.8930000000e+03,5.8435640829e-01
1.9170000000e+03,5.4020028058e-01
1.9600000000e+03,9.3777287474e-01
2.0090000000e+03,8.9460151930e-01
2.0420000000e+03,8.0287594977e-01
2.0430000000e+03,7.1842187833e-01
2.0160000000e+03,7.1836703745e-01
1.9700000000e+03,6.5346638881e-01
1.9200000000e+03,5.9055215613e-01
1.8760000000e+03,9.4458726008e-01
1.8430000000e+03,9.0227226207e-01
1.8210000000e+03,8.0563330392e-01
1.8060000000e+03,7.2339844209e-01
1.8000000000e+03,6.4573156527e-01
1.8140000000e+03,5.7983037510e-01
1.8580000000e+03,5.3033181400e-01
1.9320000000e+03,9.3643732302e-01
2.0190000000e+03,8.9808755626e-01
2.1000000000e+03,8.0390634769e-01
2.1550000000e+03,7.2286373411e-01
2.1730000000e+03,7.0526188550e-01
2.1530000000e+03,6.3526754223e-01
2.1020000000e+03,5.7507878892e-01
2.0380000000e+03,8.2199070851e-01
1.9800000000e+03,8.1871246818e-01
1.9360000000e+03,7.3197549929e-01
1.9010000000e+03,6.6224141163e-01
1.8710000000e+03,5.9501939511e-01
1.8530000000e+03,5.3932467509e-01
1.8590000000e+03,4.9358619250e-01
1.8950000000e+03,8.5291908385e-01
1.9510000000e+03,8.4432625099e-01
2.0080000000e+03,7.6088748308e-01
2.0440000000e+03,6.7871396433e-01
2.0490000000e+03,6.0873975758e-01
2.0200000000e+03,5.5038764768e-01
1.9700000000e+03,5.0303893590e-01
1.9110000000e+03,7.7466373968e-01
1.8580000000e+03,7.8000524255e-01
1.8170000000e+03,7.1494221178e-01
1.7860000000e+03,6.4033934134e-01
1.7600000000e+03,5.9156699316e-01
1.7420000000e+03,5.5301493170e-01
1.7360000000e+03,5.0336878056e-01
1.7500000000e+03,7.8774976403e-01
1.7850000000e+03,8.9247117389e-01
1.8300000000e+03,8.0736714313e-01
1.8650000000e+03,7.2017396338e-01
1.8670000000e+03,6.4576541333e-01
1.8310000000e+03,5.8438188250e-01
1.7660000000e+03,5.4847260646e-01
1.7000000000e+03,7.0033110496e-01
1.6540000000e+03,9.5944422521e-01
1.6380000000e+03,8.8278388526e-01
1.6440000000e+03,7.9336201165e-01
1.6590000000e+03,7.1701533201e-01
1.6790000000e+03,6.4828020388e-01
1.7040000000e+03,5.8623941533e-01
1.7350000000e+03,5.5947726628e-01
1.7630000000e+03,5.9987691775e-01
1.7780000000e+03,5.5093791556e-01
1.7710000000e+03,5.0627038493e-01
1.7430000000e+03,4.9469727473e-01
1.7040000000e+03,4.8143026862e-01
1.6690000000e+03,4.3382323603e-01
1.6540000000e+03,5.4212221048e-01
1.6670000000e+03,9.3803297967e-01
1.7040000000e+03,8.6398481481e-01
1.7490000000e+03,7.7630622370e-01
1.7820000000e+03,6.9274755400e-01
1.7970000000e+03,6.2284332957e-01
1.8040000000e+03,5.6238889143e-01
1.8180000000e+03,5.6114233521e-01
1.8540000000e+03,9.4060707363e-01
1.9100000000e+03,8.7031394077e-01
1.9720000000e+03,7.7842606483e-01
2.0170000000e+03,6.9733727177e-01
2.0280000000e+03,6.2630300201e-01
1.9980000000e+03,5.7153626784e-01
1.9370000000e+03,5.6390510966e-01
1.8640000000e+03,9.4098097450e-01
1.7990000000e+03,8.8079654870e-01
1.7500000000e+03,7.8673463503e-01
1.7200000000e+03,7.0412927098e-01
1.7060000000e+03,6.7865338056e-01
1.7080000000e+03,6.1809172919e-01
1.7290000000e+03,5.7454269789e-01
1.7630000000e+03,9.4133605716e-01
1.8020000000e+03,8.7443470900e-01
1.8330000000e+03,7.8310165449e-01
1.8460000000e+03,7.1667794568e-01
1.8350000000e+03,6.5546098537e-01
1.8040000000e+03,5.9654711790e-01
1.7650000000e+03,5.4615478987e-01
1.7270000000e+03,9.3857872994e-01
1.7010000000e+03,9.0089713493e-01
1.6860000000e+03,8.0654874008e-01
1.6790000000e+03,7.2446956710e-01
1.6740000000e+03,6.8464159330e-01
1.6690000000e+03,6.2268108532e-01
1.6670000000e+03,5.6723497550e-01
1.6780000000e+03,9.4143162283e-01
1.7080000000e+03,9.0126764957e-01
1.7500000000e+03,8.0701584784e-01
1.7790000000e+03,7.2553149026e-01
1.7750000000e+03,6.5371795445e-01
1.7390000000e+03,5.8911648443e-01
1.6900000000e+03,5.4749083372e-01
1.6560000000e+03,9.1467949229e-01
1.6520000000e+03,8.8167185858e-01
1.6740000000e+03,7.9826741433e-01
1.7050000000e+03,7.1311706345e-01
1.7290000000e+03,6.3716439420e-01
1.7410000000e+03,5.7600850862e-01
1.7450000000e+03,5.2046416367e-01
1.7450000000e+03,7.7037527846e-01
1.7410000000e+03,7.6190923880e-01
1.7290000000e+03,6.8911345832e-01
1.7110000000e+03,6.2117606671e-01
1.6900000000e+03,8.8620186711e-01
1.6710000000e+03,8.1884284966e-01
1.6580000000e+03,7.3403491981e-01
1.6540000000e+03,7.7203818468e-01
1.6590000000e+03,7.7055417427e-01
1.6700000000e+03,6.9677796001e-01
1.6810000000e+03,6.2189691715e-01
1.6910000000e+03,5.5849071905e-01
1.7000000000e+03,5.0476408823e-01
1.7180000000e+03,4.5606326502e-01
1.7470000000e+03,7.6793654675e-01
1.7870000000e+03,7.5852771015e-01
1.8260000000e+03,6.9362223345e-01
1.8510000000e+03,6.3173649040e-01
1.8520000000e+03,5.6943710228e-01
1.8230000000e+03,5.2326926951e-01
1.7720000000e+03,4.7317034154e-01
1.7170000000e+03,9.0769287468e-01
1.6750000000e+03,9.0703370402e-01
1.6570000000e+03,8.2564316496e-01
1.6580000000e+03,7.4155331053e-01
1.6700000000e+03,6.8709470454e-01
1.6870000000e+03,6.3966856353e-01
1.7090000000e+03,5.7213279609e-01
1.7380000000e+03,5.5858662145e-01
1.7710000000e+03,6.6977175515e-01
1.8020000000e+03,6.1467694962e-01
1.8220000000e+03,5.5333517346e-01
1.8240000000e+03,4.9861101155e-01
1.8070000000e+03,4.5319660751e-01
1.7760000000e+03,4.1875377771e-01
1.7400000000e+03,6.9023534402e-01
1.7100000000e+03,8.3805896120e-01
1.6900000000e+03,7.8279952058e-01
1.6780000000e+03,7.1248347913e-01
1.6710000000e+03,6.5522085285e-01
1.6670000000e+03,6.1655875668e-01
1.6680000000e+03,5.5018613040e-01
1.6800000000e+03,5.4497517625e-01
1.7060000000e+03,9.3841908660e-01
1.7390000000e+03,8.6412106030e-01
1.7670000000e+03,7.7129155466e-01
1.7720000000e+03,6.9218976479e-01
1.7480000000e+03,6.3047180156e-01
1.7060000000e+03,5.6841055657e-01
1.6640000000e+03,5.6724712613e-01
1.6410000000e+03,9.4143326724e-01
1.6380000000e+03,8.7958574223e-01
1.6470000000e+03,7.8459317488e-01
1.6570000000e+03,7.0317965859e-01
1.6640000000e+03,6.2906921564e-01
1.6690000000e+03,5.7303008387e-01
1.6760000000e+03,5.5502641810e-01
1.6880000000e+03,9.3977937426e-01
1.7000000000e+03,8.7228654185e-01
1.7000000000e+03,7.8117474986e-01
1.6800000000e+03,6.9994395968e-01
1.6460000000e+03,6.6375261409e-01
1.6130000000e+03,6.0198577791e-01
1.5970000000e+03,5.8382266210e-01
1.6040000000e+03,9.4367652210e-01
1.6320000000e+03,8.8726623719e-01
1.6670000000e+03,8.0793370581e-01
1.6950000000e+03,7.2703768366e-01
1.7070000000e+03,6.5156691736e-01
1.7040000000e+03,5.8156046693e-01
1.7000000000e+03,5.6038058031e-01
1.7080000000e+03,9.4050398132e-01
1.7350000000e+03,8.7967054489e-01
1.7760000000e+03,7.8643282717e-01
1.8150000000e+03,7.0317347885e-01
1.8350000000e+03,6.3840377063e-01
1.8310000000e+03,5.9606330840e-01
1.8060000000e+03,5.4863234930e-01
1.7740000000e+03,8.4072606913e-01
1.7470000000e+03,8.2638482560e-01
1.7310000000e+03,7.6130854138e-01
1.7240000000e+03,6.8301800045e-01
1.7220000000e+03,6.3342297422e-01
1.7220000000e+03,5.7234932633e-01
1.7250000000e+03,5.1902477569e-01
1.7380000000e+03,9.2150639972e-01
1.7630000000e+03,8.7790151497e-01
1.7950000000e+03,7.8602388416e-01
1.8250000000e+03,7.0121583547e-01
1.8450000000e+03,6.3814969228e-01
1.8520000000e+03,5.8705626493e-01
1.8480000000e+03,5.4424788994e-01
1.8340000000e+03,8.9123541559e-01
1.8130000000e+03,8.7532848542e-01
1.7870000000e+03,7.8837942744e-01
1.7600000000e+03,7.1163967929e-01
1.7400000000e+03,7.1489002659e-01
1.7380000000e+03,6.7584321030e-01
1.7610000000e+03,6.0299908147e-01
1.8130000000e+03,7.9547345347e-01
1.8880000000e+03,7.9357414263e-01
1.9700000000e+03,7.1188762113e-01
2.0390000000e+03,6.3731666683e-01
2.0750000000e+03,5.7669972121e-01
2.0680000000e+03,5.2538830302e-01
2.0270000000e+03,4.7946252301e-01
1.9750000000e+03,8.7986775352e-01
1.9380000000e+03,8.7531063977e-01
1.9270000000e+03,7.9076846478e-01
1.9270000000e+03,7.0741605678e-01
1.9220000000e+03,6.3398873520e-01
1.9040000000e+03,5.7977770006e-01
1.8870000000e+03,5.2047680154e-01
1.8870000000e+03,6.2920978678e-01
1.9120000000e+03,8.8281707406e-01
1.9540000000e+03,7.9467079005e-01
1.9990000000e+03,7.1043845703e-01
2.0330000000e+03,9.0710646530e-01
2.0490000000e+03,8.4397865918e-01
2.0430000000e+03,7.5420395140e-01
2.0200000000e+03,8.6386896905e-01
1.9930000000e+03,9.1625621250e-01
1.9690000000e+03,8.2970565065e-01
1.9450000000e+03,7.4464968307e-01
1.9170000000e+03,6.6707130955e-01
1.8930000000e+03,6.0140809726e-01
1.8890000000e+03,5.4254073388e-01
1.9200000000e+03,8.8370041684e-01
1.9890000000e+03,9.3034257132e-01
2.0780000000e+03,8.4772172228e-01
2.1660000000e+03,7.5920408566e-01
2.2330000000e+03,6.8449629690e-01
2.2330000000e+03,6.1882712880e-01
2.2330000000e+03,5.5672714664e-01
2.2330000000e+03,6.9808271681e-01
2.2270000000e+03,9.3841674397e-01
2.1900000000e+03,8.6486880749e-01
2.1480000000e+03,7.7818724989e-01
2.1090000000e+03,7.2914633779e-01
2.0830000000e+03,6.8900906263e-01
2.0880000000e+03,6.2139563007e-01
2.1370000000e+03,5.8701854316e-01
2.2250000000e+03,9.4410903757e-01
2.2330000000e+03,8.6915810703e-01
2.2330000000e+03,7.7800659035e-01
2.2330000000e+03,6.9536994784e-01
2.2330000000e+03,6.3315700945e-01
2.2330000000e+03,5.8061526913e-01
2.2330000000e+03,6.4551846219e-01
2.2330000000e+03,9.5202614068e-01
2.2330000000e+03,8.8227203442e-01
2.2150000000e+03,7.8926909713e-01
2.1520000000e+03,7.1106637537e-01
2.0930000000e+03,7.0355904013e-01
2.0700000000e+03,6.3262671654e-01
2.1000000000e+03,5.7612422497e-01
2.1680000000e+03,9.4263465193e-01
2.2330000000e+03,8.8477010484e-01
2.2330000000e+03,7.8925778796e-01
2.2330000000e+03,7.0689272936e-01
2.2330000000e+03,6.3745205935e-01
2.2330000000e+03,5.7831067466e-01
2.2330000000e+03,5.6613557513e-01
2.2330000000e+03,9.4128283517e-01
2.2330000000e+03,8.8408706332e-01
2.2330000000e+03,7.9309781602e-01
2.2330000000e+03,7.0938985859e-01
2.2330000000e+03,6.5309857277e-01
2.2330000000e+03,5.9960905513e-01
2.2330000000e+03,5.5006783714e-01
2.2330000000e+03,8.9757651108e-01
2.2330000000e+03,8.5699171896e-01
2.2330000000e+03,7.7012298187e-01
2.2330000000e+03,6.9844101334e-01
2.2330000000e+03,8.7576519106e-01
2.2330000000e+03,7.9979557314e-01
2.1400000000e+03,7.1453931753e-01
2.0590000000e+03,9.2662224924e-01
2.0150000000e+03,8.9944010320e-01
1.9940000000e+03,8.0453031948e-01
1.9780000000e+03,7.1769482044e-01
1.9580000000e+03,6.5299407021e-01
1.9460000000e+03,6.0658511881e-01
1.9610000000e+03,5.5308039166e-01
2.0140000000e+03,9.3130502882e-01
2.0930000000e+03,9.0967293077e-01
2.1720000000e+03,8.1600305598e-01
2.2270000000e+03,7.2959337998e-01
2.2330000000e+03,6.5834699607e-01
2.2330000000e+03,6.0156170940e-01
2.2330000000e+03,5.5451718316e-01
2.2330000000e+03,8.6167550656e-01
2.2330000000e+03,8.5121401278e-01
2.2330000000e+03,7.6439549903e-01
2.2330000000e+03,6.8290264983e-01
2.2330000000e+03,6.4740102344e-01
2.2330000000e+03,6.0448382524e-01
2.2330000000e+03,5.4994015247e-01
2.2330000000e+03,6.9092675156e-01
2.2330000000e+03,8.2109050904e-01
2.2330000000e+03,7.3752425204e-01
2.2330000000e+03,6.6015993071e-01
2.2330000000e+03,6.0595283281e-01
2.2330000000e+03,5.5725602417e-01
2.2330000000e+03,5.2515264083e-01
2.1260000000e+03,6.0160179210e-01
1.9830000000e+03,8.8326495592e-01
1.8830000000e+03,8.0180888855e-01
1.8240000000e+03,7.1844451618e-01
1.8030000000e+03,6.9381831963e-01
1.8200000000e+03,6.7150822842e-01
1.8750000000e+03,6.0329498485e-01
1.9510000000e+03,5.9156781692e-01
2.0270000000e+03,9.0162939817e-01
2.0800000000e+03,8.1488587369e-01
2.0960000000e+03,7.3059154361e-01
2.0760000000e+03,6.5755001279e-01
2.0290000000e+03,6.0341058546e-01
1.9780000000e+03,5.4303319792e-01
1.9560000000e+03,7.3149326649e-01
1.9850000000e+03,9.5655894550e-01
2.0630000000e+03,8.7357076715e-01
2.1650000000e+03,7.8292982326e-01
2.2330000000e+03,7.0049411707e-01
2.2330000000e+03,6.6696947203e-01
2.2330000000e+03,6.0804713363e-01
2.2330000000e+03,5.8893116050e-01
2.2330000000e+03,9.4436788218e-01
2.2330000000e+03,8.6740027264e-01
2.2330000000e+03,7.7783624973e-01
2.2330000000e+03,7.2681526327e-01
2.2330000000e+03,7.0276451657e-01
2.2330000000e+03,6.3391079717e-01
2.2330000000e+03,6.1497056283e-01
2.1340000000e+03,9.4789193207e-01
2.0170000000e+03,8.6561944915e-01
1.9360000000e+03,7.7775115055e-01
1.8870000000e+03,6.9637021854e-01
1.8630000000e+03,6.5004946611e-01
1.8660000000e+03,5.9318145351e-01
1.9020000000e+03,5.5956251849e-01
1.9690000000e+03,9.4039326869e-01
2.0550000000e+03,8.7658990079e-01
2.1380000000e+03,7.8192087515e-01
2.1910000000e+03,7.0075066288e-01
2.2020000000e+03,6.3265071696e-01
2.1700000000e+03,5.7011984522e-01
2.1100000000e+03,5.5123950246e-01
2.0420000000e+03,9.3926687096e-01
1.9810000000e+03,8.7969869551e-01
1.9310000000e+03,8.0757100799e-01
1.8910000000e+03,7.2990603354e-01
1.8680000000e+03,7.1546065968e-01
1.8740000000e+03,6.5141849295e-01
1.9180000000e+03,5.8369358201e-01
2.0030000000e+03,9.2048736366e-01
2.1150000000e+03,8.8022326702e-01
2.2240000000e+03,7.9059414362e-01
2.2330000000e+03,7.0883755803e-01
2.2330000000e+03,6.3343399984e-01
2.2330000000e+03,5.7481179034e-01
2.2330000000e+03,5.5129379093e-01
2.1930000000e+03,9.2749684196e-01
2.1460000000e+03,8.8571914855e-01
2.0980000000e+03,7.9207182448e-01
2.0430000000e+03,7.0811523413e-01
1.9960000000e+03,8.3042455873e-01
1.9780000000e+03,7.5322889828e-01
2.0040000000e+03,6.7850346931e-01
2.0670000000e+03,8.7524287109e-01
2.1400000000e+03,8.5299276670e-01
2.1970000000e+03,7.6350966333e-01
2.2240000000e+03,6.8573776203e-01
2.2320000000e+03,6.1829621055e-01
2.2330000000e+03,5.6156870668e-01
2.2330000000e+03,5.1860505957e-01
2.2330000000e+03,9.3485027939e-01
2.2330000000e+03,9.1019175230e-01
2.2330000000e+03,8.1692057509e-01
2.2330000000e+03,7.3827552778e-01
2.2330000000e+03,6.6682549486e-01
2.2330000000e+03,6.2103367812e-01
2.2330000000e+03,5.6000861137e-01
2.2330000000e+03,7.9370696866e-01
2.2330000000e+03,7.9058660672e-01
2.2330000000e+03,7.0766446663e-01
2.2330000000e+03,6.3510901139e-01
2.2330000000e+03,9.2920345265e-01
2.2330000000e+03,8.6393431310e-01
2.2330000000e+03,7.8902910572e-01
2.1470000000e+03,7.8337823551e-01
2.0690000000e+03,7.8083193135e-01
2.0230000000e+03,7.0517296920e-01
1.9980000000e+03,6.3285380420e-01
1.9860000000e+03,5.6767850952e-01
1.9950000000e+03,5.3474099526e-01
2.0400000000e+03,4.8500857768e-01
2.1210000000e+03,9.2030658525e-01
2.2170000000e+03,9.0989631406e-01
2.2330000000e+03,8.1739730323e-01
2.2330000000e+03,7.2922251439e-01
2.2330000000e+03,6.5544951757e-01
2.2330000000e+03,5.9298985819e-01
2.1840000000e+03,5.3595325642e-01
2.1350000000e+03,9.2694527731e-01
2.0930000000e+03,9.5466839136e-01
2.0480000000e+03,8.6477016804e-01
1.9980000000e+03,7.7449770890e-01
1.9600000000e+03,7.3246908023e-01
1.9660000000e+03,7.0366627421e-01
2.0350000000e+03,6.2958758114e-01
2.1550000000e+03,6.4359516712e-01
2.2330000000e+03,9.2849009500e-01
2.2330000000e+03,8.4019138081e-01
2.2330000000e+03,7.5228092819e-01
2.2330000000e+03,6.7103689102e-01
2.2330000000e+03,6.0390005691e-01
2.1860000000e+03,5.4028747342e-01
2.1300000000e+03,8.1009271023e-01
2.0900000000e+03,9.7429884315e-01
2.0540000000e+03,8.9459099557e-01
2.0110000000e+03,8.0422505897e-01
1.9680000000e+03,7.4190289649e-01
1.9520000000e+03,7.3014924914e-01
1.9830000000e+03,6.5520653166e-01
2.0570000000e+03,6.0872277093e-01
2.1410000000e+03,9.3195056889e-01
2.1970000000e+03,8.4774952574e-01
2.2020000000e+03,7.5654178620e-01
2.1550000000e+03,6.7525064147e-01
2.0700000000e+03,6.1438424756e-01
1.9680000000e+03,5.5935373369e-01
1.8740000000e+03,7.3891993120e-01
1.8140000000e+03,9.6466665494e-01
1.7970000000e+03,9.0026713867e-01
1.8130000000e+03,8.0344504230e-01
1.8430000000e+03,7.2051096084e-01
1.8800000000e+03,6.8639486060e-01
1.9250000000e+03,6.2037297697e-01
1.9860000000e+03,5.9248099006e-01
2.0520000000e+03,9.4484829937e-01
2.1060000000e+03,8.8133184151e-01
2.1290000000e+03,7.8857319369e-01
2.1180000000e+03,7.0925557052e-01
2.0780000000e+03,7.0402185184e-01
2.0240000000e+03,6.3380192981e-01
1.9690000000e+03,6.0597182333e-01
1.9270000000e+03,9.4667408511e-01
1.9050000000e+03,8.8885994244e-01
1.8970000000e+03,7.9786573066e-01
1.8960000000e+03,7.1610573919e-01
1.9020000000e+03,6.5435753128e-01
1.9270000000e+03,5.9926676154e-01
1.9810000000e+03,5.7978432463e-01
2.0590000000e+03,9.4312999255e-01
2.1380000000e+03,8.9525568867e-01
2.1940000000e+03,7.9953116394e-01
2.2130000000e+03,7.1791828741e-01
2.1990000000e+03,6.4375175135e-01
2.1690000000e+03,5.8312927302e-01
2.1390000000e+03,5.4075820606e-01
2.1200000000e+03,9.3784838174e-01
2.1120000000e+03,9.0300518139e-01
2.1070000000e+03,8.0891827395e-01
2.0990000000e+03,7.2371448320e-01
2.0880000000e+03,7.2040493861e-01
2.0800000000e+03,6.6064406399e-01
2.0840000000e+03,5.9352567132e-01
2.1080000000e+03,8.3541848667e-01
2.1510000000e+03,8.1677281108e-01
2.2000000000e+03,7.3582512228e-01
2.2300000000e+03,6.6313587114e-01
2.2240000000e+03,5.9475111266e-01
2.1840000000e+03,5.3761985372e-01
2.1270000000e+03,4.8935235458e-01
2.0710000000e+03,8.9729737125e-01
2.0210000000e+03,8.8957950966e-01
1.9750000000e+03,8.0299447117e-01
1.9250000000e+03,7.1999169868e-01
1.8800000000e+03,7.6697291251e-01
1.8540000000e+03,7.1207654465e-01
1.8640000000e+03,6.3544096280e-01
1.9120000000e+03,7.2511909341e-01
1.9830000000e+03,7.6032912106e-01
2.0580000000e+03,6.8375790799e-01
2.1200000000e+03,6.1100236788e-01
2.1640000000e+03,5.4895897821e-01
2.2010000000e+03,4.9652655280e-01
2.2330000000e+03,4.5522648185e-01
2.2330000000e+03,8.3804885794e-01
2.2330000000e+03,8.9702934919e-01
2.2330000000e+03,8.1043764444e-01
2.2330000000e+03,7.2554752589e-01
2.2330000000e+03,6.5585288605e-01
2.2330000000e+03,6.1937949603e-01
2.2330000000e+03,5.5908635997e-01
2.2330000000e+03,7.3230328961e-01
2.2330000000e+03,9.2091830586e-01
2.2330000000e+03,8.2490206689e-01
2.2330000000e+03,7.3789767516e-01
2.2330000000e+03,7.7878692559e-01
2.2330000000e+03,7.5383842020e-01
2.2330000000e+03,6.8388451385e-01
2.1380000000e+03,6.5023316783e-01
2.0330000000e+03,9.4326934670e-01
1.9700000000e+03,8.5377409575e-01
1.9330000000e+03,7.6156910720e-01
1.9090000000e+03,6.8312596461e-01
1.8990000000e+03,6.4320846529e-01
1.9150000000e+03,5.8448394155e-01
1.9660000000e+03,7.5412146993e-01
2.0510000000e+03,9.6672395949e-01
2.1490000000e+03,8.8453070786e-01
2.2330000000e+03,7.9059235923e-01
2.2330000000e+03,7.1259704639e-01
2.2330000000e+03,6.4493514938e-01
2.2330000000e+03,5.8299879914e-01
2.2330000000e+03,7.0847621712e-01
2.2330000000e+03,9.5881094307e-01
2.2330000000e+03,8.7808972216e-01
2.2330000000e+03,7.9140967209e-01
2.2330000000e+03,7.1313154405e-01
2.2330000000e+03,6.8749841403e-01
2.2330000000e+03,6.1888180989e-01
2.2330000000e+03,5.8112611506e-01
2.2330000000e+03,9.4331158414e-01
2.2330000000e+03,8.7307510263e-01
2.2330000000e+03,7.8035543674e-01
2.2330000000e+03,7.0291127618e-01
2.2330000000e+03,6.3189560150e-01
2.2330000000e+03,5.9514366169e-01
2.2110000000e+03,5.8143482716e-01
2.0250000000e+03,9.4335336378e-01
1.8850000000e+03,8.9197265443e-01
1.7990000000e+03,7.9573221617e-01
1.7600000000e+03,7.1886534169e-01
1.7560000000e+03,7.1394635233e-01
1.7780000000e+03,6.4571149222e-01
1.8210000000e+03,5.8436131293e-01
1.8770000000e+03,9.4374942056e-01
1.9330000000e+03,8.8409987075e-01
1.9770000000e+03,7.9058037341e-01
1.9970000000e+03,7.0737351447e-01
1.9940000000e+03,6.4047558424e-01
1.9800000000e+03,5.9303810454e-01
1.9750000000e+03,5.6964239817e-01
1.9980000000e+03,9.4175743206e-01
2.0530000000e+03,8.9044846471e-01
2.1290000000e+03,7.9490088614e-01
2.2070000000e+03,7.0988685458e-01
2.2330000000e+03,6.5708465781e-01
2.2330000000e+03,6.0933710751e-01
2.2330000000e+03,5.9507098395e-01
2.2330000000e+03,7.3148354018e-01
2.2330000000e+03,7.1528564294e-01
2.2330000000e+03,6.4256106616e-01
2.2330000000e+03,5.8305277739e-01
2.2330000000e+03,8.5345211313e-01
2.2330000000e+03,7.7634582762e-01
2.2330000000e+03,6.9503754497e-01
2.1700000000e+03,8.7828802443e-01
2.1100000000e+03,8.5157837847e-01
2.0960000000e+03,7.6268252359e-01
2.1120000000e+03,6.8816894913e-01
2.1360000000e+03,6.3499357013e-01
2.1500000000e+03,5.9247333302e-01
2.1570000000e+03,5.4392428445e-01
2.1670000000e+03,8.9852407963e-01
2.1870000000e+03,8.7373959206e-01
2.2110000000e+03,7.8046550448e-01
2.2200000000e+03,6.9768748380e-01
2.1980000000e+03,6.2929724617e-01
2.1410000000e+03,5.7285501384e-01
2.0620000000e+03,5.2220016828e-01
1.9780000000e+03,8.8808763108e-01
1.9090000000e+03,8.7692007948e-01
1.8620000000e+03,7.8832629032e-01
1.8340000000e+03,7.2004721697e-01
1.8230000000e+03,6.6983162444e-01
1.8300000000e+03,6.2703675823e-01
1.8590000000e+03,5.6823120666e-01
1.9130000000e+03,7.0487647796e-01
1.9850000000e+03,7.3047423428e-01
2.0600000000e+03,6.6341947677e-01
2.1190000000e+03,5.9798587267e-01
2.1450000000e+03,5.3615710368e-01
2.1400000000e+03,4.8631659004e-01
2.1190000000e+03,4.7512311133e-01
2.1040000000e+03,7.1370532066e-01
2.1130000000e+03,7.5748252715e-01
2.1500000000e+03,6.9673469742e-01
2.2070000000e+03,6.3040383307e-01
2.2330000000e+03,6.0430090632e-01
2.2330000000e+03,5.7817938694e-01
2.2330000000e+03,5.1850989832e-01
2.2330000000e+03,5.0208435910e-01
2.2330000000e+03,9.1490615361e-01
2.2250000000e+03,8.3526120560e-01
2.2250000000e+03,7.4697028404e-01
2.2330000000e+03,6.7143579799e-01
2.2330000000e+03,6.1807535022e-01
2.2330000000e+03,5.5793163705e-01
2.1890000000e+03,6.6468423357e-01
2.1110000000e+03,9.5461994578e-01
2.0380000000e+03,8.8305956401e-01
1.9890000000e+03,7.9258857849e-01
1.9670000000e+03,7.0973998663e-01
1.9650000000e+03,6.4055985438e-01
1.9820000000e+03,5.7473487102e-01
2.0230000000e+03,5.5695031001e-01
2.0860000000e+03,9.4003974472e-01
2.1590000000e+03,8.6851338017e-01
2.2200000000e+03,7.7840045693e-01
2.2330000000e+03,7.1579898845e-01
2.2330000000e+03,6.6666424476e-01
2.2290000000e+03,6.0823728640e-01
2.2160000000e+03,5.8472863407e-01
2.2250000000e+03,9.0626212903e-01
2.2330000000e+03,8.4669623450e-01
2.2330000000e+03,7.5890326909e-01
2.2330000000e+03,6.7748161630e-01
2.2330000000e+03,6.1994443407e-01
2.2330000000e+03,5.7090634802e-01
2.2330000000e+03,5.2725547270e-01
2.2330000000e+03,7.8302185417e-01
2.2330000000e+03,7.4121123439e-01
2.2330000000e+03,6.8573520077e-01
2.2330000000e+03,6.1697254975e-01
2.2330000000e+03,5.8402964774e-01
2.1910000000e+03,5.4158711358e-01
2.1410000000e+03,5.0075868150e-01
2.1060000000e+03,9.3243503476e-01
2.0920000000e+03,8.8694694322e-01
2.0900000000e+03,8.0262842769e-01
2.0860000000e+03,7.1953825050e-01
2.0750000000e+03,6.8357340880e-01
2.0730000000e+03,6.3862030815e-01
2.1000000000e+03,5.9127042445e-01
2.1640000000e+03,9.4468446713e-01
2.2330000000e+03,8.9440026837e-01
2.2330000000e+03,7.9870347282e-01
2.2330000000e+03,7.1752705590e-01
2.2330000000e+03,6.5513799778e-01
2.2330000000e+03,6.0450547580e-01
2.2330000000e+03,5.6989096964e-01
2.2330000000e+03,7.8962027340e-01
2.2330000000e+03,7.5825012308e-01
2.2330000000e+03,6.8509957613e-01
2.2330000000e+03,6.2829076832e-01
2.2330000000e+03,6.0410195531e-01
2.2330000000e+03,5.5869662111e-01
2.2330000000e+03,5.1367354944e-01
2.2330000000e+03,9.3032510666e-01
2.2330000000e+03,8.8516988310e-01
2.2330000000e+03,7.9431364971e-01
2.2330000000e+03,7.1057680696e-01
2.2330000000e+03,6.5800476230e-01
2.2330000000e+03,6.1615166731e-01
2.2310000000e+03,5.6165318647e-01
2.1910000000e+03,8.7637230313e-01
2.1990000000e+03,8.4952087518e-01
2.2330000000e+03,7.6622876434e-01
2.2330000000e+03,6.8487120601e-01
2.2330000000e+03,6.2206227547e-01
2.1960000000e+03,5.7993007403e-01
2.0930000000e+03,5.5537004585e-01
1.9830000000e+03,6.1158221008e-01
1.8920000000e+03,5.9394732701e-01
1.8330000000e+03,5.4497791231e-01
1.8040000000e+03,5.0071723296e-01
1.7990000000e+03,6.0039977481e-01
1.8130000000e+03,5.8189717855e-01
1.8380000000e+03,5.3991881141e-01
1.8720000000e+03,5.1617632166e-01
1.9110000000e+03,5.0673863382e-01
1.9580000000e+03,4.5885007234e-01
2.0220000000e+03,4.1764483343e-01
2.1110000000e+03,3.8790979760e-01
2.2330000000e+03,3.7121170912e-01
2.2330000000e+03,3.6737594280e-01
2.2330000000e+03,7.0774254523e-01
2.2330000000e+03,7.7241753853e-01
2.2330000000e+03,7.0029782593e-01
2.2330000000e+03,6.2917860393e-01
2.2330000000e+03,5.7044143982e-01
2.2330000000e+03,5.3961546414e-01
2.2330000000e+03,5.1519230760e-01
2.2330000000e+03,5.1008119717e-01
2.2330000000e+03,6.7594307627e-01
2.2330000000e+03,6.2708572409e-01
2.1360000000e+03,5.6811518929e-01
2.0470000000e+03,5.4289220236e-01
2.0180000000e+03,5.2899357082e-01
2.0340000000e+03,4.7726382794e-01
2.0840000000e+03,6.9436141485e-01
2.1550000000e+03,8.8459173330e-01
2.2310000000e+03,8.0661300282e-01
2.2330000000e+03,7.2202481010e-01
2.2330000000e+03,6.5598068206e-01
2.2330000000e+03,5.9364014023e-01
2.2330000000e+03,5.3890916610e-01
2.1860000000e+03,5.2676879105e-01
2.1100000000e+03,9.3595512030e-01
2.0440000000e+03,8.6061502132e-01
1.9940000000e+03,7.7641648448e-01
1.9580000000e+03,7.2179926210e-01
1.9390000000e+03,7.1932739281e-01
1.9460000000e+03,6.4722828783e-01
1.9840000000e+03,6.2703860652e-01
2.0520000000e+03,8.5472024872e-01
2.1310000000e+03,7.8325678494e-01
2.1890000000e+03,6.9878410575e-01
2.1950000000e+03,6.2673062679e-01
2.1370000000e+03,5.7390463124e-01
2.0310000000e+03,5.3105523304e-01
1.9140000000e+03,8.0984077592e-01
1.8200000000e+03,9.7426474755e-01
1.7650000000e+03,8.9208811309e-01
1.7400000000e+03,8.0510985371e-01
1.7280000000e+03,7.2228956736e-01
1.7200000000e+03,6.5439266691e-01
1.7150000000e+03,5.8409806041e-01
1.7180000000e+03,5.4590173155e-01
1.7240000000e+03,5.4585033797e-01
1.7280000000e+03,5.1357015865e-01
1.7200000000e+03,4.6262246361e-01
1.7010000000e+03,4.3623832849e-01
1.6720000000e+03,7.8893155621e-01
1.6410000000e+03,7.1229696882e-01
1.6140000000e+03,6.5089539622e-01
1.5980000000e+03,9.5160904061e-01
1.5990000000e+03,9.0176151768e-01
1.6190000000e+03,8.0904492074e-01
1.6520000000e+03,7.2351047832e-01
1.6860000000e+03,6.5986466955e-01
1.7150000000e+03,5.9161722504e-01
1.7300000000e+03,5.5176847049e-01
1.7320000000e+03,9.0110342740e-01
1.7240000000e+03,8.5263268052e-01
1.7100000000e+03,7.7687934899e-01
1.6930000000e+03,6.9467048076e-01
1.6730000000e+03,6.2183973406e-01
1.6500000000e+03,5.6447583319e-01
1.6290000000e+03,5.2401937238e-01
1.6150000000e+03,9.2285946686e-01
1.6160000000e+03,8.9089861913e-01
1.6270000000e+03,8.0505966423e-01
1.6440000000e+03,7.2082711962e-01
1.6590000000e+03,6.5513944891e-01
1.6740000000e+03,5.9171199447e-01
1.6950000000e+03,5.3993945097e-01
1.7250000000e+03,9.3773757529e-01
1.7630000000e+03,8.9917218488e-01
1.7990000000e+03,8.0413833742e-01
1.8200000000e+03,7.3358787881e-01
1.8200000000e+03,6.6578031753e-01
1.7980000000e+03,6.0393492341e-01
1.7650000000e+03,5.4243127671e-01
1.7320000000e+03,8.2382620217e-01
1.7080000000e+03,8.3206198466e-01
1.6950000000e+03,7.4959016778e-01
1.6870000000e+03,6.7057175804e-01
1.6830000000e+03,6.3709074242e-01
1.6830000000e+03,5.9114313758e-01
1.6890000000e+03,5.3713746087e-01
1.7060000000e+03,9.3735836717e-01
1.7320000000e+03,9.1412267062e-01
1.7610000000e+03,8.2648579322e-01
1.7780000000e+03,7.3840872739e-01
1.7670000000e+03,6.6577679083e-01
1.7300000000e+03,6.0239094234e-01
1.6830000000e+03,5.4034758417e-01
1.6520000000e+03,8.5161290910e-01
1.6530000000e+03,8.7622345000e-01
1.6870000000e+03,8.0296419544e-01
1.7380000000e+03,7.1766699731e-01
1.7880000000e+03,6.4638008059e-01
1.8260000000e+03,5.8514062662e-01
1.8500000000e+03,5.2653650787e-01
1.8630000000e+03,5.1771245037e-01
1.8630000000e+03,7.2713212052e-01
1.8460000000e+03,6.6774990979e-01
1.8110000000e+03,6.2456853859e-01
1.7650000000e+03,6.8603258373e-01
1.7180000000e+03,6.4777369351e-01
1.6800000000e+03,5.8432996743e-01
1.6590000000e+03,6.1095182316e-01
1.6560000000e+03,9.0407444499e-01
1.6660000000e+03,8.2287672441e-01
1.6770000000e+03,7.3504205586e-01
1.6830000000e+03,6.5565976413e-01
1.6860000000e+03,5.8687166812e-01
1.6960000000e+03,5.2722189024e-01
1.7190000000e+03,6.1538193858e-01
1.7570000000e+03,9.4190469778e-01
1.8010000000e+03,8.8434945808e-01
1.8410000000e+03,7.9174864477e-01
1.8640000000e+03,7.0624221504e-01
1.8620000000e+03,6.3828677983e-01
1.8380000000e+03,5.7291574167e-01
1.8000000000e+03,6.1758129665e-01
1.7620000000e+03,9.4824525647e-01
1.7320000000e+03,8.7782177198e-01
1.7130000000e+03,7.8792991891e-01
1.7040000000e+03,7.1003001676e-01
1.7070000000e+03,6.6780777437e-01
1.7210000000e+03,6.0109382294e-01
1.7450000000e+03,5.5431450270e-01
1.7730000000e+03,7.9279648063e-01
1.7930000000e+03,7.3465085576e-01
1.7960000000e+03,6.6492255257e-01
1.7780000000e+03,5.9549496556e-01
1.7440000000e+03,5.3684411862e-01
1.7070000000e+03,4.8043914030e-01
1.6780000000e+03,5.1057945309e-01
1.6630000000e+03,8.6676687795e-01
1.6620000000e+03,8.1805438787e-01
1.6700000000e+03,7.5885641356e-01
1.6810000000e+03,6.9716921478e-01
1.6920000000e+03,6.6371142232e-01
1.7040000000e+03,5.9994531000e-01
1.7200000000e+03,5.6761509275e-01
1.7390000000e+03,8.0632503818e-01
1.7590000000e+03,7.6873223266e-01
1.7740000000e+03,7.0510487846e-01
1.7740000000e+03,6.2977802926e-01
1.7540000000e+03,5.7091825127e-01
1.7170000000e+03,5.1743866499e-01
1.6780000000e+03,4.9210396343e-01
1.6520000000e+03,9.1086108509e-01
1.6480000000e+03,8.7359145281e-01
1.6610000000e+03,7.8001324738e-01
1.6810000000e+03,6.9824911242e-01
1.7020000000e+03,6.2408069877e-01
1.7260000000e+03,5.6346667181e-01
1.7570000000e+03,5.2768764189e-01
1.7920000000e+03,8.9620039876e-01
1.8220000000e+03,8.4115707015e-01
1.8360000000e+03,7.5574753391e-01
1.8340000000e+03,6.7631677657e-01
1.8230000000e+03,9.3582739435e-01
1.8170000000e+03,8.5903067453e-01
1.8280000000e+03,7.9156290761e-01
1.8670000000e+03,8.0926103704e-01
1.9330000000e+03,7.8717710710e-01
2.0100000000e+03,7.0900695941e-01
2.0670000000e+03,6.3463140062e-01
2.0810000000e+03,5.7136115574e-01
2.0550000000e+03,5.1427818862e-01
2.0130000000e+03,4.7917954989e-01
1.9840000000e+03,9.2951461687e-01
1.9850000000e+03,9.0139431993e-01
2.0090000000e+03,8.1555202652e-01
2.0310000000e+03,7.2749068757e-01
2.0310000000e+03,6.5487168588e-01
2.0010000000e+03,5.8809159359e-01
1.9510000000e+03,5.6207906446e-01
1.8950000000e+03,9.4073384615e-01
1.8460000000e+03,9.2163532398e-01
1.8070000000e+03,8.3038279610e-01
1.7830000000e+03,7.5007610558e-01
1.7700000000e+03,7.2449604149e-01
1.7700000000e+03,6.7650217405e-01
1.7800000000e+03,6.0384660479e-01
1.8010000000e+03,6.7630527298e-01
1.8300000000e+03,7.3899288424e-01
1.8610000000e+03,6.6625526267e-01
1.8830000000e+03,5.9534829743e-01
1.8910000000e+03,5.4109667398e-01
1.8840000000e+03,5.0472055649e-01
1.8660000000e+03,4.6879770209e-01
1.8420000000e+03,6.4686398066e-01
1.8160000000e+03,9.1065217335e-01
1.7960000000e+03,8.2293838497e-01
1.7860000000e+03,7.3661238060e-01
1.7900000000e+03,7.0609299204e-01
1.8120000000e+03,6.7278121395e-01
1.8550000000e+03,6.0023190507e-01
1.9230000000e+03,7.4616273401e-01
2.0110000000e+03,9.1441679803e-01
2.1020000000e+03,8.3197461709e-01
2.1740000000e+03,7.4212390550e-01
2.2060000000e+03,6.9249362063e-01
2.1920000000e+03,6.4121376041e-01
2.1390000000e+03,5.8092336370e-01
2.0680000000e+03,6.0486218385e-01
2.0020000000e+03,9.0916754610e-01
1.9570000000e+03,8.2269273377e-01
1.9330000000e+03,7.3816687339e-01
1.9270000000e+03,6.7168456222e-01
1.9360000000e+03,6.0284330259e-01
1.9660000000e+03,5.4096898775e-01
2.0170000000e+03,6.9188686732e-01
2.0810000000e+03,9.5830142192e-01
2.1370000000e+03,8.7965726625e-01
2.1640000000e+03,7.8945016023e-01
2.1540000000e+03,7.3030888673e-01
2.1170000000e+03,7.1257291289e-01
2.0640000000e+03,6.3956515639e-01
2.0100000000e+03,6.0343357038e-01
1.9620000000e+03,9.4633056993e-01
1.9210000000e+03,8.6898564704e-01
1.8840000000e+03,7.7564058318e-01
1.8500000000e+03,6.9337074629e-01
1.8310000000e+03,6.2469623178e-01
1.8430000000e+03,5.5973956170e-01
1.8970000000e+03,5.5895996471e-01
1.9840000000e+03,9.4031172191e-01
2.0850000000e+03,8.6864907242e-01
2.1730000000e+03,7.7591576506e-01
2.2300000000e+03,7.1053475332e-01
2.2330000000e+03,6.7711169464e-01
2.2160000000e+03,6.0948898674e-01
2.1550000000e+03,5.6435128092e-01
2.0790000000e+03,9.4104135721e-01
2.0060000000e+03,8.7982153385e-01
1.9430000000e+03,7.8713223992e-01
1.8910000000e+03,7.1801832790e-01
1.8520000000e+03,6.5047209658e-01
1.8320000000e+03,5.8755637113e-01
1.8390000000e+03,5.5374299338e-01
1.8670000000e+03,9.3960568161e-01
1.9020000000e+03,8.9051458614e-01
1.9300000000e+03,7.9788679024e-01
1.9400000000e+03,7.1352464657e-01
1.9310000000e+03,6.4579542605e-01
1.9080000000e+03,5.8814301155e-01
1.8780000000e+03,5.4555375853e-01
1.8460000000e+03,7.8082676950e-01
1.8140000000e+03,7.5732445306e-01
1.7820000000e+03,6.8531099236e-01
1.7520000000e+03,6.1831359841e-01
1.7270000000e+03,6.2312355124e-01
1.7150000000e+03,5.7087010442e-01
1.7220000000e+03,5.3744067189e-01
1.7530000000e+03,9.3739940232e-01
1.8050000000e+03,8.9856878481e-01
1.8650000000e+03,8.0187863258e-01
1.9100000000e+03,7.1638429694e-01
1.9190000000e+03,6.4523814681e-01
1.8830000000e+03,5.8800204310e-01
1.8140000000e+03,5.5980992078e-01
1.7400000000e+03,8.8036253728e-01
1.6850000000e+03,8.6978148946e-01
1.6600000000e+03,7.8746087078e-01
1.6600000000e+03,7.0339657979e-01
1.6710000000e+03,6.4127364597e-01
1.6890000000e+03,5.8181426521e-01
1.7100000000e+03,5.2566783102e-01
1.7310000000e+03,5.2952336002e-01
1.7440000000e+03,5.2224646532e-01
1.7420000000e+03,4.8065908891e-01
1.7250000000e+03,4.3808945583e-01
1.6960000000e+03,4.3500435255e-01
1.6650000000e+03,4.1446104113e-01
1.6410000000e+03,3.7342368012e-01
1.6340000000e+03,7.7713285534e-01
1.6510000000e+03,9.0106440085e-01
1.6870000000e+03,8.1337166879e-01
1.7270000000e+03,7.2780303353e-01
1.7580000000e+03,6.5364992389e-01
1.7770000000e+03,5.8715882115e-01
1.7920000000e+03,5.2804552601e-01
1.8190000000e+03,9.3612790759e-01
1.8630000000e+03,9.1591790150e-01
1.9180000000e+03,8.2901908678e-01
1.9650000000e+03,7.4524836310e-01
1.9870000000e+03,6.7017647976e-01
1.9710000000e+03,6.0554760625e-01
1.9230000000e+03,5.4690644386e-01
1.8590000000e+03,8.7977308256e-01
1.7980000000e+03,9.5973425937e-01
1.7530000000e+03,8.7277441106e-01
1.7230000000e+03,7.7851744662e-01
1.7050000000e+03,6.9951724805e-01
1.6970000000e+03,6.4148065734e-01
1.7020000000e+03,5.8652541453e-01
1.7250000000e+03,7.5792721906e-01
1.7630000000e+03,9.1834633087e-01
1.8070000000e+03,8.3214405789e-01
1.8420000000e+03,7.4633609590e-01
1.8570000000e+03,6.7537228836e-01
1.8440000000e+03,6.1218023794e-01
1.8120000000e+03,5.5168587060e-01
1.7720000000e+03,5.4907975910e-01
1.7380000000e+03,9.1468220712e-01
1.7140000000e+03,8.5123683124e-01
1.7010000000e+03,7.6500972183e-01
1.6940000000e+03,6.9778843030e-01
1.6890000000e+03,6.4863681991e-01
1.6880000000e+03,5.8459670829e-01
1.6920000000e+03,5.7648188194e-01
1.7100000000e+03,9.4268305554e-01
1.7400000000e+03,8.7322063119e-01
1.7740000000e+03,7.7929223426e-01
1.7920000000e+03,6.9812500806e-01
1.7800000000e+03,6.3071127322e-01
1.7390000000e+03,5.7716948718e-01
1.6840000000e+03,6.3381790904e-01
1.6380000000e+03,9.2798302195e-01
1.6160000000e+03,8.7986309664e-01
1.6190000000e+03,7.9436603854e-01
1.6380000000e+03,7.0857693829e-01
1.6620000000e+03,6.3377993275e-01
1.6840000000e+03,5.7346904272e-01
1.6990000000e+03,5.3858304128e-01
1.7060000000e+03,8.3646450366e-01
1.7030000000e+03,7.7956792651e-01
1.6910000000e+03,6.9848693606e-01
1.6740000000e+03,6.7404691757e-01
1.6550000000e+03,6.6590882009e-01
1.6380000000e+03,5.9889147333e-01
1.6270000000e+03,5.5057529028e-01
1.6240000000e+03,9.3860576666e-01
1.6310000000e+03,9.0106479776e-01
1.6460000000e+03,8.2113552754e-01
1.6640000000e+03,7.3306850548e-01
1.6850000000e+03,6.5813824490e-01
1.7080000000e+03,5.9131351611e-01
1.7390000000e+03,5.4322895528e-01
1.7780000000e+03,8.4325936557e-01
1.8190000000e+03,8.0158607374e-01
1.8510000000e+03,7.2327631171e-01
1.8610000000e+03,6.5299709986e-01
1.8410000000e+03,5.9244167055e-01
1.7940000000e+03,5.5263528586e-01
1.7350000000e+03,5.0734618427e-01
1.6840000000e+03,9.2838386466e-01
1.6560000000e+03,8.9856582011e-01
1.6510000000e+03,8.1597593120e-01
1.6630000000e+03,7.3830794477e-01
1.6780000000e+03,6.8186186679e-01
1.6940000000e+03,6.1674463824e-01
1.7100000000e+03,5.5223801340e-01
1.7300000000e+03,6.4584677949e-01
1.7550000000e+03,6.3029726841e-01
1.7800000000e+03,5.8821689888e-01
1.7940000000e+03,5.3194972226e-01
1.7900000000e+03,4.8385831835e-01
1.7650000000e+03,4.4722967893e-01
1.7300000000e+03,4.1369451074e-01
1.6980000000e+03,8.5600388038e-01
1.6790000000e+03,8.4668912855e-01
1.6740000000e+03,7.7782280805e-01
1.6750000000e+03,7.0021634244e-01
1.6760000000e+03,6.4479604651e-01
1.6760000000e+03,5.8412034770e-01
1.6800000000e+03,5.2222512808e-01
1.6920000000e+03,8.9268886253e-01
1.7150000000e+03,8.9008531777e-01
1.7430000000e+03,8.0225107078e-01
1.7640000000e+03,7.1561041119e-01
1.7680000000e+03,6.4660164065e-01
1.7500000000e+03,5.8309598774e-01
1.7170000000e+03,5.3188165779e-01
1.6820000000e+03,8.2975440084e-01
1.6580000000e+03,9.2883021680e-01
1.6490000000e+03,8.4409632067e-01
1.6490000000e+03,7.5524049625e-01
1.6550000000e+03,6.7374352216e-01
1.6620000000e+03,6.0307676815e-01
1.6720000000e+03,5.3796754641e-01
1.6890000000e+03,9.1180314844e-01
1.7090000000e+03,9.0553816007e-01
1.7210000000e+03,8.1816339359e-01
1.7130000000e+03,7.3331875569e-01
1.6820000000e+03,6.7489576503e-01
1.6400000000e+03,6.1395880148e-01
1.6080000000e+03,5.5522888522e-01
1.5980000000e+03,7.1650299903e-01
1.6100000000e+03,9.5137960118e-01
1.6380000000e+03,8.6777589865e-01
1.6690000000e+03,7.7770809459e-01
1.6910000000e+03,6.9778773375e-01
1.7030000000e+03,6.2461238891e-01
1.7140000000e+03,5.5777607840e-01
1.7360000000e+03,9.4015150032e-01
1.7740000000e+03,9.3372841319e-01
1.8200000000e+03,8.4586855033e-01
1.8570000000e+03,7.5451733648e-01
1.8690000000e+03,6.7321208014e-01
1.8500000000e+03,6.1040241325e-01
1.8110000000e+03,5.5815772428e-01
1.7640000000e+03,6.0529311570e-01
1.7240000000e+03,9.4658223202e-01
1.6990000000e+03,8.9073475477e-01
1.6920000000e+03,8.0782846830e-01
1.6990000000e+03,7.2932069594e-01
1.7150000000e+03,6.8290422071e-01
1.7350000000e+03,6.0931511333e-01
1.7580000000e+03,5.6314152906e-01
1.7860000000e+03,9.3666596027e-01
1.8170000000e+03,8.5910508060e-01
1.8460000000e+03,7.6802058389e-01
1.8650000000e+03,6.9072247126e-01
1.8690000000e+03,6.2653382963e-01
1.8560000000e+03,5.7224607685e-01
1.8320000000e+03,5.6739101536e-01
1.8030000000e+03,9.4145274053e-01
1.7780000000e+03,8.8257857238e-01
1.7610000000e+03,7.9298142794e-01
1.7520000000e+03,7.1384673117e-01
1.7540000000e+03,6.9187294921e-01
1.7720000000e+03,6.1992588821e-01
1.8120000000e+03,5.7961604157e-01
1.8760000000e+03,9.4310721792e-01
1.9580000000e+03,8.9277763008e-01
2.0420000000e+03,7.9636037923e-01
2.1080000000e+03,7.1449724799e-01
2.1370000000e+03,6.4421204627e-01
2.1210000000e+03,5.8364098522e-01
2.0730000000e+03,5.7015724074e-01
2.0210000000e+03,9.4182710843e-01
1.9870000000e+03,8.9178071058e-01
1.9720000000e+03,7.9687038663e-01
1.9630000000e+03,7.1498393864e-01
1.9440000000e+03,6.4352027124e-01
1.9220000000e+03,5.8443225210e-01
1.9130000000e+03,5.3448022774e-01
1.9380000000e+03,8.5507704233e-01
1.9970000000e+03,8.2177729967e-01
2.0700000000e+03,7.3544836428e-01
2.1300000000e+03,6.5724477322e-01
2.1550000000e+03,7.1793366983e-01
2.1340000000e+03,6.5510329544e-01
2.0730000000e+03,5.9656862961e-01
1.9910000000e+03,9.2877707270e-01
1.9130000000e+03,9.0456269047e-01
1.8590000000e+03,8.1114872675e-01
1.8320000000e+03,7.2879079265e-01
1.8270000000e+03,6.5168935133e-01
1.8440000000e+03,5.9021960322e-01
1.8850000000e+03,5.4243763958e-01
1.9540000000e+03,9.3807566835e-01
2.0500000000e+03,9.1702601729e-01
2.1570000000e+03,8.1949667526e-01
2.2330000000e+03,7.3168002806e-01
2.2330000000e+03,6.5955684325e-01
2.2330000000e+03,5.9756365045e-01
2.2330000000e+03,5.5490284223e-01
2.2330000000e+03,8.9431841594e-01
2.2330000000e+03,8.7597825982e-01
2.2030000000e+03,7.8695451728e-01
2.1570000000e+03,7.1185807426e-01
2.1320000000e+03,6.8361596117e-01
2.1410000000e+03,6.4420997752e-01
2.1860000000e+03,5.8216655675e-01
2.2330000000e+03,5.4993310288e-01
2.2330000000e+03,5.4819261825e-01
2.2330000000e+03,5.0336422513e-01
2.2330000000e+03,4.6282994880e-01
2.2330000000e+03,4.3113411945e-01
2.2330000000e+03,4.0023857024e-01
2.2330000000e+03,3.7353866858e-01
2.2060000000e+03,4.6017767904e-01
2.1580000000e+03,4.5683616517e-01
2.1410000000e+03,4.3902766415e-01
2.1520000000e+03,4.1594079369e-01
2.1740000000e+03,4.1578535218e-01
2.1840000000e+03,4.0724334265e-01
2.1720000000e+03,3.7852168761e-01
2.1440000000e+03,4.3866414808e-01
2.1160000000e+03,4.5566206260e-01
2.1010000000e+03,4.1907116890e-01
2.1050000000e+03,3.8858746353e-01
2.1240000000e+03,3.8210336823e-01
2.1510000000e+03,3.6302093380e-01
2.1840000000e+03,3.3461015973e-01
2.2190000000e+03,3.5184864691e-01
2.2330000000e+03,5.2281025924e-01
2.2330000000e+03,4.8344963711e-01
2.2330000000e+03,4.4236077715e-01
2.2330000000e+03,4.0959251204e-01
2.2330000000e+03,3.8757640403e-01
2.2330000000e+03,3.5291565264e-01
2.2330000000e+03,3.4187949468e-01
2.2330000000e+03,9.1093307501e-01
2.2330000000e+03,8.6221368741e-01
2.2330000000e+03,7.7181486020e-01
2.2330000000e+03,6.8855543410e-01
2.2330000000e+03,6.2767835283e-01
2.2330000000e+03,5.8966328467e-01
2.2330000000e+03,5.6167869236e-01
2.1910000000e+03,5.5045361497e-01
2.1230000000e+03,5.3133656981e-01
2.0770000000e+03,4.8088849941e-01
2.0480000000e+03,4.3865667287e-01
2.0280000000e+03,4.5336360224e-01
2.0070000000e+03,4.2881636473e-01
1.9850000000e+03,4.1399933623e-01
1.9720000000e+03,9.2069343419e-01
1.9770000000e+03,8.5046543002e-01
2.0050000000e+03,7.6117657507e-01
2.0460000000e+03,6.8661009073e-01
2.0860000000e+03,6.5016756713e-01
2.1120000000e+03,6.0142008479e-01
2.1210000000e+03,5.6484985982e-01
2.1190000000e+03,5.4722989759e-01
2.1080000000e+03,5.6960958616e-01
2.0900000000e+03,5.1318320414e-01
2.0610000000e+03,4.6845942738e-01
2.0330000000e+03,5.8420683624e-01
2.0250000000e+03,6.4054902562e-01
2.0530000000e+03,5.9146953356e-01
2.1170000000e+03,5.7507119518e-01
2.1980000000e+03,5.5559774744e-01
2.2330000000e+03,5.0057269139e-01
2.2330000000e+03,4.6428300971e-01
2.2330000000e+03,4.2944646040e-01
2.2330000000e+03,4.0196039815e-01
2.2170000000e+03,3.8155666446e-01
2.1580000000e+03,5.4145068904e-01
2.1100000000e+03,5.3612616528e-01
2.0790000000e+03,4.9215350930e-01
2.0590000000e+03,4.7825059195e-01
2.0380000000e+03,6.2366246361e-01
2.0060000000e+03,5.7761772383e-01
1.9660000000e+03,5.3015299625e-01
1.9330000000e+03,8.8522611853e-01
1.9170000000e+03,8.2828999769e-01
1.9250000000e+03,7.5037004075e-01
1.9500000000e+03,6.8339055872e-01
1.9870000000e+03,6.3303116789e-01
2.0260000000e+03,5.8399658729e-01
2.0600000000e+03,5.4400440176e-01
2.0830000000e+03,5.3834771650e-01
2.0890000000e+03,5.1932603890e-01
2.0810000000e+03,4.7586116089e-01
2.0630000000e+03,4.3444898702e-01
2.0500000000e+03,4.1592743146e-01
2.0560000000e+03,3.9351221353e-01
2.0900000000e+03,3.8896853310e-01
2.1500000000e+03,7.7396144226e-01
2.2250000000e+03,7.5371542234e-01
2.2330000000e+03,6.8155141559e-01
2.2330000000e+03,6.1664932042e-01
2.2330000000e+03,5.6837189378e-01
2.2330000000e+03,5.2589110907e-01
2.2330000000e+03,4.9699749364e-01
2.2330000000e+03,4.5951261499e-01
2.2310000000e+03,4.9637825647e-01
2.1790000000e+03,4.6500003435e-01
2.1410000000e+03,4.1967552514e-01
2.1130000000e+03,5.0224706201e-01
2.0850000000e+03,6.6447620789e-01
2.0510000000e+03,6.0057416844e-01
2.0150000000e+03,5.8912963064e-01
1.9870000000e+03,6.7177425356e-01
1.9790000000e+03,6.1348903776e-01
1.9940000000e+03,5.5914059672e-01
2.0260000000e+03,5.1344205197e-01
2.0630000000e+03,4.7465794383e-01
2.0960000000e+03,4.4047677695e-01
2.1210000000e+03,4.1415455621e-01
2.1340000000e+03,8.0501547466e-01
2.1320000000e+03,7.4959570032e-01
2.1070000000e+03,6.8116515925e-01
2.0660000000e+03,6.3909545121e-01
2.0260000000e+03,6.0545583894e-01
2.0080000000e+03,5.7082996662e-01
2.0160000000e+03,5.6660140886e-01
2.0380000000e+03,7.2241758481e-01
2.0530000000e+03,6.6054157677e-01
2.0430000000e+03,5.9170516852e-01
2.0070000000e+03,5.3948520336e-01
1.9580000000e+03,4.8783648848e-01
1.9090000000e+03,4.4919866214e-01
1.8690000000e+03,4.4236977613e-01
1.8390000000e+03,5.7557534365e-01
1.8180000000e+03,5.4842820615e-01
1.8050000000e+03,5.0309641447e-01
1.7990000000e+03,4.7790997301e-01
1.8000000000e+03,4.5947454988e-01
1.8090000000e+03,4.3248634333e-01
1.8310000000e+03,6.7401547661e-01
1.8710000000e+03,6.6549508974e-01
1.9340000000e+03,6.0253919343e-01
2.0140000000e+03,5.4923890681e-01
2.0920000000e+03,5.2780025094e-01
2.1510000000e+03,4.9401256595e-01
2.1780000000e+03,4.4809236104e-01
2.1770000000e+03,4.1743661978e-01
2.1580000000e+03,7.8754348987e-01
2.1340000000e+03,7.3668668266e-01
2.1200000000e+03,6.6391822667e-01
2.1260000000e+03,6.1559104428e-01
2.1640000000e+03,5.9306449840e-01
2.2330000000e+03,5.3904439327e-01
2.2330000000e+03,5.1342531937e-01
2.2330000000e+03,9.3414927778e-01
2.2330000000e+03,8.6525843538e-01
2.2330000000e+03,7.7208514687e-01
2.2330000000e+03,6.9253560119e-01
2.2330000000e+03,6.4537549385e-01
2.2330000000e+03,5.9422771267e-01
2.2330000000e+03,5.6391411585e-01
2.2330000000e+03,5.3265662662e-01
2.2330000000e+03,5.9372131206e-01
2.2330000000e+03,5.4407398087e-01
2.2330000000e+03,4.9414049313e-01
2.2330000000e+03,8.0245505314e-01
2.2240000000e+03,7.5237213012e-01
2.1470000000e+03,6.7839253589e-01
2.0790000000e+03,9.3173208201e-01
2.0330000000e+03,8.7538937321e-01
2.0090000000e+03,7.8277181663e-01
2.0010000000e+03,7.0651624004e-01
1.9970000000e+03,6.6903943835e-01
1.9890000000e+03,6.1456811329e-01
1.9760000000e+03,5.6253962966e-01
1.9630000000e+03,5.3590683838e-01
1.9510000000e+03,6.4712174188e-01
1.9370000000e+03,5.9179952905e-01
1.9130000000e+03,5.4562905877e-01
1.8770000000e+03,5.2875700736e-01
1.8380000000e+03,6.0690552054e-01
1.8080000000e+03,5.5565919497e-01
1.7990000000e+03,5.4956969827e-01
1.8170000000e+03,5.7415451329e-01
1.8560000000e+03,5.1953841611e-01
1.9040000000e+03,4.7125139497e-01
1.9400000000e+03,4.2700496474e-01
1.9510000000e+03,3.9646726487e-01
1.9360000000e+03,3.6691251371e-01
1.9080000000e+03,3.5810325398e-01
1.8810000000e+03,7.1905212317e-01
1.8680000000e+03,6.6193781502e-01
1.8700000000e+03,6.1200890990e-01
1.8790000000e+03,6.0433082170e-01
1.8820000000e+03,5.8852108980e-01
1.8790000000e+03,5.3986951726e-01
1.8760000000e+03,8.4073522760e-01
1.8840000000e+03,7.9556008354e-01
1.9070000000e+03,7.1041904739e-01
1.9380000000e+03,6.3435669497e-01
1.9690000000e+03,5.9914989302e-01
1.9910000000e+03,5.6814506396e-01
2.0060000000e+03,5.0977246705e-01
2.0190000000e+03,4.8992363366e-01
2.0340000000e+03,7.7392221032e-01
2.0480000000e+03,7.2066026373e-01
2.0550000000e+03,6.4755022863e-01
2.0530000000e+03,5.9293605305e-01
2.0530000000e+03,5.6765085985e-01
2.0750000000e+03,5.2146053775e-01
2.1320000000e+03,5.0218460770e-01
2.2180000000e+03,9.3262801288e-01
2.2330000000e+03,8.5842028682e-01
2.2330000000e+03,7.6867833710e-01
2.2330000000e+03,6.8909371458e-01
2.2330000000e+03,6.3016361292e-01
2.2330000000e+03,6.1214766867e-01
2.2330000000e+03,5.7065989477e-01
2.2020000000e+03,6.3201108414e-01
2.1420000000e+03,6.0293735024e-01
2.0910000000e+03,5.4270854311e-01
2.0480000000e+03,5.2032562177e-01
2.0100000000e+03,7.7836850859e-01
1.9750000000e+03,7.0965767632e-01
1.9480000000e+03,6.6213016190e-01
1.9370000000e+03,8.6041976021e-01
1.9450000000e+03,7.8045013894e-01
1.9660000000e+03,7.0097600270e-01
1.9880000000e+03,6.6809992837e-01
2.0070000000e+03,6.2198317154e-01
2.0230000000e+03,5.6223730838e-01
2.0390000000e+03,5.0496526849e-01
2.0540000000e+03,6.4003642378e-01
2.0610000000e+03,6.3295965546e-01
2.0500000000e+03,5.7326121785e-01
2.0190000000e+03,5.2116304371e-01
1.9780000000e+03,5.1640382828e-01
1.9430000000e+03,5.1389842231e-01
1.9310000000e+03,4.9068249936e-01
1.9540000000e+03,8.3818986569e-01
1.9990000000e+03,8.0269930592e-01
2.0410000000e+03,7.2135459100e-01
2.0540000000e+03,6.5365921119e-01
2.0300000000e+03,5.8306601753e-01
1.9830000000e+03,5.3890447428e-01
1.9410000000e+03,4.8982272354e-01
1.9180000000e+03,4.7643621346e-01
1.9240000000e+03,5.6587951885e-01
1.9540000000e+03,5.0682098585e-01
1.9970000000e+03,4.6163247121e-01
2.0330000000e+03,7.8758535767e-01
2.0480000000e+03,7.3767254588e-01
2.0410000000e+03,6.7786718027e-01
2.0210000000e+03,7.3319184950e-01
2.0030000000e+03,6.8127596470e-01
1.9910000000e+03,6.1604136321e-01
1.9850000000e+03,5.7713999807e-01
1.9760000000e+03,5.6153982499e-01
1.9610000000e+03,5.2548677154e-01
1.9390000000e+03,4.8253041167e-01
1.9160000000e+03,4.4949663614e-01
1.9000000000e+03,4.7786769576e-01
1.9010000000e+03,4.3997688789e-01
1.9210000000e+03,4.0238248161e-01
1.9650000000e+03,3.7088162895e-01
2.0320000000e+03,3.4258594779e-01
2.1240000000e+03,3.1863979092e-01
2.2330000000e+03,6.2969335187e-01
2.2330000000e+03,8.3786071798e-01
2.2330000000e+03,7.6336150220e-01
2.2330000000e+03,6.8443488611e-01
2.2330000000e+03,6.1651906141e-01
2.2330000000e+03,5.6182906247e-01
2.2330000000e+03,5.3311745718e-01
2.2330000000e+03,5.0667147256e-01
2.2330000000e+03,6.8060818002e-01
2.2330000000e+03,6.3579684849e-01
2.2330000000e+03,5.8316195770e-01
2.2330000000e+03,5.5411555777e-01
2.2330000000e+03,5.3692166441e-01
2.2120000000e+03,4.9876866772e-01
2.1580000000e+03,5.5234028840e-01
2.1110000000e+03,5.4280578055e-01
2.0740000000e+03,4.8875801485e-01
2.0480000000e+03,4.5364661459e-01
2.0310000000e+03,4.4471494260e-01
2.0220000000e+03,4.2121804996e-01
2.0190000000e+03,3.9968497709e-01
2.0220000000e+03,3.7389239535e-01
2.0290000000e+03,6.6401149109e-01
2.0310000000e+03,6.0717572157e-01
2.0180000000e+03,5.4359653263e-01
1.9920000000e+03,5.2455633726e-01
1.9660000000e+03,6.1448435578e-01
1.9530000000e+03,5.7194385317e-01
1.9570000000e+03,5.4827435073e-01
1.9730000000e+03,6.0365732233e-01
1.9920000000e+03,5.5424639859e-01
2.0100000000e+03,4.9945596984e-01
2.0210000000e+03,4.5345310833e-01
2.0200000000e+03,4.1359308581e-01
2.0070000000e+03,3.8361037361e-01
1.9840000000e+03,3.8272094904e-01
1.9590000000e+03,6.1247888339e-01
1.9380000000e+03,5.7013998841e-01
1.9230000000e+03,5.2308771167e-01
1.9120000000e+03,6.1147089489e-01
1.8990000000e+03,6.0338689480e-01
1.8830000000e+03,5.4952232755e-01
1.8690000000e+03,5.9562426833e-01
1.8670000000e+03,5.8416228203e-01
1.8820000000e+03,5.2675609877e-01
1.9070000000e+03,4.7447685072e-01
1.9340000000e+03,4.4793734998e-01
1.9540000000e+03,4.1781350907e-01
1.9680000000e+03,3.8768234385e-01
1.9790000000e+03,5.2655745725e-01
1.9920000000e+03,5.0995061753e-01
2.0000000000e+03,4.7963360206e-01
2.0010000000e+03,4.3717156996e-01
1.9950000000e+03,4.0702141685e-01
1.9930000000e+03,3.8334416436e-01
2.0110000000e+03,3.5519020835e-01
2.0630000000e+03,3.4804517474e-01
2.1440000000e+03,9.1176750907e-01
2.2330000000e+03,8.5707599560e-01
2.2330000000e+03,7.7008297694e-01
2.2330000000e+03,6.9008812611e-01
2.2330000000e+03,6.2731562584e-01
2.2330000000e+03,5.6944018980e-01
2.2330000000e+03,5.2681518757e-01
2.2330000000e+03,5.0921586074e-01
2.2100000000e+03,4.8337064730e-01
2.1470000000e+03,4.4505966756e-01
2.0910000000e+03,4.7151952785e-01
2.0440000000e+03,7.2436207793e-01
2.0020000000e+03,6.5874642088e-01
1.9650000000e+03,6.0151788789e-01
1.9400000000e+03,9.4607131049e-01
1.9290000000e+03,8.6107861354e-01
1.9300000000e+03,7.7019073131e-01
1.9360000000e+03,7.1212980571e-01
1.9450000000e+03,6.6427843434e-01
1.9550000000e+03,6.0662879437e-01
1.9610000000e+03,5.5850663902e-01
1.9590000000e+03,5.4163922891e-01
1.9430000000e+03,5.2971339466e-01
1.9070000000e+03,4.7402089423e-01
1.8550000000e+03,4.2663226323e-01
1.7970000000e+03,4.4317453813e-01
1.7490000000e+03,6.0383091477e-01
1.7200000000e+03,5.9368097223e-01
1.7130000000e+03,6.2822766285e-01
1.7250000000e+03,5.9482038973e-01
1.7460000000e+03,5.3375760687e-01
1.7640000000e+03,4.8113023501e-01
1.7690000000e+03,4.3487903508e-01
1.7610000000e+03,3.9582049283e-01
1.7460000000e+03,3.6302163401e-01
1.7310000000e+03,3.7672800588e-01
1.7240000000e+03,4.5430397920e-01
1.7270000000e+03,4.1267279963e-01
1.7380000000e+03,3.7650861367e-01
1.7530000000e+03,7.3832499465e-01
1.7650000000e+03,6.8940429048e-01
1.7720000000e+03,6.2115523313e-01
1.7790000000e+03,8.0686012941e-01
1.7890000000e+03,7.5145742855e-01
1.8030000000e+03,6.9027192010e-01
1.8210000000e+03,6.3630106988e-01
1.8390000000e+03,5.9932394883e-01
1.8580000000e+03,5.4785282827e-01
1.8790000000e+03,5.2295523373e-01
1.9040000000e+03,4.8558530993e-01
1.9330000000e+03,4.8882711764e-01
1.9630000000e+03,4.6754702644e-01
1.9910000000e+03,4.2585711697e-01
2.0200000000e+03,3.9319293246e-01
2.0650000000e+03,3.7439608916e-01
2.1360000000e+03,3.4074715452e-01
2.2330000000e+03,8.3091406988e-01
2.2330000000e+03,8.2013925546e-01
2.2330000000e+03,7.3739432493e-01
2.2330000000e+03,6.5908101880e-01
2.2330000000e+03,6.0864058380e-01
2.2330000000e+03,5.5363437410e-01
2.2330000000e+03,5.1969369859e-01
2.1730000000e+03,5.0900850263e-01
2.1300000000e+03,4.9170378322e-01
2.1130000000e+03,4.5168136084e-01
2.1160000000e+03,4.1761126273e-01
2.1240000000e+03,5.3603893761e-01
2.1200000000e+03,5.2200290746e-01
2.0970000000e+03,4.8335191180e-01
2.0670000000e+03,9.0094152993e-01
2.0440000000e+03,8.4968103955e-01
2.0340000000e+03,7.6357869780e-01
2.0350000000e+03,6.8111453610e-01
2.0360000000e+03,6.3190470409e-01
2.0320000000e+03,5.9046862196e-01
2.0220000000e+03,5.5392062077e-01
2.0060000000e+03,5.0126078586e-01
1.9860000000e+03,5.9587065661e-01
1.9600000000e+03,5.5880183155e-01
1.9240000000e+03,5.0300881655e-01
1.8770000000e+03,4.5365231219e-01
1.8270000000e+03,6.2015869541e-01
1.7860000000e+03,6.0594051682e-01
1.7640000000e+03,5.7700885278e-01
1.7710000000e+03,5.9219167851e-01
1.8140000000e+03,5.4861154654e-01
1.8950000000e+03,4.9909815090e-01
2.0030000000e+03,4.5594631232e-01
2.1110000000e+03,4.2203940914e-01
2.1900000000e+03,3.8247607348e-01
2.2230000000e+03,3.5616512732e-01
2.2060000000e+03,5.2914274224e-01
2.1530000000e+03,4.9932309393e-01
2.0850000000e+03,4.6418684500e-01
2.0160000000e+03,5.0997979814e-01
1.9530000000e+03,5.0855512856e-01
1.8980000000e+03,4.6740141660e-01
1.8590000000e+03,6.7434264903e-01
1.8410000000e+03,6.6303216798e-01
1.8400000000e+03,5.9306548377e-01
1.8480000000e+03,5.3252325484e-01
1.8520000000e+03,4.9928225693e-01
1.8530000000e+03,4.7148771826e-01
1.8560000000e+03,4.3393807102e-01
1.8690000000e+03,3.9170518602e-01
1.8940000000e+03,5.5291621577e-01
1.9200000000e+03,5.5383245045e-01
1.9340000000e+03,4.9883090024e-01
1.9280000000e+03,4.4981258672e-01
1.9050000000e+03,4.1626383354e-01
1.8750000000e+03,3.7541683247e-01
1.8530000000e+03,3.6348652535e-01
1.8510000000e+03,9.1385726862e-01
1.8700000000e+03,8.6269539614e-01
1.9010000000e+03,7.7293052521e-01
1.9270000000e+03,6.9505873853e-01
1.9400000000e+03,6.3605069141e-01
1.9430000000e+03,5.8672467329e-01
1.9420000000e+03,5.2709992921e-01
1.9410000000e+03,4.9600768302e-01
1.9360000000e+03,4.9147036512e-01
1.9250000000e+03,4.4461917088e-01
1.9070000000e+03,4.0572302843e-01
1.8850000000e+03,3.8762255630e-01
1.8560000000e+03,6.3403477546e-01
1.8250000000e+03,5.8104142018e-01
1.7980000000e+03,7.6783824416e-01
1.7860000000e+03,7.9830966828e-01
1.7910000000e+03,7.1704648777e-01
1.8040000000e+03,6.3971611917e-01
1.8140000000e+03,5.9382938333e-01
1.8150000000e+03,5.6561847841e-01
1.8140000000e+03,5.0648081483e-01
1.8170000000e+03,4.6717334901e-01
1.8230000000e+03,5.1096511202e-01
1.8280000000e+03,4.8811116149e-01
1.8240000000e+03,4.4175905364e-01
1.8100000000e+03,3.9919108208e-01
1.7880000000e+03,3.7045659315e-01
1.7630000000e+03,3.3825953961e-01
1.7370000000e+03,4.4855437637e-01
1.7140000000e+03,6.3644700119e-01
1.6950000000e+03,5.7648832115e-01
1.6840000000e+03,5.2116125635e-01
1.6770000000e+03,4.7116817015e-01
1.6730000000e+03,4.3526952635e-01
1.6720000000e+03,3.9803251214e-01
1.6760000000e+03,3.6729781703e-01
1.6850000000e+03,4.4913082133e-01
1.6980000000e+03,4.2804206694e-01
1.7150000000e+03,3.9174984612e-01
1.7310000000e+03,3.7334346333e-01
1.7400000000e+03,6.2432204633e-01
1.7420000000e+03,5.7161178532e-01
1.7420000000e+03,7.4444006910e-01
1.7540000000e+03,7.2660346148e-01
1.7790000000e+03,6.5158098288e-01
1.8110000000e+03,5.8330269208e-01
1.8390000000e+03,5.5419713469e-01
1.8630000000e+03,5.2864722626e-01
1.8840000000e+03,4.7710914356e-01
1.9060000000e+03,4.3860217460e-01
1.9250000000e+03,4.5414183236e-01
1.9340000000e+03,4.4809274231e-01
1.9250000000e+03,4.0184745891e-01
1.8970000000e+03,3.9638698691e-01
1.8590000000e+03,3.6889596635e-01
1.8260000000e+03,3.6881595945e-01
1.8170000000e+03,5.9853605197e-01
1.8460000000e+03,5.8747102611e-01
1.9160000000e+03,5.5863634201e-01
2.0170000000e+03,5.3004675835e-01
2.1250000000e+03,5.1851915034e-01
2.2130000000e+03,4.8784883994e-01
2.2330000000e+03,4.3920612279e-01
2.2330000000e+03,3.9739973521e-01
2.2330000000e+03,3.7405658283e-01
2.1930000000e+03,3.4879343322e-01
2.1460000000e+03,3.2965620772e-01
2.1040000000e+03,3.1758453720e-01
2.0660000000e+03,2.9763275713e-01
2.0320000000e+03,2.8484745861e-01
2.0000000000e+03,2.7252580423e-01
1.9710000000e+03,2.6501031153e-01
1.9450000000e+03,2.5233439982e-01
1.9230000000e+03,2.4563985732e-01
1.9040000000e+03,2.3356118005e-01
1.8870000000e+03,2.2200576467e-01
1.8710000000e+03,2.1330521365e-01
1.8560000000e+03,2.0561920746e-01
1.8420000000e+03,2.0038243754e-01
1.8270000000e+03,1.9861276310e-01
1.8130000000e+03,1.9166322544e-01
1.8000000000e+03,1.8271988769e-01
1.7870000000e+03,1.7151623532e-01
1.7740000000e+03,1.6911822804e-01
1.7620000000e+03,1.5954226960e-01
1.7510000000e+03,1.5138897912e-01
1.7410000000e+03,1.4984812042e-01
1.7330000000e+03,1.4267415816e-01
1.7260000000e+03,1.3277901410e-01
1.7190000000e+03,1.2829910157e-01
1.7110000000e+03,1.2070976144e-01
1.7040000000e+03,1.1798718003e-01
1.6960000000e+03,1.1050313049e-01
1.6880000000e+03,1.2413976394e-01
1.6810000000e+03,1.1857182755e-01
1.6750000000e+03,1.1074838529e-01
1.6690000000e+03,1.0335460584e-01
1.6620000000e+03,1.0042759655e-01
1.6560000000e+03,9.5985113635e-02
1.6490000000e+03,9.0683384798e-02
1.6430000000e+03,8.4076455583e-02
1.6370000000e+03,7.8267134143e-02
1.6330000000e+03,7.3110481443e-02
1.6290000000e+03,6.9640486561e-02
1.6240000000e+03,6.3152082567e-02
1.6200000000e+03,6.0598661286e-02
1.6150000000e+03,5.5415644611e-02
1.6110000000e+03,4.9945783705e-02
1.6080000000e+03,4.4551791972e-02
1.6050000000e+03,4.1694453624e-02
1.6020000000e+03,3.9124370060e-02
1.5990000000e+03,3.8382836825e-02
1.5960000000e+03,3.6298802785e-02
1.5940000000e+03,3.4401890429e-02
1.5910000000e+03,3.0880630990e-02
1.5890000000e+03,4.0777991651e-02
1.5880000000e+03,3.6374093392e-02
1.5860000000e+03,3.2445802663e-02
1.5840000000e+03,2.9607808280e-02
1.5820000000e+03,2.6410255628e-02
1.5810000000e+03,2.3558028874e-02
1.5790000000e+03,4.1592887010e-02
1.5780000000e+03,5.0214239433e-02
1.5770000000e+03,4.5300390420e-02
1.5760000000e+03,4.0408086940e-02
1.5740000000e+03,3.6592331110e-02
1.5730000000e+03,3.2640471376e-02
1.5720000000e+03,2.9115400394e-02
1.5710000000e+03,2.7338907614e-02
1.5700000000e+03,2.4386389289e-02
1.5690000000e+03,2.1752733903e-02
1.5680000000e+03,1.9403505237e-02
1.5670000000e+03,1.7307986074e-02
1.5660000000e+03,1.5438776566e-02
1.5650000000e+03,1.3771435962e-02
1.5640000000e+03,1.2284163039e-02
1.5640000000e+03,1.0957511038e-02
1.5630000000e+03,9.7741333916e-03
1.5620000000e+03,8.7185569083e-03
1.5620000000e+03,7.7769794537e-03
1.5610000000e+03,2.4822686622e-02
1.5610000000e+03,4.7723203747e-02
1.5600000000e+03,4.2569243845e-02
1.5600000000e+03,3.7971895834e-02
1.5590000000e+03,3.3871047333e-02
1.5590000000e+03,3.0213077915e-02
1.5580000000e+03,2.6950157996e-02
1.5580000000e+03,2.4039623439e-02
1.5570000000e+03,2.1443417704e-02
1.5570000000e+03,1.9127594240e-02
1.5560000000e+03,1.7061872620e-02
1.5560000000e+03,1.5219242612e-02
1.5550000000e+03,1.3575611003e-02
1.5550000000e+03,1.2109486575e-02
1.5550000000e+03,1.0801699098e-02
1.5540000000e+03,9.6351486641e-03
1.5540000000e+03,8.5945821060e-03
1.5540000000e+03,7.6663935504e-03
1.5540000000e+03,6.8384465173e-03
1.5530000000e+03,6.0999152290e-03
1.5530000000e+03,5.4411430589e-03
1.5530000000e+03,4.8535162663e-03
1.5530000000e+03,4.3293513684e-03
1.5520000000e+03,3.8617946747e-03
1.5520000000e+03,3.4447326725e-03
1.5520000000e+03,3.0727120898e-03
1.5510000000e+03,2.7408685911e-03
1.5510000000e+03,1.5533077300e-02
1.5510000000e+03,1.1965473110e-01
1.5510000000e+03,1.0673238646e-01
1.5510000000e+03,9.5205615477e-02
1.5500000000e+03,8.4923700473e-02
1.5500000000e+03,7.5752200812e-02
1.5500000000e+03,6.7571195036e-02
1.5500000000e+03,6.0273712838e-02
1.5500000000e+03,5.3764336377e-02
1.5500000000e+03,4.7957952645e-02
1.5500000000e+03,4.2778640580e-02
1.5500000000e+03,3.8158678362e-02
1.5500000000e+03,3.4037657920e-02
1.5500000000e+03,3.0361695070e-02
1.5500000000e+03,2.7082724953e-02
1.5500000000e+03,2.4157873571e-02
1.5500000000e+03,2.1548897183e-02
1.5500000000e+03,1.9221682258e-02
1.5500000000e+03,1.7145799421e-02
1.5500000000e+03,1.5294105574e-02
1.5500000000e+03,1.3642388994e-02
1.5500000000e+03,1.2169052749e-02
1.5500000000e+03,1.0854832307e-02
1.5500000000e+03,9.6825436492e-03
1.5500000000e+03,8.6368585777e-03
1.5500000000e+03,7.7041042927e-03
1.5500000000e+03,6.8720846148e-03
1.5500000000e+03,6.1299205150e-03
1.5500000000e+03,5.4679078658e-03
1.5500000000e+03,4.8773905561e-03
1.5500000000e+03,4.3506473079e-03
