1.5500000000e+03,0.0000000000e+00
1.5500000000e+03,0.0000000000e+00
1.5500000000e+03,3.6155199367e-02
1.5510000000e+03,3.5979732830e-02
1.5510000000e+03,3.5504468463e-02
1.5510000000e+03,1.1545493062e-01
1.5510000000e+03,1.0474981683e-01
1.5510000000e+03,9.3787894362e-02
1.5510000000e+03,8.5469520635e-02
1.5510000000e+03,8.0333473797e-02
1.5510000000e+03,7.1657704564e-02
1.5510000000e+03,6.3918891848e-02
1.5510000000e+03,5.7015847213e-02
1.5510000000e+03,5.0858310265e-02
1.5510000000e+03,4.9191823414e-02
1.5510000000e+03,4.3879257083e-02
1.5510000000e+03,3.9140431653e-02
1.5510000000e+03,3.6303497283e-02
1.5510000000e+03,3.2382830718e-02
1.5510000000e+03,2.8885584139e-02
1.5510000000e+03,2.7026100400e-02
1.5510000000e+03,2.5037589741e-02
1.5510000000e+03,2.2333606700e-02
1.5510000000e+03,1.9921645550e-02
1.5510000000e+03,1.7770168820e-02
1.5500000000e+03,1.5851044990e-02
1.5500000000e+03,1.4139180658e-02
1.5500000000e+03,1.2612192433e-02
1.5500000000e+03,1.1250114262e-02
1.5500000000e+03,1.0035136364e-02
1.5500000000e+03,1.5074314632e-02
1.5500000000e+03,1.7127619229e-01
1.5510000000e+03,1.5277888788e-01
1.5510000000e+03,1.3627923571e-01
1.5530000000e+03,1.2156149547e-01
1.5570000000e+03,1.0843322611e-01
1.5640000000e+03,9.6722769656e-02
1.5740000000e+03,8.6277006645e-02
1.5870000000e+03,2.7574378817e-01
1.6020000000e+03,3.0213549011e-01
1.6150000000e+03,2.8513166336e-01
1.6230000000e+03,2.6583868374e-01
1.6250000000e+03,2.5428789802e-01
1.6210000000e+03,2.4657030915e-01
1.6150000000e+03,2.3590538102e-01
1.6090000000e+03,2.2048639980e-01
1.6060000000e+03,2.0786152666e-01
1.6070000000e+03,2.0503929692e-01
1.6080000000e+03,1.9706711316e-01
1.6090000000e+03,1.7943123166e-01
1.6080000000e+03,1.6854026339e-01
1.6050000000e+03,1.5613518428e-01
1.6020000000e+03,2.3835798900e-01
1.6000000000e+03,2.3579921160e-01
1.5990000000e+03,2.6634985832e-01
1.6010000000e+03,2.6255950745e-01
1.6040000000e+03,3.5407888688e-01
1.6100000000e+03,3.8819178536e-01
1.6160000000e+03,4.1641999675e-01
1.6230000000e+03,3.8642791199e-01
1.6270000000e+03,3.5648812969e-01
1.6270000000e+03,3.2798237426e-01
1.6230000000e+03,3.0273723564e-01
1.6150000000e+03,2.8199270312e-01
1.6050000000e+03,2.5711312935e-01
1.5970000000e+03,2.4137854634e-01
1.5890000000e+03,2.1876354265e-01
1.5840000000e+03,2.7680475213e-01
1.5800000000e+03,2.7074707375e-01
1.5790000000e+03,2.6574331672e-01
1.5790000000e+03,2.4875992978e-01
1.5800000000e+03,2.2504927470e-01
1.5820000000e+03,2.0985576116e-01
1.5830000000e+03,1.9807444450e-01
1.5840000000e+03,1.8482809730e-01
1.5840000000e+03,1.8056246113e-01
1.5830000000e+03,1.6351806208e-01
1.5830000000e+03,1.6000173808e-01
1.5820000000e+03,1.8016505907e-01
1.5820000000e+03,1.6672475228e-01
1.5830000000e+03,1.5692249481e-01
1.5840000000e+03,1.5250912347e-01
1.5860000000e+03,1.4687240109e-01
1.5870000000e+03,3.5321584664e-01
1.5890000000e+03,5.8472799191e-01
1.5910000000e+03,5.3968848310e-01
1.5940000000e+03,4.9305339923e-01
1.5960000000e+03,4.5724162954e-01
1.5980000000e+03,4.4428961528e-01
1.5970000000e+03,3.9656844201e-01
1.5950000000e+03,3.6087020767e-01
1.5920000000e+03,3.4814589133e-01
1.5880000000e+03,3.3364900319e-01
1.5830000000e+03,3.1005274552e-01
1.5790000000e+03,2.8355116622e-01
1.5760000000e+03,2.6145051957e-01
1.5730000000e+03,2.3703253617e-01
1.5700000000e+03,2.2548634722e-01
1.5680000000e+03,2.1068503469e-01
1.5670000000e+03,1.9028621750e-01
1.5670000000e+03,1.8324631165e-01
1.5680000000e+03,2.4864653088e-01
1.5690000000e+03,4.3692475484e-01
1.5700000000e+03,4.0140413009e-01
1.5720000000e+03,3.7404366327e-01
1.5740000000e+03,3.4260212167e-01
1.5780000000e+03,3.0931557060e-01
1.5820000000e+03,2.8334829025e-01
1.5890000000e+03,2.6414191965e-01
1.5970000000e+03,2.5013917771e-01
1.6070000000e+03,7.7097607150e-01
1.6170000000e+03,7.0966878290e-01
1.6260000000e+03,6.4064785184e-01
1.6310000000e+03,5.8193043191e-01
1.6320000000e+03,5.3351813674e-01
1.6300000000e+03,4.9813954151e-01
1.6260000000e+03,4.5751058128e-01
1.6220000000e+03,4.2077594568e-01
1.6180000000e+03,3.8351827064e-01
1.6140000000e+03,3.4863240517e-01
1.6100000000e+03,3.1533892527e-01
1.6050000000e+03,3.0112114589e-01
1.6000000000e+03,2.9065085393e-01
1.5950000000e+03,2.6421759372e-01
1.5890000000e+03,2.5489745514e-01
1.5840000000e+03,2.4570177190e-01
1.5800000000e+03,2.2784739064e-01
1.5780000000e+03,2.2221640090e-01
1.5760000000e+03,2.4144816294e-01
1.5750000000e+03,2.2396841461e-01
1.5750000000e+03,2.1125803783e-01
1.5760000000e+03,1.9548126552e-01
1.5780000000e+03,1.8506626626e-01
1.5810000000e+03,2.0301207752e-01
1.5840000000e+03,1.9251529495e-01
1.5890000000e+03,1.8022444867e-01
1.5940000000e+03,4.7374621617e-01
1.5990000000e+03,4.6018571422e-01
1.6040000000e+03,4.2131459878e-01
1.6070000000e+03,3.8745294181e-01
1.6060000000e+03,3.5185883032e-01
1.6030000000e+03,3.2864782595e-01
1.6000000000e+03,3.0609734165e-01
1.5980000000e+03,7.9499252180e-01
1.6000000000e+03,7.4597916930e-01
1.6060000000e+03,6.6691159757e-01
1.6130000000e+03,6.0559880895e-01
1.6190000000e+03,5.5822313439e-01
1.6220000000e+03,5.1337739750e-01
1.6220000000e+03,4.6940761567e-01
1.6210000000e+03,4.3208600516e-01
1.6180000000e+03,3.9490258841e-01
1.6150000000e+03,3.6137976882e-01
1.6100000000e+03,3.3720091922e-01
1.6040000000e+03,3.2194677968e-01
1.5970000000e+03,2.9519101686e-01
1.5910000000e+03,5.8399620675e-01
1.5870000000e+03,6.1007327859e-01
1.5860000000e+03,5.4878668014e-01
1.5870000000e+03,5.0085311902e-01
1.5900000000e+03,4.5666543732e-01
1.5930000000e+03,4.1697845034e-01
1.5970000000e+03,3.8475847912e-01
1.6020000000e+03,4.0426727983e-01
1.6040000000e+03,3.7617501832e-01
1.6040000000e+03,3.4875135753e-01
1.6010000000e+03,3.2220551196e-01
1.5950000000e+03,3.2001927678e-01
1.5890000000e+03,3.0487732657e-01
1.5840000000e+03,3.0092509679e-01
1.5810000000e+03,5.3092109201e-01
1.5810000000e+03,4.8145106465e-01
1.5820000000e+03,4.3922013380e-01
1.5830000000e+03,4.0131979148e-01
1.5840000000e+03,3.7928336567e-01
1.5850000000e+03,3.5025165015e-01
1.5870000000e+03,3.1336495023e-01
1.5880000000e+03,2.9792830727e-01
1.5900000000e+03,2.7261701766e-01
1.5920000000e+03,2.7665201900e-01
1.5920000000e+03,2.5943735634e-01
1.5910000000e+03,2.4830838563e-01
1.5890000000e+03,2.3367523460e-01
1.5870000000e+03,2.1534791389e-01
1.5870000000e+03,1.9563141318e-01
1.5890000000e+03,1.8409445688e-01
1.5910000000e+03,1.7288429058e-01
1.5930000000e+03,1.5501666244e-01
1.5950000000e+03,1.5438066156e-01
1.5960000000e+03,5.4075667402e-01
1.5950000000e+03,5.0058192961e-01
1.5930000000e+03,4.6398671325e-01
1.5920000000e+03,5.8626722768e-01
1.5910000000e+03,5.8406960636e-01
1.5910000000e+03,5.4084449520e-01
1.5910000000e+03,4.9403804791e-01
1.5910000000e+03,4.4349393470e-01
1.5890000000e+03,4.0569678071e-01
1.5860000000e+03,3.8179459432e-01
1.5850000000e+03,3.4875701969e-01
1.5840000000e+03,3.1971853793e-01
1.5850000000e+03,2.9508865183e-01
1.5870000000e+03,2.6704844086e-01
1.5870000000e+03,3.5441804294e-01
1.5850000000e+03,3.1971326390e-01
1.5820000000e+03,2.9819138297e-01
1.5780000000e+03,6.0326550063e-01
1.5750000000e+03,5.7488981681e-01
1.5730000000e+03,5.4986204634e-01
1.5730000000e+03,5.1325808186e-01
1.5740000000e+03,4.6430442386e-01
1.5750000000e+03,4.2760604419e-01
1.5780000000e+03,3.9112932354e-01
1.5800000000e+03,3.4888855402e-01
1.5840000000e+03,3.1944571777e-01
1.5880000000e+03,3.7519504032e-01
1.5900000000e+03,3.6430461324e-01
1.5920000000e+03,3.3404542227e-01
1.5930000000e+03,3.1051269620e-01
1.5950000000e+03,2.8637145440e-01
1.5960000000e+03,2.6723436156e-01
1.5980000000e+03,2.5549021331e-01
1.5990000000e+03,2.3687046322e-01
1.6000000000e+03,2.1910108562e-01
1.6000000000e+03,2.0769891784e-01
1.6000000000e+03,1.9727569830e-01
1.6000000000e+03,1.8349946315e-01
1.6010000000e+03,1.7236604092e-01
1.6010000000e+03,1.6570346508e-01
1.6010000000e+03,1.5580326811e-01
1.5980000000e+03,1.4915069667e-01
1.5940000000e+03,1.4088035988e-01
1.5890000000e+03,1.3909877044e-01
1.5840000000e+03,1.3819221258e-01
1.5790000000e+03,1.9777762463e-01
1.5760000000e+03,3.9951443635e-01
1.5750000000e+03,3.8416427494e-01
1.5770000000e+03,3.5184228468e-01
1.5820000000e+03,3.4401862894e-01
1.5890000000e+03,3.2569865406e-01
1.5980000000e+03,2.9724455761e-01
1.6060000000e+03,2.8049697703e-01
1.6100000000e+03,2.7073944046e-01
1.6080000000e+03,2.4932492549e-01
1.6010000000e+03,2.2929980352e-01
1.5900000000e+03,2.1286327169e-01
1.5800000000e+03,1.9630707798e-01
1.5700000000e+03,1.9123547592e-01
1.5630000000e+03,8.9054562406e-01
1.5590000000e+03,8.3071793923e-01
1.5560000000e+03,7.5877159432e-01
1.5560000000e+03,6.8642360665e-01
1.5570000000e+03,6.2058978156e-01
1.5570000000e+03,5.7472609535e-01
1.5560000000e+03,5.2203530221e-01
1.5540000000e+03,4.7010347413e-01
1.5520000000e+03,4.2222940902e-01
1.5510000000e+03,3.9438843707e-01
1.5500000000e+03,3.6539677324e-01
1.5500000000e+03,3.3588541336e-01
1.5500000000e+03,3.8302612127e-01
1.5500000000e+03,5.4482170094e-01
1.5500000000e+03,5.2111080909e-01
1.5500000000e+03,4.7503006123e-01
1.5500000000e+03,4.2581708941e-01
1.5510000000e+03,3.8436627765e-01
1.5530000000e+03,3.4337312772e-01
1.5560000000e+03,3.0671943265e-01
1.5600000000e+03,2.8715855900e-01
1.5640000000e+03,2.6813891734e-01
1.5680000000e+03,2.4365539372e-01
1.5690000000e+03,2.2980639208e-01
1.5670000000e+03,2.1822937161e-01
1.5640000000e+03,2.0710044574e-01
1.5590000000e+03,4.2075607734e-01
1.5550000000e+03,7.0198814587e-01
1.5520000000e+03,6.5422455627e-01
1.5510000000e+03,5.8389128043e-01
1.5510000000e+03,5.2581378039e-01
1.5520000000e+03,4.7798668763e-01
1.5550000000e+03,4.2636558870e-01
1.5590000000e+03,4.0549160885e-01
1.5630000000e+03,3.7480937731e-01
1.5660000000e+03,3.4060410752e-01
1.5670000000e+03,3.2520923925e-01
1.5660000000e+03,4.9144819747e-01
1.5640000000e+03,4.6661759718e-01
1.5620000000e+03,4.2573568598e-01
1.5610000000e+03,5.3641817446e-01
1.5620000000e+03,4.9210326822e-01
1.5650000000e+03,4.4021767138e-01
1.5680000000e+03,4.0965047887e-01
1.5680000000e+03,3.9692963297e-01
1.5650000000e+03,3.6502567666e-01
1.5600000000e+03,5.6439600196e-01
1.5560000000e+03,7.9445301028e-01
1.5520000000e+03,7.3202370807e-01
1.5510000000e+03,6.6037761569e-01
1.5500000000e+03,6.4197565957e-01
1.5500000000e+03,5.9693616544e-01
1.5510000000e+03,5.4977907635e-01
1.5530000000e+03,5.3883295971e-01
1.5550000000e+03,5.0650850706e-01
1.5570000000e+03,4.6466470434e-01
1.5570000000e+03,4.2667400239e-01
1.5560000000e+03,3.8625749646e-01
1.5540000000e+03,3.6326093883e-01
1.5530000000e+03,3.3489950978e-01
1.5510000000e+03,3.1524619177e-01
1.5510000000e+03,2.9723302259e-01
1.5520000000e+03,2.7626119405e-01
1.5540000000e+03,2.6598954612e-01
1.5560000000e+03,2.6202761546e-01
1.5590000000e+03,2.5909313340e-01
1.5600000000e+03,6.6996480165e-01
1.5610000000e+03,6.4913215581e-01
1.5620000000e+03,5.8487780662e-01
1.5620000000e+03,5.3276876687e-01
1.5610000000e+03,5.3264549635e-01
1.5610000000e+03,5.0292435563e-01
1.5610000000e+03,4.5358497476e-01
1.5620000000e+03,9.2004065690e-01
1.5650000000e+03,8.6315993039e-01
1.5670000000e+03,7.7208268639e-01
1.5670000000e+03,6.8870011995e-01
1.5660000000e+03,6.1432261542e-01
1.5630000000e+03,5.7181662445e-01
1.5590000000e+03,6.6275292105e-01
1.5560000000e+03,6.2885087122e-01
1.5530000000e+03,5.6619965387e-01
1.5520000000e+03,5.0820012572e-01
1.5510000000e+03,4.6076721947e-01
1.5520000000e+03,4.1502573641e-01
1.5550000000e+03,3.7357522867e-01
1.5580000000e+03,3.3509106344e-01
1.5610000000e+03,3.0444737859e-01
1.5620000000e+03,2.9412262882e-01
1.5610000000e+03,4.2317687368e-01
1.5580000000e+03,6.1105892521e-01
1.5570000000e+03,5.8471469687e-01
1.5580000000e+03,5.5863386390e-01
1.5630000000e+03,5.4843777983e-01
1.5720000000e+03,5.1287633013e-01
1.5800000000e+03,4.6837346575e-01
1.5860000000e+03,4.5141434020e-01
1.5870000000e+03,4.2008018611e-01
1.5830000000e+03,3.8468674488e-01
1.5770000000e+03,3.4823019655e-01
1.5710000000e+03,3.4015132177e-01
1.5680000000e+03,3.0787060551e-01
1.5660000000e+03,6.4107800578e-01
1.5650000000e+03,6.2867812539e-01
1.5630000000e+03,5.7118423151e-01
1.5600000000e+03,5.2485600729e-01
1.5590000000e+03,5.2798486776e-01
1.5580000000e+03,5.0252392639e-01
1.5600000000e+03,4.5284720562e-01
1.5640000000e+03,4.1166562841e-01
1.5660000000e+03,3.7589025032e-01
1.5670000000e+03,3.4393727524e-01
1.5660000000e+03,8.6394308586e-01
1.5640000000e+03,7.8526289905e-01
1.5610000000e+03,7.0181398478e-01
1.5570000000e+03,6.3027876676e-01
1.5540000000e+03,5.6991079648e-01
1.5520000000e+03,5.3126341314e-01
1.5510000000e+03,5.9403812375e-01
1.5500000000e+03,6.4850991865e-01
1.5500000000e+03,6.0430636313e-01
1.5510000000e+03,5.4280104104e-01
1.5520000000e+03,4.9755046045e-01
1.5540000000e+03,4.4418876013e-01
1.5580000000e+03,3.9621773390e-01
1.5640000000e+03,3.5631172868e-01
1.5690000000e+03,3.4449126036e-01
1.5720000000e+03,3.0910755732e-01
1.5720000000e+03,2.8153949503e-01
1.5700000000e+03,6.5624683649e-01
1.5670000000e+03,6.2512423442e-01
1.5660000000e+03,5.5814878291e-01
1.5690000000e+03,9.4020194039e-01
1.5750000000e+03,8.7192074112e-01
1.5850000000e+03,7.8026179862e-01
1.5950000000e+03,7.0539180933e-01
1.6030000000e+03,6.3625732750e-01
1.6060000000e+03,5.7158966841e-01
1.6060000000e+03,5.1236489038e-01
1.6040000000e+03,9.3400576432e-01
1.6020000000e+03,8.7465285898e-01
1.5990000000e+03,7.8281478168e-01
1.5940000000e+03,7.2069889736e-01
1.5870000000e+03,6.8015463835e-01
1.5780000000e+03,6.6357770229e-01
1.5700000000e+03,7.8456049021e-01
1.5640000000e+03,7.2772713023e-01
1.5610000000e+03,6.6037895267e-01
1.5610000000e+03,5.9437664437e-01
1.5630000000e+03,5.4682639241e-01
1.5650000000e+03,4.9251352220e-01
1.5680000000e+03,4.3932356961e-01
1.5710000000e+03,4.0948364708e-01
1.5750000000e+03,3.6949991724e-01
1.5770000000e+03,3.4064933700e-01
1.5760000000e+03,4.9977708699e-01
1.5720000000e+03,4.8867893427e-01
1.5690000000e+03,4.4709137231e-01
1.5700000000e+03,4.4069531150e-01
1.5780000000e+03,4.2389105827e-01
1.5900000000e+03,3.9199035884e-01
1.6020000000e+03,3.5732176555e-01
1.6100000000e+03,3.2657641080e-01
1.6080000000e+03,2.9748823360e-01
1.5980000000e+03,2.6590339007e-01
1.5840000000e+03,2.6347906652e-01
1.5700000000e+03,2.4812251936e-01
1.5610000000e+03,2.4076948399e-01
1.5570000000e+03,6.4889324402e-01
1.5570000000e+03,6.3051498788e-01
1.5590000000e+03,5.7552884286e-01
1.5600000000e+03,5.5659672587e-01
1.5610000000e+03,5.4129270098e-01
1.5600000000e+03,4.8909405966e-01
1.5580000000e+03,4.4304058541e-01
1.5580000000e+03,3.9822004748e-01
1.5580000000e+03,3.5575940980e-01
1.5600000000e+03,3.2049355963e-01
1.5630000000e+03,2.9517672051e-01
1.5650000000e+03,2.7130590067e-01
1.5650000000e+03,2.5021888162e-01
1.5630000000e+03,5.1875020199e-01
1.5590000000e+03,5.1739129924e-01
1.5560000000e+03,7.0796468591e-01
1.5530000000e+03,6.9152327806e-01
1.5520000000e+03,6.5287794359e-01
1.5510000000e+03,5.8924058219e-01
1.5510000000e+03,5.3015968865e-01
1.5500000000e+03,5.1448066868e-01
1.5500000000e+03,4.7760908515e-01
1.5500000000e+03,4.2602876613e-01
1.5500000000e+03,4.0136331973e-01
1.5500000000e+03,4.0490157326e-01
1.5500000000e+03,3.6499515939e-01
1.5500000000e+03,3.2777136004e-01
1.5500000000e+03,3.0556651503e-01
1.5500000000e+03,2.7745327128e-01
1.5510000000e+03,3.4667342276e-01
1.5520000000e+03,5.4213480051e-01
1.5540000000e+03,5.0499072270e-01
1.5570000000e+03,4.6409712933e-01
1.5590000000e+03,4.2516681267e-01
1.5610000000e+03,3.8364207985e-01
1.5600000000e+03,3.4730562231e-01
1.5570000000e+03,3.3491449681e-01
1.5540000000e+03,5.5646944696e-01
1.5520000000e+03,5.0242408369e-01
1.5510000000e+03,4.5014352811e-01
1.5500000000e+03,4.3467144158e-01
1.5500000000e+03,4.0373792771e-01
1.5510000000e+03,6.0451668313e-01
1.5540000000e+03,7.1528675884e-01
1.5590000000e+03,6.6566195006e-01
1.5660000000e+03,6.0399661205e-01
1.5730000000e+03,5.5065823786e-01
1.5760000000e+03,5.1498444910e-01
1.5750000000e+03,4.6465550797e-01
1.5690000000e+03,4.1781563553e-01
1.5620000000e+03,3.7998624055e-01
1.5560000000e+03,3.4709793929e-01
1.5520000000e+03,3.2083976561e-01
1.5510000000e+03,2.9827613480e-01
1.5500000000e+03,2.9301720830e-01
1.5500000000e+03,3.8151628059e-01
1.5500000000e+03,6.4809759875e-01
1.5510000000e+03,5.9946881832e-01
1.5520000000e+03,5.3753721278e-01
1.5550000000e+03,4.8671795104e-01
1.5600000000e+03,4.3510961653e-01
1.5650000000e+03,3.9710450014e-01
1.5710000000e+03,3.6640914791e-01
1.5750000000e+03,3.4928124788e-01
1.5760000000e+03,3.1367908198e-01
1.5750000000e+03,2.8737411613e-01
1.5720000000e+03,2.6827707995e-01
1.5690000000e+03,2.4357201801e-01
1.5650000000e+03,2.8649705251e-01
1.5610000000e+03,5.9907697423e-01
1.5570000000e+03,5.6424743466e-01
1.5540000000e+03,5.0595592349e-01
1.5520000000e+03,4.5244872495e-01
1.5520000000e+03,4.0578044742e-01
1.5530000000e+03,3.6195740138e-01
1.5550000000e+03,3.2548762654e-01
1.5580000000e+03,6.3922298170e-01
1.5610000000e+03,5.7548674219e-01
1.5630000000e+03,5.1385085451e-01
1.5620000000e+03,4.9863752995e-01
1.5610000000e+03,4.7731289095e-01
1.5600000000e+03,4.4836572891e-01
1.5590000000e+03,4.8713387145e-01
1.5590000000e+03,4.5766482197e-01
1.5590000000e+03,4.1154176196e-01
1.5610000000e+03,3.7305734746e-01
1.5630000000e+03,3.6003636380e-01
1.5640000000e+03,3.3548651804e-01
1.5630000000e+03,3.3227412884e-01
1.5620000000e+03,6.0174621915e-01
1.5630000000e+03,5.7102206302e-01
1.5660000000e+03,5.2129884400e-01
1.5690000000e+03,5.1599061769e-01
1.5710000000e+03,4.9600191369e-01
1.5700000000e+03,4.4705857580e-01
1.5690000000e+03,4.2191761856e-01
1.5710000000e+03,6.1705056746e-01
1.5750000000e+03,5.5970984829e-01
1.5790000000e+03,5.0505579014e-01
1.5820000000e+03,4.6317782637e-01
1.5800000000e+03,4.2695523691e-01
1.5740000000e+03,3.8924286958e-01
1.5660000000e+03,3.7600753049e-01
1.5590000000e+03,6.0535732595e-01
1.5540000000e+03,5.5320541810e-01
1.5520000000e+03,5.1333733210e-01
1.5520000000e+03,5.2625049377e-01
1.5520000000e+03,4.8854160990e-01
1.5520000000e+03,4.4984224861e-01
1.5520000000e+03,8.3409487747e-01
1.5520000000e+03,7.7794574568e-01
1.5520000000e+03,7.1438075346e-01
1.5520000000e+03,6.4384969005e-01
1.5530000000e+03,5.7825291724e-01
1.5550000000e+03,5.2576497516e-01
1.5570000000e+03,4.6898396745e-01
1.5590000000e+03,4.2765789876e-01
1.5600000000e+03,3.9122432756e-01
1.5600000000e+03,3.4897329790e-01
1.5590000000e+03,3.1942137668e-01
1.5570000000e+03,4.8002058840e-01
1.5550000000e+03,4.8836516357e-01
1.5540000000e+03,5.4439451793e-01
1.5520000000e+03,5.0118586680e-01
1.5510000000e+03,4.4723359845e-01
1.5510000000e+03,4.0217051377e-01
1.5520000000e+03,3.5945116183e-01
1.5530000000e+03,3.2114830217e-01
1.5560000000e+03,2.8945505551e-01
1.5590000000e+03,2.6962254682e-01
1.5600000000e+03,2.4265566964e-01
1.5590000000e+03,2.3833120246e-01
1.5570000000e+03,4.1615433295e-01
1.5540000000e+03,4.1290021760e-01
1.5520000000e+03,5.5483970120e-01
1.5520000000e+03,5.5117140000e-01
1.5540000000e+03,5.2190579510e-01
1.5570000000e+03,5.0386348563e-01
1.5610000000e+03,4.7157995394e-01
1.5650000000e+03,4.5184552795e-01
1.5650000000e+03,4.0304759424e-01
1.5630000000e+03,3.7241464986e-01
1.5600000000e+03,3.6121361051e-01
1.5580000000e+03,3.3961089590e-01
1.5570000000e+03,3.1181731509e-01
1.5580000000e+03,6.8243040060e-01
1.5590000000e+03,6.4246471913e-01
1.5590000000e+03,5.8450758581e-01
1.5580000000e+03,5.6666671100e-01
1.5560000000e+03,5.2201792826e-01
1.5550000000e+03,4.7257281358e-01
1.5540000000e+03,4.2536001952e-01
1.5540000000e+03,3.8720914210e-01
1.5550000000e+03,3.5561871128e-01
1.5550000000e+03,3.7916916067e-01
1.5540000000e+03,3.7607916417e-01
1.5530000000e+03,3.3546376578e-01
1.5510000000e+03,3.0315104955e-01
1.5510000000e+03,2.8830923620e-01
1.5500000000e+03,2.8170396955e-01
1.5500000000e+03,2.8154658982e-01
1.5500000000e+03,9.0276790424e-01
1.5500000000e+03,8.4777041468e-01
1.5500000000e+03,7.6075351481e-01
1.5510000000e+03,6.8012816514e-01
1.5530000000e+03,6.0993205012e-01
1.5560000000e+03,5.4406125598e-01
1.5600000000e+03,7.6587403594e-01
1.5650000000e+03,8.7603342606e-01
1.5700000000e+03,8.0383947906e-01
1.5730000000e+03,7.1702727624e-01
1.5740000000e+03,6.6541743025e-01
1.5740000000e+03,6.6480782639e-01
1.5740000000e+03,6.1376379993e-01
1.5730000000e+03,5.7165805427e-01
1.5700000000e+03,5.5245601510e-01
1.5670000000e+03,5.0280342860e-01
1.5640000000e+03,4.5970223900e-01
1.5640000000e+03,4.2648263957e-01
1.5680000000e+03,3.8798899029e-01
1.5740000000e+03,3.5557884441e-01
1.5810000000e+03,3.3268631569e-01
1.5870000000e+03,3.1551730542e-01
1.5890000000e+03,2.8941686141e-01
1.5870000000e+03,2.6449384471e-01
1.5820000000e+03,5.9326317649e-01
1.5760000000e+03,5.6008806275e-01
1.5690000000e+03,5.5078923047e-01
1.5640000000e+03,5.4066575011e-01
1.5610000000e+03,4.9489447210e-01
1.5610000000e+03,4.4890140992e-01
1.5620000000e+03,4.0982720860e-01
1.5630000000e+03,4.0380924567e-01
1.5620000000e+03,3.6260597358e-01
1.5600000000e+03,3.3086723683e-01
1.5580000000e+03,4.1243690824e-01
1.5550000000e+03,3.9074703831e-01
1.5530000000e+03,6.2996553487e-01
1.5520000000e+03,6.2063336750e-01
1.5510000000e+03,5.6616772360e-01
1.5520000000e+03,5.2332607473e-01
1.5530000000e+03,5.0882511701e-01
1.5560000000e+03,4.6168799111e-01
1.5590000000e+03,4.4492514494e-01
1.5620000000e+03,4.1262064011e-01
1.5640000000e+03,3.7748296640e-01
1.5620000000e+03,3.3945067102e-01
1.5590000000e+03,4.9013914126e-01
1.5560000000e+03,4.7243830769e-01
1.5530000000e+03,4.3017673739e-01
1.5520000000e+03,3.9626621184e-01
1.5510000000e+03,4.6636335542e-01
1.5510000000e+03,4.5178268844e-01
1.5510000000e+03,4.4459557682e-01
1.5520000000e+03,7.3521640367e-01
1.5530000000e+03,6.8971989236e-01
1.5540000000e+03,6.1710141405e-01
1.5560000000e+03,5.5858583513e-01
1.5580000000e+03,5.1638320045e-01
1.5610000000e+03,4.6127828863e-01
1.5650000000e+03,4.1450380747e-01
1.5670000000e+03,7.0328549924e-01
1.5670000000e+03,6.3427922175e-01
1.5650000000e+03,5.7343534485e-01
1.5610000000e+03,5.9011459016e-01
1.5560000000e+03,5.4230737039e-01
1.5530000000e+03,5.1026776896e-01
1.5510000000e+03,5.4421321654e-01
1.5510000000e+03,5.8871317012e-01
1.5520000000e+03,5.2541507425e-01
1.5550000000e+03,4.6867185476e-01
1.5580000000e+03,4.4495174038e-01
1.5630000000e+03,4.1986361179e-01
1.5690000000e+03,3.8477332315e-01
1.5770000000e+03,3.7247759456e-01
1.5860000000e+03,3.4309849850e-01
1.5930000000e+03,3.1458426464e-01
1.5980000000e+03,3.0123076358e-01
1.5980000000e+03,3.0520867968e-01
1.5960000000e+03,8.4567214183e-01
1.5960000000e+03,8.5785993974e-01
1.6010000000e+03,8.1787415140e-01
1.6130000000e+03,7.4598066204e-01
1.6300000000e+03,6.7000504373e-01
1.6480000000e+03,6.0451430920e-01
1.6610000000e+03,5.5722856568e-01
1.6690000000e+03,5.2494733875e-01
1.6720000000e+03,5.2483611804e-01
1.6720000000e+03,5.2067296160e-01
1.6670000000e+03,4.8518227297e-01
1.6570000000e+03,4.6887963639e-01
1.6400000000e+03,4.4056780911e-01
1.6200000000e+03,4.3039175220e-01
1.6000000000e+03,9.2291190645e-01
1.5870000000e+03,8.7122697027e-01
1.5840000000e+03,7.8231039819e-01
1.5960000000e+03,7.0041281449e-01
1.6200000000e+03,6.3278224320e-01
1.6490000000e+03,5.6949911502e-01
1.6740000000e+03,5.2475286108e-01
1.6840000000e+03,4.9499433839e-01
1.6760000000e+03,4.4885576238e-01
1.6520000000e+03,4.0249582640e-01
1.6210000000e+03,3.7875390308e-01
1.5920000000e+03,3.4275183336e-01
1.5740000000e+03,3.2363910219e-01
1.5700000000e+03,9.0846450632e-01
1.5810000000e+03,8.9069443762e-01
1.6060000000e+03,8.0619458575e-01
1.6410000000e+03,7.2458034382e-01
1.6750000000e+03,6.5220896015e-01
1.7000000000e+03,5.8177238916e-01
1.7110000000e+03,5.2694773974e-01
1.7100000000e+03,6.9400294731e-01
1.7040000000e+03,6.4097580697e-01
1.6980000000e+03,5.9074340702e-01
1.6900000000e+03,7.1223797002e-01
1.6810000000e+03,6.6342859430e-01
1.6730000000e+03,6.0163016433e-01
1.6680000000e+03,9.4608650546e-01
1.6720000000e+03,9.3143715807e-01
1.6850000000e+03,8.4045139679e-01
1.7030000000e+03,7.5264658869e-01
1.7220000000e+03,6.8233278460e-01
1.7350000000e+03,6.1292547053e-01
1.7410000000e+03,5.7631448786e-01
1.7420000000e+03,7.5098628175e-01
1.7370000000e+03,6.8518937262e-01
1.7280000000e+03,6.4164640246e-01
1.7160000000e+03,6.2938003084e-01
1.7020000000e+03,6.1951182683e-01
1.6870000000e+03,5.7042989581e-01
1.6720000000e+03,9.4186400828e-01
1.6600000000e+03,9.2583976157e-01
1.6580000000e+03,8.4424206810e-01
1.6700000000e+03,7.6540179045e-01
1.6930000000e+03,6.9518385042e-01
1.7210000000e+03,6.4332975766e-01
1.7460000000e+03,5.8991192886e-01
1.7610000000e+03,5.7739945189e-01
1.7640000000e+03,5.6117468305e-01
1.7540000000e+03,5.1300595383e-01
1.7320000000e+03,4.7082481779e-01
1.6980000000e+03,4.6309603064e-01
1.6600000000e+03,4.4135980128e-01
1.6230000000e+03,4.2118915541e-01
1.5940000000e+03,9.2166647041e-01
1.5780000000e+03,8.4772358833e-01
1.5790000000e+03,7.5742762841e-01
1.5940000000e+03,6.8373547937e-01
1.6210000000e+03,6.1836888398e-01
1.6510000000e+03,5.5831559601e-01
1.6730000000e+03,5.0904079427e-01
1.6820000000e+03,4.7279136861e-01
1.6770000000e+03,4.3381633440e-01
1.6640000000e+03,3.9677721511e-01
1.6450000000e+03,3.8299811996e-01
1.6230000000e+03,4.5312158897e-01
1.6030000000e+03,8.9516554129e-01
1.5950000000e+03,9.8581219884e-01
1.6070000000e+03,9.1076593789e-01
1.6440000000e+03,8.2683103850e-01
1.6990000000e+03,7.4058443986e-01
1.7570000000e+03,6.7770096557e-01
1.8010000000e+03,6.0573890235e-01
1.8240000000e+03,5.6537695314e-01
1.8270000000e+03,5.4363634827e-01
1.8180000000e+03,5.1028038146e-01
1.8010000000e+03,4.5744316130e-01
1.7770000000e+03,4.4265263662e-01
1.7450000000e+03,4.0677188907e-01
1.7090000000e+03,4.0547800718e-01
1.6760000000e+03,9.1954019771e-01
1.6570000000e+03,8.7194823808e-01
1.6620000000e+03,7.8203253314e-01
1.6900000000e+03,6.9847686439e-01
1.7330000000e+03,6.3857394855e-01
1.7790000000e+03,5.6973914756e-01
1.8180000000e+03,5.2537910757e-01
1.8450000000e+03,5.0179860876e-01
1.8540000000e+03,4.5484377714e-01
1.8430000000e+03,4.2116288405e-01
1.8160000000e+03,5.1634878154e-01
1.7820000000e+03,5.1212086997e-01
1.7570000000e+03,6.2580913752e-01
1.7580000000e+03,9.4935877364e-01
1.7910000000e+03,9.0483785240e-01
1.8500000000e+03,8.1233595827e-01
1.9160000000e+03,7.3254296544e-01
1.9700000000e+03,6.6935802491e-01
2.0010000000e+03,6.1224208849e-01
2.0120000000e+03,5.4930733798e-01
2.0050000000e+03,6.2570615510e-01
1.9840000000e+03,6.0294955280e-01
1.9510000000e+03,5.9099943695e-01
1.9090000000e+03,5.9416847722e-01
1.8620000000e+03,5.7290985454e-01
1.8200000000e+03,5.2739050116e-01
1.7920000000e+03,7.0032556799e-01
1.7830000000e+03,6.8494578778e-01
1.7890000000e+03,6.1861584317e-01
1.7990000000e+03,5.5201584626e-01
1.8040000000e+03,4.9976815582e-01
1.7990000000e+03,4.5912318838e-01
1.7880000000e+03,4.3343254055e-01
1.7720000000e+03,4.0324035636e-01
1.7530000000e+03,3.7534575665e-01
1.7280000000e+03,3.4953126952e-01
1.6980000000e+03,3.2892932457e-01
1.6630000000e+03,5.7785812755e-01
1.6320000000e+03,5.9168789628e-01
1.6140000000e+03,9.4129435587e-01
1.6190000000e+03,9.2709968947e-01
1.6480000000e+03,8.4001520751e-01
1.6930000000e+03,7.5834309110e-01
1.7370000000e+03,6.8287350894e-01
1.7640000000e+03,6.1454452188e-01
1.7680000000e+03,5.6183935015e-01
1.7570000000e+03,5.1676909931e-01
1.7400000000e+03,4.8547821280e-01
1.7250000000e+03,4.4564305229e-01
1.7130000000e+03,8.8693329469e-01
1.7070000000e+03,8.8009286340e-01
1.7090000000e+03,8.1476544818e-01
1.7250000000e+03,7.7146215601e-01
1.7550000000e+03,7.7590752789e-01
1.7970000000e+03,7.0534306689e-01
1.8420000000e+03,6.3179686680e-01
1.8820000000e+03,5.7746922616e-01
1.9110000000e+03,5.2764280216e-01
1.9300000000e+03,5.0131512426e-01
1.9430000000e+03,6.7675293535e-01
1.9520000000e+03,6.4785721935e-01
1.9560000000e+03,5.8460283585e-01
1.9480000000e+03,5.6308776461e-01
1.9260000000e+03,5.5371600076e-01
1.8860000000e+03,5.0913248241e-01
1.8350000000e+03,7.0617659775e-01
1.7840000000e+03,9.6023532663e-01
1.7490000000e+03,8.8366882664e-01
1.7370000000e+03,7.9833704108e-01
1.7410000000e+03,7.2079420598e-01
1.7500000000e+03,6.6509253969e-01
1.7550000000e+03,5.9804553710e-01
1.7550000000e+03,5.8409375504e-01
1.7520000000e+03,6.7836303931e-01
1.7450000000e+03,6.1150304918e-01
1.7350000000e+03,5.4789259946e-01
1.7250000000e+03,7.6744169285e-01
1.7190000000e+03,7.1115086114e-01
1.7210000000e+03,6.4652935950e-01
1.7350000000e+03,9.5216295075e-01
1.7610000000e+03,8.8143100147e-01
1.7920000000e+03,7.9067645398e-01
1.8210000000e+03,7.0830861293e-01
1.8480000000e+03,6.4240170269e-01
1.8720000000e+03,5.8415793794e-01
1.8890000000e+03,5.4975619522e-01
1.8910000000e+03,5.4611198984e-01
1.8770000000e+03,5.0579866877e-01
1.8520000000e+03,5.0477501382e-01
1.8250000000e+03,4.7902625975e-01
1.8050000000e+03,4.5369018403e-01
1.7940000000e+03,5.6833439633e-01
1.7940000000e+03,9.4158041326e-01
1.8050000000e+03,8.9095701951e-01
1.8250000000e+03,8.1096400551e-01
1.8460000000e+03,7.3037272048e-01
1.8620000000e+03,6.7993578067e-01
1.8680000000e+03,6.0998350938e-01
1.8630000000e+03,5.5263177955e-01
1.8500000000e+03,5.3755403974e-01
1.8300000000e+03,4.9457315609e-01
1.8050000000e+03,4.7309008164e-01
1.7780000000e+03,5.7579416095e-01
1.7500000000e+03,5.5641887481e-01
1.7280000000e+03,4.9906484607e-01
1.7170000000e+03,9.3220579906e-01
1.7210000000e+03,8.9988967832e-01
1.7370000000e+03,8.1040005125e-01
1.7560000000e+03,7.3247648673e-01
1.7680000000e+03,7.1850705656e-01
1.7700000000e+03,6.5987715062e-01
1.7690000000e+03,6.2041815312e-01
1.7730000000e+03,9.4862918324e-01
1.7870000000e+03,9.0243870952e-01
1.8110000000e+03,8.1287558877e-01
1.8360000000e+03,7.3668862200e-01
1.8570000000e+03,6.7706745000e-01
1.8690000000e+03,6.1842363764e-01
1.8800000000e+03,9.1280871282e-01
1.9020000000e+03,9.3605926291e-01
1.9360000000e+03,8.4907886499e-01
1.9790000000e+03,7.7162106618e-01
2.0200000000e+03,7.0048980575e-01
2.0560000000e+03,6.3290450331e-01
2.0890000000e+03,5.7652987281e-01
2.1180000000e+03,6.6366769931e-01
2.1350000000e+03,6.4416794498e-01
2.1320000000e+03,5.8855205956e-01
2.1050000000e+03,5.6898460322e-01
2.0610000000e+03,5.5682493017e-01
2.0200000000e+03,5.1707014449e-01
2.0040000000e+03,6.6644624344e-01
2.0250000000e+03,9.5485840788e-01
2.0720000000e+03,8.6083860214e-01
2.1230000000e+03,7.7779240195e-01
2.1570000000e+03,7.1365022366e-01
2.1650000000e+03,6.6104638219e-01
2.1490000000e+03,6.0221276718e-01
2.1180000000e+03,5.6953321919e-01
2.0800000000e+03,5.3133750674e-01
2.0350000000e+03,4.9092249302e-01
1.9830000000e+03,4.5477682914e-01
1.9210000000e+03,4.4416177036e-01
1.8540000000e+03,4.7078817698e-01
1.7960000000e+03,9.2837896804e-01
1.7630000000e+03,9.7540888135e-01
1.7670000000e+03,8.9061595556e-01
1.8040000000e+03,8.0997593807e-01
1.8560000000e+03,7.3650629907e-01
1.9010000000e+03,6.7565523807e-01
1.9250000000e+03,6.0801232988e-01
1.9280000000e+03,5.5686717890e-01
1.9150000000e+03,5.4275789125e-01
1.8900000000e+03,4.9570780280e-01
1.8550000000e+03,4.9483916612e-01
1.8150000000e+03,6.1221515669e-01
1.7780000000e+03,5.5151326232e-01
1.7530000000e+03,5.5006038341e-01
1.7500000000e+03,9.2850670585e-01
1.7700000000e+03,8.4982658943e-01
1.8020000000e+03,7.6464551572e-01
1.8300000000e+03,6.8946454644e-01
1.8410000000e+03,6.3705620532e-01
1.8340000000e+03,5.8019594050e-01
1.8150000000e+03,5.5092471796e-01
1.7930000000e+03,6.5091357972e-01
1.7700000000e+03,5.8789381703e-01
1.7480000000e+03,5.4188262946e-01
1.7250000000e+03,7.7039849499e-01
1.7070000000e+03,7.3910977336e-01
1.6980000000e+03,6.9419811729e-01
1.7050000000e+03,9.5861421559e-01
1.7280000000e+03,9.0508475900e-01
1.7630000000e+03,8.1715182207e-01
1.7990000000e+03,7.3479348273e-01
1.8250000000e+03,6.8664407896e-01
1.8380000000e+03,6.2894277685e-01
1.8410000000e+03,5.8202958138e-01
1.8420000000e+03,7.7833981037e-01
1.8400000000e+03,7.2852535564e-01
1.8310000000e+03,6.7295716610e-01
1.8110000000e+03,6.4828620031e-01
1.7790000000e+03,6.1429197790e-01
1.7410000000e+03,5.5884131313e-01
1.7110000000e+03,8.3710598712e-01
1.6980000000e+03,8.0479113600e-01
1.7050000000e+03,7.2310711654e-01
1.7250000000e+03,6.4518593133e-01
1.7480000000e+03,5.8908812027e-01
1.7680000000e+03,5.4046962292e-01
1.7800000000e+03,4.8987410839e-01
1.7820000000e+03,4.7988803584e-01
1.7670000000e+03,4.6524102510e-01
1.7370000000e+03,4.2786829870e-01
1.6980000000e+03,4.4420522840e-01
1.6570000000e+03,7.2604367883e-01
1.6250000000e+03,6.7366198948e-01
1.6120000000e+03,8.9657413095e-01
1.6260000000e+03,8.8253075621e-01
1.6680000000e+03,7.9628424464e-01
1.7330000000e+03,7.2114351058e-01
1.8040000000e+03,6.6808531775e-01
1.8630000000e+03,6.0009069059e-01
1.8990000000e+03,5.4007933716e-01
1.9110000000e+03,5.3002970808e-01
1.9020000000e+03,5.2181048494e-01
1.8780000000e+03,4.8122545805e-01
1.8440000000e+03,4.5715079434e-01
1.8030000000e+03,4.5672647334e-01
1.7640000000e+03,4.0913104964e-01
1.7330000000e+03,7.7804787213e-01
1.7180000000e+03,9.6996204591e-01
1.7200000000e+03,8.8767012662e-01
1.7340000000e+03,7.9486072188e-01
1.7510000000e+03,7.1639552327e-01
1.7600000000e+03,6.4748303125e-01
1.7560000000e+03,5.9816729450e-01
1.7390000000e+03,6.5575377549e-01
1.7160000000e+03,6.3436019211e-01
1.6960000000e+03,5.8106626585e-01
1.6840000000e+03,5.3802050187e-01
1.6820000000e+03,8.9893460039e-01
1.6940000000e+03,8.2202983512e-01
1.7200000000e+03,7.9710097320e-01
1.7600000000e+03,9.2791559705e-01
1.8100000000e+03,8.5898775040e-01
1.8610000000e+03,7.7666457208e-01
1.9010000000e+03,6.9818554833e-01
1.9230000000e+03,6.6402282600e-01
1.9260000000e+03,6.0349423789e-01
1.9140000000e+03,5.7176638558e-01
1.8930000000e+03,6.1065201023e-01
1.8660000000e+03,5.5852192834e-01
1.8360000000e+03,5.4009298736e-01
1.8070000000e+03,6.2486233527e-01
1.7830000000e+03,5.8517584709e-01
1.7690000000e+03,5.5516035134e-01
1.7660000000e+03,9.3899727936e-01
1.7720000000e+03,8.6144874633e-01
1.7810000000e+03,7.7299184810e-01
1.7860000000e+03,6.9290143513e-01
1.7880000000e+03,6.3066051989e-01
1.7890000000e+03,5.8597088826e-01
1.7890000000e+03,5.4917844580e-01
1.7870000000e+03,5.3131132797e-01
1.7790000000e+03,4.8189445279e-01
1.7610000000e+03,4.4723390602e-01
1.7330000000e+03,4.4682002176e-01
1.7000000000e+03,4.3982087469e-01
1.6700000000e+03,8.5351820274e-01
1.6530000000e+03,9.2060070211e-01
1.6550000000e+03,8.7073058549e-01
1.6780000000e+03,7.8459042165e-01
1.7120000000e+03,7.0518463749e-01
1.7460000000e+03,6.5401879171e-01
1.7690000000e+03,5.9199981850e-01
1.7800000000e+03,5.3830937067e-01
1.7820000000e+03,5.3596751058e-01
1.7810000000e+03,4.9039327609e-01
1.7760000000e+03,4.7126660906e-01
1.7660000000e+03,6.7729559317e-01
1.7510000000e+03,6.6217850409e-01
1.7320000000e+03,6.0465029623e-01
1.7160000000e+03,8.8743096568e-01
1.7130000000e+03,8.5484138364e-01
1.7260000000e+03,7.6751522927e-01
1.7490000000e+03,6.8613091039e-01
1.7730000000e+03,6.2282587263e-01
1.7880000000e+03,5.5813241432e-01
1.7930000000e+03,5.1721277326e-01
1.7890000000e+03,5.1615941735e-01
1.7780000000e+03,4.8187617633e-01
1.7590000000e+03,4.4911553443e-01
1.7320000000e+03,4.2993283725e-01
1.6980000000e+03,4.2839804311e-01
1.6650000000e+03,5.7742486147e-01
1.6410000000e+03,9.4281067394e-01
1.6340000000e+03,9.1528142313e-01
1.6460000000e+03,8.2888663524e-01
1.6710000000e+03,7.4733295937e-01
1.6980000000e+03,6.7435634773e-01
1.7190000000e+03,6.2213622792e-01
1.7300000000e+03,5.6814974268e-01
1.7310000000e+03,6.6863152248e-01
1.7260000000e+03,6.3208284943e-01
1.7170000000e+03,5.9087769936e-01
1.7070000000e+03,5.8390949055e-01
1.7000000000e+03,5.7875902430e-01
1.6940000000e+03,5.3235261546e-01
1.6870000000e+03,4.8862652915e-01
1.6740000000e+03,4.4252335713e-01
1.6560000000e+03,4.0560228975e-01
1.6350000000e+03,3.6909372687e-01
1.6140000000e+03,3.4115287238e-01
1.5990000000e+03,3.1205758565e-01
1.5940000000e+03,2.9966023197e-01
1.6020000000e+03,9.0521931913e-01
1.6200000000e+03,8.6534496104e-01
1.6410000000e+03,7.7650099992e-01
1.6570000000e+03,7.1710468152e-01
1.6650000000e+03,6.5657932505e-01
1.6670000000e+03,6.1888039835e-01
1.6680000000e+03,8.6522122120e-01
1.6750000000e+03,8.5862527439e-01
1.6910000000e+03,8.0563653781e-01
1.7120000000e+03,7.2408130588e-01
1.7270000000e+03,6.5595220524e-01
1.7250000000e+03,5.9549062971e-01
1.7020000000e+03,5.4038885736e-01
1.6670000000e+03,4.8679235113e-01
1.6310000000e+03,4.5320168234e-01
1.6030000000e+03,7.8106889655e-01
1.5850000000e+03,7.6465888929e-01
1.5760000000e+03,7.1675931486e-01
1.5720000000e+03,6.5824621041e-01
1.5710000000e+03,6.1061295922e-01
1.5710000000e+03,5.7065400483e-01
1.5700000000e+03,5.5071751799e-01
1.5710000000e+03,5.2540160767e-01
1.5720000000e+03,4.9050226873e-01
1.5730000000e+03,4.4685828595e-01
1.5730000000e+03,4.2537990345e-01
1.5730000000e+03,4.2198673381e-01
1.5720000000e+03,4.1337950742e-01
1.5720000000e+03,4.1083648121e-01
1.5730000000e+03,4.0108584201e-01
1.5780000000e+03,3.8838455274e-01
1.5900000000e+03,3.7828484454e-01
1.6130000000e+03,4.6132597181e-01
1.6510000000e+03,5.7561417570e-01
1.7020000000e+03,5.4777389162e-01
1.7640000000e+03,5.1361356054e-01
1.8290000000e+03,4.7383855875e-01
1.8890000000e+03,4.4279445157e-01
1.9400000000e+03,4.2274577691e-01
1.9850000000e+03,7.2971048076e-01
2.0270000000e+03,7.1022363049e-01
2.0680000000e+03,6.5426177885e-01
2.1040000000e+03,5.9780527911e-01
2.1260000000e+03,5.4973450928e-01
2.1310000000e+03,4.9809537239e-01
2.1260000000e+03,4.6608457704e-01
2.1270000000e+03,9.2774240501e-01
2.1480000000e+03,8.8380191234e-01
2.1870000000e+03,8.2193743392e-01
2.2330000000e+03,7.4848319976e-01
2.2330000000e+03,7.0122906889e-01
2.2330000000e+03,6.5346801779e-01
2.2330000000e+03,6.0518648621e-01
2.2330000000e+03,5.7711534099e-01
2.2330000000e+03,5.5111644118e-01
2.2330000000e+03,5.3833574158e-01
2.2330000000e+03,5.1707113399e-01
2.2330000000e+03,4.9745564002e-01
2.2330000000e+03,4.6518591357e-01
2.2330000000e+03,7.8405380276e-01
2.2330000000e+03,7.7292341998e-01
2.2330000000e+03,6.9790602084e-01
2.1910000000e+03,6.2881023228e-01
2.1320000000e+03,6.0408257466e-01
2.0680000000e+03,5.6673584309e-01
2.0140000000e+03,5.3642623485e-01
1.9790000000e+03,7.4252176052e-01
1.9670000000e+03,7.1312196772e-01
1.9670000000e+03,6.6594718421e-01
1.9710000000e+03,6.1088816466e-01
1.9690000000e+03,5.7152371881e-01
1.9590000000e+03,5.3310059498e-01
1.9490000000e+03,7.4782437133e-01
1.9470000000e+03,7.4278513076e-01
1.9580000000e+03,6.7153106490e-01
1.9820000000e+03,6.1431932588e-01
2.0110000000e+03,5.6766146957e-01
2.0350000000e+03,5.1561557908e-01
2.0400000000e+03,4.7775319819e-01
2.0210000000e+03,4.6395891167e-01
1.9790000000e+03,5.4001319922e-01
1.9280000000e+03,5.2423778166e-01
1.8780000000e+03,5.0210727669e-01
1.8330000000e+03,4.6966377143e-01
1.7930000000e+03,4.4354418079e-01
1.7610000000e+03,8.7843739370e-01
1.7430000000e+03,9.3173436388e-01
1.7430000000e+03,8.5013217660e-01
1.7570000000e+03,7.6305017332e-01
1.7790000000e+03,6.9385752292e-01
1.8030000000e+03,6.5440327408e-01
1.8240000000e+03,5.9318274762e-01
1.8420000000e+03,7.7082418310e-01
1.8560000000e+03,7.5520478503e-01
1.8630000000e+03,6.9534899903e-01
1.8540000000e+03,6.3644706803e-01
1.8300000000e+03,6.2674944049e-01
1.7990000000e+03,5.7054145554e-01
1.7740000000e+03,5.5543088240e-01
1.7660000000e+03,9.3983411255e-01
1.7730000000e+03,8.5325817012e-01
1.7900000000e+03,7.7433277089e-01
1.8060000000e+03,6.9873059976e-01
1.8150000000e+03,6.4930964193e-01
1.8160000000e+03,6.0372154013e-01
1.8140000000e+03,5.6996627021e-01
1.8120000000e+03,6.9204265165e-01
1.8080000000e+03,6.2531570416e-01
1.7970000000e+03,5.6593696531e-01
1.7730000000e+03,5.2019282172e-01
1.7400000000e+03,5.0016611224e-01
1.7080000000e+03,8.6049742494e-01
1.6930000000e+03,9.8112037949e-01
1.7040000000e+03,9.1132017310e-01
1.7380000000e+03,8.2161411249e-01
1.7780000000e+03,7.3505586333e-01
1.8060000000e+03,6.9309675362e-01
1.8150000000e+03,6.2847798071e-01
1.8110000000e+03,5.7874301338e-01
1.8020000000e+03,8.9243095397e-01
1.7940000000e+03,8.1689551120e-01
1.7840000000e+03,7.3892697432e-01
1.7740000000e+03,7.0582186155e-01
1.7640000000e+03,6.5200002728e-01
1.7590000000e+03,5.9103260209e-01
1.7640000000e+03,9.4465228137e-01
1.7820000000e+03,8.8969410077e-01
1.8080000000e+03,7.9896117886e-01
1.8380000000e+03,7.1860337730e-01
1.8650000000e+03,6.6637048133e-01
1.8870000000e+03,6.2029601174e-01
1.8980000000e+03,5.7410393629e-01
1.8970000000e+03,5.5991962772e-01
1.8810000000e+03,5.1325354507e-01
1.8550000000e+03,4.8223152031e-01
1.8250000000e+03,6.0011657317e-01
1.7940000000e+03,5.7468847777e-01
1.7690000000e+03,5.2976049356e-01
1.7570000000e+03,9.3636000321e-01
1.7670000000e+03,8.9662677590e-01
1.8000000000e+03,8.1213415559e-01
1.8510000000e+03,7.3876669053e-01
1.9130000000e+03,7.0873228613e-01
1.9770000000e+03,6.4595849156e-01
2.0360000000e+03,6.1542665159e-01
2.0800000000e+03,6.6176803980e-01
2.1010000000e+03,6.2328722788e-01
2.0950000000e+03,5.6196134755e-01
2.0610000000e+03,5.4989213728e-01
2.0070000000e+03,5.2020932826e-01
1.9470000000e+03,4.7284848047e-01
1.9020000000e+03,9.2865779980e-01
1.8880000000e+03,9.0571610791e-01
1.9040000000e+03,8.1565470499e-01
1.9400000000e+03,7.4397104873e-01
1.9840000000e+03,6.8226404657e-01
2.0250000000e+03,6.1644345114e-01
2.0590000000e+03,5.7543013454e-01
2.0780000000e+03,5.4118530129e-01
2.0780000000e+03,5.0107361294e-01
2.0560000000e+03,4.6782933540e-01
2.0110000000e+03,4.5058310851e-01
1.9490000000e+03,5.4636949569e-01
1.8830000000e+03,4.9960836807e-01
1.8290000000e+03,9.3227935676e-01
1.8030000000e+03,9.2794320522e-01
1.8090000000e+03,8.4007503936e-01
1.8380000000e+03,7.5754690846e-01
1.8760000000e+03,6.9006168698e-01
1.9100000000e+03,6.4878388873e-01
1.9380000000e+03,5.8640803291e-01
1.9610000000e+03,6.8420510071e-01
1.9770000000e+03,6.7681636687e-01
1.9850000000e+03,6.1955211811e-01
1.9780000000e+03,5.7610334434e-01
1.9570000000e+03,5.5062235068e-01
1.9260000000e+03,5.1081494937e-01
1.8960000000e+03,5.6509636642e-01
1.8800000000e+03,9.1775236489e-01
1.8810000000e+03,8.3177866623e-01
1.8950000000e+03,7.4780727790e-01
1.9120000000e+03,6.8815116782e-01
1.9270000000e+03,6.4811822877e-01
1.9370000000e+03,6.2076736377e-01
1.9410000000e+03,5.8169163404e-01
1.9350000000e+03,5.6490746132e-01
1.9170000000e+03,5.2185632413e-01
1.8850000000e+03,5.0031868328e-01
1.8390000000e+03,4.9445391739e-01
1.7890000000e+03,4.6166696297e-01
1.7450000000e+03,8.4808679584e-01
1.7170000000e+03,9.7944078349e-01
1.7110000000e+03,9.0666298463e-01
1.7240000000e+03,8.2571693660e-01
1.7480000000e+03,7.5885307482e-01
1.7710000000e+03,6.8525341275e-01
1.7810000000e+03,6.1134911121e-01
1.7760000000e+03,6.0757892871e-01
1.7620000000e+03,9.0146612441e-01
1.7460000000e+03,8.2354798725e-01
1.7320000000e+03,7.4858088725e-01
1.7210000000e+03,6.9172286428e-01
1.7130000000e+03,6.3325211291e-01
1.7110000000e+03,6.0957023326e-01
1.7180000000e+03,9.4716107693e-01
1.7310000000e+03,8.8027144074e-01
1.7440000000e+03,7.8890213644e-01
1.7530000000e+03,7.0749885036e-01
1.7550000000e+03,6.4352991127e-01
1.7530000000e+03,5.7978565907e-01
1.7500000000e+03,5.4508418926e-01
1.7470000000e+03,8.0867115377e-01
1.7390000000e+03,7.4312257582e-01
1.7240000000e+03,6.6286761267e-01
1.7000000000e+03,5.9860530942e-01
1.6720000000e+03,5.5539318286e-01
1.6520000000e+03,6.4587230782e-01
1.6490000000e+03,9.5207402848e-01
1.6720000000e+03,9.0994271748e-01
1.7180000000e+03,8.2439242825e-01
1.7750000000e+03,7.3784285675e-01
1.8220000000e+03,6.9102705799e-01
1.8460000000e+03,6.3013858000e-01
1.8460000000e+03,5.7216844322e-01
1.8310000000e+03,9.4209929509e-01
1.8130000000e+03,8.7103587445e-01
1.7970000000e+03,7.9094684169e-01
1.7860000000e+03,7.3406124519e-01
1.7820000000e+03,6.8420881408e-01
1.7900000000e+03,6.2400206688e-01
1.8100000000e+03,8.3199082736e-01
1.8400000000e+03,8.2613203115e-01
1.8690000000e+03,7.4297906207e-01
1.8910000000e+03,6.6808710996e-01
1.9030000000e+03,6.1926827743e-01
1.9100000000e+03,5.7133528654e-01
1.9200000000e+03,5.5932717041e-01
1.9340000000e+03,9.4036141779e-01
1.9480000000e+03,8.7207022825e-01
1.9530000000e+03,7.8390753718e-01
1.9390000000e+03,7.3615226262e-01
1.9030000000e+03,6.9496278071e-01
1.8520000000e+03,6.2787293156e-01
1.8000000000e+03,7.1160940095e-01
1.7680000000e+03,9.3680625502e-01
1.7690000000e+03,8.5278661837e-01
1.8060000000e+03,7.6862849789e-01
1.8640000000e+03,7.0551028350e-01
1.9250000000e+03,6.5460138171e-01
1.9690000000e+03,5.9579451182e-01
1.9830000000e+03,5.7816731383e-01
1.9650000000e+03,5.6028580879e-01
1.9250000000e+03,5.1376926675e-01
1.8750000000e+03,4.7823136755e-01
1.8300000000e+03,4.4937422600e-01
1.7990000000e+03,4.4875062563e-01
1.7930000000e+03,9.1479910931e-01
1.8170000000e+03,9.1234034305e-01
1.8690000000e+03,8.2555758808e-01
1.9360000000e+03,7.5127674560e-01
2.0040000000e+03,6.8035710883e-01
2.0630000000e+03,6.2310137951e-01
2.1060000000e+03,5.6827229222e-01
2.1240000000e+03,5.4474114870e-01
2.1120000000e+03,5.2180091277e-01
2.0710000000e+03,4.7651823578e-01
2.0080000000e+03,4.4087881499e-01
1.9380000000e+03,9.2433117606e-01
1.8760000000e+03,8.5662097268e-01
1.8350000000e+03,7.9628784734e-01
1.8200000000e+03,9.7243055812e-01
1.8300000000e+03,8.9224709554e-01
1.8490000000e+03,8.0362109456e-01
1.8630000000e+03,7.2430042156e-01
1.8650000000e+03,6.9661868183e-01
1.8580000000e+03,6.3161032568e-01
1.8540000000e+03,6.1989357177e-01
1.8560000000e+03,8.7271794961e-01
1.8620000000e+03,8.0826015406e-01
1.8630000000e+03,7.4337671744e-01
1.8550000000e+03,7.1057200339e-01
1.8400000000e+03,6.5668484796e-01
1.8230000000e+03,6.2559697302e-01
1.8150000000e+03,9.2993899902e-01
1.8170000000e+03,8.6125545091e-01
1.8260000000e+03,7.7325338875e-01
1.8340000000e+03,6.9761921674e-01
1.8390000000e+03,6.4574582289e-01
1.8390000000e+03,5.9572098522e-01
1.8360000000e+03,5.3643549185e-01
1.8300000000e+03,6.2556353897e-01
1.8210000000e+03,6.1968838334e-01
1.8100000000e+03,5.7318705792e-01
1.7960000000e+03,5.5529459878e-01
1.7770000000e+03,5.3899011672e-01
1.7580000000e+03,5.3009994285e-01
1.7410000000e+03,9.3640594267e-01
1.7340000000e+03,8.9104543784e-01
1.7380000000e+03,8.0801734547e-01
1.7480000000e+03,7.2332694501e-01
1.7590000000e+03,7.0797473087e-01
1.7650000000e+03,6.4768952237e-01
1.7650000000e+03,5.8181071450e-01
1.7600000000e+03,9.4340423460e-01
1.7510000000e+03,8.8746054502e-01
1.7450000000e+03,8.0071689374e-01
1.7410000000e+03,7.3736530152e-01
1.7420000000e+03,6.8544037325e-01
1.7530000000e+03,6.3203230639e-01
1.7750000000e+03,9.5020098796e-01
1.8090000000e+03,9.1548219888e-01
1.8440000000e+03,8.2381458651e-01
1.8670000000e+03,7.4291337414e-01
1.8710000000e+03,6.9038271982e-01
1.8570000000e+03,6.3999524573e-01
1.8350000000e+03,5.9416523648e-01
1.8170000000e+03,5.8488315357e-01
1.8060000000e+03,5.6799486186e-01
1.7980000000e+03,5.1123071562e-01
1.7840000000e+03,4.9473470933e-01
1.7590000000e+03,4.6242737540e-01
1.7270000000e+03,4.5074054152e-01
1.7000000000e+03,9.2566581562e-01
1.6910000000e+03,9.1308257508e-01
1.7070000000e+03,8.2349192788e-01
1.7380000000e+03,7.4508601801e-01
1.7700000000e+03,6.8227360695e-01
1.7870000000e+03,6.3008712329e-01
1.7850000000e+03,5.7084210550e-01
1.7700000000e+03,6.6065566067e-01
1.7530000000e+03,6.4603330973e-01
1.7380000000e+03,5.9319217780e-01
1.7250000000e+03,5.5595222300e-01
1.7160000000e+03,6.1939161099e-01
1.7120000000e+03,5.7402956400e-01
1.7190000000e+03,5.6696726804e-01
1.7380000000e+03,8.8813902643e-01
1.7700000000e+03,8.0842079619e-01
1.8080000000e+03,7.5308326292e-01
1.8470000000e+03,6.9664586011e-01
1.8810000000e+03,6.3555527022e-01
1.9050000000e+03,5.7679879331e-01
1.9190000000e+03,5.2729205845e-01
1.9230000000e+03,5.0028658278e-01
1.9170000000e+03,4.6882577998e-01
1.9020000000e+03,4.4842060313e-01
1.8760000000e+03,4.4722558503e-01
1.8410000000e+03,4.4507668824e-01
1.8080000000e+03,8.2941572827e-01
1.7880000000e+03,9.3753280255e-01
1.7890000000e+03,8.6557640380e-01
1.8090000000e+03,7.7961222261e-01
1.8360000000e+03,7.1148658788e-01
1.8680000000e+03,6.7119580859e-01
1.9030000000e+03,6.0090700838e-01
1.9400000000e+03,5.8216741233e-01
1.9740000000e+03,7.8085054173e-01
1.9940000000e+03,7.1795482695e-01
1.9920000000e+03,6.6658871910e-01
1.9710000000e+03,6.4163003227e-01
1.9460000000e+03,5.8689416998e-01
1.9380000000e+03,5.6748322597e-01
1.9560000000e+03,8.8462270832e-01
1.9900000000e+03,8.2243987256e-01
2.0190000000e+03,7.4011796729e-01
2.0290000000e+03,6.6246168356e-01
2.0190000000e+03,6.1372872779e-01
2.0090000000e+03,5.7142673299e-01
2.0170000000e+03,6.4375078361e-01
2.0460000000e+03,7.9412754495e-01
2.0850000000e+03,7.3579713078e-01
2.1090000000e+03,6.6824841321e-01
2.1060000000e+03,6.1757540811e-01
2.0730000000e+03,5.7497051499e-01
2.0190000000e+03,6.0815617033e-01
1.9610000000e+03,9.4696970433e-01
1.9140000000e+03,8.9771202362e-01
1.8880000000e+03,8.1722794058e-01
1.8810000000e+03,7.3494365642e-01
1.8880000000e+03,6.8560789912e-01
1.9010000000e+03,6.2824645017e-01
1.9160000000e+03,5.7634204879e-01
1.9290000000e+03,5.4864586959e-01
1.9350000000e+03,5.1686700554e-01
1.9270000000e+03,4.7197190824e-01
1.9060000000e+03,4.6680726526e-01
1.8750000000e+03,4.3311323685e-01
1.8430000000e+03,4.0122056111e-01
1.8200000000e+03,9.1896401504e-01
1.8120000000e+03,8.7898829912e-01
1.8220000000e+03,7.8841453672e-01
1.8420000000e+03,7.0810647888e-01
1.8640000000e+03,6.4913874058e-01
1.8850000000e+03,5.9257121563e-01
1.9020000000e+03,5.4919239600e-01
1.9150000000e+03,5.4299142679e-01
1.9220000000e+03,6.4114938930e-01
1.9220000000e+03,5.9978924329e-01
1.9130000000e+03,5.6111192196e-01
1.8950000000e+03,5.3774603863e-01
1.8690000000e+03,5.0328273230e-01
1.8450000000e+03,8.8549447047e-01
1.8380000000e+03,8.6823074518e-01
1.8560000000e+03,7.9292140681e-01
1.8900000000e+03,7.1515680747e-01
1.9210000000e+03,6.4717220114e-01
1.9350000000e+03,5.9409181155e-01
1.9280000000e+03,5.6374529867e-01
1.9110000000e+03,5.6337165176e-01
1.8900000000e+03,5.5013895283e-01
1.8720000000e+03,4.9383323640e-01
1.8560000000e+03,4.6214148469e-01
1.8450000000e+03,6.6750035753e-01
1.8420000000e+03,6.1422338849e-01
1.8500000000e+03,7.7183572458e-01
1.8730000000e+03,9.1644921278e-01
1.9040000000e+03,8.2594631976e-01
1.9340000000e+03,7.4648050887e-01
1.9560000000e+03,6.8060424640e-01
1.9690000000e+03,6.3013378630e-01
1.9780000000e+03,5.7728114418e-01
1.9850000000e+03,5.7390097008e-01
1.9830000000e+03,7.6038316128e-01
1.9660000000e+03,6.9326798007e-01
1.9340000000e+03,6.3707520112e-01
1.8960000000e+03,6.1191829704e-01
1.8630000000e+03,5.8040964061e-01
1.8490000000e+03,5.6900484783e-01
1.8590000000e+03,9.2278066524e-01
1.8890000000e+03,8.5445962405e-01
1.9290000000e+03,7.7605644140e-01
1.9630000000e+03,7.1343024050e-01
1.9800000000e+03,6.5221052040e-01
1.9830000000e+03,5.9546440953e-01
1.9900000000e+03,5.9277458888e-01
2.0110000000e+03,8.6890990182e-01
2.0440000000e+03,8.0255557740e-01
2.0740000000e+03,7.2646256155e-01
2.0820000000e+03,6.6827308574e-01
2.0640000000e+03,6.1302113396e-01
2.0260000000e+03,5.9901730542e-01
1.9860000000e+03,9.4573289346e-01
1.9590000000e+03,8.6911629310e-01
1.9490000000e+03,7.8280864951e-01
1.9490000000e+03,7.2245798511e-01
1.9560000000e+03,6.6670092778e-01
1.9680000000e+03,6.0965908836e-01
1.9880000000e+03,7.4897564291e-01
2.0160000000e+03,7.4797561751e-01
2.0450000000e+03,7.0069855862e-01
2.0660000000e+03,6.3660598115e-01
2.0700000000e+03,5.7689214229e-01
2.0550000000e+03,5.2752588124e-01
2.0290000000e+03,5.0177445807e-01
2.0040000000e+03,9.3257250517e-01
1.9900000000e+03,8.9285517643e-01
1.9840000000e+03,8.0409623627e-01
1.9800000000e+03,7.1920045216e-01
1.9700000000e+03,6.8477709571e-01
1.9570000000e+03,6.3771795241e-01
1.9470000000e+03,5.9713994504e-01
1.9440000000e+03,7.7385800957e-01
1.9470000000e+03,7.1091080501e-01
1.9520000000e+03,6.6304999721e-01
1.9540000000e+03,7.3453917552e-01
1.9490000000e+03,6.7099149207e-01
1.9380000000e+03,6.0556421117e-01
1.9250000000e+03,9.3244365079e-01
1.9110000000e+03,8.9511181518e-01
1.8950000000e+03,8.0627847649e-01
1.8730000000e+03,7.2698984155e-01
1.8460000000e+03,6.5727544323e-01
1.8210000000e+03,5.9897059891e-01
1.7950000000e+03,5.4594993790e-01
1.7650000000e+03,5.3264736282e-01
1.7240000000e+03,4.9577024901e-01
1.6770000000e+03,4.5460842010e-01
1.6330000000e+03,4.9217227036e-01
1.6020000000e+03,8.3152363053e-01
1.5870000000e+03,7.8890144792e-01
1.5900000000e+03,9.0425751934e-01
1.6100000000e+03,8.8591864871e-01
1.6480000000e+03,7.9799247970e-01
1.6960000000e+03,7.2108614518e-01
1.7390000000e+03,6.4879829988e-01
1.7620000000e+03,5.8317478155e-01
1.7600000000e+03,5.2266649170e-01
1.7400000000e+03,5.2036476471e-01
1.7140000000e+03,5.1565310490e-01
1.6890000000e+03,4.7801871162e-01
1.6660000000e+03,4.5037149705e-01
1.6440000000e+03,4.4474992228e-01
1.6280000000e+03,4.0779222390e-01
1.6180000000e+03,9.1218874968e-01
1.6160000000e+03,9.7180987469e-01
1.6230000000e+03,8.8104503922e-01
1.6350000000e+03,7.9080404197e-01
1.6470000000e+03,7.0872737312e-01
1.6590000000e+03,6.4004525024e-01
1.6690000000e+03,5.7100426054e-01
1.6780000000e+03,9.4194174009e-01
1.6850000000e+03,8.7375875862e-01
1.6910000000e+03,7.8838953476e-01
1.6990000000e+03,8.5431224138e-01
1.7070000000e+03,8.3172481780e-01
1.7120000000e+03,7.5900758057e-01
1.7140000000e+03,9.6738522266e-01
1.7190000000e+03,9.6738367338e-01
1.7330000000e+03,8.8195768493e-01
1.7570000000e+03,7.9910471149e-01
1.7850000000e+03,7.2110890450e-01
1.8090000000e+03,6.7241105407e-01
1.8270000000e+03,6.0102643436e-01
1.8380000000e+03,5.4866058283e-01
1.8410000000e+03,7.4754040443e-01
1.8320000000e+03,6.8305743187e-01
1.8100000000e+03,6.2589597425e-01
1.7770000000e+03,9.1216253988e-01
1.7350000000e+03,8.3127291237e-01
1.6950000000e+03,7.7642903174e-01
1.6720000000e+03,9.6974295969e-01
1.6760000000e+03,8.8307698673e-01
1.7050000000e+03,7.9021204322e-01
1.7470000000e+03,7.0606643855e-01
1.7910000000e+03,6.5502265068e-01
1.8300000000e+03,5.9651420704e-01
1.8580000000e+03,5.4153681025e-01
1.8700000000e+03,5.3067772789e-01
1.8600000000e+03,4.7437231097e-01
1.8280000000e+03,4.4817133207e-01
1.7820000000e+03,6.6616395681e-01
1.7320000000e+03,6.2036901172e-01
1.6910000000e+03,7.5266906258e-01
1.6660000000e+03,9.6652739753e-01
1.6620000000e+03,8.9688931052e-01
1.6750000000e+03,8.1003867064e-01
1.6940000000e+03,7.2925781283e-01
1.7120000000e+03,6.5426625325e-01
1.7190000000e+03,5.8608960682e-01
1.7170000000e+03,5.3592441485e-01
1.7070000000e+03,5.2921351567e-01
1.6940000000e+03,4.7938254332e-01
1.6800000000e+03,4.3031749939e-01
1.6660000000e+03,4.2298874331e-01
1.6520000000e+03,4.3620920294e-01
1.6400000000e+03,5.8307139099e-01
1.6360000000e+03,9.4357484861e-01
1.6420000000e+03,8.9769535858e-01
1.6560000000e+03,8.0885219481e-01
1.6730000000e+03,7.2266898800e-01
1.6870000000e+03,6.4507417270e-01
1.6920000000e+03,5.8022707652e-01
1.6900000000e+03,5.1855598458e-01
1.6810000000e+03,5.7414798209e-01
1.6690000000e+03,5.4258513282e-01
1.6600000000e+03,4.8645435528e-01
1.6590000000e+03,5.2176070473e-01
1.6670000000e+03,5.1854433281e-01
1.6870000000e+03,9.3008397249e-01
1.7240000000e+03,9.2580926791e-01
1.7770000000e+03,8.8140630546e-01
1.8450000000e+03,7.9991459979e-01
1.9160000000e+03,7.1908470105e-01
1.9810000000e+03,6.5287760088e-01
2.0300000000e+03,5.9954721667e-01
2.0550000000e+03,5.3479795275e-01
2.0560000000e+03,7.8668214185e-01
2.0320000000e+03,7.5158850583e-01
1.9920000000e+03,6.8553331683e-01
1.9480000000e+03,7.9185313915e-01
1.9110000000e+03,7.6582853434e-01
1.8920000000e+03,6.9852017716e-01
1.8920000000e+03,6.6592807751e-01
1.9010000000e+03,8.2558180462e-01
1.9040000000e+03,7.4560225844e-01
1.8920000000e+03,6.6572142847e-01
1.8710000000e+03,6.1007279746e-01
1.8540000000e+03,5.5684173277e-01
1.8520000000e+03,5.0831022564e-01
1.8620000000e+03,5.0798786095e-01
1.8730000000e+03,4.8013832480e-01
1.8730000000e+03,4.2952641241e-01
1.8540000000e+03,3.9482674240e-01
1.8190000000e+03,3.6286438415e-01
1.7770000000e+03,3.4531100188e-01
1.7400000000e+03,9.1139747901e-01
1.7200000000e+03,9.4809295693e-01
1.7250000000e+03,8.6067880253e-01
1.7530000000e+03,7.8050235778e-01
1.7900000000e+03,7.0526249290e-01
1.8150000000e+03,6.3382083319e-01
1.8130000000e+03,5.7984815001e-01
1.7860000000e+03,5.4798504226e-01
1.7480000000e+03,5.2655626676e-01
1.7100000000e+03,4.6968980198e-01
1.6820000000e+03,4.4097570157e-01
1.6650000000e+03,7.8666454770e-01
1.6590000000e+03,7.4676388115e-01
1.6660000000e+03,9.6572821813e-01
1.6870000000e+03,9.5223772832e-01
1.7220000000e+03,8.6478481608e-01
1.7630000000e+03,7.7298279521e-01
1.8020000000e+03,7.0624969767e-01
1.8320000000e+03,6.4257977401e-01
1.8500000000e+03,5.7752059092e-01
1.8570000000e+03,5.2806216871e-01
1.8560000000e+03,6.4252099587e-01
1.8500000000e+03,5.8059823109e-01
1.8370000000e+03,5.2160217823e-01
1.8170000000e+03,7.4381118056e-01
1.7910000000e+03,7.2655010329e-01
1.7660000000e+03,7.0891263422e-01
1.7510000000e+03,9.5853646126e-01
1.7520000000e+03,8.9689291517e-01
1.7680000000e+03,8.1620364222e-01
1.7910000000e+03,7.2982499704e-01
1.8120000000e+03,6.7728368471e-01
1.8260000000e+03,6.1058758103e-01
1.8320000000e+03,6.0689520067e-01
1.8300000000e+03,6.8333204154e-01
1.8170000000e+03,6.4108473217e-01
1.7950000000e+03,5.7483699704e-01
1.7680000000e+03,9.3261579936e-01
1.7400000000e+03,8.7334278882e-01
1.7170000000e+03,7.9168940902e-01
1.7030000000e+03,9.7180822717e-01
1.7010000000e+03,9.0600355599e-01
1.7110000000e+03,8.0973342637e-01
1.7310000000e+03,7.3166057079e-01
1.7570000000e+03,6.6125137568e-01
1.7890000000e+03,5.9733010224e-01
1.8240000000e+03,5.7898371088e-01
1.8540000000e+03,7.1205906720e-01
1.8710000000e+03,6.5304259277e-01
1.8780000000e+03,5.8960056567e-01
1.8740000000e+03,5.4525633518e-01
1.8580000000e+03,5.3131732960e-01
1.8300000000e+03,5.1798245966e-01
1.7970000000e+03,9.3476601965e-01
1.7760000000e+03,9.0299422060e-01
1.7750000000e+03,8.2450386295e-01
1.7890000000e+03,7.4826959893e-01
1.8030000000e+03,6.7338932165e-01
1.8030000000e+03,6.0197342586e-01
1.7860000000e+03,5.7978771033e-01
1.7650000000e+03,7.7037538591e-01
1.7510000000e+03,6.9139248743e-01
1.7530000000e+03,6.2349370516e-01
1.7690000000e+03,6.5715327311e-01
1.7890000000e+03,6.7313490013e-01
1.8070000000e+03,6.1141897628e-01
1.8220000000e+03,8.4682410664e-01
1.8340000000e+03,8.4371394467e-01
1.8430000000e+03,7.6020497134e-01
1.8390000000e+03,6.7810516177e-01
1.8250000000e+03,6.7729387712e-01
1.8110000000e+03,6.4136404489e-01
1.8070000000e+03,5.7475748700e-01
1.8170000000e+03,9.4244968406e-01
1.8390000000e+03,9.0519153301e-01
1.8650000000e+03,8.1646733865e-01
1.8870000000e+03,7.3087361174e-01
1.9020000000e+03,6.7053311904e-01
1.9090000000e+03,6.0760455865e-01
1.9160000000e+03,8.3950811670e-01
1.9320000000e+03,9.7827978552e-01
1.9580000000e+03,8.9486859950e-01
1.9840000000e+03,8.0215728930e-01
2.0020000000e+03,7.2398650366e-01
2.0140000000e+03,6.5171974455e-01
2.0270000000e+03,5.8378972590e-01
2.0440000000e+03,6.8119243909e-01
2.0550000000e+03,7.1276401211e-01
2.0520000000e+03,6.4748231449e-01
2.0360000000e+03,6.1143961991e-01
2.0120000000e+03,6.4110229016e-01
1.9910000000e+03,5.9293280679e-01
1.9770000000e+03,5.6378135285e-01
1.9720000000e+03,9.4096422583e-01
1.9690000000e+03,8.5642241491e-01
1.9600000000e+03,7.6790984450e-01
1.9460000000e+03,6.9133405443e-01
1.9310000000e+03,6.4565217037e-01
1.9230000000e+03,6.0661600108e-01
1.9150000000e+03,5.7970630714e-01
1.9020000000e+03,5.5073782674e-01
1.8730000000e+03,5.0442508397e-01
1.8270000000e+03,4.6103300340e-01
1.7720000000e+03,4.3022067481e-01
1.7140000000e+03,3.9857386442e-01
1.6650000000e+03,9.1044079846e-01
1.6340000000e+03,9.8787948009e-01
1.6280000000e+03,9.1094565594e-01
1.6450000000e+03,8.2514599609e-01
1.6760000000e+03,7.4152390184e-01
1.7030000000e+03,6.6321574781e-01
1.7160000000e+03,5.9516885126e-01
1.7110000000e+03,5.4649109710e-01
1.6950000000e+03,5.8524286331e-01
1.6750000000e+03,5.2306136821e-01
1.6570000000e+03,4.7843404389e-01
1.6420000000e+03,7.7813157160e-01
1.6290000000e+03,7.0376233420e-01
1.6210000000e+03,6.7294301791e-01
1.6200000000e+03,9.5573765069e-01
1.6290000000e+03,8.9968071162e-01
1.6470000000e+03,8.0788861109e-01
1.6680000000e+03,7.2232541807e-01
1.6850000000e+03,6.5809632891e-01
1.6950000000e+03,6.1765687233e-01
1.6970000000e+03,5.6472730003e-01
1.6940000000e+03,5.2350207637e-01
1.6900000000e+03,4.8513685216e-01
1.6880000000e+03,4.4797887324e-01
1.6860000000e+03,4.7993149845e-01
1.6820000000e+03,5.9694507922e-01
1.6780000000e+03,6.9885727517e-01
1.6790000000e+03,9.5924476404e-01
1.6940000000e+03,9.1634793422e-01
1.7270000000e+03,8.2691160417e-01
1.7720000000e+03,7.4290271673e-01
1.8190000000e+03,7.0199980254e-01
1.8650000000e+03,6.3764742613e-01
1.9050000000e+03,5.9922961087e-01
1.9350000000e+03,8.5776237925e-01
1.9500000000e+03,7.8991779616e-01
1.9430000000e+03,7.1131431031e-01
1.9170000000e+03,9.4975068940e-01
1.8780000000e+03,9.0511729942e-01
1.8400000000e+03,8.0848396340e-01
1.8220000000e+03,8.6651535506e-01
1.8340000000e+03,8.5884723385e-01
1.8730000000e+03,7.7265561595e-01
1.9210000000e+03,6.9225801502e-01
1.9650000000e+03,6.2370057870e-01
1.9980000000e+03,5.7558557943e-01
2.0170000000e+03,5.4545291775e-01
2.0160000000e+03,5.0969035973e-01
1.9930000000e+03,4.9531696673e-01
1.9570000000e+03,4.5600362319e-01
1.9150000000e+03,9.2637809626e-01
1.8720000000e+03,8.7402933070e-01
1.8300000000e+03,8.1225226093e-01
1.7930000000e+03,9.7459110656e-01
1.7680000000e+03,9.6317910854e-01
1.7600000000e+03,8.7247295608e-01
1.7660000000e+03,7.9413281182e-01
1.7780000000e+03,7.1521253039e-01
1.7830000000e+03,6.4114999594e-01
1.7740000000e+03,5.7589557699e-01
1.7500000000e+03,5.2126780208e-01
1.7170000000e+03,4.9823471308e-01
1.6830000000e+03,4.4991494215e-01
1.6540000000e+03,4.4472763388e-01
1.6310000000e+03,5.0248629856e-01
1.6170000000e+03,4.5603186525e-01
1.6130000000e+03,9.2638191841e-01
1.6230000000e+03,9.7051452769e-01
1.6470000000e+03,8.8516345672e-01
1.6810000000e+03,7.9321080892e-01
1.7150000000e+03,7.6689863599e-01
1.7380000000e+03,7.1263450882e-01
1.7430000000e+03,6.3697256700e-01
1.7320000000e+03,5.8160275749e-01
1.7110000000e+03,5.4448814678e-01
1.6900000000e+03,4.9876788359e-01
1.6760000000e+03,4.7680031907e-01
1.6710000000e+03,4.8946041469e-01
1.6770000000e+03,4.7199485535e-01
1.6940000000e+03,9.2854227420e-01
1.7270000000e+03,9.1752464573e-01
1.7770000000e+03,8.4148554642e-01
1.8400000000e+03,7.5922522714e-01
1.9050000000e+03,6.8048416768e-01
1.9620000000e+03,6.3287683528e-01
2.0000000000e+03,5.7059701036e-01
2.0150000000e+03,5.3123631093e-01
2.0040000000e+03,6.1330313579e-01
1.9720000000e+03,5.6465424753e-01
1.9300000000e+03,5.3073296242e-01
1.8910000000e+03,8.4240995670e-01
1.8700000000e+03,7.7825694442e-01
1.8730000000e+03,7.0925597284e-01
1.8960000000e+03,8.9295158922e-01
1.9250000000e+03,8.3926709913e-01
1.9460000000e+03,7.5331757101e-01
1.9540000000e+03,6.7925850351e-01
1.9530000000e+03,6.1537419284e-01
1.9520000000e+03,5.6185634666e-01
1.9520000000e+03,5.1362298398e-01
1.9460000000e+03,4.9406617889e-01
1.9250000000e+03,4.7401825762e-01
1.8880000000e+03,4.4707053161e-01
1.8410000000e+03,5.5015323518e-01
1.7940000000e+03,5.3256225129e-01
1.7560000000e+03,7.4429026702e-01
1.7370000000e+03,9.4517290823e-01
1.7410000000e+03,8.9593174675e-01
1.7670000000e+03,8.0455035041e-01
1.7990000000e+03,7.2315009565e-01
1.8190000000e+03,6.5196190343e-01
1.8140000000e+03,5.8179596284e-01
1.7860000000e+03,5.1896377999e-01
1.7460000000e+03,5.1422233376e-01
1.7080000000e+03,4.7426795026e-01
1.6760000000e+03,4.2304846358e-01
1.6540000000e+03,6.7079653306e-01
1.6400000000e+03,6.7461964846e-01
1.6330000000e+03,6.2861194667e-01
1.6350000000e+03,8.1090015229e-01
1.6470000000e+03,8.0555775334e-01
1.6670000000e+03,7.2741539205e-01
1.6940000000e+03,6.6431619773e-01
1.7210000000e+03,6.0231646403e-01
1.7460000000e+03,5.8177282045e-01
1.7670000000e+03,5.2074575676e-01
1.7810000000e+03,5.9604329754e-01
1.7830000000e+03,5.7384007520e-01
1.7720000000e+03,5.1861105695e-01
1.7500000000e+03,4.6632093316e-01
1.7200000000e+03,5.0400704831e-01
1.6880000000e+03,6.2499597101e-01
1.6580000000e+03,9.4924872352e-01
1.6380000000e+03,9.2421690774e-01
1.6360000000e+03,8.3991417715e-01
1.6550000000e+03,7.5774872867e-01
1.6910000000e+03,6.8542536790e-01
1.7350000000e+03,6.2896331435e-01
1.7770000000e+03,5.6103720194e-01
1.8080000000e+03,5.2924345969e-01
1.8230000000e+03,5.1272769385e-01
1.8220000000e+03,4.9078913481e-01
1.8030000000e+03,4.7142245205e-01
1.7730000000e+03,6.8592723320e-01
1.7370000000e+03,6.6557205938e-01
1.7090000000e+03,6.4767196670e-01
1.6970000000e+03,8.3043981031e-01
1.7070000000e+03,7.5849054287e-01
1.7390000000e+03,6.8793389207e-01
1.7830000000e+03,6.3781169119e-01
1.8280000000e+03,5.8464423153e-01
1.8630000000e+03,5.3351038015e-01
1.8820000000e+03,5.2718972962e-01
1.8850000000e+03,5.4036261404e-01
1.8770000000e+03,4.9188335263e-01
1.8600000000e+03,4.7584205653e-01
1.8380000000e+03,6.9648973596e-01
1.8100000000e+03,6.4755921264e-01
1.7820000000e+03,6.4713988653e-01
1.7660000000e+03,9.3006342057e-01
1.7680000000e+03,8.5353279039e-01
1.7850000000e+03,7.6912708509e-01
1.8070000000e+03,6.8858096968e-01
1.8200000000e+03,6.1601905073e-01
1.8200000000e+03,5.5289949035e-01
1.8090000000e+03,5.3018320763e-01
1.7970000000e+03,4.9508634080e-01
1.7920000000e+03,4.4382841307e-01
1.7980000000e+03,8.8023791494e-01
1.8110000000e+03,8.6898604522e-01
1.8220000000e+03,7.9610480073e-01
1.8270000000e+03,7.1827143555e-01
1.8290000000e+03,9.6187218493e-01
1.8300000000e+03,8.8390541332e-01
1.8290000000e+03,7.8980453057e-01
1.8220000000e+03,7.0649964709e-01
1.8100000000e+03,6.7253084140e-01
1.7980000000e+03,6.3086783233e-01
1.7930000000e+03,6.2979803826e-01
1.8020000000e+03,7.6893053654e-01
1.8210000000e+03,7.0921544562e-01
1.8430000000e+03,6.3978600580e-01
1.8580000000e+03,5.9499660285e-01
1.8640000000e+03,5.5891119023e-01
1.8650000000e+03,7.7004795485e-01
1.8700000000e+03,8.2841468364e-01
1.8840000000e+03,8.0990567077e-01
1.9040000000e+03,7.4205840241e-01
1.9190000000e+03,6.6525998208e-01
1.9220000000e+03,6.0028928836e-01
1.9100000000e+03,5.3847510725e-01
1.8890000000e+03,5.1360177379e-01
1.8690000000e+03,7.8034967137e-01
1.8550000000e+03,7.4078503111e-01
1.8470000000e+03,6.8887614771e-01
1.8420000000e+03,6.7268130738e-01
1.8440000000e+03,6.1726969831e-01
1.8640000000e+03,5.5501340804e-01
1.9080000000e+03,9.2278905914e-01
1.9690000000e+03,8.9733590819e-01
2.0300000000e+03,8.0456118627e-01
2.0760000000e+03,7.2041180691e-01
2.0990000000e+03,6.5081700036e-01
2.1010000000e+03,5.9373416260e-01
2.0880000000e+03,5.3451151629e-01
2.0690000000e+03,6.6264912930e-01
2.0480000000e+03,6.3675081720e-01
2.0280000000e+03,5.8804081961e-01
2.0080000000e+03,8.5405247458e-01
1.9840000000e+03,8.0260992813e-01
1.9560000000e+03,7.3330091045e-01
1.9320000000e+03,9.6262193747e-01
1.9240000000e+03,9.4719072505e-01
1.9350000000e+03,8.5692900189e-01
1.9550000000e+03,7.7469333688e-01
1.9670000000e+03,7.1250306568e-01
1.9590000000e+03,6.4904925100e-01
1.9300000000e+03,5.9469733337e-01
1.8910000000e+03,9.2165319048e-01
1.8550000000e+03,8.5770618128e-01
1.8280000000e+03,7.6888703775e-01
1.8130000000e+03,8.3013947414e-01
1.8040000000e+03,8.0136967232e-01
1.8020000000e+03,7.2441224757e-01
1.8080000000e+03,9.5424181552e-01
1.8270000000e+03,9.1109127110e-01
1.8550000000e+03,8.2381153647e-01
1.8880000000e+03,7.3739224558e-01
1.9200000000e+03,6.7980521436e-01
1.9510000000e+03,6.7423180411e-01
1.9830000000e+03,6.2297904237e-01
2.0150000000e+03,9.2443179251e-01
2.0380000000e+03,8.8298997509e-01
2.0380000000e+03,7.9155769709e-01
2.0040000000e+03,7.1813523267e-01
1.9410000000e+03,7.2211354961e-01
1.8710000000e+03,6.6674024963e-01
1.8220000000e+03,9.5489819729e-01
1.8100000000e+03,9.4081697468e-01
1.8340000000e+03,8.5312807401e-01
1.8760000000e+03,7.6500097721e-01
1.9160000000e+03,6.9338445185e-01
1.9380000000e+03,6.5883598147e-01
1.9450000000e+03,6.0945481905e-01
1.9430000000e+03,5.6528212562e-01
1.9390000000e+03,5.5256852154e-01
1.9310000000e+03,5.0205415091e-01
1.9120000000e+03,4.6443513280e-01
1.8810000000e+03,9.2646452466e-01
1.8430000000e+03,8.6737257867e-01
1.8080000000e+03,7.7809413031e-01
1.7940000000e+03,9.6996830627e-01
1.8080000000e+03,8.8615677322e-01
1.8460000000e+03,7.9133774182e-01
1.8900000000e+03,7.1294838684e-01
1.9210000000e+03,6.5371133612e-01
1.9250000000e+03,5.9240705718e-01
1.9010000000e+03,5.6720305473e-01
1.8620000000e+03,6.2637971584e-01
1.8280000000e+03,5.6228822108e-01
1.8100000000e+03,5.1808147919e-01
1.8060000000e+03,9.3361582679e-01
1.8010000000e+03,8.7037558787e-01
1.7900000000e+03,7.9759071681e-01
1.7810000000e+03,9.7260688233e-01
1.7880000000e+03,9.1111778232e-01
1.8140000000e+03,8.2306680644e-01
1.8470000000e+03,7.3983275262e-01
1.8720000000e+03,6.8858854502e-01
1.8810000000e+03,6.1457403189e-01
1.8780000000e+03,5.6563012869e-01
1.8730000000e+03,6.9602440135e-01
1.8710000000e+03,6.4035042793e-01
1.8710000000e+03,5.8504295036e-01
1.8690000000e+03,8.3342792531e-01
1.8620000000e+03,7.7422402774e-01
1.8540000000e+03,6.9790562494e-01
1.8530000000e+03,9.5911597219e-01
1.8650000000e+03,9.1745488790e-01
1.8850000000e+03,8.2417467149e-01
1.9020000000e+03,7.3668533330e-01
1.9090000000e+03,6.7230945867e-01
1.9060000000e+03,6.1325458537e-01
1.9000000000e+03,5.6025006556e-01
1.8930000000e+03,9.4048631807e-01
1.8840000000e+03,8.6468897516e-01
1.8660000000e+03,7.7953409404e-01
1.8390000000e+03,8.7617090922e-01
1.8140000000e+03,8.3880532288e-01
1.8090000000e+03,7.6510100022e-01
1.8350000000e+03,9.6820987733e-01
1.8920000000e+03,9.3964990012e-01
1.9670000000e+03,8.4792526432e-01
2.0400000000e+03,7.6328236523e-01
2.0910000000e+03,6.9363922413e-01
2.1110000000e+03,6.3939377445e-01
2.1020000000e+03,5.7492077531e-01
2.0720000000e+03,6.9361688292e-01
2.0300000000e+03,6.7145106262e-01
1.9850000000e+03,6.2367232390e-01
1.9420000000e+03,6.7448655412e-01
1.9100000000e+03,6.6139491031e-01
1.8970000000e+03,6.1163917008e-01
1.9080000000e+03,6.5398284998e-01
1.9380000000e+03,6.7508114819e-01
1.9730000000e+03,6.1491154508e-01
1.9970000000e+03,5.5291793065e-01
2.0060000000e+03,5.0179076596e-01
2.0040000000e+03,4.7206898502e-01
1.9990000000e+03,4.4012281799e-01
1.9920000000e+03,7.1443519240e-01
1.9780000000e+03,6.7480921148e-01
1.9560000000e+03,6.1132521935e-01
1.9250000000e+03,5.9612538800e-01
1.8900000000e+03,7.4491479477e-01
1.8570000000e+03,6.8405192707e-01
1.8310000000e+03,8.5071366458e-01
1.8190000000e+03,9.4895101208e-01
1.8270000000e+03,8.6737116226e-01
1.8530000000e+03,7.8554586702e-01
1.8840000000e+03,7.1558765018e-01
1.9090000000e+03,6.4166291032e-01
1.9230000000e+03,5.8606557431e-01
1.9240000000e+03,5.4245642449e-01
1.9110000000e+03,6.9432186328e-01
1.8850000000e+03,6.3434000188e-01
1.8490000000e+03,7.3411681916e-01
1.8110000000e+03,8.2883595080e-01
1.7850000000e+03,7.8582743041e-01
1.7800000000e+03,7.6464236822e-01
1.7960000000e+03,7.5570179094e-01
1.8270000000e+03,6.9199443345e-01
1.8610000000e+03,6.2503759175e-01
1.8900000000e+03,5.6894474633e-01
1.9100000000e+03,5.1014063337e-01
1.9230000000e+03,4.8130191733e-01
1.9330000000e+03,7.1871454301e-01
1.9400000000e+03,7.1210708042e-01
1.9370000000e+03,6.4518494146e-01
1.9170000000e+03,5.8707700800e-01
1.8780000000e+03,5.8369124386e-01
1.8280000000e+03,5.2991210621e-01
1.7780000000e+03,8.9069579396e-01
1.7450000000e+03,9.8520728432e-01
1.7380000000e+03,9.1246814472e-01
1.7540000000e+03,8.2051300236e-01
1.7840000000e+03,7.3647100318e-01
1.8130000000e+03,6.7767370742e-01
1.8300000000e+03,6.2586674916e-01
1.8370000000e+03,5.9428391350e-01
1.8350000000e+03,7.0946653248e-01
1.8250000000e+03,6.5125541790e-01
1.8100000000e+03,5.9903934015e-01
1.7900000000e+03,9.4573587553e-01
1.7710000000e+03,8.8029808358e-01
1.7600000000e+03,7.9320775814e-01
1.7640000000e+03,9.7201371338e-01
1.7860000000e+03,9.1773940266e-01
1.8210000000e+03,8.1914419237e-01
1.8600000000e+03,7.3426375949e-01
1.8930000000e+03,6.6979012575e-01
1.9130000000e+03,6.0469162197e-01
1.9200000000e+03,5.9107862259e-01
1.9120000000e+03,7.7735939049e-01
1.8940000000e+03,7.0571668091e-01
1.8710000000e+03,6.8993605058e-01
1.8450000000e+03,8.0214915837e-01
1.8150000000e+03,7.5417777071e-01
1.7860000000e+03,6.9466139231e-01
1.7650000000e+03,9.2992659840e-01
1.7610000000e+03,8.9976138167e-01
1.7780000000e+03,8.1903375454e-01
1.8090000000e+03,7.4042535764e-01
1.8450000000e+03,6.9097014664e-01
1.8760000000e+03,6.2341806156e-01
1.8990000000e+03,5.6311522984e-01
1.9150000000e+03,5.3897781703e-01
1.9270000000e+03,5.1506704521e-01
1.9350000000e+03,5.0601622730e-01
1.9400000000e+03,5.8001210786e-01
1.9350000000e+03,5.7417453025e-01
1.9240000000e+03,5.1639392817e-01
1.9100000000e+03,8.4175379782e-01
1.9010000000e+03,8.8604036581e-01
1.8990000000e+03,7.9941382351e-01
1.8990000000e+03,7.1725938989e-01
1.8920000000e+03,7.0049877929e-01
1.8760000000e+03,6.5455669890e-01
1.8620000000e+03,5.9292112127e-01
1.8610000000e+03,9.4490786465e-01
1.8740000000e+03,9.0555614050e-01
1.8950000000e+03,8.1794900268e-01
1.9140000000e+03,7.3982226351e-01
1.9280000000e+03,6.9180101589e-01
1.9410000000e+03,6.2901844251e-01
1.9590000000e+03,8.1481586387e-01
1.9880000000e+03,9.3851395073e-01
2.0230000000e+03,8.6520466027e-01
2.0590000000e+03,7.8405002941e-01
2.0850000000e+03,7.0601246688e-01
2.0960000000e+03,6.4540002667e-01
2.0910000000e+03,6.2775996070e-01
2.0770000000e+03,7.6605721273e-01
2.0580000000e+03,7.4181043767e-01
2.0330000000e+03,6.8176581272e-01
1.9980000000e+03,6.3114762041e-01
1.9570000000e+03,6.1249243285e-01
1.9220000000e+03,5.6419959994e-01
1.9110000000e+03,5.4368851975e-01
1.9290000000e+03,9.3824495658e-01
1.9660000000e+03,8.5638773262e-01
2.0050000000e+03,7.6816331355e-01
2.0290000000e+03,6.9314271641e-01
2.0330000000e+03,6.2789467964e-01
2.0230000000e+03,5.7374325017e-01
2.0040000000e+03,5.3942500586e-01
1.9800000000e+03,5.2016404758e-01
1.9490000000e+03,4.8163926609e-01
1.9100000000e+03,4.7259586970e-01
1.8630000000e+03,6.5409474936e-01
1.8130000000e+03,5.9837581795e-01
1.7730000000e+03,7.5860017554e-01
1.7590000000e+03,9.6733008638e-01
1.7800000000e+03,9.0081980833e-01
1.8320000000e+03,8.1999041220e-01
1.8920000000e+03,7.3688374611e-01
1.9370000000e+03,6.6916691876e-01
1.9590000000e+03,5.9879647844e-01
1.9640000000e+03,5.5434557487e-01
1.9630000000e+03,6.4299941420e-01
1.9630000000e+03,5.7490722705e-01
1.9640000000e+03,5.5328472756e-01
1.9620000000e+03,9.3954366208e-01
1.9480000000e+03,8.5111736184e-01
1.9260000000e+03,8.0729773748e-01
1.9060000000e+03,9.7392058472e-01
1.9000000000e+03,9.0246350423e-01
1.9110000000e+03,8.0906102399e-01
1.9310000000e+03,7.2297925944e-01
1.9480000000e+03,6.6441427527e-01
1.9640000000e+03,6.0724237278e-01
1.9810000000e+03,5.7055381844e-01
1.9990000000e+03,9.4188077938e-01
2.0060000000e+03,8.5621806316e-01
1.9880000000e+03,7.6808554168e-01
1.9410000000e+03,7.4518512252e-01
1.8830000000e+03,7.1591897287e-01
1.8350000000e+03,6.6905631581e-01
1.8170000000e+03,9.5521164277e-01
1.8300000000e+03,9.1972018498e-01
1.8620000000e+03,8.2872634218e-01
1.8880000000e+03,7.4171065025e-01
1.8930000000e+03,6.8814382642e-01
1.8760000000e+03,6.3473275172e-01
1.8510000000e+03,5.9181487953e-01
1.8320000000e+03,9.4475815111e-01
1.8270000000e+03,8.7522867047e-01
1.8290000000e+03,7.8597554653e-01
1.8260000000e+03,7.5088462572e-01
1.8130000000e+03,7.1066101371e-01
1.7930000000e+03,6.4844859287e-01
1.7800000000e+03,8.3290166253e-01
1.7860000000e+03,8.3053149871e-01
1.8100000000e+03,7.4947713377e-01
1.8440000000e+03,6.6853589781e-01
1.8710000000e+03,6.0297098484e-01
1.8770000000e+03,5.4147941889e-01
1.8600000000e+03,4.8999985207e-01
1.8270000000e+03,9.2960292161e-01
1.7940000000e+03,8.6908587589e-01
1.7710000000e+03,7.8369564200e-01
1.7610000000e+03,7.4432582159e-01
1.7590000000e+03,7.2834667748e-01
1.7570000000e+03,6.7196160433e-01
1.7540000000e+03,9.5560483081e-01
1.7540000000e+03,9.5128843358e-01
1.7610000000e+03,8.6052751453e-01
1.7730000000e+03,7.7280931787e-01
1.7830000000e+03,7.0115011352e-01
1.7850000000e+03,6.3199765145e-01
1.7760000000e+03,5.7403973290e-01
1.7610000000e+03,9.3984401455e-01
1.7450000000e+03,8.8548087638e-01
1.7370000000e+03,8.1749117973e-01
1.7400000000e+03,7.6684690328e-01
1.7540000000e+03,8.2170651180e-01
1.7760000000e+03,7.3963169230e-01
1.8080000000e+03,6.8710761347e-01
1.8470000000e+03,9.5196467362e-01
1.8860000000e+03,8.6855379124e-01
1.9150000000e+03,7.7893882089e-01
1.9290000000e+03,7.0026564418e-01
1.9330000000e+03,6.4144890933e-01
1.9410000000e+03,5.7797890033e-01
1.9580000000e+03,8.7090028802e-01
1.9770000000e+03,8.5039800622e-01
1.9820000000e+03,7.7553990994e-01
1.9610000000e+03,6.9965598852e-01
1.9190000000e+03,9.5935285814e-01
1.8750000000e+03,8.8645783519e-01
1.8520000000e+03,8.1148548050e-01
1.8660000000e+03,9.7448733411e-01
1.9160000000e+03,9.0096815905e-01
1.9830000000e+03,8.0850973157e-01
2.0420000000e+03,7.2325670154e-01
2.0720000000e+03,6.7261297106e-01
2.0710000000e+03,6.0707909435e-01
2.0460000000e+03,5.7108724263e-01
2.0060000000e+03,5.7172270555e-01
1.9620000000e+03,5.3230052318e-01
1.9170000000e+03,4.9973270711e-01
1.8760000000e+03,8.3729273140e-01
1.8470000000e+03,7.8544978196e-01
1.8390000000e+03,7.2738669645e-01
1.8570000000e+03,9.5638124277e-01
1.8930000000e+03,8.9322207756e-01
1.9320000000e+03,7.9846170617e-01
1.9600000000e+03,7.1904207809e-01
1.9720000000e+03,6.5391298327e-01
1.9710000000e+03,5.9603458975e-01
1.9660000000e+03,5.6534538280e-01
1.9550000000e+03,6.2503524095e-01
1.9370000000e+03,5.7164224294e-01
1.9090000000e+03,5.2165774513e-01
1.8730000000e+03,7.0438583773e-01
1.8350000000e+03,6.7918135051e-01
1.8040000000e+03,6.4049294112e-01
1.7880000000e+03,9.5134601036e-01
1.7940000000e+03,9.1412640198e-01
1.8200000000e+03,8.2473397293e-01
1.8560000000e+03,7.4825481272e-01
1.8880000000e+03,6.9737983939e-01
1.9100000000e+03,6.2550112425e-01
1.9230000000e+03,5.8468851456e-01
1.9270000000e+03,9.3298943965e-01
1.9200000000e+03,8.5300508482e-01
1.9010000000e+03,7.6819749523e-01
1.8710000000e+03,9.3591220164e-01
1.8420000000e+03,8.8917387001e-01
1.8230000000e+03,8.0469890773e-01
1.8210000000e+03,7.9389159939e-01
1.8380000000e+03,7.8783868357e-01
1.8630000000e+03,7.1014095484e-01
1.8870000000e+03,6.3511023995e-01
1.9010000000e+03,5.7448889123e-01
1.9020000000e+03,5.1360486014e-01
1.8970000000e+03,4.9362396031e-01
1.8910000000e+03,8.3282674092e-01
1.8840000000e+03,7.7937790934e-01
1.8680000000e+03,7.0147652567e-01
1.8390000000e+03,8.0066109972e-01
1.8030000000e+03,7.4483883699e-01
1.7680000000e+03,6.8499276593e-01
1.7460000000e+03,9.5736840676e-01
1.7410000000e+03,9.4430821310e-01
1.7520000000e+03,8.5694867699e-01
1.7680000000e+03,7.6729195468e-01
1.7790000000e+03,6.9089110301e-01
1.7780000000e+03,6.4151289237e-01
1.7660000000e+03,5.8282272612e-01
1.7480000000e+03,8.6911687852e-01
1.7260000000e+03,8.1180638268e-01
1.7040000000e+03,7.2887115545e-01
1.6830000000e+03,6.9935674281e-01
1.6630000000e+03,7.1434416120e-01
1.6450000000e+03,6.6957314178e-01
1.6270000000e+03,6.0341251529e-01
1.6090000000e+03,5.4593976852e-01
1.5910000000e+03,4.9244434261e-01
1.5750000000e+03,4.6709733177e-01
1.5640000000e+03,4.3510007681e-01
1.5590000000e+03,3.9774784861e-01
1.5570000000e+03,3.7011565365e-01
1.5570000000e+03,4.5679237286e-01
1.5570000000e+03,4.4666679885e-01
1.5560000000e+03,4.1874818405e-01
1.5540000000e+03,3.8614939864e-01
1.5530000000e+03,3.5575380984e-01
1.5530000000e+03,3.3834642906e-01
1.5550000000e+03,8.1773276071e-01
1.5600000000e+03,9.0858996464e-01
1.5720000000e+03,8.5287831574e-01
1.5900000000e+03,7.7007591252e-01
1.6140000000e+03,7.0862253855e-01
1.6380000000e+03,6.5013811936e-01
1.6560000000e+03,6.3420939675e-01
1.6630000000e+03,5.6882341272e-01
1.6610000000e+03,5.1940815143e-01
1.6560000000e+03,4.7229248369e-01
1.6520000000e+03,8.7771978669e-01
1.6490000000e+03,8.3922671047e-01
1.6480000000e+03,7.7104718777e-01
1.6480000000e+03,7.1732860867e-01
1.6490000000e+03,6.9285728057e-01
1.6500000000e+03,6.4090530593e-01
1.6500000000e+03,5.8403331681e-01
1.6530000000e+03,5.3881517765e-01
1.6580000000e+03,5.2009343732e-01
1.6650000000e+03,4.9368197438e-01
1.6730000000e+03,4.5557303712e-01
1.6790000000e+03,4.2774134069e-01
1.6830000000e+03,5.1231977039e-01
1.6810000000e+03,6.3552044935e-01
1.6760000000e+03,6.1015976366e-01
1.6690000000e+03,5.7555977530e-01
1.6670000000e+03,5.4757628074e-01
1.6760000000e+03,6.4881410224e-01
1.7030000000e+03,6.2571006084e-01
1.7470000000e+03,5.8761233870e-01
1.8030000000e+03,5.5204734265e-01
1.8630000000e+03,5.1485316653e-01
1.9160000000e+03,4.8236700841e-01
1.9590000000e+03,4.7748971605e-01
1.9940000000e+03,4.7209333453e-01
2.0190000000e+03,4.4386382737e-01
2.0340000000e+03,4.0551521561e-01
2.0370000000e+03,3.7513709686e-01
2.0280000000e+03,3.3967545433e-01
2.0170000000e+03,3.1394390745e-01
2.0160000000e+03,9.0715240440e-01
2.0310000000e+03,8.8378064714e-01
2.0530000000e+03,8.1163100758e-01
2.0660000000e+03,7.4223262708e-01
2.0620000000e+03,6.8512904108e-01
2.0430000000e+03,6.4559751659e-01
2.0190000000e+03,6.0318559579e-01
1.9960000000e+03,5.9185959357e-01
1.9780000000e+03,5.6084804618e-01
1.9670000000e+03,5.3231111169e-01
1.9620000000e+03,5.3175920669e-01
1.9640000000e+03,5.5233065932e-01
1.9770000000e+03,5.0836550984e-01
2.0010000000e+03,5.8534894398e-01
2.0320000000e+03,7.3387130672e-01
2.0530000000e+03,6.6540803989e-01
2.0550000000e+03,6.0589068794e-01
2.0390000000e+03,5.6779113866e-01
2.0220000000e+03,5.3816376708e-01
2.0170000000e+03,5.1332924144e-01
2.0260000000e+03,8.1380074029e-01
2.0440000000e+03,7.7898531230e-01
2.0640000000e+03,7.1431975343e-01
2.0790000000e+03,6.6155160449e-01
2.0830000000e+03,6.4483191760e-01
2.0750000000e+03,5.9012258521e-01
2.0610000000e+03,6.2674788256e-01
2.0500000000e+03,7.8361603034e-01
2.0460000000e+03,7.1143935737e-01
2.0530000000e+03,6.4109689345e-01
2.0660000000e+03,5.8510009475e-01
2.0770000000e+03,5.3734509423e-01
2.0750000000e+03,4.9696061042e-01
2.0540000000e+03,8.6332687096e-01
2.0140000000e+03,8.3372801927e-01
1.9640000000e+03,7.6775109793e-01
1.9140000000e+03,7.2543452084e-01
1.8710000000e+03,6.7351643073e-01
1.8370000000e+03,6.1723593683e-01
1.8130000000e+03,6.1358810264e-01
1.8000000000e+03,9.4770483642e-01
1.7980000000e+03,8.6835566988e-01
1.8030000000e+03,7.7835241549e-01
1.8150000000e+03,7.0947795865e-01
1.8310000000e+03,6.7799718346e-01
1.8510000000e+03,6.1320156616e-01
1.8730000000e+03,6.0488230196e-01
1.8940000000e+03,7.3013742908e-01
1.9080000000e+03,6.6740189326e-01
1.9060000000e+03,6.0563397275e-01
1.8880000000e+03,7.8056618687e-01
1.8700000000e+03,7.0644157999e-01
1.8690000000e+03,6.4046480315e-01
1.8940000000e+03,9.5134220230e-01
1.9370000000e+03,8.7347107308e-01
1.9790000000e+03,7.8978064714e-01
2.0000000000e+03,7.2767454032e-01
1.9960000000e+03,6.9250801736e-01
1.9740000000e+03,6.5830822844e-01
1.9500000000e+03,6.2271905380e-01
1.9360000000e+03,7.0541773314e-01
1.9340000000e+03,6.3953142775e-01
1.9360000000e+03,5.7967429889e-01
1.9340000000e+03,9.4014183618e-01
1.9250000000e+03,8.7370912919e-01
1.9130000000e+03,8.0858828162e-01
1.9040000000e+03,9.1240851349e-01
1.9040000000e+03,8.5852653496e-01
1.9080000000e+03,7.7088306080e-01
1.9050000000e+03,6.9068783344e-01
1.8870000000e+03,6.5847703707e-01
1.8550000000e+03,6.0167075345e-01
1.8180000000e+03,5.7047006776e-01
1.7880000000e+03,9.4014653482e-01
1.7690000000e+03,8.5203720206e-01
1.7600000000e+03,7.6582323181e-01
1.7570000000e+03,7.5199312316e-01
1.7610000000e+03,7.0857473542e-01
1.7710000000e+03,6.4458404223e-01
1.7910000000e+03,7.8750193700e-01
1.8150000000e+03,7.6352020918e-01
1.8410000000e+03,6.8772163244e-01
1.8650000000e+03,6.1662913698e-01
1.8880000000e+03,5.8251053802e-01
1.9130000000e+03,5.3459287385e-01
1.9410000000e+03,5.1438566953e-01
1.9690000000e+03,9.0966084203e-01
1.9900000000e+03,8.3963191860e-01
2.0010000000e+03,7.7615279828e-01
1.9990000000e+03,7.5141317429e-01
1.9840000000e+03,6.9796240996e-01
1.9580000000e+03,6.2670777879e-01
1.9280000000e+03,9.4948039151e-01
1.9030000000e+03,9.2608956336e-01
1.8920000000e+03,8.3773030866e-01
1.9000000000e+03,7.6446374685e-01
1.9240000000e+03,7.2783465702e-01
1.9630000000e+03,6.7699830128e-01
2.0080000000e+03,6.0807884058e-01
2.0500000000e+03,8.0704190315e-01
2.0780000000e+03,7.6485632978e-01
2.0800000000e+03,6.8913960658e-01
2.0520000000e+03,6.6625049366e-01
1.9980000000e+03,6.4776120376e-01
1.9380000000e+03,5.8827141615e-01
1.8940000000e+03,9.4427859549e-01
1.8850000000e+03,9.3862627921e-01
1.9080000000e+03,8.4985069021e-01
1.9490000000e+03,7.6343785583e-01
1.9920000000e+03,7.0323178983e-01
2.0280000000e+03,6.4143403185e-01
2.0540000000e+03,5.9160163500e-01
2.0650000000e+03,6.5470906177e-01
2.0580000000e+03,6.1729547773e-01
2.0320000000e+03,5.6095250401e-01
1.9940000000e+03,5.5312893562e-01
1.9530000000e+03,8.6707810869e-01
1.9180000000e+03,7.9207853915e-01
1.8970000000e+03,7.8103243464e-01
1.8930000000e+03,8.9833679713e-01
1.9040000000e+03,8.1707296002e-01
1.9230000000e+03,7.3600255418e-01
1.9400000000e+03,6.6129188241e-01
1.9580000000e+03,6.3352076219e-01
1.9830000000e+03,5.7501657567e-01
2.0210000000e+03,7.5668185751e-01
2.0680000000e+03,8.1992760040e-01
2.1140000000e+03,7.4620216820e-01
2.1480000000e+03,6.7854634441e-01
2.1660000000e+03,6.6471125536e-01
2.1690000000e+03,6.1136299173e-01
2.1630000000e+03,5.8372205805e-01
2.1560000000e+03,9.1166358348e-01
2.1530000000e+03,8.3184636047e-01
2.1550000000e+03,7.5249267804e-01
2.1560000000e+03,6.8962579312e-01
2.1520000000e+03,6.4299809020e-01
2.1400000000e+03,5.9184319101e-01
2.1250000000e+03,6.7592347156e-01
2.1090000000e+03,8.6626456594e-01
2.0900000000e+03,8.0460381174e-01
2.0540000000e+03,7.2570330848e-01
1.9930000000e+03,6.9039928573e-01
1.9120000000e+03,6.3779465475e-01
1.8340000000e+03,6.0847239653e-01
1.7760000000e+03,9.4701250089e-01
1.7430000000e+03,8.8984393712e-01
1.7290000000e+03,8.0949795715e-01
1.7240000000e+03,7.4582813755e-01
1.7200000000e+03,6.8229782513e-01
1.7170000000e+03,6.1591310508e-01
1.7130000000e+03,5.9566080811e-01
1.7120000000e+03,9.4527864094e-01
1.7120000000e+03,8.6108847025e-01
1.7140000000e+03,7.7775465486e-01
1.7160000000e+03,7.4618747300e-01
1.7220000000e+03,6.8332731428e-01
1.7400000000e+03,6.2837392761e-01
1.7730000000e+03,9.4541977811e-01
1.8190000000e+03,8.9793041717e-01
1.8620000000e+03,8.0589038879e-01
1.8870000000e+03,7.2747709065e-01
1.8850000000e+03,6.8850632031e-01
1.8640000000e+03,6.2856720636e-01
1.8380000000e+03,5.8141471797e-01
1.8180000000e+03,9.4335064230e-01
1.8060000000e+03,8.7449231936e-01
1.7990000000e+03,7.8451353046e-01
1.7920000000e+03,7.9272137302e-01
1.7880000000e+03,7.7048701799e-01
1.7910000000e+03,7.0305947048e-01
1.8030000000e+03,8.3357486917e-01
1.8270000000e+03,8.1963087552e-01
1.8550000000e+03,7.4629194179e-01
1.8760000000e+03,6.7092560679e-01
1.8800000000e+03,6.2448641967e-01
1.8660000000e+03,5.7624182904e-01
1.8430000000e+03,5.2875197723e-01
1.8200000000e+03,9.3622351536e-01
1.8030000000e+03,8.7438869790e-01
1.7930000000e+03,7.8072911838e-01
1.7920000000e+03,7.4490354494e-01
1.8000000000e+03,7.2282363633e-01
1.8180000000e+03,6.5236631088e-01
1.8450000000e+03,6.4108402279e-01
1.8770000000e+03,8.4233588417e-01
1.9060000000e+03,7.5990505049e-01
1.9250000000e+03,6.8118294837e-01
1.9350000000e+03,6.4184150786e-01
1.9430000000e+03,5.9620528437e-01
1.9570000000e+03,5.6022162114e-01
1.9820000000e+03,9.4048246854e-01
2.0140000000e+03,8.8356783133e-01
2.0430000000e+03,8.0085353053e-01
2.0590000000e+03,7.5212293976e-01
2.0530000000e+03,7.1224559866e-01
2.0280000000e+03,6.4320077148e-01
1.9910000000e+03,6.2854523426e-01
1.9580000000e+03,9.4399942132e-01
1.9440000000e+03,8.6601896318e-01
1.9580000000e+03,7.8159151271e-01
1.9990000000e+03,7.1345517943e-01
2.0520000000e+03,6.8639171155e-01
2.0940000000e+03,6.1847408157e-01
2.1060000000e+03,6.3728830027e-01
2.0850000000e+03,6.1967041612e-01
2.0420000000e+03,5.6038662634e-01
1.9900000000e+03,5.2115715012e-01
1.9430000000e+03,5.6193673543e-01
1.9100000000e+03,5.3440036356e-01
1.9010000000e+03,5.5644712097e-01
1.9200000000e+03,9.1628083900e-01
1.9620000000e+03,8.3566409808e-01
2.0150000000e+03,7.5873180852e-01
2.0650000000e+03,6.9194408351e-01
2.1000000000e+03,6.3176926529e-01
2.1150000000e+03,5.9045426010e-01
2.1100000000e+03,5.5826122730e-01
2.0900000000e+03,6.4703751454e-01
2.0620000000e+03,5.8446060619e-01
2.0280000000e+03,5.4747705105e-01
1.9890000000e+03,8.9847825507e-01
1.9450000000e+03,8.2083443367e-01
1.9040000000e+03,7.6041398097e-01
1.8750000000e+03,9.6757555825e-01
1.8640000000e+03,9.0659276950e-01
1.8650000000e+03,8.1440566772e-01
1.8670000000e+03,7.2755453423e-01
1.8670000000e+03,6.9811160904e-01
1.8700000000e+03,6.4290309190e-01
1.8820000000e+03,6.2151299108e-01
1.9020000000e+03,9.4056764329e-01
1.9270000000e+03,8.6162033543e-01
1.9480000000e+03,7.7901734223e-01
1.9640000000e+03,7.6600280300e-01
1.9720000000e+03,7.1922388322e-01
1.9730000000e+03,6.5754692499e-01
1.9670000000e+03,7.1617243854e-01
1.9580000000e+03,6.7945486219e-01
1.9500000000e+03,6.1166328128e-01
1.9480000000e+03,5.4606850012e-01
1.9540000000e+03,5.0777813003e-01
1.9680000000e+03,4.6496404246e-01
1.9890000000e+03,4.6303507793e-01
2.0140000000e+03,8.7199104818e-01
2.0380000000e+03,8.1083927263e-01
2.0490000000e+03,7.3279727146e-01
2.0390000000e+03,6.7291641549e-01
2.0080000000e+03,6.6212725906e-01
1.9680000000e+03,6.2273093715e-01
1.9290000000e+03,8.5942954010e-01
1.9000000000e+03,8.3522858200e-01
1.8780000000e+03,7.5945307681e-01
1.8630000000e+03,6.8962720162e-01
1.8560000000e+03,6.6508937083e-01
1.8550000000e+03,6.1535017101e-01
1.8540000000e+03,5.6204470597e-01
1.8480000000e+03,7.1168533421e-01
1.8350000000e+03,6.8119429968e-01
1.8210000000e+03,6.1211683671e-01
1.8160000000e+03,5.8621549152e-01
1.8270000000e+03,7.2251404632e-01
1.8660000000e+03,6.7868118720e-01
1.9360000000e+03,6.6817719530e-01
2.0280000000e+03,6.7513831585e-01
2.1140000000e+03,6.1539042717e-01
2.1660000000e+03,5.5369951817e-01
2.1670000000e+03,5.1666417177e-01
2.1260000000e+03,4.8814476939e-01
2.0700000000e+03,5.3377363220e-01
2.0300000000e+03,6.7057535973e-01
2.0210000000e+03,6.4844808412e-01
2.0370000000e+03,5.8076807606e-01
2.0610000000e+03,7.7314781896e-01
2.0760000000e+03,7.5370291746e-01
2.0800000000e+03,6.9973732375e-01
2.0790000000e+03,7.1023498443e-01
2.0820000000e+03,8.7388498014e-01
2.0850000000e+03,7.9138036451e-01
2.0770000000e+03,7.1285051900e-01
2.0470000000e+03,6.6056020032e-01
1.9950000000e+03,6.1390637195e-01
1.9310000000e+03,5.5279052535e-01
1.8700000000e+03,8.6406140298e-01
1.8210000000e+03,8.4841872674e-01
1.7910000000e+03,7.6976997318e-01
1.7800000000e+03,7.0124548341e-01
1.7870000000e+03,6.8981297159e-01
1.8110000000e+03,6.5058636132e-01
1.8530000000e+03,6.0830679777e-01
1.9050000000e+03,8.8325974294e-01
1.9570000000e+03,8.0537605672e-01
2.0040000000e+03,7.2478258452e-01
2.0480000000e+03,6.6006029628e-01
2.0920000000e+03,6.0592463293e-01
2.1330000000e+03,5.4681988410e-01
2.1590000000e+03,7.0749377641e-01
2.1630000000e+03,7.4385617080e-01
2.1450000000e+03,7.1339057210e-01
2.1150000000e+03,6.8070323562e-01
2.0880000000e+03,6.8021353432e-01
2.0710000000e+03,6.2922361223e-01
2.0640000000e+03,5.8762268063e-01
2.0620000000e+03,9.2155908502e-01
2.0550000000e+03,8.4804768020e-01
2.0410000000e+03,7.6455977984e-01
2.0180000000e+03,6.9140112585e-01
1.9990000000e+03,6.5893305496e-01
1.9960000000e+03,5.9253486204e-01
2.0190000000e+03,5.7704260395e-01
2.0620000000e+03,9.2973885991e-01
2.1120000000e+03,8.5878292810e-01
2.1510000000e+03,7.7815956948e-01
2.1670000000e+03,7.4629523116e-01
2.1640000000e+03,6.8093078854e-01
2.1580000000e+03,6.3270069621e-01
2.1630000000e+03,8.7263881978e-01
2.1790000000e+03,8.2354599810e-01
2.1860000000e+03,7.4160024668e-01
2.1670000000e+03,6.6416645630e-01
2.1220000000e+03,6.1283231702e-01
2.0730000000e+03,6.8658028062e-01
2.0500000000e+03,6.7121976702e-01
2.0680000000e+03,7.2330254138e-01
2.1150000000e+03,6.7182000201e-01
2.1650000000e+03,6.0538640180e-01
2.1930000000e+03,6.5482786735e-01
2.1920000000e+03,6.3290736889e-01
2.1650000000e+03,5.7799308812e-01
2.1250000000e+03,8.6542754292e-01
2.0830000000e+03,8.4155115088e-01
2.0460000000e+03,7.6339392120e-01
2.0140000000e+03,6.9577282240e-01
1.9880000000e+03,6.4850869088e-01
1.9730000000e+03,5.9736436328e-01
1.9800000000e+03,5.6522128200e-01
2.0100000000e+03,7.6433920051e-01
2.0500000000e+03,7.1882267788e-01
2.0820000000e+03,6.4593115702e-01
2.0910000000e+03,6.9654455783e-01
2.0720000000e+03,6.6652548353e-01
2.0320000000e+03,6.0149449221e-01
1.9860000000e+03,9.4606814423e-01
1.9490000000e+03,9.1507465493e-01
1.9290000000e+03,8.2412192002e-01
1.9270000000e+03,7.4234347490e-01
1.9400000000e+03,6.7190907125e-01
1.9640000000e+03,6.1374275164e-01
1.9930000000e+03,5.8460588195e-01
2.0210000000e+03,7.7268921138e-01
2.0400000000e+03,7.5596966930e-01
2.0450000000e+03,6.9576868377e-01
2.0360000000e+03,6.3985170650e-01
2.0160000000e+03,6.1605255578e-01
1.9890000000e+03,5.7965093770e-01
1.9640000000e+03,7.3260330437e-01
1.9520000000e+03,8.0804507845e-01
1.9570000000e+03,7.3957153899e-01
1.9700000000e+03,6.6633917553e-01
1.9790000000e+03,6.0856165378e-01
1.9710000000e+03,5.6192017219e-01
1.9510000000e+03,5.3280744556e-01
1.9290000000e+03,6.9040280719e-01
1.9110000000e+03,6.6933880733e-01
1.9020000000e+03,6.0218082801e-01
1.8980000000e+03,5.7695951631e-01
1.8960000000e+03,6.9701447170e-01
1.9010000000e+03,6.5132975458e-01
1.9150000000e+03,6.5070464271e-01
1.9410000000e+03,9.1852863498e-01
1.9720000000e+03,8.3737184236e-01
1.9940000000e+03,7.5826845150e-01
1.9990000000e+03,6.8474377211e-01
1.9870000000e+03,6.4079659029e-01
1.9700000000e+03,5.9074862133e-01
1.9540000000e+03,6.4748791929e-01
1.9430000000e+03,8.3585568062e-01
1.9330000000e+03,7.6726964232e-01
1.9190000000e+03,6.9837859016e-01
1.9030000000e+03,7.0862252343e-01
1.8920000000e+03,6.6002417423e-01
1.8990000000e+03,6.2093909894e-01
1.9290000000e+03,8.5830805953e-01
1.9770000000e+03,7.9513567369e-01
2.0260000000e+03,7.2455138117e-01
2.0570000000e+03,6.6709463884e-01
2.0620000000e+03,6.1330053946e-01
2.0560000000e+03,5.5711660213e-01
2.0630000000e+03,5.5481668429e-01
2.0970000000e+03,9.0131163083e-01
2.1520000000e+03,8.2918753050e-01
2.2060000000e+03,7.4511934662e-01
2.2330000000e+03,7.1861567829e-01
2.2330000000e+03,6.7062867831e-01
2.2090000000e+03,6.0889310223e-01
2.1770000000e+03,9.4462442253e-01
2.1590000000e+03,8.8423728192e-01
2.1630000000e+03,7.9736339112e-01
2.1850000000e+03,7.2591186002e-01
2.2110000000e+03,6.8387531747e-01
2.2300000000e+03,6.3308948856e-01
2.2330000000e+03,6.5488054535e-01
2.2330000000e+03,8.5196599298e-01
2.2330000000e+03,8.0703637611e-01
2.2330000000e+03,7.2650179717e-01
2.2330000000e+03,6.6789884076e-01
2.2330000000e+03,6.2771315448e-01
2.2330000000e+03,5.8042203532e-01
2.2330000000e+03,9.4321629731e-01
2.2240000000e+03,9.1618431122e-01
2.1690000000e+03,8.2315824664e-01
2.1140000000e+03,7.5319569071e-01
2.0590000000e+03,7.1030959171e-01
2.0100000000e+03,6.7736269895e-01
1.9750000000e+03,6.2863197169e-01
1.9620000000e+03,6.4832990003e-01
1.9710000000e+03,6.0199151404e-01
2.0000000000e+03,5.5058422941e-01
2.0400000000e+03,5.3398259072e-01
2.0880000000e+03,5.0277696440e-01
2.1450000000e+03,4.7405649911e-01
2.2120000000e+03,5.6293180586e-01
2.2330000000e+03,7.1936151004e-01
2.2330000000e+03,6.5505878646e-01
2.2330000000e+03,6.0654967260e-01
2.2330000000e+03,5.7185672598e-01
2.2330000000e+03,5.4761064130e-01
2.2330000000e+03,5.1302563176e-01
2.2330000000e+03,4.8926988528e-01
2.2330000000e+03,4.7535675387e-01
2.2330000000e+03,4.4275080109e-01
2.2330000000e+03,4.6068856093e-01
2.2330000000e+03,5.8091180278e-01
2.2330000000e+03,5.3573230535e-01
2.2330000000e+03,5.2344128832e-01
2.2330000000e+03,7.8610064378e-01
2.2330000000e+03,7.1569503394e-01
2.2330000000e+03,6.4765954115e-01
2.2330000000e+03,6.0684637441e-01
2.1910000000e+03,5.8080818336e-01
2.1340000000e+03,5.4126668250e-01
2.1020000000e+03,5.7601893551e-01
2.0980000000e+03,6.4012936531e-01
2.1170000000e+03,5.8012117546e-01
2.1490000000e+03,5.4319389610e-01
2.1810000000e+03,5.9394851440e-01
2.2020000000e+03,5.5759778614e-01
2.2100000000e+03,5.1538398671e-01
2.2080000000e+03,8.8485061053e-01
2.2000000000e+03,8.1165817007e-01
2.1940000000e+03,7.3608300855e-01
2.1900000000e+03,6.7081155395e-01
2.1850000000e+03,6.4144638708e-01
2.1750000000e+03,5.9896133908e-01
2.1580000000e+03,7.5627282719e-01
2.1400000000e+03,7.5302023273e-01
2.1210000000e+03,6.8858940707e-01
2.1010000000e+03,6.1729063952e-01
2.0760000000e+03,5.7433670110e-01
2.0430000000e+03,5.2475526910e-01
2.0090000000e+03,6.3106096902e-01
1.9810000000e+03,9.5006953175e-01
1.9630000000e+03,8.7900949980e-01
1.9550000000e+03,7.9258937790e-01
1.9570000000e+03,7.1997314185e-01
1.9710000000e+03,6.8927469481e-01
1.9960000000e+03,6.3458092313e-01
2.0290000000e+03,5.9617953503e-01
2.0610000000e+03,8.7169617155e-01
2.0790000000e+03,7.8891208809e-01
2.0740000000e+03,7.1835349904e-01
2.0520000000e+03,7.5260881427e-01
2.0410000000e+03,7.2653430323e-01
2.0660000000e+03,6.6225751925e-01
2.1340000000e+03,7.9534862381e-01
2.2170000000e+03,7.3877764408e-01
2.2330000000e+03,6.5996934636e-01
2.2330000000e+03,6.0103422963e-01
2.2330000000e+03,5.9179675079e-01
2.1890000000e+03,5.8681080340e-01
2.1460000000e+03,6.1221961948e-01
2.1390000000e+03,6.3651265128e-01
2.1630000000e+03,5.9487913651e-01
2.1950000000e+03,5.4802471881e-01
2.2120000000e+03,6.4630191749e-01
2.2030000000e+03,6.1129677715e-01
2.1740000000e+03,5.8419659684e-01
2.1390000000e+03,8.6765407053e-01
2.1080000000e+03,8.3214802351e-01
2.0780000000e+03,7.5270502847e-01
2.0380000000e+03,6.9187397141e-01
1.9810000000e+03,6.4987078303e-01
1.9160000000e+03,5.9720812449e-01
1.8600000000e+03,5.7152095626e-01
1.8190000000e+03,9.4201166726e-01
1.7950000000e+03,8.7075895217e-01
1.7830000000e+03,7.8965279697e-01
1.7790000000e+03,7.7543329137e-01
1.7860000000e+03,7.6873741680e-01
1.8080000000e+03,6.8876832350e-01
1.8450000000e+03,6.8425074268e-01
1.8920000000e+03,6.7374283537e-01
1.9400000000e+03,6.1070670686e-01
1.9830000000e+03,5.5493108093e-01
2.0190000000e+03,5.2474696867e-01
2.0530000000e+03,4.9436566685e-01
2.0860000000e+03,4.5466574844e-01
2.1170000000e+03,9.2619703461e-01
2.1420000000e+03,8.7899730792e-01
2.1590000000e+03,7.9620958751e-01
2.1700000000e+03,7.4653056852e-01
2.1750000000e+03,7.3304153369e-01
2.1720000000e+03,6.6875183079e-01
2.1620000000e+03,9.5517043520e-01
2.1450000000e+03,9.4114969510e-01
2.1280000000e+03,8.5017126287e-01
2.1140000000e+03,7.6588706533e-01
2.1110000000e+03,7.2382074714e-01
2.1260000000e+03,6.7536867800e-01
2.1610000000e+03,6.0562508978e-01
2.2060000000e+03,9.1478886593e-01
2.2330000000e+03,8.6699472205e-01
2.2330000000e+03,7.7585383226e-01
2.2330000000e+03,7.3342906537e-01
2.2260000000e+03,7.1064634755e-01
2.1850000000e+03,6.4397495095e-01
2.1500000000e+03,7.1141064247e-01
2.1420000000e+03,9.4667906116e-01
2.1630000000e+03,8.6489507169e-01
2.2010000000e+03,7.8228290964e-01
2.2330000000e+03,7.2241628236e-01
2.2330000000e+03,6.7230410554e-01
2.2330000000e+03,6.1969423616e-01
2.2330000000e+03,5.9858130421e-01
2.2330000000e+03,5.9278216173e-01
2.2330000000e+03,5.3501015849e-01
2.2330000000e+03,5.3120321263e-01
2.2330000000e+03,8.2142345117e-01
2.2160000000e+03,7.5124425430e-01
2.1810000000e+03,7.0877520030e-01
2.1770000000e+03,9.5795102484e-01
2.1960000000e+03,8.8384186114e-01
2.2170000000e+03,7.9482485418e-01
2.2260000000e+03,7.1921009359e-01
2.2230000000e+03,6.7771618409e-01
2.2200000000e+03,6.2502809106e-01
2.2270000000e+03,6.1517793117e-01
2.2330000000e+03,8.8848639199e-01
2.2330000000e+03,8.0793786301e-01
2.2330000000e+03,7.3010243272e-01
2.2330000000e+03,7.1715413345e-01
2.2330000000e+03,6.8659588529e-01
2.2330000000e+03,6.1907643354e-01
2.2330000000e+03,9.4844760124e-01
2.2330000000e+03,8.8698582944e-01
2.2330000000e+03,8.0091021518e-01
2.2330000000e+03,7.2543227023e-01
2.2330000000e+03,6.8015807394e-01
2.2330000000e+03,6.2812820162e-01
2.2330000000e+03,5.9658560248e-01
2.2330000000e+03,9.1434227044e-01
2.2330000000e+03,8.3787461909e-01
2.2330000000e+03,7.5148030743e-01
2.2190000000e+03,7.2179560125e-01
2.1160000000e+03,6.5598851530e-01
2.0120000000e+03,6.2285323347e-01
1.9330000000e+03,9.4895873553e-01
1.8850000000e+03,9.0255342541e-01
1.8600000000e+03,8.1706599304e-01
1.8460000000e+03,7.3213334462e-01
1.8330000000e+03,6.7220018850e-01
1.8180000000e+03,6.2542062438e-01
1.8000000000e+03,5.8321894335e-01
1.7830000000e+03,9.4359481765e-01
1.7700000000e+03,8.6576080234e-01
1.7640000000e+03,7.9198448098e-01
1.7720000000e+03,7.6889369869e-01
1.8020000000e+03,7.5260267483e-01
1.8660000000e+03,6.9845296479e-01
1.9660000000e+03,6.7362996292e-01
2.0850000000e+03,6.6310002711e-01
2.1870000000e+03,6.0044584145e-01
2.2330000000e+03,5.4627110799e-01
2.2200000000e+03,5.2983961187e-01
2.1640000000e+03,5.1553129827e-01
2.1080000000e+03,5.1129583666e-01
2.0830000000e+03,8.0854221538e-01
2.0960000000e+03,7.6745795938e-01
2.1300000000e+03,6.9462443807e-01
2.1600000000e+03,6.4284451151e-01
2.1690000000e+03,6.3628659953e-01
2.1590000000e+03,5.7872742688e-01
2.1450000000e+03,8.7072156166e-01
2.1390000000e+03,8.5479865326e-01
2.1410000000e+03,7.8267722437e-01
2.1400000000e+03,7.0995664638e-01
2.1210000000e+03,6.6646173268e-01
2.0760000000e+03,6.1173288957e-01
2.0130000000e+03,5.5601859251e-01
1.9420000000e+03,9.3991365047e-01
1.8770000000e+03,8.8827956343e-01
1.8310000000e+03,8.0973556347e-01
1.8090000000e+03,7.6475964983e-01
1.8120000000e+03,7.6414584213e-01
1.8390000000e+03,6.9836557745e-01
1.8880000000e+03,6.5088208151e-01
1.9480000000e+03,7.9245712843e-01
2.0030000000e+03,7.1714625826e-01
2.0410000000e+03,6.4218316248e-01
2.0620000000e+03,5.9466435076e-01
2.0720000000e+03,5.6885853229e-01
2.0820000000e+03,5.2309422791e-01
2.1000000000e+03,9.2883634358e-01
2.1280000000e+03,8.9511615529e-01
2.1630000000e+03,8.0803958615e-01
2.1980000000e+03,7.3825266232e-01
2.2230000000e+03,7.0479677915e-01
2.2270000000e+03,6.5414046541e-01
2.2070000000e+03,6.3012675571e-01
2.1740000000e+03,9.4929227418e-01
2.1440000000e+03,8.6902138454e-01
2.1320000000e+03,7.7988351678e-01
2.1400000000e+03,7.1278360868e-01
2.1580000000e+03,6.8160970822e-01
2.1690000000e+03,6.1911386778e-01
2.1590000000e+03,6.1601526549e-01
2.1270000000e+03,7.5861770790e-01
2.0860000000e+03,6.9332302052e-01
2.0470000000e+03,6.3796253147e-01
2.0150000000e+03,6.1785398080e-01
1.9970000000e+03,5.7963957981e-01
2.0020000000e+03,5.6708330163e-01
2.0390000000e+03,8.7035027790e-01
2.1050000000e+03,8.1684948272e-01
2.1870000000e+03,7.4032710509e-01
2.2330000000e+03,6.7342055693e-01
2.2330000000e+03,6.1447257844e-01
2.2330000000e+03,5.6020421010e-01
2.2330000000e+03,5.2764597408e-01
2.2330000000e+03,6.0696827795e-01
2.2330000000e+03,5.5407020735e-01
2.2330000000e+03,5.1483439562e-01
2.2330000000e+03,9.3433997551e-01
2.1890000000e+03,8.8980555106e-01
2.1520000000e+03,8.0035892103e-01
2.1320000000e+03,7.9710112893e-01
2.1260000000e+03,7.5597068044e-01
2.1230000000e+03,6.7656145015e-01
2.1110000000e+03,6.0508742391e-01
2.0870000000e+03,5.9479347950e-01
2.0610000000e+03,5.3798536989e-01
2.0450000000e+03,5.3276820358e-01
2.0450000000e+03,9.1791130738e-01
2.0620000000e+03,8.5962642423e-01
2.0900000000e+03,7.8235119938e-01
2.1210000000e+03,7.5463519540e-01
2.1450000000e+03,7.1296621414e-01
2.1570000000e+03,6.4169716883e-01
2.1610000000e+03,7.6643359385e-01
2.1650000000e+03,7.4292190488e-01
2.1740000000e+03,6.9212581137e-01
2.1870000000e+03,6.2848957969e-01
2.1970000000e+03,5.8142382334e-01
2.1970000000e+03,5.3750470119e-01
2.1820000000e+03,5.2324278462e-01
2.1540000000e+03,9.0253906504e-01
2.1180000000e+03,8.4166015786e-01
2.0770000000e+03,7.5448446170e-01
2.0360000000e+03,7.0145501024e-01
1.9990000000e+03,7.5861507923e-01
1.9720000000e+03,7.0520068458e-01
1.9590000000e+03,8.0112960926e-01
1.9580000000e+03,7.8705452342e-01
1.9630000000e+03,7.1316330152e-01
1.9630000000e+03,6.4239799230e-01
1.9560000000e+03,6.0041795230e-01
1.9450000000e+03,5.7445770584e-01
1.9370000000e+03,5.2441857945e-01
1.9380000000e+03,8.5068388347e-01
1.9480000000e+03,8.1560927688e-01
1.9590000000e+03,7.4341441558e-01
1.9620000000e+03,6.9791563108e-01
1.9600000000e+03,6.6122871437e-01
1.9700000000e+03,6.0561534209e-01
2.0100000000e+03,7.7237426902e-01
2.0800000000e+03,8.6548486330e-01
2.1550000000e+03,7.9218696602e-01
2.2040000000e+03,7.1142130033e-01
2.2080000000e+03,6.5143123887e-01
2.1710000000e+03,5.9709559350e-01
2.1210000000e+03,5.5474217620e-01
2.0830000000e+03,7.5762453721e-01
2.0690000000e+03,7.2979882984e-01
2.0750000000e+03,6.5615990945e-01
2.0850000000e+03,6.3708489020e-01
2.0880000000e+03,8.3989421549e-01
2.0780000000e+03,7.7716372659e-01
2.0610000000e+03,7.1834484206e-01
2.0440000000e+03,9.1286838068e-01
2.0320000000e+03,8.2674156603e-01
2.0220000000e+03,7.3859867900e-01
2.0050000000e+03,6.9294502794e-01
1.9750000000e+03,6.6358272107e-01
1.9310000000e+03,6.0926674121e-01
1.8830000000e+03,6.0631275992e-01
1.8410000000e+03,8.4683148710e-01
1.8160000000e+03,7.8415472459e-01
1.8080000000e+03,7.1699029573e-01
1.8150000000e+03,7.0777827554e-01
1.8370000000e+03,6.6407808499e-01
1.8740000000e+03,6.2237291502e-01
1.9230000000e+03,8.1886479240e-01
1.9790000000e+03,7.6190431327e-01
2.0340000000e+03,6.9836205827e-01
2.0840000000e+03,6.4010836797e-01
2.1260000000e+03,5.8195858032e-01
2.1610000000e+03,5.2186133695e-01
2.1870000000e+03,6.1048160800e-01
2.2030000000e+03,7.2942062113e-01
2.2120000000e+03,6.9016008947e-01
2.2160000000e+03,6.4456677376e-01
2.2140000000e+03,6.7535133285e-01
2.2020000000e+03,6.3240179451e-01
2.1800000000e+03,5.8924554682e-01
2.1530000000e+03,9.4183323950e-01
2.1290000000e+03,8.7612504769e-01
2.1170000000e+03,7.8889363617e-01
2.1170000000e+03,7.0625266656e-01
2.1300000000e+03,6.8090748275e-01
2.1500000000e+03,6.1630173335e-01
2.1700000000e+03,5.8699268317e-01
2.1810000000e+03,9.4147247804e-01
2.1780000000e+03,8.6461405014e-01
2.1600000000e+03,7.7885114739e-01
2.1310000000e+03,7.4950139203e-01
2.0990000000e+03,6.8544550299e-01
2.0810000000e+03,6.2949377088e-01
2.0860000000e+03,9.4985743454e-01
2.1120000000e+03,9.0954395010e-01
2.1440000000e+03,8.2253620100e-01
2.1700000000e+03,7.4144439382e-01
2.1850000000e+03,6.8393275500e-01
2.1940000000e+03,6.3118202484e-01
2.1970000000e+03,5.9605278660e-01
2.1960000000e+03,9.3680067590e-01
2.1850000000e+03,8.6076298059e-01
2.1620000000e+03,7.7420318131e-01
2.1280000000e+03,7.7763812112e-01
2.0920000000e+03,7.4753690907e-01
2.0670000000e+03,6.7800262364e-01
2.0650000000e+03,7.9838474098e-01
2.0860000000e+03,7.8612211240e-01
2.1170000000e+03,7.1490599123e-01
2.1370000000e+03,6.4105290472e-01
2.1390000000e+03,6.0407029177e-01
2.1320000000e+03,5.6563089072e-01
2.1340000000e+03,5.2711627561e-01
2.1580000000e+03,9.3600214722e-01
2.1970000000e+03,8.7932779991e-01
2.2330000000e+03,7.8574841459e-01
2.2330000000e+03,7.4666732331e-01
2.2330000000e+03,7.1674087693e-01
2.2330000000e+03,6.4601249992e-01
2.2270000000e+03,9.5209300141e-01
2.2250000000e+03,9.1411649647e-01
2.2330000000e+03,8.2600681630e-01
2.2330000000e+03,7.4220837289e-01
2.2330000000e+03,6.8408557737e-01
2.2330000000e+03,6.3679006705e-01
2.2330000000e+03,5.9483627186e-01
2.2330000000e+03,8.1704451617e-01
2.2330000000e+03,7.9413557700e-01
2.2330000000e+03,7.1381549054e-01
2.2100000000e+03,6.5458451881e-01
2.1420000000e+03,6.2557888472e-01
2.0530000000e+03,5.6811426316e-01
1.9610000000e+03,8.3442471397e-01
1.8860000000e+03,9.3389981991e-01
1.8400000000e+03,8.5403004321e-01
1.8240000000e+03,7.6795490139e-01
1.8310000000e+03,6.9180203605e-01
1.8550000000e+03,6.3800425267e-01
1.8850000000e+03,5.9177254246e-01
1.9140000000e+03,6.8054074581e-01
1.9360000000e+03,6.6762977291e-01
1.9460000000e+03,6.0654311825e-01
1.9450000000e+03,5.8899785256e-01
1.9360000000e+03,8.2859850651e-01
1.9310000000e+03,7.6990109983e-01
1.9410000000e+03,7.2877944122e-01
1.9680000000e+03,8.6707198785e-01
2.0050000000e+03,7.8897656960e-01
2.0360000000e+03,7.0411135533e-01
2.0430000000e+03,6.5335387298e-01
2.0240000000e+03,6.3801955904e-01
1.9900000000e+03,5.9117753186e-01
1.9620000000e+03,6.4072204714e-01
1.9520000000e+03,8.2859366348e-01
1.9550000000e+03,7.5544214113e-01
1.9600000000e+03,6.8076096561e-01
1.9540000000e+03,6.6840683082e-01
1.9380000000e+03,6.3286465606e-01
1.9230000000e+03,6.0767382401e-01
1.9210000000e+03,9.1427336639e-01
1.9370000000e+03,8.5269097538e-01
1.9630000000e+03,7.7441874804e-01
1.9840000000e+03,6.9380944104e-01
1.9890000000e+03,6.5277759267e-01
1.9780000000e+03,5.8675884672e-01
1.9590000000e+03,5.7139149139e-01
1.9390000000e+03,8.5339804161e-01
1.9190000000e+03,7.9506675718e-01
1.9010000000e+03,7.3640925593e-01
1.8840000000e+03,7.1499933976e-01
1.8690000000e+03,6.6168479777e-01
1.8640000000e+03,6.1810243792e-01
1.8690000000e+03,9.4461614498e-01
1.8800000000e+03,8.7999564009e-01
1.8910000000e+03,7.8876023682e-01
1.8970000000e+03,7.0533789998e-01
1.9040000000e+03,6.4439831468e-01
1.9150000000e+03,5.7807718812e-01
1.9330000000e+03,6.3344535835e-01
1.9550000000e+03,9.4783622238e-01
1.9780000000e+03,8.7130881850e-01
2.0000000000e+03,8.0284684102e-01
2.0200000000e+03,7.7499630455e-01
2.0360000000e+03,7.3003533108e-01
2.0480000000e+03,6.6309444299e-01
2.0590000000e+03,9.2993986927e-01
2.0740000000e+03,9.0564794551e-01
2.1010000000e+03,8.1662390786e-01
2.1410000000e+03,7.3181735036e-01
2.1820000000e+03,6.9386065304e-01
2.2090000000e+03,6.3252016388e-01
2.2120000000e+03,5.9449464516e-01
2.1910000000e+03,9.4512081795e-01
2.1490000000e+03,8.8525074649e-01
2.0950000000e+03,8.0454986796e-01
2.0360000000e+03,7.6407550924e-01
1.9870000000e+03,7.0649709625e-01
1.9620000000e+03,6.6091835612e-01
1.9690000000e+03,6.4440433645e-01
2.0040000000e+03,8.6194679982e-01
2.0520000000e+03,7.7689540502e-01
2.0970000000e+03,6.9485121056e-01
2.1310000000e+03,6.2881778275e-01
2.1590000000e+03,5.6711008047e-01
2.1890000000e+03,5.3718232675e-01
2.2190000000e+03,5.0109301307e-01
2.2330000000e+03,4.8852247993e-01
2.2330000000e+03,4.4638323767e-01
2.2240000000e+03,4.1526521857e-01
2.1800000000e+03,4.7748980179e-01
2.1250000000e+03,4.6410628743e-01
2.0820000000e+03,9.2747467262e-01
2.0720000000e+03,9.4013505663e-01
2.1050000000e+03,8.5172142522e-01
2.1670000000e+03,7.7502382174e-01
2.2330000000e+03,6.9453914094e-01
2.2330000000e+03,6.3218684032e-01
2.2330000000e+03,5.9049612528e-01
2.2330000000e+03,5.8407790590e-01
2.2330000000e+03,5.4455447309e-01
2.2330000000e+03,4.9407535422e-01
2.2330000000e+03,4.4584746160e-01
2.2330000000e+03,9.1398097930e-01
2.2330000000e+03,8.3865152967e-01
2.2160000000e+03,8.0277302441e-01
2.1790000000e+03,9.7330823140e-01
2.1560000000e+03,8.8397924939e-01
2.1520000000e+03,7.9500609476e-01
2.1580000000e+03,7.2859159891e-01
2.1590000000e+03,6.7571122943e-01
2.1470000000e+03,6.0273648531e-01
2.1310000000e+03,5.4888254010e-01
2.1210000000e+03,7.3784071178e-01
2.1160000000e+03,6.7027375386e-01
2.1040000000e+03,6.0652456617e-01
2.0730000000e+03,5.5818535894e-01
2.0260000000e+03,5.2093532856e-01
1.9740000000e+03,9.3516564700e-01
1.9340000000e+03,9.9122562447e-01
1.9210000000e+03,9.1719879645e-01
1.9330000000e+03,8.3039377281e-01
1.9560000000e+03,7.4600504929e-01
1.9680000000e+03,6.8445914968e-01
1.9550000000e+03,6.1248937307e-01
1.9180000000e+03,5.5509426825e-01
1.8680000000e+03,5.2659851576e-01
1.8180000000e+03,4.7535037640e-01
1.7770000000e+03,4.2401399102e-01
1.7430000000e+03,3.7822177808e-01
1.7180000000e+03,3.3737498396e-01
1.7060000000e+03,3.2414290521e-01
1.7100000000e+03,9.0853268865e-01
1.7320000000e+03,8.6514704547e-01
1.7680000000e+03,7.7564364260e-01
1.8050000000e+03,7.0147567494e-01
1.8300000000e+03,6.3027826158e-01
1.8290000000e+03,5.7718485894e-01
1.8030000000e+03,5.3811323763e-01
1.7600000000e+03,5.2565698427e-01
1.7150000000e+03,4.8528510249e-01
1.6780000000e+03,4.3373281232e-01
1.6510000000e+03,4.5213719380e-01
1.6360000000e+03,4.3171839211e-01
1.6330000000e+03,6.6427554960e-01
1.6500000000e+03,9.5456463642e-01
1.6890000000e+03,9.1683147087e-01
1.7470000000e+03,8.2760181777e-01
1.8050000000e+03,7.4673491319e-01
1.8410000000e+03,6.7539427356e-01
1.8420000000e+03,6.0431366934e-01
1.8090000000e+03,5.5164285894e-01
1.7590000000e+03,5.2948788561e-01
1.7120000000e+03,4.8661635166e-01
1.6790000000e+03,4.3406327544e-01
1.6590000000e+03,4.2830560676e-01
1.6470000000e+03,6.8311654993e-01
1.6350000000e+03,6.2553459406e-01
1.6240000000e+03,9.1132238406e-01
1.6150000000e+03,8.9778142721e-01
1.6130000000e+03,8.1040904497e-01
1.6180000000e+03,7.2921532904e-01
1.6280000000e+03,6.9137587522e-01
1.6430000000e+03,6.1941872926e-01
1.6600000000e+03,5.6165323991e-01
1.6780000000e+03,9.4067621707e-01
1.6930000000e+03,8.7844593733e-01
1.7020000000e+03,7.8927998768e-01
1.6980000000e+03,7.1911996021e-01
1.6820000000e+03,6.5697327491e-01
1.6560000000e+03,6.3456976940e-01
1.6280000000e+03,9.5054439624e-01
1.6040000000e+03,9.4025683126e-01
1.5910000000e+03,8.5266581478e-01
1.5880000000e+03,7.6618670904e-01
1.5940000000e+03,7.0348742666e-01
1.6030000000e+03,6.3203056576e-01
1.6110000000e+03,5.6728316999e-01
1.6140000000e+03,5.4867358904e-01
1.6130000000e+03,5.3124090679e-01
1.6090000000e+03,4.8784236361e-01
1.6040000000e+03,4.5285052735e-01
1.5980000000e+03,4.0904354452e-01
1.5950000000e+03,3.8675226559e-01
1.5960000000e+03,6.3245986052e-01
1.6030000000e+03,9.4972331753e-01
1.6140000000e+03,8.6490286459e-01
1.6270000000e+03,7.7677804977e-01
1.6380000000e+03,6.9763293624e-01
1.6440000000e+03,6.4403463027e-01
1.6470000000e+03,5.8724252369e-01
1.6480000000e+03,5.4441953761e-01
1.6460000000e+03,5.3421905344e-01
1.6430000000e+03,4.8501233753e-01
1.6360000000e+03,4.4139499734e-01
1.6270000000e+03,4.3057750956e-01
1.6170000000e+03,3.9489026278e-01
1.6090000000e+03,9.1810730232e-01
1.6060000000e+03,9.8869138663e-01
1.6090000000e+03,9.1414378764e-01
1.6190000000e+03,8.2995448867e-01
1.6310000000e+03,7.4809805369e-01
1.6420000000e+03,6.7232961647e-01
1.6490000000e+03,6.1167246553e-01
1.6530000000e+03,5.6290899161e-01
1.6560000000e+03,5.5582403453e-01
1.6580000000e+03,5.0251041457e-01
1.6570000000e+03,4.5164560128e-01
1.6530000000e+03,4.4320043229e-01
1.6430000000e+03,4.5431280573e-01
1.6300000000e+03,5.2853881868e-01
1.6170000000e+03,9.3619466749e-01
1.6110000000e+03,8.7652011478e-01
1.6120000000e+03,7.8914633308e-01
1.6210000000e+03,7.0823279511e-01
1.6340000000e+03,6.4624856942e-01
1.6520000000e+03,5.8728612073e-01
1.6700000000e+03,5.3139622741e-01
1.6860000000e+03,7.7992799936e-01
1.6970000000e+03,7.3389907517e-01
1.6970000000e+03,6.6205731572e-01
1.6870000000e+03,6.0038690672e-01
1.6670000000e+03,5.4594262542e-01
1.6430000000e+03,9.3855001660e-01
1.6230000000e+03,9.9168364909e-01
1.6130000000e+03,9.3947553821e-01
1.6150000000e+03,8.4960916266e-01
1.6280000000e+03,7.6670537447e-01
1.6420000000e+03,6.9320010687e-01
1.6520000000e+03,6.2422395131e-01
1.6530000000e+03,5.5996161751e-01
1.6450000000e+03,5.4432165016e-01
1.6330000000e+03,5.2472172856e-01
1.6200000000e+03,5.0958127671e-01
1.6070000000e+03,4.7655005902e-01
1.5930000000e+03,4.2890055672e-01
1.5810000000e+03,4.1159838632e-01
1.5720000000e+03,9.2036850096e-01
1.5670000000e+03,9.0466735131e-01
1.5690000000e+03,8.1860146432e-01
1.5760000000e+03,7.3399784801e-01
1.5850000000e+03,6.5768475148e-01
1.5930000000e+03,5.8787322783e-01
1.5960000000e+03,5.2829946964e-01
1.5920000000e+03,4.9309618228e-01
1.5850000000e+03,4.4145340277e-01
1.5770000000e+03,3.9598310305e-01
1.5700000000e+03,3.5609395789e-01
1.5660000000e+03,3.2832682301e-01
1.5620000000e+03,5.4668246082e-01
1.5590000000e+03,9.3865014244e-01
1.5580000000e+03,9.2556058893e-01
1.5600000000e+03,8.4371562388e-01
1.5670000000e+03,7.6296167650e-01
1.5760000000e+03,6.9723206741e-01
1.5850000000e+03,6.2726305751e-01
1.5900000000e+03,5.6658685841e-01
1.5880000000e+03,5.5881810592e-01
1.5820000000e+03,5.0750975720e-01
1.5740000000e+03,5.0601947582e-01
1.5670000000e+03,4.9836803972e-01
1.5630000000e+03,4.4540680646e-01
1.5610000000e+03,3.9730423495e-01
1.5610000000e+03,8.3186158876e-01
1.5630000000e+03,9.7724494049e-01
1.5690000000e+03,8.8898770082e-01
1.5790000000e+03,7.9790012489e-01
1.5940000000e+03,7.1629843955e-01
1.6070000000e+03,6.5856008343e-01
1.6140000000e+03,5.8743761057e-01
1.6110000000e+03,9.4416575217e-01
1.6000000000e+03,9.0355185191e-01
1.5870000000e+03,8.2415242409e-01
1.5800000000e+03,7.4131336617e-01
1.5860000000e+03,6.6125379212e-01
1.6120000000e+03,5.8984040697e-01
1.6640000000e+03,7.0200932093e-01
1.7440000000e+03,9.5967134705e-01
1.8430000000e+03,8.9193774638e-01
1.9420000000e+03,8.0009260287e-01
2.0250000000e+03,7.1495530808e-01
2.0830000000e+03,6.5019527823e-01
2.1180000000e+03,5.9456834483e-01
2.1350000000e+03,5.6060519665e-01
2.1380000000e+03,5.7050697971e-01
2.1290000000e+03,5.3234608078e-01
2.1090000000e+03,5.1412195169e-01
2.0850000000e+03,5.1801140666e-01
2.0680000000e+03,5.0163102941e-01
2.0760000000e+03,4.8885034015e-01
2.1180000000e+03,9.2789535079e-01
2.1920000000e+03,8.6990361493e-01
2.2330000000e+03,7.9086123577e-01
2.2330000000e+03,7.1597735978e-01
2.2330000000e+03,6.5394689649e-01
2.2330000000e+03,6.0361612381e-01
2.2330000000e+03,5.6480848041e-01
2.2330000000e+03,5.4973383967e-01
2.2330000000e+03,5.2381430426e-01
2.2330000000e+03,4.8961469284e-01
2.2330000000e+03,9.2919997923e-01
2.2330000000e+03,8.6287046708e-01
2.2330000000e+03,7.9229090120e-01
2.2320000000e+03,9.7188963028e-01
2.2180000000e+03,9.2503320574e-01
2.2200000000e+03,8.3322832239e-01
2.2200000000e+03,7.4912396758e-01
2.2090000000e+03,7.1729583484e-01
2.1990000000e+03,6.5233658687e-01
2.2060000000e+03,5.9210614593e-01
2.2330000000e+03,9.3111874394e-01
2.2330000000e+03,8.5832418822e-01
2.2330000000e+03,7.7000911955e-01
2.2330000000e+03,9.5240981784e-01
2.2330000000e+03,9.0608866662e-01
2.2330000000e+03,8.1700934109e-01
2.2330000000e+03,8.3818412673e-01
2.2330000000e+03,8.0794065265e-01
2.2330000000e+03,7.2794008330e-01
2.2330000000e+03,6.5692492508e-01
2.2330000000e+03,6.6874584512e-01
2.2330000000e+03,6.1551934764e-01
2.2330000000e+03,5.6854164580e-01
2.2330000000e+03,9.4160846143e-01
2.2330000000e+03,8.8596230005e-01
2.2330000000e+03,7.9117658713e-01
2.1940000000e+03,7.2706627081e-01
2.1030000000e+03,6.8441553547e-01
2.0290000000e+03,6.1597723006e-01
1.9880000000e+03,9.4802816966e-01
1.9850000000e+03,9.3308045224e-01
2.0090000000e+03,8.4479979428e-01
2.0430000000e+03,7.5878400755e-01
2.0730000000e+03,7.2503410515e-01
2.0960000000e+03,6.7719204124e-01
2.1140000000e+03,6.1631206968e-01
2.1300000000e+03,5.9961885882e-01
2.1430000000e+03,5.7207078296e-01
2.1530000000e+03,5.4852795067e-01
2.1630000000e+03,5.9611392808e-01
2.1760000000e+03,5.8113679935e-01
2.1990000000e+03,5.2175680862e-01
2.2330000000e+03,6.6305085261e-01
2.2330000000e+03,9.3587783879e-01
2.2330000000e+03,8.5479112145e-01
2.2330000000e+03,7.6600764342e-01
2.2330000000e+03,7.2018027365e-01
2.2330000000e+03,6.5789513015e-01
2.2330000000e+03,5.9498627972e-01
2.2330000000e+03,8.5676263231e-01
2.2330000000e+03,8.4356410607e-01
2.2330000000e+03,7.5714133105e-01
2.2330000000e+03,7.2387100781e-01
2.2330000000e+03,7.1534582381e-01
2.2330000000e+03,6.4883266757e-01
2.2170000000e+03,7.2655805314e-01
2.2100000000e+03,9.6299365667e-01
2.2150000000e+03,8.7813698791e-01
2.2160000000e+03,7.9065734144e-01
2.1930000000e+03,7.1147528573e-01
2.1460000000e+03,6.8230462730e-01
2.0910000000e+03,6.3401695460e-01
2.0470000000e+03,6.1714058510e-01
2.0140000000e+03,6.6164015969e-01
1.9900000000e+03,5.9064561381e-01
1.9720000000e+03,5.6358280178e-01
1.9660000000e+03,9.4093735487e-01
1.9810000000e+03,8.5377646774e-01
2.0240000000e+03,7.9582288607e-01
2.0850000000e+03,9.7236763246e-01
2.1470000000e+03,8.9232313613e-01
2.1990000000e+03,8.0508697897e-01
2.2330000000e+03,7.5117921717e-01
2.2330000000e+03,6.9485043635e-01
2.2330000000e+03,6.3155574876e-01
2.2330000000e+03,8.1276876609e-01
2.2330000000e+03,8.1105888410e-01
2.2330000000e+03,7.3330189839e-01
2.2330000000e+03,6.6255129011e-01
2.2330000000e+03,7.6090150544e-01
2.2330000000e+03,7.0826887785e-01
2.2330000000e+03,6.6472975293e-01
2.2330000000e+03,9.5462610615e-01
2.2330000000e+03,8.9671579139e-01
2.2330000000e+03,8.1273151309e-01
2.1970000000e+03,7.2922796690e-01
2.1700000000e+03,6.9516099706e-01
2.1670000000e+03,6.3720098429e-01
2.1930000000e+03,6.0422052753e-01
2.2290000000e+03,6.3978366132e-01
2.2330000000e+03,5.9862784976e-01
2.1990000000e+03,5.6223502962e-01
2.1180000000e+03,6.4798199809e-01
2.0380000000e+03,6.1096231967e-01
2.0070000000e+03,5.8368526053e-01
2.0420000000e+03,8.0424961327e-01
2.1250000000e+03,7.7412299374e-01
2.2100000000e+03,7.0300709583e-01
2.2330000000e+03,6.3561832590e-01
2.2330000000e+03,5.7679724891e-01
2.2330000000e+03,5.2199977866e-01
2.2050000000e+03,4.9049373175e-01
2.2000000000e+03,9.3104582488e-01
2.2210000000e+03,8.7236654029e-01
2.2330000000e+03,7.8654009900e-01
2.2330000000e+03,7.7287153864e-01
2.2330000000e+03,7.4428602986e-01
2.2330000000e+03,6.6960855478e-01
2.2220000000e+03,9.5528638018e-01
2.1970000000e+03,9.3595924030e-01
2.1760000000e+03,8.4316973673e-01
2.1510000000e+03,7.5990116274e-01
2.1190000000e+03,7.0205145882e-01
2.0920000000e+03,6.6063405164e-01
2.0880000000e+03,6.0582910165e-01
2.1130000000e+03,9.4665476983e-01
2.1580000000e+03,8.9470503616e-01
2.2050000000e+03,8.1024129210e-01
2.2330000000e+03,8.0021284180e-01
2.2330000000e+03,7.8716111571e-01
2.2320000000e+03,7.1320575571e-01
2.2060000000e+03,6.9471595690e-01
2.1780000000e+03,8.6514674882e-01
2.1570000000e+03,7.8286357921e-01
2.1480000000e+03,6.9865669499e-01
2.1520000000e+03,6.5730826617e-01
2.1730000000e+03,6.2642571677e-01
2.2090000000e+03,5.7212203916e-01
2.2330000000e+03,9.4209301498e-01
2.2330000000e+03,9.2934200662e-01
2.2330000000e+03,8.5312254840e-01
2.2330000000e+03,7.7884804288e-01
2.2330000000e+03,7.3617316104e-01
2.2330000000e+03,6.7433953119e-01
2.2330000000e+03,7.4237693317e-01
2.1850000000e+03,9.2695276645e-01
2.1580000000e+03,8.5231439125e-01
2.1520000000e+03,7.6685742453e-01
2.1410000000e+03,7.0490923191e-01
2.1010000000e+03,6.5735798588e-01
2.0310000000e+03,6.0774515117e-01
1.9450000000e+03,6.0671740750e-01
1.8670000000e+03,7.2899595184e-01
1.8070000000e+03,6.8919725335e-01
1.7680000000e+03,6.4639338132e-01
1.7470000000e+03,6.1519419403e-01
1.7470000000e+03,5.4977196513e-01
1.7720000000e+03,6.6477374966e-01
1.8150000000e+03,9.5463206046e-01
1.8630000000e+03,8.7462051090e-01
1.8980000000e+03,7.9099925336e-01
1.9110000000e+03,7.2647540844e-01
1.9080000000e+03,6.7599290113e-01
1.8990000000e+03,6.1874979965e-01
1.8900000000e+03,7.0727027101e-01
1.8780000000e+03,6.9473574839e-01
1.8600000000e+03,6.2808699364e-01
1.8320000000e+03,5.8392879281e-01
1.8000000000e+03,9.4312742578e-01
1.7750000000e+03,8.6874175734e-01
1.7680000000e+03,8.0489770925e-01
1.7860000000e+03,9.7359577622e-01
1.8270000000e+03,9.0906899286e-01
1.8790000000e+03,8.2419385691e-01
1.9220000000e+03,7.3811103777e-01
1.9460000000e+03,6.9108485314e-01
1.9520000000e+03,6.1812233676e-01
1.9560000000e+03,5.9715368452e-01
1.9720000000e+03,9.4548067979e-01
2.0020000000e+03,8.6018785122e-01
2.0360000000e+03,8.0046426373e-01
2.0610000000e+03,7.6427925736e-01
2.0630000000e+03,6.9829668508e-01
2.0390000000e+03,6.3965905382e-01
1.9990000000e+03,9.3431340145e-01
1.9600000000e+03,8.8125814222e-01
1.9350000000e+03,7.9125761212e-01
1.9300000000e+03,7.1107807494e-01
1.9410000000e+03,6.6625601936e-01
1.9630000000e+03,6.2251919693e-01
1.9920000000e+03,5.9711274987e-01
2.0260000000e+03,9.4547513989e-01
2.0600000000e+03,8.7815495988e-01
2.0840000000e+03,7.9309781434e-01
2.0950000000e+03,7.3272251736e-01
2.0880000000e+03,6.7409096347e-01
2.0670000000e+03,6.3643524520e-01
2.0350000000e+03,9.3658701986e-01
1.9950000000e+03,9.2034208340e-01
1.9510000000e+03,8.3193837994e-01
1.9090000000e+03,7.4716498967e-01
1.8730000000e+03,6.9017934340e-01
1.8420000000e+03,6.5449017583e-01
1.8120000000e+03,8.2739166211e-01
1.7790000000e+03,7.9780642054e-01
1.7400000000e+03,7.2862860689e-01
1.7000000000e+03,6.5518728725e-01
1.6670000000e+03,6.3454201827e-01
1.6470000000e+03,5.9323122403e-01
1.6420000000e+03,5.4972278779e-01
1.6520000000e+03,5.4191813180e-01
1.6690000000e+03,5.3787780723e-01
1.6860000000e+03,4.8928625440e-01
1.6990000000e+03,4.6221413312e-01
1.7050000000e+03,4.3310094764e-01
1.7050000000e+03,4.1982890883e-01
1.7010000000e+03,3.9935810321e-01
1.6940000000e+03,3.7748420035e-01
1.6860000000e+03,3.6957751749e-01
1.6780000000e+03,3.4708837289e-01
1.6710000000e+03,3.3236987454e-01
1.6650000000e+03,3.1934134868e-01
1.6600000000e+03,3.0848761756e-01
1.6560000000e+03,3.0155824916e-01
1.6520000000e+03,2.8476895423e-01
1.6480000000e+03,3.1252042045e-01
1.6430000000e+03,3.1115266147e-01
1.6370000000e+03,2.9549917266e-01
1.6320000000e+03,2.9309146704e-01
1.6290000000e+03,2.8899137669e-01
1.6300000000e+03,2.8790451111e-01
1.6350000000e+03,2.9096263210e-01
1.6420000000e+03,2.7293703097e-01
1.6480000000e+03,2.6189917454e-01
1.6500000000e+03,2.4546765861e-01
1.6440000000e+03,2.3425405644e-01
1.6310000000e+03,2.1754096495e-01
1.6140000000e+03,2.0864003742e-01
1.5990000000e+03,4.8509332851e-01
1.5920000000e+03,6.4811055512e-01
1.5950000000e+03,5.8718801412e-01
1.6030000000e+03,5.4936156324e-01
1.6130000000e+03,5.0236452989e-01
1.6210000000e+03,4.6745926207e-01
1.6270000000e+03,4.3575437502e-01
1.6290000000e+03,4.0350641979e-01
1.6280000000e+03,3.8006295995e-01
1.6240000000e+03,3.7965960461e-01
1.6180000000e+03,3.4196192281e-01
1.6090000000e+03,3.1921628939e-01
1.5960000000e+03,3.0573394983e-01
1.5820000000e+03,3.3222290460e-01
1.5710000000e+03,6.9086575066e-01
1.5660000000e+03,6.2586168190e-01
1.5670000000e+03,5.6624896488e-01
1.5730000000e+03,5.1465419965e-01
1.5810000000e+03,4.7758995404e-01
1.5890000000e+03,4.6528673089e-01
1.5950000000e+03,4.3597918634e-01
1.5990000000e+03,3.9294225754e-01
1.5990000000e+03,3.6157347556e-01
1.5970000000e+03,3.2987933990e-01
1.5910000000e+03,3.2505658131e-01
1.5860000000e+03,3.6929813830e-01
1.5810000000e+03,3.4338421483e-01
1.5790000000e+03,3.2433177340e-01
1.5790000000e+03,3.0707462806e-01
1.5810000000e+03,2.8323221631e-01
1.5820000000e+03,2.6711745309e-01
1.5820000000e+03,2.4832396489e-01
1.5820000000e+03,2.5423047076e-01
1.5810000000e+03,2.3901592465e-01
1.5810000000e+03,2.1546184209e-01
1.5820000000e+03,3.7363579454e-01
1.5830000000e+03,3.6667253291e-01
1.5850000000e+03,3.4285784440e-01
1.5860000000e+03,3.1452836100e-01
1.5860000000e+03,2.9097259472e-01
1.5860000000e+03,2.7956690779e-01
1.5850000000e+03,2.7194582119e-01
1.5840000000e+03,2.5260235785e-01
1.5820000000e+03,2.3790952424e-01
1.5790000000e+03,3.8293034756e-01
1.5740000000e+03,4.1760623082e-01
1.5670000000e+03,3.8916171870e-01
1.5600000000e+03,3.4807917824e-01
1.5550000000e+03,3.1552513636e-01
1.5520000000e+03,3.0135801918e-01
1.5510000000e+03,2.8036732071e-01
1.5500000000e+03,2.5988505757e-01
1.5500000000e+03,2.4875956978e-01
1.5500000000e+03,2.3155826051e-01
1.5500000000e+03,2.2410539237e-01
1.5500000000e+03,2.6586212086e-01
1.5500000000e+03,2.4915864017e-01
1.5500000000e+03,2.2621487102e-01
1.5500000000e+03,2.1593636180e-01
1.5500000000e+03,2.1535429503e-01
1.5500000000e+03,2.0322433504e-01
1.5500000000e+03,1.9453490512e-01
1.5510000000e+03,1.9337991190e-01
1.5510000000e+03,1.8052913639e-01
1.5530000000e+03,1.6898417173e-01
1.5540000000e+03,1.6681723110e-01
1.5560000000e+03,3.6230829561e-01
1.5590000000e+03,3.2726889126e-01
1.5650000000e+03,2.9901472501e-01
1.5720000000e+03,2.7958183193e-01
1.5810000000e+03,2.5831447123e-01
1.5920000000e+03,4.6582675530e-01
1.6030000000e+03,4.4018919296e-01
1.6130000000e+03,3.9841937646e-01
1.6190000000e+03,3.6904282608e-01
1.6190000000e+03,3.3846692372e-01
1.6150000000e+03,3.1644271505e-01
1.6090000000e+03,2.9812066370e-01
1.6030000000e+03,5.7074011601e-01
1.6010000000e+03,5.5345330322e-01
1.6020000000e+03,5.1703730490e-01
1.6040000000e+03,4.6525598618e-01
1.6070000000e+03,4.3645729020e-01
1.6090000000e+03,4.0100079179e-01
1.6100000000e+03,3.6671907503e-01
1.6110000000e+03,3.3315624975e-01
1.6100000000e+03,3.0725576686e-01
1.6080000000e+03,2.9230879378e-01
1.6060000000e+03,2.8486295500e-01
1.6030000000e+03,2.6294550852e-01
1.5990000000e+03,2.4768909458e-01
1.5960000000e+03,2.2839432783e-01
1.5940000000e+03,3.4893387211e-01
1.5920000000e+03,4.0945086648e-01
1.5920000000e+03,3.7743545610e-01
1.5920000000e+03,3.4621551600e-01
1.5920000000e+03,3.2508573714e-01
1.5920000000e+03,3.4285068959e-01
1.5950000000e+03,4.2164086042e-01
1.5990000000e+03,3.9808063395e-01
1.6050000000e+03,3.5615910871e-01
1.6110000000e+03,3.3028009356e-01
1.6140000000e+03,3.2118608300e-01
1.6150000000e+03,3.0341654480e-01
1.6130000000e+03,2.8351286586e-01
1.6100000000e+03,2.9915388332e-01
1.6100000000e+03,2.8757479966e-01
1.6130000000e+03,2.7204358209e-01
1.6180000000e+03,2.5605584668e-01
1.6260000000e+03,3.5380646336e-01
1.6330000000e+03,3.2991582430e-01
1.6400000000e+03,3.0823792493e-01
1.6460000000e+03,2.9526692856e-01
1.6470000000e+03,2.8440369593e-01
1.6440000000e+03,2.7403032210e-01
1.6360000000e+03,2.5550274027e-01
1.6270000000e+03,2.4737667598e-01
1.6190000000e+03,2.3574667205e-01
1.6160000000e+03,2.2537805526e-01
1.6160000000e+03,2.1922252558e-01
1.6170000000e+03,2.0678572601e-01
1.6180000000e+03,2.0218387005e-01
1.6170000000e+03,1.9857542039e-01
1.6160000000e+03,2.4799694970e-01
1.6140000000e+03,7.1606454504e-01
1.6140000000e+03,6.5934884981e-01
1.6130000000e+03,5.9876101737e-01
1.6140000000e+03,5.6023590415e-01
1.6150000000e+03,5.3192592171e-01
1.6170000000e+03,4.8762482847e-01
1.6210000000e+03,4.4593151605e-01
1.6250000000e+03,4.2421845732e-01
1.6280000000e+03,3.8664365104e-01
1.6310000000e+03,3.8245395600e-01
1.6340000000e+03,3.7365244679e-01
1.6360000000e+03,3.3718606091e-01
1.6370000000e+03,3.2540920140e-01
1.6360000000e+03,3.3586113565e-01
1.6340000000e+03,3.6856512047e-01
1.6290000000e+03,3.4547778954e-01
1.6230000000e+03,3.2630631601e-01
1.6160000000e+03,3.9835280723e-01
1.6100000000e+03,3.6785487093e-01
1.6060000000e+03,3.5090869027e-01
1.6050000000e+03,3.2791914417e-01
1.6050000000e+03,3.1020883891e-01
1.6060000000e+03,2.8512311429e-01
1.6080000000e+03,2.7304241245e-01
1.6100000000e+03,2.5785485683e-01
1.6130000000e+03,2.4143844097e-01
1.6180000000e+03,4.6928687477e-01
1.6240000000e+03,4.5235714984e-01
1.6310000000e+03,4.0533517844e-01
1.6400000000e+03,3.6566320089e-01
1.6490000000e+03,3.3731253980e-01
1.6560000000e+03,3.1429018916e-01
1.6600000000e+03,2.9166960429e-01
1.6600000000e+03,2.7622826939e-01
1.6570000000e+03,2.5590238511e-01
1.6510000000e+03,2.4261574580e-01
1.6450000000e+03,2.3124291181e-01
1.6400000000e+03,2.1606628620e-01
1.6360000000e+03,2.1489340885e-01
1.6310000000e+03,2.0676598053e-01
1.6240000000e+03,1.9892729117e-01
1.6170000000e+03,1.8866143461e-01
1.6110000000e+03,1.8540106877e-01
1.6090000000e+03,1.9988158899e-01
1.6090000000e+03,1.9535457194e-01
1.6100000000e+03,1.8877984776e-01
1.6120000000e+03,1.8139309529e-01
1.6140000000e+03,1.7512475451e-01
1.6200000000e+03,1.7764241627e-01
1.6300000000e+03,2.0020721104e-01
1.6440000000e+03,1.9483484030e-01
1.6590000000e+03,1.8270233530e-01
1.6730000000e+03,1.9506213069e-01
1.6830000000e+03,2.6524516203e-01
1.6880000000e+03,2.5517440593e-01
1.6890000000e+03,2.4013028829e-01
1.6890000000e+03,2.2417906014e-01
1.6910000000e+03,2.3361214545e-01
1.6980000000e+03,4.1179107823e-01
1.7110000000e+03,7.9749791339e-01
1.7270000000e+03,7.4721198484e-01
1.7420000000e+03,6.8887957886e-01
1.7500000000e+03,6.3290822142e-01
1.7510000000e+03,5.7276143376e-01
1.7470000000e+03,5.2500088276e-01
1.7420000000e+03,5.1481374527e-01
1.7420000000e+03,6.7137488280e-01
1.7480000000e+03,6.1876941960e-01
1.7590000000e+03,5.6063741944e-01
1.7710000000e+03,8.5451494562e-01
1.7810000000e+03,7.7613773021e-01
1.7870000000e+03,7.4766573980e-01
1.7890000000e+03,7.8132742365e-01
1.7890000000e+03,7.5565050725e-01
1.7900000000e+03,6.8467569524e-01
1.7910000000e+03,6.2072191239e-01
1.7870000000e+03,5.6067239190e-01
1.7780000000e+03,5.5642200720e-01
1.7650000000e+03,5.0858833077e-01
1.7550000000e+03,9.3349466256e-01
1.7510000000e+03,8.4635803704e-01
1.7560000000e+03,7.6467806956e-01
1.7680000000e+03,8.1269466549e-01
1.7830000000e+03,7.5130321800e-01
1.7950000000e+03,6.7750747937e-01
1.7970000000e+03,6.3230131231e-01
1.7890000000e+03,6.0074896375e-01
1.7760000000e+03,5.5069876206e-01
1.7630000000e+03,5.3818002631e-01
1.7560000000e+03,4.8928564133e-01
1.7600000000e+03,4.4519160779e-01
1.7820000000e+03,4.1662623123e-01
1.8200000000e+03,9.2104894577e-01
1.8640000000e+03,8.5824090187e-01
1.8970000000e+03,7.6982183527e-01
1.9070000000e+03,7.3816760800e-01
1.8920000000e+03,7.0098954898e-01
1.8630000000e+03,6.6400327086e-01
1.8340000000e+03,9.4924530616e-01
1.8170000000e+03,9.1559787253e-01
1.8140000000e+03,8.3265739145e-01
1.8180000000e+03,7.5017721282e-01
1.8200000000e+03,7.0309694119e-01
1.8170000000e+03,6.4057418955e-01
1.8130000000e+03,5.8550350476e-01
1.8150000000e+03,9.2011016763e-01
1.8240000000e+03,8.7169333534e-01
1.8380000000e+03,7.8409978290e-01
1.8520000000e+03,7.4316424330e-01
1.8600000000e+03,7.2232771308e-01
1.8620000000e+03,6.5228613523e-01
1.8600000000e+03,6.0259459777e-01
1.8580000000e+03,6.0183188748e-01
1.8560000000e+03,5.4883536319e-01
1.8550000000e+03,4.9525590421e-01
1.8560000000e+03,5.9985476590e-01
1.8590000000e+03,5.6782946596e-01
1.8650000000e+03,5.1736484316e-01
1.8760000000e+03,8.1695178739e-01
1.8940000000e+03,7.6587518944e-01
1.9190000000e+03,6.8796773095e-01
1.9450000000e+03,6.5793694673e-01
1.9620000000e+03,6.6765779212e-01
1.9560000000e+03,6.0085559529e-01
1.9260000000e+03,6.0073339422e-01
1.8830000000e+03,8.3294636808e-01
1.8460000000e+03,7.7282595017e-01
1.8270000000e+03,6.9697729576e-01
1.8240000000e+03,6.3890109748e-01
1.8310000000e+03,5.8677126196e-01
1.8420000000e+03,5.3747134152e-01
1.8560000000e+03,6.5909627429e-01
1.8720000000e+03,7.4116441903e-01
1.8880000000e+03,6.6808790030e-01
1.9020000000e+03,6.1068955423e-01
1.9150000000e+03,8.4803489470e-01
1.9270000000e+03,7.8204677785e-01
1.9370000000e+03,7.1244395275e-01
1.9430000000e+03,6.8475068106e-01
1.9450000000e+03,6.1666395839e-01
1.9440000000e+03,5.5932622218e-01
1.9380000000e+03,5.5252610305e-01
1.9260000000e+03,5.1522882711e-01
1.9110000000e+03,4.7387769999e-01
1.8990000000e+03,7.6576888807e-01
1.8940000000e+03,8.7266355889e-01
1.8930000000e+03,7.9951248382e-01
1.8890000000e+03,7.1954740025e-01
1.8770000000e+03,6.8642249471e-01
1.8560000000e+03,6.3456068883e-01
1.8300000000e+03,5.8304409844e-01
1.8070000000e+03,9.4357115496e-01
1.7920000000e+03,9.1063980206e-01
1.7880000000e+03,8.2563025722e-01
1.7900000000e+03,7.5647595567e-01
1.7920000000e+03,7.1373791063e-01
1.7920000000e+03,6.4771979740e-01
1.7890000000e+03,6.0453673130e-01
1.7850000000e+03,7.1449266835e-01
1.7830000000e+03,6.7485925426e-01
1.7820000000e+03,6.1787398351e-01
1.7810000000e+03,6.0916576726e-01
1.7750000000e+03,5.7180625898e-01
1.7630000000e+03,5.2215853991e-01
1.7440000000e+03,5.1902018793e-01
1.7210000000e+03,5.0372714181e-01
1.6990000000e+03,4.6477924524e-01
1.6810000000e+03,4.2046357556e-01
1.6700000000e+03,3.8558751877e-01
1.6660000000e+03,3.5203451447e-01
1.6720000000e+03,3.4571096749e-01
1.6880000000e+03,9.1145160847e-01
1.7110000000e+03,8.4778935014e-01
1.7370000000e+03,7.6593735007e-01
1.7590000000e+03,7.4389438707e-01
1.7700000000e+03,7.1487578259e-01
1.7710000000e+03,6.5014657464e-01
1.7660000000e+03,8.2480365458e-01
1.7670000000e+03,8.1313763729e-01
1.7810000000e+03,7.3286855491e-01
1.8090000000e+03,6.5749634634e-01
1.8460000000e+03,6.0107888245e-01
1.8870000000e+03,5.5825157558e-01
1.9280000000e+03,5.0994936441e-01
1.9640000000e+03,8.2490852074e-01
1.9910000000e+03,7.8725630931e-01
2.0080000000e+03,7.0507650597e-01
2.0130000000e+03,7.4059332011e-01
2.0040000000e+03,7.2064253535e-01
1.9780000000e+03,6.4739671308e-01
1.9420000000e+03,9.4522748672e-01
1.9060000000e+03,8.9890143534e-01
1.8830000000e+03,8.0894130621e-01
1.8740000000e+03,7.3457348392e-01
1.8720000000e+03,6.9422280745e-01
1.8720000000e+03,6.3923447349e-01
1.8710000000e+03,6.1029928354e-01
1.8690000000e+03,6.2103147616e-01
1.8670000000e+03,6.1521963273e-01
1.8600000000e+03,5.5173556313e-01
1.8470000000e+03,5.3639823735e-01
1.8260000000e+03,5.3858734544e-01
1.8030000000e+03,5.0190755100e-01
1.7840000000e+03,5.4139787996e-01
1.7740000000e+03,7.5993078174e-01
1.7760000000e+03,7.0686684429e-01
1.7880000000e+03,6.3790307147e-01
1.8050000000e+03,6.0045434969e-01
1.8230000000e+03,5.6621438203e-01
1.8420000000e+03,5.2751888834e-01
1.8590000000e+03,6.5804297174e-01
1.8720000000e+03,6.5319078832e-01
1.8770000000e+03,5.9312728664e-01
1.8710000000e+03,5.3614950899e-01
1.8530000000e+03,6.9964662582e-01
1.8210000000e+03,6.3320309356e-01
1.7800000000e+03,6.0082988541e-01
1.7370000000e+03,9.4597819948e-01
1.7010000000e+03,8.9456257852e-01
1.6800000000e+03,8.1280804691e-01
1.6730000000e+03,7.3457804690e-01
1.6770000000e+03,6.6643132820e-01
1.6890000000e+03,6.0668002824e-01
1.7100000000e+03,7.0134451966e-01
1.7360000000e+03,8.0649203596e-01
1.7610000000e+03,7.4487762111e-01
1.7780000000e+03,6.7387430891e-01
1.7830000000e+03,6.2076994739e-01
1.7750000000e+03,6.1997346367e-01
1.7580000000e+03,7.0132083061e-01
1.7390000000e+03,6.8284861766e-01
1.7240000000e+03,6.4934024748e-01
1.7200000000e+03,6.0840306208e-01
1.7240000000e+03,5.5292702998e-01
1.7340000000e+03,5.1863500410e-01
1.7440000000e+03,4.8780401472e-01
1.7530000000e+03,4.7806625898e-01
1.7560000000e+03,7.7897640761e-01
1.7540000000e+03,7.0571026348e-01
1.7450000000e+03,6.7369945831e-01
1.7300000000e+03,6.3620168449e-01
1.7110000000e+03,5.9306429910e-01
1.6930000000e+03,5.6346398116e-01
1.6790000000e+03,7.7393720094e-01
1.6720000000e+03,7.5930721248e-01
1.6710000000e+03,6.9262750875e-01
1.6760000000e+03,6.3851392447e-01
1.6900000000e+03,5.9646396419e-01
1.7160000000e+03,5.6852744214e-01
1.7590000000e+03,5.3561089918e-01
1.8100000000e+03,7.1190668571e-01
1.8530000000e+03,6.5498757199e-01
1.8740000000e+03,6.0124624817e-01
1.8670000000e+03,5.6018635131e-01
1.8440000000e+03,6.7074639213e-01
1.8240000000e+03,6.3782770345e-01
1.8230000000e+03,6.3721941919e-01
1.8430000000e+03,6.9953889997e-01
1.8770000000e+03,6.4474977954e-01
1.9090000000e+03,5.9333496048e-01
1.9280000000e+03,5.5226221663e-01
1.9310000000e+03,5.2467017491e-01
1.9290000000e+03,4.8985800921e-01
1.9350000000e+03,5.6263357143e-01
1.9560000000e+03,5.4804424156e-01
1.9960000000e+03,5.0377976074e-01
2.0490000000e+03,4.8488838580e-01
2.1110000000e+03,4.6859446115e-01
2.1800000000e+03,4.4702836065e-01
2.2330000000e+03,4.5784574168e-01
2.2330000000e+03,7.3003570716e-01
2.2330000000e+03,6.8124754161e-01
2.2330000000e+03,6.2976582912e-01
2.2330000000e+03,5.8577617606e-01
2.2330000000e+03,5.5338671899e-01
2.2330000000e+03,5.3291270716e-01
2.2330000000e+03,5.0587437555e-01
2.2330000000e+03,4.8481122153e-01
2.2330000000e+03,4.4721007043e-01
2.2330000000e+03,4.8110521998e-01
2.2330000000e+03,5.9916470547e-01
2.2330000000e+03,5.5414617193e-01
2.2330000000e+03,5.4171066739e-01
2.2330000000e+03,8.6751460391e-01
2.2330000000e+03,7.9447023902e-01
2.2330000000e+03,7.1715407605e-01
2.2330000000e+03,6.5538491292e-01
2.2330000000e+03,6.2693076535e-01
2.2330000000e+03,6.0484341699e-01
2.2330000000e+03,5.8963396528e-01
2.2330000000e+03,5.8815995414e-01
2.2330000000e+03,5.3477078495e-01
2.2330000000e+03,5.0157197907e-01
2.2330000000e+03,5.6199759203e-01
2.2330000000e+03,5.1926105879e-01
2.2330000000e+03,5.0393637674e-01
2.2330000000e+03,8.2652986587e-01
2.2330000000e+03,7.6742578392e-01
2.2330000000e+03,7.0060011877e-01
2.2330000000e+03,6.4215336972e-01
2.2330000000e+03,5.9980682823e-01
2.2330000000e+03,5.5760665516e-01
2.2330000000e+03,5.5124726748e-01
2.2220000000e+03,7.9824812813e-01
2.1470000000e+03,7.2650181655e-01
2.0780000000e+03,6.5865306943e-01
2.0210000000e+03,6.1352347671e-01
1.9750000000e+03,5.7415637122e-01
1.9380000000e+03,5.4824547721e-01
1.9130000000e+03,9.3886167371e-01
1.9030000000e+03,8.8343779872e-01
1.9080000000e+03,8.0103607866e-01
1.9230000000e+03,7.2196397817e-01
1.9450000000e+03,6.8252706917e-01
1.9690000000e+03,6.2588595285e-01
1.9950000000e+03,5.8926601826e-01
2.0190000000e+03,6.9884150988e-01
2.0450000000e+03,6.6236493159e-01
2.0750000000e+03,6.2832565698e-01
2.1090000000e+03,6.2258172986e-01
2.1490000000e+03,5.9350254650e-01
2.2020000000e+03,5.5152991355e-01
2.2330000000e+03,6.0440380752e-01
2.2330000000e+03,5.7824170118e-01
2.2330000000e+03,5.2465743544e-01
2.2330000000e+03,4.8318892319e-01
2.2330000000e+03,4.8109033352e-01
2.2330000000e+03,4.6645147535e-01
2.2330000000e+03,4.3271034428e-01
2.2330000000e+03,8.4716267924e-01
2.2330000000e+03,7.9466676189e-01
2.2330000000e+03,7.1755929441e-01
2.2330000000e+03,7.0296487013e-01
2.2330000000e+03,6.7770276159e-01
2.2330000000e+03,6.1811963492e-01
2.2330000000e+03,8.4349699157e-01
2.2330000000e+03,8.2597234815e-01
2.2330000000e+03,7.4293599753e-01
2.2330000000e+03,6.7016280014e-01
2.1750000000e+03,6.1946932522e-01
2.0830000000e+03,5.8511562528e-01
1.9930000000e+03,5.5241990597e-01
1.9160000000e+03,9.3942662120e-01
1.8580000000e+03,8.8313111274e-01
1.8240000000e+03,7.9345528636e-01
1.8120000000e+03,7.3927600588e-01
1.8210000000e+03,7.0850264522e-01
1.8550000000e+03,6.5532726290e-01
1.9150000000e+03,6.4813527368e-01
1.9970000000e+03,7.3984022077e-01
2.0890000000e+03,6.7106504559e-01
2.1790000000e+03,6.0299453687e-01
2.2330000000e+03,5.6517212434e-01
2.2330000000e+03,5.2819002233e-01
2.2330000000e+03,4.9649051081e-01
2.2330000000e+03,9.0923138497e-01
2.2330000000e+03,8.5584666758e-01
2.2330000000e+03,7.8993269808e-01
2.2330000000e+03,7.5006417332e-01
2.1760000000e+03,7.4562437922e-01
2.1180000000e+03,6.9042977995e-01
2.0650000000e+03,6.6104089835e-01
2.0250000000e+03,8.3877062710e-01
2.0030000000e+03,7.6612026934e-01
2.0030000000e+03,6.9320204988e-01
2.0220000000e+03,6.3610042835e-01
2.0600000000e+03,6.0740274699e-01
2.1070000000e+03,5.5139548418e-01
2.1490000000e+03,5.4981762436e-01
2.1740000000e+03,5.4373802416e-01
2.1740000000e+03,5.0801068727e-01
2.1520000000e+03,4.8894257889e-01
2.1220000000e+03,4.8323079663e-01
2.1040000000e+03,4.5178991105e-01
2.1120000000e+03,4.8024575375e-01
2.1470000000e+03,9.2965891187e-01
2.1940000000e+03,8.6559069872e-01
2.2330000000e+03,7.8437530240e-01
2.2330000000e+03,7.2389114639e-01
2.2330000000e+03,6.7327062025e-01
2.2330000000e+03,6.1863735398e-01
2.2330000000e+03,5.8600750000e-01
2.2330000000e+03,5.8085115272e-01
2.2330000000e+03,5.2587889289e-01
2.2330000000e+03,4.9440827215e-01
2.2330000000e+03,9.3157560031e-01
2.2330000000e+03,8.6587934398e-01
2.2300000000e+03,7.9762957371e-01
2.1940000000e+03,9.7261214104e-01
2.1640000000e+03,9.1566723832e-01
2.1340000000e+03,8.2305759604e-01
2.0950000000e+03,7.4218535712e-01
2.0550000000e+03,7.1833932791e-01
2.0270000000e+03,6.6841488885e-01
2.0260000000e+03,6.4280819436e-01
2.0520000000e+03,9.1312901239e-01
2.0940000000e+03,8.2940483797e-01
2.1340000000e+03,7.5588179605e-01
2.1640000000e+03,7.5077889747e-01
2.1810000000e+03,6.9472456488e-01
2.1920000000e+03,6.3492366790e-01
2.2060000000e+03,8.7309736365e-01
2.2270000000e+03,8.3408468638e-01
2.2330000000e+03,7.5319788539e-01
2.2330000000e+03,6.7671983454e-01
2.2330000000e+03,6.2031040981e-01
2.2130000000e+03,5.7683570602e-01
2.1560000000e+03,5.6029964605e-01
2.1020000000e+03,9.4049302806e-01
2.0610000000e+03,8.6932749771e-01
2.0300000000e+03,7.8623974632e-01
1.9970000000e+03,7.5305982229e-01
1.9570000000e+03,6.7928831742e-01
1.9170000000e+03,6.1909909717e-01
1.8900000000e+03,9.4845066843e-01
1.8790000000e+03,9.1655068501e-01
1.8810000000e+03,8.3692565848e-01
1.8860000000e+03,7.5984517531e-01
1.8890000000e+03,6.9186307367e-01
1.8910000000e+03,6.3982888782e-01
1.9000000000e+03,6.0879526925e-01
1.9220000000e+03,7.9040073168e-01
1.9530000000e+03,7.2192993301e-01
1.9840000000e+03,6.5547871709e-01
2.0070000000e+03,6.3732496945e-01
2.0250000000e+03,6.7479363550e-01
2.0450000000e+03,6.2385779112e-01
2.0710000000e+03,6.1901617719e-01
2.0990000000e+03,6.7813545297e-01
2.1200000000e+03,6.2839991114e-01
2.1260000000e+03,5.8081933776e-01
2.1200000000e+03,5.7394087787e-01
2.1130000000e+03,5.3087382952e-01
2.1200000000e+03,4.9182565354e-01
2.1440000000e+03,5.3914683050e-01
2.1820000000e+03,6.5668843497e-01
2.2150000000e+03,6.0239237505e-01
2.2300000000e+03,5.6306639060e-01
2.2220000000e+03,5.5676114067e-01
2.1970000000e+03,5.2047099019e-01
2.1670000000e+03,7.8095949702e-01
2.1420000000e+03,8.3817145033e-01
2.1220000000e+03,7.6521925330e-01
2.0970000000e+03,6.8750996510e-01
2.0530000000e+03,6.2278738241e-01
1.9900000000e+03,5.7740469941e-01
1.9190000000e+03,5.6876050273e-01
1.8550000000e+03,7.3258042431e-01
1.8090000000e+03,7.1261095343e-01
1.7860000000e+03,6.7059722103e-01
1.7840000000e+03,6.3983661275e-01
1.8000000000e+03,6.2352007033e-01
1.8310000000e+03,5.6858656204e-01
1.8740000000e+03,5.4970382480e-01
1.9220000000e+03,9.1278611873e-01
1.9700000000e+03,8.3051858695e-01
2.0120000000e+03,7.5687435173e-01
2.0480000000e+03,7.0410824845e-01
2.0770000000e+03,6.4870684060e-01
2.1040000000e+03,5.9378341173e-01
2.1330000000e+03,7.5914138798e-01
2.1630000000e+03,7.5208870030e-01
2.1880000000e+03,6.7749194611e-01
2.1980000000e+03,6.2630582504e-01
2.1870000000e+03,5.8796312242e-01
2.1510000000e+03,5.4876649431e-01
2.0960000000e+03,5.3263497795e-01
2.0360000000e+03,9.3674902237e-01
1.9890000000e+03,8.7519428732e-01
1.9670000000e+03,7.8749741386e-01
1.9730000000e+03,7.1104172783e-01
1.9970000000e+03,6.8333734878e-01
2.0240000000e+03,6.2995047799e-01
2.0410000000e+03,5.9308425856e-01
2.0450000000e+03,6.9832855762e-01
2.0360000000e+03,6.4317189101e-01
2.0210000000e+03,5.8564730614e-01
2.0040000000e+03,5.7025147134e-01
1.9960000000e+03,5.4186148164e-01
2.0100000000e+03,5.3115661339e-01
2.0520000000e+03,8.4833252525e-01
2.1140000000e+03,8.0996755964e-01
2.1810000000e+03,7.3195489407e-01
2.2330000000e+03,6.6719613477e-01
2.2330000000e+03,6.1753844947e-01
2.2330000000e+03,5.8133683348e-01
2.2330000000e+03,5.4793753025e-01
2.2330000000e+03,5.9605367435e-01
2.2330000000e+03,5.4661306466e-01
2.2330000000e+03,5.1902723325e-01
2.2050000000e+03,9.3490741438e-01
2.1440000000e+03,8.8651677006e-01
2.0950000000e+03,7.9953441814e-01
2.0660000000e+03,7.7780625584e-01
2.0560000000e+03,7.5878936951e-01
2.0550000000e+03,6.8457982159e-01
2.0520000000e+03,6.1523054005e-01
2.0460000000e+03,5.9013591967e-01
2.0480000000e+03,5.4592361173e-01
2.0700000000e+03,5.1815959369e-01
2.1170000000e+03,9.3478999214e-01
2.1770000000e+03,8.6519963788e-01
2.2330000000e+03,7.7772758482e-01
2.2330000000e+03,7.4547706498e-01
2.2330000000e+03,7.0690928371e-01
2.2330000000e+03,6.4202652352e-01
2.2330000000e+03,6.2488325920e-01
2.2330000000e+03,6.8720470451e-01
2.2330000000e+03,6.5526764252e-01
2.2330000000e+03,5.8919297105e-01
2.2330000000e+03,5.4931498916e-01
2.2330000000e+03,5.2108090520e-01
2.2330000000e+03,4.8759024080e-01
2.2330000000e+03,7.9193380323e-01
2.1750000000e+03,7.5133849477e-01
2.1040000000e+03,6.8091741385e-01
2.0400000000e+03,6.1801502722e-01
1.9840000000e+03,7.3326800368e-01
1.9380000000e+03,6.9054922586e-01
1.9060000000e+03,6.7258059624e-01
1.8910000000e+03,8.4595114499e-01
1.8880000000e+03,7.6790338908e-01
1.8900000000e+03,6.9043235686e-01
1.8910000000e+03,6.4254666870e-01
1.8980000000e+03,6.2754727672e-01
1.9190000000e+03,5.6402146869e-01
1.9580000000e+03,6.7975408443e-01
2.0070000000e+03,6.7009818783e-01
2.0580000000e+03,6.1520409177e-01
2.0990000000e+03,5.7988554543e-01
2.1270000000e+03,5.6527087914e-01
2.1490000000e+03,5.2512872807e-01
2.1750000000e+03,5.1299065681e-01
2.2090000000e+03,9.2190372550e-01
2.2330000000e+03,8.5221075577e-01
2.2330000000e+03,7.6470700430e-01
2.2330000000e+03,7.0280164650e-01
2.2070000000e+03,6.6091701897e-01
2.1830000000e+03,6.0931169470e-01
2.1850000000e+03,5.9932752932e-01
2.2140000000e+03,5.9915026135e-01
2.2330000000e+03,5.4826877722e-01
2.2330000000e+03,5.2219740036e-01
2.2330000000e+03,8.1968623180e-01
2.2330000000e+03,7.6541521873e-01
2.2050000000e+03,7.0886975989e-01
2.1550000000e+03,8.4575624056e-01
2.1030000000e+03,7.8351001471e-01
2.0520000000e+03,7.0866363229e-01
1.9990000000e+03,6.6244170333e-01
1.9450000000e+03,6.4789054639e-01
1.8980000000e+03,6.0614643672e-01
1.8650000000e+03,5.7493395772e-01
1.8490000000e+03,7.1585165230e-01
1.8470000000e+03,6.6000802812e-01
1.8530000000e+03,6.0598952315e-01
1.8670000000e+03,5.9111666948e-01
1.8910000000e+03,5.7453043683e-01
1.9290000000e+03,5.2744287024e-01
1.9820000000e+03,8.2476747212e-01
2.0420000000e+03,7.9105113644e-01
2.1020000000e+03,7.2857981970e-01
2.1560000000e+03,6.7642142532e-01
2.1990000000e+03,6.1900349226e-01
2.2300000000e+03,5.7470300167e-01
2.2330000000e+03,5.4436707188e-01
2.2330000000e+03,6.6596245468e-01
2.2330000000e+03,6.0702385927e-01
2.2290000000e+03,5.6827621261e-01
2.1890000000e+03,5.5562356542e-01
2.1380000000e+03,5.8555248338e-01
2.0850000000e+03,5.6853799252e-01
2.0390000000e+03,7.7210926385e-01
1.9990000000e+03,7.3574064118e-01
1.9650000000e+03,6.7159366810e-01
1.9370000000e+03,6.0227041488e-01
1.9200000000e+03,5.9099063848e-01
1.9180000000e+03,5.3889622611e-01
1.9330000000e+03,4.9800336247e-01
1.9530000000e+03,9.3206214288e-01
1.9650000000e+03,8.7803009142e-01
1.9560000000e+03,8.0586573651e-01
1.9280000000e+03,7.5692811309e-01
1.8970000000e+03,6.9998517938e-01
1.8900000000e+03,6.4098963038e-01
1.9210000000e+03,8.8129776064e-01
1.9860000000e+03,8.6214447231e-01
2.0600000000e+03,7.7809993552e-01
2.1160000000e+03,7.0084386814e-01
2.1400000000e+03,6.3271645690e-01
2.1420000000e+03,5.7752776359e-01
2.1470000000e+03,5.3820144801e-01
2.1750000000e+03,9.2977243403e-01
2.2250000000e+03,8.6955897062e-01
2.2330000000e+03,7.8709420954e-01
2.2330000000e+03,7.5798894740e-01
2.2330000000e+03,7.2381710668e-01
2.2330000000e+03,6.6563868584e-01
2.2240000000e+03,7.0175911668e-01
2.1790000000e+03,8.4353420748e-01
2.1400000000e+03,7.6806134355e-01
2.1070000000e+03,6.9041437478e-01
2.0780000000e+03,6.3013403144e-01
2.0620000000e+03,5.9089617576e-01
2.0710000000e+03,5.5050996897e-01
2.1110000000e+03,8.1417286436e-01
2.1670000000e+03,8.0562846524e-01
2.2180000000e+03,7.3091291918e-01
2.2330000000e+03,6.6608902371e-01
2.2240000000e+03,6.5270767360e-01
2.1880000000e+03,5.9314448426e-01
2.1570000000e+03,5.8641376648e-01
2.1480000000e+03,9.4402718994e-01
2.1650000000e+03,8.6790830227e-01
2.1960000000e+03,7.7720767035e-01
2.2270000000e+03,7.1176555831e-01
2.2330000000e+03,6.6188437897e-01
2.2330000000e+03,6.1629163626e-01
2.2330000000e+03,6.2159465304e-01
2.2330000000e+03,6.8864982228e-01
2.2330000000e+03,6.2334290025e-01
2.2280000000e+03,5.6959027385e-01
2.1740000000e+03,5.4977655618e-01
2.1080000000e+03,5.1112108966e-01
2.0510000000e+03,8.4679032706e-01
2.0240000000e+03,9.7926532552e-01
2.0310000000e+03,8.9853299673e-01
2.0550000000e+03,8.0764750295e-01
2.0690000000e+03,7.3004679809e-01
2.0530000000e+03,6.6646466149e-01
2.0120000000e+03,6.2871681675e-01
1.9650000000e+03,5.9192961065e-01
1.9300000000e+03,7.0486469411e-01
1.9110000000e+03,6.4290253299e-01
1.9020000000e+03,5.9625263351e-01
1.9000000000e+03,8.5642278807e-01
1.9090000000e+03,8.0539592754e-01
1.9410000000e+03,7.4472070627e-01
1.9920000000e+03,8.6860961596e-01
2.0450000000e+03,7.9490799440e-01
2.0880000000e+03,7.1481775228e-01
2.1150000000e+03,6.5961502969e-01
2.1360000000e+03,6.5672979649e-01
2.1570000000e+03,6.0568620513e-01
2.1780000000e+03,7.6006006481e-01
2.1920000000e+03,7.4864624060e-01
2.1940000000e+03,6.7476274855e-01
2.1800000000e+03,6.2526659740e-01
2.1490000000e+03,6.1723301302e-01
2.1110000000e+03,5.8900368989e-01
2.0810000000e+03,5.3769781222e-01
2.0720000000e+03,8.7531124971e-01
2.0850000000e+03,8.2965053018e-01
2.1060000000e+03,7.4982413880e-01
2.1140000000e+03,6.7314365627e-01
2.0940000000e+03,6.0975039826e-01
2.0510000000e+03,5.5477969948e-01
2.0030000000e+03,6.7860235200e-01
1.9680000000e+03,9.3848268600e-01
1.9540000000e+03,8.5857398946e-01
1.9570000000e+03,7.7250875709e-01
1.9670000000e+03,7.3217462853e-01
1.9780000000e+03,6.8963482149e-01
1.9890000000e+03,6.3718132219e-01
2.0020000000e+03,7.3106511721e-01
2.0200000000e+03,7.1190802235e-01
2.0390000000e+03,6.4411261978e-01
2.0560000000e+03,5.8032991185e-01
2.0700000000e+03,5.3965561378e-01
2.0840000000e+03,4.9561168450e-01
2.1050000000e+03,7.5199125812e-01
2.1390000000e+03,9.2957909654e-01
2.1860000000e+03,8.7499997506e-01
2.2330000000e+03,7.8979303170e-01
2.2330000000e+03,7.1742964286e-01
2.2330000000e+03,6.7426519092e-01
2.2120000000e+03,6.2272092834e-01
2.1400000000e+03,8.7660676428e-01
2.0620000000e+03,8.6514288222e-01
1.9970000000e+03,7.8436869208e-01
1.9530000000e+03,7.1823859571e-01
1.9260000000e+03,6.7036271457e-01
1.9140000000e+03,6.5016354061e-01
1.9180000000e+03,6.0475450679e-01
1.9410000000e+03,6.0147248848e-01
1.9750000000e+03,5.5250175084e-01
2.0180000000e+03,5.0334205887e-01
2.0610000000e+03,4.8394909234e-01
2.1080000000e+03,4.5235394087e-01
2.1610000000e+03,4.3525180250e-01
2.2210000000e+03,5.1338038339e-01
2.2330000000e+03,8.9304968722e-01
2.2330000000e+03,8.2504638793e-01
2.2330000000e+03,7.5297201315e-01
2.2330000000e+03,7.0084570160e-01
2.2330000000e+03,6.4739250591e-01
2.2330000000e+03,6.0240606974e-01
2.2330000000e+03,5.6605796350e-01
2.2330000000e+03,5.3838933700e-01
2.2330000000e+03,4.9506914270e-01
2.2330000000e+03,4.7389789685e-01
2.2330000000e+03,6.6923021310e-01
2.2330000000e+03,6.1833417939e-01
2.2330000000e+03,5.9026746331e-01
2.2330000000e+03,8.1369976482e-01
2.2330000000e+03,7.4961505556e-01
2.2330000000e+03,6.9001872973e-01
2.2330000000e+03,6.3051107616e-01
2.2330000000e+03,6.0095585025e-01
2.2330000000e+03,5.6668464443e-01
2.2330000000e+03,5.4075067240e-01
2.2330000000e+03,7.2857630934e-01
2.2330000000e+03,6.6215147458e-01
2.2330000000e+03,6.2065705313e-01
2.2330000000e+03,6.0877491425e-01
2.2330000000e+03,5.7458723130e-01
2.2330000000e+03,5.3262138437e-01
2.2330000000e+03,7.4343207964e-01
2.2330000000e+03,6.9633907669e-01
2.2330000000e+03,6.3046885991e-01
2.2330000000e+03,5.8554231785e-01
2.2330000000e+03,5.5805604863e-01
2.2330000000e+03,5.2717765478e-01
2.2330000000e+03,5.1142329977e-01
2.2220000000e+03,7.5358035959e-01
2.1400000000e+03,6.9077489468e-01
2.0710000000e+03,6.2505267779e-01
2.0180000000e+03,5.8483811233e-01
1.9820000000e+03,5.5498797661e-01
1.9610000000e+03,5.2887772065e-01
1.9560000000e+03,9.3624053289e-01
1.9620000000e+03,8.8568980010e-01
1.9710000000e+03,8.0309114164e-01
1.9720000000e+03,7.3159379714e-01
1.9660000000e+03,6.8738571269e-01
1.9650000000e+03,6.4841328986e-01
1.9770000000e+03,5.9278633703e-01
2.0040000000e+03,7.5616483401e-01
2.0330000000e+03,7.0263943049e-01
2.0570000000e+03,6.4918672163e-01
2.0720000000e+03,6.2788341879e-01
2.0900000000e+03,6.1513240885e-01
2.1270000000e+03,5.7440886292e-01
2.1880000000e+03,6.6056545501e-01
2.2330000000e+03,6.3634675583e-01
2.2330000000e+03,5.7454337079e-01
2.2330000000e+03,5.3729910646e-01
2.2330000000e+03,5.1221665301e-01
2.2330000000e+03,4.9177416352e-01
2.2330000000e+03,4.7993702796e-01
2.2330000000e+03,5.0907971160e-01
2.2330000000e+03,4.8542575288e-01
2.2330000000e+03,4.5158777491e-01
2.2330000000e+03,6.2733239219e-01
2.2330000000e+03,6.0776332440e-01
2.2330000000e+03,5.6759687304e-01
2.2330000000e+03,7.2510032246e-01
2.2330000000e+03,7.2099423452e-01
2.1950000000e+03,6.5147351199e-01
2.1190000000e+03,5.9363236758e-01
2.0380000000e+03,5.5919577788e-01
1.9630000000e+03,5.1817790571e-01
1.9080000000e+03,5.0525277533e-01
1.8780000000e+03,9.3304324422e-01
1.8680000000e+03,8.6996478140e-01
1.8670000000e+03,7.7763689614e-01
1.8690000000e+03,7.3494796071e-01
1.8740000000e+03,7.2102737223e-01
1.8870000000e+03,6.6881336785e-01
1.9120000000e+03,6.4511282477e-01
1.9470000000e+03,7.6009163891e-01
1.9910000000e+03,6.8775725321e-01
2.0380000000e+03,6.2599487729e-01
2.0880000000e+03,5.7565386163e-01
2.1420000000e+03,5.3126577928e-01
2.1980000000e+03,4.9031490322e-01
2.2330000000e+03,7.8206325558e-01
2.2330000000e+03,7.4225487666e-01
2.2330000000e+03,6.8285000557e-01
2.2330000000e+03,6.4051824472e-01
2.2330000000e+03,6.2111790003e-01
2.1850000000e+03,5.7450697933e-01
2.1210000000e+03,8.6509520311e-01
2.0690000000e+03,9.0370993367e-01
2.0380000000e+03,8.2314369205e-01
2.0300000000e+03,7.4576677792e-01
2.0450000000e+03,6.8698763169e-01
2.0810000000e+03,6.4896615419e-01
2.1350000000e+03,5.9633804160e-01
2.1960000000e+03,5.7231014978e-01
2.2330000000e+03,5.6842638862e-01
2.2330000000e+03,5.1566680668e-01
2.2330000000e+03,5.1218276859e-01
2.2060000000e+03,5.0548807187e-01
2.1590000000e+03,4.5869791669e-01
2.1390000000e+03,6.4226464475e-01
2.1550000000e+03,9.4315550992e-01
2.1970000000e+03,8.6737877502e-01
2.2330000000e+03,7.8184570426e-01
2.2330000000e+03,7.1759587668e-01
2.2330000000e+03,6.6668311701e-01
2.2330000000e+03,6.3018904498e-01
2.2330000000e+03,5.9100655425e-01
2.2330000000e+03,6.4040583014e-01
2.2330000000e+03,5.8494604330e-01
2.2330000000e+03,5.7669676282e-01
2.2330000000e+03,7.0910438470e-01
2.2140000000e+03,6.6586835169e-01
2.1610000000e+03,6.1807104529e-01
2.1280000000e+03,9.3932909135e-01
2.1120000000e+03,8.7796778337e-01
2.0990000000e+03,7.8977480634e-01
2.0750000000e+03,7.0827092447e-01
2.0400000000e+03,6.7674573319e-01
2.0070000000e+03,6.2227943432e-01
1.9880000000e+03,5.9453686671e-01
1.9910000000e+03,8.9914791361e-01
2.0140000000e+03,8.2411607829e-01
2.0480000000e+03,7.5284145675e-01
2.0860000000e+03,7.4617914190e-01
2.1200000000e+03,7.0517486828e-01
2.1490000000e+03,6.4822891713e-01
2.1720000000e+03,6.4121120093e-01
2.1930000000e+03,6.1849689940e-01
2.2120000000e+03,5.7338609127e-01
2.2220000000e+03,5.2119522739e-01
2.2150000000e+03,5.0758779865e-01
2.1880000000e+03,4.7590489032e-01
2.1470000000e+03,4.7015477511e-01
2.1040000000e+03,9.2829324642e-01
2.0640000000e+03,8.5240364048e-01
2.0240000000e+03,7.6253666828e-01
1.9800000000e+03,7.1803653119e-01
1.9320000000e+03,6.6782769009e-01
1.8930000000e+03,6.1206364255e-01
1.8760000000e+03,9.4731115482e-01
1.8850000000e+03,9.1503054684e-01
1.9140000000e+03,8.2927399895e-01
1.9480000000e+03,7.5072548830e-01
1.9710000000e+03,6.8941660310e-01
1.9820000000e+03,6.3802047462e-01
1.9890000000e+03,5.9552008874e-01
2.0040000000e+03,9.3229738705e-01
2.0330000000e+03,8.5695212228e-01
2.0690000000e+03,7.8543716071e-01
2.1010000000e+03,7.5208387288e-01
2.1260000000e+03,7.1661443013e-01
2.1490000000e+03,6.6507619631e-01
2.1770000000e+03,6.5156420211e-01
2.2090000000e+03,7.1943974280e-01
2.2260000000e+03,6.5484365046e-01
2.2120000000e+03,5.9208429248e-01
2.1660000000e+03,5.5325167788e-01
2.1090000000e+03,5.3810672730e-01
2.0660000000e+03,5.1801305390e-01
2.0570000000e+03,6.0412362397e-01
2.0810000000e+03,5.9279132698e-01
2.1230000000e+03,5.4334322754e-01
2.1610000000e+03,5.0351311621e-01
2.1730000000e+03,5.7226944321e-01
2.1560000000e+03,5.3217394162e-01
2.1260000000e+03,6.5734040407e-01
2.1030000000e+03,8.8863265176e-01
2.0950000000e+03,8.0928849921e-01
2.0980000000e+03,7.2575355343e-01
2.0970000000e+03,6.5990488446e-01
2.0770000000e+03,6.2012504618e-01
2.0340000000e+03,5.6581863407e-01
1.9740000000e+03,9.4123994187e-01
1.9110000000e+03,9.1494792774e-01
1.8600000000e+03,8.3177397340e-01
1.8310000000e+03,7.6223001259e-01
1.8300000000e+03,7.5711716517e-01
1.8610000000e+03,7.0330453810e-01
1.9230000000e+03,6.4598186654e-01
2.0060000000e+03,9.3845562226e-01
2.0890000000e+03,8.5206948459e-01
2.1560000000e+03,7.6438400296e-01
2.1990000000e+03,6.9715322841e-01
2.2170000000e+03,6.6289157443e-01
2.2180000000e+03,6.0476650876e-01
2.2090000000e+03,9.2233270390e-01
2.1990000000e+03,9.0566682310e-01
2.1880000000e+03,8.2841577049e-01
2.1760000000e+03,7.6286018626e-01
2.1600000000e+03,7.1413269618e-01
2.1430000000e+03,6.5523690126e-01
2.1250000000e+03,6.1742035493e-01
2.1080000000e+03,9.4822347537e-01
2.0920000000e+03,8.8887469167e-01
2.0810000000e+03,8.0154847897e-01
2.0750000000e+03,7.3677614464e-01
2.0740000000e+03,6.8912034020e-01
2.0730000000e+03,6.5498200868e-01
2.0660000000e+03,6.4885278077e-01
2.0490000000e+03,6.4804793961e-01
2.0250000000e+03,6.0215091168e-01
2.0030000000e+03,5.5709314178e-01
1.9920000000e+03,5.4961748381e-01
2.0030000000e+03,5.1301040264e-01
2.0400000000e+03,4.9208088378e-01
2.1010000000e+03,6.4129476948e-01
2.1710000000e+03,6.2724343113e-01
2.2330000000e+03,5.7887656647e-01
2.2330000000e+03,5.4595542597e-01
2.2330000000e+03,5.0887175595e-01
2.2330000000e+03,4.8003790296e-01
2.2330000000e+03,4.7050273868e-01
2.2330000000e+03,5.0621535204e-01
2.2330000000e+03,4.6539462209e-01
2.2330000000e+03,4.3789986698e-01
2.2330000000e+03,7.3105732192e-01
2.2090000000e+03,7.2770643734e-01
2.1570000000e+03,6.5341172173e-01
2.1280000000e+03,6.7459851679e-01
2.1220000000e+03,6.7162890532e-01
2.1290000000e+03,6.0842869169e-01
2.1320000000e+03,5.4762152982e-01
2.1290000000e+03,5.3440777316e-01
2.1310000000e+03,5.1188851660e-01
2.1540000000e+03,4.7984056653e-01
2.2000000000e+03,9.2960407574e-01
2.2330000000e+03,8.7091871583e-01
2.2330000000e+03,7.8483800877e-01
2.2330000000e+03,7.3924708905e-01
2.2330000000e+03,7.1515270723e-01
2.2330000000e+03,6.4830357205e-01
2.2330000000e+03,6.4129351444e-01
2.2330000000e+03,6.7553273993e-01
2.2330000000e+03,6.2650022104e-01
2.2330000000e+03,5.7102037353e-01
2.2330000000e+03,5.3636884581e-01
2.2330000000e+03,5.0895074520e-01
2.2330000000e+03,6.4648598363e-01
2.2330000000e+03,6.2625475364e-01
2.2200000000e+03,5.9596740140e-01
2.1380000000e+03,5.5865573111e-01
2.0670000000e+03,5.3180072189e-01
2.0120000000e+03,5.2394772948e-01
1.9750000000e+03,4.9876566113e-01
1.9590000000e+03,6.3552825579e-01
1.9650000000e+03,7.4524157894e-01
1.9890000000e+03,6.8146668211e-01
2.0260000000e+03,6.2414583232e-01
2.0700000000e+03,6.0777649693e-01
2.1130000000e+03,5.9855930872e-01
2.1450000000e+03,5.3547083031e-01
2.1630000000e+03,5.7438592829e-01
2.1700000000e+03,7.0564478309e-01
2.1720000000e+03,6.4029087865e-01
2.1730000000e+03,5.8534352198e-01
2.1740000000e+03,5.6749026110e-01
2.1850000000e+03,5.3872596002e-01
2.2120000000e+03,5.2864001922e-01
2.2330000000e+03,9.3620836349e-01
2.2330000000e+03,8.7278773281e-01
2.2330000000e+03,7.9050444390e-01
2.2330000000e+03,7.1459746606e-01
2.2330000000e+03,6.6710545713e-01
2.2030000000e+03,6.1912226355e-01
2.1850000000e+03,6.0525626119e-01
2.2070000000e+03,6.7818307516e-01
2.2330000000e+03,6.2507535858e-01
2.2330000000e+03,5.9157392194e-01
2.2330000000e+03,6.9536096081e-01
2.2330000000e+03,6.4836440281e-01
2.2330000000e+03,6.0942095383e-01
2.1820000000e+03,8.2941405538e-01
2.1050000000e+03,7.7481493821e-01
2.0340000000e+03,7.0302694465e-01
1.9720000000e+03,6.3535300251e-01
1.9190000000e+03,6.5415413306e-01
1.8770000000e+03,6.0447803316e-01
1.8450000000e+03,5.8145680521e-01
1.8260000000e+03,8.1353049611e-01
1.8170000000e+03,7.5222352649e-01
1.8190000000e+03,6.7496844250e-01
1.8300000000e+03,6.5778721738e-01
1.8570000000e+03,6.5136183723e-01
1.9090000000e+03,6.1023445131e-01
1.9850000000e+03,6.0410785051e-01
2.0720000000e+03,5.8116994569e-01
2.1560000000e+03,5.2853096670e-01
2.2300000000e+03,4.8027735718e-01
2.2330000000e+03,4.6004567762e-01
2.2330000000e+03,4.4370544842e-01
2.2330000000e+03,4.2215745955e-01
2.2330000000e+03,6.9563116896e-01
2.2330000000e+03,6.5551463420e-01
2.2330000000e+03,6.0906514000e-01
2.2260000000e+03,5.9702138778e-01
2.1650000000e+03,5.9477556052e-01
2.1200000000e+03,5.6204694353e-01
2.0960000000e+03,6.7218584244e-01
2.0880000000e+03,6.5321351227e-01
2.0890000000e+03,5.9548218592e-01
2.0910000000e+03,5.4680843896e-01
2.0940000000e+03,5.2655133251e-01
2.0980000000e+03,4.8154688982e-01
2.1050000000e+03,4.4816810047e-01
2.1190000000e+03,8.2086808421e-01
2.1340000000e+03,7.8437893556e-01
2.1420000000e+03,7.2044165144e-01
2.1320000000e+03,6.9419413672e-01
2.1020000000e+03,6.4276766447e-01
2.0650000000e+03,5.8578427858e-01
2.0420000000e+03,8.0824248509e-01
2.0430000000e+03,8.0142341792e-01
2.0650000000e+03,7.2431254655e-01
2.0980000000e+03,6.6263478134e-01
2.1330000000e+03,6.1746484178e-01
2.1670000000e+03,5.8555932967e-01
2.2020000000e+03,5.5548780134e-01
2.2330000000e+03,8.1116653987e-01
2.2330000000e+03,7.5879813408e-01
2.2330000000e+03,6.8747807810e-01
2.2330000000e+03,6.7059055488e-01
2.2330000000e+03,6.6494748439e-01
2.2330000000e+03,6.0311981563e-01
2.2330000000e+03,6.8560904615e-01
2.2300000000e+03,8.4504994422e-01
2.2100000000e+03,7.6944559725e-01
2.1830000000e+03,6.9830271459e-01
2.1480000000e+03,6.4253004495e-01
2.1100000000e+03,6.1570448144e-01
2.0780000000e+03,5.6859507228e-01
2.0620000000e+03,7.5719987099e-01
2.0610000000e+03,7.3985760267e-01
2.0710000000e+03,6.6704204950e-01
2.0860000000e+03,6.2053156601e-01
2.0990000000e+03,6.1244170305e-01
2.1100000000e+03,5.5900318638e-01
2.1240000000e+03,5.3252846640e-01
2.1430000000e+03,9.3673460760e-01
2.1600000000e+03,8.5350142183e-01
2.1660000000e+03,7.7021172547e-01
2.1530000000e+03,7.1125150887e-01
2.1250000000e+03,6.5760586382e-01
2.0970000000e+03,6.2841025903e-01
2.0830000000e+03,6.3121567580e-01
2.0840000000e+03,7.5664832538e-01
2.0920000000e+03,6.8240200954e-01
2.0900000000e+03,6.1517107070e-01
2.0680000000e+03,5.8721558215e-01
2.0240000000e+03,5.4222831750e-01
1.9670000000e+03,6.0270296570e-01
1.9080000000e+03,9.4623169333e-01
1.8600000000e+03,8.7241711204e-01
1.8300000000e+03,7.8691780718e-01
1.8190000000e+03,7.1734962129e-01
1.8190000000e+03,6.5672456323e-01
1.8260000000e+03,6.0895800235e-01
1.8350000000e+03,6.3222385517e-01
1.8430000000e+03,6.4083692791e-01
1.8470000000e+03,5.8743438960e-01
1.8460000000e+03,5.4572107048e-01
1.8420000000e+03,8.6922171923e-01
1.8450000000e+03,8.1127364768e-01
1.8650000000e+03,7.4029919368e-01
1.9040000000e+03,8.8936827816e-01
1.9520000000e+03,8.2155648025e-01
1.9900000000e+03,7.4293025419e-01
2.0040000000e+03,6.9336887757e-01
1.9990000000e+03,6.5417651317e-01
1.9960000000e+03,6.1551954114e-01
2.0220000000e+03,5.9552967613e-01
2.0850000000e+03,9.4526089416e-01
2.1710000000e+03,8.6742504701e-01
2.2330000000e+03,7.7960855695e-01
2.2330000000e+03,7.4330442191e-01
2.2330000000e+03,7.0282909247e-01
2.2330000000e+03,6.5500098007e-01
2.1920000000e+03,8.6366012129e-01
2.1290000000e+03,8.2479034744e-01
2.0680000000e+03,7.5003185962e-01
2.0060000000e+03,6.7147260462e-01
1.9460000000e+03,6.3705129768e-01
1.8960000000e+03,5.9869647010e-01
1.8650000000e+03,5.7877224695e-01
1.8520000000e+03,7.9120470740e-01
1.8470000000e+03,7.2411267161e-01
1.8480000000e+03,6.5758014739e-01
1.8580000000e+03,6.3499737402e-01
1.8880000000e+03,6.1460197945e-01
1.9490000000e+03,5.7667309195e-01
2.0360000000e+03,6.9272327665e-01
2.1250000000e+03,6.7961406552e-01
2.1790000000e+03,6.1196567696e-01
2.1760000000e+03,5.9825072933e-01
2.1270000000e+03,9.2725292361e-01
2.0600000000e+03,8.4942801892e-01
2.0080000000e+03,7.6982147769e-01
1.9800000000e+03,7.4587762205e-01
1.9790000000e+03,7.1680104394e-01
1.9970000000e+03,6.5101223654e-01
2.0250000000e+03,6.1875684102e-01
2.0520000000e+03,6.1448709819e-01
2.0660000000e+03,5.7467455868e-01
2.0640000000e+03,5.5747513621e-01
2.0550000000e+03,7.1980404399e-01
2.0430000000e+03,6.6178303876e-01
2.0250000000e+03,6.0572610617e-01
1.9890000000e+03,5.5018473048e-01
1.9320000000e+03,5.0121560551e-01
1.8630000000e+03,4.6775321563e-01
1.7950000000e+03,4.3670227566e-01
1.7380000000e+03,4.1467352127e-01
1.6960000000e+03,3.9642150750e-01
1.6670000000e+03,3.7742470785e-01
1.6470000000e+03,3.5630492842e-01
1.6330000000e+03,3.3001171979e-01
1.6220000000e+03,3.1878006447e-01
1.6120000000e+03,3.0360701353e-01
1.6040000000e+03,2.9150734343e-01
1.5970000000e+03,2.7380968652e-01
1.5900000000e+03,2.6352959858e-01
1.5850000000e+03,2.5868462602e-01
1.5810000000e+03,2.4240615516e-01
1.5780000000e+03,2.3865954140e-01
1.5750000000e+03,2.4791115601e-01
1.5740000000e+03,2.4498954229e-01
1.5720000000e+03,2.3330577029e-01
1.5710000000e+03,2.2776303065e-01
1.5700000000e+03,2.1735264438e-01
1.5690000000e+03,2.1116429452e-01
1.5680000000e+03,2.0410991027e-01
1.5660000000e+03,2.7545380598e-01
1.5650000000e+03,2.6210970228e-01
1.5640000000e+03,2.4605682811e-01
1.5630000000e+03,2.3319832701e-01
1.5620000000e+03,2.1820128249e-01
1.5620000000e+03,2.0679618478e-01
1.5610000000e+03,1.9920204305e-01
1.5610000000e+03,2.0579310298e-01
1.5600000000e+03,1.9302032712e-01
1.5600000000e+03,1.8615078967e-01
1.5590000000e+03,1.7304776052e-01
1.5580000000e+03,1.6315684926e-01
1.5570000000e+03,1.6140862340e-01
1.5560000000e+03,1.5629471380e-01
1.5550000000e+03,1.7263192368e-01
1.5550000000e+03,1.6304357761e-01
1.5540000000e+03,1.5571321188e-01
1.5540000000e+03,1.4858510899e-01
1.5540000000e+03,1.4661435471e-01
1.5540000000e+03,1.4140578044e-01
1.5540000000e+03,1.3261903022e-01
1.5540000000e+03,1.3260426208e-01
1.5540000000e+03,1.2799138572e-01
1.5540000000e+03,1.2597272576e-01
1.5540000000e+03,1.1255055502e-01
1.5540000000e+03,1.2492651195e-01
1.5540000000e+03,1.2558870127e-01
1.5540000000e+03,1.2460864771e-01
1.5540000000e+03,1.1602832781e-01
1.5540000000e+03,1.1419402285e-01
1.5540000000e+03,1.2422210133e-01
1.5540000000e+03,1.2199783677e-01
1.5540000000e+03,1.2089526770e-01
1.5550000000e+03,1.2494416580e-01
1.5550000000e+03,1.1694652233e-01
1.5550000000e+03,1.1982832407e-01
1.5550000000e+03,1.1676080742e-01
1.5550000000e+03,1.1018513335e-01
1.5550000000e+03,1.0588362218e-01
1.5550000000e+03,1.0247632407e-01
1.5550000000e+03,9.9732394349e-02
1.5560000000e+03,9.7272417994e-02
1.5560000000e+03,1.5791444800e-01
1.5550000000e+03,1.4688238638e-01
1.5540000000e+03,1.3778376076e-01
