1.5500000000e+03,0.0000000000e+00
1.5500000000e+03,0.0000000000e+00
1.5500000000e+03,0.0000000000e+00
1.5500000000e+03,0.0000000000e+00
1.5500000000e+03,0.0000000000e+00
1.5500000000e+03,0.0000000000e+00
1.5500000000e+03,0.0000000000e+00
1.5500000000e+03,0.0000000000e+00
1.5500000000e+03,0.0000000000e+00
1.5520000000e+03,0.0000000000e+00
1.5580000000e+03,0.0000000000e+00
1.5710000000e+03,0.0000000000e+00
1.5950000000e+03,0.0000000000e+00
1.6280000000e+03,1.7460650654e-01
1.6650000000e+03,8.8829513778e-01
1.6970000000e+03,8.6677065998e-01
1.7160000000e+03,7.8080325476e-01
1.7200000000e+03,7.0463059176e-01
1.7140000000e+03,6.4286057721e-01
1.7020000000e+03,6.0013849341e-01
1.6890000000e+03,5.5995245848e-01
1.6750000000e+03,5.1319724979e-01
1.6620000000e+03,4.7202254739e-01
1.6490000000e+03,4.4369862920e-01
1.6370000000e+03,4.0753474711e-01
1.6260000000e+03,3.7651134428e-01
1.6160000000e+03,3.5287558796e-01
1.6070000000e+03,3.2971328672e-01
1.6010000000e+03,3.0092011243e-01
1.5950000000e+03,2.7861460817e-01
1.5910000000e+03,2.5721922327e-01
1.5880000000e+03,2.3241987886e-01
1.5880000000e+03,2.1759768763e-01
1.5960000000e+03,1.9825145422e-01
1.6140000000e+03,1.8305628351e-01
1.6470000000e+03,1.6581169913e-01
1.6920000000e+03,4.7522508323e-01
1.7370000000e+03,9.2897943800e-01
1.7690000000e+03,8.4590924690e-01
1.7780000000e+03,7.6173094060e-01
1.7650000000e+03,6.9008531341e-01
1.7390000000e+03,6.2024040572e-01
1.7100000000e+03,5.7392326956e-01
1.6840000000e+03,5.2322515601e-01
1.6640000000e+03,4.6891447685e-01
1.6510000000e+03,4.2688217120e-01
1.6420000000e+03,3.9113791785e-01
1.6360000000e+03,3.5942254306e-01
1.6310000000e+03,3.3248147946e-01
1.6270000000e+03,3.0808101977e-01
1.6220000000e+03,2.8951645834e-01
1.6160000000e+03,2.6682610847e-01
1.6090000000e+03,2.4856862596e-01
1.6030000000e+03,2.2950280785e-01
1.5980000000e+03,2.1264930383e-01
1.5970000000e+03,1.9167473041e-01
1.6050000000e+03,1.7097444633e-01
1.6230000000e+03,1.5335819941e-01
1.6530000000e+03,3.7693813932e-01
1.6900000000e+03,9.1567774661e-01
1.7230000000e+03,8.6691559796e-01
1.7450000000e+03,7.7986623481e-01
1.7510000000e+03,7.0750336148e-01
1.7460000000e+03,6.5100046899e-01
1.7330000000e+03,5.8758162646e-01
1.7170000000e+03,5.3627525687e-01
1.7020000000e+03,4.8912870341e-01
1.6940000000e+03,4.5358705880e-01
1.6930000000e+03,4.1230341378e-01
1.7030000000e+03,3.9293240965e-01
1.7190000000e+03,8.8149386282e-01
1.7360000000e+03,8.4905371168e-01
1.7440000000e+03,7.6817068933e-01
1.7390000000e+03,6.9336063493e-01
1.7240000000e+03,6.3159389023e-01
1.7020000000e+03,5.6838984939e-01
1.6830000000e+03,5.1785781902e-01
1.6710000000e+03,4.7371363589e-01
1.6740000000e+03,4.3051652915e-01
1.6950000000e+03,3.9606780221e-01
1.7350000000e+03,3.6648361011e-01
1.7850000000e+03,8.7008535915e-01
1.8300000000e+03,9.1301141787e-01
1.8600000000e+03,8.2189552072e-01
1.8710000000e+03,7.4695291695e-01
1.8710000000e+03,6.7832178725e-01
1.8670000000e+03,6.1813746075e-01
1.8610000000e+03,5.5764873112e-01
1.8520000000e+03,5.2530511263e-01
1.8410000000e+03,4.7422319143e-01
1.8280000000e+03,4.3901154002e-01
1.8160000000e+03,4.0349841713e-01
1.8090000000e+03,6.1737060085e-01
1.8040000000e+03,9.2979862154e-01
1.7960000000e+03,8.4430866335e-01
1.7800000000e+03,7.6164283382e-01
1.7570000000e+03,6.8970621808e-01
1.7290000000e+03,6.2019220879e-01
1.7030000000e+03,5.5492709709e-01
1.6810000000e+03,5.0509412563e-01
1.6670000000e+03,4.5926638798e-01
1.6640000000e+03,4.2171500324e-01
1.6710000000e+03,3.7843583868e-01
1.6880000000e+03,5.5677672843e-01
1.7100000000e+03,9.4001625300e-01
1.7290000000e+03,8.5489931174e-01
1.7400000000e+03,7.6507753158e-01
1.7420000000e+03,6.8366993262e-01
1.7350000000e+03,6.3195466969e-01
1.7220000000e+03,5.8152927737e-01
1.7060000000e+03,5.4103690795e-01
1.6900000000e+03,4.8939680402e-01
1.6770000000e+03,4.4399462609e-01
1.6690000000e+03,4.0729370037e-01
1.6670000000e+03,3.9095661860e-01
1.6690000000e+03,9.1757494147e-01
1.6710000000e+03,8.5231994308e-01
1.6690000000e+03,7.7024426496e-01
1.6610000000e+03,6.9145229791e-01
1.6500000000e+03,6.2837143427e-01
1.6390000000e+03,5.6576924076e-01
1.6300000000e+03,5.0490111674e-01
1.6270000000e+03,4.6191429697e-01
1.6330000000e+03,4.2247432454e-01
1.6480000000e+03,3.8795808229e-01
1.6740000000e+03,3.7269383266e-01
1.7070000000e+03,9.0780511436e-01
1.7350000000e+03,8.7220540506e-01
1.7520000000e+03,7.9061328871e-01
1.7540000000e+03,7.1911560762e-01
1.7440000000e+03,6.4984068448e-01
1.7280000000e+03,5.9066894934e-01
1.7090000000e+03,5.4444782533e-01
1.6910000000e+03,4.9948348518e-01
1.6760000000e+03,4.5647506330e-01
1.6630000000e+03,4.1781867682e-01
1.6520000000e+03,3.9276547769e-01
1.6420000000e+03,3.6371094654e-01
1.6330000000e+03,3.3960197957e-01
1.6240000000e+03,3.1694322749e-01
1.6150000000e+03,2.9715586166e-01
1.6070000000e+03,2.7495496086e-01
1.6000000000e+03,2.5334747246e-01
1.5950000000e+03,2.3235026862e-01
1.5940000000e+03,2.1824068398e-01
1.5980000000e+03,2.0227161975e-01
1.6110000000e+03,1.8264496597e-01
1.6370000000e+03,1.6677853275e-01
1.6730000000e+03,7.9221556497e-01
1.7130000000e+03,9.2679003012e-01
1.7460000000e+03,8.3933802307e-01
1.7660000000e+03,7.5588501602e-01
1.7700000000e+03,6.9445717293e-01
1.7630000000e+03,6.2987220599e-01
1.7490000000e+03,5.6865558928e-01
1.7350000000e+03,5.1253485380e-01
1.7270000000e+03,4.6491574233e-01
1.7300000000e+03,4.2639409117e-01
1.7500000000e+03,3.9219714622e-01
1.7870000000e+03,7.2326844499e-01
1.8300000000e+03,9.6254845662e-01
1.8660000000e+03,8.8161853198e-01
1.8830000000e+03,7.9497666849e-01
1.8820000000e+03,7.2265539250e-01
1.8710000000e+03,6.5596179596e-01
1.8580000000e+03,6.0729281602e-01
1.8520000000e+03,5.6069144806e-01
1.8570000000e+03,5.2913713518e-01
1.8790000000e+03,4.9938627458e-01
1.9190000000e+03,4.7559431537e-01
1.9800000000e+03,8.0875171883e-01
2.0530000000e+03,9.7411735970e-01
2.1220000000e+03,9.0099102797e-01
2.1710000000e+03,8.0983659364e-01
2.1890000000e+03,7.3514155323e-01
2.1820000000e+03,6.8172845061e-01
2.1580000000e+03,6.2926364753e-01
2.1300000000e+03,5.9390280969e-01
2.1040000000e+03,5.7013188522e-01
2.0850000000e+03,5.5009389274e-01
2.0760000000e+03,5.4314112624e-01
2.0780000000e+03,6.3945280234e-01
2.0940000000e+03,9.5120524288e-01
2.1170000000e+03,8.9528172794e-01
2.1350000000e+03,8.1313224196e-01
2.1350000000e+03,7.3826216807e-01
2.1170000000e+03,6.8832713902e-01
2.0830000000e+03,6.4332335159e-01
2.0400000000e+03,6.0217132164e-01
1.9950000000e+03,5.7378645011e-01
1.9520000000e+03,5.5946170481e-01
1.9180000000e+03,5.4575248217e-01
1.8970000000e+03,5.3958680106e-01
1.8910000000e+03,8.1614919443e-01
1.8960000000e+03,7.9789988473e-01
1.9040000000e+03,7.2502777002e-01
1.9080000000e+03,6.5880785718e-01
1.9040000000e+03,6.0571154136e-01
1.8970000000e+03,5.6576754767e-01
1.8930000000e+03,5.4098129241e-01
1.8980000000e+03,5.2220620589e-01
1.9130000000e+03,5.0316817958e-01
1.9380000000e+03,4.8162685783e-01
1.9690000000e+03,4.6036522569e-01
2.0030000000e+03,5.2451203053e-01
2.0380000000e+03,6.2436856011e-01
2.0720000000e+03,5.7274500493e-01
2.1030000000e+03,5.3346182742e-01
2.1270000000e+03,5.1290661124e-01
2.1410000000e+03,4.9547377743e-01
2.1440000000e+03,4.8947153597e-01
2.1390000000e+03,4.9291801111e-01
2.1300000000e+03,4.8285355268e-01
2.1210000000e+03,4.8134514823e-01
2.1200000000e+03,4.7125902162e-01
2.1270000000e+03,4.6590293867e-01
2.1400000000e+03,6.4592966830e-01
2.1510000000e+03,6.1380671097e-01
2.1580000000e+03,5.7346704381e-01
2.1570000000e+03,5.4804867106e-01
2.1500000000e+03,5.1930139248e-01
2.1380000000e+03,4.9055893363e-01
2.1210000000e+03,4.8722240710e-01
2.1010000000e+03,4.6564144013e-01
2.0780000000e+03,4.4237741507e-01
2.0530000000e+03,4.7230565432e-01
2.0280000000e+03,4.5326508135e-01
2.0070000000e+03,5.0680043810e-01
1.9930000000e+03,4.9843444031e-01
1.9880000000e+03,4.8207603819e-01
1.9890000000e+03,4.5434741720e-01
1.9910000000e+03,4.3369300597e-01
1.9890000000e+03,4.4604216490e-01
1.9790000000e+03,4.3594358197e-01
1.9610000000e+03,4.3539559437e-01
1.9370000000e+03,4.2469021919e-01
1.9110000000e+03,5.6402231880e-01
1.8900000000e+03,5.4493424846e-01
1.8790000000e+03,5.4734921059e-01
1.8780000000e+03,5.4380629348e-01
1.8850000000e+03,5.0773104499e-01
1.8940000000e+03,4.7312741087e-01
1.9050000000e+03,4.3830938141e-01
1.9180000000e+03,4.2929033842e-01
1.9340000000e+03,4.0866432011e-01
1.9530000000e+03,3.9720337260e-01
1.9740000000e+03,4.0043680357e-01
1.9960000000e+03,4.1650398213e-01
2.0200000000e+03,4.1314527857e-01
2.0470000000e+03,4.5112880528e-01
2.0760000000e+03,5.0306702012e-01
2.1040000000e+03,4.9323149923e-01
2.1260000000e+03,4.7599082838e-01
2.1400000000e+03,4.6788353606e-01
2.1460000000e+03,4.5222017100e-01
2.1470000000e+03,4.4980260595e-01
2.1440000000e+03,4.4092241912e-01
2.1390000000e+03,4.5164858611e-01
2.1320000000e+03,4.4599425183e-01
2.1250000000e+03,4.3366244190e-01
2.1170000000e+03,4.5251103948e-01
2.1070000000e+03,6.0888247424e-01
2.0920000000e+03,5.7820787298e-01
2.0670000000e+03,5.3303603200e-01
2.0350000000e+03,5.0450583126e-01
2.0040000000e+03,4.8550345108e-01
1.9810000000e+03,4.6935341965e-01
1.9680000000e+03,4.4815758135e-01
1.9570000000e+03,4.3058294270e-01
1.9430000000e+03,4.1611973258e-01
1.9210000000e+03,3.9439826610e-01
1.8910000000e+03,3.8418985003e-01
1.8550000000e+03,3.8287998003e-01
1.8170000000e+03,3.7580650537e-01
1.7820000000e+03,3.5488095476e-01
1.7530000000e+03,3.3534244648e-01
1.7310000000e+03,3.3375272193e-01
1.7140000000e+03,3.1983685589e-01
1.7030000000e+03,3.1631740282e-01
1.6970000000e+03,3.1048330024e-01
1.7000000000e+03,3.5751772925e-01
1.7140000000e+03,4.3496942485e-01
1.7430000000e+03,6.0055148387e-01
1.7790000000e+03,9.3440594828e-01
1.8140000000e+03,8.5756755129e-01
1.8360000000e+03,7.7767896151e-01
1.8440000000e+03,7.1407540108e-01
1.8400000000e+03,6.6759289308e-01
1.8320000000e+03,6.1136330420e-01
1.8260000000e+03,5.6535013095e-01
1.8240000000e+03,5.4397366645e-01
1.8280000000e+03,5.2158967815e-01
1.8420000000e+03,4.9731257758e-01
1.8650000000e+03,4.8733100409e-01
1.8980000000e+03,9.2267031593e-01
1.9310000000e+03,8.7145712983e-01
1.9570000000e+03,7.8330283307e-01
1.9690000000e+03,7.1807404292e-01
1.9670000000e+03,6.7048533891e-01
1.9560000000e+03,6.2559857568e-01
1.9440000000e+03,5.8950467624e-01
1.9380000000e+03,5.6656402337e-01
1.9470000000e+03,5.3982052031e-01
1.9760000000e+03,5.1785687909e-01
2.0220000000e+03,5.1719496441e-01
2.0770000000e+03,9.2979654703e-01
2.1280000000e+03,9.0006094051e-01
2.1670000000e+03,8.1000568141e-01
2.1930000000e+03,7.4583975631e-01
2.2070000000e+03,6.8967936959e-01
2.2160000000e+03,6.5512670372e-01
2.2210000000e+03,6.2335019855e-01
2.2250000000e+03,5.9575474297e-01
2.2240000000e+03,5.6619939002e-01
2.2160000000e+03,5.5045010165e-01
2.2040000000e+03,5.4475492562e-01
2.1940000000e+03,7.1369312793e-01
2.1920000000e+03,7.5202318724e-01
2.1970000000e+03,6.8754247579e-01
2.2020000000e+03,6.3693794955e-01
2.2040000000e+03,6.0174402931e-01
2.2010000000e+03,5.7853549440e-01
2.1920000000e+03,5.4331720743e-01
2.1770000000e+03,5.2553341320e-01
2.1540000000e+03,5.0650201911e-01
2.1230000000e+03,4.9412880353e-01
2.0820000000e+03,4.8492106127e-01
2.0360000000e+03,5.3611214859e-01
1.9910000000e+03,6.9049911305e-01
1.9540000000e+03,6.4401482683e-01
1.9270000000e+03,5.8183331266e-01
1.9080000000e+03,5.4662813121e-01
1.8940000000e+03,5.1249650182e-01
1.8820000000e+03,4.8520792228e-01
1.8690000000e+03,4.6084232077e-01
1.8570000000e+03,4.4701736675e-01
1.8480000000e+03,4.3317173703e-01
1.8440000000e+03,4.0785789130e-01
1.8430000000e+03,3.9801874194e-01
1.8460000000e+03,4.0682018730e-01
1.8480000000e+03,4.7621694468e-01
1.8470000000e+03,4.7105403535e-01
1.8410000000e+03,4.6122377808e-01
1.8290000000e+03,4.4331640349e-01
1.8130000000e+03,4.2918603312e-01
1.7940000000e+03,4.2324755645e-01
1.7770000000e+03,4.1000315266e-01
1.7640000000e+03,3.9356269661e-01
1.7580000000e+03,3.7500171304e-01
1.7580000000e+03,3.7425573226e-01
1.7630000000e+03,8.5514117893e-01
1.7680000000e+03,8.0038164690e-01
1.7680000000e+03,7.2970701106e-01
1.7610000000e+03,6.7609840716e-01
1.7480000000e+03,6.1793711658e-01
1.7310000000e+03,5.7371457022e-01
1.7140000000e+03,5.4631155490e-01
1.6970000000e+03,5.2625039335e-01
1.6810000000e+03,4.8746119788e-01
1.6660000000e+03,4.6364086831e-01
1.6520000000e+03,4.3831763892e-01
1.6380000000e+03,4.1951454506e-01
1.6250000000e+03,3.9698353964e-01
1.6140000000e+03,3.7467227586e-01
1.6060000000e+03,3.5388005742e-01
1.5980000000e+03,3.3743879131e-01
1.5930000000e+03,3.1195423348e-01
1.5880000000e+03,2.8931064091e-01
1.5850000000e+03,2.6469536436e-01
1.5840000000e+03,2.4208231742e-01
1.5850000000e+03,2.4144266997e-01
1.5900000000e+03,2.3919638833e-01
1.5980000000e+03,6.7553542900e-01
1.6050000000e+03,6.6285114312e-01
1.6090000000e+03,6.1187024636e-01
1.6070000000e+03,5.5275243442e-01
1.6000000000e+03,5.0089802937e-01
1.5890000000e+03,4.6193893411e-01
1.5790000000e+03,4.3392887835e-01
1.5710000000e+03,4.1066072612e-01
1.5650000000e+03,3.7847393166e-01
1.5620000000e+03,3.6284617622e-01
1.5590000000e+03,3.3696820183e-01
1.5570000000e+03,3.3651943933e-01
1.5560000000e+03,3.9480262651e-01
1.5540000000e+03,3.6757668906e-01
1.5520000000e+03,3.2899464824e-01
1.5520000000e+03,3.0492613553e-01
1.5510000000e+03,4.9308322477e-01
1.5510000000e+03,4.4666889729e-01
1.5520000000e+03,4.0697440375e-01
1.5580000000e+03,3.8938866839e-01
1.5710000000e+03,3.5471565412e-01
1.5970000000e+03,3.2145936748e-01
1.6350000000e+03,5.6138643169e-01
1.6780000000e+03,8.9391575527e-01
1.7150000000e+03,8.1548268078e-01
1.7390000000e+03,7.4036278706e-01
1.7450000000e+03,6.7691678985e-01
1.7380000000e+03,6.2712508096e-01
1.7230000000e+03,5.7364313108e-01
1.7070000000e+03,5.3737732776e-01
1.6920000000e+03,4.9255286390e-01
1.6780000000e+03,4.6872438730e-01
1.6660000000e+03,4.3946570626e-01
1.6540000000e+03,4.0483666373e-01
1.6410000000e+03,4.0100703822e-01
1.6290000000e+03,3.8308652214e-01
1.6170000000e+03,3.7978309240e-01
1.6060000000e+03,3.3915173864e-01
1.5990000000e+03,3.1499471934e-01
1.5930000000e+03,2.8645436491e-01
1.5890000000e+03,2.6727536567e-01
1.5870000000e+03,2.6394910361e-01
1.5870000000e+03,2.4637159408e-01
1.5910000000e+03,2.7808103906e-01
1.5990000000e+03,2.6786531050e-01
1.6100000000e+03,7.8876135572e-01
1.6210000000e+03,7.5528468687e-01
1.6300000000e+03,6.8893442780e-01
1.6350000000e+03,6.2826642459e-01
1.6350000000e+03,5.7196170354e-01
1.6330000000e+03,5.1981179787e-01
1.6280000000e+03,4.8118071447e-01
1.6230000000e+03,4.4085425106e-01
1.6170000000e+03,4.0745946230e-01
1.6100000000e+03,3.7715960326e-01
1.6030000000e+03,3.5749778271e-01
1.5950000000e+03,3.3687169609e-01
1.5880000000e+03,3.2993197258e-01
1.5820000000e+03,3.3710123163e-01
1.5760000000e+03,3.0963590276e-01
1.5720000000e+03,2.9871753792e-01
1.5700000000e+03,2.7476664051e-01
1.5690000000e+03,2.6250720844e-01
1.5700000000e+03,2.4147978078e-01
1.5720000000e+03,2.1597975206e-01
1.5740000000e+03,2.1172691504e-01
1.5740000000e+03,2.0466695855e-01
1.5720000000e+03,2.0244574667e-01
1.5690000000e+03,1.9141061789e-01
1.5660000000e+03,1.8707204918e-01
1.5640000000e+03,2.6009935129e-01
1.5630000000e+03,2.3872882265e-01
1.5630000000e+03,2.3089920632e-01
1.5630000000e+03,2.2228663039e-01
1.5630000000e+03,2.0883569681e-01
1.5620000000e+03,1.9778679809e-01
1.5620000000e+03,1.8922340745e-01
1.5610000000e+03,1.8709323883e-01
1.5600000000e+03,1.7331822816e-01
1.5600000000e+03,1.6711920135e-01
1.5580000000e+03,1.6291877557e-01
1.5570000000e+03,2.7824245527e-01
1.5560000000e+03,2.5293932032e-01
1.5550000000e+03,2.3220300818e-01
1.5550000000e+03,2.2287648054e-01
1.5550000000e+03,2.0495764209e-01
1.5560000000e+03,1.8282284422e-01
1.5600000000e+03,1.6391910278e-01
1.5690000000e+03,1.4710332874e-01
1.5830000000e+03,6.1879557559e-01
1.6020000000e+03,9.4197438792e-01
1.6220000000e+03,8.8381438767e-01
1.6380000000e+03,7.9591207541e-01
1.6480000000e+03,7.1410169700e-01
1.6500000000e+03,6.5409931660e-01
1.6480000000e+03,6.0861873109e-01
1.6450000000e+03,5.5612629808e-01
1.6420000000e+03,5.1504310676e-01
1.6380000000e+03,4.9331173185e-01
1.6320000000e+03,4.6803783258e-01
1.6270000000e+03,4.3619727401e-01
1.6210000000e+03,4.0279095507e-01
1.6170000000e+03,3.8195941033e-01
1.6140000000e+03,3.6384388900e-01
1.6110000000e+03,3.4185864813e-01
1.6080000000e+03,3.2914254803e-01
1.6050000000e+03,3.0784661170e-01
1.6040000000e+03,2.8940161663e-01
1.6050000000e+03,2.7276662766e-01
1.6080000000e+03,2.6237662040e-01
1.6140000000e+03,2.5817554698e-01
1.6250000000e+03,2.4490151917e-01
1.6410000000e+03,8.1099270006e-01
1.6570000000e+03,8.0949707045e-01
1.6710000000e+03,7.2828299611e-01
1.6790000000e+03,6.6210638243e-01
1.6810000000e+03,6.1274548870e-01
1.6800000000e+03,5.6424587422e-01
1.6760000000e+03,5.2452222802e-01
1.6700000000e+03,4.8558860450e-01
1.6630000000e+03,4.5824764580e-01
1.6550000000e+03,4.3171416211e-01
1.6470000000e+03,4.1223545268e-01
1.6390000000e+03,3.9013603191e-01
1.6310000000e+03,3.6948908362e-01
1.6250000000e+03,3.4651123069e-01
1.6190000000e+03,3.3222920547e-01
1.6130000000e+03,3.2002548793e-01
1.6090000000e+03,3.0299809649e-01
1.6040000000e+03,2.9105142463e-01
1.5990000000e+03,2.8054223068e-01
1.5920000000e+03,2.5519744323e-01
1.5840000000e+03,2.3735703304e-01
1.5750000000e+03,2.2177638612e-01
1.5670000000e+03,3.6493905689e-01
1.5600000000e+03,3.6232164131e-01
1.5550000000e+03,3.5903795687e-01
1.5520000000e+03,3.5454668885e-01
1.5510000000e+03,3.3463683075e-01
1.5500000000e+03,3.1614664581e-01
1.5500000000e+03,3.0136486392e-01
1.5500000000e+03,2.8457764640e-01
1.5500000000e+03,2.6116640385e-01
1.5500000000e+03,2.4600321837e-01
1.5500000000e+03,2.3152240391e-01
1.5500000000e+03,2.1838751533e-01
1.5500000000e+03,2.6452534430e-01
1.5500000000e+03,2.5182750572e-01
1.5500000000e+03,2.4739454204e-01
1.5500000000e+03,2.3109759664e-01
1.5500000000e+03,2.2473522143e-01
1.5500000000e+03,2.1896966014e-01
1.5500000000e+03,2.0542980296e-01
1.5500000000e+03,1.9719376003e-01
1.5500000000e+03,1.8695709073e-01
1.5500000000e+03,2.3300314337e-01
1.5500000000e+03,2.1643571908e-01
1.5500000000e+03,2.0195860314e-01
1.5500000000e+03,1.9133622388e-01
1.5500000000e+03,1.8877477900e-01
1.5500000000e+03,1.8224814716e-01
1.5500000000e+03,1.8272114711e-01
1.5500000000e+03,1.7166308770e-01
1.5500000000e+03,1.5326446941e-01
1.5500000000e+03,2.0150993967e-01
1.5500000000e+03,1.9361037319e-01
1.5500000000e+03,1.8868709975e-01
1.5500000000e+03,1.8336621390e-01
1.5510000000e+03,1.7862033391e-01
1.5500000000e+03,1.6680459827e-01
1.5500000000e+03,2.9464422353e-01
1.5500000000e+03,2.7813601556e-01
1.5500000000e+03,2.6841270803e-01
1.5510000000e+03,2.4971937884e-01
1.5510000000e+03,2.2713832053e-01
1.5530000000e+03,2.0270496176e-01
1.5560000000e+03,1.8088389868e-01
1.5620000000e+03,2.4661724206e-01
1.5720000000e+03,2.2759352454e-01
1.5840000000e+03,7.3897710120e-01
1.5960000000e+03,7.3011050915e-01
1.6070000000e+03,6.6822230830e-01
1.6140000000e+03,6.0524072073e-01
1.6170000000e+03,5.5228824402e-01
1.6170000000e+03,5.0809881983e-01
1.6140000000e+03,4.7211685085e-01
1.6090000000e+03,4.4201377402e-01
1.6030000000e+03,4.1470865989e-01
1.5970000000e+03,3.8045519732e-01
1.5900000000e+03,3.6083461620e-01
1.5830000000e+03,3.3719090079e-01
1.5760000000e+03,3.1523474895e-01
1.5690000000e+03,2.9491791793e-01
1.5620000000e+03,2.8713444998e-01
1.5570000000e+03,2.7903199935e-01
1.5530000000e+03,2.5933023748e-01
1.5510000000e+03,2.3806532094e-01
1.5510000000e+03,2.2283629375e-01
1.5530000000e+03,2.0867109585e-01
1.5590000000e+03,1.9653756958e-01
1.5710000000e+03,1.9200084868e-01
1.5880000000e+03,2.0680383989e-01
1.6080000000e+03,8.2127475740e-01
1.6270000000e+03,7.7371142749e-01
1.6390000000e+03,7.0012300663e-01
1.6430000000e+03,6.3388421742e-01
1.6390000000e+03,5.7737045954e-01
1.6310000000e+03,5.2877277445e-01
1.6200000000e+03,4.8798287106e-01
1.6080000000e+03,4.6038557987e-01
1.5970000000e+03,4.2949394498e-01
1.5860000000e+03,3.9681191101e-01
1.5760000000e+03,3.7956048137e-01
1.5680000000e+03,3.8609234959e-01
1.5620000000e+03,3.5300653673e-01
1.5570000000e+03,3.2400263252e-01
1.5540000000e+03,2.9943780597e-01
1.5520000000e+03,2.7417422400e-01
1.5520000000e+03,2.4691768602e-01
1.5550000000e+03,2.2335356948e-01
1.5610000000e+03,2.0926929076e-01
1.5720000000e+03,3.4089866499e-01
1.5890000000e+03,4.1868785327e-01
1.6110000000e+03,3.9526660031e-01
1.6360000000e+03,8.2003855249e-01
1.6580000000e+03,8.0241100610e-01
1.6720000000e+03,7.2740759874e-01
1.6780000000e+03,6.5478733704e-01
1.6760000000e+03,5.9174892290e-01
1.6710000000e+03,5.4261335952e-01
1.6650000000e+03,5.0327418256e-01
1.6580000000e+03,4.7074322937e-01
1.6510000000e+03,4.3521705810e-01
1.6440000000e+03,4.0812877985e-01
1.6360000000e+03,3.8207505756e-01
1.6280000000e+03,3.5430452095e-01
1.6190000000e+03,3.3492348781e-01
1.6100000000e+03,3.2193215142e-01
1.6010000000e+03,3.0255568788e-01
1.5930000000e+03,2.8390497981e-01
1.5850000000e+03,2.6856116177e-01
1.5790000000e+03,2.5796029141e-01
1.5730000000e+03,2.4103260770e-01
1.5680000000e+03,2.2491685582e-01
1.5640000000e+03,2.1083772570e-01
1.5600000000e+03,1.9928114984e-01
1.5560000000e+03,3.5777275618e-01
1.5530000000e+03,3.3676621950e-01
1.5520000000e+03,3.1007882681e-01
1.5510000000e+03,2.8438876012e-01
1.5510000000e+03,2.6434082313e-01
1.5520000000e+03,2.5595404171e-01
1.5540000000e+03,2.4145652441e-01
1.5560000000e+03,2.5847059437e-01
1.5580000000e+03,2.3733087420e-01
1.5590000000e+03,2.3200504330e-01
1.5590000000e+03,2.1852766522e-01
1.5590000000e+03,2.1130051262e-01
1.5600000000e+03,1.9681891691e-01
1.5610000000e+03,2.0285353451e-01
1.5640000000e+03,1.9010727840e-01
1.5670000000e+03,2.0968911454e-01
1.5710000000e+03,1.9516042176e-01
1.5740000000e+03,1.7992685788e-01
1.5760000000e+03,1.6624292298e-01
1.5790000000e+03,1.6209896854e-01
1.5810000000e+03,1.5302373419e-01
1.5850000000e+03,1.3970985648e-01
1.5920000000e+03,3.5472672826e-01
1.5990000000e+03,9.1267175900e-01
1.6070000000e+03,8.5886466217e-01
1.6140000000e+03,7.7741727556e-01
1.6180000000e+03,7.0482767242e-01
1.6200000000e+03,6.3929891664e-01
1.6190000000e+03,5.9144338443e-01
1.6170000000e+03,5.4272989544e-01
1.6150000000e+03,4.9846324441e-01
1.6120000000e+03,4.7899890041e-01
1.6090000000e+03,4.4981380079e-01
1.6060000000e+03,4.2113159669e-01
1.6040000000e+03,4.0231337178e-01
1.6020000000e+03,3.8375289872e-01
1.6020000000e+03,3.6102388799e-01
1.6010000000e+03,3.4249545875e-01
1.6000000000e+03,3.2566174414e-01
1.5980000000e+03,3.0587491952e-01
1.5970000000e+03,2.8856414097e-01
1.6030000000e+03,2.7230406253e-01
1.6240000000e+03,2.6597349084e-01
1.6670000000e+03,2.5821448484e-01
1.7380000000e+03,3.6241212984e-01
1.8280000000e+03,9.1371186500e-01
1.9160000000e+03,8.9403324543e-01
1.9820000000e+03,8.0954750043e-01
2.0110000000e+03,7.3094205450e-01
2.0050000000e+03,6.5985310222e-01
1.9780000000e+03,6.0917419621e-01
1.9390000000e+03,5.5164210757e-01
1.9000000000e+03,5.1885883301e-01
1.8640000000e+03,4.7130010397e-01
1.8360000000e+03,4.2659042690e-01
1.8220000000e+03,4.0242183669e-01
1.8220000000e+03,8.0949410733e-01
1.8300000000e+03,9.5892330461e-01
1.8370000000e+03,8.7176390252e-01
1.8340000000e+03,7.8035192754e-01
1.8210000000e+03,7.2013963812e-01
1.8020000000e+03,6.7006684732e-01
1.7840000000e+03,6.1506870722e-01
1.7710000000e+03,5.6577525557e-01
1.7640000000e+03,5.2415697844e-01
1.7610000000e+03,4.9035219182e-01
1.7600000000e+03,4.5776756762e-01
1.7610000000e+03,5.0046475229e-01
1.7660000000e+03,8.9864086761e-01
1.7740000000e+03,8.6008500339e-01
1.7800000000e+03,7.7600072179e-01
1.7820000000e+03,7.0630890782e-01
1.7780000000e+03,6.5322959145e-01
1.7680000000e+03,5.9817511235e-01
1.7560000000e+03,5.5600630800e-01
1.7420000000e+03,5.0517227172e-01
1.7280000000e+03,4.7699538334e-01
1.7150000000e+03,4.4667165600e-01
1.7010000000e+03,4.1181438075e-01
1.6870000000e+03,3.9190245927e-01
1.6750000000e+03,4.1472005668e-01
1.6640000000e+03,3.8416732598e-01
1.6540000000e+03,3.5322509727e-01
1.6450000000e+03,3.3271379413e-01
1.6380000000e+03,3.1357261073e-01
1.6320000000e+03,2.9277933067e-01
1.6260000000e+03,2.8067049610e-01
1.6210000000e+03,2.6678773053e-01
1.6160000000e+03,2.4930744122e-01
1.6110000000e+03,2.4050503375e-01
1.6070000000e+03,2.2946847826e-01
1.6040000000e+03,2.7159161493e-01
1.6020000000e+03,2.6067495593e-01
1.5990000000e+03,2.4242723785e-01
1.5970000000e+03,2.2412051594e-01
1.5940000000e+03,2.1982807940e-01
1.5940000000e+03,2.0327478383e-01
1.5970000000e+03,1.8768460590e-01
1.6090000000e+03,1.7462804332e-01
1.6340000000e+03,1.5965543173e-01
1.6760000000e+03,1.4540952041e-01
1.7300000000e+03,8.6691078097e-01
1.7830000000e+03,8.6217783302e-01
1.8220000000e+03,7.7439076952e-01
1.8390000000e+03,7.0094137997e-01
1.8380000000e+03,6.3928782226e-01
1.8260000000e+03,5.7506967740e-01
1.8110000000e+03,5.1685462630e-01
1.8040000000e+03,4.8443850959e-01
1.8100000000e+03,6.3368911116e-01
1.8300000000e+03,5.8855935292e-01
1.8530000000e+03,6.9472568213e-01
1.8700000000e+03,6.6883051749e-01
1.8760000000e+03,6.6091594470e-01
1.8690000000e+03,6.2405124932e-01
1.8500000000e+03,5.9148673012e-01
1.8190000000e+03,5.4198501131e-01
1.7790000000e+03,4.9900283743e-01
1.7350000000e+03,4.6195714712e-01
1.6980000000e+03,4.2304350271e-01
1.6750000000e+03,3.9458478268e-01
1.6720000000e+03,3.6731464350e-01
1.6940000000e+03,3.5207776272e-01
1.7400000000e+03,3.3370886378e-01
1.7950000000e+03,8.0642193161e-01
1.8420000000e+03,7.7693660231e-01
1.8640000000e+03,7.0043604004e-01
1.8570000000e+03,6.3722157876e-01
1.8300000000e+03,5.7930706624e-01
1.7920000000e+03,5.4369252439e-01
1.7530000000e+03,5.0655500526e-01
1.7190000000e+03,4.6654755911e-01
1.6950000000e+03,4.3630607738e-01
1.6830000000e+03,4.0503356482e-01
1.6820000000e+03,4.0587450162e-01
1.6900000000e+03,7.7744728597e-01
1.7000000000e+03,7.3197336779e-01
1.7070000000e+03,6.6140977190e-01
1.7090000000e+03,6.0045984449e-01
1.7070000000e+03,5.4519792914e-01
1.7030000000e+03,5.0615319092e-01
1.6970000000e+03,4.6871112850e-01
1.6940000000e+03,4.3657714042e-01
1.6970000000e+03,4.1282021939e-01
1.7110000000e+03,3.7609779473e-01
1.7360000000e+03,3.5812945327e-01
1.7700000000e+03,9.0948960000e-01
1.8040000000e+03,8.6307514471e-01
1.8270000000e+03,7.8364900054e-01
1.8350000000e+03,7.0720001147e-01
1.8290000000e+03,6.5424568815e-01
1.8130000000e+03,5.9765313455e-01
1.7920000000e+03,5.5243577205e-01
1.7710000000e+03,5.1392623736e-01
1.7530000000e+03,5.0075794633e-01
1.7400000000e+03,4.7546985481e-01
1.7360000000e+03,4.5505729898e-01
1.7430000000e+03,8.8901414853e-01
1.7580000000e+03,8.7644899166e-01
1.7760000000e+03,7.9689140214e-01
1.7930000000e+03,7.2543616864e-01
1.8030000000e+03,6.6684351503e-01
1.8050000000e+03,6.1791958027e-01
1.7980000000e+03,5.6375077445e-01
1.7830000000e+03,5.2530591415e-01
1.7650000000e+03,5.0120936070e-01
1.7480000000e+03,4.9474968352e-01
1.7370000000e+03,4.5393715266e-01
1.7320000000e+03,8.7406995421e-01
1.7320000000e+03,8.4659732131e-01
1.7350000000e+03,7.7883760998e-01
1.7380000000e+03,7.1523561396e-01
1.7380000000e+03,6.5151079243e-01
1.7360000000e+03,6.0027393440e-01
1.7310000000e+03,5.6442192918e-01
1.7240000000e+03,5.2343564240e-01
1.7210000000e+03,4.9947042269e-01
1.7260000000e+03,4.6002046225e-01
1.7490000000e+03,4.3202808190e-01
1.7930000000e+03,7.7296540227e-01
1.8510000000e+03,9.6730808448e-01
1.9090000000e+03,8.9292958692e-01
1.9520000000e+03,8.0990718990e-01
1.9720000000e+03,7.3615147474e-01
1.9690000000e+03,6.7843721186e-01
1.9510000000e+03,6.2906343243e-01
1.9230000000e+03,5.8469569898e-01
1.8930000000e+03,5.4894469094e-01
1.8620000000e+03,5.2456517530e-01
1.8340000000e+03,4.9164383156e-01
1.8120000000e+03,4.8426510452e-01
1.7970000000e+03,6.6997853116e-01
1.7860000000e+03,6.3401309540e-01
1.7780000000e+03,5.6911589960e-01
1.7670000000e+03,5.2070274762e-01
1.7510000000e+03,4.8739845423e-01
1.7330000000e+03,4.4666114750e-01
1.7130000000e+03,4.1753993994e-01
1.6950000000e+03,4.0997303421e-01
1.6830000000e+03,3.8375089700e-01
1.6820000000e+03,3.5436590562e-01
1.6950000000e+03,4.9959664145e-01
1.7230000000e+03,9.3227776974e-01
1.7580000000e+03,8.8591659066e-01
1.7920000000e+03,7.9024031106e-01
1.8160000000e+03,7.0976592817e-01
1.8280000000e+03,6.5859090447e-01
1.8300000000e+03,6.1429811948e-01
1.8240000000e+03,5.8250268874e-01
1.8120000000e+03,5.4176295972e-01
1.8000000000e+03,5.0455575149e-01
1.7910000000e+03,4.6972024277e-01
1.7920000000e+03,4.4951811168e-01
1.8050000000e+03,8.2950972804e-01
1.8240000000e+03,8.6922315181e-01
1.8420000000e+03,7.8356214642e-01
1.8490000000e+03,7.1186332744e-01
1.8430000000e+03,6.5845975378e-01
1.8290000000e+03,6.1004121579e-01
1.8110000000e+03,5.7796382998e-01
1.7950000000e+03,5.4750051248e-01
1.7850000000e+03,5.0926152202e-01
1.7850000000e+03,4.7952361968e-01
1.8000000000e+03,4.6669776198e-01
1.8290000000e+03,8.8916596273e-01
1.8670000000e+03,9.0375420781e-01
1.9020000000e+03,8.1725784863e-01
1.9260000000e+03,7.3880974645e-01
1.9330000000e+03,6.7736836185e-01
1.9250000000e+03,6.1951295896e-01
1.9070000000e+03,5.7100786136e-01
1.8830000000e+03,5.6162563686e-01
1.8600000000e+03,5.5169956666e-01
1.8430000000e+03,5.1719572753e-01
1.8350000000e+03,4.9745865733e-01
1.8360000000e+03,6.4365939010e-01
1.8440000000e+03,6.4342461769e-01
1.8540000000e+03,5.8954012716e-01
1.8570000000e+03,5.4020707610e-01
1.8510000000e+03,5.0571280752e-01
1.8380000000e+03,4.6868950775e-01
1.8200000000e+03,4.2718645845e-01
1.8010000000e+03,4.0985542831e-01
1.7800000000e+03,3.9251133132e-01
1.7580000000e+03,3.7893389477e-01
1.7370000000e+03,3.5024325986e-01
1.7220000000e+03,7.0248402670e-01
1.7160000000e+03,9.3495479288e-01
1.7180000000e+03,8.7013883483e-01
1.7250000000e+03,7.8758698313e-01
1.7320000000e+03,7.1376613634e-01
1.7370000000e+03,6.5586387334e-01
1.7380000000e+03,6.0739530550e-01
1.7340000000e+03,5.5343960568e-01
1.7250000000e+03,5.0819751111e-01
1.7130000000e+03,4.7038511163e-01
1.7010000000e+03,4.5958402407e-01
1.6920000000e+03,4.4361866731e-01
1.6910000000e+03,6.7016857510e-01
1.6940000000e+03,9.5536217069e-01
1.6970000000e+03,8.6648690327e-01
1.6910000000e+03,7.7507802534e-01
1.6740000000e+03,7.0590906641e-01
1.6510000000e+03,6.5606208249e-01
1.6320000000e+03,6.0092575740e-01
1.6260000000e+03,5.4605150043e-01
1.6370000000e+03,5.0072964906e-01
1.6670000000e+03,4.6645591081e-01
1.7120000000e+03,4.4231270828e-01
1.7650000000e+03,9.2452523242e-01
1.8160000000e+03,9.0511420538e-01
1.8540000000e+03,8.2951375478e-01
1.8760000000e+03,7.5016302176e-01
1.8830000000e+03,7.2419763503e-01
1.8790000000e+03,6.5802116074e-01
1.8670000000e+03,6.1471310673e-01
1.8510000000e+03,5.8137318535e-01
1.8340000000e+03,5.2422948315e-01
1.8200000000e+03,4.7952556988e-01
1.8140000000e+03,4.5844791792e-01
1.8180000000e+03,8.4853519460e-01
1.8280000000e+03,8.2613122585e-01
1.8390000000e+03,7.5567496062e-01
1.8440000000e+03,6.8011173391e-01
1.8410000000e+03,6.3258510952e-01
1.8300000000e+03,5.8353090688e-01
1.8140000000e+03,5.2431446151e-01
1.7940000000e+03,4.8690272096e-01
1.7750000000e+03,4.4937412255e-01
1.7590000000e+03,4.2774870877e-01
1.7530000000e+03,4.1089055688e-01
1.7610000000e+03,7.5716986654e-01
1.7830000000e+03,9.6713651511e-01
1.8120000000e+03,8.8116787124e-01
1.8380000000e+03,7.8939999669e-01
1.8520000000e+03,7.1952929553e-01
1.8520000000e+03,6.6188011210e-01
1.8440000000e+03,6.1096577414e-01
1.8320000000e+03,5.6867222086e-01
1.8210000000e+03,5.3231938877e-01
1.8120000000e+03,5.0707301647e-01
1.8060000000e+03,4.7526359720e-01
1.8030000000e+03,4.5768548182e-01
1.8040000000e+03,6.0643007481e-01
1.8060000000e+03,5.8506032400e-01
1.8090000000e+03,5.3440269271e-01
1.8080000000e+03,4.9918534882e-01
1.8040000000e+03,4.7851840652e-01
1.7930000000e+03,4.5273136871e-01
1.7770000000e+03,4.2626088341e-01
1.7620000000e+03,4.8703527782e-01
1.7560000000e+03,4.5466279947e-01
1.7730000000e+03,4.2992605286e-01
1.8170000000e+03,5.6314366500e-01
1.8850000000e+03,9.4087792417e-01
1.9580000000e+03,8.9126562220e-01
2.0180000000e+03,8.1151453136e-01
2.0520000000e+03,7.3120770126e-01
2.0610000000e+03,6.6869243635e-01
2.0520000000e+03,6.1102782571e-01
2.0320000000e+03,5.6335429704e-01
2.0080000000e+03,5.2781171828e-01
1.9790000000e+03,4.9858676942e-01
1.9480000000e+03,4.6437804186e-01
1.9130000000e+03,4.2817319470e-01
1.8800000000e+03,4.6268292943e-01
1.8520000000e+03,8.9205141469e-01
1.8320000000e+03,8.4746966254e-01
1.8210000000e+03,7.8080080221e-01
1.8120000000e+03,7.1230157189e-01
1.7990000000e+03,6.6245093882e-01
1.7780000000e+03,6.1700086404e-01
1.7510000000e+03,5.8528699780e-01
1.7240000000e+03,5.6126938203e-01
1.7060000000e+03,5.2622714728e-01
1.7050000000e+03,4.8813847789e-01
1.7230000000e+03,8.2141279133e-01
1.7550000000e+03,9.2331159642e-01
1.7920000000e+03,8.4190398505e-01
1.8210000000e+03,7.5481176037e-01
1.8350000000e+03,6.8434362326e-01
1.8330000000e+03,6.2715200659e-01
1.8200000000e+03,5.7972673754e-01
1.8050000000e+03,5.4464704014e-01
1.7930000000e+03,5.0898822865e-01
1.7890000000e+03,4.8234431213e-01
1.7970000000e+03,4.4785123186e-01
1.8180000000e+03,6.9359641286e-01
1.8410000000e+03,7.7734038808e-01
1.8560000000e+03,7.1274381726e-01
1.8530000000e+03,6.5237984923e-01
1.8350000000e+03,5.9091646121e-01
1.8100000000e+03,5.5007402483e-01
1.7850000000e+03,5.1409809372e-01
1.7630000000e+03,4.7580575129e-01
1.7450000000e+03,4.4187758205e-01
1.7310000000e+03,4.2291983656e-01
1.7230000000e+03,4.0457593487e-01
1.7250000000e+03,8.1285278879e-01
1.7390000000e+03,9.7467237916e-01
1.7600000000e+03,9.1248800244e-01
1.7780000000e+03,8.2504600392e-01
1.7840000000e+03,7.4737603768e-01
1.7740000000e+03,6.7652326059e-01
1.7500000000e+03,6.2581553344e-01
1.7210000000e+03,5.8921402551e-01
1.6960000000e+03,5.5566746400e-01
1.6810000000e+03,5.0697839764e-01
1.6790000000e+03,4.7000393155e-01
1.6920000000e+03,4.4737354742e-01
1.7140000000e+03,7.4407225110e-01
1.7380000000e+03,7.1318180057e-01
1.7550000000e+03,6.5564998245e-01
1.7610000000e+03,6.0858629915e-01
1.7550000000e+03,5.6286976263e-01
1.7400000000e+03,5.3427829638e-01
1.7230000000e+03,4.9720102197e-01
1.7090000000e+03,4.5698416042e-01
1.7000000000e+03,4.3653989474e-01
1.6950000000e+03,3.9959320712e-01
1.6910000000e+03,3.7271626558e-01
1.6860000000e+03,8.4247456566e-01
1.6830000000e+03,8.3418052495e-01
1.6810000000e+03,7.6173202578e-01
1.6810000000e+03,6.8472274690e-01
1.6810000000e+03,6.2998008396e-01
1.6780000000e+03,5.7568295150e-01
1.6740000000e+03,5.4444435749e-01
1.6680000000e+03,5.0168046329e-01
1.6650000000e+03,4.6856000305e-01
1.6700000000e+03,4.4041925485e-01
1.6910000000e+03,4.2381148770e-01
1.7280000000e+03,8.7054472100e-01
1.7720000000e+03,8.8298434940e-01
1.8090000000e+03,8.1573894040e-01
1.8300000000e+03,7.3649507831e-01
1.8320000000e+03,6.7519633514e-01
1.8190000000e+03,6.3308813731e-01
1.7980000000e+03,5.8559073645e-01
1.7780000000e+03,5.4571829869e-01
1.7640000000e+03,5.0703226149e-01
1.7590000000e+03,4.6710659085e-01
1.7680000000e+03,4.5353814746e-01
1.7910000000e+03,6.4607991535e-01
1.8210000000e+03,8.5349434411e-01
1.8520000000e+03,7.7881190315e-01
1.8750000000e+03,7.0955837835e-01
1.8870000000e+03,6.6108917034e-01
1.8890000000e+03,6.1176970127e-01
1.8830000000e+03,5.6832564624e-01
1.8710000000e+03,5.3570581965e-01
1.8570000000e+03,5.1235966062e-01
1.8440000000e+03,4.7689663514e-01
1.8360000000e+03,4.5769073466e-01
1.8380000000e+03,6.5723553553e-01
1.8500000000e+03,9.5361187412e-01
1.8660000000e+03,8.8495625237e-01
1.8780000000e+03,7.9210091250e-01
1.8820000000e+03,7.2047313714e-01
1.8770000000e+03,6.6826727192e-01
1.8670000000e+03,6.1824928441e-01
1.8530000000e+03,5.8227593833e-01
1.8390000000e+03,5.4142820934e-01
1.8240000000e+03,5.0788153619e-01
1.8100000000e+03,4.7876841322e-01
1.7990000000e+03,4.6598088316e-01
1.7940000000e+03,9.2772837157e-01
1.7960000000e+03,8.9214413957e-01
1.8020000000e+03,8.0691528450e-01
1.8090000000e+03,7.3449763380e-01
1.8110000000e+03,6.7925314890e-01
1.8090000000e+03,6.3311957359e-01
1.8020000000e+03,5.8132642592e-01
1.7940000000e+03,5.4344682672e-01
1.7860000000e+03,5.2084128019e-01
1.7760000000e+03,4.8040001963e-01
1.7640000000e+03,4.6201811269e-01
1.7490000000e+03,5.8013667756e-01
1.7280000000e+03,5.2991773377e-01
1.7040000000e+03,5.1485414814e-01
1.6800000000e+03,5.0330693635e-01
1.6590000000e+03,4.7029531511e-01
1.6430000000e+03,4.4687752728e-01
1.6320000000e+03,4.2571510952e-01
1.6250000000e+03,4.1940991673e-01
1.6200000000e+03,4.1436543329e-01
1.6150000000e+03,3.9696640874e-01
1.6080000000e+03,4.5154040432e-01
1.6000000000e+03,4.4261620542e-01
1.5940000000e+03,4.3314199616e-01
1.5890000000e+03,4.1130310712e-01
1.5860000000e+03,3.9026255620e-01
1.5840000000e+03,3.6482324923e-01
1.5830000000e+03,3.5433014932e-01
1.5830000000e+03,3.4662001962e-01
1.5830000000e+03,3.4463090538e-01
1.5870000000e+03,3.9250778466e-01
1.5950000000e+03,3.8401941248e-01
1.6100000000e+03,4.6655151774e-01
1.6340000000e+03,4.5825175369e-01
1.6690000000e+03,8.1820942461e-01
1.7140000000e+03,7.6380510204e-01
1.7630000000e+03,7.2209471710e-01
1.8120000000e+03,6.6740882344e-01
1.8560000000e+03,6.3184373158e-01
1.8900000000e+03,6.1289857414e-01
1.9130000000e+03,5.9632452148e-01
1.9250000000e+03,5.8254178653e-01
1.9330000000e+03,5.8215892674e-01
1.9510000000e+03,5.7521318147e-01
1.9910000000e+03,7.2824631424e-01
2.0600000000e+03,9.6322213797e-01
2.1500000000e+03,9.1246363110e-01
2.2330000000e+03,8.4859002146e-01
2.2330000000e+03,7.9042536497e-01
2.2330000000e+03,7.4026443596e-01
2.2330000000e+03,6.9792488231e-01
2.2330000000e+03,6.6457949047e-01
2.2330000000e+03,6.3027360368e-01
2.2330000000e+03,6.0753258205e-01
2.2330000000e+03,5.9509471853e-01
2.2330000000e+03,5.6973128566e-01
2.2330000000e+03,5.5893440073e-01
2.2330000000e+03,5.3768669342e-01
2.2330000000e+03,5.2521758564e-01
2.2330000000e+03,5.0065225430e-01
2.2330000000e+03,4.8553032975e-01
2.2330000000e+03,4.6965634366e-01
2.2330000000e+03,4.6114202567e-01
2.2330000000e+03,4.4304571543e-01
2.2330000000e+03,4.3217915396e-01
2.2330000000e+03,5.4673462006e-01
2.2100000000e+03,5.3155907186e-01
2.1490000000e+03,9.3660341431e-01
2.0980000000e+03,9.0938754803e-01
2.0620000000e+03,8.2649206115e-01
2.0390000000e+03,7.4922762414e-01
2.0260000000e+03,7.0728855701e-01
2.0180000000e+03,6.6147487716e-01
2.0110000000e+03,6.2188650104e-01
2.0020000000e+03,6.0423048734e-01
1.9910000000e+03,5.8169083772e-01
1.9780000000e+03,5.5967586042e-01
1.9660000000e+03,5.3920077191e-01
1.9600000000e+03,6.3916047593e-01
1.9600000000e+03,7.6717775307e-01
1.9660000000e+03,7.0953074649e-01
1.9710000000e+03,6.6504503101e-01
1.9720000000e+03,6.3442568370e-01
1.9690000000e+03,6.0649675168e-01
1.9660000000e+03,7.2640807887e-01
1.9640000000e+03,6.8380589066e-01
1.9650000000e+03,6.4955432726e-01
1.9670000000e+03,6.2917531375e-01
1.9660000000e+03,5.7875177021e-01
1.9660000000e+03,7.0261421681e-01
1.9720000000e+03,8.2950485179e-01
1.9850000000e+03,7.6170926100e-01
2.0020000000e+03,7.0507903610e-01
2.0190000000e+03,6.4515546041e-01
2.0320000000e+03,6.1031433513e-01
2.0430000000e+03,8.3472995996e-01
2.0530000000e+03,7.9444377921e-01
2.0610000000e+03,7.3853644716e-01
2.0630000000e+03,6.9301240464e-01
2.0560000000e+03,6.5330985286e-01
2.0420000000e+03,6.2920871966e-01
2.0250000000e+03,8.4893045344e-01
2.0120000000e+03,8.0038978976e-01
2.0050000000e+03,7.4310691935e-01
2.0010000000e+03,6.8175593440e-01
2.0020000000e+03,6.3457744687e-01
2.0050000000e+03,5.9411197407e-01
2.0050000000e+03,5.6217844420e-01
1.9950000000e+03,5.5023483091e-01
1.9680000000e+03,5.1369929769e-01
1.9260000000e+03,5.3306941875e-01
1.8820000000e+03,8.7740211507e-01
1.8520000000e+03,9.8340818052e-01
1.8440000000e+03,9.3022677135e-01
1.8540000000e+03,8.3898249400e-01
1.8760000000e+03,7.5829407678e-01
1.9020000000e+03,6.9428051412e-01
1.9290000000e+03,6.5058174059e-01
1.9550000000e+03,6.2036662636e-01
1.9750000000e+03,5.8844349306e-01
1.9850000000e+03,5.6762911036e-01
1.9830000000e+03,5.2622955750e-01
1.9750000000e+03,5.6171859272e-01
1.9720000000e+03,9.2509203861e-01
1.9810000000e+03,8.8562570350e-01
2.0000000000e+03,8.0781954980e-01
2.0190000000e+03,7.3782889254e-01
2.0320000000e+03,6.8469331078e-01
2.0380000000e+03,6.8381535206e-01
2.0390000000e+03,6.6121328003e-01
2.0350000000e+03,6.1345385709e-01
2.0250000000e+03,5.8656802237e-01
2.0040000000e+03,5.5988566813e-01
1.9750000000e+03,7.0372301968e-01
1.9490000000e+03,9.5990327095e-01
1.9360000000e+03,9.3270420389e-01
1.9410000000e+03,8.4155610047e-01
1.9590000000e+03,7.5413546483e-01
1.9840000000e+03,7.0873743425e-01
2.0070000000e+03,6.6507289591e-01
2.0220000000e+03,6.3755028234e-01
2.0220000000e+03,5.9666591266e-01
2.0090000000e+03,5.6032010329e-01
1.9900000000e+03,5.8447125878e-01
1.9740000000e+03,7.9651830453e-01
1.9670000000e+03,7.6659658209e-01
1.9690000000e+03,7.1766156427e-01
1.9750000000e+03,6.6297261867e-01
1.9800000000e+03,6.1783259291e-01
1.9830000000e+03,5.8961699017e-01
1.9860000000e+03,6.2120165651e-01
1.9890000000e+03,6.1172141816e-01
1.9890000000e+03,5.7103023404e-01
1.9740000000e+03,5.4210865430e-01
1.9400000000e+03,5.1470268178e-01
1.8890000000e+03,4.9008077975e-01
1.8410000000e+03,9.2676048572e-01
1.8180000000e+03,9.9008810959e-01
1.8330000000e+03,9.1907427541e-01
1.8770000000e+03,8.3023741359e-01
1.9320000000e+03,7.5129118539e-01
1.9800000000e+03,6.9890039877e-01
2.0130000000e+03,6.3805478826e-01
2.0290000000e+03,5.9818377399e-01
2.0320000000e+03,5.6942885067e-01
2.0240000000e+03,5.5014793544e-01
2.0100000000e+03,5.1901243014e-01
1.9960000000e+03,5.0518874306e-01
1.9820000000e+03,9.3303457839e-01
1.9690000000e+03,8.7096129458e-01
1.9510000000e+03,7.8430257356e-01
1.9290000000e+03,7.2059704375e-01
1.9090000000e+03,6.6776867863e-01
1.8960000000e+03,6.5913129550e-01
1.8930000000e+03,8.9951674269e-01
1.8960000000e+03,8.4237862395e-01
1.8950000000e+03,7.6799667865e-01
1.8840000000e+03,7.0092305915e-01
1.8680000000e+03,7.0066737140e-01
1.8620000000e+03,9.5948973393e-01
1.8760000000e+03,9.0590239188e-01
1.9090000000e+03,8.1867529019e-01
1.9490000000e+03,7.4225774903e-01
1.9870000000e+03,6.7900533783e-01
2.0180000000e+03,6.6130538828e-01
2.0410000000e+03,6.5918306166e-01
2.0530000000e+03,6.3759404475e-01
2.0570000000e+03,6.0965650665e-01
2.0500000000e+03,5.8978291174e-01
2.0350000000e+03,5.5243068053e-01
2.0210000000e+03,7.9957564454e-01
2.0140000000e+03,8.2530029501e-01
2.0180000000e+03,7.6004910284e-01
2.0240000000e+03,6.9428457183e-01
2.0230000000e+03,6.5770366831e-01
2.0100000000e+03,6.0578895262e-01
1.9820000000e+03,5.7555813835e-01
1.9410000000e+03,5.5148590281e-01
1.8920000000e+03,6.4683514433e-01
1.8390000000e+03,6.2527928809e-01
1.7920000000e+03,5.9483449758e-01
1.7630000000e+03,9.4516681197e-01
1.7610000000e+03,9.8757844743e-01
1.7860000000e+03,9.2363902949e-01
1.8290000000e+03,8.3090642888e-01
1.8760000000e+03,7.5017915655e-01
1.9170000000e+03,6.9131330620e-01
1.9480000000e+03,6.4452145599e-01
1.9670000000e+03,5.9872026792e-01
1.9710000000e+03,5.6822955858e-01
1.9600000000e+03,5.4828508110e-01
1.9330000000e+03,5.4055747670e-01
1.8970000000e+03,8.6285792034e-01
1.8620000000e+03,9.8143983781e-01
1.8340000000e+03,8.8460405326e-01
1.8140000000e+03,7.9954798110e-01
1.7980000000e+03,7.2808459214e-01
1.7810000000e+03,6.7754569474e-01
1.7630000000e+03,6.6734148322e-01
1.7420000000e+03,6.6224623629e-01
1.7160000000e+03,6.2463244144e-01
1.6890000000e+03,6.0097964262e-01
1.6640000000e+03,5.9543989357e-01
1.6480000000e+03,8.2468128436e-01
1.6430000000e+03,9.7627319196e-01
1.6520000000e+03,9.0502649158e-01
1.6730000000e+03,8.2896758525e-01
1.6990000000e+03,7.4832889991e-01
1.7210000000e+03,6.9367331342e-01
1.7330000000e+03,6.3871867929e-01
1.7320000000e+03,5.9608993746e-01
1.7210000000e+03,5.7432152850e-01
1.7050000000e+03,5.3721389682e-01
1.6890000000e+03,5.7502678111e-01
1.6790000000e+03,5.8975517519e-01
1.6750000000e+03,6.4245189218e-01
1.6760000000e+03,6.4558203453e-01
1.6810000000e+03,5.8735260146e-01
1.6880000000e+03,5.4117394466e-01
1.6950000000e+03,5.0436026072e-01
1.7020000000e+03,4.9541602837e-01
1.7070000000e+03,4.8871470589e-01
1.7140000000e+03,5.5236992516e-01
1.7190000000e+03,8.6688067763e-01
1.7200000000e+03,7.9930106122e-01
1.7180000000e+03,7.4536887526e-01
1.7250000000e+03,9.6553942461e-01
1.7500000000e+03,9.5130414405e-01
1.7950000000e+03,8.6568512492e-01
1.8490000000e+03,7.8415785108e-01
1.9000000000e+03,7.1439747199e-01
1.9410000000e+03,6.6057963179e-01
1.9710000000e+03,6.1622312921e-01
1.9880000000e+03,5.8350686732e-01
1.9900000000e+03,5.4808680654e-01
1.9770000000e+03,5.2377674176e-01
1.9520000000e+03,5.1902616534e-01
1.9260000000e+03,8.0692983384e-01
1.9130000000e+03,9.7387079438e-01
1.9220000000e+03,8.8521061511e-01
1.9490000000e+03,8.1120764424e-01
1.9800000000e+03,7.4246947310e-01
2.0050000000e+03,7.0369057236e-01
2.0170000000e+03,6.6796055575e-01
2.0140000000e+03,6.5375978545e-01
1.9960000000e+03,6.0907112071e-01
1.9680000000e+03,6.0099897431e-01
1.9380000000e+03,5.6446014034e-01
1.9200000000e+03,9.2002870314e-01
1.9260000000e+03,9.8917706189e-01
1.9580000000e+03,9.0357357662e-01
2.0040000000e+03,8.1547398154e-01
2.0500000000e+03,7.5403727382e-01
2.0870000000e+03,6.8496242970e-01
2.1110000000e+03,8.7929538614e-01
2.1270000000e+03,8.4990796608e-01
2.1370000000e+03,7.9337627971e-01
2.1410000000e+03,7.4213254048e-01
2.1390000000e+03,7.0135574166e-01
2.1330000000e+03,6.6528916122e-01
2.1300000000e+03,9.5470181383e-01
2.1370000000e+03,9.0245413571e-01
2.1560000000e+03,8.4051120658e-01
2.1830000000e+03,7.7684596470e-01
2.2120000000e+03,7.1636615325e-01
2.2330000000e+03,6.7089812396e-01
2.2330000000e+03,6.3371465223e-01
2.2330000000e+03,5.9916867220e-01
2.2270000000e+03,5.7162220269e-01
2.1720000000e+03,5.5200507536e-01
2.1020000000e+03,6.1897951357e-01
2.0430000000e+03,9.4843448455e-01
2.0160000000e+03,9.1897724876e-01
2.0280000000e+03,8.3196016350e-01
2.0680000000e+03,7.4882573649e-01
2.1150000000e+03,6.9949846691e-01
2.1550000000e+03,6.4688681911e-01
2.1780000000e+03,6.1030595044e-01
2.1780000000e+03,5.8451873960e-01
2.1560000000e+03,5.6711507811e-01
2.1150000000e+03,5.5131041530e-01
2.0650000000e+03,6.0440529814e-01
2.0150000000e+03,7.5469279349e-01
1.9770000000e+03,7.4750576805e-01
1.9560000000e+03,6.9170796364e-01
1.9480000000e+03,6.2550951376e-01
1.9440000000e+03,5.8074400310e-01
1.9380000000e+03,5.5148538028e-01
1.9290000000e+03,5.4589444403e-01
1.9180000000e+03,5.1529087680e-01
1.9030000000e+03,4.7751763975e-01
1.8860000000e+03,4.5427177445e-01
1.8720000000e+03,4.3856447191e-01
1.8690000000e+03,9.2401796379e-01
1.8850000000e+03,9.2799746103e-01
1.9140000000e+03,8.4531937820e-01
1.9480000000e+03,7.7443645604e-01
1.9780000000e+03,7.0832660176e-01
2.0070000000e+03,6.8024158145e-01
2.0430000000e+03,9.5672540386e-01
2.0850000000e+03,8.9386312581e-01
2.1210000000e+03,8.0677035707e-01
2.1380000000e+03,7.3535319377e-01
2.1340000000e+03,6.9155189143e-01
2.1210000000e+03,7.9547747309e-01
2.1140000000e+03,9.7232088589e-01
2.1130000000e+03,8.9675960366e-01
2.1060000000e+03,8.1419996414e-01
2.0780000000e+03,7.5208125249e-01
2.0260000000e+03,7.1476675496e-01
1.9640000000e+03,9.6139787799e-01
1.9080000000e+03,9.4473432102e-01
1.8660000000e+03,8.6413728545e-01
1.8330000000e+03,7.8382817076e-01
1.8040000000e+03,7.1409077492e-01
1.7740000000e+03,6.5708558182e-01
1.7450000000e+03,8.9900020289e-01
1.7210000000e+03,8.3067209910e-01
1.7020000000e+03,7.4699329749e-01
1.6870000000e+03,6.7735220434e-01
1.6740000000e+03,6.3653827972e-01
1.6610000000e+03,5.8062669822e-01
1.6490000000e+03,5.6597481121e-01
1.6390000000e+03,5.3419981682e-01
1.6290000000e+03,4.9456234425e-01
1.6210000000e+03,4.6193861849e-01
1.6130000000e+03,4.4331848401e-01
1.6070000000e+03,9.0247106327e-01
1.6030000000e+03,8.5461270462e-01
1.6020000000e+03,7.7145757892e-01
1.6040000000e+03,6.9657547947e-01
1.6100000000e+03,6.4197821140e-01
1.6200000000e+03,5.8770794549e-01
1.6340000000e+03,5.9393079771e-01
1.6530000000e+03,5.6318755757e-01
1.6750000000e+03,5.5331727522e-01
1.7030000000e+03,7.6217034105e-01
1.7400000000e+03,9.6781325574e-01
1.7950000000e+03,9.9564399785e-01
1.8700000000e+03,9.4891668992e-01
1.9650000000e+03,8.5746239083e-01
2.0640000000e+03,7.7731607807e-01
2.1540000000e+03,7.1823720717e-01
2.2220000000e+03,6.7063169762e-01
2.2330000000e+03,6.2763095033e-01
2.2330000000e+03,6.0096271697e-01
2.2330000000e+03,5.6428128295e-01
2.2330000000e+03,5.4777311132e-01
2.2330000000e+03,5.3572723527e-01
2.2330000000e+03,5.2177519917e-01
2.2330000000e+03,6.1893286261e-01
2.2330000000e+03,5.8320730687e-01
2.2300000000e+03,5.3979778320e-01
2.1900000000e+03,5.8089601498e-01
2.1470000000e+03,5.6863529888e-01
2.1140000000e+03,9.4162113600e-01
2.0990000000e+03,8.6337232011e-01
2.0990000000e+03,7.8043468820e-01
2.0980000000e+03,7.4254473200e-01
2.0930000000e+03,7.0531636124e-01
2.0910000000e+03,9.4688062010e-01
2.1090000000e+03,9.9281107368e-01
2.1550000000e+03,9.0020109060e-01
2.2230000000e+03,8.2156906287e-01
2.2330000000e+03,7.6158980396e-01
2.2330000000e+03,7.1691945869e-01
2.2330000000e+03,6.7847268049e-01
2.2330000000e+03,6.5485255584e-01
2.2330000000e+03,6.2129806081e-01
2.2330000000e+03,6.0245083288e-01
2.2330000000e+03,5.8988928816e-01
2.2330000000e+03,6.7052381302e-01
2.1760000000e+03,9.4711748358e-01
2.1480000000e+03,8.6630615558e-01
2.1520000000e+03,7.9084435020e-01
2.1760000000e+03,7.4655462423e-01
2.2040000000e+03,7.0521380446e-01
2.2300000000e+03,6.5834207268e-01
2.2330000000e+03,6.4809722411e-01
2.2330000000e+03,6.2055303954e-01
2.2330000000e+03,5.9876705515e-01
2.2330000000e+03,5.8661547552e-01
2.2330000000e+03,6.3929087313e-01
2.2330000000e+03,9.5025383424e-01
2.2330000000e+03,8.9390204762e-01
2.2330000000e+03,8.5177081096e-01
2.2330000000e+03,8.0105604860e-01
2.2330000000e+03,7.5876890332e-01
2.2330000000e+03,7.2143494238e-01
2.2330000000e+03,6.7964149664e-01
2.2330000000e+03,6.5797692833e-01
2.2330000000e+03,6.2934837797e-01
2.2330000000e+03,5.9672355210e-01
2.2330000000e+03,5.7556957759e-01
2.2330000000e+03,5.6962046394e-01
2.2330000000e+03,5.5648601099e-01
2.2330000000e+03,5.2868777688e-01
2.2330000000e+03,5.0714918029e-01
2.2330000000e+03,4.9010886356e-01
2.2330000000e+03,4.6970247401e-01
2.2330000000e+03,4.6608595641e-01
2.2330000000e+03,4.6263540740e-01
2.2330000000e+03,4.4512502560e-01
2.2150000000e+03,4.3750836440e-01
2.1390000000e+03,4.5121072643e-01
2.0690000000e+03,9.1397108200e-01
2.0240000000e+03,9.1375941129e-01
2.0140000000e+03,8.4067037571e-01
2.0320000000e+03,7.5991840363e-01
2.0620000000e+03,7.0020483374e-01
2.0890000000e+03,6.5632424081e-01
2.1040000000e+03,6.2396021808e-01
2.1090000000e+03,6.0944502121e-01
2.1050000000e+03,5.8275658166e-01
2.0990000000e+03,5.6952064274e-01
2.0970000000e+03,5.4808838740e-01
2.1060000000e+03,6.8755035478e-01
2.1270000000e+03,7.3992533534e-01
2.1540000000e+03,6.9251655999e-01
2.1750000000e+03,6.4376971131e-01
2.1820000000e+03,6.2750116588e-01
2.1730000000e+03,6.2016335852e-01
2.1540000000e+03,5.8954339620e-01
2.1300000000e+03,5.7689035473e-01
2.1060000000e+03,5.4622125646e-01
2.0820000000e+03,5.3326221143e-01
2.0620000000e+03,5.2544787042e-01
2.0540000000e+03,5.2829262082e-01
2.0650000000e+03,9.3616134823e-01
2.0940000000e+03,8.5477588523e-01
2.1340000000e+03,7.7630082777e-01
2.1740000000e+03,7.1895704664e-01
2.2060000000e+03,6.7952701460e-01
2.2260000000e+03,6.5851019811e-01
2.2330000000e+03,6.8886336749e-01
2.2330000000e+03,6.5482213645e-01
2.2330000000e+03,7.0656899872e-01
2.2250000000e+03,6.7762290030e-01
2.2060000000e+03,6.3668934872e-01
2.1880000000e+03,6.3380473309e-01
2.1800000000e+03,6.1528960528e-01
2.1890000000e+03,5.8910236763e-01
2.2100000000e+03,5.3452761355e-01
2.2330000000e+03,5.0571141404e-01
2.2330000000e+03,4.8377848540e-01
2.2330000000e+03,5.1138599032e-01
2.2330000000e+03,4.8558789955e-01
2.2240000000e+03,4.7147689024e-01
2.1710000000e+03,4.5931722672e-01
2.1010000000e+03,6.6702124789e-01
2.0290000000e+03,9.5493622627e-01
1.9750000000e+03,9.3305598294e-01
1.9470000000e+03,8.4650163056e-01
1.9450000000e+03,7.6636794071e-01
1.9570000000e+03,7.1781378086e-01
1.9700000000e+03,6.8488507672e-01
1.9760000000e+03,6.3873376532e-01
1.9740000000e+03,6.1434890628e-01
1.9680000000e+03,5.9751075816e-01
1.9660000000e+03,5.9002277050e-01
1.9760000000e+03,5.6330631792e-01
2.0010000000e+03,5.6107783335e-01
2.0380000000e+03,6.3333376409e-01
2.0800000000e+03,5.7631834768e-01
2.1190000000e+03,5.5187215403e-01
2.1480000000e+03,5.2684979025e-01
2.1640000000e+03,5.1948704695e-01
2.1640000000e+03,6.7223846358e-01
2.1500000000e+03,6.4881694396e-01
2.1250000000e+03,6.2900802283e-01
2.0960000000e+03,6.0568133345e-01
2.0760000000e+03,5.9350985006e-01
2.0720000000e+03,7.8091520522e-01
2.0850000000e+03,7.7676188645e-01
2.1080000000e+03,7.0845630939e-01
2.1320000000e+03,6.5235999697e-01
2.1520000000e+03,6.0125891703e-01
2.1660000000e+03,5.7400545930e-01
2.1740000000e+03,5.5318442640e-01
2.1760000000e+03,5.3885580249e-01
2.1720000000e+03,5.2499371418e-01
2.1610000000e+03,5.0782052159e-01
2.1480000000e+03,5.0406601391e-01
2.1340000000e+03,6.2785997474e-01
2.1240000000e+03,6.5095874914e-01
2.1190000000e+03,6.2355685973e-01
2.1180000000e+03,5.8931709994e-01
2.1180000000e+03,5.5834899083e-01
2.1180000000e+03,5.2842434871e-01
2.1170000000e+03,5.2338763195e-01
2.1130000000e+03,4.9815486520e-01
2.0990000000e+03,4.8088342634e-01
2.0690000000e+03,4.6293402571e-01
2.0230000000e+03,4.4932582261e-01
1.9720000000e+03,9.2547435423e-01
1.9350000000e+03,9.8991405062e-01
1.9220000000e+03,9.3790185682e-01
1.9340000000e+03,8.4335798337e-01
1.9630000000e+03,7.6243115476e-01
1.9970000000e+03,7.0565948019e-01
2.0260000000e+03,6.5144919577e-01
2.0470000000e+03,6.0232081331e-01
2.0580000000e+03,5.7138825724e-01
2.0570000000e+03,5.4389464299e-01
2.0450000000e+03,5.2502647389e-01
2.0260000000e+03,6.5122456337e-01
2.0090000000e+03,8.1747676613e-01
2.0020000000e+03,7.9328698182e-01
2.0070000000e+03,7.3284353827e-01
2.0190000000e+03,6.7218953458e-01
2.0300000000e+03,6.3281415238e-01
2.0410000000e+03,6.2056712571e-01
2.0500000000e+03,9.1560205393e-01
2.0540000000e+03,8.7172975417e-01
2.0480000000e+03,7.9234916931e-01
2.0290000000e+03,7.4128864749e-01
2.0040000000e+03,7.0389244794e-01
1.9860000000e+03,9.5992620057e-01
1.9880000000e+03,9.3837116890e-01
2.0110000000e+03,8.4726261179e-01
2.0450000000e+03,7.6822254389e-01
2.0820000000e+03,7.0341674437e-01
2.1160000000e+03,6.6371718976e-01
2.1450000000e+03,8.5239897301e-01
2.1680000000e+03,8.0585344089e-01
2.1810000000e+03,7.6158942516e-01
2.1810000000e+03,7.1304426166e-01
2.1690000000e+03,6.7310290808e-01
2.1530000000e+03,6.5278742122e-01
2.1410000000e+03,7.7463679765e-01
2.1420000000e+03,7.3872835306e-01
2.1550000000e+03,6.8691713982e-01
2.1740000000e+03,6.4539876153e-01
2.1890000000e+03,6.0982216258e-01
2.1910000000e+03,5.9057260148e-01
2.1770000000e+03,5.5221356660e-01
2.1430000000e+03,5.2103830558e-01
2.0880000000e+03,4.9178972739e-01
2.0190000000e+03,4.8467269275e-01
1.9520000000e+03,8.4814255797e-01
1.9070000000e+03,9.7944833007e-01
1.8930000000e+03,9.1963099993e-01
1.9070000000e+03,8.3177499350e-01
1.9370000000e+03,7.4369213184e-01
1.9700000000e+03,6.8179987273e-01
1.9960000000e+03,6.3684697210e-01
2.0070000000e+03,6.0996054504e-01
2.0020000000e+03,6.0240852565e-01
1.9860000000e+03,5.7954608144e-01
1.9640000000e+03,5.6726597691e-01
1.9460000000e+03,5.6012092341e-01
1.9370000000e+03,9.3183028562e-01
1.9400000000e+03,8.6291025689e-01
1.9540000000e+03,7.7897062611e-01
1.9710000000e+03,7.0477033771e-01
1.9870000000e+03,6.6135822929e-01
1.9950000000e+03,6.3799726569e-01
1.9940000000e+03,7.3328562820e-01
1.9820000000e+03,6.9918812901e-01
1.9560000000e+03,6.8920411844e-01
1.9190000000e+03,6.6279068602e-01
1.8780000000e+03,7.4314125115e-01
1.8480000000e+03,9.6523794847e-01
1.8410000000e+03,8.9876889777e-01
1.8600000000e+03,8.2866271659e-01
1.8960000000e+03,7.5870097598e-01
1.9360000000e+03,6.9175552411e-01
1.9710000000e+03,6.6279317207e-01
1.9970000000e+03,6.1676906165e-01
2.0160000000e+03,5.7284527652e-01
2.0270000000e+03,5.4435549178e-01
2.0320000000e+03,5.2989123883e-01
2.0320000000e+03,5.1589528448e-01
2.0320000000e+03,5.5480404051e-01
2.0330000000e+03,7.3649082147e-01
2.0350000000e+03,6.9913642842e-01
2.0360000000e+03,6.4151117938e-01
2.0390000000e+03,6.0501027905e-01
2.0410000000e+03,5.7349021301e-01
2.0410000000e+03,5.5410142721e-01
2.0330000000e+03,5.3719807419e-01
2.0100000000e+03,5.1351733353e-01
1.9680000000e+03,4.9977243243e-01
1.9130000000e+03,4.8468727159e-01
1.8590000000e+03,9.3026000595e-01
1.8240000000e+03,9.9056171815e-01
1.8160000000e+03,9.1339268206e-01
1.8300000000e+03,8.2911653723e-01
1.8570000000e+03,7.5473939099e-01
1.8860000000e+03,7.1011597754e-01
1.9120000000e+03,6.5205154471e-01
1.9320000000e+03,6.3087068502e-01
1.9430000000e+03,6.0301231656e-01
1.9390000000e+03,5.5594643083e-01
1.9230000000e+03,5.4713598543e-01
1.9020000000e+03,5.3532035106e-01
1.8850000000e+03,8.1120933904e-01
1.8790000000e+03,7.7249806576e-01
1.8830000000e+03,7.1561749474e-01
1.8920000000e+03,6.6443724377e-01
1.9000000000e+03,6.1888944696e-01
1.8990000000e+03,5.8815381601e-01
1.8860000000e+03,5.5891666165e-01
1.8590000000e+03,5.1658283830e-01
1.8220000000e+03,4.9155246927e-01
1.7840000000e+03,4.8717459396e-01
1.7550000000e+03,9.3059662842e-01
1.7490000000e+03,9.9060727505e-01
1.7660000000e+03,9.0392966404e-01
1.8030000000e+03,8.2209176257e-01
1.8450000000e+03,7.5121485853e-01
1.8820000000e+03,6.9709035850e-01
1.9080000000e+03,6.5375267853e-01
1.9220000000e+03,6.3094786822e-01
1.9270000000e+03,5.8477037514e-01
1.9260000000e+03,5.6212842180e-01
1.9230000000e+03,5.5462430622e-01
1.9220000000e+03,5.3064815492e-01
1.9250000000e+03,6.5391059163e-01
1.9340000000e+03,6.3537719133e-01
1.9460000000e+03,5.9819158899e-01
1.9570000000e+03,5.6399395201e-01
1.9640000000e+03,5.3218738156e-01
1.9630000000e+03,5.0574779716e-01
1.9530000000e+03,4.8771283554e-01
1.9320000000e+03,4.7087026511e-01
1.8950000000e+03,4.7038983309e-01
1.8440000000e+03,4.3724600381e-01
1.7870000000e+03,5.8519622108e-01
1.7410000000e+03,9.4386241309e-01
1.7250000000e+03,9.3490143668e-01
1.7410000000e+03,8.5685708415e-01
1.7790000000e+03,7.6607705933e-01
1.8200000000e+03,6.9082420764e-01
1.8500000000e+03,6.2613085172e-01
1.8640000000e+03,5.8830147404e-01
1.8600000000e+03,5.5691243226e-01
1.8420000000e+03,5.3453562565e-01
1.8160000000e+03,5.1229421677e-01
1.7890000000e+03,5.0259339952e-01
1.7680000000e+03,9.3268333684e-01
1.7580000000e+03,9.3137460492e-01
1.7590000000e+03,8.3466746683e-01
1.7630000000e+03,7.5626554018e-01
1.7640000000e+03,6.9073062930e-01
1.7600000000e+03,6.3404743925e-01
1.7490000000e+03,6.2150553422e-01
1.7320000000e+03,5.9390787772e-01
1.7100000000e+03,5.7525954888e-01
1.6870000000e+03,5.5624935159e-01
1.6730000000e+03,5.4121746461e-01
1.6780000000e+03,9.3791053563e-01
1.7090000000e+03,9.9159710475e-01
1.7590000000e+03,8.9123962632e-01
1.8150000000e+03,8.0256864839e-01
1.8650000000e+03,7.2889351502e-01
1.9020000000e+03,6.6928446109e-01
1.9290000000e+03,6.2503329320e-01
1.9460000000e+03,5.7848278128e-01
1.9560000000e+03,5.5150372059e-01
1.9550000000e+03,5.1945247210e-01
1.9440000000e+03,5.0123592691e-01
1.9280000000e+03,4.8587691481e-01
1.9190000000e+03,9.3042100665e-01
1.9240000000e+03,8.6933076284e-01
1.9420000000e+03,7.9216700774e-01
1.9710000000e+03,7.4138167544e-01
2.0050000000e+03,6.9849249755e-01
2.0440000000e+03,6.6834949182e-01
2.0800000000e+03,6.3214674017e-01
2.1010000000e+03,5.8427963169e-01
2.0960000000e+03,5.5324601280e-01
2.0640000000e+03,5.3105091959e-01
2.0180000000e+03,5.5789548483e-01
1.9800000000e+03,9.4016766022e-01
1.9730000000e+03,9.0506490979e-01
2.0030000000e+03,8.1947931386e-01
2.0620000000e+03,7.4018877914e-01
2.1290000000e+03,6.7897029640e-01
2.1870000000e+03,6.1910546536e-01
2.2310000000e+03,5.8111059711e-01
2.2330000000e+03,5.5607330060e-01
2.2330000000e+03,5.3078729119e-01
2.2330000000e+03,4.9185693460e-01
2.2330000000e+03,4.6801304493e-01
2.2330000000e+03,9.1181056233e-01
2.2330000000e+03,9.0405216964e-01
2.2330000000e+03,8.1711865369e-01
2.2330000000e+03,7.4145126551e-01
2.2330000000e+03,7.0039520621e-01
2.2330000000e+03,6.5798726766e-01
2.2330000000e+03,8.1439731053e-01
2.2330000000e+03,7.9433045744e-01
2.2240000000e+03,7.3215123389e-01
2.1740000000e+03,6.8301633546e-01
2.1130000000e+03,6.7755736545e-01
2.0590000000e+03,9.5636213473e-01
2.0300000000e+03,9.4849373961e-01
2.0310000000e+03,8.5911055708e-01
2.0520000000e+03,7.7782412915e-01
2.0800000000e+03,7.0924081191e-01
2.1000000000e+03,6.5380254263e-01
2.1070000000e+03,6.0798428172e-01
2.0980000000e+03,5.8255192117e-01
2.0730000000e+03,5.6256432230e-01
2.0330000000e+03,5.3400670043e-01
1.9860000000e+03,5.0626229029e-01
1.9450000000e+03,5.3001248874e-01
1.9220000000e+03,9.3187264663e-01
1.9190000000e+03,8.6093742989e-01
1.9300000000e+03,7.7329621268e-01
1.9430000000e+03,7.1205916515e-01
1.9500000000e+03,6.7456851109e-01
1.9490000000e+03,6.4143179893e-01
1.9370000000e+03,5.9819491734e-01
1.9120000000e+03,5.5551380162e-01
1.8670000000e+03,5.3155196665e-01
1.8030000000e+03,5.0356878404e-01
1.7320000000e+03,8.0652685718e-01
1.6710000000e+03,9.7381625742e-01
1.6360000000e+03,9.1342339395e-01
1.6290000000e+03,8.1664962582e-01
1.6390000000e+03,7.3255593714e-01
1.6510000000e+03,6.7295840059e-01
1.6540000000e+03,6.1097494507e-01
1.6430000000e+03,5.6556140799e-01
1.6210000000e+03,5.3359092226e-01
1.5970000000e+03,4.9341698511e-01
1.5760000000e+03,4.5644565083e-01
1.5620000000e+03,4.3345800921e-01
1.5550000000e+03,9.2332687921e-01
1.5510000000e+03,8.8596097661e-01
1.5500000000e+03,7.9710897326e-01
1.5500000000e+03,7.1697956681e-01
1.5500000000e+03,6.5384262202e-01
1.5500000000e+03,6.5324769074e-01
1.5500000000e+03,7.8684899166e-01
1.5510000000e+03,7.0674546209e-01
1.5540000000e+03,6.3376946935e-01
1.5610000000e+03,5.7750753751e-01
1.5760000000e+03,5.3356377822e-01
1.5980000000e+03,8.8920766471e-01
1.6240000000e+03,8.5707116543e-01
1.6480000000e+03,7.6500667106e-01
1.6630000000e+03,6.9505914623e-01
1.6680000000e+03,6.4336769878e-01
1.6650000000e+03,5.9605629565e-01
1.6560000000e+03,5.4316949955e-01
1.6450000000e+03,5.0287378605e-01
1.6340000000e+03,4.7265219355e-01
1.6230000000e+03,4.3870873160e-01
1.6130000000e+03,4.3242577045e-01
1.6050000000e+03,4.2030199109e-01
1.5970000000e+03,3.9810919244e-01
1.5910000000e+03,3.6709278277e-01
1.5850000000e+03,3.4451935013e-01
1.5800000000e+03,3.2709375726e-01
1.5760000000e+03,3.0430138695e-01
1.5750000000e+03,2.8077619990e-01
1.5780000000e+03,2.6222215314e-01
1.5930000000e+03,2.4866617578e-01
1.6260000000e+03,2.2541468996e-01
1.6820000000e+03,2.1201222279e-01
1.7580000000e+03,7.6885642148e-01
1.8380000000e+03,9.6871811833e-01
1.9020000000e+03,8.7803980870e-01
1.9350000000e+03,7.8911979885e-01
1.9370000000e+03,7.1213496647e-01
1.9180000000e+03,6.4509197460e-01
1.8890000000e+03,5.9401113238e-01
1.8580000000e+03,5.4265593755e-01
1.8300000000e+03,4.9139666856e-01
1.8050000000e+03,4.7406783278e-01
1.7830000000e+03,4.4742480063e-01
1.7620000000e+03,4.1636242430e-01
1.7410000000e+03,3.9157277145e-01
1.7190000000e+03,3.6711192503e-01
1.6970000000e+03,3.4107159974e-01
1.6760000000e+03,3.2615738409e-01
1.6580000000e+03,3.0266555817e-01
1.6440000000e+03,2.8133030180e-01
1.6360000000e+03,2.6128240932e-01
1.6340000000e+03,2.3870446992e-01
1.6390000000e+03,2.2248111159e-01
1.6490000000e+03,2.1096291040e-01
1.6640000000e+03,4.0388861337e-01
1.6800000000e+03,9.1932509665e-01
1.6940000000e+03,8.6355089157e-01
1.7030000000e+03,7.7264455189e-01
1.7050000000e+03,6.9501151019e-01
1.7020000000e+03,6.4089564864e-01
1.6950000000e+03,5.8774782546e-01
1.6870000000e+03,5.4545166909e-01
1.6770000000e+03,4.9940632875e-01
1.6680000000e+03,4.6637332005e-01
1.6590000000e+03,4.2513048130e-01
1.6490000000e+03,4.0155167692e-01
1.6400000000e+03,3.7424935997e-01
1.6310000000e+03,3.5087684294e-01
1.6230000000e+03,3.2959221588e-01
1.6160000000e+03,3.1704221799e-01
1.6100000000e+03,2.9384483911e-01
1.6050000000e+03,2.8681367224e-01
1.6020000000e+03,2.6587431553e-01
1.6040000000e+03,2.6153378077e-01
1.6150000000e+03,2.4263010833e-01
1.6420000000e+03,2.2753207117e-01
1.6870000000e+03,2.2543276711e-01
1.7450000000e+03,8.1786922445e-01
1.8020000000e+03,9.2372691256e-01
1.8450000000e+03,8.2779199624e-01
1.8670000000e+03,7.4136742411e-01
1.8700000000e+03,6.7147547281e-01
1.8620000000e+03,6.1806896974e-01
1.8490000000e+03,5.6778109627e-01
1.8360000000e+03,5.3149478697e-01
1.8270000000e+03,4.8864459836e-01
1.8230000000e+03,4.5478511157e-01
1.8270000000e+03,4.2761481020e-01
1.8380000000e+03,4.7426894032e-01
1.8540000000e+03,8.9591435994e-01
1.8680000000e+03,8.1775370084e-01
1.8780000000e+03,7.4059624573e-01
1.8800000000e+03,6.8471813871e-01
1.8760000000e+03,6.3178105155e-01
1.8660000000e+03,5.8536059138e-01
1.8540000000e+03,5.5397667414e-01
1.8410000000e+03,5.1783836516e-01
1.8280000000e+03,4.8074327109e-01
1.8190000000e+03,4.5098690970e-01
1.8180000000e+03,4.7188603294e-01
1.8270000000e+03,9.2852754669e-01
1.8430000000e+03,8.4506408198e-01
1.8600000000e+03,7.6128651696e-01
1.8720000000e+03,7.0364465484e-01
1.8780000000e+03,6.5104425410e-01
1.8810000000e+03,6.3890094369e-01
1.8840000000e+03,6.1969695109e-01
1.8880000000e+03,5.9359162636e-01
1.8940000000e+03,5.7831799605e-01
1.9010000000e+03,5.4057772401e-01
1.9100000000e+03,5.2544817767e-01
1.9210000000e+03,5.0997690428e-01
1.9350000000e+03,5.8595909373e-01
1.9500000000e+03,5.5689722249e-01
1.9620000000e+03,5.3371797333e-01
1.9670000000e+03,5.0883668183e-01
1.9650000000e+03,5.0646509942e-01
1.9580000000e+03,5.7549887039e-01
1.9490000000e+03,5.5660872127e-01
1.9400000000e+03,5.4392640597e-01
1.9340000000e+03,5.1443861717e-01
1.9320000000e+03,5.3691936744e-01
1.9330000000e+03,6.1100733819e-01
1.9310000000e+03,5.8628884957e-01
1.9220000000e+03,5.5081711709e-01
1.9040000000e+03,5.1292995208e-01
1.8830000000e+03,4.9105579925e-01
1.8670000000e+03,8.1748530388e-01
1.8590000000e+03,7.9801077612e-01
1.8560000000e+03,7.4292336794e-01
1.8510000000e+03,6.8931822101e-01
1.8420000000e+03,6.4167954785e-01
1.8290000000e+03,6.2091196257e-01
1.8200000000e+03,8.3431419851e-01
1.8170000000e+03,8.2356981246e-01
1.8170000000e+03,7.5846322993e-01
1.8140000000e+03,7.0934900619e-01
1.8040000000e+03,6.7556943096e-01
1.7890000000e+03,6.5794035719e-01
1.7710000000e+03,6.1419050708e-01
1.7550000000e+03,5.6878997352e-01
1.7390000000e+03,5.2840377489e-01
1.7250000000e+03,4.9749899599e-01
1.7130000000e+03,4.7949610528e-01
1.7020000000e+03,6.6383128879e-01
1.6930000000e+03,6.6667957668e-01
1.6850000000e+03,6.0778741160e-01
1.6770000000e+03,5.5097448835e-01
1.6680000000e+03,5.0864873178e-01
1.6580000000e+03,4.7359740243e-01
1.6490000000e+03,4.3934693354e-01
1.6390000000e+03,4.0873808887e-01
1.6310000000e+03,3.8288354466e-01
1.6240000000e+03,3.7078592712e-01
1.6180000000e+03,3.4798160921e-01
1.6130000000e+03,3.3391516045e-01
1.6100000000e+03,3.1385536264e-01
1.6080000000e+03,2.9862449598e-01
1.6070000000e+03,2.8839225050e-01
1.6070000000e+03,2.7403947057e-01
1.6080000000e+03,2.6348028874e-01
1.6100000000e+03,2.5064822825e-01
1.6150000000e+03,2.3724220654e-01
1.6270000000e+03,2.2784141853e-01
1.6540000000e+03,2.1370581660e-01
1.7010000000e+03,2.3718463701e-01
1.7720000000e+03,7.3735996217e-01
1.8590000000e+03,9.6445553609e-01
1.9480000000e+03,8.8159677040e-01
2.0240000000e+03,7.8936906887e-01
2.0790000000e+03,7.1373145356e-01
2.1170000000e+03,6.5283144039e-01
2.1420000000e+03,6.1310934931e-01
2.1550000000e+03,5.6878491497e-01
2.1580000000e+03,5.2947812842e-01
2.1490000000e+03,5.0709644304e-01
2.1280000000e+03,4.8224106706e-01
2.0990000000e+03,4.7190079842e-01
2.0660000000e+03,9.2476438391e-01
2.0380000000e+03,8.8457941921e-01
2.0160000000e+03,8.0487297259e-01
1.9980000000e+03,7.4078075207e-01
1.9800000000e+03,6.7707428590e-01
1.9580000000e+03,6.4253844560e-01
1.9330000000e+03,6.1758286919e-01
1.9070000000e+03,6.1380528977e-01
1.8850000000e+03,6.1074802398e-01
1.8680000000e+03,8.7684717121e-01
1.8580000000e+03,8.0737081605e-01
1.8540000000e+03,8.7176084550e-01
1.8580000000e+03,8.2124234891e-01
1.8680000000e+03,7.4158162558e-01
1.8810000000e+03,6.8184074315e-01
1.8950000000e+03,6.3792029445e-01
1.9090000000e+03,6.0499128461e-01
1.9240000000e+03,5.7158432062e-01
1.9390000000e+03,5.4087479321e-01
1.9540000000e+03,5.1218811593e-01
1.9710000000e+03,5.1017442339e-01
1.9900000000e+03,4.9094472793e-01
2.0130000000e+03,6.7136721496e-01
2.0400000000e+03,7.7100795441e-01
2.0640000000e+03,7.0945937722e-01
2.0800000000e+03,6.6163869241e-01
2.0830000000e+03,6.2662776092e-01
2.0730000000e+03,5.9238560536e-01
2.0570000000e+03,5.6014952065e-01
2.0410000000e+03,5.3698572547e-01
2.0280000000e+03,5.2366421147e-01
2.0200000000e+03,5.2063030840e-01
2.0180000000e+03,5.1042645552e-01
2.0220000000e+03,5.1019636188e-01
2.0280000000e+03,8.1282032390e-01
2.0330000000e+03,7.4298942079e-01
2.0340000000e+03,6.9466545203e-01
2.0290000000e+03,6.4928211742e-01
2.0180000000e+03,6.0926427852e-01
2.0040000000e+03,5.7493118777e-01
1.9880000000e+03,5.5238620642e-01
1.9740000000e+03,5.4220849481e-01
1.9640000000e+03,5.2278138210e-01
1.9620000000e+03,4.9353104575e-01
1.9670000000e+03,4.8414128421e-01
1.9760000000e+03,8.9115105647e-01
1.9820000000e+03,8.2541957793e-01
1.9800000000e+03,7.5581238588e-01
1.9700000000e+03,7.0028468552e-01
1.9520000000e+03,6.5676022489e-01
1.9270000000e+03,6.2014080105e-01
1.8970000000e+03,5.9415827521e-01
1.8630000000e+03,5.8273589379e-01
1.8340000000e+03,9.4352944400e-01
1.8150000000e+03,8.8193516324e-01
1.8090000000e+03,8.0299892251e-01
1.8160000000e+03,7.7961200812e-01
1.8330000000e+03,9.3525875401e-01
1.8560000000e+03,8.4015453822e-01
1.8790000000e+03,7.6405126616e-01
1.9000000000e+03,7.0615224451e-01
1.9180000000e+03,6.5740311881e-01
1.9350000000e+03,6.1328689109e-01
1.9500000000e+03,5.8653885980e-01
1.9590000000e+03,5.6244933499e-01
1.9610000000e+03,5.2984095582e-01
1.9550000000e+03,5.0956310122e-01
1.9470000000e+03,6.4773920392e-01
1.9440000000e+03,9.4053687544e-01
1.9520000000e+03,8.6837662309e-01
1.9710000000e+03,8.0144850910e-01
1.9960000000e+03,7.4805982512e-01
2.0180000000e+03,7.0779388042e-01
2.0300000000e+03,6.8273254779e-01
2.0320000000e+03,6.4860381343e-01
2.0250000000e+03,6.1517944463e-01
2.0110000000e+03,5.8057280677e-01
1.9930000000e+03,5.5281586265e-01
1.9740000000e+03,5.4034586149e-01
1.9580000000e+03,8.2463281990e-01
1.9470000000e+03,7.6129011316e-01
1.9380000000e+03,6.9632526157e-01
1.9280000000e+03,6.4986093009e-01
1.9150000000e+03,6.0235781813e-01
1.8990000000e+03,5.6688002022e-01
1.8810000000e+03,5.4817114153e-01
1.8650000000e+03,5.0968190254e-01
1.8530000000e+03,4.7971186112e-01
1.8470000000e+03,4.5624669918e-01
1.8470000000e+03,4.5245534548e-01
1.8480000000e+03,6.6255522873e-01
1.8470000000e+03,6.1134414839e-01
1.8380000000e+03,5.5602170017e-01
1.8210000000e+03,5.1775351553e-01
1.7950000000e+03,4.8624338652e-01
1.7650000000e+03,4.5179625626e-01
1.7350000000e+03,4.1345206215e-01
1.7090000000e+03,3.9623241807e-01
1.6940000000e+03,5.1930779843e-01
1.6940000000e+03,5.7187917188e-01
1.7110000000e+03,9.4206014647e-01
1.7380000000e+03,9.1120049097e-01
1.7660000000e+03,8.3010465341e-01
1.7870000000e+03,7.4971103781e-01
1.7970000000e+03,6.8716742661e-01
1.7970000000e+03,6.4016376963e-01
1.7890000000e+03,6.0419053622e-01
1.7780000000e+03,5.7079060733e-01
1.7670000000e+03,5.3111373177e-01
1.7600000000e+03,5.0556705188e-01
1.7600000000e+03,4.9118084154e-01
1.7720000000e+03,4.8367904286e-01
1.7950000000e+03,9.2795087025e-01
1.8230000000e+03,8.5680523696e-01
1.8510000000e+03,7.7558330318e-01
1.8730000000e+03,7.2748392597e-01
1.8880000000e+03,6.7571469617e-01
1.9000000000e+03,6.3084832395e-01
1.9100000000e+03,6.0309883290e-01
1.9200000000e+03,5.7173870236e-01
1.9290000000e+03,5.3817263594e-01
1.9370000000e+03,5.1814277523e-01
1.9440000000e+03,5.0114903493e-01
1.9520000000e+03,8.0974068941e-01
1.9630000000e+03,9.6035607002e-01
1.9750000000e+03,8.6529262913e-01
1.9870000000e+03,7.8652871640e-01
1.9980000000e+03,7.3959318650e-01
2.0080000000e+03,7.0240405119e-01
2.0210000000e+03,6.5794502010e-01
2.0370000000e+03,6.2951817343e-01
2.0540000000e+03,6.0622597372e-01
2.0660000000e+03,5.8681387757e-01
2.0700000000e+03,5.5659679930e-01
2.0700000000e+03,7.3126173439e-01
2.0690000000e+03,7.1459723723e-01
2.0710000000e+03,6.5587516359e-01
2.0740000000e+03,6.1710154421e-01
2.0760000000e+03,5.7896158530e-01
2.0710000000e+03,5.6046040075e-01
2.0560000000e+03,5.3978805387e-01
2.0280000000e+03,5.1933267826e-01
1.9890000000e+03,5.0533827501e-01
1.9480000000e+03,4.8086267010e-01
1.9160000000e+03,8.2327120874e-01
1.9000000000e+03,8.0203712513e-01
1.8980000000e+03,7.6963087053e-01
1.9050000000e+03,7.0757163548e-01
1.9110000000e+03,6.7919860818e-01
1.9110000000e+03,6.2989952823e-01
1.9040000000e+03,5.9138949754e-01
1.8930000000e+03,5.5823895786e-01
1.8820000000e+03,5.2748959862e-01
1.8730000000e+03,4.9143490894e-01
1.8650000000e+03,4.7384943336e-01
1.8580000000e+03,4.5195111153e-01
1.8490000000e+03,4.4325102709e-01
1.8380000000e+03,4.3763116728e-01
1.8260000000e+03,4.2870497404e-01
1.8170000000e+03,4.7828620639e-01
1.8110000000e+03,4.6430901575e-01
1.8070000000e+03,4.3753909402e-01
1.8020000000e+03,4.2965492282e-01
1.7940000000e+03,4.1161316212e-01
1.7840000000e+03,4.0130211388e-01
1.7720000000e+03,3.8135276551e-01
1.7560000000e+03,3.7045686901e-01
1.7380000000e+03,3.7852222541e-01
1.7190000000e+03,3.7729810731e-01
1.6990000000e+03,3.6331318313e-01
1.6820000000e+03,3.5218918525e-01
1.6690000000e+03,3.4233215210e-01
1.6590000000e+03,3.3508570497e-01
1.6520000000e+03,3.3098744382e-01
1.6460000000e+03,3.1817364293e-01
1.6410000000e+03,3.1290673075e-01
1.6360000000e+03,3.1038340701e-01
1.6310000000e+03,3.0436278991e-01
1.6240000000e+03,3.0255797131e-01
1.6180000000e+03,3.0190316383e-01
1.6120000000e+03,2.9089853281e-01
1.6060000000e+03,3.0120275002e-01
1.6000000000e+03,2.8115929014e-01
1.5960000000e+03,2.6935363374e-01
1.5930000000e+03,2.6264534822e-01
1.5890000000e+03,2.4572370123e-01
1.5860000000e+03,2.3193168284e-01
1.5810000000e+03,2.3103175073e-01
1.5770000000e+03,2.3242420901e-01
1.5740000000e+03,2.3019844641e-01
1.5740000000e+03,8.9581868871e-01
1.5750000000e+03,8.8755488479e-01
1.5740000000e+03,8.0407690435e-01
1.5710000000e+03,7.2598030468e-01
1.5650000000e+03,6.6883494131e-01
1.5590000000e+03,6.1043286707e-01
1.5540000000e+03,5.5866974032e-01
1.5520000000e+03,5.1503929290e-01
1.5520000000e+03,4.7954745537e-01
1.5560000000e+03,4.5355000254e-01
1.5650000000e+03,4.4054502960e-01
1.5820000000e+03,8.4232053279e-01
1.6070000000e+03,8.9559850777e-01
1.6360000000e+03,8.3035890939e-01
1.6630000000e+03,7.5587284860e-01
1.6800000000e+03,6.8197899866e-01
1.6820000000e+03,6.2691038486e-01
1.6690000000e+03,5.8965856262e-01
1.6470000000e+03,5.6272945340e-01
1.6210000000e+03,5.1740601534e-01
1.5960000000e+03,4.8285735764e-01
1.5760000000e+03,4.4381195623e-01
1.5630000000e+03,9.0740543521e-01
1.5550000000e+03,9.8746868835e-01
1.5520000000e+03,9.2530712989e-01
1.5500000000e+03,8.3224193438e-01
1.5500000000e+03,7.5185467376e-01
1.5500000000e+03,6.8322599674e-01
1.5500000000e+03,6.2366752191e-01
1.5500000000e+03,5.7034828430e-01
1.5500000000e+03,5.2120140890e-01
1.5500000000e+03,4.8191108310e-01
1.5500000000e+03,4.6272828623e-01
1.5500000000e+03,4.4910458464e-01
1.5500000000e+03,9.2544441293e-01
1.5500000000e+03,8.6261985989e-01
1.5500000000e+03,7.8217478284e-01
1.5500000000e+03,7.0526657252e-01
1.5500000000e+03,6.4175787570e-01
1.5500000000e+03,5.8261107572e-01
1.5500000000e+03,5.5653358547e-01
1.5510000000e+03,5.0457508532e-01
1.5530000000e+03,4.7875886512e-01
1.5580000000e+03,4.5631976509e-01
1.5690000000e+03,4.4925396483e-01
1.5880000000e+03,9.2546462934e-01
1.6130000000e+03,9.1155322429e-01
1.6400000000e+03,8.2889538538e-01
1.6630000000e+03,7.4801620550e-01
1.6760000000e+03,6.7895442759e-01
1.6800000000e+03,6.1222057239e-01
1.6750000000e+03,6.2907722272e-01
1.6650000000e+03,5.7729735831e-01
1.6530000000e+03,5.2807627304e-01
1.6440000000e+03,4.8428636443e-01
1.6400000000e+03,4.6141876782e-01
1.6410000000e+03,8.6771581573e-01
1.6450000000e+03,9.0688596263e-01
1.6470000000e+03,8.2934800781e-01
1.6420000000e+03,7.5430018178e-01
1.6260000000e+03,6.8690940958e-01
1.6040000000e+03,6.3050956558e-01
1.5820000000e+03,5.8062990118e-01
1.5650000000e+03,5.3401892088e-01
1.5560000000e+03,4.8747346541e-01
1.5520000000e+03,4.5547971120e-01
1.5500000000e+03,4.2550341771e-01
1.5500000000e+03,9.2225034232e-01
1.5500000000e+03,9.8947772806e-01
1.5500000000e+03,9.1124578243e-01
1.5500000000e+03,8.1684967806e-01
1.5500000000e+03,7.3577031245e-01
1.5500000000e+03,6.6461892123e-01
1.5500000000e+03,6.2025829373e-01
1.5500000000e+03,5.7342067019e-01
1.5500000000e+03,5.2777552286e-01
1.5500000000e+03,4.9726331354e-01
1.5500000000e+03,4.4788630787e-01
1.5500000000e+03,5.4462463348e-01
1.5500000000e+03,9.3837164579e-01
1.5500000000e+03,8.5558824256e-01
1.5500000000e+03,7.6747329259e-01
1.5500000000e+03,6.9344177974e-01
1.5500000000e+03,6.4549658442e-01
1.5500000000e+03,7.9931673963e-01
1.5500000000e+03,7.6938372153e-01
1.5500000000e+03,6.8894188028e-01
1.5500000000e+03,6.2339059747e-01
1.5500000000e+03,5.7697770731e-01
1.5500000000e+03,9.4275015820e-01
1.5510000000e+03,9.9225207645e-01
1.5530000000e+03,9.3545365716e-01
1.5560000000e+03,8.4081882617e-01
1.5600000000e+03,7.6473774077e-01
1.5630000000e+03,7.0087207948e-01
1.5640000000e+03,6.4599618079e-01
1.5630000000e+03,5.9187523193e-01
1.5590000000e+03,5.4361279653e-01
1.5560000000e+03,5.0222138425e-01
1.5560000000e+03,4.6890859651e-01
1.5620000000e+03,4.4286949989e-01
1.5770000000e+03,9.2460058597e-01
1.6010000000e+03,9.1092562735e-01
1.6310000000e+03,8.1676095061e-01
1.6570000000e+03,7.4183811228e-01
1.6700000000e+03,6.7957062043e-01
1.6640000000e+03,6.2274165653e-01
1.6430000000e+03,5.6400324033e-01
1.6160000000e+03,5.0906461982e-01
1.5910000000e+03,4.7220231405e-01
1.5740000000e+03,4.3528778784e-01
1.5710000000e+03,4.2831506872e-01
1.5810000000e+03,9.2263085790e-01
1.6060000000e+03,9.8794422549e-01
1.6420000000e+03,8.9409530613e-01
1.6810000000e+03,8.0676857622e-01
1.7140000000e+03,7.2133583242e-01
1.7350000000e+03,6.5109824332e-01
1.7430000000e+03,5.9666046877e-01
1.7370000000e+03,5.4317851314e-01
1.7220000000e+03,4.9641858762e-01
1.6980000000e+03,4.5543780201e-01
1.6700000000e+03,4.3211036453e-01
1.6420000000e+03,9.2314449534e-01
1.6180000000e+03,9.8959873851e-01
1.6000000000e+03,8.9574796629e-01
1.5870000000e+03,8.0299286276e-01
1.5800000000e+03,7.2270002778e-01
1.5780000000e+03,6.6215001811e-01
1.5790000000e+03,6.3622830792e-01
1.5790000000e+03,6.5177129034e-01
1.5760000000e+03,5.9442043117e-01
1.5720000000e+03,5.4738444563e-01
1.5720000000e+03,5.0753168302e-01
1.5820000000e+03,8.6126263457e-01
1.5990000000e+03,9.8122393935e-01
1.6190000000e+03,9.0562181734e-01
1.6330000000e+03,8.1387431080e-01
1.6350000000e+03,7.3531576753e-01
1.6240000000e+03,6.6006681851e-01
1.6060000000e+03,6.1501727673e-01
1.5870000000e+03,5.6501401546e-01
1.5720000000e+03,5.3882216613e-01
1.5640000000e+03,5.1533471748e-01
1.5630000000e+03,4.7986448120e-01
1.5680000000e+03,4.7792657480e-01
1.5800000000e+03,9.2934504513e-01
1.5960000000e+03,8.8814390732e-01
1.6120000000e+03,8.0223064312e-01
1.6200000000e+03,7.3044579929e-01
1.6180000000e+03,6.6964414363e-01
1.6050000000e+03,6.1768551808e-01
1.5870000000e+03,5.6429595760e-01
1.5710000000e+03,5.2442817558e-01
1.5590000000e+03,4.8695130701e-01
1.5530000000e+03,4.4411749728e-01
1.5510000000e+03,8.1370631116e-01
1.5500000000e+03,9.7478789086e-01
1.5500000000e+03,9.4481100839e-01
1.5500000000e+03,8.4966227935e-01
1.5500000000e+03,7.5992468278e-01
1.5500000000e+03,6.8475798661e-01
1.5500000000e+03,6.1739604162e-01
1.5500000000e+03,5.7273943242e-01
1.5500000000e+03,5.2049666698e-01
1.5500000000e+03,5.0745548576e-01
1.5500000000e+03,4.7889294690e-01
1.5500000000e+03,4.6280500420e-01
1.5500000000e+03,8.3486862401e-01
1.5500000000e+03,8.2844328214e-01
1.5500000000e+03,7.5814224753e-01
1.5500000000e+03,6.7681357744e-01
1.5500000000e+03,6.1647752973e-01
1.5500000000e+03,5.8591649209e-01
1.5500000000e+03,9.2374011124e-01
1.5500000000e+03,8.3916373257e-01
1.5510000000e+03,7.4853661851e-01
1.5520000000e+03,6.8022896436e-01
1.5560000000e+03,6.7253527369e-01
1.5620000000e+03,9.5568246851e-01
1.5690000000e+03,9.5388542206e-01
1.5730000000e+03,8.5786733738e-01
1.5730000000e+03,7.7118276065e-01
1.5680000000e+03,7.0312814361e-01
1.5610000000e+03,6.5030830384e-01
1.5570000000e+03,5.9843617558e-01
1.5600000000e+03,5.4682805101e-01
1.5740000000e+03,5.0511279523e-01
1.6060000000e+03,4.6115019634e-01
1.6580000000e+03,4.3864395141e-01
1.7240000000e+03,9.2402872017e-01
1.7880000000e+03,9.6043531993e-01
1.8340000000e+03,8.7245721661e-01
1.8530000000e+03,7.8489947463e-01
1.8470000000e+03,7.1333349743e-01
1.8250000000e+03,6.5914617418e-01
1.7930000000e+03,6.0470320942e-01
1.7590000000e+03,5.5985213431e-01
1.7230000000e+03,5.1534861695e-01
1.6850000000e+03,4.7047038520e-01
1.6480000000e+03,4.3526837808e-01
1.6160000000e+03,9.1172277034e-01
1.5980000000e+03,9.8805297612e-01
1.5990000000e+03,9.2482209427e-01
1.6160000000e+03,8.3013487825e-01
1.6410000000e+03,7.4694948581e-01
1.6650000000e+03,6.7056879376e-01
1.6790000000e+03,6.0679492464e-01
1.6840000000e+03,5.6044338789e-01
1.6770000000e+03,5.2680056570e-01
1.6610000000e+03,5.1135048525e-01
1.6360000000e+03,4.6778546412e-01
1.6090000000e+03,4.4590456546e-01
1.5850000000e+03,9.2501133743e-01
1.5670000000e+03,9.0614542736e-01
1.5570000000e+03,8.1435261748e-01
1.5520000000e+03,7.2868076763e-01
1.5500000000e+03,6.6733161380e-01
1.5500000000e+03,5.9985656551e-01
1.5500000000e+03,5.7162056709e-01
1.5500000000e+03,5.9693666405e-01
1.5510000000e+03,5.7592180811e-01
1.5550000000e+03,5.3141194724e-01
1.5620000000e+03,5.8849316138e-01
1.5750000000e+03,9.4430860544e-01
1.5910000000e+03,9.2024768197e-01
1.6070000000e+03,8.2859859317e-01
1.6160000000e+03,7.4951638203e-01
1.6160000000e+03,6.8482914907e-01
1.6090000000e+03,6.4309010420e-01
1.5990000000e+03,7.1577009643e-01
1.5910000000e+03,6.5625434105e-01
1.5900000000e+03,5.8892099542e-01
1.6050000000e+03,5.3325198072e-01
1.6450000000e+03,4.9560287825e-01
1.7090000000e+03,9.1039056248e-01
1.7840000000e+03,9.8787268139e-01
1.8480000000e+03,8.8917247245e-01
1.8870000000e+03,8.0133630343e-01
1.8950000000e+03,7.3450538855e-01
1.8790000000e+03,7.0480030703e-01
1.8490000000e+03,6.4660672966e-01
1.8110000000e+03,5.8634855783e-01
1.7660000000e+03,5.3713277771e-01
1.7180000000e+03,5.1063628156e-01
1.6700000000e+03,4.8812995681e-01
1.6320000000e+03,9.3072592272e-01
1.6120000000e+03,9.9062477313e-01
1.6150000000e+03,9.1468843628e-01
1.6320000000e+03,8.1976436191e-01
1.6530000000e+03,7.3541206974e-01
1.6680000000e+03,6.6239617691e-01
1.6700000000e+03,5.9836136064e-01
1.6610000000e+03,5.4317637237e-01
1.6440000000e+03,5.1073803148e-01
1.6240000000e+03,4.8127897656e-01
1.6040000000e+03,4.6384232229e-01
1.5860000000e+03,7.4188604481e-01
1.5710000000e+03,9.6506807477e-01
1.5600000000e+03,9.1447991204e-01
1.5540000000e+03,8.3474479995e-01
1.5510000000e+03,7.4785430981e-01
1.5500000000e+03,6.7527021015e-01
1.5500000000e+03,6.7128339375e-01
1.5500000000e+03,6.6547900535e-01
1.5500000000e+03,5.9853945680e-01
1.5500000000e+03,5.4611530883e-01
1.5500000000e+03,5.0625355669e-01
1.5500000000e+03,6.1069232784e-01
1.5500000000e+03,9.4731293592e-01
1.5500000000e+03,9.2063521848e-01
1.5500000000e+03,8.3716160517e-01
1.5500000000e+03,7.6325482981e-01
1.5500000000e+03,6.8952070977e-01
1.5500000000e+03,6.3274288808e-01
1.5500000000e+03,5.8910322955e-01
1.5510000000e+03,5.4179440742e-01
1.5560000000e+03,5.1556089781e-01
1.5690000000e+03,4.7629027931e-01
1.5980000000e+03,4.5217509399e-01
1.6470000000e+03,9.2585996118e-01
1.7120000000e+03,9.8440726395e-01
1.7790000000e+03,8.9419819855e-01
1.8290000000e+03,8.0545761069e-01
1.8490000000e+03,7.3627167070e-01
1.8410000000e+03,6.6648745284e-01
1.8140000000e+03,6.1818525232e-01
1.7760000000e+03,5.6642768817e-01
1.7350000000e+03,5.2864060786e-01
1.6980000000e+03,4.8454586814e-01
1.6780000000e+03,4.6248174656e-01
1.6860000000e+03,9.2725481493e-01
1.7230000000e+03,9.8259694521e-01
1.7760000000e+03,8.9570889752e-01
1.8260000000e+03,7.9897507876e-01
1.8590000000e+03,7.2101443145e-01
1.8700000000e+03,6.5209259107e-01
1.8620000000e+03,5.9822607248e-01
1.8420000000e+03,5.4947348582e-01
1.8140000000e+03,5.1093742171e-01
1.7810000000e+03,4.9435485860e-01
1.7480000000e+03,4.7427671095e-01
1.7220000000e+03,7.8804734328e-01
1.7110000000e+03,9.7131532717e-01
1.7120000000e+03,8.8164081208e-01
1.7170000000e+03,7.9162776007e-01
1.7150000000e+03,7.1909123644e-01
1.7030000000e+03,6.5668640642e-01
1.6850000000e+03,6.3170533730e-01
1.6670000000e+03,6.9290627999e-01
1.6520000000e+03,6.3820339851e-01
1.6400000000e+03,5.7918294727e-01
1.6340000000e+03,5.6517314228e-01
1.6330000000e+03,7.9378521355e-01
1.6410000000e+03,9.7209186347e-01
1.6530000000e+03,9.1846458350e-01
1.6660000000e+03,8.3220994151e-01
1.6740000000e+03,7.6484166989e-01
1.6750000000e+03,6.9859186770e-01
1.6680000000e+03,6.5651423641e-01
1.6550000000e+03,5.9943229561e-01
1.6380000000e+03,5.5161945194e-01
1.6170000000e+03,5.0365393972e-01
1.5960000000e+03,4.8148897215e-01
1.5780000000e+03,4.5578518918e-01
1.5640000000e+03,9.2634853444e-01
1.5560000000e+03,8.8240534436e-01
1.5520000000e+03,7.9267433875e-01
1.5500000000e+03,7.1105564458e-01
1.5500000000e+03,6.4738367096e-01
1.5500000000e+03,5.9403977685e-01
1.5500000000e+03,5.4259276569e-01
1.5500000000e+03,5.0160710500e-01
1.5500000000e+03,4.6481544075e-01
1.5500000000e+03,4.2416002468e-01
1.5500000000e+03,4.0520852118e-01
1.5500000000e+03,9.1950372675e-01
1.5500000000e+03,9.1333120051e-01
1.5500000000e+03,8.2282396403e-01
1.5520000000e+03,7.3739805915e-01
1.5570000000e+03,6.6439077804e-01
1.5690000000e+03,5.9868791780e-01
1.5880000000e+03,5.5648018805e-01
1.6160000000e+03,5.1525331932e-01
1.6470000000e+03,4.7660770659e-01
1.6750000000e+03,4.4205646629e-01
1.6980000000e+03,4.3803315263e-01
1.7180000000e+03,9.2290640843e-01
1.7400000000e+03,9.4682944826e-01
1.7660000000e+03,8.5322938721e-01
1.7980000000e+03,7.7066280076e-01
1.8340000000e+03,6.9929072574e-01
1.8710000000e+03,6.4756238732e-01
1.9010000000e+03,8.4736618341e-01
1.9160000000e+03,7.9097439802e-01
1.9060000000e+03,7.1622546711e-01
1.8730000000e+03,6.6534753640e-01
1.8310000000e+03,9.2202626259e-01
1.7990000000e+03,9.8944740216e-01
1.7910000000e+03,9.7808656987e-01
1.8070000000e+03,8.9192142364e-01
1.8360000000e+03,8.0043257237e-01
1.8670000000e+03,7.4130284758e-01
1.8950000000e+03,6.8532082864e-01
1.9200000000e+03,6.3720395884e-01
1.9420000000e+03,5.9769620807e-01
1.9640000000e+03,5.6859290032e-01
1.9850000000e+03,5.3189339770e-01
2.0040000000e+03,5.0121411598e-01
2.0180000000e+03,4.7987731411e-01
2.0290000000e+03,8.9012862932e-01
2.0360000000e+03,8.4114991300e-01
2.0430000000e+03,7.6817184279e-01
2.0480000000e+03,7.0684130414e-01
2.0500000000e+03,6.4984038774e-01
2.0450000000e+03,6.1214933257e-01
2.0300000000e+03,5.8859426488e-01
2.0000000000e+03,5.5031692638e-01
1.9540000000e+03,5.1766541146e-01
1.8970000000e+03,4.8922787893e-01
1.8430000000e+03,9.3087451033e-01
1.8110000000e+03,9.9064488228e-01
1.8140000000e+03,9.4361874519e-01
1.8460000000e+03,8.4467255100e-01
1.8940000000e+03,7.6946960308e-01
1.9400000000e+03,7.0334933481e-01
1.9740000000e+03,6.5090043625e-01
1.9930000000e+03,6.0535136302e-01
1.9980000000e+03,5.7447272831e-01
1.9900000000e+03,5.5556162105e-01
1.9740000000e+03,5.1992586428e-01
1.9570000000e+03,5.0668765427e-01
1.9500000000e+03,9.3323743397e-01
1.9630000000e+03,9.2517488015e-01
1.9930000000e+03,8.3266568338e-01
2.0300000000e+03,7.4775328302e-01
2.0600000000e+03,6.9631808553e-01
2.0730000000e+03,6.6032814179e-01
2.0680000000e+03,6.5414423855e-01
2.0460000000e+03,6.3447744120e-01
2.0080000000e+03,5.9989134547e-01
1.9630000000e+03,5.8843178886e-01
1.9250000000e+03,5.8407363075e-01
1.9060000000e+03,9.4114963258e-01
1.9110000000e+03,9.2612524035e-01
1.9320000000e+03,8.3629042313e-01
1.9570000000e+03,7.5416586661e-01
1.9780000000e+03,6.9293987128e-01
1.9950000000e+03,6.4758310398e-01
2.0120000000e+03,6.3963737425e-01
2.0300000000e+03,6.0991516467e-01
2.0500000000e+03,5.7523388034e-01
2.0690000000e+03,5.3351618404e-01
2.0860000000e+03,5.2792679799e-01
2.1010000000e+03,5.5226223983e-01
2.1140000000e+03,5.7289345766e-01
2.1220000000e+03,5.3878569400e-01
2.1290000000e+03,5.2105309843e-01
2.1370000000e+03,5.1160784357e-01
2.1480000000e+03,4.7694698493e-01
2.1600000000e+03,4.6387258594e-01
2.1670000000e+03,6.7255166541e-01
2.1640000000e+03,6.3145618670e-01
2.1500000000e+03,5.9134222783e-01
2.1270000000e+03,5.5972399016e-01
2.1050000000e+03,7.9753245673e-01
2.0920000000e+03,9.7259899769e-01
2.0920000000e+03,9.1376798140e-01
2.1020000000e+03,8.2357399710e-01
2.1140000000e+03,7.4280511027e-01
2.1150000000e+03,6.7431196938e-01
2.1030000000e+03,6.4184226514e-01
2.0750000000e+03,5.9926642973e-01
2.0340000000e+03,5.7239773236e-01
1.9820000000e+03,5.4078491752e-01
1.9250000000e+03,5.0606293306e-01
1.8730000000e+03,4.8962432714e-01
1.8380000000e+03,9.3092816376e-01
1.8260000000e+03,8.9443391783e-01
1.8330000000e+03,8.0756765984e-01
1.8490000000e+03,7.4234947618e-01
1.8640000000e+03,6.8980806148e-01
1.8730000000e+03,6.7964065424e-01
1.8770000000e+03,7.6863721900e-01
1.8780000000e+03,7.0213406466e-01
1.8750000000e+03,6.8333377231e-01
1.8720000000e+03,6.5972477544e-01
1.8730000000e+03,6.2976804892e-01
1.8850000000e+03,9.3743155721e-01
1.9080000000e+03,9.0677437624e-01
1.9380000000e+03,8.1859271950e-01
1.9710000000e+03,7.4147454697e-01
2.0040000000e+03,6.8125017696e-01
2.0340000000e+03,6.3525024628e-01
2.0590000000e+03,5.9704057869e-01
2.0780000000e+03,5.6585857953e-01
2.0900000000e+03,5.3739072378e-01
2.0980000000e+03,5.1614602252e-01
2.1080000000e+03,5.0581141183e-01
2.1230000000e+03,7.7843957175e-01
2.1470000000e+03,8.7658602140e-01
2.1770000000e+03,7.9760446741e-01
2.2060000000e+03,7.3361109548e-01
2.2280000000e+03,6.7262298912e-01
2.2330000000e+03,6.2688710451e-01
2.2330000000e+03,6.0910359162e-01
2.2310000000e+03,5.8464765770e-01
2.2130000000e+03,5.6260439156e-01
2.1830000000e+03,5.2699663376e-01
2.1420000000e+03,5.1879683722e-01
2.1010000000e+03,9.3046405128e-01
2.0750000000e+03,9.9058933268e-01
2.0700000000e+03,9.0860989115e-01
2.0800000000e+03,8.1866558012e-01
2.0920000000e+03,7.4927144361e-01
2.0950000000e+03,6.9996001118e-01
2.0880000000e+03,6.5066668249e-01
2.0690000000e+03,6.0828654977e-01
2.0420000000e+03,5.7206637495e-01
2.0070000000e+03,5.4698646886e-01
1.9680000000e+03,5.2864683834e-01
1.9330000000e+03,7.7962263498e-01
1.9100000000e+03,9.6909817562e-01
1.9040000000e+03,8.9344143569e-01
1.9090000000e+03,8.0636319634e-01
1.9160000000e+03,7.4172085939e-01
1.9190000000e+03,6.8357068752e-01
1.9180000000e+03,6.5894264829e-01
1.9150000000e+03,6.5371555203e-01
1.9080000000e+03,6.1494332475e-01
1.8970000000e+03,5.8359427851e-01
1.8860000000e+03,5.7654679332e-01
1.8820000000e+03,5.5606195768e-01
1.8950000000e+03,9.3991951930e-01
1.9230000000e+03,8.7872445257e-01
1.9580000000e+03,7.8615322176e-01
1.9910000000e+03,7.3111264204e-01
2.0180000000e+03,6.6424437962e-01
2.0400000000e+03,6.1932779282e-01
2.0600000000e+03,5.8329355551e-01
2.0790000000e+03,5.5953580436e-01
2.0950000000e+03,5.3048304404e-01
2.1040000000e+03,5.0542762028e-01
2.1040000000e+03,4.8170466117e-01
2.1000000000e+03,9.2985635352e-01
2.0990000000e+03,9.0181162396e-01
2.0990000000e+03,8.1376532658e-01
2.0950000000e+03,7.4697730681e-01
2.0800000000e+03,7.0035764481e-01
2.0540000000e+03,6.6418800325e-01
2.0210000000e+03,6.2551156503e-01
1.9880000000e+03,8.7404864121e-01
1.9580000000e+03,8.1809348005e-01
1.9300000000e+03,7.6239284872e-01
1.9030000000e+03,7.1830829115e-01
1.8780000000e+03,9.6187717280e-01
1.8570000000e+03,9.3973779523e-01
1.8400000000e+03,8.3955690943e-01
1.8240000000e+03,7.5709003410e-01
1.8060000000e+03,6.9681760034e-01
1.7870000000e+03,6.7297441855e-01
1.7690000000e+03,6.4459042041e-01
1.7550000000e+03,6.3815824732e-01
1.7420000000e+03,6.0156351951e-01
1.7290000000e+03,5.6720505473e-01
1.7150000000e+03,5.3636094151e-01
1.7050000000e+03,6.4076788521e-01
1.7040000000e+03,8.6496249388e-01
1.7120000000e+03,7.9441935699e-01
1.7230000000e+03,7.2144562849e-01
1.7300000000e+03,6.6569410737e-01
1.7270000000e+03,6.1095319097e-01
1.7150000000e+03,7.6518753904e-01
1.6930000000e+03,7.2101544665e-01
1.6650000000e+03,6.8032097620e-01
1.6370000000e+03,6.5864345970e-01
1.6190000000e+03,6.4001375500e-01
1.6180000000e+03,8.4569687250e-01
1.6370000000e+03,9.7911734254e-01
1.6720000000e+03,8.9334688965e-01
1.7140000000e+03,8.0343556304e-01
1.7570000000e+03,7.3412697710e-01
1.7940000000e+03,6.8359558692e-01
1.8210000000e+03,6.2967669333e-01
1.8360000000e+03,5.8122208994e-01
1.8380000000e+03,5.4416040859e-01
1.8320000000e+03,5.2959538248e-01
1.8250000000e+03,5.6643554903e-01
1.8190000000e+03,5.5065133554e-01
1.8190000000e+03,6.8275975942e-01
1.8250000000e+03,6.5984568271e-01
1.8350000000e+03,6.2762381446e-01
1.8460000000e+03,5.8334459009e-01
1.8560000000e+03,5.5705158458e-01
1.8600000000e+03,5.3367326240e-01
1.8600000000e+03,5.0450894774e-01
1.8550000000e+03,4.9603788725e-01
1.8420000000e+03,4.7388171976e-01
1.8250000000e+03,4.4689791904e-01
1.8090000000e+03,4.9826397421e-01
1.8050000000e+03,9.3209741284e-01
1.8170000000e+03,9.1032570611e-01
1.8410000000e+03,8.2130109318e-01
1.8670000000e+03,7.4023568436e-01
1.8880000000e+03,6.8072762937e-01
1.9000000000e+03,6.2830307875e-01
1.9030000000e+03,5.9297811535e-01
1.9000000000e+03,5.4930010487e-01
1.8900000000e+03,5.1423061137e-01
1.8730000000e+03,4.9212900536e-01
1.8470000000e+03,4.8185893344e-01
1.8140000000e+03,8.6927612832e-01
1.7820000000e+03,8.5907680684e-01
1.7570000000e+03,7.8288998572e-01
1.7450000000e+03,7.1266434340e-01
1.7460000000e+03,6.6058507746e-01
1.7530000000e+03,6.2243084120e-01
1.7600000000e+03,5.9106645194e-01
1.7610000000e+03,5.7060164154e-01
1.7560000000e+03,5.5887022528e-01
1.7500000000e+03,5.4757037322e-01
1.7530000000e+03,5.3170838457e-01
1.7710000000e+03,6.7591138839e-01
1.8070000000e+03,9.0549482200e-01
1.8520000000e+03,8.1620054403e-01
1.8950000000e+03,7.3905473483e-01
1.9310000000e+03,6.7800310510e-01
1.9560000000e+03,6.3769304254e-01
1.9710000000e+03,6.9844132195e-01
1.9780000000e+03,6.5719489315e-01
1.9750000000e+03,6.0775404131e-01
1.9650000000e+03,5.7556130615e-01
1.9520000000e+03,5.5503487919e-01
1.9380000000e+03,5.4813507432e-01
1.9240000000e+03,9.2686643728e-01
1.9130000000e+03,8.4502490018e-01
1.9030000000e+03,7.8309434514e-01
1.8940000000e+03,7.2468484344e-01
1.8800000000e+03,6.7884838654e-01
1.8580000000e+03,6.3752377830e-01
1.8280000000e+03,5.9577844298e-01
1.7940000000e+03,5.6272691696e-01
1.7600000000e+03,5.5188411918e-01
1.7300000000e+03,5.3273311289e-01
1.7110000000e+03,7.5490741452e-01
1.7070000000e+03,9.5852073966e-01
1.7120000000e+03,8.8617217936e-01
1.7160000000e+03,7.9559042498e-01
1.7090000000e+03,7.2906692336e-01
1.6890000000e+03,6.5604575950e-01
1.6620000000e+03,6.0224301592e-01
1.6350000000e+03,5.8814750484e-01
1.6130000000e+03,5.7118269622e-01
1.5990000000e+03,5.4048732868e-01
1.5940000000e+03,5.1025367109e-01
1.6010000000e+03,5.1287935627e-01
1.6190000000e+03,9.0130846407e-01
1.6450000000e+03,8.6365126131e-01
1.6740000000e+03,7.7685885028e-01
1.7000000000e+03,6.9999187236e-01
1.7210000000e+03,6.5032727662e-01
1.7350000000e+03,6.0931180132e-01
1.7440000000e+03,6.0295661922e-01
1.7490000000e+03,5.6816543951e-01
1.7500000000e+03,5.5483764256e-01
1.7550000000e+03,5.3406960398e-01
1.7690000000e+03,5.7015562494e-01
1.7960000000e+03,9.4182688975e-01
1.8340000000e+03,9.1129132800e-01
1.8710000000e+03,8.3233890139e-01
1.9010000000e+03,7.5165561513e-01
1.9210000000e+03,6.9997966838e-01
1.9340000000e+03,6.4743839755e-01
1.9460000000e+03,5.9456785080e-01
1.9560000000e+03,5.6865046254e-01
1.9620000000e+03,5.4236428449e-01
1.9600000000e+03,5.2608188586e-01
1.9480000000e+03,4.9798806634e-01
1.9320000000e+03,6.6935583938e-01
1.9200000000e+03,6.8945936691e-01
1.9160000000e+03,6.4592243255e-01
1.9210000000e+03,6.0249647642e-01
1.9320000000e+03,5.6976403152e-01
1.9460000000e+03,5.3075212991e-01
1.9590000000e+03,5.1839935021e-01
1.9650000000e+03,4.9197597158e-01
1.9610000000e+03,4.6866986319e-01
1.9450000000e+03,4.6351991122e-01
1.9210000000e+03,4.4406948609e-01
1.8980000000e+03,8.5577327851e-01
1.8880000000e+03,9.8048103580e-01
1.8980000000e+03,9.0268799527e-01
1.9220000000e+03,8.1391624757e-01
1.9500000000e+03,7.4205924192e-01
1.9750000000e+03,6.9719315409e-01
1.9920000000e+03,6.4993790990e-01
2.0000000000e+03,6.1317999955e-01
1.9980000000e+03,5.8362953540e-01
1.9830000000e+03,5.5049149009e-01
1.9570000000e+03,5.2537258403e-01
1.9260000000e+03,5.2314014436e-01
1.9030000000e+03,9.3546403637e-01
1.8940000000e+03,8.8335449412e-01
1.8970000000e+03,7.9863090117e-01
1.9060000000e+03,7.2923876553e-01
1.9110000000e+03,6.8325190541e-01
1.9110000000e+03,6.4762571453e-01
1.9080000000e+03,9.5231132627e-01
1.9040000000e+03,8.8495211054e-01
1.8980000000e+03,8.1983562401e-01
1.8860000000e+03,7.5424685677e-01
1.8660000000e+03,7.2212416709e-01
1.8410000000e+03,7.9406034694e-01
1.8170000000e+03,7.4095966874e-01
1.7940000000e+03,6.7672987785e-01
1.7690000000e+03,6.2205425918e-01
1.7420000000e+03,5.9083607694e-01
1.7150000000e+03,7.3929956975e-01
1.6970000000e+03,9.6471803343e-01
1.6960000000e+03,9.2809837119e-01
1.7110000000e+03,8.3826708957e-01
1.7350000000e+03,7.5710161847e-01
1.7590000000e+03,7.0707958649e-01
1.7760000000e+03,6.6370190919e-01
1.7840000000e+03,6.3154977878e-01
1.7800000000e+03,6.0230457990e-01
1.7650000000e+03,5.6150937034e-01
1.7430000000e+03,5.3269283328e-01
1.7180000000e+03,6.1446489393e-01
1.6970000000e+03,9.4782349722e-01
1.6830000000e+03,8.6929523010e-01
1.6750000000e+03,8.6897650566e-01
1.6720000000e+03,8.0844240846e-01
1.6740000000e+03,7.4533968966e-01
1.6810000000e+03,7.3393761097e-01
1.6940000000e+03,8.7365351799e-01
1.7140000000e+03,8.1011075041e-01
1.7360000000e+03,7.3334149471e-01
1.7560000000e+03,6.8195470990e-01
1.7710000000e+03,6.3821788556e-01
1.7840000000e+03,6.1566220569e-01
1.7940000000e+03,5.9445490343e-01
1.7990000000e+03,5.8029783762e-01
1.8000000000e+03,5.5375867637e-01
1.7990000000e+03,5.2265820038e-01
1.8020000000e+03,6.2213819188e-01
1.8160000000e+03,9.3803589683e-01
1.8420000000e+03,8.8104213195e-01
1.8790000000e+03,8.1363182850e-01
1.9200000000e+03,7.4139281430e-01
1.9590000000e+03,6.9773736348e-01
1.9940000000e+03,6.7359506414e-01
2.0220000000e+03,6.5349941507e-01
2.0410000000e+03,6.3137360895e-01
2.0540000000e+03,6.0862682119e-01
2.0670000000e+03,5.9990982364e-01
2.0910000000e+03,6.4707597106e-01
2.1300000000e+03,8.3544709130e-01
2.1840000000e+03,7.8701545247e-01
2.2330000000e+03,7.6166740899e-01
2.2330000000e+03,7.1311222943e-01
2.2330000000e+03,6.6627359980e-01
2.2330000000e+03,6.4057851009e-01
2.2330000000e+03,6.1068363280e-01
2.2330000000e+03,5.9068384110e-01
2.2330000000e+03,5.5670136652e-01
2.2330000000e+03,5.4217800031e-01
2.2330000000e+03,5.3571279489e-01
2.2330000000e+03,5.1119539766e-01
2.2330000000e+03,4.9823778171e-01
2.2330000000e+03,4.8670986277e-01
2.2330000000e+03,4.6831724224e-01
2.2330000000e+03,4.4160948110e-01
2.2330000000e+03,5.2345238572e-01
2.2330000000e+03,5.1279652286e-01
2.2330000000e+03,4.9951584985e-01
2.2330000000e+03,4.9608733332e-01
2.2330000000e+03,4.7922700413e-01
2.2110000000e+03,4.7069112666e-01
2.1400000000e+03,9.2836583371e-01
2.0870000000e+03,9.0527487432e-01
2.0570000000e+03,8.3196592205e-01
2.0500000000e+03,7.5768403745e-01
2.0550000000e+03,7.0028824163e-01
2.0660000000e+03,6.4787845602e-01
2.0800000000e+03,6.1725942554e-01
2.0970000000e+03,5.8496511188e-01
2.1150000000e+03,5.6441521734e-01
2.1290000000e+03,5.4450908954e-01
2.1360000000e+03,5.3063793510e-01
2.1340000000e+03,7.7159753029e-01
2.1250000000e+03,7.9214736240e-01
2.1090000000e+03,7.2026849284e-01
2.0900000000e+03,6.6855945646e-01
2.0730000000e+03,6.3842978730e-01
2.0640000000e+03,6.1999128946e-01
2.0600000000e+03,7.6952864881e-01
2.0560000000e+03,7.2566326704e-01
2.0480000000e+03,6.8276219089e-01
2.0360000000e+03,6.6488990909e-01
2.0290000000e+03,6.1458949797e-01
2.0330000000e+03,7.1601749756e-01
2.0520000000e+03,9.0477894065e-01
2.0820000000e+03,8.2322148305e-01
2.1140000000e+03,7.4914032499e-01
2.1420000000e+03,6.9325279259e-01
2.1640000000e+03,6.6152190165e-01
2.1800000000e+03,8.3326095481e-01
2.1910000000e+03,7.9663957547e-01
2.1950000000e+03,7.4091589074e-01
2.1840000000e+03,6.9867395722e-01
2.1590000000e+03,6.5742600778e-01
2.1260000000e+03,6.3601553502e-01
2.1000000000e+03,8.4398362081e-01
2.0910000000e+03,7.9613866434e-01
2.1000000000e+03,7.4066944633e-01
2.1200000000e+03,6.9872083663e-01
2.1430000000e+03,6.5810091981e-01
2.1620000000e+03,6.0340853788e-01
2.1730000000e+03,5.7420649782e-01
2.1670000000e+03,5.5274426953e-01
2.1400000000e+03,5.2595892463e-01
2.0900000000e+03,5.0928597487e-01
2.0290000000e+03,7.4564840997e-01
1.9790000000e+03,9.6557725552e-01
1.9540000000e+03,9.1786175732e-01
1.9510000000e+03,8.2875798145e-01
1.9570000000e+03,7.5421672668e-01
1.9580000000e+03,7.0665473675e-01
1.9510000000e+03,6.6796973313e-01
1.9400000000e+03,6.3686408428e-01
1.9310000000e+03,6.1083536006e-01
1.9260000000e+03,5.7586771944e-01
1.9270000000e+03,5.4350662532e-01
1.9340000000e+03,5.3440061520e-01
1.9510000000e+03,7.8123060529e-01
1.9800000000e+03,7.5011351396e-01
2.0170000000e+03,6.8657286863e-01
2.0550000000e+03,6.4506374936e-01
2.0850000000e+03,5.9488772211e-01
2.1030000000e+03,5.6813659800e-01
2.1070000000e+03,5.6538816349e-01
2.0960000000e+03,5.3984196704e-01
2.0670000000e+03,5.5354662701e-01
2.0210000000e+03,5.5191218833e-01
1.9640000000e+03,5.3478453130e-01
1.9120000000e+03,9.3673585164e-01
1.8800000000e+03,9.3003694561e-01
1.8770000000e+03,8.5675012660e-01
1.8990000000e+03,7.8512423337e-01
1.9320000000e+03,7.1880019611e-01
1.9630000000e+03,6.7903531861e-01
1.9840000000e+03,6.5476047344e-01
1.9930000000e+03,6.2769163683e-01
1.9930000000e+03,5.8768502789e-01
1.9890000000e+03,5.5617452162e-01
1.9850000000e+03,5.4492337501e-01
1.9870000000e+03,7.8749541817e-01
2.0010000000e+03,8.1966344860e-01
2.0260000000e+03,7.7177746245e-01
2.0580000000e+03,7.0512299939e-01
2.0860000000e+03,6.6850115129e-01
2.1070000000e+03,6.3323210662e-01
2.1160000000e+03,6.0931212944e-01
2.1150000000e+03,5.6368453920e-01
2.1010000000e+03,5.3947763173e-01
2.0680000000e+03,5.0834606800e-01
2.0170000000e+03,4.9342212721e-01
1.9610000000e+03,8.0685809446e-01
1.9220000000e+03,9.7386108551e-01
1.9140000000e+03,9.1663012988e-01
1.9360000000e+03,8.2997346665e-01
1.9740000000e+03,7.4773959890e-01
2.0120000000e+03,6.8721189690e-01
2.0410000000e+03,6.5400623040e-01
2.0580000000e+03,6.2416405440e-01
2.0590000000e+03,5.8258455227e-01
2.0430000000e+03,5.5177769512e-01
2.0130000000e+03,5.2462714512e-01
1.9750000000e+03,5.1416630491e-01
1.9350000000e+03,9.3424955927e-01
1.8980000000e+03,8.7920451561e-01
1.8650000000e+03,7.9723308271e-01
1.8340000000e+03,7.2903012356e-01
1.8080000000e+03,6.8232586036e-01
1.7930000000e+03,6.9554331915e-01
1.7930000000e+03,9.0127728922e-01
1.8070000000e+03,8.3160526549e-01
1.8220000000e+03,7.6358964581e-01
1.8300000000e+03,7.0437700734e-01
1.8320000000e+03,6.7406310135e-01
1.8360000000e+03,9.5588923750e-01
1.8510000000e+03,9.0798365380e-01
1.8750000000e+03,8.1941566930e-01
1.9020000000e+03,7.4215665313e-01
1.9270000000e+03,6.8841198889e-01
1.9540000000e+03,6.7509319299e-01
1.9870000000e+03,9.3438925339e-01
2.0300000000e+03,8.8136810088e-01
2.0750000000e+03,8.2132246325e-01
2.1120000000e+03,7.6757550051e-01
2.1320000000e+03,7.1642367838e-01
2.1360000000e+03,7.1434586566e-01
2.1310000000e+03,7.0694386653e-01
2.1230000000e+03,6.7701734381e-01
2.1130000000e+03,6.3037327178e-01
2.1000000000e+03,5.8187379679e-01
2.0870000000e+03,5.5141349776e-01
2.0750000000e+03,5.3484483972e-01
2.0630000000e+03,5.1625099118e-01
2.0440000000e+03,4.9100224960e-01
2.0110000000e+03,4.6831416941e-01
1.9640000000e+03,4.6187449047e-01
1.9170000000e+03,9.2717263175e-01
1.8880000000e+03,9.9014388749e-01
1.8880000000e+03,9.1831640203e-01
1.9130000000e+03,8.2316842317e-01
1.9490000000e+03,7.4949190842e-01
1.9820000000e+03,6.9074337975e-01
2.0010000000e+03,6.4136157194e-01
2.0010000000e+03,6.0456571816e-01
1.9810000000e+03,5.6946456686e-01
1.9420000000e+03,5.6466085740e-01
1.8920000000e+03,5.5245815133e-01
1.8420000000e+03,8.5590458988e-01
1.8050000000e+03,9.8007781843e-01
1.7870000000e+03,8.9122332713e-01
1.7810000000e+03,8.0373488745e-01
1.7780000000e+03,7.3640067209e-01
1.7710000000e+03,6.7953785286e-01
1.7590000000e+03,6.6267580903e-01
1.7390000000e+03,6.4375914435e-01
1.7110000000e+03,6.0554486578e-01
1.6780000000e+03,6.8864392163e-01
1.6460000000e+03,6.7840028609e-01
1.6240000000e+03,8.8992933938e-01
1.6190000000e+03,9.8510355597e-01
1.6330000000e+03,9.0461785842e-01
1.6610000000e+03,8.1132802057e-01
1.6920000000e+03,7.2960545738e-01
1.7140000000e+03,6.8627246600e-01
1.7230000000e+03,6.3860863695e-01
1.7180000000e+03,5.9784558357e-01
1.7050000000e+03,5.6872462500e-01
1.6870000000e+03,5.4736484160e-01
1.6670000000e+03,5.2375062201e-01
1.6480000000e+03,5.1697756423e-01
1.6350000000e+03,7.5050116409e-01
1.6320000000e+03,7.2088718884e-01
1.6380000000e+03,6.9531898945e-01
1.6510000000e+03,6.4679989334e-01
1.6680000000e+03,6.0678206365e-01
1.6860000000e+03,5.7221781433e-01
1.7030000000e+03,5.5131482403e-01
1.7160000000e+03,5.2196509713e-01
1.7220000000e+03,5.1412644001e-01
1.7210000000e+03,4.8885388075e-01
1.7190000000e+03,4.8571826133e-01
1.7290000000e+03,9.3039953523e-01
1.7570000000e+03,9.2334942481e-01
1.8010000000e+03,8.4467978457e-01
1.8490000000e+03,7.6267081437e-01
1.8920000000e+03,7.0346363521e-01
1.9230000000e+03,6.5497373401e-01
1.9420000000e+03,6.0758569972e-01
1.9520000000e+03,5.9444622417e-01
1.9550000000e+03,5.5737568775e-01
1.9490000000e+03,5.3065583403e-01
1.9370000000e+03,5.1543418545e-01
1.9260000000e+03,9.2369068158e-01
1.9240000000e+03,9.2322790705e-01
1.9350000000e+03,8.3927051693e-01
1.9580000000e+03,7.7423547832e-01
1.9850000000e+03,7.2192680905e-01
2.0070000000e+03,6.7611958495e-01
2.0170000000e+03,6.5542704896e-01
2.0120000000e+03,6.9255575211e-01
1.9930000000e+03,6.5945040523e-01
1.9620000000e+03,6.3607554771e-01
1.9250000000e+03,5.8912993871e-01
1.8970000000e+03,9.1044522318e-01
1.8930000000e+03,9.8788007891e-01
1.9170000000e+03,8.9326776781e-01
1.9610000000e+03,8.0829088966e-01
2.0100000000e+03,7.3615502885e-01
2.0520000000e+03,6.8766595037e-01
2.0840000000e+03,7.5978794303e-01
2.1070000000e+03,7.3878144363e-01
2.1240000000e+03,6.9343342978e-01
2.1330000000e+03,6.4714774313e-01
2.1370000000e+03,6.2775392169e-01
2.1370000000e+03,5.9594914418e-01
2.1410000000e+03,8.6724755285e-01
2.1520000000e+03,8.2394157605e-01
2.1670000000e+03,7.5985679342e-01
2.1800000000e+03,6.9568574366e-01
2.1890000000e+03,6.3850013267e-01
2.1900000000e+03,6.0976296599e-01
2.1830000000e+03,5.7974496890e-01
2.1660000000e+03,5.6824761340e-01
2.1340000000e+03,5.4997134865e-01
2.0860000000e+03,5.7475510465e-01
2.0280000000e+03,5.5665069948e-01
1.9770000000e+03,9.3999919684e-01
1.9500000000e+03,9.2493150244e-01
1.9530000000e+03,8.4693383049e-01
1.9790000000e+03,7.6572285465e-01
2.0140000000e+03,6.9862324598e-01
2.0440000000e+03,6.4884407882e-01
2.0630000000e+03,6.0792183126e-01
2.0680000000e+03,5.7862991147e-01
2.0600000000e+03,5.5263555603e-01
2.0370000000e+03,5.2967200697e-01
2.0040000000e+03,5.2620209779e-01
1.9660000000e+03,7.3855195751e-01
1.9350000000e+03,7.6251766432e-01
1.9170000000e+03,7.0747042500e-01
1.9130000000e+03,6.5038960439e-01
1.9170000000e+03,6.0193987874e-01
1.9220000000e+03,5.5959609788e-01
1.9220000000e+03,5.4718555730e-01
1.9140000000e+03,5.2900350009e-01
1.8960000000e+03,4.9502291258e-01
1.8730000000e+03,4.8457731875e-01
1.8510000000e+03,4.6864350691e-01
1.8410000000e+03,8.6656608772e-01
1.8470000000e+03,9.2890624947e-01
1.8680000000e+03,8.4411310153e-01
1.8920000000e+03,7.6799000615e-01
1.9130000000e+03,7.0983794363e-01
1.9320000000e+03,6.6235744251e-01
1.9540000000e+03,9.5430504885e-01
1.9840000000e+03,9.1513271053e-01
2.0140000000e+03,8.1964609249e-01
2.0340000000e+03,7.5285638818e-01
2.0380000000e+03,6.9918771253e-01
2.0340000000e+03,6.9858199691e-01
2.0310000000e+03,9.5920750918e-01
2.0300000000e+03,8.7475254397e-01
2.0220000000e+03,7.9119966216e-01
1.9980000000e+03,7.3315408480e-01
1.9610000000e+03,7.0373479462e-01
1.9220000000e+03,9.5990486452e-01
1.8900000000e+03,9.3827313208e-01
1.8650000000e+03,8.5594073680e-01
1.8400000000e+03,7.7634676909e-01
1.8090000000e+03,7.1542840759e-01
1.7730000000e+03,6.6914311168e-01
1.7370000000e+03,7.7091879870e-01
1.7080000000e+03,7.2355798835e-01
1.6870000000e+03,6.5637799720e-01
1.6720000000e+03,6.1648682356e-01
1.6590000000e+03,5.7990938958e-01
1.6460000000e+03,5.4247569231e-01
1.6330000000e+03,5.0556078619e-01
1.6220000000e+03,4.8028752909e-01
1.6120000000e+03,4.4414856838e-01
1.6040000000e+03,3.9821590157e-01
1.5970000000e+03,3.8699289420e-01
1.5920000000e+03,8.1611842574e-01
1.5890000000e+03,7.7165406612e-01
1.5890000000e+03,7.0985477238e-01
1.5910000000e+03,6.3824155007e-01
1.5970000000e+03,5.8509964274e-01
1.6090000000e+03,5.3411388914e-01
1.6280000000e+03,5.1908910255e-01
1.6570000000e+03,5.2288031364e-01
1.6910000000e+03,5.1390455236e-01
1.7260000000e+03,7.7056566410e-01
1.7580000000e+03,9.6894943917e-01
1.7920000000e+03,9.9579776356e-01
1.8330000000e+03,9.6081480195e-01
1.8830000000e+03,8.7672323969e-01
1.9390000000e+03,7.8443871026e-01
1.9910000000e+03,7.2950262469e-01
2.0350000000e+03,6.7700139636e-01
2.0640000000e+03,6.4041602334e-01
2.0780000000e+03,5.9882023367e-01
2.0810000000e+03,5.8478379016e-01
2.0780000000e+03,5.6085316664e-01
2.0740000000e+03,5.3246981095e-01
2.0730000000e+03,5.2399502880e-01
2.0750000000e+03,5.5741142797e-01
2.0780000000e+03,5.2924040025e-01
2.0780000000e+03,4.9423935128e-01
2.0730000000e+03,4.7870654729e-01
2.0630000000e+03,5.9392240381e-01
2.0560000000e+03,9.4504337350e-01
2.0570000000e+03,8.7347201836e-01
2.0630000000e+03,7.9865805299e-01
2.0660000000e+03,7.5968755473e-01
2.0610000000e+03,7.2156823650e-01
2.0530000000e+03,8.7220665599e-01
2.0590000000e+03,9.8270505159e-01
2.0900000000e+03,9.1013157101e-01
2.1430000000e+03,8.1908001151e-01
2.2040000000e+03,7.5037322836e-01
2.2330000000e+03,6.9503542171e-01
2.2330000000e+03,6.7119352098e-01
2.2330000000e+03,6.3242890832e-01
2.2330000000e+03,6.0854666991e-01
2.2330000000e+03,5.8553050014e-01
2.2330000000e+03,5.6359283071e-01
2.1850000000e+03,6.3336365520e-01
2.1530000000e+03,9.2980966809e-01
2.1420000000e+03,8.5759385551e-01
2.1510000000e+03,7.8385906161e-01
2.1680000000e+03,7.3563744801e-01
2.1880000000e+03,6.9291115021e-01
2.2070000000e+03,6.4784822190e-01
2.2220000000e+03,6.2175283439e-01
2.2300000000e+03,6.0822285876e-01
2.2300000000e+03,5.9924610879e-01
2.2280000000e+03,5.8991015532e-01
2.2310000000e+03,5.7492805141e-01
2.2330000000e+03,9.2318214586e-01
2.2330000000e+03,8.8610653467e-01
2.2330000000e+03,8.2915169522e-01
2.2330000000e+03,7.7588225268e-01
2.2330000000e+03,7.4323803630e-01
2.2330000000e+03,7.0303549307e-01
2.2330000000e+03,6.7143022832e-01
2.2330000000e+03,6.4102965547e-01
2.2330000000e+03,6.1232463596e-01
2.2330000000e+03,5.8517335885e-01
2.2330000000e+03,5.6276863595e-01
2.2330000000e+03,5.6347633842e-01
2.2330000000e+03,5.5023965955e-01
2.2330000000e+03,5.2267046273e-01
2.2330000000e+03,4.9335227368e-01
2.2330000000e+03,4.8569925991e-01
2.2330000000e+03,4.7526108062e-01
2.2330000000e+03,4.6889882863e-01
2.2330000000e+03,4.4939804014e-01
2.2330000000e+03,4.3308841567e-01
2.2330000000e+03,4.2517471613e-01
2.1900000000e+03,5.2119478577e-01
2.1080000000e+03,8.8517036082e-01
2.0490000000e+03,8.8475989558e-01
2.0300000000e+03,8.1615257139e-01
2.0500000000e+03,7.4034883073e-01
2.0920000000e+03,6.8698741839e-01
2.1380000000e+03,6.3990281605e-01
2.1730000000e+03,6.0538322385e-01
2.1900000000e+03,5.8224973640e-01
2.1920000000e+03,5.9329368266e-01
2.1830000000e+03,6.2762424331e-01
2.1690000000e+03,6.0865262088e-01
2.1610000000e+03,6.8497999793e-01
2.1680000000e+03,9.5191979144e-01
2.1910000000e+03,8.8150054766e-01
2.2230000000e+03,8.0763112854e-01
2.2330000000e+03,7.5044416721e-01
2.2330000000e+03,7.1311890323e-01
2.2330000000e+03,6.8039117118e-01
2.2330000000e+03,6.5687391799e-01
2.2290000000e+03,6.1520182746e-01
2.1890000000e+03,6.0632430901e-01
2.1470000000e+03,5.7867725549e-01
2.1150000000e+03,5.7317881041e-01
2.1020000000e+03,9.4223603342e-01
2.1120000000e+03,8.6969544346e-01
2.1350000000e+03,7.9947904769e-01
2.1610000000e+03,7.3444988060e-01
2.1820000000e+03,6.9144801612e-01
2.1990000000e+03,6.7599395614e-01
2.2130000000e+03,6.6836086247e-01
2.2220000000e+03,6.3140548367e-01
2.2260000000e+03,7.1146048394e-01
2.2220000000e+03,6.7260090352e-01
2.2140000000e+03,6.3586335924e-01
2.2110000000e+03,6.4815847783e-01
2.2220000000e+03,7.3131581310e-01
2.2330000000e+03,6.7850815007e-01
2.2330000000e+03,6.2061733553e-01
2.2330000000e+03,5.8228653495e-01
2.2330000000e+03,5.6253197575e-01
2.2330000000e+03,5.3744888153e-01
2.2330000000e+03,5.2168502665e-01
2.2330000000e+03,5.0208302096e-01
2.2330000000e+03,4.9800829915e-01
2.1440000000e+03,6.8624173954e-01
2.0460000000e+03,9.5753743695e-01
1.9680000000e+03,9.3165341760e-01
1.9240000000e+03,8.4978733732e-01
1.9090000000e+03,7.7683988333e-01
1.9130000000e+03,7.1019402523e-01
1.9230000000e+03,6.6453610530e-01
1.9320000000e+03,6.3263018342e-01
1.9400000000e+03,6.0131795496e-01
1.9480000000e+03,5.8333541398e-01
1.9620000000e+03,5.7042468454e-01
1.9850000000e+03,5.4743176076e-01
2.0170000000e+03,5.4565360543e-01
2.0550000000e+03,7.9737528083e-01
2.0920000000e+03,7.4729654266e-01
2.1240000000e+03,6.8421829904e-01
2.1440000000e+03,6.4544593818e-01
2.1490000000e+03,6.1290296925e-01
2.1370000000e+03,6.1108347888e-01
2.1080000000e+03,6.0073081967e-01
2.0630000000e+03,5.8654231769e-01
2.0130000000e+03,6.2190482918e-01
1.9730000000e+03,6.1762548819e-01
1.9570000000e+03,6.2362629234e-01
1.9690000000e+03,8.3117616266e-01
2.0000000000e+03,7.5192128057e-01
2.0330000000e+03,6.8891696823e-01
2.0530000000e+03,6.4148356021e-01
2.0580000000e+03,6.2558000201e-01
2.0510000000e+03,5.9722955282e-01
2.0390000000e+03,5.7924572351e-01
2.0250000000e+03,5.6560661907e-01
2.0110000000e+03,5.5483582960e-01
1.9990000000e+03,5.3592485935e-01
1.9910000000e+03,6.4412475636e-01
1.9890000000e+03,7.6962984644e-01
1.9930000000e+03,7.0976372683e-01
2.0000000000e+03,6.6360758577e-01
2.0090000000e+03,6.3303524500e-01
2.0180000000e+03,5.8492264425e-01
2.0270000000e+03,5.6204561971e-01
2.0340000000e+03,5.5003151439e-01
2.0320000000e+03,5.6061505228e-01
2.0110000000e+03,5.2108530300e-01
1.9730000000e+03,5.0396575061e-01
1.9280000000e+03,7.9419403732e-01
1.8930000000e+03,9.7214719175e-01
1.8800000000e+03,9.2837536942e-01
1.8860000000e+03,8.3601726722e-01
1.9040000000e+03,7.5894531802e-01
1.9240000000e+03,7.0124726633e-01
1.9410000000e+03,6.4806833161e-01
1.9590000000e+03,6.2334011571e-01
1.9800000000e+03,6.1895589687e-01
2.0030000000e+03,5.7627045591e-01
2.0260000000e+03,5.3639807516e-01
2.0480000000e+03,5.5228259094e-01
2.0700000000e+03,7.3325638519e-01
2.0910000000e+03,7.2393702419e-01
2.1090000000e+03,6.6764696756e-01
2.1210000000e+03,6.1594749157e-01
2.1290000000e+03,5.9577814240e-01
2.1350000000e+03,6.8927373836e-01
2.1400000000e+03,6.8340362288e-01
2.1400000000e+03,6.4260724045e-01
2.1260000000e+03,5.9553437963e-01
2.0950000000e+03,5.6320848369e-01
2.0560000000e+03,5.4064749358e-01
2.0250000000e+03,9.3783339844e-01
2.0150000000e+03,9.2032912287e-01
2.0290000000e+03,8.3445794914e-01
2.0580000000e+03,7.5439641639e-01
2.0890000000e+03,6.9372348629e-01
2.1150000000e+03,6.6379444937e-01
2.1390000000e+03,9.1379415715e-01
2.1590000000e+03,8.5834345401e-01
2.1720000000e+03,7.9473146049e-01
2.1730000000e+03,7.4065997463e-01
2.1620000000e+03,7.0216063637e-01
2.1460000000e+03,6.9063650636e-01
2.1330000000e+03,8.7866491534e-01
2.1320000000e+03,8.1790598061e-01
2.1440000000e+03,7.5246462669e-01
2.1630000000e+03,7.1677436445e-01
2.1830000000e+03,6.6303871927e-01
2.1940000000e+03,6.3007685537e-01
2.1930000000e+03,6.0128285873e-01
2.1740000000e+03,5.7214213286e-01
2.1370000000e+03,5.4199662841e-01
2.0830000000e+03,5.3427966005e-01
2.0270000000e+03,6.7386773900e-01
1.9840000000e+03,9.5586279808e-01
1.9660000000e+03,8.8823162041e-01
1.9720000000e+03,7.9794691423e-01
1.9920000000e+03,7.1896048121e-01
2.0160000000e+03,6.7451446589e-01
2.0380000000e+03,6.3649788615e-01
2.0550000000e+03,5.9278334127e-01
2.0620000000e+03,5.7198903719e-01
2.0530000000e+03,5.4800469684e-01
2.0300000000e+03,5.4067985736e-01
2.0050000000e+03,5.3589994754e-01
1.9930000000e+03,9.3719088795e-01
2.0040000000e+03,8.6838354068e-01
2.0350000000e+03,7.8285203047e-01
2.0720000000e+03,7.0924842569e-01
2.0980000000e+03,6.5852366822e-01
2.1060000000e+03,6.2487776602e-01
2.0950000000e+03,7.2961861746e-01
2.0680000000e+03,6.9663284082e-01
2.0310000000e+03,6.7876192916e-01
1.9880000000e+03,6.7822355910e-01
1.9510000000e+03,7.7084423451e-01
1.9270000000e+03,8.4291910512e-01
1.9230000000e+03,7.9763704391e-01
1.9380000000e+03,7.3138377864e-01
1.9680000000e+03,6.7365122928e-01
2.0020000000e+03,6.2158465699e-01
2.0300000000e+03,5.9622684284e-01
2.0460000000e+03,5.6452146772e-01
2.0510000000e+03,5.4494177238e-01
2.0460000000e+03,5.1893911482e-01
2.0340000000e+03,5.1468450129e-01
2.0210000000e+03,5.0245268300e-01
2.0150000000e+03,5.6846335511e-01
2.0220000000e+03,7.5427182545e-01
2.0410000000e+03,7.0175767357e-01
2.0660000000e+03,6.5884577719e-01
2.0880000000e+03,6.2891877379e-01
2.1010000000e+03,5.8616449598e-01
2.1010000000e+03,5.6306045476e-01
2.0880000000e+03,5.5048599979e-01
2.0620000000e+03,5.3961024005e-01
2.0220000000e+03,5.0802802770e-01
1.9730000000e+03,4.8703587363e-01
1.9300000000e+03,9.3057785467e-01
1.9090000000e+03,9.8177655113e-01
1.9180000000e+03,9.0665786141e-01
1.9520000000e+03,8.1873301028e-01
1.9950000000e+03,7.4603462160e-01
2.0320000000e+03,6.9245747811e-01
2.0550000000e+03,6.4815769332e-01
2.0620000000e+03,6.1636149276e-01
2.0530000000e+03,5.9563080170e-01
2.0300000000e+03,5.6811330209e-01
1.9980000000e+03,5.4524149951e-01
1.9640000000e+03,5.3451567773e-01
1.9390000000e+03,9.3700354740e-01
1.9300000000e+03,8.9419089752e-01
1.9370000000e+03,8.1555807025e-01
1.9510000000e+03,7.4624341496e-01
1.9620000000e+03,7.0254176900e-01
1.9630000000e+03,6.5636496452e-01
1.9530000000e+03,6.3158839438e-01
1.9310000000e+03,6.0049856900e-01
1.9000000000e+03,5.7677059161e-01
1.8650000000e+03,5.5113010128e-01
1.8370000000e+03,8.5457413714e-01
1.8300000000e+03,9.8031874966e-01
1.8490000000e+03,8.9817677975e-01
1.8880000000e+03,8.1880363951e-01
1.9330000000e+03,7.5012969139e-01
1.9710000000e+03,6.9215589115e-01
1.9940000000e+03,6.4449853418e-01
2.0010000000e+03,6.2667571981e-01
1.9950000000e+03,6.0346406178e-01
1.9780000000e+03,5.6560970383e-01
1.9570000000e+03,5.4262408700e-01
1.9370000000e+03,5.1514089356e-01
1.9260000000e+03,7.2601386766e-01
1.9300000000e+03,7.0369320731e-01
1.9460000000e+03,6.4939429294e-01
1.9690000000e+03,6.0415582533e-01
1.9920000000e+03,5.7495524476e-01
2.0150000000e+03,5.4783726385e-01
2.0330000000e+03,5.3350384357e-01
2.0450000000e+03,5.0716956853e-01
2.0420000000e+03,4.9239611984e-01
2.0160000000e+03,4.6995801692e-01
1.9720000000e+03,5.9675042439e-01
1.9270000000e+03,9.4542610447e-01
1.8990000000e+03,9.4154845719e-01
1.8970000000e+03,8.6619666047e-01
1.9150000000e+03,7.8448184472e-01
1.9410000000e+03,7.0837636813e-01
1.9660000000e+03,6.4868419467e-01
1.9850000000e+03,6.1991887854e-01
1.9960000000e+03,5.7729844528e-01
1.9980000000e+03,5.4820609076e-01
1.9910000000e+03,5.2541220746e-01
1.9810000000e+03,5.1727620622e-01
1.9780000000e+03,8.2238889127e-01
1.9910000000e+03,9.3323678320e-01
2.0210000000e+03,8.5593389783e-01
2.0590000000e+03,7.6796549724e-01
2.0930000000e+03,7.0334330255e-01
2.1140000000e+03,6.5590175571e-01
2.1180000000e+03,6.3212530781e-01
2.1050000000e+03,6.0874720984e-01
2.0770000000e+03,5.7773834405e-01
2.0380000000e+03,5.7389755909e-01
1.9990000000e+03,6.7539982807e-01
1.9760000000e+03,8.9897079133e-01
1.9780000000e+03,9.8632718343e-01
2.0030000000e+03,8.9415430855e-01
2.0380000000e+03,8.1893674362e-01
2.0690000000e+03,7.5915082492e-01
2.0910000000e+03,7.0771194847e-01
2.1060000000e+03,6.6137431507e-01
2.1140000000e+03,6.2404150474e-01
2.1150000000e+03,5.9050311314e-01
2.1080000000e+03,5.6286154357e-01
2.0940000000e+03,5.4838792462e-01
2.0780000000e+03,5.3376193986e-01
2.0680000000e+03,9.3550258166e-01
2.0680000000e+03,8.7584450017e-01
2.0790000000e+03,8.0964325335e-01
2.0960000000e+03,7.5564476031e-01
2.1170000000e+03,7.0131530258e-01
2.1390000000e+03,6.5984222589e-01
2.1620000000e+03,6.3037729571e-01
2.1770000000e+03,6.0599535188e-01
2.1740000000e+03,5.7247790593e-01
2.1450000000e+03,5.3839753864e-01
2.0990000000e+03,6.2717231655e-01
2.0570000000e+03,9.4954325986e-01
2.0420000000e+03,9.1758353835e-01
2.0640000000e+03,8.2865773184e-01
2.1120000000e+03,7.5092012344e-01
2.1670000000e+03,6.8568892623e-01
2.2150000000e+03,6.3805922992e-01
2.2330000000e+03,6.0446333810e-01
2.2330000000e+03,5.8212065696e-01
2.2330000000e+03,5.5672256862e-01
2.2330000000e+03,5.2382276666e-01
2.2210000000e+03,5.0052462512e-01
2.2110000000e+03,9.3240335867e-01
2.2210000000e+03,9.1991849834e-01
2.2330000000e+03,8.3025816486e-01
2.2330000000e+03,7.5655317109e-01
2.2330000000e+03,6.9969907068e-01
2.2330000000e+03,6.6428905237e-01
2.2330000000e+03,9.5124342769e-01
2.2210000000e+03,8.9964574708e-01
2.1960000000e+03,8.3083116517e-01
2.1640000000e+03,7.8268285407e-01
2.1240000000e+03,7.5866198788e-01
2.0890000000e+03,9.6733845177e-01
2.0760000000e+03,9.6034269275e-01
2.0900000000e+03,8.6972499456e-01
2.1230000000e+03,7.9294498979e-01
2.1610000000e+03,7.4032639934e-01
2.1910000000e+03,6.9391814715e-01
2.2080000000e+03,6.5281447723e-01
2.2130000000e+03,6.0428042584e-01
2.2070000000e+03,5.6309070886e-01
2.1910000000e+03,5.4913431653e-01
2.1680000000e+03,5.1394779875e-01
2.1380000000e+03,4.9419112051e-01
2.1050000000e+03,7.0433451479e-01
2.0730000000e+03,6.8666900200e-01
2.0500000000e+03,6.4539857571e-01
2.0420000000e+03,6.4165058312e-01
2.0470000000e+03,5.9576956286e-01
2.0620000000e+03,5.5889954898e-01
2.0780000000e+03,5.4046098791e-01
2.0860000000e+03,5.2062790829e-01
2.0810000000e+03,5.0151190506e-01
2.0620000000e+03,4.8562542703e-01
2.0430000000e+03,7.6041395401e-01
2.0380000000e+03,9.6757555461e-01
2.0560000000e+03,9.1954696172e-01
2.0910000000e+03,8.3440018611e-01
2.1300000000e+03,7.5394002119e-01
2.1630000000e+03,6.9424452641e-01
2.1830000000e+03,6.6100465809e-01
2.1870000000e+03,6.2253770786e-01
2.1780000000e+03,5.8778806774e-01
2.1590000000e+03,5.8477496972e-01
2.1380000000e+03,5.6872563343e-01
2.1230000000e+03,5.6654943051e-01
2.1200000000e+03,6.0418699630e-01
2.1260000000e+03,5.8738283888e-01
2.1330000000e+03,5.4474172634e-01
2.1360000000e+03,5.2103215193e-01
2.1320000000e+03,5.1733812413e-01
2.1260000000e+03,5.0584940061e-01
2.1190000000e+03,5.1012223261e-01
2.1110000000e+03,4.9575775166e-01
2.1000000000e+03,4.8833790351e-01
2.0850000000e+03,4.7770772264e-01
2.0690000000e+03,5.9804089840e-01
2.0590000000e+03,7.4578249412e-01
2.0580000000e+03,7.3986754583e-01
2.0660000000e+03,7.0049595006e-01
2.0810000000e+03,6.6407008853e-01
2.1040000000e+03,6.2993789038e-01
2.1350000000e+03,5.9449324394e-01
2.1710000000e+03,5.6564144951e-01
2.2080000000e+03,5.3598671901e-01
2.2330000000e+03,5.2063124866e-01
2.2330000000e+03,5.0436454012e-01
2.2330000000e+03,5.7204780377e-01
2.2330000000e+03,5.6565412833e-01
2.2330000000e+03,5.4334749552e-01
2.2330000000e+03,5.1579475466e-01
2.2330000000e+03,4.9855842122e-01
2.2330000000e+03,4.7787934523e-01
2.2330000000e+03,4.5695888308e-01
2.2330000000e+03,4.2714612467e-01
2.2330000000e+03,4.1823500722e-01
2.2330000000e+03,4.0929571392e-01
2.2330000000e+03,4.0386984156e-01
2.1980000000e+03,5.5987927773e-01
2.1460000000e+03,9.3384716311e-01
2.1060000000e+03,9.9104718708e-01
2.0900000000e+03,9.2648532603e-01
2.1090000000e+03,8.3650369847e-01
2.1570000000e+03,7.5868902292e-01
2.2180000000e+03,6.9790448273e-01
2.2330000000e+03,6.5986548312e-01
2.2330000000e+03,6.3955406095e-01
2.2330000000e+03,6.0707308708e-01
2.2310000000e+03,5.7679641839e-01
2.1660000000e+03,5.4776024086e-01
2.1030000000e+03,5.4624205390e-01
2.0560000000e+03,9.3859053984e-01
2.0340000000e+03,9.0137612805e-01
2.0300000000e+03,8.2006373003e-01
2.0320000000e+03,7.6458735948e-01
2.0300000000e+03,7.0535272501e-01
2.0190000000e+03,6.7539862987e-01
1.9980000000e+03,8.5564334952e-01
1.9700000000e+03,8.0654032033e-01
1.9400000000e+03,7.5991902432e-01
1.9150000000e+03,7.2771285440e-01
1.9040000000e+03,7.1478029401e-01
1.9100000000e+03,8.5314187707e-01
1.9280000000e+03,8.0033908803e-01
1.9470000000e+03,7.4118361259e-01
1.9570000000e+03,6.8675109194e-01
1.9550000000e+03,6.3131049488e-01
1.9460000000e+03,6.0043017912e-01
1.9380000000e+03,7.1446819249e-01
1.9330000000e+03,6.8989581046e-01
1.9310000000e+03,6.3717869320e-01
1.9260000000e+03,6.1553713578e-01
1.9210000000e+03,5.9244410037e-01
1.9190000000e+03,8.0284718703e-01
1.9280000000e+03,8.0056177969e-01
1.9470000000e+03,7.3368148186e-01
1.9750000000e+03,6.7085632373e-01
2.0040000000e+03,6.1664996293e-01
2.0300000000e+03,5.8512932489e-01
2.0480000000e+03,5.5417918755e-01
2.0530000000e+03,5.2632679711e-01
2.0410000000e+03,5.1029243483e-01
2.0110000000e+03,4.8699869813e-01
1.9710000000e+03,4.7282434140e-01
1.9380000000e+03,9.2865453293e-01
1.9280000000e+03,9.5452947504e-01
1.9470000000e+03,8.7086812869e-01
1.9860000000e+03,7.8528615284e-01
2.0290000000e+03,7.1718790816e-01
2.0640000000e+03,6.6455629257e-01
2.0880000000e+03,6.2337632107e-01
2.1000000000e+03,5.8058896395e-01
2.1010000000e+03,5.6855998112e-01
2.0890000000e+03,5.5148597647e-01
2.0680000000e+03,5.2571142373e-01
2.0420000000e+03,6.1729826870e-01
2.0190000000e+03,6.3286905121e-01
2.0050000000e+03,5.9763422054e-01
1.9980000000e+03,5.7182587364e-01
1.9920000000e+03,5.3752049548e-01
1.9810000000e+03,4.9774071483e-01
1.9610000000e+03,4.9743256156e-01
1.9340000000e+03,6.7568135618e-01
1.9070000000e+03,6.3355506789e-01
1.8840000000e+03,6.1380928775e-01
1.8670000000e+03,6.0699259076e-01
1.8630000000e+03,6.6157689140e-01
1.8760000000e+03,9.5419941274e-01
1.9080000000e+03,8.7006775202e-01
1.9520000000e+03,8.0204157244e-01
1.9980000000e+03,7.3062461909e-01
2.0350000000e+03,6.7022216519e-01
2.0580000000e+03,6.3665308652e-01
2.0690000000e+03,5.9865389072e-01
2.0710000000e+03,5.6092305608e-01
2.0670000000e+03,5.3274768965e-01
2.0620000000e+03,5.2006750244e-01
2.0580000000e+03,5.0359320048e-01
2.0570000000e+03,6.6101816327e-01
2.0630000000e+03,6.4563029686e-01
2.0780000000e+03,6.0650971034e-01
2.1030000000e+03,5.7007554365e-01
2.1340000000e+03,5.3650446099e-01
2.1630000000e+03,5.1825368315e-01
2.1770000000e+03,5.1805555624e-01
2.1650000000e+03,5.0165682379e-01
2.1220000000e+03,4.7839676757e-01
2.0580000000e+03,4.7359482590e-01
1.9930000000e+03,8.0332811324e-01
1.9470000000e+03,9.7338335450e-01
1.9300000000e+03,9.4032716252e-01
1.9390000000e+03,8.5112024208e-01
1.9610000000e+03,7.6781122228e-01
1.9850000000e+03,7.0630051621e-01
2.0050000000e+03,6.5418620257e-01
2.0200000000e+03,6.3738702177e-01
2.0300000000e+03,5.9742315742e-01
2.0340000000e+03,5.6231759280e-01
2.0340000000e+03,5.3814920796e-01
2.0320000000e+03,5.3439003131e-01
2.0340000000e+03,7.3478036920e-01
2.0410000000e+03,7.9350470246e-01
2.0500000000e+03,7.4260554859e-01
2.0560000000e+03,6.9721996510e-01
2.0520000000e+03,6.4753850634e-01
2.0390000000e+03,6.1097079700e-01
2.0200000000e+03,6.5478040728e-01
2.0020000000e+03,6.3330970080e-01
1.9880000000e+03,6.0464087869e-01
1.9800000000e+03,5.7938962674e-01
1.9820000000e+03,5.4669379334e-01
1.9990000000e+03,8.3443381476e-01
2.0310000000e+03,8.3564525725e-01
2.0720000000e+03,7.5899536654e-01
2.1100000000e+03,7.0097103958e-01
2.1370000000e+03,6.5131465286e-01
2.1540000000e+03,6.1336557445e-01
2.1690000000e+03,8.5044350780e-01
2.1840000000e+03,8.0238590958e-01
2.1970000000e+03,7.5211525747e-01
2.2030000000e+03,7.0158692843e-01
2.1990000000e+03,6.6072820579e-01
2.1910000000e+03,6.3071220114e-01
2.1920000000e+03,9.4935718311e-01
2.2100000000e+03,8.8902583009e-01
2.2330000000e+03,8.2337550473e-01
2.2330000000e+03,7.6916727641e-01
2.2330000000e+03,7.0789809953e-01
2.2330000000e+03,6.6203450159e-01
2.2330000000e+03,6.4396966964e-01
2.2330000000e+03,6.1510908509e-01
2.2330000000e+03,5.8169880115e-01
2.1910000000e+03,5.6507046398e-01
2.1210000000e+03,8.2564910538e-01
2.0660000000e+03,9.7640417229e-01
2.0360000000e+03,9.2398173744e-01
2.0340000000e+03,8.4020684076e-01
2.0500000000e+03,7.5745464614e-01
2.0720000000e+03,7.0682524668e-01
2.0880000000e+03,6.6429602161e-01
2.0950000000e+03,6.1236236592e-01
2.0910000000e+03,5.9576168502e-01
2.0810000000e+03,5.7978766991e-01
2.0720000000e+03,5.5948648661e-01
2.0760000000e+03,5.2756321560e-01
2.0960000000e+03,7.2899820708e-01
2.1320000000e+03,7.1083455550e-01
2.1690000000e+03,6.5007511245e-01
2.1950000000e+03,6.1020239990e-01
2.1990000000e+03,5.5938629029e-01
2.1840000000e+03,5.2880118236e-01
2.1580000000e+03,7.9212756015e-01
2.1340000000e+03,7.7951160693e-01
2.1160000000e+03,7.4271378990e-01
2.1010000000e+03,7.0140587741e-01
2.0870000000e+03,6.7001524143e-01
2.0760000000e+03,8.2693486161e-01
2.0730000000e+03,8.1056381320e-01
2.0800000000e+03,7.5291276425e-01
2.0930000000e+03,7.0282555258e-01
2.1060000000e+03,6.5774853039e-01
2.1160000000e+03,6.1068420459e-01
2.1220000000e+03,5.8577791421e-01
2.1270000000e+03,5.6398788607e-01
2.1310000000e+03,5.3504097311e-01
2.1340000000e+03,5.2275208008e-01
2.1340000000e+03,5.1362429557e-01
2.1320000000e+03,5.5307588033e-01
2.1320000000e+03,6.2470656429e-01
2.1350000000e+03,5.9023693804e-01
2.1410000000e+03,5.5987681122e-01
2.1490000000e+03,5.3264753539e-01
2.1600000000e+03,5.1711103689e-01
2.1710000000e+03,4.9636057626e-01
2.1760000000e+03,4.8389048274e-01
2.1670000000e+03,4.6805477904e-01
2.1390000000e+03,4.5107530453e-01
2.0900000000e+03,4.4462914111e-01
2.0320000000e+03,9.2483872751e-01
1.9850000000e+03,9.8982802790e-01
1.9640000000e+03,9.2170214604e-01
1.9720000000e+03,8.3433094870e-01
2.0020000000e+03,7.6676078366e-01
2.0400000000e+03,7.2203082007e-01
2.0730000000e+03,6.8381418848e-01
2.0890000000e+03,6.6321502959e-01
2.0810000000e+03,6.1535626908e-01
2.0550000000e+03,5.7189827611e-01
2.0220000000e+03,5.4257431060e-01
2.0000000000e+03,5.3435089114e-01
1.9980000000e+03,9.3698124596e-01
2.0130000000e+03,8.8708461359e-01
2.0310000000e+03,7.9683802792e-01
2.0370000000e+03,7.3568133581e-01
2.0220000000e+03,7.0062960260e-01
1.9920000000e+03,6.9020890689e-01
1.9580000000e+03,9.3600359267e-01
1.9290000000e+03,8.7551186013e-01
1.9070000000e+03,8.0640698868e-01
1.8920000000e+03,7.6171154147e-01
1.8860000000e+03,7.2286054505e-01
1.8920000000e+03,9.6249325337e-01
1.9110000000e+03,9.1082704128e-01
1.9350000000e+03,8.3574157301e-01
1.9560000000e+03,7.5765843663e-01
1.9710000000e+03,7.0020290317e-01
1.9810000000e+03,7.8784243402e-01
1.9870000000e+03,7.7061077457e-01
1.9890000000e+03,7.2964781888e-01
1.9880000000e+03,6.7845005903e-01
1.9830000000e+03,6.4518294552e-01
1.9770000000e+03,6.2123717285e-01
1.9730000000e+03,6.1161448894e-01
1.9730000000e+03,6.1937002688e-01
1.9790000000e+03,5.8691945939e-01
1.9900000000e+03,5.5124688557e-01
2.0010000000e+03,5.3553911469e-01
2.0100000000e+03,5.1545017649e-01
2.0130000000e+03,4.8829705429e-01
2.0070000000e+03,4.6483279600e-01
1.9870000000e+03,4.5911286000e-01
1.9570000000e+03,4.4088926404e-01
1.9230000000e+03,4.8791959611e-01
1.9000000000e+03,9.2556820060e-01
1.8980000000e+03,9.8992675135e-01
1.9150000000e+03,9.1023765150e-01
1.9390000000e+03,8.1738021578e-01
1.9540000000e+03,7.4412691209e-01
1.9530000000e+03,6.9161372755e-01
1.9380000000e+03,6.5188574846e-01
1.9150000000e+03,6.2369184184e-01
1.8910000000e+03,5.7070267292e-01
1.8710000000e+03,5.3677028793e-01
1.8570000000e+03,5.1513484848e-01
1.8520000000e+03,5.2148515538e-01
1.8530000000e+03,8.1610875990e-01
1.8590000000e+03,7.5408341781e-01
1.8650000000e+03,7.0207500169e-01
1.8660000000e+03,6.6359606868e-01
1.8600000000e+03,6.0946016520e-01
1.8470000000e+03,5.8294295027e-01
1.8290000000e+03,7.6856458835e-01
1.8080000000e+03,7.0750627573e-01
1.7900000000e+03,6.7372114639e-01
1.7810000000e+03,7.9863886021e-01
1.7890000000e+03,7.7316551272e-01
1.8120000000e+03,9.6930129042e-01
1.8450000000e+03,8.9963788009e-01
1.8790000000e+03,8.4134834952e-01
1.9050000000e+03,7.6347820999e-01
1.9190000000e+03,7.0279893873e-01
1.9190000000e+03,6.5913960983e-01
1.9070000000e+03,6.1921525145e-01
1.8880000000e+03,5.8789211468e-01
1.8620000000e+03,5.6755093231e-01
1.8330000000e+03,5.4257603605e-01
1.8050000000e+03,5.1311129264e-01
1.7810000000e+03,8.8579070640e-01
1.7660000000e+03,8.5724092381e-01
1.7600000000e+03,7.9820074123e-01
1.7620000000e+03,7.3108567423e-01
1.7680000000e+03,6.8249013551e-01
1.7740000000e+03,6.3602653799e-01
1.7760000000e+03,6.2404048846e-01
1.7690000000e+03,5.8784665892e-01
1.7510000000e+03,5.4775528657e-01
1.7240000000e+03,5.1205688499e-01
1.6990000000e+03,5.0243837403e-01
1.6950000000e+03,9.3266235642e-01
1.7230000000e+03,9.2129239536e-01
1.7850000000e+03,8.3752536295e-01
1.8680000000e+03,7.5613075229e-01
1.9540000000e+03,6.9231284743e-01
2.0330000000e+03,6.5035420783e-01
2.0960000000e+03,8.0183005858e-01
2.1330000000e+03,7.4737553434e-01
2.1400000000e+03,6.8380345565e-01
2.1150000000e+03,6.3196886510e-01
2.0670000000e+03,5.9845173004e-01
2.0150000000e+03,6.8934647005e-01
1.9700000000e+03,8.4653382262e-01
1.9400000000e+03,7.7865212788e-01
1.9210000000e+03,7.0714086571e-01
1.9050000000e+03,6.7277569201e-01
1.8900000000e+03,6.3488204995e-01
1.8750000000e+03,9.2528538324e-01
1.8620000000e+03,8.9453213072e-01
1.8450000000e+03,8.2016114506e-01
1.8210000000e+03,7.7154388268e-01
1.7870000000e+03,7.3079843444e-01
1.7500000000e+03,8.8973632158e-01
1.7220000000e+03,9.0228743229e-01
1.7070000000e+03,8.2846254203e-01
1.7010000000e+03,7.5087201456e-01
1.6980000000e+03,6.7766049179e-01
1.6950000000e+03,6.2739100828e-01
1.6930000000e+03,5.8413618818e-01
1.6960000000e+03,5.4146380377e-01
1.7110000000e+03,5.0083865123e-01
1.7440000000e+03,4.6001619879e-01
1.8020000000e+03,4.3021981478e-01
1.8860000000e+03,9.2288863725e-01
1.9880000000e+03,9.8956411188e-01
2.0940000000e+03,9.2293689005e-01
2.1880000000e+03,8.4675396274e-01
2.2330000000e+03,7.8171798136e-01
2.2330000000e+03,7.2749573574e-01
2.2330000000e+03,6.8740075998e-01
2.2330000000e+03,6.3889704068e-01
2.2330000000e+03,6.2138118438e-01
2.2330000000e+03,5.7891892798e-01
2.2330000000e+03,5.4530413004e-01
2.2330000000e+03,5.8469862692e-01
2.2330000000e+03,6.5394941364e-01
2.2330000000e+03,6.2331267623e-01
2.2330000000e+03,5.7230210379e-01
2.2330000000e+03,5.3637988195e-01
2.2330000000e+03,5.1329990095e-01
2.2330000000e+03,9.3413230424e-01
2.2330000000e+03,9.9108577674e-01
2.2330000000e+03,9.2590537445e-01
2.2330000000e+03,8.4273341489e-01
2.2330000000e+03,7.7786487701e-01
2.2330000000e+03,7.3382554986e-01
2.2330000000e+03,6.7988922006e-01
2.2330000000e+03,6.5415218215e-01
2.2330000000e+03,6.2140518807e-01
2.2330000000e+03,5.9523983776e-01
2.2330000000e+03,5.6505860076e-01
2.2330000000e+03,5.4156486117e-01
2.2330000000e+03,5.2888151720e-01
2.2330000000e+03,6.8977019918e-01
2.2330000000e+03,6.4269239334e-01
2.2330000000e+03,6.1977074480e-01
2.2200000000e+03,5.9645836803e-01
2.1800000000e+03,6.6853076443e-01
2.1670000000e+03,7.1890594091e-01
2.1850000000e+03,6.9362760745e-01
2.2270000000e+03,6.7429470009e-01
2.2330000000e+03,6.4169174677e-01
2.2330000000e+03,6.1673212198e-01
2.2330000000e+03,5.9535191697e-01
2.2330000000e+03,5.7273185664e-01
2.2330000000e+03,5.4961150876e-01
2.2330000000e+03,5.2929924010e-01
2.2330000000e+03,5.1625684720e-01
2.2330000000e+03,5.1630749011e-01
2.2330000000e+03,5.0209721326e-01
2.2330000000e+03,5.3922033973e-01
2.2330000000e+03,5.0218791902e-01
2.2330000000e+03,4.8956144749e-01
2.2330000000e+03,4.7931473810e-01
2.2330000000e+03,4.6473596420e-01
2.2330000000e+03,4.4992885053e-01
2.2330000000e+03,4.3458127202e-01
2.2330000000e+03,4.2185804620e-01
2.2010000000e+03,5.3158432598e-01
2.1440000000e+03,6.0071539881e-01
2.1120000000e+03,9.4596270541e-01
2.1060000000e+03,8.8508290449e-01
2.1190000000e+03,7.9865455925e-01
2.1450000000e+03,7.3254353588e-01
2.1810000000e+03,6.8644416883e-01
2.2210000000e+03,6.4917193178e-01
2.2330000000e+03,6.2763947244e-01
2.2330000000e+03,6.1619036423e-01
2.2330000000e+03,5.8940367637e-01
2.2330000000e+03,5.6240419792e-01
2.2330000000e+03,5.5990131431e-01
2.2180000000e+03,8.9747436271e-01
2.2020000000e+03,8.4910979050e-01
2.1940000000e+03,7.8297168889e-01
2.1920000000e+03,7.3789511743e-01
2.1910000000e+03,6.8483818666e-01
2.1900000000e+03,6.3661745757e-01
2.1850000000e+03,6.2712540833e-01
2.1730000000e+03,6.0690781543e-01
2.1490000000e+03,5.7242397012e-01
2.1160000000e+03,5.5325496903e-01
2.0890000000e+03,8.1561848544e-01
2.0870000000e+03,9.7504667550e-01
2.1140000000e+03,9.2797637852e-01
2.1590000000e+03,8.5363935155e-01
2.2020000000e+03,7.9397046047e-01
2.2330000000e+03,7.3469881706e-01
2.2330000000e+03,7.0266058103e-01
2.2330000000e+03,6.7682203775e-01
2.2330000000e+03,6.6805533197e-01
2.2330000000e+03,6.2461353722e-01
2.2330000000e+03,5.8483217217e-01
2.2330000000e+03,5.7520854635e-01
2.2330000000e+03,5.7323317158e-01
2.2330000000e+03,5.7946967382e-01
2.2330000000e+03,5.5657358914e-01
2.2330000000e+03,5.2486325941e-01
2.2330000000e+03,5.0173091288e-01
2.2330000000e+03,4.7961691715e-01
2.2330000000e+03,6.3723452820e-01
2.2330000000e+03,6.1027774593e-01
2.2330000000e+03,5.7292448868e-01
2.2160000000e+03,5.4761080442e-01
2.1560000000e+03,5.4430136726e-01
2.1030000000e+03,9.3832789647e-01
2.0720000000e+03,9.5843233648e-01
2.0700000000e+03,8.8980618751e-01
2.0930000000e+03,8.1079031094e-01
2.1290000000e+03,7.5678530524e-01
2.1710000000e+03,7.1489867714e-01
2.2130000000e+03,6.7043606207e-01
2.2330000000e+03,6.3921191630e-01
2.2330000000e+03,6.0056558902e-01
2.2330000000e+03,5.8400197801e-01
2.2330000000e+03,5.7258749368e-01
2.2330000000e+03,5.4558660476e-01
2.2160000000e+03,6.1651915576e-01
2.1960000000e+03,5.9745819880e-01
2.1880000000e+03,5.6687419725e-01
2.1930000000e+03,5.3074761123e-01
2.2070000000e+03,5.0928243271e-01
2.2240000000e+03,5.0415042510e-01
2.2330000000e+03,5.0222329368e-01
2.2320000000e+03,4.7966699669e-01
2.2060000000e+03,4.7283099352e-01
2.1620000000e+03,5.0987323320e-01
2.1170000000e+03,6.3445602172e-01
2.0910000000e+03,9.5052900216e-01
2.0940000000e+03,9.0253769080e-01
2.1230000000e+03,8.2344787255e-01
2.1640000000e+03,7.5394348287e-01
2.2050000000e+03,7.0775187238e-01
2.2330000000e+03,6.7728892031e-01
2.2330000000e+03,6.4879073370e-01
2.2330000000e+03,6.2383610542e-01
2.2330000000e+03,6.1307688767e-01
2.2330000000e+03,5.9162670530e-01
2.2330000000e+03,5.7708527469e-01
2.2330000000e+03,5.6134343230e-01
2.2330000000e+03,5.4581778812e-01
2.2330000000e+03,5.2365786948e-01
2.2330000000e+03,5.1001528552e-01
2.2330000000e+03,4.9186721441e-01
2.2330000000e+03,4.8559413943e-01
2.2330000000e+03,4.7689784585e-01
2.2330000000e+03,4.5985861885e-01
2.2330000000e+03,5.2792628145e-01
2.2330000000e+03,5.6154629109e-01
2.2330000000e+03,5.5425152448e-01
2.2150000000e+03,9.3967450381e-01
2.2010000000e+03,9.3064958019e-01
2.2140000000e+03,8.6615454778e-01
2.2330000000e+03,7.9108144962e-01
2.2330000000e+03,7.2914614487e-01
2.2330000000e+03,6.8352566885e-01
2.2330000000e+03,6.5167187700e-01
2.2330000000e+03,6.1964051069e-01
2.2330000000e+03,5.9000427280e-01
2.2330000000e+03,6.3796233712e-01
2.2330000000e+03,6.2716958368e-01
2.2330000000e+03,6.0903390609e-01
2.2330000000e+03,5.9683427679e-01
2.2330000000e+03,5.6581268413e-01
2.2330000000e+03,5.4572933196e-01
2.2330000000e+03,5.1646893505e-01
2.2330000000e+03,6.0644346793e-01
2.2330000000e+03,5.8692845078e-01
2.2330000000e+03,8.2181555073e-01
2.2330000000e+03,7.8361849293e-01
2.2200000000e+03,7.2935531528e-01
2.1700000000e+03,6.8434753665e-01
2.1150000000e+03,6.6944554243e-01
2.0710000000e+03,9.4393908084e-01
2.0510000000e+03,8.8836354431e-01
2.0550000000e+03,8.2097095821e-01
2.0780000000e+03,7.5746030672e-01
2.1120000000e+03,7.0319858041e-01
2.1500000000e+03,6.7056263452e-01
2.1870000000e+03,6.3789027470e-01
2.2180000000e+03,6.0330409949e-01
2.2330000000e+03,5.7972659656e-01
2.2330000000e+03,5.5352741392e-01
2.2330000000e+03,5.3775573820e-01
2.2330000000e+03,5.2801226184e-01
2.2330000000e+03,5.1095452439e-01
2.2330000000e+03,4.9232614673e-01
2.2330000000e+03,4.8966052815e-01
2.2330000000e+03,4.7459712537e-01
2.2330000000e+03,4.7312266580e-01
2.2330000000e+03,4.5750925783e-01
2.2330000000e+03,4.4516719669e-01
2.2330000000e+03,4.3093453866e-01
2.2170000000e+03,4.1754803907e-01
2.1550000000e+03,4.5379949414e-01
2.0980000000e+03,9.2607979984e-01
2.0600000000e+03,9.0164907136e-01
2.0490000000e+03,8.1759375380e-01
2.0540000000e+03,7.4452747720e-01
2.0630000000e+03,6.9534958392e-01
2.0700000000e+03,6.5064073215e-01
2.0730000000e+03,6.1974253877e-01
2.0730000000e+03,5.8726159903e-01
2.0670000000e+03,5.5801831397e-01
2.0540000000e+03,5.4551463606e-01
2.0330000000e+03,6.2173023920e-01
2.0100000000e+03,6.2192762244e-01
1.9920000000e+03,6.1517554995e-01
1.9800000000e+03,5.6796186026e-01
1.9710000000e+03,5.3277832377e-01
1.9580000000e+03,5.1040232941e-01
1.9400000000e+03,5.0506971589e-01
1.9200000000e+03,4.9634379101e-01
1.9010000000e+03,4.8072930420e-01
1.8830000000e+03,4.6650473252e-01
1.8640000000e+03,4.5696010164e-01
1.8470000000e+03,6.3649741563e-01
1.8370000000e+03,7.4792298028e-01
1.8400000000e+03,8.4988160273e-01
1.8550000000e+03,7.8085331864e-01
1.8780000000e+03,7.3544462933e-01
1.9040000000e+03,6.7244564406e-01
1.9270000000e+03,6.4568362357e-01
1.9450000000e+03,6.0983045512e-01
1.9580000000e+03,5.6715698397e-01
1.9680000000e+03,5.4469490452e-01
1.9760000000e+03,5.2718630971e-01
1.9830000000e+03,5.0501126012e-01
1.9910000000e+03,4.8726253274e-01
2.0020000000e+03,6.1123452666e-01
2.0160000000e+03,5.9133527333e-01
2.0320000000e+03,5.5520091132e-01
2.0490000000e+03,5.3503969531e-01
2.0630000000e+03,5.1639848047e-01
2.0690000000e+03,4.9724303231e-01
2.0630000000e+03,4.9236416342e-01
2.0420000000e+03,4.7979189141e-01
2.0080000000e+03,4.6280020510e-01
1.9670000000e+03,4.5158475966e-01
1.9290000000e+03,6.9500673396e-01
1.9080000000e+03,9.5872364996e-01
1.9100000000e+03,9.1207725362e-01
1.9310000000e+03,8.1876493499e-01
1.9610000000e+03,7.4100215875e-01
1.9890000000e+03,7.0914596623e-01
2.0120000000e+03,6.5895897851e-01
2.0230000000e+03,6.2210457129e-01
2.0250000000e+03,5.7666846665e-01
2.0170000000e+03,5.4527956383e-01
2.0040000000e+03,5.3493709933e-01
1.9880000000e+03,5.2290660133e-01
1.9720000000e+03,7.5054785707e-01
1.9570000000e+03,7.2775490462e-01
1.9390000000e+03,6.7172043888e-01
1.9230000000e+03,6.4864510758e-01
1.9120000000e+03,6.3010985695e-01
1.9120000000e+03,6.1155160183e-01
1.9210000000e+03,6.0353936398e-01
1.9310000000e+03,5.8765978463e-01
1.9330000000e+03,5.5974286553e-01
1.9220000000e+03,5.5297051950e-01
1.9080000000e+03,5.4884162196e-01
1.9020000000e+03,9.3544910789e-01
1.9110000000e+03,9.2782558445e-01
1.9330000000e+03,8.3989200414e-01
1.9540000000e+03,7.6015443122e-01
1.9670000000e+03,7.1051775791e-01
1.9680000000e+03,6.5781984750e-01
1.9650000000e+03,8.2138751889e-01
1.9650000000e+03,7.9215003450e-01
1.9690000000e+03,7.4376196983e-01
1.9730000000e+03,6.9636838995e-01
1.9710000000e+03,6.7040820217e-01
1.9650000000e+03,6.4308823626e-01
1.9590000000e+03,8.3422525606e-01
1.9620000000e+03,8.1066132899e-01
1.9720000000e+03,7.5221417104e-01
1.9840000000e+03,6.9224222425e-01
1.9900000000e+03,6.5784820181e-01
1.9890000000e+03,6.2320521364e-01
1.9830000000e+03,6.1719250036e-01
1.9710000000e+03,5.7685670340e-01
1.9510000000e+03,5.4963409493e-01
1.9230000000e+03,5.1309479942e-01
1.8960000000e+03,7.7115624038e-01
1.8800000000e+03,9.6902936498e-01
1.8820000000e+03,9.0917951354e-01
1.9000000000e+03,8.2638332850e-01
1.9220000000e+03,7.6032280360e-01
1.9390000000e+03,7.0665226708e-01
1.9480000000e+03,6.6739752955e-01
1.9480000000e+03,6.2743131480e-01
1.9430000000e+03,6.2439804237e-01
1.9310000000e+03,5.9080769281e-01
1.9150000000e+03,5.6318977784e-01
1.8960000000e+03,5.5456127146e-01
1.8810000000e+03,8.9122665605e-01
1.8740000000e+03,8.5737089627e-01
1.8780000000e+03,7.9235306272e-01
1.8910000000e+03,7.3221944797e-01
1.9080000000e+03,6.8610510155e-01
1.9270000000e+03,6.6736530397e-01
1.9430000000e+03,7.7616241339e-01
1.9560000000e+03,7.2401282524e-01
1.9620000000e+03,6.6851377056e-01
1.9640000000e+03,6.3398913688e-01
1.9690000000e+03,6.0351770779e-01
1.9860000000e+03,9.4634195669e-01
2.0130000000e+03,9.0639434763e-01
2.0420000000e+03,8.3452686380e-01
2.0620000000e+03,7.9447714183e-01
2.0680000000e+03,7.4499471426e-01
2.0670000000e+03,6.9596315404e-01
2.0680000000e+03,6.5899819355e-01
2.0760000000e+03,6.4166493842e-01
2.0930000000e+03,6.1243966669e-01
2.1140000000e+03,5.8983635989e-01
2.1300000000e+03,5.6420672621e-01
2.1370000000e+03,5.4320554094e-01
2.1350000000e+03,6.5428029028e-01
2.1300000000e+03,6.2010115677e-01
2.1310000000e+03,5.9439771024e-01
2.1420000000e+03,5.6637685459e-01
2.1630000000e+03,5.4613031651e-01
2.1850000000e+03,5.4039843222e-01
2.1950000000e+03,5.1942841888e-01
2.1810000000e+03,4.8708211619e-01
2.1420000000e+03,4.7026028483e-01
2.0860000000e+03,4.5740668622e-01
2.0330000000e+03,8.3277100070e-01
2.0010000000e+03,9.6716546023e-01
2.0000000000e+03,8.9177106642e-01
2.0230000000e+03,8.0318227471e-01
2.0550000000e+03,7.3286354595e-01
2.0830000000e+03,6.9428417140e-01
2.0980000000e+03,6.8385914049e-01
2.0990000000e+03,6.4503994970e-01
2.0880000000e+03,6.0902110096e-01
2.0690000000e+03,5.7805915643e-01
2.0490000000e+03,5.5216204686e-01
2.0350000000e+03,5.6520295002e-01
2.0300000000e+03,9.4115661809e-01
2.0330000000e+03,8.5675285332e-01
2.0360000000e+03,7.8422822680e-01
2.0350000000e+03,7.3315843964e-01
2.0310000000e+03,6.9681613134e-01
2.0270000000e+03,6.9244099096e-01
2.0230000000e+03,6.8955990360e-01
2.0200000000e+03,6.5239231443e-01
2.0180000000e+03,6.2147616778e-01
2.0170000000e+03,5.9273746827e-01
2.0270000000e+03,5.7085007709e-01
2.0520000000e+03,8.6083359307e-01
2.0910000000e+03,7.9133346344e-01
2.1350000000e+03,7.2036187505e-01
2.1700000000e+03,6.5670862319e-01
2.1870000000e+03,6.3604623905e-01
2.1890000000e+03,6.2837483802e-01
2.1850000000e+03,9.4970600345e-01
2.1780000000e+03,8.8035313816e-01
2.1680000000e+03,8.2438996775e-01
2.1560000000e+03,7.7150221044e-01
2.1440000000e+03,7.2607366016e-01
2.1390000000e+03,7.0435203679e-01
2.1450000000e+03,6.9000111885e-01
2.1600000000e+03,6.4365868311e-01
2.1780000000e+03,6.1653466338e-01
2.1890000000e+03,5.7855472046e-01
2.1890000000e+03,5.4740038277e-01
2.1760000000e+03,5.4211293934e-01
2.1500000000e+03,5.1088491615e-01
2.1120000000e+03,5.0042431688e-01
2.0690000000e+03,4.8659805672e-01
2.0340000000e+03,4.8149363506e-01
2.0200000000e+03,9.2982779424e-01
2.0310000000e+03,9.2509464564e-01
2.0610000000e+03,8.3742400765e-01
2.0960000000e+03,7.5455076849e-01
2.1270000000e+03,6.9664849689e-01
2.1510000000e+03,6.5518450087e-01
2.1650000000e+03,6.1213413414e-01
2.1720000000e+03,5.9988238592e-01
2.1720000000e+03,5.7600825548e-01
2.1630000000e+03,5.4744257454e-01
2.1420000000e+03,5.3974229545e-01
2.1120000000e+03,5.3967664449e-01
2.0810000000e+03,7.2930078773e-01
2.0540000000e+03,6.8550310483e-01
2.0310000000e+03,6.4645283992e-01
2.0090000000e+03,6.2536834781e-01
1.9890000000e+03,6.1238354350e-01
1.9740000000e+03,7.4942814592e-01
1.9650000000e+03,7.4176022093e-01
1.9530000000e+03,6.7706830307e-01
1.9320000000e+03,6.2279277112e-01
1.8960000000e+03,5.8262302800e-01
1.8560000000e+03,7.0019839272e-01
1.8220000000e+03,9.2472054104e-01
1.8020000000e+03,8.3805613766e-01
1.7960000000e+03,7.7150159663e-01
1.7960000000e+03,6.9094141475e-01
1.7920000000e+03,6.3969093083e-01
1.7780000000e+03,5.8506092536e-01
1.7540000000e+03,5.3119962373e-01
1.7260000000e+03,4.7736460939e-01
1.7060000000e+03,4.3768179306e-01
1.7050000000e+03,4.0536266237e-01
1.7290000000e+03,9.1952458749e-01
1.7840000000e+03,9.8910883725e-01
1.8610000000e+03,9.2317787265e-01
1.9440000000e+03,8.3561264386e-01
2.0100000000e+03,7.5889144149e-01
2.0400000000e+03,6.9797867665e-01
2.0340000000e+03,6.4065855524e-01
2.0010000000e+03,6.0531353197e-01
1.9540000000e+03,5.6314025502e-01
1.9070000000e+03,5.2655158848e-01
1.8680000000e+03,5.0786613626e-01
1.8440000000e+03,6.9904268716e-01
1.8410000000e+03,9.5926985682e-01
1.8600000000e+03,9.0889482345e-01
1.8920000000e+03,8.2977718594e-01
1.9250000000e+03,7.5538607721e-01
1.9500000000e+03,6.9555459422e-01
1.9620000000e+03,6.4227946809e-01
1.9650000000e+03,5.9892102487e-01
1.9600000000e+03,5.6732472623e-01
1.9480000000e+03,5.3466569260e-01
1.9320000000e+03,5.1725707774e-01
1.9170000000e+03,4.9730177752e-01
1.9160000000e+03,9.3196719368e-01
1.9340000000e+03,9.2318557124e-01
1.9720000000e+03,8.4458195320e-01
2.0170000000e+03,7.7239057143e-01
2.0600000000e+03,7.0227672389e-01
2.0930000000e+03,6.4486609823e-01
2.1130000000e+03,6.0476470322e-01
2.1170000000e+03,5.7908354105e-01
2.1040000000e+03,5.4226178101e-01
2.0730000000e+03,5.0996773042e-01
2.0310000000e+03,4.8691006186e-01
1.9890000000e+03,9.3056082790e-01
1.9560000000e+03,9.2700194472e-01
1.9330000000e+03,8.4849889243e-01
1.9150000000e+03,7.8230705676e-01
1.8930000000e+03,7.2495053579e-01
1.8660000000e+03,6.9622335247e-01
1.8400000000e+03,8.8490712906e-01
1.8160000000e+03,8.3321158027e-01
1.7920000000e+03,7.7105580662e-01
1.7650000000e+03,7.0851313700e-01
1.7330000000e+03,6.5675801769e-01
1.6970000000e+03,6.1978451306e-01
1.6600000000e+03,5.9814655562e-01
1.6250000000e+03,5.5838633570e-01
1.5980000000e+03,5.3378121256e-01
1.5820000000e+03,4.9753405327e-01
1.5750000000e+03,4.7923478196e-01
1.5730000000e+03,8.6451180319e-01
1.5760000000e+03,8.1369262851e-01
1.5830000000e+03,7.3034433291e-01
1.5980000000e+03,6.5206727505e-01
1.6240000000e+03,5.8813844933e-01
1.6670000000e+03,9.4426060039e-01
1.7270000000e+03,9.9245649257e-01
1.7950000000e+03,9.1572780874e-01
1.8600000000e+03,8.3425160040e-01
1.9120000000e+03,7.7008711043e-01
1.9480000000e+03,7.1706905399e-01
1.9710000000e+03,6.9761053281e-01
1.9830000000e+03,6.7877432079e-01
1.9840000000e+03,6.5826429330e-01
1.9720000000e+03,6.0816282913e-01
1.9490000000e+03,5.8574135398e-01
1.9260000000e+03,5.8228356558e-01
1.9140000000e+03,8.1162696063e-01
1.9180000000e+03,7.5241529490e-01
1.9350000000e+03,6.9767907337e-01
1.9530000000e+03,6.5286513924e-01
1.9680000000e+03,6.0803873089e-01
1.9770000000e+03,5.7832254221e-01
1.9810000000e+03,5.6546123152e-01
1.9810000000e+03,5.4323835654e-01
1.9790000000e+03,5.4070619026e-01
1.9770000000e+03,5.2793587953e-01
1.9810000000e+03,5.7528467849e-01
1.9980000000e+03,8.4220546061e-01
2.0320000000e+03,8.3559059856e-01
2.0800000000e+03,7.9176686403e-01
2.1320000000e+03,7.4083155621e-01
2.1780000000e+03,6.9253302075e-01
2.2050000000e+03,6.4606368403e-01
2.2040000000e+03,6.1469600270e-01
2.1680000000e+03,5.8765709825e-01
2.1010000000e+03,5.5416914383e-01
2.0180000000e+03,5.2620974677e-01
1.9380000000e+03,5.0271984493e-01
1.8750000000e+03,4.8511674202e-01
1.8310000000e+03,4.5775715756e-01
1.8010000000e+03,5.1986631746e-01
1.7780000000e+03,5.0042770059e-01
1.7570000000e+03,4.8354941389e-01
1.7370000000e+03,4.6319576052e-01
1.7180000000e+03,4.5616045899e-01
1.6990000000e+03,4.4392146995e-01
1.6810000000e+03,4.2070135750e-01
1.6670000000e+03,4.0460745520e-01
1.6560000000e+03,3.9357939716e-01
1.6490000000e+03,3.8929075780e-01
1.6420000000e+03,3.8661689339e-01
1.6350000000e+03,3.6631323625e-01
1.6270000000e+03,3.4995820207e-01
1.6190000000e+03,3.4583882595e-01
1.6130000000e+03,3.4260574975e-01
1.6060000000e+03,3.6652475933e-01
1.6000000000e+03,3.5177001176e-01
1.5950000000e+03,3.3896205323e-01
1.5910000000e+03,5.6765942675e-01
1.5880000000e+03,5.4033145756e-01
1.5870000000e+03,7.1032925391e-01
1.5870000000e+03,6.5794815862e-01
1.5880000000e+03,5.9245973056e-01
1.5880000000e+03,5.4140377968e-01
1.5890000000e+03,5.0398920338e-01
1.5900000000e+03,4.6747521088e-01
1.5920000000e+03,4.5045887355e-01
1.5960000000e+03,4.1933668022e-01
1.6010000000e+03,3.8878698219e-01
1.6080000000e+03,3.6817887169e-01
1.6160000000e+03,3.6367721004e-01
1.6260000000e+03,8.4088477447e-01
1.6380000000e+03,9.7846609589e-01
1.6490000000e+03,9.1532340077e-01
1.6600000000e+03,8.3014663474e-01
1.6680000000e+03,7.5064133283e-01
1.6760000000e+03,6.8399878614e-01
1.6890000000e+03,9.5723388622e-01
1.7070000000e+03,9.9376314522e-01
1.7290000000e+03,9.2027310224e-01
1.7510000000e+03,8.2652362553e-01
1.7700000000e+03,7.5062934697e-01
1.7860000000e+03,7.3770830806e-01
1.8040000000e+03,8.1067822502e-01
1.8230000000e+03,7.8083579369e-01
1.8360000000e+03,7.2913616336e-01
1.8400000000e+03,6.8290000285e-01
1.8330000000e+03,6.5172429019e-01
1.8260000000e+03,8.7268325991e-01
1.8270000000e+03,9.8276955292e-01
1.8410000000e+03,9.0140541848e-01
1.8610000000e+03,8.2543887889e-01
1.8820000000e+03,7.5999130726e-01
1.9010000000e+03,6.9953723359e-01
1.9230000000e+03,9.2630765039e-01
1.9510000000e+03,9.1616061314e-01
1.9850000000e+03,8.3340550975e-01
2.0200000000e+03,7.7459135268e-01
2.0540000000e+03,7.2185060105e-01
2.0890000000e+03,6.9686706017e-01
2.1240000000e+03,6.9112553700e-01
2.1530000000e+03,6.8067625139e-01
2.1690000000e+03,6.4259278424e-01
2.1710000000e+03,6.0802365260e-01
2.1640000000e+03,5.9736866025e-01
2.1590000000e+03,5.9208417204e-01
2.1630000000e+03,7.8491667585e-01
2.1820000000e+03,7.4650909702e-01
2.2070000000e+03,6.9457776126e-01
2.2300000000e+03,6.5951378198e-01
2.2330000000e+03,6.2142636075e-01
2.2330000000e+03,6.1716586207e-01
2.2230000000e+03,5.8581264579e-01
2.2080000000e+03,5.4920330171e-01
2.1950000000e+03,5.2861006044e-01
2.1850000000e+03,5.2497120095e-01
2.1800000000e+03,5.1783413729e-01
2.1800000000e+03,8.5142720087e-01
2.1830000000e+03,8.1616751875e-01
2.1870000000e+03,7.7115598245e-01
2.1920000000e+03,7.2790105735e-01
2.1970000000e+03,6.9382060295e-01
2.2040000000e+03,6.5817433512e-01
2.2110000000e+03,6.2511138987e-01
2.2160000000e+03,5.9688995090e-01
2.2200000000e+03,5.7398242271e-01
2.2260000000e+03,5.5353229621e-01
2.2330000000e+03,5.3345877615e-01
2.2330000000e+03,5.3063624951e-01
2.2330000000e+03,5.1511524220e-01
2.2330000000e+03,4.9330362042e-01
2.2330000000e+03,4.8025074037e-01
2.2330000000e+03,4.6835232292e-01
2.2330000000e+03,5.4787727975e-01
2.2280000000e+03,5.2566334153e-01
2.2120000000e+03,5.1930893921e-01
2.1830000000e+03,5.0932335039e-01
2.1410000000e+03,4.7509339361e-01
2.0910000000e+03,4.6862486851e-01
2.0470000000e+03,8.6702856431e-01
2.0240000000e+03,8.5170300865e-01
2.0250000000e+03,7.7759517384e-01
2.0400000000e+03,7.1675520688e-01
2.0580000000e+03,6.6399545656e-01
2.0700000000e+03,6.2678097790e-01
2.0780000000e+03,5.9396801110e-01
2.0870000000e+03,5.7132294715e-01
2.0970000000e+03,5.5374150563e-01
2.1060000000e+03,5.4404470901e-01
2.1130000000e+03,5.2462400110e-01
2.1190000000e+03,5.4350952056e-01
2.1240000000e+03,6.6309634037e-01
2.1230000000e+03,6.2507468126e-01
2.1150000000e+03,5.9056864533e-01
2.1010000000e+03,5.4693547799e-01
2.0850000000e+03,5.2487641040e-01
2.0720000000e+03,8.3427810934e-01
2.0660000000e+03,8.0044426303e-01
2.0610000000e+03,7.2892044931e-01
2.0550000000e+03,6.9256881376e-01
2.0460000000e+03,6.5148537213e-01
2.0420000000e+03,8.0564553682e-01
2.0490000000e+03,9.1921461061e-01
2.0670000000e+03,8.3630842680e-01
2.0910000000e+03,7.6636240010e-01
2.1150000000e+03,7.4547594842e-01
2.1430000000e+03,7.0076946619e-01
2.1750000000e+03,7.7731692243e-01
2.2100000000e+03,7.4676393301e-01
2.2330000000e+03,7.0843543521e-01
2.2330000000e+03,6.6606406739e-01
2.2330000000e+03,6.3836818207e-01
2.2330000000e+03,6.0495196360e-01
2.2250000000e+03,8.6731323994e-01
2.2230000000e+03,8.4158047208e-01
2.2330000000e+03,7.6123538107e-01
2.2330000000e+03,7.0928728079e-01
2.2330000000e+03,6.7127102491e-01
2.2330000000e+03,6.4692642631e-01
2.2330000000e+03,6.1602520735e-01
2.2330000000e+03,5.8886390903e-01
2.2230000000e+03,5.6527534254e-01
2.1680000000e+03,5.5909057461e-01
2.1030000000e+03,5.5111109966e-01
2.0460000000e+03,9.3924949353e-01
2.0160000000e+03,9.0928864651e-01
2.0150000000e+03,8.2704827464e-01
2.0370000000e+03,7.4833542526e-01
2.0670000000e+03,6.9803895668e-01
2.0950000000e+03,6.5871247981e-01
2.1170000000e+03,6.3001855672e-01
2.1320000000e+03,6.2131706143e-01
2.1370000000e+03,5.8640951435e-01
2.1310000000e+03,5.5635415600e-01
2.1200000000e+03,5.5403296314e-01
2.1140000000e+03,9.3964492475e-01
2.1210000000e+03,8.8869530714e-01
2.1410000000e+03,8.1087248901e-01
2.1660000000e+03,7.5156803954e-01
2.1870000000e+03,7.0887010217e-01
2.2020000000e+03,6.6578354513e-01
2.2080000000e+03,6.5736001006e-01
2.2050000000e+03,6.2740292341e-01
2.1920000000e+03,6.1948330722e-01
2.1660000000e+03,6.1511040218e-01
2.1300000000e+03,6.0794408605e-01
2.0900000000e+03,7.9629415847e-01
2.0580000000e+03,7.6731296310e-01
2.0380000000e+03,6.9886367388e-01
2.0330000000e+03,6.4746616288e-01
2.0370000000e+03,6.0208804305e-01
2.0480000000e+03,5.8002613409e-01
2.0610000000e+03,5.6933260933e-01
2.0730000000e+03,5.5155463508e-01
2.0820000000e+03,5.3579808627e-01
2.0900000000e+03,5.2631462159e-01
2.0970000000e+03,6.4810369020e-01
2.1060000000e+03,6.1380923151e-01
2.1180000000e+03,7.4710028181e-01
2.1320000000e+03,7.0566965597e-01
2.1500000000e+03,6.6257708457e-01
2.1710000000e+03,6.2770575137e-01
2.1910000000e+03,5.8250475940e-01
2.2050000000e+03,5.6378997042e-01
2.2070000000e+03,6.3524434749e-01
2.1960000000e+03,6.6503746028e-01
2.1720000000e+03,6.3136652684e-01
2.1390000000e+03,6.0098255123e-01
2.1040000000e+03,8.2428557605e-01
2.0780000000e+03,9.7621963867e-01
2.0680000000e+03,9.0389365986e-01
2.0740000000e+03,8.1335465815e-01
2.0920000000e+03,7.4273385710e-01
2.1150000000e+03,6.9490187589e-01
2.1390000000e+03,6.5091122851e-01
2.1540000000e+03,6.3032197822e-01
2.1510000000e+03,5.9221000537e-01
2.1250000000e+03,5.6147748591e-01
2.0770000000e+03,5.4850554541e-01
2.0170000000e+03,5.4356666285e-01
1.9590000000e+03,9.3563834977e-01
1.9150000000e+03,9.0777472615e-01
1.8920000000e+03,8.2638471133e-01
1.8870000000e+03,7.6229223174e-01
1.8970000000e+03,7.0372927684e-01
1.9180000000e+03,8.8515101527e-01
1.9410000000e+03,8.2718081964e-01
1.9610000000e+03,7.5376250159e-01
1.9710000000e+03,7.1470633410e-01
1.9720000000e+03,6.8142930613e-01
1.9760000000e+03,6.6585630803e-01
1.9920000000e+03,9.5477856881e-01
2.0260000000e+03,9.0970705057e-01
2.0690000000e+03,8.3425044242e-01
2.1100000000e+03,7.7306020053e-01
2.1420000000e+03,7.5128702651e-01
2.1650000000e+03,6.9928143342e-01
2.1830000000e+03,6.8551478394e-01
2.2010000000e+03,6.4647623704e-01
2.2190000000e+03,6.0202710991e-01
2.2330000000e+03,5.8696113063e-01
2.2330000000e+03,5.7608464816e-01
2.2330000000e+03,5.5545028906e-01
2.2330000000e+03,6.1452432858e-01
2.2330000000e+03,5.8206129094e-01
2.2330000000e+03,5.4695203590e-01
2.2330000000e+03,5.2966074095e-01
2.2270000000e+03,5.1916807094e-01
2.2160000000e+03,4.9868314438e-01
2.1980000000e+03,4.8738978693e-01
2.1650000000e+03,4.7008192063e-01
2.1130000000e+03,4.6153974071e-01
2.0480000000e+03,4.5421810180e-01
1.9830000000e+03,9.1835685829e-01
1.9350000000e+03,9.7393679511e-01
1.9100000000e+03,8.9920455517e-01
1.9090000000e+03,8.2622963681e-01
1.9210000000e+03,7.5775593852e-01
1.9380000000e+03,7.0139723095e-01
1.9570000000e+03,6.5866043440e-01
1.9740000000e+03,6.2862923259e-01
1.9820000000e+03,5.9797419922e-01
1.9710000000e+03,5.6014528460e-01
1.9400000000e+03,5.4531141470e-01
1.8950000000e+03,7.1020355999e-01
1.8510000000e+03,9.2237524417e-01
1.8150000000e+03,8.4584621481e-01
1.7910000000e+03,7.7185125844e-01
1.7770000000e+03,7.1231851177e-01
1.7680000000e+03,6.6162978639e-01
1.7640000000e+03,6.3588184745e-01
1.7640000000e+03,6.1424822456e-01
1.7650000000e+03,5.7404797186e-01
1.7680000000e+03,5.3295665023e-01
1.7770000000e+03,4.9502028410e-01
1.8010000000e+03,7.5938622979e-01
1.8440000000e+03,9.6743646726e-01
1.9050000000e+03,9.2486164706e-01
1.9730000000e+03,8.5684877951e-01
2.0400000000e+03,8.0139467803e-01
2.1050000000e+03,7.4980536371e-01
2.1710000000e+03,7.4562409262e-01
2.2330000000e+03,7.5020287952e-01
2.2330000000e+03,6.8558032119e-01
2.2330000000e+03,6.4913442624e-01
2.2330000000e+03,6.2118885538e-01
2.2330000000e+03,6.1233766740e-01
2.2160000000e+03,9.3090713098e-01
2.1590000000e+03,8.7494841779e-01
2.1090000000e+03,7.9364706347e-01
2.0660000000e+03,7.2711520070e-01
2.0300000000e+03,6.9605488070e-01
2.0030000000e+03,9.0713658593e-01
1.9860000000e+03,9.8352726072e-01
1.9750000000e+03,8.9605795673e-01
1.9590000000e+03,8.2309957939e-01
1.9320000000e+03,7.5945805376e-01
1.8970000000e+03,7.1799652948e-01
1.8610000000e+03,6.9278926944e-01
1.8340000000e+03,6.6722830535e-01
1.8170000000e+03,6.1820200080e-01
1.8070000000e+03,5.6339008361e-01
1.7980000000e+03,5.4085561612e-01
1.7840000000e+03,5.0948852192e-01
1.7640000000e+03,4.9645075687e-01
1.7390000000e+03,4.5890603457e-01
1.7110000000e+03,4.2193086280e-01
1.6840000000e+03,4.0786885166e-01
1.6620000000e+03,5.5487909014e-01
1.6510000000e+03,9.3975943559e-01
1.6580000000e+03,9.3289005457e-01
1.6790000000e+03,8.4320688489e-01
1.7070000000e+03,7.5764615941e-01
1.7310000000e+03,6.9542625273e-01
1.7460000000e+03,6.4883875479e-01
1.7520000000e+03,7.8992007770e-01
1.7540000000e+03,7.3866737165e-01
1.7590000000e+03,6.7515831988e-01
1.7710000000e+03,6.0819265745e-01
1.7970000000e+03,5.8556802580e-01
1.8410000000e+03,9.4391273139e-01
1.9030000000e+03,9.9240941362e-01
1.9780000000e+03,9.2566786439e-01
2.0610000000e+03,8.4836528673e-01
2.1430000000e+03,7.8624163973e-01
2.2190000000e+03,7.3013836925e-01
2.2330000000e+03,6.8498590655e-01
2.2330000000e+03,6.5341351824e-01
2.2330000000e+03,6.2155030945e-01
2.2330000000e+03,5.9999777995e-01
2.2330000000e+03,5.8170860495e-01
2.2330000000e+03,5.5978771420e-01
2.2330000000e+03,5.4984511326e-01
2.2330000000e+03,5.3008691002e-01
2.2330000000e+03,5.1984632082e-01
2.2330000000e+03,4.8467142785e-01
2.2330000000e+03,5.5286256299e-01
2.2330000000e+03,5.5058328303e-01
2.2330000000e+03,6.1339907986e-01
2.2330000000e+03,5.6204807669e-01
2.2330000000e+03,5.2281486580e-01
2.2150000000e+03,5.0526105215e-01
2.1690000000e+03,4.9984990782e-01
2.1290000000e+03,9.3231204561e-01
2.1040000000e+03,8.9546132510e-01
2.0950000000e+03,8.1078826408e-01
2.0910000000e+03,7.4325928011e-01
2.0890000000e+03,6.8081724811e-01
2.0870000000e+03,6.6417259241e-01
2.0880000000e+03,7.8643163939e-01
2.0880000000e+03,7.2865143023e-01
2.0800000000e+03,6.9244742043e-01
2.0610000000e+03,6.6017747209e-01
2.0350000000e+03,6.3762004133e-01
2.0140000000e+03,7.2298297516e-01
2.0070000000e+03,6.9971335767e-01
2.0170000000e+03,6.5885760493e-01
2.0360000000e+03,6.1295160675e-01
2.0570000000e+03,5.8678750596e-01
2.0760000000e+03,5.6225910481e-01
2.0930000000e+03,5.6118855042e-01
2.1090000000e+03,5.7556341826e-01
2.1230000000e+03,5.5788335279e-01
2.1300000000e+03,5.4527629613e-01
2.1310000000e+03,5.3854537036e-01
2.1310000000e+03,6.4212328124e-01
2.1400000000e+03,7.7506835745e-01
2.1650000000e+03,7.3740726248e-01
2.2060000000e+03,6.9533024804e-01
2.2330000000e+03,6.6183052320e-01
2.2330000000e+03,6.2642653926e-01
2.2330000000e+03,5.8806637266e-01
2.2330000000e+03,5.6998566511e-01
2.2330000000e+03,5.4424874882e-01
2.2330000000e+03,5.2212396613e-01
2.2330000000e+03,5.0813694384e-01
2.2330000000e+03,4.9996422864e-01
2.2330000000e+03,4.8838890212e-01
2.2330000000e+03,4.8816992803e-01
2.2330000000e+03,4.7818963994e-01
2.2330000000e+03,4.5773894992e-01
2.2330000000e+03,4.4651360730e-01
2.2330000000e+03,4.3932172825e-01
2.2330000000e+03,4.2895361982e-01
2.2330000000e+03,4.1609327815e-01
2.2330000000e+03,4.0620745731e-01
2.2330000000e+03,4.1538485588e-01
2.2330000000e+03,6.2343403601e-01
2.2330000000e+03,9.4903733861e-01
2.1920000000e+03,8.9191402303e-01
2.1700000000e+03,8.1283357144e-01
2.1600000000e+03,7.4351124269e-01
2.1490000000e+03,6.9457213529e-01
2.1320000000e+03,6.6704599769e-01
2.1110000000e+03,6.4692297879e-01
2.0890000000e+03,6.0595217086e-01
2.0700000000e+03,5.8418044386e-01
2.0550000000e+03,5.6309023406e-01
2.0520000000e+03,5.3886359661e-01
2.0670000000e+03,7.0903124858e-01
2.0960000000e+03,6.8989392054e-01
2.1320000000e+03,6.5748354061e-01
2.1630000000e+03,6.2830694686e-01
2.1830000000e+03,6.0410056339e-01
2.1920000000e+03,5.7202641911e-01
2.1940000000e+03,6.0304417529e-01
2.1930000000e+03,5.8150214647e-01
2.1870000000e+03,5.5591257742e-01
2.1730000000e+03,5.3582529811e-01
2.1490000000e+03,5.1994770620e-01
2.1230000000e+03,8.9620446435e-01
2.1030000000e+03,8.6319255787e-01
2.0970000000e+03,7.9968408974e-01
2.1020000000e+03,7.4199314100e-01
2.1130000000e+03,6.9361210738e-01
2.1260000000e+03,6.5634908038e-01
2.1360000000e+03,6.6640581270e-01
2.1430000000e+03,6.6178211394e-01
2.1490000000e+03,6.5026593894e-01
2.1520000000e+03,6.2345013666e-01
2.1480000000e+03,5.8820028100e-01
2.1390000000e+03,5.8491126686e-01
2.1340000000e+03,7.5025940024e-01
2.1380000000e+03,7.0547082210e-01
2.1530000000e+03,6.4923524024e-01
2.1750000000e+03,6.1154823558e-01
2.1970000000e+03,5.9149507237e-01
2.2170000000e+03,5.7814064678e-01
2.2300000000e+03,5.5648029462e-01
2.2280000000e+03,5.4260413610e-01
2.2020000000e+03,5.1468534350e-01
2.1520000000e+03,4.9620926247e-01
2.0940000000e+03,8.4764960631e-01
2.0500000000e+03,9.7938161632e-01
2.0360000000e+03,9.1153455103e-01
2.0540000000e+03,8.3103450104e-01
2.0870000000e+03,7.6425182649e-01
2.1210000000e+03,7.1299690268e-01
2.1430000000e+03,6.9433458981e-01
2.1480000000e+03,6.6490549297e-01
2.1350000000e+03,6.4206455789e-01
2.1060000000e+03,6.1892189308e-01
2.0650000000e+03,6.0932029143e-01
2.0230000000e+03,6.0759595224e-01
1.9880000000e+03,6.0063380261e-01
1.9670000000e+03,5.8264939184e-01
1.9610000000e+03,5.5402057094e-01
1.9670000000e+03,5.2629190267e-01
1.9810000000e+03,5.0357103952e-01
1.9980000000e+03,4.9543934060e-01
2.0130000000e+03,5.5994534265e-01
2.0200000000e+03,5.5568510653e-01
2.0180000000e+03,5.3981106472e-01
2.0140000000e+03,5.2817136162e-01
2.0180000000e+03,5.1734269150e-01
2.0420000000e+03,9.3467943645e-01
2.0880000000e+03,8.8757171000e-01
2.1510000000e+03,8.1295664965e-01
2.2210000000e+03,7.6343746421e-01
2.2330000000e+03,7.1467142155e-01
2.2330000000e+03,6.9478299815e-01
2.2330000000e+03,6.6668036925e-01
2.2330000000e+03,6.4374951816e-01
2.2330000000e+03,6.1374890555e-01
2.2330000000e+03,5.8963107874e-01
2.2330000000e+03,5.7051507917e-01
2.2330000000e+03,7.0710188552e-01
2.2330000000e+03,6.8843889317e-01
2.2330000000e+03,6.4087523368e-01
2.2330000000e+03,6.0272726541e-01
2.2330000000e+03,5.9406956262e-01
2.2330000000e+03,5.5449872841e-01
2.2330000000e+03,5.2778366924e-01
2.2330000000e+03,5.2331179291e-01
2.2330000000e+03,5.2151661936e-01
2.2330000000e+03,4.9694322642e-01
2.2140000000e+03,4.8774095060e-01
2.1270000000e+03,9.3067327646e-01
2.0580000000e+03,9.5261812410e-01
2.0240000000e+03,8.7369907426e-01
2.0240000000e+03,8.0760168258e-01
2.0470000000e+03,7.3535211300e-01
2.0770000000e+03,6.8430497737e-01
2.1020000000e+03,6.5436515427e-01
2.1190000000e+03,6.4095576733e-01
2.1240000000e+03,6.1207829997e-01
2.1190000000e+03,5.8286808538e-01
2.1090000000e+03,5.6890708618e-01
2.1080000000e+03,5.6690543894e-01
2.1260000000e+03,6.5950408869e-01
2.1640000000e+03,6.3135025891e-01
2.2110000000e+03,5.9581772466e-01
2.2330000000e+03,5.7457151257e-01
2.2330000000e+03,5.4096253710e-01
2.2330000000e+03,5.4767808814e-01
2.2330000000e+03,7.3199007232e-01
2.2330000000e+03,6.8731530856e-01
2.2290000000e+03,6.4447799427e-01
2.1900000000e+03,6.0254505956e-01
2.1640000000e+03,6.3865534205e-01
2.1640000000e+03,9.5109731837e-01
2.1930000000e+03,8.8320368363e-01
2.2330000000e+03,7.9904923117e-01
2.2330000000e+03,7.4309604760e-01
2.2330000000e+03,6.9243182361e-01
2.2330000000e+03,6.7151828652e-01
2.2330000000e+03,7.4124577169e-01
2.2330000000e+03,7.3316419781e-01
2.2330000000e+03,6.8367824773e-01
2.2330000000e+03,6.3483567440e-01
2.2330000000e+03,6.2436871751e-01
2.2330000000e+03,6.4746495749e-01
2.2330000000e+03,6.3963148024e-01
2.2330000000e+03,5.9348195422e-01
2.2330000000e+03,5.5229386692e-01
2.2330000000e+03,5.2251473721e-01
2.2330000000e+03,5.0843139095e-01
2.2330000000e+03,4.9764435850e-01
2.2330000000e+03,4.9232936939e-01
2.2330000000e+03,4.8569601058e-01
2.2330000000e+03,4.8267722643e-01
2.2330000000e+03,6.1023169707e-01
2.1960000000e+03,9.4725059633e-01
2.1770000000e+03,9.1873834790e-01
2.1940000000e+03,8.3382795470e-01
2.2330000000e+03,7.5836553513e-01
2.2330000000e+03,7.0581681022e-01
2.2330000000e+03,6.7748535293e-01
2.2330000000e+03,6.3552019872e-01
2.2330000000e+03,5.9985444144e-01
2.2330000000e+03,5.6417550239e-01
2.2330000000e+03,5.3632527833e-01
2.2330000000e+03,7.1696399319e-01
2.2330000000e+03,7.1264117388e-01
2.2330000000e+03,6.9454569022e-01
2.2330000000e+03,6.5363131523e-01
2.2330000000e+03,6.2164531918e-01
2.2330000000e+03,5.9598034898e-01
2.2330000000e+03,5.7401729271e-01
2.2330000000e+03,5.5738170994e-01
2.2330000000e+03,5.1858396800e-01
2.2330000000e+03,5.0624815962e-01
2.2330000000e+03,4.9313613440e-01
2.2070000000e+03,6.1516028147e-01
2.1820000000e+03,6.0552482754e-01
2.1850000000e+03,6.5958001311e-01
2.2110000000e+03,6.2669231361e-01
2.2330000000e+03,6.0788767642e-01
2.2330000000e+03,5.6474528404e-01
2.2330000000e+03,5.3362833173e-01
2.2330000000e+03,5.0451160152e-01
2.2330000000e+03,5.0079957107e-01
2.2330000000e+03,4.9560130742e-01
2.2330000000e+03,4.8578582632e-01
2.2330000000e+03,4.7414795294e-01
2.2330000000e+03,4.7593411006e-01
2.2330000000e+03,6.6046635604e-01
2.2330000000e+03,6.2425513475e-01
2.2330000000e+03,5.8523468243e-01
2.2330000000e+03,5.6376672923e-01
2.2330000000e+03,5.4590628996e-01
2.2330000000e+03,5.2045197215e-01
2.2330000000e+03,5.0055288974e-01
2.2330000000e+03,4.9582604201e-01
2.2330000000e+03,4.8874214759e-01
2.2330000000e+03,4.7719422866e-01
2.2330000000e+03,6.6849700278e-01
2.2160000000e+03,9.5513594798e-01
2.1960000000e+03,9.1134979564e-01
2.2020000000e+03,8.2535661410e-01
2.2220000000e+03,7.4701958148e-01
2.2330000000e+03,6.9233938484e-01
2.2330000000e+03,6.6557461270e-01
2.2330000000e+03,6.5097055006e-01
2.2330000000e+03,6.2946676543e-01
2.2330000000e+03,5.8037986238e-01
2.2330000000e+03,5.6271092269e-01
2.2330000000e+03,5.5739998537e-01
2.2330000000e+03,6.8639485676e-01
2.2330000000e+03,6.6448413320e-01
2.2330000000e+03,6.2172613497e-01
2.2330000000e+03,5.9137133226e-01
2.2330000000e+03,5.4828283395e-01
2.2330000000e+03,5.2695331256e-01
2.2330000000e+03,6.6630020971e-01
2.2330000000e+03,6.3627674346e-01
2.2130000000e+03,6.2664020055e-01
2.1360000000e+03,6.2045920962e-01
2.0560000000e+03,5.9550093744e-01
1.9890000000e+03,7.4833457144e-01
1.9430000000e+03,7.3772154737e-01
1.9180000000e+03,6.8596360793e-01
1.9070000000e+03,6.2958931190e-01
1.9050000000e+03,5.7623013402e-01
1.9080000000e+03,5.4471544220e-01
1.9150000000e+03,5.2929249938e-01
1.9230000000e+03,5.2242608136e-01
1.9290000000e+03,4.9875843073e-01
1.9300000000e+03,4.7622069609e-01
1.9260000000e+03,4.5162307014e-01
1.9220000000e+03,4.6027058410e-01
1.9230000000e+03,6.0717310943e-01
1.9330000000e+03,5.6827576390e-01
1.9500000000e+03,5.3246299948e-01
1.9730000000e+03,5.0945041719e-01
1.9990000000e+03,4.9967148649e-01
2.0250000000e+03,4.9857488166e-01
2.0470000000e+03,4.7661355258e-01
2.0590000000e+03,4.7057222771e-01
2.0580000000e+03,4.5828715412e-01
2.0440000000e+03,4.4909140494e-01
2.0300000000e+03,7.4051638716e-01
2.0310000000e+03,9.6488271176e-01
2.0610000000e+03,9.0624692820e-01
2.1190000000e+03,8.1484599052e-01
2.1910000000e+03,7.4382604883e-01
2.2330000000e+03,6.9404877450e-01
2.2330000000e+03,6.5743357461e-01
2.2330000000e+03,6.2316157787e-01
2.2330000000e+03,5.8465508185e-01
2.2330000000e+03,5.6390260900e-01
2.2330000000e+03,5.4501801470e-01
2.2330000000e+03,5.3691912381e-01
2.2300000000e+03,7.1315855156e-01
2.2070000000e+03,6.7704127993e-01
2.1900000000e+03,6.3527234050e-01
2.1720000000e+03,5.9489875852e-01
2.1470000000e+03,5.7446673212e-01
2.1120000000e+03,5.5850495158e-01
2.0720000000e+03,5.5453349004e-01
2.0280000000e+03,5.2630199078e-01
1.9860000000e+03,5.1529980475e-01
1.9480000000e+03,4.9959017319e-01
1.9130000000e+03,4.9169062745e-01
1.8860000000e+03,4.6899583569e-01
1.8640000000e+03,4.4328687303e-01
1.8480000000e+03,4.2394691090e-01
1.8320000000e+03,4.1279975746e-01
1.8160000000e+03,3.9892053224e-01
1.8010000000e+03,3.9840022170e-01
1.7880000000e+03,3.9402092558e-01
1.7790000000e+03,3.7879727818e-01
1.7720000000e+03,3.7745039283e-01
1.7670000000e+03,3.6952146119e-01
1.7630000000e+03,3.6113502220e-01
1.7580000000e+03,3.5702821964e-01
1.7510000000e+03,3.3777091997e-01
1.7420000000e+03,3.2232717109e-01
1.7330000000e+03,3.9249044415e-01
1.7230000000e+03,3.8311031167e-01
1.7140000000e+03,3.7211244889e-01
1.7070000000e+03,3.5841101292e-01
1.7030000000e+03,3.5091316980e-01
1.7080000000e+03,3.4359800470e-01
1.7240000000e+03,3.3187758732e-01
1.7560000000e+03,3.3309426748e-01
1.8010000000e+03,6.0947372532e-01
1.8480000000e+03,7.5996674329e-01
1.8840000000e+03,7.0357482059e-01
1.9030000000e+03,6.3892279328e-01
1.9030000000e+03,5.9313275816e-01
1.8900000000e+03,5.5853832693e-01
1.8690000000e+03,5.1780558163e-01
1.8440000000e+03,4.8188901420e-01
1.8170000000e+03,4.4834675852e-01
1.7910000000e+03,4.2060302800e-01
1.7660000000e+03,3.9052993445e-01
1.7440000000e+03,3.6923719578e-01
1.7230000000e+03,3.5251320878e-01
1.7040000000e+03,3.4883799360e-01
1.6870000000e+03,3.3524223527e-01
1.6710000000e+03,3.2733893987e-01
1.6560000000e+03,3.0989581591e-01
1.6430000000e+03,2.9752049854e-01
1.6300000000e+03,2.8741496739e-01
1.6200000000e+03,2.7228943433e-01
1.6110000000e+03,2.6354606204e-01
1.6040000000e+03,2.5620964714e-01
1.5990000000e+03,2.6490951781e-01
1.5970000000e+03,7.7150364157e-01
1.5960000000e+03,7.2209217773e-01
1.5950000000e+03,6.5493058241e-01
1.5940000000e+03,6.0219022963e-01
1.5910000000e+03,5.5291517764e-01
1.5870000000e+03,5.1316987258e-01
1.5830000000e+03,4.6588983393e-01
1.5790000000e+03,4.2123012342e-01
1.5760000000e+03,3.9671961225e-01
1.5730000000e+03,3.6627119334e-01
1.5710000000e+03,3.3613514883e-01
1.5690000000e+03,3.1843359690e-01
1.5670000000e+03,3.0046040864e-01
1.5650000000e+03,2.7964366350e-01
1.5640000000e+03,2.6118045027e-01
1.5630000000e+03,2.5014589282e-01
1.5620000000e+03,2.3462659604e-01
1.5610000000e+03,2.2613062671e-01
1.5600000000e+03,2.1024960397e-01
1.5600000000e+03,2.0442044170e-01
1.5590000000e+03,1.8484526208e-01
1.5580000000e+03,1.8029671480e-01
1.5580000000e+03,1.6823902426e-01
1.5580000000e+03,1.8938897264e-01
1.5580000000e+03,1.8009918838e-01
1.5580000000e+03,1.7743230192e-01
1.5580000000e+03,1.6384076180e-01
1.5580000000e+03,2.9686458165e-01
1.5590000000e+03,3.4475667429e-01
1.5600000000e+03,3.2415055231e-01
1.5610000000e+03,3.0061761458e-01
1.5630000000e+03,2.7335847867e-01
1.5640000000e+03,2.5338327262e-01
1.5640000000e+03,2.4148642326e-01
1.5650000000e+03,2.2632781851e-01
1.5650000000e+03,2.1437220053e-01
1.5640000000e+03,1.9481715075e-01
1.5640000000e+03,1.7593795136e-01
1.5640000000e+03,1.6109953067e-01
1.5630000000e+03,1.4869087001e-01
1.5630000000e+03,1.3663379646e-01
1.5620000000e+03,1.2979828795e-01
1.5620000000e+03,1.1698350093e-01
1.5610000000e+03,1.0832941529e-01
1.5590000000e+03,4.9962636060e-01
1.5580000000e+03,7.8308877484e-01
1.5560000000e+03,7.1678895919e-01
1.5540000000e+03,6.4115011567e-01
1.5520000000e+03,5.7999558878e-01
1.5510000000e+03,5.2771539947e-01
1.5510000000e+03,4.8175857532e-01
1.5510000000e+03,4.3912235427e-01
1.5540000000e+03,3.9571553306e-01
1.5620000000e+03,3.6473148147e-01
1.5770000000e+03,3.4395125863e-01
1.6000000000e+03,5.0329645225e-01
1.6290000000e+03,9.3277848468e-01
1.6560000000e+03,8.5485714521e-01
1.6750000000e+03,7.7148483508e-01
1.6830000000e+03,6.9927825142e-01
1.6810000000e+03,6.3850165240e-01
1.6730000000e+03,5.7886460007e-01
1.6640000000e+03,5.3371539375e-01
1.6600000000e+03,4.9166181147e-01
1.6650000000e+03,4.5336396877e-01
1.6880000000e+03,4.0987669712e-01
1.7320000000e+03,5.5441337076e-01
1.7940000000e+03,9.3969640733e-01
1.8620000000e+03,8.8514409430e-01
1.9190000000e+03,7.9421596650e-01
1.9530000000e+03,7.2138623059e-01
1.9630000000e+03,6.6243609537e-01
1.9540000000e+03,6.1261720438e-01
1.9340000000e+03,5.6379628003e-01
1.9110000000e+03,5.1808355536e-01
1.8910000000e+03,4.8834919278e-01
1.8780000000e+03,4.4944599041e-01
1.8740000000e+03,4.3804073010e-01
1.8790000000e+03,9.0358303510e-01
1.8890000000e+03,8.7005494820e-01
1.8960000000e+03,7.8337526590e-01
1.8930000000e+03,7.1072530372e-01
1.8810000000e+03,6.4003013837e-01
1.8620000000e+03,5.8449509596e-01
1.8410000000e+03,5.4224558429e-01
1.8210000000e+03,5.0688310366e-01
1.8080000000e+03,4.7375627381e-01
1.8030000000e+03,4.4544320402e-01
1.8060000000e+03,9.2150829716e-01
1.8110000000e+03,8.9542247329e-01
1.8120000000e+03,8.1599667491e-01
1.8030000000e+03,7.4032636542e-01
1.7830000000e+03,6.7729347228e-01
1.7540000000e+03,6.1692307321e-01
1.7230000000e+03,5.6403217170e-01
1.6960000000e+03,5.3060429889e-01
1.6740000000e+03,4.9480428975e-01
1.6570000000e+03,4.6294011971e-01
1.6460000000e+03,4.2225183252e-01
1.6370000000e+03,3.9793833593e-01
1.6300000000e+03,3.6644360759e-01
1.6230000000e+03,3.4775460354e-01
1.6160000000e+03,3.2655106480e-01
1.6100000000e+03,3.0634005739e-01
1.6030000000e+03,2.8695506566e-01
1.5980000000e+03,2.6514568433e-01
1.5930000000e+03,2.4843313549e-01
1.5890000000e+03,2.3623293453e-01
1.5850000000e+03,2.2053975569e-01
1.5810000000e+03,2.0710295924e-01
1.5780000000e+03,1.9305249749e-01
1.5750000000e+03,1.8296222321e-01
1.5720000000e+03,1.7762630580e-01
1.5690000000e+03,1.6724449496e-01
1.5670000000e+03,3.3853990392e-01
1.5650000000e+03,3.9978954931e-01
1.5640000000e+03,4.0013043658e-01
1.5630000000e+03,3.9269760237e-01
1.5630000000e+03,3.6613475330e-01
1.5630000000e+03,3.4884309876e-01
1.5630000000e+03,3.2826318683e-01
1.5640000000e+03,3.0315143429e-01
1.5630000000e+03,2.8613032343e-01
1.5630000000e+03,2.6239751375e-01
1.5620000000e+03,2.5027769230e-01
1.5610000000e+03,2.2968072076e-01
1.5600000000e+03,2.1905045837e-01
1.5590000000e+03,2.0825801014e-01
1.5570000000e+03,2.0353145472e-01
1.5570000000e+03,5.0944297950e-01
1.5570000000e+03,4.7617104874e-01
1.5590000000e+03,4.2716899742e-01
1.5640000000e+03,3.9645905460e-01
1.5710000000e+03,4.0692493522e-01
1.5800000000e+03,9.1973601813e-01
1.5900000000e+03,8.8361230865e-01
1.6010000000e+03,8.1366238457e-01
1.6090000000e+03,7.4419649195e-01
1.6130000000e+03,6.7643789370e-01
1.6130000000e+03,6.2530787637e-01
1.6110000000e+03,5.7874404863e-01
1.6070000000e+03,5.3237965687e-01
1.6050000000e+03,5.0244314589e-01
1.6030000000e+03,4.6421041348e-01
1.6010000000e+03,4.3041096101e-01
1.6000000000e+03,4.2245283724e-01
1.5990000000e+03,7.1753537625e-01
1.5990000000e+03,6.8053561734e-01
1.5980000000e+03,6.2767778121e-01
1.5970000000e+03,5.7271232563e-01
1.5960000000e+03,5.3123171063e-01
1.5950000000e+03,4.9112898450e-01
1.5950000000e+03,4.5677211277e-01
1.5970000000e+03,4.2552309570e-01
1.6010000000e+03,4.1186275443e-01
1.6070000000e+03,4.0406308042e-01
1.6140000000e+03,3.7461842499e-01
1.6200000000e+03,4.4445681998e-01
1.6240000000e+03,6.1805124452e-01
1.6250000000e+03,5.8057452295e-01
1.6250000000e+03,5.4390454572e-01
1.6250000000e+03,5.0591144140e-01
1.6250000000e+03,4.7686851547e-01
1.6270000000e+03,4.5290731785e-01
1.6290000000e+03,4.4005007029e-01
1.6310000000e+03,4.2826530538e-01
1.6330000000e+03,4.1703137102e-01
1.6350000000e+03,4.0210562578e-01
1.6380000000e+03,4.2513469746e-01
1.6410000000e+03,4.4434944475e-01
1.6460000000e+03,4.0924411367e-01
1.6560000000e+03,3.9618923170e-01
1.6710000000e+03,3.8064655685e-01
1.6900000000e+03,3.7978823948e-01
1.7050000000e+03,4.5245204854e-01
1.7130000000e+03,4.3307282082e-01
1.7130000000e+03,4.5430884622e-01
1.7060000000e+03,4.4200803465e-01
1.6980000000e+03,4.3351841165e-01
1.6920000000e+03,5.9392665735e-01
1.6890000000e+03,5.8795616263e-01
1.6870000000e+03,5.4805747222e-01
1.6880000000e+03,5.1579645526e-01
1.6910000000e+03,4.9217498832e-01
1.6950000000e+03,4.6961195595e-01
1.6990000000e+03,4.5137183802e-01
1.7020000000e+03,4.4142094501e-01
1.7040000000e+03,4.2423037016e-01
1.7070000000e+03,4.1256884165e-01
1.7120000000e+03,3.9120858340e-01
1.7170000000e+03,3.7282375899e-01
1.7220000000e+03,3.5599437177e-01
1.7270000000e+03,3.5468454547e-01
1.7300000000e+03,3.5423288641e-01
1.7330000000e+03,3.5027056069e-01
1.7370000000e+03,3.3543972147e-01
1.7410000000e+03,3.3409239414e-01
1.7460000000e+03,3.2345070609e-01
1.7530000000e+03,3.0829435743e-01
1.7630000000e+03,4.3006664308e-01
1.7780000000e+03,4.0675928551e-01
1.7950000000e+03,3.9872785934e-01
1.8130000000e+03,3.8913619427e-01
1.8300000000e+03,3.8418575547e-01
1.8430000000e+03,3.6542036861e-01
1.8550000000e+03,3.7033981718e-01
1.8650000000e+03,3.7815183797e-01
1.8760000000e+03,4.3723091133e-01
1.8850000000e+03,4.2861096703e-01
1.8930000000e+03,4.4173129015e-01
1.8980000000e+03,4.2463169026e-01
1.9010000000e+03,4.2064559104e-01
1.9000000000e+03,4.1098696750e-01
1.8960000000e+03,3.8819489338e-01
1.8890000000e+03,3.7504815344e-01
1.8790000000e+03,3.7143149506e-01
1.8670000000e+03,3.6481319192e-01
1.8530000000e+03,3.6276025868e-01
1.8360000000e+03,3.5542222451e-01
1.8180000000e+03,3.5467953183e-01
1.8020000000e+03,3.3960481158e-01
1.7870000000e+03,3.3639218809e-01
1.7760000000e+03,3.2982312316e-01
1.7680000000e+03,3.2947827257e-01
1.7630000000e+03,3.2386077601e-01
1.7610000000e+03,3.2791199107e-01
1.7610000000e+03,3.2063210111e-01
1.7610000000e+03,3.2941501349e-01
1.7600000000e+03,3.2378423583e-01
1.7550000000e+03,3.0849653403e-01
1.7470000000e+03,3.4978307282e-01
1.7380000000e+03,3.4722079351e-01
1.7270000000e+03,3.4385662247e-01
1.7160000000e+03,3.3988468277e-01
1.7080000000e+03,3.3748622200e-01
1.7010000000e+03,5.1266441332e-01
1.6970000000e+03,5.0122562168e-01
1.6940000000e+03,4.6891598392e-01
1.6930000000e+03,4.5029118596e-01
1.6920000000e+03,4.3394298646e-01
1.6910000000e+03,4.0893867386e-01
1.6890000000e+03,3.8319170040e-01
1.6850000000e+03,3.6417581280e-01
1.6790000000e+03,3.5992826596e-01
1.6730000000e+03,3.5015439413e-01
1.6670000000e+03,3.4042147160e-01
1.6610000000e+03,3.3792813081e-01
1.6570000000e+03,6.0896917972e-01
1.6520000000e+03,5.7721367579e-01
1.6480000000e+03,5.3833226437e-01
1.6440000000e+03,4.9621173366e-01
1.6410000000e+03,4.5946365275e-01
1.6370000000e+03,4.4327763704e-01
1.6330000000e+03,4.2780043438e-01
1.6300000000e+03,4.0972162101e-01
1.6250000000e+03,3.8317424799e-01
1.6210000000e+03,3.5694976404e-01
1.6150000000e+03,3.4330471336e-01
1.6100000000e+03,3.3191236847e-01
1.6080000000e+03,3.1662975629e-01
1.6100000000e+03,3.0799784349e-01
1.6180000000e+03,3.0195286773e-01
1.6310000000e+03,4.3456328058e-01
1.6470000000e+03,8.6723789357e-01
1.6620000000e+03,8.0805486334e-01
1.6770000000e+03,7.8703794921e-01
1.6930000000e+03,7.4339802530e-01
1.7160000000e+03,6.8694729736e-01
1.7460000000e+03,6.2716818917e-01
1.7800000000e+03,9.4954270128e-01
1.8100000000e+03,8.6813571872e-01
1.8260000000e+03,7.7728500670e-01
1.8280000000e+03,7.1362289767e-01
1.8170000000e+03,6.6340059100e-01
1.8020000000e+03,6.2885842434e-01
1.7900000000e+03,5.8267824522e-01
1.7860000000e+03,5.4584546363e-01
1.7970000000e+03,5.1484589315e-01
1.8190000000e+03,8.0263331881e-01
1.8430000000e+03,9.4796845920e-01
1.8580000000e+03,8.5863487736e-01
1.8580000000e+03,7.8450841097e-01
1.8440000000e+03,7.3294988309e-01
1.8210000000e+03,6.8316201891e-01
1.7960000000e+03,6.2730891241e-01
1.7740000000e+03,5.8776088578e-01
1.7550000000e+03,5.5541910504e-01
1.7410000000e+03,5.1271071623e-01
1.7320000000e+03,4.8926515825e-01
1.7280000000e+03,4.7643894323e-01
1.7310000000e+03,4.5305072022e-01
1.7480000000e+03,4.3279804338e-01
1.7800000000e+03,4.1561503462e-01
1.8280000000e+03,9.0751992518e-01
1.8810000000e+03,9.8748418288e-01
1.9240000000e+03,8.8641856270e-01
1.9490000000e+03,7.9695701491e-01
1.9540000000e+03,7.4414682577e-01
1.9440000000e+03,6.9198575485e-01
1.9270000000e+03,6.4473286275e-01
1.9070000000e+03,6.0255618320e-01
1.8870000000e+03,5.7117942253e-01
1.8690000000e+03,5.5171847188e-01
1.8510000000e+03,5.2757879340e-01
1.8340000000e+03,5.0368825512e-01
1.8190000000e+03,4.7740103077e-01
1.8040000000e+03,4.5776615373e-01
1.7900000000e+03,4.3520830667e-01
1.7780000000e+03,4.1817593674e-01
1.7670000000e+03,4.0177269030e-01
1.7600000000e+03,3.8850261180e-01
1.7560000000e+03,3.8445993040e-01
1.7560000000e+03,3.7445844043e-01
1.7580000000e+03,9.1432945447e-01
1.7600000000e+03,8.6182378047e-01
1.7600000000e+03,8.2791721191e-01
1.7580000000e+03,7.5145393423e-01
1.7560000000e+03,6.8898183415e-01
1.7550000000e+03,6.4525114853e-01
1.7540000000e+03,5.9973648823e-01
1.7520000000e+03,5.6461903552e-01
1.7510000000e+03,5.4510187773e-01
1.7490000000e+03,5.0480926587e-01
1.7460000000e+03,4.8112478364e-01
1.7420000000e+03,4.5797870880e-01
1.7380000000e+03,4.4097958098e-01
1.7340000000e+03,4.2394988909e-01
1.7290000000e+03,4.0655939370e-01
1.7250000000e+03,4.6911812513e-01
1.7210000000e+03,4.4891770064e-01
1.7180000000e+03,4.3818685189e-01
1.7160000000e+03,4.2993746334e-01
1.7160000000e+03,4.1632553111e-01
1.7150000000e+03,4.0668084299e-01
1.7150000000e+03,3.8745013634e-01
1.7150000000e+03,3.7168384840e-01
1.7150000000e+03,3.5531793607e-01
1.7150000000e+03,3.4487483008e-01
1.7140000000e+03,3.7571336689e-01
1.7120000000e+03,3.5841644386e-01
1.7090000000e+03,3.5615375196e-01
1.7050000000e+03,3.4887981076e-01
1.7010000000e+03,3.3180392349e-01
1.6960000000e+03,3.3070004801e-01
1.6910000000e+03,3.2465392084e-01
1.6850000000e+03,3.5654111298e-01
1.6800000000e+03,3.5246763791e-01
1.6750000000e+03,3.6814181121e-01
1.6700000000e+03,3.5722532954e-01
1.6670000000e+03,3.4313267970e-01
1.6630000000e+03,3.7127968777e-01
1.6590000000e+03,3.5425684476e-01
1.6540000000e+03,3.4451932561e-01
1.6490000000e+03,3.3481505491e-01
1.6450000000e+03,7.6373729763e-01
1.6460000000e+03,7.3286046969e-01
1.6530000000e+03,8.8566162175e-01
1.6700000000e+03,8.4268869803e-01
1.6960000000e+03,8.4106524305e-01
1.7320000000e+03,7.9928997391e-01
1.7740000000e+03,8.4997200481e-01
1.8180000000e+03,7.9130060662e-01
1.8570000000e+03,7.1928023497e-01
1.8860000000e+03,6.5957393947e-01
1.9020000000e+03,6.3042356826e-01
1.9020000000e+03,5.8335490023e-01
1.8910000000e+03,5.4902564025e-01
1.8700000000e+03,5.2086014809e-01
1.8440000000e+03,4.8573048349e-01
1.8190000000e+03,4.6536469280e-01
1.7970000000e+03,4.4815435668e-01
1.7800000000e+03,4.2160616047e-01
1.7670000000e+03,4.1128413318e-01
1.7560000000e+03,4.0460011589e-01
1.7470000000e+03,3.9120571335e-01
1.7390000000e+03,3.6698000387e-01
1.7300000000e+03,3.5941799449e-01
1.7230000000e+03,3.5325297633e-01
1.7160000000e+03,3.8021058670e-01
1.7120000000e+03,3.7341843619e-01
1.7090000000e+03,3.6345368436e-01
1.7080000000e+03,3.5901422752e-01
1.7080000000e+03,3.5356990663e-01
1.7090000000e+03,3.4044703500e-01
1.7110000000e+03,3.3628859565e-01
1.7120000000e+03,3.4000157005e-01
1.7120000000e+03,3.3189583195e-01
1.7120000000e+03,3.3016329728e-01
1.7120000000e+03,3.5188502678e-01
1.7110000000e+03,3.4520429758e-01
1.7120000000e+03,3.3888797999e-01
1.7140000000e+03,3.2755872129e-01
1.7160000000e+03,3.2142520662e-01
1.7170000000e+03,3.7882919550e-01
1.7190000000e+03,3.6291523167e-01
1.7210000000e+03,3.5745875341e-01
1.7260000000e+03,3.5162497955e-01
1.7330000000e+03,3.4608202601e-01
1.7410000000e+03,3.4444047548e-01
1.7480000000e+03,3.4117958709e-01
1.7520000000e+03,3.6102012921e-01
1.7540000000e+03,3.4836296538e-01
1.7530000000e+03,3.3463174907e-01
1.7520000000e+03,4.1404036268e-01
1.7510000000e+03,4.0386128842e-01
1.7520000000e+03,3.8509010790e-01
1.7540000000e+03,3.7651132728e-01
1.7570000000e+03,3.6686545552e-01
1.7620000000e+03,3.6398138363e-01
1.7680000000e+03,3.6304851232e-01
1.7750000000e+03,3.5622455873e-01
1.7820000000e+03,3.4930275987e-01
1.7900000000e+03,3.3954466541e-01
1.7970000000e+03,3.4514424749e-01
1.8040000000e+03,3.3962493007e-01
1.8120000000e+03,3.6932589330e-01
1.8200000000e+03,3.6599942592e-01
1.8290000000e+03,3.4924945247e-01
1.8370000000e+03,3.4897735361e-01
1.8450000000e+03,3.4897286354e-01
1.8520000000e+03,3.4398991735e-01
1.8580000000e+03,3.3748733857e-01
1.8610000000e+03,3.3035253075e-01
1.8620000000e+03,3.3794341418e-01
1.8590000000e+03,3.3774552671e-01
1.8550000000e+03,3.3550526340e-01
1.8500000000e+03,3.3414642542e-01
1.8470000000e+03,3.4151714588e-01
1.8440000000e+03,3.3751939342e-01
1.8430000000e+03,3.8497791089e-01
1.8410000000e+03,3.7622170317e-01
1.8380000000e+03,3.6990003487e-01
1.8340000000e+03,3.5554295889e-01
1.8270000000e+03,3.8508175481e-01
1.8210000000e+03,3.7793383139e-01
1.8140000000e+03,3.6247250763e-01
1.8090000000e+03,3.5542297159e-01
1.8030000000e+03,3.4721335321e-01
1.7990000000e+03,3.4439890821e-01
1.7950000000e+03,3.6990671792e-01
1.7930000000e+03,3.5890501888e-01
1.7900000000e+03,3.4960063061e-01
1.7880000000e+03,3.4582136436e-01
1.7860000000e+03,3.4398738594e-01
1.7820000000e+03,3.3915482468e-01
1.7780000000e+03,3.3683152387e-01
1.7740000000e+03,3.3464073572e-01
1.7700000000e+03,3.4025103774e-01
1.7650000000e+03,3.2526703348e-01
1.7610000000e+03,3.2232743102e-01
1.7570000000e+03,3.4136180461e-01
1.7510000000e+03,3.2757486316e-01
1.7450000000e+03,3.3931321249e-01
1.7370000000e+03,3.2739869349e-01
1.7310000000e+03,3.2240503779e-01
1.7270000000e+03,4.1283726779e-01
1.7260000000e+03,4.0122686815e-01
1.7280000000e+03,3.9056715739e-01
1.7340000000e+03,3.7664861625e-01
1.7420000000e+03,3.7434858687e-01
1.7520000000e+03,3.7311718940e-01
1.7620000000e+03,3.6066539009e-01
1.7700000000e+03,3.5234779371e-01
1.7750000000e+03,3.8310562103e-01
1.7760000000e+03,3.6961445091e-01
1.7750000000e+03,3.5900445948e-01
1.7720000000e+03,3.7735194058e-01
1.7680000000e+03,3.5979719755e-01
1.7640000000e+03,3.4806205958e-01
1.7600000000e+03,3.5248083623e-01
1.7550000000e+03,3.4155059174e-01
1.7500000000e+03,3.3821269400e-01
1.7430000000e+03,3.2756330520e-01
1.7370000000e+03,3.8381359708e-01
1.7320000000e+03,3.6945323971e-01
1.7280000000e+03,3.6612318353e-01
1.7250000000e+03,3.5377663129e-01
1.7220000000e+03,3.4369849004e-01
1.7190000000e+03,3.6351308163e-01
1.7160000000e+03,3.4897808460e-01
1.7120000000e+03,3.7819870738e-01
1.7080000000e+03,3.7566815144e-01
1.7040000000e+03,3.5959597437e-01
1.7000000000e+03,3.4198207531e-01
1.6970000000e+03,3.3096487329e-01
1.6940000000e+03,3.2928845479e-01
1.6930000000e+03,3.1983899181e-01
1.6940000000e+03,3.1846215114e-01
1.6950000000e+03,3.0910162116e-01
1.6980000000e+03,2.9087972467e-01
1.7010000000e+03,3.0010353807e-01
1.7030000000e+03,2.9482355584e-01
1.7050000000e+03,2.9279508043e-01
1.7060000000e+03,3.0410873345e-01
1.7060000000e+03,2.9233407946e-01
1.7040000000e+03,2.8975864166e-01
1.7010000000e+03,2.8508323949e-01
1.6990000000e+03,2.7739503610e-01
1.6960000000e+03,3.1303261878e-01
1.6940000000e+03,3.1017227984e-01
1.6910000000e+03,2.9850581945e-01
1.6890000000e+03,3.1614012842e-01
1.6860000000e+03,3.0422896507e-01
1.6820000000e+03,2.9079095012e-01
1.6780000000e+03,3.0320573040e-01
1.6730000000e+03,2.9477702515e-01
1.6680000000e+03,2.8547443402e-01
1.6630000000e+03,2.8137423029e-01
1.6570000000e+03,2.8088615809e-01
1.6510000000e+03,2.7243142027e-01
1.6460000000e+03,2.7029905367e-01
1.6400000000e+03,2.6450082103e-01
1.6350000000e+03,2.6093044721e-01
1.6290000000e+03,2.5973779251e-01
1.6240000000e+03,3.0991072948e-01
1.6190000000e+03,3.0042808622e-01
1.6140000000e+03,2.9620729798e-01
1.6100000000e+03,2.7807018084e-01
1.6060000000e+03,2.6907665776e-01
1.6030000000e+03,2.7607136349e-01
1.6010000000e+03,2.7170280823e-01
1.6000000000e+03,2.6137541936e-01
1.5990000000e+03,2.5616276701e-01
1.5980000000e+03,2.5377639733e-01
1.5970000000e+03,2.4763686983e-01
1.5960000000e+03,2.7848681555e-01
1.5960000000e+03,2.6768919562e-01
1.5960000000e+03,2.6036300499e-01
1.5960000000e+03,2.5035140971e-01
1.5950000000e+03,2.4521438881e-01
1.5950000000e+03,2.5578705862e-01
1.5950000000e+03,2.4920996272e-01
1.5950000000e+03,2.4186303900e-01
1.5950000000e+03,2.3428387507e-01
1.5950000000e+03,2.2890717217e-01
1.5940000000e+03,2.4495037512e-01
1.5930000000e+03,2.4104201020e-01
1.5920000000e+03,2.3911356106e-01
1.5910000000e+03,2.2463183419e-01
1.5910000000e+03,2.1462887169e-01
1.5910000000e+03,2.0742138949e-01
1.5920000000e+03,1.9838141111e-01
1.5930000000e+03,2.2279372891e-01
1.5950000000e+03,2.1306732567e-01
1.5950000000e+03,2.0443556402e-01
1.5970000000e+03,2.0198371011e-01
1.5980000000e+03,2.2762702560e-01
1.5990000000e+03,2.2189406863e-01
1.6010000000e+03,2.1297779197e-01
1.6020000000e+03,2.0657450294e-01
1.6030000000e+03,2.0622650075e-01
1.6030000000e+03,1.9901711701e-01
1.6020000000e+03,1.9806678037e-01
1.6010000000e+03,2.1290722195e-01
1.6000000000e+03,2.2022273235e-01
1.6000000000e+03,2.1163102499e-01
1.5990000000e+03,2.0185277907e-01
1.5970000000e+03,1.9647618733e-01
1.5950000000e+03,1.8726822003e-01
1.5930000000e+03,1.8526877036e-01
1.5900000000e+03,2.0004358771e-01
1.5890000000e+03,1.8906346263e-01
1.5880000000e+03,1.8215785697e-01
1.5870000000e+03,1.8004213336e-01
1.5870000000e+03,1.8156574874e-01
1.5870000000e+03,1.7844781564e-01
1.5860000000e+03,1.9661854842e-01
1.5840000000e+03,1.8828647394e-01
1.5820000000e+03,1.8637347498e-01
1.5800000000e+03,1.7480341615e-01
1.5780000000e+03,1.6956500887e-01
1.5750000000e+03,1.6952339434e-01
1.5730000000e+03,1.6644379486e-01
1.5710000000e+03,1.5978150849e-01
1.5690000000e+03,1.6591081625e-01
1.5680000000e+03,1.6360870540e-01
1.5680000000e+03,1.5685503358e-01
1.5680000000e+03,1.7627987576e-01
1.5680000000e+03,1.6923781451e-01
1.5680000000e+03,1.6390482374e-01
1.5670000000e+03,1.7161892191e-01
1.5660000000e+03,1.6843444540e-01
1.5650000000e+03,1.6531446021e-01
1.5650000000e+03,1.5931164549e-01
1.5650000000e+03,1.6870981120e-01
1.5650000000e+03,1.6328834412e-01
1.5650000000e+03,1.6238819767e-01
1.5650000000e+03,1.5932178377e-01
1.5660000000e+03,1.5603846073e-01
1.5660000000e+03,1.4865593484e-01
1.5660000000e+03,1.4538843164e-01
1.5660000000e+03,1.4474750195e-01
1.5660000000e+03,1.4346930132e-01
1.5660000000e+03,1.3733207710e-01
1.5650000000e+03,1.2695911584e-01
1.5640000000e+03,1.2204104534e-01
1.5640000000e+03,1.1809826603e-01
1.5630000000e+03,1.1233877149e-01
1.5620000000e+03,1.0610035217e-01
1.5610000000e+03,1.0222431982e-01
1.5610000000e+03,1.6370974373e-01
1.5600000000e+03,1.5291329040e-01
1.5600000000e+03,1.5031572491e-01
1.5590000000e+03,1.4138144827e-01
1.5590000000e+03,1.4009295567e-01
1.5580000000e+03,1.3253977038e-01
1.5580000000e+03,1.3118217770e-01
1.5570000000e+03,1.2384077880e-01
1.5570000000e+03,1.1588698246e-01
1.5560000000e+03,1.1802023334e-01
1.5560000000e+03,1.1182048816e-01
1.5560000000e+03,1.1059388058e-01
1.5550000000e+03,1.0178579202e-01
1.5550000000e+03,9.8393299926e-02
1.5550000000e+03,9.3652849614e-02
1.5540000000e+03,8.4337495918e-02
1.5540000000e+03,7.6364334200e-02
1.5530000000e+03,7.0467137356e-02
1.5530000000e+03,1.3280504781e-01
1.5520000000e+03,1.6003312059e-01
1.5520000000e+03,1.5824015606e-01
1.5520000000e+03,1.4947511290e-01
1.5520000000e+03,1.6643430699e-01
1.5510000000e+03,1.5457423980e-01
1.5510000000e+03,1.3863344414e-01
1.5510000000e+03,1.2396358718e-01
1.5510000000e+03,1.1057589927e-01
1.5510000000e+03,9.8634040671e-02
1.5510000000e+03,8.7981866242e-02
1.5510000000e+03,7.8480094041e-02
1.5510000000e+03,7.0004484147e-02
1.5510000000e+03,6.2444214175e-02
1.5510000000e+03,5.5700430214e-02
1.5510000000e+03,4.9684954275e-02
1.5510000000e+03,4.4319131322e-02
1.5510000000e+03,3.9532800820e-02
1.5500000000e+03,3.5263379359e-02
1.5500000000e+03,3.1455042345e-02
1.5500000000e+03,2.8057994070e-02
1.5500000000e+03,2.5027816609e-02
1.5500000000e+03,2.2324889037e-02
1.5500000000e+03,1.9913869367e-02
1.5500000000e+03,1.7763232441e-02
1.5500000000e+03,1.5844857719e-02
1.5500000000e+03,1.4133661593e-02
1.5500000000e+03,1.2607269411e-02
1.5500000000e+03,1.1245722911e-02
1.5500000000e+03,1.0031219265e-02
1.5500000000e+03,8.9478782944e-03
1.5500000000e+03,7.9815348321e-03
1.5500000000e+03,7.1195535053e-03
1.5500000000e+03,6.3506635229e-03
1.5500000000e+03,5.6648113047e-03
1.5500000000e+03,5.0530290264e-03
1.5500000000e+03,4.5073173611e-03
1.5500000000e+03,4.0205408851e-03
1.5500000000e+03,3.5863347782e-03
1.5500000000e+03,3.1990216015e-03
1.5500000000e+03,2.8535370622e-03
1.5500000000e+03,2.5453637955e-03
1.5500000000e+03,2.2704722981e-03
1.5500000000e+03,2.0252682408e-03
1.5500000000e+03,1.8065454711e-03
1.5500000000e+03,1.6114440909e-03
1.5500000000e+03,1.4374130624e-03
1.5500000000e+03,1.2821768522e-03
1.5500000000e+03,1.1437056775e-03
1.5500000000e+03,1.0201889657e-03
1.5500000000e+03,9.1001168071e-04
1.5500000000e+03,8.1173320515e-04
1.5500000000e+03,7.2406850408e-04
1.5500000000e+03,6.4587132234e-04
1.5500000000e+03,5.7611919683e-04
1.5500000000e+03,5.1390008733e-04
1.5500000000e+03,4.5840045118e-04
1.5500000000e+03,4.0889460583e-04
1.5500000000e+03,3.6473524021e-04
