1.5700000000e+03,0.0000000000e+00
1.5790000000e+03,7.8605883342e-03
1.5860000000e+03,3.4946654266e-01
1.5910000000e+03,3.1278827020e-01
1.5930000000e+03,2.8876464227e-01
1.5930000000e+03,2.5792082523e-01
1.5930000000e+03,2.3461225008e-01
1.5930000000e+03,2.0927484533e-01
1.5960000000e+03,1.8667380272e-01
1.6030000000e+03,1.7297400483e-01
1.6150000000e+03,8.8807420270e-01
1.6330000000e+03,8.5087812059e-01
1.6510000000e+03,7.6705867901e-01
1.6660000000e+03,6.9199361832e-01
1.6740000000e+03,6.2600095595e-01
1.6750000000e+03,6.0492260371e-01
1.6700000000e+03,6.8676502390e-01
1.6590000000e+03,6.2481108654e-01
1.6440000000e+03,5.7687948668e-01
1.6260000000e+03,5.3352252119e-01
1.6100000000e+03,9.3108783637e-01
1.6000000000e+03,8.6528354098e-01
1.5970000000e+03,7.7338604637e-01
1.5980000000e+03,6.9478957721e-01
1.6020000000e+03,6.2325412130e-01
1.6100000000e+03,5.5789510231e-01
1.6240000000e+03,4.9764413923e-01
1.6440000000e+03,4.4390009571e-01
1.6730000000e+03,4.1517371049e-01
1.7080000000e+03,9.2085236846e-01
1.7420000000e+03,8.6750804146e-01
1.7660000000e+03,7.8329257338e-01
1.7730000000e+03,7.1162708413e-01
1.7630000000e+03,6.4494686012e-01
1.7420000000e+03,6.1619727646e-01
1.7160000000e+03,5.8698268557e-01
1.6900000000e+03,5.2932881813e-01
1.6660000000e+03,4.8455787419e-01
1.6480000000e+03,8.7058638136e-01
1.6380000000e+03,8.4892403074e-01
1.6350000000e+03,7.8284673827e-01
1.6360000000e+03,7.0762738166e-01
1.6370000000e+03,6.5135118397e-01
1.6370000000e+03,5.9006373267e-01
1.6380000000e+03,5.2736063948e-01
1.6460000000e+03,4.7040730491e-01
1.6640000000e+03,4.2137475341e-01
1.6950000000e+03,4.6350056428e-01
1.7330000000e+03,9.1974721870e-01
1.7700000000e+03,8.5102210099e-01
1.7930000000e+03,7.6486592502e-01
1.7940000000e+03,6.8392596436e-01
1.7760000000e+03,6.2539850359e-01
1.7470000000e+03,5.9906777840e-01
1.7130000000e+03,5.8623342897e-01
1.6810000000e+03,5.5448428809e-01
1.6540000000e+03,5.0486701746e-01
1.6330000000e+03,9.3299103757e-01
1.6190000000e+03,8.9885496470e-01
1.6110000000e+03,8.2607900464e-01
1.6060000000e+03,7.5868592703e-01
1.6010000000e+03,6.8655781223e-01
1.5950000000e+03,6.2880263831e-01
1.5880000000e+03,5.7535464522e-01
1.5820000000e+03,5.3851095537e-01
1.5760000000e+03,5.5938281352e-01
1.5720000000e+03,5.4762277524e-01
1.5690000000e+03,5.3195497005e-01
1.5670000000e+03,5.0300448854e-01
1.5650000000e+03,4.5748506824e-01
1.5640000000e+03,4.1032966593e-01
1.5640000000e+03,3.6601531822e-01
1.5640000000e+03,3.2648678439e-01
1.5630000000e+03,2.9864527706e-01
1.5620000000e+03,2.9142412564e-01
1.5600000000e+03,6.3497232183e-01
1.5590000000e+03,9.5059887579e-01
1.5590000000e+03,8.8851032576e-01
1.5630000000e+03,8.0891851512e-01
1.5720000000e+03,7.3360967194e-01
1.5870000000e+03,6.8192339068e-01
1.6040000000e+03,6.4482832619e-01
1.6220000000e+03,5.9144942029e-01
1.6380000000e+03,5.3305283325e-01
1.6510000000e+03,5.1454398950e-01
1.6620000000e+03,4.7110112520e-01
1.6670000000e+03,4.2531978810e-01
1.6650000000e+03,3.8025010698e-01
1.6550000000e+03,3.3918425954e-01
1.6390000000e+03,3.2091731292e-01
1.6240000000e+03,9.0809615220e-01
1.6140000000e+03,8.6109066545e-01
1.6080000000e+03,7.7592566946e-01
1.6060000000e+03,7.4036056401e-01
1.6040000000e+03,7.3491261697e-01
1.6010000000e+03,7.4851443489e-01
1.5980000000e+03,6.8831942213e-01
1.5950000000e+03,6.2515219602e-01
1.5930000000e+03,5.5780348942e-01
1.5950000000e+03,4.9756242025e-01
1.6070000000e+03,4.4382720213e-01
1.6340000000e+03,3.9589522305e-01
1.6800000000e+03,3.6646209219e-01
1.7380000000e+03,5.6823842654e-01
1.7930000000e+03,9.4156742516e-01
1.8380000000e+03,8.8591805258e-01
1.8730000000e+03,7.9808882243e-01
1.9010000000e+03,7.2462394889e-01
1.9170000000e+03,6.9073719805e-01
1.9070000000e+03,6.6540478706e-01
1.8690000000e+03,5.9460169888e-01
1.8110000000e+03,5.3038653574e-01
1.7500000000e+03,5.0193256424e-01
1.7040000000e+03,9.3259390251e-01
1.6810000000e+03,8.8560592365e-01
1.6850000000e+03,8.0785436643e-01
1.7120000000e+03,7.2755946378e-01
1.7480000000e+03,7.1332641821e-01
1.7760000000e+03,6.8662517476e-01
1.7830000000e+03,6.4695675450e-01
1.7710000000e+03,5.8519034929e-01
1.7570000000e+03,5.4037318528e-01
1.7550000000e+03,9.3494515250e-01
1.7670000000e+03,8.8339678612e-01
1.7830000000e+03,8.4391410075e-01
1.7950000000e+03,7.8157100499e-01
1.8020000000e+03,7.1935789292e-01
1.7990000000e+03,6.6260526838e-01
1.7800000000e+03,5.9953371294e-01
1.7430000000e+03,5.7191587844e-01
1.6950000000e+03,5.3156263030e-01
1.6520000000e+03,7.0282523531e-01
1.6220000000e+03,9.5170839347e-01
1.6100000000e+03,8.8299996051e-01
1.6110000000e+03,7.9396084566e-01
1.6190000000e+03,7.2528643684e-01
1.6280000000e+03,6.5447802345e-01
1.6340000000e+03,5.9988751003e-01
1.6350000000e+03,5.4936861927e-01
1.6310000000e+03,4.9347577126e-01
1.6230000000e+03,4.5442058122e-01
1.6140000000e+03,4.0814856768e-01
1.6040000000e+03,3.6406977190e-01
1.5950000000e+03,3.2475135111e-01
1.5870000000e+03,2.9664266568e-01
1.5800000000e+03,5.7174240303e-01
1.5760000000e+03,8.8129623564e-01
1.5730000000e+03,8.4140964342e-01
1.5740000000e+03,7.6741551249e-01
1.5800000000e+03,7.0953441947e-01
1.5880000000e+03,8.0824977338e-01
1.5970000000e+03,7.9066712858e-01
1.6020000000e+03,7.1308105349e-01
1.5990000000e+03,6.4378295690e-01
1.5900000000e+03,6.3609114618e-01
1.5780000000e+03,6.2615425761e-01
1.5690000000e+03,6.0355362464e-01
1.5680000000e+03,5.5943760887e-01
1.5800000000e+03,5.0615020791e-01
1.6040000000e+03,4.5148753501e-01
1.6370000000e+03,4.1264368157e-01
1.6720000000e+03,3.6939245129e-01
1.7010000000e+03,3.2991238711e-01
1.7170000000e+03,2.9562181791e-01
1.7230000000e+03,5.1944198323e-01
1.7190000000e+03,8.9699221905e-01
1.7030000000e+03,8.5029903339e-01
1.6780000000e+03,7.7021794529e-01
1.6480000000e+03,7.0976642590e-01
1.6250000000e+03,9.4130964252e-01
1.6130000000e+03,8.9461778025e-01
1.6110000000e+03,8.0737038604e-01
1.6120000000e+03,7.3066603452e-01
1.6120000000e+03,6.5449853887e-01
1.6120000000e+03,6.3628691778e-01
1.6140000000e+03,5.6908324359e-01
1.6260000000e+03,5.0762399551e-01
1.6490000000e+03,4.5280215806e-01
1.6810000000e+03,8.6328356221e-01
1.7150000000e+03,8.5357929924e-01
1.7460000000e+03,7.7961848527e-01
1.7690000000e+03,7.0302114176e-01
1.7840000000e+03,6.3440610289e-01
1.7880000000e+03,7.5876366091e-01
1.7770000000e+03,8.5435753737e-01
1.7530000000e+03,7.8827609992e-01
1.7220000000e+03,7.0328694391e-01
1.6940000000e+03,6.3672354266e-01
1.6780000000e+03,9.3567090406e-01
1.6810000000e+03,9.0257016796e-01
1.7020000000e+03,8.0739744105e-01
1.7320000000e+03,7.2020098922e-01
1.7600000000e+03,6.8878275604e-01
1.7720000000e+03,6.6752170622e-01
1.7630000000e+03,6.0586034134e-01
1.7400000000e+03,5.7762928980e-01
1.7170000000e+03,5.6253189774e-01
1.7090000000e+03,9.4079513047e-01
1.7190000000e+03,9.1572149499e-01
1.7420000000e+03,8.3134749859e-01
1.7730000000e+03,7.4845483818e-01
1.8030000000e+03,6.7758651780e-01
1.8230000000e+03,6.1620840234e-01
1.8260000000e+03,5.5777895934e-01
1.8120000000e+03,5.0274630744e-01
1.7920000000e+03,4.5675103286e-01
1.7780000000e+03,9.0928125497e-01
1.7750000000e+03,8.9387282018e-01
1.7760000000e+03,8.2542899721e-01
1.7710000000e+03,7.4243187859e-01
1.7540000000e+03,6.7433096988e-01
1.7320000000e+03,7.6826492193e-01
1.7130000000e+03,8.3004612115e-01
1.7000000000e+03,7.7836938145e-01
1.6910000000e+03,7.0544388467e-01
1.6830000000e+03,6.4410376410e-01
1.6730000000e+03,6.2820035372e-01
1.6650000000e+03,5.9969507945e-01
1.6590000000e+03,5.6222213239e-01
1.6530000000e+03,5.0764896290e-01
1.6460000000e+03,4.5282442905e-01
1.6370000000e+03,8.2083693003e-01
1.6260000000e+03,7.8545112934e-01
1.6150000000e+03,7.1140251522e-01
1.6050000000e+03,6.3910252014e-01
1.5950000000e+03,6.3714719118e-01
1.5870000000e+03,8.5136640371e-01
1.5810000000e+03,8.0583467800e-01
1.5750000000e+03,7.4078138940e-01
1.5700000000e+03,6.7338448830e-01
1.5670000000e+03,6.3088588563e-01
1.5690000000e+03,6.0112761506e-01
1.5800000000e+03,5.4985656623e-01
1.6040000000e+03,4.9047374044e-01
1.6410000000e+03,4.7426729520e-01
1.6830000000e+03,4.3724972193e-01
1.7160000000e+03,3.9374322589e-01
1.7250000000e+03,3.5182013725e-01
1.7090000000e+03,3.1406629834e-01
1.6780000000e+03,3.1176462530e-01
1.6460000000e+03,8.0911121794e-01
1.6210000000e+03,7.6643913940e-01
1.6040000000e+03,6.9476546484e-01
1.5940000000e+03,7.3504270882e-01
1.5880000000e+03,7.3865615450e-01
1.5850000000e+03,7.7528674458e-01
1.5850000000e+03,6.9958083930e-01
1.5860000000e+03,6.2449979930e-01
1.5870000000e+03,5.5705573285e-01
1.5870000000e+03,4.9689541910e-01
1.5910000000e+03,4.4323223506e-01
1.6040000000e+03,3.9536451061e-01
1.6290000000e+03,3.5266635386e-01
1.6650000000e+03,7.1866045987e-01
1.7060000000e+03,9.3972250529e-01
1.7470000000e+03,8.7201503295e-01
1.7860000000e+03,7.8140093151e-01
1.8200000000e+03,6.9936346848e-01
1.8440000000e+03,7.1044614014e-01
1.8480000000e+03,6.9583367542e-01
1.8270000000e+03,6.3210386699e-01
1.7910000000e+03,5.6516776865e-01
1.7540000000e+03,5.0631058691e-01
1.7250000000e+03,8.9759576361e-01
1.7090000000e+03,8.4858777020e-01
1.7010000000e+03,7.9262389508e-01
1.6990000000e+03,7.2055699258e-01
1.7000000000e+03,7.0720251111e-01
1.7010000000e+03,7.8076085515e-01
1.6990000000e+03,7.0444636877e-01
1.6960000000e+03,6.2999533743e-01
1.6980000000e+03,5.6837090040e-01
1.7130000000e+03,8.2464972130e-01
1.7380000000e+03,8.2184296590e-01
1.7660000000e+03,7.5045182358e-01
1.7920000000e+03,6.7347238213e-01
1.8160000000e+03,6.0740902180e-01
1.8290000000e+03,5.7823694058e-01
1.8210000000e+03,5.4174986315e-01
1.7860000000e+03,5.0583165149e-01
1.7320000000e+03,4.5344615640e-01
1.6760000000e+03,5.5912793779e-01
1.6370000000e+03,9.4033445459e-01
1.6200000000e+03,8.7658808378e-01
1.6210000000e+03,7.8326970549e-01
1.6300000000e+03,7.2273562567e-01
1.6390000000e+03,6.4514541464e-01
1.6440000000e+03,5.7547168494e-01
1.6430000000e+03,5.1332250474e-01
1.6390000000e+03,4.5958027728e-01
1.6320000000e+03,4.4052423373e-01
1.6230000000e+03,3.9294896513e-01
1.6140000000e+03,3.5338763004e-01
1.6030000000e+03,3.1522284788e-01
1.5930000000e+03,2.9181694807e-01
1.5830000000e+03,7.1297791136e-01
1.5760000000e+03,9.6115578434e-01
1.5730000000e+03,9.0481921213e-01
1.5750000000e+03,8.1498737792e-01
1.5850000000e+03,7.3655270769e-01
1.6010000000e+03,9.2556496835e-01
1.6190000000e+03,8.9388600593e-01
1.6350000000e+03,8.0404723699e-01
1.6450000000e+03,7.2360833576e-01
1.6460000000e+03,6.6978309766e-01
1.6420000000e+03,6.6129758801e-01
1.6370000000e+03,6.2516918697e-01
1.6360000000e+03,5.6960063665e-01
1.6410000000e+03,5.2699655665e-01
1.6490000000e+03,4.7010572388e-01
1.6580000000e+03,4.2940816069e-01
1.6630000000e+03,4.0851691884e-01
1.6610000000e+03,3.6710047970e-01
1.6510000000e+03,5.6303516983e-01
1.6340000000e+03,5.5696353749e-01
1.6190000000e+03,6.2834544655e-01
1.6070000000e+03,6.0821883336e-01
1.5980000000e+03,5.7229870544e-01
1.5920000000e+03,5.4176258146e-01
1.5880000000e+03,9.2190391716e-01
1.5850000000e+03,8.8390700864e-01
1.5820000000e+03,7.9244931150e-01
1.5780000000e+03,7.0926305095e-01
1.5770000000e+03,6.3266481282e-01
1.5810000000e+03,5.9413299549e-01
1.5950000000e+03,5.3007441707e-01
1.6250000000e+03,5.2388049416e-01
1.6710000000e+03,4.7790729191e-01
1.7260000000e+03,9.2669786794e-01
1.7770000000e+03,9.0031751440e-01
1.8130000000e+03,8.1237284206e-01
1.8340000000e+03,7.3474121039e-01
1.8420000000e+03,6.5542973795e-01
1.8380000000e+03,6.4538013196e-01
1.8190000000e+03,9.4876448967e-01
1.7920000000e+03,8.7478191137e-01
1.7650000000e+03,7.8292289462e-01
1.7490000000e+03,7.0446836205e-01
1.7460000000e+03,8.8247878510e-01
1.7490000000e+03,8.3325440148e-01
1.7540000000e+03,7.4705200921e-01
1.7580000000e+03,6.8462681273e-01
1.7600000000e+03,6.6513897761e-01
1.7560000000e+03,8.1772583913e-01
1.7430000000e+03,7.4245074564e-01
1.7230000000e+03,6.7061547857e-01
1.7070000000e+03,6.3881279347e-01
1.7040000000e+03,9.5111862710e-01
1.7170000000e+03,9.2916449561e-01
1.7420000000e+03,8.4688023552e-01
1.7760000000e+03,7.6110581406e-01
1.8110000000e+03,6.8405276841e-01
1.8380000000e+03,6.1798683718e-01
1.8440000000e+03,5.5676185689e-01
1.8290000000e+03,5.0583713389e-01
1.8000000000e+03,4.7289452475e-01
1.7720000000e+03,9.1017580543e-01
1.7550000000e+03,8.9969738600e-01
1.7460000000e+03,8.3557699040e-01
1.7370000000e+03,7.5960403924e-01
1.7240000000e+03,7.1045177901e-01
1.7110000000e+03,6.9550789092e-01
1.7020000000e+03,6.9436067088e-01
1.6980000000e+03,6.3948291900e-01
1.6980000000e+03,5.8013343712e-01
1.6980000000e+03,5.3536311376e-01
1.6960000000e+03,6.5473617205e-01
1.6920000000e+03,6.1352416992e-01
1.6810000000e+03,5.5927355290e-01
1.6630000000e+03,5.0663462784e-01
1.6410000000e+03,4.8401687924e-01
1.6210000000e+03,8.4273147181e-01
1.6080000000e+03,8.0418296749e-01
1.5990000000e+03,7.3237260414e-01
1.5900000000e+03,6.6888823642e-01
1.5810000000e+03,5.9665035465e-01
1.5720000000e+03,5.5343058802e-01
1.5640000000e+03,4.9422420671e-01
1.5580000000e+03,4.4084950543e-01
1.5550000000e+03,4.1079256604e-01
1.5530000000e+03,4.6234437108e-01
1.5520000000e+03,4.1878158519e-01
1.5520000000e+03,3.7355445607e-01
1.5520000000e+03,3.4235653774e-01
1.5520000000e+03,3.1258975160e-01
1.5520000000e+03,3.6929524863e-01
1.5530000000e+03,3.2941249236e-01
1.5530000000e+03,3.0094179747e-01
1.5530000000e+03,2.6844100466e-01
1.5530000000e+03,3.4302757095e-01
1.5530000000e+03,3.3600371463e-01
1.5530000000e+03,3.2236630038e-01
1.5530000000e+03,3.0613436363e-01
1.5520000000e+03,2.7307278957e-01
1.5520000000e+03,5.4678641377e-01
1.5520000000e+03,5.0651587636e-01
1.5520000000e+03,4.5565952191e-01
1.5520000000e+03,4.0644968853e-01
1.5520000000e+03,3.6416426185e-01
1.5520000000e+03,4.5805662604e-01
1.5520000000e+03,4.0988020306e-01
1.5520000000e+03,3.6561439596e-01
1.5530000000e+03,3.2612916051e-01
1.5530000000e+03,2.9869422078e-01
1.5530000000e+03,4.3385038530e-01
1.5530000000e+03,3.8699587190e-01
1.5530000000e+03,3.5524501502e-01
1.5530000000e+03,3.3573682478e-01
1.5530000000e+03,3.6728255202e-01
1.5530000000e+03,3.4826626941e-01
1.5540000000e+03,3.2427996537e-01
1.5540000000e+03,2.8995196375e-01
1.5540000000e+03,2.6547634168e-01
1.5540000000e+03,2.9629931733e-01
1.5540000000e+03,2.6892229502e-01
1.5540000000e+03,2.3987951045e-01
1.5530000000e+03,2.1397325770e-01
1.5530000000e+03,2.8609432216e-01
1.5530000000e+03,4.1944242562e-01
1.5530000000e+03,3.7414392776e-01
1.5530000000e+03,3.3373752898e-01
1.5530000000e+03,2.9769489758e-01
1.5530000000e+03,3.6879328723e-01
1.5530000000e+03,3.5103742476e-01
1.5530000000e+03,3.1466274868e-01
1.5530000000e+03,3.0111558238e-01
1.5540000000e+03,2.6859602133e-01
1.5540000000e+03,8.5375008662e-01
1.5550000000e+03,7.8541111945e-01
1.5550000000e+03,7.0894883262e-01
1.5560000000e+03,6.4073968910e-01
1.5560000000e+03,5.9830805689e-01
1.5560000000e+03,5.5366471247e-01
1.5550000000e+03,4.9387061854e-01
1.5550000000e+03,4.4537263089e-01
1.5540000000e+03,4.2829405874e-01
1.5540000000e+03,3.9740761472e-01
1.5540000000e+03,3.7393489681e-01
1.5540000000e+03,3.3356456774e-01
1.5540000000e+03,2.9754061561e-01
1.5530000000e+03,2.7830346617e-01
1.5540000000e+03,4.7959893474e-01
1.5540000000e+03,4.4171350809e-01
1.5550000000e+03,4.2659569029e-01
1.5550000000e+03,3.9217564178e-01
1.5560000000e+03,3.6614492321e-01
1.5610000000e+03,4.8468207026e-01
1.5710000000e+03,4.3233789051e-01
1.5950000000e+03,3.9089306215e-01
1.6360000000e+03,3.5390516203e-01
1.6980000000e+03,5.4066308442e-01
1.7720000000e+03,8.5863685055e-01
1.8470000000e+03,8.0763578009e-01
1.9130000000e+03,7.6959712289e-01
1.9690000000e+03,7.0062217286e-01
2.0180000000e+03,6.3707081483e-01
2.0590000000e+03,6.0652786038e-01
2.0910000000e+03,5.5091667206e-01
2.1140000000e+03,4.9524990294e-01
2.1300000000e+03,4.6098800582e-01
2.1380000000e+03,8.4870128836e-01
2.1290000000e+03,8.0118665114e-01
2.1040000000e+03,7.3787115831e-01
2.0710000000e+03,6.7696890265e-01
2.0390000000e+03,6.4426907520e-01
2.0060000000e+03,8.0376492699e-01
1.9620000000e+03,7.5685996651e-01
1.9090000000e+03,7.0151372311e-01
1.8650000000e+03,6.3990065303e-01
1.8560000000e+03,9.3970861104e-01
1.8880000000e+03,9.1767995348e-01
1.9440000000e+03,8.2592161734e-01
2.0010000000e+03,7.4961917411e-01
2.0370000000e+03,6.8166209575e-01
2.0510000000e+03,7.3545733480e-01
2.0400000000e+03,6.8097604685e-01
2.0040000000e+03,6.2237441449e-01
1.9520000000e+03,5.6701386512e-01
1.9060000000e+03,6.2797980394e-01
1.8960000000e+03,9.0650804504e-01
1.9290000000e+03,8.3112187733e-01
1.9970000000e+03,7.5055153744e-01
2.0740000000e+03,6.8638620797e-01
2.1390000000e+03,6.6312563868e-01
2.1770000000e+03,6.6272031430e-01
2.1830000000e+03,6.0206373927e-01
2.1640000000e+03,5.9462744764e-01
2.1300000000e+03,5.4995048345e-01
2.0900000000e+03,5.4757471043e-01
2.0450000000e+03,5.7610218401e-01
1.9990000000e+03,5.4371030561e-01
1.9640000000e+03,5.2871501689e-01
1.9560000000e+03,5.1857387963e-01
1.9780000000e+03,7.4488005922e-01
2.0160000000e+03,6.7871322135e-01
2.0530000000e+03,6.0818271497e-01
2.0790000000e+03,5.6892214772e-01
2.0980000000e+03,6.3164602918e-01
2.1130000000e+03,6.2990923415e-01
2.1210000000e+03,5.8707778928e-01
2.1200000000e+03,5.3715303739e-01
2.1120000000e+03,4.9034008627e-01
2.1020000000e+03,8.0983743239e-01
2.0880000000e+03,7.7695900570e-01
2.0670000000e+03,7.4234739265e-01
2.0400000000e+03,6.9487672537e-01
2.0170000000e+03,6.3202816328e-01
2.0170000000e+03,9.5020042725e-01
2.0430000000e+03,8.7580780207e-01
2.0860000000e+03,7.8122324069e-01
2.1340000000e+03,7.1831190277e-01
2.1800000000e+03,6.7819101767e-01
2.2270000000e+03,6.3539749990e-01
2.2330000000e+03,5.8216216974e-01
2.2330000000e+03,5.4625303085e-01
2.2330000000e+03,5.1445224463e-01
2.2330000000e+03,7.8111920223e-01
2.2040000000e+03,7.5689477564e-01
2.1620000000e+03,6.8887656723e-01
2.1290000000e+03,6.3796502224e-01
2.1150000000e+03,5.8790296056e-01
2.1210000000e+03,7.3620422908e-01
2.1310000000e+03,6.8210248167e-01
2.1350000000e+03,6.2154949573e-01
2.1300000000e+03,5.9494087403e-01
2.1270000000e+03,9.4518120846e-01
2.1310000000e+03,9.1486315884e-01
2.1390000000e+03,8.1854723057e-01
2.1450000000e+03,7.4110321170e-01
2.1450000000e+03,6.9123741546e-01
2.1380000000e+03,6.3767744131e-01
2.1210000000e+03,5.9347223628e-01
2.0970000000e+03,5.6993357186e-01
2.0780000000e+03,5.4389799616e-01
2.0720000000e+03,5.1426012945e-01
2.0740000000e+03,4.9194564596e-01
2.0610000000e+03,4.5264202094e-01
2.0240000000e+03,4.2767582906e-01
1.9730000000e+03,4.1582979136e-01
1.9290000000e+03,5.8731264847e-01
1.8990000000e+03,6.8524155467e-01
1.8690000000e+03,6.5380030364e-01
1.8320000000e+03,6.1547271907e-01
1.7990000000e+03,5.6846840449e-01
1.7940000000e+03,8.3662299404e-01
1.8290000000e+03,8.7114018776e-01
1.8940000000e+03,7.8582461355e-01
1.9680000000e+03,7.0499636379e-01
2.0260000000e+03,6.5089915967e-01
2.0590000000e+03,6.4315501837e-01
2.0650000000e+03,5.8970284394e-01
2.0540000000e+03,5.5379066490e-01
2.0380000000e+03,5.0492524870e-01
2.0290000000e+03,8.5010294731e-01
2.0320000000e+03,8.4748402490e-01
2.0440000000e+03,7.8047461811e-01
2.0630000000e+03,7.1450410890e-01
2.0850000000e+03,6.4687911552e-01
2.1080000000e+03,6.2092653531e-01
2.1230000000e+03,6.2051656368e-01
2.1220000000e+03,5.7300049473e-01
2.1090000000e+03,5.1505574884e-01
2.0940000000e+03,5.0387636154e-01
2.0870000000e+03,9.3285696687e-01
2.0870000000e+03,8.8979754733e-01
2.0890000000e+03,8.0152770673e-01
2.0940000000e+03,7.1877279433e-01
2.1020000000e+03,6.8177569024e-01
2.1110000000e+03,7.0107616073e-01
2.1080000000e+03,6.3491576586e-01
2.0880000000e+03,6.3113525134e-01
2.0550000000e+03,5.7817008758e-01
2.0260000000e+03,5.6522443271e-01
2.0170000000e+03,8.3160251909e-01
2.0340000000e+03,7.6781233578e-01
2.0680000000e+03,6.9263343589e-01
2.1000000000e+03,6.3076887140e-01
2.1150000000e+03,6.1347614136e-01
2.1010000000e+03,6.2095113600e-01
2.0550000000e+03,5.7440148184e-01
1.9870000000e+03,5.2956286257e-01
1.9200000000e+03,5.9287519865e-01
1.8890000000e+03,9.4490164970e-01
1.9100000000e+03,8.8774123279e-01
1.9770000000e+03,7.9223085004e-01
2.0670000000e+03,7.1629408500e-01
2.1520000000e+03,6.5293681027e-01
2.2160000000e+03,6.1047203624e-01
2.2330000000e+03,5.5702422564e-01
2.2320000000e+03,5.2122551340e-01
2.1920000000e+03,4.8743537952e-01
2.1410000000e+03,5.2474431695e-01
2.0970000000e+03,6.7313678865e-01
2.0770000000e+03,6.5202920666e-01
2.0890000000e+03,6.3436608841e-01
2.1300000000e+03,5.7888245167e-01
2.1870000000e+03,5.4689315526e-01
2.2330000000e+03,5.1864559496e-01
2.2330000000e+03,4.9745390893e-01
2.2330000000e+03,4.7475490908e-01
2.2280000000e+03,5.2388585758e-01
2.1790000000e+03,7.3190687865e-01
2.1190000000e+03,6.7478481998e-01
2.0610000000e+03,6.1515837886e-01
2.0250000000e+03,5.8921039258e-01
2.0270000000e+03,5.8077805760e-01
2.0600000000e+03,5.4739398220e-01
2.1030000000e+03,5.1831206378e-01
2.1410000000e+03,5.0414179244e-01
2.1680000000e+03,4.6299150475e-01
2.1900000000e+03,5.0636711888e-01
2.2010000000e+03,4.9672721526e-01
2.1970000000e+03,4.5866730771e-01
2.1780000000e+03,4.4844545491e-01
2.1470000000e+03,4.7030876166e-01
2.1030000000e+03,8.2987358096e-01
2.0400000000e+03,7.6271421463e-01
1.9650000000e+03,6.8280551618e-01
1.8980000000e+03,6.2615401791e-01
1.8650000000e+03,7.7988205761e-01
1.8730000000e+03,8.3877575199e-01
1.9050000000e+03,7.5393895267e-01
1.9440000000e+03,6.7582243732e-01
1.9750000000e+03,6.2258170438e-01
2.0000000000e+03,8.8782616199e-01
2.0210000000e+03,8.1595964226e-01
2.0320000000e+03,7.4041892140e-01
2.0330000000e+03,6.9428157373e-01
2.0310000000e+03,6.4907142023e-01
2.0390000000e+03,9.5037398943e-01
2.0650000000e+03,8.7333344989e-01
2.1080000000e+03,7.8252184026e-01
2.1530000000e+03,7.1298484648e-01
2.1880000000e+03,6.8137998549e-01
2.2020000000e+03,6.8354589853e-01
2.1920000000e+03,6.2499799477e-01
2.1690000000e+03,5.9801000170e-01
2.1460000000e+03,5.5195924139e-01
2.1290000000e+03,8.0772368083e-01
2.1130000000e+03,7.9458002829e-01
2.0930000000e+03,7.2075675094e-01
2.0730000000e+03,6.5686160890e-01
2.0620000000e+03,6.0530011802e-01
2.0620000000e+03,8.5756386526e-01
2.0660000000e+03,7.9180797356e-01
2.0740000000e+03,7.1079923821e-01
2.0830000000e+03,6.5697653056e-01
2.0980000000e+03,6.3017300157e-01
2.1150000000e+03,6.2790196886e-01
2.1230000000e+03,5.6569265940e-01
2.1170000000e+03,5.2631997364e-01
2.0990000000e+03,4.8460886223e-01
2.0720000000e+03,6.2509898738e-01
2.0380000000e+03,6.1703848510e-01
1.9920000000e+03,5.6117748691e-01
1.9370000000e+03,5.3127326830e-01
1.8910000000e+03,5.0336874356e-01
1.8850000000e+03,9.3278826825e-01
1.9290000000e+03,8.6401829684e-01
2.0110000000e+03,7.7071004915e-01
2.1050000000e+03,7.0943800417e-01
2.1830000000e+03,6.4324164097e-01
2.2270000000e+03,6.2740976476e-01
2.2280000000e+03,6.0204025509e-01
2.1990000000e+03,5.6005991265e-01
2.1600000000e+03,5.2717988445e-01
2.1240000000e+03,5.0530388524e-01
2.0970000000e+03,5.0311156926e-01
2.0780000000e+03,4.6056818078e-01
2.0710000000e+03,4.2307004734e-01
2.0800000000e+03,4.6003668852e-01
2.1040000000e+03,7.0412336976e-01
2.1240000000e+03,6.5537891111e-01
2.1330000000e+03,6.1287305611e-01
2.1270000000e+03,5.8762792760e-01
2.1200000000e+03,7.6366490034e-01
2.1180000000e+03,7.5230864601e-01
2.1240000000e+03,6.7599738420e-01
2.1320000000e+03,6.1980770571e-01
2.1420000000e+03,5.7606174788e-01
2.1530000000e+03,5.5660392230e-01
2.1630000000e+03,5.3969001360e-01
2.1670000000e+03,4.9675878060e-01
2.1620000000e+03,4.6943760216e-01
2.1480000000e+03,4.3722868485e-01
2.1300000000e+03,5.3415766730e-01
2.1010000000e+03,5.0399353527e-01
2.0610000000e+03,4.6823138208e-01
2.0120000000e+03,4.5034961428e-01
1.9630000000e+03,5.2536647165e-01
1.9170000000e+03,7.5484361975e-01
1.8710000000e+03,7.0137999712e-01
1.8260000000e+03,6.3751066336e-01
1.7930000000e+03,6.0276089253e-01
1.7900000000e+03,8.2900079555e-01
1.8240000000e+03,8.2036289577e-01
1.8830000000e+03,7.3737179986e-01
1.9490000000e+03,6.5825294762e-01
1.9990000000e+03,6.0696968315e-01
2.0310000000e+03,7.9332526823e-01
2.0430000000e+03,7.4173319828e-01
2.0380000000e+03,6.8168020985e-01
2.0230000000e+03,6.1926500224e-01
2.0070000000e+03,5.9774034146e-01
1.9990000000e+03,9.0882676745e-01
1.9970000000e+03,8.2650349785e-01
1.9990000000e+03,7.3868846922e-01
2.0040000000e+03,6.7007215468e-01
2.0150000000e+03,6.5237456959e-01
2.0300000000e+03,7.8704551817e-01
2.0410000000e+03,7.1347563918e-01
2.0450000000e+03,6.7395611332e-01
2.0400000000e+03,6.3198627988e-01
2.0370000000e+03,8.2315404030e-01
2.0400000000e+03,7.8090453332e-01
2.0520000000e+03,7.0639507817e-01
2.0720000000e+03,6.5032637390e-01
2.0980000000e+03,6.3610230246e-01
2.1210000000e+03,7.9587421395e-01
2.1320000000e+03,7.2545601086e-01
2.1290000000e+03,7.0960084412e-01
2.1230000000e+03,6.4077516603e-01
2.1290000000e+03,6.0139780459e-01
2.1540000000e+03,6.9171788989e-01
2.1840000000e+03,6.5010268333e-01
2.2080000000e+03,5.8803282402e-01
2.2160000000e+03,5.4481418443e-01
2.2050000000e+03,6.1881308155e-01
2.1710000000e+03,6.1387011127e-01
2.1100000000e+03,5.6436587937e-01
2.0320000000e+03,5.4410898196e-01
1.9670000000e+03,5.0620968498e-01
1.9480000000e+03,9.3317274786e-01
1.9840000000e+03,8.7302506629e-01
2.0580000000e+03,7.7990152372e-01
2.1330000000e+03,7.0693760465e-01
2.1830000000e+03,6.7917802209e-01
2.2000000000e+03,6.6734292109e-01
2.1860000000e+03,6.0126816598e-01
2.1500000000e+03,5.5838517510e-01
2.1080000000e+03,5.2763877405e-01
2.0750000000e+03,7.1452282607e-01
2.0600000000e+03,6.8967628742e-01
2.0600000000e+03,6.2358894331e-01
2.0720000000e+03,5.5765995673e-01
2.0880000000e+03,5.2639156445e-01
2.0970000000e+03,6.8392070490e-01
2.0830000000e+03,6.5578706798e-01
2.0340000000e+03,6.2559647773e-01
1.9530000000e+03,5.8547296554e-01
1.8540000000e+03,5.4985680021e-01
1.7580000000e+03,7.3132085558e-01
1.6780000000e+03,6.5660785200e-01
1.6210000000e+03,5.8591291711e-01
1.5860000000e+03,5.3185813162e-01
1.5670000000e+03,4.7464779765e-01
1.5590000000e+03,4.2338728862e-01
1.5550000000e+03,3.7766275763e-01
1.5540000000e+03,3.3687633600e-01
1.5530000000e+03,3.0817985985e-01
1.5530000000e+03,7.2868634979e-01
1.5530000000e+03,6.9218669943e-01
1.5540000000e+03,6.1787527531e-01
1.5550000000e+03,5.5114663718e-01
1.5580000000e+03,4.9162448767e-01
1.5620000000e+03,4.3853054809e-01
1.5660000000e+03,3.9975397770e-01
1.5700000000e+03,3.7674771676e-01
1.5720000000e+03,3.4066125018e-01
1.5730000000e+03,3.3949154985e-01
1.5720000000e+03,3.3415651483e-01
1.5710000000e+03,3.0233323612e-01
1.5680000000e+03,2.7403158666e-01
1.5660000000e+03,2.4607677316e-01
1.5680000000e+03,2.1950123501e-01
1.5780000000e+03,1.9579577362e-01
1.6000000000e+03,1.7465042949e-01
1.6360000000e+03,1.5840455828e-01
1.6820000000e+03,4.9961578773e-01
1.7290000000e+03,9.2262945697e-01
1.7720000000e+03,8.3514631105e-01
1.8100000000e+03,7.4495306622e-01
1.8420000000e+03,6.6796190672e-01
1.8590000000e+03,6.3657565336e-01
1.8510000000e+03,7.3676274315e-01
1.8190000000e+03,6.8877032689e-01
1.7750000000e+03,6.3223819856e-01
1.7370000000e+03,5.8101312047e-01
1.7170000000e+03,8.6947054263e-01
1.7160000000e+03,8.0295550481e-01
1.7320000000e+03,7.1783743037e-01
1.7560000000e+03,6.5531509771e-01
1.7800000000e+03,6.3667128579e-01
1.7930000000e+03,6.6652506931e-01
1.7940000000e+03,6.0985822942e-01
1.7890000000e+03,5.6019434856e-01
1.7930000000e+03,5.1448692163e-01
1.8120000000e+03,4.8301822661e-01
1.8370000000e+03,5.3416273642e-01
1.8560000000e+03,5.1147634357e-01
1.8640000000e+03,4.7868514291e-01
1.8650000000e+03,4.3336845733e-01
1.8590000000e+03,4.0073631546e-01
1.8390000000e+03,3.7946061395e-01
1.7990000000e+03,3.5527274708e-01
1.7440000000e+03,3.2373350695e-01
1.6910000000e+03,5.4205276877e-01
1.6520000000e+03,9.3802358175e-01
1.6320000000e+03,8.4784435715e-01
1.6270000000e+03,7.5920010966e-01
1.6270000000e+03,6.8242255347e-01
1.6240000000e+03,6.1619370105e-01
1.6180000000e+03,8.1743648308e-01
1.6110000000e+03,7.9008623088e-01
1.6060000000e+03,7.2583872634e-01
1.6050000000e+03,6.4777975437e-01
1.6050000000e+03,7.6995340697e-01
1.6040000000e+03,7.3182761577e-01
1.6020000000e+03,6.7024083497e-01
1.5970000000e+03,6.1726260721e-01
1.5920000000e+03,5.6386059509e-01
1.5860000000e+03,5.0440321515e-01
1.5810000000e+03,4.9874158109e-01
1.5760000000e+03,4.8231603522e-01
1.5740000000e+03,4.6348836363e-01
1.5730000000e+03,7.1563782349e-01
1.5750000000e+03,7.1000155694e-01
1.5810000000e+03,6.7015982938e-01
1.5920000000e+03,6.1921788328e-01
1.6090000000e+03,5.8391099853e-01
1.6290000000e+03,5.8261146357e-01
1.6490000000e+03,5.4926716839e-01
1.6630000000e+03,4.9409410821e-01
1.6670000000e+03,4.5616449051e-01
1.6600000000e+03,4.0759538600e-01
1.6450000000e+03,3.8090537418e-01
1.6270000000e+03,4.8120464240e-01
1.6110000000e+03,4.6279264952e-01
1.5980000000e+03,4.1513874766e-01
1.5870000000e+03,4.1457233116e-01
1.5780000000e+03,7.0929643729e-01
1.5720000000e+03,6.8002810148e-01
1.5680000000e+03,6.1348103727e-01
1.5660000000e+03,5.7627218533e-01
1.5660000000e+03,9.4181325400e-01
1.5680000000e+03,9.0103028085e-01
1.5700000000e+03,8.0967044213e-01
1.5710000000e+03,7.3397960390e-01
1.5720000000e+03,6.6791450470e-01
1.5760000000e+03,5.9578178298e-01
1.5870000000e+03,5.3765867972e-01
1.6110000000e+03,4.7959318833e-01
1.6500000000e+03,4.4435629222e-01
1.6970000000e+03,9.2480180143e-01
1.7410000000e+03,8.9816351177e-01
1.7750000000e+03,8.1014805476e-01
1.7970000000e+03,7.3270901069e-01
1.8080000000e+03,6.9609046149e-01
1.8070000000e+03,6.6549212017e-01
1.7930000000e+03,8.6763150277e-01
1.7670000000e+03,7.9589284177e-01
1.7360000000e+03,7.0993885144e-01
1.7090000000e+03,6.3326762893e-01
1.6920000000e+03,8.8658949512e-01
1.6870000000e+03,8.6702239584e-01
1.6930000000e+03,7.8290479011e-01
1.7070000000e+03,7.0720270854e-01
1.7240000000e+03,6.8432668840e-01
1.7350000000e+03,6.8179627705e-01
1.7330000000e+03,6.2030520302e-01
1.7210000000e+03,5.5556170544e-01
1.7070000000e+03,5.1236028958e-01
1.7030000000e+03,9.3400514167e-01
1.7130000000e+03,9.0855845437e-01
1.7360000000e+03,8.2757070033e-01
1.7710000000e+03,7.4445817042e-01
1.8120000000e+03,6.6957560642e-01
1.8460000000e+03,6.0710473261e-01
1.8620000000e+03,5.5179460530e-01
1.8520000000e+03,4.9415699587e-01
1.8250000000e+03,4.6192327964e-01
1.7960000000e+03,8.4565288253e-01
1.7770000000e+03,9.7890317971e-01
1.7660000000e+03,9.1846865440e-01
1.7580000000e+03,8.2097800936e-01
1.7470000000e+03,7.3705518010e-01
1.7350000000e+03,7.0535889365e-01
1.7270000000e+03,8.4690416161e-01
1.7240000000e+03,7.6658795239e-01
1.7220000000e+03,6.9577401371e-01
1.7170000000e+03,6.3068654769e-01
1.7080000000e+03,6.3001085405e-01
1.7000000000e+03,6.4940316652e-01
1.6950000000e+03,6.2302663380e-01
1.6940000000e+03,5.7056017231e-01
1.6950000000e+03,5.2614769488e-01
1.6940000000e+03,5.1865548124e-01
1.6870000000e+03,5.0266104259e-01
1.6790000000e+03,4.5975022417e-01
1.6770000000e+03,4.1236788623e-01
1.6860000000e+03,6.1132611139e-01
1.7030000000e+03,9.2855603582e-01
1.7150000000e+03,8.8920900784e-01
1.7090000000e+03,8.0080618585e-01
1.6830000000e+03,7.1987917407e-01
1.6500000000e+03,6.6585422850e-01
1.6240000000e+03,6.2875813878e-01
1.6150000000e+03,5.7444901684e-01
1.6190000000e+03,5.5415597481e-01
1.6310000000e+03,5.1226393346e-01
1.6510000000e+03,4.6525574419e-01
1.6720000000e+03,4.5975430586e-01
1.6860000000e+03,4.3341641812e-01
1.6840000000e+03,4.1250480363e-01
1.6700000000e+03,4.0988761670e-01
1.6560000000e+03,8.8571513089e-01
1.6540000000e+03,8.2444095862e-01
1.6590000000e+03,7.4211847991e-01
1.6660000000e+03,7.1491685972e-01
1.6800000000e+03,7.1709610498e-01
1.7060000000e+03,7.1683321337e-01
1.7400000000e+03,6.4499041267e-01
1.7620000000e+03,5.8237180440e-01
1.7560000000e+03,5.1947743243e-01
1.7290000000e+03,4.7775745036e-01
1.7010000000e+03,4.2616110835e-01
1.6900000000e+03,4.2616791341e-01
1.7010000000e+03,4.0147863408e-01
1.7280000000e+03,8.1224632849e-01
1.7630000000e+03,9.7459030369e-01
1.8000000000e+03,9.0370079708e-01
1.8420000000e+03,8.1122173109e-01
1.8860000000e+03,7.2831761833e-01
1.9210000000e+03,6.6814322621e-01
1.9330000000e+03,6.5936090504e-01
1.9150000000e+03,5.9941610723e-01
1.8820000000e+03,5.3498326344e-01
1.8470000000e+03,4.9517044950e-01
1.8210000000e+03,6.2372296379e-01
1.8030000000e+03,5.9190081783e-01
1.7890000000e+03,5.6354532493e-01
1.7820000000e+03,5.5850735139e-01
1.7820000000e+03,5.4534947088e-01
1.7850000000e+03,7.1531880931e-01
1.7830000000e+03,6.5058158744e-01
1.7770000000e+03,5.8632916808e-01
1.7740000000e+03,5.3149846860e-01
1.7800000000e+03,8.0620822875e-01
1.7950000000e+03,8.0377779220e-01
1.8150000000e+03,7.7081240875e-01
1.8360000000e+03,6.9691269310e-01
1.8560000000e+03,6.2716157992e-01
1.8660000000e+03,5.7814506157e-01
1.8570000000e+03,5.2404412270e-01
1.8260000000e+03,5.1284329908e-01
1.7800000000e+03,4.7427936049e-01
1.7340000000e+03,7.3645098596e-01
1.7020000000e+03,9.6433251954e-01
1.6910000000e+03,9.0727258625e-01
1.6940000000e+03,8.1060530222e-01
1.7020000000e+03,7.2639136656e-01
1.7040000000e+03,6.5061207944e-01
1.6950000000e+03,5.8862616750e-01
1.6800000000e+03,5.3585484262e-01
1.6600000000e+03,5.2782833607e-01
1.6420000000e+03,5.4811262329e-01
1.6270000000e+03,5.0851686845e-01
1.6140000000e+03,4.7730827458e-01
1.6030000000e+03,4.3560327206e-01
1.5930000000e+03,4.1920414358e-01
1.5850000000e+03,4.1911764888e-01
1.5790000000e+03,8.6908425660e-01
1.5750000000e+03,8.1189830265e-01
1.5750000000e+03,7.4265426054e-01
1.5790000000e+03,6.9203413879e-01
1.5890000000e+03,8.4859335041e-01
1.6050000000e+03,8.2555113739e-01
1.6250000000e+03,7.4828224422e-01
1.6450000000e+03,6.7245432294e-01
1.6590000000e+03,6.1320865835e-01
1.6620000000e+03,6.0920932592e-01
1.6540000000e+03,5.8237178736e-01
1.6390000000e+03,5.3537121932e-01
1.6240000000e+03,4.7798276770e-01
1.6170000000e+03,4.3237814415e-01
1.6190000000e+03,3.8851872922e-01
1.6270000000e+03,4.1150913820e-01
1.6350000000e+03,4.8726654393e-01
1.6370000000e+03,4.5964617490e-01
1.6330000000e+03,5.4191898588e-01
1.6270000000e+03,8.4968637418e-01
1.6220000000e+03,7.9419446221e-01
1.6200000000e+03,7.1576431294e-01
1.6180000000e+03,6.4843899038e-01
1.6180000000e+03,7.1718110064e-01
1.6200000000e+03,7.0175805478e-01
1.6210000000e+03,6.4547552002e-01
1.6210000000e+03,6.0675764776e-01
1.6180000000e+03,5.4848990461e-01
1.6150000000e+03,4.9410237935e-01
1.6160000000e+03,4.5669089759e-01
1.6260000000e+03,4.1395221290e-01
1.6480000000e+03,3.7891485522e-01
1.6830000000e+03,9.1594526602e-01
1.7260000000e+03,8.9755222443e-01
1.7740000000e+03,8.2470325447e-01
1.8270000000e+03,7.4207659934e-01
1.8780000000e+03,6.7320392425e-01
1.9130000000e+03,6.8136000595e-01
1.9180000000e+03,8.6624114864e-01
1.8890000000e+03,7.9428403771e-01
1.8400000000e+03,7.0850379330e-01
1.7930000000e+03,6.3474525311e-01
1.7630000000e+03,9.5056814538e-01
1.7530000000e+03,8.9962817875e-01
1.7550000000e+03,8.1008527253e-01
1.7650000000e+03,7.2840075377e-01
1.7760000000e+03,6.9164319021e-01
1.7800000000e+03,6.6725899798e-01
1.7740000000e+03,6.0712300001e-01
1.7620000000e+03,5.4155557469e-01
1.7510000000e+03,6.2389676657e-01
1.7510000000e+03,9.4769021963e-01
1.7610000000e+03,9.1077096139e-01
1.7780000000e+03,8.2807556443e-01
1.7980000000e+03,7.4959313416e-01
1.8190000000e+03,6.7754753634e-01
1.8330000000e+03,6.1674815699e-01
1.8320000000e+03,5.5792318718e-01
1.8130000000e+03,5.0277840060e-01
1.7850000000e+03,4.5041796180e-01
1.7610000000e+03,7.3180831867e-01
1.7470000000e+03,8.1641834383e-01
1.7400000000e+03,7.5691355354e-01
1.7340000000e+03,6.9248037273e-01
1.7240000000e+03,6.4372419559e-01
1.7140000000e+03,7.3354456992e-01
1.7070000000e+03,8.9762093873e-01
1.7070000000e+03,8.1653079574e-01
1.7100000000e+03,7.3982893575e-01
1.7110000000e+03,6.7566755069e-01
1.7090000000e+03,6.5175621444e-01
1.7000000000e+03,6.1992490462e-01
1.6860000000e+03,5.7192358782e-01
1.6660000000e+03,5.1886102196e-01
1.6460000000e+03,4.7282866380e-01
1.6280000000e+03,9.2865511790e-01
1.6160000000e+03,8.9187909908e-01
1.6070000000e+03,8.0312428518e-01
1.5980000000e+03,7.3098898974e-01
1.5870000000e+03,6.5712721910e-01
1.5770000000e+03,6.4955060283e-01
1.5690000000e+03,5.8277852189e-01
1.5630000000e+03,5.1984022567e-01
1.5600000000e+03,4.6369907277e-01
1.5580000000e+03,4.6160279770e-01
1.5580000000e+03,4.5214599138e-01
1.5570000000e+03,4.3482020611e-01
1.5580000000e+03,3.9865880364e-01
1.5580000000e+03,3.9766278836e-01
1.5580000000e+03,3.8892415264e-01
1.5580000000e+03,3.8084650692e-01
1.5570000000e+03,4.0720970439e-01
1.5570000000e+03,3.9582490688e-01
1.5560000000e+03,3.5881686816e-01
1.5560000000e+03,3.3161923975e-01
1.5550000000e+03,2.9580537709e-01
1.5550000000e+03,2.6752904731e-01
1.5550000000e+03,2.3863672923e-01
1.5550000000e+03,7.6209644182e-01
1.5560000000e+03,7.5811063354e-01
1.5560000000e+03,6.8925592478e-01
1.5560000000e+03,6.1686853442e-01
1.5560000000e+03,5.6867492106e-01
1.5570000000e+03,8.3608979093e-01
1.5580000000e+03,7.9250056468e-01
1.5580000000e+03,7.1400155846e-01
1.5590000000e+03,6.5203503823e-01
1.5580000000e+03,6.1023058929e-01
1.5580000000e+03,5.6767265156e-01
1.5580000000e+03,5.0636574310e-01
1.5570000000e+03,4.7573634330e-01
1.5570000000e+03,4.4834054316e-01
1.5580000000e+03,4.8153753440e-01
1.5580000000e+03,4.5691361048e-01
1.5580000000e+03,4.4214604839e-01
1.5580000000e+03,4.0397098361e-01
1.5580000000e+03,3.6071618344e-01
1.5580000000e+03,5.5463748770e-01
1.5580000000e+03,5.1044690082e-01
1.5580000000e+03,4.6241299468e-01
1.5580000000e+03,4.2985451807e-01
1.5580000000e+03,4.0447697734e-01
1.5580000000e+03,3.8599986618e-01
1.5580000000e+03,3.6325623257e-01
1.5570000000e+03,3.5508544422e-01
1.5570000000e+03,3.3856473855e-01
1.5570000000e+03,5.9817052183e-01
1.5580000000e+03,5.8864270342e-01
1.5580000000e+03,5.4158604520e-01
1.5590000000e+03,4.9388494260e-01
1.5580000000e+03,5.5615779532e-01
1.5580000000e+03,5.0738169832e-01
1.5570000000e+03,4.5258602823e-01
1.5570000000e+03,4.0370812275e-01
1.5580000000e+03,3.6010888143e-01
1.5590000000e+03,4.8800803061e-01
1.5600000000e+03,6.6657938681e-01
1.5600000000e+03,5.9877305388e-01
1.5600000000e+03,5.3838113279e-01
1.5590000000e+03,4.9585888262e-01
1.5580000000e+03,7.2362530584e-01
1.5570000000e+03,7.0340852737e-01
1.5570000000e+03,6.3986030333e-01
1.5580000000e+03,5.7894710405e-01
1.5600000000e+03,5.1798356463e-01
1.5610000000e+03,7.2724457701e-01
1.5630000000e+03,6.8035967181e-01
1.5630000000e+03,6.1161324018e-01
1.5640000000e+03,5.5360395987e-01
1.5640000000e+03,5.2113194590e-01
1.5680000000e+03,5.5038598819e-01
1.5800000000e+03,4.9960132073e-01
1.6080000000e+03,4.5894088756e-01
1.6590000000e+03,4.5411624902e-01
1.7340000000e+03,5.8985077107e-01
1.8210000000e+03,8.1873402274e-01
1.9020000000e+03,7.7379335390e-01
1.9590000000e+03,7.0540772752e-01
1.9910000000e+03,6.4538379829e-01
2.0140000000e+03,6.1176198471e-01
2.0410000000e+03,5.9007201017e-01
2.0730000000e+03,5.6157850862e-01
2.1030000000e+03,5.0686307360e-01
2.1220000000e+03,4.5326130219e-01
2.1290000000e+03,5.7931344988e-01
2.1180000000e+03,5.7133663634e-01
2.0910000000e+03,5.2187816176e-01
2.0590000000e+03,4.9716217646e-01
2.0320000000e+03,5.4688904021e-01
2.0100000000e+03,7.1182563463e-01
1.9830000000e+03,6.6838475000e-01
1.9490000000e+03,6.1122807159e-01
1.9140000000e+03,5.5894619845e-01
1.8960000000e+03,8.8522755274e-01
1.9040000000e+03,8.7609830634e-01
1.9360000000e+03,7.8670243376e-01
1.9820000000e+03,7.0575003264e-01
2.0270000000e+03,6.4666568200e-01
2.0630000000e+03,6.3833142861e-01
2.0860000000e+03,6.0244294752e-01
2.0940000000e+03,5.7430698912e-01
2.0910000000e+03,5.2809136537e-01
2.0820000000e+03,6.0307538458e-01
2.0710000000e+03,8.2166552334e-01
2.0610000000e+03,7.6978197388e-01
2.0620000000e+03,7.1231872569e-01
2.0800000000e+03,6.5591535507e-01
2.1130000000e+03,6.3213992252e-01
2.1500000000e+03,6.2316401900e-01
2.1730000000e+03,5.6449078273e-01
2.1750000000e+03,5.0713223423e-01
2.1640000000e+03,4.6392013338e-01
2.1500000000e+03,6.9838744724e-01
2.1370000000e+03,7.0969258570e-01
2.1270000000e+03,6.5951305635e-01
2.1210000000e+03,6.0769485246e-01
2.1180000000e+03,5.9996232444e-01
2.1110000000e+03,6.6206514634e-01
2.0960000000e+03,6.0297950759e-01
2.0810000000e+03,5.7238531206e-01
2.0750000000e+03,5.4269314300e-01
2.0840000000e+03,6.2452331924e-01
2.1010000000e+03,6.0588786577e-01
2.1160000000e+03,5.5469254133e-01
2.1230000000e+03,5.0764012379e-01
2.1190000000e+03,4.7005202056e-01
2.1050000000e+03,5.8913021741e-01
2.0770000000e+03,5.8627524812e-01
2.0280000000e+03,5.3410581067e-01
1.9650000000e+03,4.8893228536e-01
1.9090000000e+03,5.8602843055e-01
1.8920000000e+03,9.4397504040e-01
1.9250000000e+03,8.8049115110e-01
1.9940000000e+03,7.9251444825e-01
2.0720000000e+03,7.1348890864e-01
2.1380000000e+03,6.4652162560e-01
2.1850000000e+03,6.1011847601e-01
2.2090000000e+03,6.8032454698e-01
2.2110000000e+03,6.2588207179e-01
2.1960000000e+03,5.8005823559e-01
2.1740000000e+03,8.0171433522e-01
2.1510000000e+03,7.8912391832e-01
2.1360000000e+03,7.1935286285e-01
2.1320000000e+03,6.5080263093e-01
2.1420000000e+03,6.0399678769e-01
2.1560000000e+03,5.9553529438e-01
2.1560000000e+03,5.6067366545e-01
2.1380000000e+03,5.2529552522e-01
2.1110000000e+03,7.0246869444e-01
2.0950000000e+03,7.0045292616e-01
2.0940000000e+03,6.9042807712e-01
2.1030000000e+03,6.2757002280e-01
2.1130000000e+03,5.6239582822e-01
2.1200000000e+03,5.2995489198e-01
2.1230000000e+03,5.0152624488e-01
2.1220000000e+03,4.8651502797e-01
2.1090000000e+03,4.7508698524e-01
2.0890000000e+03,4.4060964033e-01
2.0640000000e+03,3.9910301651e-01
2.0450000000e+03,5.6262732969e-01
2.0290000000e+03,5.5267208719e-01
2.0120000000e+03,5.4757152701e-01
1.9920000000e+03,5.2044678187e-01
1.9700000000e+03,4.9155918435e-01
1.9500000000e+03,9.2879778256e-01
1.9290000000e+03,8.6295252122e-01
1.9080000000e+03,7.8875317623e-01
1.8950000000e+03,7.1255627013e-01
1.9000000000e+03,8.1098897172e-01
1.9230000000e+03,8.0923745646e-01
1.9530000000e+03,7.2973943198e-01
1.9820000000e+03,6.6869809888e-01
1.9990000000e+03,6.3293227806e-01
2.0050000000e+03,6.4807818117e-01
2.0010000000e+03,6.1638981395e-01
1.9910000000e+03,5.8171341684e-01
1.9840000000e+03,5.4323347781e-01
1.9870000000e+03,5.2383995677e-01
2.0010000000e+03,8.7449519945e-01
2.0180000000e+03,8.0803839433e-01
2.0330000000e+03,7.2923786193e-01
2.0450000000e+03,6.6751172101e-01
2.0580000000e+03,6.6350383936e-01
2.0740000000e+03,8.0379337568e-01
2.0870000000e+03,7.2586989548e-01
2.0970000000e+03,6.6216449248e-01
2.1010000000e+03,6.2423087146e-01
2.0990000000e+03,5.9959278944e-01
2.0940000000e+03,7.6800256487e-01
2.0940000000e+03,6.9723364822e-01
2.1040000000e+03,6.2763068015e-01
2.1170000000e+03,6.1273741520e-01
2.1170000000e+03,6.0278328800e-01
2.0890000000e+03,5.6313862373e-01
2.0410000000e+03,5.2790309301e-01
1.9900000000e+03,5.0586238165e-01
1.9550000000e+03,8.8272745876e-01
1.9450000000e+03,8.4884612747e-01
1.9550000000e+03,7.7482135647e-01
1.9780000000e+03,7.0841727594e-01
2.0040000000e+03,6.4374802984e-01
2.0240000000e+03,6.0367077821e-01
2.0230000000e+03,5.8248147916e-01
1.9950000000e+03,5.3308252642e-01
1.9460000000e+03,4.9234425942e-01
1.8950000000e+03,5.2233271832e-01
1.8710000000e+03,9.3505631904e-01
1.8840000000e+03,8.8044371567e-01
1.9310000000e+03,7.9301980465e-01
1.9960000000e+03,7.1911105654e-01
2.0580000000e+03,6.5549877778e-01
2.1030000000e+03,6.0896489827e-01
2.1200000000e+03,5.7390427087e-01
2.1140000000e+03,5.4366871272e-01
2.0970000000e+03,5.0678020363e-01
2.0790000000e+03,5.4283254933e-01
2.0660000000e+03,5.8074897095e-01
2.0630000000e+03,5.3394610596e-01
2.0730000000e+03,4.8815107062e-01
2.0950000000e+03,4.5258607905e-01
2.1220000000e+03,4.4264253665e-01
2.1370000000e+03,4.2464640303e-01
2.1320000000e+03,4.0800694591e-01
2.1080000000e+03,5.3245338718e-01
2.0760000000e+03,5.1590712706e-01
2.0480000000e+03,8.6545831320e-01
2.0360000000e+03,8.0833693075e-01
2.0450000000e+03,7.3491017190e-01
2.0740000000e+03,6.6946181749e-01
2.1120000000e+03,6.2648003327e-01
2.1470000000e+03,5.9389514661e-01
2.1700000000e+03,5.5004143609e-01
2.1810000000e+03,5.0460346299e-01
2.1810000000e+03,4.8005204818e-01
2.1720000000e+03,7.0595826031e-01
2.1470000000e+03,6.5860063279e-01
2.1070000000e+03,6.0237166235e-01
2.0610000000e+03,5.8482043936e-01
2.0240000000e+03,5.7014970000e-01
2.0010000000e+03,7.2279093000e-01
1.9850000000e+03,6.6285314124e-01
1.9720000000e+03,6.0696986398e-01
1.9650000000e+03,5.5444975487e-01
1.9750000000e+03,8.7601468737e-01
2.0050000000e+03,8.6096654624e-01
2.0470000000e+03,7.7709233446e-01
2.0860000000e+03,7.0577246720e-01
2.1080000000e+03,6.4111949459e-01
2.1150000000e+03,7.9299653305e-01
2.1090000000e+03,7.4112590560e-01
2.0930000000e+03,6.8110872439e-01
2.0740000000e+03,6.2937510886e-01
2.0570000000e+03,6.2725562039e-01
2.0520000000e+03,8.6365312795e-01
2.0570000000e+03,7.8605329658e-01
2.0710000000e+03,7.0845350284e-01
2.0920000000e+03,6.5960482833e-01
2.1240000000e+03,6.3736095762e-01
2.1590000000e+03,6.3118050557e-01
2.1870000000e+03,5.8723774643e-01
2.2020000000e+03,5.3994874874e-01
2.2060000000e+03,5.0130348192e-01
2.2040000000e+03,6.9277230303e-01
2.1950000000e+03,6.8829685881e-01
2.1800000000e+03,6.3997354911e-01
2.1660000000e+03,5.9295997880e-01
2.1580000000e+03,5.6539459708e-01
2.1570000000e+03,6.6208635833e-01
2.1570000000e+03,6.0967118956e-01
2.1550000000e+03,5.6127042397e-01
2.1460000000e+03,5.2600717852e-01
2.1330000000e+03,5.4127650084e-01
2.1160000000e+03,5.8808215362e-01
2.0960000000e+03,5.2620298300e-01
2.0770000000e+03,4.7995988662e-01
2.0600000000e+03,4.6729851650e-01
2.0480000000e+03,4.6700538087e-01
2.0410000000e+03,6.0481015658e-01
2.0380000000e+03,5.6181684860e-01
2.0390000000e+03,5.1191045832e-01
2.0450000000e+03,5.6712760824e-01
2.0610000000e+03,8.0253387405e-01
2.0830000000e+03,7.4821321272e-01
2.1080000000e+03,6.7801426179e-01
2.1390000000e+03,6.2643900973e-01
2.1750000000e+03,5.8795940065e-01
2.2100000000e+03,5.6238641048e-01
2.2290000000e+03,5.3771813878e-01
2.2250000000e+03,5.0081175028e-01
2.2010000000e+03,4.9540817041e-01
2.1670000000e+03,4.9419883480e-01
2.1340000000e+03,5.4717088486e-01
2.1090000000e+03,4.9722557755e-01
2.0990000000e+03,4.7747310337e-01
2.1110000000e+03,4.7234919269e-01
2.1370000000e+03,5.8853663950e-01
2.1610000000e+03,5.5046775862e-01
2.1710000000e+03,5.3691111195e-01
2.1670000000e+03,5.1312164982e-01
2.1600000000e+03,5.8941201529e-01
2.1580000000e+03,5.8253796924e-01
2.1620000000e+03,5.2661130992e-01
2.1700000000e+03,4.8458725631e-01
2.1820000000e+03,4.4802676649e-01
2.1960000000e+03,4.1952805570e-01
2.2080000000e+03,4.0776825671e-01
2.2180000000e+03,4.0728924935e-01
2.2290000000e+03,6.4759626504e-01
2.2330000000e+03,6.1661708098e-01
2.2330000000e+03,5.6640625288e-01
2.2330000000e+03,5.5579365902e-01
2.2180000000e+03,5.2446849616e-01
2.1970000000e+03,5.0578202043e-01
2.1870000000e+03,4.8982992694e-01
2.1890000000e+03,7.7399934330e-01
2.1850000000e+03,7.0695704828e-01
2.1660000000e+03,6.5725458134e-01
2.1300000000e+03,6.1089425451e-01
2.0970000000e+03,6.0360384059e-01
2.0810000000e+03,7.4468763581e-01
2.0810000000e+03,6.7032141535e-01
2.0930000000e+03,6.0566443416e-01
2.1040000000e+03,5.5473517980e-01
2.1190000000e+03,9.3886695123e-01
2.1430000000e+03,8.7343253044e-01
2.1770000000e+03,7.9389955380e-01
2.2150000000e+03,7.3577810196e-01
2.2330000000e+03,6.8250897040e-01
2.2330000000e+03,7.0167593653e-01
2.2330000000e+03,6.4275346271e-01
2.2170000000e+03,6.0512863716e-01
2.1900000000e+03,5.7708581798e-01
2.1700000000e+03,5.6615269392e-01
2.1570000000e+03,6.5718325425e-01
2.1450000000e+03,6.1374422014e-01
2.1420000000e+03,5.6343779050e-01
2.1530000000e+03,5.7274914956e-01
2.1830000000e+03,5.6671149209e-01
2.2270000000e+03,5.3145122851e-01
2.2330000000e+03,4.9699769021e-01
2.2330000000e+03,4.6273328026e-01
2.2330000000e+03,6.5245069597e-01
2.2330000000e+03,6.9464007445e-01
2.2010000000e+03,6.5041793244e-01
2.1120000000e+03,6.3558143827e-01
2.0080000000e+03,6.1641473732e-01
1.9050000000e+03,5.7797215977e-01
1.8120000000e+03,5.5239569231e-01
1.7340000000e+03,4.9992305039e-01
1.6710000000e+03,4.4593289144e-01
1.6250000000e+03,3.9777350437e-01
1.5950000000e+03,3.5481518366e-01
1.5780000000e+03,3.1649623008e-01
1.5680000000e+03,2.8231560617e-01
1.5650000000e+03,2.5182638500e-01
1.5640000000e+03,2.2728319623e-01
1.5650000000e+03,5.8864827934e-01
1.5660000000e+03,5.5626543342e-01
1.5670000000e+03,5.0475711181e-01
1.5670000000e+03,4.5969874204e-01
1.5670000000e+03,4.1437579760e-01
1.5660000000e+03,3.8255267449e-01
1.5650000000e+03,3.5014040914e-01
1.5620000000e+03,3.2019929417e-01
1.5600000000e+03,2.8569463785e-01
1.5570000000e+03,2.5484049160e-01
1.5550000000e+03,2.2731849869e-01
1.5530000000e+03,2.0276879675e-01
1.5540000000e+03,1.8087038747e-01
1.5570000000e+03,1.6133693935e-01
1.5660000000e+03,2.0773499247e-01
1.5820000000e+03,2.5530660354e-01
1.6080000000e+03,2.3625660742e-01
1.6410000000e+03,2.9419097516e-01
1.6790000000e+03,7.7373073183e-01
1.7150000000e+03,8.3090468396e-01
1.7520000000e+03,7.7020434577e-01
1.7920000000e+03,7.0566743772e-01
1.8380000000e+03,6.5800225738e-01
1.8910000000e+03,6.0625243346e-01
1.9500000000e+03,5.6159822314e-01
2.0140000000e+03,5.2068517386e-01
2.0770000000e+03,4.7189495157e-01
2.1350000000e+03,4.4585925356e-01
2.1830000000e+03,5.6280903612e-01
2.2140000000e+03,5.3711237221e-01
2.2260000000e+03,4.9201387462e-01
2.2140000000e+03,4.6755110800e-01
2.1840000000e+03,5.7175525028e-01
2.1410000000e+03,7.1671645305e-01
2.0900000000e+03,6.6815514864e-01
2.0230000000e+03,6.1494337601e-01
1.9300000000e+03,5.8397808349e-01
1.8190000000e+03,9.1554035273e-01
1.7140000000e+03,8.9262642702e-01
1.6390000000e+03,8.1607530587e-01
1.6040000000e+03,7.4039626120e-01
1.6060000000e+03,6.6953383011e-01
1.6350000000e+03,6.1706789206e-01
1.6750000000e+03,5.6558300771e-01
1.7070000000e+03,5.0746777884e-01
1.7190000000e+03,4.6104526564e-01
1.7080000000e+03,8.4716824595e-01
1.6820000000e+03,9.4525044598e-01
1.6520000000e+03,8.6177057665e-01
1.6240000000e+03,7.8095654246e-01
1.6030000000e+03,7.1021049850e-01
1.5890000000e+03,6.4964716879e-01
1.5860000000e+03,6.0626472853e-01
1.6040000000e+03,5.4856428231e-01
1.6560000000e+03,4.9428963281e-01
1.7470000000e+03,4.4576309276e-01
1.8710000000e+03,8.1546954237e-01
2.0050000000e+03,7.9741752733e-01
2.1240000000e+03,7.3392621684e-01
2.2110000000e+03,6.6118214338e-01
2.2330000000e+03,5.9555724095e-01
2.2330000000e+03,5.4286876218e-01
2.2330000000e+03,5.1321090934e-01
2.2100000000e+03,4.8656580189e-01
2.1600000000e+03,4.5808061699e-01
2.1110000000e+03,8.9460729428e-01
2.0720000000e+03,8.9037037730e-01
2.0430000000e+03,8.2777357196e-01
2.0250000000e+03,7.4396485486e-01
2.0100000000e+03,6.6592132526e-01
1.9930000000e+03,5.9520983661e-01
1.9690000000e+03,5.3092899646e-01
1.9380000000e+03,4.7359029026e-01
1.8980000000e+03,4.2244398879e-01
1.8540000000e+03,7.4062808592e-01
1.8180000000e+03,9.6489782854e-01
1.8000000000e+03,8.9578948868e-01
1.8040000000e+03,8.0710880651e-01
1.8270000000e+03,7.2706159421e-01
1.8570000000e+03,6.4919920380e-01
1.8850000000e+03,5.8065091291e-01
1.9060000000e+03,5.2120959950e-01
1.9220000000e+03,4.6818219626e-01
1.9350000000e+03,4.9851521289e-01
1.9470000000e+03,6.0037523425e-01
1.9570000000e+03,5.9369498263e-01
1.9620000000e+03,5.4575786935e-01
1.9600000000e+03,5.2878492007e-01
1.9500000000e+03,4.9406918385e-01
1.9360000000e+03,4.9934123675e-01
1.9200000000e+03,4.7038065522e-01
1.9020000000e+03,4.3069073663e-01
1.8840000000e+03,4.1623223082e-01
1.8650000000e+03,7.1678663152e-01
1.8480000000e+03,7.6230196584e-01
1.8340000000e+03,7.1650498359e-01
1.8240000000e+03,6.6728356180e-01
1.8090000000e+03,6.1750053384e-01
1.7810000000e+03,5.7350159258e-01
1.7380000000e+03,5.3270649072e-01
1.6900000000e+03,4.9797492565e-01
1.6540000000e+03,4.6815407685e-01
1.6510000000e+03,4.3341405982e-01
1.6910000000e+03,6.6657787062e-01
1.7710000000e+03,6.3445768691e-01
1.8710000000e+03,5.9402936052e-01
1.9620000000e+03,5.6200692264e-01
2.0210000000e+03,5.4956872324e-01
2.0370000000e+03,6.3640231115e-01
2.0100000000e+03,5.9845165086e-01
1.9450000000e+03,5.4093826200e-01
1.8520000000e+03,5.1987595458e-01
1.7510000000e+03,9.3502227632e-01
1.6680000000e+03,9.0453299989e-01
1.6210000000e+03,8.2523912761e-01
1.6130000000e+03,7.4868487798e-01
1.6380000000e+03,6.7221658837e-01
1.6840000000e+03,6.1014829499e-01
1.7360000000e+03,5.6993671773e-01
1.7810000000e+03,5.1991493857e-01
1.8090000000e+03,4.6821358015e-01
1.8170000000e+03,7.7243836049e-01
1.8090000000e+03,9.0853419407e-01
1.7900000000e+03,8.2810939794e-01
1.7660000000e+03,7.5382420796e-01
1.7370000000e+03,6.9961461041e-01
1.7040000000e+03,6.6126633334e-01
1.6700000000e+03,6.2285476730e-01
1.6490000000e+03,5.6619488394e-01
1.6560000000e+03,5.1697261332e-01
1.7070000000e+03,4.7992768911e-01
1.8050000000e+03,7.4375426815e-01
1.9340000000e+03,7.0578065239e-01
2.0650000000e+03,6.3487812632e-01
2.1720000000e+03,5.7144419148e-01
2.2330000000e+03,5.1389444521e-01
2.2330000000e+03,4.6164837412e-01
2.2330000000e+03,4.1874495186e-01
2.2070000000e+03,3.8052885956e-01
2.1540000000e+03,3.6059348469e-01
2.0990000000e+03,9.0098548797e-01
2.0510000000e+03,8.9629681733e-01
2.0160000000e+03,8.4416913667e-01
1.9930000000e+03,7.6565702532e-01
1.9800000000e+03,6.9557867212e-01
1.9690000000e+03,6.2448138098e-01
1.9550000000e+03,5.5703930365e-01
1.9350000000e+03,4.9688076421e-01
1.9070000000e+03,4.4321916285e-01
1.8750000000e+03,7.7492386666e-01
1.8480000000e+03,9.6953925774e-01
1.8340000000e+03,9.0126515818e-01
1.8370000000e+03,8.1077301491e-01
1.8590000000e+03,7.2998381263e-01
1.9000000000e+03,6.9671517859e-01
1.9560000000e+03,6.8144540851e-01
2.0210000000e+03,6.1400424952e-01
2.0820000000e+03,6.0352775234e-01
2.1340000000e+03,5.6832961307e-01
2.1760000000e+03,5.3645771433e-01
2.2140000000e+03,5.2370853421e-01
2.2330000000e+03,4.9677364110e-01
2.2330000000e+03,4.5796382948e-01
2.2330000000e+03,4.0850513793e-01
2.2330000000e+03,3.7477891997e-01
2.2330000000e+03,3.4140729866e-01
2.2330000000e+03,3.0852851960e-01
2.1580000000e+03,2.8025505538e-01
2.0460000000e+03,9.0259311406e-01
1.9430000000e+03,8.8406072244e-01
1.8790000000e+03,8.0363308474e-01
1.8600000000e+03,7.3478114553e-01
1.8750000000e+03,6.8466591073e-01
1.9020000000e+03,6.3260975972e-01
1.9220000000e+03,5.8878493106e-01
1.9240000000e+03,5.3890976621e-01
1.9120000000e+03,4.9535639995e-01
1.9060000000e+03,4.7474160554e-01
1.9200000000e+03,6.9858941541e-01
1.9570000000e+03,6.7036479599e-01
2.0030000000e+03,6.1335791386e-01
2.0400000000e+03,5.6143014501e-01
2.0560000000e+03,6.9375400674e-01
2.0470000000e+03,7.5974775550e-01
2.0130000000e+03,6.9441279711e-01
1.9540000000e+03,6.4337084968e-01
1.8760000000e+03,6.0265998760e-01
1.7920000000e+03,8.9013441687e-01
1.7280000000e+03,8.6082579258e-01
1.7000000000e+03,7.8698482299e-01
1.7020000000e+03,7.1351599612e-01
1.7120000000e+03,6.3741529390e-01
1.7080000000e+03,6.0194123870e-01
1.6830000000e+03,5.6599578994e-01
1.6510000000e+03,5.2146220144e-01
1.6320000000e+03,5.2111133301e-01
1.6340000000e+03,9.2308301927e-01
1.6530000000e+03,8.8937251818e-01
1.6750000000e+03,8.1217454745e-01
1.6860000000e+03,7.3464052420e-01
1.6780000000e+03,6.7234405766e-01
1.6520000000e+03,6.1836356393e-01
1.6220000000e+03,5.7183755030e-01
1.6030000000e+03,5.1814105409e-01
1.6140000000e+03,4.6548929681e-01
1.6670000000e+03,4.4437823332e-01
1.7660000000e+03,6.2449677337e-01
1.8990000000e+03,6.1091546884e-01
2.0400000000e+03,5.5869746765e-01
2.1570000000e+03,5.0879889748e-01
2.2310000000e+03,4.5385017422e-01
2.2330000000e+03,4.0896248752e-01
2.2330000000e+03,3.6479579089e-01
2.1930000000e+03,3.2890432478e-01
2.1350000000e+03,2.9806637093e-01
2.0770000000e+03,9.0500361350e-01
2.0280000000e+03,9.0111164924e-01
1.9950000000e+03,8.4675596171e-01
1.9760000000e+03,7.6524822653e-01
1.9670000000e+03,6.8436963945e-01
1.9590000000e+03,6.1262110602e-01
1.9460000000e+03,5.4709438760e-01
1.9230000000e+03,4.9040111295e-01
1.8910000000e+03,4.4342262315e-01
1.8550000000e+03,7.4022316884e-01
1.8240000000e+03,9.6484302898e-01
1.8110000000e+03,8.9786561829e-01
1.8180000000e+03,8.0969288453e-01
1.8400000000e+03,7.2747977291e-01
1.8680000000e+03,6.5157284699e-01
1.8930000000e+03,5.8207657420e-01
1.9110000000e+03,5.2199053133e-01
1.9230000000e+03,4.7206959510e-01
1.9320000000e+03,4.8815638385e-01
1.9420000000e+03,7.1802293462e-01
1.9520000000e+03,6.7975560331e-01
1.9580000000e+03,6.3486981901e-01
1.9570000000e+03,5.7722068660e-01
1.9470000000e+03,5.2047670908e-01
1.9310000000e+03,4.9857770743e-01
1.9110000000e+03,4.7860384936e-01
1.8890000000e+03,4.3720066595e-01
1.8650000000e+03,4.0581266684e-01
1.8440000000e+03,9.1958548897e-01
1.8350000000e+03,8.9040935656e-01
1.8440000000e+03,8.1863654610e-01
1.8710000000e+03,7.6591057384e-01
1.9000000000e+03,7.0214412573e-01
1.9150000000e+03,6.3902954125e-01
1.9010000000e+03,5.8780299723e-01
1.8600000000e+03,5.4349722705e-01
1.8130000000e+03,5.0207549523e-01
1.7940000000e+03,6.7139106157e-01
1.8230000000e+03,7.1698357286e-01
1.8950000000e+03,6.7266989475e-01
1.9800000000e+03,6.1301017819e-01
2.0410000000e+03,5.6169230206e-01
2.0610000000e+03,6.5617911355e-01
2.0460000000e+03,9.3673740136e-01
2.0050000000e+03,8.6572030983e-01
1.9430000000e+03,7.8399601421e-01
1.8610000000e+03,7.1637365962e-01
1.7720000000e+03,9.6086239820e-01
1.7020000000e+03,9.2463789581e-01
1.6720000000e+03,8.3802503566e-01
1.6810000000e+03,7.6036531894e-01
1.7130000000e+03,6.8226621376e-01
1.7480000000e+03,6.3604350526e-01
1.7750000000e+03,5.9607288140e-01
1.7910000000e+03,5.3567115727e-01
1.8000000000e+03,4.7959243763e-01
1.8030000000e+03,8.1109846779e-01
1.7970000000e+03,9.3416165180e-01
1.7810000000e+03,8.5484466273e-01
1.7570000000e+03,7.7875587340e-01
1.7240000000e+03,7.2994126627e-01
1.6860000000e+03,6.8600531620e-01
1.6490000000e+03,6.2931416219e-01
1.6250000000e+03,5.9167058258e-01
1.6260000000e+03,5.4575520147e-01
1.6670000000e+03,5.1007231752e-01
1.7560000000e+03,9.3369549833e-01
1.8840000000e+03,8.6759628380e-01
2.0270000000e+03,7.8113428598e-01
2.1540000000e+03,6.9919462129e-01
2.2330000000e+03,6.2538670974e-01
2.2330000000e+03,5.6554050521e-01
2.2330000000e+03,5.0608491571e-01
2.2300000000e+03,4.5727336341e-01
2.1640000000e+03,4.1646734864e-01
2.0920000000e+03,9.0465252355e-01
2.0310000000e+03,9.1291430766e-01
1.9890000000e+03,8.4016655318e-01
1.9660000000e+03,7.5244683961e-01
1.9540000000e+03,6.7290285522e-01
1.9450000000e+03,6.0417937040e-01
1.9300000000e+03,5.4237915885e-01
1.9060000000e+03,4.9256564213e-01
1.8730000000e+03,4.4723657241e-01
1.8380000000e+03,9.2519160496e-01
1.8100000000e+03,9.8987578467e-01
1.7990000000e+03,9.1315500323e-01
1.8060000000e+03,8.2198613268e-01
1.8280000000e+03,7.3905561813e-01
1.8540000000e+03,6.5923987396e-01
1.8760000000e+03,5.9042006062e-01
1.8900000000e+03,5.3379313865e-01
1.8950000000e+03,4.9677988208e-01
1.8970000000e+03,4.5677026183e-01
1.9040000000e+03,9.2648184952e-01
1.9170000000e+03,8.8399884759e-01
1.9350000000e+03,8.0927281704e-01
1.9520000000e+03,7.4112249849e-01
1.9620000000e+03,6.6732671808e-01
1.9640000000e+03,5.9636954446e-01
1.9590000000e+03,5.3289902364e-01
1.9480000000e+03,4.7534756053e-01
1.9350000000e+03,4.3313378838e-01
1.9240000000e+03,8.2944407334e-01
1.9190000000e+03,9.3162264961e-01
1.9240000000e+03,8.6437443128e-01
1.9400000000e+03,7.9515395419e-01
1.9680000000e+03,7.2439970228e-01
2.0060000000e+03,6.5956171294e-01
2.0480000000e+03,6.0058860175e-01
2.0830000000e+03,5.4628845759e-01
2.1060000000e+03,5.0113109811e-01
2.1240000000e+03,4.6550288389e-01
2.1510000000e+03,9.0720838617e-01
2.1920000000e+03,8.6711545437e-01
2.2330000000e+03,7.8867069346e-01
2.2330000000e+03,7.1768352325e-01
2.2330000000e+03,6.5147233089e-01
2.2330000000e+03,6.3375249686e-01
2.2330000000e+03,5.7392219815e-01
2.1610000000e+03,5.2611064617e-01
2.0360000000e+03,5.4138983885e-01
1.9070000000e+03,9.3793386395e-01
1.8110000000e+03,8.9193013992e-01
1.7830000000e+03,8.1803564294e-01
1.8340000000e+03,7.4836663636e-01
1.9450000000e+03,6.8680676277e-01
2.0750000000e+03,6.2965520979e-01
2.1770000000e+03,5.8000232185e-01
2.2250000000e+03,5.1941008855e-01
2.2190000000e+03,4.7399077156e-01
2.1860000000e+03,8.5353494486e-01
2.1540000000e+03,9.2141985587e-01
2.1400000000e+03,8.4244471253e-01
2.1490000000e+03,7.6260955529e-01
2.1730000000e+03,7.0257835369e-01
2.2080000000e+03,6.5081859508e-01
2.2330000000e+03,5.9734962014e-01
2.2330000000e+03,5.4356561560e-01
2.2330000000e+03,4.9763833145e-01
2.1660000000e+03,4.5802247052e-01
2.0830000000e+03,9.2665131754e-01
2.0320000000e+03,9.0608035672e-01
2.0470000000e+03,8.3453094801e-01
2.1270000000e+03,7.5382139770e-01
2.2330000000e+03,6.8292064445e-01
2.2330000000e+03,6.6923781881e-01
2.2330000000e+03,6.0151931282e-01
2.2330000000e+03,5.4624933848e-01
2.2330000000e+03,5.2262925075e-01
2.1450000000e+03,9.3539489444e-01
2.0790000000e+03,9.0522641837e-01
2.0820000000e+03,8.2623683063e-01
2.1580000000e+03,7.5203915903e-01
2.2330000000e+03,6.9239180704e-01
2.2330000000e+03,6.2541052586e-01
2.2330000000e+03,5.7484216789e-01
2.2330000000e+03,5.1395613641e-01
2.2330000000e+03,4.6497137715e-01
2.2330000000e+03,6.3753198926e-01
2.0730000000e+03,9.5094528910e-01
1.9250000000e+03,8.8303965271e-01
1.8530000000e+03,8.0888996336e-01
1.8680000000e+03,7.5534631695e-01
1.9490000000e+03,6.8029057765e-01
2.0530000000e+03,6.3389014121e-01
2.1400000000e+03,5.7164538171e-01
2.1870000000e+03,5.1694029876e-01
2.1930000000e+03,4.8013920909e-01
2.1710000000e+03,9.2964449262e-01
2.1430000000e+03,8.8278533717e-01
2.1220000000e+03,8.2526121211e-01
2.1170000000e+03,7.5679845789e-01
2.1260000000e+03,6.9179993689e-01
2.1450000000e+03,6.3674887490e-01
2.1620000000e+03,5.9346295520e-01
2.1650000000e+03,5.4938099096e-01
2.1450000000e+03,5.1682559749e-01
2.1040000000e+03,5.9273754614e-01
2.0590000000e+03,8.6360114773e-01
2.0230000000e+03,7.9716963176e-01
2.0060000000e+03,7.3290354609e-01
2.0060000000e+03,6.7879035710e-01
2.0200000000e+03,6.2153751083e-01
2.0380000000e+03,5.7034329144e-01
2.0480000000e+03,5.2313752848e-01
2.0450000000e+03,4.8369131790e-01
2.0390000000e+03,4.7148082637e-01
2.0450000000e+03,8.6581052201e-01
2.0730000000e+03,8.2444643241e-01
2.1200000000e+03,7.4743404713e-01
2.1690000000e+03,6.7969495079e-01
2.2050000000e+03,6.2281517041e-01
2.2100000000e+03,6.2232419866e-01
2.1720000000e+03,5.6403775443e-01
2.0870000000e+03,5.1244718392e-01
1.9670000000e+03,5.0802873232e-01
1.8430000000e+03,9.3341892914e-01
1.7550000000e+03,8.9062350897e-01
1.7320000000e+03,8.1632544595e-01
1.7880000000e+03,7.4499778472e-01
1.9040000000e+03,6.8504402450e-01
2.0390000000e+03,6.2788785512e-01
2.1440000000e+03,5.7661825271e-01
2.1930000000e+03,5.1701892226e-01
2.1880000000e+03,4.7059616383e-01
2.1570000000e+03,8.5770608612e-01
2.1280000000e+03,8.7225005341e-01
2.1150000000e+03,7.9758643433e-01
2.1210000000e+03,7.2934860347e-01
2.1420000000e+03,6.7649849509e-01
2.1740000000e+03,6.2668877444e-01
2.2110000000e+03,5.8986130947e-01
2.2330000000e+03,5.3938850923e-01
2.2330000000e+03,4.9444204440e-01
2.2150000000e+03,4.5638022732e-01
2.1800000000e+03,8.7106555528e-01
2.1670000000e+03,8.5139276930e-01
2.1950000000e+03,7.8599286024e-01
2.2330000000e+03,7.1369205738e-01
2.2330000000e+03,6.4741766443e-01
2.2330000000e+03,8.2982904708e-01
2.2330000000e+03,7.6872854420e-01
2.2330000000e+03,6.9483349721e-01
2.2330000000e+03,6.3952084352e-01
2.2330000000e+03,9.5121445126e-01
2.2330000000e+03,9.1809756399e-01
2.2100000000e+03,8.3411980632e-01
2.2120000000e+03,7.5507305423e-01
2.2180000000e+03,6.9288340128e-01
2.2130000000e+03,6.3517746428e-01
2.1900000000e+03,6.1970721508e-01
2.1570000000e+03,5.6594636953e-01
2.1230000000e+03,5.1015719309e-01
2.0910000000e+03,5.5472141766e-01
2.0640000000e+03,9.3973809694e-01
2.0440000000e+03,8.6826212919e-01
2.0360000000e+03,7.9392686001e-01
2.0420000000e+03,7.4432241629e-01
2.0590000000e+03,6.7896661899e-01
2.0770000000e+03,6.4218772995e-01
2.0820000000e+03,5.9089523890e-01
2.0690000000e+03,5.4486069944e-01
2.0440000000e+03,5.1764648199e-01
2.0220000000e+03,8.6163149435e-01
2.0110000000e+03,8.2394284069e-01
2.0150000000e+03,7.7081913757e-01
2.0300000000e+03,7.0805625216e-01
2.0510000000e+03,6.4350392541e-01
2.0690000000e+03,7.4710416982e-01
2.0740000000e+03,6.9685835241e-01
2.0600000000e+03,6.3959663602e-01
2.0300000000e+03,6.0896756009e-01
1.9970000000e+03,5.9589229438e-01
1.9760000000e+03,8.3373922107e-01
1.9720000000e+03,7.7400407216e-01
1.9820000000e+03,7.1246069471e-01
2.0020000000e+03,6.5372352057e-01
2.0260000000e+03,5.9798566595e-01
2.0480000000e+03,5.4748373164e-01
2.0610000000e+03,5.0786480216e-01
2.0620000000e+03,4.6893127523e-01
2.0550000000e+03,4.4903744462e-01
2.0600000000e+03,9.2543532651e-01
2.0870000000e+03,8.7898546751e-01
2.1350000000e+03,7.9229464275e-01
2.1870000000e+03,7.2035817051e-01
2.2230000000e+03,6.5358387007e-01
2.2280000000e+03,6.3973085473e-01
2.1890000000e+03,5.8076751601e-01
2.1030000000e+03,5.2952422036e-01
1.9810000000e+03,5.1281372648e-01
1.8560000000e+03,9.3406650768e-01
1.7660000000e+03,8.9267126653e-01
1.7440000000e+03,8.2122319550e-01
1.8030000000e+03,7.5454125976e-01
1.9230000000e+03,6.9146872224e-01
2.0640000000e+03,6.3246993717e-01
2.1770000000e+03,5.8317117180e-01
2.2330000000e+03,5.2271135088e-01
2.2320000000e+03,4.7461274965e-01
2.1990000000e+03,8.3203164712e-01
2.1620000000e+03,9.1045684766e-01
2.1400000000e+03,8.3226058364e-01
2.1400000000e+03,7.5811241964e-01
2.1580000000e+03,6.9595205551e-01
2.1880000000e+03,6.4263019286e-01
2.2190000000e+03,5.9241908412e-01
2.2280000000e+03,5.4012049430e-01
2.1950000000e+03,4.9148581574e-01
2.1210000000e+03,4.5512208316e-01
2.0380000000e+03,9.2625879279e-01
1.9890000000e+03,9.0301853434e-01
2.0060000000e+03,8.3109878758e-01
2.0830000000e+03,7.5105101631e-01
2.1890000000e+03,6.7864070844e-01
2.2330000000e+03,6.7754055288e-01
2.2330000000e+03,6.1017933728e-01
2.2330000000e+03,5.5549660246e-01
2.2330000000e+03,5.1232461675e-01
2.1510000000e+03,9.3400031388e-01
2.0890000000e+03,9.0517065823e-01
2.0860000000e+03,8.2731384658e-01
2.1480000000e+03,7.5140214118e-01
2.2330000000e+03,6.9245882578e-01
2.2330000000e+03,6.2670044179e-01
2.2330000000e+03,5.7772370103e-01
2.2330000000e+03,5.1648348640e-01
2.2330000000e+03,4.6085426745e-01
2.2090000000e+03,6.6915701262e-01
2.0370000000e+03,9.5522527060e-01
1.9000000000e+03,8.9147945503e-01
1.8390000000e+03,8.1454867064e-01
1.8640000000e+03,7.5315924896e-01
1.9510000000e+03,6.8258639602e-01
2.0590000000e+03,6.3573828815e-01
2.1470000000e+03,5.7475886044e-01
2.1940000000e+03,5.1815829046e-01
2.1990000000e+03,4.7762238455e-01
2.1780000000e+03,9.2380779818e-01
2.1490000000e+03,8.7708844497e-01
2.1270000000e+03,8.0004410449e-01
2.1200000000e+03,7.3529772693e-01
2.1290000000e+03,6.7425298121e-01
2.1490000000e+03,6.1976029842e-01
2.1700000000e+03,5.7460446607e-01
2.1760000000e+03,5.3103720167e-01
2.1520000000e+03,4.9229837585e-01
2.1030000000e+03,6.6985910302e-01
2.0500000000e+03,8.7212755207e-01
2.0130000000e+03,8.1124819460e-01
2.0000000000e+03,7.4689443313e-01
2.0070000000e+03,6.9093270264e-01
2.0240000000e+03,6.3402443274e-01
2.0420000000e+03,5.8274747889e-01
2.0520000000e+03,5.3066018555e-01
2.0510000000e+03,4.9071827241e-01
2.0430000000e+03,4.7200347565e-01
2.0470000000e+03,9.1962488941e-01
2.0730000000e+03,8.7768490056e-01
2.1180000000e+03,7.9088284620e-01
2.1670000000e+03,7.1916639332e-01
2.2030000000e+03,6.5976895326e-01
2.2100000000e+03,6.5616251059e-01
2.1750000000e+03,5.9620375690e-01
2.0920000000e+03,5.4062002148e-01
1.9740000000e+03,5.3639084201e-01
1.8540000000e+03,9.3725732329e-01
1.7690000000e+03,8.9375131304e-01
1.7500000000e+03,8.1780045779e-01
1.8080000000e+03,7.4535193996e-01
1.9190000000e+03,6.8726488935e-01
2.0420000000e+03,6.3061165063e-01
2.1330000000e+03,5.8271206268e-01
2.1740000000e+03,5.2650231666e-01
2.1750000000e+03,4.8930902367e-01
2.1610000000e+03,7.6717501102e-01
2.1510000000e+03,8.3204881874e-01
2.1500000000e+03,7.5450950157e-01
2.1560000000e+03,6.8704272387e-01
2.1660000000e+03,6.3917764173e-01
2.1790000000e+03,5.9321959792e-01
2.1910000000e+03,5.4879066896e-01
2.1910000000e+03,5.0500475428e-01
2.1670000000e+03,4.7915431824e-01
2.1240000000e+03,4.5396435135e-01
2.0880000000e+03,8.2334400227e-01
2.0900000000e+03,8.0633427493e-01
2.1430000000e+03,7.3780908349e-01
2.2330000000e+03,6.6984585022e-01
2.2330000000e+03,6.2283435990e-01
2.2330000000e+03,7.3954014420e-01
2.2330000000e+03,6.9223442909e-01
2.2330000000e+03,6.2687041698e-01
2.2330000000e+03,5.7880683482e-01
2.2330000000e+03,9.4299770369e-01
2.2330000000e+03,9.1316527739e-01
2.2330000000e+03,8.3038838425e-01
2.2330000000e+03,7.4927136170e-01
2.2330000000e+03,6.8679042503e-01
2.2330000000e+03,6.4302630550e-01
2.2330000000e+03,6.2267267289e-01
2.2330000000e+03,5.6577693073e-01
2.2330000000e+03,5.1309715188e-01
2.2330000000e+03,6.5965886977e-01
2.2330000000e+03,9.5393983674e-01
2.1590000000e+03,8.8114356257e-01
2.1060000000e+03,8.0433623767e-01
2.0960000000e+03,7.5272547204e-01
2.1130000000e+03,6.8789378088e-01
2.1340000000e+03,6.5041835745e-01
2.1380000000e+03,5.9915119631e-01
2.1160000000e+03,5.5280861397e-01
2.0720000000e+03,5.2363610449e-01
2.0220000000e+03,7.8572847572e-01
1.9760000000e+03,7.5985883295e-01
1.9410000000e+03,7.1817519709e-01
1.9160000000e+03,6.7151228730e-01
1.8930000000e+03,6.1498760672e-01
1.8710000000e+03,7.1402965566e-01
1.8460000000e+03,6.6686781774e-01
1.8170000000e+03,6.1555664872e-01
1.7840000000e+03,5.8878533658e-01
1.7500000000e+03,5.5629000857e-01
1.7170000000e+03,5.3748072899e-01
1.6840000000e+03,4.8210367575e-01
1.6510000000e+03,4.3696544472e-01
1.6200000000e+03,3.9274878962e-01
1.5940000000e+03,3.6819267441e-01
1.5760000000e+03,3.9202641808e-01
1.5650000000e+03,3.5580468735e-01
1.5590000000e+03,3.1737887040e-01
1.5560000000e+03,3.0498249946e-01
1.5540000000e+03,5.4890806156e-01
1.5540000000e+03,4.9556629461e-01
1.5540000000e+03,4.4839041675e-01
1.5540000000e+03,4.0499884964e-01
1.5540000000e+03,3.6126021376e-01
1.5530000000e+03,3.2224521666e-01
1.5530000000e+03,2.8744371980e-01
1.5520000000e+03,2.7431635306e-01
1.5520000000e+03,5.8300851621e-01
1.5510000000e+03,6.0347989983e-01
1.5510000000e+03,5.8320693488e-01
1.5520000000e+03,5.2311356028e-01
1.5520000000e+03,4.6661889726e-01
1.5520000000e+03,4.1622548488e-01
1.5520000000e+03,3.7127440677e-01
1.5510000000e+03,3.3117790748e-01
1.5510000000e+03,2.9541170736e-01
1.5510000000e+03,2.6350814735e-01
1.5520000000e+03,2.4197021342e-01
1.5520000000e+03,8.3939219139e-01
1.5530000000e+03,7.5690990046e-01
1.5540000000e+03,6.7516594846e-01
1.5540000000e+03,6.0336442164e-01
1.5530000000e+03,5.3820291127e-01
1.5530000000e+03,4.8007864454e-01
1.5520000000e+03,4.2823162066e-01
1.5510000000e+03,3.8198391664e-01
1.5510000000e+03,3.4073082307e-01
1.5510000000e+03,9.1077761921e-01
1.5510000000e+03,8.2794482047e-01
1.5510000000e+03,7.3852931458e-01
1.5520000000e+03,6.5877040957e-01
1.5520000000e+03,5.8762522213e-01
1.5510000000e+03,5.2416349713e-01
1.5510000000e+03,4.6755544414e-01
1.5510000000e+03,4.1706088757e-01
1.5510000000e+03,4.9461271505e-01
1.5510000000e+03,5.9945970520e-01
1.5510000000e+03,5.6890207089e-01
1.5510000000e+03,5.1525510760e-01
1.5510000000e+03,4.6847171459e-01
1.5520000000e+03,4.1787820362e-01
1.5530000000e+03,3.7274863694e-01
1.5540000000e+03,3.3618479530e-01
1.5550000000e+03,3.0563148527e-01
1.5560000000e+03,6.9984778208e-01
1.5570000000e+03,6.6287541774e-01
1.5580000000e+03,6.2276164213e-01
1.5590000000e+03,5.6868770141e-01
1.5600000000e+03,5.1257901113e-01
1.5600000000e+03,4.5723332273e-01
1.5600000000e+03,4.1304096666e-01
1.5590000000e+03,3.7144452184e-01
1.5580000000e+03,3.3132965064e-01
1.5570000000e+03,3.0173476631e-01
1.5570000000e+03,2.8666588667e-01
1.5580000000e+03,6.7734356730e-01
1.5610000000e+03,6.2803831395e-01
1.5650000000e+03,5.9067951193e-01
1.5690000000e+03,5.4102368945e-01
1.5720000000e+03,4.8667351883e-01
1.5740000000e+03,4.5240366563e-01
1.5750000000e+03,4.0859542991e-01
1.5740000000e+03,3.6446837437e-01
1.5720000000e+03,3.3962879271e-01
1.5700000000e+03,9.1062847562e-01
1.5660000000e+03,9.1054230517e-01
1.5610000000e+03,8.3721521401e-01
1.5570000000e+03,7.6101162353e-01
1.5530000000e+03,6.9019881586e-01
1.5510000000e+03,6.5549810811e-01
1.5500000000e+03,6.0814771546e-01
1.5500000000e+03,5.4582333639e-01
1.5500000000e+03,4.9680261346e-01
1.5510000000e+03,4.4453579786e-01
1.5520000000e+03,3.9846660944e-01
1.5550000000e+03,3.5685718729e-01
1.5580000000e+03,3.1976946979e-01
1.5610000000e+03,2.8523534601e-01
1.5620000000e+03,2.6606993514e-01
1.5620000000e+03,6.0980037363e-01
1.5600000000e+03,5.8861584410e-01
1.5580000000e+03,5.4281494616e-01
1.5570000000e+03,6.7059446774e-01
1.5580000000e+03,6.8816232090e-01
1.5610000000e+03,6.9583690804e-01
1.5640000000e+03,6.2988532776e-01
1.5660000000e+03,5.6354105651e-01
1.5680000000e+03,5.0268034766e-01
1.5720000000e+03,4.4839240905e-01
1.5810000000e+03,3.9996740160e-01
1.6030000000e+03,3.5677214671e-01
1.6390000000e+03,3.1824184711e-01
1.6850000000e+03,6.0387755545e-01
1.7320000000e+03,9.1155744712e-01
1.7700000000e+03,8.4878560406e-01
1.7950000000e+03,7.6555651117e-01
1.8050000000e+03,6.8628384669e-01
1.8030000000e+03,6.5790851839e-01
1.7890000000e+03,6.3977983888e-01
1.7710000000e+03,5.8392651068e-01
1.7580000000e+03,5.2277635782e-01
1.7580000000e+03,4.6730281666e-01
1.7690000000e+03,6.0360779853e-01
1.7820000000e+03,5.7114675784e-01
1.7900000000e+03,5.1924189124e-01
1.7900000000e+03,4.7736956621e-01
1.7860000000e+03,5.7370477974e-01
1.7770000000e+03,7.2896838463e-01
1.7610000000e+03,6.5393001112e-01
1.7430000000e+03,5.8474116703e-01
1.7330000000e+03,5.3179051076e-01
1.7400000000e+03,7.8346956800e-01
1.7570000000e+03,7.7709501101e-01
1.7770000000e+03,6.9913361738e-01
1.7930000000e+03,6.2524365226e-01
1.8040000000e+03,5.6378022663e-01
1.8030000000e+03,5.1227253730e-01
1.7830000000e+03,4.7331207823e-01
1.7400000000e+03,4.6171696165e-01
1.6860000000e+03,4.3157686433e-01
1.6380000000e+03,9.0362828038e-01
1.6080000000e+03,9.8695750603e-01
1.5990000000e+03,9.1726649596e-01
1.6060000000e+03,8.1884033743e-01
1.6200000000e+03,7.3975061375e-01
1.6310000000e+03,6.6655849117e-01
1.6380000000e+03,6.0084166199e-01
1.6380000000e+03,5.4436196878e-01
1.6340000000e+03,4.8604055691e-01
1.6280000000e+03,4.3354966476e-01
1.6180000000e+03,4.1394133582e-01
1.6070000000e+03,3.8894764035e-01
1.5950000000e+03,3.5583909010e-01
1.5840000000e+03,3.3724330379e-01
1.5750000000e+03,4.9957234950e-01
1.5690000000e+03,9.3227448218e-01
1.5680000000e+03,8.7237750828e-01
1.5730000000e+03,7.8423468484e-01
1.5850000000e+03,7.2583353595e-01
1.6040000000e+03,7.3661945171e-01
1.6270000000e+03,7.1895547165e-01
1.6480000000e+03,6.4931385613e-01
1.6660000000e+03,5.8098012058e-01
1.6790000000e+03,5.3296504734e-01
1.6880000000e+03,6.7836414154e-01
1.6930000000e+03,6.4622028769e-01
1.6920000000e+03,5.7851824750e-01
1.6870000000e+03,5.1666456539e-01
1.6830000000e+03,4.7198403702e-01
1.6860000000e+03,6.8550056765e-01
1.6950000000e+03,6.5448461116e-01
1.7040000000e+03,6.0204250766e-01
1.7030000000e+03,5.3718434372e-01
1.6910000000e+03,5.2727039707e-01
1.6730000000e+03,9.2297773533e-01
1.6520000000e+03,8.6544569485e-01
1.6310000000e+03,7.8682848610e-01
1.6140000000e+03,7.1401323110e-01
1.6030000000e+03,9.3280522170e-01
1.5980000000e+03,9.1639823141e-01
1.5960000000e+03,8.3472096724e-01
1.5950000000e+03,7.4582841392e-01
1.5950000000e+03,6.6528122854e-01
1.6000000000e+03,5.9345930235e-01
1.6170000000e+03,5.2936751455e-01
1.6510000000e+03,4.7221590309e-01
1.7020000000e+03,4.3175607624e-01
1.7570000000e+03,9.2309654763e-01
1.7960000000e+03,9.0372109357e-01
1.8110000000e+03,8.2942542998e-01
1.8040000000e+03,7.4652767097e-01
1.7900000000e+03,6.6595922473e-01
1.7750000000e+03,6.6147762136e-01
1.7620000000e+03,9.5390791055e-01
1.7490000000e+03,8.8200875366e-01
1.7350000000e+03,8.0367932510e-01
1.7240000000e+03,7.3197694914e-01
1.7180000000e+03,9.5777653583e-01
1.7220000000e+03,9.2038645669e-01
1.7370000000e+03,8.2213378417e-01
1.7590000000e+03,7.4893926228e-01
1.7810000000e+03,7.0374075255e-01
1.7890000000e+03,6.8913993672e-01
1.7760000000e+03,6.2235528637e-01
1.7470000000e+03,6.0680681427e-01
1.7190000000e+03,5.8488850129e-01
1.7080000000e+03,9.4382076775e-01
1.7170000000e+03,9.1137854972e-01
1.7420000000e+03,8.2564333017e-01
1.7750000000e+03,7.4607661512e-01
1.8080000000e+03,6.7203273099e-01
1.8310000000e+03,6.1520315003e-01
1.8360000000e+03,5.5399517959e-01
1.8220000000e+03,5.1078558927e-01
1.7950000000e+03,4.6920662149e-01
1.7690000000e+03,9.2816492778e-01
1.7540000000e+03,9.5675091850e-01
1.7480000000e+03,8.8476528272e-01
1.7440000000e+03,7.8944029879e-01
1.7350000000e+03,7.1845364416e-01
1.7230000000e+03,7.1334518986e-01
1.7150000000e+03,7.7756901574e-01
1.7130000000e+03,7.1069228332e-01
1.7170000000e+03,6.5456143039e-01
1.7230000000e+03,6.3348884889e-01
1.7270000000e+03,6.1462259606e-01
1.7270000000e+03,5.8736072779e-01
1.7220000000e+03,5.3176354582e-01
1.7090000000e+03,4.7777317658e-01
1.6900000000e+03,4.5371196954e-01
1.6690000000e+03,9.2444850515e-01
1.6490000000e+03,8.7281299254e-01
1.6330000000e+03,7.8580907502e-01
1.6180000000e+03,7.1202662320e-01
1.6040000000e+03,7.1044197983e-01
1.5900000000e+03,8.9522224513e-01
1.5770000000e+03,8.5180351987e-01
1.5650000000e+03,7.8100707835e-01
1.5570000000e+03,7.0712662164e-01
1.5530000000e+03,6.4618028586e-01
1.5510000000e+03,6.0468772443e-01
1.5500000000e+03,5.4700489309e-01
1.5500000000e+03,4.9042113710e-01
1.5500000000e+03,4.4917331575e-01
1.5500000000e+03,4.2726167986e-01
1.5500000000e+03,3.8300959987e-01
1.5500000000e+03,3.4993361730e-01
1.5500000000e+03,3.2039034787e-01
1.5500000000e+03,7.5720776227e-01
1.5500000000e+03,8.2378882653e-01
1.5500000000e+03,7.6167150802e-01
1.5500000000e+03,6.9184694878e-01
1.5510000000e+03,6.4360722915e-01
1.5520000000e+03,8.1844558375e-01
1.5550000000e+03,8.0324130916e-01
1.5590000000e+03,7.2487383312e-01
1.5630000000e+03,6.6923847743e-01
1.5650000000e+03,6.0336756197e-01
1.5660000000e+03,5.4420357809e-01
1.5680000000e+03,4.8667356268e-01
1.5780000000e+03,4.3583790310e-01
1.6000000000e+03,3.9062823469e-01
1.6340000000e+03,8.7891840430e-01
1.6740000000e+03,9.6885780743e-01
1.7180000000e+03,9.0820806571e-01
1.7660000000e+03,8.1439737937e-01
1.8150000000e+03,7.3027699904e-01
1.8520000000e+03,6.8884820118e-01
1.8580000000e+03,7.6042281795e-01
1.8280000000e+03,6.8140340010e-01
1.7770000000e+03,6.1915482234e-01
1.7350000000e+03,6.0503187130e-01
1.7180000000e+03,8.3189441823e-01
1.7280000000e+03,7.8588289555e-01
1.7530000000e+03,7.0597685408e-01
1.7770000000e+03,6.2973351515e-01
1.7910000000e+03,6.1008716422e-01
1.7880000000e+03,5.9847907651e-01
1.7710000000e+03,5.4446702677e-01
1.7500000000e+03,6.3188445903e-01
1.7400000000e+03,6.1283352974e-01
1.7490000000e+03,6.0583199888e-01
1.7690000000e+03,5.9432382236e-01
1.7890000000e+03,5.5691046855e-01
1.8010000000e+03,5.0124021638e-01
1.8040000000e+03,4.5805619963e-01
1.7960000000e+03,4.1607375188e-01
1.7720000000e+03,3.7113906047e-01
1.7310000000e+03,3.4573398831e-01
1.6800000000e+03,3.1441487420e-01
1.6330000000e+03,8.6787195583e-01
1.6000000000e+03,9.8211841372e-01
1.5850000000e+03,9.1808013197e-01
1.5850000000e+03,8.2788883501e-01
1.5930000000e+03,7.5865259398e-01
1.6010000000e+03,6.8781938359e-01
1.6050000000e+03,6.1603424844e-01
1.6050000000e+03,5.4950443557e-01
1.6020000000e+03,4.9015963881e-01
1.5980000000e+03,4.3722389842e-01
1.5930000000e+03,4.1115860818e-01
1.5860000000e+03,3.8583477109e-01
1.5790000000e+03,3.4944467115e-01
1.5730000000e+03,5.8495137049e-01
1.5670000000e+03,8.0861903790e-01
1.5640000000e+03,9.0584065461e-01
1.5650000000e+03,8.4641489036e-01
1.5690000000e+03,7.5909635349e-01
1.5800000000e+03,6.8455023166e-01
1.5960000000e+03,8.1807944915e-01
1.6140000000e+03,7.8998057932e-01
1.6300000000e+03,7.1310041294e-01
1.6390000000e+03,6.5508022536e-01
1.6420000000e+03,5.9648434909e-01
1.6420000000e+03,9.4539009509e-01
1.6450000000e+03,8.9006909855e-01
1.6550000000e+03,7.9929081926e-01
1.6740000000e+03,7.1801126231e-01
1.7020000000e+03,6.4313682905e-01
1.7380000000e+03,5.8950853105e-01
1.7720000000e+03,5.4811278331e-01
1.7900000000e+03,4.9265399036e-01
1.7850000000e+03,4.3944886764e-01
1.7620000000e+03,4.1156541725e-01
1.7320000000e+03,8.8574671734e-01
1.7020000000e+03,8.2264732375e-01
1.6750000000e+03,7.3410184440e-01
1.6530000000e+03,6.8164191652e-01
1.6400000000e+03,9.5691491860e-01
1.6380000000e+03,9.2871224170e-01
1.6450000000e+03,8.3730221689e-01
1.6600000000e+03,7.5218297982e-01
1.6800000000e+03,7.1128046109e-01
1.7010000000e+03,6.8474444295e-01
1.7160000000e+03,6.2013014043e-01
1.7250000000e+03,5.5315798376e-01
1.7340000000e+03,4.9547945077e-01
1.7460000000e+03,9.3172056857e-01
1.7640000000e+03,9.2362766438e-01
1.7840000000e+03,8.4926902736e-01
1.8050000000e+03,7.6282646119e-01
1.8250000000e+03,6.8345274932e-01
1.8350000000e+03,6.6688267408e-01
1.8280000000e+03,9.1490585313e-01
1.8090000000e+03,8.4434100161e-01
1.7880000000e+03,7.5747006849e-01
1.7780000000e+03,6.8121141573e-01
1.7830000000e+03,7.9409063081e-01
1.7960000000e+03,7.5279718823e-01
1.8080000000e+03,6.7149739655e-01
1.8110000000e+03,5.9897773348e-01
1.8020000000e+03,5.7668901025e-01
1.7820000000e+03,5.6838615030e-01
1.7520000000e+03,5.2527536327e-01
1.7150000000e+03,5.0385527582e-01
1.6850000000e+03,6.9430493728e-01
1.6720000000e+03,9.5862867210e-01
1.6760000000e+03,9.2219827099e-01
1.6970000000e+03,8.3968524748e-01
1.7280000000e+03,7.5418219951e-01
1.7640000000e+03,6.8161457581e-01
1.7970000000e+03,6.2935125535e-01
1.8140000000e+03,5.6627793770e-01
1.8110000000e+03,5.1356220043e-01
1.7910000000e+03,4.7383022071e-01
1.7670000000e+03,5.6224343619e-01
1.7460000000e+03,5.7201465781e-01
1.7310000000e+03,5.4890375523e-01
1.7170000000e+03,5.3746547189e-01
1.7040000000e+03,5.1104586165e-01
1.6920000000e+03,5.5632909724e-01
1.6850000000e+03,6.8216671062e-01
1.6870000000e+03,6.2581843641e-01
1.6930000000e+03,5.6985172299e-01
1.6980000000e+03,5.1987112537e-01
1.6980000000e+03,4.8885992778e-01
1.6880000000e+03,4.6951989747e-01
1.6700000000e+03,4.3430802230e-01
1.6450000000e+03,3.9397492446e-01
1.6180000000e+03,3.5599618931e-01
1.5950000000e+03,7.4644662664e-01
1.5790000000e+03,7.3073588762e-01
1.5710000000e+03,6.7780536404e-01
1.5670000000e+03,6.2982842288e-01
1.5650000000e+03,5.8961915496e-01
1.5620000000e+03,5.4999805665e-01
1.5600000000e+03,4.9794376001e-01
1.5570000000e+03,4.4416735836e-01
1.5550000000e+03,3.9619864346e-01
1.5530000000e+03,4.8534400886e-01
1.5520000000e+03,4.4438752250e-01
1.5520000000e+03,3.9639503054e-01
1.5520000000e+03,3.5358558079e-01
1.5520000000e+03,3.2303678542e-01
1.5520000000e+03,4.6345508938e-01
1.5520000000e+03,4.1371664726e-01
1.5520000000e+03,3.6903651593e-01
1.5520000000e+03,3.3660715583e-01
1.5520000000e+03,5.1612054783e-01
1.5520000000e+03,5.0787384171e-01
1.5520000000e+03,4.8130465372e-01
1.5520000000e+03,4.4202784881e-01
1.5520000000e+03,3.9432812597e-01
1.5520000000e+03,4.5530531438e-01
1.5520000000e+03,4.1862107099e-01
1.5520000000e+03,3.7341127691e-01
1.5520000000e+03,3.3308400218e-01
1.5520000000e+03,2.9733835188e-01
1.5520000000e+03,2.8873164066e-01
1.5510000000e+03,2.5768830334e-01
1.5510000000e+03,2.3713394403e-01
1.5510000000e+03,2.1152420405e-01
1.5510000000e+03,3.5416785532e-01
1.5510000000e+03,3.6943177728e-01
1.5510000000e+03,3.2953427633e-01
1.5520000000e+03,2.9394558334e-01
1.5530000000e+03,2.6614070542e-01
1.5540000000e+03,4.6894531501e-01
1.5560000000e+03,4.3145700884e-01
1.5580000000e+03,3.8486097277e-01
1.5580000000e+03,3.4329716595e-01
1.5580000000e+03,3.0920164389e-01
1.5570000000e+03,6.4725122398e-01
1.5560000000e+03,5.8981531689e-01
1.5540000000e+03,5.3590339293e-01
1.5530000000e+03,5.1821138386e-01
1.5530000000e+03,5.0253537738e-01
1.5520000000e+03,4.5386621250e-01
1.5520000000e+03,4.0485005104e-01
1.5520000000e+03,3.6112748496e-01
1.5520000000e+03,3.2212682216e-01
1.5520000000e+03,3.3636145902e-01
1.5510000000e+03,3.2274944441e-01
1.5510000000e+03,2.8944427513e-01
1.5510000000e+03,2.6165201539e-01
1.5510000000e+03,2.3339439876e-01
1.5510000000e+03,3.3085626785e-01
1.5510000000e+03,2.9617819323e-01
1.5510000000e+03,2.7022011586e-01
1.5510000000e+03,2.4103717062e-01
1.5510000000e+03,2.2358063660e-01
1.5510000000e+03,4.0194797115e-01
1.5510000000e+03,3.7159897840e-01
1.5510000000e+03,3.3715074022e-01
1.5510000000e+03,3.0170267996e-01
1.5510000000e+03,3.5165958343e-01
1.5520000000e+03,3.2436371227e-01
1.5520000000e+03,2.8933342437e-01
1.5520000000e+03,2.5808630032e-01
1.5520000000e+03,2.3239617717e-01
1.5520000000e+03,3.7146509958e-01
1.5530000000e+03,3.4128388593e-01
1.5530000000e+03,3.0589091463e-01
1.5530000000e+03,2.8916926684e-01
1.5540000000e+03,2.7989666039e-01
1.5590000000e+03,5.1379227354e-01
1.5700000000e+03,4.5830428095e-01
1.5950000000e+03,4.0880882168e-01
1.6390000000e+03,3.8375020573e-01
1.7040000000e+03,9.0454057586e-01
1.7820000000e+03,8.8811495172e-01
1.8620000000e+03,8.1195416803e-01
1.9320000000e+03,7.3799739624e-01
1.9910000000e+03,6.7838682176e-01
2.0370000000e+03,6.3259186564e-01
2.0680000000e+03,5.8791582737e-01
2.0750000000e+03,5.3936937365e-01
2.0620000000e+03,4.8475007279e-01
2.0350000000e+03,4.5604953786e-01
2.0070000000e+03,6.5382988206e-01
1.9740000000e+03,5.9575472474e-01
1.9320000000e+03,5.3549652495e-01
1.8840000000e+03,4.7766453965e-01
1.8430000000e+03,4.9091643206e-01
1.8160000000e+03,8.6211886671e-01
1.7960000000e+03,8.0542286299e-01
1.7760000000e+03,7.2605458261e-01
1.7620000000e+03,6.7232992189e-01
1.7710000000e+03,9.1844470405e-01
1.8110000000e+03,8.9583902864e-01
1.8710000000e+03,8.0793553367e-01
1.9350000000e+03,7.3171674568e-01
1.9860000000e+03,6.8179093445e-01
2.0170000000e+03,6.8113672533e-01
2.0220000000e+03,6.2863009129e-01
2.0040000000e+03,5.6708441190e-01
1.9720000000e+03,5.1650719999e-01
1.9430000000e+03,5.0640964141e-01
1.9330000000e+03,8.9803149724e-01
1.9460000000e+03,8.3994250270e-01
1.9750000000e+03,7.5451229145e-01
2.0120000000e+03,6.8261752297e-01
2.0490000000e+03,6.6408291556e-01
2.0830000000e+03,6.7492972151e-01
2.1050000000e+03,6.3405142517e-01
2.1130000000e+03,5.7645143143e-01
2.1090000000e+03,5.3194000042e-01
2.0980000000e+03,5.2858180311e-01
2.0770000000e+03,5.0704201227e-01
2.0550000000e+03,4.7876062502e-01
2.0450000000e+03,5.1280555354e-01
2.0520000000e+03,6.2234432736e-01
2.0700000000e+03,5.9906287298e-01
2.0850000000e+03,5.4696082423e-01
2.0950000000e+03,5.0652820838e-01
2.1020000000e+03,4.7062643163e-01
2.1080000000e+03,6.3271493114e-01
2.1110000000e+03,6.0877308649e-01
2.1070000000e+03,5.6289056256e-01
2.0980000000e+03,5.1541185572e-01
2.0890000000e+03,4.6992962912e-01
2.0790000000e+03,7.8173722776e-01
2.0680000000e+03,7.7387746470e-01
2.0500000000e+03,7.0302500314e-01
2.0280000000e+03,6.3244281104e-01
2.0120000000e+03,6.2509587111e-01
2.0170000000e+03,8.5008939561e-01
2.0460000000e+03,7.9592302957e-01
2.0880000000e+03,7.2352023477e-01
2.1360000000e+03,6.6491256058e-01
2.1780000000e+03,6.1585886825e-01
2.2070000000e+03,5.8193393966e-01
2.2110000000e+03,5.3436157939e-01
2.1890000000e+03,5.1323097901e-01
2.1510000000e+03,4.8987736855e-01
2.1110000000e+03,5.4557130033e-01
2.0810000000e+03,7.7830611258e-01
2.0660000000e+03,7.1025134806e-01
2.0680000000e+03,6.4353153948e-01
2.0870000000e+03,5.8456176668e-01
2.1170000000e+03,5.7812206710e-01
2.1390000000e+03,5.3527961658e-01
2.1400000000e+03,4.8801784065e-01
2.1180000000e+03,5.1275480883e-01
2.0870000000e+03,9.3380482954e-01
2.0580000000e+03,8.9361813991e-01
2.0330000000e+03,8.1169284304e-01
2.0090000000e+03,7.4774661288e-01
1.9920000000e+03,6.9270554833e-01
1.9900000000e+03,6.4611734401e-01
2.0050000000e+03,6.2266033963e-01
2.0220000000e+03,5.7192043796e-01
2.0340000000e+03,5.1846164089e-01
2.0350000000e+03,4.7338906882e-01
2.0310000000e+03,4.5442531711e-01
2.0220000000e+03,4.2137855190e-01
2.0070000000e+03,4.6072290206e-01
1.9850000000e+03,4.5511178422e-01
1.9580000000e+03,4.2575993629e-01
1.9270000000e+03,4.2795322777e-01
1.8890000000e+03,4.2655893266e-01
1.8440000000e+03,4.0061785722e-01
1.8070000000e+03,3.7405421335e-01
1.7920000000e+03,9.1528744967e-01
1.8090000000e+03,8.9878769456e-01
1.8490000000e+03,8.1599069508e-01
1.9010000000e+03,7.4239967184e-01
1.9500000000e+03,6.8270851863e-01
1.9900000000e+03,6.7895094850e-01
2.0140000000e+03,6.2678771863e-01
2.0200000000e+03,5.7000727551e-01
2.0150000000e+03,5.1665804268e-01
2.0110000000e+03,5.6748676468e-01
2.0140000000e+03,7.7101334306e-01
2.0250000000e+03,7.0550805155e-01
2.0400000000e+03,6.5222536823e-01
2.0580000000e+03,5.9731455393e-01
2.0750000000e+03,5.7360512964e-01
2.0850000000e+03,5.5067182748e-01
2.0800000000e+03,5.0590624715e-01
2.0690000000e+03,4.9094532592e-01
2.0610000000e+03,4.7311939125e-01
2.0610000000e+03,7.9383278860e-01
2.0630000000e+03,7.6226563652e-01
2.0600000000e+03,6.8984988471e-01
2.0570000000e+03,6.2218938673e-01
2.0570000000e+03,5.8356458351e-01
2.0610000000e+03,7.4055536472e-01
2.0580000000e+03,6.7516670747e-01
2.0470000000e+03,6.3034037653e-01
2.0310000000e+03,6.1197781593e-01
2.0230000000e+03,7.2830983268e-01
2.0320000000e+03,7.0684474305e-01
2.0530000000e+03,6.4966812065e-01
2.0810000000e+03,5.9250042807e-01
2.1000000000e+03,5.4907697550e-01
2.1000000000e+03,5.2972937272e-01
2.0780000000e+03,5.4199056993e-01
2.0390000000e+03,5.0342658899e-01
1.9950000000e+03,4.6425927522e-01
1.9610000000e+03,4.4957245373e-01
1.9490000000e+03,8.7254365058e-01
1.9590000000e+03,8.3613325673e-01
1.9810000000e+03,7.6637302077e-01
2.0110000000e+03,7.0854322495e-01
2.0450000000e+03,6.5340484166e-01
2.0850000000e+03,6.0876694062e-01
2.1190000000e+03,5.8640795464e-01
2.1380000000e+03,5.5624096486e-01
2.1390000000e+03,5.0454650587e-01
2.1270000000e+03,4.8176645332e-01
2.1110000000e+03,4.7256174044e-01
2.0970000000e+03,4.4484097733e-01
2.0940000000e+03,4.2564646412e-01
2.1040000000e+03,4.0609078273e-01
2.1220000000e+03,4.0275303164e-01
2.1340000000e+03,3.8777566844e-01
2.1360000000e+03,3.7881039538e-01
2.1280000000e+03,3.4506170417e-01
2.1170000000e+03,7.6996653343e-01
2.1020000000e+03,7.6117494836e-01
2.0850000000e+03,7.1456446851e-01
2.0730000000e+03,6.5623333676e-01
2.0700000000e+03,5.9708048767e-01
2.0780000000e+03,7.0166955354e-01
2.0950000000e+03,6.6467875064e-01
2.1090000000e+03,6.0920630472e-01
2.1200000000e+03,5.5450490491e-01
2.1280000000e+03,5.0585975415e-01
2.1340000000e+03,5.4163761050e-01
2.1230000000e+03,5.0475935987e-01
2.0890000000e+03,4.5788293124e-01
2.0370000000e+03,4.2065929034e-01
1.9850000000e+03,5.3591186512e-01
1.9490000000e+03,9.3719250082e-01
1.9270000000e+03,8.7535286031e-01
1.9160000000e+03,7.9332996907e-01
1.9170000000e+03,7.2018825785e-01
1.9370000000e+03,7.6966637814e-01
1.9740000000e+03,7.6183357152e-01
2.0130000000e+03,6.8816157078e-01
2.0400000000e+03,6.2379785589e-01
2.0500000000e+03,5.7732252780e-01
2.0520000000e+03,6.7351231683e-01
2.0530000000e+03,6.3830662879e-01
2.0520000000e+03,5.9214668509e-01
2.0490000000e+03,5.4111657284e-01
2.0440000000e+03,6.9169101836e-01
2.0390000000e+03,7.9166262088e-01
2.0350000000e+03,7.2903319495e-01
2.0360000000e+03,6.6371801268e-01
2.0440000000e+03,6.2355041825e-01
2.0570000000e+03,5.9050703532e-01
2.0650000000e+03,6.6162759353e-01
2.0640000000e+03,6.0727069022e-01
2.0620000000e+03,5.6567605481e-01
2.0700000000e+03,5.4314248346e-01
2.0840000000e+03,7.7086618812e-01
2.0950000000e+03,7.4403183534e-01
2.0950000000e+03,6.7957581835e-01
2.0920000000e+03,6.1807456979e-01
2.0980000000e+03,5.7564611688e-01
2.1170000000e+03,6.6011030566e-01
2.1410000000e+03,6.0201548101e-01
2.1640000000e+03,5.4562423087e-01
2.1760000000e+03,5.0065889422e-01
2.1800000000e+03,7.2198381669e-01
2.1790000000e+03,7.1036991365e-01
2.1780000000e+03,6.6690141637e-01
2.1790000000e+03,6.3139784889e-01
2.1800000000e+03,6.0496648538e-01
2.1750000000e+03,5.6925314243e-01
2.1570000000e+03,8.9400004734e-01
2.1260000000e+03,8.2392742470e-01
2.0860000000e+03,7.3871546548e-01
2.0540000000e+03,7.0335161934e-01
2.0490000000e+03,9.5303149013e-01
2.0770000000e+03,8.8887008352e-01
2.1250000000e+03,7.9881035888e-01
2.1800000000e+03,7.1416170222e-01
2.2300000000e+03,6.6953696578e-01
2.2330000000e+03,6.3112332034e-01
2.2330000000e+03,8.0920962608e-01
2.2330000000e+03,7.8075670460e-01
2.2330000000e+03,7.0487423836e-01
2.2330000000e+03,6.6478598649e-01
2.2170000000e+03,6.5167581144e-01
2.1810000000e+03,5.9819118195e-01
2.1630000000e+03,5.5913975888e-01
2.1660000000e+03,5.3184390782e-01
2.1790000000e+03,7.2271843397e-01
2.1820000000e+03,6.7619200737e-01
2.1670000000e+03,6.3149180037e-01
2.1420000000e+03,6.0527497705e-01
2.1270000000e+03,9.1255208446e-01
2.1330000000e+03,8.7744598800e-01
2.1510000000e+03,7.8833277315e-01
2.1670000000e+03,7.0802332557e-01
2.1720000000e+03,6.4489432361e-01
2.1640000000e+03,6.1251776933e-01
2.1520000000e+03,5.8399218230e-01
2.1450000000e+03,5.5615800211e-01
2.1520000000e+03,5.1393676171e-01
2.1730000000e+03,5.3963908993e-01
2.2040000000e+03,6.2803276386e-01
2.2290000000e+03,5.8926157705e-01
2.2330000000e+03,5.3955027333e-01
2.2230000000e+03,5.0510911793e-01
2.1860000000e+03,4.6897426447e-01
2.1300000000e+03,6.6090467983e-01
2.0610000000e+03,6.4510948166e-01
1.9920000000e+03,5.9896553969e-01
1.9420000000e+03,5.4617560477e-01
1.9320000000e+03,9.3504092456e-01
1.9680000000e+03,9.1180940741e-01
2.0330000000e+03,8.2360052209e-01
2.1050000000e+03,7.5740313489e-01
2.1630000000e+03,6.9661439866e-01
2.2050000000e+03,9.3513429987e-01
2.2290000000e+03,8.7729422732e-01
2.2330000000e+03,8.0190607387e-01
2.2150000000e+03,7.4183544760e-01
2.1860000000e+03,7.0983405783e-01
2.1600000000e+03,8.7496655748e-01
2.1440000000e+03,8.1392381171e-01
2.1400000000e+03,7.5090636069e-01
2.1450000000e+03,6.8303498648e-01
2.1660000000e+03,8.9778873042e-01
2.2010000000e+03,8.6027486676e-01
2.2330000000e+03,7.6898028584e-01
2.2330000000e+03,7.0781874452e-01
2.2330000000e+03,6.4550784906e-01
2.2330000000e+03,8.7922997223e-01
2.2330000000e+03,8.4086572146e-01
2.2330000000e+03,7.6758105255e-01
2.2330000000e+03,7.1179893889e-01
2.2330000000e+03,6.6468699761e-01
2.2330000000e+03,9.5462031985e-01
2.2330000000e+03,9.0023037696e-01
2.2330000000e+03,8.2401444691e-01
2.2330000000e+03,7.5442653904e-01
2.2330000000e+03,7.3198010880e-01
2.2150000000e+03,7.1342518093e-01
2.1990000000e+03,6.6104909874e-01
2.2000000000e+03,6.1661205129e-01
2.2090000000e+03,5.7605321284e-01
2.2220000000e+03,5.6452756987e-01
2.2280000000e+03,5.5399546104e-01
2.2160000000e+03,4.9912977794e-01
2.1840000000e+03,4.6400931480e-01
2.1470000000e+03,4.4374347569e-01
2.1310000000e+03,9.2471886573e-01
2.1510000000e+03,8.6696266007e-01
2.1950000000e+03,7.7459108050e-01
2.2330000000e+03,7.0822194419e-01
2.2330000000e+03,6.7591237192e-01
2.2330000000e+03,7.4707841157e-01
2.2330000000e+03,6.8882501968e-01
2.2330000000e+03,6.2669220107e-01
2.2330000000e+03,5.8340605188e-01
2.1950000000e+03,8.8691015527e-01
2.1480000000e+03,8.4765325762e-01
2.1180000000e+03,7.5803136815e-01
2.1070000000e+03,6.9260056627e-01
2.1070000000e+03,6.5582101941e-01
2.1020000000e+03,9.3561410574e-01
2.0790000000e+03,8.6632576022e-01
2.0330000000e+03,7.8555324741e-01
1.9660000000e+03,7.3279511327e-01
1.8860000000e+03,6.9577984801e-01
1.8020000000e+03,6.8915318581e-01
1.7240000000e+03,6.2243259330e-01
1.6610000000e+03,5.5521177877e-01
1.6170000000e+03,4.9525060642e-01
1.5920000000e+03,4.4588932624e-01
1.5810000000e+03,6.0089380079e-01
1.5850000000e+03,5.4403588806e-01
1.6010000000e+03,4.8528167769e-01
1.6300000000e+03,4.4556971943e-01
1.6630000000e+03,8.6176604750e-01
1.6920000000e+03,7.8823009257e-01
1.7060000000e+03,7.0600681959e-01
1.7040000000e+03,6.5312382763e-01
1.6940000000e+03,5.9837766491e-01
1.6810000000e+03,5.5048936485e-01
1.6680000000e+03,4.9982878667e-01
1.6550000000e+03,4.5255516498e-01
1.6410000000e+03,4.2038573392e-01
1.6280000000e+03,7.7194910572e-01
1.6150000000e+03,7.4374621719e-01
1.6050000000e+03,6.7548430875e-01
1.5970000000e+03,6.0253407137e-01
1.5900000000e+03,5.5115921643e-01
1.5840000000e+03,5.2691094519e-01
1.5790000000e+03,4.7469028913e-01
1.5730000000e+03,4.2342519115e-01
1.5690000000e+03,3.8048302193e-01
1.5640000000e+03,9.1615749430e-01
1.5620000000e+03,9.3910183649e-01
1.5620000000e+03,8.5008486542e-01
1.5640000000e+03,7.5827830245e-01
1.5680000000e+03,6.7650210501e-01
1.5720000000e+03,6.6903140508e-01
1.5760000000e+03,6.9091325737e-01
1.5770000000e+03,6.1760821791e-01
1.5750000000e+03,5.6657008303e-01
1.5710000000e+03,5.4786229036e-01
1.5670000000e+03,6.2763243723e-01
1.5630000000e+03,5.6799580638e-01
1.5590000000e+03,5.0665399818e-01
1.5580000000e+03,4.5193691748e-01
1.5570000000e+03,8.5712298061e-01
1.5580000000e+03,9.0659009505e-01
1.5590000000e+03,8.2574413291e-01
1.5600000000e+03,7.3656629453e-01
1.5610000000e+03,6.5921751537e-01
1.5630000000e+03,8.9242666542e-01
1.5660000000e+03,8.6516975028e-01
1.5690000000e+03,7.8354722977e-01
1.5700000000e+03,6.9892652775e-01
1.5670000000e+03,6.2344460248e-01
1.5630000000e+03,5.5611449406e-01
1.5590000000e+03,4.9605583122e-01
1.5550000000e+03,4.4248332010e-01
1.5540000000e+03,3.9469647617e-01
1.5550000000e+03,3.7529286780e-01
1.5590000000e+03,9.1545508332e-01
1.5630000000e+03,8.3365826901e-01
1.5680000000e+03,7.4946967424e-01
1.5700000000e+03,6.7337442966e-01
1.5700000000e+03,6.2876221051e-01
1.5670000000e+03,6.1244929271e-01
1.5630000000e+03,5.5651619922e-01
1.5600000000e+03,4.9641415345e-01
1.5570000000e+03,4.4280294463e-01
1.5550000000e+03,8.6529753950e-01
1.5540000000e+03,8.2164898592e-01
1.5540000000e+03,8.0461263276e-01
1.5540000000e+03,7.5244633474e-01
1.5550000000e+03,6.8508589077e-01
1.5560000000e+03,6.2174727945e-01
1.5590000000e+03,5.5899014640e-01
1.5620000000e+03,5.0420976024e-01
1.5670000000e+03,4.6145704664e-01
1.5710000000e+03,5.9819983960e-01
1.5710000000e+03,5.9325923850e-01
1.5680000000e+03,5.3533648589e-01
1.5640000000e+03,4.7940935396e-01
1.5640000000e+03,4.3275133572e-01
1.5710000000e+03,9.0823790330e-01
1.5880000000e+03,8.7954093687e-01
1.6130000000e+03,8.0820704751e-01
1.6390000000e+03,7.2778300621e-01
1.6580000000e+03,6.5797590412e-01
1.6650000000e+03,6.3972848365e-01
1.6600000000e+03,6.3541525133e-01
1.6460000000e+03,5.7033933299e-01
1.6270000000e+03,5.0874443109e-01
1.6070000000e+03,4.9194054867e-01
1.5920000000e+03,9.2942119006e-01
1.5820000000e+03,8.6521091151e-01
1.5770000000e+03,7.7618639069e-01
1.5740000000e+03,7.1862493057e-01
1.5730000000e+03,9.6192002528e-01
1.5730000000e+03,9.3198439138e-01
1.5740000000e+03,8.3841463128e-01
1.5740000000e+03,7.5797079649e-01
1.5730000000e+03,6.7639266622e-01
1.5700000000e+03,6.0406702220e-01
1.5650000000e+03,5.5683415478e-01
1.5610000000e+03,4.9669777078e-01
1.5580000000e+03,4.4305593216e-01
1.5560000000e+03,7.0425762063e-01
1.5550000000e+03,9.4994206867e-01
1.5530000000e+03,8.9416966982e-01
1.5520000000e+03,8.1727983871e-01
1.5520000000e+03,7.5086022655e-01
1.5520000000e+03,7.2050131379e-01
1.5520000000e+03,7.1802321160e-01
1.5530000000e+03,6.4241053998e-01
1.5550000000e+03,5.7303216837e-01
1.5570000000e+03,5.1114644850e-01
1.5590000000e+03,4.9520506134e-01
1.5600000000e+03,4.7595606384e-01
1.5610000000e+03,4.2741739779e-01
1.5600000000e+03,3.8338450522e-01
1.5580000000e+03,5.8484196819e-01
1.5560000000e+03,6.5259186618e-01
1.5530000000e+03,5.8668149130e-01
1.5520000000e+03,5.2332168634e-01
1.5530000000e+03,4.8226289542e-01
1.5560000000e+03,8.6635869936e-01
1.5630000000e+03,9.3583428561e-01
1.5740000000e+03,8.7402790221e-01
1.5880000000e+03,7.8795183180e-01
1.6000000000e+03,7.0779312131e-01
1.6050000000e+03,6.4348577367e-01
1.6040000000e+03,5.8011022784e-01
1.6000000000e+03,5.1937873112e-01
1.5960000000e+03,4.7115403529e-01
1.5950000000e+03,9.2412493734e-01
1.5960000000e+03,9.8973142690e-01
1.6030000000e+03,9.1777739877e-01
1.6140000000e+03,8.1866024944e-01
1.6310000000e+03,7.3740973582e-01
1.6520000000e+03,7.1712198990e-01
1.6740000000e+03,7.2634465492e-01
1.6900000000e+03,6.7220615635e-01
1.6960000000e+03,6.2539361373e-01
1.6930000000e+03,6.4457280873e-01
1.6850000000e+03,6.3479993970e-01
1.6780000000e+03,6.2757845686e-01
1.6740000000e+03,6.0268801182e-01
1.6730000000e+03,5.5185124209e-01
1.6700000000e+03,4.9778516432e-01
1.6650000000e+03,8.3416361803e-01
1.6560000000e+03,8.0235030059e-01
1.6450000000e+03,7.2543614433e-01
1.6320000000e+03,6.5417130625e-01
1.6190000000e+03,6.4358543967e-01
1.6050000000e+03,8.2180735230e-01
1.5890000000e+03,7.8615769108e-01
1.5740000000e+03,7.2617326318e-01
1.5620000000e+03,6.6941488782e-01
1.5550000000e+03,6.5603215063e-01
1.5520000000e+03,6.3660650327e-01
1.5500000000e+03,5.7352613224e-01
1.5500000000e+03,5.1835460372e-01
1.5500000000e+03,4.6800264052e-01
1.5500000000e+03,4.3938254293e-01
1.5500000000e+03,4.0219861450e-01
1.5500000000e+03,3.9831351963e-01
1.5500000000e+03,3.8025033204e-01
1.5500000000e+03,3.6334235560e-01
1.5500000000e+03,9.1383775737e-01
1.5510000000e+03,8.6459873188e-01
1.5540000000e+03,7.9051758009e-01
1.5600000000e+03,7.4664830719e-01
1.5690000000e+03,7.3378559261e-01
1.5810000000e+03,7.2967197314e-01
1.5880000000e+03,6.5985196436e-01
1.5870000000e+03,5.9215524038e-01
1.5790000000e+03,5.3313186894e-01
1.5680000000e+03,4.8710941178e-01
1.5590000000e+03,4.4044728706e-01
1.5530000000e+03,3.9461385944e-01
1.5510000000e+03,3.5936061464e-01
1.5500000000e+03,9.1329888733e-01
1.5500000000e+03,9.0951311599e-01
1.5500000000e+03,8.4106855194e-01
1.5500000000e+03,7.5923851607e-01
1.5500000000e+03,6.7805440652e-01
1.5500000000e+03,6.6228021572e-01
1.5500000000e+03,6.5518017728e-01
1.5500000000e+03,5.8880473210e-01
1.5500000000e+03,5.2521562363e-01
1.5500000000e+03,5.0074519524e-01
1.5500000000e+03,6.1009949245e-01
1.5500000000e+03,5.5795425911e-01
1.5500000000e+03,5.0134737521e-01
1.5500000000e+03,4.4989800490e-01
1.5500000000e+03,6.7896204413e-01
1.5500000000e+03,9.2441642656e-01
1.5510000000e+03,8.3533729768e-01
1.5520000000e+03,7.4607516183e-01
1.5550000000e+03,7.3135044613e-01
1.5580000000e+03,7.2849432918e-01
1.5620000000e+03,7.0549366084e-01
1.5650000000e+03,6.5709548898e-01
1.5660000000e+03,5.9954745082e-01
1.5640000000e+03,5.3926969596e-01
1.5600000000e+03,4.9303983839e-01
1.5560000000e+03,4.3979304526e-01
1.5540000000e+03,3.9621606841e-01
1.5540000000e+03,3.5342594602e-01
1.5570000000e+03,4.1655970291e-01
1.5640000000e+03,9.2103994214e-01
1.5730000000e+03,8.5501263456e-01
1.5810000000e+03,7.6428729089e-01
1.5860000000e+03,6.9544423056e-01
1.5860000000e+03,6.2273240198e-01
1.5830000000e+03,5.8036505072e-01
1.5790000000e+03,5.4044223505e-01
1.5770000000e+03,4.8207612820e-01
1.5780000000e+03,6.0727256414e-01
1.5820000000e+03,5.6132387574e-01
1.5890000000e+03,5.5157407005e-01
1.5950000000e+03,5.4167510397e-01
1.5970000000e+03,5.1094251425e-01
1.5950000000e+03,4.7947034465e-01
1.5900000000e+03,9.2955397166e-01
1.5860000000e+03,8.7564782863e-01
1.5880000000e+03,7.9076701711e-01
1.5980000000e+03,7.2091763935e-01
1.6150000000e+03,7.3979318222e-01
1.6360000000e+03,7.3284134721e-01
1.6590000000e+03,6.5922583651e-01
1.6810000000e+03,5.8983124496e-01
1.7020000000e+03,5.3658052275e-01
1.7220000000e+03,7.9914029981e-01
1.7400000000e+03,7.7885926002e-01
1.7480000000e+03,7.0899169881e-01
1.7420000000e+03,6.4022314824e-01
1.7220000000e+03,5.8568950004e-01
1.6960000000e+03,5.5088601148e-01
1.6690000000e+03,5.0398511137e-01
1.6450000000e+03,4.5176247679e-01
1.6270000000e+03,4.0403734714e-01
1.6150000000e+03,4.6153246218e-01
1.6120000000e+03,9.1302063911e-01
1.6130000000e+03,8.5775282555e-01
1.6130000000e+03,7.6717461487e-01
1.6090000000e+03,7.1859276659e-01
1.6010000000e+03,9.4302360755e-01
1.5940000000e+03,9.1745394836e-01
1.5920000000e+03,8.2428535612e-01
1.5950000000e+03,7.4059716969e-01
1.6020000000e+03,6.6061494266e-01
1.6120000000e+03,6.2923318733e-01
1.6210000000e+03,6.2418637129e-01
1.6270000000e+03,5.6301003949e-01
1.6260000000e+03,5.0965121862e-01
1.6190000000e+03,9.3363850879e-01
1.6070000000e+03,9.2281570768e-01
1.5950000000e+03,8.3796334479e-01
1.5880000000e+03,7.5654895212e-01
1.5850000000e+03,6.7484398143e-01
1.5850000000e+03,7.6074140499e-01
1.5880000000e+03,9.5726356402e-01
1.5890000000e+03,8.7412016848e-01
1.5870000000e+03,7.9079967078e-01
1.5840000000e+03,7.0885999029e-01
1.5810000000e+03,8.0349805447e-01
1.5810000000e+03,7.5996059960e-01
1.5850000000e+03,6.7839760669e-01
1.5930000000e+03,6.0805193953e-01
1.6020000000e+03,5.9845066584e-01
1.6080000000e+03,6.0144459502e-01
1.6080000000e+03,5.6183390788e-01
1.6040000000e+03,5.2191672589e-01
1.6010000000e+03,6.1499545440e-01
1.6020000000e+03,9.4789530077e-01
1.6120000000e+03,9.1092988816e-01
1.6270000000e+03,8.2936350612e-01
1.6440000000e+03,7.5694735147e-01
1.6570000000e+03,6.8119008476e-01
1.6620000000e+03,6.2202347708e-01
1.6600000000e+03,5.5674912384e-01
1.6550000000e+03,5.0610245429e-01
1.6530000000e+03,4.6698852433e-01
1.6560000000e+03,6.5235483744e-01
1.6630000000e+03,8.3684965406e-01
1.6710000000e+03,7.7954387610e-01
1.6760000000e+03,7.0509705879e-01
1.6760000000e+03,6.4569657307e-01
1.6740000000e+03,8.0441656513e-01
1.6730000000e+03,7.9121565899e-01
1.6720000000e+03,7.3653629999e-01
1.6710000000e+03,6.6759707003e-01
1.6700000000e+03,6.0440030387e-01
1.6720000000e+03,9.4646140308e-01
1.6810000000e+03,9.0286496364e-01
1.6920000000e+03,8.1810879213e-01
1.7010000000e+03,7.3371575815e-01
1.7030000000e+03,6.6036427326e-01
1.6940000000e+03,9.4016842334e-01
1.6760000000e+03,8.8701663024e-01
1.6510000000e+03,8.0035935494e-01
1.6250000000e+03,7.1958091158e-01
1.6020000000e+03,9.3446896845e-01
1.5870000000e+03,9.0386131246e-01
1.5800000000e+03,8.2667443123e-01
1.5770000000e+03,7.3743685467e-01
1.5760000000e+03,6.5779593200e-01
1.5750000000e+03,9.0303743552e-01
1.5720000000e+03,8.3117586574e-01
1.5690000000e+03,7.4702419110e-01
1.5670000000e+03,6.6634786544e-01
1.5670000000e+03,5.9648535613e-01
1.5680000000e+03,9.3680009788e-01
1.5700000000e+03,8.3957876456e-01
1.5710000000e+03,7.4890682832e-01
1.5700000000e+03,6.6802718360e-01
1.5690000000e+03,6.4875814822e-01
1.5680000000e+03,6.3101630727e-01
1.5680000000e+03,5.7743715419e-01
1.5690000000e+03,5.1507570933e-01
1.5710000000e+03,4.6477922804e-01
1.5730000000e+03,4.7618927159e-01
1.5740000000e+03,4.4276955508e-01
1.5740000000e+03,3.9495179865e-01
1.5740000000e+03,3.5229821353e-01
1.5730000000e+03,3.2741895060e-01
1.5730000000e+03,7.2814168570e-01
1.5750000000e+03,6.6042499493e-01
1.5810000000e+03,5.9307876965e-01
1.5910000000e+03,5.3452306354e-01
1.6030000000e+03,9.2296600866e-01
1.6150000000e+03,8.7869639195e-01
1.6200000000e+03,8.0045678799e-01
1.6170000000e+03,7.3307367832e-01
1.6080000000e+03,6.8220836770e-01
1.5960000000e+03,7.9689678376e-01
1.5890000000e+03,7.6099138041e-01
1.5890000000e+03,6.8409571952e-01
1.5990000000e+03,6.2450235028e-01
1.6200000000e+03,7.0125389797e-01
1.6450000000e+03,7.1344299581e-01
1.6660000000e+03,6.4535232120e-01
1.6730000000e+03,5.7715064312e-01
1.6650000000e+03,5.2659031840e-01
1.6440000000e+03,6.7781825901e-01
1.6210000000e+03,6.7332297203e-01
1.6030000000e+03,6.0097627297e-01
1.5960000000e+03,5.4293098378e-01
1.6040000000e+03,4.9195726161e-01
1.6260000000e+03,8.8344097813e-01
1.6620000000e+03,8.3373872676e-01
1.7110000000e+03,7.4369749672e-01
1.7810000000e+03,6.6338044387e-01
1.8850000000e+03,6.1038983499e-01
2.0290000000e+03,9.4727199797e-01
2.2030000000e+03,8.9520332418e-01
2.2330000000e+03,8.0092424995e-01
2.2330000000e+03,7.2600683606e-01
2.2330000000e+03,7.8080566123e-01
2.2330000000e+03,7.5219256885e-01
2.2330000000e+03,6.7533917195e-01
2.2330000000e+03,6.1801500761e-01
2.2330000000e+03,5.5480264122e-01
2.2330000000e+03,5.5438128746e-01
2.0640000000e+03,5.3910518258e-01
1.9190000000e+03,4.8088347330e-01
1.8350000000e+03,4.2894953039e-01
1.8050000000e+03,5.2228711038e-01
1.8050000000e+03,7.8038359398e-01
1.8070000000e+03,7.1626640379e-01
1.7970000000e+03,6.5291657515e-01
1.7730000000e+03,6.0468501136e-01
1.7440000000e+03,8.4450455197e-01
1.7230000000e+03,8.0430474063e-01
1.7140000000e+03,7.2217931905e-01
1.7210000000e+03,6.5266103987e-01
1.7460000000e+03,6.2522580766e-01
1.7910000000e+03,6.4468735569e-01
1.8500000000e+03,7.0828271663e-01
1.9080000000e+03,6.5804022551e-01
1.9530000000e+03,6.1828517995e-01
1.9880000000e+03,5.7156319519e-01
2.0260000000e+03,8.4184676218e-01
2.0810000000e+03,8.2389896005e-01
2.1470000000e+03,7.4452348495e-01
2.2100000000e+03,6.6774320457e-01
2.2330000000e+03,6.0748957149e-01
2.2330000000e+03,5.9517163883e-01
2.2330000000e+03,5.7142190235e-01
2.2330000000e+03,5.1830006932e-01
2.1770000000e+03,4.6939372703e-01
2.1110000000e+03,6.2186580383e-01
2.0560000000e+03,9.4882510146e-01
2.0170000000e+03,8.7484054732e-01
1.9890000000e+03,7.8427886607e-01
1.9720000000e+03,7.0824497221e-01
1.9760000000e+03,7.0603853396e-01
2.0090000000e+03,8.0558729743e-01
2.0600000000e+03,7.2457455714e-01
2.1150000000e+03,6.5952457505e-01
2.1570000000e+03,6.0749358538e-01
2.1890000000e+03,9.4083530095e-01
2.2140000000e+03,8.7873929010e-01
2.2330000000e+03,8.0069023380e-01
2.2330000000e+03,7.3767589227e-01
2.2330000000e+03,6.9123202251e-01
2.2330000000e+03,8.9066920856e-01
2.2330000000e+03,8.2613938819e-01
2.2330000000e+03,7.4185170108e-01
2.2330000000e+03,6.7939475709e-01
2.2330000000e+03,6.4404988311e-01
2.2330000000e+03,7.2185728240e-01
2.2330000000e+03,6.7449642808e-01
2.2330000000e+03,6.2733027218e-01
2.2330000000e+03,5.9666208671e-01
2.2330000000e+03,7.6872561487e-01
2.2330000000e+03,7.6418759462e-01
2.2330000000e+03,7.0183739171e-01
2.2330000000e+03,6.3867214300e-01
2.2330000000e+03,5.9791901424e-01
2.2330000000e+03,5.9243753145e-01
2.2330000000e+03,5.5172547127e-01
2.2330000000e+03,5.3688962723e-01
2.2330000000e+03,5.0633687398e-01
2.2330000000e+03,7.0745555023e-01
2.2330000000e+03,6.8410511250e-01
2.2330000000e+03,6.5155682468e-01
2.2330000000e+03,6.0266549136e-01
2.2330000000e+03,5.5627549999e-01
2.2330000000e+03,5.5257319115e-01
2.2330000000e+03,5.4199772914e-01
2.2330000000e+03,5.0940079876e-01
2.2330000000e+03,4.7650253652e-01
2.2330000000e+03,4.7139946237e-01
2.2330000000e+03,9.1564989052e-01
2.2330000000e+03,8.6103072979e-01
2.2330000000e+03,7.6845964925e-01
2.2330000000e+03,7.0182545516e-01
2.2330000000e+03,6.7311886207e-01
2.2330000000e+03,6.4094596658e-01
2.2330000000e+03,6.1632684237e-01
2.2330000000e+03,5.7860688397e-01
2.2330000000e+03,5.2851972365e-01
2.2330000000e+03,5.6061748831e-01
2.2330000000e+03,7.5613261888e-01
2.2330000000e+03,7.0766038038e-01
2.2330000000e+03,6.5321310837e-01
2.2330000000e+03,5.9624114489e-01
2.2330000000e+03,5.7083043776e-01
2.2330000000e+03,5.3297823691e-01
2.2330000000e+03,4.9171017107e-01
2.2330000000e+03,4.7015705940e-01
2.2330000000e+03,9.2829355556e-01
2.2330000000e+03,8.9989355487e-01
2.2330000000e+03,8.1118617531e-01
2.2330000000e+03,7.3088578312e-01
2.2330000000e+03,6.6889379387e-01
2.2330000000e+03,6.2491202319e-01
2.2330000000e+03,5.8887094115e-01
2.2330000000e+03,5.4648557839e-01
2.2330000000e+03,5.0868248146e-01
2.2330000000e+03,4.7707992421e-01
2.2330000000e+03,5.6220948088e-01
2.2330000000e+03,5.4356848195e-01
2.2330000000e+03,5.4168736423e-01
2.2330000000e+03,6.0479506277e-01
2.1990000000e+03,5.6488086366e-01
2.1570000000e+03,7.6270936879e-01
2.1280000000e+03,7.0838159687e-01
2.0990000000e+03,6.3416300481e-01
2.0680000000e+03,5.8013001557e-01
2.0470000000e+03,6.6649974129e-01
2.0450000000e+03,8.4752999317e-01
2.0570000000e+03,7.6266863118e-01
2.0750000000e+03,6.8445468169e-01
2.0860000000e+03,6.3866859029e-01
2.0950000000e+03,9.5109911133e-01
2.1050000000e+03,9.2562551054e-01
2.1180000000e+03,8.4081098769e-01
2.1290000000e+03,7.6768480299e-01
2.1360000000e+03,7.0939375197e-01
2.1370000000e+03,7.0362551127e-01
2.1320000000e+03,6.6730717584e-01
2.1210000000e+03,5.9698157281e-01
2.1040000000e+03,5.3973881149e-01
2.0900000000e+03,5.2368278921e-01
2.0880000000e+03,9.3553747537e-01
2.1000000000e+03,8.7484009380e-01
2.1280000000e+03,7.8713523842e-01
2.1670000000e+03,7.3513386446e-01
2.2070000000e+03,7.1242322253e-01
2.2330000000e+03,6.7146264465e-01
2.2330000000e+03,6.1009421481e-01
2.2330000000e+03,5.5449683210e-01
2.2330000000e+03,5.3450238827e-01
2.2170000000e+03,8.4669502251e-01
2.1990000000e+03,8.0585594632e-01
2.1790000000e+03,7.4542662503e-01
2.1550000000e+03,6.8601832933e-01
2.1360000000e+03,7.1655501008e-01
2.1320000000e+03,7.0153898009e-01
2.1450000000e+03,6.6416359968e-01
2.1690000000e+03,6.0366308728e-01
2.1910000000e+03,5.4885549264e-01
2.2030000000e+03,5.2915732732e-01
2.2000000000e+03,6.8296489352e-01
2.1810000000e+03,6.2832581481e-01
2.1530000000e+03,5.7313683181e-01
2.1290000000e+03,5.6951731600e-01
2.1300000000e+03,9.4174050403e-01
2.1610000000e+03,8.8395368338e-01
2.2160000000e+03,7.9632364023e-01
2.2330000000e+03,7.1676466844e-01
2.2330000000e+03,6.4491332659e-01
2.2330000000e+03,6.1965757437e-01
2.2330000000e+03,5.9410240180e-01
2.2330000000e+03,5.6480221136e-01
2.2330000000e+03,5.4001453762e-01
2.1790000000e+03,6.8231155093e-01
2.1300000000e+03,6.8067798528e-01
2.1020000000e+03,6.4338146357e-01
2.1010000000e+03,5.9388436632e-01
2.1250000000e+03,5.3469589275e-01
2.1650000000e+03,5.0042869112e-01
2.2030000000e+03,4.8522649701e-01
2.2220000000e+03,4.4853977604e-01
2.2160000000e+03,4.3035005006e-01
2.1890000000e+03,7.2458418042e-01
2.1520000000e+03,7.6916434825e-01
2.1190000000e+03,7.1292874831e-01
2.1030000000e+03,6.6779375733e-01
2.1090000000e+03,6.1663760035e-01
2.1370000000e+03,5.7576900396e-01
2.1730000000e+03,5.3569922784e-01
2.1990000000e+03,4.9132167901e-01
2.2070000000e+03,4.5792825054e-01
2.1970000000e+03,4.3028898161e-01
2.1790000000e+03,9.2289799796e-01
2.1560000000e+03,8.6353137899e-01
2.1280000000e+03,7.7257694466e-01
2.0980000000e+03,7.0593215246e-01
2.0720000000e+03,7.0263529463e-01
2.0530000000e+03,8.4189808695e-01
2.0330000000e+03,7.8716275412e-01
2.0080000000e+03,7.0977880406e-01
1.9820000000e+03,6.3949469572e-01
1.9740000000e+03,8.5778473282e-01
1.9880000000e+03,8.5582934978e-01
2.0170000000e+03,7.7049766204e-01
2.0470000000e+03,6.9504015381e-01
2.0700000000e+03,6.3879203636e-01
2.0890000000e+03,9.2727937861e-01
2.1040000000e+03,8.5636539229e-01
2.1150000000e+03,7.8105440292e-01
2.1180000000e+03,7.1201407952e-01
2.1130000000e+03,6.6754297120e-01
2.1060000000e+03,7.9633588225e-01
2.0980000000e+03,7.3183502206e-01
2.0960000000e+03,6.5434489823e-01
2.1040000000e+03,6.0412622359e-01
2.1250000000e+03,9.4642431034e-01
2.1520000000e+03,9.0121180218e-01
2.1750000000e+03,8.1478437228e-01
2.1890000000e+03,7.4237011730e-01
2.1920000000e+03,7.0105772293e-01
2.1870000000e+03,6.9844573830e-01
2.1750000000e+03,6.8206846848e-01
2.1590000000e+03,6.2331999775e-01
2.1450000000e+03,5.6029789281e-01
2.1420000000e+03,5.3958338075e-01
2.1470000000e+03,7.0767717406e-01
2.1490000000e+03,6.4239330599e-01
2.1410000000e+03,5.8865003180e-01
2.1240000000e+03,5.5489572313e-01
2.1070000000e+03,6.9553146387e-01
2.1000000000e+03,6.8082301637e-01
2.1010000000e+03,6.1634367217e-01
2.1070000000e+03,5.6332615256e-01
2.1100000000e+03,5.2694247280e-01
2.1070000000e+03,6.9611964660e-01
2.0940000000e+03,7.0059395383e-01
2.0680000000e+03,6.4323710736e-01
2.0260000000e+03,5.8827363193e-01
1.9810000000e+03,5.5681042138e-01
1.9540000000e+03,9.4002081285e-01
1.9550000000e+03,8.7498216246e-01
1.9770000000e+03,7.8048676763e-01
2.0040000000e+03,7.1391639447e-01
2.0210000000e+03,6.5116222937e-01
2.0240000000e+03,8.4788410264e-01
2.0070000000e+03,7.7567656677e-01
1.9680000000e+03,7.2636898846e-01
1.9080000000e+03,7.0431387969e-01
1.8340000000e+03,6.5931335946e-01
1.7560000000e+03,6.1158795537e-01
1.6830000000e+03,5.4631639411e-01
1.6270000000e+03,4.8914482625e-01
1.5910000000e+03,4.5011949643e-01
1.5730000000e+03,4.3943027833e-01
1.5630000000e+03,4.2091802037e-01
1.5600000000e+03,3.7546016279e-01
1.5570000000e+03,3.3550760595e-01
1.5560000000e+03,3.0013615144e-01
1.5540000000e+03,4.1577827485e-01
1.5530000000e+03,4.1358244488e-01
1.5520000000e+03,3.8307100241e-01
1.5520000000e+03,3.4941166432e-01
1.5520000000e+03,3.2391500928e-01
1.5510000000e+03,2.9876801766e-01
1.5520000000e+03,2.6659435765e-01
1.5520000000e+03,2.3780298319e-01
1.5520000000e+03,2.1212098903e-01
1.5520000000e+03,4.2872881599e-01
1.5530000000e+03,4.1621046195e-01
1.5540000000e+03,3.8435434332e-01
1.5540000000e+03,3.6219342764e-01
1.5550000000e+03,3.3616184004e-01
1.5560000000e+03,3.1247278871e-01
1.5570000000e+03,2.9878981230e-01
1.5570000000e+03,2.8295125673e-01
1.5580000000e+03,2.6533898346e-01
1.5570000000e+03,2.3840088680e-01
1.5570000000e+03,3.8405611041e-01
1.5570000000e+03,6.0369793847e-01
1.5570000000e+03,5.8324548922e-01
1.5570000000e+03,5.3653497640e-01
1.5580000000e+03,4.8951581194e-01
1.5590000000e+03,4.4267567746e-01
1.5600000000e+03,4.0627300056e-01
1.5610000000e+03,3.7989879331e-01
1.5630000000e+03,3.4485816874e-01
1.5640000000e+03,6.6988555447e-01
1.5660000000e+03,6.2935667786e-01
1.5670000000e+03,5.7365452687e-01
1.5670000000e+03,5.2162411807e-01
1.5680000000e+03,5.9234456851e-01
1.5680000000e+03,5.8314067995e-01
1.5680000000e+03,5.2641137551e-01
1.5660000000e+03,4.7539596265e-01
1.5630000000e+03,7.4294949433e-01
1.5600000000e+03,9.6149760554e-01
1.5570000000e+03,8.7297329475e-01
1.5550000000e+03,7.8503640345e-01
1.5540000000e+03,7.0025487523e-01
1.5530000000e+03,6.2462949250e-01
1.5530000000e+03,5.5724670160e-01
1.5530000000e+03,4.9706576382e-01
1.5530000000e+03,4.4338418307e-01
1.5550000000e+03,3.9550004870e-01
1.5580000000e+03,3.5724339710e-01
1.5630000000e+03,6.7549035765e-01
1.5670000000e+03,6.1838765202e-01
1.5690000000e+03,5.5219063657e-01
1.5690000000e+03,4.9255573833e-01
1.5660000000e+03,4.3936122652e-01
1.5630000000e+03,3.9191155914e-01
1.5600000000e+03,3.4958631057e-01
1.5580000000e+03,3.1196915197e-01
1.5560000000e+03,2.9670556971e-01
1.5550000000e+03,7.4260548927e-01
1.5550000000e+03,7.0312234811e-01
1.5560000000e+03,6.3865607414e-01
1.5570000000e+03,5.8657783939e-01
1.5590000000e+03,5.3105462021e-01
1.5610000000e+03,4.7762488343e-01
1.5630000000e+03,4.3471217922e-01
1.5640000000e+03,4.0188573203e-01
1.5630000000e+03,3.5998570439e-01
1.5630000000e+03,3.3512716524e-01
1.5610000000e+03,3.0555315433e-01
1.5590000000e+03,2.7348564389e-01
1.5580000000e+03,2.4476401901e-01
1.5600000000e+03,2.2101915892e-01
1.5660000000e+03,2.0565525129e-01
1.5800000000e+03,2.2622246161e-01
1.6020000000e+03,2.1272068124e-01
1.6330000000e+03,2.0744275710e-01
1.6700000000e+03,8.8788373598e-01
1.7070000000e+03,8.7880060750e-01
1.7440000000e+03,8.0045298157e-01
1.7810000000e+03,7.4366256890e-01
1.8150000000e+03,6.9465808697e-01
1.8440000000e+03,6.4272901023e-01
1.8680000000e+03,5.8953910496e-01
1.8900000000e+03,5.5036313480e-01
1.9180000000e+03,5.0506243747e-01
1.9560000000e+03,4.6817350785e-01
2.0050000000e+03,5.8189159430e-01
2.0590000000e+03,5.5582565956e-01
2.1080000000e+03,5.0997039506e-01
2.1370000000e+03,4.7503877877e-01
2.1390000000e+03,5.5175910407e-01
2.1150000000e+03,6.8621083347e-01
2.0730000000e+03,6.3728078697e-01
2.0090000000e+03,5.8638262692e-01
1.9200000000e+03,5.5142955730e-01
1.8140000000e+03,8.8402934882e-01
1.7120000000e+03,8.6549891373e-01
1.6390000000e+03,7.9305492687e-01
1.6040000000e+03,7.1849916518e-01
1.6060000000e+03,6.5050648492e-01
1.6340000000e+03,5.9526430285e-01
1.6710000000e+03,5.4901518573e-01
1.6980000000e+03,4.9282924790e-01
1.7030000000e+03,4.4741259941e-01
1.6840000000e+03,8.1285922647e-01
1.6500000000e+03,9.3276978170e-01
1.6130000000e+03,8.5206941929e-01
1.5830000000e+03,7.7538034254e-01
1.5640000000e+03,7.0168470205e-01
1.5570000000e+03,6.4182782361e-01
1.5640000000e+03,6.0916573062e-01
1.5900000000e+03,5.5171383249e-01
1.6450000000e+03,5.0082081710e-01
1.7360000000e+03,4.5176337872e-01
1.8570000000e+03,7.4511716794e-01
1.9890000000e+03,7.3487980798e-01
2.1070000000e+03,6.7694201675e-01
2.1950000000e+03,6.1112845188e-01
2.2330000000e+03,5.4856669480e-01
2.2330000000e+03,4.9149885195e-01
2.2330000000e+03,4.4364205025e-01
2.2030000000e+03,4.0972611422e-01
2.1520000000e+03,3.8108650311e-01
2.1010000000e+03,9.1022559048e-01
2.0570000000e+03,9.0012896169e-01
2.0260000000e+03,8.4156928971e-01
2.0060000000e+03,7.5629075238e-01
1.9920000000e+03,6.7581356930e-01
1.9780000000e+03,6.0566421561e-01
1.9610000000e+03,5.4049523316e-01
1.9370000000e+03,4.8229149160e-01
1.9070000000e+03,4.3020548702e-01
1.8760000000e+03,7.3767525902e-01
1.8500000000e+03,9.6449820688e-01
1.8360000000e+03,8.9574372876e-01
1.8390000000e+03,8.1144100292e-01
1.8530000000e+03,7.3603037042e-01
1.8720000000e+03,6.7623008987e-01
1.8930000000e+03,6.0846203783e-01
1.9130000000e+03,5.4369066335e-01
1.9350000000e+03,4.8503869880e-01
1.9580000000e+03,4.7932842135e-01
1.9810000000e+03,6.0706780379e-01
1.9990000000e+03,5.8686416676e-01
2.0060000000e+03,5.3351173015e-01
1.9980000000e+03,4.9181037522e-01
1.9800000000e+03,4.5453490151e-01
1.9560000000e+03,4.9859925399e-01
1.9300000000e+03,4.6473545854e-01
1.9040000000e+03,4.2876932697e-01
1.8760000000e+03,4.1499287985e-01
1.8460000000e+03,7.9082347331e-01
1.8140000000e+03,7.8474260438e-01
1.7810000000e+03,7.2839141032e-01
1.7460000000e+03,6.7138122740e-01
1.7070000000e+03,6.1925893738e-01
1.6630000000e+03,5.7917236480e-01
1.6210000000e+03,5.3928776924e-01
1.5910000000e+03,5.0708147050e-01
1.5800000000e+03,4.8632450811e-01
1.5960000000e+03,4.5774115893e-01
1.6440000000e+03,5.1462029103e-01
1.7220000000e+03,5.0794753995e-01
1.8180000000e+03,4.7934238935e-01
1.9050000000e+03,4.4855064205e-01
1.9590000000e+03,4.4721452626e-01
1.9690000000e+03,6.2121258946e-01
1.9370000000e+03,5.7619217194e-01
1.8710000000e+03,5.2394272650e-01
1.7840000000e+03,4.9675680522e-01
1.6980000000e+03,9.3189343970e-01
1.6290000000e+03,9.0300577032e-01
1.5890000000e+03,8.2234014127e-01
1.5770000000e+03,7.4855506946e-01
1.5890000000e+03,6.7009558940e-01
1.6210000000e+03,6.0673590866e-01
1.6650000000e+03,5.6156227503e-01
1.7100000000e+03,5.1198739252e-01
1.7460000000e+03,4.5912376786e-01
1.7660000000e+03,6.2582152866e-01
1.7680000000e+03,8.8417005901e-01
1.7530000000e+03,8.0871540008e-01
1.7270000000e+03,7.3680828077e-01
1.6930000000e+03,6.8691833223e-01
1.6560000000e+03,6.4921398125e-01
1.6240000000e+03,6.0733321888e-01
1.6050000000e+03,5.5382358257e-01
1.6130000000e+03,5.0740877541e-01
1.6570000000e+03,4.7624992832e-01
1.7420000000e+03,6.5307438304e-01
1.8580000000e+03,6.1977198013e-01
1.9860000000e+03,5.7282951755e-01
2.0990000000e+03,5.4504730697e-01
2.1780000000e+03,4.9791408282e-01
2.2160000000e+03,4.5280309919e-01
2.2150000000e+03,4.1692546108e-01
2.1850000000e+03,3.8761688998e-01
2.1390000000e+03,3.5916670208e-01
2.0900000000e+03,8.8220319457e-01
2.0480000000e+03,8.9961260441e-01
2.0160000000e+03,8.5065439305e-01
1.9960000000e+03,7.7937032855e-01
1.9810000000e+03,7.0249812758e-01
1.9670000000e+03,6.2719858069e-01
1.9490000000e+03,5.5946305411e-01
1.9250000000e+03,4.9904275704e-01
1.8940000000e+03,4.4514766707e-01
1.8630000000e+03,8.1756192046e-01
1.8390000000e+03,9.7530969083e-01
1.8330000000e+03,9.0591568241e-01
1.8480000000e+03,8.1665320942e-01
1.8820000000e+03,7.3503333494e-01
1.9310000000e+03,7.0380702133e-01
1.9880000000e+03,6.8555200641e-01
2.0460000000e+03,6.2643842464e-01
2.1010000000e+03,6.3722499198e-01
2.1500000000e+03,5.9871364097e-01
2.1990000000e+03,5.6486309055e-01
2.2330000000e+03,5.4542023255e-01
2.2330000000e+03,5.1269359718e-01
2.2330000000e+03,4.6797727642e-01
2.2330000000e+03,4.1846032034e-01
2.2330000000e+03,4.1124742222e-01
2.2330000000e+03,3.7424658889e-01
2.2330000000e+03,3.3808117213e-01
2.2330000000e+03,3.0506195158e-01
2.1370000000e+03,9.0595036239e-01
2.0510000000e+03,8.8660242866e-01
2.0080000000e+03,8.0667833877e-01
2.0130000000e+03,7.3905257655e-01
2.0470000000e+03,6.8088425010e-01
2.0830000000e+03,6.3228980313e-01
2.0960000000e+03,5.8729350549e-01
2.0760000000e+03,5.4566121403e-01
2.0340000000e+03,5.0531740433e-01
1.9980000000e+03,4.9193094529e-01
1.9910000000e+03,8.0087200249e-01
2.0180000000e+03,7.6519093037e-01
2.0620000000e+03,6.9641107581e-01
2.1010000000e+03,6.3823769188e-01
2.1190000000e+03,6.6899650892e-01
2.1150000000e+03,7.2922118327e-01
2.0890000000e+03,6.6356015677e-01
2.0410000000e+03,6.1128026743e-01
1.9720000000e+03,5.6890485934e-01
1.8970000000e+03,8.9235021253e-01
1.8410000000e+03,8.6387290197e-01
1.8190000000e+03,7.9030872756e-01
1.8220000000e+03,7.1790390886e-01
1.8270000000e+03,6.4177496640e-01
1.8120000000e+03,5.9751689063e-01
1.7720000000e+03,5.6113162247e-01
1.7240000000e+03,5.1330638634e-01
1.6900000000e+03,6.0201649615e-01
1.6840000000e+03,8.9786511755e-01
1.7030000000e+03,8.6096568105e-01
1.7340000000e+03,7.8315887851e-01
1.7620000000e+03,7.1111923419e-01
1.7750000000e+03,6.5712916202e-01
1.7660000000e+03,6.0628124995e-01
1.7370000000e+03,5.6621563004e-01
1.7020000000e+03,5.1763109880e-01
1.6850000000e+03,4.6969793709e-01
1.7100000000e+03,4.6178032665e-01
1.7880000000e+03,7.0940424718e-01
1.9110000000e+03,6.8825165094e-01
2.0480000000e+03,6.2035945615e-01
2.1660000000e+03,5.6104497820e-01
2.2330000000e+03,5.0045383816e-01
2.2330000000e+03,4.4652412634e-01
2.2330000000e+03,4.0133315212e-01
2.2160000000e+03,3.6326650672e-01
2.1560000000e+03,3.2987472586e-01
2.0940000000e+03,9.0930840622e-01
2.0410000000e+03,9.0677330581e-01
2.0040000000e+03,8.5497558357e-01
1.9810000000e+03,7.7108800945e-01
1.9670000000e+03,6.8822015537e-01
1.9570000000e+03,6.1421114484e-01
1.9420000000e+03,5.5043627018e-01
1.9200000000e+03,4.9232453617e-01
1.8880000000e+03,4.4062767139e-01
1.8520000000e+03,7.9996080604e-01
1.8220000000e+03,9.7292763903e-01
1.8080000000e+03,9.0741478492e-01
1.8140000000e+03,8.1879940882e-01
1.8350000000e+03,7.3741959197e-01
1.8630000000e+03,6.5959926798e-01
1.8870000000e+03,5.8962875515e-01
1.9050000000e+03,5.3127026338e-01
1.9160000000e+03,4.7665716480e-01
1.9240000000e+03,4.6973690378e-01
1.9310000000e+03,7.5709436790e-01
1.9380000000e+03,7.1498436928e-01
1.9440000000e+03,6.5504829863e-01
1.9440000000e+03,6.0007112379e-01
1.9380000000e+03,5.4225227583e-01
1.9260000000e+03,5.1799996819e-01
1.9110000000e+03,5.0081989057e-01
1.8930000000e+03,4.5540775196e-01
1.8730000000e+03,4.2779755578e-01
1.8580000000e+03,9.2256082014e-01
1.8550000000e+03,8.9734632125e-01
1.8690000000e+03,8.2680601632e-01
1.8970000000e+03,7.6815279437e-01
1.9260000000e+03,7.0351769675e-01
1.9380000000e+03,6.4740737236e-01
1.9210000000e+03,5.9374679297e-01
1.8790000000e+03,5.4573316394e-01
1.8350000000e+03,5.0060693227e-01
1.8200000000e+03,5.5442714879e-01
1.8550000000e+03,6.1968424540e-01
1.9300000000e+03,5.8109636889e-01
2.0150000000e+03,5.3053637328e-01
2.0750000000e+03,4.9937804895e-01
2.0940000000e+03,6.5042251553e-01
2.0790000000e+03,9.0359004049e-01
2.0390000000e+03,8.3269092978e-01
1.9780000000e+03,7.5879314149e-01
1.8950000000e+03,6.9302584979e-01
1.8040000000e+03,9.3988003292e-01
1.7310000000e+03,9.0706862923e-01
1.6980000000e+03,8.2304782139e-01
1.7060000000e+03,7.4491415500e-01
1.7360000000e+03,6.6488266342e-01
1.7640000000e+03,6.1923805683e-01
1.7780000000e+03,5.7982075832e-01
1.7770000000e+03,5.2392003243e-01
1.7700000000e+03,4.7108979324e-01
1.7610000000e+03,8.5559416027e-01
1.7510000000e+03,9.1458784888e-01
1.7390000000e+03,8.3643805960e-01
1.7240000000e+03,7.6027831466e-01
1.7030000000e+03,7.0800362859e-01
1.6750000000e+03,6.5763842645e-01
1.6460000000e+03,6.0090695539e-01
1.6260000000e+03,5.6597206941e-01
1.6310000000e+03,5.1886596799e-01
1.6730000000e+03,4.8566303072e-01
1.7620000000e+03,9.1288194587e-01
1.8900000000e+03,8.4625475004e-01
2.0290000000e+03,7.5941845419e-01
2.1510000000e+03,6.7907083171e-01
2.2330000000e+03,6.0913533080e-01
2.2330000000e+03,5.4806284852e-01
2.2330000000e+03,4.8944998257e-01
2.2210000000e+03,4.3864912558e-01
2.1590000000e+03,3.9974961918e-01
2.0920000000e+03,8.7271466938e-01
2.0350000000e+03,9.0735337223e-01
1.9950000000e+03,8.3895223000e-01
1.9730000000e+03,7.5077013500e-01
1.9590000000e+03,6.7226934172e-01
1.9460000000e+03,5.9979265842e-01
1.9270000000e+03,5.3642979848e-01
1.9000000000e+03,4.8396393167e-01
1.8670000000e+03,4.4079266609e-01
1.8320000000e+03,9.1670975060e-01
1.8060000000e+03,9.8872789051e-01
1.7970000000e+03,9.1050093385e-01
1.8070000000e+03,8.2069988175e-01
1.8320000000e+03,7.3950673875e-01
1.8590000000e+03,6.6172632975e-01
1.8820000000e+03,5.9416507874e-01
1.8950000000e+03,5.3572147002e-01
1.9010000000e+03,4.8701746191e-01
1.9050000000e+03,4.4794930660e-01
1.9160000000e+03,9.2528806305e-01
1.9330000000e+03,8.7946726777e-01
1.9530000000e+03,7.9546212747e-01
1.9690000000e+03,7.1912752429e-01
1.9750000000e+03,6.5162648106e-01
1.9720000000e+03,5.8931417192e-01
1.9630000000e+03,5.3012726930e-01
1.9490000000e+03,4.7287514718e-01
1.9350000000e+03,4.3604578821e-01
1.9240000000e+03,9.1804940157e-01
1.9190000000e+03,9.6957832328e-01
1.9240000000e+03,8.9451504822e-01
1.9390000000e+03,8.1282159910e-01
1.9680000000e+03,7.4544941498e-01
2.0070000000e+03,6.7743237768e-01
2.0510000000e+03,6.1684379924e-01
2.0880000000e+03,5.6314375541e-01
2.1110000000e+03,5.1590571180e-01
2.1260000000e+03,4.7591414704e-01
2.1470000000e+03,9.2907269265e-01
2.1800000000e+03,8.8462630971e-01
2.2230000000e+03,7.9960820989e-01
2.2330000000e+03,7.2890727307e-01
2.2330000000e+03,6.6221497441e-01
2.2330000000e+03,6.4557627730e-01
2.2230000000e+03,5.8597196517e-01
2.1320000000e+03,5.3644949375e-01
2.0130000000e+03,5.3419555450e-01
1.8990000000e+03,9.3696022344e-01
1.8260000000e+03,8.8998474686e-01
1.8220000000e+03,8.1249020880e-01
1.8920000000e+03,7.4151484374e-01
2.0130000000e+03,6.7860359411e-01
2.1420000000e+03,6.2224493772e-01
2.2330000000e+03,5.7378250685e-01
2.2330000000e+03,5.1452690995e-01
2.2330000000e+03,4.7023935149e-01
2.2030000000e+03,8.3725966881e-01
2.1550000000e+03,9.0020445188e-01
2.1260000000e+03,8.2292595397e-01
2.1270000000e+03,7.5556966181e-01
2.1510000000e+03,6.9755606362e-01
2.1860000000e+03,6.4207360167e-01
2.2220000000e+03,5.9637228222e-01
2.2330000000e+03,5.4435472205e-01
2.2110000000e+03,4.9884846815e-01
2.1480000000e+03,4.6418968865e-01
2.0790000000e+03,8.8848757806e-01
2.0450000000e+03,8.6907609669e-01
2.0670000000e+03,7.9777534449e-01
2.1390000000e+03,7.1439922647e-01
2.2290000000e+03,6.5462777122e-01
2.2330000000e+03,6.8055440443e-01
2.2330000000e+03,6.1482669781e-01
2.2330000000e+03,5.6269309668e-01
2.2190000000e+03,5.3449897751e-01
2.1390000000e+03,9.3700128727e-01
2.0940000000e+03,9.0597381685e-01
2.1100000000e+03,8.2161239822e-01
2.1830000000e+03,7.4300265335e-01
2.2330000000e+03,6.8566008032e-01
2.2330000000e+03,6.2052813724e-01
2.2330000000e+03,5.7250129886e-01
2.2330000000e+03,5.1212333800e-01
2.2330000000e+03,4.6061896072e-01
2.1930000000e+03,6.0346006450e-01
2.0170000000e+03,9.4633415551e-01
1.8780000000e+03,8.8051921729e-01
1.8210000000e+03,8.0649901657e-01
1.8550000000e+03,7.4650365620e-01
1.9560000000e+03,6.7371182909e-01
2.0790000000e+03,6.2603532805e-01
2.1790000000e+03,5.6671042325e-01
2.2310000000e+03,5.1023786856e-01
2.2330000000e+03,4.6939862925e-01
2.2070000000e+03,8.7532600058e-01
2.1680000000e+03,8.4478682669e-01
2.1380000000e+03,7.9245840635e-01
2.1270000000e+03,7.3000686755e-01
2.1360000000e+03,6.6706087605e-01
2.1570000000e+03,6.1276380021e-01
2.1790000000e+03,5.6586661969e-01
2.1850000000e+03,5.2636357468e-01
2.1640000000e+03,4.9457117121e-01
2.1190000000e+03,6.0995896438e-01
2.0690000000e+03,8.7483554257e-01
2.0290000000e+03,8.0765767055e-01
2.0090000000e+03,7.3611492868e-01
2.0070000000e+03,6.7851057472e-01
2.0170000000e+03,6.2262373550e-01
2.0320000000e+03,5.7068630788e-01
2.0430000000e+03,5.2418686869e-01
2.0440000000e+03,4.9040180259e-01
2.0390000000e+03,4.7040831748e-01
2.0470000000e+03,8.9827314253e-01
2.0740000000e+03,8.5649992300e-01
2.1180000000e+03,7.7462107328e-01
2.1660000000e+03,7.0816846026e-01
2.2010000000e+03,6.5134314987e-01
2.2080000000e+03,6.6827078497e-01
2.1730000000e+03,6.0518804169e-01
2.0900000000e+03,5.4673372058e-01
1.9720000000e+03,5.3665379295e-01
1.8510000000e+03,9.3729290983e-01
1.7680000000e+03,8.9479978952e-01
1.7530000000e+03,8.2084727726e-01
1.8160000000e+03,7.4969222081e-01
1.9340000000e+03,6.8659043837e-01
2.0660000000e+03,6.2733616444e-01
2.1660000000e+03,5.7851691123e-01
2.2150000000e+03,5.2397939199e-01
2.2200000000e+03,4.8070951825e-01
2.2040000000e+03,8.0231072928e-01
2.1900000000e+03,9.0382430648e-01
2.1860000000e+03,8.2744882769e-01
2.1910000000e+03,7.6001165439e-01
2.2040000000e+03,7.0222102089e-01
2.2230000000e+03,6.4687920105e-01
2.2330000000e+03,6.0388095532e-01
2.2330000000e+03,5.5717138075e-01
2.2330000000e+03,5.1013047460e-01
2.1810000000e+03,4.6789117700e-01
2.1230000000e+03,8.7326964600e-01
2.0980000000e+03,8.6098706508e-01
2.1280000000e+03,7.9820021620e-01
2.2060000000e+03,7.1925353436e-01
2.2330000000e+03,6.5347490124e-01
2.2330000000e+03,8.0776838106e-01
2.2330000000e+03,7.4542290356e-01
2.2330000000e+03,6.6906772808e-01
2.2330000000e+03,6.1897093580e-01
2.2330000000e+03,9.4843332368e-01
2.2160000000e+03,9.1726591405e-01
2.1840000000e+03,8.4193065363e-01
2.1800000000e+03,7.6076384401e-01
2.1840000000e+03,7.0211431208e-01
2.1810000000e+03,6.4678362937e-01
2.1630000000e+03,6.3487495897e-01
2.1350000000e+03,5.7956942709e-01
2.1010000000e+03,5.2200049927e-01
2.0680000000e+03,5.1844749301e-01
2.0410000000e+03,9.3482895507e-01
2.0250000000e+03,8.6733523342e-01
2.0240000000e+03,7.9187361225e-01
2.0370000000e+03,7.3739977149e-01
2.0590000000e+03,6.7426446813e-01
2.0780000000e+03,6.4132132864e-01
2.0820000000e+03,5.8839599310e-01
2.0670000000e+03,5.4875172242e-01
2.0390000000e+03,5.2497334229e-01
2.0150000000e+03,8.0424018445e-01
2.0040000000e+03,7.7288957710e-01
2.0090000000e+03,7.2299418650e-01
2.0240000000e+03,6.6789938524e-01
2.0420000000e+03,6.0816577248e-01
2.0550000000e+03,7.0765541298e-01
2.0540000000e+03,6.5904426723e-01
2.0370000000e+03,6.0547704435e-01
2.0060000000e+03,5.7854630374e-01
1.9760000000e+03,5.6757563172e-01
1.9570000000e+03,8.0713386234e-01
1.9560000000e+03,7.5875200927e-01
1.9690000000e+03,7.0064865462e-01
1.9910000000e+03,6.4180540852e-01
2.0180000000e+03,5.8847168674e-01
2.0420000000e+03,5.4155311775e-01
2.0540000000e+03,4.9935239525e-01
2.0490000000e+03,4.6593642510e-01
2.0350000000e+03,4.5127508677e-01
2.0310000000e+03,9.2573815845e-01
2.0500000000e+03,8.7864361497e-01
2.0920000000e+03,7.9678504695e-01
2.1430000000e+03,7.3350415739e-01
2.1860000000e+03,6.6191796152e-01
2.2040000000e+03,6.5155547832e-01
2.1800000000e+03,5.8957001225e-01
2.1050000000e+03,5.3413242761e-01
1.9910000000e+03,5.2063740134e-01
1.8720000000e+03,9.3512532694e-01
1.7890000000e+03,8.9266636906e-01
1.7770000000e+03,8.1868608929e-01
1.8450000000e+03,7.4946157689e-01
1.9680000000e+03,6.8391438333e-01
2.1030000000e+03,6.2552384701e-01
2.2050000000e+03,5.7554221725e-01
2.2330000000e+03,5.2049197510e-01
2.2330000000e+03,4.6827001789e-01
2.2100000000e+03,8.1992843243e-01
2.1770000000e+03,8.8924096539e-01
2.1590000000e+03,8.1023828104e-01
2.1610000000e+03,7.3822718177e-01
2.1800000000e+03,6.7834703220e-01
2.2090000000e+03,6.2474564960e-01
2.2330000000e+03,5.7478452439e-01
2.2330000000e+03,5.2168821713e-01
2.2080000000e+03,4.7722107750e-01
2.1300000000e+03,4.4238333257e-01
2.0450000000e+03,9.0953527805e-01
2.0010000000e+03,8.8857212802e-01
2.0260000000e+03,8.1684368748e-01
2.1120000000e+03,7.3361142463e-01
2.2220000000e+03,6.6458696319e-01
2.2330000000e+03,6.5458041146e-01
2.2330000000e+03,5.9098258051e-01
2.2330000000e+03,5.4237444279e-01
2.2330000000e+03,5.0721987615e-01
2.1420000000e+03,9.3330946236e-01
2.0880000000e+03,9.0298464297e-01
2.0990000000e+03,8.2824506675e-01
2.1770000000e+03,7.4876463605e-01
2.2330000000e+03,6.9088699422e-01
2.2330000000e+03,6.2274248204e-01
2.2330000000e+03,5.7264109432e-01
2.2330000000e+03,5.1240603099e-01
2.2330000000e+03,4.6175266679e-01
2.2330000000e+03,6.3097903575e-01
2.0900000000e+03,9.5005844328e-01
1.9570000000e+03,8.8602813394e-01
1.8950000000e+03,8.0904827748e-01
1.9150000000e+03,7.5320403457e-01
1.9920000000e+03,6.7762747503e-01
2.0890000000e+03,6.3000739518e-01
2.1670000000e+03,5.6844654587e-01
2.2060000000e+03,5.1270710120e-01
2.2020000000e+03,4.7478673430e-01
2.1720000000e+03,9.2892011393e-01
2.1360000000e+03,8.8398770042e-01
2.1110000000e+03,8.1210863447e-01
2.1060000000e+03,7.4774171864e-01
2.1200000000e+03,6.7858749538e-01
2.1440000000e+03,6.2026369144e-01
2.1660000000e+03,5.8165101032e-01
2.1690000000e+03,5.3627949012e-01
2.1450000000e+03,5.0012637892e-01
2.0980000000e+03,6.3115072242e-01
2.0470000000e+03,8.6428781967e-01
2.0090000000e+03,7.9858325202e-01
1.9920000000e+03,7.3712840977e-01
1.9960000000e+03,6.8223500751e-01
2.0130000000e+03,6.2417748481e-01
2.0350000000e+03,5.7294048643e-01
2.0500000000e+03,5.2557474365e-01
2.0500000000e+03,4.8763371267e-01
2.0430000000e+03,4.7237522024e-01
2.0470000000e+03,9.1627865996e-01
2.0730000000e+03,8.6536434610e-01
2.1190000000e+03,7.8095091855e-01
2.1720000000e+03,7.1281841674e-01
2.2130000000e+03,6.6103270281e-01
2.2240000000e+03,6.5445680749e-01
2.1900000000e+03,5.9381323963e-01
2.1080000000e+03,5.4082503769e-01
1.9910000000e+03,5.3779064727e-01
1.8700000000e+03,9.3744676633e-01
1.7850000000e+03,8.9273036988e-01
1.7680000000e+03,8.1383495268e-01
1.8260000000e+03,7.3584689444e-01
1.9350000000e+03,6.7510949655e-01
2.0530000000e+03,6.1922291085e-01
2.1390000000e+03,5.7220785100e-01
2.1750000000e+03,5.1573759777e-01
2.1700000000e+03,4.7573739885e-01
2.1520000000e+03,8.0909807685e-01
2.1430000000e+03,8.7823562088e-01
2.1490000000e+03,7.9801752558e-01
2.1670000000e+03,7.2923101427e-01
2.1920000000e+03,6.7563938468e-01
2.2210000000e+03,6.2244675281e-01
2.2330000000e+03,5.8230200295e-01
2.2330000000e+03,5.4368595557e-01
2.2330000000e+03,4.9872618740e-01
2.2180000000e+03,4.5510111659e-01
2.1700000000e+03,9.1962276104e-01
2.1470000000e+03,8.8736510322e-01
2.1680000000e+03,8.0008952542e-01
2.2260000000e+03,7.1782423431e-01
2.2330000000e+03,6.8479772646e-01
2.2330000000e+03,8.2225486558e-01
2.2330000000e+03,7.5753669384e-01
2.2330000000e+03,6.8548178834e-01
2.2330000000e+03,6.3562860716e-01
2.2330000000e+03,9.5068769435e-01
2.2330000000e+03,9.1714564758e-01
2.2330000000e+03,8.3495122727e-01
2.2330000000e+03,7.5082114131e-01
2.2330000000e+03,6.8602611702e-01
2.2330000000e+03,6.3864196387e-01
2.2330000000e+03,6.0916234921e-01
2.2330000000e+03,5.5069510905e-01
2.2330000000e+03,5.0199834766e-01
2.2330000000e+03,6.7273715193e-01
2.2320000000e+03,9.5570978976e-01
2.1470000000e+03,8.8453087462e-01
2.0990000000e+03,8.0567289299e-01
2.0900000000e+03,7.4662887729e-01
2.1040000000e+03,6.7706126003e-01
2.1190000000e+03,6.4278519344e-01
2.1180000000e+03,5.8911302361e-01
2.0920000000e+03,5.4685452244e-01
2.0480000000e+03,5.2044706164e-01
2.0030000000e+03,7.9972926757e-01
1.9680000000e+03,7.6384730004e-01
1.9470000000e+03,7.1888507796e-01
1.9360000000e+03,6.6729838168e-01
1.9270000000e+03,6.1556018624e-01
1.9190000000e+03,7.1956018503e-01
1.9060000000e+03,6.6974343810e-01
1.8860000000e+03,6.1856134253e-01
1.8580000000e+03,5.9187985234e-01
1.8270000000e+03,5.7470960559e-01
1.7930000000e+03,6.2481108145e-01
1.7550000000e+03,5.6243794840e-01
1.7140000000e+03,5.0713440598e-01
1.6760000000e+03,4.5408637871e-01
1.6440000000e+03,4.1291692240e-01
1.6200000000e+03,3.9676901169e-01
1.6020000000e+03,3.8387593598e-01
1.5890000000e+03,3.4568724982e-01
1.5820000000e+03,4.0167905327e-01
1.5780000000e+03,8.3536720610e-01
1.5780000000e+03,7.5568986326e-01
1.5800000000e+03,6.8056300736e-01
1.5820000000e+03,6.0706428608e-01
1.5830000000e+03,5.4621546747e-01
1.5830000000e+03,7.7093473040e-01
1.5820000000e+03,7.4419595879e-01
1.5800000000e+03,6.7811508215e-01
1.5790000000e+03,6.2865687763e-01
1.5790000000e+03,9.0668964891e-01
1.5800000000e+03,8.6585567087e-01
1.5820000000e+03,7.7769092351e-01
1.5850000000e+03,6.9540805060e-01
1.5870000000e+03,6.3376878449e-01
1.5880000000e+03,5.8731455604e-01
1.5870000000e+03,5.6331174905e-01
1.5860000000e+03,5.1316094274e-01
1.5840000000e+03,4.6504964544e-01
1.5840000000e+03,8.5164063245e-01
1.5840000000e+03,8.1104562116e-01
1.5850000000e+03,7.2748011049e-01
1.5860000000e+03,6.6147972005e-01
1.5860000000e+03,6.1337255199e-01
1.5850000000e+03,6.0780628462e-01
1.5840000000e+03,5.9799814330e-01
1.5820000000e+03,5.7650182406e-01
1.5810000000e+03,5.2085958050e-01
1.5790000000e+03,7.1735116276e-01
1.5780000000e+03,8.5686663893e-01
1.5780000000e+03,7.9625595295e-01
1.5780000000e+03,7.1770089657e-01
1.5780000000e+03,6.4501657393e-01
1.5790000000e+03,6.2585181239e-01
1.5790000000e+03,5.8060633584e-01
1.5800000000e+03,5.1887681443e-01
1.5810000000e+03,4.6487634076e-01
1.5810000000e+03,5.1690808403e-01
1.5800000000e+03,5.1329058121e-01
1.5790000000e+03,4.9643624639e-01
1.5770000000e+03,4.6670214729e-01
1.5750000000e+03,4.1738782901e-01
1.5740000000e+03,3.7240856785e-01
1.5720000000e+03,3.5438160708e-01
1.5710000000e+03,3.9383557999e-01
1.5700000000e+03,3.8419107555e-01
1.5680000000e+03,3.7589081130e-01
1.5670000000e+03,6.5178447880e-01
1.5670000000e+03,8.2245067583e-01
1.5670000000e+03,7.5015563733e-01
1.5690000000e+03,6.8569343602e-01
1.5710000000e+03,6.3411228361e-01
1.5730000000e+03,6.5374299231e-01
1.5730000000e+03,6.2546601853e-01
1.5720000000e+03,5.7858636130e-01
1.5700000000e+03,5.3569981533e-01
1.5670000000e+03,5.2095065360e-01
1.5640000000e+03,5.2054273605e-01
1.5630000000e+03,4.7479321053e-01
1.5620000000e+03,4.2510186027e-01
1.5620000000e+03,3.8227090763e-01
1.5620000000e+03,3.4923529333e-01
1.5640000000e+03,3.1693948246e-01
1.5670000000e+03,2.8271098865e-01
1.5710000000e+03,2.5217906739e-01
1.5750000000e+03,2.3569204461e-01
1.5810000000e+03,8.4896216262e-01
1.5900000000e+03,9.4213699442e-01
1.6070000000e+03,8.6593648166e-01
1.6310000000e+03,7.8874484663e-01
1.6580000000e+03,7.1538885305e-01
1.6810000000e+03,6.4328587002e-01
1.6960000000e+03,5.8438264335e-01
1.7050000000e+03,5.2621820112e-01
1.7110000000e+03,4.7481657035e-01
1.7220000000e+03,4.3881568251e-01
1.7380000000e+03,8.1990687975e-01
1.7520000000e+03,7.7752286709e-01
1.7550000000e+03,6.9429614445e-01
1.7420000000e+03,6.3009908815e-01
1.7220000000e+03,5.7971816735e-01
1.7040000000e+03,7.5828464282e-01
1.6910000000e+03,6.8972676012e-01
1.6810000000e+03,6.2879767225e-01
1.6700000000e+03,6.1304496568e-01
1.6560000000e+03,7.3308651237e-01
1.6430000000e+03,7.7497836623e-01
1.6330000000e+03,7.0803108158e-01
1.6250000000e+03,6.3917531861e-01
1.6160000000e+03,5.7885226232e-01
1.6070000000e+03,5.1633799011e-01
1.6000000000e+03,4.6057506793e-01
1.5980000000e+03,4.7547133148e-01
1.6050000000e+03,4.4827702036e-01
1.6200000000e+03,6.6839077985e-01
1.6400000000e+03,9.5512157227e-01
1.6610000000e+03,8.9436548853e-01
1.6800000000e+03,8.1113868897e-01
1.6950000000e+03,7.2611178386e-01
1.7080000000e+03,6.8261851068e-01
1.7150000000e+03,6.6912253428e-01
1.7140000000e+03,6.6144564819e-01
1.7030000000e+03,6.1212441614e-01
1.6860000000e+03,6.1022194763e-01
1.6720000000e+03,8.2073230106e-01
1.6680000000e+03,7.5808249912e-01
1.6790000000e+03,6.8005152304e-01
1.7010000000e+03,6.0937097244e-01
1.7250000000e+03,6.0061547210e-01
1.7430000000e+03,8.5287540686e-01
1.7490000000e+03,7.7630644233e-01
1.7490000000e+03,6.9246772318e-01
1.7520000000e+03,6.1768332904e-01
1.7640000000e+03,8.5451405381e-01
1.7790000000e+03,8.3923639246e-01
1.7890000000e+03,7.5505588617e-01
1.7900000000e+03,6.7642041523e-01
1.7840000000e+03,6.6170644593e-01
1.7760000000e+03,9.5421694604e-01
1.7640000000e+03,8.6118545332e-01
1.7440000000e+03,7.7568719833e-01
1.7150000000e+03,7.0092627628e-01
1.6860000000e+03,8.1741945977e-01
1.6680000000e+03,9.7258399689e-01
1.6680000000e+03,8.9185094027e-01
1.6800000000e+03,7.9633806904e-01
1.6940000000e+03,7.2154452393e-01
1.6970000000e+03,6.4366385083e-01
1.6890000000e+03,5.8314583970e-01
1.6740000000e+03,5.7811220942e-01
1.6580000000e+03,5.4880573227e-01
1.6450000000e+03,4.8953639333e-01
1.6350000000e+03,4.7509789124e-01
1.6260000000e+03,4.4250848521e-01
1.6160000000e+03,4.0907163280e-01
1.6050000000e+03,3.8431303495e-01
1.5950000000e+03,3.7673204166e-01
1.5850000000e+03,6.8283330812e-01
1.5780000000e+03,6.3123679529e-01
1.5740000000e+03,5.7479052164e-01
1.5760000000e+03,6.0605612419e-01
1.5850000000e+03,9.3000250485e-01
1.5990000000e+03,9.0590633959e-01
1.6160000000e+03,8.1686015351e-01
1.6260000000e+03,7.4132309684e-01
1.6250000000e+03,6.6910720176e-01
1.6120000000e+03,6.0483994125e-01
1.5950000000e+03,5.3951907929e-01
1.5840000000e+03,4.9083532998e-01
1.5820000000e+03,4.4042609924e-01
1.5900000000e+03,4.1146917415e-01
1.6030000000e+03,8.9910894976e-01
1.6160000000e+03,8.4767734338e-01
1.6250000000e+03,7.7451434817e-01
1.6260000000e+03,6.9336070579e-01
1.6210000000e+03,6.8804561538e-01
1.6140000000e+03,9.0866144999e-01
1.6070000000e+03,8.3076925464e-01
1.5990000000e+03,7.4550175229e-01
1.5920000000e+03,7.1961191532e-01
1.5870000000e+03,9.6205359914e-01
1.5860000000e+03,9.1862443616e-01
1.5870000000e+03,8.2134471632e-01
1.5860000000e+03,7.3817004908e-01
1.5850000000e+03,6.6508745301e-01
1.5860000000e+03,5.9326004422e-01
1.5950000000e+03,5.2918977568e-01
1.6170000000e+03,4.7203890000e-01
1.6510000000e+03,4.2674691076e-01
1.6930000000e+03,9.2241863080e-01
1.7320000000e+03,9.1951566902e-01
1.7590000000e+03,8.3801438394e-01
1.7720000000e+03,7.4964859305e-01
1.7760000000e+03,6.7715351783e-01
1.7720000000e+03,6.7130520647e-01
1.7630000000e+03,8.4557455391e-01
1.7470000000e+03,7.7329432141e-01
1.7280000000e+03,6.9729196561e-01
1.7070000000e+03,6.2198656805e-01
1.6910000000e+03,9.4884144512e-01
1.6830000000e+03,9.2137716863e-01
1.6840000000e+03,8.2328793503e-01
1.6900000000e+03,7.3616938928e-01
1.6980000000e+03,7.1839799146e-01
1.7020000000e+03,7.1510637640e-01
1.7000000000e+03,6.4735188335e-01
1.6940000000e+03,6.3869425119e-01
1.6910000000e+03,5.9240604030e-01
1.7000000000e+03,9.4483815602e-01
1.7210000000e+03,9.1604998308e-01
1.7520000000e+03,8.2648257160e-01
1.7910000000e+03,7.5225611380e-01
1.8330000000e+03,6.9206675263e-01
1.8690000000e+03,6.7229411438e-01
1.8860000000e+03,6.1068054497e-01
1.8820000000e+03,5.5520740553e-01
1.8600000000e+03,5.0260253884e-01
1.8350000000e+03,6.3416974348e-01
1.8170000000e+03,7.5039173688e-01
1.8060000000e+03,6.9783347001e-01
1.7980000000e+03,6.3317934385e-01
1.7860000000e+03,5.9850605075e-01
1.7700000000e+03,7.3973649176e-01
1.7490000000e+03,7.3043272324e-01
1.7270000000e+03,6.9305408318e-01
1.7060000000e+03,6.2872409298e-01
1.6890000000e+03,6.1670416697e-01
1.6800000000e+03,5.8443683265e-01
1.6770000000e+03,5.3551093278e-01
1.6770000000e+03,4.9162963783e-01
1.6740000000e+03,4.4681268970e-01
1.6620000000e+03,3.9911026107e-01
1.6420000000e+03,3.7314304841e-01
1.6170000000e+03,3.3546086505e-01
1.5940000000e+03,2.9923211862e-01
1.5770000000e+03,2.7153770815e-01
1.5680000000e+03,7.6111655367e-01
1.5660000000e+03,9.4441917289e-01
1.5730000000e+03,8.5565904989e-01
1.5870000000e+03,7.8145930087e-01
1.6070000000e+03,7.1330342665e-01
1.6290000000e+03,6.4529317366e-01
1.6560000000e+03,5.8331793585e-01
1.6880000000e+03,5.6396176060e-01
1.7240000000e+03,5.1194556003e-01
1.7630000000e+03,4.7167372164e-01
1.7970000000e+03,6.7619358547e-01
1.8170000000e+03,6.5566705169e-01
1.8170000000e+03,5.9241635314e-01
1.7980000000e+03,5.2845111744e-01
1.7710000000e+03,5.1953077320e-01
1.7450000000e+03,9.2957895195e-01
1.7220000000e+03,8.5622522214e-01
1.6990000000e+03,7.7412335503e-01
1.6740000000e+03,7.7095954106e-01
1.6490000000e+03,7.6553988547e-01
1.6280000000e+03,7.5811317318e-01
1.6160000000e+03,6.8494885689e-01
1.6100000000e+03,6.3058036651e-01
1.6110000000e+03,5.6345015849e-01
1.6160000000e+03,5.2950442922e-01
1.6280000000e+03,4.7665432154e-01
1.6490000000e+03,4.6204377213e-01
1.6810000000e+03,4.2398862689e-01
1.7200000000e+03,6.1286125668e-01
1.7590000000e+03,9.4327437111e-01
1.7910000000e+03,8.9630044199e-01
1.8150000000e+03,8.1961963737e-01
1.8320000000e+03,7.3348957677e-01
1.8410000000e+03,7.3393956464e-01
1.8350000000e+03,7.2463514491e-01
1.8150000000e+03,6.8831161787e-01
1.7870000000e+03,6.2394214030e-01
1.7600000000e+03,5.7144247155e-01
1.7410000000e+03,5.3181781131e-01
1.7300000000e+03,4.9060730803e-01
1.7260000000e+03,4.5363056769e-01
1.7290000000e+03,4.2201186584e-01
1.7350000000e+03,6.8806425913e-01
1.7400000000e+03,8.7008947307e-01
1.7410000000e+03,8.0114998094e-01
1.7410000000e+03,7.1592724448e-01
1.7460000000e+03,6.4906550805e-01
1.7600000000e+03,8.3038901361e-01
1.7790000000e+03,8.1304028477e-01
1.7920000000e+03,7.4028293204e-01
1.7940000000e+03,6.6968899678e-01
1.7880000000e+03,6.1767136021e-01
1.7770000000e+03,9.4825744524e-01
1.7650000000e+03,8.8641831351e-01
1.7520000000e+03,8.0458393772e-01
1.7380000000e+03,7.2005890626e-01
1.7290000000e+03,6.9798182354e-01
1.7270000000e+03,8.7288385647e-01
1.7360000000e+03,8.3053302269e-01
1.7460000000e+03,7.4887422453e-01
1.7500000000e+03,7.1627582166e-01
1.7400000000e+03,6.6130252395e-01
1.7170000000e+03,5.9011426503e-01
1.6910000000e+03,5.3614085936e-01
1.6680000000e+03,4.8805993007e-01
1.6520000000e+03,4.8017275013e-01
1.6430000000e+03,6.5591945169e-01
1.6390000000e+03,6.2250816927e-01
1.6340000000e+03,5.6274845011e-01
1.6260000000e+03,5.0920329707e-01
1.6160000000e+03,4.6385366111e-01
1.6030000000e+03,8.7474073911e-01
1.5920000000e+03,8.1253524922e-01
1.5860000000e+03,7.2631956224e-01
1.5880000000e+03,7.0109208458e-01
1.6000000000e+03,9.5954721260e-01
1.6200000000e+03,9.2122458190e-01
1.6450000000e+03,8.2777077536e-01
1.6660000000e+03,7.4523365556e-01
1.6770000000e+03,6.6616253594e-01
1.6760000000e+03,6.0096132576e-01
1.6710000000e+03,5.5125176509e-01
1.6700000000e+03,4.9840936316e-01
1.6780000000e+03,4.8003961776e-01
1.6930000000e+03,8.9647534087e-01
1.7140000000e+03,8.5472571210e-01
1.7350000000e+03,7.8651935856e-01
1.7450000000e+03,7.0232086317e-01
1.7390000000e+03,6.2647236007e-01
1.7160000000e+03,6.1067787505e-01
1.6860000000e+03,9.0668232990e-01
1.6560000000e+03,8.2290742533e-01
1.6320000000e+03,7.4894720234e-01
1.6140000000e+03,7.1524313287e-01
1.6030000000e+03,9.4256451253e-01
1.5990000000e+03,9.0627252618e-01
1.6020000000e+03,8.1910555188e-01
1.6080000000e+03,7.4209402303e-01
1.6180000000e+03,6.6697256929e-01
1.6340000000e+03,6.0221360852e-01
1.6570000000e+03,5.3739974987e-01
1.6860000000e+03,6.0833989113e-01
1.7180000000e+03,5.8533251621e-01
1.7480000000e+03,8.2945902468e-01
1.7720000000e+03,8.1682378811e-01
1.7870000000e+03,7.4736726046e-01
1.7960000000e+03,6.7132171370e-01
1.8010000000e+03,6.1494696780e-01
1.8030000000e+03,8.9938840826e-01
1.7980000000e+03,8.8685672467e-01
1.7830000000e+03,8.1797582495e-01
1.7610000000e+03,7.2963694005e-01
1.7390000000e+03,6.6520177301e-01
1.7230000000e+03,7.9055200801e-01
1.7210000000e+03,7.4481894276e-01
1.7330000000e+03,6.7462514687e-01
1.7570000000e+03,6.5962051681e-01
1.7840000000e+03,6.3920280146e-01
1.7990000000e+03,6.3774775719e-01
1.7930000000e+03,5.7784914372e-01
1.7710000000e+03,6.3330369457e-01
1.7480000000e+03,6.0328692281e-01
1.7380000000e+03,9.1378497771e-01
1.7440000000e+03,8.9709398590e-01
1.7620000000e+03,8.1980787712e-01
1.7850000000e+03,7.4482616513e-01
1.8110000000e+03,6.7825167479e-01
1.8340000000e+03,6.6537117816e-01
1.8450000000e+03,6.1107904745e-01
1.8420000000e+03,5.5313552276e-01
1.8290000000e+03,5.0601942809e-01
1.8180000000e+03,6.3240777171e-01
1.8150000000e+03,8.9321536561e-01
1.8130000000e+03,8.4060263300e-01
1.8040000000e+03,7.5917923555e-01
1.7820000000e+03,6.9587925332e-01
1.7520000000e+03,9.5884173261e-01
1.7240000000e+03,9.2227122137e-01
1.7070000000e+03,8.3823139545e-01
1.7020000000e+03,7.8112358824e-01
1.7070000000e+03,7.4336392855e-01
1.7140000000e+03,6.9598138142e-01
1.7160000000e+03,6.3890412242e-01
1.7070000000e+03,6.0970744043e-01
1.6850000000e+03,5.6322860957e-01
1.6530000000e+03,5.1028979914e-01
1.6200000000e+03,4.6313922525e-01
1.5940000000e+03,4.3402134427e-01
1.5790000000e+03,3.9046232736e-01
1.5740000000e+03,4.0844738051e-01
1.5740000000e+03,4.1293543846e-01
1.5720000000e+03,4.1211385080e-01
1.5690000000e+03,3.8409856318e-01
1.5640000000e+03,3.4990786631e-01
1.5600000000e+03,3.1309152448e-01
1.5570000000e+03,5.9861812115e-01
1.5570000000e+03,6.0253577384e-01
1.5560000000e+03,5.5346218432e-01
1.5570000000e+03,5.0422876956e-01
1.5570000000e+03,4.5674107527e-01
1.5570000000e+03,4.3992093384e-01
1.5560000000e+03,4.2133213174e-01
1.5560000000e+03,3.9071654058e-01
1.5550000000e+03,3.4852035036e-01
1.5550000000e+03,4.2238321703e-01
1.5550000000e+03,4.1495326629e-01
1.5560000000e+03,3.9386682736e-01
1.5560000000e+03,3.6552693509e-01
1.5550000000e+03,3.6129466503e-01
1.5550000000e+03,3.5528715259e-01
1.5550000000e+03,3.2892236972e-01
1.5540000000e+03,2.9561631114e-01
1.5540000000e+03,2.8566961468e-01
1.5540000000e+03,2.6101137330e-01
1.5530000000e+03,8.4931420702e-01
1.5540000000e+03,7.9903573336e-01
1.5540000000e+03,7.1688556633e-01
1.5540000000e+03,6.4643007345e-01
1.5550000000e+03,6.0173901048e-01
1.5550000000e+03,5.5783383492e-01
1.5550000000e+03,4.9758948853e-01
1.5550000000e+03,4.5907095167e-01
1.5550000000e+03,4.2324523825e-01
1.5550000000e+03,6.0782205799e-01
1.5560000000e+03,5.6000595311e-01
1.5560000000e+03,5.1514395860e-01
1.5570000000e+03,4.9918455356e-01
1.5570000000e+03,4.7910126347e-01
1.5580000000e+03,7.2423662094e-01
1.5580000000e+03,6.8760689857e-01
1.5580000000e+03,6.1491837404e-01
1.5580000000e+03,5.5711546008e-01
1.5580000000e+03,5.3473757792e-01
1.5590000000e+03,9.3703357833e-01
1.5600000000e+03,8.6411742224e-01
1.5610000000e+03,7.7079538609e-01
1.5620000000e+03,6.8755184415e-01
1.5630000000e+03,6.7673597865e-01
1.5640000000e+03,6.6834093984e-01
1.5640000000e+03,5.9919245349e-01
1.5640000000e+03,5.3448150291e-01
1.5640000000e+03,4.8718176967e-01
1.5630000000e+03,8.4288633694e-01
1.5620000000e+03,7.7879460863e-01
1.5610000000e+03,7.1112134405e-01
1.5610000000e+03,6.3969775005e-01
1.5610000000e+03,5.8736714957e-01
1.5620000000e+03,5.6982755131e-01
1.5610000000e+03,5.2610912986e-01
1.5600000000e+03,4.8242235458e-01
1.5580000000e+03,4.3467104660e-01
1.5570000000e+03,8.5287801175e-01
1.5560000000e+03,8.1581099180e-01
1.5560000000e+03,7.5949537540e-01
1.5560000000e+03,6.8142173092e-01
1.5560000000e+03,6.1229191619e-01
1.5570000000e+03,6.0022887262e-01
1.5580000000e+03,5.6289340461e-01
1.5590000000e+03,5.2290207733e-01
1.5610000000e+03,4.7750228891e-01
1.5630000000e+03,4.5563792121e-01
1.5690000000e+03,4.5206250020e-01
1.5800000000e+03,4.3006990550e-01
1.6040000000e+03,4.0785236169e-01
1.6430000000e+03,3.7889177637e-01
1.7020000000e+03,6.7081719317e-01
1.7700000000e+03,8.0490532920e-01
1.8390000000e+03,7.5259699268e-01
1.9000000000e+03,7.0318341515e-01
1.9530000000e+03,6.4267308713e-01
2.0010000000e+03,6.0448412558e-01
2.0430000000e+03,5.5982907927e-01
2.0760000000e+03,5.1294612803e-01
2.0990000000e+03,4.6871105389e-01
2.1120000000e+03,4.3692701443e-01
2.1150000000e+03,5.8085781691e-01
2.1010000000e+03,5.5974766884e-01
2.0680000000e+03,5.1638809506e-01
2.0260000000e+03,4.8498190288e-01
1.9880000000e+03,4.7414509791e-01
1.9560000000e+03,8.7568275906e-01
1.9180000000e+03,8.0722122782e-01
1.8650000000e+03,7.3619433992e-01
1.8050000000e+03,6.6820724927e-01
1.7670000000e+03,9.5509673410e-01
1.7740000000e+03,9.5067631948e-01
1.8280000000e+03,8.5500247569e-01
1.9090000000e+03,7.7277342306e-01
1.9860000000e+03,6.9913225136e-01
2.0360000000e+03,6.8242843335e-01
2.0520000000e+03,6.2244566504e-01
2.0440000000e+03,5.9419375407e-01
2.0310000000e+03,5.8243291895e-01
2.0240000000e+03,5.5657141658e-01
2.0280000000e+03,7.2788199495e-01
2.0350000000e+03,6.7169626083e-01
2.0390000000e+03,6.0220417062e-01
2.0430000000e+03,5.6851348611e-01
2.0500000000e+03,6.8738852434e-01
2.0580000000e+03,6.5526738220e-01
2.0590000000e+03,5.9320633288e-01
2.0520000000e+03,5.5378236227e-01
2.0460000000e+03,5.0578267492e-01
2.0500000000e+03,7.9499993009e-01
2.0670000000e+03,7.8899442717e-01
2.0920000000e+03,7.1230442844e-01
2.1180000000e+03,6.5535339255e-01
2.1350000000e+03,6.2305155676e-01
2.1320000000e+03,6.3164653354e-01
2.1030000000e+03,5.9179710007e-01
2.0520000000e+03,5.6154338134e-01
1.9960000000e+03,5.2712068665e-01
1.9610000000e+03,7.8993008457e-01
1.9650000000e+03,7.8452020104e-01
2.0070000000e+03,7.0959071292e-01
2.0680000000e+03,6.3428962331e-01
2.1220000000e+03,5.7848141219e-01
2.1450000000e+03,5.5640856487e-01
2.1260000000e+03,5.4881100106e-01
2.0630000000e+03,5.1279553889e-01
1.9740000000e+03,4.7419602133e-01
1.8920000000e+03,7.0913902168e-01
1.8540000000e+03,9.6063624712e-01
1.8790000000e+03,8.9565274032e-01
1.9570000000e+03,8.0069144184e-01
2.0640000000e+03,7.1942791930e-01
2.1690000000e+03,6.4743773255e-01
2.2330000000e+03,6.0018934889e-01
2.2330000000e+03,5.5167175025e-01
2.2330000000e+03,5.2118778389e-01
2.2330000000e+03,4.9054458859e-01
2.2330000000e+03,5.6539153096e-01
2.2060000000e+03,6.5650230022e-01
2.1620000000e+03,6.1024288583e-01
2.1250000000e+03,5.6147202792e-01
2.1010000000e+03,5.5251192298e-01
2.0880000000e+03,5.4371648617e-01
2.0750000000e+03,5.0673566790e-01
2.0610000000e+03,4.5978012863e-01
2.0510000000e+03,4.3294323929e-01
2.0500000000e+03,8.9201043583e-01
2.0570000000e+03,8.6549244080e-01
2.0630000000e+03,7.7850165132e-01
2.0610000000e+03,7.0774068189e-01
2.0560000000e+03,6.5354460461e-01
2.0560000000e+03,6.3445975829e-01
2.0700000000e+03,5.8136117586e-01
2.0920000000e+03,5.4239250633e-01
2.1130000000e+03,5.0000356247e-01
2.1250000000e+03,4.5669071504e-01
2.1260000000e+03,4.4150864476e-01
2.1070000000e+03,4.3990085935e-01
2.0700000000e+03,4.2484529139e-01
2.0230000000e+03,4.0348079469e-01
1.9780000000e+03,4.4244682241e-01
1.9380000000e+03,4.9559696160e-01
1.8950000000e+03,4.8796984984e-01
1.8480000000e+03,4.7265934822e-01
1.8130000000e+03,4.3698478010e-01
1.8110000000e+03,7.8324655513e-01
1.8510000000e+03,8.9092101179e-01
1.9180000000e+03,8.0531367715e-01
1.9920000000e+03,7.2074424113e-01
2.0470000000e+03,6.5126820928e-01
2.0750000000e+03,6.3745385546e-01
2.0730000000e+03,5.8372099168e-01
2.0460000000e+03,5.3293740435e-01
2.0040000000e+03,4.8970750905e-01
1.9660000000e+03,4.8519951174e-01
1.9500000000e+03,9.1337851093e-01
1.9580000000e+03,8.6311634328e-01
1.9830000000e+03,7.7764216656e-01
2.0150000000e+03,7.1110935349e-01
2.0490000000e+03,6.6912807655e-01
2.0780000000e+03,6.4731058306e-01
2.0940000000e+03,5.8822989460e-01
2.1030000000e+03,5.3356905070e-01
2.1070000000e+03,5.0635845543e-01
2.1060000000e+03,4.9985789490e-01
2.0970000000e+03,8.1318600967e-01
2.0830000000e+03,7.6167200630e-01
2.0740000000e+03,6.9070584295e-01
2.0770000000e+03,6.3623322352e-01
2.0880000000e+03,8.0604732763e-01
2.0970000000e+03,7.3801891731e-01
2.1010000000e+03,6.7186496808e-01
2.0960000000e+03,6.1077551485e-01
2.0900000000e+03,7.3348719099e-01
2.0830000000e+03,7.1076936655e-01
2.0720000000e+03,6.5010145902e-01
2.0550000000e+03,5.9536984633e-01
2.0300000000e+03,5.5416936407e-01
1.9950000000e+03,6.0840653199e-01
1.9490000000e+03,6.9288339208e-01
1.8940000000e+03,6.5558867576e-01
1.8410000000e+03,6.0929062693e-01
1.7970000000e+03,5.6794554357e-01
1.7610000000e+03,5.2861540178e-01
1.7250000000e+03,4.7152655672e-01
1.6850000000e+03,4.2103592613e-01
1.6470000000e+03,3.8704248911e-01
1.6140000000e+03,3.5364622794e-01
1.5920000000e+03,3.2429992885e-01
1.5770000000e+03,2.9454697591e-01
1.5700000000e+03,2.7608152544e-01
1.5670000000e+03,2.5140037288e-01
1.5650000000e+03,2.4012181409e-01
1.5640000000e+03,2.2168620759e-01
1.5650000000e+03,1.9951351963e-01
1.5660000000e+03,1.8274339333e-01
1.5690000000e+03,1.7644550080e-01
1.5740000000e+03,1.5816614318e-01
1.5860000000e+03,1.4108468393e-01
1.6090000000e+03,1.2718387005e-01
1.6480000000e+03,1.4286264845e-01
1.7070000000e+03,6.8220278727e-01
1.7790000000e+03,8.6308314028e-01
1.8570000000e+03,7.9370845758e-01
1.9330000000e+03,7.2298743499e-01
2.0040000000e+03,6.6958682217e-01
2.0640000000e+03,6.1039269271e-01
2.1040000000e+03,5.6678643960e-01
2.1210000000e+03,5.4057146014e-01
2.1220000000e+03,5.2984754229e-01
2.1190000000e+03,4.7731103083e-01
2.1180000000e+03,5.3371856917e-01
2.1150000000e+03,5.1211286782e-01
2.1110000000e+03,4.6986894776e-01
2.1070000000e+03,4.3028593959e-01
2.1030000000e+03,8.3721194737e-01
2.0930000000e+03,8.0647745182e-01
2.0610000000e+03,7.3657882769e-01
2.0050000000e+03,6.6271646122e-01
1.9380000000e+03,6.0669320116e-01
1.8940000000e+03,8.9085593139e-01
1.8910000000e+03,8.8930317662e-01
1.9270000000e+03,8.0248511395e-01
1.9810000000e+03,7.1714280688e-01
2.0260000000e+03,6.6710195538e-01
2.0540000000e+03,6.5636572094e-01
2.0650000000e+03,6.2264158805e-01
2.0670000000e+03,5.7806786215e-01
2.0710000000e+03,5.3422883451e-01
2.0770000000e+03,5.2374071499e-01
2.0830000000e+03,6.0365260728e-01
2.0850000000e+03,5.8038898051e-01
2.0850000000e+03,5.2750892745e-01
2.0870000000e+03,5.0990174382e-01
2.0950000000e+03,4.8789999692e-01
2.1060000000e+03,4.7582716346e-01
2.1120000000e+03,4.5809597225e-01
2.1170000000e+03,4.5278935819e-01
2.1250000000e+03,4.2297315997e-01
2.1340000000e+03,6.3124779938e-01
2.1340000000e+03,7.8007480825e-01
2.1220000000e+03,7.1681652020e-01
2.1060000000e+03,6.4562367350e-01
2.0980000000e+03,7.2437810761e-01
2.1060000000e+03,7.0885819735e-01
2.1260000000e+03,6.4973178247e-01
2.1510000000e+03,6.0464077429e-01
2.1740000000e+03,5.6276352108e-01
2.1950000000e+03,5.5412974682e-01
2.2140000000e+03,6.5610022370e-01
2.2290000000e+03,6.1042253787e-01
2.2330000000e+03,5.5749837536e-01
2.2330000000e+03,5.1885518385e-01
2.2150000000e+03,5.8793822883e-01
2.1770000000e+03,5.6999449678e-01
2.1220000000e+03,5.5296508995e-01
2.0630000000e+03,5.1905565988e-01
2.0200000000e+03,4.8477790729e-01
2.0150000000e+03,9.3027227215e-01
2.0560000000e+03,8.7325958716e-01
2.1280000000e+03,7.8050367562e-01
2.2130000000e+03,7.1144387234e-01
2.2330000000e+03,6.8971849260e-01
2.2330000000e+03,6.4724547015e-01
2.2330000000e+03,5.8921499896e-01
2.2330000000e+03,5.7239561900e-01
2.2330000000e+03,5.6178968222e-01
2.2330000000e+03,5.2608554276e-01
2.2210000000e+03,5.1449422215e-01
2.1610000000e+03,4.8619655446e-01
2.1230000000e+03,4.8429288924e-01
2.1170000000e+03,4.7713737058e-01
2.1360000000e+03,4.8448824244e-01
2.1670000000e+03,4.6303423337e-01
2.1960000000e+03,4.5713521362e-01
2.2170000000e+03,4.4700862964e-01
2.2330000000e+03,5.7693436256e-01
2.2330000000e+03,6.2451038649e-01
2.2330000000e+03,5.6728269052e-01
2.2330000000e+03,5.1456820616e-01
2.2330000000e+03,4.7684083420e-01
2.2330000000e+03,4.5473798760e-01
2.2330000000e+03,4.1788149786e-01
2.2330000000e+03,3.9644510105e-01
2.2330000000e+03,7.0844874421e-01
2.2330000000e+03,6.8650322314e-01
2.2330000000e+03,6.2616957592e-01
2.2330000000e+03,5.8562458251e-01
2.2330000000e+03,5.4997641301e-01
2.2330000000e+03,6.2193939620e-01
2.2330000000e+03,5.9019339555e-01
2.2200000000e+03,5.8879714567e-01
2.1880000000e+03,5.5501407867e-01
2.1410000000e+03,5.0882975000e-01
2.0910000000e+03,4.7130911173e-01
2.0590000000e+03,6.7643754303e-01
2.0640000000e+03,8.1364446031e-01
2.1010000000e+03,7.3375877261e-01
2.1540000000e+03,6.5893644450e-01
2.1980000000e+03,6.1722777966e-01
2.2280000000e+03,6.0431557204e-01
2.2330000000e+03,5.5976294684e-01
2.2330000000e+03,5.2043839646e-01
2.2170000000e+03,5.6899070878e-01
2.1870000000e+03,5.5835167999e-01
2.1600000000e+03,6.2304743233e-01
2.1510000000e+03,6.0395254314e-01
2.1690000000e+03,5.5050452769e-01
2.2070000000e+03,5.4984577644e-01
2.2330000000e+03,5.3706479238e-01
2.2330000000e+03,5.3643955219e-01
2.2330000000e+03,4.9500678707e-01
2.2330000000e+03,4.6725301830e-01
2.2330000000e+03,4.5709781504e-01
2.2330000000e+03,4.8577538390e-01
2.2330000000e+03,5.2730133531e-01
2.2330000000e+03,5.0009040574e-01
2.2330000000e+03,4.6356097149e-01
2.2330000000e+03,6.3890689587e-01
2.2330000000e+03,6.7859568746e-01
2.2330000000e+03,6.3437732059e-01
2.2330000000e+03,5.9353010332e-01
2.1240000000e+03,5.8237631606e-01
1.9900000000e+03,5.6250112585e-01
1.8660000000e+03,5.3862461098e-01
1.7680000000e+03,5.1316792618e-01
1.7010000000e+03,4.6356771225e-01
1.6640000000e+03,4.2636257860e-01
1.6470000000e+03,3.9638910314e-01
1.6390000000e+03,3.7255602775e-01
1.6320000000e+03,3.4070910332e-01
1.6260000000e+03,3.1104568778e-01
1.6200000000e+03,4.0586817718e-01
1.6180000000e+03,9.1794563301e-01
1.6240000000e+03,8.7700765053e-01
1.6370000000e+03,7.8532538605e-01
1.6510000000e+03,7.0632544065e-01
1.6600000000e+03,6.3508950174e-01
1.6570000000e+03,5.7952373452e-01
1.6420000000e+03,5.2207156584e-01
1.6200000000e+03,4.8513222610e-01
1.5990000000e+03,5.9129185693e-01
1.5840000000e+03,6.8991294472e-01
1.5750000000e+03,6.4282740936e-01
1.5720000000e+03,5.8713147307e-01
1.5730000000e+03,5.3017777448e-01
1.5770000000e+03,4.7813963154e-01
1.5860000000e+03,4.4127109032e-01
1.6030000000e+03,4.2394476257e-01
1.6300000000e+03,3.8585050780e-01
1.6660000000e+03,3.5746457187e-01
1.7070000000e+03,8.3795732090e-01
1.7480000000e+03,8.3505916534e-01
1.7860000000e+03,7.6474138698e-01
1.8180000000e+03,7.0383650476e-01
1.8390000000e+03,6.4572554037e-01
1.8460000000e+03,5.9780050055e-01
1.8410000000e+03,5.5571629912e-01
1.8320000000e+03,5.1567942472e-01
1.8350000000e+03,4.7628089230e-01
1.8590000000e+03,4.6194003736e-01
1.9060000000e+03,5.5517550671e-01
1.9680000000e+03,5.2947811516e-01
2.0280000000e+03,4.8653623500e-01
2.0670000000e+03,4.5265307938e-01
2.0770000000e+03,5.2085669694e-01
2.0610000000e+03,6.6479931378e-01
2.0240000000e+03,6.1485631157e-01
1.9670000000e+03,5.6477512783e-01
1.8850000000e+03,5.3542096515e-01
1.7870000000e+03,9.1471638291e-01
1.6950000000e+03,8.9163180178e-01
1.6280000000e+03,8.1418311548e-01
1.5980000000e+03,7.3522230633e-01
1.6010000000e+03,6.6578967839e-01
1.6300000000e+03,6.1505036070e-01
1.6690000000e+03,5.6483305374e-01
1.7030000000e+03,5.0844626454e-01
1.7190000000e+03,4.6354194249e-01
1.7110000000e+03,8.9948173215e-01
1.6870000000e+03,9.6237389333e-01
1.6560000000e+03,8.7792970584e-01
1.6260000000e+03,7.9259843816e-01
1.6020000000e+03,7.2013472965e-01
1.5860000000e+03,6.5709840086e-01
1.5830000000e+03,6.1066676341e-01
1.6030000000e+03,5.4786257263e-01
1.6580000000e+03,4.9107971293e-01
1.7510000000e+03,4.4639405660e-01
1.8750000000e+03,8.0443498878e-01
2.0060000000e+03,7.8397522778e-01
2.1210000000e+03,7.2261872196e-01
2.2020000000e+03,6.5180377209e-01
2.2330000000e+03,5.8277227383e-01
2.2330000000e+03,5.1992510479e-01
2.2290000000e+03,4.8347920204e-01
2.1860000000e+03,4.5235898537e-01
2.1350000000e+03,5.8971053128e-01
2.0860000000e+03,9.2863904578e-01
2.0460000000e+03,9.0638434294e-01
2.0180000000e+03,8.3963947030e-01
2.0010000000e+03,7.5162729348e-01
1.9890000000e+03,6.7970421741e-01
1.9770000000e+03,6.0698833723e-01
1.9580000000e+03,5.4144966377e-01
1.9310000000e+03,4.8660900798e-01
1.8960000000e+03,4.3405672485e-01
1.8580000000e+03,8.5690653939e-01
1.8270000000e+03,9.8063440598e-01
1.8130000000e+03,9.1051521067e-01
1.8180000000e+03,8.1981223176e-01
1.8370000000e+03,7.3783592343e-01
1.8620000000e+03,6.6299961155e-01
1.8870000000e+03,5.9270108839e-01
1.9070000000e+03,5.2990094023e-01
1.9240000000e+03,4.7696327339e-01
1.9400000000e+03,5.1395436915e-01
1.9550000000e+03,6.1689847503e-01
1.9680000000e+03,6.0469363934e-01
1.9750000000e+03,5.5311523907e-01
1.9730000000e+03,5.2399210902e-01
1.9630000000e+03,4.8820040624e-01
1.9480000000e+03,5.2419916848e-01
1.9300000000e+03,4.8643825010e-01
1.9090000000e+03,4.4154813427e-01
1.8870000000e+03,4.2655904250e-01
1.8650000000e+03,8.3100348039e-01
1.8450000000e+03,8.2074779425e-01
1.8290000000e+03,7.5939928543e-01
1.8140000000e+03,7.0453286088e-01
1.7940000000e+03,6.5274748822e-01
1.7610000000e+03,6.1206368371e-01
1.7160000000e+03,5.6955619334e-01
1.6710000000e+03,5.2928561933e-01
1.6430000000e+03,5.0021820661e-01
1.6510000000e+03,4.7680476931e-01
1.7030000000e+03,7.5831282149e-01
1.7920000000e+03,7.1983072956e-01
1.8970000000e+03,6.6272116883e-01
1.9870000000e+03,6.0297622260e-01
2.0360000000e+03,5.9030648470e-01
2.0390000000e+03,6.1848180314e-01
1.9990000000e+03,5.7806263095e-01
1.9250000000e+03,5.2517023684e-01
1.8280000000e+03,5.1984053195e-01
1.7280000000e+03,9.2516020861e-01
1.6480000000e+03,8.9761077054e-01
1.6000000000e+03,8.1978208747e-01
1.5860000000e+03,7.4554392512e-01
1.5980000000e+03,6.6697680508e-01
1.6280000000e+03,6.0290891332e-01
1.6680000000e+03,5.5967923486e-01
1.7070000000e+03,5.0877735176e-01
1.7380000000e+03,4.5556640523e-01
1.7540000000e+03,7.0750784515e-01
1.7530000000e+03,8.8049510359e-01
1.7380000000e+03,8.0288992380e-01
1.7110000000e+03,7.3336588410e-01
1.6770000000e+03,6.8589172176e-01
1.6420000000e+03,6.4583381385e-01
1.6150000000e+03,6.0168372655e-01
1.6120000000e+03,5.4990460610e-01
1.6470000000e+03,5.1115194889e-01
1.7300000000e+03,5.0022239261e-01
1.8570000000e+03,6.9049597881e-01
2.0030000000e+03,6.5030860165e-01
2.1350000000e+03,5.8830175553e-01
2.2250000000e+03,5.3208876136e-01
2.2330000000e+03,4.7888305058e-01
2.2330000000e+03,4.2759360866e-01
2.2330000000e+03,3.8870400817e-01
2.1890000000e+03,3.7172942696e-01
2.1360000000e+03,3.5832684044e-01
2.0860000000e+03,8.7007539356e-01
2.0450000000e+03,8.9218760390e-01
2.0150000000e+03,8.3405607664e-01
1.9960000000e+03,7.5475537932e-01
1.9830000000e+03,6.7591858993e-01
1.9700000000e+03,6.0420229850e-01
1.9550000000e+03,5.3895030000e-01
1.9330000000e+03,4.8074531757e-01
1.9030000000e+03,4.2882629505e-01
1.8700000000e+03,8.1582911320e-01
1.8410000000e+03,9.7507518087e-01
1.8260000000e+03,9.0633857708e-01
1.8310000000e+03,8.1742309416e-01
1.8580000000e+03,7.3410241197e-01
1.9050000000e+03,7.0072118486e-01
1.9670000000e+03,6.8635898513e-01
2.0340000000e+03,6.2691687280e-01
2.0940000000e+03,6.1995584985e-01
2.1440000000e+03,5.8845087235e-01
2.1880000000e+03,5.6045250231e-01
2.2330000000e+03,5.4687226392e-01
2.2330000000e+03,5.1946847390e-01
2.2330000000e+03,4.8327732189e-01
2.2330000000e+03,4.3274450579e-01
2.2330000000e+03,4.0987684464e-01
2.2330000000e+03,3.7499712037e-01
2.2330000000e+03,3.4975759172e-01
2.2110000000e+03,3.1500487867e-01
2.0960000000e+03,9.0729599124e-01
1.9950000000e+03,8.8589757769e-01
1.9370000000e+03,8.0548412003e-01
1.9340000000e+03,7.3470148344e-01
1.9710000000e+03,6.8045935633e-01
2.0200000000e+03,6.3369944445e-01
2.0510000000e+03,5.9242329242e-01
2.0500000000e+03,5.4150880554e-01
2.0210000000e+03,4.9908719676e-01
1.9870000000e+03,4.8985881536e-01
1.9740000000e+03,5.9976988556e-01
1.9890000000e+03,5.7335235801e-01
2.0250000000e+03,5.3959082084e-01
2.0600000000e+03,4.9949251013e-01
2.0810000000e+03,6.4644191178e-01
2.0810000000e+03,7.5067195272e-01
2.0570000000e+03,6.8906557336e-01
2.0080000000e+03,6.3757905792e-01
1.9370000000e+03,6.0212653613e-01
1.8650000000e+03,8.7571398549e-01
1.8190000000e+03,8.4577645431e-01
1.8140000000e+03,7.6828504742e-01
1.8360000000e+03,6.9972959667e-01
1.8540000000e+03,6.2656657129e-01
1.8440000000e+03,5.6670195073e-01
1.8010000000e+03,5.3769225689e-01
1.7420000000e+03,5.0109291755e-01
1.6920000000e+03,6.1201046613e-01
1.6720000000e+03,9.1963452662e-01
1.6810000000e+03,8.8412618475e-01
1.7090000000e+03,8.1016680945e-01
1.7380000000e+03,7.3321775610e-01
1.7530000000e+03,6.6840873868e-01
1.7450000000e+03,6.1092726874e-01
1.7180000000e+03,5.7050948515e-01
1.6860000000e+03,5.2406572316e-01
1.6740000000e+03,4.7382442740e-01
1.7060000000e+03,4.4659806118e-01
1.7910000000e+03,6.0532495260e-01
1.9190000000e+03,5.9563407062e-01
2.0590000000e+03,5.5703992833e-01
2.1780000000e+03,5.1342733783e-01
2.2330000000e+03,4.5797875718e-01
2.2330000000e+03,4.1136627881e-01
2.2330000000e+03,3.6768833503e-01
2.2170000000e+03,3.3119864051e-01
2.1590000000e+03,3.0036789343e-01
2.1020000000e+03,9.0531509070e-01
2.0530000000e+03,9.0346401279e-01
2.0190000000e+03,8.4759513965e-01
1.9990000000e+03,7.6457493578e-01
1.9870000000e+03,6.8872119036e-01
1.9750000000e+03,6.1565182144e-01
1.9570000000e+03,5.5148551123e-01
1.9300000000e+03,4.9192676437e-01
1.8910000000e+03,4.3880017982e-01
1.8480000000e+03,7.9996464407e-01
1.8120000000e+03,9.7292815845e-01
1.7950000000e+03,9.0642312474e-01
1.8020000000e+03,8.2129803015e-01
1.8270000000e+03,7.4170768818e-01
1.8610000000e+03,6.6288245191e-01
1.8910000000e+03,5.9378773419e-01
1.9130000000e+03,5.3530801208e-01
1.9270000000e+03,4.7921519393e-01
1.9370000000e+03,4.8715253712e-01
1.9460000000e+03,7.0654586783e-01
1.9540000000e+03,6.6777202881e-01
1.9580000000e+03,6.1534594395e-01
1.9550000000e+03,5.6200067902e-01
1.9430000000e+03,5.1116871019e-01
1.9260000000e+03,4.9974561016e-01
1.9070000000e+03,4.9762376918e-01
1.8890000000e+03,4.5561916171e-01
1.8710000000e+03,4.1677677553e-01
1.8590000000e+03,9.2106931973e-01
1.8590000000e+03,8.9286732273e-01
1.8720000000e+03,8.1714618221e-01
1.8920000000e+03,7.6363095742e-01
1.9060000000e+03,7.0539439579e-01
1.9000000000e+03,6.4459161284e-01
1.8690000000e+03,5.9439253815e-01
1.8210000000e+03,5.4865133255e-01
1.7800000000e+03,5.0704674193e-01
1.7750000000e+03,6.4643391166e-01
1.8210000000e+03,6.4042084945e-01
1.9070000000e+03,5.9636961505e-01
1.9970000000e+03,5.3809707801e-01
2.0570000000e+03,5.0216783848e-01
2.0740000000e+03,6.3225107160e-01
2.0580000000e+03,9.5023059462e-01
2.0220000000e+03,8.7956494109e-01
1.9690000000e+03,8.0141382291e-01
1.8980000000e+03,7.2971274221e-01
1.8200000000e+03,9.3099078780e-01
1.7610000000e+03,8.9953661445e-01
1.7400000000e+03,8.1782382895e-01
1.7560000000e+03,7.4493068158e-01
1.7880000000e+03,6.6646973519e-01
1.8160000000e+03,6.4044019272e-01
1.8320000000e+03,6.0725535386e-01
1.8350000000e+03,5.4609507764e-01
1.8310000000e+03,5.0236903938e-01
1.8220000000e+03,8.7767603178e-01
1.8120000000e+03,9.3156181148e-01
1.8020000000e+03,8.4894719730e-01
1.7880000000e+03,7.7038132879e-01
1.7660000000e+03,7.1876948945e-01
1.7320000000e+03,6.7210127526e-01
1.6910000000e+03,6.1141475179e-01
1.6570000000e+03,5.6832576081e-01
1.6480000000e+03,5.1863636201e-01
1.6800000000e+03,4.8882124510e-01
1.7620000000e+03,9.3037008062e-01
1.8820000000e+03,8.6164011763e-01
2.0140000000e+03,7.7844014056e-01
2.1300000000e+03,6.9629040856e-01
2.2110000000e+03,6.2109317610e-01
2.2330000000e+03,5.6071693533e-01
2.2330000000e+03,5.0024054780e-01
2.2120000000e+03,4.5045446234e-01
2.1550000000e+03,4.0604842703e-01
2.0900000000e+03,8.4017490615e-01
2.0340000000e+03,9.2175918032e-01
1.9930000000e+03,8.5847752360e-01
1.9700000000e+03,7.7791940846e-01
1.9570000000e+03,7.0105603929e-01
1.9450000000e+03,6.2875146625e-01
1.9270000000e+03,5.6863040810e-01
1.9010000000e+03,5.1355331243e-01
1.8670000000e+03,4.7086395667e-01
1.8320000000e+03,9.2838922371e-01
1.8060000000e+03,9.9030853531e-01
1.7970000000e+03,9.1829765772e-01
1.8070000000e+03,8.2713883791e-01
1.8310000000e+03,7.4485601443e-01
1.8590000000e+03,6.6539092306e-01
1.8820000000e+03,6.0153048156e-01
1.8950000000e+03,5.5181376750e-01
1.9010000000e+03,5.0186386126e-01
1.9050000000e+03,4.6410183895e-01
1.9130000000e+03,9.2747407059e-01
1.9270000000e+03,8.7650947987e-01
1.9440000000e+03,7.9784553402e-01
1.9600000000e+03,7.2811948085e-01
1.9680000000e+03,6.5616184934e-01
1.9680000000e+03,5.9439763578e-01
1.9610000000e+03,5.3648163626e-01
1.9510000000e+03,4.8420278171e-01
1.9390000000e+03,4.5383445556e-01
1.9310000000e+03,8.8847981122e-01
1.9300000000e+03,9.3435223846e-01
1.9380000000e+03,8.6818654972e-01
1.9540000000e+03,7.9626311874e-01
1.9800000000e+03,7.2617746293e-01
2.0150000000e+03,6.6264602565e-01
2.0540000000e+03,6.0562905151e-01
2.0880000000e+03,5.5959051777e-01
2.1110000000e+03,5.1244860477e-01
2.1290000000e+03,4.7543001059e-01
2.1550000000e+03,9.1708866512e-01
2.1950000000e+03,8.6966276759e-01
2.2330000000e+03,7.9240602804e-01
2.2330000000e+03,7.1694888737e-01
2.2330000000e+03,6.5362369614e-01
2.2330000000e+03,6.3915084639e-01
2.2330000000e+03,5.7840565931e-01
2.1720000000e+03,5.2652488714e-01
2.0420000000e+03,5.4611733086e-01
1.9100000000e+03,9.3857366042e-01
1.8160000000e+03,8.9329360527e-01
1.7940000000e+03,8.1837741085e-01
1.8530000000e+03,7.4095128712e-01
1.9700000000e+03,6.7675246411e-01
2.1010000000e+03,6.2045238998e-01
2.2010000000e+03,5.7245290535e-01
2.2330000000e+03,5.1337563455e-01
2.2330000000e+03,4.6591224110e-01
2.1970000000e+03,8.1501730764e-01
2.1560000000e+03,8.7540791194e-01
2.1310000000e+03,7.9980467487e-01
2.1310000000e+03,7.2583441414e-01
2.1540000000e+03,6.7153398792e-01
2.1910000000e+03,6.2153910814e-01
2.2280000000e+03,5.7095438469e-01
2.2330000000e+03,5.1827518176e-01
2.2060000000e+03,4.7090313501e-01
2.1250000000e+03,4.4041419060e-01
2.0320000000e+03,9.1836779133e-01
1.9790000000e+03,8.9457186296e-01
1.9990000000e+03,8.1340840453e-01
2.0880000000e+03,7.3329124079e-01
2.2060000000e+03,6.7162777356e-01
2.2330000000e+03,6.7129757276e-01
2.2330000000e+03,6.1130940561e-01
2.2330000000e+03,5.5776060580e-01
2.2330000000e+03,5.3551787880e-01
2.1450000000e+03,9.3713918057e-01
2.0790000000e+03,9.0725166180e-01
2.0800000000e+03,8.2905501020e-01
2.1490000000e+03,7.5029178132e-01
2.2330000000e+03,6.9197768873e-01
2.2330000000e+03,6.2568037834e-01
2.2330000000e+03,5.7518381173e-01
2.2330000000e+03,5.1502975865e-01
2.2330000000e+03,4.6445030054e-01
2.2330000000e+03,6.5483928501e-01
2.0610000000e+03,9.5328757687e-01
1.9170000000e+03,8.8923251893e-01
1.8470000000e+03,8.1168186355e-01
1.8670000000e+03,7.5223065115e-01
1.9540000000e+03,6.7972651902e-01
2.0670000000e+03,6.3218237399e-01
2.1620000000e+03,5.7305281059e-01
2.2130000000e+03,5.1628890817e-01
2.2160000000e+03,4.8044226823e-01
2.1870000000e+03,9.2530474885e-01
2.1490000000e+03,8.7829075644e-01
2.1210000000e+03,8.0862708366e-01
2.1110000000e+03,7.4317256413e-01
2.1200000000e+03,6.7974865820e-01
2.1430000000e+03,6.2547720666e-01
2.1660000000e+03,5.8163860351e-01
2.1720000000e+03,5.3956866380e-01
2.1490000000e+03,4.9845244226e-01
2.1050000000e+03,5.8844322490e-01
2.0550000000e+03,8.7676414996e-01
2.0180000000e+03,8.0974903105e-01
2.0010000000e+03,7.4442937041e-01
2.0050000000e+03,6.8921562823e-01
2.0200000000e+03,6.3068201955e-01
2.0370000000e+03,5.7845726724e-01
2.0450000000e+03,5.3690139017e-01
2.0400000000e+03,4.9795055653e-01
2.0310000000e+03,4.8518457531e-01
2.0370000000e+03,9.0481233174e-01
2.0680000000e+03,8.5563278247e-01
2.1210000000e+03,7.7427250046e-01
2.1790000000e+03,7.0824871220e-01
2.2210000000e+03,6.5134453225e-01
2.2290000000e+03,6.3988916825e-01
2.1930000000e+03,5.8118019782e-01
2.1090000000e+03,5.2371371575e-01
1.9910000000e+03,5.5506779355e-01
1.8690000000e+03,9.3978497382e-01
1.7840000000e+03,8.9683588490e-01
1.7660000000e+03,8.1923158175e-01
1.8280000000e+03,7.4550175616e-01
1.9450000000e+03,6.8494597222e-01
2.0740000000e+03,6.2680724019e-01
2.1690000000e+03,5.7748026629e-01
2.2090000000e+03,5.1873772736e-01
2.2000000000e+03,4.7317411618e-01
2.1720000000e+03,8.5048673996e-01
2.1490000000e+03,8.6814353130e-01
2.1420000000e+03,7.9333462304e-01
2.1520000000e+03,7.2464619488e-01
2.1730000000e+03,6.7079526384e-01
2.2010000000e+03,6.1997940667e-01
2.2310000000e+03,5.7942116112e-01
2.2330000000e+03,5.3935069633e-01
2.2330000000e+03,4.9793327730e-01
2.2180000000e+03,4.5403741607e-01
2.1870000000e+03,8.9408915905e-01
2.1840000000e+03,8.7220054651e-01
2.2230000000e+03,7.9360896156e-01
2.2330000000e+03,7.1588509508e-01
2.2330000000e+03,6.6472125072e-01
2.2330000000e+03,8.2490545970e-01
2.2330000000e+03,7.6921101729e-01
2.2330000000e+03,7.0075414310e-01
2.2330000000e+03,6.5143114321e-01
2.2330000000e+03,9.5282633504e-01
2.2330000000e+03,9.1820611700e-01
2.2290000000e+03,8.3619704168e-01
2.2280000000e+03,7.5567920230e-01
2.2300000000e+03,6.9800518147e-01
2.2220000000e+03,6.4842003437e-01
2.1990000000e+03,6.2307005897e-01
2.1670000000e+03,5.6748474016e-01
2.1320000000e+03,5.1413368619e-01
2.0960000000e+03,6.1640120607e-01
2.0650000000e+03,9.4808554857e-01
2.0420000000e+03,8.8127227481e-01
2.0330000000e+03,8.0328551628e-01
2.0410000000e+03,7.4577668960e-01
2.0600000000e+03,6.7761852005e-01
2.0800000000e+03,6.3969670685e-01
2.0860000000e+03,5.8626289602e-01
2.0730000000e+03,5.4468867582e-01
2.0480000000e+03,5.1319940183e-01
2.0270000000e+03,8.0867589915e-01
2.0180000000e+03,7.7409624979e-01
2.0220000000e+03,7.2961008406e-01
2.0360000000e+03,6.7449885352e-01
2.0550000000e+03,6.1510730888e-01
2.0700000000e+03,7.1666360304e-01
2.0700000000e+03,6.6866115088e-01
2.0530000000e+03,6.1540753282e-01
2.0220000000e+03,5.8988275038e-01
1.9920000000e+03,5.7965600861e-01
1.9750000000e+03,8.2230139597e-01
1.9740000000e+03,7.6936708231e-01
1.9860000000e+03,7.0879914319e-01
2.0030000000e+03,6.4978901823e-01
2.0250000000e+03,5.9649109419e-01
2.0450000000e+03,5.4625203027e-01
2.0560000000e+03,5.0678805621e-01
2.0560000000e+03,4.7462900493e-01
2.0500000000e+03,4.4691900468e-01
2.0540000000e+03,9.1823372667e-01
2.0780000000e+03,8.7523929969e-01
2.1230000000e+03,7.9448428505e-01
2.1730000000e+03,7.2738165761e-01
2.2110000000e+03,6.6230324569e-01
2.2190000000e+03,6.4674333861e-01
2.1850000000e+03,5.8593192677e-01
2.1050000000e+03,5.3316372153e-01
1.9890000000e+03,5.2798095468e-01
1.8700000000e+03,9.3611916881e-01
1.7840000000e+03,8.9131953350e-01
1.7670000000e+03,8.1951627737e-01
1.8310000000e+03,7.5105703615e-01
1.9570000000e+03,6.8797347425e-01
2.0990000000e+03,6.3199186583e-01
2.2070000000e+03,5.8219036520e-01
2.2330000000e+03,5.2483629891e-01
2.2330000000e+03,4.8129756737e-01
2.1990000000e+03,8.4308032335e-01
2.1610000000e+03,9.1197107503e-01
2.1420000000e+03,8.3009969689e-01
2.1470000000e+03,7.5750047631e-01
2.1680000000e+03,7.0110708259e-01
2.1990000000e+03,6.4753714061e-01
2.2310000000e+03,5.9716521599e-01
2.2330000000e+03,5.4642197891e-01
2.2150000000e+03,4.9866580415e-01
2.1470000000e+03,4.5980027241e-01
2.0690000000e+03,9.2689191686e-01
2.0220000000e+03,9.0348857621e-01
2.0340000000e+03,8.3207155153e-01
2.1020000000e+03,7.4748064246e-01
2.1960000000e+03,6.9704098789e-01
2.2330000000e+03,7.5221867022e-01
2.2330000000e+03,6.7730847059e-01
2.2330000000e+03,6.1482177640e-01
2.2250000000e+03,5.7144863014e-01
2.1390000000e+03,9.4200187898e-01
2.0840000000e+03,9.1029363514e-01
2.0890000000e+03,8.3064075145e-01
2.1590000000e+03,7.5741373426e-01
2.2330000000e+03,7.0342259129e-01
2.2330000000e+03,6.3395262982e-01
2.2330000000e+03,5.8481705880e-01
2.2330000000e+03,5.2224670288e-01
2.2330000000e+03,4.7365285073e-01
2.2020000000e+03,6.1634557878e-01
2.0240000000e+03,9.4807802024e-01
1.8830000000e+03,8.8408889709e-01
1.8230000000e+03,8.0828328954e-01
1.8550000000e+03,7.4862151948e-01
1.9520000000e+03,6.7736671320e-01
2.0680000000e+03,6.2986649623e-01
2.1610000000e+03,5.7114260508e-01
2.2060000000e+03,5.1621720608e-01
2.2050000000e+03,4.7569400806e-01
2.1750000000e+03,9.2904290008e-01
2.1410000000e+03,8.8184866698e-01
2.1180000000e+03,8.2262181603e-01
2.1150000000e+03,7.5580385609e-01
2.1300000000e+03,6.9030889674e-01
2.1580000000e+03,6.3520036339e-01
2.1860000000e+03,5.8669292089e-01
2.1950000000e+03,5.3991032091e-01
2.1720000000e+03,5.0325705296e-01
2.1210000000e+03,6.2886344028e-01
2.0620000000e+03,8.7567482709e-01
2.0170000000e+03,8.1107192922e-01
1.9970000000e+03,7.4384834952e-01
2.0010000000e+03,6.9047015976e-01
2.0200000000e+03,6.3128269254e-01
2.0450000000e+03,5.7886619479e-01
2.0620000000e+03,5.3598891324e-01
2.0640000000e+03,4.9513761307e-01
2.0570000000e+03,4.8471187632e-01
2.0570000000e+03,9.0433396312e-01
2.0780000000e+03,8.5615310380e-01
2.1210000000e+03,7.7553469845e-01
2.1710000000e+03,7.0466650488e-01
2.2120000000e+03,6.4126395081e-01
2.2260000000e+03,6.2789776896e-01
2.1990000000e+03,5.6907762129e-01
2.1250000000e+03,5.1522037184e-01
2.0160000000e+03,4.9522716470e-01
1.9020000000e+03,9.3168642536e-01
1.8220000000e+03,8.9010087941e-01
1.8090000000e+03,8.1875391774e-01
1.8710000000e+03,7.4529568586e-01
1.9830000000e+03,6.7562749904e-01
2.1030000000e+03,6.2263005312e-01
2.1880000000e+03,5.7982722328e-01
2.2250000000e+03,5.2602939639e-01
2.2220000000e+03,4.8793767777e-01
2.2020000000e+03,7.6268323021e-01
2.1870000000e+03,8.5570335657e-01
2.1820000000e+03,7.8352991046e-01
2.1870000000e+03,7.1199293699e-01
2.1990000000e+03,6.5463663129e-01
2.2190000000e+03,6.0391112018e-01
2.2330000000e+03,5.6384034796e-01
2.2330000000e+03,5.2191151205e-01
2.2120000000e+03,4.7441255590e-01
2.1420000000e+03,4.4359258484e-01
2.0650000000e+03,9.0474046417e-01
2.0230000000e+03,8.8317501241e-01
2.0410000000e+03,8.0565569002e-01
2.1150000000e+03,7.2973149313e-01
2.2150000000e+03,6.6523298574e-01
2.2330000000e+03,8.2266365416e-01
2.2330000000e+03,7.5969674851e-01
2.2330000000e+03,6.8845817243e-01
2.2330000000e+03,6.3007723982e-01
2.2330000000e+03,9.2534355203e-01
2.2330000000e+03,8.9552924232e-01
2.2330000000e+03,8.2959102403e-01
2.2330000000e+03,7.5674028544e-01
2.2330000000e+03,6.9760858245e-01
2.2330000000e+03,6.4999624612e-01
2.2330000000e+03,6.3661809735e-01
2.2330000000e+03,5.7750328885e-01
2.2330000000e+03,5.2599614808e-01
2.2330000000e+03,5.1885054742e-01
2.2260000000e+03,9.3488350256e-01
2.1260000000e+03,8.6684061297e-01
2.0710000000e+03,7.9193922008e-01
2.0610000000e+03,7.3938105033e-01
2.0800000000e+03,6.7655351270e-01
2.1050000000e+03,6.4165716013e-01
2.1130000000e+03,5.8548625222e-01
2.0970000000e+03,5.4430403426e-01
2.0620000000e+03,5.1774876377e-01
2.0280000000e+03,8.7779272679e-01
2.0080000000e+03,8.4259352853e-01
2.0060000000e+03,7.9202759883e-01
2.0200000000e+03,7.3021889353e-01
2.0390000000e+03,6.6282315678e-01
2.0560000000e+03,7.1449016205e-01
2.0620000000e+03,6.6610391813e-01
2.0520000000e+03,6.1248667134e-01
2.0260000000e+03,5.8544834001e-01
1.9980000000e+03,5.6944148998e-01
1.9800000000e+03,7.7790400457e-01
1.9850000000e+03,7.3777646870e-01
2.0190000000e+03,6.7969457100e-01
2.0830000000e+03,6.2276828409e-01
2.1710000000e+03,5.7070841298e-01
2.2330000000e+03,5.1924254599e-01
2.2330000000e+03,4.7721581813e-01
2.2330000000e+03,4.4318152823e-01
2.2330000000e+03,4.2877633527e-01
2.2330000000e+03,9.2269328354e-01
2.2330000000e+03,8.7966848194e-01
2.2330000000e+03,7.9389130782e-01
2.2330000000e+03,7.2187766817e-01
2.2330000000e+03,6.6261839365e-01
2.2330000000e+03,6.5682272642e-01
2.2330000000e+03,5.9551109553e-01
2.2330000000e+03,5.3840025886e-01
2.2140000000e+03,5.0930470740e-01
2.0280000000e+03,9.3359161359e-01
1.8880000000e+03,8.9631111118e-01
1.8380000000e+03,8.1912438371e-01
1.8860000000e+03,7.5044141305e-01
2.0010000000e+03,6.8742857665e-01
2.1310000000e+03,6.2858647158e-01
2.2270000000e+03,5.7896081070e-01
2.2330000000e+03,5.2008080469e-01
2.2330000000e+03,4.7085696498e-01
2.2040000000e+03,7.8724594755e-01
2.1620000000e+03,8.9494153662e-01
2.1390000000e+03,8.1790553485e-01
2.1440000000e+03,7.4542274910e-01
2.1680000000e+03,6.9171001139e-01
2.2040000000e+03,6.3751673749e-01
2.2330000000e+03,5.8410122555e-01
2.2330000000e+03,5.3210850563e-01
2.2120000000e+03,4.8794665043e-01
2.1380000000e+03,4.4846577389e-01
2.0610000000e+03,9.2535795930e-01
2.0230000000e+03,9.0088830644e-01
2.0490000000e+03,8.2105620369e-01
2.1320000000e+03,7.4205295531e-01
2.2330000000e+03,6.6932775057e-01
2.2330000000e+03,6.6151213818e-01
2.2330000000e+03,5.9827005100e-01
2.2330000000e+03,5.4780153612e-01
2.2200000000e+03,5.1192263256e-01
2.1230000000e+03,9.3394591124e-01
2.0610000000e+03,9.0570814079e-01
2.0640000000e+03,8.3292318155e-01
2.1370000000e+03,7.6184891959e-01
2.2330000000e+03,7.0236789028e-01
2.2330000000e+03,6.3398400851e-01
2.2330000000e+03,5.8155996349e-01
2.2330000000e+03,5.2107019237e-01
2.2330000000e+03,4.6695923324e-01
2.2330000000e+03,6.8034082059e-01
2.0650000000e+03,9.5673883441e-01
1.9290000000e+03,8.9291920898e-01
1.8700000000e+03,8.1649269042e-01
1.8960000000e+03,7.5314327025e-01
1.9790000000e+03,6.8169967346e-01
2.0800000000e+03,6.3627924028e-01
2.1630000000e+03,5.7510849964e-01
2.2080000000e+03,5.1694758844e-01
2.2110000000e+03,4.7386041988e-01
2.1880000000e+03,8.9895904396e-01
2.1560000000e+03,8.5242530802e-01
2.1320000000e+03,7.9176021772e-01
2.1250000000e+03,7.3159993548e-01
2.1340000000e+03,6.7094158050e-01
2.1530000000e+03,6.1684655622e-01
2.1690000000e+03,5.7194121544e-01
2.1660000000e+03,5.3256029656e-01
2.1350000000e+03,4.9365878109e-01
2.0830000000e+03,6.4523419068e-01
2.0280000000e+03,8.6328362625e-01
1.9900000000e+03,7.9628334205e-01
1.9740000000e+03,7.3731571684e-01
1.9790000000e+03,6.8102282423e-01
1.9970000000e+03,6.2520801739e-01
2.0170000000e+03,5.7647089886e-01
2.0300000000e+03,5.3187675831e-01
2.0290000000e+03,4.8823573404e-01
2.0220000000e+03,4.7974376111e-01
2.0280000000e+03,8.9158871126e-01
2.0560000000e+03,8.4011489504e-01
2.1050000000e+03,7.5978659304e-01
2.1580000000e+03,6.9182449099e-01
2.1960000000e+03,6.3012524393e-01
2.2020000000e+03,6.2628504942e-01
2.1640000000e+03,5.6991230945e-01
2.0770000000e+03,5.1701268883e-01
1.9550000000e+03,5.0805638187e-01
1.8290000000e+03,9.3342267110e-01
1.7380000000e+03,8.8960820904e-01
1.7130000000e+03,8.1476793554e-01
1.7620000000e+03,7.3968980532e-01
1.8710000000e+03,6.7863159591e-01
1.9990000000e+03,6.2345967270e-01
2.1010000000e+03,5.7538275643e-01
2.1530000000e+03,5.1679714600e-01
2.1560000000e+03,4.7344580310e-01
2.1360000000e+03,8.2235151240e-01
2.1180000000e+03,8.6845687848e-01
2.1130000000e+03,7.9628884851e-01
2.1240000000e+03,7.2768006117e-01
2.1470000000e+03,6.7244467413e-01
2.1770000000e+03,6.1815962311e-01
2.2080000000e+03,5.8208006904e-01
2.2290000000e+03,5.4362143569e-01
2.2220000000e+03,5.0070970470e-01
2.1870000000e+03,4.5636797086e-01
2.1520000000e+03,9.2642740536e-01
2.1500000000e+03,8.9150467189e-01
2.2000000000e+03,8.0839926507e-01
2.2330000000e+03,7.2162803120e-01
2.2330000000e+03,6.8498484092e-01
2.2330000000e+03,8.1940045153e-01
2.2330000000e+03,7.5759636374e-01
2.2330000000e+03,6.8751728412e-01
2.2330000000e+03,6.3618910667e-01
2.2330000000e+03,9.5076354971e-01
2.2080000000e+03,9.2003932070e-01
2.1780000000e+03,8.3945501840e-01
2.1790000000e+03,7.5817648203e-01
2.1890000000e+03,6.9492533513e-01
2.1910000000e+03,6.4205588920e-01
2.1730000000e+03,6.2322560019e-01
2.1400000000e+03,5.6576493723e-01
2.1000000000e+03,5.0962769869e-01
2.0600000000e+03,5.9798102503e-01
2.0270000000e+03,9.4559264816e-01
2.0070000000e+03,8.7831107145e-01
2.0040000000e+03,8.0530587235e-01
2.0200000000e+03,7.5169449527e-01
2.0490000000e+03,6.8532446712e-01
2.0760000000e+03,6.4920021047e-01
2.0860000000e+03,5.9282106763e-01
2.0740000000e+03,5.5082554341e-01
2.0470000000e+03,5.2497404729e-01
2.0220000000e+03,7.5222296528e-01
2.0080000000e+03,7.2254770576e-01
2.0100000000e+03,6.7887159615e-01
2.0220000000e+03,6.3055323462e-01
2.0380000000e+03,5.8203125081e-01
2.0520000000e+03,7.2505268032e-01
2.0530000000e+03,6.7773595630e-01
2.0390000000e+03,6.1942890975e-01
2.0110000000e+03,5.9057091012e-01
1.9840000000e+03,5.7435983433e-01
1.9690000000e+03,8.2587847096e-01
1.9700000000e+03,7.7613640776e-01
1.9840000000e+03,7.1109816929e-01
2.0050000000e+03,6.5447865597e-01
2.0290000000e+03,5.9660457054e-01
2.0500000000e+03,5.4740105425e-01
2.0590000000e+03,5.0147763589e-01
2.0540000000e+03,4.6535075658e-01
2.0420000000e+03,4.4588909821e-01
2.0410000000e+03,9.1418062949e-01
2.0610000000e+03,8.6844813582e-01
2.1030000000e+03,7.8608039952e-01
2.1540000000e+03,7.1773326360e-01
2.1950000000e+03,6.5992967814e-01
2.2080000000e+03,6.4099926442e-01
2.1760000000e+03,5.7999121283e-01
2.0960000000e+03,5.2656537047e-01
1.9830000000e+03,5.4292276872e-01
1.8730000000e+03,9.3814132344e-01
1.8060000000e+03,8.9144367540e-01
1.8110000000e+03,8.1504153122e-01
1.8910000000e+03,7.4226435898e-01
2.0180000000e+03,6.7974059971e-01
2.1510000000e+03,6.2401856831e-01
2.2330000000e+03,5.7454651342e-01
2.2330000000e+03,5.1367058306e-01
2.2330000000e+03,4.6397535727e-01
2.2190000000e+03,7.9778326993e-01
2.1690000000e+03,8.8676730975e-01
2.1380000000e+03,8.2230150773e-01
2.1350000000e+03,7.5360795599e-01
2.1560000000e+03,6.9463887102e-01
2.1910000000e+03,6.3943081472e-01
2.2270000000e+03,5.8834458181e-01
2.2330000000e+03,5.4065095557e-01
2.2040000000e+03,4.9215564754e-01
2.1250000000e+03,4.5687730469e-01
2.0380000000e+03,9.1573935803e-01
1.9900000000e+03,8.9281633921e-01
2.0080000000e+03,8.1331333959e-01
2.0860000000e+03,7.4272049630e-01
2.1890000000e+03,6.7611410215e-01
2.2330000000e+03,6.6964225462e-01
2.2330000000e+03,6.0338916154e-01
2.2330000000e+03,5.4612737080e-01
2.1960000000e+03,5.0943683127e-01
2.1060000000e+03,9.3360949461e-01
2.0570000000e+03,9.0201587188e-01
2.0770000000e+03,8.2240428571e-01
2.1630000000e+03,7.4512069564e-01
2.2330000000e+03,6.8308940136e-01
2.2330000000e+03,6.1783082703e-01
2.2330000000e+03,5.6703303374e-01
2.2330000000e+03,5.0742485258e-01
2.2330000000e+03,4.5449141250e-01
2.1780000000e+03,5.9209660568e-01
1.9980000000e+03,9.4479627860e-01
1.8620000000e+03,8.8231301433e-01
1.8100000000e+03,8.0286772169e-01
1.8460000000e+03,7.3416034333e-01
1.9400000000e+03,6.6328945551e-01
2.0520000000e+03,6.1821543989e-01
2.1420000000e+03,5.6214984980e-01
2.1910000000e+03,5.0463604555e-01
2.1980000000e+03,4.6530763883e-01
2.1770000000e+03,9.2763725786e-01
2.1470000000e+03,8.7484793972e-01
2.1240000000e+03,8.2292201345e-01
2.1180000000e+03,7.6197667273e-01
2.1300000000e+03,6.9680413087e-01
2.1540000000e+03,6.4022838246e-01
2.1770000000e+03,5.9382023463e-01
2.1840000000e+03,5.5433355037e-01
2.1620000000e+03,5.1433526781e-01
2.1160000000e+03,5.9083431790e-01
2.0650000000e+03,8.4295416227e-01
2.0270000000e+03,7.8296970362e-01
2.0100000000e+03,7.1945660987e-01
2.0130000000e+03,6.5603253857e-01
2.0260000000e+03,6.0207710079e-01
2.0410000000e+03,5.5827077600e-01
2.0480000000e+03,5.1398171790e-01
2.0430000000e+03,4.7725175514e-01
2.0330000000e+03,4.6460880018e-01
2.0390000000e+03,8.8786332031e-01
2.0720000000e+03,8.3637794159e-01
2.1270000000e+03,7.5346543243e-01
2.1870000000e+03,6.9151517696e-01
2.2310000000e+03,6.2815269285e-01
2.2330000000e+03,6.1537710651e-01
2.2090000000e+03,5.5942667392e-01
2.1280000000e+03,5.0611514809e-01
2.0120000000e+03,5.0271132072e-01
1.8910000000e+03,9.3269929574e-01
1.8070000000e+03,8.9001348595e-01
1.7940000000e+03,8.1242594329e-01
1.8620000000e+03,7.4963397523e-01
1.9870000000e+03,6.8874008784e-01
2.1220000000e+03,6.3193821782e-01
2.2200000000e+03,5.8408519371e-01
2.2330000000e+03,5.3149265214e-01
2.2330000000e+03,4.9874130621e-01
2.2280000000e+03,7.8590962152e-01
2.2050000000e+03,8.6947592496e-01
2.1940000000e+03,7.9752237482e-01
2.1970000000e+03,7.2351835441e-01
2.2110000000e+03,6.6588743188e-01
2.2330000000e+03,6.1345780776e-01
2.2330000000e+03,5.7061071606e-01
2.2330000000e+03,5.2526498841e-01
2.2330000000e+03,4.8512552055e-01
2.2320000000e+03,4.4984154121e-01
2.1900000000e+03,9.2554414915e-01
2.1770000000e+03,9.0133908668e-01
2.2110000000e+03,8.2517751963e-01
2.2330000000e+03,7.4536737281e-01
2.2330000000e+03,6.7551757975e-01
2.2330000000e+03,7.7804483718e-01
2.2330000000e+03,7.2807957322e-01
2.2330000000e+03,6.5997548243e-01
2.2330000000e+03,6.0127266202e-01
2.2330000000e+03,9.4603812278e-01
2.2330000000e+03,9.1666833083e-01
2.2330000000e+03,8.3417076663e-01
2.2330000000e+03,7.5283877503e-01
2.2330000000e+03,6.9012932389e-01
2.2330000000e+03,6.3492207480e-01
2.2330000000e+03,6.1858481694e-01
2.2330000000e+03,5.6389649818e-01
2.2330000000e+03,5.1059494640e-01
2.2330000000e+03,5.3224225973e-01
2.2330000000e+03,9.3669587373e-01
2.2330000000e+03,8.7175546132e-01
2.1950000000e+03,7.9887076789e-01
2.1700000000e+03,7.4775966392e-01
2.1780000000e+03,6.8669267271e-01
2.1930000000e+03,6.4934822858e-01
2.1940000000e+03,5.9758678624e-01
2.1700000000e+03,5.5396034742e-01
2.1290000000e+03,5.2400764993e-01
2.0850000000e+03,8.3343725194e-01
2.0460000000e+03,8.0440666136e-01
2.0120000000e+03,7.5936627965e-01
1.9780000000e+03,7.0287662312e-01
1.9420000000e+03,6.4018205788e-01
1.9020000000e+03,6.8243156675e-01
1.8580000000e+03,6.4149358762e-01
1.8090000000e+03,5.9396942008e-01
1.7560000000e+03,5.7240181580e-01
1.7020000000e+03,5.4007603216e-01
1.6560000000e+03,4.9884088759e-01
1.6190000000e+03,4.4780003804e-01
1.5930000000e+03,3.9943900485e-01
1.5750000000e+03,3.5630081519e-01
1.5630000000e+03,3.1782141795e-01
1.5560000000e+03,2.8349767781e-01
1.5530000000e+03,2.5288079652e-01
1.5510000000e+03,2.2557044468e-01
1.5500000000e+03,2.0120952723e-01
1.5500000000e+03,1.7947951428e-01
1.5500000000e+03,1.6009627620e-01
1.5500000000e+03,1.4280636850e-01
1.5500000000e+03,1.2738371790e-01
1.5500000000e+03,1.1362666634e-01
1.5500000000e+03,1.0135533424e-01
1.5500000000e+03,9.0409268439e-02
1.5500000000e+03,8.0645344231e-02
1.5500000000e+03,7.1935893946e-02
1.5500000000e+03,6.4167037628e-02
1.5500000000e+03,5.7237194009e-02
1.5500000000e+03,5.1055752285e-02
1.5500000000e+03,4.5541887343e-02
1.5500000000e+03,4.0623502934e-02
1.5500000000e+03,3.6236288984e-02
1.5500000000e+03,3.2322880710e-02
1.5500000000e+03,2.8832108548e-02
1.5500000000e+03,2.5718329093e-02
1.5500000000e+03,2.2940828286e-02
1.5500000000e+03,2.0463289064e-02
1.5500000000e+03,1.8253316492e-02
1.5500000000e+03,1.6282014193e-02
1.5500000000e+03,1.4523606507e-02
1.5500000000e+03,1.2955101467e-02
1.5500000000e+03,1.1555990170e-02
1.5500000000e+03,1.0307978610e-02
1.5500000000e+03,9.1947484774e-03
1.5500000000e+03,8.2017437912e-03
1.5500000000e+03,7.3159805710e-03
1.5500000000e+03,6.5258770668e-03
1.5500000000e+03,5.8211023223e-03
1.5500000000e+03,5.1924410925e-03
1.5500000000e+03,4.6316733509e-03
1.5500000000e+03,4.1314668087e-03
1.5500000000e+03,3.6852810416e-03
1.5500000000e+03,3.2872819715e-03
1.5500000000e+03,2.9322655824e-03
1.5500000000e+03,2.6155898765e-03
1.5500000000e+03,2.3331141773e-03
