0.0000000000e+00,9.0000000000e-01,0.0000000000e+00
0.0000000000e+00,8.0000000000e-01,0.0000000000e+00
0.0000000000e+00,7.0000000000e-01,0.0000000000e+00
0.0000000000e+00,6.0000000000e-01,0.0000000000e+00
0.0000000000e+00,6.0000000000e-01,0.0000000000e+00
0.0000000000e+00,6.0000000000e-01,0.0000000000e+00
0.0000000000e+00,6.0000000000e-01,0.0000000000e+00
0.0000000000e+00,6.0000000000e-01,0.0000000000e+00
0.0000000000e+00,6.0000000000e-01,0.0000000000e+00
0.0000000000e+00,6.0000000000e-01,0.0000000000e+00
0.0000000000e+00,6.0000000000e-01,0.0000000000e+00
0.0000000000e+00,6.0000000000e-01,0.0000000000e+00
0.0000000000e+00,6.0000000000e-01,0.0000000000e+00
0.0000000000e+00,6.0000000000e-01,0.0000000000e+00
0.0000000000e+00,6.0000000000e-01,0.0000000000e+00
0.0000000000e+00,6.0000000000e-01,0.0000000000e+00
0.0000000000e+00,6.0000000000e-01,0.0000000000e+00
0.0000000000e+00,6.0000000000e-01,0.0000000000e+00
0.0000000000e+00,6.0000000000e-01,0.0000000000e+00
0.0000000000e+00,6.0000000000e-01,0.0000000000e+00
0.0000000000e+00,6.0000000000e-01,0.0000000000e+00
0.0000000000e+00,6.0000000000e-01,0.0000000000e+00
0.0000000000e+00,6.0000000000e-01,0.0000000000e+00
0.0000000000e+00,6.0000000000e-01,0.0000000000e+00
0.0000000000e+00,6.0000000000e-01,0.0000000000e+00
0.0000000000e+00,6.0000000000e-01,0.0000000000e+00
0.0000000000e+00,6.0000000000e-01,0.0000000000e+00
0.0000000000e+00,6.0000000000e-01,0.0000000000e+00
0.0000000000e+00,6.0000000000e-01,0.0000000000e+00
0.0000000000e+00,6.0000000000e-01,0.0000000000e+00
0.0000000000e+00,6.0000000000e-01,0.0000000000e+00
0.0000000000e+00,6.0000000000e-01,0.0000000000e+00
0.0000000000e+00,6.0000000000e-01,0.0000000000e+00
0.0000000000e+00,6.0000000000e-01,0.0000000000e+00
0.0000000000e+00,6.0000000000e-01,0.0000000000e+00
0.0000000000e+00,6.0000000000e-01,0.0000000000e+00
0.0000000000e+00,6.0000000000e-01,0.0000000000e+00
0.0000000000e+00,6.0000000000e-01,0.0000000000e+00
0.0000000000e+00,6.0000000000e-01,0.0000000000e+00
0.0000000000e+00,6.0000000000e-01,0.0000000000e+00
0.0000000000e+00,6.0000000000e-01,0.0000000000e+00
0.0000000000e+00,6.0000000000e-01,0.0000000000e+00
0.0000000000e+00,6.0000000000e-01,0.0000000000e+00
0.0000000000e+00,6.0000000000e-01,0.0000000000e+00
0.0000000000e+00,6.0000000000e-01,0.0000000000e+00
0.0000000000e+00,6.0000000000e-01,0.0000000000e+00
0.0000000000e+00,6.0000000000e-01,0.0000000000e+00
0.0000000000e+00,6.0000000000e-01,0.0000000000e+00
0.0000000000e+00,6.0000000000e-01,0.0000000000e+00
0.0000000000e+00,6.0000000000e-01,0.0000000000e+00
0.0000000000e+00,6.0000000000e-01,0.0000000000e+00
0.0000000000e+00,6.0000000000e-01,0.0000000000e+00
0.0000000000e+00,6.0000000000e-01,0.0000000000e+00
0.0000000000e+00,6.0000000000e-01,0.0000000000e+00
0.0000000000e+00,6.0000000000e-01,0.0000000000e+00
0.0000000000e+00,6.0000000000e-01,0.0000000000e+00
0.0000000000e+00,6.0000000000e-01,0.0000000000e+00
0.0000000000e+00,6.0000000000e-01,0.0000000000e+00
0.0000000000e+00,6.0000000000e-01,0.0000000000e+00
0.0000000000e+00,6.0000000000e-01,0.0000000000e+00
0.0000000000e+00,6.0000000000e-01,0.0000000000e+00
0.0000000000e+00,6.0000000000e-01,0.0000000000e+00
0.0000000000e+00,6.0000000000e-01,0.0000000000e+00
0.0000000000e+00,6.0000000000e-01,0.0000000000e+00
0.0000000000e+00,6.0000000000e-01,0.0000000000e+00
0.0000000000e+00,6.0000000000e-01,0.0000000000e+00
0.0000000000e+00,6.0000000000e-01,0.0000000000e+00
0.0000000000e+00,6.0000000000e-01,0.0000000000e+00
0.0000000000e+00,6.0000000000e-01,0.0000000000e+00
0.0000000000e+00,6.0000000000e-01,0.0000000000e+00
0.0000000000e+00,6.0000000000e-01,0.0000000000e+00
0.0000000000e+00,6.0000000000e-01,0.0000000000e+00
0.0000000000e+00,6.0000000000e-01,0.0000000000e+00
0.0000000000e+00,6.0000000000e-01,0.0000000000e+00
0.0000000000e+00,6.0000000000e-01,0.0000000000e+00
0.0000000000e+00,6.0000000000e-01,0.0000000000e+00
0.0000000000e+00,6.0000000000e-01,0.0000000000e+00
0.0000000000e+00,6.0000000000e-01,0.0000000000e+00
0.0000000000e+00,6.0000000000e-01,0.0000000000e+00
0.0000000000e+00,6.0000000000e-01,0.0000000000e+00
0.0000000000e+00,6.0000000000e-01,0.0000000000e+00
0.0000000000e+00,6.0000000000e-01,0.0000000000e+00
0.0000000000e+00,6.0000000000e-01,0.0000000000e+00
0.0000000000e+00,6.0000000000e-01,0.0000000000e+00
0.0000000000e+00,6.0000000000e-01,0.0000000000e+00
0.0000000000e+00,6.0000000000e-01,0.0000000000e+00
0.0000000000e+00,6.0000000000e-01,0.0000000000e+00
0.0000000000e+00,6.0000000000e-01,0.0000000000e+00
0.0000000000e+00,6.0000000000e-01,0.0000000000e+00
0.0000000000e+00,6.0000000000e-01,0.0000000000e+00
0.0000000000e+00,6.0000000000e-01,0.0000000000e+00
0.0000000000e+00,6.0000000000e-01,0.0000000000e+00
0.0000000000e+00,6.0000000000e-01,0.0000000000e+00
0.0000000000e+00,6.0000000000e-01,0.0000000000e+00
0.0000000000e+00,6.0000000000e-01,0.0000000000e+00
0.0000000000e+00,6.0000000000e-01,0.0000000000e+00
0.0000000000e+00,6.0000000000e-01,0.0000000000e+00
0.0000000000e+00,6.0000000000e-01,0.0000000000e+00
0.0000000000e+00,6.0000000000e-01,0.0000000000e+00
0.0000000000e+00,6.0000000000e-01,0.0000000000e+00
0.0000000000e+00,6.0000000000e-01,0.0000000000e+00
0.0000000000e+00,6.0000000000e-01,0.0000000000e+00
0.0000000000e+00,6.0000000000e-01,0.0000000000e+00
0.0000000000e+00,6.0000000000e-01,0.0000000000e+00
0.0000000000e+00,6.0000000000e-01,0.0000000000e+00
0.0000000000e+00,6.0000000000e-01,0.0000000000e+00
0.0000000000e+00,6.0000000000e-01,0.0000000000e+00
0.0000000000e+00,6.0000000000e-01,0.0000000000e+00
0.0000000000e+00,6.0000000000e-01,0.0000000000e+00
0.0000000000e+00,6.0000000000e-01,0.0000000000e+00
0.0000000000e+00,6.0000000000e-01,0.0000000000e+00
0.0000000000e+00,6.0000000000e-01,0.0000000000e+00
0.0000000000e+00,6.0000000000e-01,0.0000000000e+00
0.0000000000e+00,6.0000000000e-01,0.0000000000e+00
0.0000000000e+00,6.0000000000e-01,0.0000000000e+00
0.0000000000e+00,6.0000000000e-01,0.0000000000e+00
0.0000000000e+00,6.0000000000e-01,0.0000000000e+00
0.0000000000e+00,6.0000000000e-01,0.0000000000e+00
0.0000000000e+00,6.0000000000e-01,0.0000000000e+00
0.0000000000e+00,6.0000000000e-01,0.0000000000e+00
0.0000000000e+00,6.0000000000e-01,0.0000000000e+00
0.0000000000e+00,6.0000000000e-01,0.0000000000e+00
0.0000000000e+00,6.0000000000e-01,0.0000000000e+00
0.0000000000e+00,6.0000000000e-01,0.0000000000e+00
0.0000000000e+00,6.0000000000e-01,0.0000000000e+00
0.0000000000e+00,6.0000000000e-01,0.0000000000e+00
0.0000000000e+00,6.0000000000e-01,0.0000000000e+00
0.0000000000e+00,6.0000000000e-01,0.0000000000e+00
0.0000000000e+00,6.0000000000e-01,0.0000000000e+00
0.0000000000e+00,6.0000000000e-01,0.0000000000e+00
0.0000000000e+00,6.0000000000e-01,0.0000000000e+00
0.0000000000e+00,6.0000000000e-01,0.0000000000e+00
0.0000000000e+00,6.0000000000e-01,0.0000000000e+00
0.0000000000e+00,6.0000000000e-01,0.0000000000e+00
0.0000000000e+00,6.0000000000e-01,0.0000000000e+00
0.0000000000e+00,6.0000000000e-01,0.0000000000e+00
0.0000000000e+00,6.0000000000e-01,0.0000000000e+00
0.0000000000e+00,6.0000000000e-01,0.0000000000e+00
0.0000000000e+00,6.0000000000e-01,0.0000000000e+00
0.0000000000e+00,6.0000000000e-01,0.0000000000e+00
0.0000000000e+00,6.0000000000e-01,0.0000000000e+00
0.0000000000e+00,6.0000000000e-01,0.0000000000e+00
0.0000000000e+00,6.0000000000e-01,0.0000000000e+00
0.0000000000e+00,6.0000000000e-01,0.0000000000e+00
0.0000000000e+00,6.0000000000e-01,0.0000000000e+00
0.0000000000e+00,6.0000000000e-01,0.0000000000e+00
0.0000000000e+00,6.0000000000e-01,0.0000000000e+00
0.0000000000e+00,6.0000000000e-01,0.0000000000e+00
0.0000000000e+00,6.0000000000e-01,0.0000000000e+00
0.0000000000e+00,6.0000000000e-01,0.0000000000e+00
0.0000000000e+00,6.0000000000e-01,0.0000000000e+00
0.0000000000e+00,6.0000000000e-01,0.0000000000e+00
0.0000000000e+00,6.0000000000e-01,0.0000000000e+00
0.0000000000e+00,6.0000000000e-01,0.0000000000e+00
0.0000000000e+00,6.0000000000e-01,0.0000000000e+00
0.0000000000e+00,6.0000000000e-01,0.0000000000e+00
0.0000000000e+00,6.0000000000e-01,0.0000000000e+00
0.0000000000e+00,6.0000000000e-01,0.0000000000e+00
0.0000000000e+00,6.0000000000e-01,0.0000000000e+00
0.0000000000e+00,6.0000000000e-01,0.0000000000e+00
0.0000000000e+00,6.0000000000e-01,0.0000000000e+00
0.0000000000e+00,6.0000000000e-01,0.0000000000e+00
0.0000000000e+00,6.0000000000e-01,0.0000000000e+00
0.0000000000e+00,6.0000000000e-01,0.0000000000e+00
0.0000000000e+00,6.0000000000e-01,0.0000000000e+00
0.0000000000e+00,6.0000000000e-01,0.0000000000e+00
0.0000000000e+00,6.0000000000e-01,0.0000000000e+00
0.0000000000e+00,6.0000000000e-01,0.0000000000e+00
0.0000000000e+00,6.0000000000e-01,0.0000000000e+00
0.0000000000e+00,6.0000000000e-01,0.0000000000e+00
0.0000000000e+00,6.0000000000e-01,0.0000000000e+00
0.0000000000e+00,6.0000000000e-01,0.0000000000e+00
0.0000000000e+00,6.0000000000e-01,0.0000000000e+00
0.0000000000e+00,6.0000000000e-01,0.0000000000e+00
0.0000000000e+00,6.0000000000e-01,0.0000000000e+00
0.0000000000e+00,6.0000000000e-01,0.0000000000e+00
0.0000000000e+00,6.0000000000e-01,0.0000000000e+00
0.0000000000e+00,6.0000000000e-01,0.0000000000e+00
0.0000000000e+00,6.0000000000e-01,0.0000000000e+00
0.0000000000e+00,6.0000000000e-01,0.0000000000e+00
0.0000000000e+00,6.0000000000e-01,0.0000000000e+00
0.0000000000e+00,6.0000000000e-01,0.0000000000e+00
0.0000000000e+00,6.0000000000e-01,0.0000000000e+00
0.0000000000e+00,6.0000000000e-01,0.0000000000e+00
0.0000000000e+00,6.0000000000e-01,0.0000000000e+00
0.0000000000e+00,6.0000000000e-01,0.0000000000e+00
0.0000000000e+00,6.0000000000e-01,0.0000000000e+00
0.0000000000e+00,6.0000000000e-01,0.0000000000e+00
0.0000000000e+00,6.0000000000e-01,0.0000000000e+00
0.0000000000e+00,6.0000000000e-01,0.0000000000e+00
0.0000000000e+00,6.0000000000e-01,0.0000000000e+00
0.0000000000e+00,6.0000000000e-01,0.0000000000e+00
0.0000000000e+00,6.0000000000e-01,0.0000000000e+00
0.0000000000e+00,6.0000000000e-01,0.0000000000e+00
0.0000000000e+00,6.0000000000e-01,0.0000000000e+00
0.0000000000e+00,6.0000000000e-01,0.0000000000e+00
0.0000000000e+00,6.0000000000e-01,0.0000000000e+00
0.0000000000e+00,6.0000000000e-01,0.0000000000e+00
0.0000000000e+00,6.0000000000e-01,0.0000000000e+00
0.0000000000e+00,6.0000000000e-01,0.0000000000e+00
0.0000000000e+00,6.0000000000e-01,0.0000000000e+00
0.0000000000e+00,6.0000000000e-01,0.0000000000e+00
0.0000000000e+00,6.0000000000e-01,0.0000000000e+00
0.0000000000e+00,6.0000000000e-01,0.0000000000e+00
0.0000000000e+00,6.0000000000e-01,0.0000000000e+00
0.0000000000e+00,6.0000000000e-01,0.0000000000e+00
0.0000000000e+00,6.0000000000e-01,0.0000000000e+00
0.0000000000e+00,6.0000000000e-01,0.0000000000e+00
0.0000000000e+00,6.0000000000e-01,0.0000000000e+00
0.0000000000e+00,6.0000000000e-01,0.0000000000e+00
0.0000000000e+00,6.0000000000e-01,0.0000000000e+00
0.0000000000e+00,6.0000000000e-01,0.0000000000e+00
0.0000000000e+00,6.0000000000e-01,0.0000000000e+00
0.0000000000e+00,6.0000000000e-01,0.0000000000e+00
0.0000000000e+00,6.0000000000e-01,0.0000000000e+00
0.0000000000e+00,6.0000000000e-01,0.0000000000e+00
0.0000000000e+00,6.0000000000e-01,0.0000000000e+00
0.0000000000e+00,6.0000000000e-01,0.0000000000e+00
0.0000000000e+00,6.0000000000e-01,0.0000000000e+00
0.0000000000e+00,6.0000000000e-01,0.0000000000e+00
0.0000000000e+00,6.0000000000e-01,0.0000000000e+00
0.0000000000e+00,6.0000000000e-01,0.0000000000e+00
0.0000000000e+00,6.0000000000e-01,0.0000000000e+00
0.0000000000e+00,6.0000000000e-01,0.0000000000e+00
0.0000000000e+00,6.0000000000e-01,0.0000000000e+00
0.0000000000e+00,6.0000000000e-01,0.0000000000e+00
0.0000000000e+00,6.0000000000e-01,0.0000000000e+00
0.0000000000e+00,6.0000000000e-01,0.0000000000e+00
0.0000000000e+00,6.0000000000e-01,0.0000000000e+00
0.0000000000e+00,6.0000000000e-01,0.0000000000e+00
0.0000000000e+00,6.0000000000e-01,0.0000000000e+00
0.0000000000e+00,6.0000000000e-01,0.0000000000e+00
0.0000000000e+00,6.0000000000e-01,0.0000000000e+00
0.0000000000e+00,6.0000000000e-01,0.0000000000e+00
0.0000000000e+00,6.0000000000e-01,0.0000000000e+00
0.0000000000e+00,6.0000000000e-01,0.0000000000e+00
0.0000000000e+00,6.0000000000e-01,0.0000000000e+00
0.0000000000e+00,6.0000000000e-01,0.0000000000e+00
0.0000000000e+00,6.0000000000e-01,0.0000000000e+00
0.0000000000e+00,6.0000000000e-01,0.0000000000e+00
0.0000000000e+00,6.0000000000e-01,0.0000000000e+00
0.0000000000e+00,6.0000000000e-01,0.0000000000e+00
0.0000000000e+00,6.0000000000e-01,0.0000000000e+00
0.0000000000e+00,6.0000000000e-01,0.0000000000e+00
0.0000000000e+00,6.0000000000e-01,0.0000000000e+00
0.0000000000e+00,6.0000000000e-01,0.0000000000e+00
0.0000000000e+00,6.0000000000e-01,0.0000000000e+00
0.0000000000e+00,6.0000000000e-01,0.0000000000e+00
0.0000000000e+00,6.0000000000e-01,0.0000000000e+00
0.0000000000e+00,6.0000000000e-01,0.0000000000e+00
0.0000000000e+00,6.0000000000e-01,0.0000000000e+00
0.0000000000e+00,6.0000000000e-01,0.0000000000e+00
0.0000000000e+00,6.0000000000e-01,0.0000000000e+00
0.0000000000e+00,6.0000000000e-01,0.0000000000e+00
0.0000000000e+00,6.0000000000e-01,0.0000000000e+00
0.0000000000e+00,6.0000000000e-01,0.0000000000e+00
0.0000000000e+00,6.0000000000e-01,0.0000000000e+00
0.0000000000e+00,6.0000000000e-01,0.0000000000e+00
0.0000000000e+00,6.0000000000e-01,0.0000000000e+00
0.0000000000e+00,6.0000000000e-01,0.0000000000e+00
0.0000000000e+00,6.0000000000e-01,0.0000000000e+00
0.0000000000e+00,6.0000000000e-01,0.0000000000e+00
0.0000000000e+00,6.0000000000e-01,0.0000000000e+00
0.0000000000e+00,6.0000000000e-01,0.0000000000e+00
0.0000000000e+00,6.0000000000e-01,0.0000000000e+00
0.0000000000e+00,6.0000000000e-01,0.0000000000e+00
0.0000000000e+00,6.0000000000e-01,0.0000000000e+00
0.0000000000e+00,6.0000000000e-01,0.0000000000e+00
0.0000000000e+00,6.0000000000e-01,0.0000000000e+00
0.0000000000e+00,6.0000000000e-01,0.0000000000e+00
0.0000000000e+00,6.0000000000e-01,0.0000000000e+00
0.0000000000e+00,6.0000000000e-01,0.0000000000e+00
0.0000000000e+00,6.0000000000e-01,0.0000000000e+00
0.0000000000e+00,6.0000000000e-01,0.0000000000e+00
0.0000000000e+00,6.0000000000e-01,0.0000000000e+00
0.0000000000e+00,6.0000000000e-01,0.0000000000e+00
0.0000000000e+00,6.0000000000e-01,0.0000000000e+00
0.0000000000e+00,6.0000000000e-01,0.0000000000e+00
0.0000000000e+00,6.0000000000e-01,0.0000000000e+00
0.0000000000e+00,6.0000000000e-01,0.0000000000e+00
0.0000000000e+00,6.0000000000e-01,0.0000000000e+00
0.0000000000e+00,6.0000000000e-01,0.0000000000e+00
0.0000000000e+00,6.0000000000e-01,0.0000000000e+00
0.0000000000e+00,6.0000000000e-01,0.0000000000e+00
0.0000000000e+00,6.0000000000e-01,0.0000000000e+00
0.0000000000e+00,6.0000000000e-01,0.0000000000e+00
0.0000000000e+00,6.0000000000e-01,0.0000000000e+00
0.0000000000e+00,6.0000000000e-01,0.0000000000e+00
0.0000000000e+00,6.0000000000e-01,0.0000000000e+00
0.0000000000e+00,6.0000000000e-01,0.0000000000e+00
0.0000000000e+00,6.0000000000e-01,0.0000000000e+00
0.0000000000e+00,6.0000000000e-01,0.0000000000e+00
0.0000000000e+00,6.0000000000e-01,0.0000000000e+00
0.0000000000e+00,6.0000000000e-01,0.0000000000e+00
0.0000000000e+00,6.0000000000e-01,0.0000000000e+00
0.0000000000e+00,6.0000000000e-01,0.0000000000e+00
0.0000000000e+00,6.0000000000e-01,0.0000000000e+00
0.0000000000e+00,6.0000000000e-01,0.0000000000e+00
0.0000000000e+00,6.0000000000e-01,0.0000000000e+00
0.0000000000e+00,6.0000000000e-01,0.0000000000e+00
0.0000000000e+00,6.0000000000e-01,0.0000000000e+00
0.0000000000e+00,6.0000000000e-01,0.0000000000e+00
0.0000000000e+00,6.0000000000e-01,0.0000000000e+00
0.0000000000e+00,6.0000000000e-01,0.0000000000e+00
0.0000000000e+00,6.0000000000e-01,0.0000000000e+00
0.0000000000e+00,6.0000000000e-01,0.0000000000e+00
0.0000000000e+00,6.0000000000e-01,0.0000000000e+00
0.0000000000e+00,6.0000000000e-01,0.0000000000e+00
0.0000000000e+00,6.0000000000e-01,0.0000000000e+00
0.0000000000e+00,6.0000000000e-01,0.0000000000e+00
0.0000000000e+00,6.0000000000e-01,0.0000000000e+00
0.0000000000e+00,6.0000000000e-01,0.0000000000e+00
0.0000000000e+00,6.0000000000e-01,0.0000000000e+00
0.0000000000e+00,6.0000000000e-01,0.0000000000e+00
0.0000000000e+00,6.0000000000e-01,0.0000000000e+00
0.0000000000e+00,6.0000000000e-01,0.0000000000e+00
0.0000000000e+00,6.0000000000e-01,0.0000000000e+00
0.0000000000e+00,6.0000000000e-01,0.0000000000e+00
0.0000000000e+00,6.0000000000e-01,0.0000000000e+00
0.0000000000e+00,6.0000000000e-01,0.0000000000e+00
0.0000000000e+00,6.0000000000e-01,0.0000000000e+00
0.0000000000e+00,6.0000000000e-01,0.0000000000e+00
0.0000000000e+00,6.0000000000e-01,0.0000000000e+00
0.0000000000e+00,6.0000000000e-01,0.0000000000e+00
0.0000000000e+00,7.0000000000e-01,0.0000000000e+00
0.0000000000e+00,8.0000000000e-01,0.0000000000e+00
0.0000000000e+00,9.0000000000e-01,0.0000000000e+00
1.4713886177e+01,1.0000000000e+00,1.4713886177e+01
2.9427772355e+01,1.0000000000e+00,2.9427772355e+01
4.4141658532e+01,1.0000000000e+00,4.4141658532e+01
8.1743036574e+01,1.0000000000e+00,8.1743036574e+01
1.1589438786e+02,1.0000000000e+00,1.1589438786e+02
1.3670169945e+02,1.0000000000e+00,1.3670169945e+02
1.4427984875e+02,1.0000000000e+00,1.4427984875e+02
1.4760385882e+02,1.0000000000e+00,1.4760385882e+02
1.5407519399e+02,1.0000000000e+00,1.5407519399e+02
1.6354311162e+02,1.0000000000e+00,1.6354311162e+02
1.7353375735e+02,1.0000000000e+00,1.7353375735e+02
1.8408885650e+02,1.0000000000e+00,1.8408885650e+02
1.9355945069e+02,1.0000000000e+00,1.9355945069e+02
1.9474248816e+02,1.0000000000e+00,1.9474248816e+02
1.8030824170e+02,1.0000000000e+00,1.8030824170e+02
1.5079933378e+02,1.0000000000e+00,1.5079933378e+02
1.1520458753e+02,1.0000000000e+00,1.1520458753e+02
8.4677846351e+01,1.0000000000e+00,8.4677846351e+01
6.7099573720e+01,1.0000000000e+00,6.7099573720e+01
6.6841645086e+01,1.0000000000e+00,6.6841645086e+01
8.6340089249e+01,1.0000000000e+00,8.6340089249e+01
1.2405367383e+02,1.0000000000e+00,1.2405367383e+02
1.7049088007e+02,1.0000000000e+00,1.7049088007e+02
2.0999762321e+02,1.0000000000e+00,2.0999762321e+02
2.2972404382e+02,1.0000000000e+00,2.2972404382e+02
2.2727458075e+02,1.0000000000e+00,2.2727458075e+02
2.1055517224e+02,1.0000000000e+00,2.1055517224e+02
1.9205338344e+02,1.0000000000e+00,1.9205338344e+02
1.8252580840e+02,1.0000000000e+00,1.8252580840e+02
1.8665845299e+02,1.0000000000e+00,1.8665845299e+02
2.0121389918e+02,1.0000000000e+00,2.0121389918e+02
2.1623658440e+02,1.0000000000e+00,2.1623658440e+02
2.2013298633e+02,1.0000000000e+00,2.2013298633e+02
2.0688734656e+02,1.0000000000e+00,2.0688734656e+02
1.8034178934e+02,1.0000000000e+00,1.8034178934e+02
1.5110959343e+02,1.0000000000e+00,1.5110959343e+02
1.2794001235e+02,1.0000000000e+00,1.2794001235e+02
1.1208762132e+02,1.0000000000e+00,1.1208762132e+02
1.0015719081e+02,1.0000000000e+00,1.0015719081e+02
8.9962613855e+01,1.0000000000e+00,8.9962613855e+01
8.1582640589e+01,1.0000000000e+00,8.1582640589e+01
7.4634278107e+01,1.0000000000e+00,7.4634278107e+01
6.7634385848e+01,1.0000000000e+00,6.7634385848e+01
6.0409659082e+01,1.0000000000e+00,6.0409659082e+01
5.5305696870e+01,1.0000000000e+00,5.5305696870e+01
5.4909404606e+01,1.0000000000e+00,5.4909404606e+01
5.9242923142e+01,1.0000000000e+00,5.9242923142e+01
6.5693882363e+01,1.0000000000e+00,6.5693882363e+01
7.0798340544e+01,1.0000000000e+00,7.0798340544e+01
7.1600553607e+01,1.0000000000e+00,7.1600553607e+01
6.6386010931e+01,1.0000000000e+00,6.6386010931e+01
5.5428099482e+01,1.0000000000e+00,5.5428099482e+01
4.1256430733e+01,1.0000000000e+00,4.1256430733e+01
3.5362654914e+01,1.0000000000e+00,3.5362654914e+01
2.9468879095e+01,1.0000000000e+00,2.9468879095e+01
2.3575103276e+01,1.0000000000e+00,2.3575103276e+01
1.7681327457e+01,1.0000000000e+00,1.7681327457e+01
1.1787551638e+01,1.0000000000e+00,1.1787551638e+01
5.8937758190e+00,1.0000000000e+00,5.8937758190e+00
0.0000000000e+00,9.0000000000e-01,0.0000000000e+00
0.0000000000e+00,8.0000000000e-01,0.0000000000e+00
0.0000000000e+00,7.0000000000e-01,0.0000000000e+00
0.0000000000e+00,6.0000000000e-01,0.0000000000e+00
0.0000000000e+00,6.0000000000e-01,0.0000000000e+00
0.0000000000e+00,6.0000000000e-01,0.0000000000e+00
0.0000000000e+00,6.0000000000e-01,0.0000000000e+00
0.0000000000e+00,6.0000000000e-01,0.0000000000e+00
0.0000000000e+00,6.0000000000e-01,0.0000000000e+00
0.0000000000e+00,6.0000000000e-01,0.0000000000e+00
0.0000000000e+00,7.0000000000e-01,0.0000000000e+00
0.0000000000e+00,8.0000000000e-01,0.0000000000e+00
0.0000000000e+00,9.0000000000e-01,0.0000000000e+00
1.0710557264e+01,1.0000000000e+00,1.0710557264e+01
2.1421114529e+01,1.0000000000e+00,2.1421114529e+01
3.2131671793e+01,1.0000000000e+00,3.2131671793e+01
5.4673322630e+01,1.0000000000e+00,5.4673322630e+01
8.7358748472e+01,1.0000000000e+00,8.7358748472e+01
1.2674940179e+02,1.0000000000e+00,1.2674940179e+02
1.6127538596e+02,1.0000000000e+00,1.6127538596e+02
1.7777393085e+02,1.0000000000e+00,1.7777393085e+02
1.7344006240e+02,1.0000000000e+00,1.7344006240e+02
1.6043443251e+02,1.0000000000e+00,1.6043443251e+02
1.5687182402e+02,1.0000000000e+00,1.5687182402e+02
1.7243190669e+02,1.0000000000e+00,1.7243190669e+02
2.0163638789e+02,1.0000000000e+00,2.0163638789e+02
2.2854207945e+02,1.0000000000e+00,2.2854207945e+02
2.3629109725e+02,1.0000000000e+00,2.3629109725e+02
2.1540211088e+02,1.0000000000e+00,2.1540211088e+02
1.6965473425e+02,1.0000000000e+00,1.6965473425e+02
1.1730795074e+02,1.0000000000e+00,1.1730795074e+02
8.3207020127e+01,1.0000000000e+00,8.3207020127e+01
8.4065467087e+01,1.0000000000e+00,8.4065467087e+01
1.1813933809e+02,1.0000000000e+00,1.1813933809e+02
1.6775710358e+02,1.0000000000e+00,1.6775710358e+02
2.1141306814e+02,1.0000000000e+00,2.1141306814e+02
2.3513708478e+02,1.0000000000e+00,2.3513708478e+02
2.3624691810e+02,1.0000000000e+00,2.3624691810e+02
2.2067158115e+02,1.0000000000e+00,2.2067158115e+02
1.9857145298e+02,1.0000000000e+00,1.9857145298e+02
1.7959988183e+02,1.0000000000e+00,1.7959988183e+02
1.6723590895e+02,1.0000000000e+00,1.6723590895e+02
1.5650464075e+02,1.0000000000e+00,1.5650464075e+02
1.4029632645e+02,1.0000000000e+00,1.4029632645e+02
1.1887043657e+02,1.0000000000e+00,1.1887043657e+02
1.0095480600e+02,1.0000000000e+00,1.0095480600e+02
9.5031463420e+01,1.0000000000e+00,9.5031463420e+01
1.0067370514e+02,1.0000000000e+00,1.0067370514e+02
1.0801228025e+02,1.0000000000e+00,1.0801228025e+02
1.0494226468e+02,1.0000000000e+00,1.0494226468e+02
8.6070277848e+01,1.0000000000e+00,8.6070277848e+01
5.6699060728e+01,1.0000000000e+00,5.6699060728e+01
4.8599194910e+01,1.0000000000e+00,4.8599194910e+01
4.0499329092e+01,1.0000000000e+00,4.0499329092e+01
3.2399463273e+01,1.0000000000e+00,3.2399463273e+01
3.5857354998e+01,1.0000000000e+00,3.5857354998e+01
6.4582612306e+01,1.0000000000e+00,6.4582612306e+01
9.6300954412e+01,1.0000000000e+00,9.6300954412e+01
1.2471886629e+02,1.0000000000e+00,1.2471886629e+02
1.4678417226e+02,1.0000000000e+00,1.4678417226e+02
1.6226094284e+02,1.0000000000e+00,1.6226094284e+02
1.6985849892e+02,1.0000000000e+00,1.6985849892e+02
1.6508557410e+02,1.0000000000e+00,1.6508557410e+02
1.4368364871e+02,1.0000000000e+00,1.4368364871e+02
1.0743972962e+02,1.0000000000e+00,1.0743972962e+02
6.5842668353e+01,1.0000000000e+00,6.5842668353e+01
5.6436572874e+01,1.0000000000e+00,5.6436572874e+01
4.7030477395e+01,1.0000000000e+00,4.7030477395e+01
3.7624381916e+01,1.0000000000e+00,3.7624381916e+01
2.8218286437e+01,1.0000000000e+00,2.8218286437e+01
2.8020945630e+01,1.0000000000e+00,2.8020945630e+01
2.9474891610e+01,1.0000000000e+00,2.9474891610e+01
2.0014961164e+01,1.0000000000e+00,2.0014961164e+01
1.6011968932e+01,1.0000000000e+00,1.6011968932e+01
2.2713316307e+01,1.0000000000e+00,2.2713316307e+01
4.5426632613e+01,1.0000000000e+00,4.5426632613e+01
6.8139948920e+01,1.0000000000e+00,6.8139948920e+01
1.3152641273e+02,1.0000000000e+00,1.3152641273e+02
1.9103801104e+02,1.0000000000e+00,1.9103801104e+02
2.2169664214e+02,1.0000000000e+00,2.2169664214e+02
2.0891936987e+02,1.0000000000e+00,2.0891936987e+02
1.5758254597e+02,1.0000000000e+00,1.5758254597e+02
8.9806420749e+01,1.0000000000e+00,8.9806420749e+01
7.6976932071e+01,1.0000000000e+00,7.6976932071e+01
6.4147443392e+01,1.0000000000e+00,6.4147443392e+01
5.1317954714e+01,1.0000000000e+00,5.1317954714e+01
3.8488466035e+01,1.0000000000e+00,3.8488466035e+01
5.2686749070e+01,1.0000000000e+00,5.2686749070e+01
9.6954135728e+01,1.0000000000e+00,9.6954135728e+01
1.4078047828e+02,1.0000000000e+00,1.4078047828e+02
1.7624835726e+02,1.0000000000e+00,1.7624835726e+02
1.9925382413e+02,1.0000000000e+00,1.9925382413e+02
2.1016211646e+02,1.0000000000e+00,2.1016211646e+02
2.1154975955e+02,1.0000000000e+00,2.1154975955e+02
2.0500075551e+02,1.0000000000e+00,2.0500075551e+02
1.8978212555e+02,1.0000000000e+00,1.8978212555e+02
1.6525332101e+02,1.0000000000e+00,1.6525332101e+02
1.3460244577e+02,1.0000000000e+00,1.3460244577e+02
1.0455511683e+02,1.0000000000e+00,1.0455511683e+02
8.0392283192e+01,1.0000000000e+00,8.0392283192e+01
6.2307938194e+01,1.0000000000e+00,6.2307938194e+01
4.7301444330e+01,1.0000000000e+00,4.7301444330e+01
4.0544095140e+01,1.0000000000e+00,4.0544095140e+01
3.3786745950e+01,1.0000000000e+00,3.3786745950e+01
2.7029396760e+01,1.0000000000e+00,2.7029396760e+01
2.0272047570e+01,1.0000000000e+00,2.0272047570e+01
1.3514698380e+01,1.0000000000e+00,1.3514698380e+01
2.0362686338e+01,1.0000000000e+00,2.0362686338e+01
4.0725372676e+01,1.0000000000e+00,4.0725372676e+01
6.1088059013e+01,1.0000000000e+00,6.1088059013e+01
1.0416666667e+02,1.0000000000e+00,1.0416666667e+02
1.2500000000e+02,1.0000000000e+00,1.2500000000e+02
1.0416666667e+02,1.0000000000e+00,1.0416666667e+02
7.3392116183e+01,1.0000000000e+00,7.3392116183e+01
6.2907528156e+01,1.0000000000e+00,6.2907528156e+01
5.2422940130e+01,1.0000000000e+00,5.2422940130e+01
4.1938352104e+01,1.0000000000e+00,4.1938352104e+01
3.1453764078e+01,1.0000000000e+00,3.1453764078e+01
2.0969176052e+01,1.0000000000e+00,2.0969176052e+01
1.0484588026e+01,1.0000000000e+00,1.0484588026e+01
1.5084429435e+01,1.0000000000e+00,1.5084429435e+01
3.0168858869e+01,1.0000000000e+00,3.0168858869e+01
4.5253288304e+01,1.0000000000e+00,4.5253288304e+01
7.4445137227e+01,1.0000000000e+00,7.4445137227e+01
1.0353730668e+02,1.0000000000e+00,1.0353730668e+02
1.2726152395e+02,1.0000000000e+00,1.2726152395e+02
1.4450211385e+02,1.0000000000e+00,1.4450211385e+02
1.5915075395e+02,1.0000000000e+00,1.5915075395e+02
1.7602893390e+02,1.0000000000e+00,1.7602893390e+02
1.9582859849e+02,1.0000000000e+00,1.9582859849e+02
2.1457684608e+02,1.0000000000e+00,2.1457684608e+02
2.2780905457e+02,1.0000000000e+00,2.2780905457e+02
2.3407581875e+02,1.0000000000e+00,2.3407581875e+02
2.3416942778e+02,1.0000000000e+00,2.3416942778e+02
2.2831770698e+02,1.0000000000e+00,2.2831770698e+02
2.1509463762e+02,1.0000000000e+00,2.1509463762e+02
1.9265373465e+02,1.0000000000e+00,1.9265373465e+02
1.6056654118e+02,1.0000000000e+00,1.6056654118e+02
1.2127657821e+02,1.0000000000e+00,1.2127657821e+02
8.0823012297e+01,1.0000000000e+00,8.0823012297e+01
4.7276947741e+01,1.0000000000e+00,4.7276947741e+01
4.0523098064e+01,1.0000000000e+00,4.0523098064e+01
3.3769248387e+01,1.0000000000e+00,3.3769248387e+01
2.7015398709e+01,1.0000000000e+00,2.7015398709e+01
2.0261549032e+01,1.0000000000e+00,2.0261549032e+01
1.3507699355e+01,1.0000000000e+00,1.3507699355e+01
6.7538496773e+00,1.0000000000e+00,6.7538496773e+00
0.0000000000e+00,9.0000000000e-01,0.0000000000e+00
0.0000000000e+00,8.0000000000e-01,0.0000000000e+00
0.0000000000e+00,7.0000000000e-01,0.0000000000e+00
0.0000000000e+00,6.0000000000e-01,0.0000000000e+00
0.0000000000e+00,6.0000000000e-01,0.0000000000e+00
0.0000000000e+00,6.0000000000e-01,0.0000000000e+00
0.0000000000e+00,6.0000000000e-01,0.0000000000e+00
0.0000000000e+00,6.0000000000e-01,0.0000000000e+00
0.0000000000e+00,6.0000000000e-01,0.0000000000e+00
0.0000000000e+00,6.0000000000e-01,0.0000000000e+00
0.0000000000e+00,6.0000000000e-01,0.0000000000e+00
0.0000000000e+00,6.0000000000e-01,0.0000000000e+00
0.0000000000e+00,6.0000000000e-01,0.0000000000e+00
0.0000000000e+00,6.0000000000e-01,0.0000000000e+00
0.0000000000e+00,6.0000000000e-01,0.0000000000e+00
0.0000000000e+00,6.0000000000e-01,0.0000000000e+00
0.0000000000e+00,6.0000000000e-01,0.0000000000e+00
0.0000000000e+00,6.0000000000e-01,0.0000000000e+00
0.0000000000e+00,6.0000000000e-01,0.0000000000e+00
0.0000000000e+00,6.0000000000e-01,0.0000000000e+00
0.0000000000e+00,6.0000000000e-01,0.0000000000e+00
0.0000000000e+00,6.0000000000e-01,0.0000000000e+00
0.0000000000e+00,6.0000000000e-01,0.0000000000e+00
0.0000000000e+00,6.0000000000e-01,0.0000000000e+00
0.0000000000e+00,6.0000000000e-01,0.0000000000e+00
0.0000000000e+00,6.0000000000e-01,0.0000000000e+00
0.0000000000e+00,6.0000000000e-01,0.0000000000e+00
0.0000000000e+00,6.0000000000e-01,0.0000000000e+00
0.0000000000e+00,6.0000000000e-01,0.0000000000e+00
0.0000000000e+00,6.0000000000e-01,0.0000000000e+00
0.0000000000e+00,6.0000000000e-01,0.0000000000e+00
0.0000000000e+00,6.0000000000e-01,0.0000000000e+00
0.0000000000e+00,6.0000000000e-01,0.0000000000e+00
0.0000000000e+00,6.0000000000e-01,0.0000000000e+00
0.0000000000e+00,6.0000000000e-01,0.0000000000e+00
0.0000000000e+00,6.0000000000e-01,0.0000000000e+00
0.0000000000e+00,6.0000000000e-01,0.0000000000e+00
0.0000000000e+00,6.0000000000e-01,0.0000000000e+00
0.0000000000e+00,6.0000000000e-01,0.0000000000e+00
0.0000000000e+00,6.0000000000e-01,0.0000000000e+00
0.0000000000e+00,6.0000000000e-01,0.0000000000e+00
0.0000000000e+00,6.0000000000e-01,0.0000000000e+00
0.0000000000e+00,6.0000000000e-01,0.0000000000e+00
0.0000000000e+00,6.0000000000e-01,0.0000000000e+00
0.0000000000e+00,6.0000000000e-01,0.0000000000e+00
0.0000000000e+00,6.0000000000e-01,0.0000000000e+00
0.0000000000e+00,6.0000000000e-01,0.0000000000e+00
0.0000000000e+00,6.0000000000e-01,0.0000000000e+00
0.0000000000e+00,6.0000000000e-01,0.0000000000e+00
0.0000000000e+00,6.0000000000e-01,0.0000000000e+00
0.0000000000e+00,6.0000000000e-01,0.0000000000e+00
0.0000000000e+00,6.0000000000e-01,0.0000000000e+00
0.0000000000e+00,6.0000000000e-01,0.0000000000e+00
0.0000000000e+00,6.0000000000e-01,0.0000000000e+00
0.0000000000e+00,6.0000000000e-01,0.0000000000e+00
0.0000000000e+00,6.0000000000e-01,0.0000000000e+00
0.0000000000e+00,6.0000000000e-01,0.0000000000e+00
0.0000000000e+00,6.0000000000e-01,0.0000000000e+00
0.0000000000e+00,6.0000000000e-01,0.0000000000e+00
0.0000000000e+00,6.0000000000e-01,0.0000000000e+00
0.0000000000e+00,6.0000000000e-01,0.0000000000e+00
0.0000000000e+00,6.0000000000e-01,0.0000000000e+00
0.0000000000e+00,6.0000000000e-01,0.0000000000e+00
0.0000000000e+00,6.0000000000e-01,0.0000000000e+00
0.0000000000e+00,6.0000000000e-01,0.0000000000e+00
0.0000000000e+00,6.0000000000e-01,0.0000000000e+00
0.0000000000e+00,6.0000000000e-01,0.0000000000e+00
0.0000000000e+00,6.0000000000e-01,0.0000000000e+00
0.0000000000e+00,6.0000000000e-01,0.0000000000e+00
0.0000000000e+00,6.0000000000e-01,0.0000000000e+00
0.0000000000e+00,6.0000000000e-01,0.0000000000e+00
0.0000000000e+00,6.0000000000e-01,0.0000000000e+00
0.0000000000e+00,6.0000000000e-01,0.0000000000e+00
0.0000000000e+00,6.0000000000e-01,0.0000000000e+00
0.0000000000e+00,6.0000000000e-01,0.0000000000e+00
0.0000000000e+00,6.0000000000e-01,0.0000000000e+00
0.0000000000e+00,6.0000000000e-01,0.0000000000e+00
0.0000000000e+00,6.0000000000e-01,0.0000000000e+00
0.0000000000e+00,6.0000000000e-01,0.0000000000e+00
0.0000000000e+00,7.0000000000e-01,0.0000000000e+00
0.0000000000e+00,8.0000000000e-01,0.0000000000e+00
0.0000000000e+00,9.0000000000e-01,0.0000000000e+00
9.7408514370e+00,1.0000000000e+00,9.7408514370e+00
1.9481702874e+01,1.0000000000e+00,1.9481702874e+01
2.9222554311e+01,1.0000000000e+00,2.9222554311e+01
5.2951008322e+01,1.0000000000e+00,5.2951008322e+01
7.8421931375e+01,1.0000000000e+00,7.8421931375e+01
9.5104299452e+01,1.0000000000e+00,9.5104299452e+01
9.8933804673e+01,1.0000000000e+00,9.8933804673e+01
9.5672139435e+01,1.0000000000e+00,9.5672139435e+01
9.6902358350e+01,1.0000000000e+00,9.6902358350e+01
1.1145366353e+02,1.0000000000e+00,1.1145366353e+02
1.3732838465e+02,1.0000000000e+00,1.3732838465e+02
1.6125608558e+02,1.0000000000e+00,1.6125608558e+02
1.6830481947e+02,1.0000000000e+00,1.6830481947e+02
1.5311409209e+02,1.0000000000e+00,1.5311409209e+02
1.2265119939e+02,1.0000000000e+00,1.2265119939e+02
9.1039960936e+01,1.0000000000e+00,9.1039960936e+01
7.3330869852e+01,1.0000000000e+00,7.3330869852e+01
8.0111165544e+01,1.0000000000e+00,8.0111165544e+01
1.1179639599e+02,1.0000000000e+00,1.1179639599e+02
1.5679257461e+02,1.0000000000e+00,1.5679257461e+02
1.9836059493e+02,1.0000000000e+00,1.9836059493e+02
2.2487936816e+02,1.0000000000e+00,2.2487936816e+02
2.3344860216e+02,1.0000000000e+00,2.3344860216e+02
2.2640712570e+02,1.0000000000e+00,2.2640712570e+02
2.0853522156e+02,1.0000000000e+00,2.0853522156e+02
1.8775670538e+02,1.0000000000e+00,1.8775670538e+02
1.7412661893e+02,1.0000000000e+00,1.7412661893e+02
1.7297256503e+02,1.0000000000e+00,1.7297256503e+02
1.7739182597e+02,1.0000000000e+00,1.7739182597e+02
1.7086031354e+02,1.0000000000e+00,1.7086031354e+02
1.4167175295e+02,1.0000000000e+00,1.4167175295e+02
9.5623074699e+01,1.0000000000e+00,9.5623074699e+01
5.2855042301e+01,1.0000000000e+00,5.2855042301e+01
3.1713855296e+01,1.0000000000e+00,3.1713855296e+01
3.5696872111e+01,1.0000000000e+00,3.5696872111e+01
5.4415487974e+01,1.0000000000e+00,5.4415487974e+01
7.4563229474e+01,1.0000000000e+00,7.4563229474e+01
8.8737381538e+01,1.0000000000e+00,8.8737381538e+01
9.5871074198e+01,1.0000000000e+00,9.5871074198e+01
9.7724027268e+01,1.0000000000e+00,9.7724027268e+01
9.7165746251e+01,1.0000000000e+00,9.7165746251e+01
9.7975427616e+01,1.0000000000e+00,9.7975427616e+01
1.0362162183e+02,1.0000000000e+00,1.0362162183e+02
1.1514901807e+02,1.0000000000e+00,1.1514901807e+02
1.3076511394e+02,1.0000000000e+00,1.3076511394e+02
1.4781681903e+02,1.0000000000e+00,1.4781681903e+02
1.6393284665e+02,1.0000000000e+00,1.6393284665e+02
1.7571930590e+02,1.0000000000e+00,1.7571930590e+02
1.7813267101e+02,1.0000000000e+00,1.7813267101e+02
1.6692456848e+02,1.0000000000e+00,1.6692456848e+02
1.4199111719e+02,1.0000000000e+00,1.4199111719e+02
1.0817021985e+02,1.0000000000e+00,1.0817021985e+02
7.2983816297e+01,1.0000000000e+00,7.2983816297e+01
6.2557556826e+01,1.0000000000e+00,6.2557556826e+01
5.2131297355e+01,1.0000000000e+00,5.2131297355e+01
4.1705037884e+01,1.0000000000e+00,4.1705037884e+01
3.1278778413e+01,1.0000000000e+00,3.1278778413e+01
2.0852518942e+01,1.0000000000e+00,2.0852518942e+01
1.0426259471e+01,1.0000000000e+00,1.0426259471e+01
0.0000000000e+00,1.0000000000e+00,0.0000000000e+00
0.0000000000e+00,1.0000000000e+00,0.0000000000e+00
0.0000000000e+00,1.0000000000e+00,0.0000000000e+00
8.9477413181e+00,1.0000000000e+00,8.9477413181e+00
1.7895482636e+01,1.0000000000e+00,1.7895482636e+01
2.6843223954e+01,1.0000000000e+00,2.6843223954e+01
2.7657177986e+01,1.0000000000e+00,2.7657177986e+01
1.9173731396e+01,1.0000000000e+00,1.9173731396e+01
1.5338985117e+01,1.0000000000e+00,1.5338985117e+01
1.1504238838e+01,1.0000000000e+00,1.1504238838e+01
7.6694925583e+00,1.0000000000e+00,7.6694925583e+00
8.8254707730e+00,1.0000000000e+00,8.8254707730e+00
1.7650941546e+01,1.0000000000e+00,1.7650941546e+01
2.6476412319e+01,1.0000000000e+00,2.6476412319e+01
5.2036121807e+01,1.0000000000e+00,5.2036121807e+01
8.0670099068e+01,1.0000000000e+00,8.0670099068e+01
1.0416666667e+02,1.0000000000e+00,1.0416666667e+02
1.2500000000e+02,1.0000000000e+00,1.2500000000e+02
1.0944988913e+02,1.0000000000e+00,1.0944988913e+02
8.5849813706e+01,1.0000000000e+00,8.5849813706e+01
5.9932962252e+01,1.0000000000e+00,5.9932962252e+01
3.1699334763e+01,1.0000000000e+00,3.1699334763e+01
5.6428808306e+01,1.0000000000e+00,5.6428808306e+01
1.1044690859e+02,1.0000000000e+00,1.1044690859e+02
1.7404404355e+02,1.0000000000e+00,1.7404404355e+02
2.2497604021e+02,1.0000000000e+00,2.2497604021e+02
2.4985089199e+02,1.0000000000e+00,2.4985089199e+02
2.4561355137e+02,1.0000000000e+00,2.4561355137e+02
2.1577894258e+02,1.0000000000e+00,2.1577894258e+02
1.6984317653e+02,1.0000000000e+00,1.6984317653e+02
1.2528081503e+02,1.0000000000e+00,1.2528081503e+02
1.0363246675e+02,1.0000000000e+00,1.0363246675e+02
1.1751418220e+02,1.0000000000e+00,1.1751418220e+02
1.5872959023e+02,1.0000000000e+00,1.5872959023e+02
2.0072584259e+02,1.0000000000e+00,2.0072584259e+02
2.1511521945e+02,1.0000000000e+00,2.1511521945e+02
1.8930118337e+02,1.0000000000e+00,1.8930118337e+02
1.3393986835e+02,1.0000000000e+00,1.3393986835e+02
7.7012032192e+01,1.0000000000e+00,7.7012032192e+01
4.7951705149e+01,1.0000000000e+00,4.7951705149e+01
6.1324679822e+01,1.0000000000e+00,6.1324679822e+01
1.1033883376e+02,1.0000000000e+00,1.1033883376e+02
1.7296867425e+02,1.0000000000e+00,1.7296867425e+02
2.2479199855e+02,1.0000000000e+00,2.2479199855e+02
2.4927615697e+02,1.0000000000e+00,2.4927615697e+02
2.4039486959e+02,1.0000000000e+00,2.4039486959e+02
2.0103464357e+02,1.0000000000e+00,2.0103464357e+02
1.4262748680e+02,1.0000000000e+00,1.4262748680e+02
8.3749059500e+01,1.0000000000e+00,8.3749059500e+01
4.2369264131e+01,1.0000000000e+00,4.2369264131e+01
2.5620889223e+01,1.0000000000e+00,2.5620889223e+01
3.7293482855e+01,1.0000000000e+00,3.7293482855e+01
4.9018827451e+01,1.0000000000e+00,4.9018827451e+01
6.0796923009e+01,1.0000000000e+00,6.0796923009e+01
7.2627769530e+01,1.0000000000e+00,7.2627769530e+01
8.4511367014e+01,1.0000000000e+00,8.4511367014e+01
9.6447715461e+01,1.0000000000e+00,9.6447715461e+01
1.0843681487e+02,1.0000000000e+00,1.0843681487e+02
1.2047866524e+02,1.0000000000e+00,1.2047866524e+02
1.3038208670e+02,1.0000000000e+00,1.3038208670e+02
1.2500000000e+02,1.0000000000e+00,1.2500000000e+02
1.0416666667e+02,1.0000000000e+00,1.0416666667e+02
8.0034735155e+01,1.0000000000e+00,8.0034735155e+01
5.6273888839e+01,1.0000000000e+00,5.6273888839e+01
4.8234761862e+01,1.0000000000e+00,4.8234761862e+01
4.0195634885e+01,1.0000000000e+00,4.0195634885e+01
3.2156507908e+01,1.0000000000e+00,3.2156507908e+01
2.4117380931e+01,1.0000000000e+00,2.4117380931e+01
1.6078253954e+01,1.0000000000e+00,1.6078253954e+01
8.0391269770e+00,1.0000000000e+00,8.0391269770e+00
0.0000000000e+00,1.0000000000e+00,0.0000000000e+00
0.0000000000e+00,1.0000000000e+00,0.0000000000e+00
2.0248042219e+01,1.0000000000e+00,2.0248042219e+01
4.0496084438e+01,1.0000000000e+00,4.0496084438e+01
6.0744126657e+01,1.0000000000e+00,6.0744126657e+01
1.2215469346e+02,1.0000000000e+00,1.2215469346e+02
1.7671372474e+02,1.0000000000e+00,1.7671372474e+02
1.9781931339e+02,1.0000000000e+00,1.9781931339e+02
1.7479427722e+02,1.0000000000e+00,1.7479427722e+02
1.2131371787e+02,1.0000000000e+00,1.2131371787e+02
6.6921379479e+01,1.0000000000e+00,6.6921379479e+01
3.6984945905e+01,1.0000000000e+00,3.6984945905e+01
3.7051457673e+01,1.0000000000e+00,3.7051457673e+01
5.3714456288e+01,1.0000000000e+00,5.3714456288e+01
6.9016985561e+01,1.0000000000e+00,6.9016985561e+01
7.4976758452e+01,1.0000000000e+00,7.4976758452e+01
7.7244027271e+01,1.0000000000e+00,7.7244027271e+01
8.7077261965e+01,1.0000000000e+00,8.7077261965e+01
1.1029333367e+02,1.0000000000e+00,1.1029333367e+02
1.4330125717e+02,1.0000000000e+00,1.4330125717e+02
1.7743140569e+02,1.0000000000e+00,1.7743140569e+02
2.0400459612e+02,1.0000000000e+00,2.0400459612e+02
2.1552039665e+02,1.0000000000e+00,2.1552039665e+02
2.0629800741e+02,1.0000000000e+00,2.0629800741e+02
1.7573514791e+02,1.0000000000e+00,1.7573514791e+02
1.3108458368e+02,1.0000000000e+00,1.3108458368e+02
8.5030198743e+01,1.0000000000e+00,8.5030198743e+01
4.8820319170e+01,1.0000000000e+00,4.8820319170e+01
4.1845987860e+01,1.0000000000e+00,4.1845987860e+01
3.4871656550e+01,1.0000000000e+00,3.4871656550e+01
2.7897325240e+01,1.0000000000e+00,2.7897325240e+01
2.0922993930e+01,1.0000000000e+00,2.0922993930e+01
1.3948662620e+01,1.0000000000e+00,1.3948662620e+01
6.9743313100e+00,1.0000000000e+00,6.9743313100e+00
0.0000000000e+00,1.0000000000e+00,0.0000000000e+00
0.0000000000e+00,1.0000000000e+00,0.0000000000e+00
0.0000000000e+00,1.0000000000e+00,0.0000000000e+00
0.0000000000e+00,1.0000000000e+00,0.0000000000e+00
0.0000000000e+00,1.0000000000e+00,0.0000000000e+00
8.3379206591e+00,1.0000000000e+00,8.3379206591e+00
1.6675841318e+01,1.0000000000e+00,1.6675841318e+01
2.5013761977e+01,1.0000000000e+00,2.5013761977e+01
3.0560566046e+01,1.0000000000e+00,3.0560566046e+01
3.7496867252e+01,1.0000000000e+00,3.7496867252e+01
4.6284274452e+01,1.0000000000e+00,4.6284274452e+01
5.5003606604e+01,1.0000000000e+00,5.5003606604e+01
6.1752104699e+01,1.0000000000e+00,6.1752104699e+01
6.7178792650e+01,1.0000000000e+00,6.7178792650e+01
7.3328384372e+01,1.0000000000e+00,7.3328384372e+01
8.0453016698e+01,1.0000000000e+00,8.0453016698e+01
8.6559805987e+01,1.0000000000e+00,8.6559805987e+01
9.0547511794e+01,1.0000000000e+00,9.0547511794e+01
9.4571449823e+01,1.0000000000e+00,9.4571449823e+01
1.0195102537e+02,1.0000000000e+00,1.0195102537e+02
1.1284498929e+02,1.0000000000e+00,1.1284498929e+02
1.2332195441e+02,1.0000000000e+00,1.2332195441e+02
1.2922221732e+02,1.0000000000e+00,1.2922221732e+02
1.3005161843e+02,1.0000000000e+00,1.3005161843e+02
1.2868041720e+02,1.0000000000e+00,1.2868041720e+02
1.2825021826e+02,1.0000000000e+00,1.2825021826e+02
1.3018579082e+02,1.0000000000e+00,1.3018579082e+02
1.3392295947e+02,1.0000000000e+00,1.3392295947e+02
1.3640125760e+02,1.0000000000e+00,1.3640125760e+02
1.3227484759e+02,1.0000000000e+00,1.3227484759e+02
1.1726186835e+02,1.0000000000e+00,1.1726186835e+02
9.2279460879e+01,1.0000000000e+00,9.2279460879e+01
6.3502883085e+01,1.0000000000e+00,6.3502883085e+01
5.4431042645e+01,1.0000000000e+00,5.4431042645e+01
4.5359202204e+01,1.0000000000e+00,4.5359202204e+01
3.6287361763e+01,1.0000000000e+00,3.6287361763e+01
2.7215521322e+01,1.0000000000e+00,2.7215521322e+01
1.8143680882e+01,1.0000000000e+00,1.8143680882e+01
9.0718404408e+00,1.0000000000e+00,9.0718404408e+00
0.0000000000e+00,9.0000000000e-01,0.0000000000e+00
0.0000000000e+00,8.0000000000e-01,0.0000000000e+00
0.0000000000e+00,7.0000000000e-01,0.0000000000e+00
0.0000000000e+00,6.0000000000e-01,0.0000000000e+00
0.0000000000e+00,6.0000000000e-01,0.0000000000e+00
0.0000000000e+00,6.0000000000e-01,0.0000000000e+00
0.0000000000e+00,6.0000000000e-01,0.0000000000e+00
0.0000000000e+00,6.0000000000e-01,0.0000000000e+00
0.0000000000e+00,6.0000000000e-01,0.0000000000e+00
0.0000000000e+00,6.0000000000e-01,0.0000000000e+00
0.0000000000e+00,6.0000000000e-01,0.0000000000e+00
0.0000000000e+00,6.0000000000e-01,0.0000000000e+00
0.0000000000e+00,6.0000000000e-01,0.0000000000e+00
0.0000000000e+00,6.0000000000e-01,0.0000000000e+00
0.0000000000e+00,6.0000000000e-01,0.0000000000e+00
0.0000000000e+00,6.0000000000e-01,0.0000000000e+00
0.0000000000e+00,6.0000000000e-01,0.0000000000e+00
0.0000000000e+00,6.0000000000e-01,0.0000000000e+00
0.0000000000e+00,6.0000000000e-01,0.0000000000e+00
0.0000000000e+00,6.0000000000e-01,0.0000000000e+00
0.0000000000e+00,6.0000000000e-01,0.0000000000e+00
0.0000000000e+00,6.0000000000e-01,0.0000000000e+00
0.0000000000e+00,6.0000000000e-01,0.0000000000e+00
0.0000000000e+00,6.0000000000e-01,0.0000000000e+00
0.0000000000e+00,6.0000000000e-01,0.0000000000e+00
0.0000000000e+00,6.0000000000e-01,0.0000000000e+00
0.0000000000e+00,6.0000000000e-01,0.0000000000e+00
0.0000000000e+00,6.0000000000e-01,0.0000000000e+00
0.0000000000e+00,6.0000000000e-01,0.0000000000e+00
0.0000000000e+00,6.0000000000e-01,0.0000000000e+00
0.0000000000e+00,6.0000000000e-01,0.0000000000e+00
0.0000000000e+00,6.0000000000e-01,0.0000000000e+00
0.0000000000e+00,6.0000000000e-01,0.0000000000e+00
0.0000000000e+00,6.0000000000e-01,0.0000000000e+00
0.0000000000e+00,6.0000000000e-01,0.0000000000e+00
0.0000000000e+00,6.0000000000e-01,0.0000000000e+00
0.0000000000e+00,6.0000000000e-01,0.0000000000e+00
0.0000000000e+00,6.0000000000e-01,0.0000000000e+00
0.0000000000e+00,6.0000000000e-01,0.0000000000e+00
0.0000000000e+00,6.0000000000e-01,0.0000000000e+00
0.0000000000e+00,6.0000000000e-01,0.0000000000e+00
0.0000000000e+00,6.0000000000e-01,0.0000000000e+00
0.0000000000e+00,6.0000000000e-01,0.0000000000e+00
0.0000000000e+00,6.0000000000e-01,0.0000000000e+00
0.0000000000e+00,6.0000000000e-01,0.0000000000e+00
0.0000000000e+00,6.0000000000e-01,0.0000000000e+00
0.0000000000e+00,6.0000000000e-01,0.0000000000e+00
0.0000000000e+00,6.0000000000e-01,0.0000000000e+00
0.0000000000e+00,6.0000000000e-01,0.0000000000e+00
0.0000000000e+00,6.0000000000e-01,0.0000000000e+00
0.0000000000e+00,6.0000000000e-01,0.0000000000e+00
0.0000000000e+00,6.0000000000e-01,0.0000000000e+00
0.0000000000e+00,6.0000000000e-01,0.0000000000e+00
0.0000000000e+00,6.0000000000e-01,0.0000000000e+00
0.0000000000e+00,6.0000000000e-01,0.0000000000e+00
0.0000000000e+00,6.0000000000e-01,0.0000000000e+00
0.0000000000e+00,6.0000000000e-01,0.0000000000e+00
0.0000000000e+00,6.0000000000e-01,0.0000000000e+00
0.0000000000e+00,6.0000000000e-01,0.0000000000e+00
0.0000000000e+00,6.0000000000e-01,0.0000000000e+00
0.0000000000e+00,6.0000000000e-01,0.0000000000e+00
0.0000000000e+00,6.0000000000e-01,0.0000000000e+00
0.0000000000e+00,6.0000000000e-01,0.0000000000e+00
0.0000000000e+00,6.0000000000e-01,0.0000000000e+00
0.0000000000e+00,6.0000000000e-01,0.0000000000e+00
0.0000000000e+00,6.0000000000e-01,0.0000000000e+00
0.0000000000e+00,6.0000000000e-01,0.0000000000e+00
0.0000000000e+00,6.0000000000e-01,0.0000000000e+00
0.0000000000e+00,6.0000000000e-01,0.0000000000e+00
0.0000000000e+00,6.0000000000e-01,0.0000000000e+00
0.0000000000e+00,6.0000000000e-01,0.0000000000e+00
0.0000000000e+00,6.0000000000e-01,0.0000000000e+00
0.0000000000e+00,6.0000000000e-01,0.0000000000e+00
0.0000000000e+00,6.0000000000e-01,0.0000000000e+00
0.0000000000e+00,6.0000000000e-01,0.0000000000e+00
0.0000000000e+00,6.0000000000e-01,0.0000000000e+00
0.0000000000e+00,6.0000000000e-01,0.0000000000e+00
0.0000000000e+00,7.0000000000e-01,0.0000000000e+00
0.0000000000e+00,8.0000000000e-01,0.0000000000e+00
0.0000000000e+00,9.0000000000e-01,0.0000000000e+00
8.7995677397e+00,1.0000000000e+00,8.7995677397e+00
1.7599135479e+01,1.0000000000e+00,1.7599135479e+01
2.6398703219e+01,1.0000000000e+00,2.6398703219e+01
5.3696335264e+01,1.0000000000e+00,5.3696335264e+01
7.9280762459e+01,1.0000000000e+00,7.9280762459e+01
9.8244593743e+01,1.0000000000e+00,9.8244593743e+01
1.1300352954e+02,1.0000000000e+00,1.1300352954e+02
1.2935827084e+02,1.0000000000e+00,1.2935827084e+02
1.4931867220e+02,1.0000000000e+00,1.4931867220e+02
1.6822266005e+02,1.0000000000e+00,1.6822266005e+02
1.7895290568e+02,1.0000000000e+00,1.7895290568e+02
1.7948603714e+02,1.0000000000e+00,1.7948603714e+02
1.7566214532e+02,1.0000000000e+00,1.7566214532e+02
1.7590501269e+02,1.0000000000e+00,1.7590501269e+02
1.8420903669e+02,1.0000000000e+00,1.8420903669e+02
1.9831372549e+02,1.0000000000e+00,1.9831372549e+02
2.1271610002e+02,1.0000000000e+00,2.1271610002e+02
2.2253607916e+02,1.0000000000e+00,2.2253607916e+02
2.2601471408e+02,1.0000000000e+00,2.2601471408e+02
2.2513459255e+02,1.0000000000e+00,2.2513459255e+02
2.2414403898e+02,1.0000000000e+00,2.2414403898e+02
2.2628452392e+02,1.0000000000e+00,2.2628452392e+02
2.3028172141e+02,1.0000000000e+00,2.3028172141e+02
2.2941513246e+02,1.0000000000e+00,2.2941513246e+02
2.1526574970e+02,1.0000000000e+00,2.1526574970e+02
1.8462369017e+02,1.0000000000e+00,1.8462369017e+02
1.4396435241e+02,1.0000000000e+00,1.4396435241e+02
1.0627488157e+02,1.0000000000e+00,1.0627488157e+02
8.2305543983e+01,1.0000000000e+00,8.2305543983e+01
7.4970970625e+01,1.0000000000e+00,7.4970970625e+01
8.1332040787e+01,1.0000000000e+00,8.1332040787e+01
9.6955525359e+01,1.0000000000e+00,9.6955525359e+01
1.1677757654e+02,1.0000000000e+00,1.1677757654e+02
1.3447623193e+02,1.0000000000e+00,1.3447623193e+02
1.4546709735e+02,1.0000000000e+00,1.4546709735e+02
1.5147899684e+02,1.0000000000e+00,1.5147899684e+02
1.5920523233e+02,1.0000000000e+00,1.5920523233e+02
1.7283378488e+02,1.0000000000e+00,1.7283378488e+02
1.8903142761e+02,1.0000000000e+00,1.8903142761e+02
1.9909536757e+02,1.0000000000e+00,1.9909536757e+02
1.9468051471e+02,1.0000000000e+00,1.9468051471e+02
1.7287862718e+02,1.0000000000e+00,1.7287862718e+02
1.3926794876e+02,1.0000000000e+00,1.3926794876e+02
1.0667509649e+02,1.0000000000e+00,1.0667509649e+02
8.7525243606e+01,1.0000000000e+00,8.7525243606e+01
8.4298736469e+01,1.0000000000e+00,8.4298736469e+01
8.8029717389e+01,1.0000000000e+00,8.8029717389e+01
8.8396710738e+01,1.0000000000e+00,8.8396710738e+01
8.5062026256e+01,1.0000000000e+00,8.5062026256e+01
8.6723217286e+01,1.0000000000e+00,8.6723217286e+01
9.9221868794e+01,1.0000000000e+00,9.9221868794e+01
1.1719734091e+02,1.0000000000e+00,1.1719734091e+02
1.2773909528e+02,1.0000000000e+00,1.2773909528e+02
1.2086488002e+02,1.0000000000e+00,1.2086488002e+02
9.6859937684e+01,1.0000000000e+00,9.6859937684e+01
6.5081999442e+01,1.0000000000e+00,6.5081999442e+01
5.5784570950e+01,1.0000000000e+00,5.5784570950e+01
4.6487142458e+01,1.0000000000e+00,4.6487142458e+01
3.7189713967e+01,1.0000000000e+00,3.7189713967e+01
2.7892285475e+01,1.0000000000e+00,2.7892285475e+01
1.8594856983e+01,1.0000000000e+00,1.8594856983e+01
9.2974284917e+00,1.0000000000e+00,9.2974284917e+00
0.0000000000e+00,1.0000000000e+00,0.0000000000e+00
2.0399305556e+01,1.0000000000e+00,2.0399305556e+01
4.0798611111e+01,1.0000000000e+00,4.0798611111e+01
6.1197916667e+01,1.0000000000e+00,6.1197916667e+01
1.0416666667e+02,1.0000000000e+00,1.0416666667e+02
1.2500000000e+02,1.0000000000e+00,1.2500000000e+02
1.0416666667e+02,1.0000000000e+00,1.0416666667e+02
8.9285714286e+01,1.0000000000e+00,8.9285714286e+01
7.4404761905e+01,1.0000000000e+00,7.4404761905e+01
5.9523809524e+01,1.0000000000e+00,5.9523809524e+01
4.4642857143e+01,1.0000000000e+00,4.4642857143e+01
4.0228853159e+01,1.0000000000e+00,4.0228853159e+01
7.4172639588e+01,1.0000000000e+00,7.4172639588e+01
1.0101273361e+02,1.0000000000e+00,1.0101273361e+02
1.1019856505e+02,1.0000000000e+00,1.1019856505e+02
1.0388664953e+02,1.0000000000e+00,1.0388664953e+02
9.2043924450e+01,1.0000000000e+00,9.2043924450e+01
8.2142917410e+01,1.0000000000e+00,8.2142917410e+01
7.6192676948e+01,1.0000000000e+00,7.6192676948e+01
7.6437914621e+01,1.0000000000e+00,7.6437914621e+01
8.9591602838e+01,1.0000000000e+00,8.9591602838e+01
1.2151522293e+02,1.0000000000e+00,1.2151522293e+02
1.6765207507e+02,1.0000000000e+00,1.6765207507e+02
2.1219169421e+02,1.0000000000e+00,2.1219169421e+02
2.3785114106e+02,1.0000000000e+00,2.3785114106e+02
2.3531992758e+02,1.0000000000e+00,2.3531992758e+02
2.0600028818e+02,1.0000000000e+00,2.0600028818e+02
1.6085124322e+02,1.0000000000e+00,1.6085124322e+02
1.1729296314e+02,1.0000000000e+00,1.1729296314e+02
9.3180264115e+01,1.0000000000e+00,9.3180264115e+01
9.8806359023e+01,1.0000000000e+00,9.8806359023e+01
1.3012223331e+02,1.0000000000e+00,1.3012223331e+02
1.6729837093e+02,1.0000000000e+00,1.6729837093e+02
1.8322030889e+02,1.0000000000e+00,1.8322030889e+02
1.6090285033e+02,1.0000000000e+00,1.6090285033e+02
1.0766688998e+02,1.0000000000e+00,1.0766688998e+02
5.2389047151e+01,1.0000000000e+00,5.2389047151e+01
2.6818796631e+01,1.0000000000e+00,2.6818796631e+01
4.5600008234e+01,1.0000000000e+00,4.5600008234e+01
9.7545173873e+01,1.0000000000e+00,9.7545173873e+01
1.5195723511e+02,1.0000000000e+00,1.5195723511e+02
1.7781579290e+02,1.0000000000e+00,1.7781579290e+02
1.6539580770e+02,1.0000000000e+00,1.6539580770e+02
1.3283240776e+02,1.0000000000e+00,1.3283240776e+02
1.0948562092e+02,1.0000000000e+00,1.0948562092e+02
1.1078537214e+02,1.0000000000e+00,1.1078537214e+02
1.2848454334e+02,1.0000000000e+00,1.2848454334e+02
1.4213473188e+02,1.0000000000e+00,1.4213473188e+02
1.3635940929e+02,1.0000000000e+00,1.3635940929e+02
1.0959727344e+02,1.0000000000e+00,1.0959727344e+02
7.2752861290e+01,1.0000000000e+00,7.2752861290e+01
4.1463205618e+01,1.0000000000e+00,4.1463205618e+01
2.6348073755e+01,1.0000000000e+00,2.6348073755e+01
5.0184528912e+01,1.0000000000e+00,5.0184528912e+01
7.1831670387e+01,1.0000000000e+00,7.1831670387e+01
9.1289498181e+01,1.0000000000e+00,9.1289498181e+01
1.0855801229e+02,1.0000000000e+00,1.0855801229e+02
1.2363721272e+02,1.0000000000e+00,1.2363721272e+02
1.2500000000e+02,1.0000000000e+00,1.2500000000e+02
1.0416666667e+02,1.0000000000e+00,1.0416666667e+02
7.9421564793e+01,1.0000000000e+00,7.9421564793e+01
5.3812086391e+01,1.0000000000e+00,5.3812086391e+01
4.6124645478e+01,1.0000000000e+00,4.6124645478e+01
3.8437204565e+01,1.0000000000e+00,3.8437204565e+01
3.0749763652e+01,1.0000000000e+00,3.0749763652e+01
4.0798611111e+01,1.0000000000e+00,4.0798611111e+01
6.1197916667e+01,1.0000000000e+00,6.1197916667e+01
1.0416666667e+02,1.0000000000e+00,1.0416666667e+02
1.2500000000e+02,1.0000000000e+00,1.2500000000e+02
1.0416666667e+02,1.0000000000e+00,1.0416666667e+02
8.9285714286e+01,1.0000000000e+00,8.9285714286e+01
7.4404761905e+01,1.0000000000e+00,7.4404761905e+01
5.9523809524e+01,1.0000000000e+00,5.9523809524e+01
5.8027998664e+01,1.0000000000e+00,5.8027998664e+01
1.1214000593e+02,1.0000000000e+00,1.1214000593e+02
1.6836023256e+02,1.0000000000e+00,1.6836023256e+02
2.1042467596e+02,1.0000000000e+00,2.1042467596e+02
2.3174915520e+02,1.0000000000e+00,2.3174915520e+02
2.3688399407e+02,1.0000000000e+00,2.3688399407e+02
2.3532570533e+02,1.0000000000e+00,2.3532570533e+02
2.3375695068e+02,1.0000000000e+00,2.3375695068e+02
2.3203388212e+02,1.0000000000e+00,2.3203388212e+02
2.2468781917e+02,1.0000000000e+00,2.2468781917e+02
2.0681351797e+02,1.0000000000e+00,2.0681351797e+02
1.8052807670e+02,1.0000000000e+00,1.8052807670e+02
1.5601006921e+02,1.0000000000e+00,1.5601006921e+02
1.4462814954e+02,1.0000000000e+00,1.4462814954e+02
1.5054327264e+02,1.0000000000e+00,1.5054327264e+02
1.6914252959e+02,1.0000000000e+00,1.6914252959e+02
1.9210637194e+02,1.0000000000e+00,1.9210637194e+02
2.1275376202e+02,1.0000000000e+00,2.1275376202e+02
2.2749465729e+02,1.0000000000e+00,2.2749465729e+02
2.3378274797e+02,1.0000000000e+00,2.3378274797e+02
2.2804342542e+02,1.0000000000e+00,2.2804342542e+02
2.0700386371e+02,1.0000000000e+00,2.0700386371e+02
1.7180196149e+02,1.0000000000e+00,1.7180196149e+02
1.3005243218e+02,1.0000000000e+00,1.3005243218e+02
9.2204168353e+01,1.0000000000e+00,9.2204168353e+01
6.4865479976e+01,1.0000000000e+00,6.4865479976e+01
4.7837626285e+01,1.0000000000e+00,4.7837626285e+01
3.7426860771e+01,1.0000000000e+00,3.7426860771e+01
3.1238728257e+01,1.0000000000e+00,3.1238728257e+01
2.8827311897e+01,1.0000000000e+00,2.8827311897e+01
2.8759950424e+01,1.0000000000e+00,2.8759950424e+01
2.7318921621e+01,1.0000000000e+00,2.7318921621e+01
2.0542821731e+01,1.0000000000e+00,2.0542821731e+01
1.6434257385e+01,1.0000000000e+00,1.6434257385e+01
1.6765811857e+01,1.0000000000e+00,1.6765811857e+01
2.5148717786e+01,1.0000000000e+00,2.5148717786e+01
4.8886877644e+01,1.0000000000e+00,4.8886877644e+01
7.3079102184e+01,1.0000000000e+00,7.3079102184e+01
8.4894285522e+01,1.0000000000e+00,8.4894285522e+01
8.1152554357e+01,1.0000000000e+00,8.1152554357e+01
7.1117233983e+01,1.0000000000e+00,7.1117233983e+01
6.8324399276e+01,1.0000000000e+00,6.8324399276e+01
7.9933026597e+01,1.0000000000e+00,7.9933026597e+01
1.0249770629e+02,1.0000000000e+00,1.0249770629e+02
1.2541322847e+02,1.0000000000e+00,1.2541322847e+02
1.3782268564e+02,1.0000000000e+00,1.3782268564e+02
1.3488321238e+02,1.0000000000e+00,1.3488321238e+02
1.2052551796e+02,1.0000000000e+00,1.2052551796e+02
1.0511667836e+02,1.0000000000e+00,1.0511667836e+02
9.9712844289e+01,1.0000000000e+00,9.9712844289e+01
1.1052161508e+02,1.0000000000e+00,1.1052161508e+02
1.3594313611e+02,1.0000000000e+00,1.3594313611e+02
1.6755416539e+02,1.0000000000e+00,1.6755416539e+02
1.9509325885e+02,1.0000000000e+00,1.9509325885e+02
2.1234950319e+02,1.0000000000e+00,2.1234950319e+02
2.1963268130e+02,1.0000000000e+00,2.1963268130e+02
2.2144729528e+02,1.0000000000e+00,2.2144729528e+02
2.2209173271e+02,1.0000000000e+00,2.2209173271e+02
2.2318970575e+02,1.0000000000e+00,2.2318970575e+02
2.2448028358e+02,1.0000000000e+00,2.2448028358e+02
2.2579920410e+02,1.0000000000e+00,2.2579920410e+02
2.2781068232e+02,1.0000000000e+00,2.2781068232e+02
2.3095782608e+02,1.0000000000e+00,2.3095782608e+02
2.3365381817e+02,1.0000000000e+00,2.3365381817e+02
2.3133437787e+02,1.0000000000e+00,2.3133437787e+02
2.1780989702e+02,1.0000000000e+00,2.1780989702e+02
1.8898331163e+02,1.0000000000e+00,1.8898331163e+02
1.4682993404e+02,1.0000000000e+00,1.4682993404e+02
1.0022387944e+02,1.0000000000e+00,1.0022387944e+02
6.0653686877e+01,1.0000000000e+00,6.0653686877e+01
5.1988874466e+01,1.0000000000e+00,5.1988874466e+01
4.3324062055e+01,1.0000000000e+00,4.3324062055e+01
3.4659249644e+01,1.0000000000e+00,3.4659249644e+01
2.5994437233e+01,1.0000000000e+00,2.5994437233e+01
1.7329624822e+01,1.0000000000e+00,1.7329624822e+01
8.6648124109e+00,1.0000000000e+00,8.6648124109e+00
0.0000000000e+00,1.0000000000e+00,0.0000000000e+00
0.0000000000e+00,1.0000000000e+00,0.0000000000e+00
0.0000000000e+00,1.0000000000e+00,0.0000000000e+00
0.0000000000e+00,1.0000000000e+00,0.0000000000e+00
0.0000000000e+00,1.0000000000e+00,0.0000000000e+00
1.3445396331e+01,1.0000000000e+00,1.3445396331e+01
2.6890792662e+01,1.0000000000e+00,2.6890792662e+01
4.0336188993e+01,1.0000000000e+00,4.0336188993e+01
7.5058411215e+01,1.0000000000e+00,7.5058411215e+01
1.0416666667e+02,1.0000000000e+00,1.0416666667e+02
1.2500000000e+02,1.0000000000e+00,1.2500000000e+02
1.2159267913e+02,1.0000000000e+00,1.2159267913e+02
1.0416666667e+02,1.0000000000e+00,1.0416666667e+02
8.5604880582e+01,1.0000000000e+00,8.5604880582e+01
6.5907320872e+01,1.0000000000e+00,6.5907320872e+01
4.5073987539e+01,1.0000000000e+00,4.5073987539e+01
3.8634846462e+01,1.0000000000e+00,3.8634846462e+01
3.2195705385e+01,1.0000000000e+00,3.2195705385e+01
2.5756564308e+01,1.0000000000e+00,2.5756564308e+01
1.9317423231e+01,1.0000000000e+00,1.9317423231e+01
1.2878282154e+01,1.0000000000e+00,1.2878282154e+01
9.1270723426e+00,1.0000000000e+00,9.1270723426e+00
1.8254144685e+01,1.0000000000e+00,1.8254144685e+01
2.7381217028e+01,1.0000000000e+00,2.7381217028e+01
4.8352517549e+01,1.0000000000e+00,4.8352517549e+01
7.5894297944e+01,1.0000000000e+00,7.5894297944e+01
1.0282688511e+02,1.0000000000e+00,1.0282688511e+02
1.2247462293e+02,1.0000000000e+00,1.2247462293e+02
1.3370903336e+02,1.0000000000e+00,1.3370903336e+02
1.4026651802e+02,1.0000000000e+00,1.4026651802e+02
1.4526276374e+02,1.0000000000e+00,1.4526276374e+02
1.4832827179e+02,1.0000000000e+00,1.4832827179e+02
1.4878113418e+02,1.0000000000e+00,1.4878113418e+02
1.4922450491e+02,1.0000000000e+00,1.4922450491e+02
1.5344065142e+02,1.0000000000e+00,1.5344065142e+02
1.6128603453e+02,1.0000000000e+00,1.6128603453e+02
1.6795339604e+02,1.0000000000e+00,1.6795339604e+02
1.6858270321e+02,1.0000000000e+00,1.6858270321e+02
1.6201110522e+02,1.0000000000e+00,1.6201110522e+02
1.4999591445e+02,1.0000000000e+00,1.4999591445e+02
1.3482841624e+02,1.0000000000e+00,1.3482841624e+02
1.1840258382e+02,1.0000000000e+00,1.1840258382e+02
1.0210933123e+02,1.0000000000e+00,1.0210933123e+02
8.6520968601e+01,1.0000000000e+00,8.6520968601e+01
7.1280221053e+01,1.0000000000e+00,7.1280221053e+01
5.5692560582e+01,1.0000000000e+00,5.5692560582e+01
3.9802587156e+01,1.0000000000e+00,3.9802587156e+01
3.4116503277e+01,1.0000000000e+00,3.4116503277e+01
2.8430419397e+01,1.0000000000e+00,2.8430419397e+01
2.2744335518e+01,1.0000000000e+00,2.2744335518e+01
1.7058251638e+01,1.0000000000e+00,1.7058251638e+01
1.1372167759e+01,1.0000000000e+00,1.1372167759e+01
5.6860838795e+00,1.0000000000e+00,5.6860838795e+00
0.0000000000e+00,9.0000000000e-01,0.0000000000e+00
0.0000000000e+00,8.0000000000e-01,0.0000000000e+00
0.0000000000e+00,7.0000000000e-01,0.0000000000e+00
0.0000000000e+00,6.0000000000e-01,0.0000000000e+00
0.0000000000e+00,6.0000000000e-01,0.0000000000e+00
0.0000000000e+00,6.0000000000e-01,0.0000000000e+00
0.0000000000e+00,6.0000000000e-01,0.0000000000e+00
0.0000000000e+00,6.0000000000e-01,0.0000000000e+00
0.0000000000e+00,6.0000000000e-01,0.0000000000e+00
0.0000000000e+00,6.0000000000e-01,0.0000000000e+00
0.0000000000e+00,6.0000000000e-01,0.0000000000e+00
0.0000000000e+00,6.0000000000e-01,0.0000000000e+00
0.0000000000e+00,6.0000000000e-01,0.0000000000e+00
0.0000000000e+00,6.0000000000e-01,0.0000000000e+00
0.0000000000e+00,6.0000000000e-01,0.0000000000e+00
0.0000000000e+00,6.0000000000e-01,0.0000000000e+00
0.0000000000e+00,6.0000000000e-01,0.0000000000e+00
0.0000000000e+00,6.0000000000e-01,0.0000000000e+00
0.0000000000e+00,6.0000000000e-01,0.0000000000e+00
0.0000000000e+00,6.0000000000e-01,0.0000000000e+00
0.0000000000e+00,7.0000000000e-01,0.0000000000e+00
0.0000000000e+00,8.0000000000e-01,0.0000000000e+00
0.0000000000e+00,9.0000000000e-01,0.0000000000e+00
2.0703309927e+01,1.0000000000e+00,2.0703309927e+01
4.1406619854e+01,1.0000000000e+00,4.1406619854e+01
6.2109929780e+01,1.0000000000e+00,6.2109929780e+01
1.1132614997e+02,1.0000000000e+00,1.1132614997e+02
1.5505508100e+02,1.0000000000e+00,1.5505508100e+02
1.8458116263e+02,1.0000000000e+00,1.8458116263e+02
1.9816145207e+02,1.0000000000e+00,1.9816145207e+02
1.9648511299e+02,1.0000000000e+00,1.9648511299e+02
1.8014532835e+02,1.0000000000e+00,1.8014532835e+02
1.5243620448e+02,1.0000000000e+00,1.5243620448e+02
1.2278164658e+02,1.0000000000e+00,1.2278164658e+02
1.0567790810e+02,1.0000000000e+00,1.0567790810e+02
1.1348735614e+02,1.0000000000e+00,1.1348735614e+02
1.4709144651e+02,1.0000000000e+00,1.4709144651e+02
1.9313624628e+02,1.0000000000e+00,1.9313624628e+02
2.3126472693e+02,1.0000000000e+00,2.3126472693e+02
2.4433519713e+02,1.0000000000e+00,2.4433519713e+02
2.2473560402e+02,1.0000000000e+00,2.2473560402e+02
1.7770353524e+02,1.0000000000e+00,1.7770353524e+02
1.2256862827e+02,1.0000000000e+00,1.2256862827e+02
8.6405542482e+01,1.0000000000e+00,8.6405542482e+01
8.7891944356e+01,1.0000000000e+00,8.7891944356e+01
1.2332945226e+02,1.0000000000e+00,1.2332945226e+02
1.7024541216e+02,1.0000000000e+00,1.7024541216e+02
2.0604621438e+02,1.0000000000e+00,2.0604621438e+02
2.2250807570e+02,1.0000000000e+00,2.2250807570e+02
2.2449596471e+02,1.0000000000e+00,2.2449596471e+02
2.2045202697e+02,1.0000000000e+00,2.2045202697e+02
2.1660429896e+02,1.0000000000e+00,2.1660429896e+02
2.1620988191e+02,1.0000000000e+00,2.1620988191e+02
2.1834690416e+02,1.0000000000e+00,2.1834690416e+02
2.1556275177e+02,1.0000000000e+00,2.1556275177e+02
1.9651265933e+02,1.0000000000e+00,1.9651265933e+02
1.5620039322e+02,1.0000000000e+00,1.5620039322e+02
1.0465910597e+02,1.0000000000e+00,1.0465910597e+02
6.2678248238e+01,1.0000000000e+00,6.2678248238e+01
4.7177587751e+01,1.0000000000e+00,4.7177587751e+01
6.0258887101e+01,1.0000000000e+00,6.0258887101e+01
9.0161386452e+01,1.0000000000e+00,9.0161386452e+01
1.2036415567e+02,1.0000000000e+00,1.2036415567e+02
1.3889342981e+02,1.0000000000e+00,1.3889342981e+02
1.4269351460e+02,1.0000000000e+00,1.4269351460e+02
1.3662468986e+02,1.0000000000e+00,1.3662468986e+02
1.2935288293e+02,1.0000000000e+00,1.2935288293e+02
1.2778450365e+02,1.0000000000e+00,1.2778450365e+02
1.3277586861e+02,1.0000000000e+00,1.3277586861e+02
1.4052841749e+02,1.0000000000e+00,1.4052841749e+02
1.4812060359e+02,1.0000000000e+00,1.4812060359e+02
1.5547924271e+02,1.0000000000e+00,1.5547924271e+02
1.6193389063e+02,1.0000000000e+00,1.6193389063e+02
1.6332446961e+02,1.0000000000e+00,1.6332446961e+02
1.5372519211e+02,1.0000000000e+00,1.5372519211e+02
1.3025664718e+02,1.0000000000e+00,1.3025664718e+02
9.6648302506e+01,1.0000000000e+00,9.6648302506e+01
6.1842147941e+01,1.0000000000e+00,6.1842147941e+01
5.3007555378e+01,1.0000000000e+00,5.3007555378e+01
4.4172962815e+01,1.0000000000e+00,4.4172962815e+01
3.5338370252e+01,1.0000000000e+00,3.5338370252e+01
2.6503777689e+01,1.0000000000e+00,2.6503777689e+01
1.7669185126e+01,1.0000000000e+00,1.7669185126e+01
8.8345925630e+00,1.0000000000e+00,8.8345925630e+00
0.0000000000e+00,1.0000000000e+00,0.0000000000e+00
0.0000000000e+00,1.0000000000e+00,0.0000000000e+00
2.0399305556e+01,1.0000000000e+00,2.0399305556e+01
4.0798611111e+01,1.0000000000e+00,4.0798611111e+01
6.1197916667e+01,1.0000000000e+00,6.1197916667e+01
1.0416666667e+02,1.0000000000e+00,1.0416666667e+02
1.2500000000e+02,1.0000000000e+00,1.2500000000e+02
1.0416666667e+02,1.0000000000e+00,1.0416666667e+02
8.9285714286e+01,1.0000000000e+00,8.9285714286e+01
7.4404761905e+01,1.0000000000e+00,7.4404761905e+01
5.9523809524e+01,1.0000000000e+00,5.9523809524e+01
4.4642857143e+01,1.0000000000e+00,4.4642857143e+01
2.9761904762e+01,1.0000000000e+00,2.9761904762e+01
4.5621674354e+01,1.0000000000e+00,4.5621674354e+01
5.5106703091e+01,1.0000000000e+00,5.5106703091e+01
7.2131884229e+01,1.0000000000e+00,7.2131884229e+01
8.8485205421e+01,1.0000000000e+00,8.8485205421e+01
1.0416666667e+02,1.0000000000e+00,1.0416666667e+02
1.1917626797e+02,1.0000000000e+00,1.1917626797e+02
1.2500000000e+02,1.0000000000e+00,1.2500000000e+02
1.1404339008e+02,1.0000000000e+00,1.1404339008e+02
9.1823658037e+01,1.0000000000e+00,9.1823658037e+01
5.9260340499e+01,1.0000000000e+00,5.9260340499e+01
6.6323422092e+01,1.0000000000e+00,6.6323422092e+01
1.0146590030e+02,1.0000000000e+00,1.0146590030e+02
1.5067117914e+02,1.0000000000e+00,1.5067117914e+02
1.9020846629e+02,1.0000000000e+00,1.9020846629e+02
1.9993519977e+02,1.0000000000e+00,1.9993519977e+02
1.7439306548e+02,1.0000000000e+00,1.7439306548e+02
1.2755491840e+02,1.0000000000e+00,1.2755491840e+02
8.7095043793e+01,1.0000000000e+00,8.7095043793e+01
7.8092321974e+01,1.0000000000e+00,7.8092321974e+01
1.0682005649e+02,1.0000000000e+00,1.0682005649e+02
1.5807560819e+02,1.0000000000e+00,1.5807560819e+02
2.0760290671e+02,1.0000000000e+00,2.0760290671e+02
2.3782668155e+02,1.0000000000e+00,2.3782668155e+02
2.4434438735e+02,1.0000000000e+00,2.4434438735e+02
2.3204479322e+02,1.0000000000e+00,2.3204479322e+02
2.0922774484e+02,1.0000000000e+00,2.0922774484e+02
1.8527029794e+02,1.0000000000e+00,1.8527029794e+02
1.6930214748e+02,1.0000000000e+00,1.6930214748e+02
1.6663873739e+02,1.0000000000e+00,1.6663873739e+02
1.7569198467e+02,1.0000000000e+00,1.7569198467e+02
1.8917468929e+02,1.0000000000e+00,1.8917468929e+02
1.9825160350e+02,1.0000000000e+00,1.9825160350e+02
1.9656056730e+02,1.0000000000e+00,1.9656056730e+02
1.8294925383e+02,1.0000000000e+00,1.8294925383e+02
1.6165513718e+02,1.0000000000e+00,1.6165513718e+02
1.3924110302e+02,1.0000000000e+00,1.3924110302e+02
1.2063930170e+02,1.0000000000e+00,1.2063930170e+02
1.0701005076e+02,1.0000000000e+00,1.0701005076e+02
9.6008261835e+01,1.0000000000e+00,9.6008261835e+01
8.4525927350e+01,1.0000000000e+00,8.4525927350e+01
7.2554282272e+01,1.0000000000e+00,7.2554282272e+01
6.4235533891e+01,1.0000000000e+00,6.4235533891e+01
6.4562520153e+01,1.0000000000e+00,6.4562520153e+01
7.5473078763e+01,1.0000000000e+00,7.5473078763e+01
9.5022824388e+01,1.0000000000e+00,9.5022824388e+01
1.1884590731e+02,1.0000000000e+00,1.1884590731e+02
1.4125852760e+02,1.0000000000e+00,1.4125852760e+02
1.5581295401e+02,1.0000000000e+00,1.5581295401e+02
1.5745557065e+02,1.0000000000e+00,1.5745557065e+02
1.4605082715e+02,1.0000000000e+00,1.4605082715e+02
1.2676594600e+02,1.0000000000e+00,1.2676594600e+02
1.0539034610e+02,1.0000000000e+00,1.0539034610e+02
8.4282602986e+01,1.0000000000e+00,8.4282602986e+01
6.4188223260e+01,1.0000000000e+00,6.4188223260e+01
4.8133814384e+01,1.0000000000e+00,4.8133814384e+01
4.0583806299e+01,1.0000000000e+00,4.0583806299e+01
4.2200054055e+01,1.0000000000e+00,4.2200054055e+01
4.6868675620e+01,1.0000000000e+00,4.6868675620e+01
4.5717899636e+01,1.0000000000e+00,4.5717899636e+01
3.5579157010e+01,1.0000000000e+00,3.5579157010e+01
2.0341217624e+01,1.0000000000e+00,2.0341217624e+01
2.5444495863e+01,1.0000000000e+00,2.5444495863e+01
5.0236090567e+01,1.0000000000e+00,5.0236090567e+01
9.5400243116e+01,1.0000000000e+00,9.5400243116e+01
1.4304741284e+02,1.0000000000e+00,1.4304741284e+02
1.6967706068e+02,1.0000000000e+00,1.6967706068e+02
1.6174594172e+02,1.0000000000e+00,1.6174594172e+02
1.2541927439e+02,1.0000000000e+00,1.2541927439e+02
8.0936099073e+01,1.0000000000e+00,8.0936099073e+01
4.7258767995e+01,1.0000000000e+00,4.7258767995e+01
3.2001350762e+01,1.0000000000e+00,3.2001350762e+01
3.2969598252e+01,1.0000000000e+00,3.2969598252e+01
4.4802488278e+01,1.0000000000e+00,4.4802488278e+01
6.2735685741e+01,1.0000000000e+00,6.2735685741e+01
8.2556996665e+01,1.0000000000e+00,8.2556996665e+01
1.0048910498e+02,1.0000000000e+00,1.0048910498e+02
1.1446478560e+02,1.0000000000e+00,1.1446478560e+02
1.2469397253e+02,1.0000000000e+00,1.2469397253e+02
1.3276843106e+02,1.0000000000e+00,1.3276843106e+02
1.4097605241e+02,1.0000000000e+00,1.4097605241e+02
1.5168875310e+02,1.0000000000e+00,1.5168875310e+02
1.6485580649e+02,1.0000000000e+00,1.6485580649e+02
1.7520721150e+02,1.0000000000e+00,1.7520721150e+02
1.7424983152e+02,1.0000000000e+00,1.7424983152e+02
1.5720965541e+02,1.0000000000e+00,1.5720965541e+02
1.2754538703e+02,1.0000000000e+00,1.2754538703e+02
9.3859518246e+01,1.0000000000e+00,9.3859518246e+01
6.3443903750e+01,1.0000000000e+00,6.3443903750e+01
5.4380488928e+01,1.0000000000e+00,5.4380488928e+01
4.5317074107e+01,1.0000000000e+00,4.5317074107e+01
3.6253659286e+01,1.0000000000e+00,3.6253659286e+01
2.7190244464e+01,1.0000000000e+00,2.7190244464e+01
1.8126829643e+01,1.0000000000e+00,1.8126829643e+01
9.0634148214e+00,1.0000000000e+00,9.0634148214e+00
0.0000000000e+00,1.0000000000e+00,0.0000000000e+00
0.0000000000e+00,1.0000000000e+00,0.0000000000e+00
0.0000000000e+00,1.0000000000e+00,0.0000000000e+00
8.8188214886e+00,1.0000000000e+00,8.8188214886e+00
1.7637642977e+01,1.0000000000e+00,1.7637642977e+01
2.6456464466e+01,1.0000000000e+00,2.6456464466e+01
3.7877282457e+01,1.0000000000e+00,3.7877282457e+01
5.0895634970e+01,1.0000000000e+00,5.0895634970e+01
6.1896930070e+01,1.0000000000e+00,6.1896930070e+01
6.7499000263e+01,1.0000000000e+00,6.7499000263e+01
6.6805391966e+01,1.0000000000e+00,6.6805391966e+01
6.1906739747e+01,1.0000000000e+00,6.1906739747e+01
5.6750085125e+01,1.0000000000e+00,5.6750085125e+01
5.6377890975e+01,1.0000000000e+00,5.6377890975e+01
6.5947812569e+01,1.0000000000e+00,6.5947812569e+01
8.7444153512e+01,1.0000000000e+00,8.7444153512e+01
1.1640536442e+02,1.0000000000e+00,1.1640536442e+02
1.4356888188e+02,1.0000000000e+00,1.4356888188e+02
1.6068435379e+02,1.0000000000e+00,1.6068435379e+02
1.6473150845e+02,1.0000000000e+00,1.6473150845e+02
1.5795687779e+02,1.0000000000e+00,1.5795687779e+02
1.4557302737e+02,1.0000000000e+00,1.4557302737e+02
1.3297849102e+02,1.0000000000e+00,1.3297849102e+02
1.2336049469e+02,1.0000000000e+00,1.2336049469e+02
1.1659097175e+02,1.0000000000e+00,1.1659097175e+02
1.1014812125e+02,1.0000000000e+00,1.1014812125e+02
1.0132940475e+02,1.0000000000e+00,1.0132940475e+02
8.8580732059e+01,1.0000000000e+00,8.8580732059e+01
7.1516300232e+01,1.0000000000e+00,7.1516300232e+01
5.1328482044e+01,1.0000000000e+00,5.1328482044e+01
4.3995841752e+01,1.0000000000e+00,4.3995841752e+01
3.6663201460e+01,1.0000000000e+00,3.6663201460e+01
2.9330561168e+01,1.0000000000e+00,2.9330561168e+01
2.1997920876e+01,1.0000000000e+00,2.1997920876e+01
1.4665280584e+01,1.0000000000e+00,1.4665280584e+01
7.3326402920e+00,1.0000000000e+00,7.3326402920e+00
0.0000000000e+00,9.0000000000e-01,0.0000000000e+00
0.0000000000e+00,8.0000000000e-01,0.0000000000e+00
0.0000000000e+00,7.0000000000e-01,0.0000000000e+00
0.0000000000e+00,6.0000000000e-01,0.0000000000e+00
0.0000000000e+00,6.0000000000e-01,0.0000000000e+00
0.0000000000e+00,6.0000000000e-01,0.0000000000e+00
0.0000000000e+00,6.0000000000e-01,0.0000000000e+00
0.0000000000e+00,6.0000000000e-01,0.0000000000e+00
0.0000000000e+00,6.0000000000e-01,0.0000000000e+00
0.0000000000e+00,6.0000000000e-01,0.0000000000e+00
0.0000000000e+00,6.0000000000e-01,0.0000000000e+00
0.0000000000e+00,6.0000000000e-01,0.0000000000e+00
0.0000000000e+00,6.0000000000e-01,0.0000000000e+00
0.0000000000e+00,6.0000000000e-01,0.0000000000e+00
0.0000000000e+00,6.0000000000e-01,0.0000000000e+00
0.0000000000e+00,6.0000000000e-01,0.0000000000e+00
0.0000000000e+00,6.0000000000e-01,0.0000000000e+00
0.0000000000e+00,6.0000000000e-01,0.0000000000e+00
0.0000000000e+00,6.0000000000e-01,0.0000000000e+00
0.0000000000e+00,6.0000000000e-01,0.0000000000e+00
0.0000000000e+00,6.0000000000e-01,0.0000000000e+00
0.0000000000e+00,6.0000000000e-01,0.0000000000e+00
0.0000000000e+00,6.0000000000e-01,0.0000000000e+00
0.0000000000e+00,6.0000000000e-01,0.0000000000e+00
0.0000000000e+00,6.0000000000e-01,0.0000000000e+00
0.0000000000e+00,6.0000000000e-01,0.0000000000e+00
0.0000000000e+00,6.0000000000e-01,0.0000000000e+00
0.0000000000e+00,6.0000000000e-01,0.0000000000e+00
0.0000000000e+00,6.0000000000e-01,0.0000000000e+00
0.0000000000e+00,6.0000000000e-01,0.0000000000e+00
0.0000000000e+00,6.0000000000e-01,0.0000000000e+00
0.0000000000e+00,6.0000000000e-01,0.0000000000e+00
0.0000000000e+00,6.0000000000e-01,0.0000000000e+00
0.0000000000e+00,6.0000000000e-01,0.0000000000e+00
0.0000000000e+00,6.0000000000e-01,0.0000000000e+00
0.0000000000e+00,6.0000000000e-01,0.0000000000e+00
0.0000000000e+00,6.0000000000e-01,0.0000000000e+00
0.0000000000e+00,6.0000000000e-01,0.0000000000e+00
0.0000000000e+00,6.0000000000e-01,0.0000000000e+00
0.0000000000e+00,6.0000000000e-01,0.0000000000e+00
0.0000000000e+00,6.0000000000e-01,0.0000000000e+00
0.0000000000e+00,6.0000000000e-01,0.0000000000e+00
0.0000000000e+00,6.0000000000e-01,0.0000000000e+00
0.0000000000e+00,6.0000000000e-01,0.0000000000e+00
0.0000000000e+00,6.0000000000e-01,0.0000000000e+00
0.0000000000e+00,6.0000000000e-01,0.0000000000e+00
0.0000000000e+00,6.0000000000e-01,0.0000000000e+00
0.0000000000e+00,6.0000000000e-01,0.0000000000e+00
0.0000000000e+00,6.0000000000e-01,0.0000000000e+00
0.0000000000e+00,6.0000000000e-01,0.0000000000e+00
0.0000000000e+00,6.0000000000e-01,0.0000000000e+00
0.0000000000e+00,6.0000000000e-01,0.0000000000e+00
0.0000000000e+00,6.0000000000e-01,0.0000000000e+00
0.0000000000e+00,6.0000000000e-01,0.0000000000e+00
0.0000000000e+00,6.0000000000e-01,0.0000000000e+00
0.0000000000e+00,6.0000000000e-01,0.0000000000e+00
0.0000000000e+00,6.0000000000e-01,0.0000000000e+00
0.0000000000e+00,6.0000000000e-01,0.0000000000e+00
0.0000000000e+00,6.0000000000e-01,0.0000000000e+00
0.0000000000e+00,6.0000000000e-01,0.0000000000e+00
0.0000000000e+00,6.0000000000e-01,0.0000000000e+00
0.0000000000e+00,6.0000000000e-01,0.0000000000e+00
0.0000000000e+00,6.0000000000e-01,0.0000000000e+00
0.0000000000e+00,6.0000000000e-01,0.0000000000e+00
0.0000000000e+00,6.0000000000e-01,0.0000000000e+00
0.0000000000e+00,6.0000000000e-01,0.0000000000e+00
0.0000000000e+00,6.0000000000e-01,0.0000000000e+00
0.0000000000e+00,6.0000000000e-01,0.0000000000e+00
0.0000000000e+00,6.0000000000e-01,0.0000000000e+00
0.0000000000e+00,7.0000000000e-01,0.0000000000e+00
0.0000000000e+00,8.0000000000e-01,0.0000000000e+00
0.0000000000e+00,9.0000000000e-01,0.0000000000e+00
1.6258081342e+01,1.0000000000e+00,1.6258081342e+01
3.2516162684e+01,1.0000000000e+00,3.2516162684e+01
4.8774244026e+01,1.0000000000e+00,4.8774244026e+01
8.4262168785e+01,1.0000000000e+00,8.4262168785e+01
1.0676851383e+02,1.0000000000e+00,1.0676851383e+02
1.0641070017e+02,1.0000000000e+00,1.0641070017e+02
8.9881223912e+01,1.0000000000e+00,8.9881223912e+01
7.7405752627e+01,1.0000000000e+00,7.7405752627e+01
8.7080743781e+01,1.0000000000e+00,8.7080743781e+01
1.1979891650e+02,1.0000000000e+00,1.1979891650e+02
1.5783872942e+02,1.0000000000e+00,1.5783872942e+02
1.7787691891e+02,1.0000000000e+00,1.7787691891e+02
1.6768311758e+02,1.0000000000e+00,1.6768311758e+02
1.3450002033e+02,1.0000000000e+00,1.3450002033e+02
9.9887553905e+01,1.0000000000e+00,9.9887553905e+01
8.5689389135e+01,1.0000000000e+00,8.5689389135e+01
1.0180475277e+02,1.0000000000e+00,1.0180475277e+02
1.4259149150e+02,1.0000000000e+00,1.4259149150e+02
1.9139177777e+02,1.0000000000e+00,1.9139177777e+02
2.2926503446e+02,1.0000000000e+00,2.2926503446e+02
2.4272257226e+02,1.0000000000e+00,2.4272257226e+02
2.2703212204e+02,1.0000000000e+00,2.2703212204e+02
1.8677082264e+02,1.0000000000e+00,1.8677082264e+02
1.3585432918e+02,1.0000000000e+00,1.3585432918e+02
9.4498874760e+01,1.0000000000e+00,9.4498874760e+01
8.0743585290e+01,1.0000000000e+00,8.0743585290e+01
1.0083113121e+02,1.0000000000e+00,1.0083113121e+02
1.4546996967e+02,1.0000000000e+00,1.4546996967e+02
1.9441078749e+02,1.0000000000e+00,1.9441078749e+02
2.2635909540e+02,1.0000000000e+00,2.2635909540e+02
2.2865307614e+02,1.0000000000e+00,2.2865307614e+02
2.0205124690e+02,1.0000000000e+00,2.0205124690e+02
1.5962913371e+02,1.0000000000e+00,1.5962913371e+02
1.2113103785e+02,1.0000000000e+00,1.2113103785e+02
1.0437135911e+02,1.0000000000e+00,1.0437135911e+02
1.1648278591e+02,1.0000000000e+00,1.1648278591e+02
1.4998404824e+02,1.0000000000e+00,1.4998404824e+02
1.8773869157e+02,1.0000000000e+00,1.8773869157e+02
2.1394817333e+02,1.0000000000e+00,2.1394817333e+02
2.2193940444e+02,1.0000000000e+00,2.2193940444e+02
2.1375917537e+02,1.0000000000e+00,2.1375917537e+02
1.9627550203e+02,1.0000000000e+00,1.9627550203e+02
1.7896357241e+02,1.0000000000e+00,1.7896357241e+02
1.7072022656e+02,1.0000000000e+00,1.7072022656e+02
1.7279016944e+02,1.0000000000e+00,1.7279016944e+02
1.7460431967e+02,1.0000000000e+00,1.7460431967e+02
1.6072238845e+02,1.0000000000e+00,1.6072238845e+02
1.2429845686e+02,1.0000000000e+00,1.2429845686e+02
7.4125911299e+01,1.0000000000e+00,7.4125911299e+01
6.3536495399e+01,1.0000000000e+00,6.3536495399e+01
5.2947079499e+01,1.0000000000e+00,5.2947079499e+01
4.2357663599e+01,1.0000000000e+00,4.2357663599e+01
4.1745588281e+01,1.0000000000e+00,4.1745588281e+01
7.9758856818e+01,1.0000000000e+00,7.9758856818e+01
1.1123528834e+02,1.0000000000e+00,1.1123528834e+02
1.2774650493e+02,1.0000000000e+00,1.2774650493e+02
1.3275763071e+02,1.0000000000e+00,1.3275763071e+02
1.3754371661e+02,1.0000000000e+00,1.3754371661e+02
1.5113440806e+02,1.0000000000e+00,1.5113440806e+02
1.7392947985e+02,1.0000000000e+00,1.7392947985e+02
1.9958143893e+02,1.0000000000e+00,1.9958143893e+02
2.2081205747e+02,1.0000000000e+00,2.2081205747e+02
2.3318610684e+02,1.0000000000e+00,2.3318610684e+02
2.3522907691e+02,1.0000000000e+00,2.3522907691e+02
2.2712814271e+02,1.0000000000e+00,2.2712814271e+02
2.1069397490e+02,1.0000000000e+00,2.1069397490e+02
1.9056747493e+02,1.0000000000e+00,1.9056747493e+02
1.7357438676e+02,1.0000000000e+00,1.7357438676e+02
1.6423469107e+02,1.0000000000e+00,1.6423469107e+02
1.6007748427e+02,1.0000000000e+00,1.6007748427e+02
1.5289540090e+02,1.0000000000e+00,1.5289540090e+02
1.3601484669e+02,1.0000000000e+00,1.3601484669e+02
1.1031663159e+02,1.0000000000e+00,1.1031663159e+02
8.2930883577e+01,1.0000000000e+00,8.2930883577e+01
6.0725180853e+01,1.0000000000e+00,6.0725180853e+01
4.5741876967e+01,1.0000000000e+00,4.5741876967e+01
3.5934027577e+01,1.0000000000e+00,3.5934027577e+01
3.0800595066e+01,1.0000000000e+00,3.0800595066e+01
2.5667162555e+01,1.0000000000e+00,2.5667162555e+01
2.0533730044e+01,1.0000000000e+00,2.0533730044e+01
1.5400297533e+01,1.0000000000e+00,1.5400297533e+01
1.0266865022e+01,1.0000000000e+00,1.0266865022e+01
5.1334325110e+00,1.0000000000e+00,5.1334325110e+00
0.0000000000e+00,9.0000000000e-01,0.0000000000e+00
0.0000000000e+00,8.0000000000e-01,0.0000000000e+00
0.0000000000e+00,7.0000000000e-01,0.0000000000e+00
0.0000000000e+00,6.0000000000e-01,0.0000000000e+00
0.0000000000e+00,6.0000000000e-01,0.0000000000e+00
0.0000000000e+00,6.0000000000e-01,0.0000000000e+00
0.0000000000e+00,6.0000000000e-01,0.0000000000e+00
0.0000000000e+00,6.0000000000e-01,0.0000000000e+00
0.0000000000e+00,6.0000000000e-01,0.0000000000e+00
0.0000000000e+00,6.0000000000e-01,0.0000000000e+00
0.0000000000e+00,6.0000000000e-01,0.0000000000e+00
0.0000000000e+00,6.0000000000e-01,0.0000000000e+00
0.0000000000e+00,6.0000000000e-01,0.0000000000e+00
0.0000000000e+00,6.0000000000e-01,0.0000000000e+00
0.0000000000e+00,6.0000000000e-01,0.0000000000e+00
0.0000000000e+00,6.0000000000e-01,0.0000000000e+00
0.0000000000e+00,6.0000000000e-01,0.0000000000e+00
0.0000000000e+00,6.0000000000e-01,0.0000000000e+00
0.0000000000e+00,6.0000000000e-01,0.0000000000e+00
0.0000000000e+00,6.0000000000e-01,0.0000000000e+00
0.0000000000e+00,6.0000000000e-01,0.0000000000e+00
0.0000000000e+00,6.0000000000e-01,0.0000000000e+00
0.0000000000e+00,7.0000000000e-01,0.0000000000e+00
0.0000000000e+00,8.0000000000e-01,0.0000000000e+00
0.0000000000e+00,9.0000000000e-01,0.0000000000e+00
1.5204234364e+01,1.0000000000e+00,1.5204234364e+01
3.0408468727e+01,1.0000000000e+00,3.0408468727e+01
4.5612703091e+01,1.0000000000e+00,4.5612703091e+01
7.8988199060e+01,1.0000000000e+00,7.8988199060e+01
1.0738747898e+02,1.0000000000e+00,1.0738747898e+02
1.2302551175e+02,1.0000000000e+00,1.2302551175e+02
1.2890733457e+02,1.0000000000e+00,1.2890733457e+02
1.3671970781e+02,1.0000000000e+00,1.3671970781e+02
1.5624966627e+02,1.0000000000e+00,1.5624966627e+02
1.8588050068e+02,1.0000000000e+00,1.8588050068e+02
2.1319143927e+02,1.0000000000e+00,2.1319143927e+02
2.2484980267e+02,1.0000000000e+00,2.2484980267e+02
2.1648972879e+02,1.0000000000e+00,2.1648972879e+02
1.9532596872e+02,1.0000000000e+00,1.9532596872e+02
1.7534838430e+02,1.0000000000e+00,1.7534838430e+02
1.6870268843e+02,1.0000000000e+00,1.6870268843e+02
1.7811603592e+02,1.0000000000e+00,1.7811603592e+02
1.9544461714e+02,1.0000000000e+00,1.9544461714e+02
2.0823033193e+02,1.0000000000e+00,2.0823033193e+02
2.0954503152e+02,1.0000000000e+00,2.0954503152e+02
2.0257394157e+02,1.0000000000e+00,2.0257394157e+02
1.9639701935e+02,1.0000000000e+00,1.9639701935e+02
1.9825551186e+02,1.0000000000e+00,1.9825551186e+02
2.0923571988e+02,1.0000000000e+00,2.0923571988e+02
2.2448060213e+02,1.0000000000e+00,2.2448060213e+02
2.3523555220e+02,1.0000000000e+00,2.3523555220e+02
2.3158191399e+02,1.0000000000e+00,2.3158191399e+02
2.0662635502e+02,1.0000000000e+00,2.0662635502e+02
1.6146142416e+02,1.0000000000e+00,1.6146142416e+02
1.0676699775e+02,1.0000000000e+00,1.0676699775e+02
9.1514569500e+01,1.0000000000e+00,9.1514569500e+01
7.6262141250e+01,1.0000000000e+00,7.6262141250e+01
6.1009713000e+01,1.0000000000e+00,6.1009713000e+01
4.5757284750e+01,1.0000000000e+00,4.5757284750e+01
3.0504856500e+01,1.0000000000e+00,3.0504856500e+01
2.6598779993e+01,1.0000000000e+00,2.6598779993e+01
5.9559728468e+01,1.0000000000e+00,5.9559728468e+01
1.0018361420e+02,1.0000000000e+00,1.0018361420e+02
1.3733065137e+02,1.0000000000e+00,1.3733065137e+02
1.6236385691e+02,1.0000000000e+00,1.6236385691e+02
1.7571648566e+02,1.0000000000e+00,1.7571648566e+02
1.8479413935e+02,1.0000000000e+00,1.8479413935e+02
1.9614641395e+02,1.0000000000e+00,1.9614641395e+02
2.1072677870e+02,1.0000000000e+00,2.1072677870e+02
2.2529623810e+02,1.0000000000e+00,2.2529623810e+02
2.3564564638e+02,1.0000000000e+00,2.3564564638e+02
2.3771049073e+02,1.0000000000e+00,2.3771049073e+02
2.2772290337e+02,1.0000000000e+00,2.2772290337e+02
2.0460032974e+02,1.0000000000e+00,2.0460032974e+02
1.7417642481e+02,1.0000000000e+00,1.7417642481e+02
1.4980349536e+02,1.0000000000e+00,1.4980349536e+02
1.4491500780e+02,1.0000000000e+00,1.4491500780e+02
1.6237897118e+02,1.0000000000e+00,1.6237897118e+02
1.9175356008e+02,1.0000000000e+00,1.9175356008e+02
2.1787759276e+02,1.0000000000e+00,2.1787759276e+02
2.3173502751e+02,1.0000000000e+00,2.3173502751e+02
2.3395568576e+02,1.0000000000e+00,2.3395568576e+02
2.3080770559e+02,1.0000000000e+00,2.3080770559e+02
2.2836005982e+02,1.0000000000e+00,2.2836005982e+02
2.2880787115e+02,1.0000000000e+00,2.2880787115e+02
2.2953830705e+02,1.0000000000e+00,2.2953830705e+02
2.2431425387e+02,1.0000000000e+00,2.2431425387e+02
2.0636574738e+02,1.0000000000e+00,2.0636574738e+02
1.7283937921e+02,1.0000000000e+00,1.7283937921e+02
1.2813415499e+02,1.0000000000e+00,1.2813415499e+02
8.2801839363e+01,1.0000000000e+00,8.2801839363e+01
4.7723203073e+01,1.0000000000e+00,4.7723203073e+01
4.0905602634e+01,1.0000000000e+00,4.0905602634e+01
3.4088002195e+01,1.0000000000e+00,3.4088002195e+01
2.7270401756e+01,1.0000000000e+00,2.7270401756e+01
2.0452801317e+01,1.0000000000e+00,2.0452801317e+01
1.8126107647e+01,1.0000000000e+00,1.8126107647e+01
2.7189161471e+01,1.0000000000e+00,2.7189161471e+01
4.6417250188e+01,1.0000000000e+00,4.6417250188e+01
7.4414705082e+01,1.0000000000e+00,7.4414705082e+01
1.0338107408e+02,1.0000000000e+00,1.0338107408e+02
1.2591839105e+02,1.0000000000e+00,1.2591839105e+02
1.3997073378e+02,1.0000000000e+00,1.3997073378e+02
1.4899221661e+02,1.0000000000e+00,1.4899221661e+02
1.5808539422e+02,1.0000000000e+00,1.5808539422e+02
1.6926264442e+02,1.0000000000e+00,1.6926264442e+02
1.7919991489e+02,1.0000000000e+00,1.7919991489e+02
1.8129279980e+02,1.0000000000e+00,1.8129279980e+02
1.7097035866e+02,1.0000000000e+00,1.7097035866e+02
1.5046677747e+02,1.0000000000e+00,1.5046677747e+02
1.2821971676e+02,1.0000000000e+00,1.2821971676e+02
1.1245078687e+02,1.0000000000e+00,1.1245078687e+02
1.0569846227e+02,1.0000000000e+00,1.0569846227e+02
1.0578106050e+02,1.0000000000e+00,1.0578106050e+02
1.0951644670e+02,1.0000000000e+00,1.0951644670e+02
1.1367059270e+02,1.0000000000e+00,1.1367059270e+02
1.1495127123e+02,1.0000000000e+00,1.1495127123e+02
1.1266873170e+02,1.0000000000e+00,1.1266873170e+02
1.1136565961e+02,1.0000000000e+00,1.1136565961e+02
1.1885167549e+02,1.0000000000e+00,1.1885167549e+02
1.4020130363e+02,1.0000000000e+00,1.4020130363e+02
1.7231164597e+02,1.0000000000e+00,1.7231164597e+02
2.0353602793e+02,1.0000000000e+00,2.0353602793e+02
2.1943525862e+02,1.0000000000e+00,2.1943525862e+02
2.1090194382e+02,1.0000000000e+00,2.1090194382e+02
1.7951856130e+02,1.0000000000e+00,1.7951856130e+02
1.3711549597e+02,1.0000000000e+00,1.3711549597e+02
9.9062074611e+01,1.0000000000e+00,9.9062074611e+01
7.5239972257e+01,1.0000000000e+00,7.5239972257e+01
6.6009605505e+01,1.0000000000e+00,6.6009605505e+01
6.5648171950e+01,1.0000000000e+00,6.5648171950e+01
6.8197202011e+01,1.0000000000e+00,6.8197202011e+01
7.0489828308e+01,1.0000000000e+00,7.0489828308e+01
7.1679669409e+01,1.0000000000e+00,7.1679669409e+01
7.1305735689e+01,1.0000000000e+00,7.1305735689e+01
6.8121035069e+01,1.0000000000e+00,6.8121035069e+01
6.0820209834e+01,1.0000000000e+00,6.0820209834e+01
4.9830349490e+01,1.0000000000e+00,4.9830349490e+01
3.7754229749e+01,1.0000000000e+00,3.7754229749e+01
3.2360768356e+01,1.0000000000e+00,3.2360768356e+01
2.6967306964e+01,1.0000000000e+00,2.6967306964e+01
2.1573845571e+01,1.0000000000e+00,2.1573845571e+01
1.6180384178e+01,1.0000000000e+00,1.6180384178e+01
1.0786922785e+01,1.0000000000e+00,1.0786922785e+01
5.3934613927e+00,1.0000000000e+00,5.3934613927e+00
0.0000000000e+00,9.0000000000e-01,0.0000000000e+00
0.0000000000e+00,8.0000000000e-01,0.0000000000e+00
0.0000000000e+00,7.0000000000e-01,0.0000000000e+00
0.0000000000e+00,6.0000000000e-01,0.0000000000e+00
0.0000000000e+00,6.0000000000e-01,0.0000000000e+00
0.0000000000e+00,6.0000000000e-01,0.0000000000e+00
0.0000000000e+00,6.0000000000e-01,0.0000000000e+00
0.0000000000e+00,6.0000000000e-01,0.0000000000e+00
0.0000000000e+00,6.0000000000e-01,0.0000000000e+00
0.0000000000e+00,6.0000000000e-01,0.0000000000e+00
0.0000000000e+00,6.0000000000e-01,0.0000000000e+00
0.0000000000e+00,6.0000000000e-01,0.0000000000e+00
0.0000000000e+00,6.0000000000e-01,0.0000000000e+00
0.0000000000e+00,6.0000000000e-01,0.0000000000e+00
0.0000000000e+00,6.0000000000e-01,0.0000000000e+00
0.0000000000e+00,6.0000000000e-01,0.0000000000e+00
0.0000000000e+00,6.0000000000e-01,0.0000000000e+00
0.0000000000e+00,6.0000000000e-01,0.0000000000e+00
0.0000000000e+00,6.0000000000e-01,0.0000000000e+00
0.0000000000e+00,6.0000000000e-01,0.0000000000e+00
0.0000000000e+00,6.0000000000e-01,0.0000000000e+00
0.0000000000e+00,6.0000000000e-01,0.0000000000e+00
0.0000000000e+00,6.0000000000e-01,0.0000000000e+00
0.0000000000e+00,6.0000000000e-01,0.0000000000e+00
0.0000000000e+00,6.0000000000e-01,0.0000000000e+00
0.0000000000e+00,6.0000000000e-01,0.0000000000e+00
0.0000000000e+00,6.0000000000e-01,0.0000000000e+00
0.0000000000e+00,6.0000000000e-01,0.0000000000e+00
0.0000000000e+00,6.0000000000e-01,0.0000000000e+00
0.0000000000e+00,6.0000000000e-01,0.0000000000e+00
0.0000000000e+00,6.0000000000e-01,0.0000000000e+00
0.0000000000e+00,6.0000000000e-01,0.0000000000e+00
0.0000000000e+00,6.0000000000e-01,0.0000000000e+00
0.0000000000e+00,6.0000000000e-01,0.0000000000e+00
0.0000000000e+00,6.0000000000e-01,0.0000000000e+00
0.0000000000e+00,6.0000000000e-01,0.0000000000e+00
0.0000000000e+00,6.0000000000e-01,0.0000000000e+00
0.0000000000e+00,6.0000000000e-01,0.0000000000e+00
0.0000000000e+00,6.0000000000e-01,0.0000000000e+00
0.0000000000e+00,6.0000000000e-01,0.0000000000e+00
0.0000000000e+00,6.0000000000e-01,0.0000000000e+00
0.0000000000e+00,6.0000000000e-01,0.0000000000e+00
0.0000000000e+00,6.0000000000e-01,0.0000000000e+00
0.0000000000e+00,6.0000000000e-01,0.0000000000e+00
0.0000000000e+00,6.0000000000e-01,0.0000000000e+00
0.0000000000e+00,6.0000000000e-01,0.0000000000e+00
0.0000000000e+00,6.0000000000e-01,0.0000000000e+00
0.0000000000e+00,6.0000000000e-01,0.0000000000e+00
0.0000000000e+00,6.0000000000e-01,0.0000000000e+00
0.0000000000e+00,6.0000000000e-01,0.0000000000e+00
0.0000000000e+00,6.0000000000e-01,0.0000000000e+00
0.0000000000e+00,6.0000000000e-01,0.0000000000e+00
0.0000000000e+00,6.0000000000e-01,0.0000000000e+00
0.0000000000e+00,6.0000000000e-01,0.0000000000e+00
0.0000000000e+00,7.0000000000e-01,0.0000000000e+00
0.0000000000e+00,8.0000000000e-01,0.0000000000e+00
0.0000000000e+00,9.0000000000e-01,0.0000000000e+00
1.4085439036e+01,1.0000000000e+00,1.4085439036e+01
2.8170878073e+01,1.0000000000e+00,2.8170878073e+01
4.2256317109e+01,1.0000000000e+00,4.2256317109e+01
7.8072311594e+01,1.0000000000e+00,7.8072311594e+01
1.0812966207e+02,1.0000000000e+00,1.0812966207e+02
1.2456267467e+02,1.0000000000e+00,1.2456267467e+02
1.3041250954e+02,1.0000000000e+00,1.3041250954e+02
1.3688490270e+02,1.0000000000e+00,1.3688490270e+02
1.5400639995e+02,1.0000000000e+00,1.5400639995e+02
1.8194580720e+02,1.0000000000e+00,1.8194580720e+02
2.0953537002e+02,1.0000000000e+00,2.0953537002e+02
2.2117925721e+02,1.0000000000e+00,2.2117925721e+02
2.0678175669e+02,1.0000000000e+00,2.0678175669e+02
1.6883366583e+02,1.0000000000e+00,1.6883366583e+02
1.2421781607e+02,1.0000000000e+00,1.2421781607e+02
9.7942362535e+01,1.0000000000e+00,9.7942362535e+01
1.0775350741e+02,1.0000000000e+00,1.0775350741e+02
1.4966617499e+02,1.0000000000e+00,1.4966617499e+02
1.9952042485e+02,1.0000000000e+00,1.9952042485e+02
2.3024007413e+02,1.0000000000e+00,2.3024007413e+02
2.2834328674e+02,1.0000000000e+00,2.2834328674e+02
1.9848268744e+02,1.0000000000e+00,1.9848268744e+02
1.5770301591e+02,1.0000000000e+00,1.5770301591e+02
1.2447255276e+02,1.0000000000e+00,1.2447255276e+02
1.0822162480e+02,1.0000000000e+00,1.0822162480e+02
1.0694913338e+02,1.0000000000e+00,1.0694913338e+02
1.1448151605e+02,1.0000000000e+00,1.1448151605e+02
1.2848245112e+02,1.0000000000e+00,1.2848245112e+02
1.5029345294e+02,1.0000000000e+00,1.5029345294e+02
1.7864806220e+02,1.0000000000e+00,1.7864806220e+02
2.1563979550e+02,1.0000000000e+00,2.0813575979e+02
2.2543054662e+02,1.0000000000e+00,2.2395918206e+02
2.0255847706e+02,1.0000000000e+00,2.2108387203e+02
1.9831321394e+02,1.0000000000e+00,2.1261942054e+02
2.2270496529e+02,1.0000000000e+00,2.0891120905e+02
2.3559036779e+02,1.0000000000e+00,2.1012575647e+02
2.1295946746e+02,1.0000000000e+00,2.1188297197e+02
1.8481884179e+02,1.0000000000e+00,2.0962614805e+02
1.9020428518e+02,1.0000000000e+00,1.9640551632e+02
1.7568309225e+02,1.0000000000e+00,1.5580154040e+02
9.1663974195e+01,1.0000000000e+00,8.9296357762e+01
1.9226362074e+01,1.0000000000e+00,3.6308119567e+01
3.4136984577e+01,1.0000000000e+00,3.2014452950e+01
8.9348362243e+01,1.0000000000e+00,7.0974956724e+01
1.2108580785e+02,1.0000000000e+00,1.2606484828e+02
1.5533468946e+02,1.0000000000e+00,1.7867874892e+02
2.1345817092e+02,1.0000000000e+00,2.1399564732e+02
2.3662846665e+02,1.0000000000e+00,2.1584088247e+02
1.9970162967e+02,1.0000000000e+00,1.8898970804e+02
1.4861142019e+02,1.0000000000e+00,1.5743121516e+02
1.2291664496e+02,1.0000000000e+00,1.3856100449e+02
1.3122769915e+02,1.0000000000e+00,1.3448807914e+02
1.5277810340e+02,1.0000000000e+00,1.3685441075e+02
1.5441008899e+02,1.0000000000e+00,1.3731928061e+02
1.3648517680e+02,1.0000000000e+00,1.3878021230e+02
1.2966539371e+02,1.0000000000e+00,1.5025265748e+02
1.5832914152e+02,1.0000000000e+00,1.7475280448e+02
2.1285330587e+02,1.0000000000e+00,2.0450246326e+02
2.5197173040e+02,1.0000000000e+00,2.2621368240e+02
2.4385490746e+02,1.0000000000e+00,2.3239091209e+02
2.0992915190e+02,1.0000000000e+00,2.2871821805e+02
2.0389697457e+02,1.0000000000e+00,2.2657838371e+02
2.3629925317e+02,1.0000000000e+00,2.2684777800e+02
2.3988817970e+02,1.0000000000e+00,2.1532657194e+02
1.8233621752e+02,1.0000000000e+00,1.8860145709e+02
1.4492547876e+02,1.0000000000e+00,1.6975692134e+02
1.8050486638e+02,1.0000000000e+00,1.7522424517e+02
2.1702562462e+02,1.0000000000e+00,1.9029945297e+02
1.9564105914e+02,1.0000000000e+00,1.9606470980e+02
1.7583185355e+02,1.0000000000e+00,1.9454341223e+02
1.7284990260e+02,1.0000000000e+00,1.8226417913e+02
1.5031143292e+02,1.0000000000e+00,1.5308026019e+02
1.1697022258e+02,1.0000000000e+00,1.1697022258e+02
8.7064419065e+01,1.0000000000e+00,8.7064419065e+01
7.2394904680e+01,1.0000000000e+00,7.2394904680e+01
7.3108987358e+01,1.0000000000e+00,7.3108987358e+01
8.1987926130e+01,1.0000000000e+00,8.1987926130e+01
8.9323210755e+01,1.0000000000e+00,8.9323210755e+01
8.9216520861e+01,1.0000000000e+00,8.9216520861e+01
8.2319504981e+01,1.0000000000e+00,8.2319504981e+01
7.2879073714e+01,1.0000000000e+00,7.2879073714e+01
6.3960273336e+01,1.0000000000e+00,6.3960273336e+01
5.5605358682e+01,1.0000000000e+00,5.5605358682e+01
4.6432115968e+01,1.0000000000e+00,4.6432115968e+01
3.6050681065e+01,1.0000000000e+00,3.6050681065e+01
3.0900583770e+01,1.0000000000e+00,3.0900583770e+01
2.5750486475e+01,1.0000000000e+00,2.5750486475e+01
2.0600389180e+01,1.0000000000e+00,2.0600389180e+01
1.5450291885e+01,1.0000000000e+00,1.5450291885e+01
1.0300194590e+01,1.0000000000e+00,1.0300194590e+01
5.1500972950e+00,1.0000000000e+00,5.1500972950e+00
0.0000000000e+00,9.0000000000e-01,0.0000000000e+00
0.0000000000e+00,8.0000000000e-01,0.0000000000e+00
0.0000000000e+00,7.0000000000e-01,0.0000000000e+00
0.0000000000e+00,6.0000000000e-01,0.0000000000e+00
0.0000000000e+00,6.0000000000e-01,0.0000000000e+00
0.0000000000e+00,6.0000000000e-01,0.0000000000e+00
0.0000000000e+00,6.0000000000e-01,0.0000000000e+00
0.0000000000e+00,6.0000000000e-01,0.0000000000e+00
0.0000000000e+00,6.0000000000e-01,0.0000000000e+00
0.0000000000e+00,6.0000000000e-01,0.0000000000e+00
0.0000000000e+00,6.0000000000e-01,0.0000000000e+00
0.0000000000e+00,6.0000000000e-01,0.0000000000e+00
0.0000000000e+00,6.0000000000e-01,0.0000000000e+00
0.0000000000e+00,6.0000000000e-01,0.0000000000e+00
0.0000000000e+00,6.0000000000e-01,0.0000000000e+00
0.0000000000e+00,6.0000000000e-01,0.0000000000e+00
0.0000000000e+00,6.0000000000e-01,0.0000000000e+00
0.0000000000e+00,6.0000000000e-01,0.0000000000e+00
0.0000000000e+00,6.0000000000e-01,0.0000000000e+00
0.0000000000e+00,6.0000000000e-01,0.0000000000e+00
0.0000000000e+00,7.0000000000e-01,0.0000000000e+00
0.0000000000e+00,8.0000000000e-01,0.0000000000e+00
0.0000000000e+00,9.0000000000e-01,0.0000000000e+00
8.9193195533e+00,1.0000000000e+00,8.9193195533e+00
1.7838639107e+01,1.0000000000e+00,1.7838639107e+01
2.6757958660e+01,1.0000000000e+00,2.6757958660e+01
2.9705101613e+01,1.0000000000e+00,2.9705101613e+01
2.6287956404e+01,1.0000000000e+00,2.6287956404e+01
2.1217929724e+01,1.0000000000e+00,2.1217929724e+01
1.6974343779e+01,1.0000000000e+00,1.6974343779e+01
2.3025506915e+01,1.0000000000e+00,2.3025506915e+01
4.6051013830e+01,1.0000000000e+00,4.6051013830e+01
6.9076520745e+01,1.0000000000e+00,6.9076520745e+01
1.2633216597e+02,1.0000000000e+00,1.2633216597e+02
1.6890215046e+02,1.0000000000e+00,1.6890215046e+02
1.7794314857e+02,1.0000000000e+00,1.7794314857e+02
1.5709430613e+02,1.0000000000e+00,1.5709430613e+02
1.2980226635e+02,1.0000000000e+00,1.2980226635e+02
1.2048375618e+02,1.0000000000e+00,1.2048375618e+02
1.3714646789e+02,1.0000000000e+00,1.3714646789e+02
1.6977922643e+02,1.0000000000e+00,1.6977922643e+02
2.0211587681e+02,1.0000000000e+00,2.0211587681e+02
2.2335912103e+02,1.0000000000e+00,2.2335912103e+02
2.3088700915e+02,1.0000000000e+00,2.3088700915e+02
2.2619102718e+02,1.0000000000e+00,2.2619102718e+02
2.1127702659e+02,1.0000000000e+00,2.1127702659e+02
1.8880900388e+02,1.0000000000e+00,1.8880900388e+02
1.6323579832e+02,1.0000000000e+00,1.6323579832e+02
1.3951668893e+02,1.0000000000e+00,1.3951668893e+02
1.2053395945e+02,1.0000000000e+00,1.2053395945e+02
1.0665454641e+02,1.0000000000e+00,1.0665454641e+02
9.7790617682e+01,1.0000000000e+00,9.7790617682e+01
9.4596690910e+01,1.0000000000e+00,9.4596690910e+01
9.7115934457e+01,1.0000000000e+00,9.7115934457e+01
1.0407751297e+02,1.0000000000e+00,1.0407751297e+02
1.1520944911e+02,1.0000000000e+00,1.1520944911e+02
1.3248679692e+02,1.0000000000e+00,1.3248679692e+02
1.5639807894e+02,1.0000000000e+00,1.5639807894e+02
1.8179015664e+02,1.0000000000e+00,1.8179015664e+02
2.0029521836e+02,1.0000000000e+00,2.0029521836e+02
2.0745690102e+02,1.0000000000e+00,2.0745690102e+02
2.0584222755e+02,1.0000000000e+00,2.0584222755e+02
2.0104705071e+02,1.0000000000e+00,2.0104705071e+02
1.9683826799e+02,1.0000000000e+00,1.9683826799e+02
1.9506385326e+02,1.0000000000e+00,1.9506385326e+02
1.9762940924e+02,1.0000000000e+00,1.9762940924e+02
2.0533362810e+02,1.0000000000e+00,2.0533362810e+02
2.1490076947e+02,1.0000000000e+00,2.1490076947e+02
2.1958533027e+02,1.0000000000e+00,2.1958533027e+02
2.1390628483e+02,1.0000000000e+00,2.1390628483e+02
1.9779688953e+02,1.0000000000e+00,1.9779688953e+02
1.7701879483e+02,1.0000000000e+00,1.7701879483e+02
1.6061864475e+02,1.0000000000e+00,1.6061864475e+02
1.5661235799e+02,1.0000000000e+00,1.5661235799e+02
1.6703797250e+02,1.0000000000e+00,1.6703797250e+02
1.8622138704e+02,1.0000000000e+00,1.8622138704e+02
2.0511522621e+02,1.0000000000e+00,2.0511522621e+02
2.1778197661e+02,1.0000000000e+00,2.1778197661e+02
2.2351902684e+02,1.0000000000e+00,2.2351902684e+02
2.2326947015e+02,1.0000000000e+00,2.2326947015e+02
2.1472038692e+02,1.0000000000e+00,2.1472038692e+02
1.9233622453e+02,1.0000000000e+00,1.9233622453e+02
1.5407686741e+02,1.0000000000e+00,1.5407686741e+02
1.0762014122e+02,1.0000000000e+00,1.0762014122e+02
6.7474325964e+01,1.0000000000e+00,6.7474325964e+01
4.5254545961e+01,1.0000000000e+00,4.5254545961e+01
4.3958790921e+01,1.0000000000e+00,4.3958790921e+01
6.1033851951e+01,1.0000000000e+00,6.1033851951e+01
9.3582996088e+01,1.0000000000e+00,9.3582996088e+01
1.3800083049e+02,1.0000000000e+00,1.3800083049e+02
1.8589616366e+02,1.0000000000e+00,1.8589616366e+02
2.2400301806e+02,1.0000000000e+00,2.2400301806e+02
2.3982368821e+02,1.0000000000e+00,2.3982368821e+02
2.2784017084e+02,1.0000000000e+00,2.2784017084e+02
1.9328787187e+02,1.0000000000e+00,1.9328787187e+02
1.5309234692e+02,1.0000000000e+00,1.5309234692e+02
1.3009384417e+02,1.0000000000e+00,1.3009384417e+02
1.3880448339e+02,1.0000000000e+00,1.3880448339e+02
1.7321244561e+02,1.0000000000e+00,1.7321244561e+02
2.1014509040e+02,1.0000000000e+00,2.1014509040e+02
2.2579618084e+02,1.0000000000e+00,2.2579618084e+02
2.1036904774e+02,1.0000000000e+00,2.1036904774e+02
1.7165027346e+02,1.0000000000e+00,1.7165027346e+02
1.2894528581e+02,1.0000000000e+00,1.2894528581e+02
1.0265593490e+02,1.0000000000e+00,1.0265593490e+02
1.0463227318e+02,1.0000000000e+00,1.0463227318e+02
1.3281429741e+02,1.0000000000e+00,1.3281429741e+02
1.7251687850e+02,1.0000000000e+00,1.7251687850e+02
2.0534115843e+02,1.0000000000e+00,2.0534115843e+02
2.2070854265e+02,1.0000000000e+00,2.2070854265e+02
2.2059690520e+02,1.0000000000e+00,2.2059690520e+02
2.1461449552e+02,1.0000000000e+00,2.1461449552e+02
2.1174196632e+02,1.0000000000e+00,2.1174196632e+02
2.1530317552e+02,1.0000000000e+00,2.1530317552e+02
2.2279876262e+02,1.0000000000e+00,2.2279876262e+02
2.2890191517e+02,1.0000000000e+00,2.2890191517e+02
2.2886408831e+02,1.0000000000e+00,2.2886408831e+02
2.2067956977e+02,1.0000000000e+00,2.2067956977e+02
2.0605548624e+02,1.0000000000e+00,2.0605548624e+02
1.9021627312e+02,1.0000000000e+00,1.9021627312e+02
1.8004228814e+02,1.0000000000e+00,1.8004228814e+02
1.8064717572e+02,1.0000000000e+00,1.8064717572e+02
1.9183372797e+02,1.0000000000e+00,1.9183372797e+02
2.0728756586e+02,1.0000000000e+00,2.0728756586e+02
2.1845788132e+02,1.0000000000e+00,2.1845788132e+02
2.2058034821e+02,1.0000000000e+00,2.2058034821e+02
2.1545795416e+02,1.0000000000e+00,2.1545795416e+02
2.0878524430e+02,1.0000000000e+00,2.0878524430e+02
2.0526736274e+02,1.0000000000e+00,2.0526736274e+02
2.0625291373e+02,1.0000000000e+00,2.0625291373e+02
2.1064564097e+02,1.0000000000e+00,2.1064564097e+02
2.1630904735e+02,1.0000000000e+00,2.1630904735e+02
2.2069169964e+02,1.0000000000e+00,2.2069169964e+02
2.2147823709e+02,1.0000000000e+00,2.2147823709e+02
2.1709128584e+02,1.0000000000e+00,2.1709128584e+02
2.0657484944e+02,1.0000000000e+00,2.0657484944e+02
1.8973740011e+02,1.0000000000e+00,1.8973740011e+02
1.6782776150e+02,1.0000000000e+00,1.6782776150e+02
1.4335463930e+02,1.0000000000e+00,1.4335463930e+02
1.1878722412e+02,1.0000000000e+00,1.1878722412e+02
9.5818292276e+01,1.0000000000e+00,9.5818292276e+01
7.5652066502e+01,1.0000000000e+00,7.5652066502e+01
5.9084101404e+01,1.0000000000e+00,5.9084101404e+01
4.6235538889e+01,1.0000000000e+00,4.6235538889e+01
3.6745359871e+01,1.0000000000e+00,3.6745359871e+01
3.0160471370e+01,1.0000000000e+00,3.0160471370e+01
2.5942914364e+01,1.0000000000e+00,2.5942914364e+01
2.1543193836e+01,1.0000000000e+00,2.1543193836e+01
1.7234555068e+01,1.0000000000e+00,1.7234555068e+01
1.2925916301e+01,1.0000000000e+00,1.2925916301e+01
8.6172775342e+00,1.0000000000e+00,8.6172775342e+00
4.3086387671e+00,1.0000000000e+00,4.3086387671e+00
0.0000000000e+00,9.0000000000e-01,0.0000000000e+00
0.0000000000e+00,8.0000000000e-01,0.0000000000e+00
0.0000000000e+00,7.0000000000e-01,0.0000000000e+00
0.0000000000e+00,6.0000000000e-01,0.0000000000e+00
0.0000000000e+00,6.0000000000e-01,0.0000000000e+00
0.0000000000e+00,6.0000000000e-01,0.0000000000e+00
0.0000000000e+00,6.0000000000e-01,0.0000000000e+00
0.0000000000e+00,6.0000000000e-01,0.0000000000e+00
0.0000000000e+00,6.0000000000e-01,0.0000000000e+00
0.0000000000e+00,6.0000000000e-01,0.0000000000e+00
0.0000000000e+00,6.0000000000e-01,0.0000000000e+00
0.0000000000e+00,7.0000000000e-01,0.0000000000e+00
0.0000000000e+00,8.0000000000e-01,0.0000000000e+00
0.0000000000e+00,9.0000000000e-01,0.0000000000e+00
9.9836787821e+00,1.0000000000e+00,9.9836787821e+00
1.9967357564e+01,1.0000000000e+00,1.9967357564e+01
2.9951036346e+01,1.0000000000e+00,2.9951036346e+01
3.3623353618e+01,1.0000000000e+00,3.3623353618e+01
3.0462578676e+01,1.0000000000e+00,3.0462578676e+01
2.4016681156e+01,1.0000000000e+00,2.4016681156e+01
1.9213344924e+01,1.0000000000e+00,1.9213344924e+01
3.6111774611e+01,1.0000000000e+00,3.6111774611e+01
5.4167661916e+01,1.0000000000e+00,5.4167661916e+01
9.7373530560e+01,1.0000000000e+00,9.7373530560e+01
1.3334126189e+02,1.0000000000e+00,1.3334126189e+02
1.4341335341e+02,1.0000000000e+00,1.4341335341e+02
1.2566928594e+02,1.0000000000e+00,1.2566928594e+02
9.8089190950e+01,1.0000000000e+00,9.8089190950e+01
8.4394284513e+01,1.0000000000e+00,8.4394284513e+01
9.3819339832e+01,1.0000000000e+00,9.3819339832e+01
1.1418658400e+02,1.0000000000e+00,1.1418658400e+02
1.2573670961e+02,1.0000000000e+00,1.2573670961e+02
1.2216717181e+02,1.0000000000e+00,1.2216717181e+02
1.1654728436e+02,1.0000000000e+00,1.1654728436e+02
1.2539656508e+02,1.0000000000e+00,1.2539656508e+02
1.4977382564e+02,1.0000000000e+00,1.4977382564e+02
1.7470500140e+02,1.0000000000e+00,1.7470500140e+02
1.8381261423e+02,1.0000000000e+00,1.8381261423e+02
1.7045232144e+02,1.0000000000e+00,1.7045232144e+02
1.3775348961e+02,1.0000000000e+00,1.3775348961e+02
9.4382115401e+01,1.0000000000e+00,9.4382115401e+01
8.0898956058e+01,1.0000000000e+00,8.0898956058e+01
6.7415796715e+01,1.0000000000e+00,6.7415796715e+01
5.3932637372e+01,1.0000000000e+00,5.3932637372e+01
4.0449478029e+01,1.0000000000e+00,4.0449478029e+01
7.1535071357e+01,1.0000000000e+00,7.1535071357e+01
1.2278056514e+02,1.0000000000e+00,1.2278056514e+02
1.7299160972e+02,1.0000000000e+00,1.7299160972e+02
2.1043190329e+02,1.0000000000e+00,2.1043190329e+02
2.3018464900e+02,1.0000000000e+00,2.3018464900e+02
2.3522884356e+02,1.0000000000e+00,2.3522884356e+02
2.3225713858e+02,1.0000000000e+00,2.3225713858e+02
2.2674836530e+02,1.0000000000e+00,2.2674836530e+02
2.2122133897e+02,1.0000000000e+00,2.2122133897e+02
2.1657816271e+02,1.0000000000e+00,2.1657816271e+02
2.1384496790e+02,1.0000000000e+00,2.1384496790e+02
2.1386103446e+02,1.0000000000e+00,2.1386103446e+02
2.1508005127e+02,1.0000000000e+00,2.1508005127e+02
2.1244029544e+02,1.0000000000e+00,2.1244029544e+02
2.0003137688e+02,1.0000000000e+00,2.0003137688e+02
1.7634592088e+02,1.0000000000e+00,1.7634592088e+02
1.4738747651e+02,1.0000000000e+00,1.4738747651e+02
1.2414718727e+02,1.0000000000e+00,1.2414718727e+02
1.1582564446e+02,1.0000000000e+00,1.1582564446e+02
1.2420791985e+02,1.0000000000e+00,1.2420791985e+02
1.4393483258e+02,1.0000000000e+00,1.4393483258e+02
1.6761787697e+02,1.0000000000e+00,1.6761787697e+02
1.9007914816e+02,1.0000000000e+00,1.9007914816e+02
2.0837473171e+02,1.0000000000e+00,2.0837473171e+02
2.1970857469e+02,1.0000000000e+00,2.1970857469e+02
2.2103958957e+02,1.0000000000e+00,2.2103958957e+02
2.1154306712e+02,1.0000000000e+00,2.1154306712e+02
1.9492811966e+02,1.0000000000e+00,1.9492811966e+02
1.7701192131e+02,1.0000000000e+00,1.7701192131e+02
1.5942166895e+02,1.0000000000e+00,1.5942166895e+02
1.3803809536e+02,1.0000000000e+00,1.3803809536e+02
1.1074289369e+02,1.0000000000e+00,1.1074289369e+02
8.5203766564e+01,1.0000000000e+00,8.5203766564e+01
7.5479864489e+01,1.0000000000e+00,7.5479864489e+01
9.0398921643e+01,1.0000000000e+00,9.0398921643e+01
1.2589512667e+02,1.0000000000e+00,1.2589512667e+02
1.6761141607e+02,1.0000000000e+00,1.6761141607e+02
2.0041823120e+02,1.0000000000e+00,2.0041823120e+02
2.1702791116e+02,1.0000000000e+00,2.1702791116e+02
2.1933875106e+02,1.0000000000e+00,2.1933875106e+02
2.1336270717e+02,1.0000000000e+00,2.1336270717e+02
2.0410783960e+02,1.0000000000e+00,2.0410783960e+02
1.9335080856e+02,1.0000000000e+00,1.9335080856e+02
1.7876332916e+02,1.0000000000e+00,1.7876332916e+02
1.5497394818e+02,1.0000000000e+00,1.5497394818e+02
1.1844629230e+02,1.0000000000e+00,1.1844629230e+02
7.3206164449e+01,1.0000000000e+00,7.3206164449e+01
6.2748140956e+01,1.0000000000e+00,6.2748140956e+01
5.2290117464e+01,1.0000000000e+00,5.2290117464e+01
4.1832093971e+01,1.0000000000e+00,4.1832093971e+01
3.8643383934e+01,1.0000000000e+00,3.8643383934e+01
8.6016987747e+01,1.0000000000e+00,8.6016987747e+01
1.3908825044e+02,1.0000000000e+00,1.3908825044e+02
1.8459089947e+02,1.0000000000e+00,1.8459089947e+02
2.1379629338e+02,1.0000000000e+00,2.1379629338e+02
2.2604960944e+02,1.0000000000e+00,2.2604960944e+02
2.2743653503e+02,1.0000000000e+00,2.2743653503e+02
2.2542342437e+02,1.0000000000e+00,2.2542342437e+02
2.2439019310e+02,1.0000000000e+00,2.2439019310e+02
2.2505751026e+02,1.0000000000e+00,2.2505751026e+02
2.2639182835e+02,1.0000000000e+00,2.2639182835e+02
2.2737885085e+02,1.0000000000e+00,2.2737885085e+02
2.2767055550e+02,1.0000000000e+00,2.2767055550e+02
2.2745610372e+02,1.0000000000e+00,2.2745610372e+02
2.2712395464e+02,1.0000000000e+00,2.2712395464e+02
2.2701446194e+02,1.0000000000e+00,2.2701446194e+02
2.2728761236e+02,1.0000000000e+00,2.2728761236e+02
2.2782370827e+02,1.0000000000e+00,2.2782370827e+02
2.2815042638e+02,1.0000000000e+00,2.2815042638e+02
2.2753343431e+02,1.0000000000e+00,2.2753343431e+02
2.2539130567e+02,1.0000000000e+00,2.2539130567e+02
2.2191652109e+02,1.0000000000e+00,2.2191652109e+02
2.1814541222e+02,1.0000000000e+00,2.1814541222e+02
2.1436421687e+02,1.0000000000e+00,2.1436421687e+02
2.0741515647e+02,1.0000000000e+00,2.0741515647e+02
1.9068572379e+02,1.0000000000e+00,1.9068572379e+02
1.5953701571e+02,1.0000000000e+00,1.5953701571e+02
1.1772717620e+02,1.0000000000e+00,1.1772717620e+02
7.7171670349e+01,1.0000000000e+00,7.7171670349e+01
5.0621745304e+01,1.0000000000e+00,5.0621745304e+01
4.4115856838e+01,1.0000000000e+00,4.4115856838e+01
5.4277368982e+01,1.0000000000e+00,5.4277368982e+01
7.0483721941e+01,1.0000000000e+00,7.0483721941e+01
8.0154948058e+01,1.0000000000e+00,8.0154948058e+01
7.5474851867e+01,1.0000000000e+00,7.5474851867e+01
5.8953948050e+01,1.0000000000e+00,5.8953948050e+01
4.3767107667e+01,1.0000000000e+00,4.3767107667e+01
4.6221853685e+01,1.0000000000e+00,4.6221853685e+01
7.3665904222e+01,1.0000000000e+00,7.3665904222e+01
1.1717847336e+02,1.0000000000e+00,1.1717847336e+02
1.5719136092e+02,1.0000000000e+00,1.5719136092e+02
1.7908704391e+02,1.0000000000e+00,1.7908704391e+02
1.8446858309e+02,1.0000000000e+00,1.8446858309e+02
1.8700621445e+02,1.0000000000e+00,1.8700621445e+02
1.9800008178e+02,1.0000000000e+00,1.9800008178e+02
2.1663269159e+02,1.0000000000e+00,2.1663269159e+02
2.3204397344e+02,1.0000000000e+00,2.3204397344e+02
2.3158038834e+02,1.0000000000e+00,2.3158038834e+02
2.0811577067e+02,1.0000000000e+00,2.0811577067e+02
1.6470020786e+02,1.0000000000e+00,1.6470020786e+02
1.1552391256e+02,1.0000000000e+00,1.1552391256e+02
8.0881993011e+01,1.0000000000e+00,8.0881993011e+01
7.7070011039e+01,1.0000000000e+00,7.7070011039e+01
1.0687796420e+02,1.0000000000e+00,1.0687796420e+02
1.5661931837e+02,1.0000000000e+00,1.5661931837e+02
2.0184184482e+02,1.0000000000e+00,2.0184184482e+02
2.1929611900e+02,1.0000000000e+00,2.1929611900e+02
1.9889723013e+02,1.0000000000e+00,1.9889723013e+02
1.4862228171e+02,1.0000000000e+00,1.4862228171e+02
8.9561866151e+01,1.0000000000e+00,8.9561866151e+01
4.5143544740e+01,1.0000000000e+00,4.5143544740e+01
3.1716610786e+01,1.0000000000e+00,3.1716610786e+01
5.3973907955e+01,1.0000000000e+00,5.3973907955e+01
1.0394430242e+02,1.0000000000e+00,1.0394430242e+02
1.6359431525e+02,1.0000000000e+00,1.6359431525e+02
2.1279331414e+02,1.0000000000e+00,2.1279331414e+02
2.3881452336e+02,1.0000000000e+00,2.3881452336e+02
2.3977162940e+02,1.0000000000e+00,2.3977162940e+02
2.2160315341e+02,1.0000000000e+00,2.2160315341e+02
1.9491052328e+02,1.0000000000e+00,1.9491052328e+02
1.7327682517e+02,1.0000000000e+00,1.7327682517e+02
1.6847286796e+02,1.0000000000e+00,1.6847286796e+02
1.8249406204e+02,1.0000000000e+00,1.8249406204e+02
2.0474555114e+02,1.0000000000e+00,2.0474555114e+02
2.1937415563e+02,1.0000000000e+00,2.1937415563e+02
2.1622972342e+02,1.0000000000e+00,2.1622972342e+02
1.9630670152e+02,1.0000000000e+00,1.9630670152e+02
1.6968525834e+02,1.0000000000e+00,1.6968525834e+02
1.4901684427e+02,1.0000000000e+00,1.4901684427e+02
1.4210631291e+02,1.0000000000e+00,1.4210631291e+02
1.4739931641e+02,1.0000000000e+00,1.4739931641e+02
1.5515400680e+02,1.0000000000e+00,1.5515400680e+02
1.5347369402e+02,1.0000000000e+00,1.5347369402e+02
1.3563684611e+02,1.0000000000e+00,1.3563684611e+02
1.0477431883e+02,1.0000000000e+00,1.0477431883e+02
7.2654115929e+01,1.0000000000e+00,7.2654115929e+01
5.1970673199e+01,1.0000000000e+00,5.1970673199e+01
4.6784870138e+01,1.0000000000e+00,4.6784870138e+01
4.9355407320e+01,1.0000000000e+00,4.9355407320e+01
4.7411505428e+01,1.0000000000e+00,4.7411505428e+01
3.6122033223e+01,1.0000000000e+00,3.6122033223e+01
2.1364381012e+01,1.0000000000e+00,2.1364381012e+01
2.7971109814e+01,1.0000000000e+00,2.7971109814e+01
5.9151131181e+01,1.0000000000e+00,5.9151131181e+01
1.1355536068e+02,1.0000000000e+00,1.1355536068e+02
1.7297875248e+02,1.0000000000e+00,1.7297875248e+02
2.1771071775e+02,1.0000000000e+00,2.1771071775e+02
2.3878730817e+02,1.0000000000e+00,2.3878730817e+02
2.3976906196e+02,1.0000000000e+00,2.3976906196e+02
2.2979349285e+02,1.0000000000e+00,2.2979349285e+02
2.1652294093e+02,1.0000000000e+00,2.1652294093e+02
2.0381318973e+02,1.0000000000e+00,2.0381318973e+02
1.9290025883e+02,1.0000000000e+00,1.9290025883e+02
1.8444178032e+02,1.0000000000e+00,1.8444178032e+02
1.7975368425e+02,1.0000000000e+00,1.7975368425e+02
1.8020725703e+02,1.0000000000e+00,1.8020725703e+02
1.8572431455e+02,1.0000000000e+00,1.8572431455e+02
1.9474597625e+02,1.0000000000e+00,1.9474597625e+02
2.0530550227e+02,1.0000000000e+00,2.0530550227e+02
2.1508735490e+02,1.0000000000e+00,2.1508735490e+02
2.2130784084e+02,1.0000000000e+00,2.2130784084e+02
2.2225541334e+02,1.0000000000e+00,2.2225541334e+02
2.1910721672e+02,1.0000000000e+00,2.1910721672e+02
2.1550426372e+02,1.0000000000e+00,2.1550426372e+02
2.1475017129e+02,1.0000000000e+00,2.1475017129e+02
2.1660606096e+02,1.0000000000e+00,2.1660606096e+02
2.1633266667e+02,1.0000000000e+00,2.1633266667e+02
2.0739020530e+02,1.0000000000e+00,2.0739020530e+02
1.8602094652e+02,1.0000000000e+00,1.8602094652e+02
1.5446288441e+02,1.0000000000e+00,1.5446288441e+02
1.2074786544e+02,1.0000000000e+00,1.2074786544e+02
9.4237961520e+01,1.0000000000e+00,9.4237961520e+01
7.9234482877e+01,1.0000000000e+00,7.9234482877e+01
7.2672017982e+01,1.0000000000e+00,7.2672017982e+01
6.7874519643e+01,1.0000000000e+00,6.7874519643e+01
5.9549840350e+01,1.0000000000e+00,5.9549840350e+01
4.6609717828e+01,1.0000000000e+00,4.6609717828e+01
3.2962318556e+01,1.0000000000e+00,3.2962318556e+01
2.5399632733e+01,1.0000000000e+00,2.5399632733e+01
5.5716855575e+01,1.0000000000e+00,5.5716855575e+01
8.3383624260e+01,1.0000000000e+00,8.3383624260e+01
1.0839993879e+02,1.0000000000e+00,1.0839993879e+02
1.2500000000e+02,1.0000000000e+00,1.2500000000e+02
1.0416666667e+02,1.0000000000e+00,1.0416666667e+02
7.3600062023e+01,1.0000000000e+00,7.3600062023e+01
6.3085767448e+01,1.0000000000e+00,6.3085767448e+01
5.2571472873e+01,1.0000000000e+00,5.2571472873e+01
4.2057178299e+01,1.0000000000e+00,4.2057178299e+01
5.8084126092e+01,1.0000000000e+00,5.8084126092e+01
1.1546981486e+02,1.0000000000e+00,1.1546981486e+02
1.7472141831e+02,1.0000000000e+00,1.7472141831e+02
2.1801782223e+02,1.0000000000e+00,2.1801782223e+02
2.3845877473e+02,1.0000000000e+00,2.3845877473e+02
2.4071492983e+02,1.0000000000e+00,2.4071492983e+02
2.3394518169e+02,1.0000000000e+00,2.3394518169e+02
2.2501307330e+02,1.0000000000e+00,2.2501307330e+02
2.1679495401e+02,1.0000000000e+00,2.1679495401e+02
2.1023543453e+02,1.0000000000e+00,2.1023543453e+02
2.0631640719e+02,1.0000000000e+00,2.0631640719e+02
2.0581776081e+02,1.0000000000e+00,2.0581776081e+02
2.0800595787e+02,1.0000000000e+00,2.0800595787e+02
2.1064268502e+02,1.0000000000e+00,2.1064268502e+02
2.1150703551e+02,1.0000000000e+00,2.1150703551e+02
2.0933401528e+02,1.0000000000e+00,2.0933401528e+02
2.0345751503e+02,1.0000000000e+00,2.0345751503e+02
1.9407430204e+02,1.0000000000e+00,1.9407430204e+02
1.8386827002e+02,1.0000000000e+00,1.8386827002e+02
1.7795473525e+02,1.0000000000e+00,1.7795473525e+02
1.7952546987e+02,1.0000000000e+00,1.7952546987e+02
1.8511149041e+02,1.0000000000e+00,1.8511149041e+02
1.8702784057e+02,1.0000000000e+00,1.8702784057e+02
1.8252356368e+02,1.0000000000e+00,1.8252356368e+02
1.7831826692e+02,1.0000000000e+00,1.7831826692e+02
1.8329764242e+02,1.0000000000e+00,1.8329764242e+02
1.9767409845e+02,1.0000000000e+00,1.9767409845e+02
2.1118019748e+02,1.0000000000e+00,2.1118019748e+02
2.1096290463e+02,1.0000000000e+00,2.1096290463e+02
1.9080168040e+02,1.0000000000e+00,1.9080168040e+02
1.5559405706e+02,1.0000000000e+00,1.5559405706e+02
1.1948141194e+02,1.0000000000e+00,1.1948141194e+02
9.8823729898e+01,1.0000000000e+00,9.8823729898e+01
1.0378819273e+02,1.0000000000e+00,1.0378819273e+02
1.3202419104e+02,1.0000000000e+00,1.3202419104e+02
1.6697588365e+02,1.0000000000e+00,1.6697588365e+02
1.8446717972e+02,1.0000000000e+00,1.8446717972e+02
1.6748519335e+02,1.0000000000e+00,1.6748519335e+02
1.1939312551e+02,1.0000000000e+00,1.1939312551e+02
6.3612712994e+01,1.0000000000e+00,6.3612712994e+01
2.9429150424e+01,1.0000000000e+00,2.9429150424e+01
3.4856910372e+01,1.0000000000e+00,3.4856910372e+01
7.6878145135e+01,1.0000000000e+00,7.6878145135e+01
1.3374883571e+02,1.0000000000e+00,1.3374883571e+02
1.7909779095e+02,1.0000000000e+00,1.7909779095e+02
1.9931786785e+02,1.0000000000e+00,1.9931786785e+02
1.9996867827e+02,1.0000000000e+00,1.9996867827e+02
1.9582843571e+02,1.0000000000e+00,1.9582843571e+02
1.9614369820e+02,1.0000000000e+00,1.9614369820e+02
1.9989728497e+02,1.0000000000e+00,1.9989728497e+02
2.0193798903e+02,1.0000000000e+00,2.0193798903e+02
1.9958007392e+02,1.0000000000e+00,1.9958007392e+02
1.9318549611e+02,1.0000000000e+00,1.9318549611e+02
1.8371928792e+02,1.0000000000e+00,1.8371928792e+02
1.7234177007e+02,1.0000000000e+00,1.7234177007e+02
1.6187161605e+02,1.0000000000e+00,1.6187161605e+02
1.5661578244e+02,1.0000000000e+00,1.5661578244e+02
1.5977188563e+02,1.0000000000e+00,1.5977188563e+02
1.7105076041e+02,1.0000000000e+00,1.7105076041e+02
1.8647173813e+02,1.0000000000e+00,1.8647173813e+02
1.9990487535e+02,1.0000000000e+00,1.9990487535e+02
2.0550681455e+02,1.0000000000e+00,2.0550681455e+02
2.0024117633e+02,1.0000000000e+00,2.0024117633e+02
1.8474000598e+02,1.0000000000e+00,1.8474000598e+02
1.6167358623e+02,1.0000000000e+00,1.6167358623e+02
1.3374634908e+02,1.0000000000e+00,1.3374634908e+02
1.0346744607e+02,1.0000000000e+00,1.0346744607e+02
7.3694041790e+01,1.0000000000e+00,7.3694041790e+01
4.7423268510e+01,1.0000000000e+00,4.7423268510e+01
4.0648515865e+01,1.0000000000e+00,4.0648515865e+01
3.3873763221e+01,1.0000000000e+00,3.3873763221e+01
2.7099010577e+01,1.0000000000e+00,2.7099010577e+01
3.8669893960e+01,1.0000000000e+00,3.8669893960e+01
7.3392116183e+01,1.0000000000e+00,7.3392116183e+01
1.0416666667e+02,1.0000000000e+00,1.0416666667e+02
1.2500000000e+02,1.0000000000e+00,1.2500000000e+02
1.0416666667e+02,1.0000000000e+00,1.0416666667e+02
8.9285714286e+01,1.0000000000e+00,8.9285714286e+01
7.4404761905e+01,1.0000000000e+00,7.4404761905e+01
5.9523809524e+01,1.0000000000e+00,5.9523809524e+01
4.4642857143e+01,1.0000000000e+00,4.4642857143e+01
9.0703966225e+01,1.0000000000e+00,9.0703966225e+01
1.5212450499e+02,1.0000000000e+00,1.5212450499e+02
1.9593944362e+02,1.0000000000e+00,1.9593944362e+02
2.0505890336e+02,1.0000000000e+00,2.0505890336e+02
1.7903731708e+02,1.0000000000e+00,1.7903731708e+02
1.3331943496e+02,1.0000000000e+00,1.3331943496e+02
9.2568694672e+01,1.0000000000e+00,9.2568694672e+01
7.9336958794e+01,1.0000000000e+00,7.9336958794e+01
1.0109800439e+02,1.0000000000e+00,1.0109800439e+02
1.4417236241e+02,1.0000000000e+00,1.4417236241e+02
1.8089415362e+02,1.0000000000e+00,1.8089415362e+02
1.8741557827e+02,1.0000000000e+00,1.8741557827e+02
1.6110956541e+02,1.0000000000e+00,1.6110956541e+02
1.2361644444e+02,1.0000000000e+00,1.2361644444e+02
1.0466690149e+02,1.0000000000e+00,1.0466690149e+02
1.1930361770e+02,1.0000000000e+00,1.1930361770e+02
1.5780757760e+02,1.0000000000e+00,1.5780757760e+02
1.9459232324e+02,1.0000000000e+00,1.9459232324e+02
2.0600358484e+02,1.0000000000e+00,2.0600358484e+02
1.8422507752e+02,1.0000000000e+00,1.8422507752e+02
1.4137467959e+02,1.0000000000e+00,1.4137467959e+02
1.0246337309e+02,1.0000000000e+00,1.0246337309e+02
8.8769807187e+01,1.0000000000e+00,8.8769807187e+01
1.0202779862e+02,1.0000000000e+00,1.0202779862e+02
1.2503936953e+02,1.0000000000e+00,1.2503936953e+02
1.3918906287e+02,1.0000000000e+00,1.3918906287e+02
1.3919464988e+02,1.0000000000e+00,1.3919464988e+02
1.3111786657e+02,1.0000000000e+00,1.3111786657e+02
1.2204429946e+02,1.0000000000e+00,1.2204429946e+02
1.1494416660e+02,1.0000000000e+00,1.1494416660e+02
1.1006109780e+02,1.0000000000e+00,1.1006109780e+02
1.0761576968e+02,1.0000000000e+00,1.0761576968e+02
1.0857036212e+02,1.0000000000e+00,1.0857036212e+02
1.1325477168e+02,1.0000000000e+00,1.1325477168e+02
1.2028421016e+02,1.0000000000e+00,1.2028421016e+02
1.2786512481e+02,1.0000000000e+00,1.2786512481e+02
1.3592317109e+02,1.0000000000e+00,1.3592317109e+02
1.4584620003e+02,1.0000000000e+00,1.4584620003e+02
1.5770930530e+02,1.0000000000e+00,1.5770930530e+02
1.6863225781e+02,1.0000000000e+00,1.6863225781e+02
1.7507750827e+02,1.0000000000e+00,1.7507750827e+02
1.7675186894e+02,1.0000000000e+00,1.7675186894e+02
1.7678657899e+02,1.0000000000e+00,1.7678657899e+02
1.7693292917e+02,1.0000000000e+00,1.7693292917e+02
1.7351007044e+02,1.0000000000e+00,1.7351007044e+02
1.6022515273e+02,1.0000000000e+00,1.6022515273e+02
1.3546348842e+02,1.0000000000e+00,1.3546348842e+02
1.0509303954e+02,1.0000000000e+00,1.0509303954e+02
7.7436611066e+01,1.0000000000e+00,7.7436611066e+01
5.6979373480e+01,1.0000000000e+00,5.6979373480e+01
4.3346896137e+01,1.0000000000e+00,4.3346896137e+01
3.4528233001e+01,1.0000000000e+00,3.4528233001e+01
2.9731506756e+01,1.0000000000e+00,2.9731506756e+01
2.9489049836e+01,1.0000000000e+00,2.9489049836e+01
3.3682200669e+01,1.0000000000e+00,3.3682200669e+01
3.9649901548e+01,1.0000000000e+00,3.9649901548e+01
4.2476196642e+01,1.0000000000e+00,4.2476196642e+01
3.7817618142e+01,1.0000000000e+00,3.7817618142e+01
3.2415101265e+01,1.0000000000e+00,3.2415101265e+01
2.7012584387e+01,1.0000000000e+00,2.7012584387e+01
2.1610067510e+01,1.0000000000e+00,2.1610067510e+01
1.9437636076e+01,1.0000000000e+00,1.9437636076e+01
2.9156454114e+01,1.0000000000e+00,2.9156454114e+01
6.7571058095e+01,1.0000000000e+00,6.7571058095e+01
1.0991958823e+02,1.0000000000e+00,1.0991958823e+02
1.4327789627e+02,1.0000000000e+00,1.4327789627e+02
1.5969306680e+02,1.0000000000e+00,1.5969306680e+02
1.6035502298e+02,1.0000000000e+00,1.6035502298e+02
1.5369577464e+02,1.0000000000e+00,1.5369577464e+02
1.4893200909e+02,1.0000000000e+00,1.4893200909e+02
1.5082151869e+02,1.0000000000e+00,1.5082151869e+02
1.5969046361e+02,1.0000000000e+00,1.5969046361e+02
1.7421153548e+02,1.0000000000e+00,1.7421153548e+02
1.9188204681e+02,1.0000000000e+00,1.9188204681e+02
2.0717494891e+02,1.0000000000e+00,2.0717494891e+02
2.1204093739e+02,1.0000000000e+00,2.1204093739e+02
2.0100280297e+02,1.0000000000e+00,2.0100280297e+02
1.7675962046e+02,1.0000000000e+00,1.7675962046e+02
1.5001912609e+02,1.0000000000e+00,1.5001912609e+02
1.3264271265e+02,1.0000000000e+00,1.3264271265e+02
1.3008366660e+02,1.0000000000e+00,1.3008366660e+02
1.3929144210e+02,1.0000000000e+00,1.3929144210e+02
1.5284796818e+02,1.0000000000e+00,1.5284796818e+02
1.6537931468e+02,1.0000000000e+00,1.6537931468e+02
1.7670795856e+02,1.0000000000e+00,1.7670795856e+02
1.8893581431e+02,1.0000000000e+00,1.8893581431e+02
2.0099918859e+02,1.0000000000e+00,2.0099918859e+02
2.0735494568e+02,1.0000000000e+00,2.0735494568e+02
2.0259417451e+02,1.0000000000e+00,2.0259417451e+02
1.8704675586e+02,1.0000000000e+00,1.8704675586e+02
1.6778743102e+02,1.0000000000e+00,1.6778743102e+02
1.5393942528e+02,1.0000000000e+00,1.5393942528e+02
1.4993645357e+02,1.0000000000e+00,1.4993645357e+02
1.5237683292e+02,1.0000000000e+00,1.5237683292e+02
1.5313955692e+02,1.0000000000e+00,1.5313955692e+02
1.4581419047e+02,1.0000000000e+00,1.4581419047e+02
1.3045360166e+02,1.0000000000e+00,1.3045360166e+02
1.1384932344e+02,1.0000000000e+00,1.1384932344e+02
1.0499861451e+02,1.0000000000e+00,1.0499861451e+02
1.0838280265e+02,1.0000000000e+00,1.0838280265e+02
1.2054012517e+02,1.0000000000e+00,1.2054012517e+02
1.3309027146e+02,1.0000000000e+00,1.3309027146e+02
1.3912419280e+02,1.0000000000e+00,1.3912419280e+02
1.3723011782e+02,1.0000000000e+00,1.3723011782e+02
1.3041442971e+02,1.0000000000e+00,1.3041442971e+02
1.2232035816e+02,1.0000000000e+00,1.2232035816e+02
1.1554249938e+02,1.0000000000e+00,1.1554249938e+02
1.1284654919e+02,1.0000000000e+00,1.1284654919e+02
1.1707776807e+02,1.0000000000e+00,1.1707776807e+02
1.2812537172e+02,1.0000000000e+00,1.2812537172e+02
1.4112162391e+02,1.0000000000e+00,1.4112162391e+02
1.4908037751e+02,1.0000000000e+00,1.4908037751e+02
1.4759217314e+02,1.0000000000e+00,1.4759217314e+02
1.3743104436e+02,1.0000000000e+00,1.3743104436e+02
1.2360857916e+02,1.0000000000e+00,1.2360857916e+02
1.1168664860e+02,1.0000000000e+00,1.1168664860e+02
1.0367189770e+02,1.0000000000e+00,1.0367189770e+02
9.7301673154e+01,1.0000000000e+00,9.7301673154e+01
8.9497697643e+01,1.0000000000e+00,8.9497697643e+01
7.9459539863e+01,1.0000000000e+00,7.9459539863e+01
6.8383727185e+01,1.0000000000e+00,6.8383727185e+01
5.7813557974e+01,1.0000000000e+00,5.7813557974e+01
4.8704834079e+01,1.0000000000e+00,4.8704834079e+01
4.1279281555e+01,1.0000000000e+00,4.1279281555e+01
3.5601567881e+01,1.0000000000e+00,3.5601567881e+01
3.2314768043e+01,1.0000000000e+00,3.2314768043e+01
3.2225099934e+01,1.0000000000e+00,3.2225099934e+01
3.4799668865e+01,1.0000000000e+00,3.4799668865e+01
3.7391121554e+01,1.0000000000e+00,3.7391121554e+01
3.6517846501e+01,1.0000000000e+00,3.6517846501e+01
3.1301011287e+01,1.0000000000e+00,3.1301011287e+01
2.6084176072e+01,1.0000000000e+00,2.6084176072e+01
2.0867340858e+01,1.0000000000e+00,2.0867340858e+01
1.5650505643e+01,1.0000000000e+00,1.5650505643e+01
1.0433670429e+01,1.0000000000e+00,1.0433670429e+01
5.2168352144e+00,1.0000000000e+00,5.2168352144e+00
1.3336039304e+01,1.0000000000e+00,1.3336039304e+01
2.6672078608e+01,1.0000000000e+00,2.6672078608e+01
4.0008117912e+01,1.0000000000e+00,4.0008117912e+01
7.3232323232e+01,1.0000000000e+00,7.3232323232e+01
1.0416666667e+02,1.0000000000e+00,1.0416666667e+02
1.2500000000e+02,1.0000000000e+00,1.2500000000e+02
1.0416666667e+02,1.0000000000e+00,1.0416666667e+02
7.3232323232e+01,1.0000000000e+00,7.3232323232e+01
6.2770562771e+01,1.0000000000e+00,6.2770562771e+01
5.2308802309e+01,1.0000000000e+00,5.2308802309e+01
4.1847041847e+01,1.0000000000e+00,4.1847041847e+01
3.1385281385e+01,1.0000000000e+00,3.1385281385e+01
2.0923520924e+01,1.0000000000e+00,2.0923520924e+01
1.0461760462e+01,1.0000000000e+00,1.0461760462e+01
0.0000000000e+00,1.0000000000e+00,0.0000000000e+00
0.0000000000e+00,1.0000000000e+00,0.0000000000e+00
0.0000000000e+00,1.0000000000e+00,0.0000000000e+00
0.0000000000e+00,1.0000000000e+00,0.0000000000e+00
0.0000000000e+00,1.0000000000e+00,0.0000000000e+00
0.0000000000e+00,1.0000000000e+00,0.0000000000e+00
0.0000000000e+00,1.0000000000e+00,0.0000000000e+00
0.0000000000e+00,1.0000000000e+00,0.0000000000e+00
2.0399305556e+01,1.0000000000e+00,2.0399305556e+01
4.0798611111e+01,1.0000000000e+00,4.0798611111e+01
6.1197916667e+01,1.0000000000e+00,6.1197916667e+01
1.0416666667e+02,1.0000000000e+00,1.0416666667e+02
1.2500000000e+02,1.0000000000e+00,1.2500000000e+02
1.0416666667e+02,1.0000000000e+00,1.0416666667e+02
8.9285714286e+01,1.0000000000e+00,8.9285714286e+01
7.4404761905e+01,1.0000000000e+00,7.4404761905e+01
5.9523809524e+01,1.0000000000e+00,5.9523809524e+01
4.4642857143e+01,1.0000000000e+00,4.4642857143e+01
2.9761904762e+01,1.0000000000e+00,2.9761904762e+01
1.4880952381e+01,1.0000000000e+00,1.4880952381e+01
0.0000000000e+00,9.0000000000e-01,0.0000000000e+00
0.0000000000e+00,8.0000000000e-01,0.0000000000e+00
0.0000000000e+00,7.0000000000e-01,0.0000000000e+00
0.0000000000e+00,6.0000000000e-01,0.0000000000e+00
0.0000000000e+00,6.0000000000e-01,0.0000000000e+00
0.0000000000e+00,6.0000000000e-01,0.0000000000e+00
0.0000000000e+00,6.0000000000e-01,0.0000000000e+00
0.0000000000e+00,6.0000000000e-01,0.0000000000e+00
0.0000000000e+00,6.0000000000e-01,0.0000000000e+00
0.0000000000e+00,6.0000000000e-01,0.0000000000e+00
0.0000000000e+00,7.0000000000e-01,0.0000000000e+00
0.0000000000e+00,8.0000000000e-01,0.0000000000e+00
0.0000000000e+00,9.0000000000e-01,0.0000000000e+00
1.3996347244e+01,1.0000000000e+00,1.3996347244e+01
2.7992694488e+01,1.0000000000e+00,2.7992694488e+01
4.1989041732e+01,1.0000000000e+00,4.1989041732e+01
6.0969074890e+01,1.0000000000e+00,6.0969074890e+01
7.5647189207e+01,1.0000000000e+00,7.5647189207e+01
8.1703990678e+01,1.0000000000e+00,8.1703990678e+01
8.0051468779e+01,1.0000000000e+00,8.0051468779e+01
7.6404465816e+01,1.0000000000e+00,7.6404465816e+01
1.0066437194e+02,1.0000000000e+00,1.0066437194e+02
1.1690074430e+02,1.0000000000e+00,1.1690074430e+02
1.2500000000e+02,1.0000000000e+00,1.2500000000e+02
1.2428064164e+02,1.0000000000e+00,1.2428064164e+02
1.1553145661e+02,1.0000000000e+00,1.1553145661e+02
1.0416666667e+02,1.0000000000e+00,1.0416666667e+02
9.1088642105e+01,1.0000000000e+00,9.1088642105e+01
7.6297382924e+01,1.0000000000e+00,7.6297382924e+01
5.9792889123e+01,1.0000000000e+00,5.9792889123e+01
4.1575160702e+01,1.0000000000e+00,4.1575160702e+01
3.5635852030e+01,1.0000000000e+00,3.5635852030e+01
2.9696543358e+01,1.0000000000e+00,2.9696543358e+01
2.3757234687e+01,1.0000000000e+00,2.3757234687e+01
1.7817926015e+01,1.0000000000e+00,1.7817926015e+01
1.1878617343e+01,1.0000000000e+00,1.1878617343e+01
5.9393086717e+00,1.0000000000e+00,5.9393086717e+00
0.0000000000e+00,1.0000000000e+00,0.0000000000e+00
0.0000000000e+00,1.0000000000e+00,0.0000000000e+00
0.0000000000e+00,1.0000000000e+00,0.0000000000e+00
0.0000000000e+00,1.0000000000e+00,0.0000000000e+00
0.0000000000e+00,1.0000000000e+00,0.0000000000e+00
1.3445396331e+01,1.0000000000e+00,1.3445396331e+01
2.6890792662e+01,1.0000000000e+00,2.6890792662e+01
4.0336188993e+01,1.0000000000e+00,4.0336188993e+01
7.5058411215e+01,1.0000000000e+00,7.5058411215e+01
1.0416666667e+02,1.0000000000e+00,1.0416666667e+02
1.2500000000e+02,1.0000000000e+00,1.2500000000e+02
1.2159267913e+02,1.0000000000e+00,1.2159267913e+02
1.0416666667e+02,1.0000000000e+00,1.0416666667e+02
8.5604880582e+01,1.0000000000e+00,8.5604880582e+01
6.5907320872e+01,1.0000000000e+00,6.5907320872e+01
4.5073987539e+01,1.0000000000e+00,4.5073987539e+01
3.8634846462e+01,1.0000000000e+00,3.8634846462e+01
3.2195705385e+01,1.0000000000e+00,3.2195705385e+01
2.5756564308e+01,1.0000000000e+00,2.5756564308e+01
2.1330799071e+01,1.0000000000e+00,2.1330799071e+01
3.1996198606e+01,1.0000000000e+00,3.1996198606e+01
4.3324810480e+01,1.0000000000e+00,4.3324810480e+01
5.4748259236e+01,1.0000000000e+00,5.4748259236e+01
6.2870926858e+01,1.0000000000e+00,6.2870926858e+01
6.6959365058e+01,1.0000000000e+00,6.6959365058e+01
6.8418551088e+01,1.0000000000e+00,6.8418551088e+01
6.8236484439e+01,1.0000000000e+00,6.8236484439e+01
6.5899917802e+01,1.0000000000e+00,6.5899917802e+01
6.0710900933e+01,1.0000000000e+00,6.0710900933e+01
5.3161448569e+01,1.0000000000e+00,5.3209123654e+01
4.4793334905e+01,1.0000000000e+00,4.5372734353e+01
3.9609899303e+01,1.0000000000e+00,4.0545915702e+01
6.1035040651e+01,1.0000000000e+00,5.8429860840e+01
7.8916568269e+01,1.0000000000e+00,7.4420296811e+01
8.3234310389e+01,1.0000000000e+00,8.6513189261e+01
9.3377783862e+01,1.0000000000e+00,9.8586441561e+01
1.1689468605e+02,1.0000000000e+00,1.1214959318e+02
1.2587786674e+02,1.0000000000e+00,1.2162121409e+02
1.1875410311e+02,1.0000000000e+00,1.2375082062e+02
1.1494595127e+02,1.0000000000e+00,1.1948708493e+02
1.1447395207e+02,1.0000000000e+00,1.1107072306e+02
1.0299247712e+02,1.0000000000e+00,9.7869217159e+01
7.8443185658e+01,1.0000000000e+00,7.9470899099e+01
5.4002703650e+01,1.0000000000e+00,5.8511094066e+01
3.7463233720e+01,1.0000000000e+00,3.6548242585e+01
5.2752825032e+01,1.0000000000e+00,4.8744475488e+01
5.6639987176e+01,1.0000000000e+00,5.8946252489e+01
6.7355114583e+01,1.0000000000e+00,7.0799652472e+01
8.8688070351e+01,1.0000000000e+00,8.5062648057e+01
1.0156828557e+02,1.0000000000e+00,9.7921125462e+01
1.0565432721e+02,1.0000000000e+00,1.0930679808e+02
1.1682183114e+02,1.0000000000e+00,1.2239479309e+02
1.2662189420e+02,1.0000000000e+00,1.2532437884e+02
1.1295972271e+02,1.0000000000e+00,1.0592527788e+02
8.8175814712e+01,1.0000000000e+00,8.5096598925e+01
5.6542314299e+01,1.0000000000e+00,6.1294373576e+01
4.6694663392e+01,1.0000000000e+00,5.2183999007e+01
4.6633972198e+01,1.0000000000e+00,4.5031016380e+01
4.2785066400e+01,1.0000000000e+00,3.7120390832e+01
2.8439689296e+01,1.0000000000e+00,2.7110471023e+01
1.3425989697e+01,1.0000000000e+00,1.6966886715e+01
6.0504349986e+00,1.0000000000e+00,8.3509313878e+00
3.8309067711e-01,1.0000000000e+00,7.6618135423e-02
4.7816631125e-01,1.0000000000e+00,9.5633262249e-02
5.3349687449e-02,1.0000000000e+00,1.0669937490e-02
0.0000000000e+00,1.0000000000e+00,0.0000000000e+00
1.2836700337e+01,1.0000000000e+00,1.2836700337e+01
2.5673400673e+01,1.0000000000e+00,2.5673400673e+01
3.8510101010e+01,1.0000000000e+00,3.8510101010e+01
7.3232323232e+01,1.0000000000e+00,7.3232323232e+01
1.0416666667e+02,1.0000000000e+00,1.0416666667e+02
1.2500000000e+02,1.0000000000e+00,1.2500000000e+02
1.0416666667e+02,1.0000000000e+00,1.0416666667e+02
7.3232323232e+01,1.0000000000e+00,7.3232323232e+01
6.2770562771e+01,1.0000000000e+00,6.2770562771e+01
5.2308802309e+01,1.0000000000e+00,5.2308802309e+01
4.1847041847e+01,1.0000000000e+00,4.1847041847e+01
3.1385281385e+01,1.0000000000e+00,3.1385281385e+01
2.0923520924e+01,1.0000000000e+00,2.0923520924e+01
1.0461760462e+01,1.0000000000e+00,1.0461760462e+01
0.0000000000e+00,9.0000000000e-01,0.0000000000e+00
0.0000000000e+00,8.0000000000e-01,0.0000000000e+00
0.0000000000e+00,7.0000000000e-01,0.0000000000e+00
0.0000000000e+00,6.0000000000e-01,0.0000000000e+00
0.0000000000e+00,6.0000000000e-01,0.0000000000e+00
0.0000000000e+00,6.0000000000e-01,0.0000000000e+00
0.0000000000e+00,6.0000000000e-01,0.0000000000e+00
0.0000000000e+00,6.0000000000e-01,0.0000000000e+00
0.0000000000e+00,6.0000000000e-01,0.0000000000e+00
0.0000000000e+00,6.0000000000e-01,0.0000000000e+00
0.0000000000e+00,6.0000000000e-01,0.0000000000e+00
0.0000000000e+00,6.0000000000e-01,0.0000000000e+00
0.0000000000e+00,6.0000000000e-01,0.0000000000e+00
0.0000000000e+00,6.0000000000e-01,0.0000000000e+00
0.0000000000e+00,6.0000000000e-01,0.0000000000e+00
0.0000000000e+00,6.0000000000e-01,0.0000000000e+00
0.0000000000e+00,6.0000000000e-01,0.0000000000e+00
0.0000000000e+00,6.0000000000e-01,0.0000000000e+00
0.0000000000e+00,6.0000000000e-01,0.0000000000e+00
0.0000000000e+00,6.0000000000e-01,0.0000000000e+00
0.0000000000e+00,6.0000000000e-01,0.0000000000e+00
0.0000000000e+00,6.0000000000e-01,0.0000000000e+00
0.0000000000e+00,6.0000000000e-01,0.0000000000e+00
0.0000000000e+00,6.0000000000e-01,0.0000000000e+00
0.0000000000e+00,6.0000000000e-01,0.0000000000e+00
0.0000000000e+00,6.0000000000e-01,0.0000000000e+00
0.0000000000e+00,6.0000000000e-01,0.0000000000e+00
0.0000000000e+00,6.0000000000e-01,0.0000000000e+00
0.0000000000e+00,6.0000000000e-01,0.0000000000e+00
0.0000000000e+00,6.0000000000e-01,0.0000000000e+00
0.0000000000e+00,6.0000000000e-01,0.0000000000e+00
0.0000000000e+00,6.0000000000e-01,0.0000000000e+00
0.0000000000e+00,6.0000000000e-01,0.0000000000e+00
0.0000000000e+00,6.0000000000e-01,0.0000000000e+00
0.0000000000e+00,6.0000000000e-01,0.0000000000e+00
0.0000000000e+00,6.0000000000e-01,0.0000000000e+00
0.0000000000e+00,7.0000000000e-01,0.0000000000e+00
0.0000000000e+00,8.0000000000e-01,0.0000000000e+00
0.0000000000e+00,9.0000000000e-01,0.0000000000e+00
1.3757946516e+01,1.0000000000e+00,1.3757946516e+01
2.7515893032e+01,1.0000000000e+00,2.7515893032e+01
4.1273839548e+01,1.0000000000e+00,4.1273839548e+01
8.4557022493e+01,1.0000000000e+00,7.7708253915e+01
1.1425358531e+02,1.0000000000e+00,1.0618405040e+02
1.1687418630e+02,1.0000000000e+00,1.2337483726e+02
1.1625197136e+02,1.0000000000e+00,1.3027610335e+02
1.2720325678e+02,1.0000000000e+00,1.2922258853e+02
1.3220573216e+02,1.0000000000e+00,1.2187289571e+02
1.1709861056e+02,1.0000000000e+00,1.1055793246e+02
9.2343708495e+01,1.0000000000e+00,9.7370062100e+01
7.9067245681e+01,1.0000000000e+00,8.6534528565e+01
7.8789457932e+01,1.0000000000e+00,7.8355379020e+01
7.6210723373e+01,1.0000000000e+00,6.9772689089e+01
6.2212893811e+01,1.0000000000e+00,5.8962829133e+01
4.3591296862e+01,1.0000000000e+00,4.7284864677e+01
3.1924278822e+01,1.0000000000e+00,3.7054464979e+01
2.8235337688e+01,1.0000000000e+00,2.8476329639e+01
3.4867536571e+01,1.0000000000e+00,3.0413272884e+01
3.5683429619e+01,1.0000000000e+00,3.2245658970e+01
3.2902332685e+01,1.0000000000e+00,3.4356529121e+01
3.4819750211e+01,1.0000000000e+00,3.7846104148e+01
4.0942606648e+01,1.0000000000e+00,4.1838150521e+01
4.4431597005e+01,1.0000000000e+00,4.4293302700e+01
4.4879417653e+01,1.0000000000e+00,4.4818772061e+01
4.3656047612e+01,1.0000000000e+00,4.3656047612e+01
4.0667755463e+01,1.0000000000e+00,4.0667755463e+01
3.5630693157e+01,1.0000000000e+00,3.5630693157e+01
3.0525573697e+01,1.0000000000e+00,3.0537590047e+01
2.5910132423e+01,1.0000000000e+00,2.5542422574e+01
2.0644978301e+01,1.0000000000e+00,2.0417312532e+01
1.1460647031e+01,1.0000000000e+00,1.4508367060e+01
1.1003906390e+01,1.0000000000e+00,1.0344939714e+01
8.9686916649e+00,1.0000000000e+00,5.8658175509e+00
0.0000000000e+00,9.0000000000e-01,0.0000000000e+00
0.0000000000e+00,8.0000000000e-01,0.0000000000e+00
0.0000000000e+00,7.0000000000e-01,0.0000000000e+00
0.0000000000e+00,6.0000000000e-01,0.0000000000e+00
0.0000000000e+00,6.0000000000e-01,0.0000000000e+00
0.0000000000e+00,6.0000000000e-01,0.0000000000e+00
0.0000000000e+00,6.0000000000e-01,0.0000000000e+00
0.0000000000e+00,7.0000000000e-01,0.0000000000e+00
1.5071324245e+00,8.0000000000e-01,3.0142648491e-01
3.3936554316e+00,9.0000000000e-01,6.7873108632e-01
5.6822333162e+00,1.0000000000e+00,1.3002357542e+01
1.0872504899e+01,1.0000000000e+00,2.5906322736e+01
5.1988207195e+01,1.0000000000e+00,4.5995374074e+01
1.0197534839e+02,1.0000000000e+00,8.0622708961e+01
1.0360160358e+02,1.0000000000e+00,1.0405365405e+02
1.0591530857e+02,1.0000000000e+00,1.2118306171e+02
1.2258731049e+02,1.0000000000e+00,1.2414343944e+02
1.1845679452e+02,1.0000000000e+00,1.1372339771e+02
1.0100737683e+02,1.0000000000e+00,1.0100737683e+02
8.9934456664e+01,1.0000000000e+00,8.9934456664e+01
7.9321287999e+01,1.0000000000e+00,7.9321287999e+01
6.9167870839e+01,1.0000000000e+00,6.9167870839e+01
5.9474205182e+01,1.0000000000e+00,5.9474205182e+01
5.0240291030e+01,1.0000000000e+00,5.0240291030e+01
5.0933596905e+01,1.0000000000e+00,5.0933596905e+01
5.2164935720e+01,1.0000000000e+00,5.2164935720e+01
5.2776721627e+01,1.0000000000e+00,5.2776721627e+01
5.1566057997e+01,1.0000000000e+00,5.1566057997e+01
4.8046026295e+01,1.0000000000e+00,4.8046026295e+01
4.2868795680e+01,1.0000000000e+00,4.2868795680e+01
3.7399810690e+01,1.0000000000e+00,3.7399810690e+01
3.2764197235e+01,1.0000000000e+00,3.2764197235e+01
2.9369370899e+01,1.0000000000e+00,2.9369370899e+01
2.7207195841e+01,1.0000000000e+00,2.7207195841e+01
2.6193896472e+01,1.0000000000e+00,2.6193896472e+01
2.6053485227e+01,1.0000000000e+00,2.6053485227e+01
2.6149820563e+01,1.0000000000e+00,2.6149820563e+01
2.5742819642e+01,1.0000000000e+00,2.5742819642e+01
1.8678443260e+01,1.0000000000e+00,1.8678443260e+01
1.4942754608e+01,1.0000000000e+00,1.4942754608e+01
1.1207065956e+01,1.0000000000e+00,1.1207065956e+01
7.4713773038e+00,1.0000000000e+00,7.4713773038e+00
3.7356886519e+00,1.0000000000e+00,3.7356886519e+00
0.0000000000e+00,9.0000000000e-01,0.0000000000e+00
0.0000000000e+00,8.0000000000e-01,0.0000000000e+00
0.0000000000e+00,7.0000000000e-01,0.0000000000e+00
0.0000000000e+00,6.0000000000e-01,0.0000000000e+00
0.0000000000e+00,6.0000000000e-01,0.0000000000e+00
0.0000000000e+00,6.0000000000e-01,0.0000000000e+00
0.0000000000e+00,6.0000000000e-01,0.0000000000e+00
0.0000000000e+00,6.0000000000e-01,0.0000000000e+00
0.0000000000e+00,6.0000000000e-01,0.0000000000e+00
0.0000000000e+00,6.0000000000e-01,0.0000000000e+00
0.0000000000e+00,6.0000000000e-01,0.0000000000e+00
0.0000000000e+00,6.0000000000e-01,0.0000000000e+00
0.0000000000e+00,6.0000000000e-01,0.0000000000e+00
0.0000000000e+00,6.0000000000e-01,0.0000000000e+00
0.0000000000e+00,6.0000000000e-01,0.0000000000e+00
0.0000000000e+00,6.0000000000e-01,0.0000000000e+00
0.0000000000e+00,6.0000000000e-01,0.0000000000e+00
0.0000000000e+00,6.0000000000e-01,0.0000000000e+00
0.0000000000e+00,6.0000000000e-01,0.0000000000e+00
0.0000000000e+00,6.0000000000e-01,0.0000000000e+00
0.0000000000e+00,6.0000000000e-01,0.0000000000e+00
0.0000000000e+00,6.0000000000e-01,0.0000000000e+00
0.0000000000e+00,6.0000000000e-01,0.0000000000e+00
0.0000000000e+00,6.0000000000e-01,0.0000000000e+00
0.0000000000e+00,6.0000000000e-01,0.0000000000e+00
0.0000000000e+00,6.0000000000e-01,0.0000000000e+00
0.0000000000e+00,6.0000000000e-01,0.0000000000e+00
0.0000000000e+00,6.0000000000e-01,0.0000000000e+00
0.0000000000e+00,6.0000000000e-01,0.0000000000e+00
0.0000000000e+00,6.0000000000e-01,0.0000000000e+00
0.0000000000e+00,6.0000000000e-01,0.0000000000e+00
0.0000000000e+00,6.0000000000e-01,0.0000000000e+00
0.0000000000e+00,6.0000000000e-01,0.0000000000e+00
0.0000000000e+00,6.0000000000e-01,0.0000000000e+00
0.0000000000e+00,6.0000000000e-01,0.0000000000e+00
0.0000000000e+00,6.0000000000e-01,0.0000000000e+00
0.0000000000e+00,6.0000000000e-01,0.0000000000e+00
0.0000000000e+00,6.0000000000e-01,0.0000000000e+00
0.0000000000e+00,6.0000000000e-01,0.0000000000e+00
0.0000000000e+00,6.0000000000e-01,0.0000000000e+00
0.0000000000e+00,6.0000000000e-01,0.0000000000e+00
0.0000000000e+00,6.0000000000e-01,0.0000000000e+00
0.0000000000e+00,6.0000000000e-01,0.0000000000e+00
0.0000000000e+00,6.0000000000e-01,0.0000000000e+00
0.0000000000e+00,6.0000000000e-01,0.0000000000e+00
0.0000000000e+00,7.0000000000e-01,0.0000000000e+00
0.0000000000e+00,8.0000000000e-01,0.0000000000e+00
0.0000000000e+00,9.0000000000e-01,0.0000000000e+00
1.0992851591e+01,1.0000000000e+00,1.0992851591e+01
2.1985703181e+01,1.0000000000e+00,2.1985703181e+01
3.2978554772e+01,1.0000000000e+00,3.2978554772e+01
7.9264361515e+01,1.0000000000e+00,7.9264361515e+01
1.2767918076e+02,1.0000000000e+00,1.2767918076e+02
1.5950026244e+02,1.0000000000e+00,1.5950026244e+02
1.6651116959e+02,1.0000000000e+00,1.6651116959e+02
1.5718072796e+02,1.0000000000e+00,1.5718072796e+02
1.4500913942e+02,1.0000000000e+00,1.4500913942e+02
1.3297313438e+02,1.0000000000e+00,1.3297313438e+02
1.1491858078e+02,1.0000000000e+00,1.1491858078e+02
9.1387186309e+01,1.0000000000e+00,9.1387186309e+01
7.7191591330e+01,1.0000000000e+00,7.7191591330e+01
8.9791546419e+01,1.0000000000e+00,8.9791546419e+01
1.3192702709e+02,1.0000000000e+00,1.3192702709e+02
1.8684118903e+02,1.0000000000e+00,1.8684118903e+02
2.2873544306e+02,1.0000000000e+00,2.2873544306e+02
2.3740171661e+02,1.0000000000e+00,2.3740171661e+02
2.0767978676e+02,1.0000000000e+00,2.0767978676e+02
1.5250775280e+02,1.0000000000e+00,1.5250775280e+02
9.9391668940e+01,1.0000000000e+00,9.9391668940e+01
7.7686049585e+01,1.0000000000e+00,7.7686049585e+01
1.0028864969e+02,1.0000000000e+00,1.0028864969e+02
1.5379246290e+02,1.0000000000e+00,1.5379246290e+02
2.0751204821e+02,1.0000000000e+00,2.0751204821e+02
2.3359427256e+02,1.0000000000e+00,2.3359427256e+02
2.2125708514e+02,1.0000000000e+00,2.2125708514e+02
1.7825080432e+02,1.0000000000e+00,1.7825080432e+02
1.2408594801e+02,1.0000000000e+00,1.2408594801e+02
8.0651198185e+01,1.0000000000e+00,8.0651198185e+01
6.3614550782e+01,1.0000000000e+00,6.3614550782e+01
7.7054920214e+01,1.0000000000e+00,7.7054920214e+01
1.1247800462e+02,1.0000000000e+00,1.1247800462e+02
1.5249027102e+02,1.0000000000e+00,1.5249027102e+02
1.7880223583e+02,1.0000000000e+00,1.7880223583e+02
1.8142111952e+02,1.0000000000e+00,1.8142111952e+02
1.6311843906e+02,1.0000000000e+00,1.6311843906e+02
1.3572001297e+02,1.0000000000e+00,1.3572001297e+02
1.1103962956e+02,1.0000000000e+00,1.1103962956e+02
9.3648075784e+01,1.0000000000e+00,9.3648075784e+01
8.1356483008e+01,1.0000000000e+00,8.1356483008e+01
7.1638018718e+01,1.0000000000e+00,7.1638018718e+01
6.6174230902e+01,1.0000000000e+00,6.6174230902e+01
6.9478026795e+01,1.0000000000e+00,6.9478026795e+01
8.4430454655e+01,1.0000000000e+00,8.4430454655e+01
1.0896602263e+02,1.0000000000e+00,1.0896602263e+02
1.3599851889e+02,1.0000000000e+00,1.3599851889e+02
1.5674297002e+02,1.0000000000e+00,1.5674297002e+02
1.6604123149e+02,1.0000000000e+00,1.6604123149e+02
1.6596360995e+02,1.0000000000e+00,1.6596360995e+02
1.6412364630e+02,1.0000000000e+00,1.6412364630e+02
1.6826311493e+02,1.0000000000e+00,1.6826311493e+02
1.8104245670e+02,1.0000000000e+00,1.8104245670e+02
1.9688826119e+02,1.0000000000e+00,1.9688826119e+02
2.0373146552e+02,1.0000000000e+00,2.0373146552e+02
1.9130744979e+02,1.0000000000e+00,1.9130744979e+02
1.5942237845e+02,1.0000000000e+00,1.5942237845e+02
1.1770458903e+02,1.0000000000e+00,1.1770458903e+02
7.8156434459e+01,1.0000000000e+00,7.8156434459e+01
4.8499354154e+01,1.0000000000e+00,4.8499354154e+01
4.1570874989e+01,1.0000000000e+00,4.1570874989e+01
3.4642395824e+01,1.0000000000e+00,3.4642395824e+01
2.7713916659e+01,1.0000000000e+00,2.7713916659e+01
2.0785437495e+01,1.0000000000e+00,2.0785437495e+01
1.3856958330e+01,1.0000000000e+00,1.3856958330e+01
6.9284791649e+00,1.0000000000e+00,6.9284791649e+00
0.0000000000e+00,1.0000000000e+00,0.0000000000e+00
0.0000000000e+00,1.0000000000e+00,0.0000000000e+00
0.0000000000e+00,1.0000000000e+00,0.0000000000e+00
0.0000000000e+00,1.0000000000e+00,0.0000000000e+00
0.0000000000e+00,1.0000000000e+00,0.0000000000e+00
0.0000000000e+00,1.0000000000e+00,0.0000000000e+00
0.0000000000e+00,1.0000000000e+00,0.0000000000e+00
0.0000000000e+00,1.0000000000e+00,0.0000000000e+00
2.0033957912e+01,1.0000000000e+00,2.0033957912e+01
4.0067915825e+01,1.0000000000e+00,4.0067915825e+01
6.0101873737e+01,1.0000000000e+00,6.0101873737e+01
1.0034934491e+02,1.0000000000e+00,1.0034934491e+02
1.3001580722e+02,1.0000000000e+00,1.3001580722e+02
1.4324660214e+02,1.0000000000e+00,1.4324660214e+02
1.4481897879e+02,1.0000000000e+00,1.4481897879e+02
1.4135900302e+02,1.0000000000e+00,1.4135900302e+02
1.3409534776e+02,1.0000000000e+00,1.3409534776e+02
1.2352763057e+02,1.0000000000e+00,1.2352763057e+02
1.1739576385e+02,1.0000000000e+00,1.1739576385e+02
1.2759516590e+02,1.0000000000e+00,1.2759516590e+02
1.5800855399e+02,1.0000000000e+00,1.5800855399e+02
1.9788896157e+02,1.0000000000e+00,1.9788896157e+02
2.2771349111e+02,1.0000000000e+00,2.2771349111e+02
2.3099531929e+02,1.0000000000e+00,2.3099531929e+02
2.0360254592e+02,1.0000000000e+00,2.0360254592e+02
1.5738043657e+02,1.0000000000e+00,1.5738043657e+02
1.1620049605e+02,1.0000000000e+00,1.1620049605e+02
1.0302110212e+02,1.0000000000e+00,1.0302110212e+02
1.2448412896e+02,1.0000000000e+00,1.2448412896e+02
1.6678552813e+02,1.0000000000e+00,1.6678552813e+02
2.0756294292e+02,1.0000000000e+00,2.0756294292e+02
2.3135450858e+02,1.0000000000e+00,2.3135450858e+02
2.3481937582e+02,1.0000000000e+00,2.3481937582e+02
2.2265618962e+02,1.0000000000e+00,2.2265618962e+02
2.0325811158e+02,1.0000000000e+00,2.0325811158e+02
1.8686671489e+02,1.0000000000e+00,1.8686671489e+02
1.8237855299e+02,1.0000000000e+00,1.8237855299e+02
1.9180266061e+02,1.0000000000e+00,1.9180266061e+02
2.0747744942e+02,1.0000000000e+00,2.0747744942e+02
2.1650148527e+02,1.0000000000e+00,2.1650148527e+02
2.0971556824e+02,1.0000000000e+00,2.0971556824e+02
1.8785016988e+02,1.0000000000e+00,1.8785016988e+02
1.5989805585e+02,1.0000000000e+00,1.5989805585e+02
1.3560504280e+02,1.0000000000e+00,1.3560504280e+02
1.1917731823e+02,1.0000000000e+00,1.1917731823e+02
1.0914706925e+02,1.0000000000e+00,1.0914706925e+02
1.0232233334e+02,1.0000000000e+00,1.0232233334e+02
9.7183904605e+01,1.0000000000e+00,9.7183904605e+01
9.5049510750e+01,1.0000000000e+00,9.5049510750e+01
9.9392835613e+01,1.0000000000e+00,9.9392835613e+01
1.1355262670e+02,1.0000000000e+00,1.1355262670e+02
1.3755316283e+02,1.0000000000e+00,1.3755316283e+02
1.6619103099e+02,1.0000000000e+00,1.6619103099e+02
1.9050370411e+02,1.0000000000e+00,1.9050370411e+02
2.0222450563e+02,1.0000000000e+00,2.0222450563e+02
1.9821687768e+02,1.0000000000e+00,1.9821687768e+02
1.8157280779e+02,1.0000000000e+00,1.8157280779e+02
1.5826438723e+02,1.0000000000e+00,1.5826438723e+02
1.3210929148e+02,1.0000000000e+00,1.3210929148e+02
1.0329231296e+02,1.0000000000e+00,1.0329231296e+02
7.2148346659e+01,1.0000000000e+00,7.2148346659e+01
6.1841439993e+01,1.0000000000e+00,6.1841439993e+01
5.1534533328e+01,1.0000000000e+00,5.1534533328e+01
4.1227626662e+01,1.0000000000e+00,4.1227626662e+01
6.1197916667e+01,1.0000000000e+00,6.1197916667e+01
1.0416666667e+02,1.0000000000e+00,1.0416666667e+02
1.2500000000e+02,1.0000000000e+00,1.2500000000e+02
1.0416666667e+02,1.0000000000e+00,1.0416666667e+02
6.1197916667e+01,1.0000000000e+00,6.1197916667e+01
2.8940559849e+01,1.0000000000e+00,2.8940559849e+01
2.5623762880e+01,1.0000000000e+00,2.5623762880e+01
6.2080343263e+01,1.0000000000e+00,6.2080343263e+01
1.1869377210e+02,1.0000000000e+00,1.1869377210e+02
1.7955231060e+02,1.0000000000e+00,1.7955231060e+02
2.2713105150e+02,1.0000000000e+00,2.2713105150e+02
2.5000000000e+02,1.0000000000e+00,2.5000000000e+02
2.4390811449e+02,1.0000000000e+00,2.4390811449e+02
2.1013357954e+02,1.0000000000e+00,2.1013357954e+02
1.5701355296e+02,1.0000000000e+00,1.5701355296e+02
1.0160345831e+02,1.0000000000e+00,1.0160345831e+02
6.3522774588e+01,1.0000000000e+00,6.3522774588e+01
5.2884108953e+01,1.0000000000e+00,5.2884108953e+01
6.4832821855e+01,1.0000000000e+00,6.4832821855e+01
8.6680238083e+01,1.0000000000e+00,8.6680238083e+01
1.0869459928e+02,1.0000000000e+00,1.0869459928e+02
1.2808043461e+02,1.0000000000e+00,1.2808043461e+02
1.4645040874e+02,1.0000000000e+00,1.4645040874e+02
1.6597166735e+02,1.0000000000e+00,1.6597166735e+02
1.8588869296e+02,1.0000000000e+00,1.8588869296e+02
2.0037264761e+02,1.0000000000e+00,2.0037264761e+02
2.0073491050e+02,1.0000000000e+00,2.0073491050e+02
1.8212508370e+02,1.0000000000e+00,1.8212508370e+02
1.4879903891e+02,1.0000000000e+00,1.4879903891e+02
1.1207252912e+02,1.0000000000e+00,1.1207252912e+02
8.2445577658e+01,1.0000000000e+00,8.2445577658e+01
6.3273272182e+01,1.0000000000e+00,6.3273272182e+01
5.1157467523e+01,1.0000000000e+00,5.1157467523e+01
4.1270569949e+01,1.0000000000e+00,4.1270569949e+01
3.5374774242e+01,1.0000000000e+00,3.5374774242e+01
2.9478978535e+01,1.0000000000e+00,2.9478978535e+01
2.3583182828e+01,1.0000000000e+00,2.3583182828e+01
1.7687387121e+01,1.0000000000e+00,1.7687387121e+01
2.5513283068e+01,1.0000000000e+00,2.5513283068e+01
2.5844885089e+01,1.0000000000e+00,2.5844885089e+01
1.8223773620e+01,1.0000000000e+00,1.8223773620e+01
2.3200587822e+01,1.0000000000e+00,2.3200587822e+01
3.4800881733e+01,1.0000000000e+00,3.4800881733e+01
5.4827717121e+01,1.0000000000e+00,5.4827717121e+01
7.9083069060e+01,1.0000000000e+00,7.9083069060e+01
9.9341446402e+01,1.0000000000e+00,9.9341446402e+01
1.1112209353e+02,1.0000000000e+00,1.1112209353e+02
1.1556279121e+02,1.0000000000e+00,1.1556279121e+02
1.1609192870e+02,1.0000000000e+00,1.1609192870e+02
1.1391535750e+02,1.0000000000e+00,1.1391535750e+02
1.0728272799e+02,1.0000000000e+00,1.0728272799e+02
9.5605194645e+01,1.0000000000e+00,9.5605194645e+01
8.4233347484e+01,1.0000000000e+00,8.4233347484e+01
8.3675011044e+01,1.0000000000e+00,8.3675011044e+01
1.0165006677e+02,1.0000000000e+00,1.0165006677e+02
1.3517225892e+02,1.0000000000e+00,1.3517225892e+02
1.7191651873e+02,1.0000000000e+00,1.7191651873e+02
1.9997554966e+02,1.0000000000e+00,1.9997554966e+02
2.1548851071e+02,1.0000000000e+00,2.1548851071e+02
2.2176705650e+02,1.0000000000e+00,2.2176705650e+02
2.2380814291e+02,1.0000000000e+00,2.2380814291e+02
2.2462448438e+02,1.0000000000e+00,2.2462448438e+02
2.2517795485e+02,1.0000000000e+00,2.2517795485e+02
2.2585062425e+02,1.0000000000e+00,2.2585062425e+02
2.2724596715e+02,1.0000000000e+00,2.2724596715e+02
2.2969288075e+02,1.0000000000e+00,2.2969288075e+02
2.3204219015e+02,1.0000000000e+00,2.3204219015e+02
2.3090059092e+02,1.0000000000e+00,2.3090059092e+02
2.2146721738e+02,1.0000000000e+00,2.2146721738e+02
2.0017590851e+02,1.0000000000e+00,2.0017590851e+02
1.6761781546e+02,1.0000000000e+00,1.6761781546e+02
1.2939130779e+02,1.0000000000e+00,1.2939130779e+02
9.3812479085e+01,1.0000000000e+00,9.3812479085e+01
6.7811375302e+01,1.0000000000e+00,6.7811375302e+01
5.3741211695e+01,1.0000000000e+00,5.3741211695e+01
4.9063247171e+01,1.0000000000e+00,4.9063247171e+01
4.8665831737e+01,1.0000000000e+00,4.8665831737e+01
4.7836790946e+01,1.0000000000e+00,4.7836790946e+01
4.3957278957e+01,1.0000000000e+00,4.3957278957e+01
3.6589768159e+01,1.0000000000e+00,3.6589768159e+01
3.1362658422e+01,1.0000000000e+00,3.1362658422e+01
2.6135548685e+01,1.0000000000e+00,2.6135548685e+01
2.0908438948e+01,1.0000000000e+00,2.0908438948e+01
1.5681329211e+01,1.0000000000e+00,1.5681329211e+01
1.0454219474e+01,1.0000000000e+00,1.0454219474e+01
5.2271097369e+00,1.0000000000e+00,5.2271097369e+00
0.0000000000e+00,9.0000000000e-01,0.0000000000e+00
0.0000000000e+00,8.0000000000e-01,0.0000000000e+00
0.0000000000e+00,7.0000000000e-01,0.0000000000e+00
0.0000000000e+00,6.0000000000e-01,0.0000000000e+00
0.0000000000e+00,6.0000000000e-01,0.0000000000e+00
0.0000000000e+00,6.0000000000e-01,0.0000000000e+00
0.0000000000e+00,6.0000000000e-01,0.0000000000e+00
0.0000000000e+00,6.0000000000e-01,0.0000000000e+00
0.0000000000e+00,6.0000000000e-01,0.0000000000e+00
0.0000000000e+00,6.0000000000e-01,0.0000000000e+00
0.0000000000e+00,6.0000000000e-01,0.0000000000e+00
0.0000000000e+00,6.0000000000e-01,0.0000000000e+00
0.0000000000e+00,6.0000000000e-01,0.0000000000e+00
0.0000000000e+00,6.0000000000e-01,0.0000000000e+00
0.0000000000e+00,6.0000000000e-01,0.0000000000e+00
0.0000000000e+00,7.0000000000e-01,0.0000000000e+00
0.0000000000e+00,8.0000000000e-01,0.0000000000e+00
0.0000000000e+00,9.0000000000e-01,0.0000000000e+00
1.5391318874e+01,1.0000000000e+00,1.5391318874e+01
3.0782637749e+01,1.0000000000e+00,3.0782637749e+01
4.6173956623e+01,1.0000000000e+00,4.6173956623e+01
7.9562245673e+01,1.0000000000e+00,7.9562245673e+01
1.1147247182e+02,1.0000000000e+00,1.1147247182e+02
1.3373862002e+02,1.0000000000e+00,1.3373862002e+02
1.4537731900e+02,1.0000000000e+00,1.4537731900e+02
1.5252419284e+02,1.0000000000e+00,1.5252419284e+02
1.6124483565e+02,1.0000000000e+00,1.6124483565e+02
1.7106723244e+02,1.0000000000e+00,1.7106723244e+02
1.7638090702e+02,1.0000000000e+00,1.7638090702e+02
1.7368961643e+02,1.0000000000e+00,1.7368961643e+02
1.6573788365e+02,1.0000000000e+00,1.6573788365e+02
1.5806791836e+02,1.0000000000e+00,1.5806791836e+02
1.5344681995e+02,1.0000000000e+00,1.5344681995e+02
1.5065115742e+02,1.0000000000e+00,1.5065115742e+02
1.4662778906e+02,1.0000000000e+00,1.4662778906e+02
1.3846629841e+02,1.0000000000e+00,1.3846629841e+02
1.2539987698e+02,1.0000000000e+00,1.2539987698e+02
1.1045807488e+02,1.0000000000e+00,1.1045807488e+02
9.8375269773e+01,1.0000000000e+00,9.8375269773e+01
9.0451494169e+01,1.0000000000e+00,9.0451494169e+01
8.2698473031e+01,1.0000000000e+00,8.2698473031e+01
7.0200878923e+01,1.0000000000e+00,7.0200878923e+01
5.2515898393e+01,1.0000000000e+00,5.2515898393e+01
4.5013627194e+01,1.0000000000e+00,4.5013627194e+01
3.7511355995e+01,1.0000000000e+00,3.7511355995e+01
3.0009084796e+01,1.0000000000e+00,3.0009084796e+01
2.2506813597e+01,1.0000000000e+00,2.2506813597e+01
1.5004542398e+01,1.0000000000e+00,1.5004542398e+01
7.5022711990e+00,1.0000000000e+00,7.5022711990e+00
0.0000000000e+00,9.0000000000e-01,0.0000000000e+00
0.0000000000e+00,8.0000000000e-01,0.0000000000e+00
0.0000000000e+00,7.0000000000e-01,0.0000000000e+00
0.0000000000e+00,6.0000000000e-01,0.0000000000e+00
0.0000000000e+00,6.0000000000e-01,0.0000000000e+00
0.0000000000e+00,6.0000000000e-01,0.0000000000e+00
0.0000000000e+00,6.0000000000e-01,0.0000000000e+00
0.0000000000e+00,6.0000000000e-01,0.0000000000e+00
0.0000000000e+00,6.0000000000e-01,0.0000000000e+00
0.0000000000e+00,6.0000000000e-01,0.0000000000e+00
0.0000000000e+00,6.0000000000e-01,0.0000000000e+00
0.0000000000e+00,6.0000000000e-01,0.0000000000e+00
0.0000000000e+00,6.0000000000e-01,0.0000000000e+00
0.0000000000e+00,6.0000000000e-01,0.0000000000e+00
0.0000000000e+00,6.0000000000e-01,0.0000000000e+00
0.0000000000e+00,6.0000000000e-01,0.0000000000e+00
0.0000000000e+00,7.0000000000e-01,0.0000000000e+00
0.0000000000e+00,8.0000000000e-01,0.0000000000e+00
0.0000000000e+00,9.0000000000e-01,0.0000000000e+00
9.5746250951e+00,1.0000000000e+00,9.5746250951e+00
1.9149250190e+01,1.0000000000e+00,1.9149250190e+01
2.8723875285e+01,1.0000000000e+00,2.8723875285e+01
4.8767162109e+01,1.0000000000e+00,4.8767162109e+01
6.2640186312e+01,1.0000000000e+00,6.2640186312e+01
6.4679416595e+01,1.0000000000e+00,6.4679416595e+01
5.7245612250e+01,1.0000000000e+00,5.7245612250e+01
5.1944713559e+01,1.0000000000e+00,5.1944713559e+01
6.3578327188e+01,1.0000000000e+00,6.3578327188e+01
9.8918558291e+01,1.0000000000e+00,9.8918558291e+01
1.4874075236e+02,1.0000000000e+00,1.4874075236e+02
1.9225650426e+02,1.0000000000e+00,1.9225650426e+02
2.1233108173e+02,1.0000000000e+00,2.1233108173e+02
2.0824911559e+02,1.0000000000e+00,2.0824911559e+02
1.9492008217e+02,1.0000000000e+00,1.9492008217e+02
1.8983251604e+02,1.0000000000e+00,1.8983251604e+02
1.9928070670e+02,1.0000000000e+00,1.9928070670e+02
2.1533562068e+02,1.0000000000e+00,2.1533562068e+02
2.2434908821e+02,1.0000000000e+00,2.2434908821e+02
2.1801701683e+02,1.0000000000e+00,2.1801701683e+02
1.9904375245e+02,1.0000000000e+00,1.9904375245e+02
1.7922024971e+02,1.0000000000e+00,1.7922024971e+02
1.7160991792e+02,1.0000000000e+00,1.7160991792e+02
1.8193271662e+02,1.0000000000e+00,1.8193271662e+02
2.0499592117e+02,1.0000000000e+00,2.0499592117e+02
2.2764923489e+02,1.0000000000e+00,2.2764923489e+02
2.3523219287e+02,1.0000000000e+00,2.3523219287e+02
2.1829673654e+02,1.0000000000e+00,2.1829673654e+02
1.7808563356e+02,1.0000000000e+00,1.7808563356e+02
1.2834073351e+02,1.0000000000e+00,1.2834073351e+02
8.9907460476e+01,1.0000000000e+00,8.9907460476e+01
7.9459360504e+01,1.0000000000e+00,7.9459360504e+01
1.0013252851e+02,1.0000000000e+00,1.0013252851e+02
1.4048777734e+02,1.0000000000e+00,1.4048777734e+02
1.8128129528e+02,1.0000000000e+00,1.8128129528e+02
2.0546909844e+02,1.0000000000e+00,2.0546909844e+02
2.0697743080e+02,1.0000000000e+00,2.0697743080e+02
1.9390523734e+02,1.0000000000e+00,1.9390523734e+02
1.8225992341e+02,1.0000000000e+00,1.8225992341e+02
1.8288148218e+02,1.0000000000e+00,1.8288148218e+02
1.9298319367e+02,1.0000000000e+00,1.9298319367e+02
2.0031932566e+02,1.0000000000e+00,2.0031932566e+02
1.9465036470e+02,1.0000000000e+00,1.9465036470e+02
1.7583401390e+02,1.0000000000e+00,1.7583401390e+02
1.5353222198e+02,1.0000000000e+00,1.5353222198e+02
1.4028642342e+02,1.0000000000e+00,1.4028642342e+02
1.4325290681e+02,1.0000000000e+00,1.4325290681e+02
1.6002535066e+02,1.0000000000e+00,1.6002535066e+02
1.8103274234e+02,1.0000000000e+00,1.8103274234e+02
1.9655013777e+02,1.0000000000e+00,1.9655013777e+02
2.0299382455e+02,1.0000000000e+00,2.0299382455e+02
2.0401320625e+02,1.0000000000e+00,2.0401320625e+02
2.0631684822e+02,1.0000000000e+00,2.0631684822e+02
2.1399924727e+02,1.0000000000e+00,2.1399924727e+02
2.2560117434e+02,1.0000000000e+00,2.2560117434e+02
2.3496659469e+02,1.0000000000e+00,2.3496659469e+02
2.3389726279e+02,1.0000000000e+00,2.3389726279e+02
2.1552317093e+02,1.0000000000e+00,2.1552317093e+02
1.7859250377e+02,1.0000000000e+00,1.7859250377e+02
1.3034303709e+02,1.0000000000e+00,1.3034303709e+02
8.3886395143e+01,1.0000000000e+00,8.3886395143e+01
5.0531538337e+01,1.0000000000e+00,5.0531538337e+01
3.3401194542e+01,1.0000000000e+00,3.3401194542e+01
2.7701965133e+01,1.0000000000e+00,2.7701965133e+01
2.6249526369e+01,1.0000000000e+00,2.6249526369e+01
1.9787117952e+01,1.0000000000e+00,1.9787117952e+01
1.5829694361e+01,1.0000000000e+00,1.5829694361e+01
1.1872270771e+01,1.0000000000e+00,1.1872270771e+01
1.6967299279e+01,1.0000000000e+00,1.6967299279e+01
2.5450948918e+01,1.0000000000e+00,2.5450948918e+01
2.8498735748e+01,1.0000000000e+00,2.8498735748e+01
2.9120547268e+01,1.0000000000e+00,2.9120547268e+01
2.5662554851e+01,1.0000000000e+00,2.5662554851e+01
2.0800390906e+01,1.0000000000e+00,2.0800390906e+01
1.6640312725e+01,1.0000000000e+00,1.6640312725e+01
1.2480234544e+01,1.0000000000e+00,1.2480234544e+01
1.4675017078e+01,1.0000000000e+00,1.4675017078e+01
2.9350034156e+01,1.0000000000e+00,2.9350034156e+01
4.4025051235e+01,1.0000000000e+00,4.4025051235e+01
7.1896727136e+01,1.0000000000e+00,7.1896727136e+01
1.0633067349e+02,1.0000000000e+00,1.0633067349e+02
1.4365961035e+02,1.0000000000e+00,1.4365961035e+02
1.7502289488e+02,1.0000000000e+00,1.7502289488e+02
1.9049620140e+02,1.0000000000e+00,1.9049620140e+02
1.8868672219e+02,1.0000000000e+00,1.8868672219e+02
1.8070640706e+02,1.0000000000e+00,1.8070640706e+02
1.8093310447e+02,1.0000000000e+00,1.8093310447e+02
1.9308995870e+02,1.0000000000e+00,1.9308995870e+02
2.0698279670e+02,1.0000000000e+00,2.0698279670e+02
2.0842774465e+02,1.0000000000e+00,2.0842774465e+02
1.9073487658e+02,1.0000000000e+00,1.9073487658e+02
1.5841713892e+02,1.0000000000e+00,1.5841713892e+02
1.2396144184e+02,1.0000000000e+00,1.2396144184e+02
1.0159762168e+02,1.0000000000e+00,1.0159762168e+02
1.0058736224e+02,1.0000000000e+00,1.0058736224e+02
1.2103182360e+02,1.0000000000e+00,1.2103182360e+02
1.5410978635e+02,1.0000000000e+00,1.5410978635e+02
1.8577111314e+02,1.0000000000e+00,1.8577111314e+02
2.0255665931e+02,1.0000000000e+00,2.0255665931e+02
1.9759808351e+02,1.0000000000e+00,1.9759808351e+02
1.7337206228e+02,1.0000000000e+00,1.7337206228e+02
1.4045450119e+02,1.0000000000e+00,1.4045450119e+02
1.1417167911e+02,1.0000000000e+00,1.1417167911e+02
1.0881779604e+02,1.0000000000e+00,1.0881779604e+02
1.2975264219e+02,1.0000000000e+00,1.2975264219e+02
1.6912260993e+02,1.0000000000e+00,1.6912260993e+02
2.0999728826e+02,1.0000000000e+00,2.0999728826e+02
2.3543372551e+02,1.0000000000e+00,2.3543372551e+02
2.3543490937e+02,1.0000000000e+00,2.3543490937e+02
2.0957611502e+02,1.0000000000e+00,2.0957611502e+02
1.6703460324e+02,1.0000000000e+00,1.6703460324e+02
1.2343971441e+02,1.0000000000e+00,1.2343971441e+02
9.3000699950e+01,1.0000000000e+00,9.3000699950e+01
8.0172873132e+01,1.0000000000e+00,8.0172873132e+01
7.8584559649e+01,1.0000000000e+00,7.8584559649e+01
7.8852305582e+01,1.0000000000e+00,7.8852305582e+01
7.8043539890e+01,1.0000000000e+00,7.8043539890e+01
8.1889455656e+01,1.0000000000e+00,8.1889455656e+01
9.8286697791e+01,1.0000000000e+00,9.8286697791e+01
1.2883793499e+02,1.0000000000e+00,1.2883793499e+02
1.6593969386e+02,1.0000000000e+00,1.6593969386e+02
1.9766144762e+02,1.0000000000e+00,1.9766144762e+02
2.1611934632e+02,1.0000000000e+00,2.1611934632e+02
2.2169525345e+02,1.0000000000e+00,2.2169525345e+02
2.1997346555e+02,1.0000000000e+00,2.1997346555e+02
2.1632760798e+02,1.0000000000e+00,2.1632760798e+02
2.1347548627e+02,1.0000000000e+00,2.1347548627e+02
2.1093969951e+02,1.0000000000e+00,2.1093969951e+02
2.0432970254e+02,1.0000000000e+00,2.0432970254e+02
1.8713595431e+02,1.0000000000e+00,1.8713595431e+02
1.5661964120e+02,1.0000000000e+00,1.5661964120e+02
1.1835333575e+02,1.0000000000e+00,1.1835333575e+02
8.3425661311e+01,1.0000000000e+00,8.3425661311e+01
6.0208668545e+01,1.0000000000e+00,6.0208668545e+01
4.8306460378e+01,1.0000000000e+00,4.8306460378e+01
4.0447452374e+01,1.0000000000e+00,4.0447452374e+01
3.1465948361e+01,1.0000000000e+00,3.1465948361e+01
2.6366150283e+01,1.0000000000e+00,2.6366150283e+01
3.8178416796e+01,1.0000000000e+00,3.8178416796e+01
7.5054274661e+01,1.0000000000e+00,7.5054274661e+01
1.2766819345e+02,1.0000000000e+00,1.2766819345e+02
1.7037299757e+02,1.0000000000e+00,1.7037299757e+02
1.7855674704e+02,1.0000000000e+00,1.7855674704e+02
1.4851270327e+02,1.0000000000e+00,1.4851270327e+02
1.0114251865e+02,1.0000000000e+00,1.0114251865e+02
6.5273077985e+01,1.0000000000e+00,6.5273077985e+01
5.6450959857e+01,1.0000000000e+00,5.6450959857e+01
7.0065251119e+01,1.0000000000e+00,7.0065251119e+01
9.1269917941e+01,1.0000000000e+00,9.1269917941e+01
1.0910907727e+02,1.0000000000e+00,1.0910907727e+02
1.2283654762e+02,1.0000000000e+00,1.2283654762e+02
1.3818021576e+02,1.0000000000e+00,1.3818021576e+02
1.5917815479e+02,1.0000000000e+00,1.5917815479e+02
1.8349149952e+02,1.0000000000e+00,1.8349149952e+02
2.0482206737e+02,1.0000000000e+00,2.0482206737e+02
2.1850124170e+02,1.0000000000e+00,2.1850124170e+02
2.2443956501e+02,1.0000000000e+00,2.2443956501e+02
2.2621503645e+02,1.0000000000e+00,2.2621503645e+02
2.2793760004e+02,1.0000000000e+00,2.2793760004e+02
2.3043594514e+02,1.0000000000e+00,2.3043594514e+02
2.2905591893e+02,1.0000000000e+00,2.2905591893e+02
2.1574083958e+02,1.0000000000e+00,2.1574083958e+02
1.8527532149e+02,1.0000000000e+00,1.8527532149e+02
1.4104915580e+02,1.0000000000e+00,1.4104915580e+02
9.4800224794e+01,1.0000000000e+00,9.4800224794e+01
6.0012206191e+01,1.0000000000e+00,6.0012206191e+01
4.4084962238e+01,1.0000000000e+00,4.4084962238e+01
4.4308563717e+01,1.0000000000e+00,4.4308563717e+01
4.9853882893e+01,1.0000000000e+00,4.9853882893e+01
4.9093716889e+01,1.0000000000e+00,4.9093716889e+01
4.2080328762e+01,1.0000000000e+00,4.2080328762e+01
3.5066940635e+01,1.0000000000e+00,3.5066940635e+01
2.8053552508e+01,1.0000000000e+00,2.8053552508e+01
2.5673400673e+01,1.0000000000e+00,2.5673400673e+01
3.8510101010e+01,1.0000000000e+00,3.8510101010e+01
7.3232323232e+01,1.0000000000e+00,7.3232323232e+01
1.0416666667e+02,1.0000000000e+00,1.0416666667e+02
1.2500000000e+02,1.0000000000e+00,1.2500000000e+02
1.0416666667e+02,1.0000000000e+00,1.0416666667e+02
7.3232323232e+01,1.0000000000e+00,7.3232323232e+01
3.8510101010e+01,1.0000000000e+00,3.8510101010e+01
2.6550037740e+01,1.0000000000e+00,2.6550037740e+01
4.1140012210e+01,1.0000000000e+00,4.1140012210e+01
6.7022676698e+01,1.0000000000e+00,6.7022676698e+01
8.4685296453e+01,1.0000000000e+00,8.4685296453e+01
8.9340819919e+01,1.0000000000e+00,8.9340819919e+01
9.0966555130e+01,1.0000000000e+00,9.0966555130e+01
1.0300151557e+02,1.0000000000e+00,1.0300151557e+02
1.2962823544e+02,1.0000000000e+00,1.2962823544e+02
1.6357884497e+02,1.0000000000e+00,1.6357884497e+02
1.9333923665e+02,1.0000000000e+00,1.9333923665e+02
2.1071574174e+02,1.0000000000e+00,2.1071574174e+02
2.1382974483e+02,1.0000000000e+00,2.1382974483e+02
2.0684573474e+02,1.0000000000e+00,2.0684573474e+02
1.9792580975e+02,1.0000000000e+00,1.9792580975e+02
1.9479591748e+02,1.0000000000e+00,1.9479591748e+02
1.9915876231e+02,1.0000000000e+00,1.9915876231e+02
2.0488476124e+02,1.0000000000e+00,2.0488476124e+02
2.0295117142e+02,1.0000000000e+00,2.0295117142e+02
1.8858420766e+02,1.0000000000e+00,1.8858420766e+02
1.6342910125e+02,1.0000000000e+00,1.6342910125e+02
1.3226768711e+02,1.0000000000e+00,1.3226768711e+02
9.9792765736e+01,1.0000000000e+00,9.9792765736e+01
7.0095773287e+01,1.0000000000e+00,7.0095773287e+01
4.6445350678e+01,1.0000000000e+00,4.6445350678e+01
3.9810300581e+01,1.0000000000e+00,3.9810300581e+01
3.3175250484e+01,1.0000000000e+00,3.3175250484e+01
2.6540200387e+01,1.0000000000e+00,2.6540200387e+01
1.9905150290e+01,1.0000000000e+00,1.9905150290e+01
1.3270100194e+01,1.0000000000e+00,1.3270100194e+01
6.6350500968e+00,1.0000000000e+00,6.6350500968e+00
0.0000000000e+00,9.0000000000e-01,0.0000000000e+00
0.0000000000e+00,8.0000000000e-01,0.0000000000e+00
0.0000000000e+00,7.0000000000e-01,0.0000000000e+00
0.0000000000e+00,6.0000000000e-01,0.0000000000e+00
0.0000000000e+00,6.0000000000e-01,0.0000000000e+00
0.0000000000e+00,6.0000000000e-01,0.0000000000e+00
0.0000000000e+00,6.0000000000e-01,0.0000000000e+00
0.0000000000e+00,6.0000000000e-01,0.0000000000e+00
0.0000000000e+00,6.0000000000e-01,0.0000000000e+00
0.0000000000e+00,6.0000000000e-01,0.0000000000e+00
0.0000000000e+00,6.0000000000e-01,0.0000000000e+00
0.0000000000e+00,6.0000000000e-01,0.0000000000e+00
0.0000000000e+00,6.0000000000e-01,0.0000000000e+00
0.0000000000e+00,6.0000000000e-01,0.0000000000e+00
0.0000000000e+00,6.0000000000e-01,0.0000000000e+00
0.0000000000e+00,6.0000000000e-01,0.0000000000e+00
0.0000000000e+00,6.0000000000e-01,0.0000000000e+00
0.0000000000e+00,6.0000000000e-01,0.0000000000e+00
0.0000000000e+00,6.0000000000e-01,0.0000000000e+00
0.0000000000e+00,6.0000000000e-01,0.0000000000e+00
0.0000000000e+00,6.0000000000e-01,0.0000000000e+00
0.0000000000e+00,6.0000000000e-01,0.0000000000e+00
0.0000000000e+00,6.0000000000e-01,0.0000000000e+00
0.0000000000e+00,6.0000000000e-01,0.0000000000e+00
0.0000000000e+00,6.0000000000e-01,0.0000000000e+00
0.0000000000e+00,6.0000000000e-01,0.0000000000e+00
0.0000000000e+00,6.0000000000e-01,0.0000000000e+00
0.0000000000e+00,6.0000000000e-01,0.0000000000e+00
0.0000000000e+00,6.0000000000e-01,0.0000000000e+00
0.0000000000e+00,6.0000000000e-01,0.0000000000e+00
0.0000000000e+00,6.0000000000e-01,0.0000000000e+00
0.0000000000e+00,6.0000000000e-01,0.0000000000e+00
0.0000000000e+00,6.0000000000e-01,0.0000000000e+00
0.0000000000e+00,6.0000000000e-01,0.0000000000e+00
0.0000000000e+00,6.0000000000e-01,0.0000000000e+00
0.0000000000e+00,6.0000000000e-01,0.0000000000e+00
0.0000000000e+00,6.0000000000e-01,0.0000000000e+00
0.0000000000e+00,6.0000000000e-01,0.0000000000e+00
0.0000000000e+00,6.0000000000e-01,0.0000000000e+00
0.0000000000e+00,6.0000000000e-01,0.0000000000e+00
0.0000000000e+00,6.0000000000e-01,0.0000000000e+00
0.0000000000e+00,6.0000000000e-01,0.0000000000e+00
0.0000000000e+00,6.0000000000e-01,0.0000000000e+00
0.0000000000e+00,6.0000000000e-01,0.0000000000e+00
0.0000000000e+00,6.0000000000e-01,0.0000000000e+00
0.0000000000e+00,6.0000000000e-01,0.0000000000e+00
0.0000000000e+00,6.0000000000e-01,0.0000000000e+00
0.0000000000e+00,6.0000000000e-01,0.0000000000e+00
0.0000000000e+00,6.0000000000e-01,0.0000000000e+00
0.0000000000e+00,6.0000000000e-01,0.0000000000e+00
0.0000000000e+00,7.0000000000e-01,0.0000000000e+00
0.0000000000e+00,8.0000000000e-01,0.0000000000e+00
0.0000000000e+00,9.0000000000e-01,0.0000000000e+00
1.4220207676e+01,1.0000000000e+00,1.4220207676e+01
2.8440415352e+01,1.0000000000e+00,2.8440415352e+01
4.2660623028e+01,1.0000000000e+00,4.2660623028e+01
7.3936032597e+01,1.0000000000e+00,7.3936032597e+01
1.0416666667e+02,1.0000000000e+00,1.0416666667e+02
1.2500000000e+02,1.0000000000e+00,1.2500000000e+02
1.1259341904e+02,1.0000000000e+00,1.1259341904e+02
9.5591182814e+01,1.0000000000e+00,9.5591182814e+01
7.9584953270e+01,1.0000000000e+00,7.9584953270e+01
6.4574730405e+01,1.0000000000e+00,6.4574730405e+01
5.0560514218e+01,1.0000000000e+00,5.0560514218e+01
5.4505471765e+01,1.0000000000e+00,5.4505471765e+01
6.0262018859e+01,1.0000000000e+00,6.0262018859e+01
6.5311492952e+01,1.0000000000e+00,6.5311492952e+01
7.0120352480e+01,1.0000000000e+00,7.0120352480e+01
7.6804885738e+01,1.0000000000e+00,7.6804885738e+01
8.7147233944e+01,1.0000000000e+00,8.7147233944e+01
1.0245963714e+02,1.0000000000e+00,1.0245963714e+02
1.2385888396e+02,1.0000000000e+00,1.2385888396e+02
1.5022024547e+02,1.0000000000e+00,1.5022024547e+02
1.7611147171e+02,1.0000000000e+00,1.7611147171e+02
1.9428304554e+02,1.0000000000e+00,1.9428304554e+02
2.0150343804e+02,1.0000000000e+00,2.0150343804e+02
2.0131486305e+02,1.0000000000e+00,2.0131486305e+02
2.0043028221e+02,1.0000000000e+00,2.0043028221e+02
2.0290494391e+02,1.0000000000e+00,2.0290494391e+02
2.0841115699e+02,1.0000000000e+00,2.0841115699e+02
2.1467534111e+02,1.0000000000e+00,2.1467534111e+02
2.1860117008e+02,1.0000000000e+00,2.1860117008e+02
2.1490637858e+02,1.0000000000e+00,2.1490637858e+02
1.9788766975e+02,1.0000000000e+00,1.9788766975e+02
1.6860478709e+02,1.0000000000e+00,1.6860478709e+02
1.3966507957e+02,1.0000000000e+00,1.3966507957e+02
1.2863840010e+02,1.0000000000e+00,1.2863840010e+02
1.4379382474e+02,1.0000000000e+00,1.4379382474e+02
1.7640891722e+02,1.0000000000e+00,1.7640891722e+02
2.0740177704e+02,1.0000000000e+00,2.0740177704e+02
2.2065836718e+02,1.0000000000e+00,2.2065836718e+02
2.1084995455e+02,1.0000000000e+00,2.1084995455e+02
1.8351254351e+02,1.0000000000e+00,1.8351254351e+02
1.5279230173e+02,1.0000000000e+00,1.5279230173e+02
1.3691973375e+02,1.0000000000e+00,1.3691973375e+02
1.4773634520e+02,1.0000000000e+00,1.4773634520e+02
1.8041043059e+02,1.0000000000e+00,1.8041043059e+02
2.1518557617e+02,1.0000000000e+00,2.1518557617e+02
2.3068762142e+02,1.0000000000e+00,2.3068762142e+02
2.1687280292e+02,1.0000000000e+00,2.1687280292e+02
1.7988985340e+02,1.0000000000e+00,1.7988985340e+02
1.3811014878e+02,1.0000000000e+00,1.3811014878e+02
1.1091781505e+02,1.0000000000e+00,1.1091781505e+02
1.0705797873e+02,1.0000000000e+00,1.0705797873e+02
1.2248688620e+02,1.0000000000e+00,1.2248688620e+02
1.4810796398e+02,1.0000000000e+00,1.4810796398e+02
1.7666954466e+02,1.0000000000e+00,1.7666954466e+02
2.0251458306e+02,1.0000000000e+00,2.0251458306e+02
2.1965529587e+02,1.0000000000e+00,2.1965529587e+02
2.2406948774e+02,1.0000000000e+00,2.2406948774e+02
2.1769428137e+02,1.0000000000e+00,2.1769428137e+02
2.0871507155e+02,1.0000000000e+00,2.0871507155e+02
2.0655005987e+02,1.0000000000e+00,2.0655005987e+02
2.1450847199e+02,1.0000000000e+00,2.1450847199e+02
2.2597917646e+02,1.0000000000e+00,2.2597917646e+02
2.2783752951e+02,1.0000000000e+00,2.2783752951e+02
2.0870146194e+02,1.0000000000e+00,2.0870146194e+02
1.6666784378e+02,1.0000000000e+00,1.6666784378e+02
1.1206451158e+02,1.0000000000e+00,1.1206451158e+02
6.2939345181e+01,1.0000000000e+00,6.2939345181e+01
3.5489324348e+01,1.0000000000e+00,3.5489324348e+01
3.6111853543e+01,1.0000000000e+00,3.6111853543e+01
6.0155587637e+01,1.0000000000e+00,6.0155587637e+01
9.6160793974e+01,1.0000000000e+00,9.6160793974e+01
1.3168531968e+02,1.0000000000e+00,1.3168531968e+02
1.5869514380e+02,1.0000000000e+00,1.5869514380e+02
1.7648317543e+02,1.0000000000e+00,1.7648317543e+02
1.8948559878e+02,1.0000000000e+00,1.8948559878e+02
2.0173568644e+02,1.0000000000e+00,2.0173568644e+02
2.1354321665e+02,1.0000000000e+00,2.1354321665e+02
2.2253647480e+02,1.0000000000e+00,2.2253647480e+02
2.2620883123e+02,1.0000000000e+00,2.2620883123e+02
2.2329408736e+02,1.0000000000e+00,2.2329408736e+02
2.1401976716e+02,1.0000000000e+00,2.1401976716e+02
2.0053555077e+02,1.0000000000e+00,2.0053555077e+02
1.8760957978e+02,1.0000000000e+00,1.8760957978e+02
1.8093277777e+02,1.0000000000e+00,1.8093277777e+02
1.8221909045e+02,1.0000000000e+00,1.8221909045e+02
1.8705791966e+02,1.0000000000e+00,1.8705791966e+02
1.8951272527e+02,1.0000000000e+00,1.8951272527e+02
1.8724367134e+02,1.0000000000e+00,1.8724367134e+02
1.8109472483e+02,1.0000000000e+00,1.8109472483e+02
1.7215258226e+02,1.0000000000e+00,1.7215258226e+02
1.6063560674e+02,1.0000000000e+00,1.6063560674e+02
1.4611825508e+02,1.0000000000e+00,1.4611825508e+02
1.2797139999e+02,1.0000000000e+00,1.2797139999e+02
1.0662779454e+02,1.0000000000e+00,1.0662779454e+02
8.4744312286e+01,1.0000000000e+00,8.4744312286e+01
6.6067036716e+01,1.0000000000e+00,6.6067036716e+01
5.2780085833e+01,1.0000000000e+00,5.2780085833e+01
4.4355507142e+01,1.0000000000e+00,4.4355507142e+01
3.8519885412e+01,1.0000000000e+00,3.8519885412e+01
3.2700842868e+01,1.0000000000e+00,3.2700842868e+01
2.8029293887e+01,1.0000000000e+00,2.8029293887e+01
2.3357744906e+01,1.0000000000e+00,2.3357744906e+01
1.8686195924e+01,1.0000000000e+00,1.8686195924e+01
1.4014646943e+01,1.0000000000e+00,1.4014646943e+01
9.3430979622e+00,1.0000000000e+00,9.3430979622e+00
4.6715489811e+00,1.0000000000e+00,4.6715489811e+00
0.0000000000e+00,9.0000000000e-01,0.0000000000e+00
0.0000000000e+00,8.0000000000e-01,0.0000000000e+00
0.0000000000e+00,7.0000000000e-01,0.0000000000e+00
0.0000000000e+00,6.0000000000e-01,0.0000000000e+00
0.0000000000e+00,6.0000000000e-01,0.0000000000e+00
0.0000000000e+00,6.0000000000e-01,0.0000000000e+00
0.0000000000e+00,6.0000000000e-01,0.0000000000e+00
0.0000000000e+00,6.0000000000e-01,0.0000000000e+00
0.0000000000e+00,7.0000000000e-01,0.0000000000e+00
0.0000000000e+00,8.0000000000e-01,0.0000000000e+00
0.0000000000e+00,9.0000000000e-01,0.0000000000e+00
9.4466921778e+00,1.0000000000e+00,9.4466921778e+00
1.8893384356e+01,1.0000000000e+00,1.8893384356e+01
2.8340076533e+01,1.0000000000e+00,2.8340076533e+01
3.0062191279e+01,1.0000000000e+00,3.0062191279e+01
2.6022052245e+01,1.0000000000e+00,2.6022052245e+01
2.1472993771e+01,1.0000000000e+00,2.1472993771e+01
1.8784659925e+01,1.0000000000e+00,1.8784659925e+01
2.8176989887e+01,1.0000000000e+00,2.8176989887e+01
6.1497378399e+01,1.0000000000e+00,6.1497378399e+01
1.0632350068e+02,1.0000000000e+00,1.0632350068e+02
1.4365248247e+02,1.0000000000e+00,1.4365248247e+02
1.5763609584e+02,1.0000000000e+00,1.5763609584e+02
1.4955799936e+02,1.0000000000e+00,1.4955799936e+02
1.3861739345e+02,1.0000000000e+00,1.3861739345e+02
1.4462272930e+02,1.0000000000e+00,1.4462272930e+02
1.6784417660e+02,1.0000000000e+00,1.6784417660e+02
1.8764701904e+02,1.0000000000e+00,1.8764701904e+02
1.8130421116e+02,1.0000000000e+00,1.8130421116e+02
1.4345315856e+02,1.0000000000e+00,1.4345315856e+02
8.9940421747e+01,1.0000000000e+00,8.9940421747e+01
4.6811183426e+01,1.0000000000e+00,4.6811183426e+01
3.4781388462e+01,1.0000000000e+00,3.4781388462e+01
5.8686204075e+01,1.0000000000e+00,5.8686204075e+01
1.0674804678e+02,1.0000000000e+00,1.0674804678e+02
1.5828910735e+02,1.0000000000e+00,1.5828910735e+02
1.9416766571e+02,1.0000000000e+00,1.9416766571e+02
2.0533673148e+02,1.0000000000e+00,2.0533673148e+02
1.9671611759e+02,1.0000000000e+00,1.9671611759e+02
1.8338779098e+02,1.0000000000e+00,1.8338779098e+02
1.7993540211e+02,1.0000000000e+00,1.7993540211e+02
1.9087244834e+02,1.0000000000e+00,1.9087244834e+02
2.1019366658e+02,1.0000000000e+00,2.1019366658e+02
2.2853252400e+02,1.0000000000e+00,2.2853252400e+02
2.3911915026e+02,1.0000000000e+00,2.3911915026e+02
2.3800691328e+02,1.0000000000e+00,2.3800691328e+02
2.2233937098e+02,1.0000000000e+00,2.2233937098e+02
1.9135266624e+02,1.0000000000e+00,1.9135266624e+02
1.4905576520e+02,1.0000000000e+00,1.4905576520e+02
1.0399558724e+02,1.0000000000e+00,1.0399558724e+02
6.5071898007e+01,1.0000000000e+00,6.5071898007e+01
5.5775912578e+01,1.0000000000e+00,5.5775912578e+01
4.6479927148e+01,1.0000000000e+00,4.6479927148e+01
3.7183941718e+01,1.0000000000e+00,3.7183941718e+01
3.0244340655e+01,1.0000000000e+00,3.0244340655e+01
4.9638988313e+01,1.0000000000e+00,4.9638988313e+01
7.3965758973e+01,1.0000000000e+00,7.3965758973e+01
9.7757099479e+01,1.0000000000e+00,9.7757099479e+01
1.1916559922e+02,1.0000000000e+00,1.1916559922e+02
1.4117848160e+02,1.0000000000e+00,1.4117848160e+02
1.6669425290e+02,1.0000000000e+00,1.6669425290e+02
1.9285454039e+02,1.0000000000e+00,1.9285454039e+02
2.1226432512e+02,1.0000000000e+00,2.1226432512e+02
2.1988921488e+02,1.0000000000e+00,2.1988921488e+02
2.1713406023e+02,1.0000000000e+00,2.1713406023e+02
2.0889568937e+02,1.0000000000e+00,2.0889568937e+02
1.9851485965e+02,1.0000000000e+00,1.9851485965e+02
1.8743905764e+02,1.0000000000e+00,1.8743905764e+02
1.7881062725e+02,1.0000000000e+00,1.7881062725e+02
1.7795336896e+02,1.0000000000e+00,1.7795336896e+02
1.8744562502e+02,1.0000000000e+00,1.8744562502e+02
2.0300579077e+02,1.0000000000e+00,2.0300579077e+02
2.1604508613e+02,1.0000000000e+00,2.1604508613e+02
2.2065066148e+02,1.0000000000e+00,2.2065066148e+02
2.1789907184e+02,1.0000000000e+00,2.1789907184e+02
2.1358856306e+02,1.0000000000e+00,2.1358856306e+02
2.1227165250e+02,1.0000000000e+00,2.1227165250e+02
2.1395120585e+02,1.0000000000e+00,2.1395120585e+02
2.1599127442e+02,1.0000000000e+00,2.1599127442e+02
2.1594387152e+02,1.0000000000e+00,2.1594387152e+02
2.1077339442e+02,1.0000000000e+00,2.1077339442e+02
1.9519296196e+02,1.0000000000e+00,1.9519296196e+02
1.6505763790e+02,1.0000000000e+00,1.6505763790e+02
1.2385747476e+02,1.0000000000e+00,1.2385747476e+02
8.2985092935e+01,1.0000000000e+00,8.2985092935e+01
5.3374591834e+01,1.0000000000e+00,5.3374591834e+01
3.7455247114e+01,1.0000000000e+00,3.7455247114e+01
3.2104497526e+01,1.0000000000e+00,3.2104497526e+01
2.6753747939e+01,1.0000000000e+00,2.6753747939e+01
2.1402998351e+01,1.0000000000e+00,2.1402998351e+01
3.0682260307e+01,1.0000000000e+00,3.0682260307e+01
4.6023390461e+01,1.0000000000e+00,4.6023390461e+01
9.3922477909e+01,1.0000000000e+00,9.3922477909e+01
1.5284627433e+02,1.0000000000e+00,1.5284627433e+02
2.0324984652e+02,1.0000000000e+00,2.0324984652e+02
2.3185068746e+02,1.0000000000e+00,2.3185068746e+02
2.3916185023e+02,1.0000000000e+00,2.3916185023e+02
2.3525958047e+02,1.0000000000e+00,2.3525958047e+02
2.3055861599e+02,1.0000000000e+00,2.3055861599e+02
2.2949672023e+02,1.0000000000e+00,2.2949672023e+02
2.2933097409e+02,1.0000000000e+00,2.2933097409e+02
2.2275377102e+02,1.0000000000e+00,2.2275377102e+02
2.0255673897e+02,1.0000000000e+00,2.0255673897e+02
1.6662408357e+02,1.0000000000e+00,1.6662408357e+02
1.2080332360e+02,1.0000000000e+00,1.2080332360e+02
7.6940766239e+01,1.0000000000e+00,7.6940766239e+01
4.6440996635e+01,1.0000000000e+00,4.6440996635e+01
3.4217666241e+01,1.0000000000e+00,3.4217666241e+01
3.7786930545e+01,1.0000000000e+00,3.7786930545e+01
5.1548631516e+01,1.0000000000e+00,5.1548631516e+01
7.2088690247e+01,1.0000000000e+00,7.2088690247e+01
9.9289525546e+01,1.0000000000e+00,9.9289525546e+01
1.3241310403e+02,1.0000000000e+00,1.3241310403e+02
1.6708411475e+02,1.0000000000e+00,1.6708411475e+02
1.9744729341e+02,1.0000000000e+00,1.9744729341e+02
2.1962108296e+02,1.0000000000e+00,2.1962108296e+02
2.3195362712e+02,1.0000000000e+00,2.3195362712e+02
2.3340543605e+02,1.0000000000e+00,2.3340543605e+02
2.2316170822e+02,1.0000000000e+00,2.2316170822e+02
2.0222854738e+02,1.0000000000e+00,2.0222854738e+02
1.7513469052e+02,1.0000000000e+00,1.7513469052e+02
1.4904455989e+02,1.0000000000e+00,1.4904455989e+02
1.3024703072e+02,1.0000000000e+00,1.3024703072e+02
1.2090390841e+02,1.0000000000e+00,1.2090390841e+02
1.1837848174e+02,1.0000000000e+00,1.1837848174e+02
1.1736131078e+02,1.0000000000e+00,1.1736131078e+02
1.1317709062e+02,1.0000000000e+00,1.1317709062e+02
1.0372022681e+02,1.0000000000e+00,1.0372022681e+02
8.9270729517e+01,1.0000000000e+00,8.9270729517e+01
7.1709055931e+01,1.0000000000e+00,7.1709055931e+01
5.3887802122e+01,1.0000000000e+00,5.3887802122e+01
3.8632757507e+01,1.0000000000e+00,3.8632757507e+01
3.3113792149e+01,1.0000000000e+00,3.3113792149e+01
2.7594826791e+01,1.0000000000e+00,2.7594826791e+01
2.2075861433e+01,1.0000000000e+00,2.2075861433e+01
1.6556896074e+01,1.0000000000e+00,1.6556896074e+01
1.1037930716e+01,1.0000000000e+00,1.1037930716e+01
5.5189653582e+00,1.0000000000e+00,5.5189653582e+00
0.0000000000e+00,9.0000000000e-01,0.0000000000e+00
0.0000000000e+00,8.0000000000e-01,0.0000000000e+00
0.0000000000e+00,7.0000000000e-01,0.0000000000e+00
0.0000000000e+00,6.0000000000e-01,0.0000000000e+00
0.0000000000e+00,6.0000000000e-01,0.0000000000e+00
0.0000000000e+00,6.0000000000e-01,0.0000000000e+00
0.0000000000e+00,6.0000000000e-01,0.0000000000e+00
0.0000000000e+00,6.0000000000e-01,0.0000000000e+00
0.0000000000e+00,6.0000000000e-01,0.0000000000e+00
0.0000000000e+00,6.0000000000e-01,0.0000000000e+00
0.0000000000e+00,6.0000000000e-01,0.0000000000e+00
0.0000000000e+00,6.0000000000e-01,0.0000000000e+00
0.0000000000e+00,6.0000000000e-01,0.0000000000e+00
0.0000000000e+00,6.0000000000e-01,0.0000000000e+00
0.0000000000e+00,6.0000000000e-01,0.0000000000e+00
0.0000000000e+00,6.0000000000e-01,0.0000000000e+00
0.0000000000e+00,6.0000000000e-01,0.0000000000e+00
0.0000000000e+00,6.0000000000e-01,0.0000000000e+00
0.0000000000e+00,6.0000000000e-01,0.0000000000e+00
0.0000000000e+00,6.0000000000e-01,0.0000000000e+00
0.0000000000e+00,6.0000000000e-01,0.0000000000e+00
0.0000000000e+00,6.0000000000e-01,0.0000000000e+00
0.0000000000e+00,6.0000000000e-01,0.0000000000e+00
0.0000000000e+00,6.0000000000e-01,0.0000000000e+00
0.0000000000e+00,6.0000000000e-01,0.0000000000e+00
0.0000000000e+00,6.0000000000e-01,0.0000000000e+00
0.0000000000e+00,6.0000000000e-01,0.0000000000e+00
0.0000000000e+00,6.0000000000e-01,0.0000000000e+00
0.0000000000e+00,6.0000000000e-01,0.0000000000e+00
0.0000000000e+00,6.0000000000e-01,0.0000000000e+00
0.0000000000e+00,6.0000000000e-01,0.0000000000e+00
0.0000000000e+00,6.0000000000e-01,0.0000000000e+00
0.0000000000e+00,6.0000000000e-01,0.0000000000e+00
0.0000000000e+00,6.0000000000e-01,0.0000000000e+00
0.0000000000e+00,6.0000000000e-01,0.0000000000e+00
0.0000000000e+00,6.0000000000e-01,0.0000000000e+00
0.0000000000e+00,6.0000000000e-01,0.0000000000e+00
0.0000000000e+00,6.0000000000e-01,0.0000000000e+00
0.0000000000e+00,6.0000000000e-01,0.0000000000e+00
0.0000000000e+00,6.0000000000e-01,0.0000000000e+00
0.0000000000e+00,6.0000000000e-01,0.0000000000e+00
0.0000000000e+00,6.0000000000e-01,0.0000000000e+00
0.0000000000e+00,6.0000000000e-01,0.0000000000e+00
0.0000000000e+00,6.0000000000e-01,0.0000000000e+00
0.0000000000e+00,6.0000000000e-01,0.0000000000e+00
0.0000000000e+00,6.0000000000e-01,0.0000000000e+00
0.0000000000e+00,6.0000000000e-01,0.0000000000e+00
0.0000000000e+00,6.0000000000e-01,0.0000000000e+00
0.0000000000e+00,6.0000000000e-01,0.0000000000e+00
0.0000000000e+00,6.0000000000e-01,0.0000000000e+00
0.0000000000e+00,6.0000000000e-01,0.0000000000e+00
0.0000000000e+00,6.0000000000e-01,0.0000000000e+00
0.0000000000e+00,6.0000000000e-01,0.0000000000e+00
0.0000000000e+00,6.0000000000e-01,0.0000000000e+00
0.0000000000e+00,7.0000000000e-01,0.0000000000e+00
0.0000000000e+00,8.0000000000e-01,0.0000000000e+00
0.0000000000e+00,9.0000000000e-01,0.0000000000e+00
8.7255782880e+00,1.0000000000e+00,8.7255782880e+00
1.7451156576e+01,1.0000000000e+00,1.7451156576e+01
2.6176734864e+01,1.0000000000e+00,2.6176734864e+01
3.2649388969e+01,1.0000000000e+00,3.2649388969e+01
3.2244757306e+01,1.0000000000e+00,3.2244757306e+01
3.0093628598e+01,1.0000000000e+00,3.0093628598e+01
3.5921652505e+01,1.0000000000e+00,3.5921652505e+01
5.6879298033e+01,1.0000000000e+00,5.6879298033e+01
9.3082085426e+01,1.0000000000e+00,9.3082085426e+01
1.3834495577e+02,1.0000000000e+00,1.3834495577e+02
1.8280090940e+02,1.0000000000e+00,1.8280090940e+02
2.1573968003e+02,1.0000000000e+00,2.1573968003e+02
2.2942876072e+02,1.0000000000e+00,2.2942876072e+02
2.2285960226e+02,1.0000000000e+00,2.2285960226e+02
2.0303649875e+02,1.0000000000e+00,2.0303649875e+02
1.8233688243e+02,1.0000000000e+00,1.8233688243e+02
1.7221277058e+02,1.0000000000e+00,1.7221277058e+02
1.7690322524e+02,1.0000000000e+00,1.7690322524e+02
1.9224354902e+02,1.0000000000e+00,1.9224354902e+02
2.1002399928e+02,1.0000000000e+00,2.1002399928e+02
2.2351517677e+02,1.0000000000e+00,2.2351517677e+02
2.3026562011e+02,1.0000000000e+00,2.3026562011e+02
2.3121716805e+02,1.0000000000e+00,2.3121716805e+02
2.2787676539e+02,1.0000000000e+00,2.2787676539e+02
2.2071493825e+02,1.0000000000e+00,2.2071493825e+02
2.1038204602e+02,1.0000000000e+00,2.1038204602e+02
1.9981180519e+02,1.0000000000e+00,1.9981180519e+02
1.9359067325e+02,1.0000000000e+00,1.9359067325e+02
1.9398140574e+02,1.0000000000e+00,1.9398140574e+02
1.9798807471e+02,1.0000000000e+00,1.9798807471e+02
1.9934828150e+02,1.0000000000e+00,1.9934828150e+02
1.9337091575e+02,1.0000000000e+00,1.9337091575e+02
1.7980330316e+02,1.0000000000e+00,1.7980330316e+02
1.6237242102e+02,1.0000000000e+00,1.6237242102e+02
1.4743841703e+02,1.0000000000e+00,1.4743841703e+02
1.4280677958e+02,1.0000000000e+00,1.4280677958e+02
1.5436685415e+02,1.0000000000e+00,1.5436685415e+02
1.8081033031e+02,1.0000000000e+00,1.8081033031e+02
2.1187355481e+02,1.0000000000e+00,2.1187355481e+02
2.3281664020e+02,1.0000000000e+00,2.3281664020e+02
2.3129821290e+02,1.0000000000e+00,2.3129821290e+02
2.0331817431e+02,1.0000000000e+00,2.0331817431e+02
1.5760279251e+02,1.0000000000e+00,1.5760279251e+02
1.1456106424e+02,1.0000000000e+00,1.1456106424e+02
9.5688124076e+01,1.0000000000e+00,9.5688124076e+01
1.0932628731e+02,1.0000000000e+00,1.0932628731e+02
1.4503530086e+02,1.0000000000e+00,1.4503530086e+02
1.8066510784e+02,1.0000000000e+00,1.8066510784e+02
1.9521663529e+02,1.0000000000e+00,1.9521663529e+02
1.7885903000e+02,1.0000000000e+00,1.7885903000e+02
1.3659076158e+02,1.0000000000e+00,1.3659076158e+02
8.5919103114e+01,1.0000000000e+00,8.5919103114e+01
4.9014322288e+01,1.0000000000e+00,4.9014322288e+01
4.1927141870e+01,1.0000000000e+00,4.1927141870e+01
6.7447964840e+01,1.0000000000e+00,6.7447964840e+01
1.1541493073e+02,1.0000000000e+00,1.1541493073e+02
1.6835650868e+02,1.0000000000e+00,1.6835650868e+02
2.0965621611e+02,1.0000000000e+00,2.0965621611e+02
2.3118192770e+02,1.0000000000e+00,2.3118192770e+02
2.3560437317e+02,1.0000000000e+00,2.3560437317e+02
2.3200167330e+02,1.0000000000e+00,2.3200167330e+02
2.2901480400e+02,1.0000000000e+00,2.2901480400e+02
2.3016406529e+02,1.0000000000e+00,2.3016406529e+02
2.3263108849e+02,1.0000000000e+00,2.3263108849e+02
2.2905341771e+02,1.0000000000e+00,2.2905341771e+02
2.1188331207e+02,1.0000000000e+00,2.1188331207e+02
1.7892398047e+02,1.0000000000e+00,1.7892398047e+02
1.3637583134e+02,1.0000000000e+00,1.3637583134e+02
9.5967772273e+01,1.0000000000e+00,9.5967772273e+01
6.7857112893e+01,1.0000000000e+00,6.7857112893e+01
5.5422451674e+01,1.0000000000e+00,5.5422451674e+01
6.9881900764e+01,1.0000000000e+00,6.9881900764e+01
8.2909754336e+01,1.0000000000e+00,8.2909754336e+01
9.4506012390e+01,1.0000000000e+00,9.4506012390e+01
1.0467067493e+02,1.0000000000e+00,1.0467067493e+02
1.1340374195e+02,1.0000000000e+00,1.1340374195e+02
1.2070521345e+02,1.0000000000e+00,1.2070521345e+02
1.2500000000e+02,1.0000000000e+00,1.2500000000e+02
1.2471301217e+02,1.0000000000e+00,1.2471301217e+02
1.1984424997e+02,1.0000000000e+00,1.1984424997e+02
1.1234502945e+02,1.0000000000e+00,1.1234502945e+02
1.0416666667e+02,1.0000000000e+00,1.0416666667e+02
9.5309161627e+01,1.0000000000e+00,9.5309161627e+01
8.5772514329e+01,1.0000000000e+00,8.5772514329e+01
7.5556724772e+01,1.0000000000e+00,7.5556724772e+01
6.4661792956e+01,1.0000000000e+00,6.4661792956e+01
5.3087718882e+01,1.0000000000e+00,5.3087718882e+01
4.0834502549e+01,1.0000000000e+00,4.0834502549e+01
2.9150726592e+01,1.0000000000e+00,2.9150726592e+01
2.5433453354e+01,1.0000000000e+00,2.5433453354e+01
2.0821947565e+01,1.0000000000e+00,2.0821947565e+01
1.6657558052e+01,1.0000000000e+00,1.6657558052e+01
1.2493168539e+01,1.0000000000e+00,1.2493168539e+01
8.3287790262e+00,1.0000000000e+00,8.3287790262e+00
4.1643895131e+00,1.0000000000e+00,4.1643895131e+00
0.0000000000e+00,9.0000000000e-01,0.0000000000e+00
0.0000000000e+00,8.0000000000e-01,0.0000000000e+00
0.0000000000e+00,7.0000000000e-01,0.0000000000e+00
0.0000000000e+00,6.0000000000e-01,0.0000000000e+00
0.0000000000e+00,6.0000000000e-01,0.0000000000e+00
0.0000000000e+00,6.0000000000e-01,0.0000000000e+00
0.0000000000e+00,6.0000000000e-01,0.0000000000e+00
0.0000000000e+00,6.0000000000e-01,0.0000000000e+00
0.0000000000e+00,6.0000000000e-01,0.0000000000e+00
0.0000000000e+00,6.0000000000e-01,0.0000000000e+00
0.0000000000e+00,6.0000000000e-01,0.0000000000e+00
0.0000000000e+00,6.0000000000e-01,0.0000000000e+00
0.0000000000e+00,6.0000000000e-01,0.0000000000e+00
0.0000000000e+00,6.0000000000e-01,0.0000000000e+00
0.0000000000e+00,6.0000000000e-01,0.0000000000e+00
0.0000000000e+00,7.0000000000e-01,0.0000000000e+00
0.0000000000e+00,8.0000000000e-01,0.0000000000e+00
0.0000000000e+00,9.0000000000e-01,0.0000000000e+00
9.1527548700e+00,1.0000000000e+00,9.1527548700e+00
1.8305509740e+01,1.0000000000e+00,1.8305509740e+01
2.7458264610e+01,1.0000000000e+00,2.7458264610e+01
3.2671104325e+01,1.0000000000e+00,3.2671104325e+01
3.3905430358e+01,1.0000000000e+00,3.3905430358e+01
2.9061797450e+01,1.0000000000e+00,2.9061797450e+01
2.4218164542e+01,1.0000000000e+00,2.4218164542e+01
1.9374531633e+01,1.0000000000e+00,1.9374531633e+01
2.1685815199e+01,1.0000000000e+00,2.1685815199e+01
4.3371630399e+01,1.0000000000e+00,4.3371630399e+01
6.5057445598e+01,1.0000000000e+00,6.5057445598e+01
1.1736365340e+02,1.0000000000e+00,1.1736365340e+02
1.5424164849e+02,1.0000000000e+00,1.5424164849e+02
1.5884225346e+02,1.0000000000e+00,1.5884225346e+02
1.3728371470e+02,1.0000000000e+00,1.3728371470e+02
1.1531296898e+02,1.0000000000e+00,1.1531296898e+02
1.1679299127e+02,1.0000000000e+00,1.1679299127e+02
1.4495337212e+02,1.0000000000e+00,1.4495337212e+02
1.8402741504e+02,1.0000000000e+00,1.8402741504e+02
2.1548754091e+02,1.0000000000e+00,2.1548754091e+02
2.3056377591e+02,1.0000000000e+00,2.3056377591e+02
2.3076144408e+02,1.0000000000e+00,2.3076144408e+02
2.2189015077e+02,1.0000000000e+00,2.2189015077e+02
2.0957421280e+02,1.0000000000e+00,2.0957421280e+02
1.9808731723e+02,1.0000000000e+00,1.9808731723e+02
1.8915481111e+02,1.0000000000e+00,1.8915481111e+02
1.7978938263e+02,1.0000000000e+00,1.7978938263e+02
1.6362578619e+02,1.0000000000e+00,1.6362578619e+02
1.3750259472e+02,1.0000000000e+00,1.3750259472e+02
1.0689861056e+02,1.0000000000e+00,1.0689861056e+02
8.3728840917e+01,1.0000000000e+00,8.3728840917e+01
7.8034903071e+01,1.0000000000e+00,7.8034903071e+01
9.0744789546e+01,1.0000000000e+00,9.0744789546e+01
1.1392875069e+02,1.0000000000e+00,1.1392875069e+02
1.3834064402e+02,1.0000000000e+00,1.3834064402e+02
1.6006912599e+02,1.0000000000e+00,1.6006912599e+02
1.7945037443e+02,1.0000000000e+00,1.7945037443e+02
1.9610491173e+02,1.0000000000e+00,1.9610491173e+02
2.0808133896e+02,1.0000000000e+00,2.0808133896e+02
2.1473933760e+02,1.0000000000e+00,2.1473933760e+02
2.1737680075e+02,1.0000000000e+00,2.1737680075e+02
2.1697770132e+02,1.0000000000e+00,2.1697770132e+02
2.1327221845e+02,1.0000000000e+00,2.1327221845e+02
2.0623045332e+02,1.0000000000e+00,2.0623045332e+02
1.9724357810e+02,1.0000000000e+00,1.9724357810e+02
1.8839620154e+02,1.0000000000e+00,1.8839620154e+02
1.8127711089e+02,1.0000000000e+00,1.8127711089e+02
1.7660021550e+02,1.0000000000e+00,1.7660021550e+02
1.7396747172e+02,1.0000000000e+00,1.7396747172e+02
1.7203310678e+02,1.0000000000e+00,1.7203310678e+02
1.7039128470e+02,1.0000000000e+00,1.7039128470e+02
1.7129932240e+02,1.0000000000e+00,1.7129932240e+02
1.7749392649e+02,1.0000000000e+00,1.7749392649e+02
1.8783882102e+02,1.0000000000e+00,1.8783882102e+02
1.9738335126e+02,1.0000000000e+00,1.9738335126e+02
2.0257260576e+02,1.0000000000e+00,2.0257260576e+02
2.0402678369e+02,1.0000000000e+00,2.0402678369e+02
2.0274090476e+02,1.0000000000e+00,2.0274090476e+02
1.9532591840e+02,1.0000000000e+00,1.9532591840e+02
1.7557102618e+02,1.0000000000e+00,1.7557102618e+02
1.4207339481e+02,1.0000000000e+00,1.4207339481e+02
1.0342529431e+02,1.0000000000e+00,1.0342529431e+02
7.3496135421e+01,1.0000000000e+00,7.3496135421e+01
6.1320932767e+01,1.0000000000e+00,6.1320932767e+01
6.6917224364e+01,1.0000000000e+00,6.6917224364e+01
8.5796603875e+01,1.0000000000e+00,8.5796603875e+01
1.1469094983e+02,1.0000000000e+00,1.1469094983e+02
1.5149789159e+02,1.0000000000e+00,1.5149789159e+02
1.9049152159e+02,1.0000000000e+00,1.9049152159e+02
2.2043383558e+02,1.0000000000e+00,2.2043383558e+02
2.2995289653e+02,1.0000000000e+00,2.2995289653e+02
2.1571254847e+02,1.0000000000e+00,2.1571254847e+02
1.8685337870e+02,1.0000000000e+00,1.8685337870e+02
1.6214997278e+02,1.0000000000e+00,1.6214997278e+02
1.5891625914e+02,1.0000000000e+00,1.5891625914e+02
1.7986159319e+02,1.0000000000e+00,1.7986159319e+02
2.1016995310e+02,1.0000000000e+00,2.1016995310e+02
2.2827122367e+02,1.0000000000e+00,2.2827122367e+02
2.2005556258e+02,1.0000000000e+00,2.2005556258e+02
1.8637118301e+02,1.0000000000e+00,1.8637118301e+02
1.4143624821e+02,1.0000000000e+00,1.4143624821e+02
1.0407049177e+02,1.0000000000e+00,1.0407049177e+02
8.7548625974e+01,1.0000000000e+00,8.7548625974e+01
9.5124750761e+01,1.0000000000e+00,9.5124750761e+01
1.2170016995e+02,1.0000000000e+00,1.2170016995e+02
1.5723634023e+02,1.0000000000e+00,1.5723634023e+02
1.9057342297e+02,1.0000000000e+00,1.9057342297e+02
2.1384923003e+02,1.0000000000e+00,2.1384923003e+02
2.2494585271e+02,1.0000000000e+00,2.2494585271e+02
2.2636489732e+02,1.0000000000e+00,2.2636489732e+02
2.2266469954e+02,1.0000000000e+00,2.2266469954e+02
2.1840400081e+02,1.0000000000e+00,2.1840400081e+02
2.1650492048e+02,1.0000000000e+00,2.1650492048e+02
2.1722997012e+02,1.0000000000e+00,2.1722997012e+02
2.1869503862e+02,1.0000000000e+00,2.1869503862e+02
2.1892161824e+02,1.0000000000e+00,2.1892161824e+02
2.1786215482e+02,1.0000000000e+00,2.1786215482e+02
2.1738021423e+02,1.0000000000e+00,2.1738021423e+02
2.1909666386e+02,1.0000000000e+00,2.1909666386e+02
2.2264270729e+02,1.0000000000e+00,2.2264270729e+02
2.2624373100e+02,1.0000000000e+00,2.2624373100e+02
2.2840876222e+02,1.0000000000e+00,2.2840876222e+02
2.2868945122e+02,1.0000000000e+00,2.2868945122e+02
2.2738861491e+02,1.0000000000e+00,2.2738861491e+02
2.2520408972e+02,1.0000000000e+00,2.2520408972e+02
2.2316440669e+02,1.0000000000e+00,2.2316440669e+02
2.2240020072e+02,1.0000000000e+00,2.2240020072e+02
2.2348507048e+02,1.0000000000e+00,2.2348507048e+02
2.2592189716e+02,1.0000000000e+00,2.2592189716e+02
2.2833746030e+02,1.0000000000e+00,2.2833746030e+02
2.2907973648e+02,1.0000000000e+00,2.2907973648e+02
2.2680646500e+02,1.0000000000e+00,2.2680646500e+02
2.2119457942e+02,1.0000000000e+00,2.2119457942e+02
2.1357950174e+02,1.0000000000e+00,2.1357950174e+02
2.0646274017e+02,1.0000000000e+00,2.0646274017e+02
2.0128828717e+02,1.0000000000e+00,2.0128828717e+02
1.9607826797e+02,1.0000000000e+00,1.9607826797e+02
1.8592341021e+02,1.0000000000e+00,1.8592341021e+02
1.6699039917e+02,1.0000000000e+00,1.6699039917e+02
1.4024400593e+02,1.0000000000e+00,1.4024400593e+02
1.1065580611e+02,1.0000000000e+00,1.1065580611e+02
8.3037194870e+01,1.0000000000e+00,8.3037194870e+01
5.9608514314e+01,1.0000000000e+00,5.9608514314e+01
4.1137951579e+01,1.0000000000e+00,4.1137951579e+01
3.5261101353e+01,1.0000000000e+00,3.5261101353e+01
2.9384251128e+01,1.0000000000e+00,2.9384251128e+01
2.3507400902e+01,1.0000000000e+00,2.3507400902e+01
1.7630550677e+01,1.0000000000e+00,1.7630550677e+01
1.1753700451e+01,1.0000000000e+00,1.1753700451e+01
5.8768502255e+00,1.0000000000e+00,5.8768502255e+00
0.0000000000e+00,1.0000000000e+00,0.0000000000e+00
0.0000000000e+00,1.0000000000e+00,0.0000000000e+00
0.0000000000e+00,1.0000000000e+00,0.0000000000e+00
0.0000000000e+00,1.0000000000e+00,0.0000000000e+00
0.0000000000e+00,1.0000000000e+00,0.0000000000e+00
0.0000000000e+00,1.0000000000e+00,0.0000000000e+00
0.0000000000e+00,1.0000000000e+00,0.0000000000e+00
0.0000000000e+00,1.0000000000e+00,0.0000000000e+00
0.0000000000e+00,1.0000000000e+00,0.0000000000e+00
8.5793529597e+00,1.0000000000e+00,8.5793529597e+00
1.7158705919e+01,1.0000000000e+00,1.7158705919e+01
2.5738058879e+01,1.0000000000e+00,2.5738058879e+01
2.9566283565e+01,1.0000000000e+00,2.9566283565e+01
3.6061009236e+01,1.0000000000e+00,3.6061009236e+01
4.5975087928e+01,1.0000000000e+00,4.5975087928e+01
5.7412598524e+01,1.0000000000e+00,5.7412598524e+01
6.5543597865e+01,1.0000000000e+00,6.5543597865e+01
6.5057790151e+01,1.0000000000e+00,6.5057790151e+01
5.4298265030e+01,1.0000000000e+00,5.4298265030e+01
3.8626362530e+01,1.0000000000e+00,3.8626362530e+01
2.9629290788e+01,1.0000000000e+00,2.9629290788e+01
4.9366754278e+01,1.0000000000e+00,4.9366754278e+01
6.9191840609e+01,1.0000000000e+00,6.9191840609e+01
9.8917288167e+01,1.0000000000e+00,9.8917288167e+01
1.2153388011e+02,1.0000000000e+00,1.2153388011e+02
1.2500000000e+02,1.0000000000e+00,1.2500000000e+02
1.1480466680e+02,1.0000000000e+00,1.1480466680e+02
9.3356739623e+01,1.0000000000e+00,9.3356739623e+01
6.3828000810e+01,1.0000000000e+00,6.3828000810e+01
6.6524758269e+01,1.0000000000e+00,6.6524758269e+01
8.5399071490e+01,1.0000000000e+00,8.5399071490e+01
1.1262051192e+02,1.0000000000e+00,1.1262051192e+02
1.4213494725e+02,1.0000000000e+00,1.4213494725e+02
1.7080181801e+02,1.0000000000e+00,1.7080181801e+02
1.9484943171e+02,1.0000000000e+00,1.9484943171e+02
2.0898636808e+02,1.0000000000e+00,2.0898636808e+02
2.0927004675e+02,1.0000000000e+00,2.0927004675e+02
1.9540015891e+02,1.0000000000e+00,1.9540015891e+02
1.7025414383e+02,1.0000000000e+00,1.7025414383e+02
1.3790564939e+02,1.0000000000e+00,1.3790564939e+02
1.0197886098e+02,1.0000000000e+00,1.0197886098e+02
6.5815702572e+01,1.0000000000e+00,6.5815702572e+01
5.6413459347e+01,1.0000000000e+00,5.6413459347e+01
4.7011216123e+01,1.0000000000e+00,4.7011216123e+01
3.7608972898e+01,1.0000000000e+00,3.7608972898e+01
4.3293964133e+01,1.0000000000e+00,4.3293964133e+01
8.9428112444e+01,1.0000000000e+00,8.9428112444e+01
1.4412598940e+02,1.0000000000e+00,1.4412598940e+02
1.9246222383e+02,1.0000000000e+00,1.9246222383e+02
2.2370611862e+02,1.0000000000e+00,2.2370611862e+02
2.3593169370e+02,1.0000000000e+00,2.3593169370e+02
2.3374729398e+02,1.0000000000e+00,2.3374729398e+02
2.2243128778e+02,1.0000000000e+00,2.2243128778e+02
2.0503955128e+02,1.0000000000e+00,2.0503955128e+02
1.8483838389e+02,1.0000000000e+00,1.8483838389e+02
1.6885600526e+02,1.0000000000e+00,1.6885600526e+02
1.6573335863e+02,1.0000000000e+00,1.6573335863e+02
1.7744000804e+02,1.0000000000e+00,1.7744000804e+02
1.9455352707e+02,1.0000000000e+00,1.9455352707e+02
2.0259065774e+02,1.0000000000e+00,2.0259065774e+02
1.9342627016e+02,1.0000000000e+00,1.9342627016e+02
1.7127706776e+02,1.0000000000e+00,1.7127706776e+02
1.4978679009e+02,1.0000000000e+00,1.4978679009e+02
1.4287088263e+02,1.0000000000e+00,1.4287088263e+02
1.5543786075e+02,1.0000000000e+00,1.5543786075e+02
1.8121997236e+02,1.0000000000e+00,1.8121997236e+02
2.0891934981e+02,1.0000000000e+00,2.0891934981e+02
2.2965184741e+02,1.0000000000e+00,2.2965184741e+02
2.3910891827e+02,1.0000000000e+00,2.3910891827e+02
2.3551339470e+02,1.0000000000e+00,2.3551339470e+02
2.1879511583e+02,1.0000000000e+00,2.1879511583e+02
1.9355006596e+02,1.0000000000e+00,1.9355006596e+02
1.7176189986e+02,1.0000000000e+00,1.7176189986e+02
1.6747662426e+02,1.0000000000e+00,1.6747662426e+02
1.8353406110e+02,1.0000000000e+00,1.8353406110e+02
2.0454280845e+02,1.0000000000e+00,2.0454280845e+02
2.0734431541e+02,1.0000000000e+00,2.0734431541e+02
1.8021377583e+02,1.0000000000e+00,1.8021377583e+02
1.3303978491e+02,1.0000000000e+00,1.3303978491e+02
9.0764263614e+01,1.0000000000e+00,9.0764263614e+01
7.6325461531e+01,1.0000000000e+00,7.6325461531e+01
9.6439493204e+01,1.0000000000e+00,9.6439493204e+01
1.3955719989e+02,1.0000000000e+00,1.3955719989e+02
1.8488383107e+02,1.0000000000e+00,1.8488383107e+02
2.1501946601e+02,1.0000000000e+00,2.1501946601e+02
2.2453027905e+02,1.0000000000e+00,2.2453027905e+02
2.2000196362e+02,1.0000000000e+00,2.2000196362e+02
2.1296083416e+02,1.0000000000e+00,2.1296083416e+02
2.1118468763e+02,1.0000000000e+00,2.1118468763e+02
2.1366311614e+02,1.0000000000e+00,2.1366311614e+02
2.1182503671e+02,1.0000000000e+00,2.1182503671e+02
1.9572482623e+02,1.0000000000e+00,1.9572482623e+02
1.6102931545e+02,1.0000000000e+00,1.6102931545e+02
1.1308248146e+02,1.0000000000e+00,1.1308248146e+02
6.5664698565e+01,1.0000000000e+00,6.5664698565e+01
3.4277624290e+01,1.0000000000e+00,3.4277624290e+01
2.8256854028e+01,1.0000000000e+00,2.8256854028e+01
4.7494171256e+01,1.0000000000e+00,4.7494171256e+01
8.4814061049e+01,1.0000000000e+00,8.4814061049e+01
1.3019022790e+02,1.0000000000e+00,1.3019022790e+02
1.7355995489e+02,1.0000000000e+00,1.7355995489e+02
2.0672690926e+02,1.0000000000e+00,2.0672690926e+02
2.2569143157e+02,1.0000000000e+00,2.2569143157e+02
2.3196425801e+02,1.0000000000e+00,2.3196425801e+02
2.3084209638e+02,1.0000000000e+00,2.3084209638e+02
2.2779404209e+02,1.0000000000e+00,2.2779404209e+02
2.2590994041e+02,1.0000000000e+00,2.2590994041e+02
2.2570273094e+02,1.0000000000e+00,2.2570273094e+02
2.2635442032e+02,1.0000000000e+00,2.2635442032e+02
2.2698552717e+02,1.0000000000e+00,2.2698552717e+02
2.2725645378e+02,1.0000000000e+00,2.2725645378e+02
2.2734142717e+02,1.0000000000e+00,2.2734142717e+02
2.2757533893e+02,1.0000000000e+00,2.2757533893e+02
2.2804459596e+02,1.0000000000e+00,2.2804459596e+02
2.2833169594e+02,1.0000000000e+00,2.2833169594e+02
2.2761628802e+02,1.0000000000e+00,2.2761628802e+02
2.2527424829e+02,1.0000000000e+00,2.2527424829e+02
2.2180029325e+02,1.0000000000e+00,2.2180029325e+02
2.1923725993e+02,1.0000000000e+00,2.1923725993e+02
2.1993434535e+02,1.0000000000e+00,2.1993434535e+02
2.2362904112e+02,1.0000000000e+00,2.2362904112e+02
2.2515896401e+02,1.0000000000e+00,2.2515896401e+02
2.1582027803e+02,1.0000000000e+00,2.1582027803e+02
1.8896993214e+02,1.0000000000e+00,1.8896993214e+02
1.4637953784e+02,1.0000000000e+00,1.4637953784e+02
9.9642083600e+01,1.0000000000e+00,9.9642083600e+01
6.3897575534e+01,1.0000000000e+00,6.3897575534e+01
4.7734976140e+01,1.0000000000e+00,4.7734976140e+01
4.7347881311e+01,1.0000000000e+00,4.7347881311e+01
5.0265740953e+01,1.0000000000e+00,5.0265740953e+01
4.5955144890e+01,1.0000000000e+00,4.5955144890e+01
3.4949543614e+01,1.0000000000e+00,3.4949543614e+01
2.9674271612e+01,1.0000000000e+00,2.9674271612e+01
4.5712984318e+01,1.0000000000e+00,4.5712984318e+01
8.8470020391e+01,1.0000000000e+00,8.8470020391e+01
1.4547947050e+02,1.0000000000e+00,1.4547947050e+02
1.9280955335e+02,1.0000000000e+00,1.9280955335e+02
2.1170846736e+02,1.0000000000e+00,2.1170846736e+02
2.0133216725e+02,1.0000000000e+00,2.0133216725e+02
1.7793628894e+02,1.0000000000e+00,1.7793628894e+02
1.6290038895e+02,1.0000000000e+00,1.6290038895e+02
1.6850134773e+02,1.0000000000e+00,1.6850134773e+02
1.9012263865e+02,1.0000000000e+00,1.9012263865e+02
2.0929496676e+02,1.0000000000e+00,2.0929496676e+02
2.0563860146e+02,1.0000000000e+00,2.0563860146e+02
1.7060184058e+02,1.0000000000e+00,1.7060184058e+02
1.1438268004e+02,1.0000000000e+00,1.1438268004e+02
6.1345026587e+01,1.0000000000e+00,6.1345026587e+01
3.7013478309e+01,1.0000000000e+00,3.7013478309e+01
5.4338529679e+01,1.0000000000e+00,5.4338529679e+01
1.0552342845e+02,1.0000000000e+00,1.0552342845e+02
1.6380368739e+02,1.0000000000e+00,1.6380368739e+02
1.9728561630e+02,1.0000000000e+00,1.9728561630e+02
1.8847131745e+02,1.0000000000e+00,1.8847131745e+02
1.4505029819e+02,1.0000000000e+00,1.4505029819e+02
9.3011918134e+01,1.0000000000e+00,9.3011918134e+01
5.8577438332e+01,1.0000000000e+00,5.8577438332e+01
5.4182681295e+01,1.0000000000e+00,5.4182681295e+01
7.7042109295e+01,1.0000000000e+00,7.7042109295e+01
1.1561607740e+02,1.0000000000e+00,1.1561607740e+02
1.5547779888e+02,1.0000000000e+00,1.5547779888e+02
1.8345860253e+02,1.0000000000e+00,1.8345860253e+02
1.9319258895e+02,1.0000000000e+00,1.9319258895e+02
1.8895480919e+02,1.0000000000e+00,1.8895480919e+02
1.8090191780e+02,1.0000000000e+00,1.8090191780e+02
1.7500652426e+02,1.0000000000e+00,1.7500652426e+02
1.7037910646e+02,1.0000000000e+00,1.7037910646e+02
1.6641412140e+02,1.0000000000e+00,1.6641412140e+02
1.6728137908e+02,1.0000000000e+00,1.6728137908e+02
1.7684470002e+02,1.0000000000e+00,1.7684470002e+02
1.9253884700e+02,1.0000000000e+00,1.9253884700e+02
2.0706308871e+02,1.0000000000e+00,2.0706308871e+02
2.1469109440e+02,1.0000000000e+00,2.1469109440e+02
2.1406073421e+02,1.0000000000e+00,2.1406073421e+02
2.0623646506e+02,1.0000000000e+00,2.0623646506e+02
1.9279868039e+02,1.0000000000e+00,1.9279868039e+02
1.7569872451e+02,1.0000000000e+00,1.7569872451e+02
1.5654063705e+02,1.0000000000e+00,1.5654063705e+02
1.3524725393e+02,1.0000000000e+00,1.3524725393e+02
1.1118056309e+02,1.0000000000e+00,1.1118056309e+02
8.6673965805e+01,1.0000000000e+00,8.6673965805e+01
6.7872905627e+01,1.0000000000e+00,6.7872905627e+01
5.9671793807e+01,1.0000000000e+00,5.9671793807e+01
5.9543330821e+01,1.0000000000e+00,5.9543330821e+01
5.8598090426e+01,1.0000000000e+00,5.8598090426e+01
5.0944947690e+01,1.0000000000e+00,5.0944947690e+01
4.2018130229e+01,1.0000000000e+00,4.2018130229e+01
4.6125290988e+01,1.0000000000e+00,4.6125290988e+01
7.4222918919e+01,1.0000000000e+00,7.4222918919e+01
1.2311312519e+02,1.0000000000e+00,1.2311312519e+02
1.7655554260e+02,1.0000000000e+00,1.7655554260e+02
2.1732357345e+02,1.0000000000e+00,2.1732357345e+02
2.3833456796e+02,1.0000000000e+00,2.3833456796e+02
2.4316148308e+02,1.0000000000e+00,2.4316148308e+02
2.3826312359e+02,1.0000000000e+00,2.3826312359e+02
2.2628566813e+02,1.0000000000e+00,2.2628566813e+02
2.0629125196e+02,1.0000000000e+00,2.0629125196e+02
1.7914399183e+02,1.0000000000e+00,1.7914399183e+02
1.5141037378e+02,1.0000000000e+00,1.5141037378e+02
1.3279694249e+02,1.0000000000e+00,1.3279694249e+02
1.2946770550e+02,1.0000000000e+00,1.2946770550e+02
1.4048341193e+02,1.0000000000e+00,1.4048341193e+02
1.6027705782e+02,1.0000000000e+00,1.6027705782e+02
1.8271238328e+02,1.0000000000e+00,1.8271238328e+02
2.0249566785e+02,1.0000000000e+00,2.0249566785e+02
2.1527771571e+02,1.0000000000e+00,2.1527771571e+02
2.1913655246e+02,1.0000000000e+00,2.1913655246e+02
2.1643377908e+02,1.0000000000e+00,2.1643377908e+02
2.1288506424e+02,1.0000000000e+00,2.1288506424e+02
2.1360714703e+02,1.0000000000e+00,2.1360714703e+02
2.1987734972e+02,1.0000000000e+00,2.1987734972e+02
2.2913767971e+02,1.0000000000e+00,2.2913767971e+02
2.3639669839e+02,1.0000000000e+00,2.3639669839e+02
2.3498941609e+02,1.0000000000e+00,2.3498941609e+02
2.1814048248e+02,1.0000000000e+00,2.1814048248e+02
1.8313396089e+02,1.0000000000e+00,1.8313396089e+02
1.3547208555e+02,1.0000000000e+00,1.3547208555e+02
8.7556089360e+01,1.0000000000e+00,8.7556089360e+01
5.1387858653e+01,1.0000000000e+00,5.1387858653e+01
3.1920624403e+01,1.0000000000e+00,3.1920624403e+01
2.6200206330e+01,1.0000000000e+00,2.6200206330e+01
2.6940276740e+01,1.0000000000e+00,2.6940276740e+01
2.7644465619e+01,1.0000000000e+00,2.7644465619e+01
2.7032613238e+01,1.0000000000e+00,2.7032613238e+01
2.9153623477e+01,1.0000000000e+00,2.9153623477e+01
3.8084194891e+01,1.0000000000e+00,3.8084194891e+01
5.2423289943e+01,1.0000000000e+00,5.2423289943e+01
6.5197093498e+01,1.0000000000e+00,6.5197093498e+01
6.8783810045e+01,1.0000000000e+00,6.8783810045e+01
6.0773725742e+01,1.0000000000e+00,6.0773725742e+01
4.7286326748e+01,1.0000000000e+00,4.7286326748e+01
4.1176281654e+01,1.0000000000e+00,4.1176281654e+01
5.4394440837e+01,1.0000000000e+00,5.4394440837e+01
8.9053246434e+01,1.0000000000e+00,8.9053246434e+01
1.3524822902e+02,1.0000000000e+00,1.3524822902e+02
1.7819748005e+02,1.0000000000e+00,1.7819748005e+02
2.0782933402e+02,1.0000000000e+00,2.0782933402e+02
2.2237521846e+02,1.0000000000e+00,2.2237521846e+02
2.2491606380e+02,1.0000000000e+00,2.2491606380e+02
2.1871804337e+02,1.0000000000e+00,2.1871804337e+02
2.0653364606e+02,1.0000000000e+00,2.0653364606e+02
1.9280907010e+02,1.0000000000e+00,1.9280907010e+02
1.8383840467e+02,1.0000000000e+00,1.8383840467e+02
1.8390878045e+02,1.0000000000e+00,1.8390878045e+02
1.9149237859e+02,1.0000000000e+00,1.9149237859e+02
2.0075830709e+02,1.0000000000e+00,2.0075830709e+02
2.0723541273e+02,1.0000000000e+00,2.0723541273e+02
2.1088274198e+02,1.0000000000e+00,2.1088274198e+02
2.1385862917e+02,1.0000000000e+00,2.1385862917e+02
2.1701965757e+02,1.0000000000e+00,2.1701965757e+02
2.1903969372e+02,1.0000000000e+00,2.1903969372e+02
2.1820308486e+02,1.0000000000e+00,2.1820308486e+02
2.1450504767e+02,1.0000000000e+00,2.1450504767e+02
2.0932263349e+02,1.0000000000e+00,2.0932263349e+02
2.0292437929e+02,1.0000000000e+00,2.0292437929e+02
1.9397071944e+02,1.0000000000e+00,1.9397071944e+02
1.8310778672e+02,1.0000000000e+00,1.8310778672e+02
1.7611045546e+02,1.0000000000e+00,1.7611045546e+02
1.8045584571e+02,1.0000000000e+00,1.8045584571e+02
1.9670419942e+02,1.0000000000e+00,1.9670419942e+02
2.1408603518e+02,1.0000000000e+00,2.1408603518e+02
2.1655397724e+02,1.0000000000e+00,2.1655397724e+02
1.9478311097e+02,1.0000000000e+00,1.9478311097e+02
1.5461130110e+02,1.0000000000e+00,1.5461130110e+02
1.1510771430e+02,1.0000000000e+00,1.1510771430e+02
9.6466464048e+01,1.0000000000e+00,9.6466464048e+01
1.0697306892e+02,1.0000000000e+00,1.0697306892e+02
1.3883279524e+02,1.0000000000e+00,1.3883279524e+02
1.7263907645e+02,1.0000000000e+00,1.7263907645e+02
1.8590900431e+02,1.0000000000e+00,1.8590900431e+02
1.6472128981e+02,1.0000000000e+00,1.6472128981e+02
1.1417021768e+02,1.0000000000e+00,1.1417021768e+02
5.7737739844e+01,1.0000000000e+00,5.7737739844e+01
2.8875714470e+01,1.0000000000e+00,2.8875714470e+01
2.8889403566e+01,1.0000000000e+00,2.8889403566e+01
7.1198327190e+01,1.0000000000e+00,7.1198327190e+01
1.3162385073e+02,1.0000000000e+00,1.3162385073e+02
1.8529802809e+02,1.0000000000e+00,1.8529802809e+02
2.1515997841e+02,1.0000000000e+00,2.1515997841e+02
2.2001799748e+02,1.0000000000e+00,2.2001799748e+02
2.1150322507e+02,1.0000000000e+00,2.1150322507e+02
2.0343300212e+02,1.0000000000e+00,2.0343300212e+02
2.0226940172e+02,1.0000000000e+00,2.0226940172e+02
2.0471683117e+02,1.0000000000e+00,2.0471683117e+02
2.0260504450e+02,1.0000000000e+00,2.0260504450e+02
1.9040198744e+02,1.0000000000e+00,1.9040198744e+02
1.6977459737e+02,1.0000000000e+00,1.6977459737e+02
1.4889175831e+02,1.0000000000e+00,1.4889175831e+02
1.3756479029e+02,1.0000000000e+00,1.3756479029e+02
1.4085560902e+02,1.0000000000e+00,1.4085560902e+02
1.5504143818e+02,1.0000000000e+00,1.5504143818e+02
1.6966456274e+02,1.0000000000e+00,1.6966456274e+02
1.7553866510e+02,1.0000000000e+00,1.7553866510e+02
1.7266392884e+02,1.0000000000e+00,1.7266392884e+02
1.6978250303e+02,1.0000000000e+00,1.6978250303e+02
1.7456173124e+02,1.0000000000e+00,1.7456173124e+02
1.8453355001e+02,1.0000000000e+00,1.8453355001e+02
1.8842631473e+02,1.0000000000e+00,1.8842631473e+02
1.7557511337e+02,1.0000000000e+00,1.7557511337e+02
1.4421656103e+02,1.0000000000e+00,1.4421656103e+02
1.0260901299e+02,1.0000000000e+00,1.0260901299e+02
6.3393888466e+01,1.0000000000e+00,6.3393888466e+01
3.6597292857e+01,1.0000000000e+00,3.6597292857e+01
2.6281170529e+01,1.0000000000e+00,2.6281170529e+01
5.6475417286e+01,1.0000000000e+00,5.6475417286e+01
8.3897314361e+01,1.0000000000e+00,8.3897314361e+01
1.0854686175e+02,1.0000000000e+00,1.0854686175e+02
1.2500000000e+02,1.0000000000e+00,1.2500000000e+02
1.0416666667e+02,1.0000000000e+00,1.0416666667e+02
8.9285714286e+01,1.0000000000e+00,8.9285714286e+01
7.4404761905e+01,1.0000000000e+00,7.4404761905e+01
5.9523809524e+01,1.0000000000e+00,5.9523809524e+01
4.4642857143e+01,1.0000000000e+00,4.4642857143e+01
4.8892561614e+01,1.0000000000e+00,4.8892561614e+01
1.0421593110e+02,1.0000000000e+00,1.0421593110e+02
1.5739899985e+02,1.0000000000e+00,1.5739899985e+02
1.8694188931e+02,1.0000000000e+00,1.8694188931e+02
1.8329877610e+02,1.0000000000e+00,1.8329877610e+02
1.5396744988e+02,1.0000000000e+00,1.5396744988e+02
1.1822975266e+02,1.0000000000e+00,1.1822975266e+02
9.6740823075e+01,1.0000000000e+00,9.6740823075e+01
1.0159490539e+02,1.0000000000e+00,1.0159490539e+02
1.3116376909e+02,1.0000000000e+00,1.3116376909e+02
1.7146799042e+02,1.0000000000e+00,1.7146799042e+02
2.0237489327e+02,1.0000000000e+00,2.0237489327e+02
2.0664320203e+02,1.0000000000e+00,2.0664320203e+02
1.7969948214e+02,1.0000000000e+00,1.7969948214e+02
1.3500716562e+02,1.0000000000e+00,1.3500716562e+02
9.8885088688e+01,1.0000000000e+00,9.8885088688e+01
9.4719336239e+01,1.0000000000e+00,9.4719336239e+01
1.2678328791e+02,1.0000000000e+00,1.2678328791e+02
1.7670357415e+02,1.0000000000e+00,1.7670357415e+02
2.1529466437e+02,1.0000000000e+00,2.1529466437e+02
2.2033381111e+02,1.0000000000e+00,2.2033381111e+02
1.8903764897e+02,1.0000000000e+00,1.8903764897e+02
1.3933217516e+02,1.0000000000e+00,1.3933217516e+02
9.8957606970e+01,1.0000000000e+00,9.8957606970e+01
8.7817695390e+01,1.0000000000e+00,8.7817695390e+01
1.0601115108e+02,1.0000000000e+00,1.0601115108e+02
1.3671985904e+02,1.0000000000e+00,1.3671985904e+02
1.5971361614e+02,1.0000000000e+00,1.5971361614e+02
1.6371215590e+02,1.0000000000e+00,1.6371215590e+02
1.5020205565e+02,1.0000000000e+00,1.5020205565e+02
1.2883715608e+02,1.0000000000e+00,1.2883715608e+02
1.0955348189e+02,1.0000000000e+00,1.0955348189e+02
9.7773816299e+01,1.0000000000e+00,9.7773816299e+01
9.5212207492e+01,1.0000000000e+00,9.5212207492e+01
1.0282658850e+02,1.0000000000e+00,1.0282658850e+02
1.2063036711e+02,1.0000000000e+00,1.2063036711e+02
1.4430256789e+02,1.0000000000e+00,1.4430256789e+02
1.6504898923e+02,1.0000000000e+00,1.6504898923e+02
1.7560125747e+02,1.0000000000e+00,1.7560125747e+02
1.7570494158e+02,1.0000000000e+00,1.7570494158e+02
1.7125679838e+02,1.0000000000e+00,1.7125679838e+02
1.6913956772e+02,1.0000000000e+00,1.6913956772e+02
1.7220024583e+02,1.0000000000e+00,1.7220024583e+02
1.7764550094e+02,1.0000000000e+00,1.7764550094e+02
1.7984228797e+02,1.0000000000e+00,1.7984228797e+02
1.7464766246e+02,1.0000000000e+00,1.7464766246e+02
1.6159364713e+02,1.0000000000e+00,1.6159364713e+02
1.4303471179e+02,1.0000000000e+00,1.4303471179e+02
1.2195831396e+02,1.0000000000e+00,1.2195831396e+02
1.0068393648e+02,1.0000000000e+00,1.0068393648e+02
8.0649091868e+01,1.0000000000e+00,8.0649091868e+01
6.2457399123e+01,1.0000000000e+00,6.2457399123e+01
4.6747151715e+01,1.0000000000e+00,4.6747151715e+01
3.5475891719e+01,1.0000000000e+00,3.5475891719e+01
3.1398719680e+01,1.0000000000e+00,3.1398719680e+01
3.5584815812e+01,1.0000000000e+00,3.5584815812e+01
4.5299748271e+01,1.0000000000e+00,4.5299748271e+01
5.4187629156e+01,1.0000000000e+00,5.4187629156e+01
5.5311868071e+01,1.0000000000e+00,5.5311868071e+01
4.5740581064e+01,1.0000000000e+00,4.5740581064e+01
3.9206212340e+01,1.0000000000e+00,3.9206212340e+01
3.2671843617e+01,1.0000000000e+00,3.2671843617e+01
2.6137474894e+01,1.0000000000e+00,2.6137474894e+01
2.9767951646e+01,1.0000000000e+00,2.9767951646e+01
5.6192972327e+01,1.0000000000e+00,5.6192972327e+01
8.3697578736e+01,1.0000000000e+00,8.3697578736e+01
1.0384506929e+02,1.0000000000e+00,1.0384506929e+02
1.1473673528e+02,1.0000000000e+00,1.1473673528e+02
1.1905250026e+02,1.0000000000e+00,1.1905250026e+02
1.1890149060e+02,1.0000000000e+00,1.1890149060e+02
1.1393921705e+02,1.0000000000e+00,1.1393921705e+02
1.0422221651e+02,1.0000000000e+00,1.0422221651e+02
9.3037113078e+01,1.0000000000e+00,9.3037113078e+01
8.5587418331e+01,1.0000000000e+00,8.5587418331e+01
8.5362117084e+01,1.0000000000e+00,8.5362117084e+01
9.2220275310e+01,1.0000000000e+00,9.2220275310e+01
1.0311729558e+02,1.0000000000e+00,1.0311729558e+02
1.1441309715e+02,1.0000000000e+00,1.1441309715e+02
1.2430288414e+02,1.0000000000e+00,1.2430288414e+02
1.3319381019e+02,1.0000000000e+00,1.3319381019e+02
1.4188499342e+02,1.0000000000e+00,1.4188499342e+02
1.5004026651e+02,1.0000000000e+00,1.5004026651e+02
1.5622355340e+02,1.0000000000e+00,1.5622355340e+02
1.5891641158e+02,1.0000000000e+00,1.5891641158e+02
1.5757328922e+02,1.0000000000e+00,1.5757328922e+02
1.5250644761e+02,1.0000000000e+00,1.5250644761e+02
1.4350338245e+02,1.0000000000e+00,1.4350338245e+02
1.2915167879e+02,1.0000000000e+00,1.2915167879e+02
1.0852362184e+02,1.0000000000e+00,1.0852362184e+02
8.3825263425e+01,1.0000000000e+00,8.3825263425e+01
6.0559024392e+01,1.0000000000e+00,6.0559024392e+01
4.3960952601e+01,1.0000000000e+00,4.3960952601e+01
3.4967198551e+01,1.0000000000e+00,3.4967198551e+01
3.0043416289e+01,1.0000000000e+00,3.0043416289e+01
2.5751499677e+01,1.0000000000e+00,2.5751499677e+01
2.1459583064e+01,1.0000000000e+00,2.1459583064e+01
2.0399305556e+01,1.0000000000e+00,2.0399305556e+01
4.0798611111e+01,1.0000000000e+00,4.0798611111e+01
6.1197916667e+01,1.0000000000e+00,6.1197916667e+01
1.0416666667e+02,1.0000000000e+00,1.0416666667e+02
1.2500000000e+02,1.0000000000e+00,1.2500000000e+02
1.0416666667e+02,1.0000000000e+00,1.0416666667e+02
8.9285714286e+01,1.0000000000e+00,8.9285714286e+01
7.4404761905e+01,1.0000000000e+00,7.4404761905e+01
5.9523809524e+01,1.0000000000e+00,5.9523809524e+01
4.4642857143e+01,1.0000000000e+00,4.4642857143e+01
7.5930710361e+01,1.0000000000e+00,7.5930710361e+01
1.2386638645e+02,1.0000000000e+00,1.2386638645e+02
1.6528105695e+02,1.0000000000e+00,1.6528105695e+02
1.8606154150e+02,1.0000000000e+00,1.8606154150e+02
1.8156651456e+02,1.0000000000e+00,1.8156651456e+02
1.5795111280e+02,1.0000000000e+00,1.5795111280e+02
1.2925173468e+02,1.0000000000e+00,1.2925173468e+02
1.1246397011e+02,1.0000000000e+00,1.1246397011e+02
1.1973521454e+02,1.0000000000e+00,1.1973521454e+02
1.4970447049e+02,1.0000000000e+00,1.4970447049e+02
1.8543359206e+02,1.0000000000e+00,1.8543359206e+02
2.0419079806e+02,1.0000000000e+00,2.0419079806e+02
1.9324620741e+02,1.0000000000e+00,1.9324620741e+02
1.5850920614e+02,1.0000000000e+00,1.5850920614e+02
1.1912987503e+02,1.0000000000e+00,1.1912987503e+02
9.4037022795e+01,1.0000000000e+00,9.4037022795e+01
9.1884976210e+01,1.0000000000e+00,9.1884976210e+01
1.0973202307e+02,1.0000000000e+00,1.0973202307e+02
1.3729840649e+02,1.0000000000e+00,1.3729840649e+02
1.6262095083e+02,1.0000000000e+00,1.6262095083e+02
1.7763795336e+02,1.0000000000e+00,1.7763795336e+02
1.8160854555e+02,1.0000000000e+00,1.8160854555e+02
1.7981537930e+02,1.0000000000e+00,1.7981537930e+02
1.7834288774e+02,1.0000000000e+00,1.7834288774e+02
1.7870613197e+02,1.0000000000e+00,1.7870613197e+02
1.7609230890e+02,1.0000000000e+00,1.7609230890e+02
1.6297297773e+02,1.0000000000e+00,1.6297297773e+02
1.3594159627e+02,1.0000000000e+00,1.3594159627e+02
9.9405415140e+01,1.0000000000e+00,9.9405415140e+01
6.2354877321e+01,1.0000000000e+00,6.2354877321e+01
3.3513926164e+01,1.0000000000e+00,3.3513926164e+01
2.1227615746e+01,1.0000000000e+00,2.1227615746e+01
3.0168921072e+01,1.0000000000e+00,3.0168921072e+01
6.3970081541e+01,1.0000000000e+00,6.3970081541e+01
1.1456100744e+02,1.0000000000e+00,1.1456100744e+02
1.6683076480e+02,1.0000000000e+00,1.6683076480e+02
2.0554603587e+02,1.0000000000e+00,2.0554603587e+02
2.2325886944e+02,1.0000000000e+00,2.2325886944e+02
2.2257651235e+02,1.0000000000e+00,2.2257651235e+02
2.1238104445e+02,1.0000000000e+00,2.1238104445e+02
2.0233505054e+02,1.0000000000e+00,2.0233505054e+02
1.9898905793e+02,1.0000000000e+00,1.9898905793e+02
2.0374091492e+02,1.0000000000e+00,2.0374091492e+02
2.1309375096e+02,1.0000000000e+00,2.1309375096e+02
2.2186620468e+02,1.0000000000e+00,2.2186620468e+02
2.2712048190e+02,1.0000000000e+00,2.2712048190e+02
2.2940636321e+02,1.0000000000e+00,2.2940636321e+02
2.3082564095e+02,1.0000000000e+00,2.3082564095e+02
2.3212683943e+02,1.0000000000e+00,2.3212683943e+02
2.3111126062e+02,1.0000000000e+00,2.3111126062e+02
2.2354697460e+02,1.0000000000e+00,2.2354697460e+02
2.0635761050e+02,1.0000000000e+00,2.0635761050e+02
1.8073571298e+02,1.0000000000e+00,1.8073571298e+02
1.5196409944e+02,1.0000000000e+00,1.5196409944e+02
1.2583054751e+02,1.0000000000e+00,1.2583054751e+02
1.0512394114e+02,1.0000000000e+00,1.0512394114e+02
8.8681799892e+01,1.0000000000e+00,8.8681799892e+01
7.3105159534e+01,1.0000000000e+00,7.3105159534e+01
5.6304157875e+01,1.0000000000e+00,5.6304157875e+01
3.9903598933e+01,1.0000000000e+00,3.9903598933e+01
2.7806836871e+01,1.0000000000e+00,2.7806836871e+01
1.7926850979e+01,1.0000000000e+00,1.7926850979e+01
2.5973716067e+01,1.0000000000e+00,2.5973716067e+01
3.5356812523e+01,1.0000000000e+00,3.5356812523e+01
4.8336878422e+01,1.0000000000e+00,4.8336878422e+01
6.1434146875e+01,1.0000000000e+00,6.1434146875e+01
7.1862569491e+01,1.0000000000e+00,7.1862569491e+01
7.9543400146e+01,1.0000000000e+00,7.9543400146e+01
8.7848216628e+01,1.0000000000e+00,8.7848216628e+01
1.0135275465e+02,1.0000000000e+00,1.0135275465e+02
1.2199080487e+02,1.0000000000e+00,1.2199080487e+02
1.4704013436e+02,1.0000000000e+00,1.4704013436e+02
1.7067760997e+02,1.0000000000e+00,1.7067760997e+02
1.8791593854e+02,1.0000000000e+00,1.8791593854e+02
1.9798521798e+02,1.0000000000e+00,1.9798521798e+02
2.0427759504e+02,1.0000000000e+00,2.0427759504e+02
2.1079448830e+02,1.0000000000e+00,2.1079448830e+02
2.1867496335e+02,1.0000000000e+00,2.1867496335e+02
2.2598267186e+02,1.0000000000e+00,2.2598267186e+02
2.2985042841e+02,1.0000000000e+00,2.2985042841e+02
2.2828384451e+02,1.0000000000e+00,2.2828384451e+02
2.2086546765e+02,1.0000000000e+00,2.2086546765e+02
2.0875951033e+02,1.0000000000e+00,2.0875951033e+02
1.9340798868e+02,1.0000000000e+00,1.9340798868e+02
1.7444156785e+02,1.0000000000e+00,1.7444156785e+02
1.5080360529e+02,1.0000000000e+00,1.5080360529e+02
1.2628734356e+02,1.0000000000e+00,1.2628734356e+02
1.1183483182e+02,1.0000000000e+00,1.1183483182e+02
1.1809581997e+02,1.0000000000e+00,1.1809581997e+02
1.4497255835e+02,1.0000000000e+00,1.4497255835e+02
1.8024725071e+02,1.0000000000e+00,1.8024725071e+02
2.0904127755e+02,1.0000000000e+00,2.0904127755e+02
2.2423489022e+02,1.0000000000e+00,2.2423489022e+02
2.2858119444e+02,1.0000000000e+00,2.2858119444e+02
2.2919435829e+02,1.0000000000e+00,2.2919435829e+02
2.3112500348e+02,1.0000000000e+00,2.3112500348e+02
2.3407042089e+02,1.0000000000e+00,2.3407042089e+02
2.3251415295e+02,1.0000000000e+00,2.3251415295e+02
2.1915737649e+02,1.0000000000e+00,2.1915737649e+02
1.9089148270e+02,1.0000000000e+00,1.9089148270e+02
1.5349470712e+02,1.0000000000e+00,1.5349470712e+02
1.1973766454e+02,1.0000000000e+00,1.1973766454e+02
1.0082056493e+02,1.0000000000e+00,1.0082056493e+02
9.8666770266e+01,1.0000000000e+00,9.8666770266e+01
1.0602407682e+02,1.0000000000e+00,1.0602407682e+02
1.1309821740e+02,1.0000000000e+00,1.1309821740e+02
1.1412867735e+02,1.0000000000e+00,1.1412867735e+02
1.0901760826e+02,1.0000000000e+00,1.0901760826e+02
1.0025852792e+02,1.0000000000e+00,1.0025852792e+02
8.9793579419e+01,1.0000000000e+00,8.9793579419e+01
7.9651489376e+01,1.0000000000e+00,7.9651489376e+01
7.4097438027e+01,1.0000000000e+00,7.4097438027e+01
7.7938375536e+01,1.0000000000e+00,7.7938375536e+01
9.1445640121e+01,1.0000000000e+00,9.1445640121e+01
1.0863849254e+02,1.0000000000e+00,1.0863849254e+02
1.2158065300e+02,1.0000000000e+00,1.2158065300e+02
1.2546210667e+02,1.0000000000e+00,1.2546210667e+02
1.2018016658e+02,1.0000000000e+00,1.2018016658e+02
1.0938818088e+02,1.0000000000e+00,1.0938818088e+02
9.8229700351e+01,1.0000000000e+00,9.8229700351e+01
8.9970932221e+01,1.0000000000e+00,8.9970932221e+01
8.3737740847e+01,1.0000000000e+00,8.3737740847e+01
7.6126823499e+01,1.0000000000e+00,7.6126823499e+01
6.5776646383e+01,1.0000000000e+00,6.5776646383e+01
5.6177013947e+01,1.0000000000e+00,5.6177013947e+01
5.2998693739e+01,1.0000000000e+00,5.2998693739e+01
5.7703512610e+01,1.0000000000e+00,5.7703512610e+01
6.4000732295e+01,1.0000000000e+00,6.4000732295e+01
6.2346625313e+01,1.0000000000e+00,6.2346625313e+01
4.9584325533e+01,1.0000000000e+00,4.9584325533e+01
3.3905891029e+01,1.0000000000e+00,3.3905891029e+01
2.9015775034e+01,1.0000000000e+00,2.9015775034e+01
5.8868318469e+01,1.0000000000e+00,5.8868318469e+01
8.5530603182e+01,1.0000000000e+00,8.5530603182e+01
1.0900262917e+02,1.0000000000e+00,1.0900262917e+02
1.2500000000e+02,1.0000000000e+00,1.2500000000e+02
1.1224483134e+02,1.0000000000e+00,1.1224483134e+02
9.3023692631e+01,1.0000000000e+00,9.3023692631e+01
7.1765078194e+01,1.0000000000e+00,7.1765078194e+01
4.8468988026e+01,1.0000000000e+00,4.8468988026e+01
5.3971748715e+01,1.0000000000e+00,5.3971748715e+01
6.1939388666e+01,1.0000000000e+00,6.1939388666e+01
6.6697545926e+01,1.0000000000e+00,6.6697545926e+01
7.1243573071e+01,1.0000000000e+00,7.1243573071e+01
8.4905980240e+01,1.0000000000e+00,8.4905980240e+01
1.1402534973e+02,1.0000000000e+00,1.1402534973e+02
1.5478665847e+02,1.0000000000e+00,1.5478665847e+02
1.9496335131e+02,1.0000000000e+00,1.9496335131e+02
2.2240319882e+02,1.0000000000e+00,2.2240319882e+02
2.3245160197e+02,1.0000000000e+00,2.3245160197e+02
2.2902261948e+02,1.0000000000e+00,2.2902261948e+02
2.2041069521e+02,1.0000000000e+00,2.2041069521e+02
2.1418811516e+02,1.0000000000e+00,2.1418811516e+02
2.1388463120e+02,1.0000000000e+00,2.1388463120e+02
2.1755284695e+02,1.0000000000e+00,2.1755284695e+02
2.1841736375e+02,1.0000000000e+00,2.1841736375e+02
2.0868236993e+02,1.0000000000e+00,2.0868236993e+02
1.8531165644e+02,1.0000000000e+00,1.8531165644e+02
1.5334531295e+02,1.0000000000e+00,1.5334531295e+02
1.2334921025e+02,1.0000000000e+00,1.2334921025e+02
1.0463862561e+02,1.0000000000e+00,1.0463862561e+02
1.0017430342e+02,1.0000000000e+00,1.0017430342e+02
1.0770622812e+02,1.0000000000e+00,1.0770622812e+02
1.2464373776e+02,1.0000000000e+00,1.2464373776e+02
1.4963805198e+02,1.0000000000e+00,1.4963805198e+02
1.7935292772e+02,1.0000000000e+00,1.7935292772e+02
2.0680752198e+02,1.0000000000e+00,2.0680752198e+02
2.2524050684e+02,1.0000000000e+00,2.2524050684e+02
2.3282571469e+02,1.0000000000e+00,2.3282571469e+02
2.3276643485e+02,1.0000000000e+00,2.3276643485e+02
2.2974839413e+02,1.0000000000e+00,2.2974839413e+02
2.2686101350e+02,1.0000000000e+00,2.2686101350e+02
2.2496939947e+02,1.0000000000e+00,2.2496939947e+02
2.2387523246e+02,1.0000000000e+00,2.2387523246e+02
2.2363292074e+02,1.0000000000e+00,2.2363292074e+02
2.2472103197e+02,1.0000000000e+00,2.2472103197e+02
2.2699293875e+02,1.0000000000e+00,2.2699293875e+02
2.2869092746e+02,1.0000000000e+00,2.2869092746e+02
2.2691450541e+02,1.0000000000e+00,2.2691450541e+02
2.1963530854e+02,1.0000000000e+00,2.1963530854e+02
2.0804660734e+02,1.0000000000e+00,2.0804660734e+02
1.9728542790e+02,1.0000000000e+00,1.9728542790e+02
1.9365974039e+02,1.0000000000e+00,1.9365974039e+02
1.9952278350e+02,1.0000000000e+00,1.9952278350e+02
2.1105996983e+02,1.0000000000e+00,2.1105996983e+02
2.2188552459e+02,1.0000000000e+00,2.2188552459e+02
2.2809996225e+02,1.0000000000e+00,2.2809996225e+02
2.2969857937e+02,1.0000000000e+00,2.2969857937e+02
2.2877396380e+02,1.0000000000e+00,2.2877396380e+02
2.2743721480e+02,1.0000000000e+00,2.2743721480e+02
2.2681274743e+02,1.0000000000e+00,2.2681274743e+02
2.2699179431e+02,1.0000000000e+00,2.2699179431e+02
2.2743967190e+02,1.0000000000e+00,2.2743967190e+02
2.2746904978e+02,1.0000000000e+00,2.2746904978e+02
2.2667152500e+02,1.0000000000e+00,2.2667152500e+02
2.2531825277e+02,1.0000000000e+00,2.2531825277e+02
2.2456649875e+02,1.0000000000e+00,2.2456649875e+02
2.2602311735e+02,1.0000000000e+00,2.2602311735e+02
2.3020646975e+02,1.0000000000e+00,2.3020646975e+02
2.3419830520e+02,1.0000000000e+00,2.3419830520e+02
2.3041219046e+02,1.0000000000e+00,2.3041219046e+02
2.0950151180e+02,1.0000000000e+00,2.0950151180e+02
1.6813570482e+02,1.0000000000e+00,1.6813570482e+02
1.1639832907e+02,1.0000000000e+00,1.1639832907e+02
7.6172690708e+01,1.0000000000e+00,7.6172690708e+01
6.8113092482e+01,1.0000000000e+00,6.8113092482e+01
9.6625955203e+01,1.0000000000e+00,9.6625955203e+01
1.4646243554e+02,1.0000000000e+00,1.4646243554e+02
1.9433668603e+02,1.0000000000e+00,1.9433668603e+02
2.2442190749e+02,1.0000000000e+00,2.2442190749e+02
2.3469340223e+02,1.0000000000e+00,2.3469340223e+02
2.3255132755e+02,1.0000000000e+00,2.3255132755e+02
2.2691445594e+02,1.0000000000e+00,2.2691445594e+02
2.2296922076e+02,1.0000000000e+00,2.2296922076e+02
2.2140280886e+02,1.0000000000e+00,2.2140280886e+02
2.2079027435e+02,1.0000000000e+00,2.2079027435e+02
2.2027310388e+02,1.0000000000e+00,2.2027310388e+02
2.2028232550e+02,1.0000000000e+00,2.2028232550e+02
2.2143194117e+02,1.0000000000e+00,2.2143194117e+02
2.2351684748e+02,1.0000000000e+00,2.2351684748e+02
2.2574258659e+02,1.0000000000e+00,2.2574258659e+02
2.2738056261e+02,1.0000000000e+00,2.2738056261e+02
2.2794016898e+02,1.0000000000e+00,2.2794016898e+02
2.2712315546e+02,1.0000000000e+00,2.2712315546e+02
2.2505940848e+02,1.0000000000e+00,2.2505940848e+02
2.2270306122e+02,1.0000000000e+00,2.2270306122e+02
2.2178762783e+02,1.0000000000e+00,2.2178762783e+02
2.2373048284e+02,1.0000000000e+00,2.2373048284e+02
2.2773414673e+02,1.0000000000e+00,2.2773414673e+02
2.2969830219e+02,1.0000000000e+00,2.2969830219e+02
2.2363323284e+02,1.0000000000e+00,2.2363323284e+02
2.0527211176e+02,1.0000000000e+00,2.0527211176e+02
1.7520370471e+02,1.0000000000e+00,1.7520370471e+02
1.3867519936e+02,1.0000000000e+00,1.3867519936e+02
1.0229757493e+02,1.0000000000e+00,1.0229757493e+02
7.1045968825e+01,1.0000000000e+00,7.1045968825e+01
4.7771445116e+01,1.0000000000e+00,4.7771445116e+01
3.3847231520e+01,1.0000000000e+00,3.3847231520e+01
2.9183464907e+01,1.0000000000e+00,2.9183464907e+01
3.2062284391e+01,1.0000000000e+00,3.2062284391e+01
3.9410794278e+01,1.0000000000e+00,3.9410794278e+01
4.6975141986e+01,1.0000000000e+00,4.6975141986e+01
4.9820403196e+01,1.0000000000e+00,4.9820403196e+01
4.4844853490e+01,1.0000000000e+00,4.4844853490e+01
3.4688026774e+01,1.0000000000e+00,3.4688026774e+01
2.8514531215e+01,1.0000000000e+00,2.8514531215e+01
3.6033993336e+01,1.0000000000e+00,3.6033993336e+01
5.8042142732e+01,1.0000000000e+00,5.8042142732e+01
8.2937692657e+01,1.0000000000e+00,8.2937692657e+01
9.5947238599e+01,1.0000000000e+00,9.5947238599e+01
9.4586520520e+01,1.0000000000e+00,9.4586520520e+01
9.2994590116e+01,1.0000000000e+00,9.2994590116e+01
1.0743617280e+02,1.0000000000e+00,1.0743617280e+02
1.3813714413e+02,1.0000000000e+00,1.3813714413e+02
1.6793555774e+02,1.0000000000e+00,1.6793555774e+02
1.7800512173e+02,1.0000000000e+00,1.7800512173e+02
1.6277111085e+02,1.0000000000e+00,1.6277111085e+02
1.3166422644e+02,1.0000000000e+00,1.3166422644e+02
1.0149270139e+02,1.0000000000e+00,1.0149270139e+02
8.7737873042e+01,1.0000000000e+00,8.7737873042e+01
9.7927280591e+01,1.0000000000e+00,9.7927280591e+01
1.2845993411e+02,1.0000000000e+00,1.2845993411e+02
1.6699774476e+02,1.0000000000e+00,1.6699774476e+02
1.9980604542e+02,1.0000000000e+00,1.9980604542e+02
2.1943519051e+02,1.0000000000e+00,2.1943519051e+02
2.2712661928e+02,1.0000000000e+00,2.2712661928e+02
2.2759307779e+02,1.0000000000e+00,2.2759307779e+02
2.2065902502e+02,1.0000000000e+00,2.2065902502e+02
1.9907663898e+02,1.0000000000e+00,1.9907663898e+02
1.5683037767e+02,1.0000000000e+00,1.5683037767e+02
1.0011394019e+02,1.0000000000e+00,1.0011394019e+02
4.8626056813e+01,1.0000000000e+00,4.8626056813e+01
2.9528875928e+01,1.0000000000e+00,2.9528875928e+01
3.9960570971e+01,1.0000000000e+00,3.9960570971e+01
8.8440429967e+01,1.0000000000e+00,8.8440429967e+01
1.5038578624e+02,1.0000000000e+00,1.5038578624e+02
2.0241045538e+02,1.0000000000e+00,2.0241045538e+02
2.2863102901e+02,1.0000000000e+00,2.2863102901e+02
2.2567212078e+02,1.0000000000e+00,2.2567212078e+02
2.0033180098e+02,1.0000000000e+00,2.0033180098e+02
1.6459331780e+02,1.0000000000e+00,1.6459331780e+02
1.3145003370e+02,1.0000000000e+00,1.3145003370e+02
1.1134476125e+02,1.0000000000e+00,1.1134476125e+02
1.0917833909e+02,1.0000000000e+00,1.0917833909e+02
1.2313594523e+02,1.0000000000e+00,1.2313594523e+02
1.4626292807e+02,1.0000000000e+00,1.4626292807e+02
1.7010009282e+02,1.0000000000e+00,1.7010009282e+02
1.8815245497e+02,1.0000000000e+00,1.8815245497e+02
1.9783448295e+02,1.0000000000e+00,1.9783448295e+02
2.0081649626e+02,1.0000000000e+00,2.0081649626e+02
2.0142131432e+02,1.0000000000e+00,2.0142131432e+02
2.0369788210e+02,1.0000000000e+00,2.0369788210e+02
2.0923871324e+02,1.0000000000e+00,2.0923871324e+02
2.1701347742e+02,1.0000000000e+00,2.1701347742e+02
2.2482475261e+02,1.0000000000e+00,2.2482475261e+02
2.3080157454e+02,1.0000000000e+00,2.3080157454e+02
2.3345841929e+02,1.0000000000e+00,2.3345841929e+02
2.3081744684e+02,1.0000000000e+00,2.3081744684e+02
2.2061917709e+02,1.0000000000e+00,2.2061917709e+02
2.0232442231e+02,1.0000000000e+00,2.0232442231e+02
1.7850354052e+02,1.0000000000e+00,1.7850354052e+02
1.5277018652e+02,1.0000000000e+00,1.5277018652e+02
1.2629370472e+02,1.0000000000e+00,1.2629370472e+02
9.8229404824e+01,1.0000000000e+00,9.8229404824e+01
6.9712201605e+01,1.0000000000e+00,6.9712201605e+01
4.5020431874e+01,1.0000000000e+00,4.5020431874e+01
3.8588941606e+01,1.0000000000e+00,3.8588941606e+01
3.2157451338e+01,1.0000000000e+00,3.2157451338e+01
2.5725961071e+01,1.0000000000e+00,2.5725961071e+01
1.9294470803e+01,1.0000000000e+00,1.9294470803e+01
1.7908262746e+01,1.0000000000e+00,1.7908262746e+01
2.6862394119e+01,1.0000000000e+00,2.6862394119e+01
3.7562498498e+01,1.0000000000e+00,3.7562498498e+01
4.7003637212e+01,1.0000000000e+00,4.7003637212e+01
5.1361984822e+01,1.0000000000e+00,5.1361984822e+01
4.9685459445e+01,1.0000000000e+00,4.9685459445e+01
4.4926478164e+01,1.0000000000e+00,4.4926478164e+01
4.1916623487e+01,1.0000000000e+00,4.1916623487e+01
4.3926520970e+01,1.0000000000e+00,4.3926520970e+01
5.2187818708e+01,1.0000000000e+00,5.2187818708e+01
6.9031464129e+01,1.0000000000e+00,6.9031464129e+01
9.8111232642e+01,1.0000000000e+00,9.8111232642e+01
1.3837047438e+02,1.0000000000e+00,1.3837047438e+02
1.7983837028e+02,1.0000000000e+00,1.7983837028e+02
2.0933189527e+02,1.0000000000e+00,2.0933189527e+02
2.2093243963e+02,1.0000000000e+00,2.2093243963e+02
2.1983315757e+02,1.0000000000e+00,2.1983315757e+02
2.1662789251e+02,1.0000000000e+00,2.1662789251e+02
2.1890444201e+02,1.0000000000e+00,2.1890444201e+02
2.2702786811e+02,1.0000000000e+00,2.2702786811e+02
2.3492956606e+02,1.0000000000e+00,2.3492956606e+02
2.3337920315e+02,1.0000000000e+00,2.3337920315e+02
2.1467595359e+02,1.0000000000e+00,2.1467595359e+02
1.7838743463e+02,1.0000000000e+00,1.7838743463e+02
1.3449454501e+02,1.0000000000e+00,1.3449454501e+02
9.9394817416e+01,1.0000000000e+00,9.9394817416e+01
8.6767571884e+01,1.0000000000e+00,8.6767571884e+01
1.0064889230e+02,1.0000000000e+00,1.0064889230e+02
1.3432154376e+02,1.0000000000e+00,1.3432154376e+02
1.7367045993e+02,1.0000000000e+00,1.7367045993e+02
2.0361699809e+02,1.0000000000e+00,2.0361699809e+02
2.1539489173e+02,1.0000000000e+00,2.1539489173e+02
2.1013697581e+02,1.0000000000e+00,2.1013697581e+02
1.9619698197e+02,1.0000000000e+00,1.9619698197e+02
1.8260053509e+02,1.0000000000e+00,1.8260053509e+02
1.7409596370e+02,1.0000000000e+00,1.7409596370e+02
1.7171649393e+02,1.0000000000e+00,1.7171649393e+02
1.7618725506e+02,1.0000000000e+00,1.7618725506e+02
1.8768290897e+02,1.0000000000e+00,1.8768290897e+02
2.0218566509e+02,1.0000000000e+00,2.0218566509e+02
2.1183588731e+02,1.0000000000e+00,2.1183588731e+02
2.1121795038e+02,1.0000000000e+00,2.1121795038e+02
2.0250877623e+02,1.0000000000e+00,2.0250877623e+02
1.9374222221e+02,1.0000000000e+00,1.9374222221e+02
1.9212328925e+02,1.0000000000e+00,1.9212328925e+02
1.9836558682e+02,1.0000000000e+00,1.9836558682e+02
2.0648732473e+02,1.0000000000e+00,2.0648732473e+02
2.0915024429e+02,1.0000000000e+00,2.0915024429e+02
2.0429579797e+02,1.0000000000e+00,2.0429579797e+02
1.9717074171e+02,1.0000000000e+00,1.9717074171e+02
1.9541503242e+02,1.0000000000e+00,1.9541503242e+02
2.0209396205e+02,1.0000000000e+00,2.0209396205e+02
2.1391272276e+02,1.0000000000e+00,2.1391272276e+02
2.2528491926e+02,1.0000000000e+00,2.2528491926e+02
2.3249306873e+02,1.0000000000e+00,2.3249306873e+02
2.3402777173e+02,1.0000000000e+00,2.3402777173e+02
2.2868389030e+02,1.0000000000e+00,2.2868389030e+02
2.1466764720e+02,1.0000000000e+00,2.1466764720e+02
1.9060738552e+02,1.0000000000e+00,1.9060738552e+02
1.5722866900e+02,1.0000000000e+00,1.5722866900e+02
1.1839993840e+02,1.0000000000e+00,1.1839993840e+02
8.0272162855e+01,1.0000000000e+00,8.0272162855e+01
4.8276312692e+01,1.0000000000e+00,4.8276312692e+01
2.5550123384e+01,1.0000000000e+00,2.5550123384e+01
1.7018693268e+01,1.0000000000e+00,1.7018693268e+01
2.5505956419e+01,1.0000000000e+00,2.5505956419e+01
5.9524815986e+01,1.0000000000e+00,5.9524815986e+01
1.1263339228e+02,1.0000000000e+00,1.1263339228e+02
1.6902937391e+02,1.0000000000e+00,1.6902937391e+02
2.1222822062e+02,1.0000000000e+00,2.1222822062e+02
2.3538137176e+02,1.0000000000e+00,2.3538137176e+02
2.4148925136e+02,1.0000000000e+00,2.4148925136e+02
2.3576364773e+02,1.0000000000e+00,2.3576364773e+02
2.2010965528e+02,1.0000000000e+00,2.2010965528e+02
1.9446923089e+02,1.0000000000e+00,1.9446923089e+02
1.6094709591e+02,1.0000000000e+00,1.6094709591e+02
1.2440306590e+02,1.0000000000e+00,1.2440306590e+02
8.9327523279e+01,1.0000000000e+00,8.9327523279e+01
5.8765098395e+01,1.0000000000e+00,5.8765098395e+01
3.7316826028e+01,1.0000000000e+00,3.7316826028e+01
3.2669703250e+01,1.0000000000e+00,3.2669703250e+01
5.1088938065e+01,1.0000000000e+00,5.1088938065e+01
9.0280294268e+01,1.0000000000e+00,9.0280294268e+01
1.3737232827e+02,1.0000000000e+00,1.3737232827e+02
1.7569475781e+02,1.0000000000e+00,1.7569475781e+02
1.9520003706e+02,1.0000000000e+00,1.9520003706e+02
1.9718937776e+02,1.0000000000e+00,1.9718937776e+02
1.9030224980e+02,1.0000000000e+00,1.9030224980e+02
1.8360142628e+02,1.0000000000e+00,1.8360142628e+02
1.8286492796e+02,1.0000000000e+00,1.8286492796e+02
1.9013443373e+02,1.0000000000e+00,1.9013443373e+02
2.0337646687e+02,1.0000000000e+00,2.0337646687e+02
2.1541000999e+02,1.0000000000e+00,2.1541000999e+02
2.1511208193e+02,1.0000000000e+00,2.1511208193e+02
1.9367020965e+02,1.0000000000e+00,1.9367020965e+02
1.5252920815e+02,1.0000000000e+00,1.5252920815e+02
1.0455659410e+02,1.0000000000e+00,1.0455659410e+02
6.5017411348e+01,1.0000000000e+00,6.5017411348e+01
4.0936325322e+01,1.0000000000e+00,4.0936325322e+01
3.0081144050e+01,1.0000000000e+00,3.0081144050e+01
2.8640854239e+01,1.0000000000e+00,2.8640854239e+01
3.6681802947e+01,1.0000000000e+00,3.6681802947e+01
5.5960189472e+01,1.0000000000e+00,5.5960189472e+01
8.5346921606e+01,1.0000000000e+00,8.5346921606e+01
1.2026859718e+02,1.0000000000e+00,1.2026859718e+02
1.5560827688e+02,1.0000000000e+00,1.5560827688e+02
1.8711577624e+02,1.0000000000e+00,1.8711577624e+02
2.0992798140e+02,1.0000000000e+00,2.0992798140e+02
2.1857507332e+02,1.0000000000e+00,2.1857507332e+02
2.1133495360e+02,1.0000000000e+00,2.1133495360e+02
1.9460755094e+02,1.0000000000e+00,1.9460755094e+02
1.8051242074e+02,1.0000000000e+00,1.8051242074e+02
1.7746511240e+02,1.0000000000e+00,1.7746511240e+02
1.8283284292e+02,1.0000000000e+00,1.8283284292e+02
1.8658508043e+02,1.0000000000e+00,1.8658508043e+02
1.8246871876e+02,1.0000000000e+00,1.8246871876e+02
1.7412341263e+02,1.0000000000e+00,1.7412341263e+02
1.6975657983e+02,1.0000000000e+00,1.6975657983e+02
1.7248853663e+02,1.0000000000e+00,1.7248853663e+02
1.7759918377e+02,1.0000000000e+00,1.7759918377e+02
1.7837720107e+02,1.0000000000e+00,1.7837720107e+02
1.7312239057e+02,1.0000000000e+00,1.7312239057e+02
1.6709672381e+02,1.0000000000e+00,1.6709672381e+02
1.6846780370e+02,1.0000000000e+00,1.6846780370e+02
1.8133004840e+02,1.0000000000e+00,1.8133004840e+02
2.0148921364e+02,1.0000000000e+00,2.0148921364e+02
2.1828609351e+02,1.0000000000e+00,2.1828609351e+02
2.2017577072e+02,1.0000000000e+00,2.2017577072e+02
2.0050874785e+02,1.0000000000e+00,2.0050874785e+02
1.6161923817e+02,1.0000000000e+00,1.6161923817e+02
1.1499882688e+02,1.0000000000e+00,1.1499882688e+02
7.5775133131e+01,1.0000000000e+00,7.5775133131e+01
5.3799982094e+01,1.0000000000e+00,5.3799982094e+01
4.8132725182e+01,1.0000000000e+00,4.8132725182e+01
5.0676997078e+01,1.0000000000e+00,5.0676997078e+01
5.6137870180e+01,1.0000000000e+00,5.6137870180e+01
6.7593785959e+01,1.0000000000e+00,6.7593785959e+01
9.0732493347e+01,1.0000000000e+00,9.0732493347e+01
1.2324071914e+02,1.0000000000e+00,1.2324071914e+02
1.5311116345e+02,1.0000000000e+00,1.5311116345e+02
1.6903463714e+02,1.0000000000e+00,1.6903463714e+02
1.7018747116e+02,1.0000000000e+00,1.7018747116e+02
1.6445899423e+02,1.0000000000e+00,1.6445899423e+02
1.5966694439e+02,1.0000000000e+00,1.5966694439e+02
1.5821403998e+02,1.0000000000e+00,1.5821403998e+02
1.5842050885e+02,1.0000000000e+00,1.5842050885e+02
1.5931051922e+02,1.0000000000e+00,1.5931051922e+02
1.6353488072e+02,1.0000000000e+00,1.6353488072e+02
1.7333503573e+02,1.0000000000e+00,1.7333503573e+02
1.8232235479e+02,1.0000000000e+00,1.8232235479e+02
1.7612550579e+02,1.0000000000e+00,1.7612550579e+02
1.4719150577e+02,1.0000000000e+00,1.4719150577e+02
1.0761268206e+02,1.0000000000e+00,1.0761268206e+02
8.2182036974e+01,1.0000000000e+00,8.2182036974e+01
8.7679068408e+01,1.0000000000e+00,8.7679068408e+01
1.2022893326e+02,1.0000000000e+00,1.2022893326e+02
1.6137194653e+02,1.0000000000e+00,1.6137194653e+02
1.9352054437e+02,1.0000000000e+00,1.9352054437e+02
2.1011328509e+02,1.0000000000e+00,2.1011328509e+02
2.1513961122e+02,1.0000000000e+00,2.1513961122e+02
2.1632446880e+02,1.0000000000e+00,2.1632446880e+02
2.1868474877e+02,1.0000000000e+00,2.1868474877e+02
2.2261131168e+02,1.0000000000e+00,2.2261131168e+02
2.2608552680e+02,1.0000000000e+00,2.2608552680e+02
2.2757850023e+02,1.0000000000e+00,2.2757850023e+02
2.2722684304e+02,1.0000000000e+00,2.2722684304e+02
2.2644078155e+02,1.0000000000e+00,2.2644078155e+02
2.2687967845e+02,1.0000000000e+00,2.2687967845e+02
2.2921040661e+02,1.0000000000e+00,2.2921040661e+02
2.3183099017e+02,1.0000000000e+00,2.3183099017e+02
2.3017473449e+02,1.0000000000e+00,2.3017473449e+02
2.1781256554e+02,1.0000000000e+00,2.1781256554e+02
1.9012888151e+02,1.0000000000e+00,1.9012888151e+02
1.4863169011e+02,1.0000000000e+00,1.4863169011e+02
1.0143586913e+02,1.0000000000e+00,1.0143586913e+02
5.8511568513e+01,1.0000000000e+00,5.8511568513e+01
5.0152773011e+01,1.0000000000e+00,5.0152773011e+01
4.1793977509e+01,1.0000000000e+00,4.1793977509e+01
3.3435182008e+01,1.0000000000e+00,3.3435182008e+01
2.8213370774e+01,1.0000000000e+00,2.8213370774e+01
6.7488466576e+01,1.0000000000e+00,6.7488466576e+01
1.1981520458e+02,1.0000000000e+00,1.1981520458e+02
1.7204812554e+02,1.0000000000e+00,1.7204812554e+02
2.1094841654e+02,1.0000000000e+00,2.1094841654e+02
2.3066824026e+02,1.0000000000e+00,2.3066824026e+02
2.3488089564e+02,1.0000000000e+00,2.3488089564e+02
2.3239654665e+02,1.0000000000e+00,2.3239654665e+02
2.3066390916e+02,1.0000000000e+00,2.3066390916e+02
2.3157299114e+02,1.0000000000e+00,2.3157299114e+02
2.3105856587e+02,1.0000000000e+00,2.3105856587e+02
2.2218953240e+02,1.0000000000e+00,2.2218953240e+02
2.0048262734e+02,1.0000000000e+00,2.0048262734e+02
1.6837425381e+02,1.0000000000e+00,1.6837425381e+02
1.3482081258e+02,1.0000000000e+00,1.3482081258e+02
1.0947672301e+02,1.0000000000e+00,1.0947672301e+02
9.6505277188e+01,1.0000000000e+00,9.6505277188e+01
9.3418841055e+01,1.0000000000e+00,9.3418841055e+01
9.4813552393e+01,1.0000000000e+00,9.4813552393e+01
9.7026410296e+01,1.0000000000e+00,9.7026410296e+01
1.0073286942e+02,1.0000000000e+00,1.0073286942e+02
1.1015397843e+02,1.0000000000e+00,1.1015397843e+02
1.2891226418e+02,1.0000000000e+00,1.2891226418e+02
1.5562962089e+02,1.0000000000e+00,1.5562962089e+02
1.8329728931e+02,1.0000000000e+00,1.8329728931e+02
2.0261823786e+02,1.0000000000e+00,2.0261823786e+02
2.0647315140e+02,1.0000000000e+00,2.0647315140e+02
1.9355559660e+02,1.0000000000e+00,1.9355559660e+02
1.7007469104e+02,1.0000000000e+00,1.7007469104e+02
1.4773786090e+02,1.0000000000e+00,1.4773786090e+02
1.3785167992e+02,1.0000000000e+00,1.3785167992e+02
1.4524180115e+02,1.0000000000e+00,1.4524180115e+02
1.6628546289e+02,1.0000000000e+00,1.6628546289e+02
1.9194476716e+02,1.0000000000e+00,1.9194476716e+02
2.1333277646e+02,1.0000000000e+00,2.1333277646e+02
2.2598686339e+02,1.0000000000e+00,2.2598686339e+02
2.3045580674e+02,1.0000000000e+00,2.3045580674e+02
2.3004216477e+02,1.0000000000e+00,2.3004216477e+02
2.2813784214e+02,1.0000000000e+00,2.2813784214e+02
2.2672616225e+02,1.0000000000e+00,2.2672616225e+02
2.2627132293e+02,1.0000000000e+00,2.2627132293e+02
2.2642116878e+02,1.0000000000e+00,2.2642116878e+02
2.2677006726e+02,1.0000000000e+00,2.2677006726e+02
2.2721633264e+02,1.0000000000e+00,2.2721633264e+02
2.2784357652e+02,1.0000000000e+00,2.2784357652e+02
2.2852839198e+02,1.0000000000e+00,2.2852839198e+02
2.2862634967e+02,1.0000000000e+00,2.2862634967e+02
2.2712094082e+02,1.0000000000e+00,2.2712094082e+02
2.2342092481e+02,1.0000000000e+00,2.2342092481e+02
2.1838983203e+02,1.0000000000e+00,2.1838983203e+02
2.1445345725e+02,1.0000000000e+00,2.1445345725e+02
2.1400014811e+02,1.0000000000e+00,2.1400014811e+02
2.1732200219e+02,1.0000000000e+00,2.1732200219e+02
2.2243716349e+02,1.0000000000e+00,2.2243716349e+02
2.2695121337e+02,1.0000000000e+00,2.2695121337e+02
2.2963665173e+02,1.0000000000e+00,2.2963665173e+02
2.3026684687e+02,1.0000000000e+00,2.3026684687e+02
2.2861872641e+02,1.0000000000e+00,2.2861872641e+02
2.2418644335e+02,1.0000000000e+00,2.2418644335e+02
2.1693680674e+02,1.0000000000e+00,2.1693680674e+02
2.0800557289e+02,1.0000000000e+00,2.0800557289e+02
1.9921474673e+02,1.0000000000e+00,1.9921474673e+02
1.9180789698e+02,1.0000000000e+00,1.9180789698e+02
1.8562763957e+02,1.0000000000e+00,1.8562763957e+02
1.7909172367e+02,1.0000000000e+00,1.7909172367e+02
1.6974779575e+02,1.0000000000e+00,1.6974779575e+02
1.5564928690e+02,1.0000000000e+00,1.5564928690e+02
1.3720343605e+02,1.0000000000e+00,1.3720343605e+02
1.1742304700e+02,1.0000000000e+00,1.1742304700e+02
9.9459410241e+01,1.0000000000e+00,9.9459410241e+01
8.4081715602e+01,1.0000000000e+00,8.4081715602e+01
7.0116080990e+01,1.0000000000e+00,7.0116080990e+01
5.6591696351e+01,1.0000000000e+00,5.6591696351e+01
4.3616642850e+01,1.0000000000e+00,4.3616642850e+01
3.7385693871e+01,1.0000000000e+00,3.7385693871e+01
3.1154744893e+01,1.0000000000e+00,3.1154744893e+01
2.4923795914e+01,1.0000000000e+00,2.4923795914e+01
1.8692846936e+01,1.0000000000e+00,1.8692846936e+01
1.2461897957e+01,1.0000000000e+00,1.2461897957e+01
6.2309489785e+00,1.0000000000e+00,6.2309489785e+00
0.0000000000e+00,9.0000000000e-01,0.0000000000e+00
0.0000000000e+00,8.0000000000e-01,0.0000000000e+00
0.0000000000e+00,7.0000000000e-01,0.0000000000e+00
0.0000000000e+00,6.0000000000e-01,0.0000000000e+00
0.0000000000e+00,6.0000000000e-01,0.0000000000e+00
0.0000000000e+00,6.0000000000e-01,0.0000000000e+00
0.0000000000e+00,6.0000000000e-01,0.0000000000e+00
0.0000000000e+00,6.0000000000e-01,0.0000000000e+00
0.0000000000e+00,6.0000000000e-01,0.0000000000e+00
0.0000000000e+00,6.0000000000e-01,0.0000000000e+00
0.0000000000e+00,6.0000000000e-01,0.0000000000e+00
0.0000000000e+00,6.0000000000e-01,0.0000000000e+00
0.0000000000e+00,6.0000000000e-01,0.0000000000e+00
0.0000000000e+00,6.0000000000e-01,0.0000000000e+00
0.0000000000e+00,6.0000000000e-01,0.0000000000e+00
0.0000000000e+00,6.0000000000e-01,0.0000000000e+00
0.0000000000e+00,6.0000000000e-01,0.0000000000e+00
0.0000000000e+00,6.0000000000e-01,0.0000000000e+00
0.0000000000e+00,6.0000000000e-01,0.0000000000e+00
0.0000000000e+00,6.0000000000e-01,0.0000000000e+00
0.0000000000e+00,6.0000000000e-01,0.0000000000e+00
0.0000000000e+00,6.0000000000e-01,0.0000000000e+00
0.0000000000e+00,6.0000000000e-01,0.0000000000e+00
0.0000000000e+00,6.0000000000e-01,0.0000000000e+00
0.0000000000e+00,6.0000000000e-01,0.0000000000e+00
0.0000000000e+00,7.0000000000e-01,0.0000000000e+00
0.0000000000e+00,8.0000000000e-01,0.0000000000e+00
0.0000000000e+00,9.0000000000e-01,0.0000000000e+00
1.7006835379e+01,1.0000000000e+00,1.7006835379e+01
3.4013670758e+01,1.0000000000e+00,3.4013670758e+01
5.1020506136e+01,1.0000000000e+00,5.1020506136e+01
1.0623368889e+02,1.0000000000e+00,1.0623368889e+02
1.5940620481e+02,1.0000000000e+00,1.5940620481e+02
1.9091009117e+02,1.0000000000e+00,1.9091009117e+02
1.9033719492e+02,1.0000000000e+00,1.9033719492e+02
1.6198767471e+02,1.0000000000e+00,1.6198767471e+02
1.2067767399e+02,1.0000000000e+00,1.2067767399e+02
8.2153891982e+01,1.0000000000e+00,8.2153891982e+01
5.6862602927e+01,1.0000000000e+00,5.6862602927e+01
5.0004951887e+01,1.0000000000e+00,5.0004951887e+01
6.2424433869e+01,1.0000000000e+00,6.2424433869e+01
8.9746920197e+01,1.0000000000e+00,8.9746920197e+01
1.2349149818e+02,1.0000000000e+00,1.2349149818e+02
1.5499455920e+02,1.0000000000e+00,1.5499455920e+02
1.7848168576e+02,1.0000000000e+00,1.7848168576e+02
1.9121417555e+02,1.0000000000e+00,1.9121417555e+02
1.9213208375e+02,1.0000000000e+00,1.9213208375e+02
1.8126994698e+02,1.0000000000e+00,1.8126994698e+02
1.6033691167e+02,1.0000000000e+00,1.6033691167e+02
1.3330117043e+02,1.0000000000e+00,1.3330117043e+02
1.0552920001e+02,1.0000000000e+00,1.0552920001e+02
8.0985005040e+01,1.0000000000e+00,8.0985005040e+01
6.0341501627e+01,1.0000000000e+00,6.0341501627e+01
4.2819293088e+01,1.0000000000e+00,4.2819293088e+01
2.9184627632e+01,1.0000000000e+00,2.9184627632e+01
1.8066763572e+01,1.0000000000e+00,1.8066763572e+01
2.5015663084e+01,1.0000000000e+00,2.5015663084e+01
3.8125467606e+01,1.0000000000e+00,3.8125467606e+01
5.8839783558e+01,1.0000000000e+00,5.8839783558e+01
8.3152324790e+01,1.0000000000e+00,8.3152324790e+01
1.0911518385e+02,1.0000000000e+00,1.0911518385e+02
1.3688187138e+02,1.0000000000e+00,1.3688187138e+02
1.6549218934e+02,1.0000000000e+00,1.6549218934e+02
1.9155466758e+02,1.0000000000e+00,1.9155466758e+02
2.1177711306e+02,1.0000000000e+00,2.1177711306e+02
2.2531843131e+02,1.0000000000e+00,2.2531843131e+02
2.3288074689e+02,1.0000000000e+00,2.3288074689e+02
2.3413493160e+02,1.0000000000e+00,2.3413493160e+02
2.2642684056e+02,1.0000000000e+00,2.2642684056e+02
2.0618964817e+02,1.0000000000e+00,2.0618964817e+02
1.7249941982e+02,1.0000000000e+00,1.7249941982e+02
1.3023225567e+02,1.0000000000e+00,1.3023225567e+02
8.9551204296e+01,1.0000000000e+00,8.9551204296e+01
6.0742211852e+01,1.0000000000e+00,6.0742211852e+01
4.8197195049e+01,1.0000000000e+00,4.8197195049e+01
4.9779821690e+01,1.0000000000e+00,4.9779821690e+01
6.2576086741e+01,1.0000000000e+00,6.2576086741e+01
8.7351522645e+01,1.0000000000e+00,8.7351522645e+01
1.2491752047e+02,1.0000000000e+00,1.2491752047e+02
1.6960368931e+02,1.0000000000e+00,1.6960368931e+02
2.1014776199e+02,1.0000000000e+00,2.1014776199e+02
2.3718933392e+02,1.0000000000e+00,2.3718933392e+02
2.4717962899e+02,1.0000000000e+00,2.4717962899e+02
2.3944153410e+02,1.0000000000e+00,2.3944153410e+02
2.1339158342e+02,1.0000000000e+00,2.1339158342e+02
1.7116553940e+02,1.0000000000e+00,1.7116553940e+02
1.2146420116e+02,1.0000000000e+00,1.2146420116e+02
7.7413436048e+01,1.0000000000e+00,7.7413436048e+01
4.9041370838e+01,1.0000000000e+00,4.9041370838e+01
3.7879776167e+01,1.0000000000e+00,3.7879776167e+01
3.8077259965e+01,1.0000000000e+00,3.8077259965e+01
4.2364455558e+01,1.0000000000e+00,4.2364455558e+01
4.8779250440e+01,1.0000000000e+00,4.8779250440e+01
6.2986773694e+01,1.0000000000e+00,6.2986773694e+01
9.2533865651e+01,1.0000000000e+00,9.2533865651e+01
1.3662129911e+02,1.0000000000e+00,1.3662129911e+02
1.8119537176e+02,1.0000000000e+00,1.8119537176e+02
2.0526565153e+02,1.0000000000e+00,2.0526565153e+02
1.9488540571e+02,1.0000000000e+00,1.9488540571e+02
1.5566516358e+02,1.0000000000e+00,1.5566516358e+02
1.1355351708e+02,1.0000000000e+00,1.1355351708e+02
9.8793656118e+01,1.0000000000e+00,9.8793656118e+01
1.2303714515e+02,1.0000000000e+00,1.2303714515e+02
1.7012375981e+02,1.0000000000e+00,1.7012375981e+02
2.0904254953e+02,1.0000000000e+00,2.0904254953e+02
2.1602799502e+02,1.0000000000e+00,2.1602799502e+02
1.8778475987e+02,1.0000000000e+00,1.8778475987e+02
1.3922118719e+02,1.0000000000e+00,1.3922118719e+02
9.0785875981e+01,1.0000000000e+00,9.0785875981e+01
5.6253808327e+01,1.0000000000e+00,5.6253808327e+01
3.9531403885e+01,1.0000000000e+00,3.9531403885e+01
3.9274196672e+01,1.0000000000e+00,3.9274196672e+01
5.3358843432e+01,1.0000000000e+00,5.3358843432e+01
7.8915195470e+01,1.0000000000e+00,7.8915195470e+01
1.1081950486e+02,1.0000000000e+00,1.1081950486e+02
1.4272566946e+02,1.0000000000e+00,1.4272566946e+02
1.7009534668e+02,1.0000000000e+00,1.7009534668e+02
1.9170047605e+02,1.0000000000e+00,1.9170047605e+02
2.0836696900e+02,1.0000000000e+00,2.0836696900e+02
2.2105184438e+02,1.0000000000e+00,2.2105184438e+02
2.2999581951e+02,1.0000000000e+00,2.2999581951e+02
2.3437642390e+02,1.0000000000e+00,2.3437642390e+02
2.3186137880e+02,1.0000000000e+00,2.3186137880e+02
2.1920229564e+02,1.0000000000e+00,2.1920229564e+02
1.9463877903e+02,1.0000000000e+00,1.9463877903e+02
1.6017624521e+02,1.0000000000e+00,1.6017624521e+02
1.2120082726e+02,1.0000000000e+00,1.2120082726e+02
8.4013282702e+01,1.0000000000e+00,8.4013282702e+01
5.3711085155e+01,1.0000000000e+00,5.3711085155e+01
4.6038072990e+01,1.0000000000e+00,4.6038072990e+01
3.8365060825e+01,1.0000000000e+00,3.8365060825e+01
3.0692048660e+01,1.0000000000e+00,3.0692048660e+01
2.3019036495e+01,1.0000000000e+00,2.3019036495e+01
1.5346024330e+01,1.0000000000e+00,1.5346024330e+01
7.6730121650e+00,1.0000000000e+00,7.6730121650e+00
0.0000000000e+00,9.0000000000e-01,0.0000000000e+00
0.0000000000e+00,8.0000000000e-01,0.0000000000e+00
0.0000000000e+00,7.0000000000e-01,0.0000000000e+00
0.0000000000e+00,6.0000000000e-01,0.0000000000e+00
0.0000000000e+00,6.0000000000e-01,0.0000000000e+00
0.0000000000e+00,6.0000000000e-01,0.0000000000e+00
0.0000000000e+00,6.0000000000e-01,0.0000000000e+00
0.0000000000e+00,6.0000000000e-01,0.0000000000e+00
0.0000000000e+00,6.0000000000e-01,0.0000000000e+00
0.0000000000e+00,6.0000000000e-01,0.0000000000e+00
0.0000000000e+00,6.0000000000e-01,0.0000000000e+00
0.0000000000e+00,6.0000000000e-01,0.0000000000e+00
0.0000000000e+00,6.0000000000e-01,0.0000000000e+00
0.0000000000e+00,6.0000000000e-01,0.0000000000e+00
0.0000000000e+00,6.0000000000e-01,0.0000000000e+00
0.0000000000e+00,6.0000000000e-01,0.0000000000e+00
0.0000000000e+00,6.0000000000e-01,0.0000000000e+00
0.0000000000e+00,6.0000000000e-01,0.0000000000e+00
0.0000000000e+00,6.0000000000e-01,0.0000000000e+00
0.0000000000e+00,6.0000000000e-01,0.0000000000e+00
0.0000000000e+00,6.0000000000e-01,0.0000000000e+00
0.0000000000e+00,6.0000000000e-01,0.0000000000e+00
0.0000000000e+00,6.0000000000e-01,0.0000000000e+00
0.0000000000e+00,6.0000000000e-01,0.0000000000e+00
0.0000000000e+00,6.0000000000e-01,0.0000000000e+00
0.0000000000e+00,6.0000000000e-01,0.0000000000e+00
0.0000000000e+00,6.0000000000e-01,0.0000000000e+00
0.0000000000e+00,6.0000000000e-01,0.0000000000e+00
0.0000000000e+00,6.0000000000e-01,0.0000000000e+00
0.0000000000e+00,6.0000000000e-01,0.0000000000e+00
0.0000000000e+00,6.0000000000e-01,0.0000000000e+00
0.0000000000e+00,6.0000000000e-01,0.0000000000e+00
0.0000000000e+00,6.0000000000e-01,0.0000000000e+00
0.0000000000e+00,6.0000000000e-01,0.0000000000e+00
0.0000000000e+00,6.0000000000e-01,0.0000000000e+00
0.0000000000e+00,6.0000000000e-01,0.0000000000e+00
0.0000000000e+00,6.0000000000e-01,0.0000000000e+00
0.0000000000e+00,6.0000000000e-01,0.0000000000e+00
0.0000000000e+00,7.0000000000e-01,0.0000000000e+00
0.0000000000e+00,8.0000000000e-01,0.0000000000e+00
0.0000000000e+00,9.0000000000e-01,0.0000000000e+00
2.0399305556e+01,1.0000000000e+00,2.0399305556e+01
4.0798611111e+01,1.0000000000e+00,4.0798611111e+01
6.1197916667e+01,1.0000000000e+00,6.1197916667e+01
1.0416666667e+02,1.0000000000e+00,1.0416666667e+02
1.2500000000e+02,1.0000000000e+00,1.2500000000e+02
1.0416666667e+02,1.0000000000e+00,1.0416666667e+02
6.1197916667e+01,1.0000000000e+00,6.1197916667e+01
3.3313486728e+01,1.0000000000e+00,3.3313486728e+01
3.8742543516e+01,1.0000000000e+00,3.8742543516e+01
8.0820231138e+01,1.0000000000e+00,8.0820231138e+01
1.3717804846e+02,1.0000000000e+00,1.3717804846e+02
1.8761689529e+02,1.0000000000e+00,1.8761689529e+02
2.1661606363e+02,1.0000000000e+00,2.1661606363e+02
2.2267081638e+02,1.0000000000e+00,2.2267081638e+02
2.1687907828e+02,1.0000000000e+00,2.1687907828e+02
2.1236377003e+02,1.0000000000e+00,2.1236377003e+02
2.1267563768e+02,1.0000000000e+00,2.1267563768e+02
2.0896340223e+02,1.0000000000e+00,2.0896340223e+02
1.8910454193e+02,1.0000000000e+00,1.8910454193e+02
1.5014201758e+02,1.0000000000e+00,1.5014201758e+02
1.0177077323e+02,1.0000000000e+00,1.0177077323e+02
5.8389822055e+01,1.0000000000e+00,5.8389822055e+01
5.0048418904e+01,1.0000000000e+00,5.0048418904e+01
4.1707015753e+01,1.0000000000e+00,4.1707015753e+01
3.3365612603e+01,1.0000000000e+00,3.3365612603e+01
3.6420216647e+01,1.0000000000e+00,3.6420216647e+01
5.4630324971e+01,1.0000000000e+00,5.4630324971e+01
1.0088717268e+02,1.0000000000e+00,1.0088717268e+02
1.5410130899e+02,1.0000000000e+00,1.5410130899e+02
1.9956309628e+02,1.0000000000e+00,1.9956309628e+02
2.2702734804e+02,1.0000000000e+00,2.2702734804e+02
2.3605488051e+02,1.0000000000e+00,2.3605488051e+02
2.3323183221e+02,1.0000000000e+00,2.3323183221e+02
2.2629858303e+02,1.0000000000e+00,2.2629858303e+02
2.2027704420e+02,1.0000000000e+00,2.2027704420e+02
2.1615613760e+02,1.0000000000e+00,2.1615613760e+02
2.1090661864e+02,1.0000000000e+00,2.1090661864e+02
1.9914232497e+02,1.0000000000e+00,1.9914232497e+02
1.7709733595e+02,1.0000000000e+00,1.7709733595e+02
1.4651398915e+02,1.0000000000e+00,1.4651398915e+02
1.1468920906e+02,1.0000000000e+00,1.1468920906e+02
9.0560981216e+01,1.0000000000e+00,9.0560981216e+01
8.0508287223e+01,1.0000000000e+00,8.0508287223e+01
8.7095013023e+01,1.0000000000e+00,8.7095013023e+01
1.0991028800e+02,1.0000000000e+00,1.0991028800e+02
1.4502903088e+02,1.0000000000e+00,1.4502903088e+02
1.8366886093e+02,1.0000000000e+00,1.8366886093e+02
2.1487844837e+02,1.0000000000e+00,2.1487844837e+02
2.3191088709e+02,1.0000000000e+00,2.3191088709e+02
2.3551177520e+02,1.0000000000e+00,2.3551177520e+02
2.3118289281e+02,1.0000000000e+00,2.3118289281e+02
2.2442956854e+02,1.0000000000e+00,2.2442956854e+02
2.1790670615e+02,1.0000000000e+00,2.1790670615e+02
2.1042166594e+02,1.0000000000e+00,2.1042166594e+02
1.9703390310e+02,1.0000000000e+00,1.9703390310e+02
1.7189056016e+02,1.0000000000e+00,1.7189056016e+02
1.3435640151e+02,1.0000000000e+00,1.3435640151e+02
9.3131585621e+01,1.0000000000e+00,9.3131585621e+01
6.2242916267e+01,1.0000000000e+00,6.2242916267e+01
5.1586093271e+01,1.0000000000e+00,5.1586093271e+01
6.1490226547e+01,1.0000000000e+00,6.1490226547e+01
8.5376022919e+01,1.0000000000e+00,8.5376022919e+01
1.1476739882e+02,1.0000000000e+00,1.1476739882e+02
1.4123290100e+02,1.0000000000e+00,1.4123290100e+02
1.5765595678e+02,1.0000000000e+00,1.5765595678e+02
1.6138667660e+02,1.0000000000e+00,1.6138667660e+02
1.5591334820e+02,1.0000000000e+00,1.5591334820e+02
1.4828402944e+02,1.0000000000e+00,1.4828402944e+02
1.4404709069e+02,1.0000000000e+00,1.4404709069e+02
1.4285426855e+02,1.0000000000e+00,1.4285426855e+02
1.3804188254e+02,1.0000000000e+00,1.3804188254e+02
1.2203592057e+02,1.0000000000e+00,1.2203592057e+02
9.3824557756e+01,1.0000000000e+00,9.3824557756e+01
6.1159160878e+01,1.0000000000e+00,6.1159160878e+01
5.2422137895e+01,1.0000000000e+00,5.2422137895e+01
4.3685114913e+01,1.0000000000e+00,4.3685114913e+01
3.4948091930e+01,1.0000000000e+00,3.4948091930e+01
3.2681520979e+01,1.0000000000e+00,3.2681520979e+01
4.9974609413e+01,1.0000000000e+00,4.9974609413e+01
7.5404037327e+01,1.0000000000e+00,7.5404037327e+01
1.0851935564e+02,1.0000000000e+00,1.0851935564e+02
1.4471722505e+02,1.0000000000e+00,1.4471722505e+02
1.7714708398e+02,1.0000000000e+00,1.7714708398e+02
2.0087834773e+02,1.0000000000e+00,2.0087834773e+02
2.1500788772e+02,1.0000000000e+00,2.1500788772e+02
2.2186776056e+02,1.0000000000e+00,2.2186776056e+02
2.2480424177e+02,1.0000000000e+00,2.2480424177e+02
2.2621047711e+02,1.0000000000e+00,2.2621047711e+02
2.2695230518e+02,1.0000000000e+00,2.2695230518e+02
2.2702181259e+02,1.0000000000e+00,2.2702181259e+02
2.2641781016e+02,1.0000000000e+00,2.2641781016e+02
2.2566879856e+02,1.0000000000e+00,2.2566879856e+02
2.2587060377e+02,1.0000000000e+00,2.2587060377e+02
2.2807654651e+02,1.0000000000e+00,2.2807654651e+02
2.3200660989e+02,1.0000000000e+00,2.3200660989e+02
2.3468169609e+02,1.0000000000e+00,2.3468169609e+02
2.3038942515e+02,1.0000000000e+00,2.3038942515e+02
2.1334708521e+02,1.0000000000e+00,2.1334708521e+02
1.8223402268e+02,1.0000000000e+00,1.8223402268e+02
1.4244489957e+02,1.0000000000e+00,1.4244489957e+02
1.0287381804e+02,1.0000000000e+00,1.0287381804e+02
7.0449852861e+01,1.0000000000e+00,7.0449852861e+01
4.8038014479e+01,1.0000000000e+00,4.8038014479e+01
3.5856310399e+01,1.0000000000e+00,3.5856310399e+01
3.2827169746e+01,1.0000000000e+00,3.2827169746e+01
3.6450654460e+01,1.0000000000e+00,3.6450654460e+01
4.2404835465e+01,1.0000000000e+00,4.2404835465e+01
4.5376216996e+01,1.0000000000e+00,4.5376216996e+01
4.1268260659e+01,1.0000000000e+00,4.1268260659e+01
3.5372794851e+01,1.0000000000e+00,3.5372794851e+01
2.9477329042e+01,1.0000000000e+00,2.9477329042e+01
2.3581863234e+01,1.0000000000e+00,2.3581863234e+01
2.9249230243e+01,1.0000000000e+00,2.9249230243e+01
4.3873845364e+01,1.0000000000e+00,4.3873845364e+01
9.7045696008e+01,1.0000000000e+00,9.7045696008e+01
1.5667821739e+02,1.0000000000e+00,1.5667821739e+02
2.0269411317e+02,1.0000000000e+00,2.0269411317e+02
2.2402470850e+02,1.0000000000e+00,2.2402470850e+02
2.2552731824e+02,1.0000000000e+00,2.2552731824e+02
2.2152504043e+02,1.0000000000e+00,2.2152504043e+02
2.2280020411e+02,1.0000000000e+00,2.2280020411e+02
2.2826213065e+02,1.0000000000e+00,2.2826213065e+02
2.2663269954e+02,1.0000000000e+00,2.2663269954e+02
2.0547012327e+02,1.0000000000e+00,2.0547012327e+02
1.6117069830e+02,1.0000000000e+00,1.6117069830e+02
1.0406122359e+02,1.0000000000e+00,1.0406122359e+02
5.5267745522e+01,1.0000000000e+00,5.5267745522e+01
3.6560142282e+01,1.0000000000e+00,3.6560142282e+01
5.8159013539e+01,1.0000000000e+00,5.8159013539e+01
1.1038796909e+02,1.0000000000e+00,1.1038796909e+02
1.6531120106e+02,1.0000000000e+00,1.6531120106e+02
1.9157430609e+02,1.0000000000e+00,1.9157430609e+02
1.7456756217e+02,1.0000000000e+00,1.7456756217e+02
1.2515257718e+02,1.0000000000e+00,1.2515257718e+02
6.9427803586e+01,1.0000000000e+00,6.9427803586e+01
3.1153264761e+01,1.0000000000e+00,3.1153264761e+01
2.5844672647e+01,1.0000000000e+00,2.5844672647e+01
4.6380753182e+01,1.0000000000e+00,4.6380753182e+01
9.5739108750e+01,1.0000000000e+00,9.5739108750e+01
1.5608197127e+02,1.0000000000e+00,1.5608197127e+02
2.0842535426e+02,1.0000000000e+00,2.0842535426e+02
2.3859504633e+02,1.0000000000e+00,2.3859504633e+02
2.4276021956e+02,1.0000000000e+00,2.4276021956e+02
2.2573896079e+02,1.0000000000e+00,2.2573896079e+02
1.9731126964e+02,1.0000000000e+00,1.9731126964e+02
1.7004049483e+02,1.0000000000e+00,1.7004049483e+02
1.5600819867e+02,1.0000000000e+00,1.5600819867e+02
1.6102792877e+02,1.0000000000e+00,1.6102792877e+02
1.8045885954e+02,1.0000000000e+00,1.8045885954e+02
2.0158689231e+02,1.0000000000e+00,2.0158689231e+02
2.1191306594e+02,1.0000000000e+00,2.1191306594e+02
2.0683215165e+02,1.0000000000e+00,2.0683215165e+02
1.9117285123e+02,1.0000000000e+00,1.9117285123e+02
1.7522376410e+02,1.0000000000e+00,1.7522376410e+02
1.6831565801e+02,1.0000000000e+00,1.6831565801e+02
1.7212935427e+02,1.0000000000e+00,1.7212935427e+02
1.7800671476e+02,1.0000000000e+00,1.7800671476e+02
1.7236624323e+02,1.0000000000e+00,1.7236624323e+02
1.4729150420e+02,1.0000000000e+00,1.4729150420e+02
1.0784319661e+02,1.0000000000e+00,1.0784319661e+02
6.9607927088e+01,1.0000000000e+00,6.9607927088e+01
4.7738755643e+01,1.0000000000e+00,4.7738755643e+01
4.6307426435e+01,1.0000000000e+00,4.6307426435e+01
5.6432607455e+01,1.0000000000e+00,5.6432607455e+01
6.4196911524e+01,1.0000000000e+00,6.4196911524e+01
6.2229148456e+01,1.0000000000e+00,6.2229148456e+01
5.5994511608e+01,1.0000000000e+00,5.5994511608e+01
5.9141273841e+01,1.0000000000e+00,5.9141273841e+01
8.0904592174e+01,1.0000000000e+00,8.0904592174e+01
1.1606878321e+02,1.0000000000e+00,1.1606878321e+02
1.4723978325e+02,1.0000000000e+00,1.4723978325e+02
1.5882899472e+02,1.0000000000e+00,1.5882899472e+02
1.5029646330e+02,1.0000000000e+00,1.5029646330e+02
1.3575607546e+02,1.0000000000e+00,1.3575607546e+02
1.3013523774e+02,1.0000000000e+00,1.3013523774e+02
1.3565190494e+02,1.0000000000e+00,1.3565190494e+02
1.4215869418e+02,1.0000000000e+00,1.4215869418e+02
1.3989398915e+02,1.0000000000e+00,1.3989398915e+02
1.2958941283e+02,1.0000000000e+00,1.2958941283e+02
1.1999370730e+02,1.0000000000e+00,1.1999370730e+02
1.1928285623e+02,1.0000000000e+00,1.1928285623e+02
1.3075062701e+02,1.0000000000e+00,1.3075062701e+02
1.5289881477e+02,1.0000000000e+00,1.5289881477e+02
1.7981345676e+02,1.0000000000e+00,1.7981345676e+02
2.0291080426e+02,1.0000000000e+00,2.0291080426e+02
2.1549485551e+02,1.0000000000e+00,2.1549485551e+02
2.1652371971e+02,1.0000000000e+00,2.1652371971e+02
2.0984767134e+02,1.0000000000e+00,2.0984767134e+02
2.0017315144e+02,1.0000000000e+00,2.0017315144e+02
1.8990291033e+02,1.0000000000e+00,1.8990291033e+02
1.7867476169e+02,1.0000000000e+00,1.7867476169e+02
1.6441565239e+02,1.0000000000e+00,1.6441565239e+02
1.4521681964e+02,1.0000000000e+00,1.4521681964e+02
1.2150851764e+02,1.0000000000e+00,1.2150851764e+02
9.6563138918e+01,1.0000000000e+00,9.6563138918e+01
7.4701403909e+01,1.0000000000e+00,7.4701403909e+01
5.8908197012e+01,1.0000000000e+00,5.8908197012e+01
4.9157785241e+01,1.0000000000e+00,4.9157785241e+01
4.2303854991e+01,1.0000000000e+00,4.2303854991e+01
3.4657735087e+01,1.0000000000e+00,3.4657735087e+01
2.9706630074e+01,1.0000000000e+00,2.9706630074e+01
2.4755525062e+01,1.0000000000e+00,2.4755525062e+01
4.0798611111e+01,1.0000000000e+00,4.0798611111e+01
6.1197916667e+01,1.0000000000e+00,6.1197916667e+01
1.0416666667e+02,1.0000000000e+00,1.0416666667e+02
1.2500000000e+02,1.0000000000e+00,1.2500000000e+02
1.0416666667e+02,1.0000000000e+00,1.0416666667e+02
8.9285714286e+01,1.0000000000e+00,8.9285714286e+01
7.4404761905e+01,1.0000000000e+00,7.4404761905e+01
5.9523809524e+01,1.0000000000e+00,5.9523809524e+01
4.4642857143e+01,1.0000000000e+00,4.4642857143e+01
4.8426481659e+01,1.0000000000e+00,4.8426481659e+01
1.0142887650e+02,1.0000000000e+00,1.0142887650e+02
1.5850290760e+02,1.0000000000e+00,1.5850290760e+02
2.0393983909e+02,1.0000000000e+00,2.0393983909e+02
2.2932963301e+02,1.0000000000e+00,2.2932963301e+02
2.3679256182e+02,1.0000000000e+00,2.3679256182e+02
2.3402673112e+02,1.0000000000e+00,2.3402673112e+02
2.2758664919e+02,1.0000000000e+00,2.2758664919e+02
2.2005119355e+02,1.0000000000e+00,2.2005119355e+02
2.1125644115e+02,1.0000000000e+00,2.1125644115e+02
2.0101294291e+02,1.0000000000e+00,2.0101294291e+02
1.9105955183e+02,1.0000000000e+00,1.9105955183e+02
1.8476341801e+02,1.0000000000e+00,1.8476341801e+02
1.8467166007e+02,1.0000000000e+00,1.8467166007e+02
1.9049238222e+02,1.0000000000e+00,1.9049238222e+02
1.9933425435e+02,1.0000000000e+00,1.9933425435e+02
2.0691628821e+02,1.0000000000e+00,2.0691628821e+02
2.0875275923e+02,1.0000000000e+00,2.0875275923e+02
2.0245138407e+02,1.0000000000e+00,2.0245138407e+02
1.9051877752e+02,1.0000000000e+00,1.9051877752e+02
1.7974318342e+02,1.0000000000e+00,1.7974318342e+02
1.7604041500e+02,1.0000000000e+00,1.7604041500e+02
1.8019181684e+02,1.0000000000e+00,1.8019181684e+02
1.8899935145e+02,1.0000000000e+00,1.8899935145e+02
1.9918335235e+02,1.0000000000e+00,1.9918335235e+02
2.0892658685e+02,1.0000000000e+00,2.0892658685e+02
2.1609169430e+02,1.0000000000e+00,2.1609169430e+02
2.1637709272e+02,1.0000000000e+00,2.1637709272e+02
2.0453583404e+02,1.0000000000e+00,2.0453583404e+02
1.7868208223e+02,1.0000000000e+00,1.7868208223e+02
1.4494543386e+02,1.0000000000e+00,1.4494543386e+02
1.1756110306e+02,1.0000000000e+00,1.1756110306e+02
1.1102908029e+02,1.0000000000e+00,1.1102908029e+02
1.2903891841e+02,1.0000000000e+00,1.2903891841e+02
1.5987660110e+02,1.0000000000e+00,1.5987660110e+02
1.8224067065e+02,1.0000000000e+00,1.8224067065e+02
1.7745932367e+02,1.0000000000e+00,1.7745932367e+02
1.4096777246e+02,1.0000000000e+00,1.4096777246e+02
8.5698049089e+01,1.0000000000e+00,8.5698049089e+01
7.3455470648e+01,1.0000000000e+00,7.3455470648e+01
6.1212892207e+01,1.0000000000e+00,6.1212892207e+01
4.8970313765e+01,1.0000000000e+00,4.8970313765e+01
6.7857344648e+01,1.0000000000e+00,6.7857344648e+01
1.2925460797e+02,1.0000000000e+00,1.2925460797e+02
1.8234289223e+02,1.0000000000e+00,1.8234289223e+02
2.0926562008e+02,1.0000000000e+00,2.0926562008e+02
2.0790225623e+02,1.0000000000e+00,2.0790225623e+02
1.8994735919e+02,1.0000000000e+00,1.8994735919e+02
1.7034290908e+02,1.0000000000e+00,1.7034290908e+02
1.5825573095e+02,1.0000000000e+00,1.5825573095e+02
1.5560517475e+02,1.0000000000e+00,1.5560517475e+02
1.6063683934e+02,1.0000000000e+00,1.6063683934e+02
1.7064404730e+02,1.0000000000e+00,1.7064404730e+02
1.8141584452e+02,1.0000000000e+00,1.8141584452e+02
1.8677802968e+02,1.0000000000e+00,1.8677802968e+02
1.8199235126e+02,1.0000000000e+00,1.8199235126e+02
1.6847046602e+02,1.0000000000e+00,1.6847046602e+02
1.5376080648e+02,1.0000000000e+00,1.5376080648e+02
1.4614699568e+02,1.0000000000e+00,1.4614699568e+02
1.4932452791e+02,1.0000000000e+00,1.4932452791e+02
1.6091461226e+02,1.0000000000e+00,1.6091461226e+02
1.7398056393e+02,1.0000000000e+00,1.7398056393e+02
1.8013505122e+02,1.0000000000e+00,1.8013505122e+02
1.7353320160e+02,1.0000000000e+00,1.7353320160e+02
1.5379887967e+02,1.0000000000e+00,1.5379887967e+02
1.2567390528e+02,1.0000000000e+00,1.2567390528e+02
9.5929326598e+01,1.0000000000e+00,9.5929326598e+01
7.0211543450e+01,1.0000000000e+00,7.0211543450e+01
5.1413273796e+01,1.0000000000e+00,5.1413273796e+01
3.9763411931e+01,1.0000000000e+00,3.9763411931e+01
3.4427117620e+01,1.0000000000e+00,3.4427117620e+01
3.5112765155e+01,1.0000000000e+00,3.5112765155e+01
4.1647533533e+01,1.0000000000e+00,4.1647533533e+01
5.1826856413e+01,1.0000000000e+00,5.1826856413e+01
6.0288680467e+01,1.0000000000e+00,6.0288680467e+01
6.0667406999e+01,1.0000000000e+00,6.0667406999e+01
5.0284713238e+01,1.0000000000e+00,5.0284713238e+01
3.3686618664e+01,1.0000000000e+00,3.3686618664e+01
1.9756161632e+01,1.0000000000e+00,1.9756161632e+01
2.5581866231e+01,1.0000000000e+00,2.5581866231e+01
5.1853189809e+01,1.0000000000e+00,5.1853189809e+01
9.7273224815e+01,1.0000000000e+00,9.7273224815e+01
1.4914676563e+02,1.0000000000e+00,1.4914676563e+02
1.8940943065e+02,1.0000000000e+00,1.8940943065e+02
2.0262355175e+02,1.0000000000e+00,2.0262355175e+02
1.8463371845e+02,1.0000000000e+00,1.8463371845e+02
1.4681885581e+02,1.0000000000e+00,1.4681885581e+02
1.1203006491e+02,1.0000000000e+00,1.1203006491e+02
1.0251123201e+02,1.0000000000e+00,1.0251123201e+02
1.2599256729e+02,1.0000000000e+00,1.2599256729e+02
1.6984441644e+02,1.0000000000e+00,1.6984441644e+02
2.0844538083e+02,1.0000000000e+00,2.0844538083e+02
2.1845158146e+02,1.0000000000e+00,2.1845158146e+02
1.9215608514e+02,1.0000000000e+00,1.9215608514e+02
1.4235784026e+02,1.0000000000e+00,1.4235784026e+02
9.5847180922e+01,1.0000000000e+00,9.5847180922e+01
7.7541851510e+01,1.0000000000e+00,7.7541851510e+01
9.5176094307e+01,1.0000000000e+00,9.5176094307e+01
1.3595594598e+02,1.0000000000e+00,1.3595594598e+02
1.7638188158e+02,1.0000000000e+00,1.7638188158e+02
1.9576408002e+02,1.0000000000e+00,1.9576408002e+02
1.8517100829e+02,1.0000000000e+00,1.8517100829e+02
1.5118822063e+02,1.0000000000e+00,1.5118822063e+02
1.1402664560e+02,1.0000000000e+00,1.1402664560e+02
9.6330415207e+01,1.0000000000e+00,9.6330415207e+01
1.0697737756e+02,1.0000000000e+00,1.0697737756e+02
1.3410311064e+02,1.0000000000e+00,1.3413578031e+02
1.5504490824e+02,1.0000000000e+00,1.5497486453e+02
1.5395883631e+02,1.0000000000e+00,1.5327064245e+02
1.3101676740e+02,1.0000000000e+00,1.2989876556e+02
9.8170667933e+01,1.0000000000e+00,9.9008420733e+01
7.2807743986e+01,1.0000000000e+00,7.6460191716e+01
6.9874246035e+01,1.0000000000e+00,7.0592225848e+01
8.4381043064e+01,1.0000000000e+00,7.8324261407e+01
8.9422380586e+01,1.0000000000e+00,8.8616155378e+01
8.7869191202e+01,1.0000000000e+00,9.6860956320e+01
1.0874061159e+02,1.0000000000e+00,1.0663409833e+02
1.2397878051e+02,1.0000000000e+00,1.1339296010e+02
1.0900223806e+02,1.0000000000e+00,1.1481440966e+02
1.1012913102e+02,1.0000000000e+00,1.2184857038e+02
1.4562896214e+02,1.0000000000e+00,1.3825450258e+02
1.6910244389e+02,1.0000000000e+00,1.5417281091e+02
1.6037390406e+02,1.0000000000e+00,1.6420115742e+02
1.5379969761e+02,1.0000000000e+00,1.7197603214e+02
1.7123208145e+02,1.0000000000e+00,1.7747691443e+02
1.8824752641e+02,1.0000000000e+00,1.7341376691e+02
1.7112447502e+02,1.0000000000e+00,1.5522637713e+02
1.2435620274e+02,1.0000000000e+00,1.2947881748e+02
9.1827661613e+01,1.0000000000e+00,1.0965919211e+02
9.8166052690e+01,1.0000000000e+00,1.0098142133e+02
1.0782688730e+02,1.0000000000e+00,9.3311470235e+01
8.2329723134e+01,1.0000000000e+00,7.6457962834e+01
4.7657225440e+01,1.0000000000e+00,5.5764957843e+01
3.4652997035e+01,1.0000000000e+00,3.9699508852e+01
2.6771250601e+01,1.0000000000e+00,2.8347214000e+01
2.5261587122e+01,1.0000000000e+00,2.5261587122e+01
3.1772736307e+01,1.0000000000e+00,3.1772736307e+01
4.3992660408e+01,1.0000000000e+00,4.3992660408e+01
5.3069290492e+01,1.0000000000e+00,5.3069290492e+01
5.1029703730e+01,1.0000000000e+00,5.1029703730e+01
4.3739746054e+01,1.0000000000e+00,4.3739746054e+01
3.6449788378e+01,1.0000000000e+00,3.6449788378e+01
2.9159830703e+01,1.0000000000e+00,2.9159830703e+01
2.6447642290e+01,1.0000000000e+00,2.6447642290e+01
3.9671463435e+01,1.0000000000e+00,3.9671463435e+01
7.5132543903e+01,1.0000000000e+00,7.5132543903e+01
1.0658026717e+02,1.0000000000e+00,1.0658026717e+02
1.2438188854e+02,1.0000000000e+00,1.2438188854e+02
1.2898064825e+02,1.0000000000e+00,1.2898064825e+02
1.2883806839e+02,1.0000000000e+00,1.2883806839e+02
1.3278964023e+02,1.0000000000e+00,1.3278964023e+02
1.4296786756e+02,1.0000000000e+00,1.4296786756e+02
1.5390625047e+02,1.0000000000e+00,1.5390625047e+02
1.5809337568e+02,1.0000000000e+00,1.5809337568e+02
1.5206158504e+02,1.0000000000e+00,1.5206158504e+02
1.3815688983e+02,1.0000000000e+00,1.3815688983e+02
1.2285151831e+02,1.0000000000e+00,1.2285151831e+02
1.1346191227e+02,1.0000000000e+00,1.1346191227e+02
1.1403152832e+02,1.0000000000e+00,1.1403152832e+02
1.2321542390e+02,1.0000000000e+00,1.2321542390e+02
1.3661589537e+02,1.0000000000e+00,1.3661589537e+02
1.5053850791e+02,1.0000000000e+00,1.5053850791e+02
1.6240152589e+02,1.0000000000e+00,1.6240152589e+02
1.6927990388e+02,1.0000000000e+00,1.6927990388e+02
1.6910627913e+02,1.0000000000e+00,1.6910627913e+02
1.6305701945e+02,1.0000000000e+00,1.6305701945e+02
1.5495677544e+02,1.0000000000e+00,1.5495677544e+02
1.4861849081e+02,1.0000000000e+00,1.4861849081e+02
1.4651253905e+02,1.0000000000e+00,1.4651253905e+02
1.5006535857e+02,1.0000000000e+00,1.5006535857e+02
1.5938439029e+02,1.0000000000e+00,1.5938439029e+02
1.7163093422e+02,1.0000000000e+00,1.7163093422e+02
1.8033997358e+02,1.0000000000e+00,1.8033997358e+02
1.7849537536e+02,1.0000000000e+00,1.7849537536e+02
1.6411555162e+02,1.0000000000e+00,1.6411555162e+02
1.4233864384e+02,1.0000000000e+00,1.4233864384e+02
1.2053864667e+02,1.0000000000e+00,1.2053864667e+02
1.0204458912e+02,1.0000000000e+00,1.0204458912e+02
8.6502673653e+01,1.0000000000e+00,8.6502673653e+01
7.5628419323e+01,1.0000000000e+00,7.5628419323e+01
7.5419224837e+01,1.0000000000e+00,7.5419224837e+01
9.0894295511e+01,1.0000000000e+00,9.0894295511e+01
1.1905592159e+02,1.0000000000e+00,1.1905592159e+02
1.4821269137e+02,1.0000000000e+00,1.4821269137e+02
1.6595056811e+02,1.0000000000e+00,1.6595056811e+02
1.6876469967e+02,1.0000000000e+00,1.6876469967e+02
1.6300175714e+02,1.0000000000e+00,1.6300175714e+02
1.5638659425e+02,1.0000000000e+00,1.5638659425e+02
1.5075108183e+02,1.0000000000e+00,1.5075108183e+02
1.4307518842e+02,1.0000000000e+00,1.4307518842e+02
1.3076774040e+02,1.0000000000e+00,1.3076774040e+02
1.1509206591e+02,1.0000000000e+00,1.1509206591e+02
1.0117231848e+02,1.0000000000e+00,1.0117231848e+02
9.5035165647e+01,1.0000000000e+00,9.5035165647e+01
9.9264725430e+01,1.0000000000e+00,9.9264725430e+01
1.1055105263e+02,1.0000000000e+00,1.1055105263e+02
1.2153490258e+02,1.0000000000e+00,1.2153490258e+02
1.2577409395e+02,1.0000000000e+00,1.2577409395e+02
1.2176723728e+02,1.0000000000e+00,1.2176723728e+02
1.1265983528e+02,1.0000000000e+00,1.1265983528e+02
1.0229284117e+02,1.0000000000e+00,1.0229284117e+02
9.1841365214e+01,1.0000000000e+00,9.1841365214e+01
8.0234068061e+01,1.0000000000e+00,8.0234068061e+01
6.6884346648e+01,1.0000000000e+00,6.6884346648e+01
5.3096578399e+01,1.0000000000e+00,5.3096578399e+01
4.1106245419e+01,1.0000000000e+00,4.1106245419e+01
3.2612936971e+01,1.0000000000e+00,3.2612936971e+01
2.8311188665e+01,1.0000000000e+00,2.8311188665e+01
2.8007176458e+01,1.0000000000e+00,2.8007176458e+01
3.0429701218e+01,1.0000000000e+00,3.0429701218e+01
3.3011685161e+01,1.0000000000e+00,3.3011685161e+01
3.2740368948e+01,1.0000000000e+00,3.2740368948e+01
2.8133108853e+01,1.0000000000e+00,2.8133108853e+01
2.3385977820e+01,1.0000000000e+00,2.3385977820e+01
1.8708782256e+01,1.0000000000e+00,1.8708782256e+01
1.4031586692e+01,1.0000000000e+00,1.4031586692e+01
2.3127045707e+01,1.0000000000e+00,2.3127045707e+01
3.4690568560e+01,1.0000000000e+00,3.4690568560e+01
5.9524329068e+01,1.0000000000e+00,5.9524329068e+01
8.3705746801e+01,1.0000000000e+00,8.3705746801e+01
1.0416666667e+02,1.0000000000e+00,1.0416666667e+02
1.2090708866e+02,1.0000000000e+00,1.2090708866e+02
1.2500000000e+02,1.0000000000e+00,1.2500000000e+02
1.1016190284e+02,1.0000000000e+00,1.1016190284e+02
9.2253886990e+01,1.0000000000e+00,9.2253886990e+01
7.3919467408e+01,1.0000000000e+00,7.3919467408e+01
5.5158644097e+01,1.0000000000e+00,5.5158644097e+01
3.5971417056e+01,1.0000000000e+00,3.5971417056e+01
4.0202415802e+01,1.0000000000e+00,4.0202415802e+01
4.3932955318e+01,1.0000000000e+00,4.3932955318e+01
4.5018902139e+01,1.0000000000e+00,4.5018902139e+01
4.4767839358e+01,1.0000000000e+00,4.4767839358e+01
4.3813566559e+01,1.0000000000e+00,4.3813566559e+01
4.0903540043e+01,1.0000000000e+00,4.0903540043e+01
3.5303981265e+01,1.0000000000e+00,3.5303981265e+01
2.8969016929e+01,1.0000000000e+00,2.8969016929e+01
2.5401759264e+01,1.0000000000e+00,2.5401759264e+01
2.6032000776e+01,1.0000000000e+00,2.6032000776e+01
2.8167882030e+01,1.0000000000e+00,2.8167882030e+01
2.7346693190e+01,1.0000000000e+00,2.7346693190e+01
2.0119915735e+01,1.0000000000e+00,2.0119915735e+01
1.6095932588e+01,1.0000000000e+00,1.6095932588e+01
1.2071949441e+01,1.0000000000e+00,1.2071949441e+01
8.0479662942e+00,1.0000000000e+00,8.0479662942e+00
4.0239831471e+00,1.0000000000e+00,4.0239831471e+00
0.0000000000e+00,9.0000000000e-01,0.0000000000e+00
0.0000000000e+00,8.0000000000e-01,0.0000000000e+00
0.0000000000e+00,7.0000000000e-01,0.0000000000e+00
0.0000000000e+00,6.0000000000e-01,0.0000000000e+00
0.0000000000e+00,6.0000000000e-01,0.0000000000e+00
0.0000000000e+00,6.0000000000e-01,0.0000000000e+00
0.0000000000e+00,6.0000000000e-01,0.0000000000e+00
0.0000000000e+00,6.0000000000e-01,0.0000000000e+00
0.0000000000e+00,6.0000000000e-01,0.0000000000e+00
0.0000000000e+00,6.0000000000e-01,0.0000000000e+00
0.0000000000e+00,6.0000000000e-01,0.0000000000e+00
0.0000000000e+00,6.0000000000e-01,0.0000000000e+00
0.0000000000e+00,6.0000000000e-01,0.0000000000e+00
0.0000000000e+00,6.0000000000e-01,0.0000000000e+00
0.0000000000e+00,6.0000000000e-01,0.0000000000e+00
0.0000000000e+00,6.0000000000e-01,0.0000000000e+00
0.0000000000e+00,6.0000000000e-01,0.0000000000e+00
0.0000000000e+00,7.0000000000e-01,0.0000000000e+00
0.0000000000e+00,8.0000000000e-01,0.0000000000e+00
0.0000000000e+00,9.0000000000e-01,0.0000000000e+00
1.5802899310e+01,1.0000000000e+00,1.5802899310e+01
3.1605798621e+01,1.0000000000e+00,3.1605798621e+01
4.7408697931e+01,1.0000000000e+00,4.7408697931e+01
7.6797701667e+01,1.0000000000e+00,7.6797701667e+01
1.0416666667e+02,1.0000000000e+00,1.0416666667e+02
1.2500000000e+02,1.0000000000e+00,1.2500000000e+02
1.1018210965e+02,1.0000000000e+00,1.1018210965e+02
8.7657233993e+01,1.0000000000e+00,8.7657233993e+01
6.2960750083e+01,1.0000000000e+00,6.2960750083e+01
3.6092657926e+01,1.0000000000e+00,3.6092657926e+01
3.6257857615e+01,1.0000000000e+00,3.6257857615e+01
4.3388299137e+01,1.0000000000e+00,4.3388299137e+01
5.2081612310e+01,1.0000000000e+00,5.2081612310e+01
5.8749724340e+01,1.0000000000e+00,5.8749724340e+01
6.0834919657e+01,1.0000000000e+00,6.0834919657e+01
5.6029613731e+01,1.0000000000e+00,5.6029613731e+01
4.3851753100e+01,1.0000000000e+00,4.3851753100e+01
3.7587216943e+01,1.0000000000e+00,3.7587216943e+01
3.1322680786e+01,1.0000000000e+00,3.1322680786e+01
2.5058144629e+01,1.0000000000e+00,2.5058144629e+01
1.8793608472e+01,1.0000000000e+00,1.8793608472e+01
1.2529072314e+01,1.0000000000e+00,1.2529072314e+01
6.2645361572e+00,1.0000000000e+00,6.2645361572e+00
0.0000000000e+00,1.0000000000e+00,0.0000000000e+00
0.0000000000e+00,1.0000000000e+00,0.0000000000e+00
0.0000000000e+00,1.0000000000e+00,0.0000000000e+00
0.0000000000e+00,1.0000000000e+00,0.0000000000e+00
0.0000000000e+00,1.0000000000e+00,0.0000000000e+00
0.0000000000e+00,1.0000000000e+00,0.0000000000e+00
1.1356990258e+01,1.0000000000e+00,1.1356990258e+01
2.2713980515e+01,1.0000000000e+00,2.2713980515e+01
3.4070970773e+01,1.0000000000e+00,3.4070970773e+01
5.5945116663e+01,1.0000000000e+00,5.5945116663e+01
7.3065889378e+01,1.0000000000e+00,7.3065889378e+01
8.0681367802e+01,1.0000000000e+00,8.0681367802e+01
8.0226710509e+01,1.0000000000e+00,8.0226710509e+01
7.6576911417e+01,1.0000000000e+00,7.6576911417e+01
7.3251802405e+01,1.0000000000e+00,7.3251802405e+01
7.0252921659e+01,1.0000000000e+00,7.0252921659e+01
6.5834477866e+01,1.0000000000e+00,6.5834477866e+01
5.9564475989e+01,1.0000000000e+00,5.9564475989e+01
5.3235292772e+01,1.0000000000e+00,5.3235292772e+01
4.9107408676e+01,1.0000000000e+00,4.9107408676e+01
4.7874936274e+01,1.0000000000e+00,4.7874936274e+01
4.8382899195e+01,1.0000000000e+00,4.8382899195e+01
4.8842482809e+01,1.0000000000e+00,4.8842482809e+01
4.8240968085e+01,1.0000000000e+00,4.8240968085e+01
4.7267411893e+01,1.0000000000e+00,4.7267411893e+01
4.8208109537e+01,1.0000000000e+00,4.8208109537e+01
5.3017359306e+01,1.0000000000e+00,5.3017359306e+01
6.0727791037e+01,1.0000000000e+00,6.0727791037e+01
6.7498794349e+01,1.0000000000e+00,6.7498794349e+01
6.9989802124e+01,1.0000000000e+00,6.9989802124e+01
6.8234808837e+01,1.0000000000e+00,6.8234808837e+01
6.4891876218e+01,1.0000000000e+00,6.4891876218e+01
6.2621401634e+01,1.0000000000e+00,6.2621401634e+01
6.3116758252e+01,1.0000000000e+00,6.3116758252e+01
6.7967762375e+01,1.0000000000e+00,6.7967762375e+01
7.8939353663e+01,1.0000000000e+00,7.8939353663e+01
9.6772752964e+01,1.0000000000e+00,9.6772752964e+01
1.1964498569e+02,1.0000000000e+00,1.1964498569e+02
1.4270063939e+02,1.0000000000e+00,1.4270063939e+02
1.5939714745e+02,1.0000000000e+00,1.5939714745e+02
1.6395386070e+02,1.0000000000e+00,1.6395386070e+02
1.5352805077e+02,1.0000000000e+00,1.5352805077e+02
1.2993854072e+02,1.0000000000e+00,1.2993854072e+02
1.0095843923e+02,1.0000000000e+00,1.0095843923e+02
7.8766116997e+01,1.0000000000e+00,7.8766116997e+01
7.3139546147e+01,1.0000000000e+00,7.3139546147e+01
8.3591431473e+01,1.0000000000e+00,8.3591431473e+01
9.9379692691e+01,1.0000000000e+00,9.9379692691e+01
1.0911977661e+02,1.0000000000e+00,1.0911977661e+02
1.1057117910e+02,1.0000000000e+00,1.1057117910e+02
1.1085639747e+02,1.0000000000e+00,1.1085639747e+02
1.1759513004e+02,1.0000000000e+00,1.1759513004e+02
1.3015256070e+02,1.0000000000e+00,1.3015256070e+02
1.3902224833e+02,1.0000000000e+00,1.3902224833e+02
1.3318993625e+02,1.0000000000e+00,1.3318993625e+02
1.0916703000e+02,1.0000000000e+00,1.0916703000e+02
7.4727815239e+01,1.0000000000e+00,7.4727815239e+01
4.3886237357e+01,1.0000000000e+00,4.3886237357e+01
2.6859870664e+01,1.0000000000e+00,2.6859870664e+01
1.8318025112e+01,1.0000000000e+00,1.8318025112e+01
2.8094204673e+01,1.0000000000e+00,2.8094204673e+01
3.1738907906e+01,1.0000000000e+00,3.1738907906e+01
3.1663052106e+01,1.0000000000e+00,3.1663052106e+01
2.8690418988e+01,1.0000000000e+00,2.8690418988e+01
2.2616465790e+01,1.0000000000e+00,2.2616465790e+01
1.8093172632e+01,1.0000000000e+00,1.8093172632e+01
1.3569879474e+01,1.0000000000e+00,1.3569879474e+01
2.0399305556e+01,1.0000000000e+00,2.0399305556e+01
4.0798611111e+01,1.0000000000e+00,4.0798611111e+01
6.1197916667e+01,1.0000000000e+00,6.1197916667e+01
1.0416666667e+02,1.0000000000e+00,1.0416666667e+02
1.2500000000e+02,1.0000000000e+00,1.2500000000e+02
1.0416666667e+02,1.0000000000e+00,1.0416666667e+02
8.9285714286e+01,1.0000000000e+00,8.9285714286e+01
7.4404761905e+01,1.0000000000e+00,7.4404761905e+01
5.9523809524e+01,1.0000000000e+00,5.9523809524e+01
4.4642857143e+01,1.0000000000e+00,4.4642857143e+01
2.9761904762e+01,1.0000000000e+00,2.9761904762e+01
3.0130753377e+01,1.0000000000e+00,3.0130753377e+01
3.6654274380e+01,1.0000000000e+00,3.6654274380e+01
3.9154534538e+01,1.0000000000e+00,3.9154534538e+01
3.7728613641e+01,1.0000000000e+00,3.7728613641e+01
3.4799493029e+01,1.0000000000e+00,3.4799493029e+01
3.3863059637e+01,1.0000000000e+00,3.3863059637e+01
6.1612155895e+01,1.0000000000e+00,6.1612155895e+01
8.6927972663e+01,1.0000000000e+00,8.6927972663e+01
1.0981050994e+02,1.0000000000e+00,1.0981050994e+02
1.2500000000e+02,1.0000000000e+00,1.2500000000e+02
1.0416666667e+02,1.0000000000e+00,1.0416666667e+02
8.9285714286e+01,1.0000000000e+00,8.9285714286e+01
7.4404761905e+01,1.0000000000e+00,7.4404761905e+01
5.9523809524e+01,1.0000000000e+00,5.9523809524e+01
4.4642857143e+01,1.0000000000e+00,4.4642857143e+01
3.8669893960e+01,1.0000000000e+00,3.8669893960e+01
7.3392116183e+01,1.0000000000e+00,7.3392116183e+01
1.0416666667e+02,1.0000000000e+00,1.0416666667e+02
1.2500000000e+02,1.0000000000e+00,1.2500000000e+02
1.0416666667e+02,1.0000000000e+00,1.0416666667e+02
8.9285714286e+01,1.0000000000e+00,8.9285714286e+01
7.4404761905e+01,1.0000000000e+00,7.4404761905e+01
5.9523809524e+01,1.0000000000e+00,5.9523809524e+01
4.4642857143e+01,1.0000000000e+00,4.4642857143e+01
2.9761904762e+01,1.0000000000e+00,2.9761904762e+01
1.4880952381e+01,1.0000000000e+00,1.4880952381e+01
0.0000000000e+00,9.0000000000e-01,0.0000000000e+00
0.0000000000e+00,8.0000000000e-01,0.0000000000e+00
0.0000000000e+00,7.0000000000e-01,0.0000000000e+00
0.0000000000e+00,6.0000000000e-01,0.0000000000e+00
0.0000000000e+00,6.0000000000e-01,0.0000000000e+00
0.0000000000e+00,6.0000000000e-01,0.0000000000e+00
0.0000000000e+00,6.0000000000e-01,0.0000000000e+00
0.0000000000e+00,6.0000000000e-01,0.0000000000e+00
0.0000000000e+00,6.0000000000e-01,0.0000000000e+00
0.0000000000e+00,6.0000000000e-01,0.0000000000e+00
0.0000000000e+00,6.0000000000e-01,0.0000000000e+00
0.0000000000e+00,7.0000000000e-01,0.0000000000e+00
0.0000000000e+00,8.0000000000e-01,0.0000000000e+00
0.0000000000e+00,9.0000000000e-01,0.0000000000e+00
1.1198810977e+01,1.0000000000e+00,1.1198810977e+01
2.2397621954e+01,1.0000000000e+00,2.2397621954e+01
3.3596432931e+01,1.0000000000e+00,3.3596432931e+01
6.2156355019e+01,1.0000000000e+00,6.2156355019e+01
8.5679766264e+01,1.0000000000e+00,8.5679766264e+01
1.0416666667e+02,1.0000000000e+00,1.0416666667e+02
1.1761705623e+02,1.0000000000e+00,1.1761705623e+02
1.2500000000e+02,1.0000000000e+00,1.2500000000e+02
1.2528456305e+02,1.0000000000e+00,1.2528456305e+02
1.1923292034e+02,1.0000000000e+00,1.1923292034e+02
1.1141812172e+02,1.0000000000e+00,1.1141812172e+02
1.0260234216e+02,1.0000000000e+00,1.0260234216e+02
9.2785581659e+01,1.0000000000e+00,9.2785581659e+01
8.1967840224e+01,1.0000000000e+00,8.1967840224e+01
7.0149117851e+01,1.0000000000e+00,7.0149117851e+01
5.7329414540e+01,1.0000000000e+00,5.7329414540e+01
4.3508730292e+01,1.0000000000e+00,4.3508730292e+01
4.5361024410e+01,1.0000000000e+00,4.5361024410e+01
5.3281571608e+01,1.0000000000e+00,5.3281571608e+01
6.5268894805e+01,1.0000000000e+00,6.5268894805e+01
7.6664691873e+01,1.0000000000e+00,7.6664691873e+01
8.4749071524e+01,1.0000000000e+00,8.4749071524e+01
9.2847441711e+01,1.0000000000e+00,9.2847441711e+01
1.0728578809e+02,1.0000000000e+00,1.0728578809e+02
1.2932463222e+02,1.0000000000e+00,1.2932463222e+02
1.5175918667e+02,1.0000000000e+00,1.5175918667e+02
1.6454380354e+02,1.0000000000e+00,1.6454380354e+02
1.6304295816e+02,1.0000000000e+00,1.6304295816e+02
1.5029942320e+02,1.0000000000e+00,1.5029942320e+02
1.3257260143e+02,1.0000000000e+00,1.3257260143e+02
1.1445349601e+02,1.0000000000e+00,1.1445349601e+02
9.8102816341e+01,1.0000000000e+00,9.8102816341e+01
8.4930876977e+01,1.0000000000e+00,8.4930876977e+01
7.6037774680e+01,1.0000000000e+00,7.6037774680e+01
7.1101408006e+01,1.0000000000e+00,7.1101408006e+01
6.8070028925e+01,1.0000000000e+00,6.8070028925e+01
6.4536128306e+01,1.0000000000e+00,6.4536128306e+01
5.9354535951e+01,1.0000000000e+00,5.9354535951e+01
5.3155904310e+01,1.0000000000e+00,5.3155904310e+01
4.7605497767e+01,1.0000000000e+00,4.7605497767e+01
4.4009982336e+01,1.0000000000e+00,4.4009982336e+01
4.2325123433e+01,1.0000000000e+00,4.2325123433e+01
4.1398192569e+01,1.0000000000e+00,4.1398192569e+01
4.0093317199e+01,1.0000000000e+00,4.0093317199e+01
3.8074169010e+01,1.0000000000e+00,3.8074169010e+01
3.5675227053e+01,1.0000000000e+00,3.5675227053e+01
3.3419609057e+01,1.0000000000e+00,3.3419609057e+01
3.1697736599e+01,1.0000000000e+00,3.1697736599e+01
3.0558794860e+01,1.0000000000e+00,3.0558794860e+01
2.9678099802e+01,1.0000000000e+00,2.9678099802e+01
2.8650464339e+01,1.0000000000e+00,2.8650464339e+01
2.7335951521e+01,1.0000000000e+00,2.7335951521e+01
2.5928255648e+01,1.0000000000e+00,2.5928255648e+01
1.9525679658e+01,1.0000000000e+00,1.9525679658e+01
1.5620543726e+01,1.0000000000e+00,1.5620543726e+01
1.7330608986e+01,1.0000000000e+00,1.7330608986e+01
2.5995913479e+01,1.0000000000e+00,2.5995913479e+01
2.7475747023e+01,1.0000000000e+00,2.7475747023e+01
2.8292716058e+01,1.0000000000e+00,2.8292716058e+01
2.7726529755e+01,1.0000000000e+00,2.7726529755e+01
2.5679590118e+01,1.0000000000e+00,2.5679590118e+01
1.9804664110e+01,1.0000000000e+00,1.9804664110e+01
1.5843731288e+01,1.0000000000e+00,1.5843731288e+01
1.1882798466e+01,1.0000000000e+00,1.1882798466e+01
7.9218656442e+00,1.0000000000e+00,7.9218656442e+00
3.9609328221e+00,1.0000000000e+00,3.9609328221e+00
0.0000000000e+00,1.0000000000e+00,0.0000000000e+00
0.0000000000e+00,1.0000000000e+00,0.0000000000e+00
0.0000000000e+00,1.0000000000e+00,0.0000000000e+00
0.0000000000e+00,1.0000000000e+00,0.0000000000e+00
0.0000000000e+00,1.0000000000e+00,0.0000000000e+00
0.0000000000e+00,1.0000000000e+00,0.0000000000e+00
0.0000000000e+00,1.0000000000e+00,0.0000000000e+00
0.0000000000e+00,1.0000000000e+00,0.0000000000e+00
0.0000000000e+00,1.0000000000e+00,0.0000000000e+00
0.0000000000e+00,1.0000000000e+00,0.0000000000e+00
0.0000000000e+00,1.0000000000e+00,0.0000000000e+00
0.0000000000e+00,1.0000000000e+00,0.0000000000e+00
0.0000000000e+00,1.0000000000e+00,0.0000000000e+00
0.0000000000e+00,1.0000000000e+00,0.0000000000e+00
0.0000000000e+00,1.0000000000e+00,0.0000000000e+00
0.0000000000e+00,1.0000000000e+00,0.0000000000e+00
0.0000000000e+00,1.0000000000e+00,0.0000000000e+00
0.0000000000e+00,1.0000000000e+00,0.0000000000e+00
0.0000000000e+00,1.0000000000e+00,0.0000000000e+00
0.0000000000e+00,1.0000000000e+00,0.0000000000e+00
0.0000000000e+00,1.0000000000e+00,0.0000000000e+00
0.0000000000e+00,1.0000000000e+00,0.0000000000e+00
0.0000000000e+00,1.0000000000e+00,0.0000000000e+00
0.0000000000e+00,1.0000000000e+00,0.0000000000e+00
0.0000000000e+00,1.0000000000e+00,0.0000000000e+00
0.0000000000e+00,1.0000000000e+00,0.0000000000e+00
0.0000000000e+00,1.0000000000e+00,0.0000000000e+00
0.0000000000e+00,1.0000000000e+00,0.0000000000e+00
0.0000000000e+00,1.0000000000e+00,0.0000000000e+00
0.0000000000e+00,1.0000000000e+00,0.0000000000e+00
0.0000000000e+00,1.0000000000e+00,0.0000000000e+00
0.0000000000e+00,1.0000000000e+00,0.0000000000e+00
0.0000000000e+00,1.0000000000e+00,0.0000000000e+00
0.0000000000e+00,1.0000000000e+00,0.0000000000e+00
0.0000000000e+00,1.0000000000e+00,0.0000000000e+00
0.0000000000e+00,1.0000000000e+00,0.0000000000e+00
0.0000000000e+00,1.0000000000e+00,0.0000000000e+00
0.0000000000e+00,1.0000000000e+00,0.0000000000e+00
0.0000000000e+00,1.0000000000e+00,0.0000000000e+00
0.0000000000e+00,1.0000000000e+00,0.0000000000e+00
0.0000000000e+00,1.0000000000e+00,0.0000000000e+00
0.0000000000e+00,1.0000000000e+00,0.0000000000e+00
0.0000000000e+00,1.0000000000e+00,0.0000000000e+00
0.0000000000e+00,1.0000000000e+00,0.0000000000e+00
0.0000000000e+00,1.0000000000e+00,0.0000000000e+00
0.0000000000e+00,1.0000000000e+00,0.0000000000e+00
0.0000000000e+00,1.0000000000e+00,0.0000000000e+00
0.0000000000e+00,1.0000000000e+00,0.0000000000e+00
0.0000000000e+00,1.0000000000e+00,0.0000000000e+00
0.0000000000e+00,1.0000000000e+00,0.0000000000e+00
0.0000000000e+00,1.0000000000e+00,0.0000000000e+00
0.0000000000e+00,1.0000000000e+00,0.0000000000e+00
0.0000000000e+00,1.0000000000e+00,0.0000000000e+00
0.0000000000e+00,1.0000000000e+00,0.0000000000e+00
0.0000000000e+00,1.0000000000e+00,0.0000000000e+00
0.0000000000e+00,1.0000000000e+00,0.0000000000e+00
0.0000000000e+00,1.0000000000e+00,0.0000000000e+00
0.0000000000e+00,1.0000000000e+00,0.0000000000e+00
0.0000000000e+00,1.0000000000e+00,0.0000000000e+00
0.0000000000e+00,1.0000000000e+00,0.0000000000e+00
0.0000000000e+00,1.0000000000e+00,0.0000000000e+00
0.0000000000e+00,1.0000000000e+00,0.0000000000e+00
0.0000000000e+00,1.0000000000e+00,0.0000000000e+00
0.0000000000e+00,1.0000000000e+00,0.0000000000e+00
0.0000000000e+00,1.0000000000e+00,0.0000000000e+00
0.0000000000e+00,1.0000000000e+00,0.0000000000e+00
0.0000000000e+00,1.0000000000e+00,0.0000000000e+00
0.0000000000e+00,1.0000000000e+00,0.0000000000e+00
0.0000000000e+00,1.0000000000e+00,0.0000000000e+00
0.0000000000e+00,1.0000000000e+00,0.0000000000e+00
0.0000000000e+00,1.0000000000e+00,0.0000000000e+00
0.0000000000e+00,1.0000000000e+00,0.0000000000e+00
0.0000000000e+00,1.0000000000e+00,0.0000000000e+00
0.0000000000e+00,1.0000000000e+00,0.0000000000e+00
0.0000000000e+00,1.0000000000e+00,0.0000000000e+00
0.0000000000e+00,1.0000000000e+00,0.0000000000e+00
0.0000000000e+00,1.0000000000e+00,0.0000000000e+00
0.0000000000e+00,1.0000000000e+00,0.0000000000e+00
0.0000000000e+00,1.0000000000e+00,0.0000000000e+00
0.0000000000e+00,1.0000000000e+00,0.0000000000e+00
0.0000000000e+00,1.0000000000e+00,0.0000000000e+00
0.0000000000e+00,1.0000000000e+00,0.0000000000e+00
0.0000000000e+00,1.0000000000e+00,0.0000000000e+00
0.0000000000e+00,1.0000000000e+00,0.0000000000e+00
0.0000000000e+00,1.0000000000e+00,0.0000000000e+00
0.0000000000e+00,1.0000000000e+00,0.0000000000e+00
0.0000000000e+00,1.0000000000e+00,0.0000000000e+00
0.0000000000e+00,1.0000000000e+00,0.0000000000e+00
0.0000000000e+00,1.0000000000e+00,0.0000000000e+00
0.0000000000e+00,1.0000000000e+00,0.0000000000e+00
0.0000000000e+00,1.0000000000e+00,0.0000000000e+00
0.0000000000e+00,1.0000000000e+00,0.0000000000e+00
0.0000000000e+00,1.0000000000e+00,0.0000000000e+00
0.0000000000e+00,1.0000000000e+00,0.0000000000e+00
0.0000000000e+00,1.0000000000e+00,0.0000000000e+00
0.0000000000e+00,1.0000000000e+00,0.0000000000e+00
0.0000000000e+00,1.0000000000e+00,0.0000000000e+00
0.0000000000e+00,1.0000000000e+00,0.0000000000e+00
0.0000000000e+00,1.0000000000e+00,0.0000000000e+00
0.0000000000e+00,1.0000000000e+00,0.0000000000e+00
0.0000000000e+00,1.0000000000e+00,0.0000000000e+00
0.0000000000e+00,1.0000000000e+00,0.0000000000e+00
0.0000000000e+00,1.0000000000e+00,0.0000000000e+00
0.0000000000e+00,1.0000000000e+00,0.0000000000e+00
0.0000000000e+00,1.0000000000e+00,0.0000000000e+00
0.0000000000e+00,1.0000000000e+00,0.0000000000e+00
0.0000000000e+00,1.0000000000e+00,0.0000000000e+00
0.0000000000e+00,1.0000000000e+00,0.0000000000e+00
0.0000000000e+00,1.0000000000e+00,0.0000000000e+00
0.0000000000e+00,1.0000000000e+00,0.0000000000e+00
0.0000000000e+00,1.0000000000e+00,0.0000000000e+00
0.0000000000e+00,1.0000000000e+00,0.0000000000e+00
0.0000000000e+00,1.0000000000e+00,0.0000000000e+00
0.0000000000e+00,1.0000000000e+00,0.0000000000e+00
0.0000000000e+00,1.0000000000e+00,0.0000000000e+00
0.0000000000e+00,1.0000000000e+00,0.0000000000e+00
0.0000000000e+00,1.0000000000e+00,0.0000000000e+00
0.0000000000e+00,1.0000000000e+00,0.0000000000e+00
0.0000000000e+00,1.0000000000e+00,0.0000000000e+00
0.0000000000e+00,1.0000000000e+00,0.0000000000e+00
0.0000000000e+00,1.0000000000e+00,0.0000000000e+00
0.0000000000e+00,1.0000000000e+00,0.0000000000e+00
0.0000000000e+00,1.0000000000e+00,0.0000000000e+00
0.0000000000e+00,1.0000000000e+00,0.0000000000e+00
0.0000000000e+00,1.0000000000e+00,0.0000000000e+00
0.0000000000e+00,1.0000000000e+00,0.0000000000e+00
0.0000000000e+00,1.0000000000e+00,0.0000000000e+00
0.0000000000e+00,1.0000000000e+00,0.0000000000e+00
0.0000000000e+00,1.0000000000e+00,0.0000000000e+00
0.0000000000e+00,1.0000000000e+00,0.0000000000e+00
0.0000000000e+00,1.0000000000e+00,0.0000000000e+00
0.0000000000e+00,1.0000000000e+00,0.0000000000e+00
0.0000000000e+00,1.0000000000e+00,0.0000000000e+00
0.0000000000e+00,1.0000000000e+00,0.0000000000e+00
0.0000000000e+00,1.0000000000e+00,0.0000000000e+00
0.0000000000e+00,1.0000000000e+00,0.0000000000e+00
0.0000000000e+00,1.0000000000e+00,0.0000000000e+00
0.0000000000e+00,1.0000000000e+00,0.0000000000e+00
0.0000000000e+00,1.0000000000e+00,0.0000000000e+00
0.0000000000e+00,1.0000000000e+00,0.0000000000e+00
0.0000000000e+00,1.0000000000e+00,0.0000000000e+00
0.0000000000e+00,1.0000000000e+00,0.0000000000e+00
0.0000000000e+00,1.0000000000e+00,0.0000000000e+00
0.0000000000e+00,1.0000000000e+00,0.0000000000e+00
0.0000000000e+00,1.0000000000e+00,0.0000000000e+00
0.0000000000e+00,1.0000000000e+00,0.0000000000e+00
0.0000000000e+00,1.0000000000e+00,0.0000000000e+00
0.0000000000e+00,1.0000000000e+00,0.0000000000e+00
0.0000000000e+00,1.0000000000e+00,0.0000000000e+00
0.0000000000e+00,1.0000000000e+00,0.0000000000e+00
0.0000000000e+00,1.0000000000e+00,0.0000000000e+00
0.0000000000e+00,1.0000000000e+00,0.0000000000e+00
0.0000000000e+00,1.0000000000e+00,0.0000000000e+00
0.0000000000e+00,1.0000000000e+00,0.0000000000e+00
0.0000000000e+00,1.0000000000e+00,0.0000000000e+00
0.0000000000e+00,1.0000000000e+00,0.0000000000e+00
0.0000000000e+00,1.0000000000e+00,0.0000000000e+00
0.0000000000e+00,1.0000000000e+00,0.0000000000e+00
0.0000000000e+00,1.0000000000e+00,0.0000000000e+00
0.0000000000e+00,1.0000000000e+00,0.0000000000e+00
0.0000000000e+00,1.0000000000e+00,0.0000000000e+00
0.0000000000e+00,1.0000000000e+00,0.0000000000e+00
0.0000000000e+00,1.0000000000e+00,0.0000000000e+00
0.0000000000e+00,1.0000000000e+00,0.0000000000e+00
0.0000000000e+00,1.0000000000e+00,0.0000000000e+00
0.0000000000e+00,1.0000000000e+00,0.0000000000e+00
0.0000000000e+00,1.0000000000e+00,0.0000000000e+00
0.0000000000e+00,1.0000000000e+00,0.0000000000e+00
0.0000000000e+00,1.0000000000e+00,0.0000000000e+00
0.0000000000e+00,1.0000000000e+00,0.0000000000e+00
0.0000000000e+00,1.0000000000e+00,0.0000000000e+00
0.0000000000e+00,1.0000000000e+00,0.0000000000e+00
0.0000000000e+00,1.0000000000e+00,0.0000000000e+00
0.0000000000e+00,1.0000000000e+00,0.0000000000e+00
0.0000000000e+00,1.0000000000e+00,0.0000000000e+00
0.0000000000e+00,1.0000000000e+00,0.0000000000e+00
0.0000000000e+00,1.0000000000e+00,0.0000000000e+00
0.0000000000e+00,1.0000000000e+00,0.0000000000e+00
0.0000000000e+00,1.0000000000e+00,0.0000000000e+00
0.0000000000e+00,1.0000000000e+00,0.0000000000e+00
0.0000000000e+00,1.0000000000e+00,0.0000000000e+00
0.0000000000e+00,1.0000000000e+00,0.0000000000e+00
0.0000000000e+00,1.0000000000e+00,0.0000000000e+00
0.0000000000e+00,1.0000000000e+00,0.0000000000e+00
0.0000000000e+00,1.0000000000e+00,0.0000000000e+00
0.0000000000e+00,1.0000000000e+00,0.0000000000e+00
0.0000000000e+00,1.0000000000e+00,0.0000000000e+00
0.0000000000e+00,1.0000000000e+00,0.0000000000e+00
0.0000000000e+00,1.0000000000e+00,0.0000000000e+00
0.0000000000e+00,1.0000000000e+00,0.0000000000e+00
0.0000000000e+00,1.0000000000e+00,0.0000000000e+00
0.0000000000e+00,1.0000000000e+00,0.0000000000e+00
0.0000000000e+00,1.0000000000e+00,0.0000000000e+00
0.0000000000e+00,1.0000000000e+00,0.0000000000e+00
0.0000000000e+00,1.0000000000e+00,0.0000000000e+00
0.0000000000e+00,1.0000000000e+00,0.0000000000e+00
0.0000000000e+00,1.0000000000e+00,0.0000000000e+00
0.0000000000e+00,1.0000000000e+00,0.0000000000e+00
0.0000000000e+00,1.0000000000e+00,0.0000000000e+00
0.0000000000e+00,1.0000000000e+00,0.0000000000e+00
0.0000000000e+00,1.0000000000e+00,0.0000000000e+00
0.0000000000e+00,1.0000000000e+00,0.0000000000e+00
0.0000000000e+00,1.0000000000e+00,0.0000000000e+00
0.0000000000e+00,1.0000000000e+00,0.0000000000e+00
0.0000000000e+00,1.0000000000e+00,0.0000000000e+00
0.0000000000e+00,1.0000000000e+00,0.0000000000e+00
0.0000000000e+00,1.0000000000e+00,0.0000000000e+00
0.0000000000e+00,1.0000000000e+00,0.0000000000e+00
0.0000000000e+00,1.0000000000e+00,0.0000000000e+00
0.0000000000e+00,1.0000000000e+00,0.0000000000e+00
0.0000000000e+00,1.0000000000e+00,0.0000000000e+00
0.0000000000e+00,1.0000000000e+00,0.0000000000e+00
0.0000000000e+00,1.0000000000e+00,0.0000000000e+00
0.0000000000e+00,1.0000000000e+00,0.0000000000e+00
0.0000000000e+00,1.0000000000e+00,0.0000000000e+00
0.0000000000e+00,1.0000000000e+00,0.0000000000e+00
0.0000000000e+00,1.0000000000e+00,0.0000000000e+00
0.0000000000e+00,1.0000000000e+00,0.0000000000e+00
0.0000000000e+00,1.0000000000e+00,0.0000000000e+00
0.0000000000e+00,1.0000000000e+00,0.0000000000e+00
0.0000000000e+00,1.0000000000e+00,0.0000000000e+00
0.0000000000e+00,1.0000000000e+00,0.0000000000e+00
0.0000000000e+00,1.0000000000e+00,0.0000000000e+00
0.0000000000e+00,1.0000000000e+00,0.0000000000e+00
0.0000000000e+00,1.0000000000e+00,0.0000000000e+00
0.0000000000e+00,1.0000000000e+00,0.0000000000e+00
0.0000000000e+00,1.0000000000e+00,0.0000000000e+00
0.0000000000e+00,1.0000000000e+00,0.0000000000e+00
0.0000000000e+00,1.0000000000e+00,0.0000000000e+00
0.0000000000e+00,1.0000000000e+00,0.0000000000e+00
0.0000000000e+00,1.0000000000e+00,0.0000000000e+00
0.0000000000e+00,1.0000000000e+00,0.0000000000e+00
0.0000000000e+00,1.0000000000e+00,0.0000000000e+00
0.0000000000e+00,1.0000000000e+00,0.0000000000e+00
0.0000000000e+00,1.0000000000e+00,0.0000000000e+00
0.0000000000e+00,1.0000000000e+00,0.0000000000e+00
0.0000000000e+00,1.0000000000e+00,0.0000000000e+00
0.0000000000e+00,1.0000000000e+00,0.0000000000e+00
0.0000000000e+00,1.0000000000e+00,0.0000000000e+00
0.0000000000e+00,1.0000000000e+00,0.0000000000e+00
0.0000000000e+00,1.0000000000e+00,0.0000000000e+00
0.0000000000e+00,1.0000000000e+00,0.0000000000e+00
0.0000000000e+00,1.0000000000e+00,0.0000000000e+00
0.0000000000e+00,1.0000000000e+00,0.0000000000e+00
0.0000000000e+00,1.0000000000e+00,0.0000000000e+00
0.0000000000e+00,1.0000000000e+00,0.0000000000e+00
