0.0000000000e+00,9.0000000000e-01,0.0000000000e+00
0.0000000000e+00,8.0000000000e-01,0.0000000000e+00
0.0000000000e+00,7.0000000000e-01,0.0000000000e+00
0.0000000000e+00,6.0000000000e-01,0.0000000000e+00
0.0000000000e+00,6.0000000000e-01,0.0000000000e+00
0.0000000000e+00,6.0000000000e-01,0.0000000000e+00
0.0000000000e+00,6.0000000000e-01,0.0000000000e+00
0.0000000000e+00,6.0000000000e-01,0.0000000000e+00
0.0000000000e+00,6.0000000000e-01,0.0000000000e+00
0.0000000000e+00,6.0000000000e-01,0.0000000000e+00
0.0000000000e+00,6.0000000000e-01,0.0000000000e+00
0.0000000000e+00,6.0000000000e-01,0.0000000000e+00
0.0000000000e+00,6.0000000000e-01,0.0000000000e+00
0.0000000000e+00,6.0000000000e-01,0.0000000000e+00
0.0000000000e+00,6.0000000000e-01,0.0000000000e+00
0.0000000000e+00,6.0000000000e-01,0.0000000000e+00
0.0000000000e+00,6.0000000000e-01,0.0000000000e+00
0.0000000000e+00,6.0000000000e-01,0.0000000000e+00
0.0000000000e+00,6.0000000000e-01,0.0000000000e+00
0.0000000000e+00,6.0000000000e-01,0.0000000000e+00
0.0000000000e+00,6.0000000000e-01,0.0000000000e+00
0.0000000000e+00,6.0000000000e-01,0.0000000000e+00
0.0000000000e+00,6.0000000000e-01,0.0000000000e+00
0.0000000000e+00,6.0000000000e-01,0.0000000000e+00
0.0000000000e+00,6.0000000000e-01,0.0000000000e+00
0.0000000000e+00,6.0000000000e-01,0.0000000000e+00
0.0000000000e+00,6.0000000000e-01,0.0000000000e+00
0.0000000000e+00,6.0000000000e-01,0.0000000000e+00
0.0000000000e+00,6.0000000000e-01,0.0000000000e+00
0.0000000000e+00,6.0000000000e-01,0.0000000000e+00
0.0000000000e+00,6.0000000000e-01,0.0000000000e+00
0.0000000000e+00,6.0000000000e-01,0.0000000000e+00
0.0000000000e+00,6.0000000000e-01,0.0000000000e+00
0.0000000000e+00,6.0000000000e-01,0.0000000000e+00
0.0000000000e+00,6.0000000000e-01,0.0000000000e+00
0.0000000000e+00,6.0000000000e-01,0.0000000000e+00
0.0000000000e+00,6.0000000000e-01,0.0000000000e+00
0.0000000000e+00,6.0000000000e-01,0.0000000000e+00
0.0000000000e+00,6.0000000000e-01,0.0000000000e+00
0.0000000000e+00,6.0000000000e-01,0.0000000000e+00
0.0000000000e+00,6.0000000000e-01,0.0000000000e+00
0.0000000000e+00,6.0000000000e-01,0.0000000000e+00
0.0000000000e+00,6.0000000000e-01,0.0000000000e+00
0.0000000000e+00,6.0000000000e-01,0.0000000000e+00
0.0000000000e+00,6.0000000000e-01,0.0000000000e+00
0.0000000000e+00,6.0000000000e-01,0.0000000000e+00
0.0000000000e+00,6.0000000000e-01,0.0000000000e+00
0.0000000000e+00,6.0000000000e-01,0.0000000000e+00
0.0000000000e+00,6.0000000000e-01,0.0000000000e+00
0.0000000000e+00,6.0000000000e-01,0.0000000000e+00
0.0000000000e+00,6.0000000000e-01,0.0000000000e+00
0.0000000000e+00,6.0000000000e-01,0.0000000000e+00
0.0000000000e+00,6.0000000000e-01,0.0000000000e+00
0.0000000000e+00,6.0000000000e-01,0.0000000000e+00
0.0000000000e+00,6.0000000000e-01,0.0000000000e+00
0.0000000000e+00,6.0000000000e-01,0.0000000000e+00
0.0000000000e+00,6.0000000000e-01,0.0000000000e+00
0.0000000000e+00,6.0000000000e-01,0.0000000000e+00
0.0000000000e+00,6.0000000000e-01,0.0000000000e+00
0.0000000000e+00,6.0000000000e-01,0.0000000000e+00
0.0000000000e+00,6.0000000000e-01,0.0000000000e+00
0.0000000000e+00,6.0000000000e-01,0.0000000000e+00
0.0000000000e+00,6.0000000000e-01,0.0000000000e+00
0.0000000000e+00,6.0000000000e-01,0.0000000000e+00
0.0000000000e+00,6.0000000000e-01,0.0000000000e+00
0.0000000000e+00,6.0000000000e-01,0.0000000000e+00
0.0000000000e+00,6.0000000000e-01,0.0000000000e+00
0.0000000000e+00,6.0000000000e-01,0.0000000000e+00
0.0000000000e+00,6.0000000000e-01,0.0000000000e+00
0.0000000000e+00,6.0000000000e-01,0.0000000000e+00
0.0000000000e+00,6.0000000000e-01,0.0000000000e+00
0.0000000000e+00,6.0000000000e-01,0.0000000000e+00
0.0000000000e+00,6.0000000000e-01,0.0000000000e+00
0.0000000000e+00,6.0000000000e-01,0.0000000000e+00
0.0000000000e+00,6.0000000000e-01,0.0000000000e+00
0.0000000000e+00,6.0000000000e-01,0.0000000000e+00
0.0000000000e+00,6.0000000000e-01,0.0000000000e+00
0.0000000000e+00,6.0000000000e-01,0.0000000000e+00
0.0000000000e+00,6.0000000000e-01,0.0000000000e+00
0.0000000000e+00,6.0000000000e-01,0.0000000000e+00
0.0000000000e+00,6.0000000000e-01,0.0000000000e+00
0.0000000000e+00,6.0000000000e-01,0.0000000000e+00
0.0000000000e+00,6.0000000000e-01,0.0000000000e+00
0.0000000000e+00,6.0000000000e-01,0.0000000000e+00
0.0000000000e+00,6.0000000000e-01,0.0000000000e+00
0.0000000000e+00,6.0000000000e-01,0.0000000000e+00
0.0000000000e+00,6.0000000000e-01,0.0000000000e+00
0.0000000000e+00,6.0000000000e-01,0.0000000000e+00
0.0000000000e+00,6.0000000000e-01,0.0000000000e+00
0.0000000000e+00,6.0000000000e-01,0.0000000000e+00
0.0000000000e+00,6.0000000000e-01,0.0000000000e+00
0.0000000000e+00,6.0000000000e-01,0.0000000000e+00
0.0000000000e+00,6.0000000000e-01,0.0000000000e+00
0.0000000000e+00,6.0000000000e-01,0.0000000000e+00
0.0000000000e+00,6.0000000000e-01,0.0000000000e+00
0.0000000000e+00,6.0000000000e-01,0.0000000000e+00
0.0000000000e+00,6.0000000000e-01,0.0000000000e+00
0.0000000000e+00,6.0000000000e-01,0.0000000000e+00
0.0000000000e+00,6.0000000000e-01,0.0000000000e+00
0.0000000000e+00,6.0000000000e-01,0.0000000000e+00
0.0000000000e+00,6.0000000000e-01,0.0000000000e+00
0.0000000000e+00,6.0000000000e-01,0.0000000000e+00
0.0000000000e+00,6.0000000000e-01,0.0000000000e+00
0.0000000000e+00,6.0000000000e-01,0.0000000000e+00
0.0000000000e+00,6.0000000000e-01,0.0000000000e+00
0.0000000000e+00,6.0000000000e-01,0.0000000000e+00
0.0000000000e+00,6.0000000000e-01,0.0000000000e+00
0.0000000000e+00,6.0000000000e-01,0.0000000000e+00
0.0000000000e+00,6.0000000000e-01,0.0000000000e+00
0.0000000000e+00,6.0000000000e-01,0.0000000000e+00
0.0000000000e+00,6.0000000000e-01,0.0000000000e+00
0.0000000000e+00,6.0000000000e-01,0.0000000000e+00
0.0000000000e+00,6.0000000000e-01,0.0000000000e+00
0.0000000000e+00,6.0000000000e-01,0.0000000000e+00
0.0000000000e+00,6.0000000000e-01,0.0000000000e+00
0.0000000000e+00,6.0000000000e-01,0.0000000000e+00
0.0000000000e+00,6.0000000000e-01,0.0000000000e+00
0.0000000000e+00,6.0000000000e-01,0.0000000000e+00
0.0000000000e+00,6.0000000000e-01,0.0000000000e+00
0.0000000000e+00,6.0000000000e-01,0.0000000000e+00
0.0000000000e+00,6.0000000000e-01,0.0000000000e+00
0.0000000000e+00,6.0000000000e-01,0.0000000000e+00
0.0000000000e+00,6.0000000000e-01,0.0000000000e+00
0.0000000000e+00,6.0000000000e-01,0.0000000000e+00
0.0000000000e+00,6.0000000000e-01,0.0000000000e+00
0.0000000000e+00,6.0000000000e-01,0.0000000000e+00
0.0000000000e+00,6.0000000000e-01,0.0000000000e+00
0.0000000000e+00,6.0000000000e-01,0.0000000000e+00
0.0000000000e+00,6.0000000000e-01,0.0000000000e+00
0.0000000000e+00,6.0000000000e-01,0.0000000000e+00
0.0000000000e+00,6.0000000000e-01,0.0000000000e+00
0.0000000000e+00,6.0000000000e-01,0.0000000000e+00
0.0000000000e+00,6.0000000000e-01,0.0000000000e+00
0.0000000000e+00,6.0000000000e-01,0.0000000000e+00
0.0000000000e+00,6.0000000000e-01,0.0000000000e+00
0.0000000000e+00,6.0000000000e-01,0.0000000000e+00
0.0000000000e+00,6.0000000000e-01,0.0000000000e+00
0.0000000000e+00,6.0000000000e-01,0.0000000000e+00
0.0000000000e+00,6.0000000000e-01,0.0000000000e+00
0.0000000000e+00,6.0000000000e-01,0.0000000000e+00
0.0000000000e+00,6.0000000000e-01,0.0000000000e+00
0.0000000000e+00,6.0000000000e-01,0.0000000000e+00
0.0000000000e+00,6.0000000000e-01,0.0000000000e+00
0.0000000000e+00,6.0000000000e-01,0.0000000000e+00
0.0000000000e+00,6.0000000000e-01,0.0000000000e+00
0.0000000000e+00,6.0000000000e-01,0.0000000000e+00
0.0000000000e+00,6.0000000000e-01,0.0000000000e+00
0.0000000000e+00,6.0000000000e-01,0.0000000000e+00
0.0000000000e+00,6.0000000000e-01,0.0000000000e+00
0.0000000000e+00,6.0000000000e-01,0.0000000000e+00
0.0000000000e+00,6.0000000000e-01,0.0000000000e+00
0.0000000000e+00,6.0000000000e-01,0.0000000000e+00
0.0000000000e+00,6.0000000000e-01,0.0000000000e+00
0.0000000000e+00,6.0000000000e-01,0.0000000000e+00
0.0000000000e+00,6.0000000000e-01,0.0000000000e+00
0.0000000000e+00,6.0000000000e-01,0.0000000000e+00
0.0000000000e+00,6.0000000000e-01,0.0000000000e+00
0.0000000000e+00,6.0000000000e-01,0.0000000000e+00
0.0000000000e+00,6.0000000000e-01,0.0000000000e+00
0.0000000000e+00,6.0000000000e-01,0.0000000000e+00
0.0000000000e+00,6.0000000000e-01,0.0000000000e+00
0.0000000000e+00,6.0000000000e-01,0.0000000000e+00
0.0000000000e+00,6.0000000000e-01,0.0000000000e+00
0.0000000000e+00,6.0000000000e-01,0.0000000000e+00
0.0000000000e+00,6.0000000000e-01,0.0000000000e+00
0.0000000000e+00,6.0000000000e-01,0.0000000000e+00
0.0000000000e+00,6.0000000000e-01,0.0000000000e+00
0.0000000000e+00,6.0000000000e-01,0.0000000000e+00
0.0000000000e+00,6.0000000000e-01,0.0000000000e+00
0.0000000000e+00,6.0000000000e-01,0.0000000000e+00
0.0000000000e+00,6.0000000000e-01,0.0000000000e+00
0.0000000000e+00,6.0000000000e-01,0.0000000000e+00
0.0000000000e+00,6.0000000000e-01,0.0000000000e+00
0.0000000000e+00,6.0000000000e-01,0.0000000000e+00
0.0000000000e+00,6.0000000000e-01,0.0000000000e+00
0.0000000000e+00,6.0000000000e-01,0.0000000000e+00
0.0000000000e+00,6.0000000000e-01,0.0000000000e+00
0.0000000000e+00,6.0000000000e-01,0.0000000000e+00
0.0000000000e+00,6.0000000000e-01,0.0000000000e+00
0.0000000000e+00,6.0000000000e-01,0.0000000000e+00
0.0000000000e+00,6.0000000000e-01,0.0000000000e+00
0.0000000000e+00,6.0000000000e-01,0.0000000000e+00
0.0000000000e+00,6.0000000000e-01,0.0000000000e+00
0.0000000000e+00,6.0000000000e-01,0.0000000000e+00
0.0000000000e+00,6.0000000000e-01,0.0000000000e+00
0.0000000000e+00,6.0000000000e-01,0.0000000000e+00
0.0000000000e+00,6.0000000000e-01,0.0000000000e+00
0.0000000000e+00,6.0000000000e-01,0.0000000000e+00
0.0000000000e+00,6.0000000000e-01,0.0000000000e+00
0.0000000000e+00,6.0000000000e-01,0.0000000000e+00
0.0000000000e+00,6.0000000000e-01,0.0000000000e+00
0.0000000000e+00,6.0000000000e-01,0.0000000000e+00
0.0000000000e+00,6.0000000000e-01,0.0000000000e+00
0.0000000000e+00,6.0000000000e-01,0.0000000000e+00
0.0000000000e+00,6.0000000000e-01,0.0000000000e+00
0.0000000000e+00,6.0000000000e-01,0.0000000000e+00
0.0000000000e+00,6.0000000000e-01,0.0000000000e+00
0.0000000000e+00,6.0000000000e-01,0.0000000000e+00
0.0000000000e+00,6.0000000000e-01,0.0000000000e+00
0.0000000000e+00,6.0000000000e-01,0.0000000000e+00
0.0000000000e+00,6.0000000000e-01,0.0000000000e+00
0.0000000000e+00,6.0000000000e-01,0.0000000000e+00
0.0000000000e+00,6.0000000000e-01,0.0000000000e+00
0.0000000000e+00,6.0000000000e-01,0.0000000000e+00
0.0000000000e+00,6.0000000000e-01,0.0000000000e+00
0.0000000000e+00,6.0000000000e-01,0.0000000000e+00
0.0000000000e+00,6.0000000000e-01,0.0000000000e+00
0.0000000000e+00,6.0000000000e-01,0.0000000000e+00
0.0000000000e+00,6.0000000000e-01,0.0000000000e+00
0.0000000000e+00,6.0000000000e-01,0.0000000000e+00
0.0000000000e+00,6.0000000000e-01,0.0000000000e+00
0.0000000000e+00,6.0000000000e-01,0.0000000000e+00
0.0000000000e+00,6.0000000000e-01,0.0000000000e+00
0.0000000000e+00,6.0000000000e-01,0.0000000000e+00
0.0000000000e+00,6.0000000000e-01,0.0000000000e+00
0.0000000000e+00,6.0000000000e-01,0.0000000000e+00
0.0000000000e+00,6.0000000000e-01,0.0000000000e+00
0.0000000000e+00,6.0000000000e-01,0.0000000000e+00
0.0000000000e+00,6.0000000000e-01,0.0000000000e+00
0.0000000000e+00,6.0000000000e-01,0.0000000000e+00
0.0000000000e+00,6.0000000000e-01,0.0000000000e+00
0.0000000000e+00,6.0000000000e-01,0.0000000000e+00
0.0000000000e+00,6.0000000000e-01,0.0000000000e+00
0.0000000000e+00,6.0000000000e-01,0.0000000000e+00
0.0000000000e+00,6.0000000000e-01,0.0000000000e+00
0.0000000000e+00,6.0000000000e-01,0.0000000000e+00
0.0000000000e+00,6.0000000000e-01,0.0000000000e+00
0.0000000000e+00,6.0000000000e-01,0.0000000000e+00
0.0000000000e+00,6.0000000000e-01,0.0000000000e+00
0.0000000000e+00,6.0000000000e-01,0.0000000000e+00
0.0000000000e+00,6.0000000000e-01,0.0000000000e+00
0.0000000000e+00,6.0000000000e-01,0.0000000000e+00
0.0000000000e+00,6.0000000000e-01,0.0000000000e+00
0.0000000000e+00,6.0000000000e-01,0.0000000000e+00
0.0000000000e+00,6.0000000000e-01,0.0000000000e+00
0.0000000000e+00,6.0000000000e-01,0.0000000000e+00
0.0000000000e+00,6.0000000000e-01,0.0000000000e+00
0.0000000000e+00,6.0000000000e-01,0.0000000000e+00
0.0000000000e+00,6.0000000000e-01,0.0000000000e+00
0.0000000000e+00,6.0000000000e-01,0.0000000000e+00
0.0000000000e+00,6.0000000000e-01,0.0000000000e+00
0.0000000000e+00,6.0000000000e-01,0.0000000000e+00
0.0000000000e+00,6.0000000000e-01,0.0000000000e+00
0.0000000000e+00,6.0000000000e-01,0.0000000000e+00
0.0000000000e+00,6.0000000000e-01,0.0000000000e+00
0.0000000000e+00,6.0000000000e-01,0.0000000000e+00
0.0000000000e+00,6.0000000000e-01,0.0000000000e+00
0.0000000000e+00,6.0000000000e-01,0.0000000000e+00
0.0000000000e+00,6.0000000000e-01,0.0000000000e+00
0.0000000000e+00,6.0000000000e-01,0.0000000000e+00
0.0000000000e+00,6.0000000000e-01,0.0000000000e+00
0.0000000000e+00,6.0000000000e-01,0.0000000000e+00
0.0000000000e+00,6.0000000000e-01,0.0000000000e+00
0.0000000000e+00,6.0000000000e-01,0.0000000000e+00
0.0000000000e+00,6.0000000000e-01,0.0000000000e+00
0.0000000000e+00,6.0000000000e-01,0.0000000000e+00
0.0000000000e+00,6.0000000000e-01,0.0000000000e+00
0.0000000000e+00,6.0000000000e-01,0.0000000000e+00
0.0000000000e+00,6.0000000000e-01,0.0000000000e+00
0.0000000000e+00,6.0000000000e-01,0.0000000000e+00
0.0000000000e+00,6.0000000000e-01,0.0000000000e+00
0.0000000000e+00,6.0000000000e-01,0.0000000000e+00
0.0000000000e+00,6.0000000000e-01,0.0000000000e+00
0.0000000000e+00,6.0000000000e-01,0.0000000000e+00
0.0000000000e+00,6.0000000000e-01,0.0000000000e+00
0.0000000000e+00,6.0000000000e-01,0.0000000000e+00
0.0000000000e+00,6.0000000000e-01,0.0000000000e+00
0.0000000000e+00,6.0000000000e-01,0.0000000000e+00
0.0000000000e+00,6.0000000000e-01,0.0000000000e+00
0.0000000000e+00,6.0000000000e-01,0.0000000000e+00
0.0000000000e+00,6.0000000000e-01,0.0000000000e+00
0.0000000000e+00,6.0000000000e-01,0.0000000000e+00
0.0000000000e+00,6.0000000000e-01,0.0000000000e+00
0.0000000000e+00,6.0000000000e-01,0.0000000000e+00
0.0000000000e+00,6.0000000000e-01,0.0000000000e+00
0.0000000000e+00,6.0000000000e-01,0.0000000000e+00
0.0000000000e+00,6.0000000000e-01,0.0000000000e+00
0.0000000000e+00,6.0000000000e-01,0.0000000000e+00
0.0000000000e+00,6.0000000000e-01,0.0000000000e+00
0.0000000000e+00,6.0000000000e-01,0.0000000000e+00
0.0000000000e+00,6.0000000000e-01,0.0000000000e+00
0.0000000000e+00,6.0000000000e-01,0.0000000000e+00
0.0000000000e+00,6.0000000000e-01,0.0000000000e+00
0.0000000000e+00,6.0000000000e-01,0.0000000000e+00
0.0000000000e+00,6.0000000000e-01,0.0000000000e+00
0.0000000000e+00,6.0000000000e-01,0.0000000000e+00
0.0000000000e+00,6.0000000000e-01,0.0000000000e+00
0.0000000000e+00,6.0000000000e-01,0.0000000000e+00
0.0000000000e+00,6.0000000000e-01,0.0000000000e+00
0.0000000000e+00,6.0000000000e-01,0.0000000000e+00
0.0000000000e+00,6.0000000000e-01,0.0000000000e+00
0.0000000000e+00,6.0000000000e-01,0.0000000000e+00
0.0000000000e+00,6.0000000000e-01,0.0000000000e+00
0.0000000000e+00,6.0000000000e-01,0.0000000000e+00
0.0000000000e+00,6.0000000000e-01,0.0000000000e+00
0.0000000000e+00,6.0000000000e-01,0.0000000000e+00
0.0000000000e+00,6.0000000000e-01,0.0000000000e+00
0.0000000000e+00,6.0000000000e-01,0.0000000000e+00
0.0000000000e+00,6.0000000000e-01,0.0000000000e+00
0.0000000000e+00,6.0000000000e-01,0.0000000000e+00
0.0000000000e+00,6.0000000000e-01,0.0000000000e+00
0.0000000000e+00,6.0000000000e-01,0.0000000000e+00
0.0000000000e+00,6.0000000000e-01,0.0000000000e+00
0.0000000000e+00,6.0000000000e-01,0.0000000000e+00
0.0000000000e+00,6.0000000000e-01,0.0000000000e+00
0.0000000000e+00,6.0000000000e-01,0.0000000000e+00
0.0000000000e+00,6.0000000000e-01,0.0000000000e+00
0.0000000000e+00,6.0000000000e-01,0.0000000000e+00
0.0000000000e+00,6.0000000000e-01,0.0000000000e+00
0.0000000000e+00,6.0000000000e-01,0.0000000000e+00
0.0000000000e+00,6.0000000000e-01,0.0000000000e+00
0.0000000000e+00,6.0000000000e-01,0.0000000000e+00
0.0000000000e+00,6.0000000000e-01,0.0000000000e+00
0.0000000000e+00,6.0000000000e-01,0.0000000000e+00
0.0000000000e+00,6.0000000000e-01,0.0000000000e+00
0.0000000000e+00,6.0000000000e-01,0.0000000000e+00
0.0000000000e+00,6.0000000000e-01,0.0000000000e+00
0.0000000000e+00,6.0000000000e-01,0.0000000000e+00
0.0000000000e+00,6.0000000000e-01,0.0000000000e+00
0.0000000000e+00,6.0000000000e-01,0.0000000000e+00
0.0000000000e+00,6.0000000000e-01,0.0000000000e+00
0.0000000000e+00,6.0000000000e-01,0.0000000000e+00
0.0000000000e+00,6.0000000000e-01,0.0000000000e+00
0.0000000000e+00,6.0000000000e-01,0.0000000000e+00
0.0000000000e+00,6.0000000000e-01,0.0000000000e+00
0.0000000000e+00,6.0000000000e-01,0.0000000000e+00
0.0000000000e+00,6.0000000000e-01,0.0000000000e+00
0.0000000000e+00,6.0000000000e-01,0.0000000000e+00
0.0000000000e+00,6.0000000000e-01,0.0000000000e+00
0.0000000000e+00,6.0000000000e-01,0.0000000000e+00
0.0000000000e+00,6.0000000000e-01,0.0000000000e+00
0.0000000000e+00,6.0000000000e-01,0.0000000000e+00
0.0000000000e+00,6.0000000000e-01,0.0000000000e+00
0.0000000000e+00,6.0000000000e-01,0.0000000000e+00
0.0000000000e+00,6.0000000000e-01,0.0000000000e+00
0.0000000000e+00,6.0000000000e-01,0.0000000000e+00
0.0000000000e+00,6.0000000000e-01,0.0000000000e+00
0.0000000000e+00,6.0000000000e-01,0.0000000000e+00
0.0000000000e+00,6.0000000000e-01,0.0000000000e+00
0.0000000000e+00,6.0000000000e-01,0.0000000000e+00
0.0000000000e+00,6.0000000000e-01,0.0000000000e+00
0.0000000000e+00,6.0000000000e-01,0.0000000000e+00
0.0000000000e+00,6.0000000000e-01,0.0000000000e+00
0.0000000000e+00,6.0000000000e-01,0.0000000000e+00
0.0000000000e+00,6.0000000000e-01,0.0000000000e+00
0.0000000000e+00,6.0000000000e-01,0.0000000000e+00
0.0000000000e+00,6.0000000000e-01,0.0000000000e+00
0.0000000000e+00,6.0000000000e-01,0.0000000000e+00
0.0000000000e+00,6.0000000000e-01,0.0000000000e+00
0.0000000000e+00,6.0000000000e-01,0.0000000000e+00
0.0000000000e+00,6.0000000000e-01,0.0000000000e+00
0.0000000000e+00,6.0000000000e-01,0.0000000000e+00
0.0000000000e+00,6.0000000000e-01,0.0000000000e+00
0.0000000000e+00,6.0000000000e-01,0.0000000000e+00
0.0000000000e+00,6.0000000000e-01,0.0000000000e+00
0.0000000000e+00,6.0000000000e-01,0.0000000000e+00
0.0000000000e+00,6.0000000000e-01,0.0000000000e+00
0.0000000000e+00,6.0000000000e-01,0.0000000000e+00
0.0000000000e+00,6.0000000000e-01,0.0000000000e+00
0.0000000000e+00,6.0000000000e-01,0.0000000000e+00
0.0000000000e+00,6.0000000000e-01,0.0000000000e+00
0.0000000000e+00,6.0000000000e-01,0.0000000000e+00
0.0000000000e+00,6.0000000000e-01,0.0000000000e+00
0.0000000000e+00,6.0000000000e-01,0.0000000000e+00
0.0000000000e+00,6.0000000000e-01,0.0000000000e+00
0.0000000000e+00,6.0000000000e-01,0.0000000000e+00
0.0000000000e+00,6.0000000000e-01,0.0000000000e+00
0.0000000000e+00,6.0000000000e-01,0.0000000000e+00
0.0000000000e+00,6.0000000000e-01,0.0000000000e+00
0.0000000000e+00,6.0000000000e-01,0.0000000000e+00
0.0000000000e+00,6.0000000000e-01,0.0000000000e+00
0.0000000000e+00,6.0000000000e-01,0.0000000000e+00
0.0000000000e+00,6.0000000000e-01,0.0000000000e+00
0.0000000000e+00,6.0000000000e-01,0.0000000000e+00
0.0000000000e+00,6.0000000000e-01,0.0000000000e+00
0.0000000000e+00,6.0000000000e-01,0.0000000000e+00
0.0000000000e+00,6.0000000000e-01,0.0000000000e+00
0.0000000000e+00,6.0000000000e-01,0.0000000000e+00
0.0000000000e+00,6.0000000000e-01,0.0000000000e+00
0.0000000000e+00,6.0000000000e-01,0.0000000000e+00
0.0000000000e+00,6.0000000000e-01,0.0000000000e+00
0.0000000000e+00,6.0000000000e-01,0.0000000000e+00
0.0000000000e+00,6.0000000000e-01,0.0000000000e+00
0.0000000000e+00,6.0000000000e-01,0.0000000000e+00
0.0000000000e+00,6.0000000000e-01,0.0000000000e+00
0.0000000000e+00,6.0000000000e-01,0.0000000000e+00
0.0000000000e+00,6.0000000000e-01,0.0000000000e+00
0.0000000000e+00,6.0000000000e-01,0.0000000000e+00
0.0000000000e+00,6.0000000000e-01,0.0000000000e+00
0.0000000000e+00,6.0000000000e-01,0.0000000000e+00
0.0000000000e+00,6.0000000000e-01,0.0000000000e+00
0.0000000000e+00,6.0000000000e-01,0.0000000000e+00
0.0000000000e+00,6.0000000000e-01,0.0000000000e+00
0.0000000000e+00,6.0000000000e-01,0.0000000000e+00
0.0000000000e+00,6.0000000000e-01,0.0000000000e+00
0.0000000000e+00,6.0000000000e-01,0.0000000000e+00
0.0000000000e+00,6.0000000000e-01,0.0000000000e+00
0.0000000000e+00,6.0000000000e-01,0.0000000000e+00
0.0000000000e+00,6.0000000000e-01,0.0000000000e+00
0.0000000000e+00,6.0000000000e-01,0.0000000000e+00
0.0000000000e+00,6.0000000000e-01,0.0000000000e+00
0.0000000000e+00,6.0000000000e-01,0.0000000000e+00
0.0000000000e+00,6.0000000000e-01,0.0000000000e+00
0.0000000000e+00,6.0000000000e-01,0.0000000000e+00
0.0000000000e+00,6.0000000000e-01,0.0000000000e+00
0.0000000000e+00,6.0000000000e-01,0.0000000000e+00
0.0000000000e+00,6.0000000000e-01,0.0000000000e+00
0.0000000000e+00,6.0000000000e-01,0.0000000000e+00
0.0000000000e+00,6.0000000000e-01,0.0000000000e+00
0.0000000000e+00,6.0000000000e-01,0.0000000000e+00
0.0000000000e+00,6.0000000000e-01,0.0000000000e+00
0.0000000000e+00,6.0000000000e-01,0.0000000000e+00
0.0000000000e+00,6.0000000000e-01,0.0000000000e+00
0.0000000000e+00,6.0000000000e-01,0.0000000000e+00
0.0000000000e+00,6.0000000000e-01,0.0000000000e+00
0.0000000000e+00,6.0000000000e-01,0.0000000000e+00
0.0000000000e+00,6.0000000000e-01,0.0000000000e+00
0.0000000000e+00,6.0000000000e-01,0.0000000000e+00
0.0000000000e+00,6.0000000000e-01,0.0000000000e+00
0.0000000000e+00,6.0000000000e-01,0.0000000000e+00
0.0000000000e+00,6.0000000000e-01,0.0000000000e+00
0.0000000000e+00,6.0000000000e-01,0.0000000000e+00
0.0000000000e+00,6.0000000000e-01,0.0000000000e+00
0.0000000000e+00,6.0000000000e-01,0.0000000000e+00
0.0000000000e+00,6.0000000000e-01,0.0000000000e+00
0.0000000000e+00,6.0000000000e-01,0.0000000000e+00
0.0000000000e+00,6.0000000000e-01,0.0000000000e+00
0.0000000000e+00,6.0000000000e-01,0.0000000000e+00
0.0000000000e+00,6.0000000000e-01,0.0000000000e+00
0.0000000000e+00,6.0000000000e-01,0.0000000000e+00
0.0000000000e+00,6.0000000000e-01,0.0000000000e+00
0.0000000000e+00,6.0000000000e-01,0.0000000000e+00
0.0000000000e+00,6.0000000000e-01,0.0000000000e+00
0.0000000000e+00,6.0000000000e-01,0.0000000000e+00
0.0000000000e+00,6.0000000000e-01,0.0000000000e+00
0.0000000000e+00,6.0000000000e-01,0.0000000000e+00
0.0000000000e+00,6.0000000000e-01,0.0000000000e+00
0.0000000000e+00,6.0000000000e-01,0.0000000000e+00
0.0000000000e+00,6.0000000000e-01,0.0000000000e+00
0.0000000000e+00,6.0000000000e-01,0.0000000000e+00
0.0000000000e+00,6.0000000000e-01,0.0000000000e+00
0.0000000000e+00,6.0000000000e-01,0.0000000000e+00
0.0000000000e+00,6.0000000000e-01,0.0000000000e+00
0.0000000000e+00,6.0000000000e-01,0.0000000000e+00
0.0000000000e+00,6.0000000000e-01,0.0000000000e+00
0.0000000000e+00,6.0000000000e-01,0.0000000000e+00
0.0000000000e+00,6.0000000000e-01,0.0000000000e+00
0.0000000000e+00,6.0000000000e-01,0.0000000000e+00
0.0000000000e+00,6.0000000000e-01,0.0000000000e+00
0.0000000000e+00,6.0000000000e-01,0.0000000000e+00
0.0000000000e+00,6.0000000000e-01,0.0000000000e+00
0.0000000000e+00,6.0000000000e-01,0.0000000000e+00
0.0000000000e+00,6.0000000000e-01,0.0000000000e+00
0.0000000000e+00,6.0000000000e-01,0.0000000000e+00
0.0000000000e+00,6.0000000000e-01,0.0000000000e+00
0.0000000000e+00,6.0000000000e-01,0.0000000000e+00
0.0000000000e+00,6.0000000000e-01,0.0000000000e+00
0.0000000000e+00,6.0000000000e-01,0.0000000000e+00
0.0000000000e+00,6.0000000000e-01,0.0000000000e+00
0.0000000000e+00,6.0000000000e-01,0.0000000000e+00
0.0000000000e+00,6.0000000000e-01,0.0000000000e+00
0.0000000000e+00,6.0000000000e-01,0.0000000000e+00
0.0000000000e+00,6.0000000000e-01,0.0000000000e+00
0.0000000000e+00,6.0000000000e-01,0.0000000000e+00
0.0000000000e+00,6.0000000000e-01,0.0000000000e+00
0.0000000000e+00,6.0000000000e-01,0.0000000000e+00
0.0000000000e+00,6.0000000000e-01,0.0000000000e+00
0.0000000000e+00,7.0000000000e-01,0.0000000000e+00
0.0000000000e+00,8.0000000000e-01,0.0000000000e+00
0.0000000000e+00,9.0000000000e-01,0.0000000000e+00
1.1500079654e+01,1.0000000000e+00,1.1500079654e+01
2.3000159309e+01,1.0000000000e+00,2.3000159309e+01
3.4500238963e+01,1.0000000000e+00,3.4500238963e+01
6.6215748577e+01,1.0000000000e+00,6.6215748577e+01
9.2494621697e+01,1.0000000000e+00,9.2494621697e+01
1.0466155634e+02,1.0000000000e+00,1.0466155634e+02
1.0393302188e+02,1.0000000000e+00,1.0393302188e+02
1.0062761467e+02,1.0000000000e+00,1.0062761467e+02
1.0536671660e+02,1.0000000000e+00,1.0536671660e+02
1.1952272327e+02,1.0000000000e+00,1.1952272327e+02
1.3340804010e+02,1.0000000000e+00,1.3340804010e+02
1.3414948886e+02,1.0000000000e+00,1.3414948886e+02
1.1694420118e+02,1.0000000000e+00,1.1694420118e+02
9.0736547683e+01,1.0000000000e+00,9.0736547683e+01
7.3114630513e+01,1.0000000000e+00,7.3114630513e+01
7.7175118410e+01,1.0000000000e+00,7.7175118410e+01
1.0109135615e+02,1.0000000000e+00,1.0109135615e+02
1.3047311153e+02,1.0000000000e+00,1.3047311153e+02
1.5129077297e+02,1.0000000000e+00,1.5129077297e+02
1.5989481808e+02,1.0000000000e+00,1.5989481808e+02
1.6148171077e+02,1.0000000000e+00,1.6148171077e+02
1.6249659000e+02,1.0000000000e+00,1.6249659000e+02
1.6580228422e+02,1.0000000000e+00,1.6580228422e+02
1.6996350466e+02,1.0000000000e+00,1.6996350466e+02
1.7097204913e+02,1.0000000000e+00,1.7097204913e+02
1.6610253010e+02,1.0000000000e+00,1.6610253010e+02
1.5744962161e+02,1.0000000000e+00,1.5744962161e+02
1.5106429045e+02,1.0000000000e+00,1.5106429045e+02
1.5181142650e+02,1.0000000000e+00,1.5181142650e+02
1.5929414355e+02,1.0000000000e+00,1.5929414355e+02
1.6895661880e+02,1.0000000000e+00,1.6895661880e+02
1.7601638734e+02,1.0000000000e+00,1.7601638734e+02
1.7769964888e+02,1.0000000000e+00,1.7769964888e+02
1.7341633245e+02,1.0000000000e+00,1.7341633245e+02
1.6467772004e+02,1.0000000000e+00,1.6467772004e+02
1.5495316883e+02,1.0000000000e+00,1.5495316883e+02
1.4885912911e+02,1.0000000000e+00,1.4885912911e+02
1.5006709228e+02,1.0000000000e+00,1.5006709228e+02
1.5804350453e+02,1.0000000000e+00,1.5804350453e+02
1.6602351920e+02,1.0000000000e+00,1.6602351920e+02
1.6319244805e+02,1.0000000000e+00,1.6319244805e+02
1.4131428081e+02,1.0000000000e+00,1.4131428081e+02
1.0229505027e+02,1.0000000000e+00,1.0229505027e+02
6.0405400240e+01,1.0000000000e+00,6.0405400240e+01
3.5136160829e+01,1.0000000000e+00,3.5136160829e+01
3.9053384016e+01,1.0000000000e+00,3.9053384016e+01
7.0207749367e+01,1.0000000000e+00,7.0207749367e+01
1.1426743289e+02,1.0000000000e+00,1.1426743289e+02
1.5390611758e+02,1.0000000000e+00,1.5390611758e+02
1.7831388168e+02,1.0000000000e+00,1.7831388168e+02
1.8576687891e+02,1.0000000000e+00,1.8576687891e+02
1.7863209663e+02,1.0000000000e+00,1.7863209663e+02
1.5830873196e+02,1.0000000000e+00,1.5830873196e+02
1.2709479006e+02,1.0000000000e+00,1.2709479006e+02
9.3769249217e+01,1.0000000000e+00,9.3769249217e+01
7.2769483626e+01,1.0000000000e+00,7.2769483626e+01
7.3993278081e+01,1.0000000000e+00,7.3993278081e+01
9.3597698813e+01,1.0000000000e+00,9.3597698813e+01
1.1729418431e+02,1.0000000000e+00,1.1729418431e+02
1.3317264796e+02,1.0000000000e+00,1.3317264796e+02
1.3990571771e+02,1.0000000000e+00,1.3990571771e+02
1.4314064078e+02,1.0000000000e+00,1.4314064078e+02
1.4701812989e+02,1.0000000000e+00,1.4701812989e+02
1.5056686686e+02,1.0000000000e+00,1.5056686686e+02
1.5046531189e+02,1.0000000000e+00,1.5046531189e+02
1.4504334396e+02,1.0000000000e+00,1.4504334396e+02
1.3547722486e+02,1.0000000000e+00,1.3547722486e+02
1.2466926860e+02,1.0000000000e+00,1.2466926860e+02
1.1581873127e+02,1.0000000000e+00,1.1581873127e+02
1.1111743073e+02,1.0000000000e+00,1.1111743073e+02
1.1065813465e+02,1.0000000000e+00,1.1065813465e+02
1.1237583277e+02,1.0000000000e+00,1.1237583277e+02
1.1321032139e+02,1.0000000000e+00,1.1321032139e+02
1.1062329498e+02,1.0000000000e+00,1.1062329498e+02
1.0349595615e+02,1.0000000000e+00,1.0349595615e+02
9.2188937586e+01,1.0000000000e+00,9.2188937586e+01
7.8340887843e+01,1.0000000000e+00,7.8340887843e+01
6.4636669391e+01,1.0000000000e+00,6.4636669391e+01
5.4014558040e+01,1.0000000000e+00,5.4014558040e+01
4.8208453982e+01,1.0000000000e+00,4.8208453982e+01
4.6607984459e+01,1.0000000000e+00,4.6607984459e+01
4.6563978150e+01,1.0000000000e+00,4.6563978150e+01
4.4996243616e+01,1.0000000000e+00,4.4996243616e+01
4.0036842778e+01,1.0000000000e+00,4.0036842778e+01
3.4317293810e+01,1.0000000000e+00,3.4317293810e+01
2.8597744842e+01,1.0000000000e+00,2.8597744842e+01
2.2878195873e+01,1.0000000000e+00,2.2878195873e+01
1.7158646905e+01,1.0000000000e+00,1.7158646905e+01
1.1439097937e+01,1.0000000000e+00,1.1439097937e+01
5.7195489683e+00,1.0000000000e+00,5.7195489683e+00
0.0000000000e+00,1.0000000000e+00,0.0000000000e+00
0.0000000000e+00,1.0000000000e+00,0.0000000000e+00
0.0000000000e+00,1.0000000000e+00,0.0000000000e+00
0.0000000000e+00,1.0000000000e+00,0.0000000000e+00
1.2196556569e+01,1.0000000000e+00,1.2196556569e+01
2.4393113139e+01,1.0000000000e+00,2.4393113139e+01
3.6589669708e+01,1.0000000000e+00,3.6589669708e+01
6.1359071601e+01,1.0000000000e+00,6.1359071601e+01
8.3669583295e+01,1.0000000000e+00,8.3669583295e+01
1.0416666667e+02,1.0000000000e+00,1.0416666667e+02
1.2500000000e+02,1.0000000000e+00,1.2500000000e+02
1.2961548256e+02,1.0000000000e+00,1.2961548256e+02
1.1813802656e+02,1.0000000000e+00,1.1813802656e+02
1.0416666667e+02,1.0000000000e+00,1.0416666667e+02
8.9967908651e+01,1.0000000000e+00,8.9967908651e+01
7.5541752514e+01,1.0000000000e+00,7.5541752514e+01
6.0888198255e+01,1.0000000000e+00,6.0888198255e+01
4.6007245874e+01,1.0000000000e+00,4.6007245874e+01
3.5506306513e+01,1.0000000000e+00,3.5506306513e+01
3.0433977011e+01,1.0000000000e+00,3.0433977011e+01
2.5361647509e+01,1.0000000000e+00,2.5361647509e+01
2.0289318007e+01,1.0000000000e+00,2.0289318007e+01
1.5216988506e+01,1.0000000000e+00,1.5216988506e+01
1.0144659004e+01,1.0000000000e+00,1.0144659004e+01
5.0723295018e+00,1.0000000000e+00,5.0723295018e+00
0.0000000000e+00,9.0000000000e-01,0.0000000000e+00
0.0000000000e+00,8.0000000000e-01,0.0000000000e+00
0.0000000000e+00,7.0000000000e-01,0.0000000000e+00
0.0000000000e+00,6.0000000000e-01,0.0000000000e+00
0.0000000000e+00,6.0000000000e-01,0.0000000000e+00
0.0000000000e+00,6.0000000000e-01,0.0000000000e+00
0.0000000000e+00,6.0000000000e-01,0.0000000000e+00
0.0000000000e+00,6.0000000000e-01,0.0000000000e+00
0.0000000000e+00,6.0000000000e-01,0.0000000000e+00
0.0000000000e+00,6.0000000000e-01,0.0000000000e+00
0.0000000000e+00,6.0000000000e-01,0.0000000000e+00
0.0000000000e+00,6.0000000000e-01,0.0000000000e+00
0.0000000000e+00,6.0000000000e-01,0.0000000000e+00
0.0000000000e+00,6.0000000000e-01,0.0000000000e+00
0.0000000000e+00,6.0000000000e-01,0.0000000000e+00
0.0000000000e+00,6.0000000000e-01,0.0000000000e+00
0.0000000000e+00,6.0000000000e-01,0.0000000000e+00
0.0000000000e+00,6.0000000000e-01,0.0000000000e+00
0.0000000000e+00,6.0000000000e-01,0.0000000000e+00
0.0000000000e+00,6.0000000000e-01,0.0000000000e+00
0.0000000000e+00,6.0000000000e-01,0.0000000000e+00
0.0000000000e+00,6.0000000000e-01,0.0000000000e+00
0.0000000000e+00,6.0000000000e-01,0.0000000000e+00
0.0000000000e+00,6.0000000000e-01,0.0000000000e+00
0.0000000000e+00,6.0000000000e-01,0.0000000000e+00
0.0000000000e+00,6.0000000000e-01,0.0000000000e+00
0.0000000000e+00,6.0000000000e-01,0.0000000000e+00
0.0000000000e+00,6.0000000000e-01,0.0000000000e+00
0.0000000000e+00,6.0000000000e-01,0.0000000000e+00
0.0000000000e+00,6.0000000000e-01,0.0000000000e+00
0.0000000000e+00,6.0000000000e-01,0.0000000000e+00
0.0000000000e+00,6.0000000000e-01,0.0000000000e+00
0.0000000000e+00,6.0000000000e-01,0.0000000000e+00
0.0000000000e+00,6.0000000000e-01,0.0000000000e+00
0.0000000000e+00,6.0000000000e-01,0.0000000000e+00
0.0000000000e+00,6.0000000000e-01,0.0000000000e+00
0.0000000000e+00,6.0000000000e-01,0.0000000000e+00
0.0000000000e+00,6.0000000000e-01,0.0000000000e+00
0.0000000000e+00,6.0000000000e-01,0.0000000000e+00
0.0000000000e+00,6.0000000000e-01,0.0000000000e+00
0.0000000000e+00,6.0000000000e-01,0.0000000000e+00
0.0000000000e+00,6.0000000000e-01,0.0000000000e+00
0.0000000000e+00,6.0000000000e-01,0.0000000000e+00
0.0000000000e+00,6.0000000000e-01,0.0000000000e+00
0.0000000000e+00,6.0000000000e-01,0.0000000000e+00
0.0000000000e+00,6.0000000000e-01,0.0000000000e+00
0.0000000000e+00,6.0000000000e-01,0.0000000000e+00
0.0000000000e+00,6.0000000000e-01,0.0000000000e+00
0.0000000000e+00,6.0000000000e-01,0.0000000000e+00
0.0000000000e+00,6.0000000000e-01,0.0000000000e+00
0.0000000000e+00,6.0000000000e-01,0.0000000000e+00
0.0000000000e+00,6.0000000000e-01,0.0000000000e+00
0.0000000000e+00,7.0000000000e-01,0.0000000000e+00
0.0000000000e+00,8.0000000000e-01,0.0000000000e+00
0.0000000000e+00,9.0000000000e-01,0.0000000000e+00
1.1731340936e+01,1.0000000000e+00,1.1731340936e+01
2.3462681873e+01,1.0000000000e+00,2.3462681873e+01
3.5194022809e+01,1.0000000000e+00,3.5194022809e+01
4.3008664827e+01,1.0000000000e+00,4.3008664827e+01
4.8427813855e+01,1.0000000000e+00,4.8427813855e+01
5.7060228272e+01,1.0000000000e+00,5.7060228272e+01
7.2617378141e+01,1.0000000000e+00,7.2617378141e+01
9.3288226816e+01,1.0000000000e+00,9.3288226816e+01
1.1343702398e+02,1.0000000000e+00,1.1343702398e+02
1.2645502550e+02,1.0000000000e+00,1.2645502550e+02
1.2674721249e+02,1.0000000000e+00,1.2674721249e+02
1.1383609717e+02,1.0000000000e+00,1.1383609717e+02
9.6230663816e+01,1.0000000000e+00,9.6230663816e+01
8.7195761527e+01,1.0000000000e+00,8.7195761527e+01
9.3897998994e+01,1.0000000000e+00,9.3897998994e+01
1.1173043474e+02,1.0000000000e+00,1.1173043474e+02
1.3005056958e+02,1.0000000000e+00,1.3005056958e+02
1.4274993441e+02,1.0000000000e+00,1.4274993441e+02
1.5231181591e+02,1.0000000000e+00,1.5231181591e+02
1.6387677654e+02,1.0000000000e+00,1.6387677654e+02
1.7741387606e+02,1.0000000000e+00,1.7741387606e+02
1.8724949071e+02,1.0000000000e+00,1.8724949071e+02
1.8873153193e+02,1.0000000000e+00,1.8873153193e+02
1.8387664216e+02,1.0000000000e+00,1.8387664216e+02
1.7892084184e+02,1.0000000000e+00,1.7892084184e+02
1.7565848424e+02,1.0000000000e+00,1.7565848424e+02
1.6707734737e+02,1.0000000000e+00,1.6707734737e+02
1.4462796126e+02,1.0000000000e+00,1.4462796126e+02
1.1003985547e+02,1.0000000000e+00,1.1003985547e+02
7.7226286472e+01,1.0000000000e+00,7.7226286472e+01
6.1968015841e+01,1.0000000000e+00,6.1968015841e+01
7.1690701412e+01,1.0000000000e+00,7.1690701412e+01
1.0322348321e+02,1.0000000000e+00,1.0322348321e+02
1.4543871403e+02,1.0000000000e+00,1.4543871403e+02
1.8447183834e+02,1.0000000000e+00,1.8447183834e+02
2.1079162131e+02,1.0000000000e+00,2.1079162131e+02
2.2306840788e+02,1.0000000000e+00,2.2306840788e+02
2.2574042692e+02,1.0000000000e+00,2.2574042692e+02
2.2405382366e+02,1.0000000000e+00,2.2405382366e+02
2.2107893990e+02,1.0000000000e+00,2.2107893990e+02
2.1714805413e+02,1.0000000000e+00,2.1714805413e+02
2.1041722270e+02,1.0000000000e+00,2.1041722270e+02
1.9850914786e+02,1.0000000000e+00,1.9850914786e+02
1.8128195795e+02,1.0000000000e+00,1.8128195795e+02
1.6248661333e+02,1.0000000000e+00,1.6248661333e+02
1.4779218679e+02,1.0000000000e+00,1.4779218679e+02
1.4084143943e+02,1.0000000000e+00,1.4084143943e+02
1.4178775884e+02,1.0000000000e+00,1.4178775884e+02
1.4909146546e+02,1.0000000000e+00,1.4909146546e+02
1.6123484121e+02,1.0000000000e+00,1.6123484121e+02
1.7642123718e+02,1.0000000000e+00,1.7642123718e+02
1.9098421135e+02,1.0000000000e+00,1.9098421135e+02
1.9812914110e+02,1.0000000000e+00,1.9812914110e+02
1.8991698091e+02,1.0000000000e+00,1.8991698091e+02
1.6378498344e+02,1.0000000000e+00,1.6378498344e+02
1.2782620462e+02,1.0000000000e+00,1.2782620462e+02
9.7057250086e+01,1.0000000000e+00,9.7057250086e+01
8.3343843450e+01,1.0000000000e+00,8.3343843450e+01
8.9624745842e+01,1.0000000000e+00,8.9624745842e+01
1.1162961085e+02,1.0000000000e+00,1.1162961085e+02
1.4151395510e+02,1.0000000000e+00,1.4151395510e+02
1.7020261376e+02,1.0000000000e+00,1.7020261376e+02
1.8893948330e+02,1.0000000000e+00,1.8893948330e+02
1.9033263807e+02,1.0000000000e+00,1.9033263807e+02
1.7025469295e+02,1.0000000000e+00,1.7025469295e+02
1.3152977645e+02,1.0000000000e+00,1.3152977645e+02
8.5552970739e+01,1.0000000000e+00,8.5552970739e+01
4.7069545952e+01,1.0000000000e+00,4.7069545952e+01
4.0345325102e+01,1.0000000000e+00,4.0345325102e+01
3.3621104252e+01,1.0000000000e+00,3.3621104252e+01
2.6896883401e+01,1.0000000000e+00,2.6896883401e+01
2.0172662551e+01,1.0000000000e+00,2.0172662551e+01
1.3448441701e+01,1.0000000000e+00,1.3448441701e+01
9.2758533705e+00,1.0000000000e+00,9.2758533705e+00
1.8551706741e+01,1.0000000000e+00,1.8551706741e+01
2.7827560112e+01,1.0000000000e+00,2.7827560112e+01
5.0595238095e+01,1.0000000000e+00,5.0595238095e+01
7.7008928571e+01,1.0000000000e+00,7.7008928571e+01
1.0416666667e+02,1.0000000000e+00,1.0416666667e+02
1.2500000000e+02,1.0000000000e+00,1.2500000000e+02
1.0416666667e+02,1.0000000000e+00,1.0416666667e+02
7.7008928571e+01,1.0000000000e+00,7.7008928571e+01
5.0595238095e+01,1.0000000000e+00,5.0595238095e+01
4.3367346939e+01,1.0000000000e+00,4.3367346939e+01
3.6139455782e+01,1.0000000000e+00,3.6139455782e+01
2.8911564626e+01,1.0000000000e+00,2.8911564626e+01
2.1683673469e+01,1.0000000000e+00,2.1683673469e+01
1.4455782313e+01,1.0000000000e+00,1.4455782313e+01
7.2278911565e+00,1.0000000000e+00,7.2278911565e+00
2.0351080247e+01,1.0000000000e+00,2.0351080247e+01
4.0702160494e+01,1.0000000000e+00,4.0702160494e+01
6.1053240741e+01,1.0000000000e+00,6.1053240741e+01
1.0416666667e+02,1.0000000000e+00,1.0416666667e+02
1.2500000000e+02,1.0000000000e+00,1.2500000000e+02
1.0416666667e+02,1.0000000000e+00,1.0416666667e+02
7.7256944444e+01,1.0000000000e+00,7.7256944444e+01
5.0925925926e+01,1.0000000000e+00,5.0925925926e+01
2.5173611111e+01,1.0000000000e+00,2.5173611111e+01
1.8771902125e+01,1.0000000000e+00,1.8771902125e+01
3.1142095264e+01,1.0000000000e+00,3.1142095264e+01
4.8235600616e+01,1.0000000000e+00,4.8235600616e+01
6.9379227534e+01,1.0000000000e+00,6.9379227534e+01
8.6986704172e+01,1.0000000000e+00,8.6986704172e+01
9.5806105731e+01,1.0000000000e+00,9.5806105731e+01
1.0416666667e+02,1.0000000000e+00,1.0416666667e+02
1.1531328914e+02,1.0000000000e+00,1.1531328914e+02
1.2387547348e+02,1.0000000000e+00,1.2387547348e+02
1.2500000000e+02,1.0000000000e+00,1.2500000000e+02
1.1787799874e+02,1.0000000000e+00,1.1787799874e+02
1.0416666667e+02,1.0000000000e+00,1.0416666667e+02
8.5523200758e+01,1.0000000000e+00,8.5523200758e+01
6.1947601010e+01,1.0000000000e+00,6.1947601010e+01
5.3097943723e+01,1.0000000000e+00,5.3097943723e+01
4.4248286436e+01,1.0000000000e+00,4.4248286436e+01
3.5398629149e+01,1.0000000000e+00,3.5398629149e+01
2.6548971861e+01,1.0000000000e+00,2.6548971861e+01
1.7699314574e+01,1.0000000000e+00,1.7699314574e+01
8.8496572872e+00,1.0000000000e+00,8.8496572872e+00
0.0000000000e+00,9.0000000000e-01,0.0000000000e+00
0.0000000000e+00,8.0000000000e-01,0.0000000000e+00
0.0000000000e+00,7.0000000000e-01,0.0000000000e+00
0.0000000000e+00,6.0000000000e-01,0.0000000000e+00
0.0000000000e+00,6.0000000000e-01,0.0000000000e+00
0.0000000000e+00,6.0000000000e-01,0.0000000000e+00
0.0000000000e+00,6.0000000000e-01,0.0000000000e+00
0.0000000000e+00,7.0000000000e-01,0.0000000000e+00
0.0000000000e+00,8.0000000000e-01,0.0000000000e+00
0.0000000000e+00,9.0000000000e-01,0.0000000000e+00
1.3999308502e+01,1.0000000000e+00,1.3999308502e+01
2.7998617003e+01,1.0000000000e+00,2.7998617003e+01
4.1997925505e+01,1.0000000000e+00,4.1997925505e+01
7.0931216092e+01,1.0000000000e+00,7.0931216092e+01
9.3942852403e+01,1.0000000000e+00,9.3942852403e+01
1.0655512003e+02,1.0000000000e+00,1.0655512003e+02
1.2500000000e+02,1.0000000000e+00,1.2500000000e+02
1.2150842622e+02,1.0000000000e+00,1.2150842622e+02
1.0544412186e+02,1.0000000000e+00,1.0544412186e+02
9.5497424683e+01,1.0000000000e+00,9.5497424683e+01
8.1376530170e+01,1.0000000000e+00,8.1376530170e+01
6.5151157423e+01,1.0000000000e+00,6.5151157423e+01
4.8507787977e+01,1.0000000000e+00,4.8507787977e+01
4.1578103981e+01,1.0000000000e+00,4.1578103981e+01
3.4648419984e+01,1.0000000000e+00,3.4648419984e+01
2.7718735987e+01,1.0000000000e+00,2.7718735987e+01
2.0789051990e+01,1.0000000000e+00,2.0789051990e+01
1.3859367994e+01,1.0000000000e+00,1.3859367994e+01
6.9296839968e+00,1.0000000000e+00,6.9296839968e+00
0.0000000000e+00,9.0000000000e-01,0.0000000000e+00
0.0000000000e+00,8.0000000000e-01,0.0000000000e+00
0.0000000000e+00,7.0000000000e-01,0.0000000000e+00
0.0000000000e+00,6.0000000000e-01,0.0000000000e+00
0.0000000000e+00,6.0000000000e-01,0.0000000000e+00
0.0000000000e+00,6.0000000000e-01,0.0000000000e+00
0.0000000000e+00,6.0000000000e-01,0.0000000000e+00
0.0000000000e+00,6.0000000000e-01,0.0000000000e+00
0.0000000000e+00,6.0000000000e-01,0.0000000000e+00
0.0000000000e+00,6.0000000000e-01,0.0000000000e+00
0.0000000000e+00,6.0000000000e-01,0.0000000000e+00
0.0000000000e+00,7.0000000000e-01,0.0000000000e+00
0.0000000000e+00,8.0000000000e-01,0.0000000000e+00
0.0000000000e+00,9.0000000000e-01,0.0000000000e+00
9.5295635801e+00,1.0000000000e+00,9.5295635801e+00
1.9059127160e+01,1.0000000000e+00,1.9059127160e+01
2.8588690740e+01,1.0000000000e+00,2.8588690740e+01
3.1009019358e+01,1.0000000000e+00,3.1009019358e+01
2.8489200455e+01,1.0000000000e+00,2.8489200455e+01
2.2149299542e+01,1.0000000000e+00,2.2149299542e+01
1.7719439633e+01,1.0000000000e+00,1.7719439633e+01
1.3289579725e+01,1.0000000000e+00,1.3289579725e+01
1.1092484989e+01,1.0000000000e+00,1.1092484989e+01
2.2184969977e+01,1.0000000000e+00,2.2184969977e+01
3.3277454966e+01,1.0000000000e+00,3.3277454966e+01
6.0946151691e+01,1.0000000000e+00,6.0946151691e+01
8.8965194267e+01,1.0000000000e+00,8.8965194267e+01
1.0874176692e+02,1.0000000000e+00,1.0874176692e+02
1.1682403833e+02,1.0000000000e+00,1.1682403833e+02
1.1838641133e+02,1.0000000000e+00,1.1838641133e+02
1.2290121070e+02,1.0000000000e+00,1.2290121070e+02
1.3470992189e+02,1.0000000000e+00,1.3470992189e+02
1.4807571457e+02,1.0000000000e+00,1.4807571457e+02
1.5243516672e+02,1.0000000000e+00,1.5243516672e+02
1.4270891569e+02,1.0000000000e+00,1.4270891569e+02
1.2437154422e+02,1.0000000000e+00,1.2437154422e+02
1.0899679550e+02,1.0000000000e+00,1.0899679550e+02
1.0530872514e+02,1.0000000000e+00,1.0530872514e+02
1.1364263057e+02,1.0000000000e+00,1.1364263057e+02
1.2732417526e+02,1.0000000000e+00,1.2732417526e+02
1.3847560575e+02,1.0000000000e+00,1.3847560575e+02
1.4328176962e+02,1.0000000000e+00,1.4328176962e+02
1.4341041698e+02,1.0000000000e+00,1.4341041698e+02
1.4328174981e+02,1.0000000000e+00,1.4328174981e+02
1.4565349885e+02,1.0000000000e+00,1.4565349885e+02
1.4946334534e+02,1.0000000000e+00,1.4946334534e+02
1.5159106410e+02,1.0000000000e+00,1.5159106410e+02
1.5004192626e+02,1.0000000000e+00,1.5004192626e+02
1.4534877547e+02,1.0000000000e+00,1.4534877547e+02
1.3961214997e+02,1.0000000000e+00,1.3961214997e+02
1.3470350937e+02,1.0000000000e+00,1.3470350937e+02
1.3135672676e+02,1.0000000000e+00,1.3135672676e+02
1.2946431239e+02,1.0000000000e+00,1.2946431239e+02
1.2850125094e+02,1.0000000000e+00,1.2850125094e+02
1.2757384051e+02,1.0000000000e+00,1.2757384051e+02
1.2580338628e+02,1.0000000000e+00,1.2580338628e+02
1.2324307828e+02,1.0000000000e+00,1.2324307828e+02
1.2129141227e+02,1.0000000000e+00,1.2129141227e+02
1.2168839356e+02,1.0000000000e+00,1.2168839356e+02
1.2455004352e+02,1.0000000000e+00,1.2455004352e+02
1.2718920757e+02,1.0000000000e+00,1.2718920757e+02
1.2519843016e+02,1.0000000000e+00,1.2519843016e+02
1.1520669693e+02,1.0000000000e+00,1.1520669693e+02
9.7486080673e+01,1.0000000000e+00,9.7486080673e+01
7.7244035582e+01,1.0000000000e+00,7.7244035582e+01
6.3291793626e+01,1.0000000000e+00,6.3291793626e+01
6.3149318329e+01,1.0000000000e+00,6.3149318329e+01
7.7900852899e+01,1.0000000000e+00,7.7900852899e+01
1.0203890489e+02,1.0000000000e+00,1.0203890489e+02
1.2761981379e+02,1.0000000000e+00,1.2761981379e+02
1.4766251265e+02,1.0000000000e+00,1.4766251265e+02
1.5756706046e+02,1.0000000000e+00,1.5756706046e+02
1.5652828702e+02,1.0000000000e+00,1.5652828702e+02
1.4811380541e+02,1.0000000000e+00,1.4811380541e+02
1.3768684779e+02,1.0000000000e+00,1.3768684779e+02
1.2820805789e+02,1.0000000000e+00,1.2820805789e+02
1.1892718190e+02,1.0000000000e+00,1.1892718190e+02
1.0823976644e+02,1.0000000000e+00,1.0823976644e+02
9.6478157687e+01,1.0000000000e+00,9.6478157687e+01
8.4849418619e+01,1.0000000000e+00,8.4849418619e+01
7.3011010236e+01,1.0000000000e+00,7.3011010236e+01
5.9666209187e+01,1.0000000000e+00,5.9666209187e+01
4.5040213354e+01,1.0000000000e+00,4.5040213354e+01
3.8605897161e+01,1.0000000000e+00,3.8605897161e+01
3.2171580967e+01,1.0000000000e+00,3.2171580967e+01
2.5737264774e+01,1.0000000000e+00,2.5737264774e+01
1.9302948580e+01,1.0000000000e+00,1.9302948580e+01
1.2868632387e+01,1.0000000000e+00,1.2868632387e+01
6.4343161935e+00,1.0000000000e+00,6.4343161935e+00
0.0000000000e+00,9.0000000000e-01,0.0000000000e+00
0.0000000000e+00,8.0000000000e-01,0.0000000000e+00
0.0000000000e+00,7.0000000000e-01,0.0000000000e+00
0.0000000000e+00,6.0000000000e-01,0.0000000000e+00
0.0000000000e+00,6.0000000000e-01,0.0000000000e+00
0.0000000000e+00,6.0000000000e-01,0.0000000000e+00
0.0000000000e+00,6.0000000000e-01,0.0000000000e+00
0.0000000000e+00,6.0000000000e-01,0.0000000000e+00
0.0000000000e+00,6.0000000000e-01,0.0000000000e+00
0.0000000000e+00,6.0000000000e-01,0.0000000000e+00
0.0000000000e+00,6.0000000000e-01,0.0000000000e+00
0.0000000000e+00,6.0000000000e-01,0.0000000000e+00
0.0000000000e+00,6.0000000000e-01,0.0000000000e+00
0.0000000000e+00,6.0000000000e-01,0.0000000000e+00
0.0000000000e+00,7.0000000000e-01,0.0000000000e+00
0.0000000000e+00,8.0000000000e-01,0.0000000000e+00
0.0000000000e+00,9.0000000000e-01,0.0000000000e+00
1.2241019593e+01,1.0000000000e+00,1.2241019593e+01
2.4482039186e+01,1.0000000000e+00,2.4482039186e+01
3.6723058779e+01,1.0000000000e+00,3.6723058779e+01
6.0699702872e+01,1.0000000000e+00,6.0699702872e+01
8.3883530080e+01,1.0000000000e+00,8.3883530080e+01
1.0416666667e+02,1.0000000000e+00,1.0416666667e+02
1.2061078320e+02,1.0000000000e+00,1.2061078320e+02
1.2500000000e+02,1.0000000000e+00,1.2500000000e+02
1.1160945380e+02,1.0000000000e+00,1.1160945380e+02
1.0032994869e+02,1.0000000000e+00,1.0032994869e+02
8.3936940136e+01,1.0000000000e+00,8.3936940136e+01
6.1908877643e+01,1.0000000000e+00,6.1908877643e+01
4.4656722819e+01,1.0000000000e+00,4.4656722819e+01
4.6741078020e+01,1.0000000000e+00,4.6741078020e+01
6.9634095980e+01,1.0000000000e+00,6.9634095980e+01
1.0162423912e+02,1.0000000000e+00,1.0162423912e+02
1.2655011053e+02,1.0000000000e+00,1.2655011053e+02
1.3610582316e+02,1.0000000000e+00,1.3610582316e+02
1.3327650994e+02,1.0000000000e+00,1.3327650994e+02
1.2633760780e+02,1.0000000000e+00,1.2633760780e+02
1.2185491813e+02,1.0000000000e+00,1.2185491813e+02
1.2230218085e+02,1.0000000000e+00,1.2230218085e+02
1.2744303463e+02,1.0000000000e+00,1.2744303463e+02
1.3653761252e+02,1.0000000000e+00,1.3653761252e+02
1.4944872079e+02,1.0000000000e+00,1.4944872079e+02
1.6591251165e+02,1.0000000000e+00,1.6591251165e+02
1.8381183154e+02,1.0000000000e+00,1.8381183154e+02
1.9876498824e+02,1.0000000000e+00,1.9876498824e+02
2.0612911972e+02,1.0000000000e+00,2.0612911972e+02
2.0377999516e+02,1.0000000000e+00,2.0377999516e+02
1.9356100584e+02,1.0000000000e+00,1.9356100584e+02
1.8044954592e+02,1.0000000000e+00,1.8044954592e+02
1.6946772794e+02,1.0000000000e+00,1.6946772794e+02
1.6225146519e+02,1.0000000000e+00,1.6225146519e+02
1.5697221770e+02,1.0000000000e+00,1.5697221770e+02
1.5252253451e+02,1.0000000000e+00,1.5252253451e+02
1.5130167581e+02,1.0000000000e+00,1.5130167581e+02
1.5559875018e+02,1.0000000000e+00,1.5559875018e+02
1.6284438932e+02,1.0000000000e+00,1.6284438932e+02
1.6706507293e+02,1.0000000000e+00,1.6706507293e+02
1.6349034747e+02,1.0000000000e+00,1.6349034747e+02
1.5022528726e+02,1.0000000000e+00,1.5022528726e+02
1.2806000367e+02,1.0000000000e+00,1.2806000367e+02
1.0115846928e+02,1.0000000000e+00,1.0115846928e+02
7.6883283934e+01,1.0000000000e+00,7.6883283934e+01
6.2723988939e+01,1.0000000000e+00,6.2723988939e+01
6.2202964912e+01,1.0000000000e+00,6.2202964912e+01
7.6031982047e+01,1.0000000000e+00,7.6031982047e+01
8.9363464854e+01,1.0000000000e+00,8.9363464854e+01
1.0219741333e+02,1.0000000000e+00,1.0219741333e+02
1.1453382749e+02,1.0000000000e+00,1.1453382749e+02
1.2500000000e+02,1.0000000000e+00,1.2500000000e+02
1.2535968702e+02,1.0000000000e+00,1.2535968702e+02
1.1563186836e+02,1.0000000000e+00,1.1563186836e+02
1.0416666667e+02,1.0000000000e+00,1.0416666667e+02
9.2355769053e+01,1.0000000000e+00,9.2355769053e+01
8.0199175519e+01,1.0000000000e+00,8.0199175519e+01
7.2664108191e+01,1.0000000000e+00,7.2664108191e+01
6.7897062242e+01,1.0000000000e+00,6.7897062242e+01
5.9634998372e+01,1.0000000000e+00,5.9634998372e+01
4.7993262084e+01,1.0000000000e+00,4.7993262084e+01
4.1137081786e+01,1.0000000000e+00,4.1137081786e+01
3.4280901488e+01,1.0000000000e+00,3.4280901488e+01
2.7424721191e+01,1.0000000000e+00,2.7424721191e+01
2.0568540893e+01,1.0000000000e+00,2.0568540893e+01
1.3712360595e+01,1.0000000000e+00,1.3712360595e+01
6.8561802977e+00,1.0000000000e+00,6.8561802977e+00
0.0000000000e+00,1.0000000000e+00,0.0000000000e+00
0.0000000000e+00,1.0000000000e+00,0.0000000000e+00
0.0000000000e+00,1.0000000000e+00,0.0000000000e+00
0.0000000000e+00,1.0000000000e+00,0.0000000000e+00
0.0000000000e+00,1.0000000000e+00,0.0000000000e+00
0.0000000000e+00,1.0000000000e+00,0.0000000000e+00
0.0000000000e+00,1.0000000000e+00,0.0000000000e+00
0.0000000000e+00,1.0000000000e+00,0.0000000000e+00
9.5230240421e+00,1.0000000000e+00,9.5230240421e+00
1.9046048084e+01,1.0000000000e+00,1.9046048084e+01
2.8569072126e+01,1.0000000000e+00,2.8569072126e+01
6.1471465106e+01,1.0000000000e+00,6.1471465106e+01
9.4755621672e+01,1.0000000000e+00,9.4755621672e+01
1.1709952439e+02,1.0000000000e+00,1.1709952439e+02
1.2435212229e+02,1.0000000000e+00,1.2435212229e+02
1.2196465831e+02,1.0000000000e+00,1.2196465831e+02
1.1883732623e+02,1.0000000000e+00,1.1883732623e+02
1.1940213857e+02,1.0000000000e+00,1.1940213857e+02
1.2162289043e+02,1.0000000000e+00,1.2162289043e+02
1.2123235982e+02,1.0000000000e+00,1.2123235982e+02
1.1655296359e+02,1.0000000000e+00,1.1655296359e+02
1.0925860140e+02,1.0000000000e+00,1.0925860140e+02
1.0216754706e+02,1.0000000000e+00,1.0216754706e+02
9.8099832219e+01,1.0000000000e+00,9.8099832219e+01
1.0013215288e+02,1.0000000000e+00,1.0013215288e+02
1.1022121755e+02,1.0000000000e+00,1.1022121755e+02
1.2660085888e+02,1.0000000000e+00,1.2660085888e+02
1.4366896672e+02,1.0000000000e+00,1.4366896672e+02
1.5479991889e+02,1.0000000000e+00,1.5479991889e+02
1.5562904766e+02,1.0000000000e+00,1.5562904766e+02
1.4687215609e+02,1.0000000000e+00,1.4687215609e+02
1.3543965925e+02,1.0000000000e+00,1.3543965925e+02
1.3082190225e+02,1.0000000000e+00,1.3082190225e+02
1.3742198318e+02,1.0000000000e+00,1.3742198318e+02
1.4983722937e+02,1.0000000000e+00,1.4983722937e+02
1.5674332245e+02,1.0000000000e+00,1.5674332245e+02
1.5004120832e+02,1.0000000000e+00,1.5004120832e+02
1.3060720350e+02,1.0000000000e+00,1.3060720350e+02
1.0617772682e+02,1.0000000000e+00,1.0617772682e+02
8.4818124920e+01,1.0000000000e+00,8.4818124920e+01
7.0346142423e+01,1.0000000000e+00,7.0346142423e+01
6.1978477846e+01,1.0000000000e+00,6.1978477846e+01
5.6199340239e+01,1.0000000000e+00,5.6199340239e+01
4.9312445136e+01,1.0000000000e+00,4.9312445136e+01
4.0022551659e+01,1.0000000000e+00,4.0022551659e+01
3.4305044280e+01,1.0000000000e+00,3.4305044280e+01
2.8587536900e+01,1.0000000000e+00,2.8587536900e+01
2.2870029520e+01,1.0000000000e+00,2.2870029520e+01
1.7152522140e+01,1.0000000000e+00,1.7152522140e+01
1.1435014760e+01,1.0000000000e+00,1.1435014760e+01
5.7175073799e+00,1.0000000000e+00,5.7175073799e+00
0.0000000000e+00,1.0000000000e+00,0.0000000000e+00
0.0000000000e+00,1.0000000000e+00,0.0000000000e+00
0.0000000000e+00,1.0000000000e+00,0.0000000000e+00
0.0000000000e+00,1.0000000000e+00,0.0000000000e+00
0.0000000000e+00,1.0000000000e+00,0.0000000000e+00
0.0000000000e+00,1.0000000000e+00,0.0000000000e+00
0.0000000000e+00,1.0000000000e+00,0.0000000000e+00
0.0000000000e+00,1.0000000000e+00,0.0000000000e+00
9.2793869554e+00,1.0000000000e+00,9.2793869554e+00
1.8558773911e+01,1.0000000000e+00,1.8558773911e+01
2.7838160866e+01,1.0000000000e+00,2.7838160866e+01
0.0000000000e+00,1.0000000000e+00,0.0000000000e+00
0.0000000000e+00,1.0000000000e+00,0.0000000000e+00
0.0000000000e+00,1.0000000000e+00,0.0000000000e+00
9.4904543952e+00,1.0000000000e+00,9.4904543952e+00
1.8980908790e+01,1.0000000000e+00,1.8980908790e+01
2.8471363186e+01,1.0000000000e+00,2.8471363186e+01
5.5092236428e+01,1.0000000000e+00,5.5092236428e+01
7.7384908827e+01,1.0000000000e+00,7.7384908827e+01
8.6832393795e+01,1.0000000000e+00,8.6832393795e+01
8.4346873219e+01,1.0000000000e+00,8.4346873219e+01
7.8510474991e+01,1.0000000000e+00,7.8510474991e+01
7.7490352721e+01,1.0000000000e+00,7.7490352721e+01
8.3862871130e+01,1.0000000000e+00,8.3862871130e+01
9.5950726561e+01,1.0000000000e+00,9.5950726561e+01
1.1128352927e+02,1.0000000000e+00,1.1128352927e+02
1.2824221880e+02,1.0000000000e+00,1.2824221880e+02
1.4507702192e+02,1.0000000000e+00,1.4507702192e+02
1.5740137253e+02,1.0000000000e+00,1.5740137253e+02
1.5817625378e+02,1.0000000000e+00,1.5817625378e+02
1.4317697310e+02,1.0000000000e+00,1.4317697310e+02
1.1777946066e+02,1.0000000000e+00,1.1777946066e+02
9.6663597365e+01,1.0000000000e+00,9.6663597365e+01
9.3387647340e+01,1.0000000000e+00,9.3387647340e+01
1.0762941953e+02,1.0000000000e+00,1.0762941953e+02
1.2329891063e+02,1.0000000000e+00,1.2329891063e+02
1.2197788370e+02,1.0000000000e+00,1.2197788370e+02
9.9666811905e+01,1.0000000000e+00,9.9666811905e+01
7.0132696540e+01,1.0000000000e+00,7.0132696540e+01
5.2436247044e+01,1.0000000000e+00,5.2436247044e+01
5.6072371649e+01,1.0000000000e+00,5.6072371649e+01
7.6692679998e+01,1.0000000000e+00,7.6692679998e+01
1.0278587514e+02,1.0000000000e+00,1.0278587514e+02
1.2457977005e+02,1.0000000000e+00,1.2457977005e+02
1.3791152968e+02,1.0000000000e+00,1.3791152968e+02
1.4291866765e+02,1.0000000000e+00,1.4291866765e+02
1.4180578852e+02,1.0000000000e+00,1.4180578852e+02
1.3825831012e+02,1.0000000000e+00,1.3825831012e+02
1.3679763246e+02,1.0000000000e+00,1.3679763246e+02
1.4036687191e+02,1.0000000000e+00,1.4036687191e+02
1.4863514195e+02,1.0000000000e+00,1.4863514195e+02
1.5900142000e+02,1.0000000000e+00,1.5900142000e+02
1.6771447507e+02,1.0000000000e+00,1.6771447507e+02
1.7011271389e+02,1.0000000000e+00,1.7011271389e+02
1.6284352066e+02,1.0000000000e+00,1.6284352066e+02
1.4739118100e+02,1.0000000000e+00,1.4739118100e+02
1.3011170065e+02,1.0000000000e+00,1.3011170065e+02
1.1757785439e+02,1.0000000000e+00,1.1757785439e+02
1.1133627745e+02,1.0000000000e+00,1.1133627745e+02
1.0653298364e+02,1.0000000000e+00,1.0653298364e+02
9.5757209001e+01,1.0000000000e+00,9.5757209001e+01
7.5497039395e+01,1.0000000000e+00,7.5497039395e+01
4.9848902214e+01,1.0000000000e+00,4.9848902214e+01
4.2727630469e+01,1.0000000000e+00,4.2727630469e+01
3.5606358724e+01,1.0000000000e+00,3.5606358724e+01
2.9198246219e+01,1.0000000000e+00,2.9198246219e+01
4.3797369329e+01,1.0000000000e+00,4.3797369329e+01
7.0796295850e+01,1.0000000000e+00,7.0796295850e+01
9.5476590330e+01,1.0000000000e+00,9.5476590330e+01
1.0989627149e+02,1.0000000000e+00,1.0989627149e+02
1.2500000000e+02,1.0000000000e+00,1.2500000000e+02
1.3596485230e+02,1.0000000000e+00,1.3596485230e+02
1.3588165573e+02,1.0000000000e+00,1.3588165573e+02
1.2614332604e+02,1.0000000000e+00,1.2614332604e+02
1.1510735777e+02,1.0000000000e+00,1.1510735777e+02
1.0416666667e+02,1.0000000000e+00,1.0416666667e+02
9.3321252735e+01,1.0000000000e+00,9.3321252735e+01
8.2571115974e+01,1.0000000000e+00,8.2571115974e+01
7.1916256382e+01,1.0000000000e+00,7.1916256382e+01
6.1356673961e+01,1.0000000000e+00,6.1356673961e+01
5.0892368709e+01,1.0000000000e+00,5.0892368709e+01
4.0523340627e+01,1.0000000000e+00,4.0523340627e+01
3.4855791033e+01,1.0000000000e+00,3.4855791033e+01
3.0021694722e+01,1.0000000000e+00,3.0021694722e+01
2.5732881190e+01,1.0000000000e+00,2.5732881190e+01
2.1444067658e+01,1.0000000000e+00,2.1444067658e+01
1.7155254127e+01,1.0000000000e+00,1.7155254127e+01
1.2866440595e+01,1.0000000000e+00,1.2866440595e+01
8.5776270633e+00,1.0000000000e+00,8.5776270633e+00
4.2888135317e+00,1.0000000000e+00,4.2888135317e+00
0.0000000000e+00,9.0000000000e-01,0.0000000000e+00
0.0000000000e+00,8.0000000000e-01,0.0000000000e+00
0.0000000000e+00,7.0000000000e-01,0.0000000000e+00
0.0000000000e+00,6.0000000000e-01,0.0000000000e+00
0.0000000000e+00,6.0000000000e-01,0.0000000000e+00
0.0000000000e+00,6.0000000000e-01,0.0000000000e+00
0.0000000000e+00,6.0000000000e-01,0.0000000000e+00
0.0000000000e+00,6.0000000000e-01,0.0000000000e+00
0.0000000000e+00,6.0000000000e-01,0.0000000000e+00
0.0000000000e+00,6.0000000000e-01,0.0000000000e+00
0.0000000000e+00,6.0000000000e-01,0.0000000000e+00
0.0000000000e+00,6.0000000000e-01,0.0000000000e+00
0.0000000000e+00,6.0000000000e-01,0.0000000000e+00
0.0000000000e+00,6.0000000000e-01,0.0000000000e+00
0.0000000000e+00,6.0000000000e-01,0.0000000000e+00
0.0000000000e+00,6.0000000000e-01,0.0000000000e+00
0.0000000000e+00,6.0000000000e-01,0.0000000000e+00
0.0000000000e+00,6.0000000000e-01,0.0000000000e+00
0.0000000000e+00,6.0000000000e-01,0.0000000000e+00
0.0000000000e+00,6.0000000000e-01,0.0000000000e+00
0.0000000000e+00,6.0000000000e-01,0.0000000000e+00
0.0000000000e+00,6.0000000000e-01,0.0000000000e+00
0.0000000000e+00,6.0000000000e-01,0.0000000000e+00
0.0000000000e+00,6.0000000000e-01,0.0000000000e+00
0.0000000000e+00,6.0000000000e-01,0.0000000000e+00
0.0000000000e+00,6.0000000000e-01,0.0000000000e+00
0.0000000000e+00,6.0000000000e-01,0.0000000000e+00
0.0000000000e+00,7.0000000000e-01,0.0000000000e+00
0.0000000000e+00,8.0000000000e-01,0.0000000000e+00
0.0000000000e+00,9.0000000000e-01,0.0000000000e+00
1.7034313543e+01,1.0000000000e+00,1.7034313543e+01
3.4068627085e+01,1.0000000000e+00,3.4068627085e+01
5.1102940628e+01,1.0000000000e+00,5.1102940628e+01
8.9968455625e+01,1.0000000000e+00,8.9968455625e+01
1.2504652471e+02,1.0000000000e+00,1.2504652471e+02
1.4714686613e+02,1.0000000000e+00,1.4714686613e+02
1.5430768028e+02,1.0000000000e+00,1.5430768028e+02
1.5140884438e+02,1.0000000000e+00,1.5140884438e+02
1.4542214234e+02,1.0000000000e+00,1.4542214234e+02
1.4128203394e+02,1.0000000000e+00,1.4128203394e+02
1.4050845915e+02,1.0000000000e+00,1.4050845915e+02
1.4178556626e+02,1.0000000000e+00,1.4178556626e+02
1.4238701766e+02,1.0000000000e+00,1.4238701766e+02
1.3966094584e+02,1.0000000000e+00,1.3966094584e+02
1.3224121974e+02,1.0000000000e+00,1.3224121974e+02
1.2120368911e+02,1.0000000000e+00,1.2120368911e+02
1.1079939280e+02,1.0000000000e+00,1.1079939280e+02
1.0665206469e+02,1.0000000000e+00,1.0665206469e+02
1.1043413338e+02,1.0000000000e+00,1.1043413338e+02
1.1648900801e+02,1.0000000000e+00,1.1648900801e+02
1.1743497719e+02,1.0000000000e+00,1.1743497719e+02
1.1363136240e+02,1.0000000000e+00,1.1363136240e+02
1.1321713346e+02,1.0000000000e+00,1.1321713346e+02
1.2241572805e+02,1.0000000000e+00,1.2241572805e+02
1.3953902245e+02,1.0000000000e+00,1.3953902245e+02
1.5847707611e+02,1.0000000000e+00,1.5847707611e+02
1.7396549827e+02,1.0000000000e+00,1.7396549827e+02
1.8269372141e+02,1.0000000000e+00,1.8269372141e+02
1.8331215471e+02,1.0000000000e+00,1.8331215471e+02
1.7806665071e+02,1.0000000000e+00,1.7806665071e+02
1.7283814160e+02,1.0000000000e+00,1.7283814160e+02
1.7298916202e+02,1.0000000000e+00,1.7298916202e+02
1.7814811271e+02,1.0000000000e+00,1.7814811271e+02
1.8117397913e+02,1.0000000000e+00,1.8117397913e+02
1.7299507618e+02,1.0000000000e+00,1.7299507618e+02
1.4969997073e+02,1.0000000000e+00,1.4969997073e+02
1.1595108441e+02,1.0000000000e+00,1.1595108441e+02
8.1992540263e+01,1.0000000000e+00,8.1992540263e+01
5.7292703831e+01,1.0000000000e+00,5.7292703831e+01
4.6003291466e+01,1.0000000000e+00,4.6003291466e+01
4.6650595765e+01,1.0000000000e+00,4.6650595765e+01
5.4876827674e+01,1.0000000000e+00,5.4876827674e+01
6.6387143102e+01,1.0000000000e+00,6.6387143102e+01
7.8276123513e+01,1.0000000000e+00,7.8276123513e+01
8.9328676523e+01,1.0000000000e+00,8.9328676523e+01
9.9987725017e+01,1.0000000000e+00,9.9987725017e+01
1.1101380187e+02,1.0000000000e+00,1.1101380187e+02
1.2139074413e+02,1.0000000000e+00,1.2139074413e+02
1.2872760139e+02,1.0000000000e+00,1.2872760139e+02
1.3240942729e+02,1.0000000000e+00,1.3240942729e+02
1.3468060138e+02,1.0000000000e+00,1.3468060138e+02
1.3743030321e+02,1.0000000000e+00,1.3743030321e+02
1.3949490717e+02,1.0000000000e+00,1.3949490717e+02
1.3866878721e+02,1.0000000000e+00,1.3866878721e+02
1.3493013947e+02,1.0000000000e+00,1.3493013947e+02
1.2969899929e+02,1.0000000000e+00,1.2969899929e+02
1.2312255422e+02,1.0000000000e+00,1.2312255422e+02
1.1470849020e+02,1.0000000000e+00,1.1470849020e+02
1.0608859883e+02,1.0000000000e+00,1.0608859883e+02
1.0026176568e+02,1.0000000000e+00,1.0026176568e+02
9.7790398820e+01,1.0000000000e+00,9.7790398820e+01
9.6144546174e+01,1.0000000000e+00,9.6144546174e+01
9.3296473545e+01,1.0000000000e+00,9.3296473545e+01
8.9719504730e+01,1.0000000000e+00,8.9719504730e+01
8.6035810564e+01,1.0000000000e+00,8.6035810564e+01
8.0902493170e+01,1.0000000000e+00,8.0902493170e+01
7.2698983540e+01,1.0000000000e+00,7.2698983540e+01
6.1804182811e+01,1.0000000000e+00,6.1804182811e+01
4.9927696401e+01,1.0000000000e+00,4.9927696401e+01
3.8370437424e+01,1.0000000000e+00,3.8370437424e+01
3.2888946363e+01,1.0000000000e+00,3.2888946363e+01
2.7407455303e+01,1.0000000000e+00,2.7407455303e+01
2.1925964242e+01,1.0000000000e+00,2.1925964242e+01
1.6444473182e+01,1.0000000000e+00,1.6444473182e+01
1.0962982121e+01,1.0000000000e+00,1.0962982121e+01
5.4814910605e+00,1.0000000000e+00,5.4814910605e+00
0.0000000000e+00,9.0000000000e-01,0.0000000000e+00
0.0000000000e+00,8.0000000000e-01,0.0000000000e+00
0.0000000000e+00,7.0000000000e-01,0.0000000000e+00
0.0000000000e+00,6.0000000000e-01,0.0000000000e+00
0.0000000000e+00,6.0000000000e-01,0.0000000000e+00
0.0000000000e+00,6.0000000000e-01,0.0000000000e+00
0.0000000000e+00,6.0000000000e-01,0.0000000000e+00
0.0000000000e+00,6.0000000000e-01,0.0000000000e+00
0.0000000000e+00,6.0000000000e-01,0.0000000000e+00
0.0000000000e+00,6.0000000000e-01,0.0000000000e+00
0.0000000000e+00,6.0000000000e-01,0.0000000000e+00
0.0000000000e+00,6.0000000000e-01,0.0000000000e+00
0.0000000000e+00,7.0000000000e-01,0.0000000000e+00
0.0000000000e+00,8.0000000000e-01,0.0000000000e+00
0.0000000000e+00,9.0000000000e-01,0.0000000000e+00
1.1209984352e+01,1.0000000000e+00,1.1209984352e+01
2.2419968703e+01,1.0000000000e+00,2.2419968703e+01
3.3629953055e+01,1.0000000000e+00,3.3629953055e+01
3.5546858042e+01,1.0000000000e+00,3.5546858042e+01
3.0468735465e+01,1.0000000000e+00,3.0468735465e+01
2.5390612887e+01,1.0000000000e+00,2.5390612887e+01
3.6622796287e+01,1.0000000000e+00,3.6622796287e+01
5.4934194431e+01,1.0000000000e+00,5.4934194431e+01
1.0890069090e+02,1.0000000000e+00,1.0890069090e+02
1.7015628164e+02,1.0000000000e+00,1.7015628164e+02
2.1707902717e+02,1.0000000000e+00,2.1707902717e+02
2.3724843395e+02,1.0000000000e+00,2.3724843395e+02
2.3262308709e+02,1.0000000000e+00,2.3262308709e+02
2.1393498824e+02,1.0000000000e+00,2.1393498824e+02
1.9226868193e+02,1.0000000000e+00,1.9226868193e+02
1.7464387968e+02,1.0000000000e+00,1.7464387968e+02
1.6357433039e+02,1.0000000000e+00,1.6357433039e+02
1.5794702974e+02,1.0000000000e+00,1.5794702974e+02
1.5506608026e+02,1.0000000000e+00,1.5506608026e+02
1.5376378481e+02,1.0000000000e+00,1.5376378481e+02
1.5541986744e+02,1.0000000000e+00,1.5541986744e+02
1.6144566820e+02,1.0000000000e+00,1.6144566820e+02
1.7138346973e+02,1.0000000000e+00,1.7138346973e+02
1.8402710535e+02,1.0000000000e+00,1.8402710535e+02
1.9731091959e+02,1.0000000000e+00,1.9731091959e+02
2.0560698135e+02,1.0000000000e+00,2.0560698135e+02
2.0050065410e+02,1.0000000000e+00,2.0050065410e+02
1.7761481943e+02,1.0000000000e+00,1.7761481943e+02
1.4251612084e+02,1.0000000000e+00,1.4251612084e+02
1.0846353725e+02,1.0000000000e+00,1.0846353725e+02
8.8473464433e+01,1.0000000000e+00,8.8473464433e+01
8.9596220468e+01,1.0000000000e+00,8.9596220468e+01
1.1170703905e+02,1.0000000000e+00,1.1170703905e+02
1.4777498219e+02,1.0000000000e+00,1.4777498219e+02
1.8544582254e+02,1.0000000000e+00,1.8544582254e+02
2.1245147781e+02,1.0000000000e+00,2.1245147781e+02
2.2369331964e+02,1.0000000000e+00,2.2369331964e+02
2.2350738981e+02,1.0000000000e+00,2.2350738981e+02
2.2074420326e+02,1.0000000000e+00,2.2074420326e+02
2.2144003383e+02,1.0000000000e+00,2.2144003383e+02
2.2536949540e+02,1.0000000000e+00,2.2536949540e+02
2.2823212138e+02,1.0000000000e+00,2.2823212138e+02
2.2621201276e+02,1.0000000000e+00,2.2621201276e+02
2.1908292037e+02,1.0000000000e+00,2.1908292037e+02
2.1048813661e+02,1.0000000000e+00,2.1048813661e+02
2.0546346084e+02,1.0000000000e+00,2.0546346084e+02
2.0666056850e+02,1.0000000000e+00,2.0666056850e+02
2.1271055623e+02,1.0000000000e+00,2.1271055623e+02
2.2022961019e+02,1.0000000000e+00,2.2022961019e+02
2.2651193169e+02,1.0000000000e+00,2.2651193169e+02
2.3033250989e+02,1.0000000000e+00,2.3033250989e+02
2.3165125679e+02,1.0000000000e+00,2.3165125679e+02
2.3126133864e+02,1.0000000000e+00,2.3126133864e+02
2.3025810324e+02,1.0000000000e+00,2.3025810324e+02
2.2946125353e+02,1.0000000000e+00,2.2946125353e+02
2.2928410368e+02,1.0000000000e+00,2.2928410368e+02
2.3001836903e+02,1.0000000000e+00,2.3001836903e+02
2.3188179909e+02,1.0000000000e+00,2.3188179909e+02
2.3436066081e+02,1.0000000000e+00,2.3436066081e+02
2.3534693930e+02,1.0000000000e+00,2.3534693930e+02
2.3139113163e+02,1.0000000000e+00,2.3139113163e+02
2.2001098534e+02,1.0000000000e+00,2.2001098534e+02
2.0307855598e+02,1.0000000000e+00,2.0307855598e+02
1.8794164465e+02,1.0000000000e+00,1.8794164465e+02
1.8304561561e+02,1.0000000000e+00,1.8304561561e+02
1.9004427725e+02,1.0000000000e+00,1.9004427725e+02
2.0053094558e+02,1.0000000000e+00,2.0053094558e+02
2.0260630120e+02,1.0000000000e+00,2.0260630120e+02
1.9123522452e+02,1.0000000000e+00,1.9123522452e+02
1.7166417816e+02,1.0000000000e+00,1.7166417816e+02
1.5342824682e+02,1.0000000000e+00,1.5342824682e+02
1.4207367282e+02,1.0000000000e+00,1.4207367282e+02
1.3622347270e+02,1.0000000000e+00,1.3622347270e+02
1.3114379484e+02,1.0000000000e+00,1.3114379484e+02
1.2371959089e+02,1.0000000000e+00,1.2371959089e+02
1.1367348031e+02,1.0000000000e+00,1.1367348031e+02
1.0170092451e+02,1.0000000000e+00,1.0170092451e+02
8.8501673511e+01,1.0000000000e+00,8.8501673511e+01
7.5392048989e+01,1.0000000000e+00,7.5392048989e+01
6.4241403154e+01,1.0000000000e+00,6.4241403154e+01
5.6432163377e+01,1.0000000000e+00,5.6432163377e+01
5.2514090282e+01,1.0000000000e+00,5.2514090282e+01
5.2703743775e+01,1.0000000000e+00,5.2703743775e+01
5.6959842015e+01,1.0000000000e+00,5.6959842015e+01
6.4464038070e+01,1.0000000000e+00,6.4464038070e+01
7.3545589001e+01,1.0000000000e+00,7.3545589001e+01
8.2336240975e+01,1.0000000000e+00,8.2336240975e+01
8.9054447817e+01,1.0000000000e+00,8.9054447817e+01
9.1669384860e+01,1.0000000000e+00,9.1669384860e+01
8.8653495453e+01,1.0000000000e+00,8.8653495453e+01
8.1495460241e+01,1.0000000000e+00,8.1495460241e+01
7.6298245623e+01,1.0000000000e+00,7.6298245623e+01
8.0815523102e+01,1.0000000000e+00,8.0815523102e+01
9.7400347665e+01,1.0000000000e+00,9.7400347665e+01
1.1875499257e+02,1.0000000000e+00,1.1875499257e+02
1.3279692271e+02,1.0000000000e+00,1.3279692271e+02
1.3226579681e+02,1.0000000000e+00,1.3226579681e+02
1.1889111199e+02,1.0000000000e+00,1.1889111199e+02
1.0073437879e+02,1.0000000000e+00,1.0073437879e+02
8.8812368921e+01,1.0000000000e+00,8.8812368921e+01
9.3896182140e+01,1.0000000000e+00,9.3896182140e+01
1.2001608046e+02,1.0000000000e+00,1.2001608046e+02
1.5813368648e+02,1.0000000000e+00,1.5813368648e+02
1.8949517146e+02,1.0000000000e+00,1.8949517146e+02
1.9922084022e+02,1.0000000000e+00,1.9922084022e+02
1.8719802508e+02,1.0000000000e+00,1.8719802508e+02
1.6581029788e+02,1.0000000000e+00,1.6581029788e+02
1.4878338004e+02,1.0000000000e+00,1.4878338004e+02
1.4285795750e+02,1.0000000000e+00,1.4285795750e+02
1.4753317186e+02,1.0000000000e+00,1.4753317186e+02
1.5786593339e+02,1.0000000000e+00,1.5786593339e+02
1.6506255528e+02,1.0000000000e+00,1.6506255528e+02
1.5826085839e+02,1.0000000000e+00,1.5826085839e+02
1.3190620646e+02,1.0000000000e+00,1.3190620646e+02
9.3292657773e+01,1.0000000000e+00,9.3292657773e+01
6.0881327485e+01,1.0000000000e+00,6.0881327485e+01
5.2900500495e+01,1.0000000000e+00,5.2900500495e+01
7.5058153934e+01,1.0000000000e+00,7.5058153934e+01
1.1639256419e+02,1.0000000000e+00,1.1639256419e+02
1.5641497447e+02,1.0000000000e+00,1.5641497447e+02
1.7848508673e+02,1.0000000000e+00,1.7848508673e+02
1.7821118463e+02,1.0000000000e+00,1.7821118463e+02
1.6061803192e+02,1.0000000000e+00,1.6061803192e+02
1.3266968661e+02,1.0000000000e+00,1.3266968661e+02
1.0082134274e+02,1.0000000000e+00,1.0082134274e+02
7.3120478858e+01,1.0000000000e+00,7.3120478858e+01
5.8904650853e+01,1.0000000000e+00,5.8904650853e+01
6.3970986612e+01,1.0000000000e+00,6.3970986612e+01
8.5191927352e+01,1.0000000000e+00,8.5191927352e+01
1.1014707611e+02,1.0000000000e+00,1.1014707611e+02
1.2471033056e+02,1.0000000000e+00,1.2471033056e+02
1.2354462958e+02,1.0000000000e+00,1.2354462958e+02
1.1316202550e+02,1.0000000000e+00,1.1316202550e+02
1.0457348806e+02,1.0000000000e+00,1.0457348806e+02
1.0393648581e+02,1.0000000000e+00,1.0393648581e+02
1.1010179920e+02,1.0000000000e+00,1.1010179920e+02
1.1901788026e+02,1.0000000000e+00,1.1901788026e+02
1.2862564752e+02,1.0000000000e+00,1.2862564752e+02
1.3964550967e+02,1.0000000000e+00,1.3964550967e+02
1.5289015068e+02,1.0000000000e+00,1.5289015068e+02
1.6650804433e+02,1.0000000000e+00,1.6650804433e+02
1.7608540684e+02,1.0000000000e+00,1.7608540684e+02
1.7787208851e+02,1.0000000000e+00,1.7787208851e+02
1.7197840220e+02,1.0000000000e+00,1.7197840220e+02
1.6224502739e+02,1.0000000000e+00,1.6224502739e+02
1.5324458354e+02,1.0000000000e+00,1.5324458354e+02
1.4756693055e+02,1.0000000000e+00,1.4756693055e+02
1.4546760060e+02,1.0000000000e+00,1.4546760060e+02
1.4581967552e+02,1.0000000000e+00,1.4581967552e+02
1.4637791515e+02,1.0000000000e+00,1.4637791515e+02
1.4415064616e+02,1.0000000000e+00,1.4415064616e+02
1.3728410807e+02,1.0000000000e+00,1.3728410807e+02
1.2628240741e+02,1.0000000000e+00,1.2628240741e+02
1.1234575025e+02,1.0000000000e+00,1.1234575025e+02
9.5587381593e+01,1.0000000000e+00,9.5587381593e+01
7.6466854120e+01,1.0000000000e+00,7.6466854120e+01
5.7976384469e+01,1.0000000000e+00,5.7976384469e+01
4.4355682401e+01,1.0000000000e+00,4.4355682401e+01
3.7676229314e+01,1.0000000000e+00,3.7676229314e+01
3.6543706476e+01,1.0000000000e+00,3.6543706476e+01
3.7525058080e+01,1.0000000000e+00,3.7525058080e+01
3.7135812723e+01,1.0000000000e+00,3.7135812723e+01
3.3224401256e+01,1.0000000000e+00,3.3224401256e+01
2.8478058219e+01,1.0000000000e+00,2.8478058219e+01
2.3731715183e+01,1.0000000000e+00,2.3731715183e+01
1.8985372146e+01,1.0000000000e+00,1.8985372146e+01
1.4239029110e+01,1.0000000000e+00,1.4239029110e+01
1.3691738145e+01,1.0000000000e+00,1.3691738145e+01
2.7383476290e+01,1.0000000000e+00,2.7383476290e+01
4.1075214435e+01,1.0000000000e+00,4.1075214435e+01
5.7997361930e+01,1.0000000000e+00,5.7997361930e+01
7.1239958835e+01,1.0000000000e+00,7.1239958835e+01
7.8382943482e+01,1.0000000000e+00,7.8382943482e+01
7.7792774722e+01,1.0000000000e+00,7.7792774722e+01
6.9849726138e+01,1.0000000000e+00,6.9849726138e+01
5.9480582423e+01,1.0000000000e+00,5.9480582423e+01
5.5600570819e+01,1.0000000000e+00,5.5600570819e+01
6.4679255334e+01,1.0000000000e+00,6.4679255334e+01
8.3219360387e+01,1.0000000000e+00,8.3219360387e+01
9.8455820518e+01,1.0000000000e+00,9.8455820518e+01
9.8970873682e+01,1.0000000000e+00,9.8970873682e+01
8.5087471817e+01,1.0000000000e+00,8.5087471817e+01
6.9255986911e+01,1.0000000000e+00,6.9255986911e+01
6.6745781273e+01,1.0000000000e+00,6.6745781273e+01
9.5171182801e+01,1.0000000000e+00,9.5171182801e+01
1.1529096355e+02,1.0000000000e+00,1.1529096355e+02
1.2500000000e+02,1.0000000000e+00,1.2500000000e+02
1.1353294480e+02,1.0000000000e+00,1.1353294480e+02
8.9977036520e+01,1.0000000000e+00,8.9977036520e+01
5.6197668824e+01,1.0000000000e+00,5.6197668824e+01
6.7861536694e+01,1.0000000000e+00,6.7861536694e+01
1.0888040543e+02,1.0000000000e+00,1.0888040543e+02
1.6030781231e+02,1.0000000000e+00,1.6030781231e+02
2.0117734736e+02,1.0000000000e+00,2.0117734736e+02
2.2097414003e+02,1.0000000000e+00,2.2097414003e+02
2.2053652723e+02,1.0000000000e+00,2.2053652723e+02
2.0624726258e+02,1.0000000000e+00,2.0624726258e+02
1.8522013946e+02,1.0000000000e+00,1.8522013946e+02
1.6360114302e+02,1.0000000000e+00,1.6360114302e+02
1.4621471519e+02,1.0000000000e+00,1.4621471519e+02
1.3576270653e+02,1.0000000000e+00,1.3576270653e+02
1.3164940782e+02,1.0000000000e+00,1.3164940782e+02
1.3013905715e+02,1.0000000000e+00,1.3013905715e+02
1.2679364718e+02,1.0000000000e+00,1.2679364718e+02
1.1966869635e+02,1.0000000000e+00,1.1966869635e+02
1.1067865655e+02,1.0000000000e+00,1.1067865655e+02
1.0406722381e+02,1.0000000000e+00,1.0406722381e+02
1.0301379473e+02,1.0000000000e+00,1.0301379473e+02
1.0675511123e+02,1.0000000000e+00,1.0675511123e+02
1.1085294949e+02,1.0000000000e+00,1.1085294949e+02
1.1063735106e+02,1.0000000000e+00,1.1063735106e+02
1.0423578905e+02,1.0000000000e+00,1.0423578905e+02
9.2607510184e+01,1.0000000000e+00,9.2607510184e+01
7.8027500807e+01,1.0000000000e+00,7.8027500807e+01
6.2855422414e+01,1.0000000000e+00,6.2855422414e+01
4.8555805785e+01,1.0000000000e+00,4.8555805785e+01
4.1619262101e+01,1.0000000000e+00,4.1619262101e+01
3.4682718418e+01,1.0000000000e+00,3.4682718418e+01
2.7746174734e+01,1.0000000000e+00,2.7746174734e+01
2.0809631051e+01,1.0000000000e+00,2.0809631051e+01
1.5909323778e+01,1.0000000000e+00,1.5909323778e+01
3.1818647556e+01,1.0000000000e+00,3.1818647556e+01
4.7727971334e+01,1.0000000000e+00,4.7727971334e+01
9.0056554917e+01,1.0000000000e+00,9.0056554917e+01
1.3763925337e+02,1.0000000000e+00,1.3763925337e+02
1.8272357652e+02,1.0000000000e+00,1.8272357652e+02
2.1749627588e+02,1.0000000000e+00,2.1749627588e+02
2.3355038795e+02,1.0000000000e+00,2.3355038795e+02
2.2436964361e+02,1.0000000000e+00,2.2436964361e+02
1.9098421102e+02,1.0000000000e+00,1.9098421102e+02
1.4548914417e+02,1.0000000000e+00,1.4548914417e+02
1.0694684601e+02,1.0000000000e+00,1.0694684601e+02
9.1232145071e+01,1.0000000000e+00,9.1232145071e+01
1.0289385377e+02,1.0000000000e+00,1.0289385377e+02
1.3387783552e+02,1.0000000000e+00,1.3387783552e+02
1.6827656123e+02,1.0000000000e+00,1.6827656123e+02
1.9129424444e+02,1.0000000000e+00,1.9129424444e+02
1.9733735506e+02,1.0000000000e+00,1.9733735506e+02
1.9036719074e+02,1.0000000000e+00,1.9036719074e+02
1.7798319022e+02,1.0000000000e+00,1.7798319022e+02
1.6686672907e+02,1.0000000000e+00,1.6686672907e+02
1.6114679738e+02,1.0000000000e+00,1.6114679738e+02
1.6004049017e+02,1.0000000000e+00,1.6004049017e+02
1.5664386029e+02,1.0000000000e+00,1.5664386029e+02
1.4335128643e+02,1.0000000000e+00,1.4335128643e+02
1.2048735256e+02,1.0000000000e+00,1.2048735256e+02
9.7616817675e+01,1.0000000000e+00,9.7616817675e+01
8.5355110908e+01,1.0000000000e+00,8.5355110908e+01
8.6830526381e+01,1.0000000000e+00,8.6830526381e+01
9.6709959223e+01,1.0000000000e+00,9.6709959223e+01
1.0680355560e+02,1.0000000000e+00,1.0680355560e+02
1.1239573293e+02,1.0000000000e+00,1.1239573293e+02
1.1467011935e+02,1.0000000000e+00,1.1467011935e+02
1.1826726387e+02,1.0000000000e+00,1.1826726387e+02
1.2677623176e+02,1.0000000000e+00,1.2677623176e+02
1.4044418195e+02,1.0000000000e+00,1.4044418195e+02
1.5766004839e+02,1.0000000000e+00,1.5766004839e+02
1.7720914421e+02,1.0000000000e+00,1.7720914421e+02
1.9723960130e+02,1.0000000000e+00,1.9723960130e+02
2.1177267830e+02,1.0000000000e+00,2.1177267830e+02
2.1065524421e+02,1.0000000000e+00,2.1065524421e+02
1.8619213590e+02,1.0000000000e+00,1.8619213590e+02
1.4206664642e+02,1.0000000000e+00,1.4206664642e+02
9.6110154134e+01,1.0000000000e+00,9.6110154134e+01
7.1702847852e+01,1.0000000000e+00,7.1702847852e+01
8.1838734610e+01,1.0000000000e+00,8.1838734610e+01
1.1816036294e+02,1.0000000000e+00,1.1816036294e+02
1.5564098695e+02,1.0000000000e+00,1.5564098695e+02
1.7074680840e+02,1.0000000000e+00,1.7074680840e+02
1.5752263217e+02,1.0000000000e+00,1.5752263217e+02
1.2791938985e+02,1.0000000000e+00,1.2791938985e+02
9.9216659681e+01,1.0000000000e+00,9.9216659681e+01
8.2217066609e+01,1.0000000000e+00,8.2217066609e+01
7.8617558529e+01,1.0000000000e+00,7.8617558529e+01
8.5465119664e+01,1.0000000000e+00,8.5465119664e+01
1.0002460136e+02,1.0000000000e+00,1.0002460136e+02
1.2062497369e+02,1.0000000000e+00,1.2062497369e+02
1.4455047879e+02,1.0000000000e+00,1.4455047879e+02
1.6741496471e+02,1.0000000000e+00,1.6741496471e+02
1.8560555738e+02,1.0000000000e+00,1.8560555738e+02
1.9843986314e+02,1.0000000000e+00,1.9843986314e+02
2.0739516808e+02,1.0000000000e+00,2.0739516808e+02
2.1392443871e+02,1.0000000000e+00,2.1392443871e+02
2.1816302485e+02,1.0000000000e+00,2.1816302485e+02
2.1940850886e+02,1.0000000000e+00,2.1940850886e+02
2.1773682650e+02,1.0000000000e+00,2.1773682650e+02
2.1454483197e+02,1.0000000000e+00,2.1454483197e+02
2.1118393943e+02,1.0000000000e+00,2.1118393943e+02
2.0782945176e+02,1.0000000000e+00,2.0782945176e+02
2.0364628889e+02,1.0000000000e+00,2.0364628889e+02
1.9630886808e+02,1.0000000000e+00,1.9630886808e+02
1.8105965112e+02,1.0000000000e+00,1.8105965112e+02
1.5341847447e+02,1.0000000000e+00,1.5341847447e+02
1.1519495038e+02,1.0000000000e+00,1.1519495038e+02
7.5779574620e+01,1.0000000000e+00,7.5779574620e+01
4.5282400278e+01,1.0000000000e+00,4.5282400278e+01
2.7693020147e+01,1.0000000000e+00,2.7693020147e+01
1.7749873040e+01,1.0000000000e+00,1.7749873040e+01
2.5556598973e+01,1.0000000000e+00,2.5556598973e+01
5.0674555821e+01,1.0000000000e+00,5.0674555821e+01
7.7068416866e+01,1.0000000000e+00,7.7068416866e+01
1.0416666667e+02,1.0000000000e+00,1.0416666667e+02
1.2500000000e+02,1.0000000000e+00,1.2500000000e+02
1.0416666667e+02,1.0000000000e+00,1.0416666667e+02
7.3181848316e+01,1.0000000000e+00,7.3181848316e+01
3.8552522736e+01,1.0000000000e+00,3.8552522736e+01
2.5581595779e+01,1.0000000000e+00,2.5581595779e+01
3.8192264602e+01,1.0000000000e+00,3.8192264602e+01
8.3826759918e+01,1.0000000000e+00,8.3826759918e+01
1.4087967329e+02,1.0000000000e+00,1.4087967329e+02
1.7927484327e+02,1.0000000000e+00,1.7927484327e+02
1.7811804203e+02,1.0000000000e+00,1.7811804203e+02
1.3971601286e+02,1.0000000000e+00,1.3971601286e+02
8.7212261474e+01,1.0000000000e+00,8.7212261474e+01
4.9562538900e+01,1.0000000000e+00,4.9562538900e+01
4.5309737933e+01,1.0000000000e+00,4.5309737933e+01
7.4837283155e+01,1.0000000000e+00,7.4837283155e+01
1.2344897503e+02,1.0000000000e+00,1.2344897503e+02
1.7092495737e+02,1.0000000000e+00,1.7092495737e+02
2.0116223033e+02,1.0000000000e+00,2.0116223033e+02
2.0662637502e+02,1.0000000000e+00,2.0662637502e+02
1.8698806069e+02,1.0000000000e+00,1.8698806069e+02
1.4721598931e+02,1.0000000000e+00,1.4721598931e+02
9.8276083214e+01,1.0000000000e+00,9.8276083214e+01
5.5989569170e+01,1.0000000000e+00,5.5989569170e+01
3.4612748474e+01,1.0000000000e+00,3.4612748474e+01
3.9590859665e+01,1.0000000000e+00,3.9590859665e+01
6.5464185440e+01,1.0000000000e+00,6.5464185440e+01
1.0020817554e+02,1.0000000000e+00,1.0020817554e+02
1.3277393701e+02,1.0000000000e+00,1.3277393701e+02
1.5760089906e+02,1.0000000000e+00,1.5760089906e+02
1.7293278354e+02,1.0000000000e+00,1.7293278354e+02
1.7782241525e+02,1.0000000000e+00,1.7782241525e+02
1.7277746666e+02,1.0000000000e+00,1.7277746666e+02
1.6111753103e+02,1.0000000000e+00,1.6111753103e+02
1.4697085044e+02,1.0000000000e+00,1.4697085044e+02
1.3198950009e+02,1.0000000000e+00,1.3198950009e+02
1.1488662877e+02,1.0000000000e+00,1.1488662877e+02
9.4245071305e+01,1.0000000000e+00,9.4245071305e+01
7.1710159559e+01,1.0000000000e+00,7.1710159559e+01
5.2472131054e+01,1.0000000000e+00,5.2472131054e+01
4.2531289765e+01,1.0000000000e+00,4.2531289765e+01
4.4884741920e+01,1.0000000000e+00,4.4884741920e+01
5.6989015448e+01,1.0000000000e+00,5.6989015448e+01
7.1155922914e+01,1.0000000000e+00,7.1155922914e+01
7.8612982051e+01,1.0000000000e+00,7.8612982051e+01
7.5310909260e+01,1.0000000000e+00,7.5310909260e+01
6.5226500273e+01,1.0000000000e+00,6.5226500273e+01
5.7790315438e+01,1.0000000000e+00,5.7790315438e+01
6.0255003867e+01,1.0000000000e+00,6.0255003867e+01
7.1513960046e+01,1.0000000000e+00,7.1513960046e+01
8.8520383380e+01,1.0000000000e+00,8.5126868970e+01
9.6637448844e+01,1.0000000000e+00,9.4419630753e+01
9.6565957824e+01,1.0000000000e+00,1.0277382504e+02
1.1811329280e+02,1.0000000000e+00,1.2330209461e+02
1.6727818651e+02,1.0000000000e+00,1.5835833202e+02
1.9539363390e+02,1.0000000000e+00,1.8654500544e+02
1.7025589211e+02,1.0000000000e+00,1.8369543098e+02
1.3685646639e+02,1.0000000000e+00,1.5156638524e+02
1.1983413053e+02,1.0000000000e+00,1.0754004051e+02
9.1404864168e+01,1.0000000000e+00,6.9356382077e+01
5.5222534404e+01,1.0000000000e+00,5.3656804085e+01
4.3961992994e+01,1.0000000000e+00,6.5860451528e+01
7.8693273532e+01,1.0000000000e+00,9.7840213117e+01
1.4674518545e+02,1.0000000000e+00,1.3512904121e+02
1.8644538098e+02,1.0000000000e+00,1.5957824642e+02
1.5681031514e+02,1.0000000000e+00,1.6188339846e+02
1.2876628632e+02,1.0000000000e+00,1.5700264683e+02
1.6195976387e+02,1.0000000000e+00,1.5866280818e+02
1.8411653430e+02,1.0000000000e+00,1.5559602903e+02
1.3774823655e+02,1.0000000000e+00,1.4030536010e+02
1.0257364021e+02,1.0000000000e+00,1.3117793773e+02
1.3472301396e+02,1.0000000000e+00,1.3825528856e+02
1.7056084955e+02,1.0000000000e+00,1.4487950950e+02
1.5128638348e+02,1.0000000000e+00,1.3602165438e+02
1.0636589417e+02,1.0000000000e+00,1.1776271949e+02
8.4277231299e+01,1.0000000000e+00,1.0301716251e+02
9.1327786370e+01,1.0000000000e+00,9.6566188528e+01
1.0248854453e+02,1.0000000000e+00,9.5127841810e+01
1.0090732147e+02,1.0000000000e+00,9.4638031326e+01
9.4266232106e+01,1.0000000000e+00,9.4217044207e+01
9.2474804992e+01,1.0000000000e+00,9.3914399852e+01
9.2866773035e+01,1.0000000000e+00,9.3347352884e+01
9.4071614522e+01,1.0000000000e+00,9.3313060471e+01
9.6233779807e+01,1.0000000000e+00,9.3769691015e+01
9.1011848997e+01,1.0000000000e+00,9.1717145935e+01
7.9938688189e+01,1.0000000000e+00,8.6609894211e+01
8.0080483105e+01,1.0000000000e+00,8.2818373398e+01
8.9894843745e+01,1.0000000000e+00,8.2003451345e+01
8.7935893807e+01,1.0000000000e+00,8.0916027691e+01
7.2409048868e+01,1.0000000000e+00,7.8597146381e+01
6.9822583827e+01,1.0000000000e+00,7.8894844887e+01
8.5726871096e+01,1.0000000000e+00,8.1397860863e+01
8.8618966441e+01,1.0000000000e+00,7.8803093895e+01
6.6828698527e+01,1.0000000000e+00,6.9126426698e+01
5.0167109646e+01,1.0000000000e+00,6.0018516142e+01
5.7116813744e+01,1.0000000000e+00,5.6687411832e+01
6.3821391271e+01,1.0000000000e+00,5.4450793607e+01
4.8262588853e+01,1.0000000000e+00,4.7970874460e+01
3.1931185850e+01,1.0000000000e+00,4.0575249104e+01
3.5870191880e+01,1.0000000000e+00,3.5910516484e+01
4.0467064225e+01,1.0000000000e+00,3.2724679795e+01
2.5864447649e+01,1.0000000000e+00,2.5698945321e+01
1.2140824179e+01,1.0000000000e+00,1.8849009469e+01
1.5328828645e+01,1.0000000000e+00,1.5381399204e+01
1.6210991567e+01,1.0000000000e+00,1.1452620630e+01
3.7048857498e+00,1.0000000000e+00,4.8461883082e+00
0.0000000000e+00,9.0000000000e-01,0.0000000000e+00
0.0000000000e+00,8.0000000000e-01,0.0000000000e+00
0.0000000000e+00,7.0000000000e-01,0.0000000000e+00
0.0000000000e+00,6.0000000000e-01,0.0000000000e+00
0.0000000000e+00,6.0000000000e-01,0.0000000000e+00
0.0000000000e+00,6.0000000000e-01,0.0000000000e+00
0.0000000000e+00,6.0000000000e-01,0.0000000000e+00
0.0000000000e+00,6.0000000000e-01,0.0000000000e+00
0.0000000000e+00,6.0000000000e-01,0.0000000000e+00
0.0000000000e+00,6.0000000000e-01,0.0000000000e+00
0.0000000000e+00,7.0000000000e-01,0.0000000000e+00
0.0000000000e+00,8.0000000000e-01,0.0000000000e+00
0.0000000000e+00,9.0000000000e-01,0.0000000000e+00
1.2870581721e+01,1.0000000000e+00,1.2870581721e+01
2.5741163443e+01,1.0000000000e+00,2.5741163443e+01
3.8611745164e+01,1.0000000000e+00,3.8611745164e+01
5.2297894233e+01,1.0000000000e+00,5.2297894233e+01
5.5625281119e+01,1.0000000000e+00,5.5625281119e+01
4.8448448806e+01,1.0000000000e+00,4.8448448806e+01
3.9051013437e+01,1.0000000000e+00,3.9051013437e+01
4.0021290596e+01,1.0000000000e+00,4.0021290596e+01
5.9328191588e+01,1.0000000000e+00,5.9328191588e+01
9.3447194780e+01,1.0000000000e+00,9.3447194780e+01
1.2920307921e+02,1.0000000000e+00,1.2920307921e+02
1.5368792208e+02,1.0000000000e+00,1.5368792208e+02
1.6360712950e+02,1.0000000000e+00,1.6360712950e+02
1.6545970006e+02,1.0000000000e+00,1.6545970006e+02
1.6739534801e+02,1.0000000000e+00,1.6739534801e+02
1.7232053071e+02,1.0000000000e+00,1.7232053071e+02
1.7913201070e+02,1.0000000000e+00,1.7913201070e+02
1.8783471499e+02,1.0000000000e+00,1.8783471499e+02
1.9966519825e+02,1.0000000000e+00,1.9966519825e+02
2.1197847009e+02,1.0000000000e+00,2.1197847009e+02
2.1656983204e+02,1.0000000000e+00,2.1656983204e+02
2.0610617804e+02,1.0000000000e+00,2.0610617804e+02
1.8268377406e+02,1.0000000000e+00,1.8268377406e+02
1.5858598196e+02,1.0000000000e+00,1.5858598196e+02
1.4671608527e+02,1.0000000000e+00,1.4671608527e+02
1.5053747120e+02,1.0000000000e+00,1.5053747120e+02
1.6462486165e+02,1.0000000000e+00,1.6462486165e+02
1.8277162493e+02,1.0000000000e+00,1.8277162493e+02
2.0182148624e+02,1.0000000000e+00,2.0182148624e+02
2.1815585541e+02,1.0000000000e+00,2.1815585541e+02
2.2439753638e+02,1.0000000000e+00,2.2439753638e+02
2.1235801240e+02,1.0000000000e+00,2.1235801240e+02
1.8000434700e+02,1.0000000000e+00,1.8000434700e+02
1.3612375995e+02,1.0000000000e+00,1.3612375995e+02
9.8327461840e+01,1.0000000000e+00,9.8327461840e+01
8.4153827088e+01,1.0000000000e+00,8.4153827088e+01
1.0015154666e+02,1.0000000000e+00,1.0015154666e+02
1.3726307274e+02,1.0000000000e+00,1.3726307274e+02
1.7675163528e+02,1.0000000000e+00,1.7675163528e+02
2.0187463883e+02,1.0000000000e+00,2.0187463883e+02
2.0640623310e+02,1.0000000000e+00,2.0640623310e+02
1.9504682348e+02,1.0000000000e+00,1.9504682348e+02
1.7743416219e+02,1.0000000000e+00,1.7743416219e+02
1.6153444404e+02,1.0000000000e+00,1.6153444404e+02
1.5120693222e+02,1.0000000000e+00,1.5120693222e+02
1.4755747429e+02,1.0000000000e+00,1.4755747429e+02
1.5003167830e+02,1.0000000000e+00,1.5003167830e+02
1.5575776025e+02,1.0000000000e+00,1.5575776025e+02
1.5981512135e+02,1.0000000000e+00,1.5981512135e+02
1.5802567900e+02,1.0000000000e+00,1.5802567900e+02
1.4985559674e+02,1.0000000000e+00,1.4985559674e+02
1.3835823224e+02,1.0000000000e+00,1.3835823224e+02
1.2715451209e+02,1.0000000000e+00,1.2715451209e+02
1.1724907732e+02,1.0000000000e+00,1.1724907732e+02
1.0661938428e+02,1.0000000000e+00,1.0661938428e+02
9.3186984444e+01,1.0000000000e+00,9.3186984444e+01
7.8317048768e+01,1.0000000000e+00,7.8317048768e+01
6.6633852603e+01,1.0000000000e+00,6.6633852603e+01
6.1891779850e+01,1.0000000000e+00,6.1891779850e+01
6.3792450067e+01,1.0000000000e+00,6.3792450067e+01
6.9098276623e+01,1.0000000000e+00,6.9098276623e+01
7.4628734404e+01,1.0000000000e+00,7.4628734404e+01
7.8760528369e+01,1.0000000000e+00,7.8760528369e+01
8.1330473525e+01,1.0000000000e+00,8.1330473525e+01
8.2850895969e+01,1.0000000000e+00,8.2850895969e+01
8.3257634594e+01,1.0000000000e+00,8.3257634594e+01
8.1458759081e+01,1.0000000000e+00,8.1458759081e+01
7.6940392671e+01,1.0000000000e+00,7.6940392671e+01
7.1213141593e+01,1.0000000000e+00,7.1213141593e+01
6.6083351846e+01,1.0000000000e+00,6.6083351846e+01
6.0986168262e+01,1.0000000000e+00,6.0986168262e+01
5.3693663183e+01,1.0000000000e+00,5.3693663183e+01
4.3151584600e+01,1.0000000000e+00,4.3151584600e+01
3.6987072514e+01,1.0000000000e+00,3.6987072514e+01
3.0822560429e+01,1.0000000000e+00,3.0822560429e+01
2.4658048343e+01,1.0000000000e+00,2.4658048343e+01
1.8493536257e+01,1.0000000000e+00,1.8493536257e+01
2.0399305556e+01,1.0000000000e+00,2.0399305556e+01
4.0798611111e+01,1.0000000000e+00,4.0798611111e+01
6.1197916667e+01,1.0000000000e+00,6.1197916667e+01
1.0416666667e+02,1.0000000000e+00,1.0416666667e+02
1.2500000000e+02,1.0000000000e+00,1.2500000000e+02
1.0416666667e+02,1.0000000000e+00,1.0416666667e+02
8.9285714286e+01,1.0000000000e+00,8.9285714286e+01
7.4404761905e+01,1.0000000000e+00,7.4404761905e+01
5.9523809524e+01,1.0000000000e+00,5.9523809524e+01
4.4642857143e+01,1.0000000000e+00,4.4642857143e+01
5.1196666925e+01,1.0000000000e+00,5.1196666925e+01
8.8632271881e+01,1.0000000000e+00,8.8632271881e+01
1.2027732147e+02,1.0000000000e+00,1.2027732147e+02
1.3623241212e+02,1.0000000000e+00,1.3623241212e+02
1.3843114197e+02,1.0000000000e+00,1.3843114197e+02
1.3677960189e+02,1.0000000000e+00,1.3677960189e+02
1.3901305970e+02,1.0000000000e+00,1.3901305970e+02
1.4471368571e+02,1.0000000000e+00,1.4471368571e+02
1.4902320477e+02,1.0000000000e+00,1.4902320477e+02
1.5009225092e+02,1.0000000000e+00,1.5009225092e+02
1.5020309588e+02,1.0000000000e+00,1.5020309588e+02
1.5068869608e+02,1.0000000000e+00,1.5068869608e+02
1.5010069743e+02,1.0000000000e+00,1.5010069743e+02
1.4793980157e+02,1.0000000000e+00,1.4793980157e+02
1.4665651419e+02,1.0000000000e+00,1.4665651419e+02
1.4964882183e+02,1.0000000000e+00,1.4964882183e+02
1.5918184869e+02,1.0000000000e+00,1.5918184869e+02
1.7488251267e+02,1.0000000000e+00,1.7488251267e+02
1.9279582487e+02,1.0000000000e+00,1.9279582487e+02
2.0734674233e+02,1.0000000000e+00,2.0734674233e+02
2.1519152367e+02,1.0000000000e+00,2.1519152367e+02
2.1719911184e+02,1.0000000000e+00,2.1719911184e+02
2.1721414349e+02,1.0000000000e+00,2.1721414349e+02
2.1857541300e+02,1.0000000000e+00,2.1857541300e+02
2.2107454453e+02,1.0000000000e+00,2.2107454453e+02
2.2154134347e+02,1.0000000000e+00,2.2154134347e+02
2.1770163284e+02,1.0000000000e+00,2.1770163284e+02
2.1128574962e+02,1.0000000000e+00,2.1128574962e+02
2.0715218404e+02,1.0000000000e+00,2.0715218404e+02
2.0910530337e+02,1.0000000000e+00,2.0910530337e+02
2.1654317162e+02,1.0000000000e+00,2.1654317162e+02
2.2531680760e+02,1.0000000000e+00,2.2531680760e+02
2.3144492008e+02,1.0000000000e+00,2.3144492008e+02
2.3366676309e+02,1.0000000000e+00,2.3366676309e+02
2.3315847549e+02,1.0000000000e+00,2.3315847549e+02
2.3184148428e+02,1.0000000000e+00,2.3184148428e+02
2.3106036546e+02,1.0000000000e+00,2.3106036546e+02
2.3117040884e+02,1.0000000000e+00,2.3117040884e+02
2.3172294237e+02,1.0000000000e+00,2.3172294237e+02
2.3186047456e+02,1.0000000000e+00,2.3186047456e+02
2.3079848161e+02,1.0000000000e+00,2.3079848161e+02
2.2839363744e+02,1.0000000000e+00,2.2839363744e+02
2.2552014875e+02,1.0000000000e+00,2.2552014875e+02
2.2363801928e+02,1.0000000000e+00,2.2363801928e+02
2.2353569486e+02,1.0000000000e+00,2.2353569486e+02
2.2457361096e+02,1.0000000000e+00,2.2457361096e+02
2.2554088104e+02,1.0000000000e+00,2.2554088104e+02
2.2606910662e+02,1.0000000000e+00,2.2606910662e+02
2.2677405673e+02,1.0000000000e+00,2.2677405673e+02
2.2822415502e+02,1.0000000000e+00,2.2822415502e+02
2.3025318596e+02,1.0000000000e+00,2.3025318596e+02
2.3215351943e+02,1.0000000000e+00,2.3215351943e+02
2.3306134986e+02,1.0000000000e+00,2.3306134986e+02
2.3215266223e+02,1.0000000000e+00,2.3215266223e+02
2.2902411668e+02,1.0000000000e+00,2.2902411668e+02
2.2444529970e+02,1.0000000000e+00,2.2444529970e+02
2.2073111240e+02,1.0000000000e+00,2.2073111240e+02
2.2053464708e+02,1.0000000000e+00,2.2053464708e+02
2.2406548125e+02,1.0000000000e+00,2.2406548125e+02
2.2699909436e+02,1.0000000000e+00,2.2699909436e+02
2.2192700215e+02,1.0000000000e+00,2.2192700215e+02
2.0347511713e+02,1.0000000000e+00,2.0347511713e+02
1.7342920580e+02,1.0000000000e+00,1.7342920580e+02
1.4123702760e+02,1.0000000000e+00,1.4123702760e+02
1.1863626843e+02,1.0000000000e+00,1.1863626843e+02
1.1264189939e+02,1.0000000000e+00,1.1264189939e+02
1.2308446017e+02,1.0000000000e+00,1.2308446017e+02
1.4540582613e+02,1.0000000000e+00,1.4540582613e+02
1.7341505375e+02,1.0000000000e+00,1.7341505375e+02
1.9976615951e+02,1.0000000000e+00,1.9976615951e+02
2.1755377841e+02,1.0000000000e+00,2.1755377841e+02
2.2392793635e+02,1.0000000000e+00,2.2392793635e+02
2.2180225416e+02,1.0000000000e+00,2.2180225416e+02
2.1728200168e+02,1.0000000000e+00,2.1728200168e+02
2.1508402170e+02,1.0000000000e+00,2.1508402170e+02
2.1593853441e+02,1.0000000000e+00,2.1593853441e+02
2.1761059139e+02,1.0000000000e+00,2.1761059139e+02
2.1768963842e+02,1.0000000000e+00,2.1768963842e+02
2.1543357997e+02,1.0000000000e+00,2.1543357997e+02
2.1155552747e+02,1.0000000000e+00,2.1155552747e+02
2.0662029489e+02,1.0000000000e+00,2.0662029489e+02
1.9983527879e+02,1.0000000000e+00,1.9983527879e+02
1.8951121566e+02,1.0000000000e+00,1.8951121566e+02
1.7466909133e+02,1.0000000000e+00,1.7466909133e+02
1.5638815082e+02,1.0000000000e+00,1.5638815082e+02
1.3748136498e+02,1.0000000000e+00,1.3748136498e+02
1.2003176007e+02,1.0000000000e+00,1.2003176007e+02
1.0326705611e+02,1.0000000000e+00,1.0326705611e+02
8.5032797606e+01,1.0000000000e+00,8.5032797606e+01
6.5374721245e+01,1.0000000000e+00,6.5374721245e+01
4.7288514195e+01,1.0000000000e+00,4.7288514195e+01
4.0533012167e+01,1.0000000000e+00,4.0533012167e+01
3.3777510139e+01,1.0000000000e+00,3.3777510139e+01
2.7022008111e+01,1.0000000000e+00,2.7022008111e+01
2.0266506083e+01,1.0000000000e+00,2.0266506083e+01
1.6884124532e+01,1.0000000000e+00,1.6884124532e+01
2.5326186798e+01,1.0000000000e+00,2.5326186798e+01
5.1247757275e+01,1.0000000000e+00,5.1247757275e+01
8.7664987871e+01,1.0000000000e+00,8.7664987871e+01
1.2142601397e+02,1.0000000000e+00,1.2142601397e+02
1.3853266206e+02,1.0000000000e+00,1.3853266206e+02
1.3491263527e+02,1.0000000000e+00,1.3491263527e+02
1.2037130602e+02,1.0000000000e+00,1.2037130602e+02
1.1119874568e+02,1.0000000000e+00,1.1119874568e+02
1.1712322753e+02,1.0000000000e+00,1.1712322753e+02
1.3488021967e+02,1.0000000000e+00,1.3488021967e+02
1.5428955656e+02,1.0000000000e+00,1.5428955656e+02
1.6894251578e+02,1.0000000000e+00,1.6894251578e+02
1.7992830032e+02,1.0000000000e+00,1.7992830032e+02
1.9110216550e+02,1.0000000000e+00,1.9110216550e+02
2.0372921643e+02,1.0000000000e+00,2.0372921643e+02
2.1597234007e+02,1.0000000000e+00,2.1597234007e+02
2.2511679065e+02,1.0000000000e+00,2.2511679065e+02
2.2917238376e+02,1.0000000000e+00,2.2917238376e+02
2.2779548607e+02,1.0000000000e+00,2.2779548607e+02
2.2294450458e+02,1.0000000000e+00,2.2294450458e+02
2.1836489495e+02,1.0000000000e+00,2.1836489495e+02
2.1733914985e+02,1.0000000000e+00,2.1733914985e+02
2.1997952540e+02,1.0000000000e+00,2.1997952540e+02
2.2291304985e+02,1.0000000000e+00,2.2291304985e+02
2.2253789820e+02,1.0000000000e+00,2.2253789820e+02
2.1870432244e+02,1.0000000000e+00,2.1870432244e+02
2.1460141433e+02,1.0000000000e+00,2.1460141433e+02
2.1310084411e+02,1.0000000000e+00,2.1310084411e+02
2.1407447813e+02,1.0000000000e+00,2.1407447813e+02
2.1529215913e+02,1.0000000000e+00,2.1529215913e+02
2.1491577659e+02,1.0000000000e+00,2.1491577659e+02
2.1310412207e+02,1.0000000000e+00,2.1310412207e+02
2.1180464624e+02,1.0000000000e+00,2.1180464624e+02
2.1279520054e+02,1.0000000000e+00,2.1279520054e+02
2.1610298220e+02,1.0000000000e+00,2.1610298220e+02
2.2060584766e+02,1.0000000000e+00,2.2060584766e+02
2.2519386332e+02,1.0000000000e+00,2.2519386332e+02
2.2893142400e+02,1.0000000000e+00,2.2893142400e+02
2.3113973811e+02,1.0000000000e+00,2.3113973811e+02
2.3182862696e+02,1.0000000000e+00,2.3182862696e+02
2.3168672409e+02,1.0000000000e+00,2.3168672409e+02
2.3149403681e+02,1.0000000000e+00,2.3149403681e+02
2.3145708732e+02,1.0000000000e+00,2.3145708732e+02
2.3079755991e+02,1.0000000000e+00,2.3079755991e+02
2.2786908516e+02,1.0000000000e+00,2.2786908516e+02
2.2097967386e+02,1.0000000000e+00,2.2097967386e+02
2.0937854805e+02,1.0000000000e+00,2.0937854805e+02
1.9361121453e+02,1.0000000000e+00,1.9361121453e+02
1.7540493591e+02,1.0000000000e+00,1.7540493591e+02
1.5745468257e+02,1.0000000000e+00,1.5745468257e+02
1.4253240884e+02,1.0000000000e+00,1.4253240884e+02
1.3175628168e+02,1.0000000000e+00,1.3175628168e+02
1.2373769819e+02,1.0000000000e+00,1.2373769819e+02
1.1673513038e+02,1.0000000000e+00,1.1673513038e+02
1.1245115704e+02,1.0000000000e+00,1.1245115704e+02
1.1603154742e+02,1.0000000000e+00,1.1603154742e+02
1.3063022429e+02,1.0000000000e+00,1.3063022429e+02
1.5336861630e+02,1.0000000000e+00,1.5336861630e+02
1.7785297717e+02,1.0000000000e+00,1.7785297717e+02
1.9879554690e+02,1.0000000000e+00,1.9879554690e+02
2.1308615447e+02,1.0000000000e+00,2.1308615447e+02
2.1864653845e+02,1.0000000000e+00,2.1864653845e+02
2.1483558746e+02,1.0000000000e+00,2.1483558746e+02
2.0393146262e+02,1.0000000000e+00,2.0393146262e+02
1.9050300855e+02,1.0000000000e+00,1.9050300855e+02
1.7862762894e+02,1.0000000000e+00,1.7862762894e+02
1.6994967297e+02,1.0000000000e+00,1.6994967297e+02
1.6328362041e+02,1.0000000000e+00,1.6328362041e+02
1.5484581376e+02,1.0000000000e+00,1.5484581376e+02
1.4034421283e+02,1.0000000000e+00,1.4034421283e+02
1.1865140244e+02,1.0000000000e+00,1.1865140244e+02
9.3178591139e+01,1.0000000000e+00,9.3178591139e+01
6.9782990624e+01,1.0000000000e+00,6.9782990624e+01
5.4249061537e+01,1.0000000000e+00,5.4249061537e+01
5.0925397811e+01,1.0000000000e+00,5.0925397811e+01
7.3823830947e+01,1.0000000000e+00,7.3823830947e+01
9.4400109332e+01,1.0000000000e+00,9.4400109332e+01
1.1265423297e+02,1.0000000000e+00,1.1265423297e+02
1.2500000000e+02,1.0000000000e+00,1.2500000000e+02
1.1243577333e+02,1.0000000000e+00,1.1243577333e+02
8.6468795317e+01,1.0000000000e+00,8.6468795317e+01
4.9614639990e+01,1.0000000000e+00,4.9614639990e+01
5.8137718247e+01,1.0000000000e+00,5.8137718247e+01
9.1057431319e+01,1.0000000000e+00,9.1057431319e+01
1.3114419477e+02,1.0000000000e+00,1.3114419477e+02
1.5577108474e+02,1.0000000000e+00,1.5577108474e+02
1.5355244434e+02,1.0000000000e+00,1.5355244434e+02
1.3157989615e+02,1.0000000000e+00,1.3157989615e+02
1.0972137028e+02,1.0000000000e+00,1.0972137028e+02
1.0693094920e+02,1.0000000000e+00,1.0693094920e+02
1.2774622183e+02,1.0000000000e+00,1.2774622183e+02
1.5955580787e+02,1.0000000000e+00,1.5955580787e+02
1.8429192302e+02,1.0000000000e+00,1.8429192302e+02
1.9307732772e+02,1.0000000000e+00,1.9307732772e+02
1.8988083229e+02,1.0000000000e+00,1.8988083229e+02
1.8388835869e+02,1.0000000000e+00,1.8388835869e+02
1.8073667106e+02,1.0000000000e+00,1.8073667106e+02
1.8025340298e+02,1.0000000000e+00,1.8025340298e+02
1.7968475736e+02,1.0000000000e+00,1.7968475736e+02
1.7702079524e+02,1.0000000000e+00,1.7702079524e+02
1.7184600393e+02,1.0000000000e+00,1.7184600393e+02
1.6456259090e+02,1.0000000000e+00,1.6456259090e+02
1.5534421662e+02,1.0000000000e+00,1.5534421662e+02
1.4428940900e+02,1.0000000000e+00,1.4428940900e+02
1.3342840364e+02,1.0000000000e+00,1.3342840364e+02
1.2836520774e+02,1.0000000000e+00,1.2836520774e+02
1.3584425451e+02,1.0000000000e+00,1.3584425451e+02
1.5695507079e+02,1.0000000000e+00,1.5695507079e+02
1.8249686759e+02,1.0000000000e+00,1.8249686759e+02
1.9814437266e+02,1.0000000000e+00,1.9814437266e+02
1.9620889765e+02,1.0000000000e+00,1.9620889765e+02
1.8099601806e+02,1.0000000000e+00,1.8099601806e+02
1.6220749360e+02,1.0000000000e+00,1.6220749360e+02
1.4581950567e+02,1.0000000000e+00,1.4581950567e+02
1.3251998267e+02,1.0000000000e+00,1.3251998267e+02
1.2125344083e+02,1.0000000000e+00,1.2125344083e+02
1.1076600281e+02,1.0000000000e+00,1.1076600281e+02
9.9523497234e+01,1.0000000000e+00,9.9523497234e+01
8.6961384796e+01,1.0000000000e+00,8.6961384796e+01
7.3927320423e+01,1.0000000000e+00,7.3927320423e+01
6.0990371419e+01,1.0000000000e+00,6.0990371419e+01
4.8007943900e+01,1.0000000000e+00,4.8007943900e+01
3.5708088419e+01,1.0000000000e+00,3.5708088419e+01
3.0606932931e+01,1.0000000000e+00,3.0606932931e+01
2.5505777442e+01,1.0000000000e+00,2.5505777442e+01
2.0404621954e+01,1.0000000000e+00,2.0404621954e+01
1.5303466465e+01,1.0000000000e+00,1.5303466465e+01
1.0202310977e+01,1.0000000000e+00,1.0202310977e+01
5.1011554885e+00,1.0000000000e+00,5.1011554885e+00
0.0000000000e+00,9.0000000000e-01,0.0000000000e+00
0.0000000000e+00,8.0000000000e-01,0.0000000000e+00
0.0000000000e+00,7.0000000000e-01,0.0000000000e+00
0.0000000000e+00,6.0000000000e-01,0.0000000000e+00
0.0000000000e+00,6.0000000000e-01,0.0000000000e+00
0.0000000000e+00,6.0000000000e-01,0.0000000000e+00
0.0000000000e+00,6.0000000000e-01,0.0000000000e+00
0.0000000000e+00,6.0000000000e-01,0.0000000000e+00
0.0000000000e+00,6.0000000000e-01,0.0000000000e+00
0.0000000000e+00,6.0000000000e-01,0.0000000000e+00
0.0000000000e+00,6.0000000000e-01,0.0000000000e+00
0.0000000000e+00,6.0000000000e-01,0.0000000000e+00
0.0000000000e+00,6.0000000000e-01,0.0000000000e+00
0.0000000000e+00,6.0000000000e-01,0.0000000000e+00
0.0000000000e+00,6.0000000000e-01,0.0000000000e+00
0.0000000000e+00,6.0000000000e-01,0.0000000000e+00
0.0000000000e+00,6.0000000000e-01,0.0000000000e+00
0.0000000000e+00,6.0000000000e-01,0.0000000000e+00
0.0000000000e+00,6.0000000000e-01,0.0000000000e+00
0.0000000000e+00,6.0000000000e-01,0.0000000000e+00
0.0000000000e+00,6.0000000000e-01,0.0000000000e+00
0.0000000000e+00,6.0000000000e-01,0.0000000000e+00
0.0000000000e+00,6.0000000000e-01,0.0000000000e+00
0.0000000000e+00,6.0000000000e-01,0.0000000000e+00
0.0000000000e+00,7.0000000000e-01,0.0000000000e+00
0.0000000000e+00,8.0000000000e-01,0.0000000000e+00
0.0000000000e+00,9.0000000000e-01,0.0000000000e+00
2.0399305556e+01,1.0000000000e+00,2.0399305556e+01
4.0798611111e+01,1.0000000000e+00,4.0798611111e+01
6.1197916667e+01,1.0000000000e+00,6.1197916667e+01
1.0416666667e+02,1.0000000000e+00,1.0416666667e+02
1.2500000000e+02,1.0000000000e+00,1.2500000000e+02
1.0416666667e+02,1.0000000000e+00,1.0416666667e+02
8.9285714286e+01,1.0000000000e+00,8.9285714286e+01
7.4404761905e+01,1.0000000000e+00,7.4404761905e+01
5.9523809524e+01,1.0000000000e+00,5.9523809524e+01
4.4642857143e+01,1.0000000000e+00,4.4642857143e+01
2.9761904762e+01,1.0000000000e+00,2.9761904762e+01
2.8823527006e+01,1.0000000000e+00,2.8823527006e+01
7.2559955324e+01,1.0000000000e+00,7.2559955324e+01
1.1511026639e+02,1.0000000000e+00,1.1511026639e+02
1.3518110244e+02,1.0000000000e+00,1.3518110244e+02
1.2199581479e+02,1.0000000000e+00,1.2199581479e+02
8.4191043095e+01,1.0000000000e+00,8.4191043095e+01
4.6066601511e+01,1.0000000000e+00,4.6066601511e+01
3.3441065104e+01,1.0000000000e+00,3.3441065104e+01
5.7612056847e+01,1.0000000000e+00,5.7612056847e+01
1.0828842737e+02,1.0000000000e+00,1.0828842737e+02
1.6106754233e+02,1.0000000000e+00,1.6106754233e+02
1.9373384541e+02,1.0000000000e+00,1.9373384541e+02
1.9878894598e+02,1.0000000000e+00,1.9878894598e+02
1.8396291081e+02,1.0000000000e+00,1.8396291081e+02
1.6287580897e+02,1.0000000000e+00,1.6287580897e+02
1.4491556767e+02,1.0000000000e+00,1.4491556767e+02
1.3231427383e+02,1.0000000000e+00,1.3231427383e+02
1.2437450801e+02,1.0000000000e+00,1.2437450801e+02
1.2139667969e+02,1.0000000000e+00,1.2139667969e+02
1.2344333666e+02,1.0000000000e+00,1.2344333666e+02
1.2747438089e+02,1.0000000000e+00,1.2747438089e+02
1.2817940827e+02,1.0000000000e+00,1.2817940827e+02
1.2242435884e+02,1.0000000000e+00,1.2242435884e+02
1.1265799346e+02,1.0000000000e+00,1.1265799346e+02
1.0540539326e+02,1.0000000000e+00,1.0540539326e+02
1.0587524744e+02,1.0000000000e+00,1.0587524744e+02
1.1315399834e+02,1.0000000000e+00,1.1315399834e+02
1.1991534394e+02,1.0000000000e+00,1.1991534394e+02
1.1781473776e+02,1.0000000000e+00,1.1781473776e+02
1.0501023207e+02,1.0000000000e+00,1.0501023207e+02
8.8494838322e+01,1.0000000000e+00,8.8494838322e+01
7.7576268313e+01,1.0000000000e+00,7.7576268313e+01
7.4809202518e+01,1.0000000000e+00,7.4809202518e+01
7.5274181165e+01,1.0000000000e+00,7.5274181165e+01
7.5231773258e+01,1.0000000000e+00,7.5231773258e+01
7.7794874550e+01,1.0000000000e+00,7.7794874550e+01
8.7620216354e+01,1.0000000000e+00,8.7620216354e+01
1.0360419472e+02,1.0000000000e+00,1.0360419472e+02
1.2036256405e+02,1.0000000000e+00,1.2036256405e+02
1.3420278561e+02,1.0000000000e+00,1.3420278561e+02
1.4404703770e+02,1.0000000000e+00,1.4404703770e+02
1.4880075200e+02,1.0000000000e+00,1.4880075200e+02
1.4803143081e+02,1.0000000000e+00,1.4803143081e+02
1.4413712720e+02,1.0000000000e+00,1.4413712720e+02
1.3988969981e+02,1.0000000000e+00,1.3988969981e+02
1.3428497036e+02,1.0000000000e+00,1.3428497036e+02
1.2434648216e+02,1.0000000000e+00,1.2434648216e+02
1.1051147744e+02,1.0000000000e+00,1.1051147744e+02
9.6647044666e+01,1.0000000000e+00,9.6647044666e+01
8.5173953245e+01,1.0000000000e+00,8.5173953245e+01
7.5550895268e+01,1.0000000000e+00,7.5550895268e+01
6.7076959789e+01,1.0000000000e+00,6.7076959789e+01
5.9951481399e+01,1.0000000000e+00,5.9951481399e+01
5.3684204665e+01,1.0000000000e+00,5.3684204665e+01
4.7041687612e+01,1.0000000000e+00,4.7041687612e+01
3.9785081055e+01,1.0000000000e+00,3.9785081055e+01
3.2865357463e+01,1.0000000000e+00,3.2865357463e+01
2.8170306397e+01,1.0000000000e+00,2.8170306397e+01
2.3475255331e+01,1.0000000000e+00,2.3475255331e+01
1.8780204265e+01,1.0000000000e+00,1.8780204265e+01
1.4085153199e+01,1.0000000000e+00,1.4085153199e+01
9.3901021324e+00,1.0000000000e+00,9.3901021324e+00
4.6950510662e+00,1.0000000000e+00,4.6950510662e+00
0.0000000000e+00,9.0000000000e-01,0.0000000000e+00
0.0000000000e+00,8.0000000000e-01,0.0000000000e+00
0.0000000000e+00,7.0000000000e-01,0.0000000000e+00
0.0000000000e+00,6.0000000000e-01,0.0000000000e+00
0.0000000000e+00,6.0000000000e-01,0.0000000000e+00
0.0000000000e+00,6.0000000000e-01,0.0000000000e+00
0.0000000000e+00,6.0000000000e-01,0.0000000000e+00
0.0000000000e+00,6.0000000000e-01,0.0000000000e+00
0.0000000000e+00,6.0000000000e-01,0.0000000000e+00
0.0000000000e+00,6.0000000000e-01,0.0000000000e+00
0.0000000000e+00,6.0000000000e-01,0.0000000000e+00
0.0000000000e+00,6.0000000000e-01,0.0000000000e+00
0.0000000000e+00,6.0000000000e-01,0.0000000000e+00
0.0000000000e+00,6.0000000000e-01,0.0000000000e+00
0.0000000000e+00,6.0000000000e-01,0.0000000000e+00
0.0000000000e+00,6.0000000000e-01,0.0000000000e+00
0.0000000000e+00,6.0000000000e-01,0.0000000000e+00
0.0000000000e+00,6.0000000000e-01,0.0000000000e+00
0.0000000000e+00,6.0000000000e-01,0.0000000000e+00
0.0000000000e+00,6.0000000000e-01,0.0000000000e+00
0.0000000000e+00,6.0000000000e-01,0.0000000000e+00
0.0000000000e+00,6.0000000000e-01,0.0000000000e+00
0.0000000000e+00,6.0000000000e-01,0.0000000000e+00
0.0000000000e+00,6.0000000000e-01,0.0000000000e+00
0.0000000000e+00,6.0000000000e-01,0.0000000000e+00
0.0000000000e+00,6.0000000000e-01,0.0000000000e+00
0.0000000000e+00,6.0000000000e-01,0.0000000000e+00
0.0000000000e+00,6.0000000000e-01,0.0000000000e+00
0.0000000000e+00,6.0000000000e-01,0.0000000000e+00
0.0000000000e+00,6.0000000000e-01,0.0000000000e+00
0.0000000000e+00,6.0000000000e-01,0.0000000000e+00
0.0000000000e+00,6.0000000000e-01,0.0000000000e+00
0.0000000000e+00,6.0000000000e-01,0.0000000000e+00
0.0000000000e+00,6.0000000000e-01,0.0000000000e+00
0.0000000000e+00,6.0000000000e-01,0.0000000000e+00
0.0000000000e+00,6.0000000000e-01,0.0000000000e+00
0.0000000000e+00,6.0000000000e-01,0.0000000000e+00
0.0000000000e+00,6.0000000000e-01,0.0000000000e+00
0.0000000000e+00,6.0000000000e-01,0.0000000000e+00
0.0000000000e+00,6.0000000000e-01,0.0000000000e+00
0.0000000000e+00,6.0000000000e-01,0.0000000000e+00
0.0000000000e+00,6.0000000000e-01,0.0000000000e+00
0.0000000000e+00,6.0000000000e-01,0.0000000000e+00
0.0000000000e+00,6.0000000000e-01,0.0000000000e+00
0.0000000000e+00,6.0000000000e-01,0.0000000000e+00
0.0000000000e+00,6.0000000000e-01,0.0000000000e+00
0.0000000000e+00,6.0000000000e-01,0.0000000000e+00
0.0000000000e+00,6.0000000000e-01,0.0000000000e+00
0.0000000000e+00,6.0000000000e-01,0.0000000000e+00
0.0000000000e+00,6.0000000000e-01,0.0000000000e+00
0.0000000000e+00,6.0000000000e-01,0.0000000000e+00
0.0000000000e+00,6.0000000000e-01,0.0000000000e+00
0.0000000000e+00,6.0000000000e-01,0.0000000000e+00
0.0000000000e+00,6.0000000000e-01,0.0000000000e+00
0.0000000000e+00,6.0000000000e-01,0.0000000000e+00
0.0000000000e+00,6.0000000000e-01,0.0000000000e+00
0.0000000000e+00,6.0000000000e-01,0.0000000000e+00
0.0000000000e+00,6.0000000000e-01,0.0000000000e+00
0.0000000000e+00,6.0000000000e-01,0.0000000000e+00
0.0000000000e+00,6.0000000000e-01,0.0000000000e+00
0.0000000000e+00,6.0000000000e-01,0.0000000000e+00
0.0000000000e+00,6.0000000000e-01,0.0000000000e+00
0.0000000000e+00,6.0000000000e-01,0.0000000000e+00
0.0000000000e+00,6.0000000000e-01,0.0000000000e+00
0.0000000000e+00,6.0000000000e-01,0.0000000000e+00
0.0000000000e+00,6.0000000000e-01,0.0000000000e+00
0.0000000000e+00,6.0000000000e-01,0.0000000000e+00
0.0000000000e+00,6.0000000000e-01,0.0000000000e+00
0.0000000000e+00,6.0000000000e-01,0.0000000000e+00
0.0000000000e+00,6.0000000000e-01,0.0000000000e+00
0.0000000000e+00,6.0000000000e-01,0.0000000000e+00
0.0000000000e+00,6.0000000000e-01,0.0000000000e+00
0.0000000000e+00,6.0000000000e-01,0.0000000000e+00
0.0000000000e+00,6.0000000000e-01,0.0000000000e+00
0.0000000000e+00,6.0000000000e-01,0.0000000000e+00
0.0000000000e+00,6.0000000000e-01,0.0000000000e+00
0.0000000000e+00,6.0000000000e-01,0.0000000000e+00
0.0000000000e+00,6.0000000000e-01,0.0000000000e+00
0.0000000000e+00,6.0000000000e-01,0.0000000000e+00
0.0000000000e+00,6.0000000000e-01,0.0000000000e+00
0.0000000000e+00,6.0000000000e-01,0.0000000000e+00
0.0000000000e+00,6.0000000000e-01,0.0000000000e+00
0.0000000000e+00,6.0000000000e-01,0.0000000000e+00
0.0000000000e+00,6.0000000000e-01,0.0000000000e+00
0.0000000000e+00,6.0000000000e-01,0.0000000000e+00
0.0000000000e+00,6.0000000000e-01,0.0000000000e+00
0.0000000000e+00,6.0000000000e-01,0.0000000000e+00
0.0000000000e+00,6.0000000000e-01,0.0000000000e+00
0.0000000000e+00,6.0000000000e-01,0.0000000000e+00
0.0000000000e+00,6.0000000000e-01,0.0000000000e+00
0.0000000000e+00,6.0000000000e-01,0.0000000000e+00
0.0000000000e+00,6.0000000000e-01,0.0000000000e+00
0.0000000000e+00,6.0000000000e-01,0.0000000000e+00
0.0000000000e+00,6.0000000000e-01,0.0000000000e+00
0.0000000000e+00,6.0000000000e-01,0.0000000000e+00
0.0000000000e+00,6.0000000000e-01,0.0000000000e+00
0.0000000000e+00,6.0000000000e-01,0.0000000000e+00
0.0000000000e+00,6.0000000000e-01,0.0000000000e+00
0.0000000000e+00,6.0000000000e-01,0.0000000000e+00
0.0000000000e+00,6.0000000000e-01,0.0000000000e+00
0.0000000000e+00,7.0000000000e-01,0.0000000000e+00
0.0000000000e+00,8.0000000000e-01,0.0000000000e+00
0.0000000000e+00,9.0000000000e-01,0.0000000000e+00
1.0304633163e+01,1.0000000000e+00,1.0304633163e+01
2.0609266327e+01,1.0000000000e+00,2.0609266327e+01
3.0913899490e+01,1.0000000000e+00,3.0913899490e+01
7.3329847231e+01,1.0000000000e+00,7.3329847231e+01
1.1896472897e+02,1.0000000000e+00,1.1896472897e+02
1.5283461019e+02,1.0000000000e+00,1.5283461019e+02
1.6495331491e+02,1.0000000000e+00,1.6495331491e+02
1.5592239828e+02,1.0000000000e+00,1.5592239828e+02
1.3707502917e+02,1.0000000000e+00,1.3707502917e+02
1.2503926024e+02,1.0000000000e+00,1.2503926024e+02
1.3170239715e+02,1.0000000000e+00,1.3170239715e+02
1.5555223761e+02,1.0000000000e+00,1.5555223761e+02
1.8296761884e+02,1.0000000000e+00,1.8296761884e+02
1.9954080688e+02,1.0000000000e+00,1.9954080688e+02
2.0092321708e+02,1.0000000000e+00,2.0092321708e+02
1.9357277836e+02,1.0000000000e+00,1.9357277836e+02
1.8661101591e+02,1.0000000000e+00,1.8661101591e+02
1.8476200223e+02,1.0000000000e+00,1.8476200223e+02
1.8852988116e+02,1.0000000000e+00,1.8852988116e+02
1.9662380212e+02,1.0000000000e+00,1.9662380212e+02
2.0489844521e+02,1.0000000000e+00,2.0489844521e+02
2.0553219675e+02,1.0000000000e+00,2.0553219675e+02
1.9160526838e+02,1.0000000000e+00,1.9160526838e+02
1.6375601408e+02,1.0000000000e+00,1.6375601408e+02
1.3152560297e+02,1.0000000000e+00,1.3152560297e+02
1.0711924230e+02,1.0000000000e+00,1.0711924230e+02
9.6996243023e+01,1.0000000000e+00,9.6996243023e+01
9.8904771097e+01,1.0000000000e+00,9.8904771097e+01
1.0601426220e+02,1.0000000000e+00,1.0601426220e+02
1.1300445428e+02,1.0000000000e+00,1.1300445428e+02
1.1878411572e+02,1.0000000000e+00,1.1878411572e+02
1.2489907034e+02,1.0000000000e+00,1.2489907034e+02
1.3261475577e+02,1.0000000000e+00,1.3261475577e+02
1.4209139485e+02,1.0000000000e+00,1.4209139485e+02
1.5359926388e+02,1.0000000000e+00,1.5359926388e+02
1.6772967102e+02,1.0000000000e+00,1.6772967102e+02
1.8352775649e+02,1.0000000000e+00,1.8352775649e+02
1.9735713017e+02,1.0000000000e+00,1.9735713017e+02
2.0472996838e+02,1.0000000000e+00,2.0472996838e+02
2.0291936839e+02,1.0000000000e+00,2.0291936839e+02
1.9066147890e+02,1.0000000000e+00,1.9066147890e+02
1.6602213080e+02,1.0000000000e+00,1.6602213080e+02
1.2806336933e+02,1.0000000000e+00,1.2806336933e+02
8.2863426914e+01,1.0000000000e+00,8.2863426914e+01
4.5449012632e+01,1.0000000000e+00,4.5449012632e+01
3.1924099471e+01,1.0000000000e+00,3.1924099471e+01
4.8052924183e+01,1.0000000000e+00,4.8052924183e+01
8.4794458238e+01,1.0000000000e+00,8.4794458238e+01
1.2404533862e+02,1.0000000000e+00,1.2404533862e+02
1.4918356628e+02,1.0000000000e+00,1.4918356628e+02
1.5266792657e+02,1.0000000000e+00,1.5266792657e+02
1.3702323315e+02,1.0000000000e+00,1.3702323315e+02
1.1089802908e+02,1.0000000000e+00,1.1089802908e+02
8.4151297411e+01,1.0000000000e+00,8.4151297411e+01
6.4687017313e+01,1.0000000000e+00,6.4687017313e+01
5.7152258792e+01,1.0000000000e+00,5.7152258792e+01
6.2505882000e+01,1.0000000000e+00,6.2505882000e+01
7.7964509860e+01,1.0000000000e+00,7.7964509860e+01
9.7400632892e+01,1.0000000000e+00,9.7400632892e+01
1.1357922380e+02,1.0000000000e+00,1.1357922380e+02
1.2319932542e+02,1.0000000000e+00,1.2319932542e+02
1.2979054087e+02,1.0000000000e+00,1.2979054087e+02
1.3832146353e+02,1.0000000000e+00,1.3832146353e+02
1.4702438532e+02,1.0000000000e+00,1.4702438532e+02
1.4762490888e+02,1.0000000000e+00,1.4762490888e+02
1.3370075912e+02,1.0000000000e+00,1.3370075912e+02
1.0780086026e+02,1.0000000000e+00,1.0780086026e+02
8.1190833271e+01,1.0000000000e+00,8.1190833271e+01
6.6463348893e+01,1.0000000000e+00,6.6463348893e+01
8.3482332205e+01,1.0000000000e+00,8.3482332205e+01
9.9742513069e+01,1.0000000000e+00,9.9742513069e+01
1.1524389148e+02,1.0000000000e+00,1.1524389148e+02
1.2500000000e+02,1.0000000000e+00,1.2500000000e+02
1.0416666667e+02,1.0000000000e+00,1.0416666667e+02
8.7484822271e+01,1.0000000000e+00,8.7484822271e+01
6.3233680253e+01,1.0000000000e+00,6.3233680253e+01
5.4200297360e+01,1.0000000000e+00,5.4200297360e+01
4.5166914466e+01,1.0000000000e+00,4.5166914466e+01
4.0702160494e+01,1.0000000000e+00,4.0702160494e+01
6.1053240741e+01,1.0000000000e+00,6.1053240741e+01
1.0416666667e+02,1.0000000000e+00,1.0416666667e+02
1.2500000000e+02,1.0000000000e+00,1.2500000000e+02
1.0416666667e+02,1.0000000000e+00,1.0416666667e+02
7.9453993208e+01,1.0000000000e+00,7.9453993208e+01
5.1760941868e+01,1.0000000000e+00,5.1760941868e+01
4.4366521601e+01,1.0000000000e+00,4.4366521601e+01
3.6972101334e+01,1.0000000000e+00,3.6972101334e+01
2.9577681068e+01,1.0000000000e+00,2.9577681068e+01
2.2183260801e+01,1.0000000000e+00,2.2183260801e+01
1.4788840534e+01,1.0000000000e+00,1.4788840534e+01
9.9105735028e+00,1.0000000000e+00,9.9105735028e+00
1.9821147006e+01,1.0000000000e+00,1.9821147006e+01
2.9731720508e+01,1.0000000000e+00,2.9731720508e+01
3.7337924451e+01,1.0000000000e+00,3.7337924451e+01
4.7574256938e+01,1.0000000000e+00,4.7574256938e+01
6.3774436005e+01,1.0000000000e+00,6.1698763919e+01
8.5320942570e+01,1.0000000000e+00,7.8204370514e+01
8.6543890847e+01,1.0000000000e+00,8.8749636702e+01
6.9754857181e+01,1.0000000000e+00,9.1296159931e+01
8.8982352213e+01,1.0000000000e+00,9.7841036605e+01
1.2864697129e+02,1.0000000000e+00,1.0980160142e+02
1.3152369436e+02,1.0000000000e+00,1.1914477694e+02
1.1391823404e+02,1.0000000000e+00,1.2742260770e+02
1.2541324457e+02,1.0000000000e+00,1.3893269942e+02
1.5818894674e+02,1.0000000000e+00,1.4744706599e+02
1.5784575413e+02,1.0000000000e+00,1.4115156249e+02
1.1282127270e+02,1.0000000000e+00,1.1955045754e+02
7.9638470602e+01,1.0000000000e+00,9.7211273804e+01
8.6063482451e+01,1.0000000000e+00,8.3936078952e+01
9.1176326995e+01,1.0000000000e+00,7.4881483940e+01
6.5200158180e+01,1.0000000000e+00,6.3968506441e+01
4.0318529920e+01,1.0000000000e+00,5.4643033472e+01
4.6192767194e+01,1.0000000000e+00,5.0537575422e+01
5.8981839345e+01,1.0000000000e+00,4.7134708145e+01
4.5910714083e+01,1.0000000000e+00,3.8969651670e+01
2.0758264856e+01,1.0000000000e+00,2.9683803417e+01
1.5480262861e+01,1.0000000000e+00,2.4372844610e+01
2.8197380731e+01,1.0000000000e+00,2.2660909777e+01
2.6921392661e+01,1.0000000000e+00,1.8150353755e+01
7.7610333996e+00,1.0000000000e+00,1.0062923495e+01
0.0000000000e+00,1.0000000000e+00,4.2411316116e+00
5.2856091645e-01,9.0000000000e-01,1.0571218329e-01
5.8710468324e-01,8.0000000000e-01,1.1742093665e-01
0.0000000000e+00,7.0000000000e-01,0.0000000000e+00
0.0000000000e+00,6.0000000000e-01,0.0000000000e+00
0.0000000000e+00,6.0000000000e-01,0.0000000000e+00
0.0000000000e+00,6.0000000000e-01,0.0000000000e+00
0.0000000000e+00,6.0000000000e-01,0.0000000000e+00
0.0000000000e+00,6.0000000000e-01,0.0000000000e+00
0.0000000000e+00,6.0000000000e-01,0.0000000000e+00
0.0000000000e+00,6.0000000000e-01,0.0000000000e+00
0.0000000000e+00,6.0000000000e-01,0.0000000000e+00
0.0000000000e+00,6.0000000000e-01,0.0000000000e+00
0.0000000000e+00,6.0000000000e-01,0.0000000000e+00
0.0000000000e+00,6.0000000000e-01,0.0000000000e+00
0.0000000000e+00,6.0000000000e-01,0.0000000000e+00
0.0000000000e+00,6.0000000000e-01,0.0000000000e+00
0.0000000000e+00,6.0000000000e-01,0.0000000000e+00
0.0000000000e+00,6.0000000000e-01,0.0000000000e+00
0.0000000000e+00,6.0000000000e-01,0.0000000000e+00
0.0000000000e+00,6.0000000000e-01,0.0000000000e+00
0.0000000000e+00,6.0000000000e-01,0.0000000000e+00
0.0000000000e+00,6.0000000000e-01,0.0000000000e+00
0.0000000000e+00,6.0000000000e-01,0.0000000000e+00
0.0000000000e+00,6.0000000000e-01,0.0000000000e+00
0.0000000000e+00,6.0000000000e-01,0.0000000000e+00
0.0000000000e+00,6.0000000000e-01,0.0000000000e+00
0.0000000000e+00,6.0000000000e-01,0.0000000000e+00
0.0000000000e+00,6.0000000000e-01,0.0000000000e+00
0.0000000000e+00,6.0000000000e-01,0.0000000000e+00
0.0000000000e+00,7.0000000000e-01,0.0000000000e+00
0.0000000000e+00,8.0000000000e-01,0.0000000000e+00
0.0000000000e+00,9.0000000000e-01,0.0000000000e+00
9.7204410972e+00,1.0000000000e+00,9.7204410972e+00
1.9440882194e+01,1.0000000000e+00,1.9440882194e+01
2.9161323292e+01,1.0000000000e+00,2.9161323292e+01
3.7674841274e+01,1.0000000000e+00,3.7674841274e+01
4.4932640741e+01,1.0000000000e+00,4.4932640741e+01
4.8970456931e+01,1.0000000000e+00,4.8970456931e+01
4.9115024663e+01,1.0000000000e+00,4.9115024663e+01
4.7069964138e+01,1.0000000000e+00,4.7069964138e+01
4.5935633624e+01,1.0000000000e+00,4.5935633624e+01
4.8081076747e+01,1.0000000000e+00,4.8081076747e+01
5.3859261843e+01,1.0000000000e+00,5.3859261843e+01
6.1269621725e+01,1.0000000000e+00,6.1269621725e+01
6.6027184320e+01,1.0000000000e+00,6.6027184320e+01
6.3384227795e+01,1.0000000000e+00,6.3384227795e+01
5.2411513739e+01,1.0000000000e+00,5.2411513739e+01
3.9582213923e+01,1.0000000000e+00,3.9582213923e+01
3.7237527767e+01,1.0000000000e+00,3.7237527767e+01
5.5917093523e+01,1.0000000000e+00,5.5917093523e+01
9.5090960336e+01,1.0000000000e+00,9.5090960336e+01
1.4096305057e+02,1.0000000000e+00,1.4096305057e+02
1.7567330099e+02,1.0000000000e+00,1.7567330099e+02
1.8997915460e+02,1.0000000000e+00,1.8997915460e+02
1.8777536288e+02,1.0000000000e+00,1.8777536288e+02
1.8098136011e+02,1.0000000000e+00,1.8098136011e+02
1.8098154459e+02,1.0000000000e+00,1.8098154459e+02
1.9168871838e+02,1.0000000000e+00,1.9168871838e+02
2.0782907383e+02,1.0000000000e+00,2.0782907383e+02
2.1996341460e+02,1.0000000000e+00,2.1996341460e+02
2.2224636801e+02,1.0000000000e+00,2.2224636801e+02
2.1644497536e+02,1.0000000000e+00,2.1644497536e+02
2.0964544612e+02,1.0000000000e+00,2.0964544612e+02
2.0821714248e+02,1.0000000000e+00,2.0821714248e+02
2.1322535919e+02,1.0000000000e+00,2.1322535919e+02
2.2113971913e+02,1.0000000000e+00,2.2113971913e+02
2.2821791257e+02,1.0000000000e+00,2.2821791257e+02
2.3310173646e+02,1.0000000000e+00,2.3310173646e+02
2.3497253929e+02,1.0000000000e+00,2.3497253929e+02
2.3041466584e+02,1.0000000000e+00,2.3041466584e+02
2.1440415945e+02,1.0000000000e+00,2.1440415945e+02
1.8664872610e+02,1.0000000000e+00,1.8664872610e+02
1.5685485264e+02,1.0000000000e+00,1.5685485264e+02
1.4046499642e+02,1.0000000000e+00,1.4046499642e+02
1.4571217663e+02,1.0000000000e+00,1.4571217663e+02
1.6446430694e+02,1.0000000000e+00,1.6446430694e+02
1.7777881397e+02,1.0000000000e+00,1.7777881397e+02
1.7231243273e+02,1.0000000000e+00,1.7231243273e+02
1.5223177906e+02,1.0000000000e+00,1.5223177906e+02
1.3520267599e+02,1.0000000000e+00,1.3520267599e+02
1.3665332725e+02,1.0000000000e+00,1.3665332725e+02
1.5791845763e+02,1.0000000000e+00,1.5791845763e+02
1.8803341379e+02,1.0000000000e+00,1.8803341379e+02
2.1398214012e+02,1.0000000000e+00,2.1398214012e+02
2.2891115213e+02,1.0000000000e+00,2.2891115213e+02
2.3376429956e+02,1.0000000000e+00,2.3376429956e+02
2.3373497829e+02,1.0000000000e+00,2.3373497829e+02
2.3307644665e+02,1.0000000000e+00,2.3307644665e+02
2.3190820744e+02,1.0000000000e+00,2.3190820744e+02
2.2683041827e+02,1.0000000000e+00,2.2683041827e+02
2.1431496096e+02,1.0000000000e+00,2.1431496096e+02
1.9416843567e+02,1.0000000000e+00,1.9416843567e+02
1.7055485791e+02,1.0000000000e+00,1.7055485791e+02
1.4974558264e+02,1.0000000000e+00,1.4974558264e+02
1.3636513987e+02,1.0000000000e+00,1.3636513987e+02
1.3112015822e+02,1.0000000000e+00,1.3112015822e+02
1.3108871563e+02,1.0000000000e+00,1.3108871563e+02
1.3126696597e+02,1.0000000000e+00,1.3126696597e+02
1.2618800567e+02,1.0000000000e+00,1.2618800567e+02
1.1176423673e+02,1.0000000000e+00,1.1176423673e+02
8.7453920138e+01,1.0000000000e+00,8.7453920138e+01
5.7560152834e+01,1.0000000000e+00,5.7560152834e+01
4.9337273858e+01,1.0000000000e+00,4.9337273858e+01
4.1114394881e+01,1.0000000000e+00,4.1114394881e+01
3.2891515905e+01,1.0000000000e+00,3.2891515905e+01
4.0322245232e+01,1.0000000000e+00,4.0322245232e+01
8.0595291254e+01,1.0000000000e+00,8.0595291254e+01
1.2636898352e+02,1.0000000000e+00,1.2636898352e+02
1.6290353468e+02,1.0000000000e+00,1.6290353468e+02
1.8143801774e+02,1.0000000000e+00,1.8143801774e+02
1.8406370620e+02,1.0000000000e+00,1.8406370620e+02
1.7853999363e+02,1.0000000000e+00,1.7853999363e+02
1.6887643350e+02,1.0000000000e+00,1.6887643350e+02
1.5267420095e+02,1.0000000000e+00,1.5267420095e+02
1.2875046355e+02,1.0000000000e+00,1.2875046355e+02
1.0447647620e+02,1.0000000000e+00,1.0447647620e+02
9.1311830441e+01,1.0000000000e+00,9.1311830441e+01
9.3834843804e+01,1.0000000000e+00,9.3834843804e+01
1.0639292180e+02,1.0000000000e+00,1.0639292180e+02
1.2014493284e+02,1.0000000000e+00,1.2014493284e+02
1.3102893650e+02,1.0000000000e+00,1.3102893650e+02
1.4058470490e+02,1.0000000000e+00,1.4058470490e+02
1.5089398440e+02,1.0000000000e+00,1.5089398440e+02
1.6066693441e+02,1.0000000000e+00,1.6066693441e+02
1.6664206573e+02,1.0000000000e+00,1.6664206573e+02
1.6744104292e+02,1.0000000000e+00,1.6744104292e+02
1.6431482280e+02,1.0000000000e+00,1.6431482280e+02
1.5812092911e+02,1.0000000000e+00,1.5812092911e+02
1.4756304880e+02,1.0000000000e+00,1.4756304880e+02
1.3145278206e+02,1.0000000000e+00,1.3145278206e+02
1.1102352471e+02,1.0000000000e+00,1.1102352471e+02
8.8676616355e+01,1.0000000000e+00,8.8676616355e+01
6.6281514094e+01,1.0000000000e+00,6.6281514094e+01
4.6491514899e+01,1.0000000000e+00,4.6491514899e+01
3.3772441182e+01,1.0000000000e+00,3.3772441182e+01
3.1181855695e+01,1.0000000000e+00,3.1181855695e+01
3.6088003926e+01,1.0000000000e+00,3.6088003926e+01
4.0889736933e+01,1.0000000000e+00,4.0889736933e+01
3.8912601867e+01,1.0000000000e+00,3.8912601867e+01
3.3353658743e+01,1.0000000000e+00,3.3353658743e+01
2.7794715619e+01,1.0000000000e+00,2.7794715619e+01
2.2235772496e+01,1.0000000000e+00,2.2235772496e+01
1.6676829372e+01,1.0000000000e+00,1.6676829372e+01
2.8681262360e+01,1.0000000000e+00,2.8681262360e+01
4.3021893539e+01,1.0000000000e+00,4.3021893539e+01
6.4535899224e+01,1.0000000000e+00,6.4535899224e+01
7.7087074863e+01,1.0000000000e+00,7.7087074863e+01
7.9844559641e+01,1.0000000000e+00,7.9844559641e+01
8.1763628887e+01,1.0000000000e+00,8.1763628887e+01
9.2411587808e+01,1.0000000000e+00,9.2411587808e+01
1.1119226361e+02,1.0000000000e+00,1.1119226361e+02
1.2782387522e+02,1.0000000000e+00,1.2782387522e+02
1.3319929670e+02,1.0000000000e+00,1.3319929670e+02
1.2685080149e+02,1.0000000000e+00,1.2685080149e+02
1.1358664017e+02,1.0000000000e+00,1.1358664017e+02
9.6771085002e+01,1.0000000000e+00,9.6771085002e+01
7.7081852788e+01,1.0000000000e+00,7.7081852788e+01
5.5475992690e+01,1.0000000000e+00,5.5475992690e+01
4.7550850877e+01,1.0000000000e+00,4.7550850877e+01
3.9625709064e+01,1.0000000000e+00,3.9625709064e+01
3.1700567252e+01,1.0000000000e+00,3.1700567252e+01
2.3775425439e+01,1.0000000000e+00,2.3775425439e+01
1.5850283626e+01,1.0000000000e+00,1.5850283626e+01
7.9251418129e+00,1.0000000000e+00,7.9251418129e+00
0.0000000000e+00,1.0000000000e+00,0.0000000000e+00
0.0000000000e+00,1.0000000000e+00,0.0000000000e+00
0.0000000000e+00,1.0000000000e+00,0.0000000000e+00
0.0000000000e+00,1.0000000000e+00,0.0000000000e+00
0.0000000000e+00,1.0000000000e+00,0.0000000000e+00
2.0399305556e+01,1.0000000000e+00,2.0399305556e+01
4.0798611111e+01,1.0000000000e+00,4.0798611111e+01
6.1197916667e+01,1.0000000000e+00,6.1197916667e+01
1.0416666667e+02,1.0000000000e+00,1.0416666667e+02
1.2500000000e+02,1.0000000000e+00,1.2500000000e+02
1.0416666667e+02,1.0000000000e+00,1.0416666667e+02
8.9285714286e+01,1.0000000000e+00,8.9285714286e+01
7.4404761905e+01,1.0000000000e+00,7.4404761905e+01
5.9523809524e+01,1.0000000000e+00,5.9523809524e+01
4.4642857143e+01,1.0000000000e+00,4.4642857143e+01
4.6443874969e+01,1.0000000000e+00,4.6443874969e+01
8.1401345179e+01,1.0000000000e+00,8.1401345179e+01
1.1487842146e+02,1.0000000000e+00,1.1487842146e+02
1.4078906784e+02,1.0000000000e+00,1.4078906784e+02
1.5921897074e+02,1.0000000000e+00,1.5921897074e+02
1.7241872672e+02,1.0000000000e+00,1.7241872672e+02
1.8053641921e+02,1.0000000000e+00,1.8053641921e+02
1.8205899059e+02,1.0000000000e+00,1.8205899059e+02
1.7728651164e+02,1.0000000000e+00,1.7728651164e+02
1.6934434528e+02,1.0000000000e+00,1.6934434528e+02
1.6114401145e+02,1.0000000000e+00,1.6114401145e+02
1.5310871646e+02,1.0000000000e+00,1.5310871646e+02
1.4472803092e+02,1.0000000000e+00,1.4472803092e+02
1.3603044056e+02,1.0000000000e+00,1.3603044056e+02
1.2611077470e+02,1.0000000000e+00,1.2611077470e+02
1.1247110470e+02,1.0000000000e+00,1.1247110470e+02
9.3914040190e+01,1.0000000000e+00,9.3914040190e+01
7.3003711245e+01,1.0000000000e+00,7.3003711245e+01
5.4107281526e+01,1.0000000000e+00,5.4107281526e+01
3.9680331009e+01,1.0000000000e+00,3.9680331009e+01
3.4011712294e+01,1.0000000000e+00,3.4011712294e+01
2.8343093578e+01,1.0000000000e+00,2.8343093578e+01
2.2674474862e+01,1.0000000000e+00,2.2674474862e+01
1.7005856147e+01,1.0000000000e+00,1.7005856147e+01
1.1337237431e+01,1.0000000000e+00,1.1337237431e+01
5.6686187156e+00,1.0000000000e+00,5.6686187156e+00
0.0000000000e+00,1.0000000000e+00,0.0000000000e+00
0.0000000000e+00,1.0000000000e+00,0.0000000000e+00
0.0000000000e+00,1.0000000000e+00,0.0000000000e+00
0.0000000000e+00,1.0000000000e+00,0.0000000000e+00
0.0000000000e+00,1.0000000000e+00,0.0000000000e+00
0.0000000000e+00,1.0000000000e+00,0.0000000000e+00
2.0399305556e+01,1.0000000000e+00,2.0399305556e+01
4.0798611111e+01,1.0000000000e+00,4.0798611111e+01
6.1197916667e+01,1.0000000000e+00,6.1197916667e+01
1.0416666667e+02,1.0000000000e+00,1.0416666667e+02
1.2500000000e+02,1.0000000000e+00,1.2500000000e+02
1.0416666667e+02,1.0000000000e+00,1.0416666667e+02
8.9285714286e+01,1.0000000000e+00,8.9285714286e+01
7.4404761905e+01,1.0000000000e+00,7.4404761905e+01
5.9523809524e+01,1.0000000000e+00,5.9523809524e+01
4.4642857143e+01,1.0000000000e+00,4.4642857143e+01
4.5147876381e+01,1.0000000000e+00,4.5147876381e+01
8.3879216287e+01,1.0000000000e+00,8.3879216287e+01
1.1921134859e+02,1.0000000000e+00,1.1921134859e+02
1.3915800626e+02,1.0000000000e+00,1.3915800626e+02
1.3922497277e+02,1.0000000000e+00,1.3922497277e+02
1.2462158063e+02,1.0000000000e+00,1.2462158063e+02
1.0681576382e+02,1.0000000000e+00,1.0681576382e+02
9.6150378953e+01,1.0000000000e+00,9.6150378953e+01
9.6176677846e+01,1.0000000000e+00,9.6176677846e+01
1.0397119774e+02,1.0000000000e+00,1.0397119774e+02
1.1461883571e+02,1.0000000000e+00,1.1461883571e+02
1.2452621593e+02,1.0000000000e+00,1.2452621593e+02
1.3069387591e+02,1.0000000000e+00,1.3069387591e+02
1.2930940299e+02,1.0000000000e+00,1.2930940299e+02
1.1894987274e+02,1.0000000000e+00,1.1894987274e+02
1.0528558481e+02,1.0000000000e+00,1.0528558481e+02
9.8601396793e+01,1.0000000000e+00,9.8601396793e+01
1.0523195126e+02,1.0000000000e+00,1.0523195126e+02
1.2289925704e+02,1.0000000000e+00,1.2289925704e+02
1.4389787537e+02,1.0000000000e+00,1.4389787537e+02
1.6141514350e+02,1.0000000000e+00,1.6141514350e+02
1.7339217721e+02,1.0000000000e+00,1.7339217721e+02
1.8192999506e+02,1.0000000000e+00,1.8192999506e+02
1.9009679285e+02,1.0000000000e+00,1.9009679285e+02
1.9938236308e+02,1.0000000000e+00,1.9938236308e+02
2.0925459028e+02,1.0000000000e+00,2.0925459028e+02
2.1812516133e+02,1.0000000000e+00,2.1812516133e+02
2.2463379482e+02,1.0000000000e+00,2.2463379482e+02
2.2841453902e+02,1.0000000000e+00,2.2841453902e+02
2.2954520968e+02,1.0000000000e+00,2.2954520968e+02
2.2681864485e+02,1.0000000000e+00,2.2681864485e+02
2.1697401862e+02,1.0000000000e+00,2.1697401862e+02
1.9721461370e+02,1.0000000000e+00,1.9721461370e+02
1.6944393610e+02,1.0000000000e+00,1.6944393610e+02
1.4091204550e+02,1.0000000000e+00,1.4091204550e+02
1.1895043728e+02,1.0000000000e+00,1.1895043728e+02
1.0472389240e+02,1.0000000000e+00,1.0472389240e+02
9.2716645448e+01,1.0000000000e+00,9.2716645448e+01
7.6307731853e+01,1.0000000000e+00,7.6307731853e+01
5.3664714684e+01,1.0000000000e+00,5.3664714684e+01
4.5998326872e+01,1.0000000000e+00,4.5998326872e+01
3.8331939060e+01,1.0000000000e+00,3.8331939060e+01
3.0665551248e+01,1.0000000000e+00,3.0665551248e+01
3.3728861443e+01,1.0000000000e+00,3.3728861443e+01
5.0593292165e+01,1.0000000000e+00,5.0593292165e+01
8.6440379714e+01,1.0000000000e+00,8.6440379714e+01
1.1426752361e+02,1.0000000000e+00,1.1426752361e+02
1.2433625943e+02,1.0000000000e+00,1.2433625943e+02
1.1808228306e+02,1.0000000000e+00,1.1808228306e+02
1.0625472413e+02,1.0000000000e+00,1.0625472413e+02
9.9882871060e+01,1.0000000000e+00,9.9882871060e+01
1.0306938448e+02,1.0000000000e+00,1.0306938448e+02
1.1295631441e+02,1.0000000000e+00,1.1295631441e+02
1.2362475150e+02,1.0000000000e+00,1.2362475150e+02
1.2945804940e+02,1.0000000000e+00,1.2945804940e+02
1.2777300514e+02,1.0000000000e+00,1.2777300514e+02
1.2029782243e+02,1.0000000000e+00,1.2029782243e+02
1.1127299317e+02,1.0000000000e+00,1.1127299317e+02
1.0354346241e+02,1.0000000000e+00,1.0354346241e+02
9.6816164625e+01,1.0000000000e+00,9.6816164625e+01
8.8943116183e+01,1.0000000000e+00,8.8943116183e+01
7.8221808128e+01,1.0000000000e+00,7.8221808128e+01
6.5262366488e+01,1.0000000000e+00,6.5262366488e+01
5.2915300197e+01,1.0000000000e+00,5.2915300197e+01
4.3580795547e+01,1.0000000000e+00,4.3580795547e+01
3.6769797703e+01,1.0000000000e+00,3.6769797703e+01
3.1516969460e+01,1.0000000000e+00,3.1516969460e+01
2.6264141217e+01,1.0000000000e+00,2.6264141217e+01
2.1011312973e+01,1.0000000000e+00,2.1011312973e+01
1.5758484730e+01,1.0000000000e+00,1.5758484730e+01
1.0505656487e+01,1.0000000000e+00,1.0505656487e+01
5.2528282433e+00,1.0000000000e+00,5.2528282433e+00
0.0000000000e+00,1.0000000000e+00,0.0000000000e+00
0.0000000000e+00,1.0000000000e+00,0.0000000000e+00
9.4566310276e+00,1.0000000000e+00,9.4566310276e+00
1.8913262055e+01,1.0000000000e+00,1.8913262055e+01
2.8369893083e+01,1.0000000000e+00,2.8369893083e+01
4.0933951978e+01,1.0000000000e+00,4.0933951978e+01
4.7444652391e+01,1.0000000000e+00,4.7444652391e+01
4.7262992171e+01,1.0000000000e+00,4.7262992171e+01
4.6343119743e+01,1.0000000000e+00,4.6343119743e+01
5.3975103381e+01,1.0000000000e+00,5.3975103381e+01
7.4981587777e+01,1.0000000000e+00,7.4981587777e+01
1.0420775308e+02,1.0000000000e+00,1.0420775308e+02
1.3004119480e+02,1.0000000000e+00,1.3004119480e+02
1.4427504941e+02,1.0000000000e+00,1.4427504941e+02
1.4794796212e+02,1.0000000000e+00,1.4794796212e+02
1.4809533040e+02,1.0000000000e+00,1.4809533040e+02
1.5075522247e+02,1.0000000000e+00,1.5075522247e+02
1.5650305764e+02,1.0000000000e+00,1.5650305764e+02
1.5974835451e+02,1.0000000000e+00,1.5974835451e+02
1.5223181693e+02,1.0000000000e+00,1.5223181693e+02
1.3036297347e+02,1.0000000000e+00,1.3036297347e+02
1.0095300491e+02,1.0000000000e+00,1.0095300491e+02
7.8657810355e+01,1.0000000000e+00,7.8657810355e+01
7.6199925615e+01,1.0000000000e+00,7.6199925615e+01
9.6208880785e+01,1.0000000000e+00,9.6208880785e+01
1.3032944231e+02,1.0000000000e+00,1.3032944231e+02
1.6340517620e+02,1.0000000000e+00,1.6340517620e+02
1.8026824421e+02,1.0000000000e+00,1.8026824421e+02
1.7430458360e+02,1.0000000000e+00,1.7430458360e+02
1.5301934273e+02,1.0000000000e+00,1.5301934273e+02
1.3412665034e+02,1.0000000000e+00,1.3412665034e+02
1.3268098840e+02,1.0000000000e+00,1.3268098840e+02
1.4972789217e+02,1.0000000000e+00,1.4972789217e+02
1.7337835214e+02,1.0000000000e+00,1.7337835214e+02
1.9047361041e+02,1.0000000000e+00,1.9047361041e+02
1.9630163915e+02,1.0000000000e+00,1.9630163915e+02
1.9395553257e+02,1.0000000000e+00,1.9395553257e+02
1.8708164167e+02,1.0000000000e+00,1.8708164167e+02
1.7582996879e+02,1.0000000000e+00,1.7582996879e+02
1.5989511502e+02,1.0000000000e+00,1.5989511502e+02
1.4283488174e+02,1.0000000000e+00,1.4283488174e+02
1.3106007223e+02,1.0000000000e+00,1.3106007223e+02
1.2862027536e+02,1.0000000000e+00,1.2862027536e+02
1.3381095940e+02,1.0000000000e+00,1.3381095940e+02
1.4072531443e+02,1.0000000000e+00,1.4072531443e+02
1.4364824466e+02,1.0000000000e+00,1.4364824466e+02
1.4038482710e+02,1.0000000000e+00,1.4038482710e+02
1.3254875093e+02,1.0000000000e+00,1.3254875093e+02
1.2359903782e+02,1.0000000000e+00,1.2359903782e+02
1.1648651294e+02,1.0000000000e+00,1.1648651294e+02
1.1224240961e+02,1.0000000000e+00,1.1224240961e+02
1.1001485029e+02,1.0000000000e+00,1.1001485029e+02
1.0832153557e+02,1.0000000000e+00,1.0832153557e+02
1.0666049447e+02,1.0000000000e+00,1.0666049447e+02
1.0624330098e+02,1.0000000000e+00,1.0624330098e+02
1.0892267861e+02,1.0000000000e+00,1.0892267861e+02
1.1510072538e+02,1.0000000000e+00,1.1510072538e+02
1.2290469211e+02,1.0000000000e+00,1.2290469211e+02
1.2931951293e+02,1.0000000000e+00,1.2931951293e+02
1.3159507629e+02,1.0000000000e+00,1.3159507629e+02
1.2815015444e+02,1.0000000000e+00,1.2815015444e+02
1.1955664351e+02,1.0000000000e+00,1.1955664351e+02
1.0876355029e+02,1.0000000000e+00,1.0876355029e+02
9.9202885344e+01,1.0000000000e+00,9.9202885344e+01
9.2235092291e+01,1.0000000000e+00,9.2235092291e+01
8.6893500589e+01,1.0000000000e+00,8.6893500589e+01
8.1850899229e+01,1.0000000000e+00,8.1850899229e+01
7.6752022510e+01,1.0000000000e+00,7.6752022510e+01
7.1691698740e+01,1.0000000000e+00,7.1691698740e+01
6.6251383851e+01,1.0000000000e+00,6.6251383851e+01
5.9678672169e+01,1.0000000000e+00,5.9678672169e+01
5.1985709701e+01,1.0000000000e+00,5.1985709701e+01
4.4167167543e+01,1.0000000000e+00,4.4167167543e+01
3.7042748040e+01,1.0000000000e+00,3.7042748040e+01
3.1750926891e+01,1.0000000000e+00,3.1750926891e+01
2.6459105743e+01,1.0000000000e+00,2.6459105743e+01
2.1167284594e+01,1.0000000000e+00,2.1167284594e+01
1.5875463446e+01,1.0000000000e+00,1.5875463446e+01
1.0583642297e+01,1.0000000000e+00,1.0583642297e+01
1.6985382762e+01,1.0000000000e+00,1.6985382762e+01
2.5478074143e+01,1.0000000000e+00,2.5478074143e+01
2.8096881687e+01,1.0000000000e+00,2.8096881687e+01
3.7548039298e+01,1.0000000000e+00,3.7548039298e+01
5.9486285615e+01,1.0000000000e+00,5.9486285615e+01
9.2153264324e+01,1.0000000000e+00,9.2153264324e+01
1.2638767124e+02,1.0000000000e+00,1.2638767124e+02
1.5388727658e+02,1.0000000000e+00,1.5388727658e+02
1.7285514189e+02,1.0000000000e+00,1.7285514189e+02
1.8430502434e+02,1.0000000000e+00,1.8430502434e+02
1.8729997199e+02,1.0000000000e+00,1.8729997199e+02
1.8186309176e+02,1.0000000000e+00,1.8186309176e+02
1.7400429976e+02,1.0000000000e+00,1.7400429976e+02
1.7253524060e+02,1.0000000000e+00,1.7253524060e+02
1.7930704875e+02,1.0000000000e+00,1.7930704875e+02
1.8508372331e+02,1.0000000000e+00,1.8508372331e+02
1.7815904224e+02,1.0000000000e+00,1.7815904224e+02
1.5836839746e+02,1.0000000000e+00,1.5836839746e+02
1.4093955626e+02,1.0000000000e+00,1.4093955626e+02
1.4281132873e+02,1.0000000000e+00,1.4281132873e+02
1.6414707203e+02,1.0000000000e+00,1.6414707203e+02
1.8626999651e+02,1.0000000000e+00,1.8626999651e+02
1.8932449881e+02,1.0000000000e+00,1.8932449881e+02
1.7125382190e+02,1.0000000000e+00,1.7125382190e+02
1.4983406716e+02,1.0000000000e+00,1.4983406716e+02
1.4621734364e+02,1.0000000000e+00,1.4621734364e+02
1.6584450200e+02,1.0000000000e+00,1.6584450200e+02
1.9547254714e+02,1.0000000000e+00,1.9547254714e+02
2.1679117098e+02,1.0000000000e+00,2.1679117098e+02
2.2017138024e+02,1.0000000000e+00,2.2017138024e+02
2.0786945242e+02,1.0000000000e+00,2.0786945242e+02
1.8937808312e+02,1.0000000000e+00,1.8937808312e+02
1.7455290681e+02,1.0000000000e+00,1.7455290681e+02
1.6797404055e+02,1.0000000000e+00,1.6797404055e+02
1.6691356639e+02,1.0000000000e+00,1.6691356639e+02
1.6395171625e+02,1.0000000000e+00,1.6395171625e+02
1.5319092167e+02,1.0000000000e+00,1.5319092167e+02
1.3572648907e+02,1.0000000000e+00,1.3572648907e+02
1.1847547394e+02,1.0000000000e+00,1.1847547394e+02
1.0647282272e+02,1.0000000000e+00,1.0647282272e+02
9.7464732676e+01,1.0000000000e+00,9.7464732676e+01
8.5475846492e+01,1.0000000000e+00,8.5475846492e+01
6.8177523959e+01,1.0000000000e+00,6.8177523959e+01
4.8760903787e+01,1.0000000000e+00,4.8760903787e+01
4.1795060389e+01,1.0000000000e+00,4.1795060389e+01
3.4829216991e+01,1.0000000000e+00,3.4829216991e+01
2.7863373592e+01,1.0000000000e+00,2.7863373592e+01
2.0897530194e+01,1.0000000000e+00,2.0897530194e+01
1.3931686796e+01,1.0000000000e+00,1.3931686796e+01
1.8964218161e+01,1.0000000000e+00,1.8964218161e+01
2.8446327241e+01,1.0000000000e+00,2.8446327241e+01
3.8012809810e+01,1.0000000000e+00,3.8012809810e+01
4.5740825336e+01,1.0000000000e+00,4.5740825336e+01
5.1200318959e+01,1.0000000000e+00,5.1200318959e+01
5.4138301036e+01,1.0000000000e+00,5.4138301036e+01
5.3717134387e+01,1.0000000000e+00,5.3717134387e+01
4.9492637718e+01,1.0000000000e+00,4.9492637718e+01
4.3488061274e+01,1.0000000000e+00,4.3488061274e+01
4.0902133704e+01,1.0000000000e+00,4.0902133704e+01
4.7409212286e+01,1.0000000000e+00,4.7409212286e+01
6.4188754568e+01,1.0000000000e+00,6.4188754568e+01
8.5032845304e+01,1.0000000000e+00,8.5032845304e+01
9.9505087661e+01,1.0000000000e+00,9.9505087661e+01
1.0149015757e+02,1.0000000000e+00,1.0149015757e+02
9.6249359715e+01,1.0000000000e+00,9.6249359715e+01
9.7506505930e+01,1.0000000000e+00,9.7506505930e+01
1.1460318770e+02,1.0000000000e+00,1.1460318770e+02
1.4194824615e+02,1.0000000000e+00,1.4194824615e+02
1.6262137751e+02,1.0000000000e+00,1.6262137751e+02
1.6310198416e+02,1.0000000000e+00,1.6310198416e+02
1.4537651984e+02,1.0000000000e+00,1.4537651984e+02
1.2590442440e+02,1.0000000000e+00,1.2590442440e+02
1.2164429202e+02,1.0000000000e+00,1.2164429202e+02
1.3591810046e+02,1.0000000000e+00,1.3591810046e+02
1.5880848806e+02,1.0000000000e+00,1.5880848806e+02
1.7971807856e+02,1.0000000000e+00,1.7971807856e+02
1.9554651559e+02,1.0000000000e+00,1.9554651559e+02
2.0677690359e+02,1.0000000000e+00,2.0677690359e+02
2.1023534969e+02,1.0000000000e+00,2.1023534969e+02
1.9939216515e+02,1.0000000000e+00,1.9939216515e+02
1.7246325831e+02,1.0000000000e+00,1.7246325831e+02
1.3921793348e+02,1.0000000000e+00,1.3921793348e+02
1.1729022429e+02,1.0000000000e+00,1.1729022429e+02
1.1842214852e+02,1.0000000000e+00,1.1842214852e+02
1.3701616576e+02,1.0000000000e+00,1.3701616576e+02
1.5358899731e+02,1.0000000000e+00,1.5358899731e+02
1.5126539284e+02,1.0000000000e+00,1.5126539284e+02
1.3046648974e+02,1.0000000000e+00,1.3046648974e+02
1.0889498381e+02,1.0000000000e+00,1.0889498381e+02
1.0681721599e+02,1.0000000000e+00,1.0681721599e+02
1.3028154189e+02,1.0000000000e+00,1.3028154189e+02
1.6711454969e+02,1.0000000000e+00,1.6711454969e+02
1.9808496715e+02,1.0000000000e+00,1.9808496715e+02
2.1072483167e+02,1.0000000000e+00,2.1072483167e+02
2.0400041472e+02,1.0000000000e+00,2.0400041472e+02
1.8486060756e+02,1.0000000000e+00,1.8486060756e+02
1.6354454088e+02,1.0000000000e+00,1.6354454088e+02
1.4971721860e+02,1.0000000000e+00,1.4971721860e+02
1.4831556613e+02,1.0000000000e+00,1.4831556613e+02
1.5669294399e+02,1.0000000000e+00,1.5669294399e+02
1.6622859456e+02,1.0000000000e+00,1.6622859456e+02
1.6823382759e+02,1.0000000000e+00,1.6823382759e+02
1.5955938321e+02,1.0000000000e+00,1.5955938321e+02
1.4354476023e+02,1.0000000000e+00,1.4354476023e+02
1.2702575652e+02,1.0000000000e+00,1.2702575652e+02
1.1682322795e+02,1.0000000000e+00,1.1682322795e+02
1.1683735919e+02,1.0000000000e+00,1.1683735919e+02
1.2545214279e+02,1.0000000000e+00,1.2545214279e+02
1.3445406442e+02,1.0000000000e+00,1.3445406442e+02
1.3194098742e+02,1.0000000000e+00,1.3194098742e+02
1.0998130975e+02,1.0000000000e+00,1.0998130975e+02
7.2445584229e+01,1.0000000000e+00,7.2445584229e+01
3.5473617166e+01,1.0000000000e+00,3.5473617166e+01
2.3209755256e+01,1.0000000000e+00,2.3209755256e+01
3.4155648603e+01,1.0000000000e+00,3.4155648603e+01
7.8851197024e+01,1.0000000000e+00,7.8851197024e+01
1.3598154722e+02,1.0000000000e+00,1.3598154722e+02
1.8265713219e+02,1.0000000000e+00,1.8265713219e+02
2.0248136672e+02,1.0000000000e+00,2.0248136672e+02
1.9481919954e+02,1.0000000000e+00,1.9481919954e+02
1.7361485654e+02,1.0000000000e+00,1.7361485654e+02
1.5687501561e+02,1.0000000000e+00,1.5687501561e+02
1.5536352452e+02,1.0000000000e+00,1.5536352452e+02
1.6805604722e+02,1.0000000000e+00,1.6805604722e+02
1.8538641548e+02,1.0000000000e+00,1.8538641548e+02
1.9650963957e+02,1.0000000000e+00,1.9650963957e+02
1.9587458158e+02,1.0000000000e+00,1.9587458158e+02
1.8564749048e+02,1.0000000000e+00,1.8564749048e+02
1.7301808061e+02,1.0000000000e+00,1.7301808061e+02
1.6416197838e+02,1.0000000000e+00,1.6416197838e+02
1.5907401759e+02,1.0000000000e+00,1.5907401759e+02
1.5223633455e+02,1.0000000000e+00,1.5223633455e+02
1.3918189711e+02,1.0000000000e+00,1.3918189711e+02
1.2218539912e+02,1.0000000000e+00,1.2218539912e+02
1.0948711661e+02,1.0000000000e+00,1.0948711661e+02
1.0908876745e+02,1.0000000000e+00,1.0908876745e+02
1.2177806108e+02,1.0000000000e+00,1.2177806108e+02
1.3904555591e+02,1.0000000000e+00,1.3904555591e+02
1.4927350452e+02,1.0000000000e+00,1.4927350452e+02
1.4743688498e+02,1.0000000000e+00,1.4743688498e+02
1.3803823654e+02,1.0000000000e+00,1.3803823654e+02
1.2827261085e+02,1.0000000000e+00,1.2827261085e+02
1.2048475123e+02,1.0000000000e+00,1.2048475123e+02
1.1229410601e+02,1.0000000000e+00,1.1229410601e+02
1.0123897904e+02,1.0000000000e+00,1.0123897904e+02
8.7039964859e+01,1.0000000000e+00,8.7039964859e+01
7.1166842978e+01,1.0000000000e+00,7.1166842978e+01
5.6153698340e+01,1.0000000000e+00,5.6153698340e+01
4.4259459398e+01,1.0000000000e+00,4.4259459398e+01
3.5757268760e+01,1.0000000000e+00,3.5757268760e+01
3.0649087509e+01,1.0000000000e+00,3.0649087509e+01
2.5540906257e+01,1.0000000000e+00,2.5540906257e+01
2.0432725006e+01,1.0000000000e+00,2.0432725006e+01
1.5324543754e+01,1.0000000000e+00,1.5324543754e+01
1.0216362503e+01,1.0000000000e+00,1.0216362503e+01
5.1081812514e+00,1.0000000000e+00,5.1081812514e+00
0.0000000000e+00,1.0000000000e+00,0.0000000000e+00
0.0000000000e+00,1.0000000000e+00,0.0000000000e+00
0.0000000000e+00,1.0000000000e+00,0.0000000000e+00
0.0000000000e+00,1.0000000000e+00,0.0000000000e+00
0.0000000000e+00,1.0000000000e+00,0.0000000000e+00
0.0000000000e+00,1.0000000000e+00,0.0000000000e+00
8.8474438434e+00,1.0000000000e+00,8.8474438434e+00
1.7694887687e+01,1.0000000000e+00,1.7694887687e+01
2.6542331530e+01,1.0000000000e+00,2.6542331530e+01
3.0683894845e+01,1.0000000000e+00,3.0683894845e+01
3.0993989240e+01,1.0000000000e+00,3.0993989240e+01
3.0945006037e+01,1.0000000000e+00,3.0945006037e+01
3.9486504119e+01,1.0000000000e+00,3.9486504119e+01
6.6196965114e+01,1.0000000000e+00,6.6196965114e+01
1.1175604109e+02,1.0000000000e+00,1.1175604109e+02
1.6233490670e+02,1.0000000000e+00,1.6233490670e+02
1.9648705474e+02,1.0000000000e+00,1.9648705474e+02
2.0060728557e+02,1.0000000000e+00,2.0060728557e+02
1.7866171586e+02,1.0000000000e+00,1.7866171586e+02
1.4772675323e+02,1.0000000000e+00,1.4772675323e+02
1.2521399299e+02,1.0000000000e+00,1.2521399299e+02
1.1937809526e+02,1.0000000000e+00,1.1937809526e+02
1.2822728543e+02,1.0000000000e+00,1.2822728543e+02
1.4389484862e+02,1.0000000000e+00,1.4389484862e+02
1.5761533231e+02,1.0000000000e+00,1.5761533231e+02
1.6275037632e+02,1.0000000000e+00,1.6275037632e+02
1.5605235796e+02,1.0000000000e+00,1.5605235796e+02
1.3859512924e+02,1.0000000000e+00,1.3859512924e+02
1.1678919128e+02,1.0000000000e+00,1.1678919128e+02
1.0173804375e+02,1.0000000000e+00,1.0173804375e+02
1.0430997065e+02,1.0000000000e+00,1.0430997065e+02
1.2732541583e+02,1.0000000000e+00,1.2732541583e+02
1.6235489883e+02,1.0000000000e+00,1.6235489883e+02
1.9545453292e+02,1.0000000000e+00,1.9545453292e+02
2.1614310835e+02,1.0000000000e+00,2.1614310835e+02
2.2225079487e+02,1.0000000000e+00,2.2225079487e+02
2.1906590454e+02,1.0000000000e+00,2.1906590454e+02
2.1475044453e+02,1.0000000000e+00,2.1475044453e+02
2.1521781146e+02,1.0000000000e+00,2.1521781146e+02
2.2144474812e+02,1.0000000000e+00,2.2144474812e+02
2.2994088722e+02,1.0000000000e+00,2.2994088722e+02
2.3514740957e+02,1.0000000000e+00,2.3514740957e+02
2.3224618763e+02,1.0000000000e+00,2.3224618763e+02
2.1970315095e+02,1.0000000000e+00,2.1970315095e+02
2.0094408281e+02,1.0000000000e+00,2.0094408281e+02
1.8304792754e+02,1.0000000000e+00,1.8304792754e+02
1.7181296653e+02,1.0000000000e+00,1.7181296653e+02
1.6845731048e+02,1.0000000000e+00,1.6798923979e+02
1.6966552886e+02,1.0000000000e+00,1.6838683609e+02
1.6681432269e+02,1.0000000000e+00,1.6884369589e+02
1.6413213598e+02,1.0000000000e+00,1.6967297794e+02
1.7517031754e+02,1.0000000000e+00,1.7480085874e+02
1.9437383127e+02,1.0000000000e+00,1.8422444821e+02
2.0363475647e+02,1.0000000000e+00,1.9355216257e+02
1.9296906581e+02,1.0000000000e+00,1.9860723506e+02
1.7706131655e+02,1.0000000000e+00,2.0033422266e+02
1.8709792461e+02,1.0000000000e+00,2.0404905635e+02
2.2349104059e+02,1.0000000000e+00,2.1055819545e+02
2.4134530376e+02,1.0000000000e+00,2.1317810070e+02
2.0989203964e+02,1.0000000000e+00,2.0778455706e+02
1.7585166361e+02,1.0000000000e+00,2.0374086305e+02
2.0292672326e+02,1.0000000000e+00,2.1232389063e+02
2.4778190316e+02,1.0000000000e+00,2.2331569729e+02
2.3281491256e+02,1.0000000000e+00,2.2042636229e+02
1.8813855116e+02,1.0000000000e+00,2.1051551510e+02
1.9691776570e+02,1.0000000000e+00,2.1240633837e+02
2.4471845914e+02,1.0000000000e+00,2.2439368468e+02
2.4703735512e+02,1.0000000000e+00,2.2796658218e+02
2.0366308489e+02,1.0000000000e+00,2.2027202262e+02
1.9448449550e+02,1.0000000000e+00,2.1639169308e+02
2.3228687110e+02,1.0000000000e+00,2.2078994187e+02
2.4551858505e+02,1.0000000000e+00,2.2190719348e+02
2.1042716674e+02,1.0000000000e+00,2.1627452518e+02
1.9106376524e+02,1.0000000000e+00,2.1597533296e+02
2.2709826861e+02,1.0000000000e+00,2.2732380964e+02
2.6351964667e+02,1.0000000000e+00,2.3815358107e+02
2.4360241734e+02,1.0000000000e+00,2.3673856116e+02
2.0742699640e+02,1.0000000000e+00,2.3065815795e+02
2.1958639646e+02,1.0000000000e+00,2.3148867825e+02
2.5059094173e+02,1.0000000000e+00,2.3163542170e+02
2.3165456874e+02,1.0000000000e+00,2.1745902876e+02
1.8396296999e+02,1.0000000000e+00,1.9699021801e+02
1.7574041898e+02,1.0000000000e+00,1.8975972114e+02
2.0810855521e+02,1.0000000000e+00,1.9907517668e+02
2.2802493786e+02,1.0000000000e+00,2.1184988331e+02
2.1167894717e+02,1.0000000000e+00,2.1807636318e+02
2.0349304337e+02,1.0000000000e+00,2.2273262362e+02
2.3234195155e+02,1.0000000000e+00,2.2957796509e+02
2.4693509039e+02,1.0000000000e+00,2.2674607959e+02
2.0717690691e+02,1.0000000000e+00,2.0558094299e+02
1.6142947196e+02,1.0000000000e+00,1.7853080042e+02
1.5676096802e+02,1.0000000000e+00,1.6072651150e+02
1.6475005825e+02,1.0000000000e+00,1.5001812688e+02
1.4167312925e+02,1.0000000000e+00,1.3555477286e+02
1.0226950875e+02,1.0000000000e+00,1.1616396715e+02
9.0037595600e+01,1.0000000000e+00,1.0010480854e+02
1.0203988593e+02,1.0000000000e+00,9.0214397501e+01
9.9728446131e+01,1.0000000000e+00,8.2187838078e+01
7.3127162408e+01,1.0000000000e+00,7.5312941234e+01
5.6015062920e+01,1.0000000000e+00,7.5706921804e+01
7.5856160846e+01,1.0000000000e+00,8.6297767155e+01
9.9285322971e+01,1.0000000000e+00,9.6305991472e+01
9.8875986954e+01,1.0000000000e+00,9.6897738553e+01
9.1208496352e+01,1.0000000000e+00,9.1208496352e+01
8.3038281352e+01,1.0000000000e+00,8.3038281352e+01
7.4770795526e+01,1.0000000000e+00,7.4770795526e+01
6.7567500284e+01,1.0000000000e+00,6.7567500284e+01
6.2329865903e+01,1.0000000000e+00,6.2329865903e+01
6.0137387378e+01,1.0000000000e+00,6.0137387378e+01
5.9910178801e+01,1.0000000000e+00,5.9910178801e+01
5.7686729532e+01,1.0000000000e+00,5.7686729532e+01
5.1550392547e+01,1.0000000000e+00,5.1550392547e+01
4.7920937050e+01,1.0000000000e+00,4.7920937050e+01
5.9937654295e+01,1.0000000000e+00,5.9937654295e+01
9.5964011090e+01,1.0000000000e+00,9.5964011090e+01
1.4902477704e+02,1.0000000000e+00,1.4902477704e+02
1.9946427443e+02,1.0000000000e+00,1.9946427443e+02
2.2895493031e+02,1.0000000000e+00,2.2895493031e+02
2.3229612245e+02,1.0000000000e+00,2.3229612245e+02
2.1818127056e+02,1.0000000000e+00,2.1818127056e+02
2.0113264040e+02,1.0000000000e+00,2.0113264040e+02
1.9162248665e+02,1.0000000000e+00,1.9162248665e+02
1.9066993315e+02,1.0000000000e+00,1.9066993315e+02
1.9189782277e+02,1.0000000000e+00,1.9189782277e+02
1.8927482813e+02,1.0000000000e+00,1.8927482813e+02
1.8403018732e+02,1.0000000000e+00,1.8403018732e+02
1.8361222218e+02,1.0000000000e+00,1.8361222218e+02
1.9351628458e+02,1.0000000000e+00,1.9351628458e+02
2.1124665561e+02,1.0000000000e+00,2.1124665561e+02
2.2819897578e+02,1.0000000000e+00,2.2819897578e+02
2.3564415551e+02,1.0000000000e+00,2.3564415551e+02
2.2881728985e+02,1.0000000000e+00,2.2881728985e+02
2.0784753459e+02,1.0000000000e+00,2.0784753459e+02
1.7722731523e+02,1.0000000000e+00,1.7722731523e+02
1.4466340570e+02,1.0000000000e+00,1.4466340570e+02
1.1934046146e+02,1.0000000000e+00,1.1934046146e+02
1.0990871868e+02,1.0000000000e+00,1.0990871868e+02
1.2157735817e+02,1.0000000000e+00,1.2157735817e+02
1.5194518759e+02,1.0000000000e+00,1.5194518759e+02
1.8970033434e+02,1.0000000000e+00,1.8970033434e+02
2.2066973699e+02,1.0000000000e+00,2.2066973699e+02
2.3686296710e+02,1.0000000000e+00,2.3686296710e+02
2.3969695970e+02,1.0000000000e+00,2.3969695970e+02
2.3593769050e+02,1.0000000000e+00,2.3593769050e+02
2.3193728758e+02,1.0000000000e+00,2.3193728758e+02
2.3058403065e+02,1.0000000000e+00,2.3058403065e+02
2.3131522499e+02,1.0000000000e+00,2.3131522499e+02
2.3171218621e+02,1.0000000000e+00,2.3171218621e+02
2.2948399837e+02,1.0000000000e+00,2.2948399837e+02
2.2426540100e+02,1.0000000000e+00,2.2426540100e+02
2.1843326547e+02,1.0000000000e+00,2.1843326547e+02
2.1572281679e+02,1.0000000000e+00,2.1572281679e+02
2.1805664650e+02,1.0000000000e+00,2.1805664650e+02
2.2377650274e+02,1.0000000000e+00,2.2377650274e+02
2.2938473752e+02,1.0000000000e+00,2.2938473752e+02
2.3254028968e+02,1.0000000000e+00,2.3254028968e+02
2.3314596675e+02,1.0000000000e+00,2.3314596675e+02
2.3240572384e+02,1.0000000000e+00,2.3240572384e+02
2.3152093026e+02,1.0000000000e+00,2.3152093026e+02
2.3104756577e+02,1.0000000000e+00,2.3104756577e+02
2.3094689025e+02,1.0000000000e+00,2.3094689025e+02
2.3095910221e+02,1.0000000000e+00,2.3095910221e+02
2.3095047812e+02,1.0000000000e+00,2.3095047812e+02
2.3104771276e+02,1.0000000000e+00,2.3104771276e+02
2.3150861994e+02,1.0000000000e+00,2.3150861994e+02
2.3237943714e+02,1.0000000000e+00,2.3237943714e+02
2.3312170111e+02,1.0000000000e+00,2.3312170111e+02
2.3255275851e+02,1.0000000000e+00,2.3255275851e+02
2.2946838115e+02,1.0000000000e+00,2.2946838115e+02
2.2392486317e+02,1.0000000000e+00,2.2392486317e+02
2.1818490823e+02,1.0000000000e+00,2.1818490823e+02
2.1568668764e+02,1.0000000000e+00,2.1568668764e+02
2.1814647648e+02,1.0000000000e+00,2.1814647648e+02
2.2387710866e+02,1.0000000000e+00,2.2387710866e+02
2.2946449775e+02,1.0000000000e+00,2.2946449775e+02
2.3264579608e+02,1.0000000000e+00,2.3264579608e+02
2.3331110657e+02,1.0000000000e+00,2.3331110657e+02
2.3254928633e+02,1.0000000000e+00,2.3254928633e+02
2.3142305222e+02,1.0000000000e+00,2.3142305222e+02
2.3048570414e+02,1.0000000000e+00,2.3048570414e+02
2.2999468451e+02,1.0000000000e+00,2.2999468451e+02
2.3027937948e+02,1.0000000000e+00,2.3027937948e+02
2.3171726350e+02,1.0000000000e+00,2.3171726350e+02
2.3411754425e+02,1.0000000000e+00,2.3411754425e+02
2.3587788270e+02,1.0000000000e+00,2.3587788270e+02
2.3383304714e+02,1.0000000000e+00,2.3383304714e+02
2.2474142028e+02,1.0000000000e+00,2.2474142028e+02
2.0813866259e+02,1.0000000000e+00,2.0813866259e+02
1.8809560649e+02,1.0000000000e+00,1.8809560649e+02
1.7107857639e+02,1.0000000000e+00,1.7107857639e+02
1.6081205770e+02,1.0000000000e+00,1.6081205770e+02
1.5481383150e+02,1.0000000000e+00,1.5481383150e+02
1.4614832638e+02,1.0000000000e+00,1.4614832638e+02
1.2971341507e+02,1.0000000000e+00,1.2971341507e+02
1.0793861524e+02,1.0000000000e+00,1.0793861524e+02
8.9430429355e+01,1.0000000000e+00,8.9430429355e+01
8.1670143258e+01,1.0000000000e+00,8.1670143258e+01
8.7078907708e+01,1.0000000000e+00,8.7078907708e+01
1.0528907535e+02,1.0000000000e+00,1.0528907535e+02
1.3406442917e+02,1.0000000000e+00,1.3406442917e+02
1.6647556403e+02,1.0000000000e+00,1.6647556403e+02
1.9156469713e+02,1.0000000000e+00,1.9156469713e+02
2.0085898852e+02,1.0000000000e+00,2.0085898852e+02
1.9383556172e+02,1.0000000000e+00,1.9383556172e+02
1.7790090211e+02,1.0000000000e+00,1.7790090211e+02
1.6458438821e+02,1.0000000000e+00,1.6458438821e+02
1.6324139353e+02,1.0000000000e+00,1.6324139353e+02
1.7453933972e+02,1.0000000000e+00,1.7453933972e+02
1.9038182061e+02,1.0000000000e+00,1.9038182061e+02
2.0174372082e+02,1.0000000000e+00,2.0174372082e+02
2.0580988270e+02,1.0000000000e+00,2.0580988270e+02
2.0638237507e+02,1.0000000000e+00,2.0638237507e+02
2.0972357830e+02,1.0000000000e+00,2.0972357830e+02
2.1899327955e+02,1.0000000000e+00,2.1899327955e+02
2.3033206484e+02,1.0000000000e+00,2.3033206484e+02
2.3401053999e+02,1.0000000000e+00,2.3401053999e+02
2.2014810995e+02,1.0000000000e+00,2.2014810995e+02
1.8537097116e+02,1.0000000000e+00,1.8537097116e+02
1.3735236471e+02,1.0000000000e+00,1.3735236471e+02
9.4107597276e+01,1.0000000000e+00,9.4107597276e+01
7.5677882736e+01,1.0000000000e+00,7.5677882736e+01
9.1882725586e+01,1.0000000000e+00,9.1882725586e+01
1.3553337699e+02,1.0000000000e+00,1.3553337699e+02
1.8705430764e+02,1.0000000000e+00,1.8705430764e+02
2.2656998374e+02,1.0000000000e+00,2.2656998374e+02
2.4348157684e+02,1.0000000000e+00,2.4348157684e+02
2.3733830386e+02,1.0000000000e+00,2.3733830386e+02
2.1304673328e+02,1.0000000000e+00,2.1304673328e+02
1.7772236021e+02,1.0000000000e+00,1.7772236021e+02
1.4159712684e+02,1.0000000000e+00,1.4159712684e+02
1.1807347122e+02,1.0000000000e+00,1.1807347122e+02
1.1812391782e+02,1.0000000000e+00,1.1812391782e+02
1.4196909251e+02,1.0000000000e+00,1.4196909251e+02
1.7618688019e+02,1.0000000000e+00,1.7618688019e+02
2.0105030906e+02,1.0000000000e+00,2.0105030906e+02
2.0383791158e+02,1.0000000000e+00,2.0383791158e+02
1.8711650555e+02,1.0000000000e+00,1.8711650555e+02
1.6472803362e+02,1.0000000000e+00,1.6472803362e+02
1.4990252599e+02,1.0000000000e+00,1.4990252599e+02
1.4665603295e+02,1.0000000000e+00,1.4665603295e+02
1.5053857228e+02,1.0000000000e+00,1.5053857228e+02
1.5565071078e+02,1.0000000000e+00,1.5565071078e+02
1.6093459228e+02,1.0000000000e+00,1.6093459228e+02
1.7014365176e+02,1.0000000000e+00,1.7014365176e+02
1.8579181762e+02,1.0000000000e+00,1.8579181762e+02
2.0449188731e+02,1.0000000000e+00,2.0449188731e+02
2.1951997425e+02,1.0000000000e+00,2.1951997425e+02
2.2697490898e+02,1.0000000000e+00,2.2697490898e+02
2.2803067523e+02,1.0000000000e+00,2.2803067523e+02
2.2581433607e+02,1.0000000000e+00,2.2581433607e+02
2.2178860511e+02,1.0000000000e+00,2.2178860511e+02
2.1541601833e+02,1.0000000000e+00,2.1541601833e+02
2.0596886954e+02,1.0000000000e+00,2.0596886954e+02
1.9388218836e+02,1.0000000000e+00,1.9388218836e+02
1.8104133460e+02,1.0000000000e+00,1.8104133460e+02
1.7028590785e+02,1.0000000000e+00,1.7028590785e+02
1.6372646564e+02,1.0000000000e+00,1.6372646564e+02
1.6061798135e+02,1.0000000000e+00,1.6061798135e+02
1.5764474198e+02,1.0000000000e+00,1.5764474198e+02
1.5216313242e+02,1.0000000000e+00,1.5216313242e+02
1.4413834752e+02,1.0000000000e+00,1.4413834752e+02
1.3432475299e+02,1.0000000000e+00,1.3432475299e+02
1.2261765445e+02,1.0000000000e+00,1.2261765445e+02
1.0940642096e+02,1.0000000000e+00,1.0940642096e+02
9.6568416198e+01,1.0000000000e+00,9.6568416198e+01
8.5645874411e+01,1.0000000000e+00,8.5645874411e+01
7.6087275419e+01,1.0000000000e+00,7.6087275419e+01
6.6163624453e+01,1.0000000000e+00,6.6163624453e+01
5.4859547311e+01,1.0000000000e+00,5.4859547311e+01
4.2350989847e+01,1.0000000000e+00,4.2350989847e+01
3.6300848441e+01,1.0000000000e+00,3.6300848441e+01
3.0250707034e+01,1.0000000000e+00,3.0250707034e+01
2.4200565627e+01,1.0000000000e+00,2.4200565627e+01
1.8150424220e+01,1.0000000000e+00,1.8150424220e+01
2.5997071115e+01,1.0000000000e+00,2.5997071115e+01
3.8995606673e+01,1.0000000000e+00,3.8995606673e+01
7.3717828895e+01,1.0000000000e+00,7.3717828895e+01
1.0416666667e+02,1.0000000000e+00,1.0416666667e+02
1.2500000000e+02,1.0000000000e+00,1.2500000000e+02
1.0975562721e+02,1.0000000000e+00,1.0975562721e+02
8.6634537695e+01,1.0000000000e+00,8.6634537695e+01
6.1227249704e+01,1.0000000000e+00,6.1227249704e+01
3.3533763231e+01,1.0000000000e+00,3.3533763231e+01
4.8335838752e+01,1.0000000000e+00,4.8335838752e+01
9.0565579557e+01,1.0000000000e+00,9.0565579557e+01
1.4044800311e+02,1.0000000000e+00,1.4044800311e+02
1.7020081457e+02,1.0000000000e+00,1.7020081457e+02
1.6486758165e+02,1.0000000000e+00,1.6486758165e+02
1.3422723385e+02,1.0000000000e+00,1.3422723385e+02
1.0415226644e+02,1.0000000000e+00,1.0415226644e+02
9.3558680625e+01,1.0000000000e+00,9.3558680625e+01
9.8232794397e+01,1.0000000000e+00,9.8232794397e+01
9.8927110481e+01,1.0000000000e+00,9.8927110481e+01
8.5609855866e+01,1.0000000000e+00,8.5609855866e+01
7.0381574857e+01,1.0000000000e+00,7.0381574857e+01
7.5080142407e+01,1.0000000000e+00,7.5080142407e+01
1.0885673228e+02,1.0000000000e+00,1.0885673228e+02
1.5947872108e+02,1.0000000000e+00,1.5947872108e+02
2.0460335755e+02,1.0000000000e+00,2.0460335755e+02
2.2907930412e+02,1.0000000000e+00,2.2907930412e+02
2.3182392741e+02,1.0000000000e+00,2.3182392741e+02
2.2017691873e+02,1.0000000000e+00,2.2017691873e+02
2.0170671011e+02,1.0000000000e+00,2.0170671011e+02
1.8157340971e+02,1.0000000000e+00,1.8157340971e+02
1.6494423198e+02,1.0000000000e+00,1.6494423198e+02
1.5825298697e+02,1.0000000000e+00,1.5825298697e+02
1.6517011278e+02,1.0000000000e+00,1.6517011278e+02
1.8174758739e+02,1.0000000000e+00,1.8174758739e+02
1.9834014174e+02,1.0000000000e+00,1.9834014174e+02
2.0699551701e+02,1.0000000000e+00,2.0699551701e+02
2.0582355508e+02,1.0000000000e+00,2.0582355508e+02
1.9752862617e+02,1.0000000000e+00,1.9752862617e+02
1.8640207056e+02,1.0000000000e+00,1.8640207056e+02
1.7636129036e+02,1.0000000000e+00,1.7636129036e+02
1.6953652859e+02,1.0000000000e+00,1.6953652859e+02
1.6564913781e+02,1.0000000000e+00,1.6564913781e+02
1.6290865187e+02,1.0000000000e+00,1.6290865187e+02
1.5980225160e+02,1.0000000000e+00,1.5980225160e+02
1.5554920633e+02,1.0000000000e+00,1.5554920633e+02
1.4833997590e+02,1.0000000000e+00,1.4833997590e+02
1.3509220915e+02,1.0000000000e+00,1.3509220915e+02
1.1526379862e+02,1.0000000000e+00,1.1526379862e+02
9.3060475990e+01,1.0000000000e+00,9.3060475990e+01
7.3604768321e+01,1.0000000000e+00,7.3604768321e+01
6.0051935698e+01,1.0000000000e+00,6.0051935698e+01
5.7199835115e+01,1.0000000000e+00,5.7199835115e+01
7.3161044917e+01,1.0000000000e+00,7.3161044917e+01
1.1158036940e+02,1.0000000000e+00,1.1158036940e+02
1.6321787031e+02,1.0000000000e+00,1.6321787031e+02
2.0920420742e+02,1.0000000000e+00,2.0920420742e+02
2.3337177224e+02,1.0000000000e+00,2.3337177224e+02
2.3119448861e+02,1.0000000000e+00,2.3119448861e+02
2.0932429982e+02,1.0000000000e+00,2.0932429982e+02
1.7937154917e+02,1.0000000000e+00,1.7937154917e+02
1.5146330945e+02,1.0000000000e+00,1.5146330945e+02
1.3094327921e+02,1.0000000000e+00,1.3094327921e+02
1.1974997858e+02,1.0000000000e+00,1.1974997858e+02
1.2031561107e+02,1.0000000000e+00,1.2031561107e+02
1.3584136963e+02,1.0000000000e+00,1.3584136963e+02
1.6493964361e+02,1.0000000000e+00,1.6493964361e+02
1.9830239036e+02,1.0000000000e+00,1.9830239036e+02
2.2395341021e+02,1.0000000000e+00,2.2395341021e+02
2.3559411273e+02,1.0000000000e+00,2.3559411273e+02
2.3483039490e+02,1.0000000000e+00,2.3483039490e+02
2.2667115266e+02,1.0000000000e+00,2.2667115266e+02
2.1463104116e+02,1.0000000000e+00,2.1463104116e+02
2.0026896071e+02,1.0000000000e+00,2.0026896071e+02
1.8542081043e+02,1.0000000000e+00,1.8542081043e+02
1.7171172002e+02,1.0000000000e+00,1.7171172002e+02
1.5783150650e+02,1.0000000000e+00,1.5783150650e+02
1.4131985462e+02,1.0000000000e+00,1.4131985462e+02
1.2453072455e+02,1.0000000000e+00,1.2453072455e+02
1.1522637809e+02,1.0000000000e+00,1.1522637809e+02
1.1890697415e+02,1.0000000000e+00,1.1890697415e+02
1.3186471900e+02,1.0000000000e+00,1.3186471900e+02
1.4287238610e+02,1.0000000000e+00,1.4287238610e+02
1.4219390067e+02,1.0000000000e+00,1.4219390067e+02
1.3062729550e+02,1.0000000000e+00,1.3062729550e+02
1.2042575055e+02,1.0000000000e+00,1.2042575055e+02
1.2566786700e+02,1.0000000000e+00,1.2566786700e+02
1.5008070858e+02,1.0000000000e+00,1.5008070858e+02
1.8366268704e+02,1.0000000000e+00,1.8366268704e+02
2.1077173723e+02,1.0000000000e+00,2.1077173723e+02
2.2162303093e+02,1.0000000000e+00,2.2162303093e+02
2.1696877437e+02,1.0000000000e+00,2.1696877437e+02
2.0361147747e+02,1.0000000000e+00,2.0361147747e+02
1.8771128428e+02,1.0000000000e+00,1.8771128428e+02
1.7322214026e+02,1.0000000000e+00,1.7322214026e+02
1.6468441913e+02,1.0000000000e+00,1.6468441913e+02
1.6757577674e+02,1.0000000000e+00,1.6757577674e+02
1.8373464761e+02,1.0000000000e+00,1.8373464761e+02
2.0784214121e+02,1.0000000000e+00,2.0784214121e+02
2.3005008905e+02,1.0000000000e+00,2.3005008905e+02
2.4140530887e+02,1.0000000000e+00,2.4140530887e+02
2.3674206214e+02,1.0000000000e+00,2.3674206214e+02
2.1527736923e+02,1.0000000000e+00,2.1527736923e+02
1.8146762254e+02,1.0000000000e+00,1.8146762254e+02
1.4546892542e+02,1.0000000000e+00,1.4546892542e+02
1.2055001931e+02,1.0000000000e+00,1.2055001931e+02
1.1701112979e+02,1.0000000000e+00,1.1701112979e+02
1.3605569352e+02,1.0000000000e+00,1.3605569352e+02
1.6864136916e+02,1.0000000000e+00,1.6864136916e+02
2.0084000282e+02,1.0000000000e+00,2.0084000282e+02
2.2192305449e+02,1.0000000000e+00,2.2192305449e+02
2.2958867873e+02,1.0000000000e+00,2.2958867873e+02
2.2896027901e+02,1.0000000000e+00,2.2896027901e+02
2.2685602337e+02,1.0000000000e+00,2.2685602337e+02
2.2683220433e+02,1.0000000000e+00,2.2683220433e+02
2.2866514051e+02,1.0000000000e+00,2.2866514051e+02
2.3071467580e+02,1.0000000000e+00,2.3071467580e+02
2.3189234197e+02,1.0000000000e+00,2.3189234197e+02
2.3208630176e+02,1.0000000000e+00,2.3208630176e+02
2.3171765590e+02,1.0000000000e+00,2.3171765590e+02
2.3124505396e+02,1.0000000000e+00,2.3124505396e+02
2.3095462031e+02,1.0000000000e+00,2.3095462031e+02
2.3098342074e+02,1.0000000000e+00,2.3098342074e+02
2.3137145901e+02,1.0000000000e+00,2.3137145901e+02
2.3199840555e+02,1.0000000000e+00,2.3199840555e+02
2.3244300338e+02,1.0000000000e+00,2.3244300338e+02
2.3198456812e+02,1.0000000000e+00,2.3198456812e+02
2.2999821700e+02,1.0000000000e+00,2.2999821700e+02
2.2672619625e+02,1.0000000000e+00,2.2672619625e+02
2.2379277520e+02,1.0000000000e+00,2.2379277520e+02
2.2343693053e+02,1.0000000000e+00,2.2343693053e+02
2.2646140140e+02,1.0000000000e+00,2.2646140140e+02
2.3076864632e+02,1.0000000000e+00,2.3076864632e+02
2.3223596407e+02,1.0000000000e+00,2.3223596407e+02
2.2746048895e+02,1.0000000000e+00,2.2746048895e+02
2.1658257090e+02,1.0000000000e+00,2.1658257090e+02
2.0427006031e+02,1.0000000000e+00,2.0427006031e+02
1.9732403024e+02,1.0000000000e+00,1.9732403024e+02
2.0009505713e+02,1.0000000000e+00,2.0009505713e+02
2.1182438045e+02,1.0000000000e+00,2.1182438045e+02
2.2765713767e+02,1.0000000000e+00,2.2765713767e+02
2.4063674203e+02,1.0000000000e+00,2.4063674203e+02
2.4277733023e+02,1.0000000000e+00,2.4277733023e+02
2.2710272564e+02,1.0000000000e+00,2.2710272564e+02
1.9272690508e+02,1.0000000000e+00,1.9272690508e+02
1.5021446129e+02,1.0000000000e+00,1.5021446129e+02
1.1960554214e+02,1.0000000000e+00,1.1960554214e+02
1.1784046666e+02,1.0000000000e+00,1.1784046666e+02
1.4555613699e+02,1.0000000000e+00,1.4555613699e+02
1.8728434982e+02,1.0000000000e+00,1.8728434982e+02
2.2437816688e+02,1.0000000000e+00,2.2437816688e+02
2.4611557643e+02,1.0000000000e+00,2.4611557643e+02
2.5000000000e+02,1.0000000000e+00,2.5000000000e+02
2.3646037670e+02,1.0000000000e+00,2.3646037670e+02
2.0723918614e+02,1.0000000000e+00,2.0723918614e+02
1.6931556582e+02,1.0000000000e+00,1.6931556582e+02
1.3710646920e+02,1.0000000000e+00,1.3710646920e+02
1.2552127261e+02,1.0000000000e+00,1.2552127261e+02
1.3844151115e+02,1.0000000000e+00,1.3844151115e+02
1.6598675402e+02,1.0000000000e+00,1.6598675402e+02
1.9381869673e+02,1.0000000000e+00,1.9381869673e+02
2.1333677492e+02,1.0000000000e+00,2.1333677492e+02
2.2380077561e+02,1.0000000000e+00,2.2380077561e+02
2.2842722344e+02,1.0000000000e+00,2.2842722344e+02
2.3043681154e+02,1.0000000000e+00,2.3043681154e+02
2.3161192806e+02,1.0000000000e+00,2.3161192806e+02
2.3230999268e+02,1.0000000000e+00,2.3230999268e+02
2.3157146788e+02,1.0000000000e+00,2.3157146788e+02
2.2714666377e+02,1.0000000000e+00,2.2714666377e+02
2.1571258857e+02,1.0000000000e+00,2.1571258857e+02
1.9392687767e+02,1.0000000000e+00,1.9392687767e+02
1.6109465379e+02,1.0000000000e+00,1.6109465379e+02
1.2199105360e+02,1.0000000000e+00,1.2199105360e+02
8.5955595705e+01,1.0000000000e+00,8.5955595705e+01
6.1180581245e+01,1.0000000000e+00,6.1180581245e+01
4.9093144945e+01,1.0000000000e+00,4.9093144945e+01
4.4715601874e+01,1.0000000000e+00,4.4715601874e+01
4.3080580260e+01,1.0000000000e+00,4.3080580260e+01
4.5456291511e+01,1.0000000000e+00,4.5456291511e+01
5.8630256645e+01,1.0000000000e+00,5.8630256645e+01
8.6814704829e+01,1.0000000000e+00,8.6814704829e+01
1.2404253743e+02,1.0000000000e+00,1.2404253743e+02
1.5632269949e+02,1.0000000000e+00,1.5632269949e+02
1.7296201385e+02,1.0000000000e+00,1.7296201385e+02
1.7572838472e+02,1.0000000000e+00,1.7572838472e+02
1.7628123590e+02,1.0000000000e+00,1.7628123590e+02
1.8390195667e+02,1.0000000000e+00,1.8390195667e+02
1.9501665684e+02,1.0000000000e+00,1.9501665684e+02
1.9533839736e+02,1.0000000000e+00,1.9533839736e+02
1.7411730102e+02,1.0000000000e+00,1.7411730102e+02
1.3738428743e+02,1.0000000000e+00,1.3738428743e+02
1.0628699140e+02,1.0000000000e+00,1.0628699140e+02
1.0043124917e+02,1.0000000000e+00,1.0043124917e+02
1.2219931118e+02,1.0000000000e+00,1.2219931118e+02
1.5763930314e+02,1.0000000000e+00,1.5763930314e+02
1.9023472512e+02,1.0000000000e+00,1.9023472512e+02
2.1056281079e+02,1.0000000000e+00,2.1056281079e+02
2.1551192268e+02,1.0000000000e+00,2.1551192268e+02
2.0571135500e+02,1.0000000000e+00,2.0571135500e+02
1.8672885547e+02,1.0000000000e+00,1.8672885547e+02
1.6905154141e+02,1.0000000000e+00,1.6905154141e+02
1.6223752972e+02,1.0000000000e+00,1.6223752972e+02
1.6776295225e+02,1.0000000000e+00,1.6776295225e+02
1.7895643150e+02,1.0000000000e+00,1.7895643150e+02
1.8848554114e+02,1.0000000000e+00,1.8848554114e+02
1.9466239878e+02,1.0000000000e+00,1.9466239878e+02
2.0043231359e+02,1.0000000000e+00,2.0043231359e+02
2.0820742811e+02,1.0000000000e+00,2.0820742811e+02
2.1668755143e+02,1.0000000000e+00,2.1668755143e+02
2.2192196024e+02,1.0000000000e+00,2.2192196024e+02
2.2100653034e+02,1.0000000000e+00,2.2100653034e+02
2.1520840915e+02,1.0000000000e+00,2.1520840915e+02
2.0958689027e+02,1.0000000000e+00,2.0958689027e+02
2.0894982915e+02,1.0000000000e+00,2.0894982915e+02
2.1379294153e+02,1.0000000000e+00,2.1379294153e+02
2.2025382810e+02,1.0000000000e+00,2.2025382810e+02
2.2354194377e+02,1.0000000000e+00,2.2354194377e+02
2.2068732347e+02,1.0000000000e+00,2.2068732347e+02
2.1100617449e+02,1.0000000000e+00,2.1100617449e+02
1.9625198549e+02,1.0000000000e+00,1.9625198549e+02
1.8059817907e+02,1.0000000000e+00,1.8059817907e+02
1.6845498676e+02,1.0000000000e+00,1.6845498676e+02
1.6156861884e+02,1.0000000000e+00,1.6156861884e+02
1.5909643482e+02,1.0000000000e+00,1.5909643482e+02
1.5988130505e+02,1.0000000000e+00,1.5988130505e+02
1.6320003066e+02,1.0000000000e+00,1.6320003066e+02
1.6786094754e+02,1.0000000000e+00,1.6786094754e+02
1.7213632699e+02,1.0000000000e+00,1.7213632699e+02
1.7482933872e+02,1.0000000000e+00,1.7482933872e+02
1.7593827399e+02,1.0000000000e+00,1.7593827399e+02
1.7605498809e+02,1.0000000000e+00,1.7605498809e+02
1.7452734913e+02,1.0000000000e+00,1.7452734913e+02
1.6787772364e+02,1.0000000000e+00,1.6787772364e+02
1.5156220502e+02,1.0000000000e+00,1.5156220502e+02
1.2488344773e+02,1.0000000000e+00,1.2488344773e+02
9.3241795211e+01,1.0000000000e+00,9.3241795211e+01
6.4375153104e+01,1.0000000000e+00,6.4375153104e+01
4.3182986348e+01,1.0000000000e+00,4.3182986348e+01
3.7013988299e+01,1.0000000000e+00,3.7013988299e+01
3.0844990249e+01,1.0000000000e+00,3.0844990249e+01
2.4675992199e+01,1.0000000000e+00,2.4675992199e+01
1.8506994149e+01,1.0000000000e+00,1.8506994149e+01
1.2337996100e+01,1.0000000000e+00,1.2337996100e+01
6.1689980498e+00,1.0000000000e+00,6.1689980498e+00
0.0000000000e+00,1.0000000000e+00,0.0000000000e+00
0.0000000000e+00,1.0000000000e+00,0.0000000000e+00
0.0000000000e+00,1.0000000000e+00,0.0000000000e+00
0.0000000000e+00,1.0000000000e+00,0.0000000000e+00
0.0000000000e+00,1.0000000000e+00,0.0000000000e+00
1.0482913898e+01,1.0000000000e+00,1.0482913898e+01
2.0965827796e+01,1.0000000000e+00,2.0965827796e+01
3.1448741694e+01,1.0000000000e+00,3.1448741694e+01
6.0785589905e+01,1.0000000000e+00,6.0785589905e+01
9.1578942654e+01,1.0000000000e+00,9.1578942654e+01
1.1133879052e+02,1.0000000000e+00,1.1133879052e+02
1.1211766866e+02,1.0000000000e+00,1.1211766866e+02
9.8040848744e+01,1.0000000000e+00,9.8040848744e+01
8.5599138535e+01,1.0000000000e+00,8.5599138535e+01
9.3196318997e+01,1.0000000000e+00,9.3196318997e+01
1.2603092157e+02,1.0000000000e+00,1.2603092157e+02
1.7041836300e+02,1.0000000000e+00,1.7041836300e+02
2.0460139923e+02,1.0000000000e+00,2.0460139923e+02
2.1571878868e+02,1.0000000000e+00,2.1571878868e+02
2.0732456475e+02,1.0000000000e+00,2.0732456475e+02
1.9376774734e+02,1.0000000000e+00,1.9376774734e+02
1.8873110272e+02,1.0000000000e+00,1.8873110272e+02
1.9654261528e+02,1.0000000000e+00,1.9654261528e+02
2.1175889053e+02,1.0000000000e+00,2.1175889053e+02
2.2606548737e+02,1.0000000000e+00,2.2606548737e+02
2.3493973880e+02,1.0000000000e+00,2.3493973880e+02
2.3819388651e+02,1.0000000000e+00,2.3819388651e+02
2.3625001897e+02,1.0000000000e+00,2.3625001897e+02
2.2786383422e+02,1.0000000000e+00,2.2786383422e+02
2.1228977429e+02,1.0000000000e+00,2.1228977429e+02
1.9331806447e+02,1.0000000000e+00,1.9331806447e+02
1.7934248195e+02,1.0000000000e+00,1.7934248195e+02
1.7764295540e+02,1.0000000000e+00,1.7764295540e+02
1.8883004310e+02,1.0000000000e+00,1.8883004310e+02
2.0730232473e+02,1.0000000000e+00,2.0730232473e+02
2.2591598560e+02,1.0000000000e+00,2.2591598560e+02
2.3949379354e+02,1.0000000000e+00,2.3949379354e+02
2.4472977891e+02,1.0000000000e+00,2.4472977891e+02
2.3840457167e+02,1.0000000000e+00,2.3840457167e+02
2.1807302168e+02,1.0000000000e+00,2.1807302168e+02
1.8670122360e+02,1.0000000000e+00,1.8670122360e+02
1.5635518012e+02,1.0000000000e+00,1.5635518012e+02
1.4355962147e+02,1.0000000000e+00,1.4355962147e+02
1.5665808714e+02,1.0000000000e+00,1.5665808714e+02
1.8679580857e+02,1.0000000000e+00,1.8679580857e+02
2.1314993372e+02,1.0000000000e+00,2.1314993372e+02
2.1843555673e+02,1.0000000000e+00,2.1843555673e+02
2.0111570077e+02,1.0000000000e+00,2.0111570077e+02
1.7569188310e+02,1.0000000000e+00,1.7569188310e+02
1.6153066001e+02,1.0000000000e+00,1.6153066001e+02
1.6808310204e+02,1.0000000000e+00,1.6808310204e+02
1.8928847136e+02,1.0000000000e+00,1.8928847136e+02
2.1191291542e+02,1.0000000000e+00,2.1191291542e+02
2.2690861593e+02,1.0000000000e+00,2.2690861593e+02
2.3290848580e+02,1.0000000000e+00,2.3290848580e+02
2.3333654342e+02,1.0000000000e+00,2.3333654342e+02
2.3264924888e+02,1.0000000000e+00,2.3264924888e+02
2.3361002278e+02,1.0000000000e+00,2.3361002278e+02
2.3575722242e+02,1.0000000000e+00,2.3575722242e+02
2.3545828011e+02,1.0000000000e+00,2.3545828011e+02
2.2805498914e+02,1.0000000000e+00,2.2805498914e+02
2.1195848419e+02,1.0000000000e+00,2.1195848419e+02
1.9224875378e+02,1.0000000000e+00,1.9224875378e+02
1.7904087382e+02,1.0000000000e+00,1.7904087382e+02
1.7953108009e+02,1.0000000000e+00,1.7953108009e+02
1.9154844303e+02,1.0000000000e+00,1.9154844303e+02
2.0657483181e+02,1.0000000000e+00,2.0657483181e+02
2.1792425396e+02,1.0000000000e+00,2.1792425396e+02
2.2416605763e+02,1.0000000000e+00,2.2416605763e+02
2.2677734134e+02,1.0000000000e+00,2.2677734134e+02
2.2758687634e+02,1.0000000000e+00,2.2758687634e+02
2.2789197420e+02,1.0000000000e+00,2.2789197420e+02
2.2782670049e+02,1.0000000000e+00,2.2782670049e+02
2.2621601206e+02,1.0000000000e+00,2.2621601206e+02
2.2171615989e+02,1.0000000000e+00,2.2171615989e+02
2.1404748109e+02,1.0000000000e+00,2.1404748109e+02
2.0400938545e+02,1.0000000000e+00,2.0400938545e+02
1.9276316635e+02,1.0000000000e+00,1.9276316635e+02
1.8090953155e+02,1.0000000000e+00,1.8090953155e+02
1.6758441114e+02,1.0000000000e+00,1.6758441114e+02
1.5102783114e+02,1.0000000000e+00,1.5102783114e+02
1.3078887301e+02,1.0000000000e+00,1.3078887301e+02
1.0853889798e+02,1.0000000000e+00,1.0853889798e+02
8.6318008974e+01,1.0000000000e+00,8.6318008974e+01
6.5637375349e+01,1.0000000000e+00,6.5637375349e+01
4.9306026292e+01,1.0000000000e+00,4.9306026292e+01
4.2317644767e+01,1.0000000000e+00,4.2317644767e+01
4.8281880374e+01,1.0000000000e+00,4.8281880374e+01
6.3991150091e+01,1.0000000000e+00,6.3991150091e+01
7.8374153052e+01,1.0000000000e+00,7.8374153052e+01
7.8788478135e+01,1.0000000000e+00,7.8788478135e+01
6.0858120388e+01,1.0000000000e+00,6.0858120388e+01
3.4163850507e+01,1.0000000000e+00,3.4163850507e+01
2.1538189106e+01,1.0000000000e+00,2.1538189106e+01
3.0450716812e+01,1.0000000000e+00,3.0450716812e+01
7.2312827068e+01,1.0000000000e+00,7.2312827068e+01
1.2667290164e+02,1.0000000000e+00,1.2667290164e+02
1.6858861922e+02,1.0000000000e+00,1.6858861922e+02
1.8278437878e+02,1.0000000000e+00,1.8278437878e+02
1.7195650533e+02,1.0000000000e+00,1.7195650533e+02
1.5075944126e+02,1.0000000000e+00,1.5075944126e+02
1.3404191495e+02,1.0000000000e+00,1.3404191495e+02
1.2927707717e+02,1.0000000000e+00,1.2927707717e+02
1.3607706230e+02,1.0000000000e+00,1.3607706230e+02
1.4996546864e+02,1.0000000000e+00,1.4996546864e+02
1.6614031120e+02,1.0000000000e+00,1.6614031120e+02
1.8141003201e+02,1.0000000000e+00,1.8141003201e+02
1.9474488829e+02,1.0000000000e+00,1.9474488829e+02
2.0629467822e+02,1.0000000000e+00,2.0629467822e+02
2.1553829283e+02,1.0000000000e+00,2.1553829283e+02
2.2100216237e+02,1.0000000000e+00,2.2100216237e+02
2.2156806377e+02,1.0000000000e+00,2.2156806377e+02
2.1723196479e+02,1.0000000000e+00,2.1723196479e+02
2.0958185644e+02,1.0000000000e+00,2.0958185644e+02
2.0253061074e+02,1.0000000000e+00,2.0253061074e+02
2.0087948586e+02,1.0000000000e+00,2.0087948586e+02
2.0639425221e+02,1.0000000000e+00,2.0639425221e+02
2.1601002141e+02,1.0000000000e+00,2.1601002141e+02
2.2467908646e+02,1.0000000000e+00,2.2467908646e+02
2.2935235163e+02,1.0000000000e+00,2.2935235163e+02
2.3015273898e+02,1.0000000000e+00,2.3015273898e+02
2.2880980390e+02,1.0000000000e+00,2.2880980390e+02
2.2682059577e+02,1.0000000000e+00,2.2682059577e+02
2.2504939118e+02,1.0000000000e+00,2.2504939118e+02
2.2427378925e+02,1.0000000000e+00,2.2427378925e+02
2.2532646532e+02,1.0000000000e+00,2.2532646532e+02
2.2867141968e+02,1.0000000000e+00,2.2867141968e+02
2.3388369636e+02,1.0000000000e+00,2.3388369636e+02
2.3889879986e+02,1.0000000000e+00,2.3889879986e+02
2.3934931807e+02,1.0000000000e+00,2.3934931807e+02
2.2973053378e+02,1.0000000000e+00,2.2973053378e+02
2.0775400486e+02,1.0000000000e+00,2.0775400486e+02
1.7957576856e+02,1.0000000000e+00,1.7957576856e+02
1.5929064867e+02,1.0000000000e+00,1.5929064867e+02
1.5903068526e+02,1.0000000000e+00,1.5903068526e+02
1.7797905923e+02,1.0000000000e+00,1.7797905923e+02
2.0313828889e+02,1.0000000000e+00,2.0313828889e+02
2.2080767167e+02,1.0000000000e+00,2.2080767167e+02
2.2516018492e+02,1.0000000000e+00,2.2516018492e+02
2.1754608255e+02,1.0000000000e+00,2.1754608255e+02
2.0298903236e+02,1.0000000000e+00,2.0298903236e+02
1.8936387279e+02,1.0000000000e+00,1.8936387279e+02
1.8549786309e+02,1.0000000000e+00,1.8549786309e+02
1.9490111959e+02,1.0000000000e+00,1.9490111959e+02
2.1174979873e+02,1.0000000000e+00,2.1174979873e+02
2.2571197403e+02,1.0000000000e+00,2.2571197403e+02
2.3043411913e+02,1.0000000000e+00,2.3043411913e+02
2.2676925983e+02,1.0000000000e+00,2.2676925983e+02
2.1952961969e+02,1.0000000000e+00,2.1952961969e+02
2.1273037043e+02,1.0000000000e+00,2.1273037043e+02
2.0809468775e+02,1.0000000000e+00,2.0809468775e+02
2.0675842207e+02,1.0000000000e+00,2.0675842207e+02
2.0994331692e+02,1.0000000000e+00,2.0994331692e+02
2.1717826469e+02,1.0000000000e+00,2.1717826469e+02
2.2547918628e+02,1.0000000000e+00,2.2547918628e+02
2.3124142494e+02,1.0000000000e+00,2.3124142494e+02
2.3251999522e+02,1.0000000000e+00,2.3251999522e+02
2.2975379259e+02,1.0000000000e+00,2.2975379259e+02
2.2527426526e+02,1.0000000000e+00,2.2527426526e+02
2.2206122593e+02,1.0000000000e+00,2.2206122593e+02
2.2167339808e+02,1.0000000000e+00,2.2167339808e+02
2.2247888438e+02,1.0000000000e+00,2.2247888438e+02
2.2052232712e+02,1.0000000000e+00,2.2052232712e+02
2.1347370729e+02,1.0000000000e+00,2.1347370729e+02
2.0421831472e+02,1.0000000000e+00,2.0421831472e+02
1.9944577517e+02,1.0000000000e+00,1.9944577517e+02
2.0346368271e+02,1.0000000000e+00,2.0346368271e+02
2.1403145076e+02,1.0000000000e+00,2.1403145076e+02
2.2489210657e+02,1.0000000000e+00,2.2489210657e+02
2.3094491514e+02,1.0000000000e+00,2.3094491514e+02
2.3045883967e+02,1.0000000000e+00,2.3045883967e+02
2.2443026184e+02,1.0000000000e+00,2.2443026184e+02
2.1554502762e+02,1.0000000000e+00,2.1554502762e+02
2.0733279274e+02,1.0000000000e+00,2.0733279274e+02
2.0283552402e+02,1.0000000000e+00,2.0283552402e+02
2.0292182950e+02,1.0000000000e+00,2.0292182950e+02
2.0586809779e+02,1.0000000000e+00,2.0586809779e+02
2.0901316578e+02,1.0000000000e+00,2.0901316578e+02
2.1061818109e+02,1.0000000000e+00,2.1061818109e+02
2.1006576218e+02,1.0000000000e+00,2.1006576218e+02
2.0719080692e+02,1.0000000000e+00,2.0719080692e+02
2.0221088962e+02,1.0000000000e+00,2.0221088962e+02
1.9582288956e+02,1.0000000000e+00,1.9582288956e+02
1.8814760166e+02,1.0000000000e+00,1.8814760166e+02
1.7714394231e+02,1.0000000000e+00,1.7714394231e+02
1.5946305902e+02,1.0000000000e+00,1.5946305902e+02
1.3455397960e+02,1.0000000000e+00,1.3455397960e+02
1.0717829556e+02,1.0000000000e+00,1.0717829556e+02
8.4108812883e+01,1.0000000000e+00,8.4108812883e+01
6.8762975611e+01,1.0000000000e+00,6.8762975611e+01
6.0195978148e+01,1.0000000000e+00,6.0195978148e+01
5.6717045808e+01,1.0000000000e+00,5.6717045808e+01
5.9153536237e+01,1.0000000000e+00,5.9153536237e+01
6.9633432546e+01,1.0000000000e+00,6.9633432546e+01
8.6861429996e+01,1.0000000000e+00,8.6861429996e+01
1.0378989422e+02,1.0000000000e+00,1.0378989422e+02
1.1209500923e+02,1.0000000000e+00,1.1209500923e+02
1.1014220429e+02,1.0000000000e+00,1.1014220429e+02
1.0604739671e+02,1.0000000000e+00,1.0604739671e+02
1.1162616463e+02,1.0000000000e+00,1.1162616463e+02
1.3267312822e+02,1.0000000000e+00,1.3267312822e+02
1.6482799088e+02,1.0000000000e+00,1.6482799088e+02
1.9768569623e+02,1.0000000000e+00,1.9768569623e+02
2.2203792352e+02,1.0000000000e+00,2.2203792352e+02
2.3444651828e+02,1.0000000000e+00,2.3444651828e+02
2.3717517814e+02,1.0000000000e+00,2.3717517814e+02
2.3499501610e+02,1.0000000000e+00,2.3499501610e+02
2.3183781510e+02,1.0000000000e+00,2.3183781510e+02
2.2942978937e+02,1.0000000000e+00,2.2942978937e+02
2.2797073878e+02,1.0000000000e+00,2.2797073878e+02
2.2745590554e+02,1.0000000000e+00,2.2745590554e+02
2.2809708904e+02,1.0000000000e+00,2.2809708904e+02
2.2932533205e+02,1.0000000000e+00,2.2932533205e+02
2.2863393311e+02,1.0000000000e+00,2.2863393311e+02
2.2240110232e+02,1.0000000000e+00,2.2240110232e+02
2.0896120799e+02,1.0000000000e+00,2.0896120799e+02
1.9110547669e+02,1.0000000000e+00,1.9110547669e+02
1.7495400045e+02,1.0000000000e+00,1.7495400045e+02
1.6572067699e+02,1.0000000000e+00,1.6572067699e+02
1.6438125726e+02,1.0000000000e+00,1.6438125726e+02
1.6819444755e+02,1.0000000000e+00,1.6819444755e+02
1.7359340890e+02,1.0000000000e+00,1.7359340890e+02
1.7824394595e+02,1.0000000000e+00,1.7824394595e+02
1.8129166194e+02,1.0000000000e+00,1.8129166194e+02
1.8274275816e+02,1.0000000000e+00,1.8274275816e+02
1.8309160428e+02,1.0000000000e+00,1.8309160428e+02
1.8330773188e+02,1.0000000000e+00,1.8330773188e+02
1.8454217088e+02,1.0000000000e+00,1.8454217088e+02
1.8793171023e+02,1.0000000000e+00,1.8793171023e+02
1.9471885048e+02,1.0000000000e+00,1.9471885048e+02
2.0529767323e+02,1.0000000000e+00,2.0529767323e+02
2.1760643723e+02,1.0000000000e+00,2.1760643723e+02
2.2766188799e+02,1.0000000000e+00,2.2766188799e+02
2.3235345994e+02,1.0000000000e+00,2.3235345994e+02
2.3150491122e+02,1.0000000000e+00,2.3150491122e+02
2.2763489946e+02,1.0000000000e+00,2.2763489946e+02
2.2419411134e+02,1.0000000000e+00,2.2419411134e+02
2.2327795630e+02,1.0000000000e+00,2.2327795630e+02
2.2381039497e+02,1.0000000000e+00,2.2381039497e+02
2.2180182553e+02,1.0000000000e+00,2.2180182553e+02
2.1341088439e+02,1.0000000000e+00,2.1341088439e+02
1.9883682379e+02,1.0000000000e+00,1.9883682379e+02
1.8378522467e+02,1.0000000000e+00,1.8378522467e+02
1.7671797642e+02,1.0000000000e+00,1.7671797642e+02
1.8277127418e+02,1.0000000000e+00,1.8277127418e+02
1.9900378937e+02,1.0000000000e+00,1.9900378937e+02
2.1649757107e+02,1.0000000000e+00,2.1649757107e+02
2.2778857573e+02,1.0000000000e+00,2.2778857573e+02
2.3167649924e+02,1.0000000000e+00,2.3167649924e+02
2.3155057190e+02,1.0000000000e+00,2.3155057190e+02
2.3090106260e+02,1.0000000000e+00,2.3090106260e+02
2.3069303596e+02,1.0000000000e+00,2.3069303596e+02
2.2972197941e+02,1.0000000000e+00,2.2972197941e+02
2.2664402041e+02,1.0000000000e+00,2.2664402041e+02
2.2192521667e+02,1.0000000000e+00,2.2192521667e+02
2.1812625836e+02,1.0000000000e+00,2.1812625836e+02
2.1794967186e+02,1.0000000000e+00,2.1794967186e+02
2.2147049014e+02,1.0000000000e+00,2.2147049014e+02
2.2512399324e+02,1.0000000000e+00,2.2512399324e+02
2.2392249944e+02,1.0000000000e+00,2.2392249944e+02
2.1573151926e+02,1.0000000000e+00,2.1573151926e+02
2.0376486236e+02,1.0000000000e+00,2.0376486236e+02
1.9344863152e+02,1.0000000000e+00,1.9344863152e+02
1.8570179961e+02,1.0000000000e+00,1.8570179961e+02
1.7513922579e+02,1.0000000000e+00,1.7513922579e+02
1.5658846236e+02,1.0000000000e+00,1.5658846236e+02
1.3182911820e+02,1.0000000000e+00,1.3182911820e+02
1.0894635172e+02,1.0000000000e+00,1.0894635172e+02
9.6254806443e+01,1.0000000000e+00,9.6254806443e+01
9.6035594533e+01,1.0000000000e+00,9.6035594533e+01
1.0203347394e+02,1.0000000000e+00,1.0203347394e+02
1.0404216938e+02,1.0000000000e+00,1.0404216938e+02
9.7631009631e+01,1.0000000000e+00,9.7631009631e+01
8.9416857630e+01,1.0000000000e+00,8.9416857630e+01
9.0606470067e+01,1.0000000000e+00,9.0606470067e+01
1.0457939360e+02,1.0000000000e+00,1.0457939360e+02
1.2238722364e+02,1.0000000000e+00,1.2238722364e+02
1.3134255876e+02,1.0000000000e+00,1.3134255876e+02
1.2678299939e+02,1.0000000000e+00,1.2678299939e+02
1.1504906456e+02,1.0000000000e+00,1.1504906456e+02
1.0649550109e+02,1.0000000000e+00,1.0649550109e+02
1.0629042868e+02,1.0000000000e+00,1.0629042868e+02
1.1180280157e+02,1.0000000000e+00,1.1180280157e+02
1.1880518755e+02,1.0000000000e+00,1.1880518755e+02
1.2793671004e+02,1.0000000000e+00,1.2793671004e+02
1.4192892607e+02,1.0000000000e+00,1.4192892607e+02
1.5785148236e+02,1.0000000000e+00,1.5785148236e+02
1.6666845339e+02,1.0000000000e+00,1.6666845339e+02
1.6168337117e+02,1.0000000000e+00,1.6168337117e+02
1.4505224237e+02,1.0000000000e+00,1.4505224237e+02
1.2511018452e+02,1.0000000000e+00,1.2511018452e+02
1.0886943203e+02,1.0000000000e+00,1.0886943203e+02
9.7598887235e+01,1.0000000000e+00,9.7598887235e+01
8.8316311167e+01,1.0000000000e+00,8.8316311167e+01
7.8742889664e+01,1.0000000000e+00,7.8742889664e+01
7.1422140007e+01,1.0000000000e+00,7.1422140007e+01
7.3416020859e+01,1.0000000000e+00,7.3416020859e+01
9.0463087623e+01,1.0000000000e+00,9.0463087623e+01
1.1935641777e+02,1.0000000000e+00,1.1935641777e+02
1.4655686316e+02,1.0000000000e+00,1.4655686316e+02
1.5721453677e+02,1.0000000000e+00,1.5721453677e+02
1.4731654984e+02,1.0000000000e+00,1.4731654984e+02
1.2618814022e+02,1.0000000000e+00,1.2618814022e+02
1.0671022317e+02,1.0000000000e+00,1.0671022317e+02
9.5013321005e+01,1.0000000000e+00,9.5013321005e+01
9.0234892660e+01,1.0000000000e+00,9.0234892660e+01
9.0125238896e+01,1.0000000000e+00,9.0125238896e+01
9.2664889056e+01,1.0000000000e+00,9.2664889056e+01
9.4106225211e+01,1.0000000000e+00,9.4106225211e+01
9.0341905548e+01,1.0000000000e+00,9.0341905548e+01
8.1113930806e+01,1.0000000000e+00,8.1113930806e+01
7.0402855966e+01,1.0000000000e+00,7.0402855966e+01
6.1928530521e+01,1.0000000000e+00,6.1928530521e+01
5.5573326195e+01,1.0000000000e+00,5.5573326195e+01
4.8525609524e+01,1.0000000000e+00,4.8525609524e+01
3.8827298353e+01,1.0000000000e+00,3.8827298353e+01
3.3280541446e+01,1.0000000000e+00,3.3280541446e+01
2.7733784538e+01,1.0000000000e+00,2.7733784538e+01
2.2187027631e+01,1.0000000000e+00,2.2187027631e+01
1.6640270723e+01,1.0000000000e+00,1.6640270723e+01
1.1093513815e+01,1.0000000000e+00,1.1093513815e+01
5.5467569076e+00,1.0000000000e+00,5.5467569076e+00
0.0000000000e+00,9.0000000000e-01,0.0000000000e+00
0.0000000000e+00,8.0000000000e-01,0.0000000000e+00
0.0000000000e+00,7.0000000000e-01,0.0000000000e+00
0.0000000000e+00,6.0000000000e-01,0.0000000000e+00
0.0000000000e+00,6.0000000000e-01,0.0000000000e+00
0.0000000000e+00,6.0000000000e-01,0.0000000000e+00
0.0000000000e+00,6.0000000000e-01,0.0000000000e+00
0.0000000000e+00,6.0000000000e-01,0.0000000000e+00
0.0000000000e+00,6.0000000000e-01,0.0000000000e+00
0.0000000000e+00,6.0000000000e-01,0.0000000000e+00
0.0000000000e+00,6.0000000000e-01,0.0000000000e+00
0.0000000000e+00,6.0000000000e-01,0.0000000000e+00
0.0000000000e+00,6.0000000000e-01,0.0000000000e+00
0.0000000000e+00,6.0000000000e-01,0.0000000000e+00
0.0000000000e+00,6.0000000000e-01,0.0000000000e+00
0.0000000000e+00,6.0000000000e-01,0.0000000000e+00
0.0000000000e+00,6.0000000000e-01,0.0000000000e+00
0.0000000000e+00,6.0000000000e-01,0.0000000000e+00
0.0000000000e+00,6.0000000000e-01,0.0000000000e+00
0.0000000000e+00,6.0000000000e-01,0.0000000000e+00
0.0000000000e+00,6.0000000000e-01,0.0000000000e+00
0.0000000000e+00,6.0000000000e-01,0.0000000000e+00
0.0000000000e+00,6.0000000000e-01,0.0000000000e+00
0.0000000000e+00,6.0000000000e-01,0.0000000000e+00
0.0000000000e+00,6.0000000000e-01,0.0000000000e+00
0.0000000000e+00,7.0000000000e-01,0.0000000000e+00
0.0000000000e+00,8.0000000000e-01,0.0000000000e+00
0.0000000000e+00,9.0000000000e-01,0.0000000000e+00
9.4444884902e+00,1.0000000000e+00,9.4444884902e+00
1.8888976980e+01,1.0000000000e+00,1.8888976980e+01
2.8333465471e+01,1.0000000000e+00,2.8333465471e+01
2.6937387616e+01,1.0000000000e+00,2.6937387616e+01
2.0238189622e+01,1.0000000000e+00,2.0238189622e+01
1.6190551698e+01,1.0000000000e+00,1.6190551698e+01
2.0538932937e+01,1.0000000000e+00,2.0538932937e+01
4.1077865875e+01,1.0000000000e+00,4.1077865875e+01
6.1616798812e+01,1.0000000000e+00,6.1616798812e+01
1.0416666667e+02,1.0000000000e+00,1.0416666667e+02
1.2500000000e+02,1.0000000000e+00,1.2500000000e+02
1.2175643987e+02,1.0000000000e+00,1.2175643987e+02
9.4713855968e+01,1.0000000000e+00,9.4713855968e+01
7.4808644381e+01,1.0000000000e+00,7.4808644381e+01
5.3341238287e+01,1.0000000000e+00,5.3341238287e+01
8.3093359947e+01,1.0000000000e+00,8.3093359947e+01
1.3857663788e+02,1.0000000000e+00,1.3857663788e+02
1.9389039405e+02,1.0000000000e+00,1.9389039405e+02
2.2759971124e+02,1.0000000000e+00,2.2759971124e+02
2.3315164939e+02,1.0000000000e+00,2.3315164939e+02
2.1616544507e+02,1.0000000000e+00,2.1616544507e+02
1.8641789544e+02,1.0000000000e+00,1.8641789544e+02
1.5370879024e+02,1.0000000000e+00,1.5370879024e+02
1.2788607673e+02,1.0000000000e+00,1.2788607673e+02
1.1679446800e+02,1.0000000000e+00,1.1679446800e+02
1.2173008485e+02,1.0000000000e+00,1.2173008485e+02
1.3691631665e+02,1.0000000000e+00,1.3691631665e+02
1.5386754900e+02,1.0000000000e+00,1.5386754900e+02
1.6472763020e+02,1.0000000000e+00,1.6472763020e+02
1.6324952107e+02,1.0000000000e+00,1.6324952107e+02
1.4711506398e+02,1.0000000000e+00,1.4711506398e+02
1.2062407286e+02,1.0000000000e+00,1.2062407286e+02
9.2455560819e+01,1.0000000000e+00,9.2455560819e+01
6.9197224305e+01,1.0000000000e+00,6.9197224305e+01
5.2178293459e+01,1.0000000000e+00,5.2178293459e+01
4.0547801173e+01,1.0000000000e+00,4.0547801173e+01
3.5019320232e+01,1.0000000000e+00,3.5019320232e+01
3.7545535599e+01,1.0000000000e+00,3.7545535599e+01
4.8865452715e+01,1.0000000000e+00,4.8865452715e+01
6.7729673184e+01,1.0000000000e+00,6.7729673184e+01
9.1850565272e+01,1.0000000000e+00,9.1850565272e+01
1.1834268044e+02,1.0000000000e+00,1.1834268044e+02
1.5511527517e+02,1.0000000000e+00,1.4611076825e+02
1.6503533131e+02,1.0000000000e+00,1.6579007216e+02
1.6126269648e+02,1.0000000000e+00,1.7985696980e+02
1.9697901752e+02,1.0000000000e+00,1.9972365406e+02
2.4288480691e+02,1.0000000000e+00,2.1939738008e+02
2.3339316136e+02,1.0000000000e+00,2.2434999899e+02
1.9685966772e+02,1.0000000000e+00,2.1892770777e+02
2.0670031590e+02,1.0000000000e+00,2.1764911615e+02
2.3344889740e+02,1.0000000000e+00,2.1550830914e+02
2.1091247913e+02,1.0000000000e+00,2.0105488433e+02
1.6853835683e+02,1.0000000000e+00,1.8309886145e+02
1.6684701289e+02,1.0000000000e+00,1.7689948793e+02
1.9325469963e+02,1.0000000000e+00,1.8092483244e+02
1.9521704174e+02,1.0000000000e+00,1.8261082386e+02
1.6984541456e+02,1.0000000000e+00,1.7895007753e+02
1.6327546024e+02,1.0000000000e+00,1.7913401335e+02
1.9193185629e+02,1.0000000000e+00,1.8784594136e+02
2.1479100023e+02,1.0000000000e+00,1.9690825020e+02
1.9924054324e+02,1.0000000000e+00,1.9775307092e+02
1.7595559487e+02,1.0000000000e+00,1.9384782494e+02
1.8514778627e+02,1.0000000000e+00,1.9141055728e+02
2.0189996750e+02,1.0000000000e+00,1.8562469582e+02
1.8046608146e+02,1.0000000000e+00,1.7028461885e+02
1.4029523742e+02,1.0000000000e+00,1.5371627153e+02
1.3552723994e+02,1.0000000000e+00,1.4924097693e+02
1.6420865621e+02,1.0000000000e+00,1.5494188951e+02
1.7346775201e+02,1.0000000000e+00,1.5667170087e+02
1.4530030705e+02,1.0000000000e+00,1.4912667259e+02
1.2452344057e+02,1.0000000000e+00,1.4271851190e+02
1.4346704525e+02,1.0000000000e+00,1.4581498312e+02
1.6825983308e+02,1.0000000000e+00,1.5111311386e+02
1.5548389199e+02,1.0000000000e+00,1.4746964818e+02
1.2269590575e+02,1.0000000000e+00,1.3641634099e+02
1.1486035695e+02,1.0000000000e+00,1.2660438669e+02
1.2698370886e+02,1.0000000000e+00,1.1817527075e+02
1.1864931573e+02,1.0000000000e+00,1.0556805813e+02
8.7324315856e+01,1.0000000000e+00,9.1542279116e+01
7.3501325314e+01,1.0000000000e+00,8.5960031872e+01
9.0980143349e+01,1.0000000000e+00,8.9775459441e+01
1.0181408047e+02,1.0000000000e+00,9.1144652955e+01
8.3604611232e+01,1.0000000000e+00,8.2411679318e+01
6.0241301435e+01,1.0000000000e+00,6.8300273979e+01
5.0723311231e+01,1.0000000000e+00,5.4933450364e+01
4.8634114585e+01,1.0000000000e+00,4.3998340353e+01
4.1832228517e+01,1.0000000000e+00,3.5252541410e+01
2.9389683115e+01,1.0000000000e+00,2.9087315286e+01
2.2671621390e+01,1.0000000000e+00,2.6778543766e+01
2.4612348245e+01,1.0000000000e+00,2.7167479324e+01
2.7343446034e+01,1.0000000000e+00,2.7343446034e+01
2.6110777235e+01,1.0000000000e+00,2.6110777235e+01
1.9531032881e+01,1.0000000000e+00,1.9531032881e+01
1.5624826305e+01,1.0000000000e+00,1.5624826305e+01
1.1718619729e+01,1.0000000000e+00,1.1718619729e+01
7.8124131526e+00,1.0000000000e+00,7.8124131526e+00
3.9062065763e+00,1.0000000000e+00,3.9062065763e+00
0.0000000000e+00,1.0000000000e+00,0.0000000000e+00
9.6717637609e+00,1.0000000000e+00,9.6717637609e+00
1.9343527522e+01,1.0000000000e+00,1.9343527522e+01
2.9015291283e+01,1.0000000000e+00,2.9015291283e+01
3.7602965875e+01,1.0000000000e+00,3.7602965875e+01
5.2108213907e+01,1.0000000000e+00,5.2108213907e+01
6.9466560510e+01,1.0000000000e+00,6.9466560510e+01
8.6819378096e+01,1.0000000000e+00,8.6819378096e+01
1.0416666667e+02,1.0000000000e+00,1.0416666667e+02
1.2150842622e+02,1.0000000000e+00,1.2150842622e+02
1.2500000000e+02,1.0000000000e+00,1.2500000000e+02
1.0416666667e+02,1.0000000000e+00,1.0416666667e+02
8.5965403520e+01,1.0000000000e+00,8.5965403520e+01
6.4780871430e+01,1.0000000000e+00,6.4780871430e+01
5.5526461226e+01,1.0000000000e+00,5.5526461226e+01
4.6272051021e+01,1.0000000000e+00,4.6272051021e+01
3.7017640817e+01,1.0000000000e+00,3.7017640817e+01
2.7763230613e+01,1.0000000000e+00,2.7763230613e+01
1.8508820409e+01,1.0000000000e+00,1.8508820409e+01
9.2544102043e+00,1.0000000000e+00,9.2544102043e+00
0.0000000000e+00,9.0000000000e-01,0.0000000000e+00
0.0000000000e+00,8.0000000000e-01,0.0000000000e+00
0.0000000000e+00,7.0000000000e-01,0.0000000000e+00
0.0000000000e+00,6.0000000000e-01,0.0000000000e+00
0.0000000000e+00,6.0000000000e-01,0.0000000000e+00
0.0000000000e+00,6.0000000000e-01,0.0000000000e+00
0.0000000000e+00,6.0000000000e-01,0.0000000000e+00
0.0000000000e+00,6.0000000000e-01,0.0000000000e+00
0.0000000000e+00,6.0000000000e-01,0.0000000000e+00
0.0000000000e+00,6.0000000000e-01,0.0000000000e+00
0.0000000000e+00,6.0000000000e-01,0.0000000000e+00
0.0000000000e+00,7.0000000000e-01,0.0000000000e+00
0.0000000000e+00,8.0000000000e-01,0.0000000000e+00
0.0000000000e+00,9.0000000000e-01,0.0000000000e+00
1.0445748157e+01,1.0000000000e+00,1.0445748157e+01
2.0891496314e+01,1.0000000000e+00,2.0891496314e+01
3.1337244471e+01,1.0000000000e+00,3.1337244471e+01
4.8242401026e+01,1.0000000000e+00,4.8242401026e+01
6.1809321309e+01,1.0000000000e+00,6.1809321309e+01
6.6034852674e+01,1.0000000000e+00,6.6034852674e+01
5.8577578092e+01,1.0000000000e+00,5.8577578092e+01
4.3335751967e+01,1.0000000000e+00,4.3335751967e+01
3.1214283109e+01,1.0000000000e+00,3.1214283109e+01
3.6338283382e+01,1.0000000000e+00,3.6338283382e+01
6.6837954876e+01,1.0000000000e+00,6.6837954876e+01
1.1633450168e+02,1.0000000000e+00,1.1633450168e+02
1.6584354009e+02,1.0000000000e+00,1.6584354009e+02
1.9735911318e+02,1.0000000000e+00,1.9735911318e+02
2.0667541013e+02,1.0000000000e+00,2.0667541013e+02
2.0284334266e+02,1.0000000000e+00,2.0284334266e+02
1.9726815268e+02,1.0000000000e+00,1.9726815268e+02
1.9539599584e+02,1.0000000000e+00,1.9539599584e+02
1.9682660192e+02,1.0000000000e+00,1.9682660192e+02
1.9905522754e+02,1.0000000000e+00,1.9905522754e+02
1.9912735055e+02,1.0000000000e+00,1.9912735055e+02
1.9347067703e+02,1.0000000000e+00,1.9347067703e+02
1.7929856130e+02,1.0000000000e+00,1.7929856130e+02
1.5777208776e+02,1.0000000000e+00,1.5777208776e+02
1.3569391542e+02,1.0000000000e+00,1.3569391542e+02
1.2295203907e+02,1.0000000000e+00,1.2295203907e+02
1.2532674495e+02,1.0000000000e+00,1.2532674495e+02
1.3775908075e+02,1.0000000000e+00,1.3775908075e+02
1.4685525792e+02,1.0000000000e+00,1.4685525792e+02
1.4260657245e+02,1.0000000000e+00,1.4260657245e+02
1.2782353535e+02,1.0000000000e+00,1.2782353535e+02
1.1607970308e+02,1.0000000000e+00,1.1607970308e+02
1.1973186338e+02,1.0000000000e+00,1.1973186338e+02
1.3867626159e+02,1.0000000000e+00,1.3867626159e+02
1.6089011811e+02,1.0000000000e+00,1.6089011811e+02
1.7296042356e+02,1.0000000000e+00,1.7296042356e+02
1.6872188884e+02,1.0000000000e+00,1.6872188884e+02
1.5091772545e+02,1.0000000000e+00,1.5091772545e+02
1.2923683891e+02,1.0000000000e+00,1.2923683891e+02
1.1614485066e+02,1.0000000000e+00,1.1614485066e+02
1.1968541974e+02,1.0000000000e+00,1.1968541974e+02
1.3621710755e+02,1.0000000000e+00,1.3621710755e+02
1.4997382739e+02,1.0000000000e+00,1.4997382739e+02
1.4375403410e+02,1.0000000000e+00,1.4375403410e+02
1.1468916559e+02,1.0000000000e+00,1.1468916559e+02
8.0254613540e+01,1.0000000000e+00,8.0254613540e+01
6.6128825055e+01,1.0000000000e+00,6.6128825055e+01
8.5771583222e+01,1.0000000000e+00,8.5771583222e+01
1.3093021495e+02,1.0000000000e+00,1.3093021495e+02
1.8092312862e+02,1.0000000000e+00,1.8092312862e+02
2.1896793374e+02,1.0000000000e+00,2.1896793374e+02
2.3929808813e+02,1.0000000000e+00,2.3929808813e+02
2.4296542651e+02,1.0000000000e+00,2.4296542651e+02
2.3203302023e+02,1.0000000000e+00,2.3203302023e+02
2.0912486458e+02,1.0000000000e+00,2.0912486458e+02
1.8071725791e+02,1.0000000000e+00,1.8071725791e+02
1.5774684717e+02,1.0000000000e+00,1.5774684717e+02
1.5019223587e+02,1.0000000000e+00,1.5019223587e+02
1.6045703434e+02,1.0000000000e+00,1.6045703434e+02
1.8219100075e+02,1.0000000000e+00,1.8219100075e+02
2.0472581877e+02,1.0000000000e+00,2.0472581877e+02
2.1932213854e+02,1.0000000000e+00,2.1932213854e+02
2.2358850411e+02,1.0000000000e+00,2.2358850411e+02
2.2087723164e+02,1.0000000000e+00,2.2087723164e+02
2.1539026204e+02,1.0000000000e+00,2.1539026204e+02
2.0875911502e+02,1.0000000000e+00,2.0875911502e+02
2.0125700883e+02,1.0000000000e+00,2.0125700883e+02
1.9413192483e+02,1.0000000000e+00,1.9413192483e+02
1.8918490805e+02,1.0000000000e+00,1.8918490805e+02
1.8651275557e+02,1.0000000000e+00,1.8651275557e+02
1.8405021978e+02,1.0000000000e+00,1.8405021978e+02
1.8025268555e+02,1.0000000000e+00,1.8025268555e+02
1.7643564403e+02,1.0000000000e+00,1.7643564403e+02
1.7524287547e+02,1.0000000000e+00,1.7524287547e+02
1.7735034753e+02,1.0000000000e+00,1.7735034753e+02
1.8072241361e+02,1.0000000000e+00,1.8072241361e+02
1.8296557228e+02,1.0000000000e+00,1.8296557228e+02
1.8386650010e+02,1.0000000000e+00,1.8386650010e+02
1.8514517309e+02,1.0000000000e+00,1.8514517309e+02
1.8755369633e+02,1.0000000000e+00,1.8755369633e+02
1.8898405719e+02,1.0000000000e+00,1.8898405719e+02
1.8607726521e+02,1.0000000000e+00,1.8607726521e+02
1.7768289700e+02,1.0000000000e+00,1.7768289700e+02
1.6698316367e+02,1.0000000000e+00,1.6698316367e+02
1.5985152486e+02,1.0000000000e+00,1.5985152486e+02
1.6001053690e+02,1.0000000000e+00,1.6001053690e+02
1.6581228331e+02,1.0000000000e+00,1.6581228331e+02
1.7206572426e+02,1.0000000000e+00,1.7206572426e+02
1.7420961546e+02,1.0000000000e+00,1.7420961546e+02
1.7069031502e+02,1.0000000000e+00,1.7069031502e+02
1.6310861289e+02,1.0000000000e+00,1.6310861289e+02
1.5552152954e+02,1.0000000000e+00,1.5552152954e+02
1.5271829223e+02,1.0000000000e+00,1.5271829223e+02
1.5688455825e+02,1.0000000000e+00,1.5688455825e+02
1.6499161232e+02,1.0000000000e+00,1.6499161232e+02
1.7087986064e+02,1.0000000000e+00,1.7087986064e+02
1.7136862282e+02,1.0000000000e+00,1.7136862282e+02
1.6952588071e+02,1.0000000000e+00,1.6952588071e+02
1.7092225024e+02,1.0000000000e+00,1.7092225024e+02
1.7790371773e+02,1.0000000000e+00,1.7790371773e+02
1.8823767565e+02,1.0000000000e+00,1.8823767565e+02
1.9768211510e+02,1.0000000000e+00,1.9768211510e+02
2.0339922314e+02,1.0000000000e+00,2.0339922314e+02
2.0612589024e+02,1.0000000000e+00,2.0612589024e+02
2.0905779031e+02,1.0000000000e+00,2.0905779031e+02
2.1451279098e+02,1.0000000000e+00,2.1451279098e+02
2.2221021843e+02,1.0000000000e+00,2.2221021843e+02
2.2979678734e+02,1.0000000000e+00,2.2979678734e+02
2.3374727703e+02,1.0000000000e+00,2.3374727703e+02
2.3063042318e+02,1.0000000000e+00,2.3063042318e+02
2.1945559550e+02,1.0000000000e+00,2.1945559550e+02
2.0381860367e+02,1.0000000000e+00,2.0381860367e+02
1.9084107081e+02,1.0000000000e+00,1.9084107081e+02
1.8579079720e+02,1.0000000000e+00,1.8579079720e+02
1.8702579931e+02,1.0000000000e+00,1.8702579931e+02
1.8756985472e+02,1.0000000000e+00,1.8756985472e+02
1.8167366245e+02,1.0000000000e+00,1.8167366245e+02
1.6796726263e+02,1.0000000000e+00,1.6796726263e+02
1.4718491601e+02,1.0000000000e+00,1.4718491601e+02
1.2126367761e+02,1.0000000000e+00,1.2126367761e+02
9.5456059280e+01,1.0000000000e+00,9.5456059280e+01
7.6870084215e+01,1.0000000000e+00,7.6870084215e+01
6.8653760983e+01,1.0000000000e+00,6.8653760983e+01
6.7081934881e+01,1.0000000000e+00,6.7081934881e+01
6.4932934844e+01,1.0000000000e+00,6.4932934844e+01
5.7399161912e+01,1.0000000000e+00,5.7399161912e+01
4.5249217815e+01,1.0000000000e+00,4.5249217815e+01
3.3247914294e+01,1.0000000000e+00,3.3247914294e+01
2.6819237589e+01,1.0000000000e+00,2.6819237589e+01
3.0706631468e+01,1.0000000000e+00,3.0706631468e+01
4.8589294596e+01,1.0000000000e+00,4.8589294596e+01
7.9896348751e+01,1.0000000000e+00,7.9896348751e+01
1.1487058845e+02,1.0000000000e+00,1.1487058845e+02
1.3573633413e+02,1.0000000000e+00,1.3573633413e+02
1.2895809288e+02,1.0000000000e+00,1.2895809288e+02
1.0000872625e+02,1.0000000000e+00,1.0000872625e+02
7.4079300572e+01,1.0000000000e+00,7.4079300572e+01
7.7442123327e+01,1.0000000000e+00,7.7442123327e+01
1.1515555905e+02,1.0000000000e+00,1.1515555905e+02
1.6673790521e+02,1.0000000000e+00,1.6673790521e+02
2.0339725586e+02,1.0000000000e+00,2.0339725586e+02
2.0945961152e+02,1.0000000000e+00,2.0945961152e+02
1.9012404057e+02,1.0000000000e+00,1.9012404057e+02
1.6335371387e+02,1.0000000000e+00,1.6335371387e+02
1.4580903760e+02,1.0000000000e+00,1.4580903760e+02
1.4354113726e+02,1.0000000000e+00,1.4354113726e+02
1.5266179922e+02,1.0000000000e+00,1.5266179922e+02
1.6713628850e+02,1.0000000000e+00,1.6713628850e+02
1.8448295223e+02,1.0000000000e+00,1.8448295223e+02
2.0331791206e+02,1.0000000000e+00,2.0331791206e+02
2.1761508904e+02,1.0000000000e+00,2.1761508904e+02
2.1740013244e+02,1.0000000000e+00,2.1740013244e+02
1.9779839195e+02,1.0000000000e+00,1.9779839195e+02
1.6756811872e+02,1.0000000000e+00,1.6756811872e+02
1.4616678307e+02,1.0000000000e+00,1.4616678307e+02
1.4843981280e+02,1.0000000000e+00,1.4843981280e+02
1.7103239498e+02,1.0000000000e+00,1.7103239498e+02
1.9572646961e+02,1.0000000000e+00,1.9572646961e+02
2.0593097660e+02,1.0000000000e+00,2.0593097660e+02
1.9863041531e+02,1.0000000000e+00,1.9863041531e+02
1.8273657137e+02,1.0000000000e+00,1.8273657137e+02
1.6914720011e+02,1.0000000000e+00,1.6914720011e+02
1.6216358958e+02,1.0000000000e+00,1.6216358958e+02
1.5914651939e+02,1.0000000000e+00,1.5914651939e+02
1.5726234148e+02,1.0000000000e+00,1.5726234148e+02
1.5768862756e+02,1.0000000000e+00,1.5768862756e+02
1.6191192298e+02,1.0000000000e+00,1.6191192298e+02
1.6734276861e+02,1.0000000000e+00,1.6734276861e+02
1.6925841698e+02,1.0000000000e+00,1.6925841698e+02
1.6525411500e+02,1.0000000000e+00,1.6525411500e+02
1.5682965219e+02,1.0000000000e+00,1.5682965219e+02
1.4813926358e+02,1.0000000000e+00,1.4813926358e+02
1.4327759062e+02,1.0000000000e+00,1.4327759062e+02
1.4412216007e+02,1.0000000000e+00,1.4412216007e+02
1.5090265668e+02,1.0000000000e+00,1.5090265668e+02
1.6359462501e+02,1.0000000000e+00,1.6359462501e+02
1.8020746608e+02,1.0000000000e+00,1.8020746608e+02
1.9354088806e+02,1.0000000000e+00,1.9354088806e+02
1.9341850945e+02,1.0000000000e+00,1.9341850945e+02
1.7600589810e+02,1.0000000000e+00,1.7600589810e+02
1.5041867623e+02,1.0000000000e+00,1.5041867623e+02
1.3274869612e+02,1.0000000000e+00,1.3274869612e+02
1.3238029025e+02,1.0000000000e+00,1.3238029025e+02
1.4577615338e+02,1.0000000000e+00,1.4577615338e+02
1.6344949173e+02,1.0000000000e+00,1.6344949173e+02
1.7950655714e+02,1.0000000000e+00,1.7950655714e+02
1.9274384877e+02,1.0000000000e+00,1.9274384877e+02
2.0208048584e+02,1.0000000000e+00,2.0208048584e+02
2.0536187726e+02,1.0000000000e+00,2.0536187726e+02
2.0212189934e+02,1.0000000000e+00,2.0212189934e+02
1.9412806969e+02,1.0000000000e+00,1.9412806969e+02
1.8312089198e+02,1.0000000000e+00,1.8312089198e+02
1.7082074488e+02,1.0000000000e+00,1.7082074488e+02
1.6102059170e+02,1.0000000000e+00,1.6102059170e+02
1.5803059472e+02,1.0000000000e+00,1.5803059472e+02
1.6126772078e+02,1.0000000000e+00,1.6126772078e+02
1.6319960898e+02,1.0000000000e+00,1.6319960898e+02
1.5467526293e+02,1.0000000000e+00,1.5467526293e+02
1.3271924696e+02,1.0000000000e+00,1.3271924696e+02
1.0324783628e+02,1.0000000000e+00,1.0324783628e+02
7.6773077191e+01,1.0000000000e+00,7.6773077191e+01
6.1228239672e+01,1.0000000000e+00,6.1228239672e+01
5.7279196865e+01,1.0000000000e+00,5.7279196865e+01
5.8956298018e+01,1.0000000000e+00,5.8956298018e+01
5.8575221461e+01,1.0000000000e+00,5.8575221461e+01
5.2058238694e+01,1.0000000000e+00,5.2058238694e+01
4.1044900969e+01,1.0000000000e+00,4.1044900969e+01
3.0977119859e+01,1.0000000000e+00,3.0977119859e+01
2.7027723226e+01,1.0000000000e+00,2.7027723226e+01
3.0786525216e+01,1.0000000000e+00,3.0786525216e+01
3.9978074783e+01,1.0000000000e+00,3.9978074783e+01
5.1506941374e+01,1.0000000000e+00,5.1506941374e+01
6.5394365522e+01,1.0000000000e+00,6.5394365522e+01
8.5222616759e+01,1.0000000000e+00,8.5222616759e+01
1.1314612187e+02,1.0000000000e+00,1.1314612187e+02
1.4495403785e+02,1.0000000000e+00,1.4495403785e+02
1.7259212675e+02,1.0000000000e+00,1.7259212675e+02
1.9125109245e+02,1.0000000000e+00,1.9125109245e+02
2.0161332487e+02,1.0000000000e+00,2.0161332487e+02
2.0669011403e+02,1.0000000000e+00,2.0669011403e+02
2.0981696598e+02,1.0000000000e+00,2.0981696598e+02
2.1455464880e+02,1.0000000000e+00,2.1455464880e+02
2.2279813250e+02,1.0000000000e+00,2.2279813250e+02
2.3205582137e+02,1.0000000000e+00,2.3205582137e+02
2.3583623556e+02,1.0000000000e+00,2.3583623556e+02
2.2772698087e+02,1.0000000000e+00,2.2772698087e+02
2.0687909783e+02,1.0000000000e+00,2.0687909783e+02
1.8145145461e+02,1.0000000000e+00,1.8145145461e+02
1.6527563075e+02,1.0000000000e+00,1.6527563075e+02
1.6773747110e+02,1.0000000000e+00,1.6773747110e+02
1.8630180698e+02,1.0000000000e+00,1.8630180698e+02
2.0954446398e+02,1.0000000000e+00,2.0954446398e+02
2.2635080437e+02,1.0000000000e+00,2.2635080437e+02
2.3239607604e+02,1.0000000000e+00,2.3239607604e+02
2.3055716109e+02,1.0000000000e+00,2.3055716109e+02
2.2693830917e+02,1.0000000000e+00,2.2693830917e+02
2.2602778631e+02,1.0000000000e+00,2.2602778631e+02
2.2830425074e+02,1.0000000000e+00,2.2830425074e+02
2.3118888269e+02,1.0000000000e+00,2.3118888269e+02
2.3157867353e+02,1.0000000000e+00,2.3157867353e+02
2.2798807130e+02,1.0000000000e+00,2.2798807130e+02
2.2161109338e+02,1.0000000000e+00,2.2161109338e+02
2.1592933152e+02,1.0000000000e+00,2.1592933152e+02
2.1455968063e+02,1.0000000000e+00,2.1455968063e+02
2.1843568722e+02,1.0000000000e+00,2.1843568722e+02
2.2461109902e+02,1.0000000000e+00,2.2461109902e+02
2.2792460833e+02,1.0000000000e+00,2.2792460833e+02
2.2438128278e+02,1.0000000000e+00,2.2438128278e+02
2.1378834174e+02,1.0000000000e+00,2.1378834174e+02
1.9998012384e+02,1.0000000000e+00,1.9998012384e+02
1.8875041693e+02,1.0000000000e+00,1.8875041693e+02
1.8485914404e+02,1.0000000000e+00,1.8485914404e+02
1.8984293084e+02,1.0000000000e+00,1.8984293084e+02
2.0164154716e+02,1.0000000000e+00,2.0164154716e+02
2.1580862658e+02,1.0000000000e+00,2.1580862658e+02
2.2764316653e+02,1.0000000000e+00,2.2764316653e+02
2.3429027576e+02,1.0000000000e+00,2.3429027576e+02
2.3542280288e+02,1.0000000000e+00,2.3542280288e+02
2.3231728220e+02,1.0000000000e+00,2.3231728220e+02
2.2685739863e+02,1.0000000000e+00,2.2685739863e+02
2.2137789471e+02,1.0000000000e+00,2.2137789471e+02
2.1839700676e+02,1.0000000000e+00,2.1839700676e+02
2.1939939481e+02,1.0000000000e+00,2.1939939481e+02
2.2369669424e+02,1.0000000000e+00,2.2369669424e+02
2.2864996998e+02,1.0000000000e+00,2.2864996998e+02
2.3092562418e+02,1.0000000000e+00,2.3092562418e+02
2.2798821423e+02,1.0000000000e+00,2.2798821423e+02
2.1967494073e+02,1.0000000000e+00,2.1967494073e+02
2.0919589001e+02,1.0000000000e+00,2.0919589001e+02
2.0193589798e+02,1.0000000000e+00,2.0193589798e+02
2.0163440926e+02,1.0000000000e+00,2.0163440926e+02
2.0698746901e+02,1.0000000000e+00,2.0698746901e+02
2.1291548489e+02,1.0000000000e+00,2.1291548489e+02
2.1573945316e+02,1.0000000000e+00,2.1573945316e+02
2.1596475308e+02,1.0000000000e+00,2.1596475308e+02
2.1565886029e+02,1.0000000000e+00,2.1565886029e+02
2.1525423879e+02,1.0000000000e+00,2.1525423879e+02
2.1415930746e+02,1.0000000000e+00,2.1415930746e+02
2.1258846790e+02,1.0000000000e+00,2.1258846790e+02
2.1124300655e+02,1.0000000000e+00,2.1124300655e+02
2.1034350012e+02,1.0000000000e+00,2.1034350012e+02
2.0995011148e+02,1.0000000000e+00,2.0995011148e+02
2.1046387217e+02,1.0000000000e+00,2.1046387217e+02
2.1230959674e+02,1.0000000000e+00,2.1230959674e+02
2.1526685381e+02,1.0000000000e+00,2.1526685381e+02
2.1742364561e+02,1.0000000000e+00,2.1742364561e+02
2.1424503594e+02,1.0000000000e+00,2.1424503594e+02
2.0026408710e+02,1.0000000000e+00,2.0026408710e+02
1.7365782799e+02,1.0000000000e+00,1.7365782799e+02
1.3888089095e+02,1.0000000000e+00,1.3888089095e+02
1.0405351410e+02,1.0000000000e+00,1.0405351410e+02
7.6222585461e+01,1.0000000000e+00,7.6222585461e+01
5.8548499485e+01,1.0000000000e+00,5.8548499485e+01
4.9859273929e+01,1.0000000000e+00,4.9859273929e+01
4.5909221823e+01,1.0000000000e+00,4.5909221823e+01
4.2150510405e+01,1.0000000000e+00,4.2150510405e+01
3.6727229347e+01,1.0000000000e+00,3.6727229347e+01
3.1713589037e+01,1.0000000000e+00,3.1713589037e+01
3.2228385232e+01,1.0000000000e+00,3.2228385232e+01
4.4183491442e+01,1.0000000000e+00,4.4183491442e+01
7.0322062976e+01,1.0000000000e+00,7.0322062976e+01
1.0529918033e+02,1.0000000000e+00,1.0529918033e+02
1.3559715900e+02,1.0000000000e+00,1.3559715900e+02
1.4918168744e+02,1.0000000000e+00,1.4918168744e+02
1.4722967440e+02,1.0000000000e+00,1.4722967440e+02
1.4344138220e+02,1.0000000000e+00,1.4344138220e+02
1.5064820298e+02,1.0000000000e+00,1.5064820298e+02
1.6980072409e+02,1.0000000000e+00,1.6980072409e+02
1.9072777256e+02,1.0000000000e+00,1.9072777256e+02
2.0079736755e+02,1.0000000000e+00,2.0079736755e+02
1.9437252802e+02,1.0000000000e+00,1.9437252802e+02
1.7724100849e+02,1.0000000000e+00,1.7724100849e+02
1.6185841606e+02,1.0000000000e+00,1.6185841606e+02
1.5702286405e+02,1.0000000000e+00,1.5702286405e+02
1.6295422551e+02,1.0000000000e+00,1.6295422551e+02
1.7563586339e+02,1.0000000000e+00,1.7563586339e+02
1.9180709414e+02,1.0000000000e+00,1.9180709414e+02
2.0867514107e+02,1.0000000000e+00,2.0867514107e+02
2.2271861781e+02,1.0000000000e+00,2.2271861781e+02
2.3124864432e+02,1.0000000000e+00,2.3124864432e+02
2.3419076418e+02,1.0000000000e+00,2.3419076418e+02
2.3363193329e+02,1.0000000000e+00,2.3363193329e+02
2.3203715546e+02,1.0000000000e+00,2.3203715546e+02
2.3092824891e+02,1.0000000000e+00,2.3092824891e+02
2.3066174931e+02,1.0000000000e+00,2.3066174931e+02
2.3090575738e+02,1.0000000000e+00,2.3090575738e+02
2.3120775598e+02,1.0000000000e+00,2.3120775598e+02
2.3132280506e+02,1.0000000000e+00,2.3132280506e+02
2.3127475650e+02,1.0000000000e+00,2.3127475650e+02
2.3125539264e+02,1.0000000000e+00,2.3125539264e+02
2.3145366474e+02,1.0000000000e+00,2.3145366474e+02
2.3186658151e+02,1.0000000000e+00,2.3186658151e+02
2.3216198860e+02,1.0000000000e+00,2.3216198860e+02
2.3173090494e+02,1.0000000000e+00,2.3173090494e+02
2.3006976106e+02,1.0000000000e+00,2.3006976106e+02
2.2742006152e+02,1.0000000000e+00,2.2742006152e+02
2.2510864338e+02,1.0000000000e+00,2.2510864338e+02
2.2477157009e+02,1.0000000000e+00,2.2477157009e+02
2.2664587848e+02,1.0000000000e+00,2.2664587848e+02
2.2874453955e+02,1.0000000000e+00,2.2874453955e+02
2.2830017709e+02,1.0000000000e+00,2.2830017709e+02
2.2438165535e+02,1.0000000000e+00,2.2438165535e+02
2.1921900485e+02,1.0000000000e+00,2.1921900485e+02
2.1666030459e+02,1.0000000000e+00,2.1666030459e+02
2.1874440510e+02,1.0000000000e+00,2.1874440510e+02
2.2388104657e+02,1.0000000000e+00,2.2388104657e+02
2.2869262088e+02,1.0000000000e+00,2.2869262088e+02
2.3115606667e+02,1.0000000000e+00,2.3115606667e+02
2.3168905932e+02,1.0000000000e+00,2.3168905932e+02
2.3180055782e+02,1.0000000000e+00,2.3180055782e+02
2.3210094083e+02,1.0000000000e+00,2.3210094083e+02
2.3145959500e+02,1.0000000000e+00,2.3145959500e+02
2.2805566238e+02,1.0000000000e+00,2.2805566238e+02
2.2162536379e+02,1.0000000000e+00,2.2162536379e+02
2.1488036976e+02,1.0000000000e+00,2.1488036976e+02
2.1189279537e+02,1.0000000000e+00,2.1189279537e+02
2.1409217796e+02,1.0000000000e+00,2.1409217796e+02
2.1843237710e+02,1.0000000000e+00,2.1843237710e+02
2.2043336759e+02,1.0000000000e+00,2.2043336759e+02
2.1835888572e+02,1.0000000000e+00,2.1835888572e+02
2.1375308201e+02,1.0000000000e+00,2.1375308201e+02
2.0873659716e+02,1.0000000000e+00,2.0873659716e+02
2.0372847410e+02,1.0000000000e+00,2.0372847410e+02
1.9785117354e+02,1.0000000000e+00,1.9785117354e+02
1.9066585655e+02,1.0000000000e+00,1.9066585655e+02
1.8211319739e+02,1.0000000000e+00,1.8211319739e+02
1.7085519257e+02,1.0000000000e+00,1.7085519257e+02
1.5484078004e+02,1.0000000000e+00,1.5484078004e+02
1.3447438733e+02,1.0000000000e+00,1.3447438733e+02
1.1338771937e+02,1.0000000000e+00,1.1338771937e+02
9.5061007586e+01,1.0000000000e+00,9.5061007586e+01
8.0446504686e+01,1.0000000000e+00,8.0446504686e+01
6.9648791601e+01,1.0000000000e+00,6.9648791601e+01
6.4106375010e+01,1.0000000000e+00,6.4106375010e+01
6.6276278021e+01,1.0000000000e+00,6.6276278021e+01
7.7459674444e+01,1.0000000000e+00,7.7459674444e+01
9.5081180706e+01,1.0000000000e+00,9.5081180706e+01
1.1235380816e+02,1.0000000000e+00,1.1235380816e+02
1.2329943647e+02,1.0000000000e+00,1.2329943647e+02
1.2917163175e+02,1.0000000000e+00,1.2917163175e+02
1.3733237552e+02,1.0000000000e+00,1.3733237552e+02
1.5171102214e+02,1.0000000000e+00,1.5171102214e+02
1.6670290604e+02,1.0000000000e+00,1.6670290604e+02
1.7355870524e+02,1.0000000000e+00,1.7355870524e+02
1.7144818505e+02,1.0000000000e+00,1.7144818505e+02
1.6929813117e+02,1.0000000000e+00,1.6929813117e+02
1.7624656174e+02,1.0000000000e+00,1.7624656174e+02
1.9100420663e+02,1.0000000000e+00,1.9100420663e+02
2.0184506135e+02,1.0000000000e+00,2.0184506135e+02
1.9855013596e+02,1.0000000000e+00,1.9855013596e+02
1.8414773091e+02,1.0000000000e+00,1.8414773091e+02
1.7326281024e+02,1.0000000000e+00,1.7326281024e+02
1.7815881406e+02,1.0000000000e+00,1.7815881406e+02
1.9745135996e+02,1.0000000000e+00,1.9745135996e+02
2.1885696802e+02,1.0000000000e+00,2.1885696802e+02
2.3051857429e+02,1.0000000000e+00,2.3051857429e+02
2.2837725825e+02,1.0000000000e+00,2.2837725825e+02
2.1587570526e+02,1.0000000000e+00,2.1587570526e+02
2.0030480469e+02,1.0000000000e+00,2.0030480469e+02
1.8906470089e+02,1.0000000000e+00,1.8906470089e+02
1.8640267402e+02,1.0000000000e+00,1.8640267402e+02
1.9169732282e+02,1.0000000000e+00,1.9169732282e+02
2.0065485558e+02,1.0000000000e+00,2.0065485558e+02
2.0864280563e+02,1.0000000000e+00,2.0864280563e+02
2.1345000721e+02,1.0000000000e+00,2.1345000721e+02
2.1530404076e+02,1.0000000000e+00,2.1530404076e+02
2.1465680605e+02,1.0000000000e+00,2.1465680605e+02
2.1023777237e+02,1.0000000000e+00,2.1023777237e+02
1.9883872286e+02,1.0000000000e+00,1.9883872286e+02
1.7720610452e+02,1.0000000000e+00,1.7720610452e+02
1.4660536016e+02,1.0000000000e+00,1.4660536016e+02
1.1718178142e+02,1.0000000000e+00,1.1718178142e+02
1.0507458725e+02,1.0000000000e+00,1.0507458725e+02
1.2074591987e+02,1.0000000000e+00,1.2074591987e+02
1.5886229735e+02,1.0000000000e+00,1.5886229735e+02
2.0124117154e+02,1.0000000000e+00,2.0124117154e+02
2.3017024891e+02,1.0000000000e+00,2.3017024891e+02
2.3868627314e+02,1.0000000000e+00,2.3868627314e+02
2.3097161075e+02,1.0000000000e+00,2.3097161075e+02
2.1682694610e+02,1.0000000000e+00,2.1682694610e+02
2.0534946783e+02,1.0000000000e+00,2.0534946783e+02
2.0043324913e+02,1.0000000000e+00,2.0043324913e+02
2.0061560808e+02,1.0000000000e+00,2.0061560808e+02
2.0309145730e+02,1.0000000000e+00,2.0309145730e+02
2.0701281631e+02,1.0000000000e+00,2.0701281631e+02
2.1274903099e+02,1.0000000000e+00,2.1274903099e+02
2.1951843310e+02,1.0000000000e+00,2.1951843310e+02
2.2489133091e+02,1.0000000000e+00,2.2489133091e+02
2.2646029519e+02,1.0000000000e+00,2.2646029519e+02
2.2390849738e+02,1.0000000000e+00,2.2390849738e+02
2.1978987384e+02,1.0000000000e+00,2.1978987384e+02
2.1799877867e+02,1.0000000000e+00,2.1799877867e+02
2.2021605605e+02,1.0000000000e+00,2.2021605605e+02
2.2288307230e+02,1.0000000000e+00,2.2288307230e+02
2.1823840718e+02,1.0000000000e+00,2.1823840718e+02
2.0031327311e+02,1.0000000000e+00,2.0031327311e+02
1.7196766850e+02,1.0000000000e+00,1.7196766850e+02
1.4604595136e+02,1.0000000000e+00,1.4604595136e+02
1.4087710182e+02,1.0000000000e+00,1.3768146506e+02
1.4631167289e+02,1.0000000000e+00,1.4796293777e+02
1.5878604776e+02,1.0000000000e+00,1.6866621616e+02
1.9615097142e+02,1.0000000000e+00,1.9294288054e+02
2.2719460104e+02,1.0000000000e+00,2.0979347013e+02
2.1767931229e+02,1.0000000000e+00,2.1380832415e+02
1.9534251032e+02,1.0000000000e+00,2.1321468670e+02
2.0548907588e+02,1.0000000000e+00,2.1810943568e+02
2.3990037735e+02,1.0000000000e+00,2.2676251225e+02
2.4220079577e+02,1.0000000000e+00,2.2743336450e+02
2.1040881425e+02,1.0000000000e+00,2.1922655131e+02
1.9991513052e+02,1.0000000000e+00,2.1367152720e+02
2.1971198193e+02,1.0000000000e+00,2.1440913679e+02
2.2783312271e+02,1.0000000000e+00,2.1479941857e+02
2.0945226663e+02,1.0000000000e+00,2.1177566744e+02
1.9632788733e+02,1.0000000000e+00,2.0997255394e+02
2.1082281227e+02,1.0000000000e+00,2.1233733254e+02
2.2823576130e+02,1.0000000000e+00,2.1399586788e+02
2.1696163616e+02,1.0000000000e+00,2.1015806765e+02
1.9160990985e+02,1.0000000000e+00,2.0513206371e+02
1.9365331260e+02,1.0000000000e+00,2.0677557593e+02
2.2370776862e+02,1.0000000000e+00,2.1339747842e+02
2.3331421745e+02,1.0000000000e+00,2.1443496783e+02
2.0359852882e+02,1.0000000000e+00,2.0713403372e+02
1.8096242751e+02,1.0000000000e+00,2.0197070951e+02
2.0116593474e+02,1.0000000000e+00,2.0586129746e+02
2.2890048807e+02,1.0000000000e+00,2.1062293135e+02
2.1731803368e+02,1.0000000000e+00,2.0616228956e+02
1.8388283866e+02,1.0000000000e+00,1.9630250006e+02
1.7709301804e+02,1.0000000000e+00,1.9234958100e+02
2.0405313520e+02,1.0000000000e+00,1.9800672133e+02
2.2546302725e+02,1.0000000000e+00,2.0674692680e+02
2.1329688880e+02,1.0000000000e+00,2.1206944458e+02
1.9618408130e+02,1.0000000000e+00,2.1683367172e+02
2.1642014237e+02,1.0000000000e+00,2.2626945383e+02
2.5287145915e+02,1.0000000000e+00,2.3440798949e+02
2.4831475425e+02,1.0000000000e+00,2.3033041148e+02
2.0436162149e+02,1.0000000000e+00,2.1652930745e+02
1.8427970968e+02,1.0000000000e+00,2.0829279829e+02
2.1496577100e+02,1.0000000000e+00,2.1295263513e+02
2.4624504846e+02,1.0000000000e+00,2.2057606876e+02
2.2904321761e+02,1.0000000000e+00,2.1925361864e+02
1.9048339571e+02,1.0000000000e+00,2.1191127177e+02
1.9109866062e+02,1.0000000000e+00,2.1045848710e+02
2.2988710995e+02,1.0000000000e+00,2.1712004202e+02
2.4642244513e+02,1.0000000000e+00,2.2216332758e+02
2.1804593012e+02,1.0000000000e+00,2.2089150250e+02
1.9653506082e+02,1.0000000000e+00,2.2137401828e+02
2.2296401202e+02,1.0000000000e+00,2.2955322319e+02
2.5949270002e+02,1.0000000000e+00,2.3708571983e+02
2.4870387868e+02,1.0000000000e+00,2.3324769890e+02
2.0546185399e+02,1.0000000000e+00,2.2246882719e+02
1.9538060835e+02,1.0000000000e+00,2.1913360051e+02
2.3427702026e+02,1.0000000000e+00,2.2710135682e+02
2.6360609755e+02,1.0000000000e+00,2.3475758401e+02
2.3964125771e+02,1.0000000000e+00,2.3251322594e+02
1.9934071950e+02,1.0000000000e+00,2.2562309619e+02
2.0232183375e+02,1.0000000000e+00,2.2335222112e+02
2.3749739674e+02,1.0000000000e+00,2.2242511814e+02
2.3769571220e+02,1.0000000000e+00,2.1170848313e+02
1.8977890712e+02,1.0000000000e+00,1.9308801483e+02
1.5937896722e+02,1.0000000000e+00,1.8258085090e+02
1.8251175771e+02,1.0000000000e+00,1.8654232546e+02
2.1220684923e+02,1.0000000000e+00,1.9300308746e+02
2.0088507923e+02,1.0000000000e+00,1.9054697258e+02
1.7074011761e+02,1.0000000000e+00,1.8215231128e+02
1.6134913228e+02,1.0000000000e+00,1.7428331690e+02
1.6357055367e+02,1.0000000000e+00,1.6512372466e+02
1.5522287253e+02,1.0000000000e+00,1.5246401782e+02
1.4046175588e+02,1.0000000000e+00,1.3925631296e+02
1.2692774314e+02,1.0000000000e+00,1.2683048216e+02
1.1468199410e+02,1.0000000000e+00,1.1468199410e+02
1.0556172964e+02,1.0000000000e+00,1.0556172964e+02
1.0400668530e+02,1.0000000000e+00,1.0400668530e+02
1.1002516072e+02,1.0000000000e+00,1.1002516072e+02
1.1786109783e+02,1.0000000000e+00,1.1786109783e+02
1.2141697580e+02,1.0000000000e+00,1.2141697580e+02
1.1906133840e+02,1.0000000000e+00,1.1906133840e+02
1.1290052321e+02,1.0000000000e+00,1.1290052321e+02
1.0528550109e+02,1.0000000000e+00,1.0528550109e+02
9.7310018791e+01,1.0000000000e+00,9.7310018791e+01
8.9672323118e+01,1.0000000000e+00,8.9672323118e+01
8.3005497704e+01,1.0000000000e+00,8.3005497704e+01
7.6893977308e+01,1.0000000000e+00,7.6893977308e+01
6.9933496981e+01,1.0000000000e+00,6.9933496981e+01
6.1600418438e+01,1.0000000000e+00,6.1600418438e+01
5.3151961882e+01,1.0000000000e+00,5.3151961882e+01
4.5983272344e+01,1.0000000000e+00,4.5983272344e+01
3.9901567948e+01,1.0000000000e+00,3.9901567948e+01
3.3746794256e+01,1.0000000000e+00,3.3746794256e+01
2.8925823648e+01,1.0000000000e+00,2.8925823648e+01
2.4104853040e+01,1.0000000000e+00,2.4104853040e+01
1.9283882432e+01,1.0000000000e+00,1.9283882432e+01
1.4462911824e+01,1.0000000000e+00,1.4462911824e+01
9.6419412160e+00,1.0000000000e+00,9.6419412160e+00
4.8209706080e+00,1.0000000000e+00,4.8209706080e+00
0.0000000000e+00,1.0000000000e+00,0.0000000000e+00
0.0000000000e+00,1.0000000000e+00,0.0000000000e+00
0.0000000000e+00,1.0000000000e+00,0.0000000000e+00
0.0000000000e+00,1.0000000000e+00,0.0000000000e+00
0.0000000000e+00,1.0000000000e+00,0.0000000000e+00
0.0000000000e+00,1.0000000000e+00,0.0000000000e+00
0.0000000000e+00,1.0000000000e+00,0.0000000000e+00
2.0399305556e+01,1.0000000000e+00,2.0399305556e+01
4.0798611111e+01,1.0000000000e+00,4.0798611111e+01
6.1197916667e+01,1.0000000000e+00,6.1197916667e+01
1.0416666667e+02,1.0000000000e+00,1.0416666667e+02
1.2500000000e+02,1.0000000000e+00,1.2500000000e+02
1.0416666667e+02,1.0000000000e+00,1.0416666667e+02
8.9285714286e+01,1.0000000000e+00,8.9285714286e+01
7.4404761905e+01,1.0000000000e+00,7.4404761905e+01
5.9523809524e+01,1.0000000000e+00,5.9523809524e+01
4.4642857143e+01,1.0000000000e+00,4.4642857143e+01
2.9761904762e+01,1.0000000000e+00,2.9761904762e+01
2.3425437389e+01,1.0000000000e+00,2.3425437389e+01
3.5138156083e+01,1.0000000000e+00,3.5138156083e+01
8.4566037277e+01,1.0000000000e+00,8.4566037277e+01
1.3728780195e+02,1.0000000000e+00,1.3728780195e+02
1.7370230361e+02,1.0000000000e+00,1.7370230361e+02
1.8098517713e+02,1.0000000000e+00,1.8098517713e+02
1.6210790341e+02,1.0000000000e+00,1.6210790341e+02
1.3291901211e+02,1.0000000000e+00,1.3291901211e+02
1.0981511262e+02,1.0000000000e+00,1.0981511262e+02
9.9390221044e+01,1.0000000000e+00,9.9390221044e+01
9.8291154901e+01,1.0000000000e+00,9.8291154901e+01
1.0088158151e+02,1.0000000000e+00,1.0088158151e+02
1.0602944229e+02,1.0000000000e+00,1.0602944229e+02
1.1725425729e+02,1.0000000000e+00,1.1725425729e+02
1.3750551452e+02,1.0000000000e+00,1.3750551452e+02
1.6405954131e+02,1.0000000000e+00,1.6405954131e+02
1.8812529262e+02,1.0000000000e+00,1.8812529262e+02
1.9931241874e+02,1.0000000000e+00,1.9931241874e+02
1.9140866525e+02,1.0000000000e+00,1.9140866525e+02
1.6602040683e+02,1.0000000000e+00,1.6602040683e+02
1.3198146410e+02,1.0000000000e+00,1.3198146410e+02
1.0013649322e+02,1.0000000000e+00,1.0013649322e+02
7.7532714810e+01,1.0000000000e+00,7.7532714810e+01
6.6613550775e+01,1.0000000000e+00,6.6613550775e+01
6.8442426976e+01,1.0000000000e+00,6.8442426976e+01
8.3480260122e+01,1.0000000000e+00,8.3480260122e+01
1.0814741742e+02,1.0000000000e+00,1.0814741742e+02
1.3338080040e+02,1.0000000000e+00,1.3338080040e+02
1.4964923731e+02,1.0000000000e+00,1.4964923731e+02
1.5303891122e+02,1.0000000000e+00,1.5303891122e+02
1.4528330287e+02,1.0000000000e+00,1.4528330287e+02
1.2999119911e+02,1.0000000000e+00,1.2999119911e+02
1.1123709531e+02,1.0000000000e+00,1.1123709531e+02
9.3943964048e+01,1.0000000000e+00,9.3943964048e+01
8.1754120652e+01,1.0000000000e+00,8.1754120652e+01
7.3603996825e+01,1.0000000000e+00,7.3603996825e+01
6.4696516434e+01,1.0000000000e+00,6.4696516434e+01
5.2083775102e+01,1.0000000000e+00,5.2083775102e+01
3.7804559128e+01,1.0000000000e+00,3.7804559128e+01
3.2403907824e+01,1.0000000000e+00,3.2403907824e+01
2.7003256520e+01,1.0000000000e+00,2.7003256520e+01
2.1602605216e+01,1.0000000000e+00,2.1602605216e+01
1.6201953912e+01,1.0000000000e+00,1.6201953912e+01
1.0801302608e+01,1.0000000000e+00,1.0801302608e+01
5.4006513040e+00,1.0000000000e+00,5.4006513040e+00
0.0000000000e+00,9.0000000000e-01,0.0000000000e+00
0.0000000000e+00,8.0000000000e-01,0.0000000000e+00
0.0000000000e+00,7.0000000000e-01,0.0000000000e+00
0.0000000000e+00,6.0000000000e-01,0.0000000000e+00
0.0000000000e+00,6.0000000000e-01,0.0000000000e+00
0.0000000000e+00,6.0000000000e-01,0.0000000000e+00
0.0000000000e+00,6.0000000000e-01,0.0000000000e+00
0.0000000000e+00,6.0000000000e-01,0.0000000000e+00
0.0000000000e+00,6.0000000000e-01,0.0000000000e+00
0.0000000000e+00,6.0000000000e-01,0.0000000000e+00
0.0000000000e+00,6.0000000000e-01,0.0000000000e+00
0.0000000000e+00,6.0000000000e-01,0.0000000000e+00
0.0000000000e+00,6.0000000000e-01,0.0000000000e+00
0.0000000000e+00,6.0000000000e-01,0.0000000000e+00
0.0000000000e+00,6.0000000000e-01,0.0000000000e+00
0.0000000000e+00,6.0000000000e-01,0.0000000000e+00
0.0000000000e+00,6.0000000000e-01,0.0000000000e+00
0.0000000000e+00,6.0000000000e-01,0.0000000000e+00
0.0000000000e+00,6.0000000000e-01,0.0000000000e+00
0.0000000000e+00,6.0000000000e-01,0.0000000000e+00
0.0000000000e+00,6.0000000000e-01,0.0000000000e+00
0.0000000000e+00,6.0000000000e-01,0.0000000000e+00
0.0000000000e+00,6.0000000000e-01,0.0000000000e+00
0.0000000000e+00,6.0000000000e-01,0.0000000000e+00
0.0000000000e+00,6.0000000000e-01,0.0000000000e+00
0.0000000000e+00,6.0000000000e-01,0.0000000000e+00
0.0000000000e+00,6.0000000000e-01,0.0000000000e+00
0.0000000000e+00,6.0000000000e-01,0.0000000000e+00
0.0000000000e+00,6.0000000000e-01,0.0000000000e+00
0.0000000000e+00,6.0000000000e-01,0.0000000000e+00
0.0000000000e+00,6.0000000000e-01,0.0000000000e+00
0.0000000000e+00,6.0000000000e-01,0.0000000000e+00
0.0000000000e+00,6.0000000000e-01,0.0000000000e+00
0.0000000000e+00,6.0000000000e-01,0.0000000000e+00
0.0000000000e+00,6.0000000000e-01,0.0000000000e+00
0.0000000000e+00,6.0000000000e-01,0.0000000000e+00
0.0000000000e+00,7.0000000000e-01,0.0000000000e+00
0.0000000000e+00,8.0000000000e-01,0.0000000000e+00
0.0000000000e+00,9.0000000000e-01,0.0000000000e+00
2.0399305556e+01,1.0000000000e+00,2.0399305556e+01
4.0798611111e+01,1.0000000000e+00,4.0798611111e+01
6.1197916667e+01,1.0000000000e+00,6.1197916667e+01
1.0416666667e+02,1.0000000000e+00,1.0416666667e+02
1.2500000000e+02,1.0000000000e+00,1.2500000000e+02
1.0416666667e+02,1.0000000000e+00,1.0416666667e+02
8.9285714286e+01,1.0000000000e+00,8.9285714286e+01
7.4404761905e+01,1.0000000000e+00,7.4404761905e+01
5.9523809524e+01,1.0000000000e+00,5.9523809524e+01
4.4642857143e+01,1.0000000000e+00,4.4642857143e+01
2.9761904762e+01,1.0000000000e+00,2.9761904762e+01
4.6853960347e+01,1.0000000000e+00,4.6853960347e+01
5.8131815217e+01,1.0000000000e+00,5.8131815217e+01
6.1390803858e+01,1.0000000000e+00,6.1390803858e+01
6.1215087497e+01,1.0000000000e+00,6.1215087497e+01
7.3882586675e+01,1.0000000000e+00,7.3882586675e+01
8.5531745638e+01,1.0000000000e+00,8.5531745638e+01
9.6162564389e+01,1.0000000000e+00,9.6162564389e+01
1.0577504293e+02,1.0000000000e+00,1.0577504293e+02
1.1436918125e+02,1.0000000000e+00,1.1436918125e+02
1.2194497936e+02,1.0000000000e+00,1.2194497936e+02
1.2500000000e+02,1.0000000000e+00,1.2500000000e+02
1.2003180591e+02,1.0000000000e+00,1.2003180591e+02
1.1022397211e+02,1.0000000000e+00,1.1022397211e+02
9.8760073620e+01,1.0000000000e+00,9.8760073620e+01
8.5640110430e+01,1.0000000000e+00,8.5640110430e+01
7.0864082545e+01,1.0000000000e+00,7.0864082545e+01
5.4431989963e+01,1.0000000000e+00,5.4431989963e+01
3.6343832686e+01,1.0000000000e+00,3.6343832686e+01
3.7710715733e+01,1.0000000000e+00,3.7710715733e+01
3.6687611071e+01,1.0000000000e+00,3.6687611071e+01
3.1446523775e+01,1.0000000000e+00,3.1446523775e+01
2.6205436479e+01,1.0000000000e+00,2.6205436479e+01
2.0964349183e+01,1.0000000000e+00,2.0964349183e+01
2.0266830056e+01,1.0000000000e+00,2.0266830056e+01
3.0400245084e+01,1.0000000000e+00,3.0400245084e+01
5.3477746342e+01,1.0000000000e+00,5.3477746342e+01
7.7921520711e+01,1.0000000000e+00,7.7921520711e+01
9.5534977171e+01,1.0000000000e+00,9.5534977171e+01
1.0271890346e+02,1.0000000000e+00,1.0271890346e+02
1.0109424449e+02,1.0000000000e+00,1.0109424449e+02
9.5055626322e+01,1.0000000000e+00,9.5055626322e+01
8.9673378555e+01,1.0000000000e+00,8.9673378555e+01
8.9536232092e+01,1.0000000000e+00,8.9536232092e+01
9.7469457725e+01,1.0000000000e+00,9.7469457725e+01
1.1285722050e+02,1.0000000000e+00,1.1285722050e+02
1.3064483420e+02,1.0000000000e+00,1.3064483420e+02
1.4321054767e+02,1.0000000000e+00,1.4321054767e+02
1.4514899686e+02,1.0000000000e+00,1.4514899686e+02
1.3703543105e+02,1.0000000000e+00,1.3703543105e+02
1.2471822370e+02,1.0000000000e+00,1.2471822370e+02
1.1487465410e+02,1.0000000000e+00,1.1487465410e+02
1.1046950920e+02,1.0000000000e+00,1.1046950920e+02
1.0976471406e+02,1.0000000000e+00,1.0976471406e+02
1.0913091356e+02,1.0000000000e+00,1.0913091356e+02
1.0598959863e+02,1.0000000000e+00,1.0598959863e+02
9.9395542595e+01,1.0000000000e+00,9.9395542595e+01
8.9673376562e+01,1.0000000000e+00,8.9673376562e+01
7.8251531689e+01,1.0000000000e+00,7.8251531689e+01
6.6740589803e+01,1.0000000000e+00,6.6740589803e+01
5.5752888621e+01,1.0000000000e+00,5.5752888621e+01
4.5298059587e+01,1.0000000000e+00,4.5298059587e+01
3.6085970453e+01,1.0000000000e+00,3.6085970453e+01
2.9443534028e+01,1.0000000000e+00,2.9443534028e+01
2.5902916360e+01,1.0000000000e+00,2.5902916360e+01
2.1031095735e+01,1.0000000000e+00,2.1031095735e+01
1.6824876588e+01,1.0000000000e+00,1.6824876588e+01
1.2618657441e+01,1.0000000000e+00,1.2618657441e+01
8.4124382938e+00,1.0000000000e+00,8.4124382938e+00
4.2062191469e+00,1.0000000000e+00,4.2062191469e+00
0.0000000000e+00,1.0000000000e+00,0.0000000000e+00
0.0000000000e+00,1.0000000000e+00,0.0000000000e+00
0.0000000000e+00,1.0000000000e+00,0.0000000000e+00
0.0000000000e+00,1.0000000000e+00,0.0000000000e+00
0.0000000000e+00,1.0000000000e+00,0.0000000000e+00
9.3065537251e+00,1.0000000000e+00,9.3065537251e+00
1.8613107450e+01,1.0000000000e+00,1.8613107450e+01
2.7919661175e+01,1.0000000000e+00,2.7919661175e+01
3.3437665592e+01,1.0000000000e+00,3.3437665592e+01
3.1277068902e+01,1.0000000000e+00,3.1277068902e+01
2.3884046852e+01,1.0000000000e+00,2.3884046852e+01
1.9107237481e+01,1.0000000000e+00,1.9107237481e+01
1.4330428111e+01,1.0000000000e+00,1.4330428111e+01
9.5536187406e+00,1.0000000000e+00,9.5536187406e+00
1.2889964653e+01,1.0000000000e+00,1.2889964653e+01
2.5779929307e+01,1.0000000000e+00,2.5779929307e+01
3.8669893960e+01,1.0000000000e+00,3.8669893960e+01
7.3392116183e+01,1.0000000000e+00,7.3392116183e+01
1.0416666667e+02,1.0000000000e+00,1.0416666667e+02
1.2500000000e+02,1.0000000000e+00,1.2500000000e+02
1.0416666667e+02,1.0000000000e+00,1.0416666667e+02
8.9285714286e+01,1.0000000000e+00,8.9285714286e+01
7.4404761905e+01,1.0000000000e+00,7.4404761905e+01
5.9523809524e+01,1.0000000000e+00,5.9523809524e+01
4.4642857143e+01,1.0000000000e+00,4.4642857143e+01
2.9761904762e+01,1.0000000000e+00,2.9761904762e+01
1.8751672930e+01,1.0000000000e+00,1.8751672930e+01
2.8127509394e+01,1.0000000000e+00,2.8127509394e+01
4.3641338888e+01,1.0000000000e+00,4.3641338888e+01
7.1324146683e+01,1.0000000000e+00,7.1324146683e+01
1.0599804818e+02,1.0000000000e+00,1.0599804818e+02
1.3985035428e+02,1.0000000000e+00,1.3985035428e+02
1.6607357690e+02,1.0000000000e+00,1.6607357690e+02
1.7915896301e+02,1.0000000000e+00,1.7915896301e+02
1.7517326037e+02,1.0000000000e+00,1.7517326037e+02
1.5459722252e+02,1.0000000000e+00,1.5459722252e+02
1.2458511546e+02,1.0000000000e+00,1.2458511546e+02
9.6544265860e+01,1.0000000000e+00,9.6544265860e+01
7.9370359482e+01,1.0000000000e+00,7.9370359482e+01
7.3746641226e+01,1.0000000000e+00,7.3746641226e+01
7.3105103336e+01,1.0000000000e+00,7.3105103336e+01
7.0371833855e+01,1.0000000000e+00,7.0371833855e+01
6.3787996814e+01,1.0000000000e+00,6.3787996814e+01
5.6825357239e+01,1.0000000000e+00,5.6825357239e+01
5.3594060482e+01,1.0000000000e+00,5.3594060482e+01
5.4848923448e+01,1.0000000000e+00,5.4848923448e+01
5.7700713604e+01,1.0000000000e+00,5.7700713604e+01
5.8022480128e+01,1.0000000000e+00,5.8022480128e+01
5.3016392247e+01,1.0000000000e+00,5.3016392247e+01
4.2572297302e+01,1.0000000000e+00,4.2572297302e+01
3.6490540544e+01,1.0000000000e+00,3.6490540544e+01
3.0408783787e+01,1.0000000000e+00,3.0408783787e+01
2.4327027030e+01,1.0000000000e+00,2.4327027030e+01
2.1142959142e+01,1.0000000000e+00,2.1142959142e+01
3.1714438714e+01,1.0000000000e+00,3.1714438714e+01
4.5092694108e+01,1.0000000000e+00,4.5092694108e+01
5.3128798992e+01,1.0000000000e+00,5.3128798992e+01
5.6569216802e+01,1.0000000000e+00,5.6569216802e+01
6.4248045719e+01,1.0000000000e+00,6.4248045719e+01
8.5468972964e+01,1.0000000000e+00,8.5468972964e+01
1.1965417542e+02,1.0000000000e+00,1.1965417542e+02
1.5500407631e+02,1.0000000000e+00,1.5500407631e+02
1.7908661589e+02,1.0000000000e+00,1.7908661589e+02
1.8996692058e+02,1.0000000000e+00,1.8996692058e+02
1.9567614159e+02,1.0000000000e+00,1.9567614159e+02
2.0364909390e+02,1.0000000000e+00,2.0364909390e+02
2.1269291639e+02,1.0000000000e+00,2.1269291639e+02
2.1568928280e+02,1.0000000000e+00,2.1568928280e+02
2.0857481086e+02,1.0000000000e+00,2.0857481086e+02
1.9539469079e+02,1.0000000000e+00,1.9539469079e+02
1.8482570997e+02,1.0000000000e+00,1.8482570997e+02
1.8276602771e+02,1.0000000000e+00,1.8276602771e+02
1.8872657305e+02,1.0000000000e+00,1.8872657305e+02
1.9852796946e+02,1.0000000000e+00,1.9852796946e+02
2.0913429032e+02,1.0000000000e+00,2.0913429032e+02
2.1985424211e+02,1.0000000000e+00,2.1985424211e+02
2.2849311306e+02,1.0000000000e+00,2.2849311306e+02
2.2776798475e+02,1.0000000000e+00,2.2776798475e+02
2.0850663219e+02,1.0000000000e+00,2.0850663219e+02
1.6899162946e+02,1.0000000000e+00,1.6899162946e+02
1.2167530959e+02,1.0000000000e+00,1.2167530959e+02
8.8135599856e+01,1.0000000000e+00,8.8135599856e+01
8.3678930281e+01,1.0000000000e+00,8.3678930281e+01
1.0569075962e+02,1.0000000000e+00,1.0569075962e+02
1.3779305238e+02,1.0000000000e+00,1.3779305238e+02
1.6434634150e+02,1.0000000000e+00,1.6434634150e+02
1.7951219550e+02,1.0000000000e+00,1.7951219550e+02
1.8495284768e+02,1.0000000000e+00,1.8495284768e+02
1.8366641357e+02,1.0000000000e+00,1.8366641357e+02
1.7752192434e+02,1.0000000000e+00,1.7752192434e+02
1.6839546153e+02,1.0000000000e+00,1.6839546153e+02
1.5925541768e+02,1.0000000000e+00,1.5925541768e+02
1.5369926048e+02,1.0000000000e+00,1.5369926048e+02
1.5453147113e+02,1.0000000000e+00,1.5453147113e+02
1.6222935824e+02,1.0000000000e+00,1.6222935824e+02
1.7512844181e+02,1.0000000000e+00,1.7512844181e+02
1.9154075668e+02,1.0000000000e+00,1.9154075668e+02
2.1008844601e+02,1.0000000000e+00,2.1008844601e+02
2.2719847173e+02,1.0000000000e+00,2.2719847173e+02
2.3612987017e+02,1.0000000000e+00,2.3612987017e+02
2.2985611238e+02,1.0000000000e+00,2.2985611238e+02
2.0587363637e+02,1.0000000000e+00,2.0587363637e+02
1.7057279245e+02,1.0000000000e+00,1.7057279245e+02
1.3958912928e+02,1.0000000000e+00,1.3958912928e+02
1.3004962193e+02,1.0000000000e+00,1.3004962193e+02
1.4822432332e+02,1.0000000000e+00,1.4822432332e+02
1.8443994751e+02,1.0000000000e+00,1.8443994751e+02
2.2089126358e+02,1.0000000000e+00,2.2089126358e+02
2.4347312010e+02,1.0000000000e+00,2.4347312010e+02
2.4665796429e+02,1.0000000000e+00,2.4665796429e+02
2.3155122917e+02,1.0000000000e+00,2.3155122917e+02
2.0418932022e+02,1.0000000000e+00,2.0418932022e+02
1.7616588273e+02,1.0000000000e+00,1.7616588273e+02
1.6184822242e+02,1.0000000000e+00,1.6184822242e+02
1.6915218492e+02,1.0000000000e+00,1.6915218492e+02
1.9257061172e+02,1.0000000000e+00,1.9257061172e+02
2.1798202434e+02,1.0000000000e+00,2.1798202434e+02
2.3418628531e+02,1.0000000000e+00,2.3418628531e+02
2.3897814869e+02,1.0000000000e+00,2.3897814869e+02
2.3666667560e+02,1.0000000000e+00,2.3666667560e+02
2.3266992002e+02,1.0000000000e+00,2.3266992002e+02
2.3016300240e+02,1.0000000000e+00,2.3016300240e+02
2.2968784537e+02,1.0000000000e+00,2.2968784537e+02
2.3035955856e+02,1.0000000000e+00,2.3035955856e+02
2.3115435330e+02,1.0000000000e+00,2.3115435330e+02
2.3155359981e+02,1.0000000000e+00,2.3155359981e+02
2.3156393883e+02,1.0000000000e+00,2.3156393883e+02
2.3144455286e+02,1.0000000000e+00,2.3144455286e+02
2.3142702613e+02,1.0000000000e+00,2.3142702613e+02
2.3155082766e+02,1.0000000000e+00,2.3155082766e+02
2.3163337816e+02,1.0000000000e+00,2.3163337816e+02
2.3137992483e+02,1.0000000000e+00,2.3137992483e+02
2.3063926153e+02,1.0000000000e+00,2.3063926153e+02
2.2973208265e+02,1.0000000000e+00,2.2973208265e+02
2.2960518065e+02,1.0000000000e+00,2.2960518065e+02
2.3143055647e+02,1.0000000000e+00,2.3143055647e+02
2.3542936196e+02,1.0000000000e+00,2.3542936196e+02
2.3935039621e+02,1.0000000000e+00,2.3935039621e+02
2.3798220898e+02,1.0000000000e+00,2.3798220898e+02
2.2549253305e+02,1.0000000000e+00,2.2549253305e+02
2.0095969544e+02,1.0000000000e+00,2.0095969544e+02
1.7329240436e+02,1.0000000000e+00,1.7329240436e+02
1.5827216542e+02,1.0000000000e+00,1.5827216542e+02
1.6654206489e+02,1.0000000000e+00,1.6654206489e+02
1.9413763778e+02,1.0000000000e+00,1.9413763778e+02
2.2601076126e+02,1.0000000000e+00,2.2601076126e+02
2.4656439773e+02,1.0000000000e+00,2.4656439773e+02
2.4576534072e+02,1.0000000000e+00,2.4576534072e+02
2.2049525285e+02,1.0000000000e+00,2.2049525285e+02
1.7681261880e+02,1.0000000000e+00,1.7681261880e+02
1.3185310852e+02,1.0000000000e+00,1.3185310852e+02
1.0792953829e+02,1.0000000000e+00,1.0792953829e+02
1.1813665365e+02,1.0000000000e+00,1.1813665365e+02
1.5584283190e+02,1.0000000000e+00,1.5584283190e+02
2.0027218623e+02,1.0000000000e+00,2.0027218623e+02
2.3294228793e+02,1.0000000000e+00,2.3294228793e+02
2.4795339369e+02,1.0000000000e+00,2.4795339369e+02
2.4877066643e+02,1.0000000000e+00,2.4877066643e+02
2.3950070007e+02,1.0000000000e+00,2.3950070007e+02
2.2110709086e+02,1.0000000000e+00,2.2110709086e+02
1.9519898419e+02,1.0000000000e+00,1.9519898419e+02
1.6964835345e+02,1.0000000000e+00,1.6964835345e+02
1.5721182363e+02,1.0000000000e+00,1.5721182363e+02
1.6556333996e+02,1.0000000000e+00,1.6556333996e+02
1.8947708764e+02,1.0000000000e+00,1.8947708764e+02
2.1522412049e+02,1.0000000000e+00,2.1522412049e+02
2.3193154762e+02,1.0000000000e+00,2.3193154762e+02
2.3753462671e+02,1.0000000000e+00,2.3753462671e+02
2.3619576608e+02,1.0000000000e+00,2.3619576608e+02
2.3295476729e+02,1.0000000000e+00,2.3295476729e+02
2.3057104198e+02,1.0000000000e+00,2.3057104198e+02
2.2930676492e+02,1.0000000000e+00,2.2930676492e+02
2.2825688485e+02,1.0000000000e+00,2.2825688485e+02
2.2657674216e+02,1.0000000000e+00,2.2657674216e+02
2.2358316947e+02,1.0000000000e+00,2.2358316947e+02
2.1818625460e+02,1.0000000000e+00,2.1818625460e+02
2.0903803743e+02,1.0000000000e+00,2.0903803743e+02
1.9518775920e+02,1.0000000000e+00,1.9518775920e+02
1.7615164945e+02,1.0000000000e+00,1.7615164945e+02
1.5242553471e+02,1.0000000000e+00,1.5242553471e+02
1.2641137116e+02,1.0000000000e+00,1.2641137116e+02
1.0130086962e+02,1.0000000000e+00,1.0130086962e+02
7.9812043108e+01,1.0000000000e+00,7.9812043108e+01
6.6212153962e+01,1.0000000000e+00,6.6212153962e+01
6.7461285760e+01,1.0000000000e+00,6.7461285760e+01
8.8225758531e+01,1.0000000000e+00,8.8225758531e+01
1.2385497334e+02,1.0000000000e+00,1.2385497334e+02
1.6025136951e+02,1.0000000000e+00,1.6025136951e+02
1.8307945714e+02,1.0000000000e+00,1.8307945714e+02
1.8846691499e+02,1.0000000000e+00,1.8846691499e+02
1.8484250971e+02,1.0000000000e+00,1.8484250971e+02
1.8331554366e+02,1.0000000000e+00,1.8331554366e+02
1.8478091137e+02,1.0000000000e+00,1.8478091137e+02
1.7744728523e+02,1.0000000000e+00,1.7744728523e+02
1.5029837323e+02,1.0000000000e+00,1.5029837323e+02
1.0930663660e+02,1.0000000000e+00,1.0930663660e+02
7.6921482439e+01,1.0000000000e+00,7.6921482439e+01
7.3528096646e+01,1.0000000000e+00,7.3528096646e+01
1.0033568547e+02,1.0000000000e+00,1.0033568547e+02
1.4052781412e+02,1.0000000000e+00,1.4052781412e+02
1.7461678075e+02,1.0000000000e+00,1.7461678075e+02
1.9310923288e+02,1.0000000000e+00,1.9310923288e+02
1.9744951573e+02,1.0000000000e+00,1.9744951573e+02
1.9422965084e+02,1.0000000000e+00,1.9422965084e+02
1.9028224243e+02,1.0000000000e+00,1.9028224243e+02
1.9034160883e+02,1.0000000000e+00,1.9034160883e+02
1.9564324043e+02,1.0000000000e+00,1.9564324043e+02
2.0323698515e+02,1.0000000000e+00,2.0323698515e+02
2.0764442827e+02,1.0000000000e+00,2.0764442827e+02
2.0510300935e+02,1.0000000000e+00,2.0510300935e+02
1.9731820453e+02,1.0000000000e+00,1.9731820453e+02
1.9093056447e+02,1.0000000000e+00,1.9093056447e+02
1.9197328021e+02,1.0000000000e+00,1.9197328021e+02
1.9972717463e+02,1.0000000000e+00,1.9972717463e+02
2.0664351773e+02,1.0000000000e+00,2.0664351773e+02
2.0494286500e+02,1.0000000000e+00,2.0494286500e+02
1.9279904804e+02,1.0000000000e+00,1.9279904804e+02
1.7477879179e+02,1.0000000000e+00,1.7477879179e+02
1.5815700922e+02,1.0000000000e+00,1.5815700922e+02
1.4890135782e+02,1.0000000000e+00,1.4890135782e+02
1.4927477665e+02,1.0000000000e+00,1.4927477665e+02
1.5760460323e+02,1.0000000000e+00,1.5760460323e+02
1.6992088364e+02,1.0000000000e+00,1.6992088364e+02
1.8230119460e+02,1.0000000000e+00,1.8230119460e+02
1.9248861450e+02,1.0000000000e+00,1.9248861450e+02
1.9986995898e+02,1.0000000000e+00,1.9986995898e+02
2.0440038577e+02,1.0000000000e+00,2.0440038577e+02
2.0626831743e+02,1.0000000000e+00,2.0626831743e+02
2.0641193306e+02,1.0000000000e+00,2.0641193306e+02
2.0586625634e+02,1.0000000000e+00,2.0586625634e+02
2.0425935549e+02,1.0000000000e+00,2.0425935549e+02
2.0062464575e+02,1.0000000000e+00,2.0062464575e+02
1.9599795482e+02,1.0000000000e+00,1.9599795482e+02
1.9302714153e+02,1.0000000000e+00,1.9302714153e+02
1.9252523383e+02,1.0000000000e+00,1.9252523383e+02
1.9249515429e+02,1.0000000000e+00,1.9249515429e+02
1.9071153212e+02,1.0000000000e+00,1.9071153212e+02
1.8633735972e+02,1.0000000000e+00,1.8633735972e+02
1.7895128790e+02,1.0000000000e+00,1.7895128790e+02
1.6759790863e+02,1.0000000000e+00,1.6759790863e+02
1.5167750131e+02,1.0000000000e+00,1.5167750131e+02
1.3259358488e+02,1.0000000000e+00,1.3259358488e+02
1.1347234794e+02,1.0000000000e+00,1.1347234794e+02
9.6351656688e+01,1.0000000000e+00,9.6351656688e+01
8.0501865963e+01,1.0000000000e+00,8.0501865963e+01
6.4617241911e+01,1.0000000000e+00,6.4617241911e+01
4.9451130588e+01,1.0000000000e+00,4.9451130588e+01
3.6924839705e+01,1.0000000000e+00,3.6924839705e+01
3.1649862604e+01,1.0000000000e+00,3.1649862604e+01
2.6374885504e+01,1.0000000000e+00,2.6374885504e+01
2.1099908403e+01,1.0000000000e+00,2.1099908403e+01
1.5824931302e+01,1.0000000000e+00,1.5824931302e+01
1.0549954201e+01,1.0000000000e+00,1.0549954201e+01
5.2749771007e+00,1.0000000000e+00,5.2749771007e+00
0.0000000000e+00,1.0000000000e+00,0.0000000000e+00
0.0000000000e+00,1.0000000000e+00,0.0000000000e+00
0.0000000000e+00,1.0000000000e+00,0.0000000000e+00
0.0000000000e+00,1.0000000000e+00,0.0000000000e+00
0.0000000000e+00,1.0000000000e+00,0.0000000000e+00
0.0000000000e+00,1.0000000000e+00,0.0000000000e+00
9.3354078983e+00,1.0000000000e+00,9.3354078983e+00
1.8670815797e+01,1.0000000000e+00,1.8670815797e+01
2.8006223695e+01,1.0000000000e+00,2.8006223695e+01
4.9749248978e+01,1.0000000000e+00,4.9749248978e+01
9.2289888806e+01,1.0000000000e+00,9.2289888806e+01
1.4789000588e+02,1.0000000000e+00,1.4789000588e+02
1.9789257426e+02,1.0000000000e+00,1.9789257426e+02
2.2579813803e+02,1.0000000000e+00,2.2579813803e+02
2.2861601610e+02,1.0000000000e+00,2.2861601610e+02
2.1690080249e+02,1.0000000000e+00,2.1690080249e+02
2.0537818786e+02,1.0000000000e+00,2.0537818786e+02
2.0256592067e+02,1.0000000000e+00,2.0256592067e+02
2.0739087838e+02,1.0000000000e+00,2.0739087838e+02
2.1433680294e+02,1.0000000000e+00,2.1433680294e+02
2.2004835097e+02,1.0000000000e+00,2.2004835097e+02
2.2417205412e+02,1.0000000000e+00,2.2417205412e+02
2.2592012834e+02,1.0000000000e+00,2.2592012834e+02
2.2270344266e+02,1.0000000000e+00,2.2270344266e+02
2.1293137018e+02,1.0000000000e+00,2.1293137018e+02
1.9924122971e+02,1.0000000000e+00,1.9924122971e+02
1.8774529998e+02,1.0000000000e+00,1.8774529998e+02
1.8350658418e+02,1.0000000000e+00,1.8350658418e+02
1.8724057159e+02,1.0000000000e+00,1.8724057159e+02
1.9643012510e+02,1.0000000000e+00,1.9643012510e+02
2.0829247140e+02,1.0000000000e+00,2.0829247140e+02
2.2084030209e+02,1.0000000000e+00,2.2084030209e+02
2.3131616809e+02,1.0000000000e+00,2.3131616809e+02
2.3438135856e+02,1.0000000000e+00,2.3438135856e+02
2.2372264373e+02,1.0000000000e+00,2.2372264373e+02
1.9789032154e+02,1.0000000000e+00,1.9789032154e+02
1.6560645921e+02,1.0000000000e+00,1.6560645921e+02
1.4343783681e+02,1.0000000000e+00,1.4343783681e+02
1.4459074175e+02,1.0000000000e+00,1.4459074175e+02
1.6825098228e+02,1.0000000000e+00,1.6825098228e+02
2.0060205599e+02,1.0000000000e+00,2.0060205599e+02
2.2627669729e+02,1.0000000000e+00,2.2627669729e+02
2.3837974149e+02,1.0000000000e+00,2.3837974149e+02
2.3939408234e+02,1.0000000000e+00,2.3939408234e+02
2.3568767349e+02,1.0000000000e+00,2.3568767349e+02
2.3208122211e+02,1.0000000000e+00,2.3208122211e+02
2.2984741053e+02,1.0000000000e+00,2.2984741053e+02
2.2776492377e+02,1.0000000000e+00,2.2776492377e+02
2.2424328113e+02,1.0000000000e+00,2.2424328113e+02
2.1867986223e+02,1.0000000000e+00,2.1867986223e+02
2.1167685276e+02,1.0000000000e+00,2.1167685276e+02
2.0511884470e+02,1.0000000000e+00,2.0511884470e+02
2.0195473101e+02,1.0000000000e+00,2.0195473101e+02
2.0394250666e+02,1.0000000000e+00,2.0394250666e+02
2.0810561920e+02,1.0000000000e+00,2.0810561920e+02
2.0647860493e+02,1.0000000000e+00,2.0647860493e+02
1.9232715468e+02,1.0000000000e+00,1.9232715468e+02
1.6859242901e+02,1.0000000000e+00,1.6859242901e+02
1.4842596103e+02,1.0000000000e+00,1.4842596103e+02
1.4455616708e+02,1.0000000000e+00,1.4455616708e+02
1.5869589878e+02,1.0000000000e+00,1.5869589878e+02
1.8219552459e+02,1.0000000000e+00,1.8219552459e+02
2.0440170896e+02,1.0000000000e+00,2.0440170896e+02
2.1885102117e+02,1.0000000000e+00,2.1885102117e+02
2.2412981539e+02,1.0000000000e+00,2.2412981539e+02
2.2207980352e+02,1.0000000000e+00,2.2207980352e+02
2.1603719302e+02,1.0000000000e+00,2.1603719302e+02
2.0969151758e+02,1.0000000000e+00,2.0969151758e+02
2.0576849803e+02,1.0000000000e+00,2.0576849803e+02
2.0471041222e+02,1.0000000000e+00,2.0471041222e+02
2.0497975174e+02,1.0000000000e+00,2.0497975174e+02
2.0441905992e+02,1.0000000000e+00,2.0441905992e+02
2.0027433049e+02,1.0000000000e+00,2.0027433049e+02
1.8946413156e+02,1.0000000000e+00,1.8946413156e+02
1.7166422882e+02,1.0000000000e+00,1.7166422882e+02
1.5081192541e+02,1.0000000000e+00,1.5081192541e+02
1.3091067013e+02,1.0000000000e+00,1.3091067013e+02
1.1237569887e+02,1.0000000000e+00,1.1237569887e+02
9.4718000234e+01,1.0000000000e+00,9.4718000234e+01
7.9993278753e+01,1.0000000000e+00,7.9993278753e+01
7.1191459591e+01,1.0000000000e+00,7.1191459591e+01
6.9263112292e+01,1.0000000000e+00,6.9263112292e+01
7.3430771069e+01,1.0000000000e+00,7.3430771069e+01
8.2354254327e+01,1.0000000000e+00,8.2354254327e+01
9.2799835075e+01,1.0000000000e+00,9.2799835075e+01
9.8546701296e+01,1.0000000000e+00,9.8546701296e+01
9.3457884770e+01,1.0000000000e+00,9.3457884770e+01
7.7153792746e+01,1.0000000000e+00,7.7153792746e+01
5.8126255103e+01,1.0000000000e+00,5.8126255103e+01
5.0538681902e+01,1.0000000000e+00,5.0538681902e+01
6.5181988016e+01,1.0000000000e+00,6.5181988016e+01
1.0027578052e+02,1.0000000000e+00,1.0027578052e+02
1.4071211373e+02,1.0000000000e+00,1.4071211373e+02
1.6872649954e+02,1.0000000000e+00,1.6872649954e+02
1.7681202400e+02,1.0000000000e+00,1.7681202400e+02
1.7051447001e+02,1.0000000000e+00,1.7051447001e+02
1.6017838918e+02,1.0000000000e+00,1.6017838918e+02
1.5163580829e+02,1.0000000000e+00,1.5163580829e+02
1.4472908557e+02,1.0000000000e+00,1.4472908557e+02
1.3914317707e+02,1.0000000000e+00,1.3914317707e+02
1.3873253115e+02,1.0000000000e+00,1.3873253115e+02
1.4811774157e+02,1.0000000000e+00,1.4811774157e+02
1.6696798410e+02,1.0000000000e+00,1.6696798410e+02
1.8990910434e+02,1.0000000000e+00,1.8990910434e+02
2.1024671723e+02,1.0000000000e+00,2.1024671723e+02
2.2267975688e+02,1.0000000000e+00,2.2267975688e+02
2.2504645735e+02,1.0000000000e+00,2.2504645735e+02
2.1908651878e+02,1.0000000000e+00,2.1908651878e+02
2.0928150726e+02,1.0000000000e+00,2.0928150726e+02
2.0123194299e+02,1.0000000000e+00,2.0123194299e+02
1.9996943052e+02,1.0000000000e+00,1.9996943052e+02
2.0700788594e+02,1.0000000000e+00,2.0700788594e+02
2.1869335303e+02,1.0000000000e+00,2.1869335303e+02
2.2909008455e+02,1.0000000000e+00,2.2909008455e+02
2.3450519603e+02,1.0000000000e+00,2.3450519603e+02
2.3489376141e+02,1.0000000000e+00,2.3489376141e+02
2.3224982833e+02,1.0000000000e+00,2.3224982833e+02
2.2883507576e+02,1.0000000000e+00,2.2883507576e+02
2.2649969038e+02,1.0000000000e+00,2.2649969038e+02
2.2642010066e+02,1.0000000000e+00,2.2642010066e+02
2.2854339634e+02,1.0000000000e+00,2.2854339634e+02
2.3122244604e+02,1.0000000000e+00,2.3122244604e+02
2.3185823681e+02,1.0000000000e+00,2.3185823681e+02
2.2840813796e+02,1.0000000000e+00,2.2840813796e+02
2.2089477175e+02,1.0000000000e+00,2.2089477175e+02
2.1185513811e+02,1.0000000000e+00,2.1185513811e+02
2.0487493016e+02,1.0000000000e+00,2.0487493016e+02
2.0199331330e+02,1.0000000000e+00,2.0199331330e+02
2.0253304413e+02,1.0000000000e+00,2.0253304413e+02
2.0443129020e+02,1.0000000000e+00,2.0443129020e+02
2.0600711286e+02,1.0000000000e+00,2.0600711286e+02
2.0631808300e+02,1.0000000000e+00,2.0631808300e+02
2.0478743199e+02,1.0000000000e+00,2.0478743199e+02
2.0117517830e+02,1.0000000000e+00,2.0117517830e+02
1.9583513652e+02,1.0000000000e+00,1.9583513652e+02
1.9008911656e+02,1.0000000000e+00,1.9008911656e+02
1.8668737595e+02,1.0000000000e+00,1.8668737595e+02
1.8924799219e+02,1.0000000000e+00,1.8924799219e+02
1.9952809103e+02,1.0000000000e+00,1.9952809103e+02
2.1458802304e+02,1.0000000000e+00,2.1458802304e+02
2.2755968810e+02,1.0000000000e+00,2.2755968810e+02
2.3181190866e+02,1.0000000000e+00,2.3181190866e+02
2.2463024166e+02,1.0000000000e+00,2.2463024166e+02
2.0794552965e+02,1.0000000000e+00,2.0794552965e+02
1.8653517429e+02,1.0000000000e+00,1.8653517429e+02
1.6547341731e+02,1.0000000000e+00,1.6547341731e+02
1.4883998630e+02,1.0000000000e+00,1.4883998630e+02
1.4000882684e+02,1.0000000000e+00,1.4000882684e+02
1.4134665226e+02,1.0000000000e+00,1.4134665226e+02
1.5212954482e+02,1.0000000000e+00,1.5212954482e+02
1.6711167909e+02,1.0000000000e+00,1.6711167909e+02
1.7859487849e+02,1.0000000000e+00,1.7859487849e+02
1.8142173362e+02,1.0000000000e+00,1.8142173362e+02
1.7735284867e+02,1.0000000000e+00,1.7735284867e+02
1.7471522520e+02,1.0000000000e+00,1.7471522520e+02
1.8183472947e+02,1.0000000000e+00,1.8183472947e+02
1.9886339390e+02,1.0000000000e+00,1.9886339390e+02
2.1621165677e+02,1.0000000000e+00,2.1621165677e+02
2.2206751639e+02,1.0000000000e+00,2.2206751639e+02
2.1230259615e+02,1.0000000000e+00,2.1230259615e+02
1.9419721013e+02,1.0000000000e+00,1.9419721013e+02
1.8050204044e+02,1.0000000000e+00,1.8050204044e+02
1.7864355133e+02,1.0000000000e+00,1.7864355133e+02
1.8617475735e+02,1.0000000000e+00,1.8617475735e+02
1.9664381335e+02,1.0000000000e+00,1.9664381335e+02
2.0657652574e+02,1.0000000000e+00,2.0657652574e+02
2.1531968444e+02,1.0000000000e+00,2.1531968444e+02
2.2107029887e+02,1.0000000000e+00,2.2107029887e+02
2.2013587472e+02,1.0000000000e+00,2.2013587472e+02
2.1106455168e+02,1.0000000000e+00,2.1106455168e+02
1.9863865249e+02,1.0000000000e+00,1.9863865249e+02
1.9115548642e+02,1.0000000000e+00,1.9115548642e+02
1.9209443433e+02,1.0000000000e+00,1.9209443433e+02
1.9645226703e+02,1.0000000000e+00,1.9645226703e+02
1.9715246001e+02,1.0000000000e+00,1.9715246001e+02
1.9275578116e+02,1.0000000000e+00,1.9275578116e+02
1.8667883445e+02,1.0000000000e+00,1.8667883445e+02
1.8114251715e+02,1.0000000000e+00,1.8114251715e+02
1.7501481968e+02,1.0000000000e+00,1.7501481968e+02
1.6684416094e+02,1.0000000000e+00,1.6684416094e+02
1.5702437510e+02,1.0000000000e+00,1.5702437510e+02
1.4630631492e+02,1.0000000000e+00,1.4630631492e+02
1.3415880612e+02,1.0000000000e+00,1.3415880612e+02
1.1971774116e+02,1.0000000000e+00,1.1971774116e+02
1.0355000205e+02,1.0000000000e+00,1.0355000205e+02
8.8239910370e+01,1.0000000000e+00,8.8239910370e+01
7.8187918546e+01,1.0000000000e+00,7.8187918546e+01
7.8419469316e+01,1.0000000000e+00,7.8419469316e+01
9.1064648861e+01,1.0000000000e+00,9.1064648861e+01
1.1109812087e+02,1.0000000000e+00,1.1109812087e+02
1.2654281429e+02,1.0000000000e+00,1.2654281429e+02
1.2596225644e+02,1.0000000000e+00,1.2596225644e+02
1.0865813078e+02,1.0000000000e+00,1.0865813078e+02
8.8138441156e+01,1.0000000000e+00,8.8138441156e+01
8.3222548782e+01,1.0000000000e+00,8.3222548782e+01
1.0329636808e+02,1.0000000000e+00,1.0329636808e+02
1.4194336844e+02,1.0000000000e+00,1.4194336844e+02
1.8387369810e+02,1.0000000000e+00,1.8387369810e+02
2.1597293746e+02,1.0000000000e+00,2.1597293746e+02
2.3309134406e+02,1.0000000000e+00,2.3309134406e+02
2.3747649377e+02,1.0000000000e+00,2.3747649377e+02
2.3486606459e+02,1.0000000000e+00,2.3486606459e+02
2.3028569093e+02,1.0000000000e+00,2.3028569093e+02
2.2567414640e+02,1.0000000000e+00,2.2567414640e+02
2.2015583658e+02,1.0000000000e+00,2.2015583658e+02
2.1248142188e+02,1.0000000000e+00,2.1248142188e+02
2.0347136946e+02,1.0000000000e+00,2.0347136946e+02
1.9588169322e+02,1.0000000000e+00,1.9588169322e+02
1.9226019043e+02,1.0000000000e+00,1.9226019043e+02
1.9382376964e+02,1.0000000000e+00,1.9382376964e+02
2.0056264998e+02,1.0000000000e+00,2.0056264998e+02
2.1052821456e+02,1.0000000000e+00,2.1052821456e+02
2.1959170068e+02,1.0000000000e+00,2.1959170068e+02
2.2409866682e+02,1.0000000000e+00,2.2409866682e+02
2.2397193277e+02,1.0000000000e+00,2.2397193277e+02
2.2227134522e+02,1.0000000000e+00,2.2227134522e+02
2.2202528516e+02,1.0000000000e+00,2.2202528516e+02
2.2405631540e+02,1.0000000000e+00,2.2405631540e+02
2.2726090933e+02,1.0000000000e+00,2.2726090933e+02
2.3006925810e+02,1.0000000000e+00,2.3006925810e+02
2.3160047243e+02,1.0000000000e+00,2.3160047243e+02
2.3196478502e+02,1.0000000000e+00,2.3196478502e+02
2.3184251446e+02,1.0000000000e+00,2.3184251446e+02
2.3182173006e+02,1.0000000000e+00,2.3182173006e+02
2.3194941800e+02,1.0000000000e+00,2.3194941800e+02
2.3168581419e+02,1.0000000000e+00,2.3168581419e+02
2.3026666690e+02,1.0000000000e+00,2.3026666690e+02
2.2730430864e+02,1.0000000000e+00,2.2730430864e+02
2.2320963215e+02,1.0000000000e+00,2.2320963215e+02
2.1911350478e+02,1.0000000000e+00,2.1911350478e+02
2.1643528197e+02,1.0000000000e+00,2.1643528197e+02
2.1614567223e+02,1.0000000000e+00,2.1614567223e+02
2.1743780460e+02,1.0000000000e+00,2.1743780460e+02
2.1646927875e+02,1.0000000000e+00,2.1646927875e+02
2.0719515693e+02,1.0000000000e+00,2.0719515693e+02
1.8551923034e+02,1.0000000000e+00,1.8551923034e+02
1.5444798237e+02,1.0000000000e+00,1.5444798237e+02
1.2498542629e+02,1.0000000000e+00,1.2498542629e+02
1.1036677272e+02,1.0000000000e+00,1.1036677272e+02
1.1813734826e+02,1.0000000000e+00,1.1813734826e+02
1.4611679385e+02,1.0000000000e+00,1.4611679385e+02
1.8346120126e+02,1.0000000000e+00,1.8346120126e+02
2.1554604024e+02,1.0000000000e+00,2.1554604024e+02
2.3115250806e+02,1.0000000000e+00,2.3115250806e+02
2.2814474904e+02,1.0000000000e+00,2.2814474904e+02
2.1379976676e+02,1.0000000000e+00,2.1379976676e+02
1.9977382624e+02,1.0000000000e+00,1.9977382624e+02
1.9503617437e+02,1.0000000000e+00,1.9503617437e+02
2.0127614475e+02,1.0000000000e+00,2.0127614475e+02
2.1324871181e+02,1.0000000000e+00,2.1324871181e+02
2.2274936700e+02,1.0000000000e+00,2.2274936700e+02
2.2355942638e+02,1.0000000000e+00,2.2355942638e+02
2.1528277161e+02,1.0000000000e+00,2.1528277161e+02
2.0397949886e+02,1.0000000000e+00,2.0397949886e+02
1.9805572463e+02,1.0000000000e+00,1.9805572463e+02
2.0161952909e+02,1.0000000000e+00,2.0161952909e+02
2.1148808881e+02,1.0000000000e+00,2.1148808881e+02
2.2068650683e+02,1.0000000000e+00,2.2068650683e+02
2.2348630822e+02,1.0000000000e+00,2.2348630822e+02
2.1679217259e+02,1.0000000000e+00,2.1679217259e+02
1.9931921348e+02,1.0000000000e+00,1.9931921348e+02
1.7191718938e+02,1.0000000000e+00,1.7191718938e+02
1.3846717203e+02,1.0000000000e+00,1.3846717203e+02
1.0500074351e+02,1.0000000000e+00,1.0500074351e+02
7.6848165838e+01,1.0000000000e+00,7.6848165838e+01
5.5950155470e+01,1.0000000000e+00,5.5950155470e+01
4.1199752138e+01,1.0000000000e+00,4.1199752138e+01
3.2633263111e+01,1.0000000000e+00,3.2633263111e+01
3.5307921728e+01,1.0000000000e+00,3.5307921728e+01
5.6594005439e+01,1.0000000000e+00,5.6594005439e+01
9.7154910857e+01,1.0000000000e+00,9.7154910857e+01
1.4518435073e+02,1.0000000000e+00,1.4518435073e+02
1.8200670480e+02,1.0000000000e+00,1.8200670480e+02
1.9468214098e+02,1.0000000000e+00,1.9468214098e+02
1.8453842415e+02,1.0000000000e+00,1.8453842415e+02
1.6563841777e+02,1.0000000000e+00,1.6563841777e+02
1.5435075199e+02,1.0000000000e+00,1.5435075199e+02
1.5777263867e+02,1.0000000000e+00,1.5777263867e+02
1.7143194512e+02,1.0000000000e+00,1.7143194512e+02
1.8693326353e+02,1.0000000000e+00,1.8693326353e+02
1.9932439918e+02,1.0000000000e+00,1.9932439918e+02
2.0800674482e+02,1.0000000000e+00,2.0800674482e+02
2.1398368962e+02,1.0000000000e+00,2.1398368962e+02
2.1697171821e+02,1.0000000000e+00,2.1697171821e+02
2.1404161630e+02,1.0000000000e+00,2.1404161630e+02
2.0155820224e+02,1.0000000000e+00,2.0155820224e+02
1.7925922961e+02,1.0000000000e+00,1.7925922961e+02
1.5125851448e+02,1.0000000000e+00,1.5125851448e+02
1.2214618972e+02,1.0000000000e+00,1.2214618972e+02
9.4214507382e+01,1.0000000000e+00,9.4214507382e+01
7.0732449502e+01,1.0000000000e+00,7.0732449502e+01
5.9737501435e+01,1.0000000000e+00,5.9737501435e+01
6.9695696861e+01,1.0000000000e+00,6.9695696861e+01
9.9354355062e+01,1.0000000000e+00,9.9354355062e+01
1.3408796289e+02,1.0000000000e+00,1.3408796289e+02
1.5581249459e+02,1.0000000000e+00,1.5581249459e+02
1.5836594362e+02,1.0000000000e+00,1.5836594362e+02
1.5215699218e+02,1.0000000000e+00,1.5215699218e+02
1.5231404994e+02,1.0000000000e+00,1.5231404994e+02
1.6377530722e+02,1.0000000000e+00,1.6377530722e+02
1.7906081535e+02,1.0000000000e+00,1.7906081535e+02
1.8709961534e+02,1.0000000000e+00,1.8709961534e+02
1.8151997868e+02,1.0000000000e+00,1.8151997868e+02
1.6320843998e+02,1.0000000000e+00,1.6320843998e+02
1.3858048659e+02,1.0000000000e+00,1.3858048659e+02
1.1560038976e+02,1.0000000000e+00,1.1560038976e+02
9.8987775736e+01,1.0000000000e+00,9.8987775736e+01
8.7354760352e+01,1.0000000000e+00,8.7354760352e+01
7.5750983450e+01,1.0000000000e+00,7.5750983450e+01
6.1663971471e+01,1.0000000000e+00,6.1663971471e+01
4.7163701410e+01,1.0000000000e+00,4.7163701410e+01
3.5284264618e+01,1.0000000000e+00,3.5284264618e+01
3.0243655386e+01,1.0000000000e+00,3.0243655386e+01
2.5203046155e+01,1.0000000000e+00,2.5203046155e+01
2.0162436924e+01,1.0000000000e+00,2.0162436924e+01
1.5121827693e+01,1.0000000000e+00,1.5121827693e+01
1.0081218462e+01,1.0000000000e+00,1.0081218462e+01
5.0406092311e+00,1.0000000000e+00,5.0406092311e+00
0.0000000000e+00,9.0000000000e-01,0.0000000000e+00
0.0000000000e+00,8.0000000000e-01,0.0000000000e+00
0.0000000000e+00,7.0000000000e-01,0.0000000000e+00
0.0000000000e+00,6.0000000000e-01,0.0000000000e+00
0.0000000000e+00,6.0000000000e-01,0.0000000000e+00
0.0000000000e+00,6.0000000000e-01,0.0000000000e+00
0.0000000000e+00,6.0000000000e-01,0.0000000000e+00
0.0000000000e+00,6.0000000000e-01,0.0000000000e+00
0.0000000000e+00,6.0000000000e-01,0.0000000000e+00
0.0000000000e+00,6.0000000000e-01,0.0000000000e+00
0.0000000000e+00,6.0000000000e-01,0.0000000000e+00
0.0000000000e+00,6.0000000000e-01,0.0000000000e+00
0.0000000000e+00,6.0000000000e-01,0.0000000000e+00
0.0000000000e+00,6.0000000000e-01,0.0000000000e+00
0.0000000000e+00,6.0000000000e-01,0.0000000000e+00
0.0000000000e+00,6.0000000000e-01,0.0000000000e+00
0.0000000000e+00,6.0000000000e-01,0.0000000000e+00
0.0000000000e+00,6.0000000000e-01,0.0000000000e+00
0.0000000000e+00,6.0000000000e-01,0.0000000000e+00
0.0000000000e+00,6.0000000000e-01,0.0000000000e+00
0.0000000000e+00,7.0000000000e-01,0.0000000000e+00
0.0000000000e+00,8.0000000000e-01,0.0000000000e+00
0.0000000000e+00,9.0000000000e-01,0.0000000000e+00
2.0362686338e+01,1.0000000000e+00,2.0362686338e+01
4.0725372676e+01,1.0000000000e+00,4.0725372676e+01
6.1088059013e+01,1.0000000000e+00,6.1088059013e+01
1.0416666667e+02,1.0000000000e+00,1.0416666667e+02
1.2500000000e+02,1.0000000000e+00,1.2500000000e+02
1.0416666667e+02,1.0000000000e+00,1.0416666667e+02
7.3392116183e+01,1.0000000000e+00,7.3392116183e+01
6.2907528156e+01,1.0000000000e+00,6.2907528156e+01
5.2422940130e+01,1.0000000000e+00,5.2422940130e+01
4.1938352104e+01,1.0000000000e+00,4.1938352104e+01
3.1453764078e+01,1.0000000000e+00,3.1453764078e+01
2.6159394218e+01,1.0000000000e+00,2.6159394218e+01
3.9239091327e+01,1.0000000000e+00,3.9239091327e+01
7.3961313549e+01,1.0000000000e+00,7.3961313549e+01
1.0416666667e+02,1.0000000000e+00,1.0416666667e+02
1.2500000000e+02,1.0000000000e+00,1.2500000000e+02
1.1138648589e+02,1.0000000000e+00,1.1138648589e+02
8.2807432197e+01,1.0000000000e+00,8.2807432197e+01
4.3318915343e+01,1.0000000000e+00,4.3318915343e+01
5.0761043017e+01,1.0000000000e+00,5.0761043017e+01
8.3348313285e+01,1.0000000000e+00,8.3348313285e+01
1.2553995333e+02,1.0000000000e+00,1.2553995333e+02
1.5808537258e+02,1.0000000000e+00,1.5808537258e+02
1.7009591720e+02,1.0000000000e+00,1.7009591720e+02
1.6152117330e+02,1.0000000000e+00,1.6152117330e+02
1.3958872152e+02,1.0000000000e+00,1.3958872152e+02
1.1543253498e+02,1.0000000000e+00,1.1543253498e+02
9.9883052648e+01,1.0000000000e+00,9.9883052648e+01
9.7607801923e+01,1.0000000000e+00,9.7607801923e+01
1.0490942921e+02,1.0000000000e+00,1.0490942921e+02
1.1412422419e+02,1.0000000000e+00,1.1412422419e+02
1.1965815212e+02,1.0000000000e+00,1.1965815212e+02
1.2020583710e+02,1.0000000000e+00,1.2020583710e+02
1.1742870753e+02,1.0000000000e+00,1.1742870753e+02
1.1452213875e+02,1.0000000000e+00,1.1452213875e+02
1.1612632276e+02,1.0000000000e+00,1.1612632276e+02
1.2655154712e+02,1.0000000000e+00,1.2655154712e+02
1.4427931759e+02,1.0000000000e+00,1.4427931759e+02
1.5903961870e+02,1.0000000000e+00,1.5903961870e+02
1.5843587303e+02,1.0000000000e+00,1.5843587303e+02
1.3875760080e+02,1.0000000000e+00,1.3875760080e+02
1.0820251393e+02,1.0000000000e+00,1.0820251393e+02
7.9944061624e+01,1.0000000000e+00,7.9944061624e+01
6.3482206721e+01,1.0000000000e+00,6.3482206721e+01
6.2449601299e+01,1.0000000000e+00,6.2449601299e+01
7.7261663644e+01,1.0000000000e+00,7.7261663644e+01
1.0517844548e+02,1.0000000000e+00,1.0517844548e+02
1.5039966581e+02,1.0000000000e+00,1.4040099505e+02
1.8215872078e+02,1.0000000000e+00,1.6790658219e+02
1.6419797220e+02,1.0000000000e+00,1.7551837401e+02
1.4629817923e+02,1.0000000000e+00,1.7480009776e+02
1.8010006862e+02,1.0000000000e+00,1.8067366420e+02
2.1264096070e+02,1.0000000000e+00,1.8575790754e+02
1.8819834070e+02,1.0000000000e+00,1.7996144906e+02
1.5263194756e+02,1.0000000000e+00,1.7307101435e+02
1.6599789164e+02,1.0000000000e+00,1.7778439338e+02
2.0477231868e+02,1.0000000000e+00,1.8840204449e+02
2.0620782503e+02,1.0000000000e+00,1.8921718929e+02
1.6656973498e+02,1.0000000000e+00,1.7735186822e+02
1.4460377344e+02,1.0000000000e+00,1.6645476360e+02
1.6713484789e+02,1.0000000000e+00,1.6615679691e+02
1.9276416997e+02,1.0000000000e+00,1.7060029787e+02
1.8084974428e+02,1.0000000000e+00,1.7068927380e+02
1.5133433090e+02,1.0000000000e+00,1.6780359427e+02
1.5136503013e+02,1.0000000000e+00,1.6870094509e+02
1.7780805528e+02,1.0000000000e+00,1.7036176576e+02
1.8086772361e+02,1.0000000000e+00,1.6203762445e+02
1.4340687653e+02,1.0000000000e+00,1.4288916222e+02
1.0952827406e+02,1.0000000000e+00,1.2604175014e+02
1.1419161288e+02,1.0000000000e+00,1.1997465496e+02
1.2958333071e+02,1.0000000000e+00,1.1663945346e+02
1.1485096099e+02,1.0000000000e+00,1.0563215975e+02
8.1861258025e+01,1.0000000000e+00,9.0766116705e+01
7.2155208822e+01,1.0000000000e+00,8.3353365249e+01
8.9265074139e+01,1.0000000000e+00,8.4644693450e+01
9.7398919525e+01,1.0000000000e+00,8.5249722323e+01
7.8930944964e+01,1.0000000000e+00,7.9476693854e+01
5.9984721205e+01,1.0000000000e+00,7.1880205354e+01
6.3679935808e+01,1.0000000000e+00,6.6982647761e+01
7.1404626059e+01,1.0000000000e+00,6.1219870774e+01
5.8098149903e+01,1.0000000000e+00,5.0938287501e+01
3.4005689851e+01,1.0000000000e+00,4.0438944318e+01
2.6479047967e+01,1.0000000000e+00,3.6171882341e+01
3.7527537485e+01,1.0000000000e+00,3.6923711345e+01
4.4459212612e+01,1.0000000000e+00,3.5528687261e+01
3.3515993037e+01,1.0000000000e+00,2.9534779812e+01
1.6888811914e+01,1.0000000000e+00,2.2404080053e+01
1.3392991824e+01,1.0000000000e+00,1.7899652501e+01
1.7376421342e+01,1.0000000000e+00,1.4891074871e+01
1.2432521413e+01,1.0000000000e+00,1.0097031351e+01
4.7565794176e+00,1.0000000000e+00,4.7565794176e+00
0.0000000000e+00,9.0000000000e-01,0.0000000000e+00
0.0000000000e+00,8.0000000000e-01,0.0000000000e+00
0.0000000000e+00,7.0000000000e-01,0.0000000000e+00
0.0000000000e+00,6.0000000000e-01,0.0000000000e+00
0.0000000000e+00,6.0000000000e-01,0.0000000000e+00
0.0000000000e+00,6.0000000000e-01,0.0000000000e+00
0.0000000000e+00,6.0000000000e-01,0.0000000000e+00
0.0000000000e+00,6.0000000000e-01,0.0000000000e+00
0.0000000000e+00,6.0000000000e-01,0.0000000000e+00
0.0000000000e+00,6.0000000000e-01,0.0000000000e+00
0.0000000000e+00,6.0000000000e-01,0.0000000000e+00
0.0000000000e+00,6.0000000000e-01,0.0000000000e+00
0.0000000000e+00,6.0000000000e-01,0.0000000000e+00
0.0000000000e+00,6.0000000000e-01,0.0000000000e+00
0.0000000000e+00,6.0000000000e-01,0.0000000000e+00
0.0000000000e+00,6.0000000000e-01,0.0000000000e+00
0.0000000000e+00,6.0000000000e-01,0.0000000000e+00
0.0000000000e+00,6.0000000000e-01,0.0000000000e+00
0.0000000000e+00,6.0000000000e-01,0.0000000000e+00
0.0000000000e+00,6.0000000000e-01,0.0000000000e+00
0.0000000000e+00,6.0000000000e-01,0.0000000000e+00
0.0000000000e+00,6.0000000000e-01,0.0000000000e+00
0.0000000000e+00,6.0000000000e-01,0.0000000000e+00
0.0000000000e+00,6.0000000000e-01,0.0000000000e+00
0.0000000000e+00,6.0000000000e-01,0.0000000000e+00
0.0000000000e+00,6.0000000000e-01,0.0000000000e+00
0.0000000000e+00,6.0000000000e-01,0.0000000000e+00
0.0000000000e+00,6.0000000000e-01,0.0000000000e+00
0.0000000000e+00,6.0000000000e-01,0.0000000000e+00
0.0000000000e+00,6.0000000000e-01,0.0000000000e+00
0.0000000000e+00,6.0000000000e-01,0.0000000000e+00
0.0000000000e+00,6.0000000000e-01,0.0000000000e+00
0.0000000000e+00,7.0000000000e-01,0.0000000000e+00
0.0000000000e+00,8.0000000000e-01,0.0000000000e+00
0.0000000000e+00,9.0000000000e-01,0.0000000000e+00
2.0362686338e+01,1.0000000000e+00,2.0362686338e+01
4.0725372676e+01,1.0000000000e+00,4.0725372676e+01
6.1088059013e+01,1.0000000000e+00,6.1088059013e+01
1.0416666667e+02,1.0000000000e+00,1.0416666667e+02
1.2500000000e+02,1.0000000000e+00,1.2500000000e+02
1.0416666667e+02,1.0000000000e+00,1.0416666667e+02
7.3392116183e+01,1.0000000000e+00,7.3392116183e+01
6.2907528156e+01,1.0000000000e+00,6.2907528156e+01
5.2422940130e+01,1.0000000000e+00,5.2422940130e+01
4.1938352104e+01,1.0000000000e+00,4.1938352104e+01
3.1453764078e+01,1.0000000000e+00,3.1453764078e+01
2.0969176052e+01,1.0000000000e+00,2.0969176052e+01
2.9588028092e+01,1.0000000000e+00,2.9588028092e+01
4.4382042138e+01,1.0000000000e+00,4.4382042138e+01
7.6780651273e+01,1.0000000000e+00,7.6780651273e+01
1.1009567928e+02,1.0000000000e+00,1.1009567928e+02
1.3283059450e+02,1.0000000000e+00,1.3283059450e+02
1.3964879151e+02,1.0000000000e+00,1.3964879151e+02
1.3500865693e+02,1.0000000000e+00,1.3500865693e+02
1.2667435593e+02,1.0000000000e+00,1.2667435593e+02
1.1807299021e+02,1.0000000000e+00,1.1807299021e+02
1.0814814824e+02,1.0000000000e+00,1.0814814824e+02
9.6162825857e+01,1.0000000000e+00,9.6162825857e+01
8.4038406078e+01,1.0000000000e+00,8.4038406078e+01
7.4375199145e+01,1.0000000000e+00,7.4375199145e+01
6.7798784289e+01,1.0000000000e+00,6.7798784289e+01
6.2494547858e+01,1.0000000000e+00,6.2494547858e+01
5.5685362898e+01,1.0000000000e+00,5.5685362898e+01
4.5701623818e+01,1.0000000000e+00,4.5701623818e+01
3.9172820416e+01,1.0000000000e+00,3.9172820416e+01
3.2644017013e+01,1.0000000000e+00,3.2644017013e+01
2.6115213610e+01,1.0000000000e+00,2.6115213610e+01
1.9586410208e+01,1.0000000000e+00,1.9586410208e+01
1.3057606805e+01,1.0000000000e+00,1.3057606805e+01
6.5288034026e+00,1.0000000000e+00,6.5288034026e+00
0.0000000000e+00,1.0000000000e+00,0.0000000000e+00
0.0000000000e+00,1.0000000000e+00,0.0000000000e+00
0.0000000000e+00,1.0000000000e+00,0.0000000000e+00
0.0000000000e+00,1.0000000000e+00,0.0000000000e+00
0.0000000000e+00,1.0000000000e+00,0.0000000000e+00
0.0000000000e+00,1.0000000000e+00,0.0000000000e+00
0.0000000000e+00,1.0000000000e+00,0.0000000000e+00
0.0000000000e+00,1.0000000000e+00,0.0000000000e+00
0.0000000000e+00,1.0000000000e+00,0.0000000000e+00
0.0000000000e+00,1.0000000000e+00,0.0000000000e+00
0.0000000000e+00,1.0000000000e+00,0.0000000000e+00
0.0000000000e+00,1.0000000000e+00,0.0000000000e+00
0.0000000000e+00,1.0000000000e+00,0.0000000000e+00
0.0000000000e+00,1.0000000000e+00,0.0000000000e+00
0.0000000000e+00,1.0000000000e+00,0.0000000000e+00
0.0000000000e+00,1.0000000000e+00,0.0000000000e+00
0.0000000000e+00,1.0000000000e+00,0.0000000000e+00
0.0000000000e+00,1.0000000000e+00,0.0000000000e+00
0.0000000000e+00,1.0000000000e+00,0.0000000000e+00
0.0000000000e+00,1.0000000000e+00,0.0000000000e+00
0.0000000000e+00,1.0000000000e+00,0.0000000000e+00
0.0000000000e+00,1.0000000000e+00,0.0000000000e+00
0.0000000000e+00,1.0000000000e+00,0.0000000000e+00
0.0000000000e+00,1.0000000000e+00,0.0000000000e+00
0.0000000000e+00,1.0000000000e+00,0.0000000000e+00
0.0000000000e+00,1.0000000000e+00,0.0000000000e+00
0.0000000000e+00,1.0000000000e+00,0.0000000000e+00
0.0000000000e+00,1.0000000000e+00,0.0000000000e+00
0.0000000000e+00,1.0000000000e+00,0.0000000000e+00
0.0000000000e+00,1.0000000000e+00,0.0000000000e+00
0.0000000000e+00,1.0000000000e+00,0.0000000000e+00
0.0000000000e+00,1.0000000000e+00,0.0000000000e+00
0.0000000000e+00,1.0000000000e+00,0.0000000000e+00
0.0000000000e+00,1.0000000000e+00,0.0000000000e+00
0.0000000000e+00,1.0000000000e+00,0.0000000000e+00
0.0000000000e+00,1.0000000000e+00,0.0000000000e+00
0.0000000000e+00,1.0000000000e+00,0.0000000000e+00
0.0000000000e+00,1.0000000000e+00,0.0000000000e+00
0.0000000000e+00,1.0000000000e+00,0.0000000000e+00
0.0000000000e+00,1.0000000000e+00,0.0000000000e+00
0.0000000000e+00,1.0000000000e+00,0.0000000000e+00
0.0000000000e+00,1.0000000000e+00,0.0000000000e+00
0.0000000000e+00,1.0000000000e+00,0.0000000000e+00
0.0000000000e+00,1.0000000000e+00,0.0000000000e+00
0.0000000000e+00,1.0000000000e+00,0.0000000000e+00
0.0000000000e+00,1.0000000000e+00,0.0000000000e+00
0.0000000000e+00,1.0000000000e+00,0.0000000000e+00
0.0000000000e+00,1.0000000000e+00,0.0000000000e+00
0.0000000000e+00,1.0000000000e+00,0.0000000000e+00
0.0000000000e+00,1.0000000000e+00,0.0000000000e+00
0.0000000000e+00,1.0000000000e+00,0.0000000000e+00
0.0000000000e+00,1.0000000000e+00,0.0000000000e+00
0.0000000000e+00,1.0000000000e+00,0.0000000000e+00
0.0000000000e+00,1.0000000000e+00,0.0000000000e+00
0.0000000000e+00,1.0000000000e+00,0.0000000000e+00
0.0000000000e+00,1.0000000000e+00,0.0000000000e+00
0.0000000000e+00,1.0000000000e+00,0.0000000000e+00
0.0000000000e+00,1.0000000000e+00,0.0000000000e+00
0.0000000000e+00,1.0000000000e+00,0.0000000000e+00
0.0000000000e+00,1.0000000000e+00,0.0000000000e+00
0.0000000000e+00,1.0000000000e+00,0.0000000000e+00
0.0000000000e+00,1.0000000000e+00,0.0000000000e+00
0.0000000000e+00,1.0000000000e+00,0.0000000000e+00
0.0000000000e+00,1.0000000000e+00,0.0000000000e+00
0.0000000000e+00,1.0000000000e+00,0.0000000000e+00
0.0000000000e+00,1.0000000000e+00,0.0000000000e+00
0.0000000000e+00,1.0000000000e+00,0.0000000000e+00
0.0000000000e+00,1.0000000000e+00,0.0000000000e+00
0.0000000000e+00,1.0000000000e+00,0.0000000000e+00
0.0000000000e+00,1.0000000000e+00,0.0000000000e+00
0.0000000000e+00,1.0000000000e+00,0.0000000000e+00
0.0000000000e+00,1.0000000000e+00,0.0000000000e+00
0.0000000000e+00,1.0000000000e+00,0.0000000000e+00
0.0000000000e+00,1.0000000000e+00,0.0000000000e+00
0.0000000000e+00,1.0000000000e+00,0.0000000000e+00
0.0000000000e+00,1.0000000000e+00,0.0000000000e+00
0.0000000000e+00,1.0000000000e+00,0.0000000000e+00
0.0000000000e+00,1.0000000000e+00,0.0000000000e+00
0.0000000000e+00,1.0000000000e+00,0.0000000000e+00
0.0000000000e+00,1.0000000000e+00,0.0000000000e+00
0.0000000000e+00,1.0000000000e+00,0.0000000000e+00
0.0000000000e+00,1.0000000000e+00,0.0000000000e+00
0.0000000000e+00,1.0000000000e+00,0.0000000000e+00
0.0000000000e+00,1.0000000000e+00,0.0000000000e+00
0.0000000000e+00,1.0000000000e+00,0.0000000000e+00
0.0000000000e+00,1.0000000000e+00,0.0000000000e+00
0.0000000000e+00,1.0000000000e+00,0.0000000000e+00
0.0000000000e+00,1.0000000000e+00,0.0000000000e+00
0.0000000000e+00,1.0000000000e+00,0.0000000000e+00
0.0000000000e+00,1.0000000000e+00,0.0000000000e+00
0.0000000000e+00,1.0000000000e+00,0.0000000000e+00
0.0000000000e+00,1.0000000000e+00,0.0000000000e+00
0.0000000000e+00,1.0000000000e+00,0.0000000000e+00
0.0000000000e+00,1.0000000000e+00,0.0000000000e+00
0.0000000000e+00,1.0000000000e+00,0.0000000000e+00
0.0000000000e+00,1.0000000000e+00,0.0000000000e+00
0.0000000000e+00,1.0000000000e+00,0.0000000000e+00
0.0000000000e+00,1.0000000000e+00,0.0000000000e+00
0.0000000000e+00,1.0000000000e+00,0.0000000000e+00
0.0000000000e+00,1.0000000000e+00,0.0000000000e+00
0.0000000000e+00,1.0000000000e+00,0.0000000000e+00
0.0000000000e+00,1.0000000000e+00,0.0000000000e+00
0.0000000000e+00,1.0000000000e+00,0.0000000000e+00
0.0000000000e+00,1.0000000000e+00,0.0000000000e+00
0.0000000000e+00,1.0000000000e+00,0.0000000000e+00
0.0000000000e+00,1.0000000000e+00,0.0000000000e+00
0.0000000000e+00,1.0000000000e+00,0.0000000000e+00
0.0000000000e+00,1.0000000000e+00,0.0000000000e+00
0.0000000000e+00,1.0000000000e+00,0.0000000000e+00
0.0000000000e+00,1.0000000000e+00,0.0000000000e+00
0.0000000000e+00,1.0000000000e+00,0.0000000000e+00
0.0000000000e+00,1.0000000000e+00,0.0000000000e+00
0.0000000000e+00,1.0000000000e+00,0.0000000000e+00
0.0000000000e+00,1.0000000000e+00,0.0000000000e+00
0.0000000000e+00,1.0000000000e+00,0.0000000000e+00
0.0000000000e+00,1.0000000000e+00,0.0000000000e+00
0.0000000000e+00,1.0000000000e+00,0.0000000000e+00
0.0000000000e+00,1.0000000000e+00,0.0000000000e+00
0.0000000000e+00,1.0000000000e+00,0.0000000000e+00
0.0000000000e+00,1.0000000000e+00,0.0000000000e+00
0.0000000000e+00,1.0000000000e+00,0.0000000000e+00
0.0000000000e+00,1.0000000000e+00,0.0000000000e+00
0.0000000000e+00,1.0000000000e+00,0.0000000000e+00
0.0000000000e+00,1.0000000000e+00,0.0000000000e+00
0.0000000000e+00,1.0000000000e+00,0.0000000000e+00
0.0000000000e+00,1.0000000000e+00,0.0000000000e+00
0.0000000000e+00,1.0000000000e+00,0.0000000000e+00
0.0000000000e+00,1.0000000000e+00,0.0000000000e+00
0.0000000000e+00,1.0000000000e+00,0.0000000000e+00
0.0000000000e+00,1.0000000000e+00,0.0000000000e+00
0.0000000000e+00,1.0000000000e+00,0.0000000000e+00
0.0000000000e+00,1.0000000000e+00,0.0000000000e+00
0.0000000000e+00,1.0000000000e+00,0.0000000000e+00
0.0000000000e+00,1.0000000000e+00,0.0000000000e+00
0.0000000000e+00,1.0000000000e+00,0.0000000000e+00
0.0000000000e+00,1.0000000000e+00,0.0000000000e+00
0.0000000000e+00,1.0000000000e+00,0.0000000000e+00
0.0000000000e+00,1.0000000000e+00,0.0000000000e+00
0.0000000000e+00,1.0000000000e+00,0.0000000000e+00
0.0000000000e+00,1.0000000000e+00,0.0000000000e+00
0.0000000000e+00,1.0000000000e+00,0.0000000000e+00
0.0000000000e+00,1.0000000000e+00,0.0000000000e+00
0.0000000000e+00,1.0000000000e+00,0.0000000000e+00
0.0000000000e+00,1.0000000000e+00,0.0000000000e+00
0.0000000000e+00,1.0000000000e+00,0.0000000000e+00
0.0000000000e+00,1.0000000000e+00,0.0000000000e+00
0.0000000000e+00,1.0000000000e+00,0.0000000000e+00
0.0000000000e+00,1.0000000000e+00,0.0000000000e+00
0.0000000000e+00,1.0000000000e+00,0.0000000000e+00
0.0000000000e+00,1.0000000000e+00,0.0000000000e+00
0.0000000000e+00,1.0000000000e+00,0.0000000000e+00
0.0000000000e+00,1.0000000000e+00,0.0000000000e+00
0.0000000000e+00,1.0000000000e+00,0.0000000000e+00
0.0000000000e+00,1.0000000000e+00,0.0000000000e+00
0.0000000000e+00,1.0000000000e+00,0.0000000000e+00
0.0000000000e+00,1.0000000000e+00,0.0000000000e+00
0.0000000000e+00,1.0000000000e+00,0.0000000000e+00
0.0000000000e+00,1.0000000000e+00,0.0000000000e+00
0.0000000000e+00,1.0000000000e+00,0.0000000000e+00
0.0000000000e+00,1.0000000000e+00,0.0000000000e+00
0.0000000000e+00,1.0000000000e+00,0.0000000000e+00
0.0000000000e+00,1.0000000000e+00,0.0000000000e+00
0.0000000000e+00,1.0000000000e+00,0.0000000000e+00
0.0000000000e+00,1.0000000000e+00,0.0000000000e+00
0.0000000000e+00,1.0000000000e+00,0.0000000000e+00
0.0000000000e+00,1.0000000000e+00,0.0000000000e+00
0.0000000000e+00,1.0000000000e+00,0.0000000000e+00
0.0000000000e+00,1.0000000000e+00,0.0000000000e+00
0.0000000000e+00,1.0000000000e+00,0.0000000000e+00
0.0000000000e+00,1.0000000000e+00,0.0000000000e+00
0.0000000000e+00,1.0000000000e+00,0.0000000000e+00
0.0000000000e+00,1.0000000000e+00,0.0000000000e+00
0.0000000000e+00,1.0000000000e+00,0.0000000000e+00
0.0000000000e+00,1.0000000000e+00,0.0000000000e+00
0.0000000000e+00,1.0000000000e+00,0.0000000000e+00
0.0000000000e+00,1.0000000000e+00,0.0000000000e+00
0.0000000000e+00,1.0000000000e+00,0.0000000000e+00
0.0000000000e+00,1.0000000000e+00,0.0000000000e+00
0.0000000000e+00,1.0000000000e+00,0.0000000000e+00
0.0000000000e+00,1.0000000000e+00,0.0000000000e+00
0.0000000000e+00,1.0000000000e+00,0.0000000000e+00
0.0000000000e+00,1.0000000000e+00,0.0000000000e+00
0.0000000000e+00,1.0000000000e+00,0.0000000000e+00
0.0000000000e+00,1.0000000000e+00,0.0000000000e+00
0.0000000000e+00,1.0000000000e+00,0.0000000000e+00
0.0000000000e+00,1.0000000000e+00,0.0000000000e+00
0.0000000000e+00,1.0000000000e+00,0.0000000000e+00
0.0000000000e+00,1.0000000000e+00,0.0000000000e+00
0.0000000000e+00,1.0000000000e+00,0.0000000000e+00
0.0000000000e+00,1.0000000000e+00,0.0000000000e+00
0.0000000000e+00,1.0000000000e+00,0.0000000000e+00
0.0000000000e+00,1.0000000000e+00,0.0000000000e+00
0.0000000000e+00,1.0000000000e+00,0.0000000000e+00
0.0000000000e+00,1.0000000000e+00,0.0000000000e+00
0.0000000000e+00,1.0000000000e+00,0.0000000000e+00
0.0000000000e+00,1.0000000000e+00,0.0000000000e+00
0.0000000000e+00,1.0000000000e+00,0.0000000000e+00
0.0000000000e+00,1.0000000000e+00,0.0000000000e+00
0.0000000000e+00,1.0000000000e+00,0.0000000000e+00
0.0000000000e+00,1.0000000000e+00,0.0000000000e+00
0.0000000000e+00,1.0000000000e+00,0.0000000000e+00
0.0000000000e+00,1.0000000000e+00,0.0000000000e+00
0.0000000000e+00,1.0000000000e+00,0.0000000000e+00
0.0000000000e+00,1.0000000000e+00,0.0000000000e+00
0.0000000000e+00,1.0000000000e+00,0.0000000000e+00
0.0000000000e+00,1.0000000000e+00,0.0000000000e+00
0.0000000000e+00,1.0000000000e+00,0.0000000000e+00
0.0000000000e+00,1.0000000000e+00,0.0000000000e+00
0.0000000000e+00,1.0000000000e+00,0.0000000000e+00
0.0000000000e+00,1.0000000000e+00,0.0000000000e+00
0.0000000000e+00,1.0000000000e+00,0.0000000000e+00
0.0000000000e+00,1.0000000000e+00,0.0000000000e+00
0.0000000000e+00,1.0000000000e+00,0.0000000000e+00
0.0000000000e+00,1.0000000000e+00,0.0000000000e+00
0.0000000000e+00,1.0000000000e+00,0.0000000000e+00
0.0000000000e+00,1.0000000000e+00,0.0000000000e+00
0.0000000000e+00,1.0000000000e+00,0.0000000000e+00
0.0000000000e+00,1.0000000000e+00,0.0000000000e+00
0.0000000000e+00,1.0000000000e+00,0.0000000000e+00
0.0000000000e+00,1.0000000000e+00,0.0000000000e+00
0.0000000000e+00,1.0000000000e+00,0.0000000000e+00
0.0000000000e+00,1.0000000000e+00,0.0000000000e+00
0.0000000000e+00,1.0000000000e+00,0.0000000000e+00
0.0000000000e+00,1.0000000000e+00,0.0000000000e+00
0.0000000000e+00,1.0000000000e+00,0.0000000000e+00
0.0000000000e+00,1.0000000000e+00,0.0000000000e+00
0.0000000000e+00,1.0000000000e+00,0.0000000000e+00
0.0000000000e+00,1.0000000000e+00,0.0000000000e+00
0.0000000000e+00,1.0000000000e+00,0.0000000000e+00
0.0000000000e+00,1.0000000000e+00,0.0000000000e+00
0.0000000000e+00,1.0000000000e+00,0.0000000000e+00
0.0000000000e+00,1.0000000000e+00,0.0000000000e+00
0.0000000000e+00,1.0000000000e+00,0.0000000000e+00
0.0000000000e+00,1.0000000000e+00,0.0000000000e+00
0.0000000000e+00,1.0000000000e+00,0.0000000000e+00
0.0000000000e+00,1.0000000000e+00,0.0000000000e+00
0.0000000000e+00,1.0000000000e+00,0.0000000000e+00
0.0000000000e+00,1.0000000000e+00,0.0000000000e+00
0.0000000000e+00,1.0000000000e+00,0.0000000000e+00
0.0000000000e+00,1.0000000000e+00,0.0000000000e+00
0.0000000000e+00,1.0000000000e+00,0.0000000000e+00
0.0000000000e+00,1.0000000000e+00,0.0000000000e+00
0.0000000000e+00,1.0000000000e+00,0.0000000000e+00
0.0000000000e+00,1.0000000000e+00,0.0000000000e+00
0.0000000000e+00,1.0000000000e+00,0.0000000000e+00
0.0000000000e+00,1.0000000000e+00,0.0000000000e+00
0.0000000000e+00,1.0000000000e+00,0.0000000000e+00
0.0000000000e+00,1.0000000000e+00,0.0000000000e+00
0.0000000000e+00,1.0000000000e+00,0.0000000000e+00
0.0000000000e+00,1.0000000000e+00,0.0000000000e+00
0.0000000000e+00,1.0000000000e+00,0.0000000000e+00
0.0000000000e+00,1.0000000000e+00,0.0000000000e+00
0.0000000000e+00,1.0000000000e+00,0.0000000000e+00
0.0000000000e+00,1.0000000000e+00,0.0000000000e+00
0.0000000000e+00,1.0000000000e+00,0.0000000000e+00
0.0000000000e+00,1.0000000000e+00,0.0000000000e+00
0.0000000000e+00,1.0000000000e+00,0.0000000000e+00
0.0000000000e+00,1.0000000000e+00,0.0000000000e+00
0.0000000000e+00,1.0000000000e+00,0.0000000000e+00
0.0000000000e+00,1.0000000000e+00,0.0000000000e+00
0.0000000000e+00,1.0000000000e+00,0.0000000000e+00
0.0000000000e+00,1.0000000000e+00,0.0000000000e+00
0.0000000000e+00,1.0000000000e+00,0.0000000000e+00
0.0000000000e+00,1.0000000000e+00,0.0000000000e+00
0.0000000000e+00,1.0000000000e+00,0.0000000000e+00
0.0000000000e+00,1.0000000000e+00,0.0000000000e+00
0.0000000000e+00,1.0000000000e+00,0.0000000000e+00
0.0000000000e+00,1.0000000000e+00,0.0000000000e+00
0.0000000000e+00,1.0000000000e+00,0.0000000000e+00
0.0000000000e+00,1.0000000000e+00,0.0000000000e+00
0.0000000000e+00,1.0000000000e+00,0.0000000000e+00
0.0000000000e+00,1.0000000000e+00,0.0000000000e+00
0.0000000000e+00,1.0000000000e+00,0.0000000000e+00
0.0000000000e+00,1.0000000000e+00,0.0000000000e+00
0.0000000000e+00,1.0000000000e+00,0.0000000000e+00
0.0000000000e+00,1.0000000000e+00,0.0000000000e+00
0.0000000000e+00,1.0000000000e+00,0.0000000000e+00
0.0000000000e+00,1.0000000000e+00,0.0000000000e+00
0.0000000000e+00,1.0000000000e+00,0.0000000000e+00
0.0000000000e+00,1.0000000000e+00,0.0000000000e+00
0.0000000000e+00,1.0000000000e+00,0.0000000000e+00
0.0000000000e+00,1.0000000000e+00,0.0000000000e+00
0.0000000000e+00,1.0000000000e+00,0.0000000000e+00
0.0000000000e+00,1.0000000000e+00,0.0000000000e+00
0.0000000000e+00,1.0000000000e+00,0.0000000000e+00
0.0000000000e+00,1.0000000000e+00,0.0000000000e+00
0.0000000000e+00,1.0000000000e+00,0.0000000000e+00
0.0000000000e+00,1.0000000000e+00,0.0000000000e+00
0.0000000000e+00,1.0000000000e+00,0.0000000000e+00
0.0000000000e+00,1.0000000000e+00,0.0000000000e+00
0.0000000000e+00,1.0000000000e+00,0.0000000000e+00
0.0000000000e+00,1.0000000000e+00,0.0000000000e+00
0.0000000000e+00,1.0000000000e+00,0.0000000000e+00
0.0000000000e+00,1.0000000000e+00,0.0000000000e+00
0.0000000000e+00,1.0000000000e+00,0.0000000000e+00
0.0000000000e+00,1.0000000000e+00,0.0000000000e+00
0.0000000000e+00,1.0000000000e+00,0.0000000000e+00
0.0000000000e+00,1.0000000000e+00,0.0000000000e+00
0.0000000000e+00,1.0000000000e+00,0.0000000000e+00
0.0000000000e+00,1.0000000000e+00,0.0000000000e+00
0.0000000000e+00,1.0000000000e+00,0.0000000000e+00
0.0000000000e+00,1.0000000000e+00,0.0000000000e+00
0.0000000000e+00,1.0000000000e+00,0.0000000000e+00
0.0000000000e+00,1.0000000000e+00,0.0000000000e+00
0.0000000000e+00,1.0000000000e+00,0.0000000000e+00
0.0000000000e+00,1.0000000000e+00,0.0000000000e+00
0.0000000000e+00,1.0000000000e+00,0.0000000000e+00
0.0000000000e+00,1.0000000000e+00,0.0000000000e+00
0.0000000000e+00,1.0000000000e+00,0.0000000000e+00
0.0000000000e+00,1.0000000000e+00,0.0000000000e+00
0.0000000000e+00,1.0000000000e+00,0.0000000000e+00
0.0000000000e+00,1.0000000000e+00,0.0000000000e+00
0.0000000000e+00,1.0000000000e+00,0.0000000000e+00
0.0000000000e+00,1.0000000000e+00,0.0000000000e+00
0.0000000000e+00,1.0000000000e+00,0.0000000000e+00
0.0000000000e+00,1.0000000000e+00,0.0000000000e+00
0.0000000000e+00,1.0000000000e+00,0.0000000000e+00
0.0000000000e+00,1.0000000000e+00,0.0000000000e+00
0.0000000000e+00,1.0000000000e+00,0.0000000000e+00
0.0000000000e+00,1.0000000000e+00,0.0000000000e+00
0.0000000000e+00,1.0000000000e+00,0.0000000000e+00
0.0000000000e+00,1.0000000000e+00,0.0000000000e+00
0.0000000000e+00,1.0000000000e+00,0.0000000000e+00
0.0000000000e+00,1.0000000000e+00,0.0000000000e+00
0.0000000000e+00,1.0000000000e+00,0.0000000000e+00
0.0000000000e+00,1.0000000000e+00,0.0000000000e+00
0.0000000000e+00,1.0000000000e+00,0.0000000000e+00
0.0000000000e+00,1.0000000000e+00,0.0000000000e+00
0.0000000000e+00,1.0000000000e+00,0.0000000000e+00
0.0000000000e+00,1.0000000000e+00,0.0000000000e+00
0.0000000000e+00,1.0000000000e+00,0.0000000000e+00
0.0000000000e+00,1.0000000000e+00,0.0000000000e+00
0.0000000000e+00,1.0000000000e+00,0.0000000000e+00
0.0000000000e+00,1.0000000000e+00,0.0000000000e+00
0.0000000000e+00,1.0000000000e+00,0.0000000000e+00
0.0000000000e+00,1.0000000000e+00,0.0000000000e+00
0.0000000000e+00,1.0000000000e+00,0.0000000000e+00
0.0000000000e+00,1.0000000000e+00,0.0000000000e+00
0.0000000000e+00,1.0000000000e+00,0.0000000000e+00
0.0000000000e+00,1.0000000000e+00,0.0000000000e+00
0.0000000000e+00,1.0000000000e+00,0.0000000000e+00
0.0000000000e+00,1.0000000000e+00,0.0000000000e+00
0.0000000000e+00,1.0000000000e+00,0.0000000000e+00
0.0000000000e+00,1.0000000000e+00,0.0000000000e+00
0.0000000000e+00,1.0000000000e+00,0.0000000000e+00
0.0000000000e+00,1.0000000000e+00,0.0000000000e+00
0.0000000000e+00,1.0000000000e+00,0.0000000000e+00
0.0000000000e+00,1.0000000000e+00,0.0000000000e+00
0.0000000000e+00,1.0000000000e+00,0.0000000000e+00
0.0000000000e+00,1.0000000000e+00,0.0000000000e+00
0.0000000000e+00,1.0000000000e+00,0.0000000000e+00
0.0000000000e+00,1.0000000000e+00,0.0000000000e+00
0.0000000000e+00,1.0000000000e+00,0.0000000000e+00
0.0000000000e+00,1.0000000000e+00,0.0000000000e+00
0.0000000000e+00,1.0000000000e+00,0.0000000000e+00
0.0000000000e+00,1.0000000000e+00,0.0000000000e+00
0.0000000000e+00,1.0000000000e+00,0.0000000000e+00
0.0000000000e+00,1.0000000000e+00,0.0000000000e+00
0.0000000000e+00,1.0000000000e+00,0.0000000000e+00
0.0000000000e+00,1.0000000000e+00,0.0000000000e+00
0.0000000000e+00,1.0000000000e+00,0.0000000000e+00
0.0000000000e+00,1.0000000000e+00,0.0000000000e+00
0.0000000000e+00,1.0000000000e+00,0.0000000000e+00
0.0000000000e+00,1.0000000000e+00,0.0000000000e+00
0.0000000000e+00,1.0000000000e+00,0.0000000000e+00
0.0000000000e+00,1.0000000000e+00,0.0000000000e+00
0.0000000000e+00,1.0000000000e+00,0.0000000000e+00
0.0000000000e+00,1.0000000000e+00,0.0000000000e+00
0.0000000000e+00,1.0000000000e+00,0.0000000000e+00
0.0000000000e+00,1.0000000000e+00,0.0000000000e+00
0.0000000000e+00,1.0000000000e+00,0.0000000000e+00
0.0000000000e+00,1.0000000000e+00,0.0000000000e+00
0.0000000000e+00,1.0000000000e+00,0.0000000000e+00
0.0000000000e+00,1.0000000000e+00,0.0000000000e+00
0.0000000000e+00,1.0000000000e+00,0.0000000000e+00
0.0000000000e+00,1.0000000000e+00,0.0000000000e+00
0.0000000000e+00,1.0000000000e+00,0.0000000000e+00
0.0000000000e+00,1.0000000000e+00,0.0000000000e+00
0.0000000000e+00,1.0000000000e+00,0.0000000000e+00
0.0000000000e+00,1.0000000000e+00,0.0000000000e+00
0.0000000000e+00,1.0000000000e+00,0.0000000000e+00
0.0000000000e+00,1.0000000000e+00,0.0000000000e+00
0.0000000000e+00,1.0000000000e+00,0.0000000000e+00
0.0000000000e+00,1.0000000000e+00,0.0000000000e+00
0.0000000000e+00,1.0000000000e+00,0.0000000000e+00
0.0000000000e+00,1.0000000000e+00,0.0000000000e+00
0.0000000000e+00,1.0000000000e+00,0.0000000000e+00
0.0000000000e+00,1.0000000000e+00,0.0000000000e+00
0.0000000000e+00,1.0000000000e+00,0.0000000000e+00
0.0000000000e+00,1.0000000000e+00,0.0000000000e+00
0.0000000000e+00,1.0000000000e+00,0.0000000000e+00
0.0000000000e+00,1.0000000000e+00,0.0000000000e+00
0.0000000000e+00,1.0000000000e+00,0.0000000000e+00
0.0000000000e+00,1.0000000000e+00,0.0000000000e+00
0.0000000000e+00,1.0000000000e+00,0.0000000000e+00
0.0000000000e+00,1.0000000000e+00,0.0000000000e+00
0.0000000000e+00,1.0000000000e+00,0.0000000000e+00
0.0000000000e+00,1.0000000000e+00,0.0000000000e+00
0.0000000000e+00,1.0000000000e+00,0.0000000000e+00
0.0000000000e+00,1.0000000000e+00,0.0000000000e+00
0.0000000000e+00,1.0000000000e+00,0.0000000000e+00
0.0000000000e+00,1.0000000000e+00,0.0000000000e+00
0.0000000000e+00,1.0000000000e+00,0.0000000000e+00
0.0000000000e+00,1.0000000000e+00,0.0000000000e+00
0.0000000000e+00,1.0000000000e+00,0.0000000000e+00
0.0000000000e+00,1.0000000000e+00,0.0000000000e+00
0.0000000000e+00,1.0000000000e+00,0.0000000000e+00
0.0000000000e+00,1.0000000000e+00,0.0000000000e+00
0.0000000000e+00,1.0000000000e+00,0.0000000000e+00
0.0000000000e+00,1.0000000000e+00,0.0000000000e+00
0.0000000000e+00,1.0000000000e+00,0.0000000000e+00
0.0000000000e+00,1.0000000000e+00,0.0000000000e+00
0.0000000000e+00,1.0000000000e+00,0.0000000000e+00
0.0000000000e+00,1.0000000000e+00,0.0000000000e+00
0.0000000000e+00,1.0000000000e+00,0.0000000000e+00
0.0000000000e+00,1.0000000000e+00,0.0000000000e+00
0.0000000000e+00,1.0000000000e+00,0.0000000000e+00
0.0000000000e+00,1.0000000000e+00,0.0000000000e+00
0.0000000000e+00,1.0000000000e+00,0.0000000000e+00
0.0000000000e+00,1.0000000000e+00,0.0000000000e+00
0.0000000000e+00,1.0000000000e+00,0.0000000000e+00
0.0000000000e+00,1.0000000000e+00,0.0000000000e+00
0.0000000000e+00,1.0000000000e+00,0.0000000000e+00
0.0000000000e+00,1.0000000000e+00,0.0000000000e+00
0.0000000000e+00,1.0000000000e+00,0.0000000000e+00
0.0000000000e+00,1.0000000000e+00,0.0000000000e+00
0.0000000000e+00,1.0000000000e+00,0.0000000000e+00
0.0000000000e+00,1.0000000000e+00,0.0000000000e+00
0.0000000000e+00,1.0000000000e+00,0.0000000000e+00
0.0000000000e+00,1.0000000000e+00,0.0000000000e+00
0.0000000000e+00,1.0000000000e+00,0.0000000000e+00
0.0000000000e+00,1.0000000000e+00,0.0000000000e+00
0.0000000000e+00,1.0000000000e+00,0.0000000000e+00
0.0000000000e+00,1.0000000000e+00,0.0000000000e+00
0.0000000000e+00,1.0000000000e+00,0.0000000000e+00
0.0000000000e+00,1.0000000000e+00,0.0000000000e+00
0.0000000000e+00,1.0000000000e+00,0.0000000000e+00
0.0000000000e+00,1.0000000000e+00,0.0000000000e+00
0.0000000000e+00,1.0000000000e+00,0.0000000000e+00
0.0000000000e+00,1.0000000000e+00,0.0000000000e+00
0.0000000000e+00,1.0000000000e+00,0.0000000000e+00
0.0000000000e+00,1.0000000000e+00,0.0000000000e+00
0.0000000000e+00,1.0000000000e+00,0.0000000000e+00
0.0000000000e+00,1.0000000000e+00,0.0000000000e+00
0.0000000000e+00,1.0000000000e+00,0.0000000000e+00
0.0000000000e+00,1.0000000000e+00,0.0000000000e+00
0.0000000000e+00,1.0000000000e+00,0.0000000000e+00
0.0000000000e+00,1.0000000000e+00,0.0000000000e+00
0.0000000000e+00,1.0000000000e+00,0.0000000000e+00
0.0000000000e+00,1.0000000000e+00,0.0000000000e+00
0.0000000000e+00,1.0000000000e+00,0.0000000000e+00
0.0000000000e+00,1.0000000000e+00,0.0000000000e+00
0.0000000000e+00,1.0000000000e+00,0.0000000000e+00
0.0000000000e+00,1.0000000000e+00,0.0000000000e+00
0.0000000000e+00,1.0000000000e+00,0.0000000000e+00
0.0000000000e+00,1.0000000000e+00,0.0000000000e+00
0.0000000000e+00,1.0000000000e+00,0.0000000000e+00
0.0000000000e+00,1.0000000000e+00,0.0000000000e+00
0.0000000000e+00,1.0000000000e+00,0.0000000000e+00
0.0000000000e+00,1.0000000000e+00,0.0000000000e+00
0.0000000000e+00,1.0000000000e+00,0.0000000000e+00
0.0000000000e+00,1.0000000000e+00,0.0000000000e+00
0.0000000000e+00,1.0000000000e+00,0.0000000000e+00
0.0000000000e+00,1.0000000000e+00,0.0000000000e+00
0.0000000000e+00,1.0000000000e+00,0.0000000000e+00
0.0000000000e+00,1.0000000000e+00,0.0000000000e+00
0.0000000000e+00,1.0000000000e+00,0.0000000000e+00
0.0000000000e+00,1.0000000000e+00,0.0000000000e+00
0.0000000000e+00,1.0000000000e+00,0.0000000000e+00
0.0000000000e+00,1.0000000000e+00,0.0000000000e+00
0.0000000000e+00,1.0000000000e+00,0.0000000000e+00
0.0000000000e+00,1.0000000000e+00,0.0000000000e+00
0.0000000000e+00,1.0000000000e+00,0.0000000000e+00
0.0000000000e+00,1.0000000000e+00,0.0000000000e+00
0.0000000000e+00,1.0000000000e+00,0.0000000000e+00
0.0000000000e+00,1.0000000000e+00,0.0000000000e+00
0.0000000000e+00,1.0000000000e+00,0.0000000000e+00
0.0000000000e+00,1.0000000000e+00,0.0000000000e+00
0.0000000000e+00,1.0000000000e+00,0.0000000000e+00
0.0000000000e+00,1.0000000000e+00,0.0000000000e+00
0.0000000000e+00,1.0000000000e+00,0.0000000000e+00
0.0000000000e+00,1.0000000000e+00,0.0000000000e+00
0.0000000000e+00,1.0000000000e+00,0.0000000000e+00
0.0000000000e+00,1.0000000000e+00,0.0000000000e+00
0.0000000000e+00,1.0000000000e+00,0.0000000000e+00
0.0000000000e+00,1.0000000000e+00,0.0000000000e+00
0.0000000000e+00,1.0000000000e+00,0.0000000000e+00
0.0000000000e+00,1.0000000000e+00,0.0000000000e+00
0.0000000000e+00,1.0000000000e+00,0.0000000000e+00
0.0000000000e+00,1.0000000000e+00,0.0000000000e+00
0.0000000000e+00,1.0000000000e+00,0.0000000000e+00
0.0000000000e+00,1.0000000000e+00,0.0000000000e+00
0.0000000000e+00,1.0000000000e+00,0.0000000000e+00
0.0000000000e+00,1.0000000000e+00,0.0000000000e+00
0.0000000000e+00,1.0000000000e+00,0.0000000000e+00
0.0000000000e+00,1.0000000000e+00,0.0000000000e+00
0.0000000000e+00,1.0000000000e+00,0.0000000000e+00
0.0000000000e+00,1.0000000000e+00,0.0000000000e+00
0.0000000000e+00,1.0000000000e+00,0.0000000000e+00
0.0000000000e+00,1.0000000000e+00,0.0000000000e+00
0.0000000000e+00,1.0000000000e+00,0.0000000000e+00
0.0000000000e+00,1.0000000000e+00,0.0000000000e+00
0.0000000000e+00,1.0000000000e+00,0.0000000000e+00
0.0000000000e+00,1.0000000000e+00,0.0000000000e+00
0.0000000000e+00,1.0000000000e+00,0.0000000000e+00
0.0000000000e+00,1.0000000000e+00,0.0000000000e+00
0.0000000000e+00,1.0000000000e+00,0.0000000000e+00
0.0000000000e+00,1.0000000000e+00,0.0000000000e+00
