0.0000000000e+00,9.0000000000e-01,0.0000000000e+00
0.0000000000e+00,8.0000000000e-01,0.0000000000e+00
0.0000000000e+00,7.0000000000e-01,0.0000000000e+00
0.0000000000e+00,6.0000000000e-01,0.0000000000e+00
0.0000000000e+00,6.0000000000e-01,0.0000000000e+00
0.0000000000e+00,6.0000000000e-01,0.0000000000e+00
0.0000000000e+00,6.0000000000e-01,0.0000000000e+00
0.0000000000e+00,6.0000000000e-01,0.0000000000e+00
0.0000000000e+00,6.0000000000e-01,0.0000000000e+00
0.0000000000e+00,6.0000000000e-01,0.0000000000e+00
0.0000000000e+00,6.0000000000e-01,0.0000000000e+00
0.0000000000e+00,6.0000000000e-01,0.0000000000e+00
0.0000000000e+00,6.0000000000e-01,0.0000000000e+00
0.0000000000e+00,6.0000000000e-01,0.0000000000e+00
0.0000000000e+00,6.0000000000e-01,0.0000000000e+00
0.0000000000e+00,6.0000000000e-01,0.0000000000e+00
0.0000000000e+00,6.0000000000e-01,0.0000000000e+00
0.0000000000e+00,6.0000000000e-01,0.0000000000e+00
0.0000000000e+00,6.0000000000e-01,0.0000000000e+00
0.0000000000e+00,6.0000000000e-01,0.0000000000e+00
0.0000000000e+00,6.0000000000e-01,0.0000000000e+00
0.0000000000e+00,6.0000000000e-01,0.0000000000e+00
0.0000000000e+00,6.0000000000e-01,0.0000000000e+00
0.0000000000e+00,6.0000000000e-01,0.0000000000e+00
0.0000000000e+00,6.0000000000e-01,0.0000000000e+00
0.0000000000e+00,6.0000000000e-01,0.0000000000e+00
0.0000000000e+00,6.0000000000e-01,0.0000000000e+00
0.0000000000e+00,6.0000000000e-01,0.0000000000e+00
0.0000000000e+00,6.0000000000e-01,0.0000000000e+00
0.0000000000e+00,6.0000000000e-01,0.0000000000e+00
0.0000000000e+00,6.0000000000e-01,0.0000000000e+00
0.0000000000e+00,6.0000000000e-01,0.0000000000e+00
0.0000000000e+00,6.0000000000e-01,0.0000000000e+00
0.0000000000e+00,6.0000000000e-01,0.0000000000e+00
0.0000000000e+00,6.0000000000e-01,0.0000000000e+00
0.0000000000e+00,6.0000000000e-01,0.0000000000e+00
0.0000000000e+00,6.0000000000e-01,0.0000000000e+00
0.0000000000e+00,6.0000000000e-01,0.0000000000e+00
0.0000000000e+00,6.0000000000e-01,0.0000000000e+00
0.0000000000e+00,6.0000000000e-01,0.0000000000e+00
0.0000000000e+00,6.0000000000e-01,0.0000000000e+00
0.0000000000e+00,6.0000000000e-01,0.0000000000e+00
0.0000000000e+00,6.0000000000e-01,0.0000000000e+00
0.0000000000e+00,6.0000000000e-01,0.0000000000e+00
0.0000000000e+00,6.0000000000e-01,0.0000000000e+00
0.0000000000e+00,6.0000000000e-01,0.0000000000e+00
0.0000000000e+00,6.0000000000e-01,0.0000000000e+00
0.0000000000e+00,6.0000000000e-01,0.0000000000e+00
0.0000000000e+00,6.0000000000e-01,0.0000000000e+00
0.0000000000e+00,6.0000000000e-01,0.0000000000e+00
0.0000000000e+00,6.0000000000e-01,0.0000000000e+00
0.0000000000e+00,6.0000000000e-01,0.0000000000e+00
0.0000000000e+00,6.0000000000e-01,0.0000000000e+00
0.0000000000e+00,6.0000000000e-01,0.0000000000e+00
0.0000000000e+00,6.0000000000e-01,0.0000000000e+00
0.0000000000e+00,6.0000000000e-01,0.0000000000e+00
0.0000000000e+00,6.0000000000e-01,0.0000000000e+00
0.0000000000e+00,6.0000000000e-01,0.0000000000e+00
0.0000000000e+00,6.0000000000e-01,0.0000000000e+00
0.0000000000e+00,6.0000000000e-01,0.0000000000e+00
0.0000000000e+00,6.0000000000e-01,0.0000000000e+00
0.0000000000e+00,6.0000000000e-01,0.0000000000e+00
0.0000000000e+00,6.0000000000e-01,0.0000000000e+00
0.0000000000e+00,6.0000000000e-01,0.0000000000e+00
0.0000000000e+00,6.0000000000e-01,0.0000000000e+00
0.0000000000e+00,6.0000000000e-01,0.0000000000e+00
0.0000000000e+00,6.0000000000e-01,0.0000000000e+00
0.0000000000e+00,6.0000000000e-01,0.0000000000e+00
0.0000000000e+00,6.0000000000e-01,0.0000000000e+00
0.0000000000e+00,6.0000000000e-01,0.0000000000e+00
0.0000000000e+00,6.0000000000e-01,0.0000000000e+00
0.0000000000e+00,6.0000000000e-01,0.0000000000e+00
0.0000000000e+00,6.0000000000e-01,0.0000000000e+00
0.0000000000e+00,6.0000000000e-01,0.0000000000e+00
0.0000000000e+00,6.0000000000e-01,0.0000000000e+00
0.0000000000e+00,6.0000000000e-01,0.0000000000e+00
0.0000000000e+00,6.0000000000e-01,0.0000000000e+00
0.0000000000e+00,6.0000000000e-01,0.0000000000e+00
0.0000000000e+00,6.0000000000e-01,0.0000000000e+00
0.0000000000e+00,6.0000000000e-01,0.0000000000e+00
0.0000000000e+00,6.0000000000e-01,0.0000000000e+00
0.0000000000e+00,6.0000000000e-01,0.0000000000e+00
0.0000000000e+00,6.0000000000e-01,0.0000000000e+00
0.0000000000e+00,6.0000000000e-01,0.0000000000e+00
0.0000000000e+00,6.0000000000e-01,0.0000000000e+00
0.0000000000e+00,6.0000000000e-01,0.0000000000e+00
0.0000000000e+00,6.0000000000e-01,0.0000000000e+00
0.0000000000e+00,6.0000000000e-01,0.0000000000e+00
0.0000000000e+00,6.0000000000e-01,0.0000000000e+00
0.0000000000e+00,6.0000000000e-01,0.0000000000e+00
0.0000000000e+00,6.0000000000e-01,0.0000000000e+00
0.0000000000e+00,6.0000000000e-01,0.0000000000e+00
0.0000000000e+00,6.0000000000e-01,0.0000000000e+00
0.0000000000e+00,6.0000000000e-01,0.0000000000e+00
0.0000000000e+00,6.0000000000e-01,0.0000000000e+00
0.0000000000e+00,6.0000000000e-01,0.0000000000e+00
0.0000000000e+00,6.0000000000e-01,0.0000000000e+00
0.0000000000e+00,6.0000000000e-01,0.0000000000e+00
0.0000000000e+00,6.0000000000e-01,0.0000000000e+00
0.0000000000e+00,6.0000000000e-01,0.0000000000e+00
0.0000000000e+00,6.0000000000e-01,0.0000000000e+00
0.0000000000e+00,6.0000000000e-01,0.0000000000e+00
0.0000000000e+00,6.0000000000e-01,0.0000000000e+00
0.0000000000e+00,6.0000000000e-01,0.0000000000e+00
0.0000000000e+00,6.0000000000e-01,0.0000000000e+00
0.0000000000e+00,6.0000000000e-01,0.0000000000e+00
0.0000000000e+00,6.0000000000e-01,0.0000000000e+00
0.0000000000e+00,6.0000000000e-01,0.0000000000e+00
0.0000000000e+00,6.0000000000e-01,0.0000000000e+00
0.0000000000e+00,6.0000000000e-01,0.0000000000e+00
0.0000000000e+00,6.0000000000e-01,0.0000000000e+00
0.0000000000e+00,6.0000000000e-01,0.0000000000e+00
0.0000000000e+00,6.0000000000e-01,0.0000000000e+00
0.0000000000e+00,6.0000000000e-01,0.0000000000e+00
0.0000000000e+00,6.0000000000e-01,0.0000000000e+00
0.0000000000e+00,6.0000000000e-01,0.0000000000e+00
0.0000000000e+00,6.0000000000e-01,0.0000000000e+00
0.0000000000e+00,6.0000000000e-01,0.0000000000e+00
0.0000000000e+00,6.0000000000e-01,0.0000000000e+00
0.0000000000e+00,6.0000000000e-01,0.0000000000e+00
0.0000000000e+00,6.0000000000e-01,0.0000000000e+00
0.0000000000e+00,6.0000000000e-01,0.0000000000e+00
0.0000000000e+00,6.0000000000e-01,0.0000000000e+00
0.0000000000e+00,6.0000000000e-01,0.0000000000e+00
0.0000000000e+00,6.0000000000e-01,0.0000000000e+00
0.0000000000e+00,6.0000000000e-01,0.0000000000e+00
0.0000000000e+00,6.0000000000e-01,0.0000000000e+00
0.0000000000e+00,6.0000000000e-01,0.0000000000e+00
0.0000000000e+00,6.0000000000e-01,0.0000000000e+00
0.0000000000e+00,6.0000000000e-01,0.0000000000e+00
0.0000000000e+00,6.0000000000e-01,0.0000000000e+00
0.0000000000e+00,6.0000000000e-01,0.0000000000e+00
0.0000000000e+00,6.0000000000e-01,0.0000000000e+00
0.0000000000e+00,6.0000000000e-01,0.0000000000e+00
0.0000000000e+00,6.0000000000e-01,0.0000000000e+00
0.0000000000e+00,6.0000000000e-01,0.0000000000e+00
0.0000000000e+00,6.0000000000e-01,0.0000000000e+00
0.0000000000e+00,6.0000000000e-01,0.0000000000e+00
0.0000000000e+00,6.0000000000e-01,0.0000000000e+00
0.0000000000e+00,6.0000000000e-01,0.0000000000e+00
0.0000000000e+00,6.0000000000e-01,0.0000000000e+00
0.0000000000e+00,6.0000000000e-01,0.0000000000e+00
0.0000000000e+00,6.0000000000e-01,0.0000000000e+00
0.0000000000e+00,6.0000000000e-01,0.0000000000e+00
0.0000000000e+00,6.0000000000e-01,0.0000000000e+00
0.0000000000e+00,6.0000000000e-01,0.0000000000e+00
0.0000000000e+00,6.0000000000e-01,0.0000000000e+00
0.0000000000e+00,6.0000000000e-01,0.0000000000e+00
0.0000000000e+00,6.0000000000e-01,0.0000000000e+00
0.0000000000e+00,6.0000000000e-01,0.0000000000e+00
0.0000000000e+00,6.0000000000e-01,0.0000000000e+00
0.0000000000e+00,6.0000000000e-01,0.0000000000e+00
0.0000000000e+00,6.0000000000e-01,0.0000000000e+00
0.0000000000e+00,6.0000000000e-01,0.0000000000e+00
0.0000000000e+00,6.0000000000e-01,0.0000000000e+00
0.0000000000e+00,6.0000000000e-01,0.0000000000e+00
0.0000000000e+00,6.0000000000e-01,0.0000000000e+00
0.0000000000e+00,6.0000000000e-01,0.0000000000e+00
0.0000000000e+00,6.0000000000e-01,0.0000000000e+00
0.0000000000e+00,6.0000000000e-01,0.0000000000e+00
0.0000000000e+00,6.0000000000e-01,0.0000000000e+00
0.0000000000e+00,6.0000000000e-01,0.0000000000e+00
0.0000000000e+00,6.0000000000e-01,0.0000000000e+00
0.0000000000e+00,6.0000000000e-01,0.0000000000e+00
0.0000000000e+00,6.0000000000e-01,0.0000000000e+00
0.0000000000e+00,6.0000000000e-01,0.0000000000e+00
0.0000000000e+00,6.0000000000e-01,0.0000000000e+00
0.0000000000e+00,6.0000000000e-01,0.0000000000e+00
0.0000000000e+00,6.0000000000e-01,0.0000000000e+00
0.0000000000e+00,6.0000000000e-01,0.0000000000e+00
0.0000000000e+00,6.0000000000e-01,0.0000000000e+00
0.0000000000e+00,6.0000000000e-01,0.0000000000e+00
0.0000000000e+00,6.0000000000e-01,0.0000000000e+00
0.0000000000e+00,6.0000000000e-01,0.0000000000e+00
0.0000000000e+00,6.0000000000e-01,0.0000000000e+00
0.0000000000e+00,6.0000000000e-01,0.0000000000e+00
0.0000000000e+00,6.0000000000e-01,0.0000000000e+00
0.0000000000e+00,6.0000000000e-01,0.0000000000e+00
0.0000000000e+00,6.0000000000e-01,0.0000000000e+00
0.0000000000e+00,6.0000000000e-01,0.0000000000e+00
0.0000000000e+00,6.0000000000e-01,0.0000000000e+00
0.0000000000e+00,6.0000000000e-01,0.0000000000e+00
0.0000000000e+00,6.0000000000e-01,0.0000000000e+00
0.0000000000e+00,6.0000000000e-01,0.0000000000e+00
0.0000000000e+00,6.0000000000e-01,0.0000000000e+00
0.0000000000e+00,6.0000000000e-01,0.0000000000e+00
0.0000000000e+00,6.0000000000e-01,0.0000000000e+00
0.0000000000e+00,6.0000000000e-01,0.0000000000e+00
0.0000000000e+00,6.0000000000e-01,0.0000000000e+00
0.0000000000e+00,6.0000000000e-01,0.0000000000e+00
0.0000000000e+00,6.0000000000e-01,0.0000000000e+00
0.0000000000e+00,6.0000000000e-01,0.0000000000e+00
0.0000000000e+00,6.0000000000e-01,0.0000000000e+00
0.0000000000e+00,6.0000000000e-01,0.0000000000e+00
0.0000000000e+00,6.0000000000e-01,0.0000000000e+00
0.0000000000e+00,6.0000000000e-01,0.0000000000e+00
0.0000000000e+00,6.0000000000e-01,0.0000000000e+00
0.0000000000e+00,6.0000000000e-01,0.0000000000e+00
0.0000000000e+00,6.0000000000e-01,0.0000000000e+00
0.0000000000e+00,6.0000000000e-01,0.0000000000e+00
0.0000000000e+00,6.0000000000e-01,0.0000000000e+00
0.0000000000e+00,6.0000000000e-01,0.0000000000e+00
0.0000000000e+00,6.0000000000e-01,0.0000000000e+00
0.0000000000e+00,6.0000000000e-01,0.0000000000e+00
0.0000000000e+00,6.0000000000e-01,0.0000000000e+00
0.0000000000e+00,6.0000000000e-01,0.0000000000e+00
0.0000000000e+00,6.0000000000e-01,0.0000000000e+00
0.0000000000e+00,6.0000000000e-01,0.0000000000e+00
0.0000000000e+00,6.0000000000e-01,0.0000000000e+00
0.0000000000e+00,6.0000000000e-01,0.0000000000e+00
0.0000000000e+00,6.0000000000e-01,0.0000000000e+00
0.0000000000e+00,6.0000000000e-01,0.0000000000e+00
0.0000000000e+00,6.0000000000e-01,0.0000000000e+00
0.0000000000e+00,6.0000000000e-01,0.0000000000e+00
0.0000000000e+00,6.0000000000e-01,0.0000000000e+00
0.0000000000e+00,6.0000000000e-01,0.0000000000e+00
0.0000000000e+00,6.0000000000e-01,0.0000000000e+00
0.0000000000e+00,6.0000000000e-01,0.0000000000e+00
0.0000000000e+00,6.0000000000e-01,0.0000000000e+00
0.0000000000e+00,6.0000000000e-01,0.0000000000e+00
0.0000000000e+00,6.0000000000e-01,0.0000000000e+00
0.0000000000e+00,6.0000000000e-01,0.0000000000e+00
0.0000000000e+00,6.0000000000e-01,0.0000000000e+00
0.0000000000e+00,6.0000000000e-01,0.0000000000e+00
0.0000000000e+00,6.0000000000e-01,0.0000000000e+00
0.0000000000e+00,6.0000000000e-01,0.0000000000e+00
0.0000000000e+00,6.0000000000e-01,0.0000000000e+00
0.0000000000e+00,6.0000000000e-01,0.0000000000e+00
0.0000000000e+00,6.0000000000e-01,0.0000000000e+00
0.0000000000e+00,6.0000000000e-01,0.0000000000e+00
0.0000000000e+00,6.0000000000e-01,0.0000000000e+00
0.0000000000e+00,6.0000000000e-01,0.0000000000e+00
0.0000000000e+00,6.0000000000e-01,0.0000000000e+00
0.0000000000e+00,6.0000000000e-01,0.0000000000e+00
0.0000000000e+00,6.0000000000e-01,0.0000000000e+00
0.0000000000e+00,6.0000000000e-01,0.0000000000e+00
0.0000000000e+00,6.0000000000e-01,0.0000000000e+00
0.0000000000e+00,6.0000000000e-01,0.0000000000e+00
0.0000000000e+00,6.0000000000e-01,0.0000000000e+00
0.0000000000e+00,6.0000000000e-01,0.0000000000e+00
0.0000000000e+00,6.0000000000e-01,0.0000000000e+00
0.0000000000e+00,6.0000000000e-01,0.0000000000e+00
0.0000000000e+00,6.0000000000e-01,0.0000000000e+00
0.0000000000e+00,6.0000000000e-01,0.0000000000e+00
0.0000000000e+00,6.0000000000e-01,0.0000000000e+00
0.0000000000e+00,6.0000000000e-01,0.0000000000e+00
0.0000000000e+00,6.0000000000e-01,0.0000000000e+00
0.0000000000e+00,6.0000000000e-01,0.0000000000e+00
0.0000000000e+00,6.0000000000e-01,0.0000000000e+00
0.0000000000e+00,6.0000000000e-01,0.0000000000e+00
0.0000000000e+00,6.0000000000e-01,0.0000000000e+00
0.0000000000e+00,6.0000000000e-01,0.0000000000e+00
0.0000000000e+00,6.0000000000e-01,0.0000000000e+00
0.0000000000e+00,6.0000000000e-01,0.0000000000e+00
0.0000000000e+00,6.0000000000e-01,0.0000000000e+00
0.0000000000e+00,6.0000000000e-01,0.0000000000e+00
0.0000000000e+00,6.0000000000e-01,0.0000000000e+00
0.0000000000e+00,6.0000000000e-01,0.0000000000e+00
0.0000000000e+00,6.0000000000e-01,0.0000000000e+00
0.0000000000e+00,6.0000000000e-01,0.0000000000e+00
0.0000000000e+00,6.0000000000e-01,0.0000000000e+00
0.0000000000e+00,6.0000000000e-01,0.0000000000e+00
0.0000000000e+00,6.0000000000e-01,0.0000000000e+00
0.0000000000e+00,6.0000000000e-01,0.0000000000e+00
0.0000000000e+00,6.0000000000e-01,0.0000000000e+00
0.0000000000e+00,6.0000000000e-01,0.0000000000e+00
0.0000000000e+00,6.0000000000e-01,0.0000000000e+00
0.0000000000e+00,6.0000000000e-01,0.0000000000e+00
0.0000000000e+00,6.0000000000e-01,0.0000000000e+00
0.0000000000e+00,6.0000000000e-01,0.0000000000e+00
0.0000000000e+00,6.0000000000e-01,0.0000000000e+00
0.0000000000e+00,6.0000000000e-01,0.0000000000e+00
0.0000000000e+00,6.0000000000e-01,0.0000000000e+00
0.0000000000e+00,6.0000000000e-01,0.0000000000e+00
0.0000000000e+00,6.0000000000e-01,0.0000000000e+00
0.0000000000e+00,6.0000000000e-01,0.0000000000e+00
0.0000000000e+00,6.0000000000e-01,0.0000000000e+00
0.0000000000e+00,6.0000000000e-01,0.0000000000e+00
0.0000000000e+00,6.0000000000e-01,0.0000000000e+00
0.0000000000e+00,6.0000000000e-01,0.0000000000e+00
0.0000000000e+00,6.0000000000e-01,0.0000000000e+00
0.0000000000e+00,6.0000000000e-01,0.0000000000e+00
0.0000000000e+00,6.0000000000e-01,0.0000000000e+00
0.0000000000e+00,6.0000000000e-01,0.0000000000e+00
0.0000000000e+00,6.0000000000e-01,0.0000000000e+00
0.0000000000e+00,6.0000000000e-01,0.0000000000e+00
0.0000000000e+00,6.0000000000e-01,0.0000000000e+00
0.0000000000e+00,6.0000000000e-01,0.0000000000e+00
0.0000000000e+00,6.0000000000e-01,0.0000000000e+00
0.0000000000e+00,6.0000000000e-01,0.0000000000e+00
0.0000000000e+00,6.0000000000e-01,0.0000000000e+00
0.0000000000e+00,6.0000000000e-01,0.0000000000e+00
0.0000000000e+00,6.0000000000e-01,0.0000000000e+00
0.0000000000e+00,6.0000000000e-01,0.0000000000e+00
0.0000000000e+00,6.0000000000e-01,0.0000000000e+00
0.0000000000e+00,6.0000000000e-01,0.0000000000e+00
0.0000000000e+00,6.0000000000e-01,0.0000000000e+00
0.0000000000e+00,6.0000000000e-01,0.0000000000e+00
0.0000000000e+00,6.0000000000e-01,0.0000000000e+00
0.0000000000e+00,6.0000000000e-01,0.0000000000e+00
0.0000000000e+00,6.0000000000e-01,0.0000000000e+00
0.0000000000e+00,6.0000000000e-01,0.0000000000e+00
0.0000000000e+00,6.0000000000e-01,0.0000000000e+00
0.0000000000e+00,6.0000000000e-01,0.0000000000e+00
0.0000000000e+00,6.0000000000e-01,0.0000000000e+00
0.0000000000e+00,6.0000000000e-01,0.0000000000e+00
0.0000000000e+00,6.0000000000e-01,0.0000000000e+00
0.0000000000e+00,6.0000000000e-01,0.0000000000e+00
0.0000000000e+00,6.0000000000e-01,0.0000000000e+00
0.0000000000e+00,6.0000000000e-01,0.0000000000e+00
0.0000000000e+00,6.0000000000e-01,0.0000000000e+00
0.0000000000e+00,6.0000000000e-01,0.0000000000e+00
0.0000000000e+00,6.0000000000e-01,0.0000000000e+00
0.0000000000e+00,6.0000000000e-01,0.0000000000e+00
0.0000000000e+00,6.0000000000e-01,0.0000000000e+00
0.0000000000e+00,6.0000000000e-01,0.0000000000e+00
0.0000000000e+00,6.0000000000e-01,0.0000000000e+00
0.0000000000e+00,6.0000000000e-01,0.0000000000e+00
0.0000000000e+00,6.0000000000e-01,0.0000000000e+00
0.0000000000e+00,6.0000000000e-01,0.0000000000e+00
0.0000000000e+00,6.0000000000e-01,0.0000000000e+00
0.0000000000e+00,6.0000000000e-01,0.0000000000e+00
0.0000000000e+00,6.0000000000e-01,0.0000000000e+00
0.0000000000e+00,6.0000000000e-01,0.0000000000e+00
0.0000000000e+00,6.0000000000e-01,0.0000000000e+00
0.0000000000e+00,6.0000000000e-01,0.0000000000e+00
0.0000000000e+00,6.0000000000e-01,0.0000000000e+00
0.0000000000e+00,6.0000000000e-01,0.0000000000e+00
0.0000000000e+00,6.0000000000e-01,0.0000000000e+00
0.0000000000e+00,6.0000000000e-01,0.0000000000e+00
0.0000000000e+00,6.0000000000e-01,0.0000000000e+00
0.0000000000e+00,6.0000000000e-01,0.0000000000e+00
0.0000000000e+00,6.0000000000e-01,0.0000000000e+00
0.0000000000e+00,6.0000000000e-01,0.0000000000e+00
0.0000000000e+00,6.0000000000e-01,0.0000000000e+00
0.0000000000e+00,6.0000000000e-01,0.0000000000e+00
0.0000000000e+00,6.0000000000e-01,0.0000000000e+00
0.0000000000e+00,6.0000000000e-01,0.0000000000e+00
0.0000000000e+00,6.0000000000e-01,0.0000000000e+00
0.0000000000e+00,6.0000000000e-01,0.0000000000e+00
0.0000000000e+00,6.0000000000e-01,0.0000000000e+00
0.0000000000e+00,6.0000000000e-01,0.0000000000e+00
0.0000000000e+00,6.0000000000e-01,0.0000000000e+00
0.0000000000e+00,6.0000000000e-01,0.0000000000e+00
0.0000000000e+00,6.0000000000e-01,0.0000000000e+00
0.0000000000e+00,6.0000000000e-01,0.0000000000e+00
0.0000000000e+00,6.0000000000e-01,0.0000000000e+00
0.0000000000e+00,6.0000000000e-01,0.0000000000e+00
0.0000000000e+00,6.0000000000e-01,0.0000000000e+00
0.0000000000e+00,6.0000000000e-01,0.0000000000e+00
0.0000000000e+00,6.0000000000e-01,0.0000000000e+00
0.0000000000e+00,6.0000000000e-01,0.0000000000e+00
0.0000000000e+00,6.0000000000e-01,0.0000000000e+00
0.0000000000e+00,6.0000000000e-01,0.0000000000e+00
0.0000000000e+00,6.0000000000e-01,0.0000000000e+00
0.0000000000e+00,6.0000000000e-01,0.0000000000e+00
0.0000000000e+00,6.0000000000e-01,0.0000000000e+00
0.0000000000e+00,6.0000000000e-01,0.0000000000e+00
0.0000000000e+00,6.0000000000e-01,0.0000000000e+00
0.0000000000e+00,6.0000000000e-01,0.0000000000e+00
0.0000000000e+00,6.0000000000e-01,0.0000000000e+00
0.0000000000e+00,6.0000000000e-01,0.0000000000e+00
0.0000000000e+00,6.0000000000e-01,0.0000000000e+00
0.0000000000e+00,6.0000000000e-01,0.0000000000e+00
0.0000000000e+00,6.0000000000e-01,0.0000000000e+00
0.0000000000e+00,6.0000000000e-01,0.0000000000e+00
0.0000000000e+00,6.0000000000e-01,0.0000000000e+00
0.0000000000e+00,6.0000000000e-01,0.0000000000e+00
0.0000000000e+00,6.0000000000e-01,0.0000000000e+00
0.0000000000e+00,6.0000000000e-01,0.0000000000e+00
0.0000000000e+00,6.0000000000e-01,0.0000000000e+00
0.0000000000e+00,6.0000000000e-01,0.0000000000e+00
0.0000000000e+00,6.0000000000e-01,0.0000000000e+00
0.0000000000e+00,6.0000000000e-01,0.0000000000e+00
0.0000000000e+00,6.0000000000e-01,0.0000000000e+00
0.0000000000e+00,6.0000000000e-01,0.0000000000e+00
0.0000000000e+00,6.0000000000e-01,0.0000000000e+00
0.0000000000e+00,6.0000000000e-01,0.0000000000e+00
0.0000000000e+00,6.0000000000e-01,0.0000000000e+00
0.0000000000e+00,6.0000000000e-01,0.0000000000e+00
0.0000000000e+00,6.0000000000e-01,0.0000000000e+00
0.0000000000e+00,6.0000000000e-01,0.0000000000e+00
0.0000000000e+00,6.0000000000e-01,0.0000000000e+00
0.0000000000e+00,6.0000000000e-01,0.0000000000e+00
0.0000000000e+00,6.0000000000e-01,0.0000000000e+00
0.0000000000e+00,6.0000000000e-01,0.0000000000e+00
0.0000000000e+00,6.0000000000e-01,0.0000000000e+00
0.0000000000e+00,6.0000000000e-01,0.0000000000e+00
0.0000000000e+00,6.0000000000e-01,0.0000000000e+00
0.0000000000e+00,6.0000000000e-01,0.0000000000e+00
0.0000000000e+00,6.0000000000e-01,0.0000000000e+00
0.0000000000e+00,6.0000000000e-01,0.0000000000e+00
0.0000000000e+00,6.0000000000e-01,0.0000000000e+00
0.0000000000e+00,6.0000000000e-01,0.0000000000e+00
0.0000000000e+00,6.0000000000e-01,0.0000000000e+00
0.0000000000e+00,6.0000000000e-01,0.0000000000e+00
0.0000000000e+00,6.0000000000e-01,0.0000000000e+00
0.0000000000e+00,6.0000000000e-01,0.0000000000e+00
0.0000000000e+00,6.0000000000e-01,0.0000000000e+00
0.0000000000e+00,6.0000000000e-01,0.0000000000e+00
0.0000000000e+00,6.0000000000e-01,0.0000000000e+00
0.0000000000e+00,6.0000000000e-01,0.0000000000e+00
0.0000000000e+00,6.0000000000e-01,0.0000000000e+00
0.0000000000e+00,6.0000000000e-01,0.0000000000e+00
0.0000000000e+00,6.0000000000e-01,0.0000000000e+00
0.0000000000e+00,6.0000000000e-01,0.0000000000e+00
0.0000000000e+00,6.0000000000e-01,0.0000000000e+00
0.0000000000e+00,6.0000000000e-01,0.0000000000e+00
0.0000000000e+00,6.0000000000e-01,0.0000000000e+00
0.0000000000e+00,6.0000000000e-01,0.0000000000e+00
0.0000000000e+00,6.0000000000e-01,0.0000000000e+00
0.0000000000e+00,6.0000000000e-01,0.0000000000e+00
0.0000000000e+00,6.0000000000e-01,0.0000000000e+00
0.0000000000e+00,6.0000000000e-01,0.0000000000e+00
0.0000000000e+00,6.0000000000e-01,0.0000000000e+00
0.0000000000e+00,6.0000000000e-01,0.0000000000e+00
0.0000000000e+00,6.0000000000e-01,0.0000000000e+00
0.0000000000e+00,6.0000000000e-01,0.0000000000e+00
0.0000000000e+00,6.0000000000e-01,0.0000000000e+00
0.0000000000e+00,6.0000000000e-01,0.0000000000e+00
0.0000000000e+00,6.0000000000e-01,0.0000000000e+00
0.0000000000e+00,6.0000000000e-01,0.0000000000e+00
0.0000000000e+00,6.0000000000e-01,0.0000000000e+00
0.0000000000e+00,6.0000000000e-01,0.0000000000e+00
0.0000000000e+00,6.0000000000e-01,0.0000000000e+00
0.0000000000e+00,6.0000000000e-01,0.0000000000e+00
0.0000000000e+00,6.0000000000e-01,0.0000000000e+00
0.0000000000e+00,6.0000000000e-01,0.0000000000e+00
0.0000000000e+00,6.0000000000e-01,0.0000000000e+00
0.0000000000e+00,6.0000000000e-01,0.0000000000e+00
0.0000000000e+00,6.0000000000e-01,0.0000000000e+00
0.0000000000e+00,6.0000000000e-01,0.0000000000e+00
0.0000000000e+00,6.0000000000e-01,0.0000000000e+00
0.0000000000e+00,6.0000000000e-01,0.0000000000e+00
0.0000000000e+00,6.0000000000e-01,0.0000000000e+00
0.0000000000e+00,6.0000000000e-01,0.0000000000e+00
0.0000000000e+00,6.0000000000e-01,0.0000000000e+00
0.0000000000e+00,6.0000000000e-01,0.0000000000e+00
0.0000000000e+00,6.0000000000e-01,0.0000000000e+00
0.0000000000e+00,6.0000000000e-01,0.0000000000e+00
0.0000000000e+00,6.0000000000e-01,0.0000000000e+00
0.0000000000e+00,6.0000000000e-01,0.0000000000e+00
0.0000000000e+00,6.0000000000e-01,0.0000000000e+00
0.0000000000e+00,6.0000000000e-01,0.0000000000e+00
0.0000000000e+00,6.0000000000e-01,0.0000000000e+00
0.0000000000e+00,6.0000000000e-01,0.0000000000e+00
0.0000000000e+00,6.0000000000e-01,0.0000000000e+00
0.0000000000e+00,6.0000000000e-01,0.0000000000e+00
0.0000000000e+00,6.0000000000e-01,0.0000000000e+00
0.0000000000e+00,6.0000000000e-01,0.0000000000e+00
0.0000000000e+00,6.0000000000e-01,0.0000000000e+00
0.0000000000e+00,6.0000000000e-01,0.0000000000e+00
0.0000000000e+00,6.0000000000e-01,0.0000000000e+00
0.0000000000e+00,6.0000000000e-01,0.0000000000e+00
0.0000000000e+00,6.0000000000e-01,0.0000000000e+00
0.0000000000e+00,6.0000000000e-01,0.0000000000e+00
0.0000000000e+00,6.0000000000e-01,0.0000000000e+00
0.0000000000e+00,6.0000000000e-01,0.0000000000e+00
0.0000000000e+00,6.0000000000e-01,0.0000000000e+00
0.0000000000e+00,6.0000000000e-01,0.0000000000e+00
0.0000000000e+00,6.0000000000e-01,0.0000000000e+00
0.0000000000e+00,6.0000000000e-01,0.0000000000e+00
0.0000000000e+00,6.0000000000e-01,0.0000000000e+00
0.0000000000e+00,6.0000000000e-01,0.0000000000e+00
0.0000000000e+00,6.0000000000e-01,0.0000000000e+00
0.0000000000e+00,6.0000000000e-01,0.0000000000e+00
0.0000000000e+00,6.0000000000e-01,0.0000000000e+00
0.0000000000e+00,6.0000000000e-01,0.0000000000e+00
0.0000000000e+00,6.0000000000e-01,0.0000000000e+00
0.0000000000e+00,6.0000000000e-01,0.0000000000e+00
0.0000000000e+00,6.0000000000e-01,0.0000000000e+00
0.0000000000e+00,6.0000000000e-01,0.0000000000e+00
0.0000000000e+00,6.0000000000e-01,0.0000000000e+00
0.0000000000e+00,6.0000000000e-01,0.0000000000e+00
0.0000000000e+00,6.0000000000e-01,0.0000000000e+00
0.0000000000e+00,6.0000000000e-01,0.0000000000e+00
0.0000000000e+00,6.0000000000e-01,0.0000000000e+00
0.0000000000e+00,6.0000000000e-01,0.0000000000e+00
0.0000000000e+00,6.0000000000e-01,0.0000000000e+00
0.0000000000e+00,6.0000000000e-01,0.0000000000e+00
0.0000000000e+00,6.0000000000e-01,0.0000000000e+00
0.0000000000e+00,6.0000000000e-01,0.0000000000e+00
0.0000000000e+00,6.0000000000e-01,0.0000000000e+00
0.0000000000e+00,6.0000000000e-01,0.0000000000e+00
0.0000000000e+00,6.0000000000e-01,0.0000000000e+00
0.0000000000e+00,6.0000000000e-01,0.0000000000e+00
0.0000000000e+00,6.0000000000e-01,0.0000000000e+00
0.0000000000e+00,6.0000000000e-01,0.0000000000e+00
0.0000000000e+00,6.0000000000e-01,0.0000000000e+00
0.0000000000e+00,6.0000000000e-01,0.0000000000e+00
0.0000000000e+00,6.0000000000e-01,0.0000000000e+00
0.0000000000e+00,6.0000000000e-01,0.0000000000e+00
0.0000000000e+00,6.0000000000e-01,0.0000000000e+00
0.0000000000e+00,6.0000000000e-01,0.0000000000e+00
0.0000000000e+00,6.0000000000e-01,0.0000000000e+00
0.0000000000e+00,6.0000000000e-01,0.0000000000e+00
0.0000000000e+00,6.0000000000e-01,0.0000000000e+00
0.0000000000e+00,6.0000000000e-01,0.0000000000e+00
0.0000000000e+00,6.0000000000e-01,0.0000000000e+00
0.0000000000e+00,6.0000000000e-01,0.0000000000e+00
0.0000000000e+00,6.0000000000e-01,0.0000000000e+00
0.0000000000e+00,6.0000000000e-01,0.0000000000e+00
0.0000000000e+00,6.0000000000e-01,0.0000000000e+00
0.0000000000e+00,6.0000000000e-01,0.0000000000e+00
0.0000000000e+00,6.0000000000e-01,0.0000000000e+00
0.0000000000e+00,6.0000000000e-01,0.0000000000e+00
0.0000000000e+00,6.0000000000e-01,0.0000000000e+00
0.0000000000e+00,6.0000000000e-01,0.0000000000e+00
0.0000000000e+00,6.0000000000e-01,0.0000000000e+00
0.0000000000e+00,6.0000000000e-01,0.0000000000e+00
0.0000000000e+00,6.0000000000e-01,0.0000000000e+00
0.0000000000e+00,6.0000000000e-01,0.0000000000e+00
0.0000000000e+00,6.0000000000e-01,0.0000000000e+00
0.0000000000e+00,6.0000000000e-01,0.0000000000e+00
0.0000000000e+00,6.0000000000e-01,0.0000000000e+00
0.0000000000e+00,6.0000000000e-01,0.0000000000e+00
0.0000000000e+00,6.0000000000e-01,0.0000000000e+00
0.0000000000e+00,6.0000000000e-01,0.0000000000e+00
0.0000000000e+00,6.0000000000e-01,0.0000000000e+00
0.0000000000e+00,6.0000000000e-01,0.0000000000e+00
0.0000000000e+00,6.0000000000e-01,0.0000000000e+00
0.0000000000e+00,6.0000000000e-01,0.0000000000e+00
0.0000000000e+00,6.0000000000e-01,0.0000000000e+00
0.0000000000e+00,6.0000000000e-01,0.0000000000e+00
0.0000000000e+00,6.0000000000e-01,0.0000000000e+00
0.0000000000e+00,6.0000000000e-01,0.0000000000e+00
0.0000000000e+00,6.0000000000e-01,0.0000000000e+00
0.0000000000e+00,6.0000000000e-01,0.0000000000e+00
0.0000000000e+00,6.0000000000e-01,0.0000000000e+00
0.0000000000e+00,6.0000000000e-01,0.0000000000e+00
0.0000000000e+00,6.0000000000e-01,0.0000000000e+00
0.0000000000e+00,6.0000000000e-01,0.0000000000e+00
0.0000000000e+00,6.0000000000e-01,0.0000000000e+00
0.0000000000e+00,6.0000000000e-01,0.0000000000e+00
0.0000000000e+00,6.0000000000e-01,0.0000000000e+00
0.0000000000e+00,6.0000000000e-01,0.0000000000e+00
0.0000000000e+00,6.0000000000e-01,0.0000000000e+00
0.0000000000e+00,6.0000000000e-01,0.0000000000e+00
0.0000000000e+00,6.0000000000e-01,0.0000000000e+00
0.0000000000e+00,6.0000000000e-01,0.0000000000e+00
0.0000000000e+00,6.0000000000e-01,0.0000000000e+00
0.0000000000e+00,6.0000000000e-01,0.0000000000e+00
0.0000000000e+00,6.0000000000e-01,0.0000000000e+00
0.0000000000e+00,6.0000000000e-01,0.0000000000e+00
0.0000000000e+00,6.0000000000e-01,0.0000000000e+00
0.0000000000e+00,6.0000000000e-01,0.0000000000e+00
0.0000000000e+00,6.0000000000e-01,0.0000000000e+00
0.0000000000e+00,6.0000000000e-01,0.0000000000e+00
0.0000000000e+00,6.0000000000e-01,0.0000000000e+00
0.0000000000e+00,6.0000000000e-01,0.0000000000e+00
0.0000000000e+00,6.0000000000e-01,0.0000000000e+00
0.0000000000e+00,6.0000000000e-01,0.0000000000e+00
0.0000000000e+00,6.0000000000e-01,0.0000000000e+00
0.0000000000e+00,6.0000000000e-01,0.0000000000e+00
0.0000000000e+00,6.0000000000e-01,0.0000000000e+00
0.0000000000e+00,6.0000000000e-01,0.0000000000e+00
0.0000000000e+00,6.0000000000e-01,0.0000000000e+00
0.0000000000e+00,6.0000000000e-01,0.0000000000e+00
0.0000000000e+00,6.0000000000e-01,0.0000000000e+00
0.0000000000e+00,6.0000000000e-01,0.0000000000e+00
0.0000000000e+00,6.0000000000e-01,0.0000000000e+00
0.0000000000e+00,6.0000000000e-01,0.0000000000e+00
0.0000000000e+00,6.0000000000e-01,0.0000000000e+00
0.0000000000e+00,6.0000000000e-01,0.0000000000e+00
0.0000000000e+00,6.0000000000e-01,0.0000000000e+00
0.0000000000e+00,6.0000000000e-01,0.0000000000e+00
0.0000000000e+00,6.0000000000e-01,0.0000000000e+00
0.0000000000e+00,6.0000000000e-01,0.0000000000e+00
0.0000000000e+00,6.0000000000e-01,0.0000000000e+00
0.0000000000e+00,6.0000000000e-01,0.0000000000e+00
0.0000000000e+00,6.0000000000e-01,0.0000000000e+00
0.0000000000e+00,6.0000000000e-01,0.0000000000e+00
0.0000000000e+00,6.0000000000e-01,0.0000000000e+00
0.0000000000e+00,6.0000000000e-01,0.0000000000e+00
0.0000000000e+00,6.0000000000e-01,0.0000000000e+00
0.0000000000e+00,6.0000000000e-01,0.0000000000e+00
0.0000000000e+00,6.0000000000e-01,0.0000000000e+00
0.0000000000e+00,6.0000000000e-01,0.0000000000e+00
0.0000000000e+00,6.0000000000e-01,0.0000000000e+00
0.0000000000e+00,6.0000000000e-01,0.0000000000e+00
0.0000000000e+00,6.0000000000e-01,0.0000000000e+00
0.0000000000e+00,6.0000000000e-01,0.0000000000e+00
0.0000000000e+00,6.0000000000e-01,0.0000000000e+00
0.0000000000e+00,6.0000000000e-01,0.0000000000e+00
0.0000000000e+00,6.0000000000e-01,0.0000000000e+00
0.0000000000e+00,6.0000000000e-01,0.0000000000e+00
0.0000000000e+00,6.0000000000e-01,0.0000000000e+00
0.0000000000e+00,6.0000000000e-01,0.0000000000e+00
0.0000000000e+00,6.0000000000e-01,0.0000000000e+00
0.0000000000e+00,6.0000000000e-01,0.0000000000e+00
0.0000000000e+00,6.0000000000e-01,0.0000000000e+00
0.0000000000e+00,6.0000000000e-01,0.0000000000e+00
0.0000000000e+00,6.0000000000e-01,0.0000000000e+00
0.0000000000e+00,6.0000000000e-01,0.0000000000e+00
0.0000000000e+00,6.0000000000e-01,0.0000000000e+00
0.0000000000e+00,6.0000000000e-01,0.0000000000e+00
0.0000000000e+00,6.0000000000e-01,0.0000000000e+00
0.0000000000e+00,6.0000000000e-01,0.0000000000e+00
0.0000000000e+00,6.0000000000e-01,0.0000000000e+00
0.0000000000e+00,6.0000000000e-01,0.0000000000e+00
0.0000000000e+00,6.0000000000e-01,0.0000000000e+00
0.0000000000e+00,6.0000000000e-01,0.0000000000e+00
0.0000000000e+00,6.0000000000e-01,0.0000000000e+00
0.0000000000e+00,6.0000000000e-01,0.0000000000e+00
0.0000000000e+00,6.0000000000e-01,0.0000000000e+00
0.0000000000e+00,6.0000000000e-01,0.0000000000e+00
0.0000000000e+00,6.0000000000e-01,0.0000000000e+00
0.0000000000e+00,6.0000000000e-01,0.0000000000e+00
0.0000000000e+00,6.0000000000e-01,0.0000000000e+00
0.0000000000e+00,6.0000000000e-01,0.0000000000e+00
0.0000000000e+00,6.0000000000e-01,0.0000000000e+00
0.0000000000e+00,6.0000000000e-01,0.0000000000e+00
0.0000000000e+00,6.0000000000e-01,0.0000000000e+00
0.0000000000e+00,6.0000000000e-01,0.0000000000e+00
0.0000000000e+00,6.0000000000e-01,0.0000000000e+00
0.0000000000e+00,6.0000000000e-01,0.0000000000e+00
0.0000000000e+00,6.0000000000e-01,0.0000000000e+00
0.0000000000e+00,6.0000000000e-01,0.0000000000e+00
0.0000000000e+00,6.0000000000e-01,0.0000000000e+00
0.0000000000e+00,6.0000000000e-01,0.0000000000e+00
0.0000000000e+00,6.0000000000e-01,0.0000000000e+00
0.0000000000e+00,6.0000000000e-01,0.0000000000e+00
0.0000000000e+00,6.0000000000e-01,0.0000000000e+00
0.0000000000e+00,6.0000000000e-01,0.0000000000e+00
0.0000000000e+00,6.0000000000e-01,0.0000000000e+00
0.0000000000e+00,6.0000000000e-01,0.0000000000e+00
0.0000000000e+00,6.0000000000e-01,0.0000000000e+00
0.0000000000e+00,6.0000000000e-01,0.0000000000e+00
0.0000000000e+00,6.0000000000e-01,0.0000000000e+00
0.0000000000e+00,6.0000000000e-01,0.0000000000e+00
0.0000000000e+00,6.0000000000e-01,0.0000000000e+00
0.0000000000e+00,6.0000000000e-01,0.0000000000e+00
0.0000000000e+00,6.0000000000e-01,0.0000000000e+00
0.0000000000e+00,6.0000000000e-01,0.0000000000e+00
0.0000000000e+00,6.0000000000e-01,0.0000000000e+00
0.0000000000e+00,6.0000000000e-01,0.0000000000e+00
0.0000000000e+00,6.0000000000e-01,0.0000000000e+00
0.0000000000e+00,6.0000000000e-01,0.0000000000e+00
0.0000000000e+00,6.0000000000e-01,0.0000000000e+00
0.0000000000e+00,6.0000000000e-01,0.0000000000e+00
0.0000000000e+00,6.0000000000e-01,0.0000000000e+00
0.0000000000e+00,6.0000000000e-01,0.0000000000e+00
0.0000000000e+00,6.0000000000e-01,0.0000000000e+00
0.0000000000e+00,6.0000000000e-01,0.0000000000e+00
0.0000000000e+00,6.0000000000e-01,0.0000000000e+00
0.0000000000e+00,6.0000000000e-01,0.0000000000e+00
0.0000000000e+00,6.0000000000e-01,0.0000000000e+00
0.0000000000e+00,6.0000000000e-01,0.0000000000e+00
0.0000000000e+00,6.0000000000e-01,0.0000000000e+00
0.0000000000e+00,6.0000000000e-01,0.0000000000e+00
0.0000000000e+00,6.0000000000e-01,0.0000000000e+00
0.0000000000e+00,6.0000000000e-01,0.0000000000e+00
0.0000000000e+00,6.0000000000e-01,0.0000000000e+00
0.0000000000e+00,6.0000000000e-01,0.0000000000e+00
0.0000000000e+00,6.0000000000e-01,0.0000000000e+00
0.0000000000e+00,6.0000000000e-01,0.0000000000e+00
0.0000000000e+00,6.0000000000e-01,0.0000000000e+00
0.0000000000e+00,6.0000000000e-01,0.0000000000e+00
0.0000000000e+00,6.0000000000e-01,0.0000000000e+00
0.0000000000e+00,6.0000000000e-01,0.0000000000e+00
0.0000000000e+00,6.0000000000e-01,0.0000000000e+00
0.0000000000e+00,6.0000000000e-01,0.0000000000e+00
0.0000000000e+00,6.0000000000e-01,0.0000000000e+00
0.0000000000e+00,6.0000000000e-01,0.0000000000e+00
0.0000000000e+00,6.0000000000e-01,0.0000000000e+00
0.0000000000e+00,6.0000000000e-01,0.0000000000e+00
0.0000000000e+00,6.0000000000e-01,0.0000000000e+00
0.0000000000e+00,6.0000000000e-01,0.0000000000e+00
0.0000000000e+00,6.0000000000e-01,0.0000000000e+00
0.0000000000e+00,6.0000000000e-01,0.0000000000e+00
0.0000000000e+00,6.0000000000e-01,0.0000000000e+00
0.0000000000e+00,6.0000000000e-01,0.0000000000e+00
0.0000000000e+00,6.0000000000e-01,0.0000000000e+00
0.0000000000e+00,6.0000000000e-01,0.0000000000e+00
0.0000000000e+00,6.0000000000e-01,0.0000000000e+00
0.0000000000e+00,6.0000000000e-01,0.0000000000e+00
0.0000000000e+00,6.0000000000e-01,0.0000000000e+00
0.0000000000e+00,6.0000000000e-01,0.0000000000e+00
0.0000000000e+00,6.0000000000e-01,0.0000000000e+00
0.0000000000e+00,6.0000000000e-01,0.0000000000e+00
0.0000000000e+00,6.0000000000e-01,0.0000000000e+00
0.0000000000e+00,6.0000000000e-01,0.0000000000e+00
0.0000000000e+00,6.0000000000e-01,0.0000000000e+00
0.0000000000e+00,6.0000000000e-01,0.0000000000e+00
0.0000000000e+00,6.0000000000e-01,0.0000000000e+00
0.0000000000e+00,6.0000000000e-01,0.0000000000e+00
0.0000000000e+00,6.0000000000e-01,0.0000000000e+00
0.0000000000e+00,6.0000000000e-01,0.0000000000e+00
0.0000000000e+00,6.0000000000e-01,0.0000000000e+00
0.0000000000e+00,6.0000000000e-01,0.0000000000e+00
0.0000000000e+00,6.0000000000e-01,0.0000000000e+00
0.0000000000e+00,6.0000000000e-01,0.0000000000e+00
0.0000000000e+00,6.0000000000e-01,0.0000000000e+00
0.0000000000e+00,6.0000000000e-01,0.0000000000e+00
0.0000000000e+00,6.0000000000e-01,0.0000000000e+00
0.0000000000e+00,6.0000000000e-01,0.0000000000e+00
0.0000000000e+00,6.0000000000e-01,0.0000000000e+00
0.0000000000e+00,6.0000000000e-01,0.0000000000e+00
0.0000000000e+00,6.0000000000e-01,0.0000000000e+00
0.0000000000e+00,6.0000000000e-01,0.0000000000e+00
0.0000000000e+00,6.0000000000e-01,0.0000000000e+00
0.0000000000e+00,6.0000000000e-01,0.0000000000e+00
0.0000000000e+00,6.0000000000e-01,0.0000000000e+00
0.0000000000e+00,6.0000000000e-01,0.0000000000e+00
0.0000000000e+00,6.0000000000e-01,0.0000000000e+00
0.0000000000e+00,6.0000000000e-01,0.0000000000e+00
0.0000000000e+00,6.0000000000e-01,0.0000000000e+00
0.0000000000e+00,6.0000000000e-01,0.0000000000e+00
0.0000000000e+00,6.0000000000e-01,0.0000000000e+00
0.0000000000e+00,6.0000000000e-01,0.0000000000e+00
0.0000000000e+00,6.0000000000e-01,0.0000000000e+00
0.0000000000e+00,6.0000000000e-01,0.0000000000e+00
0.0000000000e+00,6.0000000000e-01,0.0000000000e+00
0.0000000000e+00,6.0000000000e-01,0.0000000000e+00
0.0000000000e+00,6.0000000000e-01,0.0000000000e+00
0.0000000000e+00,6.0000000000e-01,0.0000000000e+00
0.0000000000e+00,6.0000000000e-01,0.0000000000e+00
0.0000000000e+00,6.0000000000e-01,0.0000000000e+00
0.0000000000e+00,6.0000000000e-01,0.0000000000e+00
0.0000000000e+00,6.0000000000e-01,0.0000000000e+00
0.0000000000e+00,6.0000000000e-01,0.0000000000e+00
0.0000000000e+00,6.0000000000e-01,0.0000000000e+00
0.0000000000e+00,6.0000000000e-01,0.0000000000e+00
0.0000000000e+00,6.0000000000e-01,0.0000000000e+00
0.0000000000e+00,6.0000000000e-01,0.0000000000e+00
0.0000000000e+00,6.0000000000e-01,0.0000000000e+00
0.0000000000e+00,6.0000000000e-01,0.0000000000e+00
0.0000000000e+00,6.0000000000e-01,0.0000000000e+00
0.0000000000e+00,6.0000000000e-01,0.0000000000e+00
0.0000000000e+00,6.0000000000e-01,0.0000000000e+00
0.0000000000e+00,6.0000000000e-01,0.0000000000e+00
0.0000000000e+00,6.0000000000e-01,0.0000000000e+00
0.0000000000e+00,6.0000000000e-01,0.0000000000e+00
0.0000000000e+00,6.0000000000e-01,0.0000000000e+00
0.0000000000e+00,6.0000000000e-01,0.0000000000e+00
0.0000000000e+00,6.0000000000e-01,0.0000000000e+00
0.0000000000e+00,6.0000000000e-01,0.0000000000e+00
0.0000000000e+00,6.0000000000e-01,0.0000000000e+00
0.0000000000e+00,6.0000000000e-01,0.0000000000e+00
0.0000000000e+00,6.0000000000e-01,0.0000000000e+00
0.0000000000e+00,6.0000000000e-01,0.0000000000e+00
0.0000000000e+00,6.0000000000e-01,0.0000000000e+00
0.0000000000e+00,6.0000000000e-01,0.0000000000e+00
0.0000000000e+00,6.0000000000e-01,0.0000000000e+00
0.0000000000e+00,6.0000000000e-01,0.0000000000e+00
0.0000000000e+00,6.0000000000e-01,0.0000000000e+00
0.0000000000e+00,6.0000000000e-01,0.0000000000e+00
0.0000000000e+00,6.0000000000e-01,0.0000000000e+00
0.0000000000e+00,6.0000000000e-01,0.0000000000e+00
0.0000000000e+00,6.0000000000e-01,0.0000000000e+00
0.0000000000e+00,6.0000000000e-01,0.0000000000e+00
0.0000000000e+00,6.0000000000e-01,0.0000000000e+00
0.0000000000e+00,6.0000000000e-01,0.0000000000e+00
0.0000000000e+00,6.0000000000e-01,0.0000000000e+00
0.0000000000e+00,6.0000000000e-01,0.0000000000e+00
0.0000000000e+00,6.0000000000e-01,0.0000000000e+00
0.0000000000e+00,6.0000000000e-01,0.0000000000e+00
0.0000000000e+00,6.0000000000e-01,0.0000000000e+00
0.0000000000e+00,6.0000000000e-01,0.0000000000e+00
0.0000000000e+00,6.0000000000e-01,0.0000000000e+00
0.0000000000e+00,6.0000000000e-01,0.0000000000e+00
0.0000000000e+00,6.0000000000e-01,0.0000000000e+00
0.0000000000e+00,6.0000000000e-01,0.0000000000e+00
0.0000000000e+00,6.0000000000e-01,0.0000000000e+00
0.0000000000e+00,6.0000000000e-01,0.0000000000e+00
0.0000000000e+00,6.0000000000e-01,0.0000000000e+00
0.0000000000e+00,6.0000000000e-01,0.0000000000e+00
0.0000000000e+00,6.0000000000e-01,0.0000000000e+00
0.0000000000e+00,6.0000000000e-01,0.0000000000e+00
0.0000000000e+00,6.0000000000e-01,0.0000000000e+00
0.0000000000e+00,6.0000000000e-01,0.0000000000e+00
0.0000000000e+00,6.0000000000e-01,0.0000000000e+00
0.0000000000e+00,6.0000000000e-01,0.0000000000e+00
0.0000000000e+00,6.0000000000e-01,0.0000000000e+00
0.0000000000e+00,6.0000000000e-01,0.0000000000e+00
0.0000000000e+00,6.0000000000e-01,0.0000000000e+00
0.0000000000e+00,6.0000000000e-01,0.0000000000e+00
0.0000000000e+00,6.0000000000e-01,0.0000000000e+00
0.0000000000e+00,6.0000000000e-01,0.0000000000e+00
0.0000000000e+00,6.0000000000e-01,0.0000000000e+00
0.0000000000e+00,6.0000000000e-01,0.0000000000e+00
0.0000000000e+00,6.0000000000e-01,0.0000000000e+00
0.0000000000e+00,6.0000000000e-01,0.0000000000e+00
0.0000000000e+00,6.0000000000e-01,0.0000000000e+00
0.0000000000e+00,6.0000000000e-01,0.0000000000e+00
0.0000000000e+00,6.0000000000e-01,0.0000000000e+00
0.0000000000e+00,6.0000000000e-01,0.0000000000e+00
0.0000000000e+00,6.0000000000e-01,0.0000000000e+00
0.0000000000e+00,6.0000000000e-01,0.0000000000e+00
0.0000000000e+00,6.0000000000e-01,0.0000000000e+00
0.0000000000e+00,6.0000000000e-01,0.0000000000e+00
0.0000000000e+00,6.0000000000e-01,0.0000000000e+00
0.0000000000e+00,6.0000000000e-01,0.0000000000e+00
0.0000000000e+00,6.0000000000e-01,0.0000000000e+00
0.0000000000e+00,6.0000000000e-01,0.0000000000e+00
0.0000000000e+00,6.0000000000e-01,0.0000000000e+00
0.0000000000e+00,6.0000000000e-01,0.0000000000e+00
0.0000000000e+00,6.0000000000e-01,0.0000000000e+00
0.0000000000e+00,6.0000000000e-01,0.0000000000e+00
0.0000000000e+00,6.0000000000e-01,0.0000000000e+00
0.0000000000e+00,6.0000000000e-01,0.0000000000e+00
0.0000000000e+00,6.0000000000e-01,0.0000000000e+00
0.0000000000e+00,6.0000000000e-01,0.0000000000e+00
0.0000000000e+00,6.0000000000e-01,0.0000000000e+00
0.0000000000e+00,6.0000000000e-01,0.0000000000e+00
0.0000000000e+00,6.0000000000e-01,0.0000000000e+00
0.0000000000e+00,6.0000000000e-01,0.0000000000e+00
0.0000000000e+00,6.0000000000e-01,0.0000000000e+00
0.0000000000e+00,6.0000000000e-01,0.0000000000e+00
0.0000000000e+00,6.0000000000e-01,0.0000000000e+00
0.0000000000e+00,6.0000000000e-01,0.0000000000e+00
0.0000000000e+00,6.0000000000e-01,0.0000000000e+00
0.0000000000e+00,6.0000000000e-01,0.0000000000e+00
0.0000000000e+00,6.0000000000e-01,0.0000000000e+00
0.0000000000e+00,6.0000000000e-01,0.0000000000e+00
0.0000000000e+00,6.0000000000e-01,0.0000000000e+00
0.0000000000e+00,6.0000000000e-01,0.0000000000e+00
0.0000000000e+00,6.0000000000e-01,0.0000000000e+00
0.0000000000e+00,6.0000000000e-01,0.0000000000e+00
0.0000000000e+00,6.0000000000e-01,0.0000000000e+00
0.0000000000e+00,6.0000000000e-01,0.0000000000e+00
0.0000000000e+00,6.0000000000e-01,0.0000000000e+00
0.0000000000e+00,6.0000000000e-01,0.0000000000e+00
0.0000000000e+00,6.0000000000e-01,0.0000000000e+00
0.0000000000e+00,6.0000000000e-01,0.0000000000e+00
0.0000000000e+00,6.0000000000e-01,0.0000000000e+00
0.0000000000e+00,6.0000000000e-01,0.0000000000e+00
0.0000000000e+00,6.0000000000e-01,0.0000000000e+00
0.0000000000e+00,6.0000000000e-01,0.0000000000e+00
0.0000000000e+00,6.0000000000e-01,0.0000000000e+00
0.0000000000e+00,6.0000000000e-01,0.0000000000e+00
0.0000000000e+00,6.0000000000e-01,0.0000000000e+00
0.0000000000e+00,6.0000000000e-01,0.0000000000e+00
0.0000000000e+00,6.0000000000e-01,0.0000000000e+00
0.0000000000e+00,6.0000000000e-01,0.0000000000e+00
0.0000000000e+00,6.0000000000e-01,0.0000000000e+00
0.0000000000e+00,6.0000000000e-01,0.0000000000e+00
0.0000000000e+00,6.0000000000e-01,0.0000000000e+00
0.0000000000e+00,6.0000000000e-01,0.0000000000e+00
0.0000000000e+00,6.0000000000e-01,0.0000000000e+00
0.0000000000e+00,6.0000000000e-01,0.0000000000e+00
0.0000000000e+00,6.0000000000e-01,0.0000000000e+00
0.0000000000e+00,6.0000000000e-01,0.0000000000e+00
0.0000000000e+00,6.0000000000e-01,0.0000000000e+00
0.0000000000e+00,6.0000000000e-01,0.0000000000e+00
0.0000000000e+00,6.0000000000e-01,0.0000000000e+00
0.0000000000e+00,6.0000000000e-01,0.0000000000e+00
0.0000000000e+00,6.0000000000e-01,0.0000000000e+00
0.0000000000e+00,6.0000000000e-01,0.0000000000e+00
0.0000000000e+00,6.0000000000e-01,0.0000000000e+00
0.0000000000e+00,6.0000000000e-01,0.0000000000e+00
0.0000000000e+00,6.0000000000e-01,0.0000000000e+00
0.0000000000e+00,6.0000000000e-01,0.0000000000e+00
0.0000000000e+00,6.0000000000e-01,0.0000000000e+00
0.0000000000e+00,6.0000000000e-01,0.0000000000e+00
0.0000000000e+00,6.0000000000e-01,0.0000000000e+00
0.0000000000e+00,6.0000000000e-01,0.0000000000e+00
0.0000000000e+00,6.0000000000e-01,0.0000000000e+00
0.0000000000e+00,6.0000000000e-01,0.0000000000e+00
0.0000000000e+00,6.0000000000e-01,0.0000000000e+00
0.0000000000e+00,6.0000000000e-01,0.0000000000e+00
0.0000000000e+00,6.0000000000e-01,0.0000000000e+00
0.0000000000e+00,6.0000000000e-01,0.0000000000e+00
0.0000000000e+00,6.0000000000e-01,0.0000000000e+00
0.0000000000e+00,6.0000000000e-01,0.0000000000e+00
0.0000000000e+00,6.0000000000e-01,0.0000000000e+00
0.0000000000e+00,6.0000000000e-01,0.0000000000e+00
0.0000000000e+00,6.0000000000e-01,0.0000000000e+00
0.0000000000e+00,6.0000000000e-01,0.0000000000e+00
0.0000000000e+00,6.0000000000e-01,0.0000000000e+00
0.0000000000e+00,6.0000000000e-01,0.0000000000e+00
0.0000000000e+00,6.0000000000e-01,0.0000000000e+00
0.0000000000e+00,6.0000000000e-01,0.0000000000e+00
0.0000000000e+00,6.0000000000e-01,0.0000000000e+00
0.0000000000e+00,6.0000000000e-01,0.0000000000e+00
0.0000000000e+00,7.0000000000e-01,0.0000000000e+00
0.0000000000e+00,8.0000000000e-01,0.0000000000e+00
0.0000000000e+00,9.0000000000e-01,0.0000000000e+00
1.1089233594e+01,1.0000000000e+00,1.1089233594e+01
2.2178467188e+01,1.0000000000e+00,2.2178467188e+01
3.3267700782e+01,1.0000000000e+00,3.3267700782e+01
4.8380638017e+01,1.0000000000e+00,4.8380638017e+01
5.7504803432e+01,1.0000000000e+00,5.7504803432e+01
5.8974736946e+01,1.0000000000e+00,5.8974736946e+01
5.5488790989e+01,1.0000000000e+00,5.5488790989e+01
5.3169837655e+01,1.0000000000e+00,5.3169837655e+01
5.9053122296e+01,1.0000000000e+00,5.9053122296e+01
7.6641016672e+01,1.0000000000e+00,7.6641016672e+01
1.0211158684e+02,1.0000000000e+00,1.0211158684e+02
1.2576065399e+02,1.0000000000e+00,1.2576065399e+02
1.3826796408e+02,1.0000000000e+00,1.3826796408e+02
1.3626916365e+02,1.0000000000e+00,1.3626916365e+02
1.2315242080e+02,1.0000000000e+00,1.2315242080e+02
1.0556934666e+02,1.0000000000e+00,1.0556934666e+02
8.9032966940e+01,1.0000000000e+00,8.9032966940e+01
7.5759777407e+01,1.0000000000e+00,7.5759777407e+01
6.5571085950e+01,1.0000000000e+00,6.5571085950e+01
5.8376823106e+01,1.0000000000e+00,5.8376823106e+01
5.5801407059e+01,1.0000000000e+00,5.5801407059e+01
6.9632370304e+01,1.0000000000e+00,6.9632370304e+01
8.3853607072e+01,1.0000000000e+00,8.3853607072e+01
9.8465117363e+01,1.0000000000e+00,9.8465117363e+01
1.1346690118e+02,1.0000000000e+00,1.1346690118e+02
1.2500000000e+02,1.0000000000e+00,1.2500000000e+02
1.1377365753e+02,1.0000000000e+00,1.1377365753e+02
9.9106883952e+01,1.0000000000e+00,9.9106883952e+01
8.4862674036e+01,1.0000000000e+00,8.4862674036e+01
7.1041027787e+01,1.0000000000e+00,7.1041027787e+01
5.7641945203e+01,1.0000000000e+00,5.7641945203e+01
7.4592447080e+01,1.0000000000e+00,7.4592447080e+01
8.9597899761e+01,1.0000000000e+00,8.9597899761e+01
1.0265830325e+02,1.0000000000e+00,1.0265830325e+02
1.1377365753e+02,1.0000000000e+00,1.1377365753e+02
1.2294396263e+02,1.0000000000e+00,1.2294396263e+02
1.2500000000e+02,1.0000000000e+00,1.2500000000e+02
1.1601083067e+02,1.0000000000e+00,1.1601083067e+02
1.0340613179e+02,1.0000000000e+00,1.0340613179e+02
8.8424182899e+01,1.0000000000e+00,8.8424182899e+01
7.1064983995e+01,1.0000000000e+00,7.1064983995e+01
7.5003010904e+01,1.0000000000e+00,7.5003010904e+01
7.9584192347e+01,1.0000000000e+00,7.9584192347e+01
7.6659496219e+01,1.0000000000e+00,7.6659496219e+01
6.4058802941e+01,1.0000000000e+00,6.4058802941e+01
4.7713759696e+01,1.0000000000e+00,4.7713759696e+01
3.7522502355e+01,1.0000000000e+00,3.7522502355e+01
5.7231129198e+01,1.0000000000e+00,5.7231129198e+01
7.5950323930e+01,1.0000000000e+00,7.5950323930e+01
9.3680086550e+01,1.0000000000e+00,9.3680086550e+01
1.1042041706e+02,1.0000000000e+00,1.1042041706e+02
1.2500000000e+02,1.0000000000e+00,1.2500000000e+02
1.3039094263e+02,1.0000000000e+00,1.3039094263e+02
1.2542192949e+02,1.0000000000e+00,1.2542192949e+02
1.1503361827e+02,1.0000000000e+00,1.1503361827e+02
1.0416666667e+02,1.0000000000e+00,1.0416666667e+02
9.2821074679e+01,1.0000000000e+00,9.2821074679e+01
8.0996842308e+01,1.0000000000e+00,8.0996842308e+01
6.8693969551e+01,1.0000000000e+00,6.8693969551e+01
5.5912456410e+01,1.0000000000e+00,5.5912456410e+01
4.2652302884e+01,1.0000000000e+00,4.2652302884e+01
3.5281769708e+01,1.0000000000e+00,3.5281769708e+01
3.0241516893e+01,1.0000000000e+00,3.0241516893e+01
2.5201264077e+01,1.0000000000e+00,2.5201264077e+01
2.0161011262e+01,1.0000000000e+00,2.0161011262e+01
1.5120758446e+01,1.0000000000e+00,1.5120758446e+01
1.0080505631e+01,1.0000000000e+00,1.0080505631e+01
5.0402528155e+00,1.0000000000e+00,5.0402528155e+00
0.0000000000e+00,9.0000000000e-01,0.0000000000e+00
0.0000000000e+00,8.0000000000e-01,0.0000000000e+00
0.0000000000e+00,7.0000000000e-01,0.0000000000e+00
0.0000000000e+00,6.0000000000e-01,0.0000000000e+00
0.0000000000e+00,6.0000000000e-01,0.0000000000e+00
0.0000000000e+00,6.0000000000e-01,0.0000000000e+00
0.0000000000e+00,6.0000000000e-01,0.0000000000e+00
0.0000000000e+00,6.0000000000e-01,0.0000000000e+00
0.0000000000e+00,6.0000000000e-01,0.0000000000e+00
0.0000000000e+00,6.0000000000e-01,0.0000000000e+00
0.0000000000e+00,6.0000000000e-01,0.0000000000e+00
0.0000000000e+00,7.0000000000e-01,0.0000000000e+00
0.0000000000e+00,8.0000000000e-01,0.0000000000e+00
0.0000000000e+00,9.0000000000e-01,0.0000000000e+00
1.4459499690e+01,1.0000000000e+00,1.4459499690e+01
2.8918999379e+01,1.0000000000e+00,2.8918999379e+01
4.3378499069e+01,1.0000000000e+00,4.3378499069e+01
5.9925070791e+01,1.0000000000e+00,5.9925070791e+01
6.8989626398e+01,1.0000000000e+00,6.8989626398e+01
6.9669391446e+01,1.0000000000e+00,6.9669391446e+01
6.5775774511e+01,1.0000000000e+00,6.5775774511e+01
6.2337873568e+01,1.0000000000e+00,6.2337873568e+01
6.1936687755e+01,1.0000000000e+00,6.1936687755e+01
6.3890901798e+01,1.0000000000e+00,6.3890901798e+01
6.5764187031e+01,1.0000000000e+00,6.5764187031e+01
6.5410325538e+01,1.0000000000e+00,6.5410325538e+01
6.2446096534e+01,1.0000000000e+00,6.2446096534e+01
5.8420043475e+01,1.0000000000e+00,5.8420043475e+01
5.5457534597e+01,1.0000000000e+00,5.5457534597e+01
5.4575647435e+01,1.0000000000e+00,5.4575647435e+01
6.9767289540e+01,1.0000000000e+00,6.9767289540e+01
8.4612330320e+01,1.0000000000e+00,8.4612330320e+01
9.9110769775e+01,1.0000000000e+00,9.9110769775e+01
1.1326260791e+02,1.0000000000e+00,1.1326260791e+02
1.2500000000e+02,1.0000000000e+00,1.2500000000e+02
1.2191587779e+02,1.0000000000e+00,1.2191587779e+02
1.0896868592e+02,1.0000000000e+00,1.0896868592e+02
9.3184713765e+01,1.0000000000e+00,9.3184713765e+01
7.4563961315e+01,1.0000000000e+00,7.4563961315e+01
5.3106428573e+01,1.0000000000e+00,5.3106428573e+01
2.8812115538e+01,1.0000000000e+00,2.8812115538e+01
3.5114506987e+01,1.0000000000e+00,3.5114506987e+01
4.5579948101e+01,1.0000000000e+00,4.5579948101e+01
5.4509857098e+01,1.0000000000e+00,5.4509857098e+01
5.7707357609e+01,1.0000000000e+00,5.7707357609e+01
5.5010265897e+01,1.0000000000e+00,5.5010265897e+01
4.9169996726e+01,1.0000000000e+00,4.9169996726e+01
4.3309495723e+01,1.0000000000e+00,4.3309495723e+01
3.9391881851e+01,1.0000000000e+00,3.9391881851e+01
3.8049981540e+01,1.0000000000e+00,3.8049981540e+01
3.9175837409e+01,1.0000000000e+00,3.9175837409e+01
4.2549798737e+01,1.0000000000e+00,4.2549798737e+01
4.7780908206e+01,1.0000000000e+00,4.7780908206e+01
5.3639519359e+01,1.0000000000e+00,5.3639519359e+01
5.7852997961e+01,1.0000000000e+00,5.7852997961e+01
5.7891328683e+01,1.0000000000e+00,5.7891328683e+01
5.2306313028e+01,1.0000000000e+00,5.2306313028e+01
4.2211955679e+01,1.0000000000e+00,4.2211955679e+01
3.1844670050e+01,1.0000000000e+00,3.1844670050e+01
2.6434287991e+01,1.0000000000e+00,2.6434287991e+01
2.8081434564e+01,1.0000000000e+00,2.8081434564e+01
3.3679842291e+01,1.0000000000e+00,3.3679842291e+01
3.7503526868e+01,1.0000000000e+00,3.7503526868e+01
3.5997439403e+01,1.0000000000e+00,3.5997439403e+01
3.0854948060e+01,1.0000000000e+00,3.0854948060e+01
2.5712456717e+01,1.0000000000e+00,2.5712456717e+01
2.0569965373e+01,1.0000000000e+00,2.0569965373e+01
1.5427474030e+01,1.0000000000e+00,1.5427474030e+01
1.0284982687e+01,1.0000000000e+00,1.0284982687e+01
5.1424913433e+00,1.0000000000e+00,5.1424913433e+00
0.0000000000e+00,9.0000000000e-01,0.0000000000e+00
0.0000000000e+00,8.0000000000e-01,0.0000000000e+00
0.0000000000e+00,7.0000000000e-01,0.0000000000e+00
0.0000000000e+00,6.0000000000e-01,0.0000000000e+00
0.0000000000e+00,6.0000000000e-01,0.0000000000e+00
0.0000000000e+00,6.0000000000e-01,0.0000000000e+00
0.0000000000e+00,6.0000000000e-01,0.0000000000e+00
0.0000000000e+00,6.0000000000e-01,0.0000000000e+00
0.0000000000e+00,6.0000000000e-01,0.0000000000e+00
0.0000000000e+00,6.0000000000e-01,0.0000000000e+00
0.0000000000e+00,6.0000000000e-01,0.0000000000e+00
0.0000000000e+00,6.0000000000e-01,0.0000000000e+00
0.0000000000e+00,6.0000000000e-01,0.0000000000e+00
0.0000000000e+00,6.0000000000e-01,0.0000000000e+00
0.0000000000e+00,6.0000000000e-01,0.0000000000e+00
0.0000000000e+00,6.0000000000e-01,0.0000000000e+00
0.0000000000e+00,6.0000000000e-01,0.0000000000e+00
0.0000000000e+00,6.0000000000e-01,0.0000000000e+00
0.0000000000e+00,6.0000000000e-01,0.0000000000e+00
0.0000000000e+00,6.0000000000e-01,0.0000000000e+00
0.0000000000e+00,6.0000000000e-01,0.0000000000e+00
0.0000000000e+00,6.0000000000e-01,0.0000000000e+00
0.0000000000e+00,7.0000000000e-01,0.0000000000e+00
0.0000000000e+00,8.0000000000e-01,0.0000000000e+00
0.0000000000e+00,9.0000000000e-01,0.0000000000e+00
1.0457360550e+01,1.0000000000e+00,1.0457360550e+01
2.0914721099e+01,1.0000000000e+00,2.0914721099e+01
3.1372081649e+01,1.0000000000e+00,3.1372081649e+01
5.9645307154e+01,1.0000000000e+00,5.9645307154e+01
7.9675893140e+01,1.0000000000e+00,7.9675893140e+01
8.2720811800e+01,1.0000000000e+00,8.2720811800e+01
7.1904652817e+01,1.0000000000e+00,7.1904652817e+01
6.0699491426e+01,1.0000000000e+00,6.0699491426e+01
6.2656836913e+01,1.0000000000e+00,6.2656836913e+01
8.1043788567e+01,1.0000000000e+00,8.1043788567e+01
1.0693281762e+02,1.0000000000e+00,1.0693281762e+02
1.2692909750e+02,1.0000000000e+00,1.2692909750e+02
1.3369149035e+02,1.0000000000e+00,1.3369149035e+02
1.3046889825e+02,1.0000000000e+00,1.3046889825e+02
1.2630726640e+02,1.0000000000e+00,1.2630726640e+02
1.2702191394e+02,1.0000000000e+00,1.2702191394e+02
1.3070423865e+02,1.0000000000e+00,1.3070423865e+02
1.3105154467e+02,1.0000000000e+00,1.3105154467e+02
1.2389763356e+02,1.0000000000e+00,1.2389763356e+02
1.1075407079e+02,1.0000000000e+00,1.1075407079e+02
9.6917437554e+01,1.0000000000e+00,9.6917437554e+01
8.6349679173e+01,1.0000000000e+00,8.6349679173e+01
7.8541437450e+01,1.0000000000e+00,7.8541437450e+01
7.0548745885e+01,1.0000000000e+00,7.0548745885e+01
6.1520448492e+01,1.0000000000e+00,6.1520448492e+01
5.4594547174e+01,1.0000000000e+00,5.4594547174e+01
5.4465558319e+01,1.0000000000e+00,5.4465558319e+01
7.2353073555e+01,1.0000000000e+00,7.2353073555e+01
8.8112028868e+01,1.0000000000e+00,8.8112028868e+01
1.0174242426e+02,1.0000000000e+00,1.0174242426e+02
1.1324425972e+02,1.0000000000e+00,1.1324425972e+02
1.2261753526e+02,1.0000000000e+00,1.2261753526e+02
1.2500000000e+02,1.0000000000e+00,1.2500000000e+02
1.1698353666e+02,1.0000000000e+00,1.1698353666e+02
1.0729294683e+02,1.0000000000e+00,1.0729294683e+02
9.7382364108e+01,1.0000000000e+00,9.7382364108e+01
8.7251788488e+01,1.0000000000e+00,8.7251788488e+01
7.6901219974e+01,1.0000000000e+00,7.6901219974e+01
7.8012957904e+01,1.0000000000e+00,7.8012957904e+01
7.9198785564e+01,1.0000000000e+00,7.9198785564e+01
7.6659970970e+01,1.0000000000e+00,7.6659970970e+01
6.8705470604e+01,1.0000000000e+00,6.8705470604e+01
5.7320425912e+01,1.0000000000e+00,5.7320425912e+01
4.7281124316e+01,1.0000000000e+00,4.7281124316e+01
4.2702236589e+01,1.0000000000e+00,4.2702236589e+01
5.3175415551e+01,1.0000000000e+00,5.3175415551e+01
6.3423319122e+01,1.0000000000e+00,6.3423319122e+01
7.3445947301e+01,1.0000000000e+00,7.3445947301e+01
8.3243300088e+01,1.0000000000e+00,8.3243300088e+01
9.2815377483e+01,1.0000000000e+00,9.2815377483e+01
1.0216217949e+02,1.0000000000e+00,1.0216217949e+02
1.1128370610e+02,1.0000000000e+00,1.1128370610e+02
1.2017995732e+02,1.0000000000e+00,1.2017995732e+02
1.2748464053e+02,1.0000000000e+00,1.2748464053e+02
1.2500000000e+02,1.0000000000e+00,1.2500000000e+02
1.1266528854e+02,1.0000000000e+00,1.1266528854e+02
9.8313778686e+01,1.0000000000e+00,9.8313778686e+01
8.3251015853e+01,1.0000000000e+00,8.3251015853e+01
6.7477000043e+01,1.0000000000e+00,6.7477000043e+01
5.0991731256e+01,1.0000000000e+00,5.0991731256e+01
5.6998734681e+01,1.0000000000e+00,5.6998734681e+01
7.4831621123e+01,1.0000000000e+00,7.4831621123e+01
9.8991716074e+01,1.0000000000e+00,9.8991716074e+01
1.1936817218e+02,1.0000000000e+00,1.1936817218e+02
1.2784944772e+02,1.0000000000e+00,1.2784944772e+02
1.2289764929e+02,1.0000000000e+00,1.2289764929e+02
1.0892417772e+02,1.0000000000e+00,1.0892417772e+02
9.2664187896e+01,1.0000000000e+00,9.2664187896e+01
7.9284533203e+01,1.0000000000e+00,7.9284533203e+01
7.0027817809e+01,1.0000000000e+00,7.0027817809e+01
6.2821285242e+01,1.0000000000e+00,6.2821285242e+01
5.5038108018e+01,1.0000000000e+00,5.5038108018e+01
4.5548728383e+01,1.0000000000e+00,4.5548728383e+01
3.9041767185e+01,1.0000000000e+00,3.9041767185e+01
3.2534805988e+01,1.0000000000e+00,3.2534805988e+01
2.6027844790e+01,1.0000000000e+00,2.6027844790e+01
1.9520883593e+01,1.0000000000e+00,1.9520883593e+01
1.3013922395e+01,1.0000000000e+00,1.3013922395e+01
6.5069611976e+00,1.0000000000e+00,6.5069611976e+00
0.0000000000e+00,1.0000000000e+00,0.0000000000e+00
0.0000000000e+00,1.0000000000e+00,0.0000000000e+00
0.0000000000e+00,1.0000000000e+00,0.0000000000e+00
0.0000000000e+00,1.0000000000e+00,0.0000000000e+00
0.0000000000e+00,1.0000000000e+00,0.0000000000e+00
0.0000000000e+00,1.0000000000e+00,0.0000000000e+00
1.4573690595e+01,1.0000000000e+00,1.4573690595e+01
2.9147381190e+01,1.0000000000e+00,2.9147381190e+01
4.3721071785e+01,1.0000000000e+00,4.3721071785e+01
6.4334566199e+01,1.0000000000e+00,6.4334566199e+01
7.6270718772e+01,1.0000000000e+00,7.6270718772e+01
7.7774876640e+01,1.0000000000e+00,7.7774876640e+01
7.4738882805e+01,1.0000000000e+00,7.4738882805e+01
8.8244515457e+01,1.0000000000e+00,8.8244515457e+01
9.9727103729e+01,1.0000000000e+00,9.9727103729e+01
1.0918664762e+02,1.0000000000e+00,1.0918664762e+02
1.1662314713e+02,1.0000000000e+00,1.1662314713e+02
1.2203660227e+02,1.0000000000e+00,1.2203660227e+02
1.2500000000e+02,1.0000000000e+00,1.2500000000e+02
1.2508632731e+02,1.0000000000e+00,1.2508632731e+02
1.2229558419e+02,1.0000000000e+00,1.2229558419e+02
1.1692800003e+02,1.0000000000e+00,1.1692800003e+02
1.1078495106e+02,1.0000000000e+00,1.1078495106e+02
1.0452608056e+02,1.0000000000e+00,1.0452608056e+02
1.0159064050e+02,1.0000000000e+00,1.0159064050e+02
9.7477345847e+01,1.0000000000e+00,9.7477345847e+01
8.9289818851e+01,1.0000000000e+00,8.9289818851e+01
7.6494677821e+01,1.0000000000e+00,7.6494677821e+01
6.3946713252e+01,1.0000000000e+00,6.3946713252e+01
5.4477016282e+01,1.0000000000e+00,5.4477016282e+01
4.5658119776e+01,1.0000000000e+00,4.5658119776e+01
4.2123511817e+01,1.0000000000e+00,4.2123511817e+01
3.6882374470e+01,1.0000000000e+00,3.6882374470e+01
3.1613463831e+01,1.0000000000e+00,3.1613463831e+01
2.6344553193e+01,1.0000000000e+00,2.6344553193e+01
2.1075642554e+01,1.0000000000e+00,2.1075642554e+01
2.6669577249e+01,1.0000000000e+00,2.6669577249e+01
4.1597727787e+01,1.0000000000e+00,4.1597727787e+01
6.2218076741e+01,1.0000000000e+00,6.2218076741e+01
8.2177676656e+01,1.0000000000e+00,8.2177676656e+01
9.5545495388e+01,1.0000000000e+00,9.5545495388e+01
1.0062270822e+02,1.0000000000e+00,1.0062270822e+02
1.0015388379e+02,1.0000000000e+00,1.0015388379e+02
9.8168744964e+01,1.0000000000e+00,9.8168744964e+01
9.6715221445e+01,1.0000000000e+00,9.6715221445e+01
9.5262533093e+01,1.0000000000e+00,9.5262533093e+01
9.2428834318e+01,1.0000000000e+00,9.2428834318e+01
8.7719512545e+01,1.0000000000e+00,8.7719512545e+01
8.2057958447e+01,1.0000000000e+00,8.2057958447e+01
7.7199330894e+01,1.0000000000e+00,7.7199330894e+01
7.4612565512e+01,1.0000000000e+00,7.4612565512e+01
8.4721364226e+01,1.0000000000e+00,8.4721364226e+01
9.3974716456e+01,1.0000000000e+00,9.3974716456e+01
1.0237262220e+02,1.0000000000e+00,1.0237262220e+02
1.0991508147e+02,1.0000000000e+00,1.0991508147e+02
1.1660209425e+02,1.0000000000e+00,1.1660209425e+02
1.2243366055e+02,1.0000000000e+00,1.2243366055e+02
1.2500000000e+02,1.0000000000e+00,1.2500000000e+02
1.2189133223e+02,1.0000000000e+00,1.2189133223e+02
1.1372073408e+02,1.0000000000e+00,1.1372073408e+02
1.0416666667e+02,1.0000000000e+00,1.0416666667e+02
9.3842206823e+01,1.0000000000e+00,9.3842206823e+01
8.2747354554e+01,1.0000000000e+00,8.2747354554e+01
7.0882109859e+01,1.0000000000e+00,7.0882109859e+01
6.2946234754e+01,1.0000000000e+00,6.2946234754e+01
5.2974174216e+01,1.0000000000e+00,5.2974174216e+01
4.0668240555e+01,1.0000000000e+00,4.0668240555e+01
3.4858491905e+01,1.0000000000e+00,3.4858491905e+01
2.9048743254e+01,1.0000000000e+00,2.9048743254e+01
2.3238994603e+01,1.0000000000e+00,2.3238994603e+01
1.7429245952e+01,1.0000000000e+00,1.7429245952e+01
1.1619497302e+01,1.0000000000e+00,1.1619497302e+01
5.8097486508e+00,1.0000000000e+00,5.8097486508e+00
0.0000000000e+00,9.0000000000e-01,0.0000000000e+00
0.0000000000e+00,8.0000000000e-01,0.0000000000e+00
0.0000000000e+00,7.0000000000e-01,0.0000000000e+00
0.0000000000e+00,6.0000000000e-01,0.0000000000e+00
0.0000000000e+00,6.0000000000e-01,0.0000000000e+00
0.0000000000e+00,6.0000000000e-01,0.0000000000e+00
0.0000000000e+00,6.0000000000e-01,0.0000000000e+00
0.0000000000e+00,6.0000000000e-01,0.0000000000e+00
0.0000000000e+00,6.0000000000e-01,0.0000000000e+00
0.0000000000e+00,6.0000000000e-01,0.0000000000e+00
0.0000000000e+00,6.0000000000e-01,0.0000000000e+00
0.0000000000e+00,7.0000000000e-01,0.0000000000e+00
0.0000000000e+00,8.0000000000e-01,0.0000000000e+00
0.0000000000e+00,9.0000000000e-01,0.0000000000e+00
1.1832913774e+01,1.0000000000e+00,1.1832913774e+01
2.3665827549e+01,1.0000000000e+00,2.3665827549e+01
3.5498741323e+01,1.0000000000e+00,3.5498741323e+01
4.4922276210e+01,1.0000000000e+00,4.4922276210e+01
4.6837661075e+01,1.0000000000e+00,4.6837661075e+01
4.3005808921e+01,1.0000000000e+00,4.3005808921e+01
3.7311616384e+01,1.0000000000e+00,3.7311616384e+01
3.2919625890e+01,1.0000000000e+00,3.2919625890e+01
3.1384124929e+01,1.0000000000e+00,3.1384124929e+01
3.2940862641e+01,1.0000000000e+00,3.2940862641e+01
3.7189407156e+01,1.0000000000e+00,3.7189407156e+01
4.4288805428e+01,1.0000000000e+00,4.4288805428e+01
5.5686091364e+01,1.0000000000e+00,5.5686091364e+01
7.2957800844e+01,1.0000000000e+00,7.2957800844e+01
9.5361635651e+01,1.0000000000e+00,9.5361635651e+01
1.1872021083e+02,1.0000000000e+00,1.1872021083e+02
1.3730395090e+02,1.0000000000e+00,1.3730395090e+02
1.4682750065e+02,1.0000000000e+00,1.4682750065e+02
1.4555589101e+02,1.0000000000e+00,1.4555589101e+02
1.3393309227e+02,1.0000000000e+00,1.3393309227e+02
1.1493612723e+02,1.0000000000e+00,1.1493612723e+02
9.4546353957e+01,1.0000000000e+00,9.4546353957e+01
8.0213458318e+01,1.0000000000e+00,8.0213458318e+01
7.7266355974e+01,1.0000000000e+00,7.7266355974e+01
8.5443107467e+01,1.0000000000e+00,8.5443107467e+01
9.8625411087e+01,1.0000000000e+00,9.8625411087e+01
1.0883558738e+02,1.0000000000e+00,1.0883558738e+02
1.1126859540e+02,1.0000000000e+00,1.1126859540e+02
1.0636954226e+02,1.0000000000e+00,1.0636954226e+02
9.8199880766e+01,1.0000000000e+00,9.8199880766e+01
9.0937195395e+01,1.0000000000e+00,9.0937195395e+01
8.6058554120e+01,1.0000000000e+00,8.6058554120e+01
8.2066700491e+01,1.0000000000e+00,8.2066700491e+01
7.6680058195e+01,1.0000000000e+00,7.6680058195e+01
6.9198163669e+01,1.0000000000e+00,6.9198163669e+01
6.0827090598e+01,1.0000000000e+00,6.0827090598e+01
5.3564930024e+01,1.0000000000e+00,5.3564930024e+01
4.9411259356e+01,1.0000000000e+00,4.9411259356e+01
4.9870526004e+01,1.0000000000e+00,4.9870526004e+01
5.4990079439e+01,1.0000000000e+00,5.4990079439e+01
6.2418470120e+01,1.0000000000e+00,6.2418470120e+01
6.7838618829e+01,1.0000000000e+00,6.7838618829e+01
6.7515949870e+01,1.0000000000e+00,6.7515949870e+01
6.1595599410e+01,1.0000000000e+00,6.1595599410e+01
5.4913420497e+01,1.0000000000e+00,5.4913420497e+01
5.3248481925e+01,1.0000000000e+00,5.3248481925e+01
5.7207855147e+01,1.0000000000e+00,5.7207855147e+01
5.9985191088e+01,1.0000000000e+00,5.9985191088e+01
5.3300663208e+01,1.0000000000e+00,5.3300663208e+01
4.5686282750e+01,1.0000000000e+00,4.5686282750e+01
3.8071902291e+01,1.0000000000e+00,3.8071902291e+01
3.0457521833e+01,1.0000000000e+00,3.0457521833e+01
3.2880042465e+01,1.0000000000e+00,3.2880042465e+01
4.9320063698e+01,1.0000000000e+00,4.9320063698e+01
7.8708547929e+01,1.0000000000e+00,7.8708547929e+01
1.0416666667e+02,1.0000000000e+00,1.0416666667e+02
1.2500000000e+02,1.0000000000e+00,1.2500000000e+02
1.3329346922e+02,1.0000000000e+00,1.3329346922e+02
1.2818624053e+02,1.0000000000e+00,1.2818624053e+02
1.1627755824e+02,1.0000000000e+00,1.1627755824e+02
1.0416666667e+02,1.0000000000e+00,1.0416666667e+02
9.1853565816e+01,1.0000000000e+00,9.1853565816e+01
7.9338255685e+01,1.0000000000e+00,7.9338255685e+01
7.0741305602e+01,1.0000000000e+00,7.0741305602e+01
6.3104532120e+01,1.0000000000e+00,6.3104532120e+01
5.4042861169e+01,1.0000000000e+00,5.4042861169e+01
4.2487107468e+01,1.0000000000e+00,4.2487107468e+01
3.6417520687e+01,1.0000000000e+00,3.6417520687e+01
3.0347933906e+01,1.0000000000e+00,3.0347933906e+01
2.4278347125e+01,1.0000000000e+00,2.4278347125e+01
1.8208760343e+01,1.0000000000e+00,1.8208760343e+01
1.2139173562e+01,1.0000000000e+00,1.2139173562e+01
6.0695867812e+00,1.0000000000e+00,6.0695867812e+00
0.0000000000e+00,9.0000000000e-01,0.0000000000e+00
0.0000000000e+00,8.0000000000e-01,0.0000000000e+00
0.0000000000e+00,7.0000000000e-01,0.0000000000e+00
0.0000000000e+00,6.0000000000e-01,0.0000000000e+00
0.0000000000e+00,6.0000000000e-01,0.0000000000e+00
0.0000000000e+00,6.0000000000e-01,0.0000000000e+00
0.0000000000e+00,6.0000000000e-01,0.0000000000e+00
0.0000000000e+00,6.0000000000e-01,0.0000000000e+00
0.0000000000e+00,6.0000000000e-01,0.0000000000e+00
0.0000000000e+00,6.0000000000e-01,0.0000000000e+00
0.0000000000e+00,6.0000000000e-01,0.0000000000e+00
0.0000000000e+00,6.0000000000e-01,0.0000000000e+00
0.0000000000e+00,7.0000000000e-01,0.0000000000e+00
0.0000000000e+00,8.0000000000e-01,0.0000000000e+00
0.0000000000e+00,9.0000000000e-01,0.0000000000e+00
1.0627414290e+01,1.0000000000e+00,1.0627414290e+01
2.1254828579e+01,1.0000000000e+00,2.1254828579e+01
3.1882242869e+01,1.0000000000e+00,3.1882242869e+01
4.3744287205e+01,1.0000000000e+00,4.3744287205e+01
5.4196690721e+01,1.0000000000e+00,5.4196690721e+01
6.0081090547e+01,1.0000000000e+00,6.0081090547e+01
6.1401575970e+01,1.0000000000e+00,6.1401575970e+01
6.0993450822e+01,1.0000000000e+00,6.0993450822e+01
6.1240934763e+01,1.0000000000e+00,6.1240934763e+01
6.1870914970e+01,1.0000000000e+00,6.1870914970e+01
6.1335716600e+01,1.0000000000e+00,6.1335716600e+01
5.9137834377e+01,1.0000000000e+00,5.9137834377e+01
5.6311721465e+01,1.0000000000e+00,5.6311721465e+01
5.4667920998e+01,1.0000000000e+00,5.4667920998e+01
5.5549691078e+01,1.0000000000e+00,5.5549691078e+01
5.8078644816e+01,1.0000000000e+00,5.8078644816e+01
5.8612507098e+01,1.0000000000e+00,5.8612507098e+01
5.3423031308e+01,1.0000000000e+00,5.3423031308e+01
4.2952593510e+01,1.0000000000e+00,4.2952593510e+01
3.3146577296e+01,1.0000000000e+00,3.3146577296e+01
3.1586905259e+01,1.0000000000e+00,3.1586905259e+01
4.1262576629e+01,1.0000000000e+00,4.1262576629e+01
5.7418534351e+01,1.0000000000e+00,5.7418534351e+01
7.0438316922e+01,1.0000000000e+00,7.0438316922e+01
7.2611662267e+01,1.0000000000e+00,7.2611662267e+01
6.3660790226e+01,1.0000000000e+00,6.3660790226e+01
5.1042280950e+01,1.0000000000e+00,5.1042280950e+01
4.4568503229e+01,1.0000000000e+00,4.4568503229e+01
6.2387814295e+01,1.0000000000e+00,6.2387814295e+01
7.9498625869e+01,1.0000000000e+00,7.9498625869e+01
9.5900937950e+01,1.0000000000e+00,9.5900937950e+01
1.1159475054e+02,1.0000000000e+00,1.1159475054e+02
1.2500000000e+02,1.0000000000e+00,1.2500000000e+02
1.2663630453e+02,1.0000000000e+00,1.2663630453e+02
1.1651302037e+02,1.0000000000e+00,1.1651302037e+02
1.0416666667e+02,1.0000000000e+00,1.0416666667e+02
9.1186663297e+01,1.0000000000e+00,9.1186663297e+01
7.7573010257e+01,1.0000000000e+00,7.7573010257e+01
6.4635968018e+01,1.0000000000e+00,6.4818375257e+01
5.5126802091e+01,1.0000000000e+00,5.5630070154e+01
4.3284968927e+01,1.0000000000e+00,4.2112925364e+01
4.3968097877e+01,1.0000000000e+00,3.7470132357e+01
3.6309877831e+01,1.0000000000e+00,3.1159069551e+01
2.6394233244e+01,1.0000000000e+00,3.7917735538e+01
4.0956447986e+01,1.0000000000e+00,5.7149622930e+01
1.1708900092e+02,1.0000000000e+00,1.0675113352e+02
1.5293321589e+02,1.0000000000e+00,1.3058664318e+02
9.6978375217e+01,1.0000000000e+00,1.0272900838e+02
5.8902362170e+01,1.0000000000e+00,8.3209043863e+01
6.9673215166e+01,1.0000000000e+00,7.3458452557e+01
8.5258778173e+01,1.0000000000e+00,6.4670803254e+01
5.8082313865e+01,1.0000000000e+00,4.7330748487e+01
1.5504267403e+01,1.0000000000e+00,2.6910377290e+01
3.3053204710e+00,1.0000000000e+00,1.2565825999e+01
2.1484953135e+00,9.0000000000e-01,4.2969906270e-01
3.1188755356e+00,8.0000000000e-01,6.2377510711e-01
3.7272205682e-01,7.0000000000e-01,7.4544411363e-02
0.0000000000e+00,6.0000000000e-01,0.0000000000e+00
0.0000000000e+00,6.0000000000e-01,0.0000000000e+00
0.0000000000e+00,6.0000000000e-01,0.0000000000e+00
0.0000000000e+00,6.0000000000e-01,0.0000000000e+00
0.0000000000e+00,6.0000000000e-01,0.0000000000e+00
0.0000000000e+00,6.0000000000e-01,0.0000000000e+00
0.0000000000e+00,6.0000000000e-01,0.0000000000e+00
0.0000000000e+00,6.0000000000e-01,0.0000000000e+00
0.0000000000e+00,6.0000000000e-01,0.0000000000e+00
0.0000000000e+00,6.0000000000e-01,0.0000000000e+00
0.0000000000e+00,6.0000000000e-01,0.0000000000e+00
0.0000000000e+00,6.0000000000e-01,0.0000000000e+00
0.0000000000e+00,6.0000000000e-01,0.0000000000e+00
0.0000000000e+00,6.0000000000e-01,0.0000000000e+00
0.0000000000e+00,6.0000000000e-01,0.0000000000e+00
0.0000000000e+00,6.0000000000e-01,0.0000000000e+00
0.0000000000e+00,6.0000000000e-01,0.0000000000e+00
0.0000000000e+00,6.0000000000e-01,0.0000000000e+00
0.0000000000e+00,6.0000000000e-01,0.0000000000e+00
0.0000000000e+00,6.0000000000e-01,0.0000000000e+00
0.0000000000e+00,7.0000000000e-01,0.0000000000e+00
0.0000000000e+00,8.0000000000e-01,0.0000000000e+00
0.0000000000e+00,9.0000000000e-01,0.0000000000e+00
1.2031544849e+01,1.0000000000e+00,1.2031544849e+01
2.4063089697e+01,1.0000000000e+00,2.4063089697e+01
3.6094634546e+01,1.0000000000e+00,3.6094634546e+01
5.5018323158e+01,1.0000000000e+00,5.5018323158e+01
6.3236368759e+01,1.0000000000e+00,6.3236368759e+01
5.9288180835e+01,1.0000000000e+00,5.9288180835e+01
5.1321579984e+01,1.0000000000e+00,5.1321579984e+01
5.0900966931e+01,1.0000000000e+00,5.0900966931e+01
6.4140386916e+01,1.0000000000e+00,6.4140386916e+01
8.7857837313e+01,1.0000000000e+00,8.7857837313e+01
1.1315357875e+02,1.0000000000e+00,1.1315357875e+02
1.3234379245e+02,1.0000000000e+00,1.3234379245e+02
1.4309177567e+02,1.0000000000e+00,1.4309177567e+02
1.4706336330e+02,1.0000000000e+00,1.4706336330e+02
1.4606319122e+02,1.0000000000e+00,1.4606319122e+02
1.4038897818e+02,1.0000000000e+00,1.4038897818e+02
1.3042803077e+02,1.0000000000e+00,1.3042803077e+02
1.1842571543e+02,1.0000000000e+00,1.1842571543e+02
1.0764296592e+02,1.0000000000e+00,1.0764296592e+02
9.9937293977e+01,1.0000000000e+00,9.9937293977e+01
9.5001249085e+01,1.0000000000e+00,9.5001249085e+01
9.2047025079e+01,1.0000000000e+00,9.2047025079e+01
9.1456494700e+01,1.0000000000e+00,9.1456494700e+01
9.4185793690e+01,1.0000000000e+00,9.4185793690e+01
9.9576827156e+01,1.0000000000e+00,9.9576827156e+01
1.0438718806e+02,1.0000000000e+00,1.0438718806e+02
1.0445415188e+02,1.0000000000e+00,1.0445415188e+02
9.7304261238e+01,1.0000000000e+00,9.7304261238e+01
8.3982100404e+01,1.0000000000e+00,8.3982100404e+01
6.9361106514e+01,1.0000000000e+00,6.9361106514e+01
5.9577135237e+01,1.0000000000e+00,5.9577135237e+01
5.7643746610e+01,1.0000000000e+00,5.7643746610e+01
6.6535274953e+01,1.0000000000e+00,6.3025245482e+01
7.7434104815e+01,1.0000000000e+00,7.1777781574e+01
7.4650803132e+01,1.0000000000e+00,7.9508725867e+01
7.6571704263e+01,1.0000000000e+00,8.8812866764e+01
1.0384770123e+02,1.0000000000e+00,1.0187449326e+02
1.2325689059e+02,1.0000000000e+00,1.0976664164e+02
1.1074900330e+02,1.0000000000e+00,1.0639504322e+02
8.4644624910e+01,1.0000000000e+00,9.6158344490e+01
7.0920116782e+01,1.0000000000e+00,8.6837740606e+01
8.3440052903e+01,1.0000000000e+00,8.4222519861e+01
1.0767010534e+02,1.0000000000e+00,8.7687725983e+01
1.1119901011e+02,1.0000000000e+00,9.2408822630e+01
8.7792553971e+01,1.0000000000e+00,9.8122530947e+01
8.7407209106e+01,1.0000000000e+00,1.1349638366e+02
1.4591771872e+02,1.0000000000e+00,1.4061897794e+02
1.8239409905e+02,1.0000000000e+00,1.5617076596e+02
1.3740202341e+02,1.0000000000e+00,1.4376894368e+02
1.0314890077e+02,1.0000000000e+00,1.2371666649e+02
1.1627797476e+02,1.0000000000e+00,1.1043861411e+02
1.1313958330e+02,1.0000000000e+00,9.8129490452e+01
8.5237676325e+01,1.0000000000e+00,8.7431503222e+01
7.0564719530e+01,1.0000000000e+00,8.4310329114e+01
8.4297536404e+01,1.0000000000e+00,8.9691279692e+01
1.1312826733e+02,1.0000000000e+00,1.0011385239e+02
1.2817295832e+02,1.0000000000e+00,1.0939149539e+02
1.1056272893e+02,1.0000000000e+00,1.1239516040e+02
8.7632282463e+01,1.0000000000e+00,1.1232577622e+02
9.9904643961e+01,1.0000000000e+00,1.1531117952e+02
1.3402529910e+02,1.0000000000e+00,1.1816495779e+02
1.3528915897e+02,1.0000000000e+00,1.1123275483e+02
9.0985772296e+01,1.0000000000e+00,9.4515726459e+01
5.7681696132e+01,1.0000000000e+00,8.1891715116e+01
7.5740872954e+01,1.0000000000e+00,8.2722288769e+01
1.0846626919e+02,1.0000000000e+00,8.9376929256e+01
1.0538175468e+02,1.0000000000e+00,9.0641173913e+01
7.4401698089e+01,1.0000000000e+00,8.6706988389e+01
6.5780244700e+01,1.0000000000e+00,8.5769806779e+01
9.2925984432e+01,1.0000000000e+00,8.8438116660e+01
1.0465412725e+02,1.0000000000e+00,8.3572584292e+01
6.9775841515e+01,1.0000000000e+00,6.6039472856e+01
2.8352488014e+01,1.0000000000e+00,4.5831130980e+01
3.0566125886e+01,1.0000000000e+00,4.0536625215e+01
5.0014835931e+01,1.0000000000e+00,3.8689133884e+01
4.3596533630e+01,1.0000000000e+00,3.1668240084e+01
1.6099392743e+01,1.0000000000e+00,2.0431578567e+01
4.4263059803e+00,1.0000000000e+00,1.2359727875e+01
5.1889154493e+00,1.0000000000e+00,6.7750164295e+00
0.0000000000e+00,1.0000000000e+00,0.0000000000e+00
0.0000000000e+00,1.0000000000e+00,0.0000000000e+00
0.0000000000e+00,1.0000000000e+00,0.0000000000e+00
0.0000000000e+00,1.0000000000e+00,0.0000000000e+00
0.0000000000e+00,1.0000000000e+00,0.0000000000e+00
0.0000000000e+00,1.0000000000e+00,0.0000000000e+00
1.6884584215e+01,1.0000000000e+00,1.6884584215e+01
3.3769168431e+01,1.0000000000e+00,3.3769168431e+01
5.0653752646e+01,1.0000000000e+00,5.0653752646e+01
7.9763973462e+01,1.0000000000e+00,7.9763973462e+01
1.0197498867e+02,1.0000000000e+00,1.0197498867e+02
1.1452315211e+02,1.0000000000e+00,1.1452315211e+02
1.2018468751e+02,1.0000000000e+00,1.2018468751e+02
1.2307958345e+02,1.0000000000e+00,1.2307958345e+02
1.2545741367e+02,1.0000000000e+00,1.2545741367e+02
1.2768512062e+02,1.0000000000e+00,1.2768512062e+02
1.2998386075e+02,1.0000000000e+00,1.2998386075e+02
1.3335143474e+02,1.0000000000e+00,1.3335143474e+02
1.3826284494e+02,1.0000000000e+00,1.3826284494e+02
1.4266299307e+02,1.0000000000e+00,1.4266299307e+02
1.4260708444e+02,1.0000000000e+00,1.4260708444e+02
1.3605707924e+02,1.0000000000e+00,1.3605707924e+02
1.2582711502e+02,1.0000000000e+00,1.2582711502e+02
1.1794494782e+02,1.0000000000e+00,1.1794494782e+02
1.1647320238e+02,1.0000000000e+00,1.1647320238e+02
1.1984369603e+02,1.0000000000e+00,1.1984369603e+02
1.2281495016e+02,1.0000000000e+00,1.2281495016e+02
1.2210403325e+02,1.0000000000e+00,1.2210403325e+02
1.1926604530e+02,1.0000000000e+00,1.1926604530e+02
1.1785023720e+02,1.0000000000e+00,1.1785023720e+02
1.1888749462e+02,1.0000000000e+00,1.1888749462e+02
1.2011565239e+02,1.0000000000e+00,1.2011565239e+02
1.1898293814e+02,1.0000000000e+00,1.1898293814e+02
1.1523787535e+02,1.0000000000e+00,1.1523787535e+02
1.1058719560e+02,1.0000000000e+00,1.1059468844e+02
1.0611558272e+02,1.0000000000e+00,1.0649812401e+02
1.0166724926e+02,1.0000000000e+00,1.0276216973e+02
9.8682150451e+01,1.0000000000e+00,9.8570571681e+01
9.7426838125e+01,1.0000000000e+00,9.3448139058e+01
9.0481335912e+01,1.0000000000e+00,8.6780590478e+01
7.6502367407e+01,1.0000000000e+00,7.9883845371e+01
7.0991538652e+01,1.0000000000e+00,7.7042915816e+01
8.3162779345e+01,1.0000000000e+00,8.0521303364e+01
9.4494111257e+01,1.0000000000e+00,8.6379785987e+01
8.9277212424e+01,1.0000000000e+00,9.0325835640e+01
8.3623467997e+01,1.0000000000e+00,9.3289790060e+01
9.0929561326e+01,1.0000000000e+00,9.5669533854e+01
1.0268333889e+02,1.0000000000e+00,9.5623321088e+01
1.0543327592e+02,1.0000000000e+00,9.2990088986e+01
9.2744361534e+01,1.0000000000e+00,8.9664739417e+01
7.5737384223e+01,1.0000000000e+00,8.9415422474e+01
8.2349524909e+01,1.0000000000e+00,9.6910987358e+01
1.1905895173e+02,1.0000000000e+00,1.1029269668e+02
1.3837759744e+02,1.0000000000e+00,1.1600772202e+02
1.0369100926e+02,1.0000000000e+00,1.0456577446e+02
6.3242652205e+01,1.0000000000e+00,8.7397467018e+01
7.1141676006e+01,1.0000000000e+00,7.9506929677e+01
9.7697344979e+01,1.0000000000e+00,7.7574105448e+01
8.5503036228e+01,1.0000000000e+00,6.9436131551e+01
4.2924297021e+01,1.0000000000e+00,5.5234534248e+01
2.5579387081e+01,1.0000000000e+00,4.6720814469e+01
5.1052111508e+01,1.0000000000e+00,4.9520800090e+01
7.6925815363e+01,1.0000000000e+00,5.5385243431e+01
6.3732301479e+01,1.0000000000e+00,5.3551815143e+01
2.8774091784e+01,1.0000000000e+00,4.4445166648e+01
1.9285738899e+01,1.0000000000e+00,3.7705213523e+01
4.3853265492e+01,1.0000000000e+00,3.7815827958e+01
5.8271851376e+01,1.0000000000e+00,3.7638267839e+01
3.2898276141e+01,1.0000000000e+00,3.0218378158e+01
3.4398372904e+00,1.0000000000e+00,2.0949729969e+01
1.1751485801e+01,1.0000000000e+00,1.9235099252e+01
3.0052174607e+01,1.0000000000e+00,1.9518276595e+01
2.2227534924e+01,1.0000000000e+00,1.4576388240e+01
4.2629281449e+00,1.0000000000e+00,7.6065064659e+00
0.0000000000e+00,1.0000000000e+00,3.2185125913e+00
1.1879787168e-01,9.0000000000e-01,2.3759574336e-02
9.7036258880e-01,8.0000000000e-01,1.9407251776e-01
1.1487635299e-01,7.0000000000e-01,2.2975270598e-02
0.0000000000e+00,6.0000000000e-01,0.0000000000e+00
0.0000000000e+00,6.0000000000e-01,0.0000000000e+00
0.0000000000e+00,6.0000000000e-01,0.0000000000e+00
0.0000000000e+00,6.0000000000e-01,0.0000000000e+00
0.0000000000e+00,6.0000000000e-01,0.0000000000e+00
0.0000000000e+00,6.0000000000e-01,0.0000000000e+00
0.0000000000e+00,6.0000000000e-01,0.0000000000e+00
0.0000000000e+00,6.0000000000e-01,0.0000000000e+00
0.0000000000e+00,6.0000000000e-01,0.0000000000e+00
0.0000000000e+00,6.0000000000e-01,0.0000000000e+00
0.0000000000e+00,6.0000000000e-01,0.0000000000e+00
0.0000000000e+00,6.0000000000e-01,0.0000000000e+00
0.0000000000e+00,6.0000000000e-01,0.0000000000e+00
0.0000000000e+00,6.0000000000e-01,0.0000000000e+00
0.0000000000e+00,6.0000000000e-01,0.0000000000e+00
0.0000000000e+00,6.0000000000e-01,0.0000000000e+00
0.0000000000e+00,6.0000000000e-01,0.0000000000e+00
0.0000000000e+00,6.0000000000e-01,0.0000000000e+00
0.0000000000e+00,6.0000000000e-01,0.0000000000e+00
0.0000000000e+00,6.0000000000e-01,0.0000000000e+00
0.0000000000e+00,6.0000000000e-01,0.0000000000e+00
0.0000000000e+00,6.0000000000e-01,0.0000000000e+00
0.0000000000e+00,6.0000000000e-01,0.0000000000e+00
0.0000000000e+00,6.0000000000e-01,0.0000000000e+00
0.0000000000e+00,6.0000000000e-01,0.0000000000e+00
0.0000000000e+00,6.0000000000e-01,0.0000000000e+00
0.0000000000e+00,6.0000000000e-01,0.0000000000e+00
0.0000000000e+00,6.0000000000e-01,0.0000000000e+00
0.0000000000e+00,6.0000000000e-01,0.0000000000e+00
0.0000000000e+00,6.0000000000e-01,0.0000000000e+00
0.0000000000e+00,6.0000000000e-01,0.0000000000e+00
0.0000000000e+00,6.0000000000e-01,0.0000000000e+00
0.0000000000e+00,6.0000000000e-01,0.0000000000e+00
0.0000000000e+00,6.0000000000e-01,0.0000000000e+00
0.0000000000e+00,6.0000000000e-01,0.0000000000e+00
0.0000000000e+00,6.0000000000e-01,0.0000000000e+00
0.0000000000e+00,6.0000000000e-01,0.0000000000e+00
0.0000000000e+00,6.0000000000e-01,0.0000000000e+00
0.0000000000e+00,6.0000000000e-01,0.0000000000e+00
0.0000000000e+00,6.0000000000e-01,0.0000000000e+00
0.0000000000e+00,6.0000000000e-01,0.0000000000e+00
0.0000000000e+00,7.0000000000e-01,0.0000000000e+00
0.0000000000e+00,8.0000000000e-01,0.0000000000e+00
0.0000000000e+00,9.0000000000e-01,0.0000000000e+00
1.0865794670e+01,1.0000000000e+00,1.0865794670e+01
2.1731589341e+01,1.0000000000e+00,2.1731589341e+01
3.2597384011e+01,1.0000000000e+00,3.2597384011e+01
4.1874674184e+01,1.0000000000e+00,4.1874674184e+01
5.1669065785e+01,1.0000000000e+00,5.1669065785e+01
6.0367100427e+01,1.0000000000e+00,6.0367100427e+01
6.7119112692e+01,1.0000000000e+00,6.7119112692e+01
7.9736956820e+01,1.0000000000e+00,7.9736956820e+01
9.2086141479e+01,1.0000000000e+00,9.2086141479e+01
1.0416666667e+02,1.0000000000e+00,1.0416666667e+02
1.1597853238e+02,1.0000000000e+00,1.1597853238e+02
1.2598881803e+02,1.0000000000e+00,1.2598881803e+02
1.2500000000e+02,1.0000000000e+00,1.2500000000e+02
1.1296981636e+02,1.0000000000e+00,1.1296981636e+02
9.8842219157e+01,1.0000000000e+00,9.8842219157e+01
8.4107867057e+01,1.0000000000e+00,8.4107867057e+01
6.8766760063e+01,1.0000000000e+00,6.8766760063e+01
5.2818898174e+01,1.0000000000e+00,5.2818898174e+01
5.9157367123e+01,1.0000000000e+00,5.9157367123e+01
7.5819516129e+01,1.0000000000e+00,7.5819516129e+01
9.8898581954e+01,1.0000000000e+00,9.8898581954e+01
1.2140347005e+02,1.0000000000e+00,1.2140347005e+02
1.3599174590e+02,1.0000000000e+00,1.3599174590e+02
1.3895819471e+02,1.0000000000e+00,1.3895819471e+02
1.3247284158e+02,1.0000000000e+00,1.3247284158e+02
1.2235253006e+02,1.0000000000e+00,1.2235253006e+02
1.1385093887e+02,1.0000000000e+00,1.1385093887e+02
1.0942452950e+02,1.0000000000e+00,1.0942452950e+02
1.0855933284e+02,1.0000000000e+00,1.0855933284e+02
1.0869217274e+02,1.0000000000e+00,1.0869217274e+02
1.0747828700e+02,1.0000000000e+00,1.0747828700e+02
1.0495353315e+02,1.0000000000e+00,1.0495353315e+02
1.0318332543e+02,1.0000000000e+00,1.0318332543e+02
1.0404450583e+02,1.0000000000e+00,1.0404450583e+02
1.0777470235e+02,1.0000000000e+00,1.0777470235e+02
1.1315057286e+02,1.0000000000e+00,1.1315057286e+02
1.1838710950e+02,1.0000000000e+00,1.1838710950e+02
1.2199704916e+02,1.0000000000e+00,1.2199704916e+02
1.2324944445e+02,1.0000000000e+00,1.2324944445e+02
1.2205790652e+02,1.0000000000e+00,1.2205790652e+02
1.1874286590e+02,1.0000000000e+00,1.1874286590e+02
1.1420730399e+02,1.0000000000e+00,1.1420730399e+02
1.1003677316e+02,1.0000000000e+00,1.1003677316e+02
1.0769216187e+02,1.0000000000e+00,1.0769216187e+02
1.0734182505e+02,1.0000000000e+00,1.0734182505e+02
1.0788084766e+02,1.0000000000e+00,1.0788084766e+02
1.0833389283e+02,1.0000000000e+00,1.0833389283e+02
1.0884838081e+02,1.0000000000e+00,1.0884838081e+02
1.1001340572e+02,1.0000000000e+00,1.1001340572e+02
1.1159538410e+02,1.0000000000e+00,1.1159538410e+02
1.1236478383e+02,1.0000000000e+00,1.1236478383e+02
1.1108944992e+02,1.0000000000e+00,1.1108944992e+02
1.0769655719e+02,1.0000000000e+00,1.0769655719e+02
1.0356501078e+02,1.0000000000e+00,1.0356501078e+02
1.0012727650e+02,1.0000000000e+00,1.0012727650e+02
9.6753396775e+01,1.0000000000e+00,9.6753396775e+01
9.0784707074e+01,1.0000000000e+00,9.0784707074e+01
8.0208885792e+01,1.0000000000e+00,8.0208885792e+01
6.5752433383e+01,1.0000000000e+00,6.5752433383e+01
5.0341602679e+01,1.0000000000e+00,5.0341602679e+01
3.7281755263e+01,1.0000000000e+00,3.7281755263e+01
3.1955790226e+01,1.0000000000e+00,3.1955790226e+01
2.6629825188e+01,1.0000000000e+00,2.6629825188e+01
2.1303860151e+01,1.0000000000e+00,2.1303860151e+01
1.5977895113e+01,1.0000000000e+00,1.5977895113e+01
1.0651930075e+01,1.0000000000e+00,1.0651930075e+01
5.3259650376e+00,1.0000000000e+00,5.3259650376e+00
0.0000000000e+00,1.0000000000e+00,0.0000000000e+00
8.6171111523e+00,1.0000000000e+00,8.6171111523e+00
1.7234222305e+01,1.0000000000e+00,1.7234222305e+01
2.5851333457e+01,1.0000000000e+00,2.5851333457e+01
4.8764428857e+01,1.0000000000e+00,4.8764428857e+01
6.9597762191e+01,1.0000000000e+00,6.9597762191e+01
8.8065174794e+01,1.0000000000e+00,8.8065174794e+01
1.0416666667e+02,1.0000000000e+00,1.0416666667e+02
1.1790223781e+02,1.0000000000e+00,1.1790223781e+02
1.2500000000e+02,1.0000000000e+00,1.2500000000e+02
1.2118806502e+02,1.0000000000e+00,1.2118806502e+02
1.1169353979e+02,1.0000000000e+00,1.1169353979e+02
1.0174353124e+02,1.0000000000e+00,1.0174353124e+02
9.1338039379e+01,1.0000000000e+00,9.1338039379e+01
8.0477064197e+01,1.0000000000e+00,8.0477064197e+01
6.9160605696e+01,1.0000000000e+00,6.9160605696e+01
5.7388663876e+01,1.0000000000e+00,5.7388663876e+01
4.5161238739e+01,1.0000000000e+00,4.5161238739e+01
5.4582287524e+01,1.0000000000e+00,5.4582287524e+01
6.3687761693e+01,1.0000000000e+00,6.3687761693e+01
7.2477661247e+01,1.0000000000e+00,7.2477661247e+01
8.0951986186e+01,1.0000000000e+00,8.0951986186e+01
8.9110736510e+01,1.0000000000e+00,8.9110736510e+01
9.6953912219e+01,1.0000000000e+00,9.6953912219e+01
1.0448151331e+02,1.0000000000e+00,1.0448151331e+02
1.1169353979e+02,1.0000000000e+00,1.1169353979e+02
1.1858999165e+02,1.0000000000e+00,1.1858999165e+02
1.2445573873e+02,1.0000000000e+00,1.2445573873e+02
1.2500000000e+02,1.0000000000e+00,1.2500000000e+02
1.1950764529e+02,1.0000000000e+00,1.1950764529e+02
1.0910369648e+02,1.0000000000e+00,1.0910369648e+02
9.4913175430e+01,1.0000000000e+00,9.4913175430e+01
7.6936082146e+01,1.0000000000e+00,7.6936082146e+01
5.5172416627e+01,1.0000000000e+00,5.5172416627e+01
2.9622178873e+01,1.0000000000e+00,2.9622178873e+01
4.9548270943e+01,1.0000000000e+00,4.9548270943e+01
6.9437221234e+01,1.0000000000e+00,6.9437221234e+01
8.9289029746e+01,1.0000000000e+00,8.9289029746e+01
1.0910369648e+02,1.0000000000e+00,1.0910369648e+02
1.2500000000e+02,1.0000000000e+00,1.2500000000e+02
1.1750230248e+02,1.0000000000e+00,1.1750230248e+02
1.0559952707e+02,1.0000000000e+00,1.0559952707e+02
9.3103364542e+01,1.0000000000e+00,9.3103364542e+01
8.0013814885e+01,1.0000000000e+00,8.0013814885e+01
8.2576468512e+01,1.0000000000e+00,8.2576468512e+01
8.9682688751e+01,1.0000000000e+00,8.9682688751e+01
9.5649965717e+01,1.0000000000e+00,9.5649965717e+01
9.6057071346e+01,1.0000000000e+00,9.6057071346e+01
9.0915679409e+01,1.0000000000e+00,9.0915679409e+01
8.4400013465e+01,1.0000000000e+00,8.4400013465e+01
8.0684864494e+01,1.0000000000e+00,8.0684864494e+01
7.9848714691e+01,1.0000000000e+00,7.9848714691e+01
7.8244867350e+01,1.0000000000e+00,7.8244867350e+01
7.2797667808e+01,1.0000000000e+00,7.2797667808e+01
6.4460874734e+01,1.0000000000e+00,6.4460874734e+01
5.7267956579e+01,1.0000000000e+00,5.7267956579e+01
5.4437251173e+01,1.0000000000e+00,5.4437251173e+01
5.5965381202e+01,1.0000000000e+00,5.5965381202e+01
5.9715599842e+01,1.0000000000e+00,5.9715599842e+01
6.3797501975e+01,1.0000000000e+00,6.3797501975e+01
6.7300331218e+01,1.0000000000e+00,6.7300331218e+01
6.9374409853e+01,1.0000000000e+00,6.9374409853e+01
6.8734559586e+01,1.0000000000e+00,6.8734559586e+01
6.4266811354e+01,1.0000000000e+00,6.4266811354e+01
5.5707691191e+01,1.0000000000e+00,5.5707691191e+01
4.4097399018e+01,1.0000000000e+00,4.4097399018e+01
3.2330298860e+01,1.0000000000e+00,3.2330298860e+01
2.5049522509e+01,1.0000000000e+00,2.5049522509e+01
4.6631488948e+01,1.0000000000e+00,4.6631488948e+01
6.7707488523e+01,1.0000000000e+00,6.7707488523e+01
8.8277521236e+01,1.0000000000e+00,8.8277521236e+01
1.0834158708e+02,1.0000000000e+00,1.0834158708e+02
1.2500000000e+02,1.0000000000e+00,1.2500000000e+02
1.2085464356e+02,1.0000000000e+00,1.2085464356e+02
1.0416666667e+02,1.0000000000e+00,1.0416666667e+02
8.6096904293e+01,1.0000000000e+00,8.6096904293e+01
6.6645356440e+01,1.0000000000e+00,6.6645356440e+01
4.5812023107e+01,1.0000000000e+00,4.5812023107e+01
3.9267448377e+01,1.0000000000e+00,3.9267448377e+01
3.2722873648e+01,1.0000000000e+00,3.2722873648e+01
2.6178298918e+01,1.0000000000e+00,2.6178298918e+01
1.9633724189e+01,1.0000000000e+00,1.9633724189e+01
1.3089149459e+01,1.0000000000e+00,1.3089149459e+01
6.5445747296e+00,1.0000000000e+00,6.5445747296e+00
0.0000000000e+00,9.0000000000e-01,0.0000000000e+00
0.0000000000e+00,8.0000000000e-01,0.0000000000e+00
0.0000000000e+00,7.0000000000e-01,0.0000000000e+00
0.0000000000e+00,6.0000000000e-01,0.0000000000e+00
0.0000000000e+00,6.0000000000e-01,0.0000000000e+00
0.0000000000e+00,6.0000000000e-01,0.0000000000e+00
0.0000000000e+00,6.0000000000e-01,0.0000000000e+00
0.0000000000e+00,6.0000000000e-01,0.0000000000e+00
0.0000000000e+00,6.0000000000e-01,0.0000000000e+00
0.0000000000e+00,6.0000000000e-01,0.0000000000e+00
0.0000000000e+00,7.0000000000e-01,0.0000000000e+00
0.0000000000e+00,8.0000000000e-01,0.0000000000e+00
0.0000000000e+00,9.0000000000e-01,0.0000000000e+00
1.1194158236e+01,1.0000000000e+00,1.1194158236e+01
2.2388316473e+01,1.0000000000e+00,2.2388316473e+01
3.3582474709e+01,1.0000000000e+00,3.3582474709e+01
5.1119845169e+01,1.0000000000e+00,5.1119845169e+01
6.2107667128e+01,1.0000000000e+00,6.2107667128e+01
6.3896369927e+01,1.0000000000e+00,6.3896369927e+01
5.9622017812e+01,1.0000000000e+00,5.9622017812e+01
5.5343645588e+01,1.0000000000e+00,5.5343645588e+01
5.4970925105e+01,1.0000000000e+00,5.4970925105e+01
5.7919882850e+01,1.0000000000e+00,5.7919882850e+01
6.1193480461e+01,1.0000000000e+00,6.1193480461e+01
6.3304982766e+01,1.0000000000e+00,6.3304982766e+01
6.6085153841e+01,1.0000000000e+00,6.6085153841e+01
7.2372998113e+01,1.0000000000e+00,7.2372998113e+01
8.1795015319e+01,1.0000000000e+00,8.1795015319e+01
8.9628802689e+01,1.0000000000e+00,8.9628802689e+01
9.0909246056e+01,1.0000000000e+00,9.0909246056e+01
8.5370042671e+01,1.0000000000e+00,8.5370042671e+01
7.7319853272e+01,1.0000000000e+00,7.7319853272e+01
7.1218225206e+01,1.0000000000e+00,7.1218225206e+01
6.8773313359e+01,1.0000000000e+00,6.8773313359e+01
6.9966076367e+01,1.0000000000e+00,6.9966076367e+01
7.5162822962e+01,1.0000000000e+00,7.5162822962e+01
8.5065250752e+01,1.0000000000e+00,8.5065250752e+01
9.8462071264e+01,1.0000000000e+00,9.8462071264e+01
1.1113433449e+02,1.0000000000e+00,1.1113433449e+02
1.1848487716e+02,1.0000000000e+00,1.1848487716e+02
1.1929078972e+02,1.0000000000e+00,1.1929078972e+02
1.1611726282e+02,1.0000000000e+00,1.1611726282e+02
1.1241943031e+02,1.0000000000e+00,1.1241943031e+02
1.1000067943e+02,1.0000000000e+00,1.1000067943e+02
1.0891974812e+02,1.0000000000e+00,1.0891974812e+02
1.0883305302e+02,1.0000000000e+00,1.0883305302e+02
1.0996216330e+02,1.0000000000e+00,1.0996216330e+02
1.1303719861e+02,1.0000000000e+00,1.1303719861e+02
1.1854778280e+02,1.0000000000e+00,1.1854778280e+02
1.2590445504e+02,1.0000000000e+00,1.2590445504e+02
1.3325641792e+02,1.0000000000e+00,1.3325641792e+02
1.3832957829e+02,1.0000000000e+00,1.3832957829e+02
1.3967198046e+02,1.0000000000e+00,1.3967198046e+02
1.3729541636e+02,1.0000000000e+00,1.3729541636e+02
1.3233600025e+02,1.0000000000e+00,1.3233600025e+02
1.2603954098e+02,1.0000000000e+00,1.2603954098e+02
1.1877164190e+02,1.0000000000e+00,1.1877164190e+02
1.1010942635e+02,1.0000000000e+00,1.1010942635e+02
1.0008339449e+02,1.0000000000e+00,1.0008339449e+02
8.9673300865e+01,1.0000000000e+00,8.9673300865e+01
7.9401308391e+01,1.0000000000e+00,7.9401308391e+01
6.8067805404e+01,1.0000000000e+00,6.8067805404e+01
5.4092804242e+01,1.0000000000e+00,5.4092804242e+01
3.8573260804e+01,1.0000000000e+00,3.8573260804e+01
2.6860173015e+01,1.0000000000e+00,2.6860173015e+01
2.6510092260e+01,1.0000000000e+00,2.6510092260e+01
5.7166129698e+01,1.0000000000e+00,5.7166129698e+01
8.4524437404e+01,1.0000000000e+00,8.4524437404e+01
1.0858501538e+02,1.0000000000e+00,1.0858501538e+02
1.2500000000e+02,1.0000000000e+00,1.2500000000e+02
1.1096055403e+02,1.0000000000e+00,1.1096055403e+02
8.1788880600e+01,1.0000000000e+00,8.1788880600e+01
4.0763324173e+01,1.0000000000e+00,4.0763324173e+01
4.1358881453e+01,1.0000000000e+00,4.1358881453e+01
6.6500115966e+01,1.0000000000e+00,6.6500115966e+01
1.0208025714e+02,1.0000000000e+00,1.0208025714e+02
1.2965980918e+02,1.0000000000e+00,1.2965980918e+02
1.3975062099e+02,1.0000000000e+00,1.3975062099e+02
1.3562617160e+02,1.0000000000e+00,1.3562617160e+02
1.2572828074e+02,1.0000000000e+00,1.2572828074e+02
1.1394692536e+02,1.0000000000e+00,1.1394692536e+02
9.8443174805e+01,1.0000000000e+00,9.8443174805e+01
7.8118768049e+01,1.0000000000e+00,7.8118768049e+01
5.6576458531e+01,1.0000000000e+00,5.6576458531e+01
3.9334055422e+01,1.0000000000e+00,3.9334055422e+01
2.9735531145e+01,1.0000000000e+00,2.9735531145e+01
2.8302069130e+01,1.0000000000e+00,2.8302069130e+01
3.4369761214e+01,1.0000000000e+00,3.4369761214e+01
4.7201865201e+01,1.0000000000e+00,4.7201865201e+01
6.5729820556e+01,1.0000000000e+00,6.5729820556e+01
8.7742027092e+01,1.0000000000e+00,8.7742027092e+01
1.0949714806e+02,1.0000000000e+00,1.0949714806e+02
1.2617682133e+02,1.0000000000e+00,1.2617682133e+02
1.3356024227e+02,1.0000000000e+00,1.3356024227e+02
1.3072047781e+02,1.0000000000e+00,1.3072047781e+02
1.2141312480e+02,1.0000000000e+00,1.2141312480e+02
1.1188780583e+02,1.0000000000e+00,1.1188780583e+02
1.0661666731e+02,1.0000000000e+00,1.0661666731e+02
1.0562774378e+02,1.0000000000e+00,1.0562774378e+02
1.0541539200e+02,1.0000000000e+00,1.0541539200e+02
1.0289256585e+02,1.0000000000e+00,1.0289256585e+02
9.9419613850e+01,1.0000000000e+00,9.9419613850e+01
1.0018381030e+02,1.0000000000e+00,1.0018381030e+02
1.0818461676e+02,1.0000000000e+00,1.0818461676e+02
1.1995056274e+02,1.0000000000e+00,1.1995056274e+02
1.2871170723e+02,1.0000000000e+00,1.2871170723e+02
1.3025339784e+02,1.0000000000e+00,1.3025339784e+02
1.2446032531e+02,1.0000000000e+00,1.2446032531e+02
1.1349634480e+02,1.0000000000e+00,1.1349634480e+02
1.0064907405e+02,1.0000000000e+00,1.0064907405e+02
8.9750329863e+01,1.0000000000e+00,8.9750329863e+01
8.3646556956e+01,1.0000000000e+00,8.3646556956e+01
8.2793289750e+01,1.0000000000e+00,8.2793289750e+01
8.5435062494e+01,1.0000000000e+00,8.5435062494e+01
8.8801587080e+01,1.0000000000e+00,8.8801587080e+01
9.0284212710e+01,1.0000000000e+00,9.0285209894e+01
8.7844554251e+01,1.0000000000e+00,8.8217146788e+01
8.1355591202e+01,1.0000000000e+00,8.2494805257e+01
7.6659154348e+01,1.0000000000e+00,7.5440991404e+01
7.4236042757e+01,1.0000000000e+00,6.9332674295e+01
6.4670111038e+01,1.0000000000e+00,6.4696395279e+01
5.4065453543e+01,1.0000000000e+00,6.3835940070e+01
6.5006545593e+01,1.0000000000e+00,6.9768419031e+01
8.9761410258e+01,1.0000000000e+00,7.7511557519e+01
9.3843966029e+01,1.0000000000e+00,7.7365602266e+01
6.7925712433e+01,1.0000000000e+00,6.7682100338e+01
3.8500440767e+01,1.0000000000e+00,5.6964578511e+01
3.7218055466e+01,1.0000000000e+00,5.5029455968e+01
6.6414508549e+01,1.0000000000e+00,6.2934843437e+01
9.2537720234e+01,1.0000000000e+00,7.1164002042e+01
8.4576787226e+01,1.0000000000e+00,7.0213032720e+01
5.2231092714e+01,1.0000000000e+00,6.1236283393e+01
3.2670944152e+01,1.0000000000e+00,5.3082309822e+01
4.2453468949e+01,1.0000000000e+00,5.0076926219e+01
5.4718996499e+01,1.0000000000e+00,4.6381055406e+01
4.2727600831e+01,1.0000000000e+00,3.6418239102e+01
3.0500088539e+01,1.0000000000e+00,2.9990919653e+01
2.4640989252e+01,1.0000000000e+00,2.4837282805e+01
1.9909084954e+01,1.0000000000e+00,1.9909084954e+01
1.4931813716e+01,1.0000000000e+00,1.4931813716e+01
9.9545424772e+00,1.0000000000e+00,9.9545424772e+00
4.9772712386e+00,1.0000000000e+00,4.9772712386e+00
0.0000000000e+00,9.0000000000e-01,0.0000000000e+00
0.0000000000e+00,8.0000000000e-01,0.0000000000e+00
0.0000000000e+00,7.0000000000e-01,0.0000000000e+00
0.0000000000e+00,6.0000000000e-01,0.0000000000e+00
0.0000000000e+00,6.0000000000e-01,0.0000000000e+00
0.0000000000e+00,6.0000000000e-01,0.0000000000e+00
0.0000000000e+00,6.0000000000e-01,0.0000000000e+00
0.0000000000e+00,6.0000000000e-01,0.0000000000e+00
0.0000000000e+00,6.0000000000e-01,0.0000000000e+00
0.0000000000e+00,6.0000000000e-01,0.0000000000e+00
0.0000000000e+00,6.0000000000e-01,0.0000000000e+00
0.0000000000e+00,6.0000000000e-01,0.0000000000e+00
0.0000000000e+00,6.0000000000e-01,0.0000000000e+00
0.0000000000e+00,6.0000000000e-01,0.0000000000e+00
0.0000000000e+00,6.0000000000e-01,0.0000000000e+00
0.0000000000e+00,6.0000000000e-01,0.0000000000e+00
0.0000000000e+00,6.0000000000e-01,0.0000000000e+00
0.0000000000e+00,6.0000000000e-01,0.0000000000e+00
0.0000000000e+00,6.0000000000e-01,0.0000000000e+00
0.0000000000e+00,6.0000000000e-01,0.0000000000e+00
0.0000000000e+00,6.0000000000e-01,0.0000000000e+00
0.0000000000e+00,6.0000000000e-01,0.0000000000e+00
0.0000000000e+00,6.0000000000e-01,0.0000000000e+00
0.0000000000e+00,6.0000000000e-01,0.0000000000e+00
0.0000000000e+00,6.0000000000e-01,0.0000000000e+00
0.0000000000e+00,6.0000000000e-01,0.0000000000e+00
0.0000000000e+00,6.0000000000e-01,0.0000000000e+00
0.0000000000e+00,6.0000000000e-01,0.0000000000e+00
0.0000000000e+00,6.0000000000e-01,0.0000000000e+00
0.0000000000e+00,6.0000000000e-01,0.0000000000e+00
0.0000000000e+00,6.0000000000e-01,0.0000000000e+00
0.0000000000e+00,6.0000000000e-01,0.0000000000e+00
0.0000000000e+00,7.0000000000e-01,0.0000000000e+00
0.0000000000e+00,8.0000000000e-01,0.0000000000e+00
0.0000000000e+00,9.0000000000e-01,0.0000000000e+00
1.2653579917e+01,1.0000000000e+00,1.2653579917e+01
2.5307159834e+01,1.0000000000e+00,2.5307159834e+01
3.7960739750e+01,1.0000000000e+00,3.7960739750e+01
5.8675694662e+01,1.0000000000e+00,5.8675694662e+01
7.3098522558e+01,1.0000000000e+00,7.3098522558e+01
7.9625042262e+01,1.0000000000e+00,7.9625042262e+01
8.0789018165e+01,1.0000000000e+00,8.0789018165e+01
8.0009280462e+01,1.0000000000e+00,8.0009280462e+01
7.9760524026e+01,1.0000000000e+00,7.9760524026e+01
8.1316116883e+01,1.0000000000e+00,8.1316116883e+01
8.4241346617e+01,1.0000000000e+00,8.4241346617e+01
8.6085252712e+01,1.0000000000e+00,8.6085252712e+01
8.4039903512e+01,1.0000000000e+00,8.4039903512e+01
7.8283950384e+01,1.0000000000e+00,7.8283950384e+01
7.3401944267e+01,1.0000000000e+00,7.3401944267e+01
7.4627820363e+01,1.0000000000e+00,7.4627820363e+01
8.1943644256e+01,1.0000000000e+00,8.1943644256e+01
8.9599818862e+01,1.0000000000e+00,8.9599818862e+01
9.2591458492e+01,1.0000000000e+00,9.2591458492e+01
9.1939612337e+01,1.0000000000e+00,9.1939612337e+01
9.2123211069e+01,1.0000000000e+00,9.2123211069e+01
9.4760791408e+01,1.0000000000e+00,9.4760791408e+01
9.6730107812e+01,1.0000000000e+00,9.6730107812e+01
9.4352774829e+01,1.0000000000e+00,9.4352774829e+01
8.8674746973e+01,1.0000000000e+00,8.8674746973e+01
8.6367023393e+01,1.0000000000e+00,8.6367023393e+01
9.4534623393e+01,1.0000000000e+00,9.4534623393e+01
1.1377558426e+02,1.0000000000e+00,1.1377558426e+02
1.3674231723e+02,1.0000000000e+00,1.3674231723e+02
1.5354344632e+02,1.0000000000e+00,1.5354344632e+02
1.5799432678e+02,1.0000000000e+00,1.5799432678e+02
1.5015625093e+02,1.0000000000e+00,1.5015625093e+02
1.3569153779e+02,1.0000000000e+00,1.3569153779e+02
1.2290662967e+02,1.0000000000e+00,1.2290662967e+02
1.1786534962e+02,1.0000000000e+00,1.1786534962e+02
1.2096631854e+02,1.0000000000e+00,1.2096631854e+02
1.2832147767e+02,1.0000000000e+00,1.2832147767e+02
1.3564788495e+02,1.0000000000e+00,1.3564788495e+02
1.4040930837e+02,1.0000000000e+00,1.4040930837e+02
1.4200256936e+02,1.0000000000e+00,1.4200256936e+02
1.4171112603e+02,1.0000000000e+00,1.4171112603e+02
1.4220301267e+02,1.0000000000e+00,1.4220301267e+02
1.4582802151e+02,1.0000000000e+00,1.4582802151e+02
1.5271476941e+02,1.0000000000e+00,1.5271476941e+02
1.6041790743e+02,1.0000000000e+00,1.6041790743e+02
1.6540678406e+02,1.0000000000e+00,1.6540678406e+02
1.6485287205e+02,1.0000000000e+00,1.6485287205e+02
1.5752122562e+02,1.0000000000e+00,1.5752122562e+02
1.4458012472e+02,1.0000000000e+00,1.4458012472e+02
1.3086453322e+02,1.0000000000e+00,1.3086453322e+02
1.2386348063e+02,1.0000000000e+00,1.2386348063e+02
1.2807664908e+02,1.0000000000e+00,1.2807664908e+02
1.3964465051e+02,1.0000000000e+00,1.3964465051e+02
1.4901765452e+02,1.0000000000e+00,1.4901765452e+02
1.4992614108e+02,1.0000000000e+00,1.4992614108e+02
1.4456418805e+02,1.0000000000e+00,1.4456418805e+02
1.3998740307e+02,1.0000000000e+00,1.3998740307e+02
1.4104422665e+02,1.0000000000e+00,1.4104422665e+02
1.4765511200e+02,1.0000000000e+00,1.4765511200e+02
1.5730104688e+02,1.0000000000e+00,1.5730104688e+02
1.6744883349e+02,1.0000000000e+00,1.6744883349e+02
1.7505606807e+02,1.0000000000e+00,1.7505606807e+02
1.7543390198e+02,1.0000000000e+00,1.7543390198e+02
1.6381993247e+02,1.0000000000e+00,1.6381993247e+02
1.4054277576e+02,1.0000000000e+00,1.4054277576e+02
1.1545942987e+02,1.0000000000e+00,1.1545942987e+02
1.0410485044e+02,1.0000000000e+00,1.0410485044e+02
1.1554378202e+02,1.0000000000e+00,1.1554378202e+02
1.4386969849e+02,1.0000000000e+00,1.4386969849e+02
1.7282259232e+02,1.0000000000e+00,1.7282259232e+02
1.8841797977e+02,1.0000000000e+00,1.8827001193e+02
1.8725305939e+02,1.0000000000e+00,1.8680994997e+02
1.7304859386e+02,1.0000000000e+00,1.7489774851e+02
1.5683069187e+02,1.0000000000e+00,1.6366683920e+02
1.6438356107e+02,1.0000000000e+00,1.6457883913e+02
1.8746071145e+02,1.0000000000e+00,1.7657981018e+02
1.8763337076e+02,1.0000000000e+00,1.8755572181e+02
1.8339784657e+02,1.0000000000e+00,1.9509997981e+02
2.0178525135e+02,1.0000000000e+00,2.0059689332e+02
2.0870896177e+02,1.0000000000e+00,1.9743153123e+02
1.8381025014e+02,1.0000000000e+00,1.8537713981e+02
1.6591380390e+02,1.0000000000e+00,1.7675208154e+02
1.7923431603e+02,1.0000000000e+00,1.7840417757e+02
1.9350621809e+02,1.0000000000e+00,1.8241078883e+02
1.7824272539e+02,1.0000000000e+00,1.7838374448e+02
1.5446507959e+02,1.0000000000e+00,1.6725933039e+02
1.5632774119e+02,1.0000000000e+00,1.5702623276e+02
1.6359123808e+02,1.0000000000e+00,1.4970376834e+02
1.5101019070e+02,1.0000000000e+00,1.4682292527e+02
1.4112942985e+02,1.0000000000e+00,1.5355135144e+02
1.5817443134e+02,1.0000000000e+00,1.6818738133e+02
1.8512387834e+02,1.0000000000e+00,1.7970050049e+02
1.9192908965e+02,1.0000000000e+00,1.7983665279e+02
1.7369976458e+02,1.0000000000e+00,1.7093376667e+02
1.4551233304e+02,1.0000000000e+00,1.6037404887e+02
1.3987801449e+02,1.0000000000e+00,1.5610970327e+02
1.6860316847e+02,1.0000000000e+00,1.5861952711e+02
1.8265728412e+02,1.0000000000e+00,1.5572950829e+02
1.4661444813e+02,1.0000000000e+00,1.4062417397e+02
1.0256726026e+02,1.0000000000e+00,1.2487247578e+02
1.0262733306e+02,1.0000000000e+00,1.2233047779e+02
1.3871510880e+02,1.0000000000e+00,1.3254996506e+02
1.6331539016e+02,1.0000000000e+00,1.4450980092e+02
1.5952947682e+02,1.0000000000e+00,1.5197615475e+02
1.4673585541e+02,1.0000000000e+00,1.5647019930e+02
1.4670567738e+02,1.0000000000e+00,1.6156181858e+02
1.7013351125e+02,1.0000000000e+00,1.6957991921e+02
1.9516934867e+02,1.0000000000e+00,1.7588523993e+02
1.8182639521e+02,1.0000000000e+00,1.7154053212e+02
1.4284684128e+02,1.0000000000e+00,1.5878522756e+02
1.3133775163e+02,1.0000000000e+00,1.4932954853e+02
1.5386128454e+02,1.0000000000e+00,1.4592518398e+02
1.6104896984e+02,1.0000000000e+00,1.3935961772e+02
1.2720721016e+02,1.0000000000e+00,1.2518426324e+02
9.2312572066e+01,1.0000000000e+00,1.1309958250e+02
1.0073337700e+02,1.0000000000e+00,1.1307142031e+02
1.3341279934e+02,1.0000000000e+00,1.1937892706e+02
1.3722913059e+02,1.0000000000e+00,1.1748651364e+02
1.0032663245e+02,1.0000000000e+00,1.0288457987e+02
6.6129557100e+01,1.0000000000e+00,8.5506123394e+01
6.7183972955e+01,1.0000000000e+00,7.4179205458e+01
7.8393218437e+01,1.0000000000e+00,6.4728183551e+01
5.9338455795e+01,1.0000000000e+00,4.8868125106e+01
2.9477018212e+01,1.0000000000e+00,3.7610061311e+01
2.1658233060e+01,1.0000000000e+00,3.0760528003e+01
3.2330389327e+01,1.0000000000e+00,2.7609182978e+01
2.7082169332e+01,1.0000000000e+00,2.1273762701e+01
9.6740965327e+00,1.0000000000e+00,1.2506371863e+01
4.8010039520e+00,1.0000000000e+00,6.2459770685e+00
0.0000000000e+00,1.0000000000e+00,0.0000000000e+00
0.0000000000e+00,1.0000000000e+00,0.0000000000e+00
0.0000000000e+00,1.0000000000e+00,0.0000000000e+00
0.0000000000e+00,1.0000000000e+00,0.0000000000e+00
0.0000000000e+00,1.0000000000e+00,0.0000000000e+00
0.0000000000e+00,1.0000000000e+00,0.0000000000e+00
0.0000000000e+00,1.0000000000e+00,0.0000000000e+00
0.0000000000e+00,1.0000000000e+00,0.0000000000e+00
0.0000000000e+00,1.0000000000e+00,0.0000000000e+00
1.3933984106e+01,1.0000000000e+00,1.3933984106e+01
2.7867968212e+01,1.0000000000e+00,2.7867968212e+01
4.1801952318e+01,1.0000000000e+00,4.1801952318e+01
8.1172158497e+01,1.0000000000e+00,8.1172158497e+01
1.2278712589e+02,1.0000000000e+00,1.2278712589e+02
1.5746495673e+02,1.0000000000e+00,1.5746495673e+02
1.8110329099e+02,1.0000000000e+00,1.8110329099e+02
1.9428686399e+02,1.0000000000e+00,1.9428686399e+02
1.9724243978e+02,1.0000000000e+00,1.9724243978e+02
1.8734662191e+02,1.0000000000e+00,1.8734662191e+02
1.6351171840e+02,1.0000000000e+00,1.6351171840e+02
1.3254674534e+02,1.0000000000e+00,1.3254674534e+02
1.0836196740e+02,1.0000000000e+00,1.0836196740e+02
1.0291756341e+02,1.0000000000e+00,1.0291756341e+02
1.1754174061e+02,1.0000000000e+00,1.1754174061e+02
1.4163527719e+02,1.0000000000e+00,1.4163527719e+02
1.5949623493e+02,1.0000000000e+00,1.5949623493e+02
1.6144600635e+02,1.0000000000e+00,1.6144600635e+02
1.5033019421e+02,1.0000000000e+00,1.5033019421e+02
1.3681365411e+02,1.0000000000e+00,1.3681365411e+02
1.2876722407e+02,1.0000000000e+00,1.2876722407e+02
1.2589001832e+02,1.0000000000e+00,1.2589001832e+02
1.2373573362e+02,1.0000000000e+00,1.2373573362e+02
1.2122572568e+02,1.0000000000e+00,1.2122572568e+02
1.2283485003e+02,1.0000000000e+00,1.2283485003e+02
1.3336990571e+02,1.0000000000e+00,1.3336990571e+02
1.5196076335e+02,1.0000000000e+00,1.5196076335e+02
1.7146893153e+02,1.0000000000e+00,1.7146893153e+02
1.8209893060e+02,1.0000000000e+00,1.8209893060e+02
1.7563385433e+02,1.0000000000e+00,1.7563385433e+02
1.4995338925e+02,1.0000000000e+00,1.4995338925e+02
1.1325845753e+02,1.0000000000e+00,1.1325845753e+02
8.3032517146e+01,1.0000000000e+00,8.3032517146e+01
7.5500134965e+01,1.0000000000e+00,7.5500134965e+01
9.1880483931e+01,1.0000000000e+00,9.1880483931e+01
1.1592330832e+02,1.0000000000e+00,1.1592330832e+02
1.2779363954e+02,1.0000000000e+00,1.2779363954e+02
1.2093725157e+02,1.0000000000e+00,1.2093725157e+02
1.0537564392e+02,1.0000000000e+00,1.0537564392e+02
9.6324819322e+01,1.0000000000e+00,9.6324819322e+01
1.0052193065e+02,1.0000000000e+00,1.0052193065e+02
1.1180978239e+02,1.0000000000e+00,1.1180978239e+02
1.1803138873e+02,1.0000000000e+00,1.1803138873e+02
1.1207422845e+02,1.0000000000e+00,1.1207422845e+02
9.7264660786e+01,1.0000000000e+00,9.7264660786e+01
8.3281577615e+01,1.0000000000e+00,8.3281577615e+01
7.7765345529e+01,1.0000000000e+00,7.7765345529e+01
8.1699033423e+01,1.0000000000e+00,8.1699033423e+01
9.1146510478e+01,1.0000000000e+00,9.1146510478e+01
1.0160674470e+02,1.0000000000e+00,1.0160674470e+02
1.1057290462e+02,1.0000000000e+00,1.1057290462e+02
1.1730484675e+02,1.0000000000e+00,1.1730484675e+02
1.2174826201e+02,1.0000000000e+00,1.2174826201e+02
1.2434840960e+02,1.0000000000e+00,1.2434840960e+02
1.2631099333e+02,1.0000000000e+00,1.2631099333e+02
1.2879452487e+02,1.0000000000e+00,1.2879452487e+02
1.3096538672e+02,1.0000000000e+00,1.3096538672e+02
1.2927651522e+02,1.0000000000e+00,1.2927651522e+02
1.2021306602e+02,1.0000000000e+00,1.2021306602e+02
1.0468574246e+02,1.0000000000e+00,1.0468574246e+02
8.9062220865e+01,1.0000000000e+00,8.9062220865e+01
8.0848281534e+01,1.0000000000e+00,8.0848281534e+01
8.3047825558e+01,1.0000000000e+00,8.3047825558e+01
9.2362967218e+01,1.0000000000e+00,9.2362967218e+01
1.0183377545e+02,1.0000000000e+00,1.0183377545e+02
1.0472381647e+02,1.0000000000e+00,1.0472381647e+02
9.6991886327e+01,1.0000000000e+00,9.6991886327e+01
7.8236093435e+01,1.0000000000e+00,7.8236093435e+01
5.2313214556e+01,1.0000000000e+00,5.2313214556e+01
4.4839898191e+01,1.0000000000e+00,4.4839898191e+01
3.7366581826e+01,1.0000000000e+00,3.7366581826e+01
2.9893265460e+01,1.0000000000e+00,2.9893265460e+01
4.2932909025e+01,1.0000000000e+00,4.2932909025e+01
7.5717163675e+01,1.0000000000e+00,7.5717163675e+01
1.0416666667e+02,1.0000000000e+00,1.0416666667e+02
1.2500000000e+02,1.0000000000e+00,1.2500000000e+02
1.3015646111e+02,1.0000000000e+00,1.3015646111e+02
1.2042366510e+02,1.0000000000e+00,1.2042366510e+02
1.0858800518e+02,1.0000000000e+00,1.0858800518e+02
9.6780546870e+01,1.0000000000e+00,9.6780546870e+01
8.5001290185e+01,1.0000000000e+00,8.5001290185e+01
7.3250235119e+01,1.0000000000e+00,7.3250235119e+01
6.1527381673e+01,1.0000000000e+00,6.1527381673e+01
4.9832729846e+01,1.0000000000e+00,4.9832729846e+01
3.8166279638e+01,1.0000000000e+00,3.8166279638e+01
2.6528031050e+01,1.0000000000e+00,2.6528031050e+01
2.6821663406e+01,1.0000000000e+00,2.6821663406e+01
2.7203931903e+01,1.0000000000e+00,2.7203931903e+01
2.6095928823e+01,1.0000000000e+00,2.6095928823e+01
1.9431379931e+01,1.0000000000e+00,1.9431379931e+01
1.5545103945e+01,1.0000000000e+00,1.5545103945e+01
1.1658827959e+01,1.0000000000e+00,1.1658827959e+01
7.7725519724e+00,1.0000000000e+00,7.7725519724e+00
3.8862759862e+00,1.0000000000e+00,3.8862759862e+00
0.0000000000e+00,9.0000000000e-01,0.0000000000e+00
0.0000000000e+00,8.0000000000e-01,0.0000000000e+00
0.0000000000e+00,7.0000000000e-01,0.0000000000e+00
0.0000000000e+00,6.0000000000e-01,0.0000000000e+00
0.0000000000e+00,6.0000000000e-01,0.0000000000e+00
0.0000000000e+00,6.0000000000e-01,0.0000000000e+00
0.0000000000e+00,6.0000000000e-01,0.0000000000e+00
0.0000000000e+00,6.0000000000e-01,0.0000000000e+00
0.0000000000e+00,6.0000000000e-01,0.0000000000e+00
0.0000000000e+00,6.0000000000e-01,0.0000000000e+00
0.0000000000e+00,6.0000000000e-01,0.0000000000e+00
0.0000000000e+00,6.0000000000e-01,0.0000000000e+00
0.0000000000e+00,6.0000000000e-01,0.0000000000e+00
0.0000000000e+00,6.0000000000e-01,0.0000000000e+00
0.0000000000e+00,6.0000000000e-01,0.0000000000e+00
0.0000000000e+00,6.0000000000e-01,0.0000000000e+00
0.0000000000e+00,6.0000000000e-01,0.0000000000e+00
0.0000000000e+00,7.0000000000e-01,0.0000000000e+00
0.0000000000e+00,8.0000000000e-01,0.0000000000e+00
0.0000000000e+00,9.0000000000e-01,0.0000000000e+00
9.7352622428e+00,1.0000000000e+00,9.7352622428e+00
1.9470524486e+01,1.0000000000e+00,1.9470524486e+01
2.9205786728e+01,1.0000000000e+00,2.9205786728e+01
4.1205159674e+01,1.0000000000e+00,4.1205159674e+01
5.0494607244e+01,1.0000000000e+00,5.0494607244e+01
5.4742841795e+01,1.0000000000e+00,5.4742841795e+01
5.3513220485e+01,1.0000000000e+00,5.3513220485e+01
4.9031329025e+01,1.0000000000e+00,4.9031329025e+01
4.4841533620e+01,1.0000000000e+00,4.4841533620e+01
4.3388922662e+01,1.0000000000e+00,4.3388922662e+01
4.5236210428e+01,1.0000000000e+00,4.5236210428e+01
5.0375184559e+01,1.0000000000e+00,5.0375184559e+01
5.9075699702e+01,1.0000000000e+00,5.9075699702e+01
7.0874594811e+01,1.0000000000e+00,7.0874594811e+01
8.3443432941e+01,1.0000000000e+00,8.3443432941e+01
9.3094462978e+01,1.0000000000e+00,9.3094462978e+01
9.6690697559e+01,1.0000000000e+00,9.6690697559e+01
9.3466575585e+01,1.0000000000e+00,9.3466575585e+01
8.5141518988e+01,1.0000000000e+00,8.5141518988e+01
7.4700577188e+01,1.0000000000e+00,7.4700577188e+01
6.5755711694e+01,1.0000000000e+00,6.5755711694e+01
6.2219920722e+01,1.0000000000e+00,6.2219920722e+01
6.7032839890e+01,1.0000000000e+00,6.7032839890e+01
8.1121133509e+01,1.0000000000e+00,8.1121133509e+01
1.0317038823e+02,1.0000000000e+00,1.0317038823e+02
1.2886867647e+02,1.0000000000e+00,1.2886867647e+02
1.5105342482e+02,1.0000000000e+00,1.5105342482e+02
1.6303361703e+02,1.0000000000e+00,1.6303361703e+02
1.6253463596e+02,1.0000000000e+00,1.6253463596e+02
1.5231312359e+02,1.0000000000e+00,1.5231312359e+02
1.3761747735e+02,1.0000000000e+00,1.3761747735e+02
1.2307208486e+02,1.0000000000e+00,1.2307208486e+02
1.1077900587e+02,1.0000000000e+00,1.1077900587e+02
1.0044663510e+02,1.0000000000e+00,1.0044663510e+02
9.1233800855e+01,1.0000000000e+00,9.1233800855e+01
8.3809360802e+01,1.0000000000e+00,8.3809360802e+01
8.0927608268e+01,1.0000000000e+00,8.0927608268e+01
8.5417311893e+01,1.0000000000e+00,8.5417311893e+01
9.7018464530e+01,1.0000000000e+00,9.7018464530e+01
1.1215845135e+02,1.0000000000e+00,1.1215845135e+02
1.2732041128e+02,1.0000000000e+00,1.2732041128e+02
1.4122207101e+02,1.0000000000e+00,1.4122207101e+02
1.5350654635e+02,1.0000000000e+00,1.5350654635e+02
1.6328746239e+02,1.0000000000e+00,1.6328746239e+02
1.7004527118e+02,1.0000000000e+00,1.7004527118e+02
1.7507505215e+02,1.0000000000e+00,1.7507505215e+02
1.8090915669e+02,1.0000000000e+00,1.8090915669e+02
1.8898337982e+02,1.0000000000e+00,1.8898337982e+02
1.9813331670e+02,1.0000000000e+00,1.9813331670e+02
2.0540660144e+02,1.0000000000e+00,2.0540660144e+02
2.0807001128e+02,1.0000000000e+00,2.0807001128e+02
2.0500846885e+02,1.0000000000e+00,2.0500846885e+02
1.9672940385e+02,1.0000000000e+00,1.9672940385e+02
1.8486055694e+02,1.0000000000e+00,1.8486055694e+02
1.7269461365e+02,1.0000000000e+00,1.7269461365e+02
1.6570477106e+02,1.0000000000e+00,1.6570477106e+02
1.6913499578e+02,1.0000000000e+00,1.6913499578e+02
1.8334704438e+02,1.0000000000e+00,1.8334704438e+02
2.0180777429e+02,1.0000000000e+00,2.0180777429e+02
2.1508302777e+02,1.0000000000e+00,2.1508302777e+02
2.1805696887e+02,1.0000000000e+00,2.1805696887e+02
2.1354792326e+02,1.0000000000e+00,2.1354792326e+02
2.0841779163e+02,1.0000000000e+00,2.0841779163e+02
2.0598791259e+02,1.0000000000e+00,2.0598791259e+02
2.0330629573e+02,1.0000000000e+00,2.0330629573e+02
1.9630574396e+02,1.0000000000e+00,1.9630574396e+02
1.8538827067e+02,1.0000000000e+00,1.8538827067e+02
1.7394901688e+02,1.0000000000e+00,1.7394901688e+02
1.6331910872e+02,1.0000000000e+00,1.6331910872e+02
1.5199383914e+02,1.0000000000e+00,1.5199383914e+02
1.3911867055e+02,1.0000000000e+00,1.3911867055e+02
1.2616353594e+02,1.0000000000e+00,1.2616353594e+02
1.1454297340e+02,1.0000000000e+00,1.1454297340e+02
1.0291553619e+02,1.0000000000e+00,1.0291553619e+02
8.8220354070e+01,1.0000000000e+00,8.8220354070e+01
6.9689253014e+01,1.0000000000e+00,6.9689253014e+01
5.1141444786e+01,1.0000000000e+00,5.1141444786e+01
3.8587242892e+01,1.0000000000e+00,3.8587242892e+01
3.5224790936e+01,1.0000000000e+00,3.5224790936e+01
3.8586280315e+01,1.0000000000e+00,3.8586280315e+01
4.2539300326e+01,1.0000000000e+00,4.2539300326e+01
4.2546580626e+01,1.0000000000e+00,4.2546580626e+01
3.9910787818e+01,1.0000000000e+00,3.9910787818e+01
4.1242405396e+01,1.0000000000e+00,4.1242405396e+01
5.2871490905e+01,1.0000000000e+00,5.2871490905e+01
7.4907869001e+01,1.0000000000e+00,7.4907869001e+01
1.0094920283e+02,1.0000000000e+00,1.0094920283e+02
1.2325577628e+02,1.0000000000e+00,1.2325577628e+02
1.3717188173e+02,1.0000000000e+00,1.3717188173e+02
1.4161228479e+02,1.0000000000e+00,1.4161228479e+02
1.5023825076e+02,1.0000000000e+00,1.4047398621e+02
1.3703350013e+02,1.0000000000e+00,1.3115980322e+02
1.0036704663e+02,1.0000000000e+00,1.1647581855e+02
9.0068495732e+01,1.0000000000e+00,1.0858924905e+02
1.1406435652e+02,1.0000000000e+00,1.0925694902e+02
1.2841376967e+02,1.0000000000e+00,1.0856257626e+02
1.0775333867e+02,1.0000000000e+00,1.0160011450e+02
8.3350391680e+01,1.0000000000e+00,9.7232914241e+01
9.3118377326e+01,1.0000000000e+00,1.0506661227e+02
1.3545026023e+02,1.0000000000e+00,1.2264196068e+02
1.5244896309e+02,1.0000000000e+00,1.3355523870e+02
1.1494416645e+02,1.0000000000e+00,1.2905509375e+02
1.0182430034e+02,1.0000000000e+00,1.2525646449e+02
1.4090047202e+02,1.0000000000e+00,1.2926897574e+02
1.5330059728e+02,1.0000000000e+00,1.2731807649e+02
1.1833195662e+02,1.0000000000e+00,1.1865859775e+02
1.0373072774e+02,1.0000000000e+00,1.2075757673e+02
1.3227062528e+02,1.0000000000e+00,1.3927693813e+02
1.6180475997e+02,1.0000000000e+00,1.6160396362e+02
1.7706642482e+02,1.0000000000e+00,1.7674327665e+02
1.7804891725e+02,1.0000000000e+00,1.7804891725e+02
1.6485210354e+02,1.0000000000e+00,1.6485210354e+02
1.4443599263e+02,1.0000000000e+00,1.4443599263e+02
1.2788157300e+02,1.0000000000e+00,1.2788157300e+02
1.2341736112e+02,1.0000000000e+00,1.2341736112e+02
1.3199997008e+02,1.0000000000e+00,1.3199997008e+02
1.4783376992e+02,1.0000000000e+00,1.4783376992e+02
1.6284448194e+02,1.0000000000e+00,1.6284448194e+02
1.7160951556e+02,1.0000000000e+00,1.7160951556e+02
1.7380831102e+02,1.0000000000e+00,1.7380831102e+02
1.7276861826e+02,1.0000000000e+00,1.7276861826e+02
1.7150739210e+02,1.0000000000e+00,1.7150739210e+02
1.7042748888e+02,1.0000000000e+00,1.7042748888e+02
1.6875159477e+02,1.0000000000e+00,1.6875159477e+02
1.6679248280e+02,1.0000000000e+00,1.6679248280e+02
1.6538010403e+02,1.0000000000e+00,1.6538010403e+02
1.6342060760e+02,1.0000000000e+00,1.6342060760e+02
1.5839652892e+02,1.0000000000e+00,1.5839652892e+02
1.5099720017e+02,1.0000000000e+00,1.5099720017e+02
1.4739616820e+02,1.0000000000e+00,1.4739616820e+02
1.5370401470e+02,1.0000000000e+00,1.5370401470e+02
1.6784346508e+02,1.0000000000e+00,1.6784346508e+02
1.7846106796e+02,1.0000000000e+00,1.7846106796e+02
1.7281190512e+02,1.0000000000e+00,1.7281190512e+02
1.4748029229e+02,1.0000000000e+00,1.4748029229e+02
1.1327244200e+02,1.0000000000e+00,1.1327244200e+02
8.8714105297e+01,1.0000000000e+00,8.8714105297e+01
8.7006851597e+01,1.0000000000e+00,8.7006851597e+01
1.0843866421e+02,1.0000000000e+00,1.0843866421e+02
1.4243908452e+02,1.0000000000e+00,1.4243908452e+02
1.7372275104e+02,1.0000000000e+00,1.7372275104e+02
1.8878078986e+02,1.0000000000e+00,1.8878078986e+02
1.8218881406e+02,1.0000000000e+00,1.8218881406e+02
1.5977345056e+02,1.0000000000e+00,1.5977345056e+02
1.3534070704e+02,1.0000000000e+00,1.3534070704e+02
1.2215596319e+02,1.0000000000e+00,1.2215596319e+02
1.2471207887e+02,1.0000000000e+00,1.2471207887e+02
1.3686211138e+02,1.0000000000e+00,1.3686211138e+02
1.4801308342e+02,1.0000000000e+00,1.4801308342e+02
1.5140844291e+02,1.0000000000e+00,1.5140844291e+02
1.4593536271e+02,1.0000000000e+00,1.4593536271e+02
1.3179544569e+02,1.0000000000e+00,1.3179544569e+02
1.0871006680e+02,1.0000000000e+00,1.0871006680e+02
7.9343522944e+01,1.0000000000e+00,7.9343522944e+01
5.0943883003e+01,1.0000000000e+00,5.0943883003e+01
4.3666185432e+01,1.0000000000e+00,4.3666185432e+01
3.6388487860e+01,1.0000000000e+00,3.6388487860e+01
2.9110790288e+01,1.0000000000e+00,2.9110790288e+01
3.6831120947e+01,1.0000000000e+00,3.6831120947e+01
6.2072313838e+01,1.0000000000e+00,6.2072313838e+01
9.6557090670e+01,1.0000000000e+00,9.6557090670e+01
1.3076231672e+02,1.0000000000e+00,1.3076231672e+02
1.5425063546e+02,1.0000000000e+00,1.5425063546e+02
1.6310122486e+02,1.0000000000e+00,1.6310122486e+02
1.6090234442e+02,1.0000000000e+00,1.6090234442e+02
1.5312012148e+02,1.0000000000e+00,1.5312012148e+02
1.4184341093e+02,1.0000000000e+00,1.4184341093e+02
1.2662390207e+02,1.0000000000e+00,1.2662390207e+02
1.0981641563e+02,1.0000000000e+00,1.0981641563e+02
9.8582717423e+01,1.0000000000e+00,9.8582717423e+01
9.9775664553e+01,1.0000000000e+00,9.9775664553e+01
1.1399900027e+02,1.0000000000e+00,1.1399900027e+02
1.3568002531e+02,1.0000000000e+00,1.3568002531e+02
1.5791188235e+02,1.0000000000e+00,1.5791188235e+02
1.7657085346e+02,1.0000000000e+00,1.7657085346e+02
1.9019810985e+02,1.0000000000e+00,1.9019810985e+02
1.9691105889e+02,1.0000000000e+00,1.9691105889e+02
1.9291050969e+02,1.0000000000e+00,1.9291050969e+02
1.7544875952e+02,1.0000000000e+00,1.7544875952e+02
1.4828489472e+02,1.0000000000e+00,1.4828489472e+02
1.2358105587e+02,1.0000000000e+00,1.2358105587e+02
1.1545510266e+02,1.0000000000e+00,1.1545510266e+02
1.2934003283e+02,1.0000000000e+00,1.2934003283e+02
1.5805415771e+02,1.0000000000e+00,1.5805415771e+02
1.8830708529e+02,1.0000000000e+00,1.8830708529e+02
2.0926259903e+02,1.0000000000e+00,2.0926259903e+02
2.1495953060e+02,1.0000000000e+00,2.1495953060e+02
2.0233456285e+02,1.0000000000e+00,2.0233456285e+02
1.7161133548e+02,1.0000000000e+00,1.7161133548e+02
1.3029936260e+02,1.0000000000e+00,1.3029936260e+02
9.3590973012e+01,1.0000000000e+00,9.3590973012e+01
7.5923450143e+01,1.0000000000e+00,7.5923450143e+01
8.1069084054e+01,1.0000000000e+00,8.1069084054e+01
1.0206163508e+02,1.0000000000e+00,1.0206163508e+02
1.2964612760e+02,1.0000000000e+00,1.2964612760e+02
1.5765147168e+02,1.0000000000e+00,1.5765147168e+02
1.7986384797e+02,1.0000000000e+00,1.7986384797e+02
1.8567537551e+02,1.0000000000e+00,1.8567537551e+02
1.6451470662e+02,1.0000000000e+00,1.6451470662e+02
1.1789859881e+02,1.0000000000e+00,1.1789859881e+02
6.5663896283e+01,1.0000000000e+00,6.5663896283e+01
3.6153680894e+01,1.0000000000e+00,3.6153680894e+01
4.6608324206e+01,1.0000000000e+00,4.6608324206e+01
8.9914273564e+01,1.0000000000e+00,8.9914273564e+01
1.3863751585e+02,1.0000000000e+00,1.3863751585e+02
1.6466829814e+02,1.0000000000e+00,1.6466829814e+02
1.5988190020e+02,1.0000000000e+00,1.5988190020e+02
1.3980776370e+02,1.0000000000e+00,1.3980776370e+02
1.2716945791e+02,1.0000000000e+00,1.2716945791e+02
1.3224035627e+02,1.0000000000e+00,1.3224035627e+02
1.4849448359e+02,1.0000000000e+00,1.4849448359e+02
1.6379755262e+02,1.0000000000e+00,1.6379755262e+02
1.7224529996e+02,1.0000000000e+00,1.7224529996e+02
1.7531515577e+02,1.0000000000e+00,1.7531515577e+02
1.7515049651e+02,1.0000000000e+00,1.7515049651e+02
1.7044279113e+02,1.0000000000e+00,1.7044279113e+02
1.5957633309e+02,1.0000000000e+00,1.5957633309e+02
1.4541473663e+02,1.0000000000e+00,1.4541473663e+02
1.3437656760e+02,1.0000000000e+00,1.3437656760e+02
1.3025066383e+02,1.0000000000e+00,1.3025066383e+02
1.3008238122e+02,1.0000000000e+00,1.3008238122e+02
1.2709040863e+02,1.0000000000e+00,1.2709040863e+02
1.1717894508e+02,1.0000000000e+00,1.1717894508e+02
1.0177964341e+02,1.0000000000e+00,1.0177964341e+02
8.5041610201e+01,1.0000000000e+00,8.5041610201e+01
6.9981020574e+01,1.0000000000e+00,6.9981020574e+01
5.7403084596e+01,1.0000000000e+00,5.7403084596e+01
4.6885441828e+01,1.0000000000e+00,4.6885441828e+01
3.8071503450e+01,1.0000000000e+00,3.8071503450e+01
3.1463733596e+01,1.0000000000e+00,3.1463733596e+01
2.8108817622e+01,1.0000000000e+00,2.8108817622e+01
2.8220305893e+01,1.0000000000e+00,2.8220305893e+01
2.9831412803e+01,1.0000000000e+00,2.9831412803e+01
2.9120615933e+01,1.0000000000e+00,2.9120615933e+01
2.1308152002e+01,1.0000000000e+00,2.1308152002e+01
1.7046521602e+01,1.0000000000e+00,1.7046521602e+01
1.8525313428e+01,1.0000000000e+00,1.8525313428e+01
2.7787970142e+01,1.0000000000e+00,2.7787970142e+01
6.2412701155e+01,1.0000000000e+00,6.2412701155e+01
1.1132133129e+02,1.0000000000e+00,1.1132133129e+02
1.5976356913e+02,1.0000000000e+00,1.5976356913e+02
1.9266455301e+02,1.0000000000e+00,1.9266455301e+02
2.0405156151e+02,1.0000000000e+00,2.0405156151e+02
1.9829502337e+02,1.0000000000e+00,1.9829502337e+02
1.8215554367e+02,1.0000000000e+00,1.8215554367e+02
1.5815161622e+02,1.0000000000e+00,1.5815161622e+02
1.2776157557e+02,1.0000000000e+00,1.2776157557e+02
9.9296835199e+01,1.0000000000e+00,9.9296835199e+01
8.7876108759e+01,1.0000000000e+00,8.7876108759e+01
1.0392307166e+02,1.0000000000e+00,1.0392307166e+02
1.4186166271e+02,1.0000000000e+00,1.4186166271e+02
1.8269928939e+02,1.0000000000e+00,1.8269928939e+02
2.0865678205e+02,1.0000000000e+00,2.0865678205e+02
2.1471508023e+02,1.0000000000e+00,2.1471508023e+02
2.0764942247e+02,1.0000000000e+00,2.0764942247e+02
1.9746529310e+02,1.0000000000e+00,1.9746529310e+02
1.9068925992e+02,1.0000000000e+00,1.9068925992e+02
1.8878777184e+02,1.0000000000e+00,1.8878777184e+02
1.8920882719e+02,1.0000000000e+00,1.8920882719e+02
1.8680364196e+02,1.0000000000e+00,1.8680364196e+02
1.7605091511e+02,1.0000000000e+00,1.7605091511e+02
1.5490583261e+02,1.0000000000e+00,1.5490583261e+02
1.2842278925e+02,1.0000000000e+00,1.2842278925e+02
1.0739158875e+02,1.0000000000e+00,1.0739158875e+02
1.0029217850e+02,1.0000000000e+00,1.0029217850e+02
1.0579221100e+02,1.0000000000e+00,1.0579221100e+02
1.1480630586e+02,1.0000000000e+00,1.1480630586e+02
1.2017140481e+02,1.0000000000e+00,1.2017140481e+02
1.2247565192e+02,1.0000000000e+00,1.2247565192e+02
1.2590894438e+02,1.0000000000e+00,1.2590894438e+02
1.3135601439e+02,1.0000000000e+00,1.3135601439e+02
1.3597163721e+02,1.0000000000e+00,1.3597163721e+02
1.3737236927e+02,1.0000000000e+00,1.3737236927e+02
1.3563428993e+02,1.0000000000e+00,1.3563428993e+02
1.3215291319e+02,1.0000000000e+00,1.3215291319e+02
1.2826056510e+02,1.0000000000e+00,1.2826056510e+02
1.2479472164e+02,1.0000000000e+00,1.2479472164e+02
1.2206119403e+02,1.0000000000e+00,1.2206119403e+02
1.1998310632e+02,1.0000000000e+00,1.1998310632e+02
1.1841317760e+02,1.0000000000e+00,1.1841317760e+02
1.1687262723e+02,1.0000000000e+00,1.1687262723e+02
1.1395201289e+02,1.0000000000e+00,1.1395201289e+02
1.0815997836e+02,1.0000000000e+00,1.0815997836e+02
1.0024188691e+02,1.0000000000e+00,1.0024188691e+02
9.4179308410e+01,1.0000000000e+00,9.4179308410e+01
9.9944485096e+01,1.0000000000e+00,9.6062176285e+01
1.1465118570e+02,1.0000000000e+00,1.0734060147e+02
1.1740997981e+02,1.0000000000e+00,1.2183899080e+02
1.2188908809e+02,1.0000000000e+00,1.3697608136e+02
1.4415892813e+02,1.0000000000e+00,1.5045186758e+02
1.6333512775e+02,1.0000000000e+00,1.5580322942e+02
1.6280895843e+02,1.0000000000e+00,1.5201058703e+02
1.4670836630e+02,1.0000000000e+00,1.4473714445e+02
1.2511647256e+02,1.0000000000e+00,1.3914095961e+02
1.2486081383e+02,1.0000000000e+00,1.3972399838e+02
1.5464301388e+02,1.0000000000e+00,1.4549170689e+02
1.7118228225e+02,1.0000000000e+00,1.4701332124e+02
1.4573134460e+02,1.0000000000e+00,1.4051772653e+02
1.1259043859e+02,1.0000000000e+00,1.3433253927e+02
1.1514565353e+02,1.0000000000e+00,1.3495865931e+02
1.4480085439e+02,1.0000000000e+00,1.3646756367e+02
1.5263324157e+02,1.0000000000e+00,1.2780874426e+02
1.1676097736e+02,1.0000000000e+00,1.0828950789e+02
7.1392104368e+01,1.0000000000e+00,8.9484352676e+01
6.1624881868e+01,1.0000000000e+00,8.1155640997e+01
8.5019515170e+01,1.0000000000e+00,7.9802491246e+01
9.5939582658e+01,1.0000000000e+00,7.4351681294e+01
7.0261637748e+01,1.0000000000e+00,6.1671819378e+01
3.5416582005e+01,1.0000000000e+00,4.9742598803e+01
2.8376938373e+01,1.0000000000e+00,4.5574362383e+01
4.8356817583e+01,1.0000000000e+00,4.6221416504e+01
5.8174078561e+01,1.0000000000e+00,4.2355686433e+01
4.0945262448e+01,1.0000000000e+00,3.4521227393e+01
1.5152264330e+01,1.0000000000e+00,2.4973931952e+01
1.0336723775e+01,1.0000000000e+00,1.9622128024e+01
2.2226540027e+01,1.0000000000e+00,1.7611395457e+01
2.0339001035e+01,1.0000000000e+00,1.2845191842e+01
5.3608745907e+00,1.0000000000e+00,5.4608707354e+00
0.0000000000e+00,9.0000000000e-01,0.0000000000e+00
0.0000000000e+00,8.0000000000e-01,0.0000000000e+00
5.2488258453e-02,7.0000000000e-01,1.0497651691e-02
0.0000000000e+00,6.0000000000e-01,0.0000000000e+00
0.0000000000e+00,6.0000000000e-01,0.0000000000e+00
0.0000000000e+00,6.0000000000e-01,0.0000000000e+00
0.0000000000e+00,6.0000000000e-01,0.0000000000e+00
0.0000000000e+00,6.0000000000e-01,0.0000000000e+00
0.0000000000e+00,6.0000000000e-01,0.0000000000e+00
0.0000000000e+00,7.0000000000e-01,0.0000000000e+00
0.0000000000e+00,8.0000000000e-01,0.0000000000e+00
0.0000000000e+00,9.0000000000e-01,0.0000000000e+00
1.0058037601e+01,1.0000000000e+00,1.0058037601e+01
2.0116075201e+01,1.0000000000e+00,2.0116075201e+01
3.0174112802e+01,1.0000000000e+00,3.0174112802e+01
5.8950248241e+01,1.0000000000e+00,5.8950248241e+01
9.0914678734e+01,1.0000000000e+00,9.0914678734e+01
1.2182538329e+02,1.0000000000e+00,1.2182538329e+02
1.4991630842e+02,1.0000000000e+00,1.4991630842e+02
1.7250145908e+02,1.0000000000e+00,1.7250145908e+02
1.8403224847e+02,1.0000000000e+00,1.8403224847e+02
1.7937743626e+02,1.0000000000e+00,1.7937743626e+02
1.5883485695e+02,1.0000000000e+00,1.5883485695e+02
1.2964996655e+02,1.0000000000e+00,1.2964996655e+02
1.0244848761e+02,1.0000000000e+00,1.0244848761e+02
8.5310693509e+01,1.0000000000e+00,8.5310693509e+01
8.0609839973e+01,1.0000000000e+00,8.0609839973e+01
8.6554188681e+01,1.0000000000e+00,8.6554188681e+01
9.9594693371e+01,1.0000000000e+00,9.9594693371e+01
1.1449944221e+02,1.0000000000e+00,1.1449944221e+02
1.2441412654e+02,1.0000000000e+00,1.2441412654e+02
1.2390425829e+02,1.0000000000e+00,1.2390425829e+02
1.1331835529e+02,1.0000000000e+00,1.1331835529e+02
9.9848875616e+01,1.0000000000e+00,9.9848875616e+01
9.2632370654e+01,1.0000000000e+00,9.2632370654e+01
9.5300671107e+01,1.0000000000e+00,9.5300671107e+01
1.0362550037e+02,1.0000000000e+00,1.0362550037e+02
1.1062641065e+02,1.0000000000e+00,1.1062641065e+02
1.1296290450e+02,1.0000000000e+00,1.1296290450e+02
1.1274934710e+02,1.0000000000e+00,1.1274934710e+02
1.1437078401e+02,1.0000000000e+00,1.1437078401e+02
1.1925647351e+02,1.0000000000e+00,1.1925647351e+02
1.2389375452e+02,1.0000000000e+00,1.2389375452e+02
1.2377072510e+02,1.0000000000e+00,1.2377072510e+02
1.1834744095e+02,1.0000000000e+00,1.1834744095e+02
1.1103496479e+02,1.0000000000e+00,1.1103496479e+02
1.0513505603e+02,1.0000000000e+00,1.0513505603e+02
1.0117480741e+02,1.0000000000e+00,1.0117480741e+02
9.8416250604e+01,1.0000000000e+00,9.8416250604e+01
9.8087739949e+01,1.0000000000e+00,9.8087739949e+01
1.0375729366e+02,1.0000000000e+00,1.0375729366e+02
1.1722903642e+02,1.0000000000e+00,1.1722903642e+02
1.3426146602e+02,1.0000000000e+00,1.3426146602e+02
1.4619629320e+02,1.0000000000e+00,1.4619629320e+02
1.4678202173e+02,1.0000000000e+00,1.4678202173e+02
1.3685430844e+02,1.0000000000e+00,1.3685430844e+02
1.2282541938e+02,1.0000000000e+00,1.2282541938e+02
1.1216757464e+02,1.0000000000e+00,1.1216757464e+02
1.0995413212e+02,1.0000000000e+00,1.0995413212e+02
1.1714090614e+02,1.0000000000e+00,1.1714090614e+02
1.3045047324e+02,1.0000000000e+00,1.3045047324e+02
1.4392879525e+02,1.0000000000e+00,1.4392879525e+02
1.5112212807e+02,1.0000000000e+00,1.5112212807e+02
1.4736667274e+02,1.0000000000e+00,1.4736667274e+02
1.3202392700e+02,1.0000000000e+00,1.3202392700e+02
1.0866570947e+02,1.0000000000e+00,1.0866570947e+02
8.2931909725e+01,1.0000000000e+00,8.2931909725e+01
6.1206383205e+01,1.0000000000e+00,6.1206383205e+01
5.0712904694e+01,1.0000000000e+00,5.0712904694e+01
5.7643728419e+01,1.0000000000e+00,5.7643728419e+01
8.2173232882e+01,1.0000000000e+00,8.2173232882e+01
1.1486263570e+02,1.0000000000e+00,1.1486263570e+02
1.4000352418e+02,1.0000000000e+00,1.4000352418e+02
1.4515582811e+02,1.0000000000e+00,1.4515582811e+02
1.2967112288e+02,1.0000000000e+00,1.2967112288e+02
1.0531452283e+02,1.0000000000e+00,1.0531452283e+02
8.8083471616e+01,1.0000000000e+00,8.8083471616e+01
8.7241802321e+01,1.0000000000e+00,8.7241802321e+01
9.9846682396e+01,1.0000000000e+00,9.9846682396e+01
1.1465622906e+02,1.0000000000e+00,1.1465622906e+02
1.2170436497e+02,1.0000000000e+00,1.2170436497e+02
1.1879759820e+02,1.0000000000e+00,1.1879759820e+02
1.0976079333e+02,1.0000000000e+00,1.0976079333e+02
9.8511493652e+01,1.0000000000e+00,9.8511493652e+01
8.6599101654e+01,1.0000000000e+00,8.6599101654e+01
7.6052994751e+01,1.0000000000e+00,7.6052994751e+01
7.1895632361e+01,1.0000000000e+00,7.1895632361e+01
7.8931791300e+01,1.0000000000e+00,7.8931791300e+01
9.5998567106e+01,1.0000000000e+00,9.5998567106e+01
1.1541330916e+02,1.0000000000e+00,1.1541330916e+02
1.2801277119e+02,1.0000000000e+00,1.2801277119e+02
1.2724597736e+02,1.0000000000e+00,1.2724597736e+02
1.1029900903e+02,1.0000000000e+00,1.1029900903e+02
7.9624729294e+01,1.0000000000e+00,7.9624729294e+01
6.8249767967e+01,1.0000000000e+00,6.8249767967e+01
5.6874806639e+01,1.0000000000e+00,5.6874806639e+01
4.5499845311e+01,1.0000000000e+00,4.5499845311e+01
3.8669893960e+01,1.0000000000e+00,3.8669893960e+01
7.3392116183e+01,1.0000000000e+00,7.3392116183e+01
1.0416666667e+02,1.0000000000e+00,1.0416666667e+02
1.2500000000e+02,1.0000000000e+00,1.2500000000e+02
1.0416666667e+02,1.0000000000e+00,1.0416666667e+02
8.9285714286e+01,1.0000000000e+00,8.9285714286e+01
7.4404761905e+01,1.0000000000e+00,7.4404761905e+01
5.9523809524e+01,1.0000000000e+00,5.9523809524e+01
6.1197916667e+01,1.0000000000e+00,6.1197916667e+01
1.0416666667e+02,1.0000000000e+00,1.0416666667e+02
1.2500000000e+02,1.0000000000e+00,1.2500000000e+02
1.0416666667e+02,1.0000000000e+00,1.0416666667e+02
8.9285714286e+01,1.0000000000e+00,8.9285714286e+01
7.4404761905e+01,1.0000000000e+00,7.4404761905e+01
5.9523809524e+01,1.0000000000e+00,5.9523809524e+01
4.4642857143e+01,1.0000000000e+00,4.4642857143e+01
6.1972774806e+01,1.0000000000e+00,6.1972774806e+01
8.8062572815e+01,1.0000000000e+00,8.8062572815e+01
1.0888464017e+02,1.0000000000e+00,1.0888464017e+02
1.2163783361e+02,1.0000000000e+00,1.2163783361e+02
1.2553515744e+02,1.0000000000e+00,1.2553515744e+02
1.2018503192e+02,1.0000000000e+00,1.2018503192e+02
1.0736033973e+02,1.0000000000e+00,1.0736033973e+02
9.2987079906e+01,1.0000000000e+00,9.2987079906e+01
8.6204095503e+01,1.0000000000e+00,8.6204095503e+01
9.5368029603e+01,1.0000000000e+00,9.5368029603e+01
1.2183790164e+02,1.0000000000e+00,1.2183790164e+02
1.5588259966e+02,1.0000000000e+00,1.5588259966e+02
1.8136857181e+02,1.0000000000e+00,1.8136857181e+02
1.8749979909e+02,1.0000000000e+00,1.8749979909e+02
1.7637107978e+02,1.0000000000e+00,1.7637107978e+02
1.5934407314e+02,1.0000000000e+00,1.5934407314e+02
1.4711251997e+02,1.0000000000e+00,1.4711251997e+02
1.4285347339e+02,1.0000000000e+00,1.4285347339e+02
1.4279990207e+02,1.0000000000e+00,1.4279990207e+02
1.4142911954e+02,1.0000000000e+00,1.4142911954e+02
1.3585623858e+02,1.0000000000e+00,1.3585623858e+02
1.2701035966e+02,1.0000000000e+00,1.2701035966e+02
1.1847152666e+02,1.0000000000e+00,1.1847152666e+02
1.1397771429e+02,1.0000000000e+00,1.1397771429e+02
1.1491086222e+02,1.0000000000e+00,1.1491086222e+02
1.1992663412e+02,1.0000000000e+00,1.1992663412e+02
1.2676546544e+02,1.0000000000e+00,1.2676546544e+02
1.3370532127e+02,1.0000000000e+00,1.3370532127e+02
1.3950134521e+02,1.0000000000e+00,1.3950134521e+02
1.4339642630e+02,1.0000000000e+00,1.4339642630e+02
1.4592031258e+02,1.0000000000e+00,1.4592031258e+02
1.4837524827e+02,1.0000000000e+00,1.4837524827e+02
1.5042847793e+02,1.0000000000e+00,1.5042847793e+02
1.4941394859e+02,1.0000000000e+00,1.4941394859e+02
1.4274943733e+02,1.0000000000e+00,1.4274943733e+02
1.2925212469e+02,1.0000000000e+00,1.2925212469e+02
1.0813326534e+02,1.0000000000e+00,1.0813326534e+02
8.0481680392e+01,1.0000000000e+00,8.0481680392e+01
5.3164895868e+01,1.0000000000e+00,5.3164895868e+01
3.8049726791e+01,1.0000000000e+00,3.8049726791e+01
4.4419272456e+01,1.0000000000e+00,4.4419272456e+01
7.1196428900e+01,1.0000000000e+00,7.1196428900e+01
1.0611153805e+02,1.0000000000e+00,1.0611153805e+02
1.3275801377e+02,1.0000000000e+00,1.3275801377e+02
1.4056201436e+02,1.0000000000e+00,1.4056201436e+02
1.3184196025e+02,1.0000000000e+00,1.3184196025e+02
1.2147240892e+02,1.0000000000e+00,1.2147240892e+02
1.2660149093e+02,1.0000000000e+00,1.2660149093e+02
1.5241843383e+02,1.0000000000e+00,1.5241843383e+02
1.8755003669e+02,1.0000000000e+00,1.8755003669e+02
2.1371091200e+02,1.0000000000e+00,2.1371091200e+02
2.1921759787e+02,1.0000000000e+00,2.1921759787e+02
2.0544618535e+02,1.0000000000e+00,2.0544618535e+02
1.8440608423e+02,1.0000000000e+00,1.8440608423e+02
1.7056146999e+02,1.0000000000e+00,1.7056146999e+02
1.7192426920e+02,1.0000000000e+00,1.7192426920e+02
1.8650200799e+02,1.0000000000e+00,1.8650200799e+02
2.0582558297e+02,1.0000000000e+00,2.0582558297e+02
2.2082196025e+02,1.0000000000e+00,2.2082196025e+02
2.2548952768e+02,1.0000000000e+00,2.2548952768e+02
2.1852710218e+02,1.0000000000e+00,2.1852710218e+02
2.0417291857e+02,1.0000000000e+00,2.0417291857e+02
1.9089255162e+02,1.0000000000e+00,1.9089255162e+02
1.8659673978e+02,1.0000000000e+00,1.8659673978e+02
1.9354155672e+02,1.0000000000e+00,1.9354155672e+02
2.0776260675e+02,1.0000000000e+00,2.0776260675e+02
2.2267365235e+02,1.0000000000e+00,2.2267365235e+02
2.3200188935e+02,1.0000000000e+00,2.3200188935e+02
2.3016216560e+02,1.0000000000e+00,2.3016216560e+02
2.1331105046e+02,1.0000000000e+00,2.1331105046e+02
1.8344591771e+02,1.0000000000e+00,1.8344591771e+02
1.5133580110e+02,1.0000000000e+00,1.5133580110e+02
1.3157182110e+02,1.0000000000e+00,1.3157182110e+02
1.3185473376e+02,1.0000000000e+00,1.3185473376e+02
1.4810649240e+02,1.0000000000e+00,1.4810649240e+02
1.7049275096e+02,1.0000000000e+00,1.7049275096e+02
1.9164219306e+02,1.0000000000e+00,1.9164219306e+02
2.0859179386e+02,1.0000000000e+00,2.0859179386e+02
2.2012820952e+02,1.0000000000e+00,2.2012820952e+02
2.2458648027e+02,1.0000000000e+00,2.2458648027e+02
2.2014149109e+02,1.0000000000e+00,2.2014149109e+02
2.0711995998e+02,1.0000000000e+00,2.0711995998e+02
1.9006863010e+02,1.0000000000e+00,1.9006863010e+02
1.7629778752e+02,1.0000000000e+00,1.7629778752e+02
1.7069264175e+02,1.0000000000e+00,1.7069264175e+02
1.7216678688e+02,1.0000000000e+00,1.7216678688e+02
1.7610672963e+02,1.0000000000e+00,1.7610672963e+02
1.7920464718e+02,1.0000000000e+00,1.7920464718e+02
1.8102178892e+02,1.0000000000e+00,1.8102178892e+02
1.8265129035e+02,1.0000000000e+00,1.8265129035e+02
1.8541826887e+02,1.0000000000e+00,1.8541826887e+02
1.8985882271e+02,1.0000000000e+00,1.8985882271e+02
1.9476780062e+02,1.0000000000e+00,1.9476780062e+02
1.9760569020e+02,1.0000000000e+00,1.9760569020e+02
1.9634893379e+02,1.0000000000e+00,1.9634893379e+02
1.9118352668e+02,1.0000000000e+00,1.9116995210e+02
1.8630444025e+02,1.0000000000e+00,1.8533017041e+02
1.8804601724e+02,1.0000000000e+00,1.8394715528e+02
1.8745410570e+02,1.0000000000e+00,1.8721175943e+02
1.7878844802e+02,1.0000000000e+00,1.9027531206e+02
1.8954346749e+02,1.0000000000e+00,1.9045012120e+02
1.8788312478e+02,1.0000000000e+00,1.7658143123e+02
1.4436969296e+02,1.0000000000e+00,1.4856790521e+02
1.2777433793e+02,1.0000000000e+00,1.3372259701e+02
1.5044528397e+02,1.0000000000e+00,1.4396350352e+02
1.6838088192e+02,1.0000000000e+00,1.6711193219e+02
1.8483226521e+02,1.0000000000e+00,1.9148980989e+02
2.0860747050e+02,1.0000000000e+00,2.0850893009e+02
2.1643698753e+02,1.0000000000e+00,2.1095114189e+02
2.0143019167e+02,1.0000000000e+00,1.9995908331e+02
1.7594890004e+02,1.0000000000e+00,1.8056109092e+02
1.5190487671e+02,1.0000000000e+00,1.5683326877e+02
1.3722613522e+02,1.0000000000e+00,1.3460024959e+02
1.2894064411e+02,1.0000000000e+00,1.2133705511e+02
1.2590529047e+02,1.0000000000e+00,1.2315185866e+02
1.3585150875e+02,1.0000000000e+00,1.3949761854e+02
1.5897538239e+02,1.0000000000e+00,1.6156984172e+02
1.7877316472e+02,1.0000000000e+00,1.7898019749e+02
1.9015139559e+02,1.0000000000e+00,1.9007418397e+02
1.9846433038e+02,1.0000000000e+00,1.9846433038e+02
2.0469352990e+02,1.0000000000e+00,2.0469352990e+02
2.0482667066e+02,1.0000000000e+00,2.0482667066e+02
1.9501085938e+02,1.0000000000e+00,1.9501085938e+02
1.7734767495e+02,1.0000000000e+00,1.7734767495e+02
1.6067502105e+02,1.0000000000e+00,1.6067502105e+02
1.5401024183e+02,1.0000000000e+00,1.5401024183e+02
1.5919517567e+02,1.0000000000e+00,1.5919517567e+02
1.7050315126e+02,1.0000000000e+00,1.7050315126e+02
1.8035808818e+02,1.0000000000e+00,1.8035808818e+02
1.8473514538e+02,1.0000000000e+00,1.8473514538e+02
1.8407352231e+02,1.0000000000e+00,1.8407352231e+02
1.7999778585e+02,1.0000000000e+00,1.7999778585e+02
1.7251359497e+02,1.0000000000e+00,1.7251359497e+02
1.6200673612e+02,1.0000000000e+00,1.6200673612e+02
1.5223402021e+02,1.0000000000e+00,1.5223402021e+02
1.4733816471e+02,1.0000000000e+00,1.4733816471e+02
1.4582277846e+02,1.0000000000e+00,1.4582277846e+02
1.4065445597e+02,1.0000000000e+00,1.4065445597e+02
1.2569968239e+02,1.0000000000e+00,1.2569968239e+02
1.0054094854e+02,1.0000000000e+00,1.0054094854e+02
7.0249238524e+01,1.0000000000e+00,7.0249238524e+01
4.2715138250e+01,1.0000000000e+00,4.2715138250e+01
2.5795249083e+01,1.0000000000e+00,2.5795249083e+01
2.2371601426e+01,1.0000000000e+00,2.2371601426e+01
4.1319555196e+01,1.0000000000e+00,4.1319555196e+01
7.0677111492e+01,1.0000000000e+00,7.0677111492e+01
1.0366987815e+02,1.0000000000e+00,1.0366987815e+02
1.2948376110e+02,1.0000000000e+00,1.2948376110e+02
1.4153055616e+02,1.0000000000e+00,1.4153055616e+02
1.4169000449e+02,1.0000000000e+00,1.4169000449e+02
1.3920490706e+02,1.0000000000e+00,1.3920490706e+02
1.4350570525e+02,1.0000000000e+00,1.4350570525e+02
1.5589290237e+02,1.0000000000e+00,1.5589290237e+02
1.6780146244e+02,1.0000000000e+00,1.6780146244e+02
1.6831544756e+02,1.0000000000e+00,1.6831544756e+02
1.5470904903e+02,1.0000000000e+00,1.5470904903e+02
1.3601673521e+02,1.0000000000e+00,1.3601673521e+02
1.2544581944e+02,1.0000000000e+00,1.2544581944e+02
1.2899123217e+02,1.0000000000e+00,1.2899123217e+02
1.4191880560e+02,1.0000000000e+00,1.4191880560e+02
1.5509703452e+02,1.0000000000e+00,1.5509703452e+02
1.6282621510e+02,1.0000000000e+00,1.6282621510e+02
1.6538347730e+02,1.0000000000e+00,1.6538347730e+02
1.6669281385e+02,1.0000000000e+00,1.6669281385e+02
1.7050191165e+02,1.0000000000e+00,1.7050191165e+02
1.7737739033e+02,1.0000000000e+00,1.7737739033e+02
1.8399603500e+02,1.0000000000e+00,1.8399603500e+02
1.8566174324e+02,1.0000000000e+00,1.8566174324e+02
1.8040761350e+02,1.0000000000e+00,1.8040761350e+02
1.7076288365e+02,1.0000000000e+00,1.7076288365e+02
1.6143107174e+02,1.0000000000e+00,1.6143107174e+02
1.5531606832e+02,1.0000000000e+00,1.5531606832e+02
1.5131188872e+02,1.0000000000e+00,1.5131188872e+02
1.4541332622e+02,1.0000000000e+00,1.4541332622e+02
1.3462517509e+02,1.0000000000e+00,1.3462517509e+02
1.2066288250e+02,1.0000000000e+00,1.2066288250e+02
1.0935763934e+02,1.0000000000e+00,1.0935763934e+02
1.0590295111e+02,1.0000000000e+00,1.0590295111e+02
1.1122373588e+02,1.0000000000e+00,1.1122373588e+02
1.2242586637e+02,1.0000000000e+00,1.2242586637e+02
1.3442095995e+02,1.0000000000e+00,1.3442095995e+02
1.4022419815e+02,1.0000000000e+00,1.4022419815e+02
1.3229021283e+02,1.0000000000e+00,1.3229021283e+02
1.0758154584e+02,1.0000000000e+00,1.0758154584e+02
7.3237453611e+01,1.0000000000e+00,7.3237453611e+01
4.5908217960e+01,1.0000000000e+00,4.5908217960e+01
4.2634540908e+01,1.0000000000e+00,4.2634540908e+01
6.9510166977e+01,1.0000000000e+00,6.9510166977e+01
1.1729367141e+02,1.0000000000e+00,1.1729367141e+02
1.6790577317e+02,1.0000000000e+00,1.6790577317e+02
2.0590407196e+02,1.0000000000e+00,2.0590407196e+02
2.2495018744e+02,1.0000000000e+00,2.2495018744e+02
2.2668975048e+02,1.0000000000e+00,2.2668975048e+02
2.1714912837e+02,1.0000000000e+00,2.1714912837e+02
2.0407884912e+02,1.0000000000e+00,2.0407884912e+02
1.9438146337e+02,1.0000000000e+00,1.9438146337e+02
1.9136304787e+02,1.0000000000e+00,1.9136304787e+02
1.9380239672e+02,1.0000000000e+00,1.9380239672e+02
1.9779433846e+02,1.0000000000e+00,1.9779433846e+02
1.9988064135e+02,1.0000000000e+00,1.9988064135e+02
1.9926483315e+02,1.0000000000e+00,1.9926483315e+02
1.9767027986e+02,1.0000000000e+00,1.9767027986e+02
1.9694795859e+02,1.0000000000e+00,1.9694795859e+02
1.9605313830e+02,1.0000000000e+00,1.9605313830e+02
1.9010893150e+02,1.0000000000e+00,1.9010893150e+02
1.7383782770e+02,1.0000000000e+00,1.7383782770e+02
1.4734027785e+02,1.0000000000e+00,1.4734027785e+02
1.1807865509e+02,1.0000000000e+00,1.1807865509e+02
9.6086368373e+01,1.0000000000e+00,9.6086368373e+01
8.6478798548e+01,1.0000000000e+00,8.6478798548e+01
8.5560575279e+01,1.0000000000e+00,8.5560575279e+01
8.3804368822e+01,1.0000000000e+00,8.3804368822e+01
7.3963056897e+01,1.0000000000e+00,7.3963056897e+01
5.7272521123e+01,1.0000000000e+00,5.7272521123e+01
4.1587980335e+01,1.0000000000e+00,4.1587980335e+01
3.4080835411e+01,1.0000000000e+00,3.4080835411e+01
3.6094611145e+01,1.0000000000e+00,3.6094611145e+01
4.3374330212e+01,1.0000000000e+00,4.3374330212e+01
4.9408692859e+01,1.0000000000e+00,4.9408692859e+01
4.8834859472e+01,1.0000000000e+00,4.8834859472e+01
4.0072220443e+01,1.0000000000e+00,4.0072220443e+01
2.7530108568e+01,1.0000000000e+00,2.7530108568e+01
2.0878395265e+01,1.0000000000e+00,2.0878395265e+01
3.5105077225e+01,1.0000000000e+00,3.5105077225e+01
7.2228991637e+01,1.0000000000e+00,7.2228991637e+01
1.2463920844e+02,1.0000000000e+00,1.2463920844e+02
1.7444235623e+02,1.0000000000e+00,1.7444235623e+02
2.0690006361e+02,1.0000000000e+00,2.0690006361e+02
2.1958343710e+02,1.0000000000e+00,2.1958343710e+02
2.2013232803e+02,1.0000000000e+00,2.2013232803e+02
2.1761717072e+02,1.0000000000e+00,2.1761717072e+02
2.1698212335e+02,1.0000000000e+00,2.1698212335e+02
2.1892940615e+02,1.0000000000e+00,2.1892940615e+02
2.2132278881e+02,1.0000000000e+00,2.2132278881e+02
2.1943334796e+02,1.0000000000e+00,2.1943334796e+02
2.0683868718e+02,1.0000000000e+00,2.0683868718e+02
1.8009384763e+02,1.0000000000e+00,1.8009384763e+02
1.4574085178e+02,1.0000000000e+00,1.4574085178e+02
1.2117590735e+02,1.0000000000e+00,1.2117590735e+02
1.2277441619e+02,1.0000000000e+00,1.2277441619e+02
1.5050652062e+02,1.0000000000e+00,1.5050652062e+02
1.8711449294e+02,1.0000000000e+00,1.8711449294e+02
2.1365417677e+02,1.0000000000e+00,2.1365417677e+02
2.2376945189e+02,1.0000000000e+00,2.2376945189e+02
2.2328482220e+02,1.0000000000e+00,2.2328482220e+02
2.1967074762e+02,1.0000000000e+00,2.1967074762e+02
2.1459998789e+02,1.0000000000e+00,2.1459998789e+02
2.0619200416e+02,1.0000000000e+00,2.0619200416e+02
1.9548076428e+02,1.0000000000e+00,1.9548076428e+02
1.8746873764e+02,1.0000000000e+00,1.8746873764e+02
1.8504504097e+02,1.0000000000e+00,1.8504504097e+02
1.8413129603e+02,1.0000000000e+00,1.8413129603e+02
1.7756287312e+02,1.0000000000e+00,1.7756287312e+02
1.6448156551e+02,1.0000000000e+00,1.6448156551e+02
1.5412029768e+02,1.0000000000e+00,1.5412029768e+02
1.5706404904e+02,1.0000000000e+00,1.5706404904e+02
1.7197688928e+02,1.0000000000e+00,1.7197688928e+02
1.8397287867e+02,1.0000000000e+00,1.8397287867e+02
1.7776462390e+02,1.0000000000e+00,1.7776462390e+02
1.5127837058e+02,1.0000000000e+00,1.5127837058e+02
1.1681589762e+02,1.0000000000e+00,1.1681589762e+02
9.0962909841e+01,1.0000000000e+00,9.0962909841e+01
8.3577785297e+01,1.0000000000e+00,8.3577785297e+01
9.4944849016e+01,1.0000000000e+00,9.4944849016e+01
1.2048748514e+02,1.0000000000e+00,1.2048748514e+02
1.5417839959e+02,1.0000000000e+00,1.5417839959e+02
1.8741541225e+02,1.0000000000e+00,1.8741541225e+02
2.0951459930e+02,1.0000000000e+00,2.0951459930e+02
2.1260537805e+02,1.0000000000e+00,2.1260537805e+02
1.9671342258e+02,1.0000000000e+00,1.9671342258e+02
1.7087393321e+02,1.0000000000e+00,1.7087393321e+02
1.4871944850e+02,1.0000000000e+00,1.4871944850e+02
1.4076185161e+02,1.0000000000e+00,1.4076185161e+02
1.4918717426e+02,1.0000000000e+00,1.4918717426e+02
1.6858832001e+02,1.0000000000e+00,1.6858832001e+02
1.8997742126e+02,1.0000000000e+00,1.8997742126e+02
2.0382590510e+02,1.0000000000e+00,2.0382590510e+02
2.0190906183e+02,1.0000000000e+00,2.0190906183e+02
1.8061252095e+02,1.0000000000e+00,1.8061252095e+02
1.4530942708e+02,1.0000000000e+00,1.4530942708e+02
1.1051355337e+02,1.0000000000e+00,1.1051355337e+02
9.2405021855e+01,1.0000000000e+00,9.2405021855e+01
9.9143695212e+01,1.0000000000e+00,9.9143695212e+01
1.2744986776e+02,1.0000000000e+00,1.2744986776e+02
1.6591054873e+02,1.0000000000e+00,1.6591054873e+02
1.9985807375e+02,1.0000000000e+00,1.9985807375e+02
2.1635084469e+02,1.0000000000e+00,2.1635084469e+02
2.0968709000e+02,1.0000000000e+00,2.0968709000e+02
1.8430910591e+02,1.0000000000e+00,1.8430910591e+02
1.5178430906e+02,1.0000000000e+00,1.5178430906e+02
1.2345580978e+02,1.0000000000e+00,1.2345580978e+02
1.0426651694e+02,1.0000000000e+00,1.0426651694e+02
9.2597778745e+01,1.0000000000e+00,9.2597778745e+01
8.5587749386e+01,1.0000000000e+00,8.5587749386e+01
8.4099754965e+01,1.0000000000e+00,8.4099754965e+01
9.2650714307e+01,1.0000000000e+00,9.2650714307e+01
1.1466610013e+02,1.0000000000e+00,1.1466610013e+02
1.4663066378e+02,1.0000000000e+00,1.4663066378e+02
1.7668320036e+02,1.0000000000e+00,1.7668320036e+02
1.9166483344e+02,1.0000000000e+00,1.9166483344e+02
1.8763243730e+02,1.0000000000e+00,1.8763243730e+02
1.7250040934e+02,1.0000000000e+00,1.7250040934e+02
1.5732658702e+02,1.0000000000e+00,1.5732658702e+02
1.4598255111e+02,1.0000000000e+00,1.4598255111e+02
1.3441726274e+02,1.0000000000e+00,1.3441726274e+02
1.1861310051e+02,1.0000000000e+00,1.1861310051e+02
1.0026085263e+02,1.0000000000e+00,1.0026085263e+02
8.4050172200e+01,1.0000000000e+00,8.4050172200e+01
7.2227800872e+01,1.0000000000e+00,7.2227800872e+01
6.3786354814e+01,1.0000000000e+00,6.3786354814e+01
5.7218623477e+01,1.0000000000e+00,5.7218623477e+01
5.1916760322e+01,1.0000000000e+00,5.1916760322e+01
4.7839124360e+01,1.0000000000e+00,4.7839124360e+01
4.5322888454e+01,1.0000000000e+00,4.5322888454e+01
4.4468749290e+01,1.0000000000e+00,4.4468749290e+01
4.3886439318e+01,1.0000000000e+00,4.3886439318e+01
4.0806815661e+01,1.0000000000e+00,4.0806815661e+01
3.4977270567e+01,1.0000000000e+00,3.4977270567e+01
2.9147725472e+01,1.0000000000e+00,2.9147725472e+01
2.3318180378e+01,1.0000000000e+00,2.3318180378e+01
1.7488635283e+01,1.0000000000e+00,1.7488635283e+01
3.2645236153e+01,1.0000000000e+00,3.2645236153e+01
4.8967854229e+01,1.0000000000e+00,4.8967854229e+01
9.3330185435e+01,1.0000000000e+00,9.3330185435e+01
1.3698604367e+02,1.0000000000e+00,1.3698604367e+02
1.6371405437e+02,1.0000000000e+00,1.6371405437e+02
1.6736796484e+02,1.0000000000e+00,1.6736796484e+02
1.5572752402e+02,1.0000000000e+00,1.5572752402e+02
1.4132316772e+02,1.0000000000e+00,1.4132316772e+02
1.2991633259e+02,1.0000000000e+00,1.2991633259e+02
1.1961134693e+02,1.0000000000e+00,1.1961134693e+02
1.0917000959e+02,1.0000000000e+00,1.0917000959e+02
1.0273654836e+02,1.0000000000e+00,1.0273654836e+02
1.0478322524e+02,1.0000000000e+00,1.0478322524e+02
1.1340428047e+02,1.0000000000e+00,1.1340428047e+02
1.2155895683e+02,1.0000000000e+00,1.2155895683e+02
1.2451816768e+02,1.0000000000e+00,1.2451816768e+02
1.2474034431e+02,1.0000000000e+00,1.2474034431e+02
1.2904302192e+02,1.0000000000e+00,1.2904302192e+02
1.4078949448e+02,1.0000000000e+00,1.4078949448e+02
1.5510613408e+02,1.0000000000e+00,1.5510613408e+02
1.6294540020e+02,1.0000000000e+00,1.6294540020e+02
1.6052574367e+02,1.0000000000e+00,1.6052574367e+02
1.5345424617e+02,1.0000000000e+00,1.5345424617e+02
1.4990145807e+02,1.0000000000e+00,1.4990145807e+02
1.5119907738e+02,1.0000000000e+00,1.5119907738e+02
1.5215269410e+02,1.0000000000e+00,1.5215269410e+02
1.4972698548e+02,1.0000000000e+00,1.4972698548e+02
1.4786655826e+02,1.0000000000e+00,1.4786655826e+02
1.5304190423e+02,1.0000000000e+00,1.5304190423e+02
1.6656682279e+02,1.0000000000e+00,1.6656682279e+02
1.8171665640e+02,1.0000000000e+00,1.8171665640e+02
1.8827323827e+02,1.0000000000e+00,1.8827323827e+02
1.8052582784e+02,1.0000000000e+00,1.8052582784e+02
1.6172252157e+02,1.0000000000e+00,1.6172252157e+02
1.4119087555e+02,1.0000000000e+00,1.4119087555e+02
1.2706778210e+02,1.0000000000e+00,1.2706778210e+02
1.2141765138e+02,1.0000000000e+00,1.2141765138e+02
1.2149980699e+02,1.0000000000e+00,1.2149980699e+02
1.2431252373e+02,1.0000000000e+00,1.2431252373e+02
1.2894926938e+02,1.0000000000e+00,1.2894926938e+02
1.3540967335e+02,1.0000000000e+00,1.3540967335e+02
1.4296507195e+02,1.0000000000e+00,1.4296507195e+02
1.5015590068e+02,1.0000000000e+00,1.5015590068e+02
1.5555250663e+02,1.0000000000e+00,1.5555250663e+02
1.5833563231e+02,1.0000000000e+00,1.5833563231e+02
1.5863051471e+02,1.0000000000e+00,1.5863051471e+02
1.5715349771e+02,1.0000000000e+00,1.5715349771e+02
1.5397575953e+02,1.0000000000e+00,1.5397575953e+02
1.4788530684e+02,1.0000000000e+00,1.4788530684e+02
1.3799210727e+02,1.0000000000e+00,1.3799210727e+02
1.2648518025e+02,1.0000000000e+00,1.2648518025e+02
1.1902298382e+02,1.0000000000e+00,1.1902298382e+02
1.2044438974e+02,1.0000000000e+00,1.2044438974e+02
1.2888661597e+02,1.0000000000e+00,1.2888661597e+02
1.3582377889e+02,1.0000000000e+00,1.3582377889e+02
1.3366498407e+02,1.0000000000e+00,1.3366498407e+02
1.2162275719e+02,1.0000000000e+00,1.2162275719e+02
1.0293470284e+02,1.0000000000e+00,1.0293470284e+02
7.9488047006e+01,1.0000000000e+00,7.9488047006e+01
5.2351381108e+01,1.0000000000e+00,5.2351381108e+01
4.4872612379e+01,1.0000000000e+00,4.4872612379e+01
3.7393843649e+01,1.0000000000e+00,3.7393843649e+01
3.9456020478e+01,1.0000000000e+00,3.9456020478e+01
5.9184030717e+01,1.0000000000e+00,5.9184030717e+01
1.1114530904e+02,1.0000000000e+00,1.1114530904e+02
1.6012887075e+02,1.0000000000e+00,1.6012887075e+02
1.8992911245e+02,1.0000000000e+00,1.8992911245e+02
1.9508686024e+02,1.0000000000e+00,1.9508686024e+02
1.8003422091e+02,1.0000000000e+00,1.8003422091e+02
1.5385275310e+02,1.0000000000e+00,1.5385275310e+02
1.2651465772e+02,1.0000000000e+00,1.2651465772e+02
1.0591128209e+02,1.0000000000e+00,1.0591128209e+02
9.3958524903e+01,1.0000000000e+00,9.3958524903e+01
8.5733447197e+01,1.0000000000e+00,8.5733447197e+01
7.4904892992e+01,1.0000000000e+00,7.4904892992e+01
5.9982883962e+01,1.0000000000e+00,5.9982883962e+01
4.4303675310e+01,1.0000000000e+00,4.4303675310e+01
3.7974578837e+01,1.0000000000e+00,3.7974578837e+01
3.1645482364e+01,1.0000000000e+00,3.1645482364e+01
2.5316385891e+01,1.0000000000e+00,2.5316385891e+01
1.8987289418e+01,1.0000000000e+00,1.8987289418e+01
1.3043767728e+01,1.0000000000e+00,1.3043767728e+01
2.6087535457e+01,1.0000000000e+00,2.6087535457e+01
3.9131303185e+01,1.0000000000e+00,3.9131303185e+01
7.3853525407e+01,1.0000000000e+00,7.3853525407e+01
1.0416666667e+02,1.0000000000e+00,1.0416666667e+02
1.2500000000e+02,1.0000000000e+00,1.2500000000e+02
1.1167153870e+02,1.0000000000e+00,1.1167153870e+02
9.3564806225e+01,1.0000000000e+00,9.3564806225e+01
7.6422177649e+01,1.0000000000e+00,7.6422177649e+01
6.0243652971e+01,1.0000000000e+00,6.0243652971e+01
4.5029232192e+01,1.0000000000e+00,4.5029232192e+01
6.9517419834e+01,1.0000000000e+00,6.9517419834e+01
9.1731522003e+01,1.0000000000e+00,9.1731522003e+01
1.1167153870e+02,1.0000000000e+00,1.1167153870e+02
1.2500000000e+02,1.0000000000e+00,1.2500000000e+02
1.1036449351e+02,1.0000000000e+00,1.1036449351e+02
9.1461992095e+01,1.0000000000e+00,9.1461992095e+01
7.2964902882e+01,1.0000000000e+00,7.2964902882e+01
5.4873225872e+01,1.0000000000e+00,5.4873225872e+01
3.7186961066e+01,1.0000000000e+00,3.7186961066e+01
5.6469969176e+01,1.0000000000e+00,5.6469969176e+01
7.5093893953e+01,1.0000000000e+00,7.5093893953e+01
9.3058735398e+01,1.0000000000e+00,9.3058735398e+01
1.1036449351e+02,1.0000000000e+00,1.1036449351e+02
1.2500000000e+02,1.0000000000e+00,1.2500000000e+02
1.3105471514e+02,1.0000000000e+00,1.2612953912e+02
1.2980242344e+02,1.0000000000e+00,1.1908473769e+02
1.0210596175e+02,1.0000000000e+00,1.0672396762e+02
7.0045491137e+01,1.0000000000e+00,9.3463261139e+01
8.0676265336e+01,1.0000000000e+00,8.8713668980e+01
1.0649105869e+02,1.0000000000e+00,8.6973746016e+01
9.7976509141e+01,1.0000000000e+00,7.8340819836e+01
6.8805537455e+01,1.0000000000e+00,7.5769094989e+01
5.2972712545e+01,1.0000000000e+00,7.6992777320e+01
7.2552844959e+01,1.0000000000e+00,8.0675629874e+01
9.8827070805e+01,1.0000000000e+00,8.0478191738e+01
9.1953004498e+01,1.0000000000e+00,7.2876536665e+01
5.6213002758e+01,1.0000000000e+00,6.2700840777e+01
3.5574543639e+01,1.0000000000e+00,5.8450458345e+01
5.5389596877e+01,1.0000000000e+00,6.1998768460e+01
8.3260969649e+01,1.0000000000e+00,6.4575230583e+01
7.5680770226e+01,1.0000000000e+00,5.8057640963e+01
3.9215083146e+01,1.0000000000e+00,4.5833025641e+01
1.6601903079e+01,1.0000000000e+00,3.7564353337e+01
2.7901233187e+01,1.0000000000e+00,3.6869624201e+01
4.9958982634e+01,1.0000000000e+00,3.8676615867e+01
5.5018147102e+01,1.0000000000e+00,3.8034946168e+01
4.0332686209e+01,1.0000000000e+00,3.5098119489e+01
1.9744638977e+01,1.0000000000e+00,3.1729973932e+01
1.1855638523e+01,1.0000000000e+00,2.9341876261e+01
2.5760184208e+01,1.0000000000e+00,2.8426444940e+01
4.2913833377e+01,1.0000000000e+00,2.7847587073e+01
3.4451195918e+01,1.0000000000e+00,2.2302095501e+01
1.0318392134e+01,1.0000000000e+00,1.3622570665e+01
0.0000000000e+00,1.0000000000e+00,7.6919671599e+00
3.3587676916e+00,1.0000000000e+00,4.5247176178e+00
1.8384852807e+00,9.0000000000e-01,3.6769705614e-01
4.0948734142e-01,8.0000000000e-01,8.1897468283e-02
0.0000000000e+00,7.0000000000e-01,0.0000000000e+00
0.0000000000e+00,6.0000000000e-01,0.0000000000e+00
0.0000000000e+00,6.0000000000e-01,0.0000000000e+00
0.0000000000e+00,6.0000000000e-01,0.0000000000e+00
0.0000000000e+00,6.0000000000e-01,0.0000000000e+00
0.0000000000e+00,6.0000000000e-01,0.0000000000e+00
0.0000000000e+00,6.0000000000e-01,0.0000000000e+00
0.0000000000e+00,6.0000000000e-01,0.0000000000e+00
0.0000000000e+00,6.0000000000e-01,0.0000000000e+00
0.0000000000e+00,6.0000000000e-01,0.0000000000e+00
0.0000000000e+00,6.0000000000e-01,0.0000000000e+00
0.0000000000e+00,6.0000000000e-01,0.0000000000e+00
0.0000000000e+00,6.0000000000e-01,0.0000000000e+00
0.0000000000e+00,6.0000000000e-01,0.0000000000e+00
0.0000000000e+00,6.0000000000e-01,0.0000000000e+00
0.0000000000e+00,6.0000000000e-01,0.0000000000e+00
0.0000000000e+00,6.0000000000e-01,0.0000000000e+00
0.0000000000e+00,6.0000000000e-01,0.0000000000e+00
0.0000000000e+00,6.0000000000e-01,0.0000000000e+00
0.0000000000e+00,6.0000000000e-01,0.0000000000e+00
0.0000000000e+00,6.0000000000e-01,0.0000000000e+00
0.0000000000e+00,6.0000000000e-01,0.0000000000e+00
0.0000000000e+00,6.0000000000e-01,0.0000000000e+00
0.0000000000e+00,6.0000000000e-01,0.0000000000e+00
0.0000000000e+00,6.0000000000e-01,0.0000000000e+00
0.0000000000e+00,6.0000000000e-01,0.0000000000e+00
0.0000000000e+00,6.0000000000e-01,0.0000000000e+00
0.0000000000e+00,6.0000000000e-01,0.0000000000e+00
0.0000000000e+00,6.0000000000e-01,0.0000000000e+00
0.0000000000e+00,6.0000000000e-01,0.0000000000e+00
0.0000000000e+00,6.0000000000e-01,0.0000000000e+00
0.0000000000e+00,6.0000000000e-01,0.0000000000e+00
0.0000000000e+00,6.0000000000e-01,0.0000000000e+00
0.0000000000e+00,6.0000000000e-01,0.0000000000e+00
0.0000000000e+00,6.0000000000e-01,0.0000000000e+00
0.0000000000e+00,6.0000000000e-01,0.0000000000e+00
0.0000000000e+00,6.0000000000e-01,0.0000000000e+00
0.0000000000e+00,6.0000000000e-01,0.0000000000e+00
0.0000000000e+00,6.0000000000e-01,0.0000000000e+00
0.0000000000e+00,6.0000000000e-01,0.0000000000e+00
0.0000000000e+00,6.0000000000e-01,0.0000000000e+00
0.0000000000e+00,6.0000000000e-01,0.0000000000e+00
0.0000000000e+00,6.0000000000e-01,0.0000000000e+00
0.0000000000e+00,6.0000000000e-01,0.0000000000e+00
0.0000000000e+00,6.0000000000e-01,0.0000000000e+00
0.0000000000e+00,6.0000000000e-01,0.0000000000e+00
0.0000000000e+00,6.0000000000e-01,0.0000000000e+00
0.0000000000e+00,6.0000000000e-01,0.0000000000e+00
0.0000000000e+00,6.0000000000e-01,0.0000000000e+00
0.0000000000e+00,6.0000000000e-01,0.0000000000e+00
0.0000000000e+00,6.0000000000e-01,0.0000000000e+00
0.0000000000e+00,6.0000000000e-01,0.0000000000e+00
0.0000000000e+00,6.0000000000e-01,0.0000000000e+00
0.0000000000e+00,6.0000000000e-01,0.0000000000e+00
0.0000000000e+00,6.0000000000e-01,0.0000000000e+00
0.0000000000e+00,6.0000000000e-01,0.0000000000e+00
0.0000000000e+00,6.0000000000e-01,0.0000000000e+00
0.0000000000e+00,6.0000000000e-01,0.0000000000e+00
0.0000000000e+00,6.0000000000e-01,0.0000000000e+00
0.0000000000e+00,6.0000000000e-01,0.0000000000e+00
0.0000000000e+00,6.0000000000e-01,0.0000000000e+00
0.0000000000e+00,6.0000000000e-01,0.0000000000e+00
0.0000000000e+00,6.0000000000e-01,0.0000000000e+00
0.0000000000e+00,6.0000000000e-01,0.0000000000e+00
0.0000000000e+00,6.0000000000e-01,0.0000000000e+00
0.0000000000e+00,6.0000000000e-01,0.0000000000e+00
0.0000000000e+00,6.0000000000e-01,0.0000000000e+00
0.0000000000e+00,6.0000000000e-01,0.0000000000e+00
0.0000000000e+00,6.0000000000e-01,0.0000000000e+00
0.0000000000e+00,6.0000000000e-01,0.0000000000e+00
0.0000000000e+00,6.0000000000e-01,0.0000000000e+00
0.0000000000e+00,6.0000000000e-01,0.0000000000e+00
0.0000000000e+00,6.0000000000e-01,0.0000000000e+00
0.0000000000e+00,6.0000000000e-01,0.0000000000e+00
0.0000000000e+00,6.0000000000e-01,0.0000000000e+00
0.0000000000e+00,6.0000000000e-01,0.0000000000e+00
0.0000000000e+00,6.0000000000e-01,0.0000000000e+00
0.0000000000e+00,6.0000000000e-01,0.0000000000e+00
0.0000000000e+00,6.0000000000e-01,0.0000000000e+00
0.0000000000e+00,6.0000000000e-01,0.0000000000e+00
0.0000000000e+00,6.0000000000e-01,0.0000000000e+00
0.0000000000e+00,6.0000000000e-01,0.0000000000e+00
0.0000000000e+00,6.0000000000e-01,0.0000000000e+00
0.0000000000e+00,6.0000000000e-01,0.0000000000e+00
0.0000000000e+00,6.0000000000e-01,0.0000000000e+00
0.0000000000e+00,6.0000000000e-01,0.0000000000e+00
0.0000000000e+00,6.0000000000e-01,0.0000000000e+00
0.0000000000e+00,6.0000000000e-01,0.0000000000e+00
0.0000000000e+00,6.0000000000e-01,0.0000000000e+00
0.0000000000e+00,6.0000000000e-01,0.0000000000e+00
0.0000000000e+00,6.0000000000e-01,0.0000000000e+00
0.0000000000e+00,6.0000000000e-01,0.0000000000e+00
0.0000000000e+00,6.0000000000e-01,0.0000000000e+00
0.0000000000e+00,6.0000000000e-01,0.0000000000e+00
0.0000000000e+00,6.0000000000e-01,0.0000000000e+00
0.0000000000e+00,6.0000000000e-01,0.0000000000e+00
0.0000000000e+00,6.0000000000e-01,0.0000000000e+00
0.0000000000e+00,6.0000000000e-01,0.0000000000e+00
0.0000000000e+00,6.0000000000e-01,0.0000000000e+00
0.0000000000e+00,6.0000000000e-01,0.0000000000e+00
0.0000000000e+00,6.0000000000e-01,0.0000000000e+00
0.0000000000e+00,6.0000000000e-01,0.0000000000e+00
0.0000000000e+00,6.0000000000e-01,0.0000000000e+00
0.0000000000e+00,6.0000000000e-01,0.0000000000e+00
0.0000000000e+00,6.0000000000e-01,0.0000000000e+00
0.0000000000e+00,6.0000000000e-01,0.0000000000e+00
0.0000000000e+00,6.0000000000e-01,0.0000000000e+00
0.0000000000e+00,6.0000000000e-01,0.0000000000e+00
0.0000000000e+00,6.0000000000e-01,0.0000000000e+00
0.0000000000e+00,6.0000000000e-01,0.0000000000e+00
0.0000000000e+00,6.0000000000e-01,0.0000000000e+00
0.0000000000e+00,6.0000000000e-01,0.0000000000e+00
0.0000000000e+00,6.0000000000e-01,0.0000000000e+00
0.0000000000e+00,6.0000000000e-01,0.0000000000e+00
0.0000000000e+00,6.0000000000e-01,0.0000000000e+00
0.0000000000e+00,6.0000000000e-01,0.0000000000e+00
0.0000000000e+00,6.0000000000e-01,0.0000000000e+00
0.0000000000e+00,6.0000000000e-01,0.0000000000e+00
0.0000000000e+00,6.0000000000e-01,0.0000000000e+00
0.0000000000e+00,6.0000000000e-01,0.0000000000e+00
0.0000000000e+00,6.0000000000e-01,0.0000000000e+00
0.0000000000e+00,6.0000000000e-01,0.0000000000e+00
0.0000000000e+00,6.0000000000e-01,0.0000000000e+00
0.0000000000e+00,6.0000000000e-01,0.0000000000e+00
0.0000000000e+00,6.0000000000e-01,0.0000000000e+00
0.0000000000e+00,6.0000000000e-01,0.0000000000e+00
0.0000000000e+00,6.0000000000e-01,0.0000000000e+00
0.0000000000e+00,6.0000000000e-01,0.0000000000e+00
0.0000000000e+00,6.0000000000e-01,0.0000000000e+00
0.0000000000e+00,6.0000000000e-01,0.0000000000e+00
0.0000000000e+00,6.0000000000e-01,0.0000000000e+00
0.0000000000e+00,6.0000000000e-01,0.0000000000e+00
0.0000000000e+00,6.0000000000e-01,0.0000000000e+00
0.0000000000e+00,6.0000000000e-01,0.0000000000e+00
0.0000000000e+00,6.0000000000e-01,0.0000000000e+00
0.0000000000e+00,6.0000000000e-01,0.0000000000e+00
0.0000000000e+00,6.0000000000e-01,0.0000000000e+00
0.0000000000e+00,6.0000000000e-01,0.0000000000e+00
0.0000000000e+00,6.0000000000e-01,0.0000000000e+00
0.0000000000e+00,6.0000000000e-01,0.0000000000e+00
0.0000000000e+00,6.0000000000e-01,0.0000000000e+00
0.0000000000e+00,6.0000000000e-01,0.0000000000e+00
0.0000000000e+00,6.0000000000e-01,0.0000000000e+00
0.0000000000e+00,6.0000000000e-01,0.0000000000e+00
0.0000000000e+00,6.0000000000e-01,0.0000000000e+00
0.0000000000e+00,6.0000000000e-01,0.0000000000e+00
0.0000000000e+00,6.0000000000e-01,0.0000000000e+00
0.0000000000e+00,6.0000000000e-01,0.0000000000e+00
0.0000000000e+00,6.0000000000e-01,0.0000000000e+00
0.0000000000e+00,6.0000000000e-01,0.0000000000e+00
0.0000000000e+00,6.0000000000e-01,0.0000000000e+00
0.0000000000e+00,6.0000000000e-01,0.0000000000e+00
0.0000000000e+00,6.0000000000e-01,0.0000000000e+00
0.0000000000e+00,6.0000000000e-01,0.0000000000e+00
0.0000000000e+00,6.0000000000e-01,0.0000000000e+00
0.0000000000e+00,6.0000000000e-01,0.0000000000e+00
0.0000000000e+00,6.0000000000e-01,0.0000000000e+00
0.0000000000e+00,6.0000000000e-01,0.0000000000e+00
0.0000000000e+00,6.0000000000e-01,0.0000000000e+00
0.0000000000e+00,6.0000000000e-01,0.0000000000e+00
0.0000000000e+00,6.0000000000e-01,0.0000000000e+00
0.0000000000e+00,6.0000000000e-01,0.0000000000e+00
0.0000000000e+00,6.0000000000e-01,0.0000000000e+00
0.0000000000e+00,6.0000000000e-01,0.0000000000e+00
0.0000000000e+00,6.0000000000e-01,0.0000000000e+00
0.0000000000e+00,6.0000000000e-01,0.0000000000e+00
0.0000000000e+00,6.0000000000e-01,0.0000000000e+00
0.0000000000e+00,6.0000000000e-01,0.0000000000e+00
0.0000000000e+00,6.0000000000e-01,0.0000000000e+00
0.0000000000e+00,6.0000000000e-01,0.0000000000e+00
0.0000000000e+00,6.0000000000e-01,0.0000000000e+00
0.0000000000e+00,6.0000000000e-01,0.0000000000e+00
0.0000000000e+00,6.0000000000e-01,0.0000000000e+00
0.0000000000e+00,6.0000000000e-01,0.0000000000e+00
0.0000000000e+00,6.0000000000e-01,0.0000000000e+00
0.0000000000e+00,6.0000000000e-01,0.0000000000e+00
0.0000000000e+00,6.0000000000e-01,0.0000000000e+00
0.0000000000e+00,6.0000000000e-01,0.0000000000e+00
0.0000000000e+00,6.0000000000e-01,0.0000000000e+00
0.0000000000e+00,6.0000000000e-01,0.0000000000e+00
0.0000000000e+00,6.0000000000e-01,0.0000000000e+00
0.0000000000e+00,6.0000000000e-01,0.0000000000e+00
0.0000000000e+00,6.0000000000e-01,0.0000000000e+00
0.0000000000e+00,6.0000000000e-01,0.0000000000e+00
0.0000000000e+00,6.0000000000e-01,0.0000000000e+00
0.0000000000e+00,6.0000000000e-01,0.0000000000e+00
0.0000000000e+00,6.0000000000e-01,0.0000000000e+00
0.0000000000e+00,6.0000000000e-01,0.0000000000e+00
0.0000000000e+00,6.0000000000e-01,0.0000000000e+00
0.0000000000e+00,6.0000000000e-01,0.0000000000e+00
0.0000000000e+00,6.0000000000e-01,0.0000000000e+00
0.0000000000e+00,6.0000000000e-01,0.0000000000e+00
0.0000000000e+00,6.0000000000e-01,0.0000000000e+00
0.0000000000e+00,6.0000000000e-01,0.0000000000e+00
0.0000000000e+00,6.0000000000e-01,0.0000000000e+00
0.0000000000e+00,6.0000000000e-01,0.0000000000e+00
0.0000000000e+00,6.0000000000e-01,0.0000000000e+00
0.0000000000e+00,6.0000000000e-01,0.0000000000e+00
0.0000000000e+00,6.0000000000e-01,0.0000000000e+00
0.0000000000e+00,6.0000000000e-01,0.0000000000e+00
0.0000000000e+00,6.0000000000e-01,0.0000000000e+00
0.0000000000e+00,6.0000000000e-01,0.0000000000e+00
0.0000000000e+00,6.0000000000e-01,0.0000000000e+00
0.0000000000e+00,6.0000000000e-01,0.0000000000e+00
0.0000000000e+00,6.0000000000e-01,0.0000000000e+00
0.0000000000e+00,6.0000000000e-01,0.0000000000e+00
0.0000000000e+00,6.0000000000e-01,0.0000000000e+00
0.0000000000e+00,6.0000000000e-01,0.0000000000e+00
0.0000000000e+00,6.0000000000e-01,0.0000000000e+00
0.0000000000e+00,6.0000000000e-01,0.0000000000e+00
0.0000000000e+00,6.0000000000e-01,0.0000000000e+00
0.0000000000e+00,6.0000000000e-01,0.0000000000e+00
0.0000000000e+00,6.0000000000e-01,0.0000000000e+00
0.0000000000e+00,6.0000000000e-01,0.0000000000e+00
0.0000000000e+00,6.0000000000e-01,0.0000000000e+00
0.0000000000e+00,6.0000000000e-01,0.0000000000e+00
0.0000000000e+00,6.0000000000e-01,0.0000000000e+00
0.0000000000e+00,6.0000000000e-01,0.0000000000e+00
0.0000000000e+00,6.0000000000e-01,0.0000000000e+00
0.0000000000e+00,6.0000000000e-01,0.0000000000e+00
0.0000000000e+00,6.0000000000e-01,0.0000000000e+00
0.0000000000e+00,6.0000000000e-01,0.0000000000e+00
0.0000000000e+00,6.0000000000e-01,0.0000000000e+00
0.0000000000e+00,6.0000000000e-01,0.0000000000e+00
0.0000000000e+00,6.0000000000e-01,0.0000000000e+00
0.0000000000e+00,6.0000000000e-01,0.0000000000e+00
0.0000000000e+00,6.0000000000e-01,0.0000000000e+00
0.0000000000e+00,6.0000000000e-01,0.0000000000e+00
0.0000000000e+00,6.0000000000e-01,0.0000000000e+00
0.0000000000e+00,6.0000000000e-01,0.0000000000e+00
0.0000000000e+00,6.0000000000e-01,0.0000000000e+00
0.0000000000e+00,6.0000000000e-01,0.0000000000e+00
0.0000000000e+00,6.0000000000e-01,0.0000000000e+00
0.0000000000e+00,6.0000000000e-01,0.0000000000e+00
0.0000000000e+00,6.0000000000e-01,0.0000000000e+00
0.0000000000e+00,6.0000000000e-01,0.0000000000e+00
0.0000000000e+00,6.0000000000e-01,0.0000000000e+00
0.0000000000e+00,6.0000000000e-01,0.0000000000e+00
0.0000000000e+00,6.0000000000e-01,0.0000000000e+00
0.0000000000e+00,6.0000000000e-01,0.0000000000e+00
0.0000000000e+00,6.0000000000e-01,0.0000000000e+00
0.0000000000e+00,6.0000000000e-01,0.0000000000e+00
0.0000000000e+00,6.0000000000e-01,0.0000000000e+00
0.0000000000e+00,6.0000000000e-01,0.0000000000e+00
0.0000000000e+00,6.0000000000e-01,0.0000000000e+00
0.0000000000e+00,6.0000000000e-01,0.0000000000e+00
0.0000000000e+00,6.0000000000e-01,0.0000000000e+00
0.0000000000e+00,6.0000000000e-01,0.0000000000e+00
0.0000000000e+00,6.0000000000e-01,0.0000000000e+00
0.0000000000e+00,6.0000000000e-01,0.0000000000e+00
0.0000000000e+00,6.0000000000e-01,0.0000000000e+00
0.0000000000e+00,6.0000000000e-01,0.0000000000e+00
0.0000000000e+00,6.0000000000e-01,0.0000000000e+00
0.0000000000e+00,6.0000000000e-01,0.0000000000e+00
0.0000000000e+00,6.0000000000e-01,0.0000000000e+00
0.0000000000e+00,6.0000000000e-01,0.0000000000e+00
0.0000000000e+00,6.0000000000e-01,0.0000000000e+00
0.0000000000e+00,6.0000000000e-01,0.0000000000e+00
0.0000000000e+00,6.0000000000e-01,0.0000000000e+00
0.0000000000e+00,6.0000000000e-01,0.0000000000e+00
0.0000000000e+00,6.0000000000e-01,0.0000000000e+00
0.0000000000e+00,6.0000000000e-01,0.0000000000e+00
0.0000000000e+00,6.0000000000e-01,0.0000000000e+00
0.0000000000e+00,6.0000000000e-01,0.0000000000e+00
0.0000000000e+00,6.0000000000e-01,0.0000000000e+00
0.0000000000e+00,6.0000000000e-01,0.0000000000e+00
0.0000000000e+00,6.0000000000e-01,0.0000000000e+00
0.0000000000e+00,6.0000000000e-01,0.0000000000e+00
0.0000000000e+00,6.0000000000e-01,0.0000000000e+00
0.0000000000e+00,6.0000000000e-01,0.0000000000e+00
0.0000000000e+00,6.0000000000e-01,0.0000000000e+00
0.0000000000e+00,6.0000000000e-01,0.0000000000e+00
0.0000000000e+00,6.0000000000e-01,0.0000000000e+00
0.0000000000e+00,6.0000000000e-01,0.0000000000e+00
0.0000000000e+00,6.0000000000e-01,0.0000000000e+00
0.0000000000e+00,6.0000000000e-01,0.0000000000e+00
0.0000000000e+00,6.0000000000e-01,0.0000000000e+00
0.0000000000e+00,6.0000000000e-01,0.0000000000e+00
0.0000000000e+00,7.0000000000e-01,0.0000000000e+00
0.0000000000e+00,8.0000000000e-01,0.0000000000e+00
0.0000000000e+00,9.0000000000e-01,0.0000000000e+00
8.7883281201e+00,1.0000000000e+00,8.7883281201e+00
1.7576656240e+01,1.0000000000e+00,1.7576656240e+01
2.6364984360e+01,1.0000000000e+00,2.6364984360e+01
2.5667741957e+01,1.0000000000e+00,2.5667741957e+01
1.8832131686e+01,1.0000000000e+00,1.8832131686e+01
1.5065705349e+01,1.0000000000e+00,1.5065705349e+01
2.2477858566e+01,1.0000000000e+00,2.2477858566e+01
3.3716787850e+01,1.0000000000e+00,3.3716787850e+01
5.0837285611e+01,1.0000000000e+00,5.0837285611e+01
7.0609500425e+01,1.0000000000e+00,7.0609500425e+01
8.7443823933e+01,1.0000000000e+00,8.7443823933e+01
9.7934410389e+01,1.0000000000e+00,9.7934410389e+01
1.0189545756e+02,1.0000000000e+00,1.0189545756e+02
9.9902819377e+01,1.0000000000e+00,9.9902819377e+01
9.1661383491e+01,1.0000000000e+00,9.1661383491e+01
7.8464501510e+01,1.0000000000e+00,7.8464501510e+01
6.6465792123e+01,1.0000000000e+00,6.6465792123e+01
6.4985249153e+01,1.0000000000e+00,6.4985249153e+01
7.9606903553e+01,1.0000000000e+00,7.9606903553e+01
1.0651759362e+02,1.0000000000e+00,1.0651759362e+02
1.3413048688e+02,1.0000000000e+00,1.3413048688e+02
1.5091280020e+02,1.0000000000e+00,1.5091280020e+02
1.5242479884e+02,1.0000000000e+00,1.5242479884e+02
1.4233921711e+02,1.0000000000e+00,1.4233921711e+02
1.2824640845e+02,1.0000000000e+00,1.2824640845e+02
1.1579534740e+02,1.0000000000e+00,1.1579534740e+02
1.0513489206e+02,1.0000000000e+00,1.0513489206e+02
9.3493638799e+01,1.0000000000e+00,9.3493638799e+01
8.1874713627e+01,1.0000000000e+00,8.1874713627e+01
7.6860516855e+01,1.0000000000e+00,7.6860516855e+01
9.2403618729e+01,1.0000000000e+00,9.2403618729e+01
1.0577569738e+02,1.0000000000e+00,1.0577569738e+02
1.1697675281e+02,1.0000000000e+00,1.1697675281e+02
1.2500000000e+02,1.0000000000e+00,1.2500000000e+02
1.2380472887e+02,1.0000000000e+00,1.2380472887e+02
1.1750451693e+02,1.0000000000e+00,1.1750451693e+02
1.1121972672e+02,1.0000000000e+00,1.1121972672e+02
1.0495035823e+02,1.0000000000e+00,1.0495035823e+02
9.8696411474e+01,1.0000000000e+00,9.8696411474e+01
9.2457886444e+01,1.0000000000e+00,9.2457886444e+01
8.6234783141e+01,1.0000000000e+00,8.6234783141e+01
8.2636159082e+01,1.0000000000e+00,8.0548913068e+01
8.5324847800e+01,1.0000000000e+00,8.1369232095e+01
8.2713427757e+01,1.0000000000e+00,8.3561281122e+01
7.3762318587e+01,1.0000000000e+00,8.5913976952e+01
7.4754249741e+01,1.0000000000e+00,8.9068275934e+01
9.8045906457e+01,1.0000000000e+00,9.3528382200e+01
1.1957827932e+02,1.0000000000e+00,9.5923694234e+01
1.0382882412e+02,1.0000000000e+00,9.4378974023e+01
7.6016711847e+01,1.0000000000e+00,9.8714619409e+01
1.0536595549e+02,1.0000000000e+00,1.2115115425e+02
1.7167892936e+02,1.0000000000e+00,1.4915631363e+02
1.7102517058e+02,1.0000000000e+00,1.5362860626e+02
1.1352635037e+02,1.0000000000e+00,1.3582492786e+02
1.0563190262e+02,1.0000000000e+00,1.2409580839e+02
1.4672524062e+02,1.0000000000e+00,1.2690299082e+02
1.5209733764e+02,1.0000000000e+00,1.3064391085e+02
1.1547663660e+02,1.0000000000e+00,1.3046865652e+02
1.1034632286e+02,1.0000000000e+00,1.3476148549e+02
1.4878491768e+02,1.0000000000e+00,1.4264824393e+02
1.6519492388e+02,1.0000000000e+00,1.4253230979e+02
1.3675912060e+02,1.0000000000e+00,1.3293220325e+02
1.0432565009e+02,1.0000000000e+00,1.2273443930e+02
1.0423561327e+02,1.0000000000e+00,1.1760037186e+02
1.2502463005e+02,1.0000000000e+00,1.1440415033e+02
1.2560452605e+02,1.0000000000e+00,1.0625392620e+02
9.2376672397e+01,1.0000000000e+00,9.1939213738e+01
5.9868349201e+01,1.0000000000e+00,7.8084144541e+01
6.3203819418e+01,1.0000000000e+00,7.0593027127e+01
7.9866740041e+01,1.0000000000e+00,6.5214421994e+01
6.1919704630e+01,1.0000000000e+00,5.4059778952e+01
3.0452223526e+01,1.0000000000e+00,4.2276005399e+01
3.0925039880e+01,1.0000000000e+00,3.7745848566e+01
4.3647415289e+01,1.0000000000e+00,3.5781632135e+01
3.6946969120e+01,1.0000000000e+00,2.9932851389e+01
1.8978892114e+01,1.0000000000e+00,2.1830544475e+01
8.7298212230e+00,1.0000000000e+00,1.5272038783e+01
9.5534138782e+00,1.0000000000e+00,1.0928065801e+01
9.6208359209e+00,1.0000000000e+00,6.4328586971e+00
1.6097656635e+00,9.0000000000e-01,3.2195313269e-01
0.0000000000e+00,8.0000000000e-01,0.0000000000e+00
0.0000000000e+00,7.0000000000e-01,0.0000000000e+00
0.0000000000e+00,6.0000000000e-01,0.0000000000e+00
0.0000000000e+00,6.0000000000e-01,0.0000000000e+00
0.0000000000e+00,6.0000000000e-01,0.0000000000e+00
0.0000000000e+00,6.0000000000e-01,0.0000000000e+00
0.0000000000e+00,6.0000000000e-01,0.0000000000e+00
0.0000000000e+00,6.0000000000e-01,0.0000000000e+00
0.0000000000e+00,6.0000000000e-01,0.0000000000e+00
0.0000000000e+00,6.0000000000e-01,0.0000000000e+00
0.0000000000e+00,6.0000000000e-01,0.0000000000e+00
0.0000000000e+00,6.0000000000e-01,0.0000000000e+00
0.0000000000e+00,6.0000000000e-01,0.0000000000e+00
0.0000000000e+00,6.0000000000e-01,0.0000000000e+00
0.0000000000e+00,6.0000000000e-01,0.0000000000e+00
0.0000000000e+00,6.0000000000e-01,0.0000000000e+00
0.0000000000e+00,7.0000000000e-01,0.0000000000e+00
0.0000000000e+00,8.0000000000e-01,0.0000000000e+00
0.0000000000e+00,9.0000000000e-01,0.0000000000e+00
1.1175516748e+01,1.0000000000e+00,1.1175516748e+01
2.2351033495e+01,1.0000000000e+00,2.2351033495e+01
3.3526550243e+01,1.0000000000e+00,3.3526550243e+01
5.8612577653e+01,1.0000000000e+00,5.8612577653e+01
8.1375848276e+01,1.0000000000e+00,8.1375848276e+01
9.3914207365e+01,1.0000000000e+00,9.3914207365e+01
9.4613285399e+01,1.0000000000e+00,9.4613285399e+01
8.8292397346e+01,1.0000000000e+00,8.8292397346e+01
8.1582524264e+01,1.0000000000e+00,8.1582524264e+01
7.8124431288e+01,1.0000000000e+00,7.8124431288e+01
8.5704311151e+01,1.0000000000e+00,7.9126608034e+01
9.9984303018e+01,1.0000000000e+00,8.9831413719e+01
8.7558298030e+01,1.0000000000e+00,9.4438470893e+01
7.6036332711e+01,1.0000000000e+00,9.8469786861e+01
1.0528889276e+02,1.0000000000e+00,1.0989945877e+02
1.4495013453e+02,1.0000000000e+00,1.2265431787e+02
1.4209590569e+02,1.0000000000e+00,1.2614953372e+02
1.0717572000e+02,1.0000000000e+00,1.2143514400e+02
1.0453805685e+02,1.0000000000e+00,1.2034097953e+02
1.3367613935e+02,1.0000000000e+00,1.2303441791e+02
1.2592657343e+02,1.0000000000e+00,1.1739517823e+02
9.5717658008e+01,1.0000000000e+00,1.0657765326e+02
1.0036970884e+02,1.0000000000e+00,1.0204590614e+02
1.1197333464e+02,1.0000000000e+00,9.8218058616e+01
7.9088156489e+01,1.0000000000e+00,8.4806034910e+01
5.5816655277e+01,1.0000000000e+00,7.2630331197e+01
7.7721434183e+01,1.0000000000e+00,6.8803468111e+01
9.0098037836e+01,1.0000000000e+00,7.2150653000e+01
7.7511767795e+01,1.0000000000e+00,7.5673946347e+01
7.8943781848e+01,1.0000000000e+00,8.5741581887e+01
9.3289408082e+01,1.0000000000e+00,9.7154806239e+01
9.8631379147e+01,1.0000000000e+00,9.9219163767e+01
8.7565431192e+01,1.0000000000e+00,8.7107813635e+01
6.7664605365e+01,1.0000000000e+00,6.5324689862e+01
4.7682948352e+01,1.0000000000e+00,4.4361416251e+01
2.8417942452e+01,1.0000000000e+00,3.3527090246e+01
4.4020773500e+01,1.0000000000e+00,5.8771752891e+01
8.9586272762e+01,1.0000000000e+00,8.7928324478e+01
1.3889612055e+02,1.0000000000e+00,1.1575314107e+02
1.2748615937e+02,1.0000000000e+00,1.2549723187e+02
7.7830366288e+01,1.0000000000e+00,1.0268188821e+02
7.9834787419e+01,1.0000000000e+00,8.6412169891e+01
9.4738773610e+01,1.0000000000e+00,7.3099278741e+01
6.1328752402e+01,1.0000000000e+00,5.0500500264e+01
6.8001357675e+00,1.0000000000e+00,2.4054916857e+01
1.1046280536e+01,1.0000000000e+00,2.5725616413e+01
4.7796675006e+01,1.0000000000e+00,3.5292448716e+01
5.6212220221e+01,1.0000000000e+00,3.8216600722e+01
2.4050737732e+01,1.0000000000e+00,2.9876267993e+01
2.4027608209e+00,1.0000000000e+00,1.9747806934e+01
1.9127241218e+01,1.0000000000e+00,1.9239252059e+01
2.8628793379e+01,1.0000000000e+00,1.7286111538e+01
1.1881570294e+01,1.0000000000e+00,1.0083215967e+01
0.0000000000e+00,1.0000000000e+00,3.6877476498e+00
0.0000000000e+00,9.0000000000e-01,0.0000000000e+00
9.9041499717e-01,8.0000000000e-01,1.9808299943e-01
1.7760867851e-01,7.0000000000e-01,3.5521735702e-02
0.0000000000e+00,6.0000000000e-01,0.0000000000e+00
0.0000000000e+00,6.0000000000e-01,0.0000000000e+00
0.0000000000e+00,6.0000000000e-01,0.0000000000e+00
0.0000000000e+00,6.0000000000e-01,0.0000000000e+00
0.0000000000e+00,6.0000000000e-01,0.0000000000e+00
0.0000000000e+00,6.0000000000e-01,0.0000000000e+00
0.0000000000e+00,6.0000000000e-01,0.0000000000e+00
0.0000000000e+00,6.0000000000e-01,0.0000000000e+00
0.0000000000e+00,6.0000000000e-01,0.0000000000e+00
0.0000000000e+00,6.0000000000e-01,0.0000000000e+00
0.0000000000e+00,6.0000000000e-01,0.0000000000e+00
0.0000000000e+00,6.0000000000e-01,0.0000000000e+00
0.0000000000e+00,7.0000000000e-01,0.0000000000e+00
0.0000000000e+00,8.0000000000e-01,0.0000000000e+00
0.0000000000e+00,9.0000000000e-01,0.0000000000e+00
8.7147822595e+00,1.0000000000e+00,8.7147822595e+00
1.7429564519e+01,1.0000000000e+00,1.7429564519e+01
2.6144346778e+01,1.0000000000e+00,2.6144346778e+01
4.6641111750e+01,1.0000000000e+00,4.6641111750e+01
6.6236998594e+01,1.0000000000e+00,6.6236998594e+01
8.0528981718e+01,1.0000000000e+00,8.0528981718e+01
8.9908062959e+01,1.0000000000e+00,8.9908062959e+01
9.7443041459e+01,1.0000000000e+00,9.7443041459e+01
1.0566193394e+02,1.0000000000e+00,1.0566193394e+02
1.1591182171e+02,1.0000000000e+00,1.1591182171e+02
1.2826054067e+02,1.0000000000e+00,1.2826054067e+02
1.4088025013e+02,1.0000000000e+00,1.4088025013e+02
1.5156315781e+02,1.0000000000e+00,1.5156315781e+02
1.6022364468e+02,1.0000000000e+00,1.6022364468e+02
1.6801121095e+02,1.0000000000e+00,1.6801121095e+02
1.7382468594e+02,1.0000000000e+00,1.7382468594e+02
1.7355828830e+02,1.0000000000e+00,1.7355828830e+02
1.6364237491e+02,1.0000000000e+00,1.6364237491e+02
1.4481401550e+02,1.0000000000e+00,1.4481401550e+02
1.2251892829e+02,1.0000000000e+00,1.2251892829e+02
1.0410837564e+02,1.0000000000e+00,1.0410837564e+02
9.4780662920e+01,1.0000000000e+00,9.4780662920e+01
9.4554126121e+01,1.0000000000e+00,9.4554126121e+01
9.8695683480e+01,1.0000000000e+00,9.8695683480e+01
1.0242117379e+02,1.0000000000e+00,1.0242117379e+02
1.0604418873e+02,1.0000000000e+00,1.0604418873e+02
1.1430940809e+02,1.0000000000e+00,1.1430940809e+02
1.2993297389e+02,1.0000000000e+00,1.2993297389e+02
1.4884847421e+02,1.0000000000e+00,1.4884847421e+02
1.6175009193e+02,1.0000000000e+00,1.6175009193e+02
1.5924610290e+02,1.0000000000e+00,1.5924610290e+02
1.3740053976e+02,1.0000000000e+00,1.3740053976e+02
1.0244625554e+02,1.0000000000e+00,1.0244625554e+02
7.1041624118e+01,1.0000000000e+00,7.1041624118e+01
6.1953520757e+01,1.0000000000e+00,6.1953520757e+01
8.3047044588e+01,1.0000000000e+00,8.3047044588e+01
1.2497578325e+02,1.0000000000e+00,1.2497578325e+02
1.6779932042e+02,1.0000000000e+00,1.6779932042e+02
1.9400448140e+02,1.0000000000e+00,1.9400448140e+02
1.9693663049e+02,1.0000000000e+00,1.9693663049e+02
1.8086814689e+02,1.0000000000e+00,1.8086814689e+02
1.5635909528e+02,1.0000000000e+00,1.5635909528e+02
1.3480416206e+02,1.0000000000e+00,1.3480416206e+02
1.2371616231e+02,1.0000000000e+00,1.2371616231e+02
1.2406468992e+02,1.0000000000e+00,1.2406468992e+02
1.3102210124e+02,1.0000000000e+00,1.3102210124e+02
1.3781592132e+02,1.0000000000e+00,1.3781592132e+02
1.3968633441e+02,1.0000000000e+00,1.3968633441e+02
1.3511771019e+02,1.0000000000e+00,1.3511771019e+02
1.2616793485e+02,1.0000000000e+00,1.2616793485e+02
1.1938078490e+02,1.0000000000e+00,1.1938078490e+02
1.2290591732e+02,1.0000000000e+00,1.2290591732e+02
1.3921814018e+02,1.0000000000e+00,1.3921814018e+02
1.6156639828e+02,1.0000000000e+00,1.6156639828e+02
1.7820133951e+02,1.0000000000e+00,1.7820133951e+02
1.7895828303e+02,1.0000000000e+00,1.7895828303e+02
1.5968110214e+02,1.0000000000e+00,1.5968110214e+02
1.2469586197e+02,1.0000000000e+00,1.2469586197e+02
8.5570503835e+01,1.0000000000e+00,8.5570503835e+01
5.3993652802e+01,1.0000000000e+00,5.3993652802e+01
4.6280273831e+01,1.0000000000e+00,4.6280273831e+01
3.8566894859e+01,1.0000000000e+00,3.8566894859e+01
3.0853515887e+01,1.0000000000e+00,3.0853515887e+01
2.3140136915e+01,1.0000000000e+00,2.3140136915e+01
2.9795511403e+01,1.0000000000e+00,2.9795511403e+01
4.8336330935e+01,1.0000000000e+00,4.8336330935e+01
6.9169664269e+01,1.0000000000e+00,6.9169664269e+01
8.7779776179e+01,1.0000000000e+00,8.7779776179e+01
1.0416666667e+02,1.0000000000e+00,1.0416666667e+02
1.1833033573e+02,1.0000000000e+00,1.1833033573e+02
1.2500000000e+02,1.0000000000e+00,1.2500000000e+02
1.1890487610e+02,1.0000000000e+00,1.1890487610e+02
1.0416666667e+02,1.0000000000e+00,1.0416666667e+02
8.4907074341e+01,1.0000000000e+00,8.4907074341e+01
6.1126099121e+01,1.0000000000e+00,6.1126099121e+01
5.2393799246e+01,1.0000000000e+00,5.2393799246e+01
4.3661499372e+01,1.0000000000e+00,4.3661499372e+01
3.4929199498e+01,1.0000000000e+00,3.4929199498e+01
2.6196899623e+01,1.0000000000e+00,2.6196899623e+01
1.7464599749e+01,1.0000000000e+00,1.7464599749e+01
8.7322998744e+00,1.0000000000e+00,8.7322998744e+00
0.0000000000e+00,1.0000000000e+00,0.0000000000e+00
0.0000000000e+00,1.0000000000e+00,0.0000000000e+00
0.0000000000e+00,1.0000000000e+00,0.0000000000e+00
0.0000000000e+00,1.0000000000e+00,0.0000000000e+00
1.1433322843e+01,1.0000000000e+00,1.1433322843e+01
2.2866645686e+01,1.0000000000e+00,2.2866645686e+01
3.4299968528e+01,1.0000000000e+00,3.4299968528e+01
6.5927331343e+01,1.0000000000e+00,6.5927331343e+01
9.7738565381e+01,1.0000000000e+00,9.7738565381e+01
1.2087884921e+02,1.0000000000e+00,1.2087884921e+02
1.3286906230e+02,1.0000000000e+00,1.3286906230e+02
1.3726655395e+02,1.0000000000e+00,1.3726655395e+02
1.3701192522e+02,1.0000000000e+00,1.3701192522e+02
1.3057184877e+02,1.0000000000e+00,1.3057184877e+02
1.1617875566e+02,1.0000000000e+00,1.1617875566e+02
9.8222741085e+01,1.0000000000e+00,9.8222741085e+01
8.7224010663e+01,1.0000000000e+00,8.7224010663e+01
9.2104609647e+01,1.0000000000e+00,9.2104609647e+01
1.1173659635e+02,1.0000000000e+00,1.1173659635e+02
1.3484042543e+02,1.0000000000e+00,1.3484042543e+02
1.4917562702e+02,1.0000000000e+00,1.4917562702e+02
1.5060391606e+02,1.0000000000e+00,1.5060391606e+02
1.4384326824e+02,1.0000000000e+00,1.4384326824e+02
1.3633809793e+02,1.0000000000e+00,1.3633809793e+02
1.3182090750e+02,1.0000000000e+00,1.3182090750e+02
1.2864381410e+02,1.0000000000e+00,1.2864381410e+02
1.2348279826e+02,1.0000000000e+00,1.2348279826e+02
1.1620628180e+02,1.0000000000e+00,1.1620628180e+02
1.1065311057e+02,1.0000000000e+00,1.1065311057e+02
1.1079899753e+02,1.0000000000e+00,1.1079899753e+02
1.1710974196e+02,1.0000000000e+00,1.1710974196e+02
1.2682471689e+02,1.0000000000e+00,1.2682471689e+02
1.3674908213e+02,1.0000000000e+00,1.3674908213e+02
1.4535707934e+02,1.0000000000e+00,1.4535707934e+02
1.5276841927e+02,1.0000000000e+00,1.5276841927e+02
1.5897122818e+02,1.0000000000e+00,1.5897122818e+02
1.6198370207e+02,1.0000000000e+00,1.6198370207e+02
1.5768229096e+02,1.0000000000e+00,1.5768229096e+02
1.4184045061e+02,1.0000000000e+00,1.4184045061e+02
1.1397275955e+02,1.0000000000e+00,1.1397275955e+02
8.0957613112e+01,1.0000000000e+00,8.0957613112e+01
5.6159766831e+01,1.0000000000e+00,5.6159766831e+01
5.1453408741e+01,1.0000000000e+00,5.1453408741e+01
6.7275322613e+01,1.0000000000e+00,6.7275322613e+01
9.1292206809e+01,1.0000000000e+00,9.1292206809e+01
1.0884951024e+02,1.0000000000e+00,1.0884951024e+02
1.1464847133e+02,1.0000000000e+00,1.1464847133e+02
1.1402055507e+02,1.0000000000e+00,1.1402055507e+02
1.1473181960e+02,1.0000000000e+00,1.1473181960e+02
1.1906320704e+02,1.0000000000e+00,1.1906320704e+02
1.2342782650e+02,1.0000000000e+00,1.2342782650e+02
1.2454767914e+02,1.0000000000e+00,1.2454767914e+02
1.2464849730e+02,1.0000000000e+00,1.2464849730e+02
1.2954773458e+02,1.0000000000e+00,1.2954773458e+02
1.4177341507e+02,1.0000000000e+00,1.4177341507e+02
1.5638559165e+02,1.0000000000e+00,1.5638559165e+02
1.6388908316e+02,1.0000000000e+00,1.6388908316e+02
1.5748805394e+02,1.0000000000e+00,1.5748805394e+02
1.3868151338e+02,1.0000000000e+00,1.3868151338e+02
1.1668281193e+02,1.0000000000e+00,1.1668281193e+02
1.0137232465e+02,1.0000000000e+00,1.0137232465e+02
9.5337879177e+01,1.0000000000e+00,9.5337879177e+01
9.2683416989e+01,1.0000000000e+00,9.2683416989e+01
8.5750643493e+01,1.0000000000e+00,8.5750643493e+01
7.2315664956e+01,1.0000000000e+00,7.2315664956e+01
5.6075615474e+01,1.0000000000e+00,5.6075615474e+01
4.1601973396e+01,1.0000000000e+00,4.1601973396e+01
3.5658834339e+01,1.0000000000e+00,3.5658834339e+01
2.9715695283e+01,1.0000000000e+00,2.9715695283e+01
2.3772556226e+01,1.0000000000e+00,2.3772556226e+01
1.7829417170e+01,1.0000000000e+00,1.7829417170e+01
1.1886278113e+01,1.0000000000e+00,1.1886278113e+01
5.9431390566e+00,1.0000000000e+00,5.9431390566e+00
0.0000000000e+00,9.0000000000e-01,0.0000000000e+00
0.0000000000e+00,8.0000000000e-01,0.0000000000e+00
0.0000000000e+00,7.0000000000e-01,0.0000000000e+00
0.0000000000e+00,6.0000000000e-01,0.0000000000e+00
0.0000000000e+00,6.0000000000e-01,0.0000000000e+00
0.0000000000e+00,6.0000000000e-01,0.0000000000e+00
0.0000000000e+00,6.0000000000e-01,0.0000000000e+00
0.0000000000e+00,6.0000000000e-01,0.0000000000e+00
0.0000000000e+00,6.0000000000e-01,0.0000000000e+00
0.0000000000e+00,6.0000000000e-01,0.0000000000e+00
0.0000000000e+00,6.0000000000e-01,0.0000000000e+00
0.0000000000e+00,6.0000000000e-01,0.0000000000e+00
0.0000000000e+00,6.0000000000e-01,0.0000000000e+00
0.0000000000e+00,7.0000000000e-01,0.0000000000e+00
0.0000000000e+00,8.0000000000e-01,0.0000000000e+00
0.0000000000e+00,9.0000000000e-01,0.0000000000e+00
2.0362686338e+01,1.0000000000e+00,2.0362686338e+01
4.0725372676e+01,1.0000000000e+00,4.0725372676e+01
6.1088059013e+01,1.0000000000e+00,6.1088059013e+01
1.0416666667e+02,1.0000000000e+00,1.0416666667e+02
1.2500000000e+02,1.0000000000e+00,1.2500000000e+02
1.0416666667e+02,1.0000000000e+00,1.0416666667e+02
7.3392116183e+01,1.0000000000e+00,7.3392116183e+01
6.2907528156e+01,1.0000000000e+00,6.2907528156e+01
5.2422940130e+01,1.0000000000e+00,5.2422940130e+01
4.1938352104e+01,1.0000000000e+00,4.1938352104e+01
3.6380138394e+01,1.0000000000e+00,3.6380138394e+01
6.4692285324e+01,1.0000000000e+00,6.4692285324e+01
9.5866459133e+01,1.0000000000e+00,9.5866459133e+01
1.2061271689e+02,1.0000000000e+00,1.2061271689e+02
1.3579476554e+02,1.0000000000e+00,1.3579476554e+02
1.4413091918e+02,1.0000000000e+00,1.4413091918e+02
1.4925809684e+02,1.0000000000e+00,1.4925809684e+02
1.5227785965e+02,1.0000000000e+00,1.5227785965e+02
1.5213683352e+02,1.0000000000e+00,1.5213683352e+02
1.4805693326e+02,1.0000000000e+00,1.4805693326e+02
1.4142355906e+02,1.0000000000e+00,1.4142355906e+02
1.3529158962e+02,1.0000000000e+00,1.3529158962e+02
1.3197358323e+02,1.0000000000e+00,1.3197358323e+02
1.3144686652e+02,1.0000000000e+00,1.3144686652e+02
1.3211817852e+02,1.0000000000e+00,1.3211817852e+02
1.3216635478e+02,1.0000000000e+00,1.3216635478e+02
1.2953919854e+02,1.0000000000e+00,1.2953919854e+02
1.2174395675e+02,1.0000000000e+00,1.2174395675e+02
1.0739954263e+02,1.0000000000e+00,1.0739954263e+02
8.8794180163e+01,1.0000000000e+00,8.8794180163e+01
7.2536190414e+01,1.0000000000e+00,7.2536190414e+01
6.6600479818e+01,1.0000000000e+00,6.6600479818e+01
7.5122025458e+01,1.0000000000e+00,7.5122025458e+01
1.0847326296e+02,1.0000000000e+00,9.7492754071e+01
1.2858454241e+02,1.0000000000e+00,1.1872588360e+02
1.2226775569e+02,1.0000000000e+00,1.2883493833e+02
1.1206552213e+02,1.0000000000e+00,1.2860519578e+02
1.1315914437e+02,1.0000000000e+00,1.2125771278e+02
1.2093290593e+02,1.0000000000e+00,1.0933606655e+02
1.1380478361e+02,1.0000000000e+00,9.5339666023e+01
8.3506080168e+01,1.0000000000e+00,8.5873490395e+01
7.0713189448e+01,1.0000000000e+00,9.3210282270e+01
1.1699751642e+02,1.0000000000e+00,1.2115090636e+02
1.7408470776e+02,1.0000000000e+00,1.4881191961e+02
1.5680302459e+02,1.0000000000e+00,1.4821794441e+02
9.7656072369e+01,1.0000000000e+00,1.2226986093e+02
8.2481977225e+01,1.0000000000e+00,9.5247311711e+01
9.9151055398e+01,1.0000000000e+00,7.9238908616e+01
9.3752325479e+01,1.0000000000e+00,7.5599911322e+01
7.2208928878e+01,1.0000000000e+00,8.6261411984e+01
8.7644879242e+01,1.0000000000e+00,1.1136563533e+02
1.4541132075e+02,1.0000000000e+00,1.3913628804e+02
1.7248338982e+02,1.0000000000e+00,1.4882374007e+02
1.3914196160e+02,1.0000000000e+00,1.3743740731e+02
1.0585208227e+02,1.0000000000e+00,1.2463627500e+02
1.1690084742e+02,1.0000000000e+00,1.2468422074e+02
1.4802767456e+02,1.0000000000e+00,1.3262593618e+02
1.4879879238e+02,1.0000000000e+00,1.3509809795e+02
1.1947860245e+02,1.0000000000e+00,1.2973285660e+02
1.0754860443e+02,1.0000000000e+00,1.2495884231e+02
1.2455155856e+02,1.0000000000e+00,1.2178960387e+02
1.2798190500e+02,1.0000000000e+00,1.1138372454e+02
9.6076693650e+01,1.0000000000e+00,9.2438094090e+01
6.4356063993e+01,1.0000000000e+00,7.6845862335e+01
6.6514008775e+01,1.0000000000e+00,7.3166042863e+01
8.3433005628e+01,1.0000000000e+00,7.4853742624e+01
7.6304418089e+01,1.0000000000e+00,7.0106844390e+01
5.2517947077e+01,1.0000000000e+00,5.8593888071e+01
4.3447257438e+01,1.0000000000e+00,4.7553580221e+01
4.1953897467e+01,1.0000000000e+00,3.7933662010e+01
3.4345815515e+01,1.0000000000e+00,3.2191633831e+01
2.2759634910e+01,1.0000000000e+00,2.5653985922e+01
1.9237439287e+01,1.0000000000e+00,2.0729135010e+01
2.2875679105e+01,1.0000000000e+00,1.8432175286e+01
2.8981215774e+01,1.0000000000e+00,2.6581802352e+01
1.4928275482e+01,1.0000000000e+00,2.3721387781e+01
1.2909204100e+01,1.0000000000e+00,1.7428668818e+01
2.5871785661e+01,1.0000000000e+00,1.7051819531e+01
1.8149262517e+01,1.0000000000e+00,1.2537949302e+01
2.8844992806e+00,1.0000000000e+00,6.5156310553e+00
0.0000000000e+00,1.0000000000e+00,2.8563623857e+00
0.0000000000e+00,1.0000000000e+00,0.0000000000e+00
9.5879387289e+00,1.0000000000e+00,9.5879387289e+00
1.9175877458e+01,1.0000000000e+00,1.9175877458e+01
2.8763816187e+01,1.0000000000e+00,2.8763816187e+01
3.3884426840e+01,1.0000000000e+00,3.3884426840e+01
3.9309992816e+01,1.0000000000e+00,3.9309992816e+01
4.6393272484e+01,1.0000000000e+00,4.6393272484e+01
5.4873628944e+01,1.0000000000e+00,5.4873628944e+01
6.3532961693e+01,1.0000000000e+00,6.3532961693e+01
7.1381019490e+01,1.0000000000e+00,7.1381019490e+01
7.7860808285e+01,1.0000000000e+00,7.7860808285e+01
8.2443908892e+01,1.0000000000e+00,8.2443908892e+01
8.4627726043e+01,1.0000000000e+00,8.4627726043e+01
8.4657979657e+01,1.0000000000e+00,8.4657979657e+01
8.4181355751e+01,1.0000000000e+00,8.4181355751e+01
9.6143476769e+01,1.0000000000e+00,9.6143476769e+01
1.0748198906e+02,1.0000000000e+00,1.0748198906e+02
1.1819689263e+02,1.0000000000e+00,1.1819689263e+02
1.2500000000e+02,1.0000000000e+00,1.2500000000e+02
1.1152823002e+02,1.0000000000e+00,1.1152823002e+02
9.4689656872e+01,1.0000000000e+00,9.4689656872e+01
7.7850324171e+01,1.0000000000e+00,7.7850324171e+01
6.1010231917e+01,1.0000000000e+00,6.1010231917e+01
4.4169380107e+01,1.0000000000e+00,4.4169380107e+01
4.6753826452e+01,1.0000000000e+00,4.6753826452e+01
5.3216887171e+01,1.0000000000e+00,5.3216887171e+01
5.8046592644e+01,1.0000000000e+00,5.8046592644e+01
6.0571583059e+01,1.0000000000e+00,6.0571583059e+01
6.3942489367e+01,1.0000000000e+00,6.3942489367e+01
7.0470461281e+01,1.0000000000e+00,7.0470461281e+01
7.9072860408e+01,1.0000000000e+00,7.9072860408e+01
8.6715369920e+01,1.0000000000e+00,8.6715369920e+01
9.0865065633e+01,1.0000000000e+00,9.0865065633e+01
9.0273251397e+01,1.0000000000e+00,9.0273251397e+01
8.5009299521e+01,1.0000000000e+00,8.5009299521e+01
7.6991972072e+01,1.0000000000e+00,7.6991972072e+01
6.9920921819e+01,1.0000000000e+00,6.9920921819e+01
6.7637201776e+01,1.0000000000e+00,6.7637201776e+01
8.4952501435e+01,1.0000000000e+00,8.4952501435e+01
1.0120984908e+02,1.0000000000e+00,1.0095125946e+02
1.1669776082e+02,1.0000000000e+00,1.1569117907e+02
1.2397915285e+02,1.0000000000e+00,1.2479583057e+02
1.0059131359e+02,1.0000000000e+00,1.0918145431e+02
7.8953089839e+01,1.0000000000e+00,8.8899968217e+01
7.8750581627e+01,1.0000000000e+00,7.0631452557e+01
6.9192426468e+01,1.0000000000e+00,4.8217634830e+01
4.8467268162e+01,1.0000000000e+00,4.6801798864e+01
2.7270418181e+01,1.0000000000e+00,4.8422099891e+01
4.9838604373e+01,1.0000000000e+00,5.6696647961e+01
8.2930119377e+01,1.0000000000e+00,6.3126142813e+01
6.9076628363e+01,1.0000000000e+00,5.7543818007e+01
2.9770501322e+01,1.0000000000e+00,4.6427463954e+01
2.6240042100e+01,1.0000000000e+00,4.3047399387e+01
5.6816238935e+01,1.0000000000e+00,4.6583799288e+01
6.5843890052e+01,1.0000000000e+00,4.5312291401e+01
3.4906200275e+01,1.0000000000e+00,3.6208908005e+01
8.6284164697e+00,1.0000000000e+00,2.9384166343e+01
2.4023290580e+01,1.0000000000e+00,3.2046863993e+01
5.2867920377e+01,1.0000000000e+00,3.6821477176e+01
4.8885526455e+01,1.0000000000e+00,3.3274500898e+01
1.7672828125e+01,1.0000000000e+00,2.2283060697e+01
2.0316805134e+00,1.0000000000e+00,1.5405132160e+01
8.2552915907e+00,1.0000000000e+00,1.2900155361e+01
1.2638164516e+01,1.0000000000e+00,1.0027030932e+01
7.3663367773e+00,1.0000000000e+00,5.2229663699e+00
4.6452644578e-01,9.0000000000e-01,9.2905289157e-02
0.0000000000e+00,8.0000000000e-01,0.0000000000e+00
0.0000000000e+00,7.0000000000e-01,0.0000000000e+00
0.0000000000e+00,6.0000000000e-01,0.0000000000e+00
0.0000000000e+00,6.0000000000e-01,0.0000000000e+00
0.0000000000e+00,6.0000000000e-01,0.0000000000e+00
0.0000000000e+00,6.0000000000e-01,0.0000000000e+00
0.0000000000e+00,6.0000000000e-01,0.0000000000e+00
0.0000000000e+00,7.0000000000e-01,0.0000000000e+00
0.0000000000e+00,8.0000000000e-01,0.0000000000e+00
0.0000000000e+00,9.0000000000e-01,0.0000000000e+00
9.2839112386e+00,1.0000000000e+00,9.2839112386e+00
1.8567822477e+01,1.0000000000e+00,1.8567822477e+01
2.7851733716e+01,1.0000000000e+00,2.7851733716e+01
2.9112735181e+01,1.0000000000e+00,2.9112735181e+01
1.9894095511e+01,1.0000000000e+00,1.9894095511e+01
1.5915276409e+01,1.0000000000e+00,1.5915276409e+01
1.1936457307e+01,1.0000000000e+00,1.1936457307e+01
1.6792160720e+01,1.0000000000e+00,1.6792160720e+01
2.5188241080e+01,1.0000000000e+00,2.5188241080e+01
5.7659627330e+01,1.0000000000e+00,5.7659627330e+01
9.0286643552e+01,1.0000000000e+00,9.0286643552e+01
1.1031264623e+02,1.0000000000e+00,1.1031264623e+02
1.1522005550e+02,1.0000000000e+00,1.1522005550e+02
1.1413704494e+02,1.0000000000e+00,1.1413704494e+02
1.1910647697e+02,1.0000000000e+00,1.1910647697e+02
1.3437701242e+02,1.0000000000e+00,1.3437701242e+02
1.5328581748e+02,1.0000000000e+00,1.5328581748e+02
1.6543982553e+02,1.0000000000e+00,1.6543982553e+02
1.6686846766e+02,1.0000000000e+00,1.6686846766e+02
1.6309830849e+02,1.0000000000e+00,1.6309830849e+02
1.6294889204e+02,1.0000000000e+00,1.6294889204e+02
1.6987491586e+02,1.0000000000e+00,1.6987491586e+02
1.7920905424e+02,1.0000000000e+00,1.7920905424e+02
1.8313844602e+02,1.0000000000e+00,1.8313844602e+02
1.7771334747e+02,1.0000000000e+00,1.7771334747e+02
1.6564226612e+02,1.0000000000e+00,1.6564226612e+02
1.5352049847e+02,1.0000000000e+00,1.5352049847e+02
1.4635849452e+02,1.0000000000e+00,1.4635849452e+02
1.4405944855e+02,1.0000000000e+00,1.4405944855e+02
1.4293809478e+02,1.0000000000e+00,1.4293809478e+02
1.4066895743e+02,1.0000000000e+00,1.4066895743e+02
1.3939650540e+02,1.0000000000e+00,1.3939650540e+02
1.4322538234e+02,1.0000000000e+00,1.4322538234e+02
1.5254415241e+02,1.0000000000e+00,1.5254415241e+02
1.6192322256e+02,1.0000000000e+00,1.6192322256e+02
1.6438487474e+02,1.0000000000e+00,1.6438487474e+02
1.5747161318e+02,1.0000000000e+00,1.5747161318e+02
1.4520602472e+02,1.0000000000e+00,1.4520602472e+02
1.3503608862e+02,1.0000000000e+00,1.3503608862e+02
1.3306728724e+02,1.0000000000e+00,1.3306728724e+02
1.4057796093e+02,1.0000000000e+00,1.4057796093e+02
1.5341829971e+02,1.0000000000e+00,1.5341829971e+02
1.6541995444e+02,1.0000000000e+00,1.6541995444e+02
1.7383776007e+02,1.0000000000e+00,1.7383776007e+02
1.8117968960e+02,1.0000000000e+00,1.8117968960e+02
1.9088458559e+02,1.0000000000e+00,1.9088458559e+02
2.0152760792e+02,1.0000000000e+00,2.0152760792e+02
2.0618672541e+02,1.0000000000e+00,2.0618672541e+02
1.9857544185e+02,1.0000000000e+00,1.9857544185e+02
1.8065765280e+02,1.0000000000e+00,1.8065765280e+02
1.6363017729e+02,1.0000000000e+00,1.6363017729e+02
1.5962120698e+02,1.0000000000e+00,1.5962120698e+02
1.7151598066e+02,1.0000000000e+00,1.7151598066e+02
1.9113468478e+02,1.0000000000e+00,1.9113468478e+02
2.0694443010e+02,1.0000000000e+00,2.0694443010e+02
2.1305599359e+02,1.0000000000e+00,2.1305599359e+02
2.1195011602e+02,1.0000000000e+00,2.1195011602e+02
2.1013144844e+02,1.0000000000e+00,2.1013144844e+02
2.1154389787e+02,1.0000000000e+00,2.1154389787e+02
2.1498638408e+02,1.0000000000e+00,2.1498638408e+02
2.1708252690e+02,1.0000000000e+00,2.1708252690e+02
2.1595774050e+02,1.0000000000e+00,2.1595774050e+02
2.1073589269e+02,1.0000000000e+00,2.1073589269e+02
1.9841615730e+02,1.0000000000e+00,1.9841615730e+02
1.7462138687e+02,1.0000000000e+00,1.7462138687e+02
1.4045047151e+02,1.0000000000e+00,1.4045047151e+02
1.0742887304e+02,1.0000000000e+00,1.0742887304e+02
9.1455076859e+01,1.0000000000e+00,9.1455076859e+01
9.9606253766e+01,1.0000000000e+00,9.9606253766e+01
1.2359566692e+02,1.0000000000e+00,1.2359566692e+02
1.4663863061e+02,1.0000000000e+00,1.4663863061e+02
1.5605617390e+02,1.0000000000e+00,1.5605617390e+02
1.4996636889e+02,1.0000000000e+00,1.4996636889e+02
1.3500902376e+02,1.0000000000e+00,1.3500902376e+02
1.1996700588e+02,1.0000000000e+00,1.1996700588e+02
1.1023722130e+02,1.0000000000e+00,1.1023722130e+02
1.0558361284e+02,1.0000000000e+00,1.0558361284e+02
1.0168693214e+02,1.0000000000e+00,1.0168693214e+02
9.3947461370e+01,1.0000000000e+00,9.3947461370e+01
8.0955053892e+01,1.0000000000e+00,8.0955053892e+01
6.5145616493e+01,1.0000000000e+00,6.5145616493e+01
5.0082168140e+01,1.0000000000e+00,5.0082168140e+01
3.7673594749e+01,1.0000000000e+00,3.7673594749e+01
3.2291652642e+01,1.0000000000e+00,3.2291652642e+01
2.6909710535e+01,1.0000000000e+00,2.6909710535e+01
2.1527768428e+01,1.0000000000e+00,2.1527768428e+01
1.6145826321e+01,1.0000000000e+00,1.6145826321e+01
1.0763884214e+01,1.0000000000e+00,1.0763884214e+01
5.3819421069e+00,1.0000000000e+00,5.3819421069e+00
0.0000000000e+00,1.0000000000e+00,0.0000000000e+00
1.0494155814e+01,1.0000000000e+00,1.0494155814e+01
2.0988311629e+01,1.0000000000e+00,2.0988311629e+01
3.1482467443e+01,1.0000000000e+00,3.1482467443e+01
6.4057461209e+01,1.0000000000e+00,6.4057461209e+01
9.7850470236e+01,1.0000000000e+00,9.7850470236e+01
1.1981380389e+02,1.0000000000e+00,1.1981380389e+02
1.2283222868e+02,1.0000000000e+00,1.2283222868e+02
1.1171948384e+02,1.0000000000e+00,1.1171948384e+02
1.0020421810e+02,1.0000000000e+00,1.0020421810e+02
1.0043886386e+02,1.0000000000e+00,1.0043886386e+02
1.1558432975e+02,1.0000000000e+00,1.1558432975e+02
1.4121302818e+02,1.0000000000e+00,1.4121302818e+02
1.7004998663e+02,1.0000000000e+00,1.7004998663e+02
1.9461312333e+02,1.0000000000e+00,1.9461312333e+02
2.0904299707e+02,1.0000000000e+00,2.0904299707e+02
2.1120998526e+02,1.0000000000e+00,2.1120998526e+02
2.0282418047e+02,1.0000000000e+00,2.0282418047e+02
1.8717388053e+02,1.0000000000e+00,1.8717388053e+02
1.6727203651e+02,1.0000000000e+00,1.6727203651e+02
1.4557186412e+02,1.0000000000e+00,1.4557186412e+02
1.2384797399e+02,1.0000000000e+00,1.2384797399e+02
1.0333283476e+02,1.0000000000e+00,1.0333283476e+02
8.6406209564e+01,1.0000000000e+00,8.6406209564e+01
7.7670386362e+01,1.0000000000e+00,7.7670386362e+01
8.0743237367e+01,1.0000000000e+00,8.0743237367e+01
9.3555860012e+01,1.0000000000e+00,9.3555860012e+01
1.0929327199e+02,1.0000000000e+00,1.0929327199e+02
1.2233147238e+02,1.0000000000e+00,1.2233147238e+02
1.3118579779e+02,1.0000000000e+00,1.3118579779e+02
1.3628532285e+02,1.0000000000e+00,1.3628532285e+02
1.3748746484e+02,1.0000000000e+00,1.3748746484e+02
1.3401921887e+02,1.0000000000e+00,1.3401921887e+02
1.2587828860e+02,1.0000000000e+00,1.2587828860e+02
1.1553847380e+02,1.0000000000e+00,1.1553847380e+02
1.0794910881e+02,1.0000000000e+00,1.0794910881e+02
1.0675898179e+02,1.0000000000e+00,1.0675898179e+02
1.0961244729e+02,1.0000000000e+00,1.0961244729e+02
1.0930505066e+02,1.0000000000e+00,1.0930505066e+02
1.0174827682e+02,1.0000000000e+00,1.0174827682e+02
9.2010407669e+01,1.0000000000e+00,9.2010407669e+01
9.0394021250e+01,1.0000000000e+00,9.0394021250e+01
1.0213704038e+02,1.0000000000e+00,1.0213704038e+02
1.2950797371e+02,1.0000000000e+00,1.2349558425e+02
1.4264103314e+02,1.0000000000e+00,1.3940924844e+02
1.2913579851e+02,1.0000000000e+00,1.4010048413e+02
1.1942500733e+02,1.0000000000e+00,1.3041312346e+02
1.2836584969e+02,1.0000000000e+00,1.1835247014e+02
1.2254182063e+02,1.0000000000e+00,1.0494480883e+02
8.5021614317e+01,1.0000000000e+00,9.1825674429e+01
6.7062563214e+01,1.0000000000e+00,8.9208964960e+01
1.0393843056e+02,1.0000000000e+00,1.0152724616e+02
1.4065975611e+02,1.0000000000e+00,1.1535373446e+02
1.2268899969e+02,1.0000000000e+00,1.1724385938e+02
8.7629469487e+01,1.0000000000e+00,1.1182689788e+02
9.3829122264e+01,1.0000000000e+00,1.0977864438e+02
1.2567576576e+02,1.0000000000e+00,1.0988791499e+02
1.2604116489e+02,1.0000000000e+00,1.0266969373e+02
8.3287638746e+01,1.0000000000e+00,8.5383911086e+01
4.3784192561e+01,1.0000000000e+00,6.6550589180e+01
4.4855748361e+01,1.0000000000e+00,5.5470780807e+01
6.7377780603e+01,1.0000000000e+00,5.1780679503e+01
6.5563469512e+01,1.0000000000e+00,4.7753710948e+01
3.2408589723e+01,1.0000000000e+00,3.9719641804e+01
1.2804333601e+01,1.0000000000e+00,3.2896553735e+01
3.1742094660e+01,1.0000000000e+00,3.2350436374e+01
4.8814900582e+01,1.0000000000e+00,3.1431327984e+01
3.2323275326e+01,1.0000000000e+00,2.3799333360e+01
7.1725163809e+00,1.0000000000e+00,1.4435511997e+01
2.2258164103e-02,1.0000000000e+00,8.6717907800e+00
3.3836297644e+00,1.0000000000e+00,5.0103955265e+00
2.3175776619e+00,9.0000000000e-01,4.6351553239e-01
1.1564525388e+00,8.0000000000e-01,2.3129050775e-01
0.0000000000e+00,7.0000000000e-01,0.0000000000e+00
0.0000000000e+00,6.0000000000e-01,0.0000000000e+00
0.0000000000e+00,6.0000000000e-01,0.0000000000e+00
0.0000000000e+00,6.0000000000e-01,0.0000000000e+00
0.0000000000e+00,6.0000000000e-01,0.0000000000e+00
0.0000000000e+00,6.0000000000e-01,0.0000000000e+00
0.0000000000e+00,6.0000000000e-01,0.0000000000e+00
0.0000000000e+00,6.0000000000e-01,0.0000000000e+00
0.0000000000e+00,6.0000000000e-01,0.0000000000e+00
0.0000000000e+00,6.0000000000e-01,0.0000000000e+00
0.0000000000e+00,6.0000000000e-01,0.0000000000e+00
0.0000000000e+00,6.0000000000e-01,0.0000000000e+00
0.0000000000e+00,6.0000000000e-01,0.0000000000e+00
0.0000000000e+00,6.0000000000e-01,0.0000000000e+00
0.0000000000e+00,6.0000000000e-01,0.0000000000e+00
0.0000000000e+00,6.0000000000e-01,0.0000000000e+00
0.0000000000e+00,6.0000000000e-01,0.0000000000e+00
0.0000000000e+00,6.0000000000e-01,0.0000000000e+00
0.0000000000e+00,6.0000000000e-01,0.0000000000e+00
0.0000000000e+00,6.0000000000e-01,0.0000000000e+00
0.0000000000e+00,6.0000000000e-01,0.0000000000e+00
0.0000000000e+00,6.0000000000e-01,0.0000000000e+00
0.0000000000e+00,6.0000000000e-01,0.0000000000e+00
0.0000000000e+00,6.0000000000e-01,0.0000000000e+00
0.0000000000e+00,6.0000000000e-01,0.0000000000e+00
0.0000000000e+00,6.0000000000e-01,0.0000000000e+00
0.0000000000e+00,6.0000000000e-01,0.0000000000e+00
0.0000000000e+00,6.0000000000e-01,0.0000000000e+00
0.0000000000e+00,6.0000000000e-01,0.0000000000e+00
0.0000000000e+00,6.0000000000e-01,0.0000000000e+00
0.0000000000e+00,6.0000000000e-01,0.0000000000e+00
0.0000000000e+00,6.0000000000e-01,0.0000000000e+00
0.0000000000e+00,6.0000000000e-01,0.0000000000e+00
0.0000000000e+00,6.0000000000e-01,0.0000000000e+00
0.0000000000e+00,6.0000000000e-01,0.0000000000e+00
0.0000000000e+00,6.0000000000e-01,0.0000000000e+00
0.0000000000e+00,6.0000000000e-01,0.0000000000e+00
0.0000000000e+00,6.0000000000e-01,0.0000000000e+00
0.0000000000e+00,6.0000000000e-01,0.0000000000e+00
0.0000000000e+00,6.0000000000e-01,0.0000000000e+00
0.0000000000e+00,6.0000000000e-01,0.0000000000e+00
0.0000000000e+00,7.0000000000e-01,0.0000000000e+00
0.0000000000e+00,8.0000000000e-01,0.0000000000e+00
0.0000000000e+00,9.0000000000e-01,0.0000000000e+00
1.3037985868e+01,1.0000000000e+00,1.3037985868e+01
2.6075971736e+01,1.0000000000e+00,2.6075971736e+01
3.9113957604e+01,1.0000000000e+00,3.9113957604e+01
6.4375241915e+01,1.0000000000e+00,6.4375241915e+01
8.4314182477e+01,1.0000000000e+00,8.4314182477e+01
9.5169703542e+01,1.0000000000e+00,9.5169703542e+01
9.9260958212e+01,1.0000000000e+00,9.9260958212e+01
1.0221309985e+02,1.0000000000e+00,1.0221309985e+02
1.0792922249e+02,1.0000000000e+00,1.0792922249e+02
1.1550976917e+02,1.0000000000e+00,1.1550976917e+02
1.2040442137e+02,1.0000000000e+00,1.2040442137e+02
1.1894910741e+02,1.0000000000e+00,1.1894910741e+02
1.1241258320e+02,1.0000000000e+00,1.1241258320e+02
1.0652219998e+02,1.0000000000e+00,1.0652219998e+02
1.0631346258e+02,1.0000000000e+00,1.0631346258e+02
1.1126956932e+02,1.0000000000e+00,1.1126956932e+02
1.1611813103e+02,1.0000000000e+00,1.1611813103e+02
1.1608150732e+02,1.0000000000e+00,1.1608150732e+02
1.1092230867e+02,1.0000000000e+00,1.1092230867e+02
1.0518431159e+02,1.0000000000e+00,1.0518431159e+02
1.0530232786e+02,1.0000000000e+00,1.0530232786e+02
1.1536730308e+02,1.0000000000e+00,1.1536730308e+02
1.3435478670e+02,1.0000000000e+00,1.3435478670e+02
1.5637762422e+02,1.0000000000e+00,1.5637762422e+02
1.7356350995e+02,1.0000000000e+00,1.7356350995e+02
1.8039948775e+02,1.0000000000e+00,1.8039948775e+02
1.7666583751e+02,1.0000000000e+00,1.7666583751e+02
1.6642009849e+02,1.0000000000e+00,1.6642009849e+02
1.5496861355e+02,1.0000000000e+00,1.5496861355e+02
1.4701668108e+02,1.0000000000e+00,1.4701668108e+02
1.4558724446e+02,1.0000000000e+00,1.4558724446e+02
1.5064293142e+02,1.0000000000e+00,1.5064293142e+02
1.5897562510e+02,1.0000000000e+00,1.5897562510e+02
1.6651271615e+02,1.0000000000e+00,1.6651271615e+02
1.7099607001e+02,1.0000000000e+00,1.7099607001e+02
1.7252466016e+02,1.0000000000e+00,1.7252466016e+02
1.7232295912e+02,1.0000000000e+00,1.7232295912e+02
1.7171658494e+02,1.0000000000e+00,1.7171658494e+02
1.7187695446e+02,1.0000000000e+00,1.7187695446e+02
1.7331608528e+02,1.0000000000e+00,1.7331608528e+02
1.7518179200e+02,1.0000000000e+00,1.7518179200e+02
1.7617482364e+02,1.0000000000e+00,1.7617482364e+02
1.7685906488e+02,1.0000000000e+00,1.7685906488e+02
1.7977340288e+02,1.0000000000e+00,1.7977340288e+02
1.8616756082e+02,1.0000000000e+00,1.8616756082e+02
1.9354386859e+02,1.0000000000e+00,1.9354386859e+02
1.9749263136e+02,1.0000000000e+00,1.9749263136e+02
1.9584385164e+02,1.0000000000e+00,1.9584385164e+02
1.9094695861e+02,1.0000000000e+00,1.9094695861e+02
1.8801126384e+02,1.0000000000e+00,1.8801126384e+02
1.9056052674e+02,1.0000000000e+00,1.9056052674e+02
1.9709418440e+02,1.0000000000e+00,1.9709418440e+02
2.0298311547e+02,1.0000000000e+00,2.0298311547e+02
2.0547768181e+02,1.0000000000e+00,2.0547768181e+02
2.0494170097e+02,1.0000000000e+00,2.0494170097e+02
2.0115016915e+02,1.0000000000e+00,2.0115016915e+02
1.9168573997e+02,1.0000000000e+00,1.9168573997e+02
1.7601852577e+02,1.0000000000e+00,1.7601852577e+02
1.5887528956e+02,1.0000000000e+00,1.5887528956e+02
1.4651389835e+02,1.0000000000e+00,1.4651389835e+02
1.3975190760e+02,1.0000000000e+00,1.3975190760e+02
1.3265606696e+02,1.0000000000e+00,1.3265606696e+02
1.1886677590e+02,1.0000000000e+00,1.1886677590e+02
9.8313005513e+01,1.0000000000e+00,9.8313005513e+01
7.6886183820e+01,1.0000000000e+00,7.6886183820e+01
6.0078872431e+01,1.0000000000e+00,6.0078872431e+01
4.8312411838e+01,1.0000000000e+00,4.8312411838e+01
3.8605509220e+01,1.0000000000e+00,3.8605509220e+01
3.3090436474e+01,1.0000000000e+00,3.3090436474e+01
2.7575363728e+01,1.0000000000e+00,2.7575363728e+01
2.4092248028e+01,1.0000000000e+00,2.4092248028e+01
3.6138372042e+01,1.0000000000e+00,3.6138372042e+01
6.3328864664e+01,1.0000000000e+00,6.3328864664e+01
1.0065721442e+02,1.0000000000e+00,1.0065721442e+02
1.4102121807e+02,1.0000000000e+00,1.4102121807e+02
1.7767263799e+02,1.0000000000e+00,1.7767263799e+02
2.0579738807e+02,1.0000000000e+00,2.0579738807e+02
2.2297076691e+02,1.0000000000e+00,2.2297076691e+02
2.2988782873e+02,1.0000000000e+00,2.2988782873e+02
2.2979471867e+02,1.0000000000e+00,2.2979471867e+02
2.2599569440e+02,1.0000000000e+00,2.2599569440e+02
2.1979979297e+02,1.0000000000e+00,2.1979979297e+02
2.1073145246e+02,1.0000000000e+00,2.1073145246e+02
1.9821211504e+02,1.0000000000e+00,1.9821211504e+02
1.8300200133e+02,1.0000000000e+00,1.8300200133e+02
1.6751152290e+02,1.0000000000e+00,1.6751152290e+02
1.5481167176e+02,1.0000000000e+00,1.5481167176e+02
1.4671836442e+02,1.0000000000e+00,1.4671836442e+02
1.4214231915e+02,1.0000000000e+00,1.4214231915e+02
1.3728803487e+02,1.0000000000e+00,1.3728803487e+02
1.2855741546e+02,1.0000000000e+00,1.2855741546e+02
1.1627062642e+02,1.0000000000e+00,1.1627062642e+02
1.0492309267e+02,1.0000000000e+00,1.0492309267e+02
9.9483445506e+01,1.0000000000e+00,9.9483445506e+01
1.0299367093e+02,1.0000000000e+00,1.0299367093e+02
1.1700339605e+02,1.0000000000e+00,1.1700339605e+02
1.3976830214e+02,1.0000000000e+00,1.3976830214e+02
1.6312332528e+02,1.0000000000e+00,1.6312332528e+02
1.7641297696e+02,1.0000000000e+00,1.7641297696e+02
1.7611964233e+02,1.0000000000e+00,1.7611964233e+02
1.6850891607e+02,1.0000000000e+00,1.6850891607e+02
1.6173925178e+02,1.0000000000e+00,1.6173925178e+02
1.5843105179e+02,1.0000000000e+00,1.5843105179e+02
1.5668462176e+02,1.0000000000e+00,1.5668462176e+02
1.5526309479e+02,1.0000000000e+00,1.5526309479e+02
1.5584007343e+02,1.0000000000e+00,1.5584007343e+02
1.6085932783e+02,1.0000000000e+00,1.6085932783e+02
1.6975353553e+02,1.0000000000e+00,1.6975353553e+02
1.7740536232e+02,1.0000000000e+00,1.7740536232e+02
1.7730870675e+02,1.0000000000e+00,1.7730870675e+02
1.6737576881e+02,1.0000000000e+00,1.6737576881e+02
1.5274244044e+02,1.0000000000e+00,1.5274244044e+02
1.4175334911e+02,1.0000000000e+00,1.4175334911e+02
1.3828237075e+02,1.0000000000e+00,1.3828237075e+02
1.3860008379e+02,1.0000000000e+00,1.3860008379e+02
1.3606391143e+02,1.0000000000e+00,1.3606391143e+02
1.2793107908e+02,1.0000000000e+00,1.2793107908e+02
1.1759450558e+02,1.0000000000e+00,1.1759450558e+02
1.1106652105e+02,1.0000000000e+00,1.1106652105e+02
1.1154330285e+02,1.0000000000e+00,1.1154330285e+02
1.1709512497e+02,1.0000000000e+00,1.1709512497e+02
1.2282147582e+02,1.0000000000e+00,1.2282147582e+02
1.2465255735e+02,1.0000000000e+00,1.2465255735e+02
1.2187967465e+02,1.0000000000e+00,1.2187967465e+02
1.1755069460e+02,1.0000000000e+00,1.1755069460e+02
1.1706764003e+02,1.0000000000e+00,1.1706764003e+02
1.2506045544e+02,1.0000000000e+00,1.2506045544e+02
1.4130439692e+02,1.0000000000e+00,1.4130439692e+02
1.5929458778e+02,1.0000000000e+00,1.5929458778e+02
1.7046809424e+02,1.0000000000e+00,1.7046809424e+02
1.7059652995e+02,1.0000000000e+00,1.7059652995e+02
1.6168150842e+02,1.0000000000e+00,1.6168150842e+02
1.4834969365e+02,1.0000000000e+00,1.4834969365e+02
1.3395631368e+02,1.0000000000e+00,1.3395631368e+02
1.2032354727e+02,1.0000000000e+00,1.2032354727e+02
1.0997849802e+02,1.0000000000e+00,1.0997849802e+02
1.0732211419e+02,1.0000000000e+00,1.0732211419e+02
1.1577758450e+02,1.0000000000e+00,1.1577758450e+02
1.3205393415e+02,1.0000000000e+00,1.3205393415e+02
1.4496564710e+02,1.0000000000e+00,1.4496564710e+02
1.4403378046e+02,1.0000000000e+00,1.4403378046e+02
1.2991271906e+02,1.0000000000e+00,1.2991271906e+02
1.1362913621e+02,1.0000000000e+00,1.1362913621e+02
1.0508503112e+02,1.0000000000e+00,1.0508503112e+02
1.0430869665e+02,1.0000000000e+00,1.0430869665e+02
1.0370758275e+02,1.0000000000e+00,1.0370758275e+02
9.6098825008e+01,1.0000000000e+00,9.6098825008e+01
7.9744772818e+01,1.0000000000e+00,7.9744772818e+01
5.8006377898e+01,1.0000000000e+00,5.8006377898e+01
4.9719752484e+01,1.0000000000e+00,4.9719752484e+01
4.1433127070e+01,1.0000000000e+00,4.1433127070e+01
3.3146501656e+01,1.0000000000e+00,3.3146501656e+01
2.4859876242e+01,1.0000000000e+00,2.4859876242e+01
1.6573250828e+01,1.0000000000e+00,1.6573250828e+01
8.2866254140e+00,1.0000000000e+00,8.2866254140e+00
0.0000000000e+00,1.0000000000e+00,0.0000000000e+00
0.0000000000e+00,1.0000000000e+00,0.0000000000e+00
0.0000000000e+00,1.0000000000e+00,0.0000000000e+00
8.8309668747e+00,1.0000000000e+00,8.8309668747e+00
1.7661933749e+01,1.0000000000e+00,1.7661933749e+01
2.6492900624e+01,1.0000000000e+00,2.6492900624e+01
2.7972295877e+01,1.0000000000e+00,2.7972295877e+01
1.8923500446e+01,1.0000000000e+00,1.8923500446e+01
1.5138800357e+01,1.0000000000e+00,1.5138800357e+01
1.1354100267e+01,1.0000000000e+00,1.1354100267e+01
9.3111314711e+00,1.0000000000e+00,9.3111314711e+00
1.8622262942e+01,1.0000000000e+00,1.8622262942e+01
2.7933394413e+01,1.0000000000e+00,2.7933394413e+01
6.9614112628e+01,1.0000000000e+00,6.9614112628e+01
1.2360650700e+02,1.0000000000e+00,1.1773232787e+02
1.5764479534e+02,1.0000000000e+00,1.5329633036e+02
1.5260676543e+02,1.0000000000e+00,1.6508896751e+02
1.4533525508e+02,1.0000000000e+00,1.6173363714e+02
1.6062315551e+02,1.0000000000e+00,1.5487673180e+02
1.6993673524e+02,1.0000000000e+00,1.4522964801e+02
1.4196092700e+02,1.0000000000e+00,1.2927148134e+02
9.3300924627e+01,1.0000000000e+00,1.1024703300e+02
7.4437203164e+01,1.0000000000e+00,9.9219564099e+01
1.0567468417e+02,1.0000000000e+00,1.0460701576e+02
1.5007222210e+02,1.0000000000e+00,1.2343119662e+02
1.5864246412e+02,1.0000000000e+00,1.4373583962e+02
1.3472479651e+02,1.0000000000e+00,1.5606676664e+02
1.3951425150e+02,1.0000000000e+00,1.6225254314e+02
1.8136293507e+02,1.0000000000e+00,1.6198940107e+02
1.6114583745e+02,1.0000000000e+00,1.4213508916e+02
8.9278674632e+01,1.0000000000e+00,1.1409705748e+02
1.0842525492e+02,1.0000000000e+00,1.1401820885e+02
1.6363181109e+02,1.0000000000e+00,1.3462379231e+02
1.3876656087e+02,1.0000000000e+00,1.5028183228e+02
1.4705632950e+02,1.0000000000e+00,1.7613377145e+02
2.3006596549e+02,1.0000000000e+00,2.1320324506e+02
2.6349779587e+02,1.0000000000e+00,2.3303621978e+02
2.3231904213e+02,1.0000000000e+00,2.3120674010e+02
2.0745869589e+02,1.0000000000e+00,2.2048117665e+02
1.9535917569e+02,1.0000000000e+00,2.0202168840e+02
1.7600381517e+02,1.0000000000e+00,1.7627625963e+02
1.5987881044e+02,1.0000000000e+00,1.5472446200e+02
1.5608814621e+02,1.0000000000e+00,1.4807816462e+02
1.5353937961e+02,1.0000000000e+00,1.5545069936e+02
1.5793622402e+02,1.0000000000e+00,1.7113564805e+02
1.8383195709e+02,1.0000000000e+00,1.8981116901e+02
2.1530446005e+02,1.0000000000e+00,2.0463440366e+02
2.2268314605e+02,1.0000000000e+00,2.1026155543e+02
2.0038391866e+02,1.0000000000e+00,2.0719853627e+02
1.8364109126e+02,1.0000000000e+00,2.0390605489e+02
2.0804428567e+02,1.0000000000e+00,2.0911392247e+02
2.4346912813e+02,1.0000000000e+00,2.1762343548e+02
2.2703374762e+02,1.0000000000e+00,2.1498113351e+02
1.7636705849e+02,1.0000000000e+00,2.0104886619e+02
1.7025215071e+02,1.0000000000e+00,1.9022886709e+02
2.0392067989e+02,1.0000000000e+00,1.8478263895e+02
1.9422431266e+02,1.0000000000e+00,1.7259673851e+02
1.3996549971e+02,1.0000000000e+00,1.5392852340e+02
1.1911055590e+02,1.0000000000e+00,1.4014539230e+02
1.3347832460e+02,1.0000000000e+00,1.2712795619e+02
1.1919915228e+02,1.0000000000e+00,1.0142856375e+02
6.6463827613e+01,1.0000000000e+00,6.5125665904e+01
2.1245979502e+01,1.0000000000e+00,3.5353747475e+01
2.1936636021e+01,1.0000000000e+00,2.9370075579e+01
6.6709027654e+01,1.0000000000e+00,5.3752737463e+01
1.1381625586e+02,1.0000000000e+00,9.9503865321e+01
1.3621948446e+02,1.0000000000e+00,1.5043598600e+02
1.7532109763e+02,1.0000000000e+00,1.9741405197e+02
2.4777280836e+02,1.0000000000e+00,2.2904131850e+02
2.4672986038e+02,1.0000000000e+00,2.2058274056e+02
1.5980836904e+02,1.0000000000e+00,1.7931965244e+02
1.2305531486e+02,1.0000000000e+00,1.4961452357e+02
1.6566913440e+02,1.0000000000e+00,1.5149104492e+02
1.9590123881e+02,1.0000000000e+00,1.6861134727e+02
1.7406572647e+02,1.0000000000e+00,1.8306360511e+02
1.7054785058e+02,1.0000000000e+00,1.9725230924e+02
2.1995403114e+02,1.0000000000e+00,2.1361713158e+02
2.4008408103e+02,1.0000000000e+00,2.1700584292e+02
1.9293568508e+02,1.0000000000e+00,2.0074462512e+02
1.6337325315e+02,1.0000000000e+00,1.8119837887e+02
1.7517059886e+02,1.0000000000e+00,1.6435891000e+02
1.5209654437e+02,1.0000000000e+00,1.3889732863e+02
9.6641625117e+01,1.0000000000e+00,1.0894916583e+02
7.9807392012e+01,1.0000000000e+00,9.1015954110e+01
9.6160451622e+01,1.0000000000e+00,8.7451425466e+01
1.0379601810e+02,1.0000000000e+00,9.4395326631e+01
1.2088504953e+02,1.0000000000e+00,1.1530473823e+02
1.3895875384e+02,1.0000000000e+00,1.3895875384e+02
1.4919436151e+02,1.0000000000e+00,1.4919436151e+02
1.3418425626e+02,1.0000000000e+00,1.3418425626e+02
9.9783352176e+01,1.0000000000e+00,9.9783352176e+01
6.4619303988e+01,1.0000000000e+00,6.4619303988e+01
4.8056658935e+01,1.0000000000e+00,4.8056658935e+01
5.8334773290e+01,1.0000000000e+00,5.8334773290e+01
8.8343855287e+01,1.0000000000e+00,8.8343855287e+01
1.2167597047e+02,1.0000000000e+00,1.2167597047e+02
1.4477669362e+02,1.0000000000e+00,1.4477669362e+02
1.5578092491e+02,1.0000000000e+00,1.5578092491e+02
1.6265720769e+02,1.0000000000e+00,1.6265720769e+02
1.7322002114e+02,1.0000000000e+00,1.7322002114e+02
1.8705849100e+02,1.0000000000e+00,1.8705849100e+02
1.9614426019e+02,1.0000000000e+00,1.9614426019e+02
2.0000975887e+02,1.0000000000e+00,1.9388799813e+02
1.8111801386e+02,1.0000000000e+00,1.7623881008e+02
1.4002859100e+02,1.0000000000e+00,1.4973146302e+02
1.2375951352e+02,1.0000000000e+00,1.3255979194e+02
1.4387957676e+02,1.0000000000e+00,1.3221985507e+02
1.5237379413e+02,1.0000000000e+00,1.3806942480e+02
1.3223772157e+02,1.0000000000e+00,1.4132906669e+02
1.2180464898e+02,1.0000000000e+00,1.4445789080e+02
1.4762487212e+02,1.0000000000e+00,1.5198010875e+02
1.8505865821e+02,1.0000000000e+00,1.6292445882e+02
1.9372285675e+02,1.0000000000e+00,1.7286489035e+02
1.7000705759e+02,1.0000000000e+00,1.7902441598e+02
1.5701902444e+02,1.0000000000e+00,1.8294417283e+02
1.7871592580e+02,1.0000000000e+00,1.8338914863e+02
1.9435081360e+02,1.0000000000e+00,1.7291625102e+02
1.6550106151e+02,1.0000000000e+00,1.5173642885e+02
1.2187279238e+02,1.0000000000e+00,1.3478073268e+02
1.1601042723e+02,1.0000000000e+00,1.3473077669e+02
1.4861075441e+02,1.0000000000e+00,1.4544934398e+02
1.6804915938e+02,1.0000000000e+00,1.4810292043e+02
1.3912343517e+02,1.0000000000e+00,1.3194966620e+02
9.0033111766e+01,1.0000000000e+00,1.0530471940e+02
6.8690457699e+01,1.0000000000e+00,8.3450077963e+01
7.7934750740e+01,1.0000000000e+00,7.1793292791e+01
8.2970804708e+01,1.0000000000e+00,6.5669668861e+01
6.5885707170e+01,1.0000000000e+00,6.1329627061e+01
4.7352419656e+01,1.0000000000e+00,6.1185013243e+01
5.4721172305e+01,1.0000000000e+00,6.8576145822e+01
8.5079703466e+01,1.0000000000e+00,8.0884308730e+01
1.0731455248e+02,1.0000000000e+00,9.0041182296e+01
9.8287632067e+01,1.0000000000e+00,9.0467236107e+01
7.3020139591e+01,1.0000000000e+00,8.5697985598e+01
6.8127964996e+01,1.0000000000e+00,8.4120399826e+01
9.0930650202e+01,1.0000000000e+00,8.7143437088e+01
1.0424155386e+02,1.0000000000e+00,8.6219078445e+01
8.0242556961e+01,1.0000000000e+00,7.5591126889e+01
4.7315256285e+01,1.0000000000e+00,6.2721969606e+01
4.7983076471e+01,1.0000000000e+00,5.8303688824e+01
7.0940988580e+01,1.0000000000e+00,6.0511048128e+01
7.2277610087e+01,1.0000000000e+00,5.9286963252e+01
4.9829964351e+01,1.0000000000e+00,5.2981422027e+01
3.5400134742e+01,1.0000000000e+00,4.7551177755e+01
3.9402242460e+01,1.0000000000e+00,4.4514892591e+01
4.4608694666e+01,1.0000000000e+00,3.9354838584e+01
4.1637625225e+01,1.0000000000e+00,3.4413039032e+01
2.9374215064e+01,1.0000000000e+00,2.7612771335e+01
1.6860049948e+01,1.0000000000e+00,2.0762352647e+01
1.1205165208e+01,1.0000000000e+00,1.5283790035e+01
1.2121930692e+01,1.0000000000e+00,1.1119557467e+01
9.3761121038e+00,1.0000000000e+00,6.2228080852e+00
2.4400201826e-01,9.0000000000e-01,4.8800403652e-02
0.0000000000e+00,8.0000000000e-01,0.0000000000e+00
0.0000000000e+00,7.0000000000e-01,0.0000000000e+00
5.0755402540e-02,6.0000000000e-01,1.0151080508e-02
0.0000000000e+00,6.0000000000e-01,0.0000000000e+00
0.0000000000e+00,6.0000000000e-01,0.0000000000e+00
0.0000000000e+00,6.0000000000e-01,0.0000000000e+00
0.0000000000e+00,6.0000000000e-01,0.0000000000e+00
0.0000000000e+00,6.0000000000e-01,0.0000000000e+00
0.0000000000e+00,6.0000000000e-01,0.0000000000e+00
0.0000000000e+00,6.0000000000e-01,0.0000000000e+00
0.0000000000e+00,6.0000000000e-01,0.0000000000e+00
0.0000000000e+00,6.0000000000e-01,0.0000000000e+00
0.0000000000e+00,6.0000000000e-01,0.0000000000e+00
0.0000000000e+00,6.0000000000e-01,0.0000000000e+00
0.0000000000e+00,6.0000000000e-01,0.0000000000e+00
0.0000000000e+00,6.0000000000e-01,0.0000000000e+00
0.0000000000e+00,6.0000000000e-01,0.0000000000e+00
0.0000000000e+00,6.0000000000e-01,0.0000000000e+00
0.0000000000e+00,6.0000000000e-01,0.0000000000e+00
0.0000000000e+00,6.0000000000e-01,0.0000000000e+00
0.0000000000e+00,7.0000000000e-01,0.0000000000e+00
0.0000000000e+00,8.0000000000e-01,0.0000000000e+00
0.0000000000e+00,9.0000000000e-01,0.0000000000e+00
1.4646732631e+01,1.0000000000e+00,1.4646732631e+01
2.9293465263e+01,1.0000000000e+00,2.9293465263e+01
4.3940197894e+01,1.0000000000e+00,4.3940197894e+01
8.4034378510e+01,1.0000000000e+00,8.4034378510e+01
1.2402338164e+02,1.0000000000e+00,1.2402338164e+02
1.5344610530e+02,1.0000000000e+00,1.5344610530e+02
1.6642344979e+02,1.0000000000e+00,1.6642344979e+02
1.6414262987e+02,1.0000000000e+00,1.6414262987e+02
1.5435333944e+02,1.0000000000e+00,1.5435333944e+02
1.4694556088e+02,1.0000000000e+00,1.4694556088e+02
1.4736683864e+02,1.0000000000e+00,1.4736683864e+02
1.5329995115e+02,1.0000000000e+00,1.5329995115e+02
1.5833829365e+02,1.0000000000e+00,1.5833829365e+02
1.5949687342e+02,1.0000000000e+00,1.5949687342e+02
1.6065237818e+02,1.0000000000e+00,1.6065237818e+02
1.6757562503e+02,1.0000000000e+00,1.6757562503e+02
1.8009265867e+02,1.0000000000e+00,1.8009265867e+02
1.9141427803e+02,1.0000000000e+00,1.9141427803e+02
1.9528081410e+02,1.0000000000e+00,1.9528081410e+02
1.9088443813e+02,1.0000000000e+00,1.9088443813e+02
1.8083379979e+02,1.0000000000e+00,1.8083379979e+02
1.6845433777e+02,1.0000000000e+00,1.6845433777e+02
1.5799394282e+02,1.0000000000e+00,1.5799394282e+02
1.5363065216e+02,1.0000000000e+00,1.5363065216e+02
1.5698724272e+02,1.0000000000e+00,1.5698724272e+02
1.6745334721e+02,1.0000000000e+00,1.6745334721e+02
1.8372770352e+02,1.0000000000e+00,1.8372770352e+02
2.0269357079e+02,1.0000000000e+00,2.0269357079e+02
2.1846004112e+02,1.0000000000e+00,2.1846004112e+02
2.2506495938e+02,1.0000000000e+00,2.2506495938e+02
2.2010881292e+02,1.0000000000e+00,2.2010881292e+02
2.0569888273e+02,1.0000000000e+00,2.0569888273e+02
1.8716599371e+02,1.0000000000e+00,1.8716599371e+02
1.7133057057e+02,1.0000000000e+00,1.7133057057e+02
1.6407345436e+02,1.0000000000e+00,1.6407345436e+02
1.6700860612e+02,1.0000000000e+00,1.6700860612e+02
1.7615824369e+02,1.0000000000e+00,1.7615824369e+02
1.8518954382e+02,1.0000000000e+00,1.8518954382e+02
1.9046448883e+02,1.0000000000e+00,1.9046448883e+02
1.9290305296e+02,1.0000000000e+00,1.9290305296e+02
1.9575563014e+02,1.0000000000e+00,1.9575563014e+02
2.0135075898e+02,1.0000000000e+00,2.0135075898e+02
2.0948769346e+02,1.0000000000e+00,2.0948769346e+02
2.1800669406e+02,1.0000000000e+00,2.1800669406e+02
2.2465144913e+02,1.0000000000e+00,2.2465144913e+02
2.2860052614e+02,1.0000000000e+00,2.2860052614e+02
2.3035350408e+02,1.0000000000e+00,2.3035350408e+02
2.3020811147e+02,1.0000000000e+00,2.3020811147e+02
2.2683771797e+02,1.0000000000e+00,2.2683771797e+02
2.1721647036e+02,1.0000000000e+00,2.1721647036e+02
1.9805027797e+02,1.0000000000e+00,1.9805027797e+02
1.6811416869e+02,1.0000000000e+00,1.6811416869e+02
1.3055375553e+02,1.0000000000e+00,1.3055375553e+02
9.3616584797e+01,1.0000000000e+00,9.3616584797e+01
6.7882328040e+01,1.0000000000e+00,6.7882328040e+01
6.0194644439e+01,1.0000000000e+00,6.0194644439e+01
6.9105280851e+01,1.0000000000e+00,6.9105280851e+01
8.7411746385e+01,1.0000000000e+00,8.7411746385e+01
1.0915575381e+02,1.0000000000e+00,1.0915575381e+02
1.3132123906e+02,1.0000000000e+00,1.3132123906e+02
1.4883158275e+02,1.0000000000e+00,1.4883158275e+02
1.5334617641e+02,1.0000000000e+00,1.5334617641e+02
1.4046453073e+02,1.0000000000e+00,1.4046453073e+02
1.1626983667e+02,1.0000000000e+00,1.1626983667e+02
9.4448626079e+01,1.0000000000e+00,9.4448626079e+01
8.7203124406e+01,1.0000000000e+00,8.7203124406e+01
9.9129485418e+01,1.0000000000e+00,9.9129485418e+01
1.2664950165e+02,1.0000000000e+00,1.2664950165e+02
1.5984080331e+02,1.0000000000e+00,1.5984080331e+02
1.8665015213e+02,1.0000000000e+00,1.8665015213e+02
1.9960248018e+02,1.0000000000e+00,1.9960248018e+02
1.9977477735e+02,1.0000000000e+00,1.9977477735e+02
1.9447605207e+02,1.0000000000e+00,1.9447605207e+02
1.9185107369e+02,1.0000000000e+00,1.9185107369e+02
1.9653912499e+02,1.0000000000e+00,1.9653912499e+02
2.0769399941e+02,1.0000000000e+00,2.0769399941e+02
2.2007312003e+02,1.0000000000e+00,2.2007312003e+02
2.2786044712e+02,1.0000000000e+00,2.2786044712e+02
2.2828465979e+02,1.0000000000e+00,2.2828465979e+02
2.2257667874e+02,1.0000000000e+00,2.2257667874e+02
2.1461448995e+02,1.0000000000e+00,2.1461448995e+02
2.0835762284e+02,1.0000000000e+00,2.0835762284e+02
2.0495808677e+02,1.0000000000e+00,2.0495808677e+02
2.0119087831e+02,1.0000000000e+00,2.0119087831e+02
1.9133704504e+02,1.0000000000e+00,1.9133704504e+02
1.7294400474e+02,1.0000000000e+00,1.7294400474e+02
1.5190138449e+02,1.0000000000e+00,1.5190138449e+02
1.4003103659e+02,1.0000000000e+00,1.4003103659e+02
1.4603796472e+02,1.0000000000e+00,1.4603796472e+02
1.6889691116e+02,1.0000000000e+00,1.6889691116e+02
1.9926516800e+02,1.0000000000e+00,1.9926516800e+02
2.2552574939e+02,1.0000000000e+00,2.2552574939e+02
2.3822570566e+02,1.0000000000e+00,2.3822570566e+02
2.3115399563e+02,1.0000000000e+00,2.3115399563e+02
2.0231267350e+02,1.0000000000e+00,2.0231267350e+02
1.5685935997e+02,1.0000000000e+00,1.5685935997e+02
1.0847199077e+02,1.0000000000e+00,1.0847199077e+02
7.4532008249e+01,1.0000000000e+00,7.4532008249e+01
6.6431612687e+01,1.0000000000e+00,6.6431612687e+01
8.1540474791e+01,1.0000000000e+00,8.1540474791e+01
1.0394924655e+02,1.0000000000e+00,1.0394924655e+02
1.1600745425e+02,1.0000000000e+00,1.1600745425e+02
1.1175648742e+02,1.0000000000e+00,1.1175648742e+02
9.9958807344e+01,1.0000000000e+00,9.9958807344e+01
9.5456444341e+01,1.0000000000e+00,9.5456444341e+01
1.0697859639e+02,1.0000000000e+00,1.0697859639e+02
1.3020834538e+02,1.0000000000e+00,1.3020834538e+02
1.5206559282e+02,1.0000000000e+00,1.5206559282e+02
1.6283923158e+02,1.0000000000e+00,1.6283923158e+02
1.6359872389e+02,1.0000000000e+00,1.6359872389e+02
1.6205860031e+02,1.0000000000e+00,1.6205860031e+02
1.6357260130e+02,1.0000000000e+00,1.6357260130e+02
1.6718185757e+02,1.0000000000e+00,1.6718185757e+02
1.6892920440e+02,1.0000000000e+00,1.6892920440e+02
1.6672420605e+02,1.0000000000e+00,1.6672420605e+02
1.6079769373e+02,1.0000000000e+00,1.6079769373e+02
1.5095802289e+02,1.0000000000e+00,1.5095802289e+02
1.3622335405e+02,1.0000000000e+00,1.3622335405e+02
1.1762982652e+02,1.0000000000e+00,1.1762982652e+02
9.9429959128e+01,1.0000000000e+00,9.9429959128e+01
8.5837391048e+01,1.0000000000e+00,8.5837391048e+01
7.6680016779e+01,1.0000000000e+00,7.6680016779e+01
6.7546878188e+01,1.0000000000e+00,6.7546878188e+01
5.4824659572e+01,1.0000000000e+00,5.4824659572e+01
3.9743325514e+01,1.0000000000e+00,3.9743325514e+01
3.4065707583e+01,1.0000000000e+00,3.4065707583e+01
2.8388089653e+01,1.0000000000e+00,2.8388089653e+01
2.2710471722e+01,1.0000000000e+00,2.2710471722e+01
1.7032853792e+01,1.0000000000e+00,1.7032853792e+01
1.8589649834e+01,1.0000000000e+00,1.8589649834e+01
2.7884474751e+01,1.0000000000e+00,2.7884474751e+01
3.2592008984e+01,1.0000000000e+00,3.2592008984e+01
3.4669882295e+01,1.0000000000e+00,3.4669882295e+01
3.1768573080e+01,1.0000000000e+00,3.1768573080e+01
2.4764201639e+01,1.0000000000e+00,2.4764201639e+01
1.9811361312e+01,1.0000000000e+00,1.9811361312e+01
2.4659512649e+01,1.0000000000e+00,2.4659512649e+01
3.6989268974e+01,1.0000000000e+00,3.6989268974e+01
6.8802802728e+01,1.0000000000e+00,6.8802802728e+01
1.0915603554e+02,1.0000000000e+00,1.0915603554e+02
1.5000765543e+02,1.0000000000e+00,1.5000765543e+02
1.8547149217e+02,1.0000000000e+00,1.8547149217e+02
2.1248710513e+02,1.0000000000e+00,2.1248710513e+02
2.3013610974e+02,1.0000000000e+00,2.3013610974e+02
2.3853729441e+02,1.0000000000e+00,2.3853729441e+02
2.3697185437e+02,1.0000000000e+00,2.3697185437e+02
2.2321213418e+02,1.0000000000e+00,2.2321213418e+02
1.9684999590e+02,1.0000000000e+00,1.9684999590e+02
1.6491372350e+02,1.0000000000e+00,1.6491372350e+02
1.4209257671e+02,1.0000000000e+00,1.4209257671e+02
1.4052421294e+02,1.0000000000e+00,1.4052421294e+02
1.5772050642e+02,1.0000000000e+00,1.5772050642e+02
1.7733271969e+02,1.0000000000e+00,1.7733271969e+02
1.8339871841e+02,1.0000000000e+00,1.8339871841e+02
1.7352851882e+02,1.0000000000e+00,1.7352851882e+02
1.5904451598e+02,1.0000000000e+00,1.5904451598e+02
1.5315962362e+02,1.0000000000e+00,1.5315962362e+02
1.5849844988e+02,1.0000000000e+00,1.5849844988e+02
1.6566530038e+02,1.0000000000e+00,1.6566530038e+02
1.6416504373e+02,1.0000000000e+00,1.6416504373e+02
1.5455426685e+02,1.0000000000e+00,1.5455426685e+02
1.4867612447e+02,1.0000000000e+00,1.4867612447e+02
1.5721075351e+02,1.0000000000e+00,1.5721075351e+02
1.7817240180e+02,1.0000000000e+00,1.7817240180e+02
1.9803509564e+02,1.0000000000e+00,1.9803509564e+02
2.0230849761e+02,1.0000000000e+00,2.0230849761e+02
1.8542060733e+02,1.0000000000e+00,1.8542060733e+02
1.5426024080e+02,1.0000000000e+00,1.5426024080e+02
1.2390420531e+02,1.0000000000e+00,1.2390420531e+02
1.0762166809e+02,1.0000000000e+00,1.0762166809e+02
1.0926982061e+02,1.0000000000e+00,1.0926982061e+02
1.2432595571e+02,1.0000000000e+00,1.2432595571e+02
1.4509998412e+02,1.0000000000e+00,1.4509998412e+02
1.6385596512e+02,1.0000000000e+00,1.6385596512e+02
1.7532879600e+02,1.0000000000e+00,1.7532879600e+02
1.8004834057e+02,1.0000000000e+00,1.8004834057e+02
1.8386956909e+02,1.0000000000e+00,1.8386956909e+02
1.9183407725e+02,1.0000000000e+00,1.9183407725e+02
2.0253082666e+02,1.0000000000e+00,2.0253082666e+02
2.0926641893e+02,1.0000000000e+00,2.0926641893e+02
2.0678528494e+02,1.0000000000e+00,2.0678528494e+02
1.9655622618e+02,1.0000000000e+00,1.9655622618e+02
1.8479342418e+02,1.0000000000e+00,1.8479342418e+02
1.7511813309e+02,1.0000000000e+00,1.7511813309e+02
1.6528106156e+02,1.0000000000e+00,1.6528106156e+02
1.5257144457e+02,1.0000000000e+00,1.5257144457e+02
1.3929737666e+02,1.0000000000e+00,1.3929737666e+02
1.2964113445e+02,1.0000000000e+00,1.2964113445e+02
1.2350408577e+02,1.0000000000e+00,1.2350408577e+02
1.1737067943e+02,1.0000000000e+00,1.1737067943e+02
1.1077779824e+02,1.0000000000e+00,1.1077779824e+02
1.0929028606e+02,1.0000000000e+00,1.0929028606e+02
1.1972846608e+02,1.0000000000e+00,1.1972846608e+02
1.4215669609e+02,1.0000000000e+00,1.4215669609e+02
1.6760732145e+02,1.0000000000e+00,1.6760732145e+02
1.8508553649e+02,1.0000000000e+00,1.8508553649e+02
1.9000658839e+02,1.0000000000e+00,1.9000658839e+02
1.8470875510e+02,1.0000000000e+00,1.8470875510e+02
1.7227387867e+02,1.0000000000e+00,1.7227387867e+02
1.5212578062e+02,1.0000000000e+00,1.5212578062e+02
1.2290374874e+02,1.0000000000e+00,1.2290374874e+02
8.9930857232e+01,1.0000000000e+00,8.9930857232e+01
6.7897790918e+01,1.0000000000e+00,6.7897790918e+01
7.2268401101e+01,1.0000000000e+00,7.2268401101e+01
1.0555454130e+02,1.0000000000e+00,1.0555454130e+02
1.5239150594e+02,1.0000000000e+00,1.5239150594e+02
1.8939422250e+02,1.0000000000e+00,1.8939422250e+02
2.0101459757e+02,1.0000000000e+00,2.0101459757e+02
1.8790898096e+02,1.0000000000e+00,1.8790898096e+02
1.6306455738e+02,1.0000000000e+00,1.6306455738e+02
1.4115945393e+02,1.0000000000e+00,1.4115945393e+02
1.2950230856e+02,1.0000000000e+00,1.2950230856e+02
1.2629386749e+02,1.0000000000e+00,1.2629386749e+02
1.2608516768e+02,1.0000000000e+00,1.2608516768e+02
1.2561040001e+02,1.0000000000e+00,1.2561040001e+02
1.2392486924e+02,1.0000000000e+00,1.2392486924e+02
1.1973818036e+02,1.0000000000e+00,1.1973818036e+02
1.1192849430e+02,1.0000000000e+00,1.1192849430e+02
1.0179572735e+02,1.0000000000e+00,1.0179572735e+02
9.2068259847e+01,1.0000000000e+00,9.2068259847e+01
8.3613845527e+01,1.0000000000e+00,8.3613845527e+01
7.4682338356e+01,1.0000000000e+00,7.4682338356e+01
6.3657056958e+01,1.0000000000e+00,6.3657056958e+01
5.1441660194e+01,1.0000000000e+00,5.1441660194e+01
4.0436549805e+01,1.0000000000e+00,4.0436549805e+01
3.1945497842e+01,1.0000000000e+00,3.1945497842e+01
2.7381855293e+01,1.0000000000e+00,2.7381855293e+01
2.2818212744e+01,1.0000000000e+00,2.2818212744e+01
1.8254570195e+01,1.0000000000e+00,1.8254570195e+01
1.3690927647e+01,1.0000000000e+00,1.3690927647e+01
9.1272850977e+00,1.0000000000e+00,9.1272850977e+00
4.5636425489e+00,1.0000000000e+00,4.5636425489e+00
0.0000000000e+00,1.0000000000e+00,0.0000000000e+00
0.0000000000e+00,1.0000000000e+00,0.0000000000e+00
0.0000000000e+00,1.0000000000e+00,0.0000000000e+00
0.0000000000e+00,1.0000000000e+00,0.0000000000e+00
0.0000000000e+00,1.0000000000e+00,0.0000000000e+00
0.0000000000e+00,1.0000000000e+00,0.0000000000e+00
0.0000000000e+00,1.0000000000e+00,0.0000000000e+00
0.0000000000e+00,1.0000000000e+00,0.0000000000e+00
0.0000000000e+00,1.0000000000e+00,0.0000000000e+00
2.0399305556e+01,1.0000000000e+00,2.0399305556e+01
4.0798611111e+01,1.0000000000e+00,4.0798611111e+01
6.1197916667e+01,1.0000000000e+00,6.1197916667e+01
1.0416666667e+02,1.0000000000e+00,1.0416666667e+02
1.2500000000e+02,1.0000000000e+00,1.2500000000e+02
1.0416666667e+02,1.0000000000e+00,1.0416666667e+02
8.9285714286e+01,1.0000000000e+00,8.9285714286e+01
7.4404761905e+01,1.0000000000e+00,7.4404761905e+01
5.9523809524e+01,1.0000000000e+00,5.9523809524e+01
4.4642857143e+01,1.0000000000e+00,4.4642857143e+01
2.9761904762e+01,1.0000000000e+00,2.9761904762e+01
2.6998067259e+01,1.0000000000e+00,2.6998067259e+01
4.0497100888e+01,1.0000000000e+00,4.0497100888e+01
6.3728655493e+01,1.0000000000e+00,6.3728655493e+01
7.9650721923e+01,1.0000000000e+00,7.9650721923e+01
8.7120432874e+01,1.0000000000e+00,8.7120432874e+01
9.2000399862e+01,1.0000000000e+00,9.2000399862e+01
1.0133929819e+02,1.0000000000e+00,1.0133929819e+02
1.1702699899e+02,1.0000000000e+00,1.1702699899e+02
1.3452093023e+02,1.0000000000e+00,1.3452093023e+02
1.4661387428e+02,1.0000000000e+00,1.4661387428e+02
1.4881336179e+02,1.0000000000e+00,1.4881336179e+02
1.4304295712e+02,1.0000000000e+00,1.4304295712e+02
1.3625782131e+02,1.0000000000e+00,1.3625782131e+02
1.3430589532e+02,1.0000000000e+00,1.3430589532e+02
1.3788392376e+02,1.0000000000e+00,1.3788392376e+02
1.4411676402e+02,1.0000000000e+00,1.4411676402e+02
1.4877096832e+02,1.0000000000e+00,1.4877096832e+02
1.4693162725e+02,1.0000000000e+00,1.4693162725e+02
1.3570524187e+02,1.0000000000e+00,1.3570524187e+02
1.1791510100e+02,1.0000000000e+00,1.1791510100e+02
1.0216937379e+02,1.0000000000e+00,1.0216937379e+02
9.8769845774e+01,1.0000000000e+00,9.8769845774e+01
1.1389036388e+02,1.0000000000e+00,1.1389036388e+02
1.4521328258e+02,1.0000000000e+00,1.4521328258e+02
1.8248368047e+02,1.0000000000e+00,1.8248368047e+02
2.1338305578e+02,1.0000000000e+00,2.1338305578e+02
2.3043947040e+02,1.0000000000e+00,2.3043947040e+02
2.3359949573e+02,1.0000000000e+00,2.3359949573e+02
2.2738649669e+02,1.0000000000e+00,2.2738649669e+02
2.1651864628e+02,1.0000000000e+00,2.1651864628e+02
2.0388267832e+02,1.0000000000e+00,2.0388267832e+02
1.9124383772e+02,1.0000000000e+00,1.9124383772e+02
1.8069905060e+02,1.0000000000e+00,1.8069905060e+02
1.7517574021e+02,1.0000000000e+00,1.7517574021e+02
1.7741803008e+02,1.0000000000e+00,1.7741803008e+02
1.8783356263e+02,1.0000000000e+00,1.8783356263e+02
2.0293648129e+02,1.0000000000e+00,2.0293648129e+02
2.1626070709e+02,1.0000000000e+00,2.1626070709e+02
2.2114763840e+02,1.0000000000e+00,2.2114763840e+02
2.1360314939e+02,1.0000000000e+00,2.1360314939e+02
1.9535467111e+02,1.0000000000e+00,1.9535467111e+02
1.7603722530e+02,1.0000000000e+00,1.7603722530e+02
1.6893643005e+02,1.0000000000e+00,1.6893643005e+02
1.7963454751e+02,1.0000000000e+00,1.7963454751e+02
1.9936345948e+02,1.0000000000e+00,1.9936345948e+02
2.1245615011e+02,1.0000000000e+00,2.1245615011e+02
2.1020109726e+02,1.0000000000e+00,2.1020109726e+02
1.9716009548e+02,1.0000000000e+00,1.9716009548e+02
1.8541128905e+02,1.0000000000e+00,1.8541128905e+02
1.8291367515e+02,1.0000000000e+00,1.8291367515e+02
1.8696003729e+02,1.0000000000e+00,1.8696003729e+02
1.8882049444e+02,1.0000000000e+00,1.8882049444e+02
1.8399712368e+02,1.0000000000e+00,1.8399712368e+02
1.7705224835e+02,1.0000000000e+00,1.7705224835e+02
1.7658283212e+02,1.0000000000e+00,1.7658283212e+02
1.8637033393e+02,1.0000000000e+00,1.8637033393e+02
2.0207021337e+02,1.0000000000e+00,2.0207021337e+02
2.1598520488e+02,1.0000000000e+00,2.1598520488e+02
2.2373547823e+02,1.0000000000e+00,2.2373547823e+02
2.2617691473e+02,1.0000000000e+00,2.2617691473e+02
2.2647494693e+02,1.0000000000e+00,2.2647494693e+02
2.2653738558e+02,1.0000000000e+00,2.2653738558e+02
2.2579164926e+02,1.0000000000e+00,2.2579164926e+02
2.2244716592e+02,1.0000000000e+00,2.2244716592e+02
2.1561796732e+02,1.0000000000e+00,2.1561796732e+02
2.0623284021e+02,1.0000000000e+00,2.0623284021e+02
1.9592736574e+02,1.0000000000e+00,1.9592736574e+02
1.8546804045e+02,1.0000000000e+00,1.8546804045e+02
1.7475924900e+02,1.0000000000e+00,1.7475924900e+02
1.6368331341e+02,1.0000000000e+00,1.6368331341e+02
1.5135177469e+02,1.0000000000e+00,1.5135177469e+02
1.3498752793e+02,1.0000000000e+00,1.3498752793e+02
1.1223481202e+02,1.0000000000e+00,1.1223481202e+02
8.5310839320e+01,1.0000000000e+00,8.5310839320e+01
6.0910194531e+01,1.0000000000e+00,6.0910194531e+01
4.5170234904e+01,1.0000000000e+00,4.5170234904e+01
3.9488122364e+01,1.0000000000e+00,3.9488122364e+01
4.0939579394e+01,1.0000000000e+00,4.0939579394e+01
4.5109371249e+01,1.0000000000e+00,4.5109371249e+01
4.7647880374e+01,1.0000000000e+00,4.7647880374e+01
4.4593771686e+01,1.0000000000e+00,4.4593771686e+01
3.8223232874e+01,1.0000000000e+00,3.8223232874e+01
3.1852694061e+01,1.0000000000e+00,3.1852694061e+01
2.5482155249e+01,1.0000000000e+00,2.5482155249e+01
2.7321766935e+01,1.0000000000e+00,2.7321766935e+01
6.5987739691e+01,1.0000000000e+00,6.5987739691e+01
1.2199665996e+02,1.0000000000e+00,1.2199665996e+02
1.7695302476e+02,1.0000000000e+00,1.7695302476e+02
2.1356694304e+02,1.0000000000e+00,2.1356694304e+02
2.2671551713e+02,1.0000000000e+00,2.2671551713e+02
2.2454485147e+02,1.0000000000e+00,2.2454485147e+02
2.1926532834e+02,1.0000000000e+00,2.1926532834e+02
2.1614647839e+02,1.0000000000e+00,2.1614647839e+02
2.1029320897e+02,1.0000000000e+00,2.1029320897e+02
1.9419461432e+02,1.0000000000e+00,1.9419461432e+02
1.6904697014e+02,1.0000000000e+00,1.6904697014e+02
1.4753250287e+02,1.0000000000e+00,1.4753250287e+02
1.4307099487e+02,1.0000000000e+00,1.4307099487e+02
1.5628621879e+02,1.0000000000e+00,1.5628621879e+02
1.7428486049e+02,1.0000000000e+00,1.7428486049e+02
1.8374271312e+02,1.0000000000e+00,1.8374271312e+02
1.8307449781e+02,1.0000000000e+00,1.8307449781e+02
1.8079922455e+02,1.0000000000e+00,1.8079922455e+02
1.8322847979e+02,1.0000000000e+00,1.8322847979e+02
1.8672459520e+02,1.0000000000e+00,1.8672459520e+02
1.8311775505e+02,1.0000000000e+00,1.8311775505e+02
1.7023988291e+02,1.0000000000e+00,1.7023988291e+02
1.5546175509e+02,1.0000000000e+00,1.5546175509e+02
1.4970397863e+02,1.0000000000e+00,1.4970397863e+02
1.5821066855e+02,1.0000000000e+00,1.5821066855e+02
1.7696410342e+02,1.0000000000e+00,1.7696410342e+02
1.9759296443e+02,1.0000000000e+00,1.9759296443e+02
2.1364307600e+02,1.0000000000e+00,2.1364307600e+02
2.2168194637e+02,1.0000000000e+00,2.2168194637e+02
2.1957250422e+02,1.0000000000e+00,2.1957250422e+02
2.0636689086e+02,1.0000000000e+00,2.0636689086e+02
1.8369607506e+02,1.0000000000e+00,1.8369607506e+02
1.5636637518e+02,1.0000000000e+00,1.5636637518e+02
1.3180983661e+02,1.0000000000e+00,1.3180983661e+02
1.1876214078e+02,1.0000000000e+00,1.1876214078e+02
1.2405656668e+02,1.0000000000e+00,1.2405656668e+02
1.4798263358e+02,1.0000000000e+00,1.4798263358e+02
1.8194300110e+02,1.0000000000e+00,1.8194300110e+02
2.1178446778e+02,1.0000000000e+00,2.1178446778e+02
2.2587650516e+02,1.0000000000e+00,2.2587650516e+02
2.2211572018e+02,1.0000000000e+00,2.2211572018e+02
2.0829025369e+02,1.0000000000e+00,2.0829025369e+02
1.9574038242e+02,1.0000000000e+00,1.9574038242e+02
1.9140667943e+02,1.0000000000e+00,1.9140667943e+02
1.9494875715e+02,1.0000000000e+00,1.9494875715e+02
2.0247718154e+02,1.0000000000e+00,2.0247718154e+02
2.1100809241e+02,1.0000000000e+00,2.1100809241e+02
2.1903916661e+02,1.0000000000e+00,2.1903916661e+02
2.2511193763e+02,1.0000000000e+00,2.2511193763e+02
2.2724615267e+02,1.0000000000e+00,2.2724615267e+02
2.2362555655e+02,1.0000000000e+00,2.2362555655e+02
2.1388745030e+02,1.0000000000e+00,2.1388745030e+02
1.9988986672e+02,1.0000000000e+00,1.9988986672e+02
1.8504313254e+02,1.0000000000e+00,1.8504313254e+02
1.7289018562e+02,1.0000000000e+00,1.7289018562e+02
1.6607203658e+02,1.0000000000e+00,1.6607203658e+02
1.6596020425e+02,1.0000000000e+00,1.6596020425e+02
1.7287172771e+02,1.0000000000e+00,1.7287172771e+02
1.8579338501e+02,1.0000000000e+00,1.8579338501e+02
2.0089715548e+02,1.0000000000e+00,2.0089715548e+02
2.1172531575e+02,1.0000000000e+00,2.1172531575e+02
2.1362468056e+02,1.0000000000e+00,2.1362468056e+02
2.0853928719e+02,1.0000000000e+00,2.0853928719e+02
2.0380822358e+02,1.0000000000e+00,2.0380822358e+02
2.0495324718e+02,1.0000000000e+00,2.0495324718e+02
2.0943380460e+02,1.0000000000e+00,2.0943380460e+02
2.0732832171e+02,1.0000000000e+00,2.0732832171e+02
1.8837723641e+02,1.0000000000e+00,1.8837723641e+02
1.5080071270e+02,1.0000000000e+00,1.5080071270e+02
1.0611300799e+02,1.0000000000e+00,1.0611300799e+02
7.4550362751e+01,1.0000000000e+00,7.4550362751e+01
7.2321614938e+01,1.0000000000e+00,7.2321614938e+01
1.0076903484e+02,1.0000000000e+00,1.0076903484e+02
1.4597056620e+02,1.0000000000e+00,1.4597056620e+02
1.8721415164e+02,1.0000000000e+00,1.8721415164e+02
2.0796084271e+02,1.0000000000e+00,2.0796084271e+02
2.0447223502e+02,1.0000000000e+00,2.0447223502e+02
1.8774022471e+02,1.0000000000e+00,1.8774022471e+02
1.7575975846e+02,1.0000000000e+00,1.7575975846e+02
1.8005459986e+02,1.0000000000e+00,1.8005459986e+02
1.9707108732e+02,1.0000000000e+00,1.9707108732e+02
2.1217105247e+02,1.0000000000e+00,2.1217105247e+02
2.1255353739e+02,1.0000000000e+00,2.1255353739e+02
1.9779552439e+02,1.0000000000e+00,1.9779552439e+02
1.7975638208e+02,1.0000000000e+00,1.7975638208e+02
1.7251664244e+02,1.0000000000e+00,1.7251664244e+02
1.8102374675e+02,1.0000000000e+00,1.8102374675e+02
1.9806668209e+02,1.0000000000e+00,1.9806668209e+02
2.1099729926e+02,1.0000000000e+00,2.1099729926e+02
2.1098946664e+02,1.0000000000e+00,2.1098946664e+02
1.9775456360e+02,1.0000000000e+00,1.9775456360e+02
1.7847827535e+02,1.0000000000e+00,1.7847827535e+02
1.6341756515e+02,1.0000000000e+00,1.6341756515e+02
1.6073559137e+02,1.0000000000e+00,1.6073559137e+02
1.7251828184e+02,1.0000000000e+00,1.7251828184e+02
1.9374155365e+02,1.0000000000e+00,1.9374155365e+02
2.1535106245e+02,1.0000000000e+00,2.1535106245e+02
2.2954961056e+02,1.0000000000e+00,2.2954961056e+02
2.3239682817e+02,1.0000000000e+00,2.3239682817e+02
2.2183669908e+02,1.0000000000e+00,2.2183669908e+02
1.9577182652e+02,1.0000000000e+00,1.9577182652e+02
1.5547945039e+02,1.0000000000e+00,1.5547945039e+02
1.1175067382e+02,1.0000000000e+00,1.1175067382e+02
8.4018025918e+01,1.0000000000e+00,8.4018025918e+01
8.8368196966e+01,1.0000000000e+00,8.8368196966e+01
1.2459529539e+02,1.0000000000e+00,1.2459529539e+02
1.7603603845e+02,1.0000000000e+00,1.7603603845e+02
2.2190226705e+02,1.0000000000e+00,2.2190226705e+02
2.4845545294e+02,1.0000000000e+00,2.4845545294e+02
2.5000000000e+02,1.0000000000e+00,2.5000000000e+02
2.2475441032e+02,1.0000000000e+00,2.2475441032e+02
1.7488562982e+02,1.0000000000e+00,1.7488562982e+02
1.1101235012e+02,1.0000000000e+00,1.1101235012e+02
5.2952449030e+01,1.0000000000e+00,5.2952449030e+01
2.7845542486e+01,1.0000000000e+00,2.7845542486e+01
3.0584178428e+01,1.0000000000e+00,3.0584178428e+01
7.4458649888e+01,1.0000000000e+00,7.4458649888e+01
1.3508959600e+02,1.0000000000e+00,1.3508959600e+02
1.8878690382e+02,1.0000000000e+00,1.8878690382e+02
2.1994851196e+02,1.0000000000e+00,2.1994851196e+02
2.2796783490e+02,1.0000000000e+00,2.2796783490e+02
2.2326622241e+02,1.0000000000e+00,2.2326622241e+02
2.1746479367e+02,1.0000000000e+00,2.1746479367e+02
2.1578464390e+02,1.0000000000e+00,2.1578464390e+02
2.1625266877e+02,1.0000000000e+00,2.1625266877e+02
2.1476313575e+02,1.0000000000e+00,2.1476313575e+02
2.1040355712e+02,1.0000000000e+00,2.1040355712e+02
2.0563387484e+02,1.0000000000e+00,2.0563387484e+02
2.0213880522e+02,1.0000000000e+00,2.0213880522e+02
1.9876801576e+02,1.0000000000e+00,1.9876801576e+02
1.9450928466e+02,1.0000000000e+00,1.9450928466e+02
1.9138826453e+02,1.0000000000e+00,1.9138826453e+02
1.9252436913e+02,1.0000000000e+00,1.9252436913e+02
1.9830462069e+02,1.0000000000e+00,1.9830462069e+02
2.0596538297e+02,1.0000000000e+00,2.0596538297e+02
2.1226170997e+02,1.0000000000e+00,2.1226170997e+02
2.1492615092e+02,1.0000000000e+00,2.1492615092e+02
2.1173200279e+02,1.0000000000e+00,2.1173200279e+02
2.0022591586e+02,1.0000000000e+00,2.0022591586e+02
1.7948492460e+02,1.0000000000e+00,1.7948492460e+02
1.5146730566e+02,1.0000000000e+00,1.5146730566e+02
1.2070703188e+02,1.0000000000e+00,1.2070703188e+02
9.3183167141e+01,1.0000000000e+00,9.3183167141e+01
7.3929617954e+01,1.0000000000e+00,7.3929617954e+01
6.4091468331e+01,1.0000000000e+00,6.4091468331e+01
6.0737301607e+01,1.0000000000e+00,6.0737301607e+01
5.9524250912e+01,1.0000000000e+00,5.9524250912e+01
5.6818434928e+01,1.0000000000e+00,5.6818434928e+01
5.1142587957e+01,1.0000000000e+00,5.1142587957e+01
4.5895588703e+01,1.0000000000e+00,4.5895588703e+01
5.0478618588e+01,1.0000000000e+00,5.0478618588e+01
7.4725546380e+01,1.0000000000e+00,7.4725546380e+01
1.1905332425e+02,1.0000000000e+00,1.1905332425e+02
1.7083079855e+02,1.0000000000e+00,1.7083079855e+02
2.1266383107e+02,1.0000000000e+00,2.1266383107e+02
2.3464188361e+02,1.0000000000e+00,2.3464188361e+02
2.3870009447e+02,1.0000000000e+00,2.3870009447e+02
2.3352102038e+02,1.0000000000e+00,2.3352102038e+02
2.2730588539e+02,1.0000000000e+00,2.2730588539e+02
2.2420803975e+02,1.0000000000e+00,2.2420803975e+02
2.2467366101e+02,1.0000000000e+00,2.2467366101e+02
2.2723527745e+02,1.0000000000e+00,2.2723527745e+02
2.2979624780e+02,1.0000000000e+00,2.2979624780e+02
2.3008758230e+02,1.0000000000e+00,2.3008758230e+02
2.2616593769e+02,1.0000000000e+00,2.2616593769e+02
2.1772284545e+02,1.0000000000e+00,2.1772284545e+02
2.0746090867e+02,1.0000000000e+00,2.0746090867e+02
2.0035167157e+02,1.0000000000e+00,2.0035167157e+02
2.0029248195e+02,1.0000000000e+00,2.0029248195e+02
2.0737929287e+02,1.0000000000e+00,2.0737929287e+02
2.1849141803e+02,1.0000000000e+00,2.1849141803e+02
2.2948928827e+02,1.0000000000e+00,2.2948928827e+02
2.3620246467e+02,1.0000000000e+00,2.3620246467e+02
2.3433726429e+02,1.0000000000e+00,2.3433726429e+02
2.2067010992e+02,1.0000000000e+00,2.2067010992e+02
1.9685409778e+02,1.0000000000e+00,1.9685409778e+02
1.7267821124e+02,1.0000000000e+00,1.7267821124e+02
1.6213358101e+02,1.0000000000e+00,1.6213358101e+02
1.7211504497e+02,1.0000000000e+00,1.7211504497e+02
1.9559414557e+02,1.0000000000e+00,1.9559414557e+02
2.1815204150e+02,1.0000000000e+00,2.1815204150e+02
2.2995242232e+02,1.0000000000e+00,2.2995242232e+02
2.3059794161e+02,1.0000000000e+00,2.3059794161e+02
2.2525067335e+02,1.0000000000e+00,2.2525067335e+02
2.1791907760e+02,1.0000000000e+00,2.1791907760e+02
2.0763467622e+02,1.0000000000e+00,2.0763467622e+02
1.9112164260e+02,1.0000000000e+00,1.9112164260e+02
1.7014603012e+02,1.0000000000e+00,1.7014603012e+02
1.5471399056e+02,1.0000000000e+00,1.5471399056e+02
1.5574931869e+02,1.0000000000e+00,1.5574931869e+02
1.7432056001e+02,1.0000000000e+00,1.7432056001e+02
2.0036067610e+02,1.0000000000e+00,2.0036067610e+02
2.2170414634e+02,1.0000000000e+00,2.2170414634e+02
2.3244740621e+02,1.0000000000e+00,2.3244740621e+02
2.3379453411e+02,1.0000000000e+00,2.3379453411e+02
2.3040004123e+02,1.0000000000e+00,2.3017537063e+02
2.2727070020e+02,1.0000000000e+00,2.2573287073e+02
2.2447755071e+02,1.0000000000e+00,2.2233365630e+02
2.1268816379e+02,1.0000000000e+00,2.1893507829e+02
2.0032141337e+02,1.0000000000e+00,2.1685510446e+02
2.2028373252e+02,1.0000000000e+00,2.2035392047e+02
2.4078546804e+02,1.0000000000e+00,2.1950247308e+02
2.0928332178e+02,1.0000000000e+00,2.0256734422e+02
1.6951131538e+02,1.0000000000e+00,1.8282315328e+02
1.7008248555e+02,1.0000000000e+00,1.7776342569e+02
1.9569490053e+02,1.0000000000e+00,1.8717236761e+02
2.0748980319e+02,1.0000000000e+00,1.9695678955e+02
1.8788698545e+02,1.0000000000e+00,1.9461443319e+02
1.6816490125e+02,1.0000000000e+00,1.8469968642e+02
1.8079291223e+02,1.0000000000e+00,1.8041385600e+02
2.0470242796e+02,1.0000000000e+00,1.8424758286e+02
2.0003638888e+02,1.0000000000e+00,1.8809494589e+02
1.7255171062e+02,1.0000000000e+00,1.8839493788e+02
1.6860851824e+02,1.0000000000e+00,1.9135783288e+02
2.0272481207e+02,1.0000000000e+00,2.0003088318e+02
2.2975559041e+02,1.0000000000e+00,2.0526454732e+02
2.0861883428e+02,1.0000000000e+00,1.9647300868e+02
1.6045627071e+02,1.0000000000e+00,1.7628516512e+02
1.3819504328e+02,1.0000000000e+00,1.5822479053e+02
1.5459880414e+02,1.0000000000e+00,1.5085071416e+02
1.6933587621e+02,1.0000000000e+00,1.4914560193e+02
1.4828277532e+02,1.0000000000e+00,1.4288356765e+02
1.1280118500e+02,1.0000000000e+00,1.3033376474e+02
1.0716774513e+02,1.0000000000e+00,1.1865531787e+02
1.2427128667e+02,1.0000000000e+00,1.1053671481e+02
1.1735808059e+02,1.0000000000e+00,1.0120528380e+02
8.0666972880e+01,1.0000000000e+00,8.9457968534e+01
6.1521257623e+01,1.0000000000e+00,8.0940855945e+01
7.9211393967e+01,1.0000000000e+00,7.6548108241e+01
8.7201290474e+01,1.0000000000e+00,6.7519815437e+01
5.3708980357e+01,1.0000000000e+00,5.0213391873e+01
1.7501620112e+01,1.0000000000e+00,3.4488573559e+01
1.9740168739e+01,1.0000000000e+00,2.8856937207e+01
4.0135993987e+01,1.0000000000e+00,2.9377687477e+01
3.7283128227e+01,1.0000000000e+00,2.5248699545e+01
1.6692751653e+01,1.0000000000e+00,1.7572209450e+01
5.6300667895e+00,1.0000000000e+00,1.1801257698e+01
8.8960369498e+00,1.0000000000e+00,8.8960369498e+00
4.4480184749e+00,1.0000000000e+00,4.4480184749e+00
8.4360659556e+00,1.0000000000e+00,8.4360659556e+00
1.6872131911e+01,1.0000000000e+00,1.6872131911e+01
2.5308197867e+01,1.0000000000e+00,2.5308197867e+01
3.1968041950e+01,1.0000000000e+00,3.1968041950e+01
3.5671944853e+01,1.0000000000e+00,3.5671944853e+01
3.3683013283e+01,1.0000000000e+00,3.3683013283e+01
2.5479960609e+01,1.0000000000e+00,2.5479960609e+01
2.0383968487e+01,1.0000000000e+00,2.0383968487e+01
1.5287976366e+01,1.0000000000e+00,1.5287976366e+01
2.9615374848e+01,1.0000000000e+00,2.9615374848e+01
4.4423062272e+01,1.0000000000e+00,4.4423062272e+01
1.0072038185e+02,1.0000000000e+00,1.0072038185e+02
1.6225166944e+02,1.0000000000e+00,1.6225166944e+02
2.0979438870e+02,1.0000000000e+00,2.0979438870e+02
2.3414136980e+02,1.0000000000e+00,2.3414136980e+02
2.3911317761e+02,1.0000000000e+00,2.3911317761e+02
2.3422549798e+02,1.0000000000e+00,2.3422549798e+02
2.2632484514e+02,1.0000000000e+00,2.2632484514e+02
2.1742061184e+02,1.0000000000e+00,2.1742061184e+02
2.0800905813e+02,1.0000000000e+00,2.0800905813e+02
2.0067365322e+02,1.0000000000e+00,2.0067365322e+02
1.9943896727e+02,1.0000000000e+00,1.9943896727e+02
2.0530737345e+02,1.0000000000e+00,2.0530737345e+02
2.1381597022e+02,1.0000000000e+00,2.1381597022e+02
2.1864682629e+02,1.0000000000e+00,2.1864682629e+02
2.1752514306e+02,1.0000000000e+00,2.1752514306e+02
2.1367610494e+02,1.0000000000e+00,2.1367610494e+02
2.1068773177e+02,1.0000000000e+00,2.1068773177e+02
2.0578913206e+02,1.0000000000e+00,2.0578913206e+02
1.9071701764e+02,1.0000000000e+00,1.9071701764e+02
1.6246010098e+02,1.0000000000e+00,1.6246010098e+02
1.3203558115e+02,1.0000000000e+00,1.3203558115e+02
1.1834813251e+02,1.0000000000e+00,1.1834813251e+02
1.3164818835e+02,1.0000000000e+00,1.3164818835e+02
1.6434474001e+02,1.0000000000e+00,1.6434474001e+02
1.9818806277e+02,1.0000000000e+00,1.9818806277e+02
2.1904896252e+02,1.0000000000e+00,2.1904896252e+02
2.2520180788e+02,1.0000000000e+00,2.2520180788e+02
2.2380542060e+02,1.0000000000e+00,2.2380542060e+02
2.2132280588e+02,1.0000000000e+00,2.2132280588e+02
2.1782745326e+02,1.0000000000e+00,2.1782745326e+02
2.0984789555e+02,1.0000000000e+00,2.0984789555e+02
1.9700179923e+02,1.0000000000e+00,1.9700179923e+02
1.8410857812e+02,1.0000000000e+00,1.8410857812e+02
1.7663577323e+02,1.0000000000e+00,1.7663577323e+02
1.7575987300e+02,1.0000000000e+00,1.7575987300e+02
1.7856156228e+02,1.0000000000e+00,1.7856156228e+02
1.8090956074e+02,1.0000000000e+00,1.8090956074e+02
1.7874741557e+02,1.0000000000e+00,1.7874741557e+02
1.6836424445e+02,1.0000000000e+00,1.6836424445e+02
1.4789472587e+02,1.0000000000e+00,1.4789472587e+02
1.2003932421e+02,1.0000000000e+00,1.2003932421e+02
9.3854635004e+01,1.0000000000e+00,9.3854635004e+01
8.2110181804e+01,1.0000000000e+00,8.2110181804e+01
9.2989894704e+01,1.0000000000e+00,9.2989894704e+01
1.2213799744e+02,1.0000000000e+00,1.2213799744e+02
1.5377517597e+02,1.0000000000e+00,1.5377517597e+02
1.7059157867e+02,1.0000000000e+00,1.7059157867e+02
1.6331307511e+02,1.0000000000e+00,1.6331307511e+02
1.3469726881e+02,1.0000000000e+00,1.3469726881e+02
9.8915999493e+01,1.0000000000e+00,9.8915999493e+01
7.5392851904e+01,1.0000000000e+00,7.5392851904e+01
7.6901238388e+01,1.0000000000e+00,7.6901238388e+01
1.0008991915e+02,1.0000000000e+00,1.0008991915e+02
1.2858313882e+02,1.0000000000e+00,1.2858313882e+02
1.4739595579e+02,1.0000000000e+00,1.4739595579e+02
1.5470873392e+02,1.0000000000e+00,1.5470873392e+02
1.5968700739e+02,1.0000000000e+00,1.5968700739e+02
1.7103559678e+02,1.0000000000e+00,1.7103559678e+02
1.8900838149e+02,1.0000000000e+00,1.8900838149e+02
2.0607177570e+02,1.0000000000e+00,2.0607177570e+02
2.1304650950e+02,1.0000000000e+00,2.1304650950e+02
2.0622127146e+02,1.0000000000e+00,2.0622127146e+02
1.9103330498e+02,1.0000000000e+00,1.9103330498e+02
1.7843475614e+02,1.0000000000e+00,1.7843475614e+02
1.7587497620e+02,1.0000000000e+00,1.7587497620e+02
1.8174211351e+02,1.0000000000e+00,1.8174211351e+02
1.8878268841e+02,1.0000000000e+00,1.8878268841e+02
1.9143119244e+02,1.0000000000e+00,1.9143119244e+02
1.8923160718e+02,1.0000000000e+00,1.8923160718e+02
1.8492981089e+02,1.0000000000e+00,1.8492981089e+02
1.8074666637e+02,1.0000000000e+00,1.8074666637e+02
1.7657011601e+02,1.0000000000e+00,1.7657011601e+02
1.7121875070e+02,1.0000000000e+00,1.7121875070e+02
1.6425171627e+02,1.0000000000e+00,1.6425171627e+02
1.5599203799e+02,1.0000000000e+00,1.5599203799e+02
1.4736745997e+02,1.0000000000e+00,1.4736745997e+02
1.4049527850e+02,1.0000000000e+00,1.4049527850e+02
1.3737743444e+02,1.0000000000e+00,1.3737743444e+02
1.3737030880e+02,1.0000000000e+00,1.3737030880e+02
1.3761656960e+02,1.0000000000e+00,1.3761656960e+02
1.3501217286e+02,1.0000000000e+00,1.3501217286e+02
1.2602918181e+02,1.0000000000e+00,1.2602918181e+02
1.0747125000e+02,1.0000000000e+00,1.0747125000e+02
8.0506071504e+01,1.0000000000e+00,8.0506071504e+01
5.2526527885e+01,1.0000000000e+00,5.2526527885e+01
3.3160037885e+01,1.0000000000e+00,3.3160037885e+01
2.8234184965e+01,1.0000000000e+00,2.8234184965e+01
3.6286892058e+01,1.0000000000e+00,3.6286892058e+01
4.9018441941e+01,1.0000000000e+00,4.9018441941e+01
5.5641421003e+01,1.0000000000e+00,5.5641421003e+01
4.9788146298e+01,1.0000000000e+00,4.9788146298e+01
3.5272010757e+01,1.0000000000e+00,3.5272010757e+01
2.5896844618e+01,1.0000000000e+00,2.5896844618e+01
3.7038549186e+01,1.0000000000e+00,3.7038549186e+01
7.3267373173e+01,1.0000000000e+00,7.3267373173e+01
1.2242330041e+02,1.0000000000e+00,1.2242330041e+02
1.6338311797e+02,1.0000000000e+00,1.6338311797e+02
1.8139333627e+02,1.0000000000e+00,1.8139333627e+02
1.7641878267e+02,1.0000000000e+00,1.7641878267e+02
1.5830986627e+02,1.0000000000e+00,1.5830986627e+02
1.3723456045e+02,1.0000000000e+00,1.3723456045e+02
1.1987216798e+02,1.0000000000e+00,1.1987216798e+02
1.1094354641e+02,1.0000000000e+00,1.1094354641e+02
1.1399638187e+02,1.0000000000e+00,1.1399638187e+02
1.3026292481e+02,1.0000000000e+00,1.3026292481e+02
1.5707706181e+02,1.0000000000e+00,1.5707706181e+02
1.8712649693e+02,1.0000000000e+00,1.8712649693e+02
2.1136746567e+02,1.0000000000e+00,2.1136746567e+02
2.2474415629e+02,1.0000000000e+00,2.2474415629e+02
2.2815254515e+02,1.0000000000e+00,2.2815254515e+02
2.2432802082e+02,1.0000000000e+00,2.2432802082e+02
2.1391093648e+02,1.0000000000e+00,2.1391093648e+02
1.9741550709e+02,1.0000000000e+00,1.9741550709e+02
1.7997957139e+02,1.0000000000e+00,1.7997957139e+02
1.7072161221e+02,1.0000000000e+00,1.7072161221e+02
1.7536318296e+02,1.0000000000e+00,1.7536318296e+02
1.9090191039e+02,1.0000000000e+00,1.9090191039e+02
2.0876923608e+02,1.0000000000e+00,2.0876923608e+02
2.2602845032e+02,1.0000000000e+00,2.2278169943e+02
2.3007485684e+02,1.0000000000e+00,2.2900742680e+02
2.2512050798e+02,1.0000000000e+00,2.2965905795e+02
2.2557595485e+02,1.0000000000e+00,2.2840078970e+02
2.2855076685e+02,1.0000000000e+00,2.2315140295e+02
2.1531138306e+02,1.0000000000e+00,2.0845718283e+02
1.7948241115e+02,1.0000000000e+00,1.8515477835e+02
1.5313746218e+02,1.0000000000e+00,1.6654650817e+02
1.6954094948e+02,1.0000000000e+00,1.6611360899e+02
1.9902381209e+02,1.0000000000e+00,1.7865130759e+02
1.8576250284e+02,1.0000000000e+00,1.8735740984e+02
1.6781999869e+02,1.0000000000e+00,1.9291711600e+02
1.9600161993e+02,1.0000000000e+00,2.0143229252e+02
2.2676604873e+02,1.0000000000e+00,2.0368261642e+02
2.1331313693e+02,1.0000000000e+00,1.9272309944e+02
1.7055957132e+02,1.0000000000e+00,1.7606827467e+02
1.4150584665e+02,1.0000000000e+00,1.6722378674e+02
1.5687417044e+02,1.0000000000e+00,1.7514955438e+02
2.1036525477e+02,1.0000000000e+00,1.9713276923e+02
2.4334080905e+02,1.0000000000e+00,2.1516572820e+02
2.0781445196e+02,1.0000000000e+00,2.1149587157e+02
1.7088884179e+02,1.0000000000e+00,1.9569233733e+02
1.8833507199e+02,1.0000000000e+00,1.8405954104e+02
1.9117114495e+02,1.0000000000e+00,1.7437993707e+02
1.6746465964e+02,1.0000000000e+00,1.7264882114e+02
1.7412266740e+02,1.0000000000e+00,1.8771702001e+02
2.1470624355e+02,1.0000000000e+00,2.0949565729e+02
2.3200598522e+02,1.0000000000e+00,2.1723990750e+02
2.0267206379e+02,1.0000000000e+00,2.0499212968e+02
1.7247474188e+02,1.0000000000e+00,1.8754929701e+02
1.7898109844e+02,1.0000000000e+00,1.8025331201e+02
1.9790416117e+02,1.0000000000e+00,1.8389174483e+02
1.9201969954e+02,1.0000000000e+00,1.9139489611e+02
1.9036321940e+02,1.0000000000e+00,2.0363293174e+02
2.2398728264e+02,1.0000000000e+00,2.2076502563e+02
2.4126255620e+02,1.0000000000e+00,2.2980928798e+02
2.1988264812e+02,1.0000000000e+00,2.2736468387e+02
2.1676302651e+02,1.0000000000e+00,2.2675422897e+02
2.3811664926e+02,1.0000000000e+00,2.2980270200e+02
2.3659719762e+02,1.0000000000e+00,2.2637480834e+02
2.1591229094e+02,1.0000000000e+00,2.1713047012e+02
2.0520840537e+02,1.0000000000e+00,2.1008851388e+02
2.0755908199e+02,1.0000000000e+00,2.0961264091e+02
2.1579550586e+02,1.0000000000e+00,2.1591671173e+02
2.2409915887e+02,1.0000000000e+00,2.2388659217e+02
2.2422118491e+02,1.0000000000e+00,2.2341455382e+02
2.0733001046e+02,1.0000000000e+00,2.0616739659e+02
1.7098084365e+02,1.0000000000e+00,1.7429060859e+02
1.3584887321e+02,1.0000000000e+00,1.4502929056e+02
1.4061505213e+02,1.0000000000e+00,1.4088708211e+02
1.7896717520e+02,1.0000000000e+00,1.6437331793e+02
2.0435332606e+02,1.0000000000e+00,1.9588876890e+02
2.0814679365e+02,1.0000000000e+00,2.1923791661e+02
2.1519372245e+02,1.0000000000e+00,2.3174528813e+02
2.3458392988e+02,1.0000000000e+00,2.3642338400e+02
2.5412686679e+02,1.0000000000e+00,2.3607529775e+02
2.5303955240e+02,1.0000000000e+00,2.3105639121e+02
2.2043120326e+02,1.0000000000e+00,2.2131246884e+02
1.8339533722e+02,1.0000000000e+00,2.1260433812e+02
1.8870919382e+02,1.0000000000e+00,2.1382843310e+02
2.3731567705e+02,1.0000000000e+00,2.2440330382e+02
2.6425499823e+02,1.0000000000e+00,2.3031826276e+02
2.1903821345e+02,1.0000000000e+00,2.1981324129e+02
1.7444865028e+02,1.0000000000e+00,2.0481018360e+02
2.0318261848e+02,1.0000000000e+00,1.9759623628e+02
1.9671924168e+02,1.0000000000e+00,1.7736877720e+02
1.3055563331e+02,1.0000000000e+00,1.4366197497e+02
1.1911372049e+02,1.0000000000e+00,1.2385745754e+02
1.2283088251e+02,1.0000000000e+00,1.1227938385e+02
1.0165576962e+02,1.0000000000e+00,1.0299089784e+02
1.0011281310e+02,1.0000000000e+00,1.0829702331e+02
1.3317457319e+02,1.0000000000e+00,1.3230627646e+02
1.7259663835e+02,1.0000000000e+00,1.6427234727e+02
1.9433417419e+02,1.0000000000e+00,1.9074501593e+02
2.0565546853e+02,1.0000000000e+00,2.0780186229e+02
2.1806646736e+02,1.0000000000e+00,2.1806646736e+02
2.2198294828e+02,1.0000000000e+00,2.2198294828e+02
2.2110011018e+02,1.0000000000e+00,2.2110011018e+02
2.1518348368e+02,1.0000000000e+00,2.1518348368e+02
2.0623190263e+02,1.0000000000e+00,2.0623190263e+02
1.9962649716e+02,1.0000000000e+00,1.9962649716e+02
2.0080159102e+02,1.0000000000e+00,2.0080159102e+02
2.1056350746e+02,1.0000000000e+00,2.1056350746e+02
2.2346126535e+02,1.0000000000e+00,2.2346126535e+02
2.3001618473e+02,1.0000000000e+00,2.3001618473e+02
2.2131773726e+02,1.0000000000e+00,2.2131773726e+02
1.9456414003e+02,1.0000000000e+00,1.9456414003e+02
1.5672810768e+02,1.0000000000e+00,1.5672810768e+02
1.2260300167e+02,1.0000000000e+00,1.2260300167e+02
1.0730574127e+02,1.0000000000e+00,1.0730574127e+02
1.1800661181e+02,1.0000000000e+00,1.1800661181e+02
1.4977525259e+02,1.0000000000e+00,1.4977525259e+02
1.8828739500e+02,1.0000000000e+00,1.8828739500e+02
2.1861534481e+02,1.0000000000e+00,2.1861534481e+02
2.3371293622e+02,1.0000000000e+00,2.3371293622e+02
2.3586120130e+02,1.0000000000e+00,2.3586120130e+02
2.3175974150e+02,1.0000000000e+00,2.3175974150e+02
2.2711646097e+02,1.0000000000e+00,2.2711646097e+02
2.2450032733e+02,1.0000000000e+00,2.2450032733e+02
2.2414197818e+02,1.0000000000e+00,2.2414197818e+02
2.2558056721e+02,1.0000000000e+00,2.2558056721e+02
2.2843147795e+02,1.0000000000e+00,2.2843147795e+02
2.3182218496e+02,1.0000000000e+00,2.3182218496e+02
2.3334048913e+02,1.0000000000e+00,2.3334048913e+02
2.2911131905e+02,1.0000000000e+00,2.2911131905e+02
2.1629223037e+02,1.0000000000e+00,2.1629223037e+02
1.9724382316e+02,1.0000000000e+00,1.9724382316e+02
1.8117653310e+02,1.0000000000e+00,1.8117653310e+02
1.7826051583e+02,1.0000000000e+00,1.7826051583e+02
1.8885179807e+02,1.0000000000e+00,1.8885179807e+02
1.9993953575e+02,1.0000000000e+00,1.9993953575e+02
1.9544566662e+02,1.0000000000e+00,1.9544566662e+02
1.7080619387e+02,1.0000000000e+00,1.7080619387e+02
1.3728178684e+02,1.0000000000e+00,1.3728178684e+02
1.1191620237e+02,1.0000000000e+00,1.1191620237e+02
1.0270470137e+02,1.0000000000e+00,1.0270470137e+02
1.0337432415e+02,1.0000000000e+00,1.0337432415e+02
1.0222580877e+02,1.0000000000e+00,1.0222580877e+02
9.4887616264e+01,1.0000000000e+00,9.4887616264e+01
8.8064694753e+01,1.0000000000e+00,8.8064694753e+01
9.1532736968e+01,1.0000000000e+00,9.1532736968e+01
1.0754302233e+02,1.0000000000e+00,1.0754302233e+02
1.2935099788e+02,1.0000000000e+00,1.2935099788e+02
1.4994069727e+02,1.0000000000e+00,1.4994069727e+02
1.6911683983e+02,1.0000000000e+00,1.6911683983e+02
1.8987048425e+02,1.0000000000e+00,1.8987048425e+02
2.1063636962e+02,1.0000000000e+00,2.1063636962e+02
2.2445399201e+02,1.0000000000e+00,2.2445399201e+02
2.2448453254e+02,1.0000000000e+00,2.2448453254e+02
2.0898924704e+02,1.0000000000e+00,2.0898924704e+02
1.8306049307e+02,1.0000000000e+00,1.8306049307e+02
1.5745384317e+02,1.0000000000e+00,1.5745384317e+02
1.4459227282e+02,1.0000000000e+00,1.4459227282e+02
1.5197442620e+02,1.0000000000e+00,1.5197442620e+02
1.7631002803e+02,1.0000000000e+00,1.7631002803e+02
2.0487316746e+02,1.0000000000e+00,2.0487316746e+02
2.2482267174e+02,1.0000000000e+00,2.2482267174e+02
2.3157709918e+02,1.0000000000e+00,2.3157709918e+02
2.2904729294e+02,1.0000000000e+00,2.2904729294e+02
2.2400284265e+02,1.0000000000e+00,2.2400284265e+02
2.2069678599e+02,1.0000000000e+00,2.2069678599e+02
2.1945372347e+02,1.0000000000e+00,2.1945372347e+02
2.1892003606e+02,1.0000000000e+00,2.1892003606e+02
2.1869581256e+02,1.0000000000e+00,2.1869581256e+02
2.1979237585e+02,1.0000000000e+00,2.1979237585e+02
2.2349716902e+02,1.0000000000e+00,2.2349716902e+02
2.3007590648e+02,1.0000000000e+00,2.3007590648e+02
2.3732475014e+02,1.0000000000e+00,2.3732475014e+02
2.3928550215e+02,1.0000000000e+00,2.3928550215e+02
2.2745350427e+02,1.0000000000e+00,2.2745350427e+02
1.9661726234e+02,1.0000000000e+00,1.9661726234e+02
1.5277030436e+02,1.0000000000e+00,1.5277030436e+02
1.1458805222e+02,1.0000000000e+00,1.1458805222e+02
1.0248893867e+02,1.0000000000e+00,1.0248893867e+02
1.2308767673e+02,1.0000000000e+00,1.2308767673e+02
1.6462087313e+02,1.0000000000e+00,1.6462087313e+02
2.0692373181e+02,1.0000000000e+00,2.0692373181e+02
2.3388582553e+02,1.0000000000e+00,2.3388582553e+02
2.3800150288e+02,1.0000000000e+00,2.3800150288e+02
2.1908990879e+02,1.0000000000e+00,2.1908990879e+02
1.8348625669e+02,1.0000000000e+00,1.8348625669e+02
1.4374074748e+02,1.0000000000e+00,1.4374074748e+02
1.1509988443e+02,1.0000000000e+00,1.1509988443e+02
1.0908564956e+02,1.0000000000e+00,1.0908564956e+02
1.2778120060e+02,1.0000000000e+00,1.2778120060e+02
1.6201615897e+02,1.0000000000e+00,1.6201615897e+02
1.9627744024e+02,1.0000000000e+00,1.9627744024e+02
2.1864190561e+02,1.0000000000e+00,2.1864190561e+02
2.2721751229e+02,1.0000000000e+00,2.2721751229e+02
2.2751765343e+02,1.0000000000e+00,2.2751765343e+02
2.2500213774e+02,1.0000000000e+00,2.2500213774e+02
2.2058510216e+02,1.0000000000e+00,2.2058510216e+02
2.1239512424e+02,1.0000000000e+00,2.1239512424e+02
2.0067149605e+02,1.0000000000e+00,2.0067149605e+02
1.8979550596e+02,1.0000000000e+00,1.8979550596e+02
1.8496472371e+02,1.0000000000e+00,1.8496472371e+02
1.8766154909e+02,1.0000000000e+00,1.8766154909e+02
1.9525654435e+02,1.0000000000e+00,1.9525654435e+02
2.0399091854e+02,1.0000000000e+00,2.0399091854e+02
2.1062423647e+02,1.0000000000e+00,2.1062423647e+02
2.1177684314e+02,1.0000000000e+00,2.1177684314e+02
2.0420667187e+02,1.0000000000e+00,2.0420667187e+02
1.8713649025e+02,1.0000000000e+00,1.8713649025e+02
1.6366563296e+02,1.0000000000e+00,1.6366563296e+02
1.3890008203e+02,1.0000000000e+00,1.3890008203e+02
1.1657987569e+02,1.0000000000e+00,1.1657987569e+02
9.7664296000e+01,1.0000000000e+00,9.7664296000e+01
8.1440550886e+01,1.0000000000e+00,8.1440550886e+01
6.7095416620e+01,1.0000000000e+00,6.7095416620e+01
5.4703508394e+01,1.0000000000e+00,5.4703508394e+01
4.5816880767e+01,1.0000000000e+00,4.5816880767e+01
4.2815681369e+01,1.0000000000e+00,4.2815681369e+01
4.6187760074e+01,1.0000000000e+00,4.6187760074e+01
5.2101765885e+01,1.0000000000e+00,5.2101765885e+01
5.4111664026e+01,1.0000000000e+00,5.4111664026e+01
4.8518941500e+01,1.0000000000e+00,4.8518941500e+01
3.8401195623e+01,1.0000000000e+00,3.8401195623e+01
3.2627376421e+01,1.0000000000e+00,3.2627376421e+01
4.0545425415e+01,1.0000000000e+00,4.0545425415e+01
6.6093277463e+01,1.0000000000e+00,6.6093277463e+01
1.0550402826e+02,1.0000000000e+00,1.0550402826e+02
1.4957308251e+02,1.0000000000e+00,1.4957308251e+02
1.8786073593e+02,1.0000000000e+00,1.8786073593e+02
2.1292252863e+02,1.0000000000e+00,2.1292252863e+02
2.2368209493e+02,1.0000000000e+00,2.2368209493e+02
2.2522788718e+02,1.0000000000e+00,2.2522788718e+02
2.2413063206e+02,1.0000000000e+00,2.2413063206e+02
2.2371741449e+02,1.0000000000e+00,2.2371741449e+02
2.2360130887e+02,1.0000000000e+00,2.2360130887e+02
2.2247054022e+02,1.0000000000e+00,2.2247054022e+02
2.2048144527e+02,1.0000000000e+00,2.2048144527e+02
2.1916564909e+02,1.0000000000e+00,2.1916564909e+02
2.1956209737e+02,1.0000000000e+00,2.1956209737e+02
2.2109266829e+02,1.0000000000e+00,2.2109266829e+02
2.2251117171e+02,1.0000000000e+00,2.2251117171e+02
2.2329966615e+02,1.0000000000e+00,2.2329966615e+02
2.2369483027e+02,1.0000000000e+00,2.2369483027e+02
2.2399405224e+02,1.0000000000e+00,2.2399405224e+02
2.2440070872e+02,1.0000000000e+00,2.2440070872e+02
2.2491436962e+02,1.0000000000e+00,2.2491436962e+02
2.2426705635e+02,1.0000000000e+00,2.2426705635e+02
2.1910013762e+02,1.0000000000e+00,2.1910013762e+02
2.0630569189e+02,1.0000000000e+00,2.0630569189e+02
1.8832557129e+02,1.0000000000e+00,1.8832557129e+02
1.7509009783e+02,1.0000000000e+00,1.7509009783e+02
1.7678796685e+02,1.0000000000e+00,1.7678796685e+02
1.9263681672e+02,1.0000000000e+00,1.9263681672e+02
2.0872745620e+02,1.0000000000e+00,2.0872745620e+02
2.0916229896e+02,1.0000000000e+00,2.0916229896e+02
1.8992641886e+02,1.0000000000e+00,1.8992641886e+02
1.6297009086e+02,1.0000000000e+00,1.6297009086e+02
1.4737607019e+02,1.0000000000e+00,1.4737607019e+02
1.5452863727e+02,1.0000000000e+00,1.5452863727e+02
1.7954439754e+02,1.0000000000e+00,1.7954439754e+02
2.0656672103e+02,1.0000000000e+00,2.0656672103e+02
2.2225643329e+02,1.0000000000e+00,2.2225643329e+02
2.2451148549e+02,1.0000000000e+00,2.2451148549e+02
2.2033130352e+02,1.0000000000e+00,2.2033130352e+02
2.1772985694e+02,1.0000000000e+00,2.1772985694e+02
2.1997178316e+02,1.0000000000e+00,2.1997178316e+02
2.2547249780e+02,1.0000000000e+00,2.2547249780e+02
2.3048849626e+02,1.0000000000e+00,2.3048849626e+02
2.3098391638e+02,1.0000000000e+00,2.3098391638e+02
2.2364672709e+02,1.0000000000e+00,2.2364672709e+02
2.0771667288e+02,1.0000000000e+00,2.0771667288e+02
1.8694796275e+02,1.0000000000e+00,1.8694796275e+02
1.6879965037e+02,1.0000000000e+00,1.6879965037e+02
1.6050042661e+02,1.0000000000e+00,1.6050042661e+02
1.6543788619e+02,1.0000000000e+00,1.6543788619e+02
1.8195369397e+02,1.0000000000e+00,1.8195369397e+02
2.0402706929e+02,1.0000000000e+00,2.0402706929e+02
2.2368018611e+02,1.0000000000e+00,2.2368018611e+02
2.3392030936e+02,1.0000000000e+00,2.3392030936e+02
2.3019086881e+02,1.0000000000e+00,2.3019086881e+02
2.1155713883e+02,1.0000000000e+00,2.1155713883e+02
1.8359108730e+02,1.0000000000e+00,1.8359108730e+02
1.5931377193e+02,1.0000000000e+00,1.5931377193e+02
1.5237535775e+02,1.0000000000e+00,1.5237535775e+02
1.6566220239e+02,1.0000000000e+00,1.6566220239e+02
1.8763779735e+02,1.0000000000e+00,1.8763779735e+02
2.0173976582e+02,1.0000000000e+00,2.0173976582e+02
1.9898216894e+02,1.0000000000e+00,1.9898216894e+02
1.8218467926e+02,1.0000000000e+00,1.8218467926e+02
1.6111515253e+02,1.0000000000e+00,1.6111515253e+02
1.4495642191e+02,1.0000000000e+00,1.4495642191e+02
1.3819467444e+02,1.0000000000e+00,1.3819467444e+02
1.4164439769e+02,1.0000000000e+00,1.4164439769e+02
1.5421685687e+02,1.0000000000e+00,1.5421685687e+02
1.7065006431e+02,1.0000000000e+00,1.7065006431e+02
1.7871038213e+02,1.0000000000e+00,1.7871038213e+02
1.6484429190e+02,1.0000000000e+00,1.6484429190e+02
1.2814059156e+02,1.0000000000e+00,1.2814059156e+02
8.7809963242e+01,1.0000000000e+00,8.7809963242e+01
7.1518640390e+01,1.0000000000e+00,7.1518640390e+01
9.2620818009e+01,1.0000000000e+00,9.2620818009e+01
1.3876505338e+02,1.0000000000e+00,1.3876505338e+02
1.8366230688e+02,1.0000000000e+00,1.8366230688e+02
2.0907177835e+02,1.0000000000e+00,2.0907177835e+02
2.1442600881e+02,1.0000000000e+00,2.1442600881e+02
2.0828852559e+02,1.0000000000e+00,2.0828852559e+02
1.9626900947e+02,1.0000000000e+00,1.9626900947e+02
1.7896658407e+02,1.0000000000e+00,1.7896658407e+02
1.5740021473e+02,1.0000000000e+00,1.5740021473e+02
1.3555015605e+02,1.0000000000e+00,1.3555015605e+02
1.1673943204e+02,1.0000000000e+00,1.1673943204e+02
1.0010957609e+02,1.0000000000e+00,1.0010957609e+02
8.2844060884e+01,1.0000000000e+00,8.2844060884e+01
6.4891258095e+01,1.0000000000e+00,6.4891258095e+01
4.9718904804e+01,1.0000000000e+00,4.9718904804e+01
4.1338298198e+01,1.0000000000e+00,4.1338298198e+01
5.7892788170e+01,1.0000000000e+00,5.7892788170e+01
7.5030632300e+01,1.0000000000e+00,7.5030632300e+01
9.2751830588e+01,1.0000000000e+00,9.2751830588e+01
1.1105638303e+02,1.0000000000e+00,1.1105638303e+02
1.2500000000e+02,1.0000000000e+00,1.2500000000e+02
1.0942065681e+02,1.0000000000e+00,1.0942065681e+02
8.6396342662e+01,1.0000000000e+00,8.6396342662e+01
6.0430770684e+01,1.0000000000e+00,6.0430770684e+01
3.1523940878e+01,1.0000000000e+00,3.1523940878e+01
4.3415417250e+01,1.0000000000e+00,4.3415417250e+01
8.1538814085e+01,1.0000000000e+00,8.1538814085e+01
1.3254826252e+02,1.0000000000e+00,1.3254826252e+02
1.7736526397e+02,1.0000000000e+00,1.7736526397e+02
2.0428712843e+02,1.0000000000e+00,2.0428712843e+02
2.1405024262e+02,1.0000000000e+00,2.1405024262e+02
2.1345414830e+02,1.0000000000e+00,2.1345414830e+02
2.0730607382e+02,1.0000000000e+00,2.0730607382e+02
1.9775274624e+02,1.0000000000e+00,1.9775274624e+02
1.8773723085e+02,1.0000000000e+00,1.8773723085e+02
1.8055507277e+02,1.0000000000e+00,1.8055507277e+02
1.7552439427e+02,1.0000000000e+00,1.7552439427e+02
1.6739187802e+02,1.0000000000e+00,1.6739187802e+02
1.5297144511e+02,1.0000000000e+00,1.5297144511e+02
1.3793343543e+02,1.0000000000e+00,1.3793343543e+02
1.3451789148e+02,1.0000000000e+00,1.3451789148e+02
1.5036549969e+02,1.0000000000e+00,1.5036549969e+02
1.7888487745e+02,1.0000000000e+00,1.7888487745e+02
2.0199893905e+02,1.0000000000e+00,2.0199893905e+02
2.0434498091e+02,1.0000000000e+00,2.0434498091e+02
1.8572856204e+02,1.0000000000e+00,1.8572856204e+02
1.6029776205e+02,1.0000000000e+00,1.6029776205e+02
1.4367903926e+02,1.0000000000e+00,1.4367903926e+02
1.4051215971e+02,1.0000000000e+00,1.4051215971e+02
1.4446801281e+02,1.0000000000e+00,1.4446801281e+02
1.4893352163e+02,1.0000000000e+00,1.4893352163e+02
1.5479116372e+02,1.0000000000e+00,1.5479116372e+02
1.6736563363e+02,1.0000000000e+00,1.6736563363e+02
1.8789657683e+02,1.0000000000e+00,1.8789657683e+02
2.0938790573e+02,1.0000000000e+00,2.0938790573e+02
2.2085273813e+02,1.0000000000e+00,2.2085273813e+02
2.1582731254e+02,1.0000000000e+00,2.1582731254e+02
1.9793552203e+02,1.0000000000e+00,1.9793552203e+02
1.7895836815e+02,1.0000000000e+00,1.7895836815e+02
1.7049039267e+02,1.0000000000e+00,1.7049039267e+02
1.7604629999e+02,1.0000000000e+00,1.7604629999e+02
1.9025911917e+02,1.0000000000e+00,1.9025911917e+02
2.0430986420e+02,1.0000000000e+00,2.0430986420e+02
2.1144544498e+02,1.0000000000e+00,2.1144544498e+02
2.0891571632e+02,1.0000000000e+00,2.0891571632e+02
1.9756208809e+02,1.0000000000e+00,1.9756208809e+02
1.8114149036e+02,1.0000000000e+00,1.8114149036e+02
1.6485954953e+02,1.0000000000e+00,1.6485954953e+02
1.5271330306e+02,1.0000000000e+00,1.5271330306e+02
1.4607490654e+02,1.0000000000e+00,1.4607490654e+02
1.4458300762e+02,1.0000000000e+00,1.4458300762e+02
1.4662997898e+02,1.0000000000e+00,1.4662997898e+02
1.4848716770e+02,1.0000000000e+00,1.4848716770e+02
1.4560320245e+02,1.0000000000e+00,1.4560320245e+02
1.3749443089e+02,1.0000000000e+00,1.3749443089e+02
1.3073876597e+02,1.0000000000e+00,1.3073876597e+02
1.3457079115e+02,1.0000000000e+00,1.3457079115e+02
1.5212099908e+02,1.0000000000e+00,1.5212099908e+02
1.7603456243e+02,1.0000000000e+00,1.7603456243e+02
1.9352493111e+02,1.0000000000e+00,1.9352493111e+02
1.9662116183e+02,1.0000000000e+00,1.9662116183e+02
1.8698201640e+02,1.0000000000e+00,1.8698201640e+02
1.7003763227e+02,1.0000000000e+00,1.7003763227e+02
1.4678389673e+02,1.0000000000e+00,1.4678389673e+02
1.1499704054e+02,1.0000000000e+00,1.1499704054e+02
7.8253626716e+01,1.0000000000e+00,7.8253626716e+01
5.0014995887e+01,1.0000000000e+00,5.0014995887e+01
4.6509972607e+01,1.0000000000e+00,4.6509972607e+01
7.4876052550e+01,1.0000000000e+00,7.4876052550e+01
1.2672968150e+02,1.0000000000e+00,1.2672968150e+02
1.8244331355e+02,1.0000000000e+00,1.8244331355e+02
2.2302375613e+02,1.0000000000e+00,2.2302375613e+02
2.3995381565e+02,1.0000000000e+00,2.3995381565e+02
2.3613398870e+02,1.0000000000e+00,2.3613398870e+02
2.2051675589e+02,1.0000000000e+00,2.2051675589e+02
2.0282307223e+02,1.0000000000e+00,2.0282307223e+02
1.9013251876e+02,1.0000000000e+00,1.9013251876e+02
1.8370581366e+02,1.0000000000e+00,1.8370581366e+02
1.7768406394e+02,1.0000000000e+00,1.7768406394e+02
1.6369729248e+02,1.0000000000e+00,1.6369729248e+02
1.3876973934e+02,1.0000000000e+00,1.3876973934e+02
1.0770863713e+02,1.0000000000e+00,1.0770863713e+02
7.7840708960e+01,1.0000000000e+00,7.7840708960e+01
5.3500472133e+01,1.0000000000e+00,5.3500472133e+01
4.5857547543e+01,1.0000000000e+00,4.5857547543e+01
3.8214622952e+01,1.0000000000e+00,3.8214622952e+01
3.0571698362e+01,1.0000000000e+00,3.0571698362e+01
3.1504208154e+01,1.0000000000e+00,3.1504208154e+01
6.1258041427e+01,1.0000000000e+00,6.1258041427e+01
1.0825629024e+02,1.0000000000e+00,1.0825629024e+02
1.5803700369e+02,1.0000000000e+00,1.5803700369e+02
1.9056131635e+02,1.0000000000e+00,1.9056131635e+02
1.9517769424e+02,1.0000000000e+00,1.9517769424e+02
1.7880466647e+02,1.0000000000e+00,1.7880466647e+02
1.5947068700e+02,1.0000000000e+00,1.5947068700e+02
1.5190876062e+02,1.0000000000e+00,1.5190876062e+02
1.5743113179e+02,1.0000000000e+00,1.5743113179e+02
1.6568996975e+02,1.0000000000e+00,1.6568996975e+02
1.6648148168e+02,1.0000000000e+00,1.6648148168e+02
1.6034009123e+02,1.0000000000e+00,1.6034009123e+02
1.5708693266e+02,1.0000000000e+00,1.5708693266e+02
1.6494043813e+02,1.0000000000e+00,1.6494043813e+02
1.8292908093e+02,1.0000000000e+00,1.8292908093e+02
2.0272039243e+02,1.0000000000e+00,2.0272039243e+02
2.1488242696e+02,1.0000000000e+00,2.1488242696e+02
2.1373109427e+02,1.0000000000e+00,2.1373109427e+02
1.9888990475e+02,1.0000000000e+00,1.9888990475e+02
1.7413286840e+02,1.0000000000e+00,1.7413286840e+02
1.4633454514e+02,1.0000000000e+00,1.4633454514e+02
1.2520479908e+02,1.0000000000e+00,1.2520479908e+02
1.1938184291e+02,1.0000000000e+00,1.1938184291e+02
1.2886954841e+02,1.0000000000e+00,1.2886954841e+02
1.4295253528e+02,1.0000000000e+00,1.4295253528e+02
1.4839984302e+02,1.0000000000e+00,1.4839984302e+02
1.3985393276e+02,1.0000000000e+00,1.3985393276e+02
1.2192234523e+02,1.0000000000e+00,1.2192234523e+02
1.0222730652e+02,1.0000000000e+00,1.0222730652e+02
8.4034508866e+01,1.0000000000e+00,8.4034508866e+01
6.6163308590e+01,1.0000000000e+00,6.6163308590e+01
4.8149164631e+01,1.0000000000e+00,4.8149164631e+01
4.1270712541e+01,1.0000000000e+00,4.1270712541e+01
3.4392260451e+01,1.0000000000e+00,3.4392260451e+01
2.7513808361e+01,1.0000000000e+00,2.7513808361e+01
2.0635356270e+01,1.0000000000e+00,2.0635356270e+01
1.3756904180e+01,1.0000000000e+00,1.3756904180e+01
6.8784520901e+00,1.0000000000e+00,6.8784520901e+00
0.0000000000e+00,9.0000000000e-01,0.0000000000e+00
0.0000000000e+00,8.0000000000e-01,0.0000000000e+00
0.0000000000e+00,7.0000000000e-01,0.0000000000e+00
0.0000000000e+00,6.0000000000e-01,0.0000000000e+00
0.0000000000e+00,6.0000000000e-01,0.0000000000e+00
0.0000000000e+00,6.0000000000e-01,0.0000000000e+00
0.0000000000e+00,6.0000000000e-01,0.0000000000e+00
0.0000000000e+00,6.0000000000e-01,0.0000000000e+00
0.0000000000e+00,6.0000000000e-01,0.0000000000e+00
0.0000000000e+00,6.0000000000e-01,0.0000000000e+00
0.0000000000e+00,6.0000000000e-01,0.0000000000e+00
0.0000000000e+00,6.0000000000e-01,0.0000000000e+00
0.0000000000e+00,6.0000000000e-01,0.0000000000e+00
0.0000000000e+00,6.0000000000e-01,0.0000000000e+00
0.0000000000e+00,6.0000000000e-01,0.0000000000e+00
0.0000000000e+00,6.0000000000e-01,0.0000000000e+00
0.0000000000e+00,6.0000000000e-01,0.0000000000e+00
0.0000000000e+00,6.0000000000e-01,0.0000000000e+00
0.0000000000e+00,6.0000000000e-01,0.0000000000e+00
0.0000000000e+00,6.0000000000e-01,0.0000000000e+00
0.0000000000e+00,6.0000000000e-01,0.0000000000e+00
0.0000000000e+00,6.0000000000e-01,0.0000000000e+00
0.0000000000e+00,6.0000000000e-01,0.0000000000e+00
0.0000000000e+00,6.0000000000e-01,0.0000000000e+00
0.0000000000e+00,6.0000000000e-01,0.0000000000e+00
0.0000000000e+00,6.0000000000e-01,0.0000000000e+00
0.0000000000e+00,6.0000000000e-01,0.0000000000e+00
0.0000000000e+00,6.0000000000e-01,0.0000000000e+00
0.0000000000e+00,6.0000000000e-01,0.0000000000e+00
0.0000000000e+00,6.0000000000e-01,0.0000000000e+00
0.0000000000e+00,6.0000000000e-01,0.0000000000e+00
0.0000000000e+00,6.0000000000e-01,0.0000000000e+00
0.0000000000e+00,6.0000000000e-01,0.0000000000e+00
0.0000000000e+00,6.0000000000e-01,0.0000000000e+00
0.0000000000e+00,6.0000000000e-01,0.0000000000e+00
0.0000000000e+00,6.0000000000e-01,0.0000000000e+00
0.0000000000e+00,6.0000000000e-01,0.0000000000e+00
0.0000000000e+00,6.0000000000e-01,0.0000000000e+00
0.0000000000e+00,6.0000000000e-01,0.0000000000e+00
0.0000000000e+00,6.0000000000e-01,0.0000000000e+00
0.0000000000e+00,6.0000000000e-01,0.0000000000e+00
0.0000000000e+00,6.0000000000e-01,0.0000000000e+00
0.0000000000e+00,6.0000000000e-01,0.0000000000e+00
0.0000000000e+00,6.0000000000e-01,0.0000000000e+00
0.0000000000e+00,6.0000000000e-01,0.0000000000e+00
0.0000000000e+00,6.0000000000e-01,0.0000000000e+00
0.0000000000e+00,6.0000000000e-01,0.0000000000e+00
0.0000000000e+00,6.0000000000e-01,0.0000000000e+00
0.0000000000e+00,6.0000000000e-01,0.0000000000e+00
0.0000000000e+00,6.0000000000e-01,0.0000000000e+00
0.0000000000e+00,7.0000000000e-01,0.0000000000e+00
0.0000000000e+00,8.0000000000e-01,0.0000000000e+00
0.0000000000e+00,9.0000000000e-01,0.0000000000e+00
1.2523070676e+01,1.0000000000e+00,1.2523070676e+01
2.5046141351e+01,1.0000000000e+00,2.5046141351e+01
3.7569212027e+01,1.0000000000e+00,3.7569212027e+01
9.1860817496e+01,1.0000000000e+00,9.1860817496e+01
1.4307817412e+02,1.0000000000e+00,1.4307817412e+02
1.6865403103e+02,1.0000000000e+00,1.6865403103e+02
1.6250353494e+02,1.0000000000e+00,1.6250353494e+02
1.4024211991e+02,1.0000000000e+00,1.4024211991e+02
1.2638395235e+02,1.0000000000e+00,1.2638395235e+02
1.3630485135e+02,1.0000000000e+00,1.3630485135e+02
1.6722270526e+02,1.0000000000e+00,1.6722270526e+02
2.0314747975e+02,1.0000000000e+00,2.0314747975e+02
2.2812999560e+02,1.0000000000e+00,2.2812999560e+02
2.3605421293e+02,1.0000000000e+00,2.3605421293e+02
2.3072010174e+02,1.0000000000e+00,2.3072010174e+02
2.2019869794e+02,1.0000000000e+00,2.2019869794e+02
2.1151757145e+02,1.0000000000e+00,2.1151757145e+02
2.0807566432e+02,1.0000000000e+00,2.0807566432e+02
2.0987274140e+02,1.0000000000e+00,2.0987274140e+02
2.1487687534e+02,1.0000000000e+00,2.1487687534e+02
2.1944363889e+02,1.0000000000e+00,2.1944363889e+02
2.1895134684e+02,1.0000000000e+00,2.1895134684e+02
2.1107319493e+02,1.0000000000e+00,2.1107319493e+02
1.9943522174e+02,1.0000000000e+00,1.9943522174e+02
1.9218803145e+02,1.0000000000e+00,1.9218803145e+02
1.9511719458e+02,1.0000000000e+00,1.9511719458e+02
2.0663627261e+02,1.0000000000e+00,2.0663627261e+02
2.2031269309e+02,1.0000000000e+00,2.2031269309e+02
2.3081911174e+02,1.0000000000e+00,2.3081911174e+02
2.3614720030e+02,1.0000000000e+00,2.3614720030e+02
2.3548530978e+02,1.0000000000e+00,2.3548530978e+02
2.2730730752e+02,1.0000000000e+00,2.2730730752e+02
2.1099337022e+02,1.0000000000e+00,2.1099337022e+02
1.9076807627e+02,1.0000000000e+00,1.9076807627e+02
1.7649478956e+02,1.0000000000e+00,1.7649478956e+02
1.7702692493e+02,1.0000000000e+00,1.7702692493e+02
1.9091174790e+02,1.0000000000e+00,1.9091174790e+02
2.0557642486e+02,1.0000000000e+00,2.0557642486e+02
2.0766801608e+02,1.0000000000e+00,2.0766801608e+02
1.9439650132e+02,1.0000000000e+00,1.9439650132e+02
1.7571037165e+02,1.0000000000e+00,1.7571037165e+02
1.6601757846e+02,1.0000000000e+00,1.6601757846e+02
1.7225314834e+02,1.0000000000e+00,1.7225314834e+02
1.8921378438e+02,1.0000000000e+00,1.8921378438e+02
2.0596181327e+02,1.0000000000e+00,2.0596181327e+02
2.1426118039e+02,1.0000000000e+00,2.1426118039e+02
2.1123632544e+02,1.0000000000e+00,2.1123632544e+02
1.9901970141e+02,1.0000000000e+00,1.9901970141e+02
1.8423040697e+02,1.0000000000e+00,1.8423040697e+02
1.7462715218e+02,1.0000000000e+00,1.7462715218e+02
1.7335396244e+02,1.0000000000e+00,1.7335396244e+02
1.7674452622e+02,1.0000000000e+00,1.7674452622e+02
1.7828077830e+02,1.0000000000e+00,1.7828077830e+02
1.7407921817e+02,1.0000000000e+00,1.7407921817e+02
1.6486121118e+02,1.0000000000e+00,1.6486121118e+02
1.5435247332e+02,1.0000000000e+00,1.5435247332e+02
1.4695004661e+02,1.0000000000e+00,1.4695004661e+02
1.4623428525e+02,1.0000000000e+00,1.4623428525e+02
1.5289845874e+02,1.0000000000e+00,1.5289845874e+02
1.6190869418e+02,1.0000000000e+00,1.6190869418e+02
1.6434983453e+02,1.0000000000e+00,1.6434983453e+02
1.5561816616e+02,1.0000000000e+00,1.5561816616e+02
1.4053550228e+02,1.0000000000e+00,1.4053550228e+02
1.2936955998e+02,1.0000000000e+00,1.2936955998e+02
1.3078236151e+02,1.0000000000e+00,1.3078236151e+02
1.4742093950e+02,1.0000000000e+00,1.4742093950e+02
1.7412257716e+02,1.0000000000e+00,1.7412257716e+02
1.9945599578e+02,1.0000000000e+00,1.9945599578e+02
2.1204803755e+02,1.0000000000e+00,2.1204803755e+02
2.0877278348e+02,1.0000000000e+00,2.0877278348e+02
1.9798329522e+02,1.0000000000e+00,1.9798329522e+02
1.9305059967e+02,1.0000000000e+00,1.9305059967e+02
2.0006684337e+02,1.0000000000e+00,2.0006684337e+02
2.1160050521e+02,1.0000000000e+00,2.1160050521e+02
2.1382551458e+02,1.0000000000e+00,2.1382551458e+02
2.0028315216e+02,1.0000000000e+00,2.0028315216e+02
1.7924900485e+02,1.0000000000e+00,1.7924900485e+02
1.6748147503e+02,1.0000000000e+00,1.6748147503e+02
1.7517198991e+02,1.0000000000e+00,1.7517198991e+02
1.9723935482e+02,1.0000000000e+00,1.9723935482e+02
2.1979653742e+02,1.0000000000e+00,2.1979653742e+02
2.3242473217e+02,1.0000000000e+00,2.3242473217e+02
2.3327966731e+02,1.0000000000e+00,2.3327966731e+02
2.2630073841e+02,1.0000000000e+00,2.2630073841e+02
2.1683525178e+02,1.0000000000e+00,2.1683525178e+02
2.0931960937e+02,1.0000000000e+00,2.0931960937e+02
2.0672638388e+02,1.0000000000e+00,2.0672638388e+02
2.1010770090e+02,1.0000000000e+00,2.1010770090e+02
2.1769791353e+02,1.0000000000e+00,2.1769791353e+02
2.2482183540e+02,1.0000000000e+00,2.2482183540e+02
2.2577524456e+02,1.0000000000e+00,2.2577524456e+02
2.1717564701e+02,1.0000000000e+00,2.1717564701e+02
2.0064120084e+02,1.0000000000e+00,2.0064120084e+02
1.8199094198e+02,1.0000000000e+00,1.8199094198e+02
1.6686086864e+02,1.0000000000e+00,1.6686086864e+02
1.5768177665e+02,1.0000000000e+00,1.5768177665e+02
1.5552326544e+02,1.0000000000e+00,1.5552326544e+02
1.6205190831e+02,1.0000000000e+00,1.6205190831e+02
1.7673052870e+02,1.0000000000e+00,1.7673052870e+02
1.9411347150e+02,1.0000000000e+00,1.9411347150e+02
2.0722503570e+02,1.0000000000e+00,2.0722503570e+02
2.1284637603e+02,1.0000000000e+00,2.1284637603e+02
2.1188854137e+02,1.0000000000e+00,2.1188854137e+02
2.0658747567e+02,1.0000000000e+00,2.0658747567e+02
1.9965371379e+02,1.0000000000e+00,1.9965371379e+02
1.9471800736e+02,1.0000000000e+00,1.9471800736e+02
1.9499682564e+02,1.0000000000e+00,1.9499682564e+02
2.0117654627e+02,1.0000000000e+00,2.0117654627e+02
2.1107588587e+02,1.0000000000e+00,2.1107588587e+02
2.2104522103e+02,1.0000000000e+00,2.2104522103e+02
2.2774873873e+02,1.0000000000e+00,2.2774873873e+02
2.2936493876e+02,1.0000000000e+00,2.2936493876e+02
2.2571165086e+02,1.0000000000e+00,2.2571165086e+02
2.1755868896e+02,1.0000000000e+00,2.1755868896e+02
2.0576569843e+02,1.0000000000e+00,2.0576569843e+02
1.9111587144e+02,1.0000000000e+00,1.9111587144e+02
1.7580182245e+02,1.0000000000e+00,1.7580182245e+02
1.6506682768e+02,1.0000000000e+00,1.6506682768e+02
1.6524720726e+02,1.0000000000e+00,1.6524720726e+02
1.7853256774e+02,1.0000000000e+00,1.7853256774e+02
1.9962974216e+02,1.0000000000e+00,1.9962974216e+02
2.1654569079e+02,1.0000000000e+00,2.1654569079e+02
2.1437300639e+02,1.0000000000e+00,2.1437300639e+02
1.8335492677e+02,1.0000000000e+00,1.8335492677e+02
1.2976700357e+02,1.0000000000e+00,1.2976700357e+02
7.8822909654e+01,1.0000000000e+00,7.8822909654e+01
6.0590199222e+01,1.0000000000e+00,6.0590199222e+01
8.7503278082e+01,1.0000000000e+00,8.7503278082e+01
1.4419938594e+02,1.0000000000e+00,1.4419938594e+02
1.9967209554e+02,1.0000000000e+00,1.9967209554e+02
2.2973369399e+02,1.0000000000e+00,2.2973369399e+02
2.3026493635e+02,1.0000000000e+00,2.3026493635e+02
2.1433470340e+02,1.0000000000e+00,2.1433470340e+02
1.9981354597e+02,1.0000000000e+00,1.9981354597e+02
1.9692934703e+02,1.0000000000e+00,1.9692934703e+02
2.0338015682e+02,1.0000000000e+00,2.0338015682e+02
2.0985499695e+02,1.0000000000e+00,2.0985499695e+02
2.1005333253e+02,1.0000000000e+00,2.1005333253e+02
2.0529632743e+02,1.0000000000e+00,2.0529632743e+02
2.0030514723e+02,1.0000000000e+00,2.0030514723e+02
1.9654296197e+02,1.0000000000e+00,1.9654296197e+02
1.9168537394e+02,1.0000000000e+00,1.9168537394e+02
1.8503335611e+02,1.0000000000e+00,1.8503335611e+02
1.7987088814e+02,1.0000000000e+00,1.7987088814e+02
1.7813351415e+02,1.0000000000e+00,1.7813351415e+02
1.7508358340e+02,1.0000000000e+00,1.7508358340e+02
1.6326353181e+02,1.0000000000e+00,1.6326353181e+02
1.4160347448e+02,1.0000000000e+00,1.4160347448e+02
1.1698700393e+02,1.0000000000e+00,1.1698700393e+02
9.6242568491e+01,1.0000000000e+00,9.6242568491e+01
7.9974214934e+01,1.0000000000e+00,7.9974214934e+01
6.5225094425e+01,1.0000000000e+00,6.5225094425e+01
5.1076096838e+01,1.0000000000e+00,5.1076096838e+01
3.9615724996e+01,1.0000000000e+00,3.9615724996e+01
3.2579479206e+01,1.0000000000e+00,3.2579479206e+01
2.8621519230e+01,1.0000000000e+00,2.8621519230e+01
2.3271056576e+01,1.0000000000e+00,2.3271056576e+01
1.8616845261e+01,1.0000000000e+00,1.8616845261e+01
1.3962633946e+01,1.0000000000e+00,1.3962633946e+01
9.3084226304e+00,1.0000000000e+00,9.3084226304e+00
4.6542113152e+00,1.0000000000e+00,4.6542113152e+00
9.1638400914e+00,1.0000000000e+00,9.1638400914e+00
1.8327680183e+01,1.0000000000e+00,1.8327680183e+01
2.7491520274e+01,1.0000000000e+00,2.7491520274e+01
0.0000000000e+00,1.0000000000e+00,0.0000000000e+00
0.0000000000e+00,1.0000000000e+00,0.0000000000e+00
1.4978676523e+01,1.0000000000e+00,1.4978676523e+01
2.9957353045e+01,1.0000000000e+00,2.9957353045e+01
4.4936029568e+01,1.0000000000e+00,4.4936029568e+01
9.2421304948e+01,1.0000000000e+00,9.2421304948e+01
1.4701960940e+02,1.0000000000e+00,1.4701960940e+02
1.9454585443e+02,1.0000000000e+00,1.9454585443e+02
2.2489403353e+02,1.0000000000e+00,2.2489403353e+02
2.3670672507e+02,1.0000000000e+00,2.3670672507e+02
2.3570400966e+02,1.0000000000e+00,2.3570400966e+02
2.2911418312e+02,1.0000000000e+00,2.2911418312e+02
2.2132596334e+02,1.0000000000e+00,2.2132596334e+02
2.1307161315e+02,1.0000000000e+00,2.1307161315e+02
2.0352628317e+02,1.0000000000e+00,2.0352628317e+02
1.9379202476e+02,1.0000000000e+00,1.9372288272e+02
1.8829794341e+02,1.0000000000e+00,1.8797042797e+02
1.8745344250e+02,1.0000000000e+00,1.8983135058e+02
2.0386889100e+02,1.0000000000e+00,2.0170886162e+02
2.2548530490e+02,1.0000000000e+00,2.1720550723e+02
2.1479345251e+02,1.0000000000e+00,2.2357307671e+02
2.0854708229e+02,1.0000000000e+00,2.2315977611e+02
2.1831407858e+02,1.0000000000e+00,2.1344665095e+02
1.9882526655e+02,1.0000000000e+00,1.8246387802e+02
1.3326139963e+02,1.0000000000e+00,1.3034006298e+02
6.5560116440e+01,1.0000000000e+00,7.8337338629e+01
4.7737067575e+01,1.0000000000e+00,5.3899921407e+01
8.2514006547e+01,1.0000000000e+00,6.9044301276e+01
1.2260718065e+02,1.0000000000e+00,1.1187730649e+02
1.4077515578e+02,1.0000000000e+00,1.6130026784e+02
1.8720336996e+02,1.0000000000e+00,2.0828919119e+02
2.6182175707e+02,1.0000000000e+00,2.4122803932e+02
2.7448238732e+02,1.0000000000e+00,2.4141522300e+02
2.0903992430e+02,1.0000000000e+00,2.1166992430e+02
1.4328967321e+02,1.0000000000e+00,1.7492373427e+02
1.2861206276e+02,1.0000000000e+00,1.4826935825e+02
1.4424683607e+02,1.0000000000e+00,1.3408623010e+02
1.4629959768e+02,1.0000000000e+00,1.2837509765e+02
1.3578041525e+02,1.0000000000e+00,1.3076370475e+02
1.3688160062e+02,1.0000000000e+00,1.3938624963e+02
1.4453074189e+02,1.0000000000e+00,1.4602511588e+02
1.4665379625e+02,1.0000000000e+00,1.4680334181e+02
1.4574579769e+02,1.0000000000e+00,1.4574579769e+02
1.4803003876e+02,1.0000000000e+00,1.4803003876e+02
1.5660529774e+02,1.0000000000e+00,1.5660529774e+02
1.7190518601e+02,1.0000000000e+00,1.7190518601e+02
1.9134311727e+02,1.0000000000e+00,1.9134311727e+02
2.0995710322e+02,1.0000000000e+00,2.0995710322e+02
2.2122957266e+02,1.0000000000e+00,2.2122957266e+02
2.1820519216e+02,1.0000000000e+00,2.1820519216e+02
1.9807576420e+02,1.0000000000e+00,1.9807576420e+02
1.6841244826e+02,1.0000000000e+00,1.6841244826e+02
1.4625781086e+02,1.0000000000e+00,1.4625781086e+02
1.4590252801e+02,1.0000000000e+00,1.4590252801e+02
1.6585568899e+02,1.0000000000e+00,1.6585568899e+02
1.8945999340e+02,1.0000000000e+00,1.8945999340e+02
1.9838109540e+02,1.0000000000e+00,1.9838109540e+02
1.8552586489e+02,1.0000000000e+00,1.8552586489e+02
1.5787089438e+02,1.0000000000e+00,1.5787089438e+02
1.2949796083e+02,1.0000000000e+00,1.2949796083e+02
1.1146852113e+02,1.0000000000e+00,1.1146852113e+02
1.0540997030e+02,1.0000000000e+00,1.0540997030e+02
1.0335641170e+02,1.0000000000e+00,1.0335641170e+02
9.3877187503e+01,1.0000000000e+00,9.3877187503e+01
7.1969448165e+01,1.0000000000e+00,7.1969448165e+01
4.5176990696e+01,1.0000000000e+00,4.5176990696e+01
2.9862761001e+01,1.0000000000e+00,2.9862761001e+01
4.0338217135e+01,1.0000000000e+00,4.0338217135e+01
7.8929485202e+01,1.0000000000e+00,7.8929485202e+01
1.3352002900e+02,1.0000000000e+00,1.3352002900e+02
1.8416071954e+02,1.0000000000e+00,1.8416071954e+02
2.1465901250e+02,1.0000000000e+00,2.1465901250e+02
2.2128477284e+02,1.0000000000e+00,2.2128477284e+02
2.1234077251e+02,1.0000000000e+00,2.1234077251e+02
1.9931632073e+02,1.0000000000e+00,1.9931632073e+02
1.8723485273e+02,1.0000000000e+00,1.8723485273e+02
1.7300915079e+02,1.0000000000e+00,1.7300915079e+02
1.5358701668e+02,1.0000000000e+00,1.5358701668e+02
1.3467294073e+02,1.0000000000e+00,1.3467294073e+02
1.2830726973e+02,1.0000000000e+00,1.2830726973e+02
1.3987673717e+02,1.0000000000e+00,1.3987673717e+02
1.5963393695e+02,1.0000000000e+00,1.5963393695e+02
1.7085233371e+02,1.0000000000e+00,1.7085233371e+02
1.6688735503e+02,1.0000000000e+00,1.6688735503e+02
1.5760908131e+02,1.0000000000e+00,1.5760908131e+02
1.5748500963e+02,1.0000000000e+00,1.5748500963e+02
1.6891514427e+02,1.0000000000e+00,1.6891514427e+02
1.8039722245e+02,1.0000000000e+00,1.8039722245e+02
1.8112949995e+02,1.0000000000e+00,1.8112949995e+02
1.7306072140e+02,1.0000000000e+00,1.7306072140e+02
1.6607419190e+02,1.0000000000e+00,1.6607419190e+02
1.6488307718e+02,1.0000000000e+00,1.6488307718e+02
1.6465115667e+02,1.0000000000e+00,1.6465115667e+02
1.5755365555e+02,1.0000000000e+00,1.5755365555e+02
1.3951440161e+02,1.0000000000e+00,1.3951440161e+02
1.1162648471e+02,1.0000000000e+00,1.1162648471e+02
7.9662227001e+01,1.0000000000e+00,7.9662227001e+01
5.3416307027e+01,1.0000000000e+00,5.3416307027e+01
4.3609352732e+01,1.0000000000e+00,4.3609352732e+01
5.6116946931e+01,1.0000000000e+00,5.6116946931e+01
8.7064922056e+01,1.0000000000e+00,8.7064922056e+01
1.2380307318e+02,1.0000000000e+00,1.2380307318e+02
1.5315434934e+02,1.0000000000e+00,1.5315434934e+02
1.6983309110e+02,1.0000000000e+00,1.6983309110e+02
1.7629159578e+02,1.0000000000e+00,1.7629159578e+02
1.7582691499e+02,1.0000000000e+00,1.7582691499e+02
1.6921325263e+02,1.0000000000e+00,1.6921325263e+02
1.5874327662e+02,1.0000000000e+00,1.5874327662e+02
1.5076465002e+02,1.0000000000e+00,1.5076465002e+02
1.4954235223e+02,1.0000000000e+00,1.4954235223e+02
1.5132484395e+02,1.0000000000e+00,1.5132484395e+02
1.4962085366e+02,1.0000000000e+00,1.4962085366e+02
1.4482074729e+02,1.0000000000e+00,1.4482074729e+02
1.4384671182e+02,1.0000000000e+00,1.4384671182e+02
1.5052579105e+02,1.0000000000e+00,1.5052579105e+02
1.6039179977e+02,1.0000000000e+00,1.6039179977e+02
1.6674707927e+02,1.0000000000e+00,1.6674707927e+02
1.6962713141e+02,1.0000000000e+00,1.6962713141e+02
1.7541296414e+02,1.0000000000e+00,1.7541296414e+02
1.8650599919e+02,1.0000000000e+00,1.8650599919e+02
1.9386640250e+02,1.0000000000e+00,1.9386640250e+02
1.8273479804e+02,1.0000000000e+00,1.8273479804e+02
1.4666237420e+02,1.0000000000e+00,1.4666237420e+02
9.6828854369e+01,1.0000000000e+00,9.6828854369e+01
5.8030390118e+01,1.0000000000e+00,5.8030390118e+01
5.2664568570e+01,1.0000000000e+00,5.2664568570e+01
8.4094630692e+01,1.0000000000e+00,8.4094630692e+01
1.3287756835e+02,1.0000000000e+00,1.3287756835e+02
1.7009268053e+02,1.0000000000e+00,1.7009268053e+02
1.7843608442e+02,1.0000000000e+00,1.7843608442e+02
1.6404113566e+02,1.0000000000e+00,1.6404113566e+02
1.4900008781e+02,1.0000000000e+00,1.4900008781e+02
1.5218655802e+02,1.0000000000e+00,1.5218655802e+02
1.7544504627e+02,1.0000000000e+00,1.7544504627e+02
2.0462844691e+02,1.0000000000e+00,2.0462844691e+02
2.2137255466e+02,1.0000000000e+00,2.2137255466e+02
2.1523867812e+02,1.0000000000e+00,2.1523867812e+02
1.8899311913e+02,1.0000000000e+00,1.8899311913e+02
1.5541408779e+02,1.0000000000e+00,1.5541408779e+02
1.2805949436e+02,1.0000000000e+00,1.2805949436e+02
1.1264231254e+02,1.0000000000e+00,1.1264231254e+02
1.0606117729e+02,1.0000000000e+00,1.0606117729e+02
1.0186969506e+02,1.0000000000e+00,1.0186969506e+02
9.4575521237e+01,1.0000000000e+00,9.4575521237e+01
8.0650453371e+01,1.0000000000e+00,8.0650453371e+01
5.9925310003e+01,1.0000000000e+00,5.9925310003e+01
5.1364551432e+01,1.0000000000e+00,5.1364551432e+01
4.2803792860e+01,1.0000000000e+00,4.2803792860e+01
3.4243034288e+01,1.0000000000e+00,3.4243034288e+01
2.5682275716e+01,1.0000000000e+00,2.5682275716e+01
1.7121517144e+01,1.0000000000e+00,1.7121517144e+01
8.5607585719e+00,1.0000000000e+00,8.5607585719e+00
0.0000000000e+00,1.0000000000e+00,0.0000000000e+00
0.0000000000e+00,1.0000000000e+00,0.0000000000e+00
0.0000000000e+00,1.0000000000e+00,0.0000000000e+00
0.0000000000e+00,1.0000000000e+00,0.0000000000e+00
0.0000000000e+00,1.0000000000e+00,0.0000000000e+00
0.0000000000e+00,1.0000000000e+00,0.0000000000e+00
0.0000000000e+00,1.0000000000e+00,0.0000000000e+00
1.0142097381e+01,1.0000000000e+00,1.0142097381e+01
2.0284194762e+01,1.0000000000e+00,2.0284194762e+01
3.0426292143e+01,1.0000000000e+00,3.0426292143e+01
8.4812277403e+01,1.0000000000e+00,8.4812277403e+01
1.5014131454e+02,1.0000000000e+00,1.5014131454e+02
2.0406336184e+02,1.0000000000e+00,2.0406336184e+02
2.2994079471e+02,1.0000000000e+00,2.2994079471e+02
2.2426672878e+02,1.0000000000e+00,2.2426672878e+02
1.9315307256e+02,1.0000000000e+00,1.9315307256e+02
1.4619007055e+02,1.0000000000e+00,1.4619007055e+02
9.5242308348e+01,1.0000000000e+00,9.5242308348e+01
5.5856381039e+01,1.0000000000e+00,5.5856381039e+01
4.4253200976e+01,1.0000000000e+00,4.4253200976e+01
6.8010582976e+01,1.0000000000e+00,6.8010582976e+01
1.1787586715e+02,1.0000000000e+00,1.1787586715e+02
1.7103394323e+02,1.0000000000e+00,1.7103394323e+02
2.0601417772e+02,1.0000000000e+00,2.0601417772e+02
2.1616279149e+02,1.0000000000e+00,2.1616279149e+02
2.0984590275e+02,1.0000000000e+00,2.0984590275e+02
2.0009079745e+02,1.0000000000e+00,2.0009079745e+02
1.9513719113e+02,1.0000000000e+00,1.9513719113e+02
1.9618087579e+02,1.0000000000e+00,1.9618087579e+02
2.0041505483e+02,1.0000000000e+00,2.0041505483e+02
2.0519014669e+02,1.0000000000e+00,2.0519014669e+02
2.1005111081e+02,1.0000000000e+00,2.1005111081e+02
2.1561684268e+02,1.0000000000e+00,2.1561684268e+02
2.2166900841e+02,1.0000000000e+00,2.2166900841e+02
2.2700153179e+02,1.0000000000e+00,2.2700153179e+02
2.3013234210e+02,1.0000000000e+00,2.3013234210e+02
2.2909616338e+02,1.0000000000e+00,2.2909616338e+02
2.2134640636e+02,1.0000000000e+00,2.2134640636e+02
2.0601915671e+02,1.0000000000e+00,2.0601915671e+02
1.8744885921e+02,1.0000000000e+00,1.8744885921e+02
1.7474383040e+02,1.0000000000e+00,1.7474383040e+02
1.7527553426e+02,1.0000000000e+00,1.7527553426e+02
1.8822472258e+02,1.0000000000e+00,1.8822472258e+02
2.0504226982e+02,1.0000000000e+00,2.0504226982e+02
2.1589952988e+02,1.0000000000e+00,2.1589952988e+02
2.1638793980e+02,1.0000000000e+00,2.1638793980e+02
2.0969095780e+02,1.0000000000e+00,2.0969095780e+02
2.0301305332e+02,1.0000000000e+00,2.0301305332e+02
2.0164394610e+02,1.0000000000e+00,2.0164394610e+02
2.0571410452e+02,1.0000000000e+00,2.0571410452e+02
2.1137668348e+02,1.0000000000e+00,2.1137668348e+02
2.1407079970e+02,1.0000000000e+00,2.1407079970e+02
2.1096392601e+02,1.0000000000e+00,2.1096392601e+02
2.0160926362e+02,1.0000000000e+00,2.0160926362e+02
1.8738700664e+02,1.0000000000e+00,1.8738700664e+02
1.7062988448e+02,1.0000000000e+00,1.7062988448e+02
1.5396050528e+02,1.0000000000e+00,1.5396050528e+02
1.4001125196e+02,1.0000000000e+00,1.4001125196e+02
1.3123444881e+02,1.0000000000e+00,1.3123444881e+02
1.2947428388e+02,1.0000000000e+00,1.2947428388e+02
1.3594619754e+02,1.0000000000e+00,1.3594619754e+02
1.5129519398e+02,1.0000000000e+00,1.5129519398e+02
1.7380096371e+02,1.0000000000e+00,1.7380096371e+02
1.9716749999e+02,1.0000000000e+00,1.9716749999e+02
2.1250501241e+02,1.0000000000e+00,2.1250501241e+02
2.1459814096e+02,1.0000000000e+00,2.1459814096e+02
2.0659398190e+02,1.0000000000e+00,2.0659398190e+02
1.9784495146e+02,1.0000000000e+00,1.9784495146e+02
1.9583714231e+02,1.0000000000e+00,1.9583714231e+02
1.9982540228e+02,1.0000000000e+00,1.9982540228e+02
2.0332599671e+02,1.0000000000e+00,2.0332599671e+02
2.0260834762e+02,1.0000000000e+00,2.0260834762e+02
2.0076825460e+02,1.0000000000e+00,2.0076825460e+02
2.0299277046e+02,1.0000000000e+00,2.0299277046e+02
2.1008778844e+02,1.0000000000e+00,2.1008778844e+02
2.1814048541e+02,1.0000000000e+00,2.1814048541e+02
2.2264255801e+02,1.0000000000e+00,2.2264255801e+02
2.2059379881e+02,1.0000000000e+00,2.2059379881e+02
2.0965336811e+02,1.0000000000e+00,2.0965336811e+02
1.8873455098e+02,1.0000000000e+00,1.8873455098e+02
1.6122878911e+02,1.0000000000e+00,1.6122878911e+02
1.3678427225e+02,1.0000000000e+00,1.3678427225e+02
1.2798747600e+02,1.0000000000e+00,1.2798747600e+02
1.4206313487e+02,1.0000000000e+00,1.4206313487e+02
1.7344842426e+02,1.0000000000e+00,1.7344842426e+02
2.0619436591e+02,1.0000000000e+00,2.0619436591e+02
2.2579919428e+02,1.0000000000e+00,2.2579919428e+02
2.2875050145e+02,1.0000000000e+00,2.2875050145e+02
2.2199662809e+02,1.0000000000e+00,2.2199662809e+02
2.1535766013e+02,1.0000000000e+00,2.1535766013e+02
2.1391394364e+02,1.0000000000e+00,2.1391394364e+02
2.1591314892e+02,1.0000000000e+00,2.1591314892e+02
2.1703679782e+02,1.0000000000e+00,2.1703679782e+02
2.1599866806e+02,1.0000000000e+00,2.1599866806e+02
2.1566557279e+02,1.0000000000e+00,2.1566557279e+02
2.1927753867e+02,1.0000000000e+00,2.1927753867e+02
2.2630657805e+02,1.0000000000e+00,2.2630657805e+02
2.3174489538e+02,1.0000000000e+00,2.3174489538e+02
2.2859092737e+02,1.0000000000e+00,2.2859092737e+02
2.1165382579e+02,1.0000000000e+00,2.1165382579e+02
1.8097273959e+02,1.0000000000e+00,1.8097273959e+02
1.4274434622e+02,1.0000000000e+00,1.4274434622e+02
1.0764464140e+02,1.0000000000e+00,1.0764464140e+02
8.8449265391e+01,1.0000000000e+00,8.8449265391e+01
9.5361250629e+01,1.0000000000e+00,9.5361250629e+01
1.2795920571e+02,1.0000000000e+00,1.2795920571e+02
1.7183175314e+02,1.0000000000e+00,1.7183175314e+02
2.0715313921e+02,1.0000000000e+00,2.0715313921e+02
2.2194466743e+02,1.0000000000e+00,2.2194466743e+02
2.1755794357e+02,1.0000000000e+00,2.1755794357e+02
2.0419484097e+02,1.0000000000e+00,2.0419484097e+02
1.9270380431e+02,1.0000000000e+00,1.9270380431e+02
1.8855209028e+02,1.0000000000e+00,1.8855209028e+02
1.9099593453e+02,1.0000000000e+00,1.9099593453e+02
1.9644714265e+02,1.0000000000e+00,1.9644714265e+02
2.0142896036e+02,1.0000000000e+00,2.0142896036e+02
2.0307166665e+02,1.0000000000e+00,2.0307166665e+02
2.0005707612e+02,1.0000000000e+00,2.0005707612e+02
1.9471909297e+02,1.0000000000e+00,1.9471909297e+02
1.9161667300e+02,1.0000000000e+00,1.9161667300e+02
1.9123479805e+02,1.0000000000e+00,1.9123479805e+02
1.8649238486e+02,1.0000000000e+00,1.8649238486e+02
1.6932215624e+02,1.0000000000e+00,1.6932215624e+02
1.4198781161e+02,1.0000000000e+00,1.4198781161e+02
1.1877378901e+02,1.0000000000e+00,1.1877378901e+02
1.1307239984e+02,1.0000000000e+00,1.1307239984e+02
1.2425346394e+02,1.0000000000e+00,1.2425346394e+02
1.4053284650e+02,1.0000000000e+00,1.4053284650e+02
1.5291795503e+02,1.0000000000e+00,1.5291795503e+02
1.6240517998e+02,1.0000000000e+00,1.6240517998e+02
1.7453393986e+02,1.0000000000e+00,1.7453393986e+02
1.9057235282e+02,1.0000000000e+00,1.9057235282e+02
2.0534293469e+02,1.0000000000e+00,2.0534293469e+02
2.1290959609e+02,1.0000000000e+00,2.1290959609e+02
2.1312424281e+02,1.0000000000e+00,2.1312424281e+02
2.1151906357e+02,1.0000000000e+00,2.1151906357e+02
2.1276293394e+02,1.0000000000e+00,2.1276293394e+02
2.1535966563e+02,1.0000000000e+00,2.1535966563e+02
2.1356095093e+02,1.0000000000e+00,2.1356095093e+02
2.0428219760e+02,1.0000000000e+00,2.0428219760e+02
1.9202200107e+02,1.0000000000e+00,1.9202200107e+02
1.8630110462e+02,1.0000000000e+00,1.8630110462e+02
1.9265088193e+02,1.0000000000e+00,1.9265088193e+02
2.0624779972e+02,1.0000000000e+00,2.0624779972e+02
2.1585101001e+02,1.0000000000e+00,2.1585101001e+02
2.1391487912e+02,1.0000000000e+00,2.1391487912e+02
2.0253529857e+02,1.0000000000e+00,2.0253529857e+02
1.9018150900e+02,1.0000000000e+00,1.9018150900e+02
1.8331316666e+02,1.0000000000e+00,1.8331316666e+02
1.8225450197e+02,1.0000000000e+00,1.8225450197e+02
1.8498936673e+02,1.0000000000e+00,1.8498936673e+02
1.9139228136e+02,1.0000000000e+00,1.9139228136e+02
2.0138300140e+02,1.0000000000e+00,2.0138300140e+02
2.1184929375e+02,1.0000000000e+00,2.1184929375e+02
2.1880931827e+02,1.0000000000e+00,2.1880931827e+02
2.2166975171e+02,1.0000000000e+00,2.2166975171e+02
2.2292799184e+02,1.0000000000e+00,2.2292799184e+02
2.2357682056e+02,1.0000000000e+00,2.2357682056e+02
2.2031514302e+02,1.0000000000e+00,2.2031514302e+02
2.0824001811e+02,1.0000000000e+00,2.0824001811e+02
1.8594318355e+02,1.0000000000e+00,1.8594318355e+02
1.5733532851e+02,1.0000000000e+00,1.5733532851e+02
1.2878534166e+02,1.0000000000e+00,1.2878534166e+02
1.0497180176e+02,1.0000000000e+00,1.0497180176e+02
8.6886950733e+01,1.0000000000e+00,8.6886950733e+01
7.3100683339e+01,1.0000000000e+00,7.3100683339e+01
6.2897798709e+01,1.0000000000e+00,6.2897798709e+01
5.7523731736e+01,1.0000000000e+00,5.7523731736e+01
5.7603442133e+01,1.0000000000e+00,5.7603442133e+01
6.0252774900e+01,1.0000000000e+00,6.0252774900e+01
5.9968366514e+01,1.0000000000e+00,5.9968366514e+01
5.2435866336e+01,1.0000000000e+00,5.2435866336e+01
4.4945028288e+01,1.0000000000e+00,4.4945028288e+01
3.7454190240e+01,1.0000000000e+00,3.7454190240e+01
2.9963352192e+01,1.0000000000e+00,2.9963352192e+01
4.1868490842e+01,1.0000000000e+00,4.1868490842e+01
8.5250195837e+01,1.0000000000e+00,8.5250195837e+01
1.4047426369e+02,1.0000000000e+00,1.4047426369e+02
1.9095603600e+02,1.0000000000e+00,1.9095603600e+02
2.2476303986e+02,1.0000000000e+00,2.2476303986e+02
2.3800691170e+02,1.0000000000e+00,2.3800691170e+02
2.3183152536e+02,1.0000000000e+00,2.3183152536e+02
2.0949635704e+02,1.0000000000e+00,2.0949635704e+02
1.7709685525e+02,1.0000000000e+00,1.7709685525e+02
1.4547604558e+02,1.0000000000e+00,1.4547604558e+02
1.2801271074e+02,1.0000000000e+00,1.2801271074e+02
1.3318449615e+02,1.0000000000e+00,1.3318449615e+02
1.5825112979e+02,1.0000000000e+00,1.5825112979e+02
1.9084569617e+02,1.0000000000e+00,1.9084569617e+02
2.1761673277e+02,1.0000000000e+00,2.1761673277e+02
2.3233064737e+02,1.0000000000e+00,2.3233064737e+02
2.3695750647e+02,1.0000000000e+00,2.3695750647e+02
2.3642650208e+02,1.0000000000e+00,2.3642650208e+02
2.3292042149e+02,1.0000000000e+00,2.3292042149e+02
2.2455362106e+02,1.0000000000e+00,2.2455362106e+02
2.0912725609e+02,1.0000000000e+00,2.0912725609e+02
1.8955349143e+02,1.0000000000e+00,1.8955349143e+02
1.7490802478e+02,1.0000000000e+00,1.7490802478e+02
1.7392963209e+02,1.0000000000e+00,1.7392963209e+02
1.8673934168e+02,1.0000000000e+00,1.8673934168e+02
2.0422711764e+02,1.0000000000e+00,2.0422711764e+02
2.1570780867e+02,1.0000000000e+00,2.1570780867e+02
2.1665312692e+02,1.0000000000e+00,2.1665312692e+02
2.1022673836e+02,1.0000000000e+00,2.1022673836e+02
2.0264003489e+02,1.0000000000e+00,2.0264003489e+02
1.9715196483e+02,1.0000000000e+00,1.9715196483e+02
1.9310006848e+02,1.0000000000e+00,1.9310006848e+02
1.9043983319e+02,1.0000000000e+00,1.9043983319e+02
1.9224865737e+02,1.0000000000e+00,1.9224865737e+02
2.0076906883e+02,1.0000000000e+00,2.0076906883e+02
2.1317251561e+02,1.0000000000e+00,2.1317251561e+02
2.2363905705e+02,1.0000000000e+00,2.2363905705e+02
2.2863785500e+02,1.0000000000e+00,2.2863785500e+02
2.2903986633e+02,1.0000000000e+00,2.2903986633e+02
2.2823662985e+02,1.0000000000e+00,2.2823662985e+02
2.2905565097e+02,1.0000000000e+00,2.2905565097e+02
2.3138604908e+02,1.0000000000e+00,2.3138604908e+02
2.3121953341e+02,1.0000000000e+00,2.3121953341e+02
2.2175813225e+02,1.0000000000e+00,2.2175813225e+02
1.9738540720e+02,1.0000000000e+00,1.9738540720e+02
1.5967438221e+02,1.0000000000e+00,1.5967438221e+02
1.2068728692e+02,1.0000000000e+00,1.2068728692e+02
9.8121669285e+01,1.0000000000e+00,9.8121669285e+01
1.0392434056e+02,1.0000000000e+00,1.0392434056e+02
1.3551157884e+02,1.0000000000e+00,1.3551157884e+02
1.7714319967e+02,1.0000000000e+00,1.7714319967e+02
2.1014230164e+02,1.0000000000e+00,2.1014230164e+02
2.2371819965e+02,1.0000000000e+00,2.2371819965e+02
2.1922229067e+02,1.0000000000e+00,2.1922229067e+02
2.0672021938e+02,1.0000000000e+00,2.0672021938e+02
1.9701028975e+02,1.0000000000e+00,1.9701028975e+02
1.9424847562e+02,1.0000000000e+00,1.9424847562e+02
1.9511715267e+02,1.0000000000e+00,1.9511715267e+02
1.9505764067e+02,1.0000000000e+00,1.9505764067e+02
1.9321096741e+02,1.0000000000e+00,1.9321096741e+02
1.8987556401e+02,1.0000000000e+00,1.8987556401e+02
1.8231196665e+02,1.0000000000e+00,1.8231196665e+02
1.6646755200e+02,1.0000000000e+00,1.6646755200e+02
1.4191163481e+02,1.0000000000e+00,1.4191163481e+02
1.1353985257e+02,1.0000000000e+00,1.1353985257e+02
8.8935472201e+01,1.0000000000e+00,8.8935472201e+01
7.3681416898e+01,1.0000000000e+00,7.3681416898e+01
6.7736509717e+01,1.0000000000e+00,6.7736509717e+01
6.5959123826e+01,1.0000000000e+00,6.5959123826e+01
6.2619702900e+01,1.0000000000e+00,6.2619702900e+01
5.6258261281e+01,1.0000000000e+00,5.6258261281e+01
5.1365217655e+01,1.0000000000e+00,5.1365217655e+01
5.5701984000e+01,1.0000000000e+00,5.5701984000e+01
7.4975039718e+01,1.0000000000e+00,7.4975039718e+01
1.0862982526e+02,1.0000000000e+00,1.0862982526e+02
1.4944285549e+02,1.0000000000e+00,1.4944285549e+02
1.8681760126e+02,1.0000000000e+00,1.8681760126e+02
2.1220448583e+02,1.0000000000e+00,2.1220448583e+02
2.2322701801e+02,1.0000000000e+00,2.2322701801e+02
2.2206150714e+02,1.0000000000e+00,2.2206150714e+02
2.0942715419e+02,1.0000000000e+00,2.0942715419e+02
1.8321182037e+02,1.0000000000e+00,1.8321182037e+02
1.4616486469e+02,1.0000000000e+00,1.4616486469e+02
1.1236115961e+02,1.0000000000e+00,1.1236115961e+02
9.9863354386e+01,1.0000000000e+00,9.9863354386e+01
1.1550398383e+02,1.0000000000e+00,1.1550398383e+02
1.4966840801e+02,1.0000000000e+00,1.4966840801e+02
1.8502127277e+02,1.0000000000e+00,1.8502127277e+02
2.0774871806e+02,1.0000000000e+00,2.0774871806e+02
2.1372299395e+02,1.0000000000e+00,2.1372299395e+02
2.0904810392e+02,1.0000000000e+00,2.0904810392e+02
2.0426953823e+02,1.0000000000e+00,2.0426953823e+02
2.0490125256e+02,1.0000000000e+00,2.0490125256e+02
2.0732457506e+02,1.0000000000e+00,2.0732457506e+02
2.0503820978e+02,1.0000000000e+00,2.0503820978e+02
1.9778527751e+02,1.0000000000e+00,1.9778527751e+02
1.9244048745e+02,1.0000000000e+00,1.9244048745e+02
1.9510457977e+02,1.0000000000e+00,1.9510457977e+02
2.0466364929e+02,1.0000000000e+00,2.0466364929e+02
2.1464608608e+02,1.0000000000e+00,2.1464608608e+02
2.1896220748e+02,1.0000000000e+00,2.1896220748e+02
2.1508590426e+02,1.0000000000e+00,2.1508590426e+02
2.0395701834e+02,1.0000000000e+00,2.0395701834e+02
1.8849542901e+02,1.0000000000e+00,1.8849542901e+02
1.7263884479e+02,1.0000000000e+00,1.7263884479e+02
1.6153541770e+02,1.0000000000e+00,1.6153541770e+02
1.6047352120e+02,1.0000000000e+00,1.6047352120e+02
1.7128554722e+02,1.0000000000e+00,1.7128554722e+02
1.9005186005e+02,1.0000000000e+00,1.9005186005e+02
2.0943716130e+02,1.0000000000e+00,2.0943716130e+02
2.2337435530e+02,1.0000000000e+00,2.2337435530e+02
2.2995706285e+02,1.0000000000e+00,2.2995706285e+02
2.3104943665e+02,1.0000000000e+00,2.3104943665e+02
2.2979835416e+02,1.0000000000e+00,2.2979835416e+02
2.2825151861e+02,1.0000000000e+00,2.2825151861e+02
2.2660347915e+02,1.0000000000e+00,2.2660347915e+02
2.2412107312e+02,1.0000000000e+00,2.2412107312e+02
2.2075608900e+02,1.0000000000e+00,2.2075608900e+02
2.1800215990e+02,1.0000000000e+00,2.1800215990e+02
2.1789924464e+02,1.0000000000e+00,2.1789924464e+02
2.2083827682e+02,1.0000000000e+00,2.2083827682e+02
2.2455603454e+02,1.0000000000e+00,2.2455603454e+02
2.2568938347e+02,1.0000000000e+00,2.2568938347e+02
2.2251008288e+02,1.0000000000e+00,2.2251008288e+02
2.1650878574e+02,1.0000000000e+00,2.1650878574e+02
2.1152638622e+02,1.0000000000e+00,2.1152638622e+02
2.1094329833e+02,1.0000000000e+00,2.1094329833e+02
2.1544289413e+02,1.0000000000e+00,2.1544289413e+02
2.2334423099e+02,1.0000000000e+00,2.2334423099e+02
2.3205671758e+02,1.0000000000e+00,2.3205671758e+02
2.3803055236e+02,1.0000000000e+00,2.3803055236e+02
2.3569974625e+02,1.0000000000e+00,2.3569974625e+02
2.1862948763e+02,1.0000000000e+00,2.1862948763e+02
1.8442507397e+02,1.0000000000e+00,1.8442507397e+02
1.3997619869e+02,1.0000000000e+00,1.3997619869e+02
1.0071884679e+02,1.0000000000e+00,1.0071884679e+02
8.2458392854e+01,1.0000000000e+00,8.2458392854e+01
9.2521776721e+01,1.0000000000e+00,9.2521776721e+01
1.2676116117e+02,1.0000000000e+00,1.2676116117e+02
1.7215953759e+02,1.0000000000e+00,1.7215953759e+02
2.1286526639e+02,1.0000000000e+00,2.1286526639e+02
2.3735748087e+02,1.0000000000e+00,2.3735748087e+02
2.4198444135e+02,1.0000000000e+00,2.4198444135e+02
2.2927074028e+02,1.0000000000e+00,2.2927074028e+02
2.0568299620e+02,1.0000000000e+00,2.0568299620e+02
1.8147026681e+02,1.0000000000e+00,1.8147026681e+02
1.6834623649e+02,1.0000000000e+00,1.6834623649e+02
1.7260277820e+02,1.0000000000e+00,1.7260277820e+02
1.9028451118e+02,1.0000000000e+00,1.9028451118e+02
2.1082753475e+02,1.0000000000e+00,2.1082753475e+02
2.2514657866e+02,1.0000000000e+00,2.2514657866e+02
2.3037948321e+02,1.0000000000e+00,2.3037948321e+02
2.2917729961e+02,1.0000000000e+00,2.2917729961e+02
2.2611712775e+02,1.0000000000e+00,2.2611712775e+02
2.2439432534e+02,1.0000000000e+00,2.2439432534e+02
2.2466565043e+02,1.0000000000e+00,2.2466565043e+02
2.2594793049e+02,1.0000000000e+00,2.2594793049e+02
2.2709756057e+02,1.0000000000e+00,2.2709756057e+02
2.2760877762e+02,1.0000000000e+00,2.2760877762e+02
2.2757850328e+02,1.0000000000e+00,2.2757850328e+02
2.2733183962e+02,1.0000000000e+00,2.2733183962e+02
2.2712347103e+02,1.0000000000e+00,2.2712347103e+02
2.2704234362e+02,1.0000000000e+00,2.2704234362e+02
2.2706018813e+02,1.0000000000e+00,2.2706018813e+02
2.2711672745e+02,1.0000000000e+00,2.2711672745e+02
2.2717176317e+02,1.0000000000e+00,2.2717176317e+02
2.2720991611e+02,1.0000000000e+00,2.2720991611e+02
2.2722007287e+02,1.0000000000e+00,2.2722007287e+02
2.2718158833e+02,1.0000000000e+00,2.2718158833e+02
2.2707925698e+02,1.0000000000e+00,2.2707925698e+02
2.2694501595e+02,1.0000000000e+00,2.2694501595e+02
2.2689237186e+02,1.0000000000e+00,2.2689237186e+02
2.2708541058e+02,1.0000000000e+00,2.2708541058e+02
2.2759799239e+02,1.0000000000e+00,2.2759799239e+02
2.2819871673e+02,1.0000000000e+00,2.2819871673e+02
2.2822989140e+02,1.0000000000e+00,2.2822989140e+02
2.2683622577e+02,1.0000000000e+00,2.2683622577e+02
2.2366477523e+02,1.0000000000e+00,2.2366477523e+02
2.1964888191e+02,1.0000000000e+00,2.1964888191e+02
2.1691554236e+02,1.0000000000e+00,2.1691554236e+02
2.1731402189e+02,1.0000000000e+00,2.1731402189e+02
2.2075533625e+02,1.0000000000e+00,2.2075533625e+02
2.2516210267e+02,1.0000000000e+00,2.2516210267e+02
2.2800201417e+02,1.0000000000e+00,2.2800201417e+02
2.2779033240e+02,1.0000000000e+00,2.2779033240e+02
2.2467658564e+02,1.0000000000e+00,2.2467658564e+02
2.2032008191e+02,1.0000000000e+00,2.2032008191e+02
2.1709193677e+02,1.0000000000e+00,2.1709193677e+02
2.2017895844e+02,1.0000000000e+00,2.1737612354e+02
2.2668956022e+02,1.0000000000e+00,2.2055847770e+02
2.2049914557e+02,1.0000000000e+00,2.2217895489e+02
2.0522073440e+02,1.0000000000e+00,2.2146970507e+02
2.1103282732e+02,1.0000000000e+00,2.2364815119e+02
2.3857523489e+02,1.0000000000e+00,2.2902979454e+02
2.5283094788e+02,1.0000000000e+00,2.3140826862e+02
2.3477150797e+02,1.0000000000e+00,2.2765624155e+02
2.0601668499e+02,1.0000000000e+00,2.2222868817e+02
2.0183759148e+02,1.0000000000e+00,2.2188382247e+02
2.2842368892e+02,1.0000000000e+00,2.2750491335e+02
2.5353326616e+02,1.0000000000e+00,2.3247125774e+02
2.4538413394e+02,1.0000000000e+00,2.3048278839e+02
2.1326101581e+02,1.0000000000e+00,2.2362474812e+02
1.9788254076e+02,1.0000000000e+00,2.2030392741e+02
2.1977331955e+02,1.0000000000e+00,2.2474462531e+02
2.5043523426e+02,1.0000000000e+00,2.3116568381e+02
2.4918563490e+02,1.0000000000e+00,2.3128904158e+02
2.1787499321e+02,1.0000000000e+00,2.2543344225e+02
1.9895200730e+02,1.0000000000e+00,2.2207676414e+02
2.1823386434e+02,1.0000000000e+00,2.2621008675e+02
2.4963409914e+02,1.0000000000e+00,2.3218283459e+02
2.5058987751e+02,1.0000000000e+00,2.3101356362e+02
2.1907724456e+02,1.0000000000e+00,2.2233944130e+02
1.9453485428e+02,1.0000000000e+00,2.1501866173e+02
2.0497355363e+02,1.0000000000e+00,2.1611689947e+02
2.3469151542e+02,1.0000000000e+00,2.2320006482e+02
2.4732083819e+02,1.0000000000e+00,2.2820585709e+02
2.2888785044e+02,1.0000000000e+00,2.2678014464e+02
2.0433381034e+02,1.0000000000e+00,2.2288721916e+02
2.0782553416e+02,1.0000000000e+00,2.2343751195e+02
2.3702628592e+02,1.0000000000e+00,2.2882630837e+02
2.5470603142e+02,1.0000000000e+00,2.3259440330e+02
2.3825578578e+02,1.0000000000e+00,2.3062671171e+02
2.0997782051e+02,1.0000000000e+00,2.2658985906e+02
2.0615722844e+02,1.0000000000e+00,2.2555005158e+02
2.2616490754e+02,1.0000000000e+00,2.2457914093e+02
2.3312812792e+02,1.0000000000e+00,2.1475547027e+02
2.0464035404e+02,1.0000000000e+00,1.9301837161e+02
1.5981832538e+02,1.0000000000e+00,1.6742163015e+02
1.3432331176e+02,1.0000000000e+00,1.5033309336e+02
1.4474260586e+02,1.0000000000e+00,1.4925232124e+02
1.7419471692e+02,1.0000000000e+00,1.6146535951e+02
1.8879867811e+02,1.0000000000e+00,1.7515459695e+02
1.7491319727e+02,1.0000000000e+00,1.7843630919e+02
1.5293787676e+02,1.0000000000e+00,1.6832128467e+02
1.4331345876e+02,1.0000000000e+00,1.4959386591e+02
1.3812834324e+02,1.0000000000e+00,1.2864003587e+02
1.2278089179e+02,1.0000000000e+00,1.1159417640e+02
1.0255281134e+02,1.0000000000e+00,1.0357243421e+02
9.4373496833e+01,1.0000000000e+00,1.0526369475e+02
1.0411268801e+02,1.0000000000e+00,1.1085567989e+02
1.1788100682e+02,1.0000000000e+00,1.1130162100e+02
1.1367502370e+02,1.0000000000e+00,1.0116765401e+02
8.6263419580e+01,1.0000000000e+00,8.3535052980e+01
5.4988662916e+01,1.0000000000e+00,6.6660923078e+01
4.2561616891e+01,1.0000000000e+00,5.5645940200e+01
4.9938667196e+01,1.0000000000e+00,4.8817015363e+01
5.4194246972e+01,1.0000000000e+00,4.1604426043e+01
3.8660308595e+01,1.0000000000e+00,3.3985029699e+01
3.6577088847e+01,1.0000000000e+00,3.6577088847e+01
5.1241990848e+01,1.0000000000e+00,5.1241990848e+01
7.3002452701e+01,1.0000000000e+00,7.3002452701e+01
9.4633471003e+01,1.0000000000e+00,9.4633471003e+01
1.1050627088e+02,1.0000000000e+00,1.1050627088e+02
1.2029689131e+02,1.0000000000e+00,1.2029689131e+02
1.2686812906e+02,1.0000000000e+00,1.2686812906e+02
1.3120956405e+02,1.0000000000e+00,1.3120956405e+02
1.3152178158e+02,1.0000000000e+00,1.3152178158e+02
1.2694717724e+02,1.0000000000e+00,1.2694717724e+02
1.1966306064e+02,1.0000000000e+00,1.1966306064e+02
1.1246295758e+02,1.0000000000e+00,1.1246295758e+02
1.0603585326e+02,1.0000000000e+00,1.0603585326e+02
9.9637952335e+01,1.0000000000e+00,9.9637952335e+01
9.3308393323e+01,1.0000000000e+00,9.3308393323e+01
8.8940189498e+01,1.0000000000e+00,8.8940189498e+01
8.9948387569e+01,1.0000000000e+00,8.9948387569e+01
9.9019536769e+01,1.0000000000e+00,9.9019536769e+01
1.1429878026e+02,1.0000000000e+00,1.1429878026e+02
1.2859447925e+02,1.0000000000e+00,1.2859447925e+02
1.3467474494e+02,1.0000000000e+00,1.3467474494e+02
1.3135800178e+02,1.0000000000e+00,1.3135800178e+02
1.2342915140e+02,1.0000000000e+00,1.2342915140e+02
1.1661548680e+02,1.0000000000e+00,1.1661548680e+02
1.1418803925e+02,1.0000000000e+00,1.1418803925e+02
1.1787643710e+02,1.0000000000e+00,1.1787643710e+02
1.2966632381e+02,1.0000000000e+00,1.2966632381e+02
1.5055912640e+02,1.0000000000e+00,1.5055912640e+02
1.7739702728e+02,1.0000000000e+00,1.7739702728e+02
2.0264606221e+02,1.0000000000e+00,2.0264606221e+02
2.1883875863e+02,1.0000000000e+00,2.1883875863e+02
2.2321287598e+02,1.0000000000e+00,2.2321287598e+02
2.1822555691e+02,1.0000000000e+00,2.1822555691e+02
2.0899597342e+02,1.0000000000e+00,2.0899597342e+02
2.0067284358e+02,1.0000000000e+00,2.0067284358e+02
1.9659604220e+02,1.0000000000e+00,1.9659604220e+02
1.9722764847e+02,1.0000000000e+00,1.9722764847e+02
2.0053311368e+02,1.0000000000e+00,2.0053311368e+02
2.0375423478e+02,1.0000000000e+00,2.0375423478e+02
2.0481023360e+02,1.0000000000e+00,2.0481023360e+02
2.0217120229e+02,1.0000000000e+00,2.0217120229e+02
1.9474416840e+02,1.0000000000e+00,1.9474416840e+02
1.8313260249e+02,1.0000000000e+00,1.8313260249e+02
1.7045900664e+02,1.0000000000e+00,1.7045900664e+02
1.6093240183e+02,1.0000000000e+00,1.6093240183e+02
1.5681424228e+02,1.0000000000e+00,1.5681424228e+02
1.5614416480e+02,1.0000000000e+00,1.5614416480e+02
1.5501261013e+02,1.0000000000e+00,1.5501261013e+02
1.5330924024e+02,1.0000000000e+00,1.5330924024e+02
1.5517141780e+02,1.0000000000e+00,1.5517141780e+02
1.6197139074e+02,1.0000000000e+00,1.6197139074e+02
1.6810658902e+02,1.0000000000e+00,1.6810658902e+02
1.6561729408e+02,1.0000000000e+00,1.6561729408e+02
1.5146848590e+02,1.0000000000e+00,1.5146848590e+02
1.3012667852e+02,1.0000000000e+00,1.3012667852e+02
1.1025379878e+02,1.0000000000e+00,1.1025379878e+02
9.8878271456e+01,1.0000000000e+00,9.8878271456e+01
9.8332904123e+01,1.0000000000e+00,9.8332904123e+01
1.0769082808e+02,1.0000000000e+00,1.0769082808e+02
1.2367149076e+02,1.0000000000e+00,1.2367149076e+02
1.4667628755e+02,1.0000000000e+00,1.4059914590e+02
1.5587641381e+02,1.0000000000e+00,1.4747712850e+02
1.3067528594e+02,1.0000000000e+00,1.3833260227e+02
1.1265989869e+02,1.0000000000e+00,1.2685231632e+02
1.2675512596e+02,1.0000000000e+00,1.2605566237e+02
1.5196174707e+02,1.0000000000e+00,1.3631506689e+02
1.5637784331e+02,1.0000000000e+00,1.4908611447e+02
1.4310673567e+02,1.0000000000e+00,1.5745862098e+02
1.4830511916e+02,1.0000000000e+00,1.6154050036e+02
1.7075883979e+02,1.0000000000e+00,1.5969225524e+02
1.5950257540e+02,1.0000000000e+00,1.4548828770e+02
1.1326312835e+02,1.0000000000e+00,1.2260527027e+02
9.2069384209e+01,1.0000000000e+00,1.0398176932e+02
9.9852242858e+01,1.0000000000e+00,8.9528642106e+01
7.8190195112e+01,1.0000000000e+00,6.7442898404e+01
3.8028394346e+01,1.0000000000e+00,5.2009844053e+01
3.2387724607e+01,1.0000000000e+00,4.3481015908e+01
5.5672286360e+01,1.0000000000e+00,4.0737234061e+01
4.4883114154e+01,1.0000000000e+00,3.1178705423e+01
5.1145267170e+01,1.0000000000e+00,5.5203698133e+01
8.9206847010e+01,1.0000000000e+00,9.7171180638e+01
1.3800101803e+02,1.0000000000e+00,1.4066722254e+02
1.6767080188e+02,1.0000000000e+00,1.6752815657e+02
1.7524655210e+02,1.0000000000e+00,1.7412136507e+02
1.7460854491e+02,1.0000000000e+00,1.7126108079e+02
1.7192234604e+02,1.0000000000e+00,1.7038395161e+02
1.5989782587e+02,1.0000000000e+00,1.7232122784e+02
1.5736370727e+02,1.0000000000e+00,1.7455300340e+02
1.8658947909e+02,1.0000000000e+00,1.7491065660e+02
1.8853771355e+02,1.0000000000e+00,1.6189633422e+02
1.3247176751e+02,1.0000000000e+00,1.3607667942e+02
9.1768928464e+01,1.0000000000e+00,1.1990038373e+02
1.1495936323e+02,1.0000000000e+00,1.2775441793e+02
1.7187077931e+02,1.0000000000e+00,1.5391279038e+02
2.0673169476e+02,1.0000000000e+00,1.8333127652e+02
2.0709181990e+02,1.0000000000e+00,2.0615206828e+02
2.0250479342e+02,1.0000000000e+00,2.1914792487e+02
2.0825126718e+02,1.0000000000e+00,2.1760988367e+02
2.0396942575e+02,1.0000000000e+00,1.9520797343e+02
1.6585180969e+02,1.0000000000e+00,1.5402949689e+02
1.0913011197e+02,1.0000000000e+00,1.1231471288e+02
8.4340138926e+01,1.0000000000e+00,9.5422604976e+01
1.0768064046e+02,1.0000000000e+00,1.1121449259e+02
1.4798384989e+02,1.0000000000e+00,1.4515995076e+02
1.8198538667e+02,1.0000000000e+00,1.7974904598e+02
2.0659171110e+02,1.0000000000e+00,2.0612647313e+02
2.2220683628e+02,1.0000000000e+00,2.2223433748e+02
2.2769625310e+02,1.0000000000e+00,2.2769625310e+02
2.2133602349e+02,1.0000000000e+00,2.2133602349e+02
2.0322272385e+02,1.0000000000e+00,2.0322272385e+02
1.7809859551e+02,1.0000000000e+00,1.7809859551e+02
1.5542746705e+02,1.0000000000e+00,1.5542746705e+02
1.4492470186e+02,1.0000000000e+00,1.4492470186e+02
1.5115587195e+02,1.0000000000e+00,1.5115587195e+02
1.7071793558e+02,1.0000000000e+00,1.7071793558e+02
1.9255599458e+02,1.0000000000e+00,1.9255599458e+02
2.0119313911e+02,1.0000000000e+00,2.0119313911e+02
1.8364506087e+02,1.0000000000e+00,1.8364506087e+02
1.3864984655e+02,1.0000000000e+00,1.3864984655e+02
8.1674738211e+01,1.0000000000e+00,8.1674738211e+01
3.9123693759e+01,1.0000000000e+00,3.9123693759e+01
3.3641069473e+01,1.0000000000e+00,3.3641069473e+01
6.9723630869e+01,1.0000000000e+00,6.9723630869e+01
1.2870308466e+02,1.0000000000e+00,1.2870308466e+02
1.7804788548e+02,1.0000000000e+00,1.7804788548e+02
1.9150602771e+02,1.0000000000e+00,1.9150602771e+02
1.6652792404e+02,1.0000000000e+00,1.6652792404e+02
1.2537519521e+02,1.0000000000e+00,1.2537519521e+02
9.8509838908e+01,1.0000000000e+00,9.8509838908e+01
1.0289279734e+02,1.0000000000e+00,1.0289279734e+02
1.3245526881e+02,1.0000000000e+00,1.3245526881e+02
1.6733323421e+02,1.0000000000e+00,1.6733323421e+02
1.9129612647e+02,1.0000000000e+00,1.9129612647e+02
2.0126814604e+02,1.0000000000e+00,2.0126814604e+02
2.0352080832e+02,1.0000000000e+00,2.0352080832e+02
2.0439820459e+02,1.0000000000e+00,2.0439820459e+02
2.0540753560e+02,1.0000000000e+00,2.0540753560e+02
2.0457906587e+02,1.0000000000e+00,2.0457906587e+02
1.9960639644e+02,1.0000000000e+00,1.9960639644e+02
1.8873081748e+02,1.0000000000e+00,1.8873081748e+02
1.6993478924e+02,1.0000000000e+00,1.6993478924e+02
1.4202536951e+02,1.0000000000e+00,1.4202536951e+02
1.0778489707e+02,1.0000000000e+00,1.0778489707e+02
7.4533570330e+01,1.0000000000e+00,7.4533570330e+01
4.9961053740e+01,1.0000000000e+00,4.9961053740e+01
3.7203081072e+01,1.0000000000e+00,3.7203081072e+01
3.3718722059e+01,1.0000000000e+00,3.3718722059e+01
3.4203741794e+01,1.0000000000e+00,3.4203741794e+01
3.4460707099e+01,1.0000000000e+00,3.4460707099e+01
3.3181501509e+01,1.0000000000e+00,3.3181501509e+01
3.1084504104e+01,1.0000000000e+00,3.1084504104e+01
2.9078360736e+01,1.0000000000e+00,2.9078360736e+01
2.7109781436e+01,1.0000000000e+00,2.7109781436e+01
2.0770257669e+01,1.0000000000e+00,2.0770257669e+01
1.6616206135e+01,1.0000000000e+00,1.6616206135e+01
1.3086521949e+01,1.0000000000e+00,1.3086521949e+01
2.6173043898e+01,1.0000000000e+00,2.6173043898e+01
3.9259565847e+01,1.0000000000e+00,3.9259565847e+01
7.1488434087e+01,1.0000000000e+00,7.1488434087e+01
1.1635489543e+02,1.0000000000e+00,1.1635489543e+02
1.6240423159e+02,1.0000000000e+00,1.6240423159e+02
1.9615895415e+02,1.0000000000e+00,1.9615895415e+02
2.1103951607e+02,1.0000000000e+00,2.1103951607e+02
2.0839150034e+02,1.0000000000e+00,2.0839150034e+02
1.9094228587e+02,1.0000000000e+00,1.9094228587e+02
1.5994430808e+02,1.0000000000e+00,1.5994430808e+02
1.2046148061e+02,1.0000000000e+00,1.2046148061e+02
8.5984614727e+01,1.0000000000e+00,8.5984614727e+01
7.3270897236e+01,1.0000000000e+00,7.3270897236e+01
9.0389248592e+01,1.0000000000e+00,9.0389248592e+01
1.2973418318e+02,1.0000000000e+00,1.2973418318e+02
1.7315904883e+02,1.0000000000e+00,1.7315904883e+02
2.0409093725e+02,1.0000000000e+00,2.0409093725e+02
2.1573364409e+02,1.0000000000e+00,2.1573364409e+02
2.1063502282e+02,1.0000000000e+00,2.1063502282e+02
1.9591497602e+02,1.0000000000e+00,1.9591497602e+02
1.7995894546e+02,1.0000000000e+00,1.7995894546e+02
1.7079862057e+02,1.0000000000e+00,1.7079862057e+02
1.7299454625e+02,1.0000000000e+00,1.7299454625e+02
1.8348860711e+02,1.0000000000e+00,1.8348860711e+02
1.9135269091e+02,1.0000000000e+00,1.9135269091e+02
1.8461990958e+02,1.0000000000e+00,1.8461990958e+02
1.6039536140e+02,1.0000000000e+00,1.6039536140e+02
1.2933596600e+02,1.0000000000e+00,1.2933596600e+02
1.0901265442e+02,1.0000000000e+00,1.0901265442e+02
1.1059301988e+02,1.0000000000e+00,1.1059301988e+02
1.3009703338e+02,1.0000000000e+00,1.3009703338e+02
1.5191299196e+02,1.0000000000e+00,1.5191299196e+02
1.6112024434e+02,1.0000000000e+00,1.6112024434e+02
1.5377836854e+02,1.0000000000e+00,1.5377836854e+02
1.3747520552e+02,1.0000000000e+00,1.3747520552e+02
1.2328082984e+02,1.0000000000e+00,1.2328082984e+02
1.1698296034e+02,1.0000000000e+00,1.1698296034e+02
1.1698644267e+02,1.0000000000e+00,1.1698644267e+02
1.1877399839e+02,1.0000000000e+00,1.1877399839e+02
1.1974139789e+02,1.0000000000e+00,1.1974139789e+02
1.2006394587e+02,1.0000000000e+00,1.2006394587e+02
1.2062073507e+02,1.0000000000e+00,1.2062073507e+02
1.2116645809e+02,1.0000000000e+00,1.2116645809e+02
1.2031701761e+02,1.0000000000e+00,1.2031701761e+02
1.1666449004e+02,1.0000000000e+00,1.1666449004e+02
1.0986466636e+02,1.0000000000e+00,1.0986466636e+02
1.0122293836e+02,1.0000000000e+00,1.0122293836e+02
9.3454015181e+01,1.0000000000e+00,9.3454015181e+01
8.9672945327e+01,1.0000000000e+00,8.9672945327e+01
9.2432963611e+01,1.0000000000e+00,9.2432963611e+01
1.0275002014e+02,1.0000000000e+00,1.0275002014e+02
1.1857603070e+02,1.0000000000e+00,1.1857603070e+02
1.3443295850e+02,1.0000000000e+00,1.3443295850e+02
1.4428938274e+02,1.0000000000e+00,1.4428938274e+02
1.4618251181e+02,1.0000000000e+00,1.4618251181e+02
1.4423420391e+02,1.0000000000e+00,1.4423420391e+02
1.4489389421e+02,1.0000000000e+00,1.4489389421e+02
1.5035935253e+02,1.0000000000e+00,1.5035935253e+02
1.5696168337e+02,1.0000000000e+00,1.5696168337e+02
1.6020035584e+02,1.0000000000e+00,1.6020035584e+02
1.5892131338e+02,1.0000000000e+00,1.5892131338e+02
1.5382813153e+02,1.0000000000e+00,1.5382813153e+02
1.4447884774e+02,1.0000000000e+00,1.4447884774e+02
1.3008534838e+02,1.0000000000e+00,1.3008534838e+02
1.1293519987e+02,1.0000000000e+00,1.1293519987e+02
9.8749269354e+01,1.0000000000e+00,9.8749269354e+01
9.1896717466e+01,1.0000000000e+00,9.1896717466e+01
9.0826523023e+01,1.0000000000e+00,9.0826523023e+01
8.9652891054e+01,1.0000000000e+00,8.9652891054e+01
8.4042538231e+01,1.0000000000e+00,8.4042538231e+01
7.4558382142e+01,1.0000000000e+00,7.4558382142e+01
6.4662208484e+01,1.0000000000e+00,6.4662208484e+01
5.6903521105e+01,1.0000000000e+00,5.6903521105e+01
5.1482659277e+01,1.0000000000e+00,5.1482659277e+01
4.7208576140e+01,1.0000000000e+00,4.7208576140e+01
4.2565979018e+01,1.0000000000e+00,4.2565979018e+01
3.6288490662e+01,1.0000000000e+00,3.6288490662e+01
3.1104420567e+01,1.0000000000e+00,3.1104420567e+01
2.5920350473e+01,1.0000000000e+00,2.5920350473e+01
2.0736280378e+01,1.0000000000e+00,2.0736280378e+01
1.5552210284e+01,1.0000000000e+00,1.5552210284e+01
1.0368140189e+01,1.0000000000e+00,1.0368140189e+01
5.1840700945e+00,1.0000000000e+00,5.1840700945e+00
0.0000000000e+00,9.0000000000e-01,0.0000000000e+00
0.0000000000e+00,8.0000000000e-01,0.0000000000e+00
0.0000000000e+00,7.0000000000e-01,0.0000000000e+00
0.0000000000e+00,6.0000000000e-01,0.0000000000e+00
0.0000000000e+00,6.0000000000e-01,0.0000000000e+00
0.0000000000e+00,6.0000000000e-01,0.0000000000e+00
0.0000000000e+00,6.0000000000e-01,0.0000000000e+00
0.0000000000e+00,6.0000000000e-01,0.0000000000e+00
0.0000000000e+00,6.0000000000e-01,0.0000000000e+00
0.0000000000e+00,6.0000000000e-01,0.0000000000e+00
0.0000000000e+00,7.0000000000e-01,0.0000000000e+00
0.0000000000e+00,8.0000000000e-01,0.0000000000e+00
0.0000000000e+00,9.0000000000e-01,0.0000000000e+00
9.4286762194e+00,1.0000000000e+00,9.4286762194e+00
1.8857352439e+01,1.0000000000e+00,1.8857352439e+01
2.8286028658e+01,1.0000000000e+00,2.8286028658e+01
6.8846139867e+01,1.0000000000e+00,6.8846139867e+01
1.2104978862e+02,1.0000000000e+00,1.2104978862e+02
1.6952367411e+02,1.0000000000e+00,1.6952367411e+02
1.9661323613e+02,1.0000000000e+00,1.9661323613e+02
1.9285460782e+02,1.0000000000e+00,1.9285460782e+02
1.6387903895e+02,1.0000000000e+00,1.6387903895e+02
1.2743845487e+02,1.0000000000e+00,1.2743845487e+02
1.0186665731e+02,1.0000000000e+00,1.0186665731e+02
9.4847711420e+01,1.0000000000e+00,9.4847711420e+01
1.0155749819e+02,1.0000000000e+00,1.0155749819e+02
1.1224320862e+02,1.0000000000e+00,1.1224320862e+02
1.2032053565e+02,1.0000000000e+00,1.2032053565e+02
1.2398348939e+02,1.0000000000e+00,1.2398348939e+02
1.2317724602e+02,1.0000000000e+00,1.2317724602e+02
1.1782303151e+02,1.0000000000e+00,1.1782303151e+02
1.0945240330e+02,1.0000000000e+00,1.0945240330e+02
1.0269353056e+02,1.0000000000e+00,1.0269353056e+02
1.0244995276e+02,1.0000000000e+00,1.0244995276e+02
1.0874627816e+02,1.0000000000e+00,1.0874627816e+02
1.1604556399e+02,1.0000000000e+00,1.1604556399e+02
1.1907245767e+02,1.0000000000e+00,1.1907245767e+02
1.1878005961e+02,1.0000000000e+00,1.1878005961e+02
1.2164360340e+02,1.0000000000e+00,1.2164360340e+02
1.3253008544e+02,1.0000000000e+00,1.3253008544e+02
1.4827562565e+02,1.0000000000e+00,1.4827562565e+02
1.5926022519e+02,1.0000000000e+00,1.5926022519e+02
1.5801303972e+02,1.0000000000e+00,1.5801303972e+02
1.4604463110e+02,1.0000000000e+00,1.4604463110e+02
1.3189453106e+02,1.0000000000e+00,1.3189453106e+02
1.2234650142e+02,1.0000000000e+00,1.2234650142e+02
1.1622120995e+02,1.0000000000e+00,1.1622120995e+02
1.0811553741e+02,1.0000000000e+00,1.0811553741e+02
9.7822646974e+01,1.0000000000e+00,9.7822646974e+01
9.3065435977e+01,1.0000000000e+00,9.3065435977e+01
1.0091253393e+02,1.0000000000e+00,1.0091253393e+02
1.1839506676e+02,1.0000000000e+00,1.1839506676e+02
1.3432220180e+02,1.0000000000e+00,1.3432220180e+02
1.3962873674e+02,1.0000000000e+00,1.3962873674e+02
1.3382303892e+02,1.0000000000e+00,1.3382303892e+02
1.2228666249e+02,1.0000000000e+00,1.2228666249e+02
1.1038634044e+02,1.0000000000e+00,1.1038634044e+02
1.0071430697e+02,1.0000000000e+00,1.0071430697e+02
9.3398604272e+01,1.0000000000e+00,9.3398604272e+01
8.7580370314e+01,1.0000000000e+00,8.7580370314e+01
8.3414889561e+01,1.0000000000e+00,8.3414889561e+01
8.2597671839e+01,1.0000000000e+00,8.2597671839e+01
8.5814804106e+01,1.0000000000e+00,8.5814804106e+01
9.0030743390e+01,1.0000000000e+00,9.0030743390e+01
8.9757915304e+01,1.0000000000e+00,8.9757915304e+01
8.1979657538e+01,1.0000000000e+00,8.1979657538e+01
7.0212204602e+01,1.0000000000e+00,7.0212204602e+01
6.3180925557e+01,1.0000000000e+00,6.3180925557e+01
6.7745019085e+01,1.0000000000e+00,6.7745019085e+01
8.1946292381e+01,1.0000000000e+00,8.1946292381e+01
9.5873283184e+01,1.0000000000e+00,9.5873283184e+01
1.0043368984e+02,1.0000000000e+00,1.0043368984e+02
9.5101979451e+01,1.0000000000e+00,9.5101979451e+01
8.7047018406e+01,1.0000000000e+00,8.7047018406e+01
8.3706813756e+01,1.0000000000e+00,8.3706813756e+01
9.3687482811e+01,1.0000000000e+00,9.3687482811e+01
1.0274953725e+02,1.0000000000e+00,1.0274953725e+02
1.1089297708e+02,1.0000000000e+00,1.1089297708e+02
1.1811780229e+02,1.0000000000e+00,1.1811780229e+02
1.2442401289e+02,1.0000000000e+00,1.2442401289e+02
1.2500000000e+02,1.0000000000e+00,1.2500000000e+02
1.1630685445e+02,1.0000000000e+00,1.1630685445e+02
1.0624209139e+02,1.0000000000e+00,1.0624209139e+02
9.5294459913e+01,1.0000000000e+00,9.5294459913e+01
8.4247910639e+01,1.0000000000e+00,8.4247910639e+01
7.2841126696e+01,1.0000000000e+00,7.2841126696e+01
8.1958234929e+01,1.0000000000e+00,8.1958234929e+01
9.2241558966e+01,1.0000000000e+00,9.2241558966e+01
1.0369109881e+02,1.0000000000e+00,1.0369109881e+02
1.1630685445e+02,1.0000000000e+00,1.1630685445e+02
1.2500000000e+02,1.0000000000e+00,1.2500000000e+02
1.0591749510e+02,1.0000000000e+00,1.0591749510e+02
8.3709016815e+01,1.0000000000e+00,8.3709016815e+01
5.4522220090e+01,1.0000000000e+00,5.4522220090e+01
2.9616248531e+01,1.0000000000e+00,2.9616248531e+01
2.2708783180e+01,1.0000000000e+00,2.2708783180e+01
3.8510101010e+01,1.0000000000e+00,3.8510101010e+01
7.3232323232e+01,1.0000000000e+00,7.3232323232e+01
1.0416666667e+02,1.0000000000e+00,1.0416666667e+02
1.2500000000e+02,1.0000000000e+00,1.2500000000e+02
1.0416666667e+02,1.0000000000e+00,1.0416666667e+02
7.3232323232e+01,1.0000000000e+00,7.3232323232e+01
6.2770562771e+01,1.0000000000e+00,6.2770562771e+01
5.2308802309e+01,1.0000000000e+00,5.2308802309e+01
4.1847041847e+01,1.0000000000e+00,4.1847041847e+01
3.1385281385e+01,1.0000000000e+00,3.1385281385e+01
3.4539548827e+01,1.0000000000e+00,3.4539548827e+01
3.7406805966e+01,1.0000000000e+00,3.7406805966e+01
3.5769066050e+01,1.0000000000e+00,3.5769066050e+01
3.6400368714e+01,1.0000000000e+00,3.6400368714e+01
4.6060373278e+01,1.0000000000e+00,4.6060373278e+01
6.4691795217e+01,1.0000000000e+00,6.4691795217e+01
8.4479328026e+01,1.0000000000e+00,8.4479328026e+01
9.6212312102e+01,1.0000000000e+00,9.6212312102e+01
9.6462662867e+01,1.0000000000e+00,9.6462662867e+01
8.8935011415e+01,1.0000000000e+00,8.8935011415e+01
8.0425168552e+01,1.0000000000e+00,8.0425168552e+01
7.6775254170e+01,1.0000000000e+00,7.6775254170e+01
8.1736544639e+01,1.0000000000e+00,8.1736544639e+01
9.6465764087e+01,1.0000000000e+00,9.6465764087e+01
1.1821185936e+02,1.0000000000e+00,1.1821185936e+02
1.4095408572e+02,1.0000000000e+00,1.4095408572e+02
1.5902583764e+02,1.0000000000e+00,1.5902583764e+02
1.7062428804e+02,1.0000000000e+00,1.7062428804e+02
1.7856374736e+02,1.0000000000e+00,1.7856374736e+02
1.8766084229e+02,1.0000000000e+00,1.8766084229e+02
2.0017319803e+02,1.0000000000e+00,2.0017319803e+02
2.1339132025e+02,1.0000000000e+00,2.1339132025e+02
2.2208427918e+02,1.0000000000e+00,2.2208427918e+02
2.2306552461e+02,1.0000000000e+00,2.2306552461e+02
2.1722604619e+02,1.0000000000e+00,2.1722604619e+02
2.0798077019e+02,1.0000000000e+00,2.0798077019e+02
1.9897405262e+02,1.0000000000e+00,1.9897405262e+02
1.9342429341e+02,1.0000000000e+00,1.9342429341e+02
1.9345452099e+02,1.0000000000e+00,1.9345452099e+02
1.9754735781e+02,1.0000000000e+00,1.9754735781e+02
1.9963375663e+02,1.0000000000e+00,1.9963375663e+02
1.9340396452e+02,1.0000000000e+00,1.9340396452e+02
1.7804994538e+02,1.0000000000e+00,1.7804994538e+02
1.5956699423e+02,1.0000000000e+00,1.5956699423e+02
1.4709272822e+02,1.0000000000e+00,1.4709272822e+02
1.4715220061e+02,1.0000000000e+00,1.4715220061e+02
1.5937316650e+02,1.0000000000e+00,1.5937316650e+02
1.7721550467e+02,1.0000000000e+00,1.7721550467e+02
1.9286934186e+02,1.0000000000e+00,1.9286934186e+02
2.0079626897e+02,1.0000000000e+00,2.0079626897e+02
1.9767968262e+02,1.0000000000e+00,1.9767968262e+02
1.8208648684e+02,1.0000000000e+00,1.8208648684e+02
1.5594480487e+02,1.0000000000e+00,1.5594480487e+02
1.2636267163e+02,1.0000000000e+00,1.2636267163e+02
1.0575038088e+02,1.0000000000e+00,1.0575038088e+02
1.0745417788e+02,1.0000000000e+00,1.0745417788e+02
1.3554493706e+02,1.0000000000e+00,1.3554493706e+02
1.7678873141e+02,1.0000000000e+00,1.7678873141e+02
2.2291795622e+02,1.0000000000e+00,2.1002019885e+02
2.1523200647e+02,1.0000000000e+00,2.0955787566e+02
1.5671994396e+02,1.0000000000e+00,1.7877254656e+02
1.5161938019e+02,1.0000000000e+00,1.5603851811e+02
1.7742125520e+02,1.0000000000e+00,1.5523409939e+02
1.7505143837e+02,1.0000000000e+00,1.6931974773e+02
1.7119127654e+02,1.0000000000e+00,1.9292950004e+02
2.0528426931e+02,1.0000000000e+00,2.1893246815e+02
2.4727769268e+02,1.0000000000e+00,2.3352893321e+02
2.4573842436e+02,1.0000000000e+00,2.2845371476e+02
2.1013427501e+02,1.0000000000e+00,2.1282775161e+02
1.8669835328e+02,1.0000000000e+00,2.0249598857e+02
2.0639242898e+02,1.0000000000e+00,2.0629045323e+02
2.2940811705e+02,1.0000000000e+00,2.1490290449e+02
2.1182365758e+02,1.0000000000e+00,2.1637435529e+02
2.0997745341e+02,1.0000000000e+00,2.1928884875e+02
2.3151132993e+02,1.0000000000e+00,2.2393997787e+02
2.2346133826e+02,1.0000000000e+00,2.1994332057e+02
2.0588586063e+02,1.0000000000e+00,2.1300639745e+02
2.0956895088e+02,1.0000000000e+00,2.1187772064e+02
2.2105239905e+02,1.0000000000e+00,2.1550556976e+02
2.2387153889e+02,1.0000000000e+00,2.2005481932e+02
2.2501054907e+02,1.0000000000e+00,2.2517051091e+02
2.2996355617e+02,1.0000000000e+00,2.3053520373e+02
2.3398322431e+02,1.0000000000e+00,2.3408529443e+02
2.3318185240e+02,1.0000000000e+00,2.3318185240e+02
2.2479418365e+02,1.0000000000e+00,2.2479418365e+02
2.0810873979e+02,1.0000000000e+00,2.0810873979e+02
1.8826766406e+02,1.0000000000e+00,1.8826766406e+02
1.7558339935e+02,1.0000000000e+00,1.7558339935e+02
1.7804185721e+02,1.0000000000e+00,1.7804185721e+02
1.9397337746e+02,1.0000000000e+00,1.9397337746e+02
2.1361497702e+02,1.0000000000e+00,2.1361497702e+02
2.2761262701e+02,1.0000000000e+00,2.2761262701e+02
2.3293498309e+02,1.0000000000e+00,2.3293498309e+02
2.3145981934e+02,1.0000000000e+00,2.3193614083e+02
2.2562351871e+02,1.0000000000e+00,2.2827937663e+02
2.2869873628e+02,1.0000000000e+00,2.2669999023e+02
2.5277964324e+02,1.0000000000e+00,2.3023223334e+02
2.4785004416e+02,1.0000000000e+00,2.2876836207e+02
1.9772844421e+02,1.0000000000e+00,2.1891509815e+02
1.8224935736e+02,1.0000000000e+00,2.1649071092e+02
2.4029838357e+02,1.0000000000e+00,2.2896251849e+02
2.7189522276e+02,1.0000000000e+00,2.3595756329e+02
2.0781325682e+02,1.0000000000e+00,2.2344193561e+02
1.9419443198e+02,1.0000000000e+00,2.2071890744e+02
2.5595366489e+02,1.0000000000e+00,2.3297652550e+02
2.3564892703e+02,1.0000000000e+00,2.2889393303e+02
2.0602794052e+02,1.0000000000e+00,2.2304811098e+02
2.3088172059e+02,1.0000000000e+00,2.2805694469e+02
2.3978594713e+02,1.0000000000e+00,2.2956975975e+02
2.2201136669e+02,1.0000000000e+00,2.2517376757e+02
2.1030445715e+02,1.0000000000e+00,2.2138269108e+02
2.2070144034e+02,1.0000000000e+00,2.2184450664e+02
2.3076585936e+02,1.0000000000e+00,2.2289808359e+02
2.2610507286e+02,1.0000000000e+00,2.2228645685e+02
2.2304538167e+02,1.0000000000e+00,2.2313268591e+02
2.2513272616e+02,1.0000000000e+00,2.2531810718e+02
2.2679770612e+02,1.0000000000e+00,2.2679770612e+02
2.2688574061e+02,1.0000000000e+00,2.2688574061e+02
2.2603283853e+02,1.0000000000e+00,2.2603283853e+02
2.2554138583e+02,1.0000000000e+00,2.2554138583e+02
2.2697161618e+02,1.0000000000e+00,2.2697161618e+02
2.3085524472e+02,1.0000000000e+00,2.3085524472e+02
2.3511667830e+02,1.0000000000e+00,2.3511667830e+02
2.3444103553e+02,1.0000000000e+00,2.3444103553e+02
2.2237422116e+02,1.0000000000e+00,2.2237422116e+02
1.9669588713e+02,1.0000000000e+00,1.9669588713e+02
1.6478653340e+02,1.0000000000e+00,1.6478653340e+02
1.4230413726e+02,1.0000000000e+00,1.4230413726e+02
1.4254400927e+02,1.0000000000e+00,1.4254400927e+02
1.6520062766e+02,1.0000000000e+00,1.6520062766e+02
1.9678532322e+02,1.0000000000e+00,1.9678532322e+02
2.2223281200e+02,1.0000000000e+00,2.2223281200e+02
2.3503397930e+02,1.0000000000e+00,2.3503397930e+02
2.3756222783e+02,1.0000000000e+00,2.3756222783e+02
2.3487808460e+02,1.0000000000e+00,2.3487808460e+02
2.2943047284e+02,1.0000000000e+00,2.2943047284e+02
2.2061770171e+02,1.0000000000e+00,2.2061770171e+02
2.0845657507e+02,1.0000000000e+00,2.0845657507e+02
1.9714724242e+02,1.0000000000e+00,1.9714724242e+02
1.9348546815e+02,1.0000000000e+00,1.9348546815e+02
2.0022330939e+02,1.0000000000e+00,2.0022330939e+02
2.1207649648e+02,1.0000000000e+00,2.1207649648e+02
2.2010770665e+02,1.0000000000e+00,2.2010770665e+02
2.1976713420e+02,1.0000000000e+00,2.1976713420e+02
2.1424570234e+02,1.0000000000e+00,2.1424570234e+02
2.1063457346e+02,1.0000000000e+00,2.1063457346e+02
2.1283076374e+02,1.0000000000e+00,2.1283076374e+02
2.1784747090e+02,1.0000000000e+00,2.1784747090e+02
2.1880122009e+02,1.0000000000e+00,2.1880122009e+02
2.1060528561e+02,1.0000000000e+00,2.1060528561e+02
1.9244088942e+02,1.0000000000e+00,1.9244088942e+02
1.6680264768e+02,1.0000000000e+00,1.6680264768e+02
1.3890420843e+02,1.0000000000e+00,1.3890420843e+02
1.1588623419e+02,1.0000000000e+00,1.1588623419e+02
1.0235240154e+02,1.0000000000e+00,1.0235240154e+02
9.6190866965e+01,1.0000000000e+00,9.6190866965e+01
9.2353163239e+01,1.0000000000e+00,9.2353163239e+01
9.1101809896e+01,1.0000000000e+00,9.1101809896e+01
9.8926734699e+01,1.0000000000e+00,9.8926734699e+01
1.2076975252e+02,1.0000000000e+00,1.2038445626e+02
1.5121365424e+02,1.0000000000e+00,1.5133648446e+02
1.7163290222e+02,1.0000000000e+00,1.8081687825e+02
1.8881229445e+02,1.0000000000e+00,2.0415882913e+02
2.3239463216e+02,1.0000000000e+00,2.2500421709e+02
2.6032788448e+02,1.0000000000e+00,2.3599361726e+02
2.3764410700e+02,1.0000000000e+00,2.3296984474e+02
2.0539692854e+02,1.0000000000e+00,2.2659615326e+02
2.2298872897e+02,1.0000000000e+00,2.2908236944e+02
2.5846868789e+02,1.0000000000e+00,2.3237055933e+02
2.1544861676e+02,1.0000000000e+00,2.1574666134e+02
1.6808755583e+02,1.0000000000e+00,1.9565196214e+02
1.9922279933e+02,1.0000000000e+00,1.9384024572e+02
2.2616534395e+02,1.0000000000e+00,1.9918983884e+02
2.0099353848e+02,1.0000000000e+00,2.0330631133e+02
1.8688276903e+02,1.0000000000e+00,2.1471711257e+02
2.2671073795e+02,1.0000000000e+00,2.3501470933e+02
2.6701273834e+02,1.0000000000e+00,2.4611825187e+02
2.4565690712e+02,1.0000000000e+00,2.2959033647e+02
1.7347397856e+02,1.0000000000e+00,1.8631826985e+02
1.1588476808e+02,1.0000000000e+00,1.3708096313e+02
1.0967775412e+02,1.0000000000e+00,1.0543729130e+02
1.2394395256e+02,1.0000000000e+00,1.0105280861e+02
1.2202490227e+02,1.0000000000e+00,1.2050884203e+02
1.3371193264e+02,1.0000000000e+00,1.5856179441e+02
2.0185088525e+02,1.0000000000e+00,2.0637512170e+02
2.6067500953e+02,1.0000000000e+00,2.3935537707e+02
2.4948044070e+02,1.0000000000e+00,2.4429134507e+02
2.1776560836e+02,1.0000000000e+00,2.3576086412e+02
2.1886823701e+02,1.0000000000e+00,2.2841707359e+02
2.4322191616e+02,1.0000000000e+00,2.2166271886e+02
2.1920730536e+02,1.0000000000e+00,2.0265593055e+02
1.6197265042e+02,1.0000000000e+00,1.7924477453e+02
1.5156558263e+02,1.0000000000e+00,1.7416811072e+02
1.9968972689e+02,1.0000000000e+00,1.9273419903e+02
2.4580786360e+02,1.0000000000e+00,2.1827708472e+02
2.4143029510e+02,1.0000000000e+00,2.3127745143e+02
2.0451643088e+02,1.0000000000e+00,2.2565449178e+02
1.7405090077e+02,1.0000000000e+00,2.0369164105e+02
1.6672071814e+02,1.0000000000e+00,1.6915876629e+02
1.4354062680e+02,1.0000000000e+00,1.2153172999e+02
8.3185546544e+01,1.0000000000e+00,7.0292126519e+01
5.0085770351e+01,1.0000000000e+00,4.4094033279e+01
5.3923258807e+01,1.0000000000e+00,5.3923258807e+01
9.5766662482e+01,1.0000000000e+00,9.5766662482e+01
1.4938996144e+02,1.0000000000e+00,1.4938996144e+02
1.9500766220e+02,1.0000000000e+00,1.9500766220e+02
2.2245755314e+02,1.0000000000e+00,2.2245755314e+02
2.3266845323e+02,1.0000000000e+00,2.3266845323e+02
2.3243327779e+02,1.0000000000e+00,2.3243327779e+02
2.2875649341e+02,1.0000000000e+00,2.2875649341e+02
2.2589278713e+02,1.0000000000e+00,2.2589278713e+02
2.2509977101e+02,1.0000000000e+00,2.2509977101e+02
2.2589163353e+02,1.0000000000e+00,2.2589163353e+02
2.2733235700e+02,1.0000000000e+00,2.2733235700e+02
2.2857396888e+02,1.0000000000e+00,2.2857396888e+02
2.2878305103e+02,1.0000000000e+00,2.2878305103e+02
2.2709490247e+02,1.0000000000e+00,2.2709490247e+02
2.2308681029e+02,1.0000000000e+00,2.2308681029e+02
2.1748692719e+02,1.0000000000e+00,2.1748692719e+02
2.1209889748e+02,1.0000000000e+00,2.1209889748e+02
2.0860041285e+02,1.0000000000e+00,2.0860041285e+02
2.0735922122e+02,1.0000000000e+00,2.0735922122e+02
2.0719183642e+02,1.0000000000e+00,2.0719183642e+02
2.0583338348e+02,1.0000000000e+00,2.0583338348e+02
2.0084323974e+02,1.0000000000e+00,2.0084323974e+02
1.9053182628e+02,1.0000000000e+00,1.9053182628e+02
1.7440342845e+02,1.0000000000e+00,1.7440342845e+02
1.5376393788e+02,1.0000000000e+00,1.5376393788e+02
1.3285813051e+02,1.0000000000e+00,1.3285813051e+02
1.1814867592e+02,1.0000000000e+00,1.1814867592e+02
1.1344126420e+02,1.0000000000e+00,1.1344126420e+02
1.1477010102e+02,1.0000000000e+00,1.1477010102e+02
1.1259057171e+02,1.0000000000e+00,1.1259057171e+02
1.0050143805e+02,1.0000000000e+00,1.0050143805e+02
8.0671427393e+01,1.0000000000e+00,8.0671427393e+01
6.1594632280e+01,1.0000000000e+00,6.1594632280e+01
5.3073997686e+01,1.0000000000e+00,5.3073997686e+01
6.2090613681e+01,1.0000000000e+00,6.2090613681e+01
8.9591787802e+01,1.0000000000e+00,8.9591787802e+01
1.2952435487e+02,1.0000000000e+00,1.2952435487e+02
1.7150439690e+02,1.0000000000e+00,1.7150439690e+02
2.0569694306e+02,1.0000000000e+00,2.0569694306e+02
2.2696856849e+02,1.0000000000e+00,2.2696856849e+02
2.3588839187e+02,1.0000000000e+00,2.3588839187e+02
2.3611545187e+02,1.0000000000e+00,2.3611545187e+02
2.3068305339e+02,1.0000000000e+00,2.3068305339e+02
2.2081888581e+02,1.0000000000e+00,2.2081888581e+02
2.0830643779e+02,1.0000000000e+00,2.0830643779e+02
1.9809854056e+02,1.0000000000e+00,1.9809854056e+02
1.9621375235e+02,1.0000000000e+00,1.9621375235e+02
2.0312092457e+02,1.0000000000e+00,2.0312092457e+02
2.1075140233e+02,1.0000000000e+00,2.1075140233e+02
2.0908276270e+02,1.0000000000e+00,2.0908276270e+02
1.9634757618e+02,1.0000000000e+00,1.9634757618e+02
1.8173200363e+02,1.0000000000e+00,1.8173200363e+02
1.7718223056e+02,1.0000000000e+00,1.7718223056e+02
1.8662215432e+02,1.0000000000e+00,1.8662215432e+02
2.0394140017e+02,1.0000000000e+00,2.0394140017e+02
2.2035917080e+02,1.0000000000e+00,2.2035917080e+02
2.3075389582e+02,1.0000000000e+00,2.3075389582e+02
2.3275632583e+02,1.0000000000e+00,2.3275632583e+02
2.2371059644e+02,1.0000000000e+00,2.2371059644e+02
2.0232347693e+02,1.0000000000e+00,2.0232347693e+02
1.7353337796e+02,1.0000000000e+00,1.7353337796e+02
1.4871547848e+02,1.0000000000e+00,1.4871547848e+02
1.3814846769e+02,1.0000000000e+00,1.3814846769e+02
1.4327196494e+02,1.0000000000e+00,1.4327196494e+02
1.5736666947e+02,1.0000000000e+00,1.5736666947e+02
1.7347083910e+02,1.0000000000e+00,1.7347083910e+02
1.9003550986e+02,1.0000000000e+00,1.9003550986e+02
2.0753055067e+02,1.0000000000e+00,2.0753055067e+02
2.2155934637e+02,1.0000000000e+00,2.2155934637e+02
2.2321179453e+02,1.0000000000e+00,2.2321179453e+02
2.0722421386e+02,1.0000000000e+00,2.0722421386e+02
1.7924926875e+02,1.0000000000e+00,1.7924926875e+02
1.5450637371e+02,1.0000000000e+00,1.5450637371e+02
1.4712884262e+02,1.0000000000e+00,1.4712884262e+02
1.5964173039e+02,1.0000000000e+00,1.5964173039e+02
1.8351626589e+02,1.0000000000e+00,1.8351626589e+02
2.0819528538e+02,1.0000000000e+00,2.0819528538e+02
2.2657166905e+02,1.0000000000e+00,2.2657166905e+02
2.3306503091e+02,1.0000000000e+00,2.3306503091e+02
2.2166815242e+02,1.0000000000e+00,2.2166815242e+02
1.9067297370e+02,1.0000000000e+00,1.9067297370e+02
1.5062893797e+02,1.0000000000e+00,1.5062893797e+02
1.2369741670e+02,1.0000000000e+00,1.2369741670e+02
1.2834109336e+02,1.0000000000e+00,1.2834109336e+02
1.6215318319e+02,1.0000000000e+00,1.6215318319e+02
2.0233108057e+02,1.0000000000e+00,2.0233108057e+02
2.2377221601e+02,1.0000000000e+00,2.2377221601e+02
2.1644768882e+02,1.0000000000e+00,2.1644768882e+02
1.8961392392e+02,1.0000000000e+00,1.8961392392e+02
1.6389402231e+02,1.0000000000e+00,1.6389402231e+02
1.5706334711e+02,1.0000000000e+00,1.5706334711e+02
1.7215859666e+02,1.0000000000e+00,1.7215859666e+02
1.9764551737e+02,1.0000000000e+00,1.9764551737e+02
2.1920826053e+02,1.0000000000e+00,2.1920826053e+02
2.3039286974e+02,1.0000000000e+00,2.3039286974e+02
2.3296973492e+02,1.0000000000e+00,2.3296973492e+02
2.3092080640e+02,1.0000000000e+00,2.3092080640e+02
2.2612406337e+02,1.0000000000e+00,2.2612406337e+02
2.1858824512e+02,1.0000000000e+00,2.1858824512e+02
2.0897345606e+02,1.0000000000e+00,2.0897345606e+02
1.9950845434e+02,1.0000000000e+00,1.9950845434e+02
1.9149312592e+02,1.0000000000e+00,1.9149312592e+02
1.8282308764e+02,1.0000000000e+00,1.8282308764e+02
1.7048676094e+02,1.0000000000e+00,1.7048676094e+02
1.5556220812e+02,1.0000000000e+00,1.5556220812e+02
1.4276704170e+02,1.0000000000e+00,1.4276704170e+02
1.3434848880e+02,1.0000000000e+00,1.3434848880e+02
1.2745823871e+02,1.0000000000e+00,1.2745823871e+02
1.1912384447e+02,1.0000000000e+00,1.1912384447e+02
1.1119555214e+02,1.0000000000e+00,1.1119555214e+02
1.0733583438e+02,1.0000000000e+00,1.0733583438e+02
1.0596967328e+02,1.0000000000e+00,1.0596967328e+02
1.0000184923e+02,1.0000000000e+00,1.0000184923e+02
8.4768787433e+01,1.0000000000e+00,8.4768787433e+01
6.3552774513e+01,1.0000000000e+00,6.3552774513e+01
4.3911610895e+01,1.0000000000e+00,4.3911610895e+01
3.7638523625e+01,1.0000000000e+00,3.7638523625e+01
3.1365436354e+01,1.0000000000e+00,3.1365436354e+01
2.5092349083e+01,1.0000000000e+00,2.5092349083e+01
1.8819261812e+01,1.0000000000e+00,1.8819261812e+01
1.2546174542e+01,1.0000000000e+00,1.2546174542e+01
6.2730872708e+00,1.0000000000e+00,6.2730872708e+00
0.0000000000e+00,1.0000000000e+00,0.0000000000e+00
1.0308406490e+01,1.0000000000e+00,1.0308406490e+01
2.0616812981e+01,1.0000000000e+00,2.0616812981e+01
3.0925219471e+01,1.0000000000e+00,3.0925219471e+01
3.8960384172e+01,1.0000000000e+00,3.8960384172e+01
4.2169203521e+01,1.0000000000e+00,4.2169203521e+01
3.9121861802e+01,1.0000000000e+00,3.9121861802e+01
3.5029098796e+01,1.0000000000e+00,3.5029098796e+01
4.0587018362e+01,1.0000000000e+00,4.0587018362e+01
6.4808999878e+01,1.0000000000e+00,6.4808999878e+01
1.0678509946e+02,1.0000000000e+00,1.0678509946e+02
1.5481228203e+02,1.0000000000e+00,1.5481228203e+02
1.9495190580e+02,1.0000000000e+00,1.9495190580e+02
2.2031484817e+02,1.0000000000e+00,2.2031484817e+02
2.3252410617e+02,1.0000000000e+00,2.3252410617e+02
2.3663010767e+02,1.0000000000e+00,2.3663010767e+02
2.3556842880e+02,1.0000000000e+00,2.3556842880e+02
2.2807301766e+02,1.0000000000e+00,2.2807301766e+02
2.1120605102e+02,1.0000000000e+00,2.1120605102e+02
1.8580574991e+02,1.0000000000e+00,1.8580574991e+02
1.6005893860e+02,1.0000000000e+00,1.6005893860e+02
1.4654155924e+02,1.0000000000e+00,1.4654155924e+02
1.5334799216e+02,1.0000000000e+00,1.5334799216e+02
1.7692081527e+02,1.0000000000e+00,1.7692081527e+02
2.0457902436e+02,1.0000000000e+00,2.0457902436e+02
2.2480492426e+02,1.0000000000e+00,2.2480492426e+02
2.3457740560e+02,1.0000000000e+00,2.3457740560e+02
2.3750999065e+02,1.0000000000e+00,2.3750999065e+02
2.3684019695e+02,1.0000000000e+00,2.3684019695e+02
2.3073060852e+02,1.0000000000e+00,2.3073060852e+02
2.1409496274e+02,1.0000000000e+00,2.1409496274e+02
1.8592199709e+02,1.0000000000e+00,1.8592199709e+02
1.5549405447e+02,1.0000000000e+00,1.5549405447e+02
1.3914662345e+02,1.0000000000e+00,1.3914662345e+02
1.4736430224e+02,1.0000000000e+00,1.4736430224e+02
1.7470044022e+02,1.0000000000e+00,1.7470044022e+02
2.0429591518e+02,1.0000000000e+00,2.0429591518e+02
2.2207044519e+02,1.0000000000e+00,2.2207044519e+02
2.2543414325e+02,1.0000000000e+00,2.2543414325e+02
2.1993539626e+02,1.0000000000e+00,2.1993539626e+02
2.1079394981e+02,1.0000000000e+00,2.1079394981e+02
1.9966204071e+02,1.0000000000e+00,1.9966204071e+02
1.8851160637e+02,1.0000000000e+00,1.8851160637e+02
1.8251341588e+02,1.0000000000e+00,1.8251341588e+02
1.8625646814e+02,1.0000000000e+00,1.8625646814e+02
1.9900697294e+02,1.0000000000e+00,1.9900697294e+02
2.1568777435e+02,1.0000000000e+00,2.1568777435e+02
2.4874208210e+02,1.0000000000e+00,2.3422748666e+02
2.3861511754e+02,1.0000000000e+00,2.3834191170e+02
2.0047461810e+02,1.0000000000e+00,2.2587038601e+02
1.9117679847e+02,1.0000000000e+00,2.0334040406e+02
1.8334885086e+02,1.0000000000e+00,1.6593826813e+02
1.4047924752e+02,1.0000000000e+00,1.1746003650e+02
8.3778096606e+01,1.0000000000e+00,8.0602608079e+01
5.8065723370e+01,1.0000000000e+00,7.7914143525e+01
9.7444622713e+01,1.0000000000e+00,1.1388597712e+02
1.8565868827e+02,1.0000000000e+00,1.6849826584e+02
2.3518443886e+02,1.0000000000e+00,2.0588941029e+02
1.9873019292e+02,1.0000000000e+00,2.0827786626e+02
1.6048206332e+02,1.0000000000e+00,1.9538519382e+02
1.8136343138e+02,1.0000000000e+00,1.8767738857e+02
2.0962318269e+02,1.0000000000e+00,1.8356231266e+02
1.9617000659e+02,1.0000000000e+00,1.7999973827e+02
1.8640376672e+02,1.0000000000e+00,1.8849579021e+02
2.0773697141e+02,1.0000000000e+00,2.1058896244e+02
2.3018667457e+02,1.0000000000e+00,2.3059222983e+02
2.3271276508e+02,1.0000000000e+00,2.3271276508e+02
2.0810370664e+02,1.0000000000e+00,2.0810370664e+02
1.6106620911e+02,1.0000000000e+00,1.6106620911e+02
1.1217926858e+02,1.0000000000e+00,1.1217926858e+02
8.8395028549e+01,1.0000000000e+00,8.8395028549e+01
1.0321339036e+02,1.0000000000e+00,1.0321339036e+02
1.4493983941e+02,1.0000000000e+00,1.4493983941e+02
1.8672888312e+02,1.0000000000e+00,1.8672888312e+02
2.0870024913e+02,1.0000000000e+00,2.0870024913e+02
2.0970374998e+02,1.0000000000e+00,2.0970374998e+02
2.0061767255e+02,1.0000000000e+00,2.0061767255e+02
1.9127580553e+02,1.0000000000e+00,1.9127580553e+02
1.8459329945e+02,1.0000000000e+00,1.8459329945e+02
1.7891013421e+02,1.0000000000e+00,1.7891013421e+02
1.7246972119e+02,1.0000000000e+00,1.7246972119e+02
1.6621805112e+02,1.0000000000e+00,1.6621805112e+02
1.6324058373e+02,1.0000000000e+00,1.6324058373e+02
1.6519347951e+02,1.0000000000e+00,1.6519347951e+02
1.7087927180e+02,1.0000000000e+00,1.7087927180e+02
1.7941216973e+02,1.0000000000e+00,1.7941216973e+02
1.9127640777e+02,1.0000000000e+00,1.9127640777e+02
2.0374326468e+02,1.0000000000e+00,2.0374326468e+02
2.0854674838e+02,1.0000000000e+00,2.0854674838e+02
1.9788722670e+02,1.0000000000e+00,1.9788722670e+02
1.7303808530e+02,1.0000000000e+00,1.7303808530e+02
1.4562514283e+02,1.0000000000e+00,1.4562514283e+02
1.2821545741e+02,1.0000000000e+00,1.2821545741e+02
1.2224512271e+02,1.0000000000e+00,1.2224512271e+02
1.1688535931e+02,1.0000000000e+00,1.1688535931e+02
1.0131615990e+02,1.0000000000e+00,1.0131615990e+02
7.6265308019e+01,1.0000000000e+00,7.6265308019e+01
5.2631504878e+01,1.0000000000e+00,5.2631504878e+01
4.1344920211e+01,1.0000000000e+00,4.1344920211e+01
4.4927328109e+01,1.0000000000e+00,4.4927328109e+01
5.5755279297e+01,1.0000000000e+00,5.5755279297e+01
6.1594443230e+01,1.0000000000e+00,6.1594443230e+01
5.5166858844e+01,1.0000000000e+00,5.5166858844e+01
4.0350483589e+01,1.0000000000e+00,4.0350483589e+01
2.9909326151e+01,1.0000000000e+00,2.9909326151e+01
3.6990096380e+01,1.0000000000e+00,3.6990096380e+01
6.6695485333e+01,1.0000000000e+00,6.6695485333e+01
1.1283885972e+02,1.0000000000e+00,1.1283885972e+02
1.6127143189e+02,1.0000000000e+00,1.6127143189e+02
1.9709017524e+02,1.0000000000e+00,1.9709017524e+02
2.1118232643e+02,1.0000000000e+00,2.1118232643e+02
2.0333864025e+02,1.0000000000e+00,2.0333864025e+02
1.8135390664e+02,1.0000000000e+00,1.8135390664e+02
1.5630547996e+02,1.0000000000e+00,1.5630547996e+02
1.3675710145e+02,1.0000000000e+00,1.3675710145e+02
1.2679268367e+02,1.0000000000e+00,1.2679268367e+02
1.2796232329e+02,1.0000000000e+00,1.2796232329e+02
1.3974638772e+02,1.0000000000e+00,1.3974638772e+02
1.5795950608e+02,1.0000000000e+00,1.5795950608e+02
1.7631661501e+02,1.0000000000e+00,1.7631661501e+02
1.9087963657e+02,1.0000000000e+00,1.9087963657e+02
2.0148274249e+02,1.0000000000e+00,2.0148274249e+02
2.0876348274e+02,1.0000000000e+00,2.0876348274e+02
2.1099331380e+02,1.0000000000e+00,2.1099331380e+02
2.0473443354e+02,1.0000000000e+00,2.0473443354e+02
1.8973743869e+02,1.0000000000e+00,1.8973743869e+02
1.7319167655e+02,1.0000000000e+00,1.7319167655e+02
1.6650308452e+02,1.0000000000e+00,1.6650308452e+02
1.7563605385e+02,1.0000000000e+00,1.7563605385e+02
1.9573026286e+02,1.0000000000e+00,1.9573026286e+02
2.1641015497e+02,1.0000000000e+00,2.1641015497e+02
2.3076802114e+02,1.0000000000e+00,2.3076802114e+02
2.3809408941e+02,1.0000000000e+00,2.3809408941e+02
2.3967002331e+02,1.0000000000e+00,2.3967002331e+02
2.3401285228e+02,1.0000000000e+00,2.3401285228e+02
2.1705934520e+02,1.0000000000e+00,2.1705934520e+02
1.8769362085e+02,1.0000000000e+00,1.8769362085e+02
1.5328246129e+02,1.0000000000e+00,1.5328246129e+02
1.2787369208e+02,1.0000000000e+00,1.2787369208e+02
1.2216583762e+02,1.0000000000e+00,1.2216583762e+02
1.3433482650e+02,1.0000000000e+00,1.3433482650e+02
1.5156807805e+02,1.0000000000e+00,1.5156807805e+02
1.6156706742e+02,1.0000000000e+00,1.6156706742e+02
1.6291842063e+02,1.0000000000e+00,1.6291842063e+02
1.6388678230e+02,1.0000000000e+00,1.6388678230e+02
1.7185299285e+02,1.0000000000e+00,1.7185299285e+02
1.8649656244e+02,1.0000000000e+00,1.8649656244e+02
2.0290418917e+02,1.0000000000e+00,2.0290418917e+02
2.1694169178e+02,1.0000000000e+00,2.1694169178e+02
2.2628620177e+02,1.0000000000e+00,2.2628620177e+02
2.2956113681e+02,1.0000000000e+00,2.2956113681e+02
2.2660610978e+02,1.0000000000e+00,2.2660610978e+02
2.1933294466e+02,1.0000000000e+00,2.1933294466e+02
2.1186338386e+02,1.0000000000e+00,2.1186338386e+02
2.0874591312e+02,1.0000000000e+00,2.0874591312e+02
2.1161631555e+02,1.0000000000e+00,2.1161631555e+02
2.1774296384e+02,1.0000000000e+00,2.1774296384e+02
2.2272341631e+02,1.0000000000e+00,2.2272341631e+02
2.2438987126e+02,1.0000000000e+00,2.2438987126e+02
2.2379279931e+02,1.0000000000e+00,2.2379279931e+02
2.2321607834e+02,1.0000000000e+00,2.2321607834e+02
2.2409784799e+02,1.0000000000e+00,2.2409784799e+02
2.2655181786e+02,1.0000000000e+00,2.2655181786e+02
2.2971432729e+02,1.0000000000e+00,2.2971432729e+02
2.3175735823e+02,1.0000000000e+00,2.3175735823e+02
2.2992172292e+02,1.0000000000e+00,2.2992172292e+02
2.2180208483e+02,1.0000000000e+00,2.2180208483e+02
2.0805727525e+02,1.0000000000e+00,2.0805727525e+02
1.9425888702e+02,1.0000000000e+00,1.9425888702e+02
1.8850569463e+02,1.0000000000e+00,1.8850569463e+02
1.9535756151e+02,1.0000000000e+00,1.9535756151e+02
2.1191183801e+02,1.0000000000e+00,2.1191183801e+02
2.2955176669e+02,1.0000000000e+00,2.2955176669e+02
2.3817266499e+02,1.0000000000e+00,2.3817266499e+02
2.2963772500e+02,1.0000000000e+00,2.2963772500e+02
2.0164401352e+02,1.0000000000e+00,2.0164401352e+02
1.6204006662e+02,1.0000000000e+00,1.6204006662e+02
1.2821097307e+02,1.0000000000e+00,1.2821097307e+02
1.1759824019e+02,1.0000000000e+00,1.1759824019e+02
1.3553035677e+02,1.0000000000e+00,1.3553035677e+02
1.7151943401e+02,1.0000000000e+00,1.7151943401e+02
2.0745168848e+02,1.0000000000e+00,2.0745168848e+02
2.3005867109e+02,1.0000000000e+00,2.3005867109e+02
2.3718142860e+02,1.0000000000e+00,2.3718142860e+02
2.3470747410e+02,1.0000000000e+00,2.3470747410e+02
2.2970555440e+02,1.0000000000e+00,2.2970555440e+02
2.2602905815e+02,1.0000000000e+00,2.2602905815e+02
2.2400743672e+02,1.0000000000e+00,2.2400743672e+02
2.2247167784e+02,1.0000000000e+00,2.2247167784e+02
2.2064858718e+02,1.0000000000e+00,2.2064858718e+02
2.1829707563e+02,1.0000000000e+00,2.1829707563e+02
2.1454215856e+02,1.0000000000e+00,2.1454215856e+02
2.0760868747e+02,1.0000000000e+00,2.0760868747e+02
1.9618812299e+02,1.0000000000e+00,1.9618812299e+02
1.8054832367e+02,1.0000000000e+00,1.8054832367e+02
1.6262265545e+02,1.0000000000e+00,1.6262265545e+02
1.4616362662e+02,1.0000000000e+00,1.4616362662e+02
1.3599288705e+02,1.0000000000e+00,1.3599288705e+02
1.3486529485e+02,1.0000000000e+00,1.3486529485e+02
1.4091177986e+02,1.0000000000e+00,1.4091177986e+02
1.4982568151e+02,1.0000000000e+00,1.4982568151e+02
1.5979676535e+02,1.0000000000e+00,1.5979676535e+02
1.7277217696e+02,1.0000000000e+00,1.7277217696e+02
1.9035245641e+02,1.0000000000e+00,1.9035245641e+02
2.0991380778e+02,1.0000000000e+00,2.0991380778e+02
2.2562968544e+02,1.0000000000e+00,2.2562968544e+02
2.3222217024e+02,1.0000000000e+00,2.3222217024e+02
2.2755062178e+02,1.0000000000e+00,2.2755062178e+02
2.1386854061e+02,1.0000000000e+00,2.1386854061e+02
1.9827671735e+02,1.0000000000e+00,1.9827671735e+02
1.9019537228e+02,1.0000000000e+00,1.9019537228e+02
1.9500738202e+02,1.0000000000e+00,1.9500738202e+02
2.0908657143e+02,1.0000000000e+00,2.0908657143e+02
2.2211207617e+02,1.0000000000e+00,2.2211207617e+02
2.2477796203e+02,1.0000000000e+00,2.2477796203e+02
2.1512035621e+02,1.0000000000e+00,2.1512035621e+02
1.9938478465e+02,1.0000000000e+00,1.9938478465e+02
1.8692034012e+02,1.0000000000e+00,1.8692034012e+02
1.8260275790e+02,1.0000000000e+00,1.8260275790e+02
1.8446037841e+02,1.0000000000e+00,1.8446037841e+02
1.8894878704e+02,1.0000000000e+00,1.8894878704e+02
1.9564775109e+02,1.0000000000e+00,1.9564775109e+02
2.0527182018e+02,1.0000000000e+00,2.0527182018e+02
2.1621454252e+02,1.0000000000e+00,2.1621454252e+02
2.2548095666e+02,1.0000000000e+00,2.2548095666e+02
2.3142514016e+02,1.0000000000e+00,2.3142514016e+02
2.3384111793e+02,1.0000000000e+00,2.3384111793e+02
2.3201717015e+02,1.0000000000e+00,2.3201717015e+02
2.2402906755e+02,1.0000000000e+00,2.2402906755e+02
2.0868662245e+02,1.0000000000e+00,2.0868662245e+02
1.8832859725e+02,1.0000000000e+00,1.8832859725e+02
1.6943892295e+02,1.0000000000e+00,1.6943892295e+02
1.6017766188e+02,1.0000000000e+00,1.6017766188e+02
1.6595109013e+02,1.0000000000e+00,1.6595109013e+02
1.8499723262e+02,1.0000000000e+00,1.8499723262e+02
2.0813366449e+02,1.0000000000e+00,2.0813366449e+02
2.2487661968e+02,1.0000000000e+00,2.2487661968e+02
2.3047139594e+02,1.0000000000e+00,2.3047139594e+02
2.2721416249e+02,1.0000000000e+00,2.2721416249e+02
2.2065983751e+02,1.0000000000e+00,2.2065983751e+02
2.1545963423e+02,1.0000000000e+00,2.1545963423e+02
2.1366043733e+02,1.0000000000e+00,2.1366043733e+02
2.1476930308e+02,1.0000000000e+00,2.1476930308e+02
2.1575552483e+02,1.0000000000e+00,2.1575552483e+02
2.1160267044e+02,1.0000000000e+00,2.1160267044e+02
1.9824569093e+02,1.0000000000e+00,1.9824569093e+02
1.7658384249e+02,1.0000000000e+00,1.7658384249e+02
1.5353551563e+02,1.0000000000e+00,1.5353551563e+02
1.3840729325e+02,1.0000000000e+00,1.3840729325e+02
1.3760084995e+02,1.0000000000e+00,1.3760084995e+02
1.5164180402e+02,1.0000000000e+00,1.5164180402e+02
1.7536646882e+02,1.0000000000e+00,1.7536646882e+02
2.0046521537e+02,1.0000000000e+00,2.0046521537e+02
2.1951418356e+02,1.0000000000e+00,2.1951418356e+02
2.2924058641e+02,1.0000000000e+00,2.2924058641e+02
2.3087559015e+02,1.0000000000e+00,2.3087559015e+02
2.2812725486e+02,1.0000000000e+00,2.2812725486e+02
2.2479329225e+02,1.0000000000e+00,2.2479329225e+02
2.2324310779e+02,1.0000000000e+00,2.2324310779e+02
2.2392081637e+02,1.0000000000e+00,2.2392081637e+02
2.2574100285e+02,1.0000000000e+00,2.2574100285e+02
2.2712315553e+02,1.0000000000e+00,2.2712315553e+02
2.2704152383e+02,1.0000000000e+00,2.2704152383e+02
2.2555702105e+02,1.0000000000e+00,2.2555702105e+02
2.2373738326e+02,1.0000000000e+00,2.2373738326e+02
2.2297027634e+02,1.0000000000e+00,2.2297027634e+02
2.2391162671e+02,1.0000000000e+00,2.2391162671e+02
2.2589847422e+02,1.0000000000e+00,2.2589847422e+02
2.2741399340e+02,1.0000000000e+00,2.2741399340e+02
2.2713511581e+02,1.0000000000e+00,2.2713511581e+02
2.2478970262e+02,1.0000000000e+00,2.2478970262e+02
2.2147707112e+02,1.0000000000e+00,2.2147707112e+02
2.1920780424e+02,1.0000000000e+00,2.1920780424e+02
2.1975157388e+02,1.0000000000e+00,2.1975157388e+02
2.2365780022e+02,1.0000000000e+00,2.2365780022e+02
2.2992716816e+02,1.0000000000e+00,2.2992716816e+02
2.3566892561e+02,1.0000000000e+00,2.3566892561e+02
2.3574552208e+02,1.0000000000e+00,2.3574552208e+02
2.2427815571e+02,1.0000000000e+00,2.2427815571e+02
1.9949052504e+02,1.0000000000e+00,1.9949052504e+02
1.6912266709e+02,1.0000000000e+00,1.6912266709e+02
1.4906955315e+02,1.0000000000e+00,1.4906955315e+02
1.5200072601e+02,1.0000000000e+00,1.5200072601e+02
1.7596733430e+02,1.0000000000e+00,1.7596733430e+02
2.0627136910e+02,1.0000000000e+00,2.0627136910e+02
2.2817798050e+02,1.0000000000e+00,2.2817798050e+02
2.3621749089e+02,1.0000000000e+00,2.3621749089e+02
2.3351980128e+02,1.0000000000e+00,2.3351980128e+02
2.2627750923e+02,1.0000000000e+00,2.2627750923e+02
2.1949216223e+02,1.0000000000e+00,2.1949216223e+02
2.1535812559e+02,1.0000000000e+00,2.1535812559e+02
2.1334451574e+02,1.0000000000e+00,2.1334451574e+02
2.1178736590e+02,1.0000000000e+00,2.1178736590e+02
2.1032147277e+02,1.0000000000e+00,2.1032147277e+02
2.1057343464e+02,1.0000000000e+00,2.1057343464e+02
2.1400209042e+02,1.0000000000e+00,2.1400209042e+02
2.1984834071e+02,1.0000000000e+00,2.1984834071e+02
2.2588916653e+02,1.0000000000e+00,2.2588916653e+02
2.3033061043e+02,1.0000000000e+00,2.3033061043e+02
2.3214000781e+02,1.0000000000e+00,2.3214000781e+02
2.3019678838e+02,1.0000000000e+00,2.3019678838e+02
2.2340407116e+02,1.0000000000e+00,2.2340407116e+02
2.1256125790e+02,1.0000000000e+00,2.1256125790e+02
2.0204558720e+02,1.0000000000e+00,2.0204558720e+02
1.9786795304e+02,1.0000000000e+00,1.9786795304e+02
2.0228123136e+02,1.0000000000e+00,2.0228123136e+02
2.1111904249e+02,1.0000000000e+00,2.1111904249e+02
2.1803450949e+02,1.0000000000e+00,2.1803450949e+02
2.2073892553e+02,1.0000000000e+00,2.2073892553e+02
2.2201772517e+02,1.0000000000e+00,2.2201772517e+02
2.2523121250e+02,1.0000000000e+00,2.2523121250e+02
2.2965904635e+02,1.0000000000e+00,2.2965904635e+02
2.2998879802e+02,1.0000000000e+00,2.2998879802e+02
2.2009711921e+02,1.0000000000e+00,2.2009711921e+02
1.9865150348e+02,1.0000000000e+00,1.9865150348e+02
1.7239684944e+02,1.0000000000e+00,1.7239684944e+02
1.5201579600e+02,1.0000000000e+00,1.5201579600e+02
1.4189853109e+02,1.0000000000e+00,1.4189853109e+02
1.3570647536e+02,1.0000000000e+00,1.3570647536e+02
1.2460530765e+02,1.0000000000e+00,1.2460530765e+02
1.0753768982e+02,1.0000000000e+00,1.0753768982e+02
9.1371210853e+01,1.0000000000e+00,9.1371210853e+01
8.3308931505e+01,1.0000000000e+00,8.3308931505e+01
8.4384966612e+01,1.0000000000e+00,8.4384966612e+01
8.8445490118e+01,1.0000000000e+00,8.8445490118e+01
8.6829696409e+01,1.0000000000e+00,8.6829696409e+01
7.5921409347e+01,1.0000000000e+00,7.5921409347e+01
6.1586146733e+01,1.0000000000e+00,6.1586146733e+01
5.6139627836e+01,1.0000000000e+00,5.6139627836e+01
7.0279473123e+01,1.0000000000e+00,7.0279473123e+01
1.0613471144e+02,1.0000000000e+00,1.0613471144e+02
1.5510931059e+02,1.0000000000e+00,1.5510931059e+02
2.0105823113e+02,1.0000000000e+00,2.0105823113e+02
2.2763983625e+02,1.0000000000e+00,2.2763983625e+02
2.2655455224e+02,1.0000000000e+00,2.2655455224e+02
2.0266280999e+02,1.0000000000e+00,2.0266280999e+02
1.7309514392e+02,1.0000000000e+00,1.7309514392e+02
1.5819100245e+02,1.0000000000e+00,1.5819100245e+02
1.6762757739e+02,1.0000000000e+00,1.6762757739e+02
1.9412999613e+02,1.0000000000e+00,1.9412999613e+02
2.2173201523e+02,1.0000000000e+00,2.2173201523e+02
2.3827564591e+02,1.0000000000e+00,2.3827564591e+02
2.3972400494e+02,1.0000000000e+00,2.3972400494e+02
2.2748870190e+02,1.0000000000e+00,2.2748870190e+02
2.0642352218e+02,1.0000000000e+00,2.0642352218e+02
1.8520695634e+02,1.0000000000e+00,1.8520695634e+02
1.7424332950e+02,1.0000000000e+00,1.7424332950e+02
1.7909607276e+02,1.0000000000e+00,1.7909607276e+02
1.9612715882e+02,1.0000000000e+00,1.9612715882e+02
2.1600796924e+02,1.0000000000e+00,2.1600796924e+02
2.3048173505e+02,1.0000000000e+00,2.3048173505e+02
2.3539985350e+02,1.0000000000e+00,2.3539985350e+02
2.3000095953e+02,1.0000000000e+00,2.3000095953e+02
2.1625931047e+02,1.0000000000e+00,2.1625931047e+02
1.9965469636e+02,1.0000000000e+00,1.9965469636e+02
1.8847120759e+02,1.0000000000e+00,1.8847120759e+02
1.8851576655e+02,1.0000000000e+00,1.8851576655e+02
1.9684501391e+02,1.0000000000e+00,1.9684501391e+02
2.0311048012e+02,1.0000000000e+00,2.0311048012e+02
1.9984145268e+02,1.0000000000e+00,1.9984145268e+02
1.9099556846e+02,1.0000000000e+00,1.9099556846e+02
1.8804487427e+02,1.0000000000e+00,1.8804487427e+02
1.9659931062e+02,1.0000000000e+00,1.9659931062e+02
2.0864426422e+02,1.0000000000e+00,2.0864426422e+02
2.0976319862e+02,1.0000000000e+00,2.0976319862e+02
1.9354009907e+02,1.0000000000e+00,1.9354009907e+02
1.6863174517e+02,1.0000000000e+00,1.6863174517e+02
1.5240794834e+02,1.0000000000e+00,1.5240794834e+02
1.5701023641e+02,1.0000000000e+00,1.5701023641e+02
1.7997681230e+02,1.0000000000e+00,1.7997681230e+02
2.0648035189e+02,1.0000000000e+00,2.0648035189e+02
2.1877542958e+02,1.0000000000e+00,2.1877542958e+02
2.0533658172e+02,1.0000000000e+00,2.0533658172e+02
1.6757251350e+02,1.0000000000e+00,1.6757251350e+02
1.2235417308e+02,1.0000000000e+00,1.2235417308e+02
9.4697328178e+01,1.0000000000e+00,9.4697328178e+01
1.0098166190e+02,1.0000000000e+00,1.0098166190e+02
1.3650065961e+02,1.0000000000e+00,1.3650065961e+02
1.8057351450e+02,1.0000000000e+00,1.8057351450e+02
2.1380147851e+02,1.0000000000e+00,2.1380147851e+02
2.2986482738e+02,1.0000000000e+00,2.2986482738e+02
2.3360025672e+02,1.0000000000e+00,2.3360025672e+02
2.3214204351e+02,1.0000000000e+00,2.3214204351e+02
2.2873732355e+02,1.0000000000e+00,2.2873732355e+02
2.2249582703e+02,1.0000000000e+00,2.2249582703e+02
2.1214876653e+02,1.0000000000e+00,2.1214876653e+02
1.9992558731e+02,1.0000000000e+00,1.9992558731e+02
1.9145676947e+02,1.0000000000e+00,1.9145676947e+02
1.9134546741e+02,1.0000000000e+00,1.9134546741e+02
1.9969830970e+02,1.0000000000e+00,1.9969830970e+02
2.1334639161e+02,1.0000000000e+00,2.1334639161e+02
2.2830237710e+02,1.0000000000e+00,2.2830237710e+02
2.3943533777e+02,1.0000000000e+00,2.3943533777e+02
2.3913771305e+02,1.0000000000e+00,2.3913771305e+02
2.1929282522e+02,1.0000000000e+00,2.1929282522e+02
1.7793986179e+02,1.0000000000e+00,1.7793986179e+02
1.2613961153e+02,1.0000000000e+00,1.2613961153e+02
8.6613854166e+01,1.0000000000e+00,8.6613854166e+01
8.0813093552e+01,1.0000000000e+00,8.0813093552e+01
1.1259707370e+02,1.0000000000e+00,1.1259707370e+02
1.6250059818e+02,1.0000000000e+00,1.6250059818e+02
1.9960064122e+02,1.0000000000e+00,1.9960064122e+02
2.0316782503e+02,1.0000000000e+00,2.0316782503e+02
1.7727809393e+02,1.0000000000e+00,1.7727809393e+02
1.4684677125e+02,1.0000000000e+00,1.4684677125e+02
1.3745883206e+02,1.0000000000e+00,1.3745883206e+02
1.5529027207e+02,1.0000000000e+00,1.5529027207e+02
1.8555019705e+02,1.0000000000e+00,1.8555019705e+02
2.0908574423e+02,1.0000000000e+00,2.0908574423e+02
2.1747536798e+02,1.0000000000e+00,2.1747536798e+02
2.1356760888e+02,1.0000000000e+00,2.1356760888e+02
2.0386173234e+02,1.0000000000e+00,2.0386173234e+02
1.9335360135e+02,1.0000000000e+00,1.9335360135e+02
1.8383370495e+02,1.0000000000e+00,1.8383370495e+02
1.7255146877e+02,1.0000000000e+00,1.7255146877e+02
1.5354001665e+02,1.0000000000e+00,1.5354001665e+02
1.2421657463e+02,1.0000000000e+00,1.2421657463e+02
9.0890995329e+01,1.0000000000e+00,9.0890995329e+01
6.5231894266e+01,1.0000000000e+00,6.5231894266e+01
5.5062562317e+01,1.0000000000e+00,5.5062562317e+01
5.9034436376e+01,1.0000000000e+00,5.9034436376e+01
6.8432719709e+01,1.0000000000e+00,6.8432719709e+01
7.2821478053e+01,1.0000000000e+00,7.2821478053e+01
6.5658172035e+01,1.0000000000e+00,6.5658172035e+01
4.7658035287e+01,1.0000000000e+00,4.7658035287e+01
4.0849744532e+01,1.0000000000e+00,4.0849744532e+01
3.4041453777e+01,1.0000000000e+00,3.4041453777e+01
3.7758133821e+01,1.0000000000e+00,3.7758133821e+01
5.6637200731e+01,1.0000000000e+00,5.6637200731e+01
1.0773065797e+02,1.0000000000e+00,1.0773065797e+02
1.6269550090e+02,1.0000000000e+00,1.6269550090e+02
2.0532251237e+02,1.0000000000e+00,2.0532251237e+02
2.2636196092e+02,1.0000000000e+00,2.2636196092e+02
2.2686498761e+02,1.0000000000e+00,2.2686498761e+02
2.1389674864e+02,1.0000000000e+00,2.1389674864e+02
1.9395960567e+02,1.0000000000e+00,1.9395960567e+02
1.7073059965e+02,1.0000000000e+00,1.7073059965e+02
1.4816497203e+02,1.0000000000e+00,1.4816497203e+02
1.3352470380e+02,1.0000000000e+00,1.3352470380e+02
1.3455678691e+02,1.0000000000e+00,1.3455678691e+02
1.5249114706e+02,1.0000000000e+00,1.5249114706e+02
1.7883710013e+02,1.0000000000e+00,1.7883710013e+02
2.0085095056e+02,1.0000000000e+00,2.0085095056e+02
2.1109463495e+02,1.0000000000e+00,2.1109463495e+02
2.1132896466e+02,1.0000000000e+00,2.1132896466e+02
2.0732802945e+02,1.0000000000e+00,2.0732802945e+02
2.0205627314e+02,1.0000000000e+00,2.0205627314e+02
1.9544047321e+02,1.0000000000e+00,1.9544047321e+02
1.8882549484e+02,1.0000000000e+00,1.8882549484e+02
1.8625381458e+02,1.0000000000e+00,1.8625381458e+02
1.9069650466e+02,1.0000000000e+00,1.9069650466e+02
2.0050488467e+02,1.0000000000e+00,2.0050488467e+02
2.1027073861e+02,1.0000000000e+00,2.1027073861e+02
2.1531407088e+02,1.0000000000e+00,2.1531407088e+02
2.1572742625e+02,1.0000000000e+00,2.1572742625e+02
2.1577349790e+02,1.0000000000e+00,2.1577349790e+02
2.1857690465e+02,1.0000000000e+00,2.1857690465e+02
2.2129141982e+02,1.0000000000e+00,2.2129141982e+02
2.1606050596e+02,1.0000000000e+00,2.1606050596e+02
1.9710265417e+02,1.0000000000e+00,1.9710265417e+02
1.6838497816e+02,1.0000000000e+00,1.6838497816e+02
1.4323684006e+02,1.0000000000e+00,1.4323684006e+02
1.3351060480e+02,1.0000000000e+00,1.3351060480e+02
1.3940100227e+02,1.0000000000e+00,1.3940100227e+02
1.5183365429e+02,1.0000000000e+00,1.5183365429e+02
1.6295309774e+02,1.0000000000e+00,1.6295309774e+02
1.7146097708e+02,1.0000000000e+00,1.7146097708e+02
1.7892920215e+02,1.0000000000e+00,1.7892920215e+02
1.8414745371e+02,1.0000000000e+00,1.8414745371e+02
1.8330106220e+02,1.0000000000e+00,1.8330106220e+02
1.7601173691e+02,1.0000000000e+00,1.7601173691e+02
1.6892673418e+02,1.0000000000e+00,1.6892673418e+02
1.7047035583e+02,1.0000000000e+00,1.7047035583e+02
1.8228650560e+02,1.0000000000e+00,1.8228650560e+02
1.9813902302e+02,1.0000000000e+00,1.9813902302e+02
2.1074200203e+02,1.0000000000e+00,2.1074200203e+02
2.1690273596e+02,1.0000000000e+00,2.1690273596e+02
2.1649721275e+02,1.0000000000e+00,2.1649721275e+02
2.1035247739e+02,1.0000000000e+00,2.1035247739e+02
2.0087978258e+02,1.0000000000e+00,2.0087978258e+02
1.9255101413e+02,1.0000000000e+00,1.9255101413e+02
1.8861016945e+02,1.0000000000e+00,1.8861016945e+02
1.8640514772e+02,1.0000000000e+00,1.8640514772e+02
1.7847456400e+02,1.0000000000e+00,1.7847456400e+02
1.6096818329e+02,1.0000000000e+00,1.6096818329e+02
1.3981102718e+02,1.0000000000e+00,1.3981102718e+02
1.2656674745e+02,1.0000000000e+00,1.2656674745e+02
1.2947317218e+02,1.0000000000e+00,1.2947317218e+02
1.4845610901e+02,1.0000000000e+00,1.4845610901e+02
1.7521310480e+02,1.0000000000e+00,1.7521310480e+02
1.9765105647e+02,1.0000000000e+00,1.9765105647e+02
2.0770403825e+02,1.0000000000e+00,2.0770403825e+02
2.0562537164e+02,1.0000000000e+00,2.0562537164e+02
1.9560415746e+02,1.0000000000e+00,1.9560415746e+02
1.7905029497e+02,1.0000000000e+00,1.7905029497e+02
1.5491346838e+02,1.0000000000e+00,1.5491346838e+02
1.2552781254e+02,1.0000000000e+00,1.2552781254e+02
9.8367741361e+01,1.0000000000e+00,9.8367741361e+01
8.0889378011e+01,1.0000000000e+00,8.0889378011e+01
7.5318875034e+01,1.0000000000e+00,7.5318875034e+01
7.8450149657e+01,1.0000000000e+00,7.8450149657e+01
8.5020539940e+01,1.0000000000e+00,8.5020539940e+01
9.1889043433e+01,1.0000000000e+00,9.1889043433e+01
1.0052753200e+02,1.0000000000e+00,1.0052753200e+02
1.1451103047e+02,1.0000000000e+00,1.1451103047e+02
1.3268446624e+02,1.0000000000e+00,1.3268446624e+02
1.4638009942e+02,1.0000000000e+00,1.4638009942e+02
1.4635297312e+02,1.0000000000e+00,1.4635297312e+02
1.3138646633e+02,1.0000000000e+00,1.3138646633e+02
1.0763838380e+02,1.0000000000e+00,1.0763838380e+02
8.1718558646e+01,1.0000000000e+00,8.1718558646e+01
5.7965907555e+01,1.0000000000e+00,5.7965907555e+01
4.0511952351e+01,1.0000000000e+00,4.0511952351e+01
3.2820999494e+01,1.0000000000e+00,3.2820999494e+01
3.3953540551e+01,1.0000000000e+00,3.3953540551e+01
3.7756967483e+01,1.0000000000e+00,3.7756967483e+01
3.7494006029e+01,1.0000000000e+00,3.7494006029e+01
3.1977895147e+01,1.0000000000e+00,3.1977895147e+01
2.7909195249e+01,1.0000000000e+00,2.7909195249e+01
3.5704375377e+01,1.0000000000e+00,3.5704375377e+01
6.0935641622e+01,1.0000000000e+00,6.0935641622e+01
9.8823288561e+01,1.0000000000e+00,9.8823288561e+01
1.3809046688e+02,1.0000000000e+00,1.3809046688e+02
1.6963411974e+02,1.0000000000e+00,1.6963411974e+02
1.8919174309e+02,1.0000000000e+00,1.8919174309e+02
1.9374190821e+02,1.0000000000e+00,1.9374190821e+02
1.8162789336e+02,1.0000000000e+00,1.8162789336e+02
1.5815584248e+02,1.0000000000e+00,1.5815584248e+02
1.3690746963e+02,1.0000000000e+00,1.3690746963e+02
1.3183715084e+02,1.0000000000e+00,1.3183715084e+02
1.4747795694e+02,1.0000000000e+00,1.4747795694e+02
1.7651407054e+02,1.0000000000e+00,1.7651407054e+02
2.0587454329e+02,1.0000000000e+00,2.0587454329e+02
2.2545838794e+02,1.0000000000e+00,2.2545838794e+02
2.3288711970e+02,1.0000000000e+00,2.3288711970e+02
2.3207680168e+02,1.0000000000e+00,2.3207680168e+02
2.2864214208e+02,1.0000000000e+00,2.2864214208e+02
2.2636203315e+02,1.0000000000e+00,2.2636203315e+02
2.2625996910e+02,1.0000000000e+00,2.2625996910e+02
2.2737287935e+02,1.0000000000e+00,2.2737287935e+02
2.2793466266e+02,1.0000000000e+00,2.2793466266e+02
2.2645389554e+02,1.0000000000e+00,2.2645389554e+02
2.2267795823e+02,1.0000000000e+00,2.2267795823e+02
2.1813962074e+02,1.0000000000e+00,2.1813962074e+02
2.1547563219e+02,1.0000000000e+00,2.1547563219e+02
2.1657529913e+02,1.0000000000e+00,2.1657529913e+02
2.2132019692e+02,1.0000000000e+00,2.2132019692e+02
2.2800029156e+02,1.0000000000e+00,2.2800029156e+02
2.3400233808e+02,1.0000000000e+00,2.3400233808e+02
2.3556195964e+02,1.0000000000e+00,2.3556195964e+02
2.2807313820e+02,1.0000000000e+00,2.2807313820e+02
2.0911478826e+02,1.0000000000e+00,2.0911478826e+02
1.8312172848e+02,1.0000000000e+00,1.8312172848e+02
1.6218455471e+02,1.0000000000e+00,1.6218455471e+02
1.5866835175e+02,1.0000000000e+00,1.5866835175e+02
1.7512052222e+02,1.0000000000e+00,1.7512052222e+02
2.0258064494e+02,1.0000000000e+00,2.0258064494e+02
2.2839305356e+02,1.0000000000e+00,2.2839305356e+02
2.4327080020e+02,1.0000000000e+00,2.4327080020e+02
2.4177937832e+02,1.0000000000e+00,2.4177937832e+02
2.2111289305e+02,1.0000000000e+00,2.2111289305e+02
1.8402034687e+02,1.0000000000e+00,1.8402034687e+02
1.4345239011e+02,1.0000000000e+00,1.4345239011e+02
1.1974837447e+02,1.0000000000e+00,1.1974837447e+02
1.2698742843e+02,1.0000000000e+00,1.2698742843e+02
1.6054796466e+02,1.0000000000e+00,1.6054796466e+02
2.0066599849e+02,1.0000000000e+00,2.0066599849e+02
2.2848948706e+02,1.0000000000e+00,2.2848948706e+02
2.3763308174e+02,1.0000000000e+00,2.3763308174e+02
2.3325394525e+02,1.0000000000e+00,2.3325394525e+02
2.2464853328e+02,1.0000000000e+00,2.2464853328e+02
2.1902167049e+02,1.0000000000e+00,2.1902167049e+02
2.1893210810e+02,1.0000000000e+00,2.1893210810e+02
2.2287332800e+02,1.0000000000e+00,2.2287332800e+02
2.2743266381e+02,1.0000000000e+00,2.2743266381e+02
2.2910057747e+02,1.0000000000e+00,2.2910057747e+02
2.2510049012e+02,1.0000000000e+00,2.2510049012e+02
2.1431463921e+02,1.0000000000e+00,2.1431463921e+02
1.9870620782e+02,1.0000000000e+00,1.9870620782e+02
1.8379000602e+02,1.0000000000e+00,1.8379000602e+02
1.7664319671e+02,1.0000000000e+00,1.7664319671e+02
1.8163384943e+02,1.0000000000e+00,1.8163384943e+02
1.9669287430e+02,1.0000000000e+00,1.9669287430e+02
2.1426755117e+02,1.0000000000e+00,2.1426755117e+02
2.2692178506e+02,1.0000000000e+00,2.2692178506e+02
2.3199105204e+02,1.0000000000e+00,2.3199105204e+02
2.3138873858e+02,1.0000000000e+00,2.3138873858e+02
2.2852323422e+02,1.0000000000e+00,2.2852323422e+02
2.2591518690e+02,1.0000000000e+00,2.2591518690e+02
2.2473331458e+02,1.0000000000e+00,2.2473331458e+02
2.2539023590e+02,1.0000000000e+00,2.2539023590e+02
2.2788892219e+02,1.0000000000e+00,2.2788892219e+02
2.3126705003e+02,1.0000000000e+00,2.3126705003e+02
2.3258787458e+02,1.0000000000e+00,2.3258787458e+02
2.2676110638e+02,1.0000000000e+00,2.2676110638e+02
2.0850533703e+02,1.0000000000e+00,2.0850533703e+02
1.7675885778e+02,1.0000000000e+00,1.7675885778e+02
1.3900195257e+02,1.0000000000e+00,1.3900195257e+02
1.0953258541e+02,1.0000000000e+00,1.0953258541e+02
9.8954519777e+01,1.0000000000e+00,9.8954519777e+01
1.0365672829e+02,1.0000000000e+00,1.0365672829e+02
1.0826298435e+02,1.0000000000e+00,1.0826298435e+02
1.0043663235e+02,1.0000000000e+00,1.0043663235e+02
8.3006154898e+01,1.0000000000e+00,8.3006154898e+01
7.1617441622e+01,1.0000000000e+00,7.1617441622e+01
8.0243420250e+01,1.0000000000e+00,8.0243420250e+01
1.0736186420e+02,1.0000000000e+00,1.0736186420e+02
1.3592295068e+02,1.0000000000e+00,1.3592295068e+02
1.4791602068e+02,1.0000000000e+00,1.4791602068e+02
1.3945162607e+02,1.0000000000e+00,1.3945162607e+02
1.2299425624e+02,1.0000000000e+00,1.2299425624e+02
1.1693250982e+02,1.0000000000e+00,1.1693250982e+02
1.3137153158e+02,1.0000000000e+00,1.3137153158e+02
1.6041341996e+02,1.0000000000e+00,1.6041341996e+02
1.8774013754e+02,1.0000000000e+00,1.8774013754e+02
2.0051712454e+02,1.0000000000e+00,2.0051712454e+02
1.9812467456e+02,1.0000000000e+00,1.9812467456e+02
1.8995267830e+02,1.0000000000e+00,1.8995267830e+02
1.8697252048e+02,1.0000000000e+00,1.8697252048e+02
1.9329443067e+02,1.0000000000e+00,1.9329443067e+02
2.0362647904e+02,1.0000000000e+00,2.0362647904e+02
2.0957742049e+02,1.0000000000e+00,2.0957742049e+02
2.0863506897e+02,1.0000000000e+00,2.0863506897e+02
2.0593908923e+02,1.0000000000e+00,2.0593908923e+02
2.0705046408e+02,1.0000000000e+00,2.0705046408e+02
2.0984147678e+02,1.0000000000e+00,2.0984147678e+02
2.0464118554e+02,1.0000000000e+00,2.0464118554e+02
1.8355937763e+02,1.0000000000e+00,1.8355937763e+02
1.5059137106e+02,1.0000000000e+00,1.5059137106e+02
1.2173568230e+02,1.0000000000e+00,1.2173568230e+02
1.1303777620e+02,1.0000000000e+00,1.1303777620e+02
1.2820353824e+02,1.0000000000e+00,1.2820353824e+02
1.5828011719e+02,1.0000000000e+00,1.5828011719e+02
1.9090568463e+02,1.0000000000e+00,1.9090568463e+02
2.1749392263e+02,1.0000000000e+00,2.1749392263e+02
2.3332688765e+02,1.0000000000e+00,2.3332688765e+02
2.3440839266e+02,1.0000000000e+00,2.3440839266e+02
2.1673240365e+02,1.0000000000e+00,2.1673240365e+02
1.8046271289e+02,1.0000000000e+00,1.8046271289e+02
1.3563611483e+02,1.0000000000e+00,1.3563611483e+02
1.0106768865e+02,1.0000000000e+00,1.0106768865e+02
9.2849744890e+01,1.0000000000e+00,9.2849744890e+01
1.1224020613e+02,1.0000000000e+00,1.1224020613e+02
1.4610620211e+02,1.0000000000e+00,1.4610620211e+02
1.7836013590e+02,1.0000000000e+00,1.7836013590e+02
1.9873937802e+02,1.0000000000e+00,1.9873937802e+02
2.0236011300e+02,1.0000000000e+00,2.0236011300e+02
1.8661516622e+02,1.0000000000e+00,1.8661516622e+02
1.5268797303e+02,1.0000000000e+00,1.5268797303e+02
1.0943106111e+02,1.0000000000e+00,1.0943106111e+02
7.1920468014e+01,1.0000000000e+00,7.1920468014e+01
5.3085415399e+01,1.0000000000e+00,5.3085415399e+01
5.7123701603e+01,1.0000000000e+00,5.7123701603e+01
8.1466280829e+01,1.0000000000e+00,8.1466280829e+01
1.2082232619e+02,1.0000000000e+00,1.2082232619e+02
1.6627174298e+02,1.0000000000e+00,1.6627174298e+02
2.0517537755e+02,1.0000000000e+00,2.0517537755e+02
2.2724246759e+02,1.0000000000e+00,2.2724246759e+02
2.3046027091e+02,1.0000000000e+00,2.3046027091e+02
2.2063981290e+02,1.0000000000e+00,2.2063981290e+02
2.0654716832e+02,1.0000000000e+00,2.0654716832e+02
1.9486536102e+02,1.0000000000e+00,1.9486536102e+02
1.8718455447e+02,1.0000000000e+00,1.8718455447e+02
1.7969928960e+02,1.0000000000e+00,1.7969928960e+02
1.6562831928e+02,1.0000000000e+00,1.6562831928e+02
1.3996295775e+02,1.0000000000e+00,1.3996295775e+02
1.0421495867e+02,1.0000000000e+00,1.0421495867e+02
6.6818763502e+01,1.0000000000e+00,6.6818763502e+01
5.7273225859e+01,1.0000000000e+00,5.7273225859e+01
4.7727688216e+01,1.0000000000e+00,4.7727688216e+01
3.8182150572e+01,1.0000000000e+00,3.8182150572e+01
2.8636612929e+01,1.0000000000e+00,2.8636612929e+01
1.9091075286e+01,1.0000000000e+00,1.9091075286e+01
1.0724512953e+01,1.0000000000e+00,1.0724512953e+01
2.1449025906e+01,1.0000000000e+00,2.1449025906e+01
3.2173538859e+01,1.0000000000e+00,3.2173538859e+01
6.1304818006e+01,1.0000000000e+00,6.1304818006e+01
1.0778313405e+02,1.0000000000e+00,1.0778313405e+02
1.5786435012e+02,1.0000000000e+00,1.5786435012e+02
1.9384475926e+02,1.0000000000e+00,1.9384475926e+02
2.0686146696e+02,1.0000000000e+00,2.0686146696e+02
2.0149217162e+02,1.0000000000e+00,2.0149217162e+02
1.8941674349e+02,1.0000000000e+00,1.8941674349e+02
1.7996009431e+02,1.0000000000e+00,1.7996009431e+02
1.7569490966e+02,1.0000000000e+00,1.7569490966e+02
1.7446445001e+02,1.0000000000e+00,1.7446445001e+02
1.7331577599e+02,1.0000000000e+00,1.7331577599e+02
1.7066756491e+02,1.0000000000e+00,1.7066756491e+02
1.6702007187e+02,1.0000000000e+00,1.6702007187e+02
1.6485618583e+02,1.0000000000e+00,1.6485618583e+02
1.6706558859e+02,1.0000000000e+00,1.6706558859e+02
1.7429672960e+02,1.0000000000e+00,1.7429672960e+02
1.8309497262e+02,1.0000000000e+00,1.8309497262e+02
1.8639703809e+02,1.0000000000e+00,1.8639703809e+02
1.7674727784e+02,1.0000000000e+00,1.7674727784e+02
1.5097596219e+02,1.0000000000e+00,1.5097596219e+02
1.1333565696e+02,1.0000000000e+00,1.1333565696e+02
7.4382256345e+01,1.0000000000e+00,7.4382256345e+01
4.6186219251e+01,1.0000000000e+00,4.6186219251e+01
4.3264648312e+01,1.0000000000e+00,3.8346145155e+01
6.0679859379e+01,1.0000000000e+00,5.0978625656e+01
6.8442554527e+01,1.0000000000e+00,7.3041931617e+01
7.6588076693e+01,1.0000000000e+00,9.7516235549e+01
1.0861856686e+02,1.0000000000e+00,1.2094885453e+02
1.4443956700e+02,1.0000000000e+00,1.3647821047e+02
1.5728643140e+02,1.0000000000e+00,1.4128816230e+02
1.4669305046e+02,1.0000000000e+00,1.3952301366e+02
1.2596183129e+02,1.0000000000e+00,1.3672060579e+02
1.2152567224e+02,1.0000000000e+00,1.3910363630e+02
1.4882983631e+02,1.0000000000e+00,1.4878583680e+02
1.7708887007e+02,1.0000000000e+00,1.5664600752e+02
1.6324020499e+02,1.0000000000e+00,1.5087860862e+02
1.2050251664e+02,1.0000000000e+00,1.3419544454e+02
1.0056046655e+02,1.0000000000e+00,1.2127340032e+02
1.2004500324e+02,1.0000000000e+00,1.2014357659e+02
1.4458137822e+02,1.0000000000e+00,1.2441822867e+02
1.3813052662e+02,1.0000000000e+00,1.2353204396e+02
1.0760482135e+02,1.0000000000e+00,1.1607190447e+02
8.9431910590e+01,1.0000000000e+00,1.0978451912e+02
1.0196721089e+02,1.0000000000e+00,1.1035908229e+02
1.2689213966e+02,1.0000000000e+00,1.1459289442e+02
1.3207329355e+02,1.0000000000e+00,1.1432368758e+02
1.0757107188e+02,1.0000000000e+00,1.0566413591e+02
7.8224015045e+01,1.0000000000e+00,9.3718927113e+01
7.3831793708e+01,1.0000000000e+00,8.6796985674e+01
9.2881197625e+01,1.0000000000e+00,8.6979247884e+01
1.0495749743e+02,1.0000000000e+00,8.8295882605e+01
9.0624217544e+01,1.0000000000e+00,8.4931335469e+01
6.6953463653e+01,1.0000000000e+00,7.8654251981e+01
6.1126059761e+01,1.0000000000e+00,7.5142377620e+01
7.6942132459e+01,1.0000000000e+00,7.6575868192e+01
9.5052694956e+01,1.0000000000e+00,7.9695828595e+01
9.1533693914e+01,1.0000000000e+00,7.8557740607e+01
6.5225282791e+01,1.0000000000e+00,7.1280833535e+01
4.4304780688e+01,1.0000000000e+00,6.3537206400e+01
5.1633899426e+01,1.0000000000e+00,6.1924809645e+01
7.6101581895e+01,1.0000000000e+00,6.5947894871e+01
8.8325575849e+01,1.0000000000e+00,6.9015557785e+01
7.2948996396e+01,1.0000000000e+00,6.5551040350e+01
4.4574206341e+01,1.0000000000e+00,5.6700468507e+01
3.1323455600e+01,1.0000000000e+00,4.8626314569e+01
4.3152731670e+01,1.0000000000e+00,4.5494734188e+01
5.9696168801e+01,1.0000000000e+00,4.5016775158e+01
5.3260279405e+01,1.0000000000e+00,4.1620262050e+01
2.7406042915e+01,1.0000000000e+00,3.4672609336e+01
1.5293624806e+01,1.0000000000e+00,2.9939282355e+01
2.9929406681e+01,1.0000000000e+00,3.0591251025e+01
4.6087815146e+01,1.0000000000e+00,3.2548475145e+01
3.9987491665e+01,1.0000000000e+00,3.0791242911e+01
1.8978669077e+01,1.0000000000e+00,2.5370149295e+01
4.0434986972e+00,1.0000000000e+00,1.7089945867e+01
1.3804256545e+01,1.0000000000e+00,1.5785848211e+01
2.3069547334e+01,1.0000000000e+00,1.4382657143e+01
1.1587924103e+01,1.0000000000e+00,8.8300832714e+00
0.0000000000e+00,1.0000000000e+00,3.2445157697e+00
0.0000000000e+00,9.0000000000e-01,0.0000000000e+00
4.4762293663e-01,8.0000000000e-01,8.9524587327e-02
9.8083359603e-03,7.0000000000e-01,1.9616671921e-03
0.0000000000e+00,6.0000000000e-01,0.0000000000e+00
0.0000000000e+00,6.0000000000e-01,0.0000000000e+00
0.0000000000e+00,6.0000000000e-01,0.0000000000e+00
0.0000000000e+00,6.0000000000e-01,0.0000000000e+00
0.0000000000e+00,6.0000000000e-01,0.0000000000e+00
0.0000000000e+00,6.0000000000e-01,0.0000000000e+00
0.0000000000e+00,6.0000000000e-01,0.0000000000e+00
0.0000000000e+00,6.0000000000e-01,0.0000000000e+00
0.0000000000e+00,6.0000000000e-01,0.0000000000e+00
0.0000000000e+00,6.0000000000e-01,0.0000000000e+00
0.0000000000e+00,6.0000000000e-01,0.0000000000e+00
0.0000000000e+00,6.0000000000e-01,0.0000000000e+00
0.0000000000e+00,6.0000000000e-01,0.0000000000e+00
0.0000000000e+00,6.0000000000e-01,0.0000000000e+00
0.0000000000e+00,6.0000000000e-01,0.0000000000e+00
0.0000000000e+00,6.0000000000e-01,0.0000000000e+00
0.0000000000e+00,6.0000000000e-01,0.0000000000e+00
0.0000000000e+00,6.0000000000e-01,0.0000000000e+00
0.0000000000e+00,6.0000000000e-01,0.0000000000e+00
0.0000000000e+00,6.0000000000e-01,0.0000000000e+00
0.0000000000e+00,6.0000000000e-01,0.0000000000e+00
0.0000000000e+00,6.0000000000e-01,0.0000000000e+00
0.0000000000e+00,6.0000000000e-01,0.0000000000e+00
0.0000000000e+00,6.0000000000e-01,0.0000000000e+00
0.0000000000e+00,6.0000000000e-01,0.0000000000e+00
0.0000000000e+00,6.0000000000e-01,0.0000000000e+00
0.0000000000e+00,6.0000000000e-01,0.0000000000e+00
0.0000000000e+00,6.0000000000e-01,0.0000000000e+00
0.0000000000e+00,6.0000000000e-01,0.0000000000e+00
0.0000000000e+00,6.0000000000e-01,0.0000000000e+00
0.0000000000e+00,6.0000000000e-01,0.0000000000e+00
0.0000000000e+00,6.0000000000e-01,0.0000000000e+00
0.0000000000e+00,6.0000000000e-01,0.0000000000e+00
0.0000000000e+00,6.0000000000e-01,0.0000000000e+00
0.0000000000e+00,6.0000000000e-01,0.0000000000e+00
0.0000000000e+00,6.0000000000e-01,0.0000000000e+00
0.0000000000e+00,6.0000000000e-01,0.0000000000e+00
0.0000000000e+00,7.0000000000e-01,0.0000000000e+00
0.0000000000e+00,8.0000000000e-01,0.0000000000e+00
0.0000000000e+00,9.0000000000e-01,0.0000000000e+00
1.2546647862e+01,1.0000000000e+00,1.2546647862e+01
2.5093295724e+01,1.0000000000e+00,2.5093295724e+01
3.7639943586e+01,1.0000000000e+00,3.7639943586e+01
5.3248644172e+01,1.0000000000e+00,5.3248644172e+01
6.8420034810e+01,1.0000000000e+00,6.8420034810e+01
8.7280023206e+01,1.0000000000e+00,8.7280023206e+01
1.0416666667e+02,1.0000000000e+00,1.0416666667e+02
1.1907996519e+02,1.0000000000e+00,1.1907996519e+02
1.2500000000e+02,1.0000000000e+00,1.2500000000e+02
1.1667180115e+02,1.0000000000e+00,1.1667180115e+02
1.0468506159e+02,1.0000000000e+00,1.0468506159e+02
9.0804730168e+01,1.0000000000e+00,9.0804730168e+01
7.5030806873e+01,1.0000000000e+00,7.5030806873e+01
7.7615036413e+01,1.0000000000e+00,7.7615036413e+01
7.9014641150e+01,1.0000000000e+00,7.9014641150e+01
7.5983213066e+01,1.0000000000e+00,7.5983213066e+01
6.9237840281e+01,1.0000000000e+00,6.9237840281e+01
6.3324218481e+01,1.0000000000e+00,6.3324218481e+01
6.2356430736e+01,1.0000000000e+00,6.2356430736e+01
6.6452135539e+01,1.0000000000e+00,6.6452135539e+01
7.2626216860e+01,1.0000000000e+00,7.2626216860e+01
7.8201671356e+01,1.0000000000e+00,7.8201671356e+01
8.2420868679e+01,1.0000000000e+00,8.2420868679e+01
8.4951403021e+01,1.0000000000e+00,8.4951403021e+01
8.4446488472e+01,1.0000000000e+00,8.4446488472e+01
8.0132012529e+01,1.0000000000e+00,8.0132012529e+01
7.4063359692e+01,1.0000000000e+00,7.4063359692e+01
6.9879829173e+01,1.0000000000e+00,6.9879829173e+01
6.9203293312e+01,1.0000000000e+00,6.9203293312e+01
7.0242210606e+01,1.0000000000e+00,7.0242210606e+01
6.9804980122e+01,1.0000000000e+00,6.9804980122e+01
6.6308233511e+01,1.0000000000e+00,6.6308233511e+01
6.1285569905e+01,1.0000000000e+00,6.1285569905e+01
5.8252334236e+01,1.0000000000e+00,5.8252334236e+01
5.9747881419e+01,1.0000000000e+00,5.9747881419e+01
6.5265009430e+01,1.0000000000e+00,6.5265009430e+01
7.1950164579e+01,1.0000000000e+00,7.1950164579e+01
7.6874102831e+01,1.0000000000e+00,7.6874102831e+01
7.8597765496e+01,1.0000000000e+00,7.8597765496e+01
7.7296630530e+01,1.0000000000e+00,7.7296630530e+01
7.3917954303e+01,1.0000000000e+00,7.3917954303e+01
6.9192240707e+01,1.0000000000e+00,6.9192240707e+01
6.3331499944e+01,1.0000000000e+00,6.3331499944e+01
5.6662374387e+01,1.0000000000e+00,5.6662374387e+01
5.0711879096e+01,1.0000000000e+00,5.0711879096e+01
4.8545903895e+01,1.0000000000e+00,4.8545903895e+01
6.5950963936e+01,1.0000000000e+00,6.5950963936e+01
8.2371275075e+01,1.0000000000e+00,8.2371275075e+01
9.7806837313e+01,1.0000000000e+00,9.7806837313e+01
1.1225765065e+02,1.0000000000e+00,1.1225765065e+02
1.2500000000e+02,1.0000000000e+00,1.2500000000e+02
1.3169159486e+02,1.0000000000e+00,1.3169159486e+02
1.3160872015e+02,1.0000000000e+00,1.3160872015e+02
1.2562236055e+02,1.0000000000e+00,1.2562236055e+02
1.1895842420e+02,1.0000000000e+00,1.1895842420e+02
1.1248789580e+02,1.0000000000e+00,1.1248789580e+02
1.0621077535e+02,1.0000000000e+00,1.0621077535e+02
1.0012706285e+02,1.0000000000e+00,1.0012706285e+02
9.4236758288e+01,1.0000000000e+00,9.4236758288e+01
8.8539861674e+01,1.0000000000e+00,8.8539861674e+01
8.3036373007e+01,1.0000000000e+00,8.3036373007e+01
7.7808779771e+01,1.0000000000e+00,7.7808779771e+01
7.7309107648e+01,1.0000000000e+00,7.7309107648e+01
7.5122718448e+01,1.0000000000e+00,7.5122718448e+01
7.0091650181e+01,1.0000000000e+00,7.0091650181e+01
6.4571488966e+01,1.0000000000e+00,6.2735521836e+01
5.5889501042e+01,1.0000000000e+00,5.4480279803e+01
4.3844802358e+01,1.0000000000e+00,4.8710860332e+01
4.3904664618e+01,1.0000000000e+00,5.0561279410e+01
6.2433340596e+01,1.0000000000e+00,5.9339157501e+01
7.8864650652e+01,1.0000000000e+00,6.6332987672e+01
7.1261883072e+01,1.0000000000e+00,6.4146041830e+01
4.6784678183e+01,1.0000000000e+00,5.5078451329e+01
3.2191042220e+01,1.0000000000e+00,4.7848135534e+01
4.3569170717e+01,1.0000000000e+00,4.8821437081e+01
6.8852192645e+01,1.0000000000e+00,5.6673358341e+01
8.0617414927e+01,1.0000000000e+00,6.4378131024e+01
6.7236340100e+01,1.0000000000e+00,6.6209735413e+01
4.6885190835e+01,1.0000000000e+00,6.2609116151e+01
4.3331448944e+01,1.0000000000e+00,5.7448203846e+01
5.5827396982e+01,1.0000000000e+00,5.2532664886e+01
6.3194079651e+01,1.0000000000e+00,4.7195010414e+01
5.1992792107e+01,1.0000000000e+00,4.1902672969e+01
3.3438066051e+01,1.0000000000e+00,3.9672094978e+01
3.2590011236e+01,1.0000000000e+00,4.3345652081e+01
4.6838891437e+01,1.0000000000e+00,4.9342180545e+01
5.2651129017e+01,1.0000000000e+00,5.1748828244e+01
5.1801143431e+01,1.0000000000e+00,5.1567244577e+01
5.0432101322e+01,1.0000000000e+00,5.0432101322e+01
4.7857052847e+01,1.0000000000e+00,4.7857052847e+01
4.4309388817e+01,1.0000000000e+00,4.4309388817e+01
4.1914943423e+01,1.0000000000e+00,4.1914943423e+01
4.2286899218e+01,1.0000000000e+00,4.2286899218e+01
4.4659892162e+01,1.0000000000e+00,4.4659892162e+01
4.6767111608e+01,1.0000000000e+00,4.6767111608e+01
4.6973449408e+01,1.0000000000e+00,4.6973449408e+01
4.5078564905e+01,1.0000000000e+00,4.5078564905e+01
4.1790778638e+01,1.0000000000e+00,4.1790778638e+01
3.8255423777e+01,1.0000000000e+00,3.8255423777e+01
3.5724281603e+01,1.0000000000e+00,3.5724281603e+01
3.4900443957e+01,1.0000000000e+00,3.4900443957e+01
3.5527583615e+01,1.0000000000e+00,3.5527583615e+01
3.6833517569e+01,1.0000000000e+00,3.6833517569e+01
3.8153474690e+01,1.0000000000e+00,3.8153474690e+01
3.8964566049e+01,1.0000000000e+00,3.8964566049e+01
3.8886078058e+01,1.0000000000e+00,3.8886078058e+01
3.8111852400e+01,1.0000000000e+00,3.8111852400e+01
3.7508748598e+01,1.0000000000e+00,3.7508748598e+01
3.7938388404e+01,1.0000000000e+00,3.7938388404e+01
3.9346123200e+01,1.0000000000e+00,3.9346123200e+01
4.0323043088e+01,1.0000000000e+00,4.0323043088e+01
3.8916962309e+01,1.0000000000e+00,3.8916962309e+01
3.4611068872e+01,1.0000000000e+00,3.4611068872e+01
2.9397774137e+01,1.0000000000e+00,2.9397774137e+01
2.6177469544e+01,1.0000000000e+00,2.6177469544e+01
2.5988827456e+01,1.0000000000e+00,2.5988827456e+01
2.7119535960e+01,1.0000000000e+00,2.7119535960e+01
2.6762823339e+01,1.0000000000e+00,2.6762823339e+01
1.9371097114e+01,1.0000000000e+00,1.9371097114e+01
1.5496877691e+01,1.0000000000e+00,1.5496877691e+01
1.1622658268e+01,1.0000000000e+00,1.1622658268e+01
7.7484388457e+00,1.0000000000e+00,7.7484388457e+00
3.8742194228e+00,1.0000000000e+00,3.8742194228e+00
0.0000000000e+00,1.0000000000e+00,0.0000000000e+00
0.0000000000e+00,1.0000000000e+00,0.0000000000e+00
0.0000000000e+00,1.0000000000e+00,0.0000000000e+00
0.0000000000e+00,1.0000000000e+00,0.0000000000e+00
0.0000000000e+00,1.0000000000e+00,0.0000000000e+00
0.0000000000e+00,1.0000000000e+00,0.0000000000e+00
0.0000000000e+00,1.0000000000e+00,0.0000000000e+00
0.0000000000e+00,1.0000000000e+00,0.0000000000e+00
0.0000000000e+00,1.0000000000e+00,0.0000000000e+00
0.0000000000e+00,1.0000000000e+00,0.0000000000e+00
0.0000000000e+00,1.0000000000e+00,0.0000000000e+00
0.0000000000e+00,1.0000000000e+00,0.0000000000e+00
0.0000000000e+00,1.0000000000e+00,0.0000000000e+00
0.0000000000e+00,1.0000000000e+00,0.0000000000e+00
0.0000000000e+00,1.0000000000e+00,0.0000000000e+00
0.0000000000e+00,1.0000000000e+00,0.0000000000e+00
0.0000000000e+00,1.0000000000e+00,0.0000000000e+00
0.0000000000e+00,1.0000000000e+00,0.0000000000e+00
0.0000000000e+00,1.0000000000e+00,0.0000000000e+00
0.0000000000e+00,1.0000000000e+00,0.0000000000e+00
0.0000000000e+00,1.0000000000e+00,0.0000000000e+00
0.0000000000e+00,1.0000000000e+00,0.0000000000e+00
0.0000000000e+00,1.0000000000e+00,0.0000000000e+00
0.0000000000e+00,1.0000000000e+00,0.0000000000e+00
0.0000000000e+00,1.0000000000e+00,0.0000000000e+00
0.0000000000e+00,1.0000000000e+00,0.0000000000e+00
0.0000000000e+00,1.0000000000e+00,0.0000000000e+00
0.0000000000e+00,1.0000000000e+00,0.0000000000e+00
0.0000000000e+00,1.0000000000e+00,0.0000000000e+00
0.0000000000e+00,1.0000000000e+00,0.0000000000e+00
0.0000000000e+00,1.0000000000e+00,0.0000000000e+00
0.0000000000e+00,1.0000000000e+00,0.0000000000e+00
0.0000000000e+00,1.0000000000e+00,0.0000000000e+00
0.0000000000e+00,1.0000000000e+00,0.0000000000e+00
0.0000000000e+00,1.0000000000e+00,0.0000000000e+00
0.0000000000e+00,1.0000000000e+00,0.0000000000e+00
0.0000000000e+00,1.0000000000e+00,0.0000000000e+00
0.0000000000e+00,1.0000000000e+00,0.0000000000e+00
0.0000000000e+00,1.0000000000e+00,0.0000000000e+00
0.0000000000e+00,1.0000000000e+00,0.0000000000e+00
0.0000000000e+00,1.0000000000e+00,0.0000000000e+00
0.0000000000e+00,1.0000000000e+00,0.0000000000e+00
0.0000000000e+00,1.0000000000e+00,0.0000000000e+00
0.0000000000e+00,1.0000000000e+00,0.0000000000e+00
0.0000000000e+00,1.0000000000e+00,0.0000000000e+00
0.0000000000e+00,1.0000000000e+00,0.0000000000e+00
0.0000000000e+00,1.0000000000e+00,0.0000000000e+00
0.0000000000e+00,1.0000000000e+00,0.0000000000e+00
0.0000000000e+00,1.0000000000e+00,0.0000000000e+00
0.0000000000e+00,1.0000000000e+00,0.0000000000e+00
0.0000000000e+00,1.0000000000e+00,0.0000000000e+00
0.0000000000e+00,1.0000000000e+00,0.0000000000e+00
0.0000000000e+00,1.0000000000e+00,0.0000000000e+00
0.0000000000e+00,1.0000000000e+00,0.0000000000e+00
0.0000000000e+00,1.0000000000e+00,0.0000000000e+00
0.0000000000e+00,1.0000000000e+00,0.0000000000e+00
0.0000000000e+00,1.0000000000e+00,0.0000000000e+00
0.0000000000e+00,1.0000000000e+00,0.0000000000e+00
0.0000000000e+00,1.0000000000e+00,0.0000000000e+00
0.0000000000e+00,1.0000000000e+00,0.0000000000e+00
0.0000000000e+00,1.0000000000e+00,0.0000000000e+00
0.0000000000e+00,1.0000000000e+00,0.0000000000e+00
0.0000000000e+00,1.0000000000e+00,0.0000000000e+00
0.0000000000e+00,1.0000000000e+00,0.0000000000e+00
0.0000000000e+00,1.0000000000e+00,0.0000000000e+00
0.0000000000e+00,1.0000000000e+00,0.0000000000e+00
0.0000000000e+00,1.0000000000e+00,0.0000000000e+00
0.0000000000e+00,1.0000000000e+00,0.0000000000e+00
0.0000000000e+00,1.0000000000e+00,0.0000000000e+00
0.0000000000e+00,1.0000000000e+00,0.0000000000e+00
0.0000000000e+00,1.0000000000e+00,0.0000000000e+00
0.0000000000e+00,1.0000000000e+00,0.0000000000e+00
0.0000000000e+00,1.0000000000e+00,0.0000000000e+00
0.0000000000e+00,1.0000000000e+00,0.0000000000e+00
0.0000000000e+00,1.0000000000e+00,0.0000000000e+00
0.0000000000e+00,1.0000000000e+00,0.0000000000e+00
0.0000000000e+00,1.0000000000e+00,0.0000000000e+00
0.0000000000e+00,1.0000000000e+00,0.0000000000e+00
0.0000000000e+00,1.0000000000e+00,0.0000000000e+00
0.0000000000e+00,1.0000000000e+00,0.0000000000e+00
0.0000000000e+00,1.0000000000e+00,0.0000000000e+00
0.0000000000e+00,1.0000000000e+00,0.0000000000e+00
0.0000000000e+00,1.0000000000e+00,0.0000000000e+00
0.0000000000e+00,1.0000000000e+00,0.0000000000e+00
0.0000000000e+00,1.0000000000e+00,0.0000000000e+00
0.0000000000e+00,1.0000000000e+00,0.0000000000e+00
0.0000000000e+00,1.0000000000e+00,0.0000000000e+00
0.0000000000e+00,1.0000000000e+00,0.0000000000e+00
0.0000000000e+00,1.0000000000e+00,0.0000000000e+00
0.0000000000e+00,1.0000000000e+00,0.0000000000e+00
0.0000000000e+00,1.0000000000e+00,0.0000000000e+00
0.0000000000e+00,1.0000000000e+00,0.0000000000e+00
0.0000000000e+00,1.0000000000e+00,0.0000000000e+00
0.0000000000e+00,1.0000000000e+00,0.0000000000e+00
0.0000000000e+00,1.0000000000e+00,0.0000000000e+00
0.0000000000e+00,1.0000000000e+00,0.0000000000e+00
0.0000000000e+00,1.0000000000e+00,0.0000000000e+00
0.0000000000e+00,1.0000000000e+00,0.0000000000e+00
0.0000000000e+00,1.0000000000e+00,0.0000000000e+00
0.0000000000e+00,1.0000000000e+00,0.0000000000e+00
0.0000000000e+00,1.0000000000e+00,0.0000000000e+00
0.0000000000e+00,1.0000000000e+00,0.0000000000e+00
0.0000000000e+00,1.0000000000e+00,0.0000000000e+00
0.0000000000e+00,1.0000000000e+00,0.0000000000e+00
0.0000000000e+00,1.0000000000e+00,0.0000000000e+00
0.0000000000e+00,1.0000000000e+00,0.0000000000e+00
0.0000000000e+00,1.0000000000e+00,0.0000000000e+00
0.0000000000e+00,1.0000000000e+00,0.0000000000e+00
0.0000000000e+00,1.0000000000e+00,0.0000000000e+00
0.0000000000e+00,1.0000000000e+00,0.0000000000e+00
0.0000000000e+00,1.0000000000e+00,0.0000000000e+00
0.0000000000e+00,1.0000000000e+00,0.0000000000e+00
0.0000000000e+00,1.0000000000e+00,0.0000000000e+00
0.0000000000e+00,1.0000000000e+00,0.0000000000e+00
0.0000000000e+00,1.0000000000e+00,0.0000000000e+00
0.0000000000e+00,1.0000000000e+00,0.0000000000e+00
0.0000000000e+00,1.0000000000e+00,0.0000000000e+00
0.0000000000e+00,1.0000000000e+00,0.0000000000e+00
0.0000000000e+00,1.0000000000e+00,0.0000000000e+00
0.0000000000e+00,1.0000000000e+00,0.0000000000e+00
0.0000000000e+00,1.0000000000e+00,0.0000000000e+00
0.0000000000e+00,1.0000000000e+00,0.0000000000e+00
0.0000000000e+00,1.0000000000e+00,0.0000000000e+00
0.0000000000e+00,1.0000000000e+00,0.0000000000e+00
0.0000000000e+00,1.0000000000e+00,0.0000000000e+00
0.0000000000e+00,1.0000000000e+00,0.0000000000e+00
0.0000000000e+00,1.0000000000e+00,0.0000000000e+00
0.0000000000e+00,1.0000000000e+00,0.0000000000e+00
0.0000000000e+00,1.0000000000e+00,0.0000000000e+00
0.0000000000e+00,1.0000000000e+00,0.0000000000e+00
0.0000000000e+00,1.0000000000e+00,0.0000000000e+00
0.0000000000e+00,1.0000000000e+00,0.0000000000e+00
0.0000000000e+00,1.0000000000e+00,0.0000000000e+00
0.0000000000e+00,1.0000000000e+00,0.0000000000e+00
0.0000000000e+00,1.0000000000e+00,0.0000000000e+00
0.0000000000e+00,1.0000000000e+00,0.0000000000e+00
0.0000000000e+00,1.0000000000e+00,0.0000000000e+00
0.0000000000e+00,1.0000000000e+00,0.0000000000e+00
0.0000000000e+00,1.0000000000e+00,0.0000000000e+00
0.0000000000e+00,1.0000000000e+00,0.0000000000e+00
0.0000000000e+00,1.0000000000e+00,0.0000000000e+00
0.0000000000e+00,1.0000000000e+00,0.0000000000e+00
0.0000000000e+00,1.0000000000e+00,0.0000000000e+00
0.0000000000e+00,1.0000000000e+00,0.0000000000e+00
0.0000000000e+00,1.0000000000e+00,0.0000000000e+00
0.0000000000e+00,1.0000000000e+00,0.0000000000e+00
0.0000000000e+00,1.0000000000e+00,0.0000000000e+00
0.0000000000e+00,1.0000000000e+00,0.0000000000e+00
0.0000000000e+00,1.0000000000e+00,0.0000000000e+00
0.0000000000e+00,1.0000000000e+00,0.0000000000e+00
0.0000000000e+00,1.0000000000e+00,0.0000000000e+00
0.0000000000e+00,1.0000000000e+00,0.0000000000e+00
0.0000000000e+00,1.0000000000e+00,0.0000000000e+00
0.0000000000e+00,1.0000000000e+00,0.0000000000e+00
0.0000000000e+00,1.0000000000e+00,0.0000000000e+00
0.0000000000e+00,1.0000000000e+00,0.0000000000e+00
0.0000000000e+00,1.0000000000e+00,0.0000000000e+00
0.0000000000e+00,1.0000000000e+00,0.0000000000e+00
0.0000000000e+00,1.0000000000e+00,0.0000000000e+00
0.0000000000e+00,1.0000000000e+00,0.0000000000e+00
0.0000000000e+00,1.0000000000e+00,0.0000000000e+00
0.0000000000e+00,1.0000000000e+00,0.0000000000e+00
0.0000000000e+00,1.0000000000e+00,0.0000000000e+00
0.0000000000e+00,1.0000000000e+00,0.0000000000e+00
0.0000000000e+00,1.0000000000e+00,0.0000000000e+00
0.0000000000e+00,1.0000000000e+00,0.0000000000e+00
0.0000000000e+00,1.0000000000e+00,0.0000000000e+00
0.0000000000e+00,1.0000000000e+00,0.0000000000e+00
0.0000000000e+00,1.0000000000e+00,0.0000000000e+00
0.0000000000e+00,1.0000000000e+00,0.0000000000e+00
0.0000000000e+00,1.0000000000e+00,0.0000000000e+00
0.0000000000e+00,1.0000000000e+00,0.0000000000e+00
0.0000000000e+00,1.0000000000e+00,0.0000000000e+00
0.0000000000e+00,1.0000000000e+00,0.0000000000e+00
0.0000000000e+00,1.0000000000e+00,0.0000000000e+00
0.0000000000e+00,1.0000000000e+00,0.0000000000e+00
0.0000000000e+00,1.0000000000e+00,0.0000000000e+00
0.0000000000e+00,1.0000000000e+00,0.0000000000e+00
0.0000000000e+00,1.0000000000e+00,0.0000000000e+00
0.0000000000e+00,1.0000000000e+00,0.0000000000e+00
0.0000000000e+00,1.0000000000e+00,0.0000000000e+00
0.0000000000e+00,1.0000000000e+00,0.0000000000e+00
0.0000000000e+00,1.0000000000e+00,0.0000000000e+00
0.0000000000e+00,1.0000000000e+00,0.0000000000e+00
0.0000000000e+00,1.0000000000e+00,0.0000000000e+00
0.0000000000e+00,1.0000000000e+00,0.0000000000e+00
0.0000000000e+00,1.0000000000e+00,0.0000000000e+00
0.0000000000e+00,1.0000000000e+00,0.0000000000e+00
0.0000000000e+00,1.0000000000e+00,0.0000000000e+00
0.0000000000e+00,1.0000000000e+00,0.0000000000e+00
0.0000000000e+00,1.0000000000e+00,0.0000000000e+00
0.0000000000e+00,1.0000000000e+00,0.0000000000e+00
0.0000000000e+00,1.0000000000e+00,0.0000000000e+00
0.0000000000e+00,1.0000000000e+00,0.0000000000e+00
0.0000000000e+00,1.0000000000e+00,0.0000000000e+00
0.0000000000e+00,1.0000000000e+00,0.0000000000e+00
0.0000000000e+00,1.0000000000e+00,0.0000000000e+00
0.0000000000e+00,1.0000000000e+00,0.0000000000e+00
0.0000000000e+00,1.0000000000e+00,0.0000000000e+00
0.0000000000e+00,1.0000000000e+00,0.0000000000e+00
0.0000000000e+00,1.0000000000e+00,0.0000000000e+00
0.0000000000e+00,1.0000000000e+00,0.0000000000e+00
0.0000000000e+00,1.0000000000e+00,0.0000000000e+00
0.0000000000e+00,1.0000000000e+00,0.0000000000e+00
0.0000000000e+00,1.0000000000e+00,0.0000000000e+00
0.0000000000e+00,1.0000000000e+00,0.0000000000e+00
0.0000000000e+00,1.0000000000e+00,0.0000000000e+00
0.0000000000e+00,1.0000000000e+00,0.0000000000e+00
0.0000000000e+00,1.0000000000e+00,0.0000000000e+00
0.0000000000e+00,1.0000000000e+00,0.0000000000e+00
0.0000000000e+00,1.0000000000e+00,0.0000000000e+00
0.0000000000e+00,1.0000000000e+00,0.0000000000e+00
0.0000000000e+00,1.0000000000e+00,0.0000000000e+00
0.0000000000e+00,1.0000000000e+00,0.0000000000e+00
0.0000000000e+00,1.0000000000e+00,0.0000000000e+00
0.0000000000e+00,1.0000000000e+00,0.0000000000e+00
0.0000000000e+00,1.0000000000e+00,0.0000000000e+00
0.0000000000e+00,1.0000000000e+00,0.0000000000e+00
0.0000000000e+00,1.0000000000e+00,0.0000000000e+00
0.0000000000e+00,1.0000000000e+00,0.0000000000e+00
0.0000000000e+00,1.0000000000e+00,0.0000000000e+00
0.0000000000e+00,1.0000000000e+00,0.0000000000e+00
0.0000000000e+00,1.0000000000e+00,0.0000000000e+00
0.0000000000e+00,1.0000000000e+00,0.0000000000e+00
0.0000000000e+00,1.0000000000e+00,0.0000000000e+00
0.0000000000e+00,1.0000000000e+00,0.0000000000e+00
0.0000000000e+00,1.0000000000e+00,0.0000000000e+00
0.0000000000e+00,1.0000000000e+00,0.0000000000e+00
0.0000000000e+00,1.0000000000e+00,0.0000000000e+00
0.0000000000e+00,1.0000000000e+00,0.0000000000e+00
0.0000000000e+00,1.0000000000e+00,0.0000000000e+00
0.0000000000e+00,1.0000000000e+00,0.0000000000e+00
0.0000000000e+00,1.0000000000e+00,0.0000000000e+00
0.0000000000e+00,1.0000000000e+00,0.0000000000e+00
0.0000000000e+00,1.0000000000e+00,0.0000000000e+00
0.0000000000e+00,1.0000000000e+00,0.0000000000e+00
0.0000000000e+00,1.0000000000e+00,0.0000000000e+00
0.0000000000e+00,1.0000000000e+00,0.0000000000e+00
0.0000000000e+00,1.0000000000e+00,0.0000000000e+00
0.0000000000e+00,1.0000000000e+00,0.0000000000e+00
0.0000000000e+00,1.0000000000e+00,0.0000000000e+00
0.0000000000e+00,1.0000000000e+00,0.0000000000e+00
0.0000000000e+00,1.0000000000e+00,0.0000000000e+00
0.0000000000e+00,1.0000000000e+00,0.0000000000e+00
0.0000000000e+00,1.0000000000e+00,0.0000000000e+00
0.0000000000e+00,1.0000000000e+00,0.0000000000e+00
0.0000000000e+00,1.0000000000e+00,0.0000000000e+00
0.0000000000e+00,1.0000000000e+00,0.0000000000e+00
0.0000000000e+00,1.0000000000e+00,0.0000000000e+00
0.0000000000e+00,1.0000000000e+00,0.0000000000e+00
0.0000000000e+00,1.0000000000e+00,0.0000000000e+00
0.0000000000e+00,1.0000000000e+00,0.0000000000e+00
0.0000000000e+00,1.0000000000e+00,0.0000000000e+00
0.0000000000e+00,1.0000000000e+00,0.0000000000e+00
0.0000000000e+00,1.0000000000e+00,0.0000000000e+00
0.0000000000e+00,1.0000000000e+00,0.0000000000e+00
0.0000000000e+00,1.0000000000e+00,0.0000000000e+00
0.0000000000e+00,1.0000000000e+00,0.0000000000e+00
0.0000000000e+00,1.0000000000e+00,0.0000000000e+00
0.0000000000e+00,1.0000000000e+00,0.0000000000e+00
0.0000000000e+00,1.0000000000e+00,0.0000000000e+00
0.0000000000e+00,1.0000000000e+00,0.0000000000e+00
0.0000000000e+00,1.0000000000e+00,0.0000000000e+00
0.0000000000e+00,1.0000000000e+00,0.0000000000e+00
0.0000000000e+00,1.0000000000e+00,0.0000000000e+00
0.0000000000e+00,1.0000000000e+00,0.0000000000e+00
0.0000000000e+00,1.0000000000e+00,0.0000000000e+00
0.0000000000e+00,1.0000000000e+00,0.0000000000e+00
0.0000000000e+00,1.0000000000e+00,0.0000000000e+00
0.0000000000e+00,1.0000000000e+00,0.0000000000e+00
0.0000000000e+00,1.0000000000e+00,0.0000000000e+00
0.0000000000e+00,1.0000000000e+00,0.0000000000e+00
0.0000000000e+00,1.0000000000e+00,0.0000000000e+00
0.0000000000e+00,1.0000000000e+00,0.0000000000e+00
0.0000000000e+00,1.0000000000e+00,0.0000000000e+00
0.0000000000e+00,1.0000000000e+00,0.0000000000e+00
0.0000000000e+00,1.0000000000e+00,0.0000000000e+00
0.0000000000e+00,1.0000000000e+00,0.0000000000e+00
0.0000000000e+00,1.0000000000e+00,0.0000000000e+00
0.0000000000e+00,1.0000000000e+00,0.0000000000e+00
0.0000000000e+00,1.0000000000e+00,0.0000000000e+00
0.0000000000e+00,1.0000000000e+00,0.0000000000e+00
0.0000000000e+00,1.0000000000e+00,0.0000000000e+00
0.0000000000e+00,1.0000000000e+00,0.0000000000e+00
0.0000000000e+00,1.0000000000e+00,0.0000000000e+00
0.0000000000e+00,1.0000000000e+00,0.0000000000e+00
0.0000000000e+00,1.0000000000e+00,0.0000000000e+00
0.0000000000e+00,1.0000000000e+00,0.0000000000e+00
0.0000000000e+00,1.0000000000e+00,0.0000000000e+00
0.0000000000e+00,1.0000000000e+00,0.0000000000e+00
0.0000000000e+00,1.0000000000e+00,0.0000000000e+00
0.0000000000e+00,1.0000000000e+00,0.0000000000e+00
0.0000000000e+00,1.0000000000e+00,0.0000000000e+00
0.0000000000e+00,1.0000000000e+00,0.0000000000e+00
0.0000000000e+00,1.0000000000e+00,0.0000000000e+00
0.0000000000e+00,1.0000000000e+00,0.0000000000e+00
0.0000000000e+00,1.0000000000e+00,0.0000000000e+00
0.0000000000e+00,1.0000000000e+00,0.0000000000e+00
0.0000000000e+00,1.0000000000e+00,0.0000000000e+00
0.0000000000e+00,1.0000000000e+00,0.0000000000e+00
0.0000000000e+00,1.0000000000e+00,0.0000000000e+00
0.0000000000e+00,1.0000000000e+00,0.0000000000e+00
0.0000000000e+00,1.0000000000e+00,0.0000000000e+00
0.0000000000e+00,1.0000000000e+00,0.0000000000e+00
0.0000000000e+00,1.0000000000e+00,0.0000000000e+00
0.0000000000e+00,1.0000000000e+00,0.0000000000e+00
0.0000000000e+00,1.0000000000e+00,0.0000000000e+00
0.0000000000e+00,1.0000000000e+00,0.0000000000e+00
0.0000000000e+00,1.0000000000e+00,0.0000000000e+00
0.0000000000e+00,1.0000000000e+00,0.0000000000e+00
0.0000000000e+00,1.0000000000e+00,0.0000000000e+00
0.0000000000e+00,1.0000000000e+00,0.0000000000e+00
0.0000000000e+00,1.0000000000e+00,0.0000000000e+00
0.0000000000e+00,1.0000000000e+00,0.0000000000e+00
0.0000000000e+00,1.0000000000e+00,0.0000000000e+00
0.0000000000e+00,1.0000000000e+00,0.0000000000e+00
0.0000000000e+00,1.0000000000e+00,0.0000000000e+00
0.0000000000e+00,1.0000000000e+00,0.0000000000e+00
0.0000000000e+00,1.0000000000e+00,0.0000000000e+00
0.0000000000e+00,1.0000000000e+00,0.0000000000e+00
0.0000000000e+00,1.0000000000e+00,0.0000000000e+00
0.0000000000e+00,1.0000000000e+00,0.0000000000e+00
0.0000000000e+00,1.0000000000e+00,0.0000000000e+00
0.0000000000e+00,1.0000000000e+00,0.0000000000e+00
0.0000000000e+00,1.0000000000e+00,0.0000000000e+00
0.0000000000e+00,1.0000000000e+00,0.0000000000e+00
0.0000000000e+00,1.0000000000e+00,0.0000000000e+00
0.0000000000e+00,1.0000000000e+00,0.0000000000e+00
0.0000000000e+00,1.0000000000e+00,0.0000000000e+00
0.0000000000e+00,1.0000000000e+00,0.0000000000e+00
0.0000000000e+00,1.0000000000e+00,0.0000000000e+00
0.0000000000e+00,1.0000000000e+00,0.0000000000e+00
0.0000000000e+00,1.0000000000e+00,0.0000000000e+00
0.0000000000e+00,1.0000000000e+00,0.0000000000e+00
0.0000000000e+00,1.0000000000e+00,0.0000000000e+00
0.0000000000e+00,1.0000000000e+00,0.0000000000e+00
0.0000000000e+00,1.0000000000e+00,0.0000000000e+00
0.0000000000e+00,1.0000000000e+00,0.0000000000e+00
0.0000000000e+00,1.0000000000e+00,0.0000000000e+00
0.0000000000e+00,1.0000000000e+00,0.0000000000e+00
0.0000000000e+00,1.0000000000e+00,0.0000000000e+00
0.0000000000e+00,1.0000000000e+00,0.0000000000e+00
0.0000000000e+00,1.0000000000e+00,0.0000000000e+00
0.0000000000e+00,1.0000000000e+00,0.0000000000e+00
0.0000000000e+00,1.0000000000e+00,0.0000000000e+00
0.0000000000e+00,1.0000000000e+00,0.0000000000e+00
0.0000000000e+00,1.0000000000e+00,0.0000000000e+00
0.0000000000e+00,1.0000000000e+00,0.0000000000e+00
0.0000000000e+00,1.0000000000e+00,0.0000000000e+00
0.0000000000e+00,1.0000000000e+00,0.0000000000e+00
0.0000000000e+00,1.0000000000e+00,0.0000000000e+00
0.0000000000e+00,1.0000000000e+00,0.0000000000e+00
0.0000000000e+00,1.0000000000e+00,0.0000000000e+00
0.0000000000e+00,1.0000000000e+00,0.0000000000e+00
0.0000000000e+00,1.0000000000e+00,0.0000000000e+00
0.0000000000e+00,1.0000000000e+00,0.0000000000e+00
0.0000000000e+00,1.0000000000e+00,0.0000000000e+00
0.0000000000e+00,1.0000000000e+00,0.0000000000e+00
0.0000000000e+00,1.0000000000e+00,0.0000000000e+00
0.0000000000e+00,1.0000000000e+00,0.0000000000e+00
0.0000000000e+00,1.0000000000e+00,0.0000000000e+00
0.0000000000e+00,1.0000000000e+00,0.0000000000e+00
0.0000000000e+00,1.0000000000e+00,0.0000000000e+00
0.0000000000e+00,1.0000000000e+00,0.0000000000e+00
0.0000000000e+00,1.0000000000e+00,0.0000000000e+00
0.0000000000e+00,1.0000000000e+00,0.0000000000e+00
0.0000000000e+00,1.0000000000e+00,0.0000000000e+00
0.0000000000e+00,1.0000000000e+00,0.0000000000e+00
0.0000000000e+00,1.0000000000e+00,0.0000000000e+00
0.0000000000e+00,1.0000000000e+00,0.0000000000e+00
0.0000000000e+00,1.0000000000e+00,0.0000000000e+00
0.0000000000e+00,1.0000000000e+00,0.0000000000e+00
0.0000000000e+00,1.0000000000e+00,0.0000000000e+00
0.0000000000e+00,1.0000000000e+00,0.0000000000e+00
0.0000000000e+00,1.0000000000e+00,0.0000000000e+00
0.0000000000e+00,1.0000000000e+00,0.0000000000e+00
0.0000000000e+00,1.0000000000e+00,0.0000000000e+00
0.0000000000e+00,1.0000000000e+00,0.0000000000e+00
0.0000000000e+00,1.0000000000e+00,0.0000000000e+00
0.0000000000e+00,1.0000000000e+00,0.0000000000e+00
0.0000000000e+00,1.0000000000e+00,0.0000000000e+00
0.0000000000e+00,1.0000000000e+00,0.0000000000e+00
0.0000000000e+00,1.0000000000e+00,0.0000000000e+00
0.0000000000e+00,1.0000000000e+00,0.0000000000e+00
0.0000000000e+00,1.0000000000e+00,0.0000000000e+00
0.0000000000e+00,1.0000000000e+00,0.0000000000e+00
0.0000000000e+00,1.0000000000e+00,0.0000000000e+00
0.0000000000e+00,1.0000000000e+00,0.0000000000e+00
0.0000000000e+00,1.0000000000e+00,0.0000000000e+00
0.0000000000e+00,1.0000000000e+00,0.0000000000e+00
0.0000000000e+00,1.0000000000e+00,0.0000000000e+00
0.0000000000e+00,1.0000000000e+00,0.0000000000e+00
0.0000000000e+00,1.0000000000e+00,0.0000000000e+00
0.0000000000e+00,1.0000000000e+00,0.0000000000e+00
0.0000000000e+00,1.0000000000e+00,0.0000000000e+00
0.0000000000e+00,1.0000000000e+00,0.0000000000e+00
0.0000000000e+00,1.0000000000e+00,0.0000000000e+00
0.0000000000e+00,1.0000000000e+00,0.0000000000e+00
0.0000000000e+00,1.0000000000e+00,0.0000000000e+00
0.0000000000e+00,1.0000000000e+00,0.0000000000e+00
0.0000000000e+00,1.0000000000e+00,0.0000000000e+00
0.0000000000e+00,1.0000000000e+00,0.0000000000e+00
0.0000000000e+00,1.0000000000e+00,0.0000000000e+00
0.0000000000e+00,1.0000000000e+00,0.0000000000e+00
0.0000000000e+00,1.0000000000e+00,0.0000000000e+00
0.0000000000e+00,1.0000000000e+00,0.0000000000e+00
0.0000000000e+00,1.0000000000e+00,0.0000000000e+00
0.0000000000e+00,1.0000000000e+00,0.0000000000e+00
0.0000000000e+00,1.0000000000e+00,0.0000000000e+00
0.0000000000e+00,1.0000000000e+00,0.0000000000e+00
0.0000000000e+00,1.0000000000e+00,0.0000000000e+00
0.0000000000e+00,1.0000000000e+00,0.0000000000e+00
0.0000000000e+00,1.0000000000e+00,0.0000000000e+00
0.0000000000e+00,1.0000000000e+00,0.0000000000e+00
0.0000000000e+00,1.0000000000e+00,0.0000000000e+00
0.0000000000e+00,1.0000000000e+00,0.0000000000e+00
0.0000000000e+00,1.0000000000e+00,0.0000000000e+00
0.0000000000e+00,1.0000000000e+00,0.0000000000e+00
0.0000000000e+00,1.0000000000e+00,0.0000000000e+00
0.0000000000e+00,1.0000000000e+00,0.0000000000e+00
0.0000000000e+00,1.0000000000e+00,0.0000000000e+00
0.0000000000e+00,1.0000000000e+00,0.0000000000e+00
0.0000000000e+00,1.0000000000e+00,0.0000000000e+00
0.0000000000e+00,1.0000000000e+00,0.0000000000e+00
0.0000000000e+00,1.0000000000e+00,0.0000000000e+00
0.0000000000e+00,1.0000000000e+00,0.0000000000e+00
0.0000000000e+00,1.0000000000e+00,0.0000000000e+00
0.0000000000e+00,1.0000000000e+00,0.0000000000e+00
0.0000000000e+00,1.0000000000e+00,0.0000000000e+00
0.0000000000e+00,1.0000000000e+00,0.0000000000e+00
0.0000000000e+00,1.0000000000e+00,0.0000000000e+00
0.0000000000e+00,1.0000000000e+00,0.0000000000e+00
0.0000000000e+00,1.0000000000e+00,0.0000000000e+00
0.0000000000e+00,1.0000000000e+00,0.0000000000e+00
0.0000000000e+00,1.0000000000e+00,0.0000000000e+00
0.0000000000e+00,1.0000000000e+00,0.0000000000e+00
0.0000000000e+00,1.0000000000e+00,0.0000000000e+00
0.0000000000e+00,1.0000000000e+00,0.0000000000e+00
0.0000000000e+00,1.0000000000e+00,0.0000000000e+00
0.0000000000e+00,1.0000000000e+00,0.0000000000e+00
0.0000000000e+00,1.0000000000e+00,0.0000000000e+00
0.0000000000e+00,1.0000000000e+00,0.0000000000e+00
0.0000000000e+00,1.0000000000e+00,0.0000000000e+00
0.0000000000e+00,1.0000000000e+00,0.0000000000e+00
0.0000000000e+00,1.0000000000e+00,0.0000000000e+00
0.0000000000e+00,1.0000000000e+00,0.0000000000e+00
0.0000000000e+00,1.0000000000e+00,0.0000000000e+00
0.0000000000e+00,1.0000000000e+00,0.0000000000e+00
0.0000000000e+00,1.0000000000e+00,0.0000000000e+00
0.0000000000e+00,1.0000000000e+00,0.0000000000e+00
0.0000000000e+00,1.0000000000e+00,0.0000000000e+00
0.0000000000e+00,1.0000000000e+00,0.0000000000e+00
0.0000000000e+00,1.0000000000e+00,0.0000000000e+00
0.0000000000e+00,1.0000000000e+00,0.0000000000e+00
0.0000000000e+00,1.0000000000e+00,0.0000000000e+00
0.0000000000e+00,1.0000000000e+00,0.0000000000e+00
0.0000000000e+00,1.0000000000e+00,0.0000000000e+00
0.0000000000e+00,1.0000000000e+00,0.0000000000e+00
0.0000000000e+00,1.0000000000e+00,0.0000000000e+00
0.0000000000e+00,1.0000000000e+00,0.0000000000e+00
0.0000000000e+00,1.0000000000e+00,0.0000000000e+00
0.0000000000e+00,1.0000000000e+00,0.0000000000e+00
0.0000000000e+00,1.0000000000e+00,0.0000000000e+00
0.0000000000e+00,1.0000000000e+00,0.0000000000e+00
0.0000000000e+00,1.0000000000e+00,0.0000000000e+00
0.0000000000e+00,1.0000000000e+00,0.0000000000e+00
0.0000000000e+00,1.0000000000e+00,0.0000000000e+00
0.0000000000e+00,1.0000000000e+00,0.0000000000e+00
0.0000000000e+00,1.0000000000e+00,0.0000000000e+00
0.0000000000e+00,1.0000000000e+00,0.0000000000e+00
0.0000000000e+00,1.0000000000e+00,0.0000000000e+00
0.0000000000e+00,1.0000000000e+00,0.0000000000e+00
0.0000000000e+00,1.0000000000e+00,0.0000000000e+00
0.0000000000e+00,1.0000000000e+00,0.0000000000e+00
0.0000000000e+00,1.0000000000e+00,0.0000000000e+00
0.0000000000e+00,1.0000000000e+00,0.0000000000e+00
0.0000000000e+00,1.0000000000e+00,0.0000000000e+00
0.0000000000e+00,1.0000000000e+00,0.0000000000e+00
0.0000000000e+00,1.0000000000e+00,0.0000000000e+00
0.0000000000e+00,1.0000000000e+00,0.0000000000e+00
0.0000000000e+00,1.0000000000e+00,0.0000000000e+00
0.0000000000e+00,1.0000000000e+00,0.0000000000e+00
0.0000000000e+00,1.0000000000e+00,0.0000000000e+00
0.0000000000e+00,1.0000000000e+00,0.0000000000e+00
0.0000000000e+00,1.0000000000e+00,0.0000000000e+00
0.0000000000e+00,1.0000000000e+00,0.0000000000e+00
0.0000000000e+00,1.0000000000e+00,0.0000000000e+00
0.0000000000e+00,1.0000000000e+00,0.0000000000e+00
0.0000000000e+00,1.0000000000e+00,0.0000000000e+00
0.0000000000e+00,1.0000000000e+00,0.0000000000e+00
0.0000000000e+00,1.0000000000e+00,0.0000000000e+00
0.0000000000e+00,1.0000000000e+00,0.0000000000e+00
0.0000000000e+00,1.0000000000e+00,0.0000000000e+00
0.0000000000e+00,1.0000000000e+00,0.0000000000e+00
0.0000000000e+00,1.0000000000e+00,0.0000000000e+00
0.0000000000e+00,1.0000000000e+00,0.0000000000e+00
0.0000000000e+00,1.0000000000e+00,0.0000000000e+00
0.0000000000e+00,1.0000000000e+00,0.0000000000e+00
0.0000000000e+00,1.0000000000e+00,0.0000000000e+00
0.0000000000e+00,1.0000000000e+00,0.0000000000e+00
0.0000000000e+00,1.0000000000e+00,0.0000000000e+00
0.0000000000e+00,1.0000000000e+00,0.0000000000e+00
0.0000000000e+00,1.0000000000e+00,0.0000000000e+00
0.0000000000e+00,1.0000000000e+00,0.0000000000e+00
0.0000000000e+00,1.0000000000e+00,0.0000000000e+00
0.0000000000e+00,1.0000000000e+00,0.0000000000e+00
0.0000000000e+00,1.0000000000e+00,0.0000000000e+00
0.0000000000e+00,1.0000000000e+00,0.0000000000e+00
0.0000000000e+00,1.0000000000e+00,0.0000000000e+00
0.0000000000e+00,1.0000000000e+00,0.0000000000e+00
0.0000000000e+00,1.0000000000e+00,0.0000000000e+00
0.0000000000e+00,1.0000000000e+00,0.0000000000e+00
0.0000000000e+00,1.0000000000e+00,0.0000000000e+00
0.0000000000e+00,1.0000000000e+00,0.0000000000e+00
0.0000000000e+00,1.0000000000e+00,0.0000000000e+00
0.0000000000e+00,1.0000000000e+00,0.0000000000e+00
0.0000000000e+00,1.0000000000e+00,0.0000000000e+00
0.0000000000e+00,1.0000000000e+00,0.0000000000e+00
0.0000000000e+00,1.0000000000e+00,0.0000000000e+00
0.0000000000e+00,1.0000000000e+00,0.0000000000e+00
0.0000000000e+00,1.0000000000e+00,0.0000000000e+00
0.0000000000e+00,1.0000000000e+00,0.0000000000e+00
0.0000000000e+00,1.0000000000e+00,0.0000000000e+00
0.0000000000e+00,1.0000000000e+00,0.0000000000e+00
0.0000000000e+00,1.0000000000e+00,0.0000000000e+00
0.0000000000e+00,1.0000000000e+00,0.0000000000e+00
0.0000000000e+00,1.0000000000e+00,0.0000000000e+00
0.0000000000e+00,1.0000000000e+00,0.0000000000e+00
0.0000000000e+00,1.0000000000e+00,0.0000000000e+00
0.0000000000e+00,1.0000000000e+00,0.0000000000e+00
0.0000000000e+00,1.0000000000e+00,0.0000000000e+00
0.0000000000e+00,1.0000000000e+00,0.0000000000e+00
0.0000000000e+00,1.0000000000e+00,0.0000000000e+00
0.0000000000e+00,1.0000000000e+00,0.0000000000e+00
0.0000000000e+00,1.0000000000e+00,0.0000000000e+00
0.0000000000e+00,1.0000000000e+00,0.0000000000e+00
0.0000000000e+00,1.0000000000e+00,0.0000000000e+00
0.0000000000e+00,1.0000000000e+00,0.0000000000e+00
0.0000000000e+00,1.0000000000e+00,0.0000000000e+00
0.0000000000e+00,1.0000000000e+00,0.0000000000e+00
0.0000000000e+00,1.0000000000e+00,0.0000000000e+00
0.0000000000e+00,1.0000000000e+00,0.0000000000e+00
0.0000000000e+00,1.0000000000e+00,0.0000000000e+00
0.0000000000e+00,1.0000000000e+00,0.0000000000e+00
0.0000000000e+00,1.0000000000e+00,0.0000000000e+00
0.0000000000e+00,1.0000000000e+00,0.0000000000e+00
0.0000000000e+00,1.0000000000e+00,0.0000000000e+00
0.0000000000e+00,1.0000000000e+00,0.0000000000e+00
0.0000000000e+00,1.0000000000e+00,0.0000000000e+00
0.0000000000e+00,1.0000000000e+00,0.0000000000e+00
0.0000000000e+00,1.0000000000e+00,0.0000000000e+00
0.0000000000e+00,1.0000000000e+00,0.0000000000e+00
0.0000000000e+00,1.0000000000e+00,0.0000000000e+00
0.0000000000e+00,1.0000000000e+00,0.0000000000e+00
0.0000000000e+00,1.0000000000e+00,0.0000000000e+00
0.0000000000e+00,1.0000000000e+00,0.0000000000e+00
0.0000000000e+00,1.0000000000e+00,0.0000000000e+00
0.0000000000e+00,1.0000000000e+00,0.0000000000e+00
0.0000000000e+00,1.0000000000e+00,0.0000000000e+00
0.0000000000e+00,1.0000000000e+00,0.0000000000e+00
0.0000000000e+00,1.0000000000e+00,0.0000000000e+00
0.0000000000e+00,1.0000000000e+00,0.0000000000e+00
0.0000000000e+00,1.0000000000e+00,0.0000000000e+00
0.0000000000e+00,1.0000000000e+00,0.0000000000e+00
0.0000000000e+00,1.0000000000e+00,0.0000000000e+00
0.0000000000e+00,1.0000000000e+00,0.0000000000e+00
0.0000000000e+00,1.0000000000e+00,0.0000000000e+00
0.0000000000e+00,1.0000000000e+00,0.0000000000e+00
0.0000000000e+00,1.0000000000e+00,0.0000000000e+00
0.0000000000e+00,1.0000000000e+00,0.0000000000e+00
0.0000000000e+00,1.0000000000e+00,0.0000000000e+00
0.0000000000e+00,1.0000000000e+00,0.0000000000e+00
0.0000000000e+00,1.0000000000e+00,0.0000000000e+00
0.0000000000e+00,1.0000000000e+00,0.0000000000e+00
0.0000000000e+00,1.0000000000e+00,0.0000000000e+00
0.0000000000e+00,1.0000000000e+00,0.0000000000e+00
0.0000000000e+00,1.0000000000e+00,0.0000000000e+00
0.0000000000e+00,1.0000000000e+00,0.0000000000e+00
0.0000000000e+00,1.0000000000e+00,0.0000000000e+00
0.0000000000e+00,1.0000000000e+00,0.0000000000e+00
0.0000000000e+00,1.0000000000e+00,0.0000000000e+00
0.0000000000e+00,1.0000000000e+00,0.0000000000e+00
0.0000000000e+00,1.0000000000e+00,0.0000000000e+00
0.0000000000e+00,1.0000000000e+00,0.0000000000e+00
0.0000000000e+00,1.0000000000e+00,0.0000000000e+00
0.0000000000e+00,1.0000000000e+00,0.0000000000e+00
0.0000000000e+00,1.0000000000e+00,0.0000000000e+00
0.0000000000e+00,1.0000000000e+00,0.0000000000e+00
0.0000000000e+00,1.0000000000e+00,0.0000000000e+00
0.0000000000e+00,1.0000000000e+00,0.0000000000e+00
0.0000000000e+00,1.0000000000e+00,0.0000000000e+00
0.0000000000e+00,1.0000000000e+00,0.0000000000e+00
0.0000000000e+00,1.0000000000e+00,0.0000000000e+00
0.0000000000e+00,1.0000000000e+00,0.0000000000e+00
0.0000000000e+00,1.0000000000e+00,0.0000000000e+00
0.0000000000e+00,1.0000000000e+00,0.0000000000e+00
0.0000000000e+00,1.0000000000e+00,0.0000000000e+00
0.0000000000e+00,1.0000000000e+00,0.0000000000e+00
0.0000000000e+00,1.0000000000e+00,0.0000000000e+00
0.0000000000e+00,1.0000000000e+00,0.0000000000e+00
0.0000000000e+00,1.0000000000e+00,0.0000000000e+00
0.0000000000e+00,1.0000000000e+00,0.0000000000e+00
0.0000000000e+00,1.0000000000e+00,0.0000000000e+00
0.0000000000e+00,1.0000000000e+00,0.0000000000e+00
0.0000000000e+00,1.0000000000e+00,0.0000000000e+00
0.0000000000e+00,1.0000000000e+00,0.0000000000e+00
0.0000000000e+00,1.0000000000e+00,0.0000000000e+00
0.0000000000e+00,1.0000000000e+00,0.0000000000e+00
0.0000000000e+00,1.0000000000e+00,0.0000000000e+00
0.0000000000e+00,1.0000000000e+00,0.0000000000e+00
0.0000000000e+00,1.0000000000e+00,0.0000000000e+00
0.0000000000e+00,1.0000000000e+00,0.0000000000e+00
0.0000000000e+00,1.0000000000e+00,0.0000000000e+00
0.0000000000e+00,1.0000000000e+00,0.0000000000e+00
0.0000000000e+00,1.0000000000e+00,0.0000000000e+00
0.0000000000e+00,1.0000000000e+00,0.0000000000e+00
0.0000000000e+00,1.0000000000e+00,0.0000000000e+00
0.0000000000e+00,1.0000000000e+00,0.0000000000e+00
0.0000000000e+00,1.0000000000e+00,0.0000000000e+00
0.0000000000e+00,1.0000000000e+00,0.0000000000e+00
0.0000000000e+00,1.0000000000e+00,0.0000000000e+00
0.0000000000e+00,1.0000000000e+00,0.0000000000e+00
0.0000000000e+00,1.0000000000e+00,0.0000000000e+00
0.0000000000e+00,1.0000000000e+00,0.0000000000e+00
0.0000000000e+00,1.0000000000e+00,0.0000000000e+00
0.0000000000e+00,1.0000000000e+00,0.0000000000e+00
0.0000000000e+00,1.0000000000e+00,0.0000000000e+00
0.0000000000e+00,1.0000000000e+00,0.0000000000e+00
0.0000000000e+00,1.0000000000e+00,0.0000000000e+00
0.0000000000e+00,1.0000000000e+00,0.0000000000e+00
0.0000000000e+00,1.0000000000e+00,0.0000000000e+00
0.0000000000e+00,1.0000000000e+00,0.0000000000e+00
0.0000000000e+00,1.0000000000e+00,0.0000000000e+00
0.0000000000e+00,1.0000000000e+00,0.0000000000e+00
0.0000000000e+00,1.0000000000e+00,0.0000000000e+00
0.0000000000e+00,1.0000000000e+00,0.0000000000e+00
0.0000000000e+00,1.0000000000e+00,0.0000000000e+00
0.0000000000e+00,1.0000000000e+00,0.0000000000e+00
0.0000000000e+00,1.0000000000e+00,0.0000000000e+00
0.0000000000e+00,1.0000000000e+00,0.0000000000e+00
0.0000000000e+00,1.0000000000e+00,0.0000000000e+00
0.0000000000e+00,1.0000000000e+00,0.0000000000e+00
0.0000000000e+00,1.0000000000e+00,0.0000000000e+00
0.0000000000e+00,1.0000000000e+00,0.0000000000e+00
0.0000000000e+00,1.0000000000e+00,0.0000000000e+00
