0.0000000000e+00,9.0000000000e-01,0.0000000000e+00
0.0000000000e+00,8.0000000000e-01,0.0000000000e+00
0.0000000000e+00,7.0000000000e-01,0.0000000000e+00
0.0000000000e+00,6.0000000000e-01,0.0000000000e+00
0.0000000000e+00,6.0000000000e-01,0.0000000000e+00
0.0000000000e+00,6.0000000000e-01,0.0000000000e+00
0.0000000000e+00,6.0000000000e-01,0.0000000000e+00
0.0000000000e+00,6.0000000000e-01,0.0000000000e+00
0.0000000000e+00,6.0000000000e-01,0.0000000000e+00
0.0000000000e+00,6.0000000000e-01,0.0000000000e+00
0.0000000000e+00,6.0000000000e-01,0.0000000000e+00
0.0000000000e+00,6.0000000000e-01,0.0000000000e+00
0.0000000000e+00,6.0000000000e-01,0.0000000000e+00
0.0000000000e+00,6.0000000000e-01,0.0000000000e+00
0.0000000000e+00,6.0000000000e-01,0.0000000000e+00
0.0000000000e+00,6.0000000000e-01,0.0000000000e+00
0.0000000000e+00,6.0000000000e-01,0.0000000000e+00
0.0000000000e+00,6.0000000000e-01,0.0000000000e+00
0.0000000000e+00,6.0000000000e-01,0.0000000000e+00
0.0000000000e+00,6.0000000000e-01,0.0000000000e+00
0.0000000000e+00,6.0000000000e-01,0.0000000000e+00
0.0000000000e+00,6.0000000000e-01,0.0000000000e+00
0.0000000000e+00,6.0000000000e-01,0.0000000000e+00
0.0000000000e+00,6.0000000000e-01,0.0000000000e+00
0.0000000000e+00,6.0000000000e-01,0.0000000000e+00
0.0000000000e+00,6.0000000000e-01,0.0000000000e+00
0.0000000000e+00,6.0000000000e-01,0.0000000000e+00
0.0000000000e+00,6.0000000000e-01,0.0000000000e+00
0.0000000000e+00,6.0000000000e-01,0.0000000000e+00
0.0000000000e+00,6.0000000000e-01,0.0000000000e+00
0.0000000000e+00,6.0000000000e-01,0.0000000000e+00
0.0000000000e+00,6.0000000000e-01,0.0000000000e+00
0.0000000000e+00,6.0000000000e-01,0.0000000000e+00
0.0000000000e+00,6.0000000000e-01,0.0000000000e+00
0.0000000000e+00,6.0000000000e-01,0.0000000000e+00
0.0000000000e+00,6.0000000000e-01,0.0000000000e+00
0.0000000000e+00,6.0000000000e-01,0.0000000000e+00
0.0000000000e+00,6.0000000000e-01,0.0000000000e+00
0.0000000000e+00,6.0000000000e-01,0.0000000000e+00
0.0000000000e+00,6.0000000000e-01,0.0000000000e+00
0.0000000000e+00,6.0000000000e-01,0.0000000000e+00
0.0000000000e+00,6.0000000000e-01,0.0000000000e+00
0.0000000000e+00,6.0000000000e-01,0.0000000000e+00
0.0000000000e+00,6.0000000000e-01,0.0000000000e+00
0.0000000000e+00,6.0000000000e-01,0.0000000000e+00
0.0000000000e+00,6.0000000000e-01,0.0000000000e+00
0.0000000000e+00,6.0000000000e-01,0.0000000000e+00
0.0000000000e+00,6.0000000000e-01,0.0000000000e+00
0.0000000000e+00,6.0000000000e-01,0.0000000000e+00
0.0000000000e+00,6.0000000000e-01,0.0000000000e+00
0.0000000000e+00,6.0000000000e-01,0.0000000000e+00
0.0000000000e+00,6.0000000000e-01,0.0000000000e+00
0.0000000000e+00,6.0000000000e-01,0.0000000000e+00
0.0000000000e+00,6.0000000000e-01,0.0000000000e+00
0.0000000000e+00,6.0000000000e-01,0.0000000000e+00
0.0000000000e+00,6.0000000000e-01,0.0000000000e+00
0.0000000000e+00,6.0000000000e-01,0.0000000000e+00
0.0000000000e+00,6.0000000000e-01,0.0000000000e+00
0.0000000000e+00,6.0000000000e-01,0.0000000000e+00
0.0000000000e+00,6.0000000000e-01,0.0000000000e+00
0.0000000000e+00,6.0000000000e-01,0.0000000000e+00
0.0000000000e+00,6.0000000000e-01,0.0000000000e+00
0.0000000000e+00,6.0000000000e-01,0.0000000000e+00
0.0000000000e+00,6.0000000000e-01,0.0000000000e+00
0.0000000000e+00,6.0000000000e-01,0.0000000000e+00
0.0000000000e+00,6.0000000000e-01,0.0000000000e+00
0.0000000000e+00,6.0000000000e-01,0.0000000000e+00
0.0000000000e+00,6.0000000000e-01,0.0000000000e+00
0.0000000000e+00,6.0000000000e-01,0.0000000000e+00
0.0000000000e+00,6.0000000000e-01,0.0000000000e+00
0.0000000000e+00,6.0000000000e-01,0.0000000000e+00
0.0000000000e+00,6.0000000000e-01,0.0000000000e+00
0.0000000000e+00,6.0000000000e-01,0.0000000000e+00
0.0000000000e+00,6.0000000000e-01,0.0000000000e+00
0.0000000000e+00,6.0000000000e-01,0.0000000000e+00
0.0000000000e+00,6.0000000000e-01,0.0000000000e+00
0.0000000000e+00,6.0000000000e-01,0.0000000000e+00
0.0000000000e+00,6.0000000000e-01,0.0000000000e+00
0.0000000000e+00,6.0000000000e-01,0.0000000000e+00
0.0000000000e+00,6.0000000000e-01,0.0000000000e+00
0.0000000000e+00,6.0000000000e-01,0.0000000000e+00
0.0000000000e+00,6.0000000000e-01,0.0000000000e+00
0.0000000000e+00,6.0000000000e-01,0.0000000000e+00
0.0000000000e+00,6.0000000000e-01,0.0000000000e+00
0.0000000000e+00,6.0000000000e-01,0.0000000000e+00
0.0000000000e+00,6.0000000000e-01,0.0000000000e+00
0.0000000000e+00,6.0000000000e-01,0.0000000000e+00
0.0000000000e+00,6.0000000000e-01,0.0000000000e+00
0.0000000000e+00,6.0000000000e-01,0.0000000000e+00
0.0000000000e+00,6.0000000000e-01,0.0000000000e+00
0.0000000000e+00,6.0000000000e-01,0.0000000000e+00
0.0000000000e+00,6.0000000000e-01,0.0000000000e+00
0.0000000000e+00,6.0000000000e-01,0.0000000000e+00
0.0000000000e+00,6.0000000000e-01,0.0000000000e+00
0.0000000000e+00,6.0000000000e-01,0.0000000000e+00
0.0000000000e+00,6.0000000000e-01,0.0000000000e+00
0.0000000000e+00,6.0000000000e-01,0.0000000000e+00
0.0000000000e+00,6.0000000000e-01,0.0000000000e+00
0.0000000000e+00,6.0000000000e-01,0.0000000000e+00
0.0000000000e+00,6.0000000000e-01,0.0000000000e+00
0.0000000000e+00,6.0000000000e-01,0.0000000000e+00
0.0000000000e+00,6.0000000000e-01,0.0000000000e+00
0.0000000000e+00,6.0000000000e-01,0.0000000000e+00
0.0000000000e+00,6.0000000000e-01,0.0000000000e+00
0.0000000000e+00,6.0000000000e-01,0.0000000000e+00
0.0000000000e+00,6.0000000000e-01,0.0000000000e+00
0.0000000000e+00,6.0000000000e-01,0.0000000000e+00
0.0000000000e+00,6.0000000000e-01,0.0000000000e+00
0.0000000000e+00,6.0000000000e-01,0.0000000000e+00
0.0000000000e+00,6.0000000000e-01,0.0000000000e+00
0.0000000000e+00,6.0000000000e-01,0.0000000000e+00
0.0000000000e+00,6.0000000000e-01,0.0000000000e+00
0.0000000000e+00,6.0000000000e-01,0.0000000000e+00
0.0000000000e+00,6.0000000000e-01,0.0000000000e+00
0.0000000000e+00,6.0000000000e-01,0.0000000000e+00
0.0000000000e+00,6.0000000000e-01,0.0000000000e+00
0.0000000000e+00,6.0000000000e-01,0.0000000000e+00
0.0000000000e+00,6.0000000000e-01,0.0000000000e+00
0.0000000000e+00,6.0000000000e-01,0.0000000000e+00
0.0000000000e+00,6.0000000000e-01,0.0000000000e+00
0.0000000000e+00,6.0000000000e-01,0.0000000000e+00
0.0000000000e+00,6.0000000000e-01,0.0000000000e+00
0.0000000000e+00,6.0000000000e-01,0.0000000000e+00
0.0000000000e+00,6.0000000000e-01,0.0000000000e+00
0.0000000000e+00,6.0000000000e-01,0.0000000000e+00
0.0000000000e+00,6.0000000000e-01,0.0000000000e+00
0.0000000000e+00,6.0000000000e-01,0.0000000000e+00
0.0000000000e+00,6.0000000000e-01,0.0000000000e+00
0.0000000000e+00,6.0000000000e-01,0.0000000000e+00
0.0000000000e+00,6.0000000000e-01,0.0000000000e+00
0.0000000000e+00,6.0000000000e-01,0.0000000000e+00
0.0000000000e+00,6.0000000000e-01,0.0000000000e+00
0.0000000000e+00,6.0000000000e-01,0.0000000000e+00
0.0000000000e+00,6.0000000000e-01,0.0000000000e+00
0.0000000000e+00,6.0000000000e-01,0.0000000000e+00
0.0000000000e+00,6.0000000000e-01,0.0000000000e+00
0.0000000000e+00,6.0000000000e-01,0.0000000000e+00
0.0000000000e+00,6.0000000000e-01,0.0000000000e+00
0.0000000000e+00,6.0000000000e-01,0.0000000000e+00
0.0000000000e+00,6.0000000000e-01,0.0000000000e+00
0.0000000000e+00,6.0000000000e-01,0.0000000000e+00
0.0000000000e+00,6.0000000000e-01,0.0000000000e+00
0.0000000000e+00,6.0000000000e-01,0.0000000000e+00
0.0000000000e+00,6.0000000000e-01,0.0000000000e+00
0.0000000000e+00,6.0000000000e-01,0.0000000000e+00
0.0000000000e+00,6.0000000000e-01,0.0000000000e+00
0.0000000000e+00,6.0000000000e-01,0.0000000000e+00
0.0000000000e+00,6.0000000000e-01,0.0000000000e+00
0.0000000000e+00,6.0000000000e-01,0.0000000000e+00
0.0000000000e+00,6.0000000000e-01,0.0000000000e+00
0.0000000000e+00,6.0000000000e-01,0.0000000000e+00
0.0000000000e+00,6.0000000000e-01,0.0000000000e+00
0.0000000000e+00,6.0000000000e-01,0.0000000000e+00
0.0000000000e+00,6.0000000000e-01,0.0000000000e+00
0.0000000000e+00,6.0000000000e-01,0.0000000000e+00
0.0000000000e+00,6.0000000000e-01,0.0000000000e+00
0.0000000000e+00,6.0000000000e-01,0.0000000000e+00
0.0000000000e+00,6.0000000000e-01,0.0000000000e+00
0.0000000000e+00,6.0000000000e-01,0.0000000000e+00
0.0000000000e+00,6.0000000000e-01,0.0000000000e+00
0.0000000000e+00,6.0000000000e-01,0.0000000000e+00
0.0000000000e+00,6.0000000000e-01,0.0000000000e+00
0.0000000000e+00,6.0000000000e-01,0.0000000000e+00
0.0000000000e+00,6.0000000000e-01,0.0000000000e+00
0.0000000000e+00,6.0000000000e-01,0.0000000000e+00
0.0000000000e+00,6.0000000000e-01,0.0000000000e+00
0.0000000000e+00,6.0000000000e-01,0.0000000000e+00
0.0000000000e+00,6.0000000000e-01,0.0000000000e+00
0.0000000000e+00,6.0000000000e-01,0.0000000000e+00
0.0000000000e+00,6.0000000000e-01,0.0000000000e+00
0.0000000000e+00,6.0000000000e-01,0.0000000000e+00
0.0000000000e+00,6.0000000000e-01,0.0000000000e+00
0.0000000000e+00,6.0000000000e-01,0.0000000000e+00
0.0000000000e+00,6.0000000000e-01,0.0000000000e+00
0.0000000000e+00,6.0000000000e-01,0.0000000000e+00
0.0000000000e+00,6.0000000000e-01,0.0000000000e+00
0.0000000000e+00,6.0000000000e-01,0.0000000000e+00
0.0000000000e+00,6.0000000000e-01,0.0000000000e+00
0.0000000000e+00,6.0000000000e-01,0.0000000000e+00
0.0000000000e+00,6.0000000000e-01,0.0000000000e+00
0.0000000000e+00,6.0000000000e-01,0.0000000000e+00
0.0000000000e+00,6.0000000000e-01,0.0000000000e+00
0.0000000000e+00,6.0000000000e-01,0.0000000000e+00
0.0000000000e+00,6.0000000000e-01,0.0000000000e+00
0.0000000000e+00,6.0000000000e-01,0.0000000000e+00
0.0000000000e+00,6.0000000000e-01,0.0000000000e+00
0.0000000000e+00,6.0000000000e-01,0.0000000000e+00
0.0000000000e+00,6.0000000000e-01,0.0000000000e+00
0.0000000000e+00,6.0000000000e-01,0.0000000000e+00
0.0000000000e+00,6.0000000000e-01,0.0000000000e+00
0.0000000000e+00,6.0000000000e-01,0.0000000000e+00
0.0000000000e+00,6.0000000000e-01,0.0000000000e+00
0.0000000000e+00,6.0000000000e-01,0.0000000000e+00
0.0000000000e+00,6.0000000000e-01,0.0000000000e+00
0.0000000000e+00,6.0000000000e-01,0.0000000000e+00
0.0000000000e+00,6.0000000000e-01,0.0000000000e+00
0.0000000000e+00,6.0000000000e-01,0.0000000000e+00
0.0000000000e+00,6.0000000000e-01,0.0000000000e+00
0.0000000000e+00,6.0000000000e-01,0.0000000000e+00
0.0000000000e+00,6.0000000000e-01,0.0000000000e+00
0.0000000000e+00,6.0000000000e-01,0.0000000000e+00
0.0000000000e+00,6.0000000000e-01,0.0000000000e+00
0.0000000000e+00,6.0000000000e-01,0.0000000000e+00
0.0000000000e+00,6.0000000000e-01,0.0000000000e+00
0.0000000000e+00,6.0000000000e-01,0.0000000000e+00
0.0000000000e+00,6.0000000000e-01,0.0000000000e+00
0.0000000000e+00,6.0000000000e-01,0.0000000000e+00
0.0000000000e+00,6.0000000000e-01,0.0000000000e+00
0.0000000000e+00,6.0000000000e-01,0.0000000000e+00
0.0000000000e+00,6.0000000000e-01,0.0000000000e+00
0.0000000000e+00,6.0000000000e-01,0.0000000000e+00
0.0000000000e+00,6.0000000000e-01,0.0000000000e+00
0.0000000000e+00,6.0000000000e-01,0.0000000000e+00
0.0000000000e+00,6.0000000000e-01,0.0000000000e+00
0.0000000000e+00,6.0000000000e-01,0.0000000000e+00
0.0000000000e+00,6.0000000000e-01,0.0000000000e+00
0.0000000000e+00,6.0000000000e-01,0.0000000000e+00
0.0000000000e+00,6.0000000000e-01,0.0000000000e+00
0.0000000000e+00,6.0000000000e-01,0.0000000000e+00
0.0000000000e+00,6.0000000000e-01,0.0000000000e+00
0.0000000000e+00,6.0000000000e-01,0.0000000000e+00
0.0000000000e+00,6.0000000000e-01,0.0000000000e+00
0.0000000000e+00,6.0000000000e-01,0.0000000000e+00
0.0000000000e+00,6.0000000000e-01,0.0000000000e+00
0.0000000000e+00,6.0000000000e-01,0.0000000000e+00
0.0000000000e+00,6.0000000000e-01,0.0000000000e+00
0.0000000000e+00,6.0000000000e-01,0.0000000000e+00
0.0000000000e+00,6.0000000000e-01,0.0000000000e+00
0.0000000000e+00,6.0000000000e-01,0.0000000000e+00
0.0000000000e+00,6.0000000000e-01,0.0000000000e+00
0.0000000000e+00,6.0000000000e-01,0.0000000000e+00
0.0000000000e+00,6.0000000000e-01,0.0000000000e+00
0.0000000000e+00,6.0000000000e-01,0.0000000000e+00
0.0000000000e+00,6.0000000000e-01,0.0000000000e+00
0.0000000000e+00,6.0000000000e-01,0.0000000000e+00
0.0000000000e+00,6.0000000000e-01,0.0000000000e+00
0.0000000000e+00,6.0000000000e-01,0.0000000000e+00
0.0000000000e+00,6.0000000000e-01,0.0000000000e+00
0.0000000000e+00,6.0000000000e-01,0.0000000000e+00
0.0000000000e+00,6.0000000000e-01,0.0000000000e+00
0.0000000000e+00,6.0000000000e-01,0.0000000000e+00
0.0000000000e+00,6.0000000000e-01,0.0000000000e+00
0.0000000000e+00,6.0000000000e-01,0.0000000000e+00
0.0000000000e+00,6.0000000000e-01,0.0000000000e+00
0.0000000000e+00,6.0000000000e-01,0.0000000000e+00
0.0000000000e+00,6.0000000000e-01,0.0000000000e+00
0.0000000000e+00,6.0000000000e-01,0.0000000000e+00
0.0000000000e+00,6.0000000000e-01,0.0000000000e+00
0.0000000000e+00,6.0000000000e-01,0.0000000000e+00
0.0000000000e+00,6.0000000000e-01,0.0000000000e+00
0.0000000000e+00,6.0000000000e-01,0.0000000000e+00
0.0000000000e+00,6.0000000000e-01,0.0000000000e+00
0.0000000000e+00,6.0000000000e-01,0.0000000000e+00
0.0000000000e+00,6.0000000000e-01,0.0000000000e+00
0.0000000000e+00,6.0000000000e-01,0.0000000000e+00
0.0000000000e+00,6.0000000000e-01,0.0000000000e+00
0.0000000000e+00,6.0000000000e-01,0.0000000000e+00
0.0000000000e+00,6.0000000000e-01,0.0000000000e+00
0.0000000000e+00,6.0000000000e-01,0.0000000000e+00
0.0000000000e+00,6.0000000000e-01,0.0000000000e+00
0.0000000000e+00,6.0000000000e-01,0.0000000000e+00
0.0000000000e+00,6.0000000000e-01,0.0000000000e+00
0.0000000000e+00,6.0000000000e-01,0.0000000000e+00
0.0000000000e+00,6.0000000000e-01,0.0000000000e+00
0.0000000000e+00,6.0000000000e-01,0.0000000000e+00
0.0000000000e+00,6.0000000000e-01,0.0000000000e+00
0.0000000000e+00,6.0000000000e-01,0.0000000000e+00
0.0000000000e+00,6.0000000000e-01,0.0000000000e+00
0.0000000000e+00,6.0000000000e-01,0.0000000000e+00
0.0000000000e+00,6.0000000000e-01,0.0000000000e+00
0.0000000000e+00,6.0000000000e-01,0.0000000000e+00
0.0000000000e+00,6.0000000000e-01,0.0000000000e+00
0.0000000000e+00,6.0000000000e-01,0.0000000000e+00
0.0000000000e+00,6.0000000000e-01,0.0000000000e+00
0.0000000000e+00,6.0000000000e-01,0.0000000000e+00
0.0000000000e+00,6.0000000000e-01,0.0000000000e+00
0.0000000000e+00,6.0000000000e-01,0.0000000000e+00
0.0000000000e+00,6.0000000000e-01,0.0000000000e+00
0.0000000000e+00,6.0000000000e-01,0.0000000000e+00
0.0000000000e+00,6.0000000000e-01,0.0000000000e+00
0.0000000000e+00,6.0000000000e-01,0.0000000000e+00
0.0000000000e+00,6.0000000000e-01,0.0000000000e+00
0.0000000000e+00,6.0000000000e-01,0.0000000000e+00
0.0000000000e+00,6.0000000000e-01,0.0000000000e+00
0.0000000000e+00,6.0000000000e-01,0.0000000000e+00
0.0000000000e+00,6.0000000000e-01,0.0000000000e+00
0.0000000000e+00,6.0000000000e-01,0.0000000000e+00
0.0000000000e+00,6.0000000000e-01,0.0000000000e+00
0.0000000000e+00,6.0000000000e-01,0.0000000000e+00
0.0000000000e+00,6.0000000000e-01,0.0000000000e+00
0.0000000000e+00,6.0000000000e-01,0.0000000000e+00
0.0000000000e+00,6.0000000000e-01,0.0000000000e+00
0.0000000000e+00,6.0000000000e-01,0.0000000000e+00
0.0000000000e+00,6.0000000000e-01,0.0000000000e+00
0.0000000000e+00,6.0000000000e-01,0.0000000000e+00
0.0000000000e+00,6.0000000000e-01,0.0000000000e+00
0.0000000000e+00,6.0000000000e-01,0.0000000000e+00
0.0000000000e+00,6.0000000000e-01,0.0000000000e+00
0.0000000000e+00,6.0000000000e-01,0.0000000000e+00
0.0000000000e+00,6.0000000000e-01,0.0000000000e+00
0.0000000000e+00,6.0000000000e-01,0.0000000000e+00
0.0000000000e+00,6.0000000000e-01,0.0000000000e+00
0.0000000000e+00,6.0000000000e-01,0.0000000000e+00
0.0000000000e+00,7.0000000000e-01,0.0000000000e+00
0.0000000000e+00,8.0000000000e-01,0.0000000000e+00
0.0000000000e+00,9.0000000000e-01,0.0000000000e+00
9.1367414572e+00,1.0000000000e+00,9.1367414572e+00
1.8273482914e+01,1.0000000000e+00,1.8273482914e+01
2.7410224372e+01,1.0000000000e+00,2.7410224372e+01
2.9285560200e+01,1.0000000000e+00,2.9285560200e+01
2.8402513654e+01,1.0000000000e+00,2.8402513654e+01
2.0918257286e+01,1.0000000000e+00,2.0918257286e+01
1.6734605829e+01,1.0000000000e+00,1.6734605829e+01
1.2550954372e+01,1.0000000000e+00,1.2550954372e+01
8.3673029144e+00,1.0000000000e+00,8.3673029144e+00
4.1836514572e+00,1.0000000000e+00,4.1836514572e+00
0.0000000000e+00,1.0000000000e+00,0.0000000000e+00
0.0000000000e+00,1.0000000000e+00,0.0000000000e+00
8.6922771586e+00,1.0000000000e+00,8.6922771586e+00
1.7384554317e+01,1.0000000000e+00,1.7384554317e+01
2.6076831476e+01,1.0000000000e+00,2.6076831476e+01
2.6362498582e+01,1.0000000000e+00,2.6362498582e+01
1.8626308197e+01,1.0000000000e+00,1.8626308197e+01
1.4901046558e+01,1.0000000000e+00,1.4901046558e+01
1.1175784918e+01,1.0000000000e+00,1.1175784918e+01
7.4505232788e+00,1.0000000000e+00,7.4505232788e+00
3.7252616394e+00,1.0000000000e+00,3.7252616394e+00
0.0000000000e+00,9.0000000000e-01,0.0000000000e+00
0.0000000000e+00,8.0000000000e-01,0.0000000000e+00
0.0000000000e+00,7.0000000000e-01,0.0000000000e+00
0.0000000000e+00,6.0000000000e-01,0.0000000000e+00
0.0000000000e+00,6.0000000000e-01,0.0000000000e+00
0.0000000000e+00,6.0000000000e-01,0.0000000000e+00
0.0000000000e+00,6.0000000000e-01,0.0000000000e+00
0.0000000000e+00,6.0000000000e-01,0.0000000000e+00
0.0000000000e+00,6.0000000000e-01,0.0000000000e+00
0.0000000000e+00,6.0000000000e-01,0.0000000000e+00
0.0000000000e+00,6.0000000000e-01,0.0000000000e+00
0.0000000000e+00,6.0000000000e-01,0.0000000000e+00
0.0000000000e+00,6.0000000000e-01,0.0000000000e+00
0.0000000000e+00,6.0000000000e-01,0.0000000000e+00
0.0000000000e+00,6.0000000000e-01,0.0000000000e+00
0.0000000000e+00,6.0000000000e-01,0.0000000000e+00
0.0000000000e+00,6.0000000000e-01,0.0000000000e+00
0.0000000000e+00,6.0000000000e-01,0.0000000000e+00
0.0000000000e+00,6.0000000000e-01,0.0000000000e+00
0.0000000000e+00,6.0000000000e-01,0.0000000000e+00
0.0000000000e+00,6.0000000000e-01,0.0000000000e+00
0.0000000000e+00,6.0000000000e-01,0.0000000000e+00
0.0000000000e+00,6.0000000000e-01,0.0000000000e+00
0.0000000000e+00,6.0000000000e-01,0.0000000000e+00
0.0000000000e+00,6.0000000000e-01,0.0000000000e+00
0.0000000000e+00,6.0000000000e-01,0.0000000000e+00
0.0000000000e+00,6.0000000000e-01,0.0000000000e+00
0.0000000000e+00,6.0000000000e-01,0.0000000000e+00
0.0000000000e+00,6.0000000000e-01,0.0000000000e+00
0.0000000000e+00,6.0000000000e-01,0.0000000000e+00
0.0000000000e+00,6.0000000000e-01,0.0000000000e+00
0.0000000000e+00,6.0000000000e-01,0.0000000000e+00
0.0000000000e+00,6.0000000000e-01,0.0000000000e+00
0.0000000000e+00,6.0000000000e-01,0.0000000000e+00
0.0000000000e+00,6.0000000000e-01,0.0000000000e+00
0.0000000000e+00,6.0000000000e-01,0.0000000000e+00
0.0000000000e+00,6.0000000000e-01,0.0000000000e+00
0.0000000000e+00,6.0000000000e-01,0.0000000000e+00
0.0000000000e+00,7.0000000000e-01,0.0000000000e+00
0.0000000000e+00,8.0000000000e-01,0.0000000000e+00
0.0000000000e+00,9.0000000000e-01,0.0000000000e+00
8.3698634587e+00,1.0000000000e+00,8.3698634587e+00
1.6739726917e+01,1.0000000000e+00,1.6739726917e+01
2.5109590376e+01,1.0000000000e+00,2.5109590376e+01
2.7634037041e+01,1.0000000000e+00,2.7634037041e+01
2.9676512055e+01,1.0000000000e+00,2.9676512055e+01
3.0552772703e+01,1.0000000000e+00,3.0552772703e+01
3.0222762017e+01,1.0000000000e+00,3.0222762017e+01
2.8948936416e+01,1.0000000000e+00,2.8948936416e+01
2.6695032992e+01,1.0000000000e+00,2.6695032992e+01
2.0677811726e+01,1.0000000000e+00,2.0677811726e+01
1.6542249380e+01,1.0000000000e+00,1.6542249380e+01
1.2406687035e+01,1.0000000000e+00,1.2406687035e+01
8.2711246902e+00,1.0000000000e+00,8.2711246902e+00
4.1355623451e+00,1.0000000000e+00,4.1355623451e+00
0.0000000000e+00,9.0000000000e-01,0.0000000000e+00
0.0000000000e+00,8.0000000000e-01,0.0000000000e+00
0.0000000000e+00,7.0000000000e-01,0.0000000000e+00
0.0000000000e+00,6.0000000000e-01,0.0000000000e+00
0.0000000000e+00,6.0000000000e-01,0.0000000000e+00
0.0000000000e+00,6.0000000000e-01,0.0000000000e+00
0.0000000000e+00,6.0000000000e-01,0.0000000000e+00
0.0000000000e+00,6.0000000000e-01,0.0000000000e+00
0.0000000000e+00,6.0000000000e-01,0.0000000000e+00
0.0000000000e+00,6.0000000000e-01,0.0000000000e+00
0.0000000000e+00,6.0000000000e-01,0.0000000000e+00
0.0000000000e+00,6.0000000000e-01,0.0000000000e+00
0.0000000000e+00,6.0000000000e-01,0.0000000000e+00
0.0000000000e+00,6.0000000000e-01,0.0000000000e+00
0.0000000000e+00,6.0000000000e-01,0.0000000000e+00
0.0000000000e+00,6.0000000000e-01,0.0000000000e+00
0.0000000000e+00,6.0000000000e-01,0.0000000000e+00
0.0000000000e+00,6.0000000000e-01,0.0000000000e+00
0.0000000000e+00,6.0000000000e-01,0.0000000000e+00
0.0000000000e+00,6.0000000000e-01,0.0000000000e+00
0.0000000000e+00,6.0000000000e-01,0.0000000000e+00
0.0000000000e+00,6.0000000000e-01,0.0000000000e+00
0.0000000000e+00,6.0000000000e-01,0.0000000000e+00
0.0000000000e+00,6.0000000000e-01,0.0000000000e+00
0.0000000000e+00,6.0000000000e-01,0.0000000000e+00
0.0000000000e+00,6.0000000000e-01,0.0000000000e+00
0.0000000000e+00,6.0000000000e-01,0.0000000000e+00
0.0000000000e+00,6.0000000000e-01,0.0000000000e+00
0.0000000000e+00,6.0000000000e-01,0.0000000000e+00
0.0000000000e+00,6.0000000000e-01,0.0000000000e+00
0.0000000000e+00,6.0000000000e-01,0.0000000000e+00
0.0000000000e+00,6.0000000000e-01,0.0000000000e+00
0.0000000000e+00,6.0000000000e-01,0.0000000000e+00
0.0000000000e+00,6.0000000000e-01,0.0000000000e+00
0.0000000000e+00,6.0000000000e-01,0.0000000000e+00
0.0000000000e+00,6.0000000000e-01,0.0000000000e+00
0.0000000000e+00,6.0000000000e-01,0.0000000000e+00
0.0000000000e+00,6.0000000000e-01,0.0000000000e+00
0.0000000000e+00,6.0000000000e-01,0.0000000000e+00
0.0000000000e+00,6.0000000000e-01,0.0000000000e+00
0.0000000000e+00,6.0000000000e-01,0.0000000000e+00
0.0000000000e+00,6.0000000000e-01,0.0000000000e+00
0.0000000000e+00,6.0000000000e-01,0.0000000000e+00
0.0000000000e+00,6.0000000000e-01,0.0000000000e+00
0.0000000000e+00,6.0000000000e-01,0.0000000000e+00
0.0000000000e+00,6.0000000000e-01,0.0000000000e+00
0.0000000000e+00,6.0000000000e-01,0.0000000000e+00
0.0000000000e+00,6.0000000000e-01,0.0000000000e+00
0.0000000000e+00,6.0000000000e-01,0.0000000000e+00
0.0000000000e+00,6.0000000000e-01,0.0000000000e+00
0.0000000000e+00,6.0000000000e-01,0.0000000000e+00
0.0000000000e+00,6.0000000000e-01,0.0000000000e+00
0.0000000000e+00,6.0000000000e-01,0.0000000000e+00
0.0000000000e+00,6.0000000000e-01,0.0000000000e+00
0.0000000000e+00,6.0000000000e-01,0.0000000000e+00
0.0000000000e+00,6.0000000000e-01,0.0000000000e+00
0.0000000000e+00,6.0000000000e-01,0.0000000000e+00
0.0000000000e+00,6.0000000000e-01,0.0000000000e+00
0.0000000000e+00,6.0000000000e-01,0.0000000000e+00
0.0000000000e+00,6.0000000000e-01,0.0000000000e+00
0.0000000000e+00,6.0000000000e-01,0.0000000000e+00
0.0000000000e+00,6.0000000000e-01,0.0000000000e+00
0.0000000000e+00,6.0000000000e-01,0.0000000000e+00
0.0000000000e+00,6.0000000000e-01,0.0000000000e+00
0.0000000000e+00,6.0000000000e-01,0.0000000000e+00
0.0000000000e+00,6.0000000000e-01,0.0000000000e+00
0.0000000000e+00,6.0000000000e-01,0.0000000000e+00
0.0000000000e+00,6.0000000000e-01,0.0000000000e+00
0.0000000000e+00,6.0000000000e-01,0.0000000000e+00
0.0000000000e+00,6.0000000000e-01,0.0000000000e+00
0.0000000000e+00,6.0000000000e-01,0.0000000000e+00
0.0000000000e+00,6.0000000000e-01,0.0000000000e+00
0.0000000000e+00,6.0000000000e-01,0.0000000000e+00
0.0000000000e+00,6.0000000000e-01,0.0000000000e+00
0.0000000000e+00,6.0000000000e-01,0.0000000000e+00
0.0000000000e+00,6.0000000000e-01,0.0000000000e+00
0.0000000000e+00,6.0000000000e-01,0.0000000000e+00
0.0000000000e+00,6.0000000000e-01,0.0000000000e+00
0.0000000000e+00,6.0000000000e-01,0.0000000000e+00
0.0000000000e+00,6.0000000000e-01,0.0000000000e+00
0.0000000000e+00,6.0000000000e-01,0.0000000000e+00
0.0000000000e+00,6.0000000000e-01,0.0000000000e+00
0.0000000000e+00,6.0000000000e-01,0.0000000000e+00
0.0000000000e+00,6.0000000000e-01,0.0000000000e+00
0.0000000000e+00,6.0000000000e-01,0.0000000000e+00
0.0000000000e+00,6.0000000000e-01,0.0000000000e+00
0.0000000000e+00,6.0000000000e-01,0.0000000000e+00
0.0000000000e+00,6.0000000000e-01,0.0000000000e+00
0.0000000000e+00,6.0000000000e-01,0.0000000000e+00
0.0000000000e+00,6.0000000000e-01,0.0000000000e+00
0.0000000000e+00,6.0000000000e-01,0.0000000000e+00
0.0000000000e+00,6.0000000000e-01,0.0000000000e+00
0.0000000000e+00,6.0000000000e-01,0.0000000000e+00
0.0000000000e+00,6.0000000000e-01,0.0000000000e+00
0.0000000000e+00,6.0000000000e-01,0.0000000000e+00
0.0000000000e+00,6.0000000000e-01,0.0000000000e+00
0.0000000000e+00,6.0000000000e-01,0.0000000000e+00
0.0000000000e+00,6.0000000000e-01,0.0000000000e+00
0.0000000000e+00,6.0000000000e-01,0.0000000000e+00
0.0000000000e+00,6.0000000000e-01,0.0000000000e+00
0.0000000000e+00,6.0000000000e-01,0.0000000000e+00
0.0000000000e+00,6.0000000000e-01,0.0000000000e+00
0.0000000000e+00,6.0000000000e-01,0.0000000000e+00
0.0000000000e+00,6.0000000000e-01,0.0000000000e+00
0.0000000000e+00,6.0000000000e-01,0.0000000000e+00
0.0000000000e+00,6.0000000000e-01,0.0000000000e+00
0.0000000000e+00,6.0000000000e-01,0.0000000000e+00
0.0000000000e+00,6.0000000000e-01,0.0000000000e+00
0.0000000000e+00,6.0000000000e-01,0.0000000000e+00
0.0000000000e+00,6.0000000000e-01,0.0000000000e+00
0.0000000000e+00,6.0000000000e-01,0.0000000000e+00
0.0000000000e+00,6.0000000000e-01,0.0000000000e+00
0.0000000000e+00,6.0000000000e-01,0.0000000000e+00
0.0000000000e+00,6.0000000000e-01,0.0000000000e+00
0.0000000000e+00,6.0000000000e-01,0.0000000000e+00
0.0000000000e+00,6.0000000000e-01,0.0000000000e+00
0.0000000000e+00,6.0000000000e-01,0.0000000000e+00
0.0000000000e+00,6.0000000000e-01,0.0000000000e+00
0.0000000000e+00,6.0000000000e-01,0.0000000000e+00
0.0000000000e+00,6.0000000000e-01,0.0000000000e+00
0.0000000000e+00,6.0000000000e-01,0.0000000000e+00
0.0000000000e+00,6.0000000000e-01,0.0000000000e+00
0.0000000000e+00,6.0000000000e-01,0.0000000000e+00
0.0000000000e+00,6.0000000000e-01,0.0000000000e+00
0.0000000000e+00,6.0000000000e-01,0.0000000000e+00
0.0000000000e+00,6.0000000000e-01,0.0000000000e+00
0.0000000000e+00,6.0000000000e-01,0.0000000000e+00
0.0000000000e+00,6.0000000000e-01,0.0000000000e+00
0.0000000000e+00,6.0000000000e-01,0.0000000000e+00
0.0000000000e+00,6.0000000000e-01,0.0000000000e+00
0.0000000000e+00,6.0000000000e-01,0.0000000000e+00
0.0000000000e+00,6.0000000000e-01,0.0000000000e+00
0.0000000000e+00,6.0000000000e-01,0.0000000000e+00
0.0000000000e+00,6.0000000000e-01,0.0000000000e+00
0.0000000000e+00,6.0000000000e-01,0.0000000000e+00
0.0000000000e+00,6.0000000000e-01,0.0000000000e+00
0.0000000000e+00,6.0000000000e-01,0.0000000000e+00
0.0000000000e+00,6.0000000000e-01,0.0000000000e+00
0.0000000000e+00,6.0000000000e-01,0.0000000000e+00
0.0000000000e+00,6.0000000000e-01,0.0000000000e+00
0.0000000000e+00,6.0000000000e-01,0.0000000000e+00
0.0000000000e+00,6.0000000000e-01,0.0000000000e+00
0.0000000000e+00,6.0000000000e-01,0.0000000000e+00
0.0000000000e+00,6.0000000000e-01,0.0000000000e+00
0.0000000000e+00,6.0000000000e-01,0.0000000000e+00
0.0000000000e+00,6.0000000000e-01,0.0000000000e+00
0.0000000000e+00,6.0000000000e-01,0.0000000000e+00
0.0000000000e+00,6.0000000000e-01,0.0000000000e+00
0.0000000000e+00,6.0000000000e-01,0.0000000000e+00
0.0000000000e+00,6.0000000000e-01,0.0000000000e+00
0.0000000000e+00,6.0000000000e-01,0.0000000000e+00
0.0000000000e+00,6.0000000000e-01,0.0000000000e+00
0.0000000000e+00,6.0000000000e-01,0.0000000000e+00
0.0000000000e+00,6.0000000000e-01,0.0000000000e+00
0.0000000000e+00,6.0000000000e-01,0.0000000000e+00
0.0000000000e+00,6.0000000000e-01,0.0000000000e+00
0.0000000000e+00,6.0000000000e-01,0.0000000000e+00
0.0000000000e+00,6.0000000000e-01,0.0000000000e+00
0.0000000000e+00,6.0000000000e-01,0.0000000000e+00
0.0000000000e+00,6.0000000000e-01,0.0000000000e+00
0.0000000000e+00,6.0000000000e-01,0.0000000000e+00
0.0000000000e+00,6.0000000000e-01,0.0000000000e+00
0.0000000000e+00,6.0000000000e-01,0.0000000000e+00
0.0000000000e+00,6.0000000000e-01,0.0000000000e+00
0.0000000000e+00,6.0000000000e-01,0.0000000000e+00
0.0000000000e+00,6.0000000000e-01,0.0000000000e+00
0.0000000000e+00,6.0000000000e-01,0.0000000000e+00
0.0000000000e+00,6.0000000000e-01,0.0000000000e+00
0.0000000000e+00,6.0000000000e-01,0.0000000000e+00
0.0000000000e+00,6.0000000000e-01,0.0000000000e+00
0.0000000000e+00,6.0000000000e-01,0.0000000000e+00
0.0000000000e+00,6.0000000000e-01,0.0000000000e+00
0.0000000000e+00,6.0000000000e-01,0.0000000000e+00
0.0000000000e+00,6.0000000000e-01,0.0000000000e+00
0.0000000000e+00,6.0000000000e-01,0.0000000000e+00
0.0000000000e+00,6.0000000000e-01,0.0000000000e+00
0.0000000000e+00,6.0000000000e-01,0.0000000000e+00
0.0000000000e+00,6.0000000000e-01,0.0000000000e+00
0.0000000000e+00,6.0000000000e-01,0.0000000000e+00
0.0000000000e+00,6.0000000000e-01,0.0000000000e+00
0.0000000000e+00,6.0000000000e-01,0.0000000000e+00
0.0000000000e+00,6.0000000000e-01,0.0000000000e+00
0.0000000000e+00,6.0000000000e-01,0.0000000000e+00
0.0000000000e+00,6.0000000000e-01,0.0000000000e+00
0.0000000000e+00,6.0000000000e-01,0.0000000000e+00
0.0000000000e+00,6.0000000000e-01,0.0000000000e+00
0.0000000000e+00,6.0000000000e-01,0.0000000000e+00
0.0000000000e+00,6.0000000000e-01,0.0000000000e+00
0.0000000000e+00,6.0000000000e-01,0.0000000000e+00
0.0000000000e+00,6.0000000000e-01,0.0000000000e+00
0.0000000000e+00,6.0000000000e-01,0.0000000000e+00
0.0000000000e+00,6.0000000000e-01,0.0000000000e+00
0.0000000000e+00,6.0000000000e-01,0.0000000000e+00
0.0000000000e+00,6.0000000000e-01,0.0000000000e+00
0.0000000000e+00,6.0000000000e-01,0.0000000000e+00
0.0000000000e+00,6.0000000000e-01,0.0000000000e+00
0.0000000000e+00,6.0000000000e-01,0.0000000000e+00
0.0000000000e+00,6.0000000000e-01,0.0000000000e+00
0.0000000000e+00,6.0000000000e-01,0.0000000000e+00
0.0000000000e+00,6.0000000000e-01,0.0000000000e+00
0.0000000000e+00,6.0000000000e-01,0.0000000000e+00
0.0000000000e+00,6.0000000000e-01,0.0000000000e+00
0.0000000000e+00,6.0000000000e-01,0.0000000000e+00
0.0000000000e+00,6.0000000000e-01,0.0000000000e+00
0.0000000000e+00,6.0000000000e-01,0.0000000000e+00
0.0000000000e+00,6.0000000000e-01,0.0000000000e+00
0.0000000000e+00,6.0000000000e-01,0.0000000000e+00
0.0000000000e+00,6.0000000000e-01,0.0000000000e+00
0.0000000000e+00,6.0000000000e-01,0.0000000000e+00
0.0000000000e+00,6.0000000000e-01,0.0000000000e+00
0.0000000000e+00,6.0000000000e-01,0.0000000000e+00
0.0000000000e+00,6.0000000000e-01,0.0000000000e+00
0.0000000000e+00,6.0000000000e-01,0.0000000000e+00
0.0000000000e+00,6.0000000000e-01,0.0000000000e+00
0.0000000000e+00,6.0000000000e-01,0.0000000000e+00
0.0000000000e+00,6.0000000000e-01,0.0000000000e+00
0.0000000000e+00,6.0000000000e-01,0.0000000000e+00
0.0000000000e+00,6.0000000000e-01,0.0000000000e+00
0.0000000000e+00,6.0000000000e-01,0.0000000000e+00
0.0000000000e+00,6.0000000000e-01,0.0000000000e+00
0.0000000000e+00,6.0000000000e-01,0.0000000000e+00
0.0000000000e+00,6.0000000000e-01,0.0000000000e+00
0.0000000000e+00,6.0000000000e-01,0.0000000000e+00
0.0000000000e+00,6.0000000000e-01,0.0000000000e+00
0.0000000000e+00,6.0000000000e-01,0.0000000000e+00
0.0000000000e+00,6.0000000000e-01,0.0000000000e+00
0.0000000000e+00,6.0000000000e-01,0.0000000000e+00
0.0000000000e+00,6.0000000000e-01,0.0000000000e+00
0.0000000000e+00,6.0000000000e-01,0.0000000000e+00
0.0000000000e+00,6.0000000000e-01,0.0000000000e+00
0.0000000000e+00,6.0000000000e-01,0.0000000000e+00
0.0000000000e+00,6.0000000000e-01,0.0000000000e+00
0.0000000000e+00,6.0000000000e-01,0.0000000000e+00
0.0000000000e+00,6.0000000000e-01,0.0000000000e+00
0.0000000000e+00,6.0000000000e-01,0.0000000000e+00
0.0000000000e+00,6.0000000000e-01,0.0000000000e+00
0.0000000000e+00,6.0000000000e-01,0.0000000000e+00
0.0000000000e+00,6.0000000000e-01,0.0000000000e+00
0.0000000000e+00,6.0000000000e-01,0.0000000000e+00
0.0000000000e+00,6.0000000000e-01,0.0000000000e+00
0.0000000000e+00,6.0000000000e-01,0.0000000000e+00
0.0000000000e+00,6.0000000000e-01,0.0000000000e+00
0.0000000000e+00,6.0000000000e-01,0.0000000000e+00
0.0000000000e+00,6.0000000000e-01,0.0000000000e+00
0.0000000000e+00,6.0000000000e-01,0.0000000000e+00
0.0000000000e+00,6.0000000000e-01,0.0000000000e+00
0.0000000000e+00,6.0000000000e-01,0.0000000000e+00
0.0000000000e+00,6.0000000000e-01,0.0000000000e+00
0.0000000000e+00,6.0000000000e-01,0.0000000000e+00
0.0000000000e+00,6.0000000000e-01,0.0000000000e+00
0.0000000000e+00,6.0000000000e-01,0.0000000000e+00
0.0000000000e+00,6.0000000000e-01,0.0000000000e+00
0.0000000000e+00,6.0000000000e-01,0.0000000000e+00
0.0000000000e+00,6.0000000000e-01,0.0000000000e+00
0.0000000000e+00,6.0000000000e-01,0.0000000000e+00
0.0000000000e+00,6.0000000000e-01,0.0000000000e+00
0.0000000000e+00,6.0000000000e-01,0.0000000000e+00
0.0000000000e+00,6.0000000000e-01,0.0000000000e+00
0.0000000000e+00,6.0000000000e-01,0.0000000000e+00
0.0000000000e+00,6.0000000000e-01,0.0000000000e+00
0.0000000000e+00,6.0000000000e-01,0.0000000000e+00
0.0000000000e+00,6.0000000000e-01,0.0000000000e+00
0.0000000000e+00,6.0000000000e-01,0.0000000000e+00
0.0000000000e+00,6.0000000000e-01,0.0000000000e+00
0.0000000000e+00,6.0000000000e-01,0.0000000000e+00
0.0000000000e+00,6.0000000000e-01,0.0000000000e+00
0.0000000000e+00,6.0000000000e-01,0.0000000000e+00
0.0000000000e+00,6.0000000000e-01,0.0000000000e+00
0.0000000000e+00,6.0000000000e-01,0.0000000000e+00
0.0000000000e+00,6.0000000000e-01,0.0000000000e+00
0.0000000000e+00,6.0000000000e-01,0.0000000000e+00
0.0000000000e+00,6.0000000000e-01,0.0000000000e+00
0.0000000000e+00,6.0000000000e-01,0.0000000000e+00
0.0000000000e+00,6.0000000000e-01,0.0000000000e+00
0.0000000000e+00,6.0000000000e-01,0.0000000000e+00
0.0000000000e+00,6.0000000000e-01,0.0000000000e+00
0.0000000000e+00,6.0000000000e-01,0.0000000000e+00
0.0000000000e+00,6.0000000000e-01,0.0000000000e+00
0.0000000000e+00,6.0000000000e-01,0.0000000000e+00
0.0000000000e+00,6.0000000000e-01,0.0000000000e+00
0.0000000000e+00,6.0000000000e-01,0.0000000000e+00
0.0000000000e+00,6.0000000000e-01,0.0000000000e+00
0.0000000000e+00,6.0000000000e-01,0.0000000000e+00
0.0000000000e+00,6.0000000000e-01,0.0000000000e+00
0.0000000000e+00,6.0000000000e-01,0.0000000000e+00
0.0000000000e+00,6.0000000000e-01,0.0000000000e+00
0.0000000000e+00,6.0000000000e-01,0.0000000000e+00
0.0000000000e+00,6.0000000000e-01,0.0000000000e+00
0.0000000000e+00,6.0000000000e-01,0.0000000000e+00
0.0000000000e+00,6.0000000000e-01,0.0000000000e+00
0.0000000000e+00,6.0000000000e-01,0.0000000000e+00
0.0000000000e+00,6.0000000000e-01,0.0000000000e+00
0.0000000000e+00,6.0000000000e-01,0.0000000000e+00
0.0000000000e+00,6.0000000000e-01,0.0000000000e+00
0.0000000000e+00,6.0000000000e-01,0.0000000000e+00
0.0000000000e+00,6.0000000000e-01,0.0000000000e+00
0.0000000000e+00,6.0000000000e-01,0.0000000000e+00
0.0000000000e+00,6.0000000000e-01,0.0000000000e+00
0.0000000000e+00,6.0000000000e-01,0.0000000000e+00
0.0000000000e+00,6.0000000000e-01,0.0000000000e+00
0.0000000000e+00,6.0000000000e-01,0.0000000000e+00
0.0000000000e+00,6.0000000000e-01,0.0000000000e+00
0.0000000000e+00,6.0000000000e-01,0.0000000000e+00
0.0000000000e+00,6.0000000000e-01,0.0000000000e+00
0.0000000000e+00,6.0000000000e-01,0.0000000000e+00
0.0000000000e+00,6.0000000000e-01,0.0000000000e+00
0.0000000000e+00,6.0000000000e-01,0.0000000000e+00
0.0000000000e+00,6.0000000000e-01,0.0000000000e+00
0.0000000000e+00,6.0000000000e-01,0.0000000000e+00
0.0000000000e+00,6.0000000000e-01,0.0000000000e+00
0.0000000000e+00,6.0000000000e-01,0.0000000000e+00
0.0000000000e+00,6.0000000000e-01,0.0000000000e+00
0.0000000000e+00,6.0000000000e-01,0.0000000000e+00
0.0000000000e+00,6.0000000000e-01,0.0000000000e+00
0.0000000000e+00,6.0000000000e-01,0.0000000000e+00
0.0000000000e+00,6.0000000000e-01,0.0000000000e+00
0.0000000000e+00,6.0000000000e-01,0.0000000000e+00
0.0000000000e+00,6.0000000000e-01,0.0000000000e+00
0.0000000000e+00,6.0000000000e-01,0.0000000000e+00
0.0000000000e+00,6.0000000000e-01,0.0000000000e+00
0.0000000000e+00,6.0000000000e-01,0.0000000000e+00
0.0000000000e+00,6.0000000000e-01,0.0000000000e+00
0.0000000000e+00,6.0000000000e-01,0.0000000000e+00
0.0000000000e+00,6.0000000000e-01,0.0000000000e+00
0.0000000000e+00,6.0000000000e-01,0.0000000000e+00
0.0000000000e+00,6.0000000000e-01,0.0000000000e+00
0.0000000000e+00,6.0000000000e-01,0.0000000000e+00
0.0000000000e+00,6.0000000000e-01,0.0000000000e+00
0.0000000000e+00,6.0000000000e-01,0.0000000000e+00
0.0000000000e+00,6.0000000000e-01,0.0000000000e+00
0.0000000000e+00,6.0000000000e-01,0.0000000000e+00
0.0000000000e+00,6.0000000000e-01,0.0000000000e+00
0.0000000000e+00,6.0000000000e-01,0.0000000000e+00
0.0000000000e+00,6.0000000000e-01,0.0000000000e+00
0.0000000000e+00,6.0000000000e-01,0.0000000000e+00
0.0000000000e+00,6.0000000000e-01,0.0000000000e+00
0.0000000000e+00,6.0000000000e-01,0.0000000000e+00
0.0000000000e+00,6.0000000000e-01,0.0000000000e+00
0.0000000000e+00,6.0000000000e-01,0.0000000000e+00
0.0000000000e+00,6.0000000000e-01,0.0000000000e+00
0.0000000000e+00,6.0000000000e-01,0.0000000000e+00
0.0000000000e+00,6.0000000000e-01,0.0000000000e+00
0.0000000000e+00,6.0000000000e-01,0.0000000000e+00
0.0000000000e+00,6.0000000000e-01,0.0000000000e+00
0.0000000000e+00,6.0000000000e-01,0.0000000000e+00
0.0000000000e+00,6.0000000000e-01,0.0000000000e+00
0.0000000000e+00,6.0000000000e-01,0.0000000000e+00
0.0000000000e+00,6.0000000000e-01,0.0000000000e+00
0.0000000000e+00,6.0000000000e-01,0.0000000000e+00
0.0000000000e+00,6.0000000000e-01,0.0000000000e+00
0.0000000000e+00,6.0000000000e-01,0.0000000000e+00
0.0000000000e+00,6.0000000000e-01,0.0000000000e+00
0.0000000000e+00,6.0000000000e-01,0.0000000000e+00
0.0000000000e+00,6.0000000000e-01,0.0000000000e+00
0.0000000000e+00,6.0000000000e-01,0.0000000000e+00
0.0000000000e+00,6.0000000000e-01,0.0000000000e+00
0.0000000000e+00,6.0000000000e-01,0.0000000000e+00
0.0000000000e+00,6.0000000000e-01,0.0000000000e+00
0.0000000000e+00,6.0000000000e-01,0.0000000000e+00
0.0000000000e+00,6.0000000000e-01,0.0000000000e+00
0.0000000000e+00,6.0000000000e-01,0.0000000000e+00
0.0000000000e+00,6.0000000000e-01,0.0000000000e+00
0.0000000000e+00,6.0000000000e-01,0.0000000000e+00
0.0000000000e+00,6.0000000000e-01,0.0000000000e+00
0.0000000000e+00,6.0000000000e-01,0.0000000000e+00
0.0000000000e+00,6.0000000000e-01,0.0000000000e+00
0.0000000000e+00,6.0000000000e-01,0.0000000000e+00
0.0000000000e+00,6.0000000000e-01,0.0000000000e+00
0.0000000000e+00,6.0000000000e-01,0.0000000000e+00
0.0000000000e+00,6.0000000000e-01,0.0000000000e+00
0.0000000000e+00,6.0000000000e-01,0.0000000000e+00
0.0000000000e+00,6.0000000000e-01,0.0000000000e+00
0.0000000000e+00,6.0000000000e-01,0.0000000000e+00
0.0000000000e+00,6.0000000000e-01,0.0000000000e+00
0.0000000000e+00,6.0000000000e-01,0.0000000000e+00
0.0000000000e+00,6.0000000000e-01,0.0000000000e+00
0.0000000000e+00,6.0000000000e-01,0.0000000000e+00
0.0000000000e+00,6.0000000000e-01,0.0000000000e+00
0.0000000000e+00,6.0000000000e-01,0.0000000000e+00
0.0000000000e+00,6.0000000000e-01,0.0000000000e+00
0.0000000000e+00,6.0000000000e-01,0.0000000000e+00
0.0000000000e+00,6.0000000000e-01,0.0000000000e+00
0.0000000000e+00,7.0000000000e-01,0.0000000000e+00
0.0000000000e+00,8.0000000000e-01,0.0000000000e+00
0.0000000000e+00,9.0000000000e-01,0.0000000000e+00
1.0320483226e+01,1.0000000000e+00,1.0320483226e+01
2.0640966451e+01,1.0000000000e+00,2.0640966451e+01
3.0961449677e+01,1.0000000000e+00,3.0961449677e+01
5.8643044014e+01,1.0000000000e+00,5.8643044014e+01
8.3044783010e+01,1.0000000000e+00,8.3044783010e+01
1.0416666667e+02,1.0000000000e+00,1.0416666667e+02
1.2200869498e+02,1.0000000000e+00,1.2200869498e+02
1.2500000000e+02,1.0000000000e+00,1.2500000000e+02
1.0416666667e+02,1.0000000000e+00,1.0416666667e+02
7.5090412435e+01,1.0000000000e+00,7.5090412435e+01
6.4363210658e+01,1.0000000000e+00,6.4363210658e+01
5.3636008882e+01,1.0000000000e+00,5.3636008882e+01
4.2908807105e+01,1.0000000000e+00,4.2908807105e+01
3.6778163099e+01,1.0000000000e+00,3.6778163099e+01
6.1017349529e+01,1.0000000000e+00,6.1017349529e+01
9.1131064134e+01,1.0000000000e+00,9.1131064134e+01
1.1816221475e+02,1.0000000000e+00,1.1816221475e+02
1.3414291538e+02,1.0000000000e+00,1.3414291538e+02
1.3413195741e+02,1.0000000000e+00,1.3413195741e+02
1.1680744200e+02,1.0000000000e+00,1.1680744200e+02
8.6369635794e+01,1.0000000000e+00,8.6369635794e+01
5.3399514642e+01,1.0000000000e+00,5.3399514642e+01
3.0358498636e+01,1.0000000000e+00,3.0358498636e+01
2.1046846521e+01,1.0000000000e+00,2.1046846521e+01
3.2782040927e+01,1.0000000000e+00,3.2782040927e+01
5.3629912664e+01,1.0000000000e+00,5.3629912664e+01
7.9284934498e+01,1.0000000000e+00,7.9284934498e+01
1.0416666667e+02,1.0000000000e+00,1.0416666667e+02
1.2500000000e+02,1.0000000000e+00,1.2500000000e+02
1.2213427948e+02,1.0000000000e+00,1.2213427948e+02
1.0416666667e+02,1.0000000000e+00,1.0416666667e+02
8.2969432314e+01,1.0000000000e+00,8.2969432314e+01
5.8542576419e+01,1.0000000000e+00,5.8542576419e+01
5.0179351216e+01,1.0000000000e+00,5.0179351216e+01
4.1816126014e+01,1.0000000000e+00,4.1816126014e+01
3.3452900811e+01,1.0000000000e+00,3.3452900811e+01
2.5089675608e+01,1.0000000000e+00,2.5089675608e+01
1.6726450405e+01,1.0000000000e+00,1.6726450405e+01
1.1010765487e+01,1.0000000000e+00,1.1010765487e+01
2.2021530973e+01,1.0000000000e+00,2.2021530973e+01
3.3032296460e+01,1.0000000000e+00,3.3032296460e+01
6.1404173058e+01,1.0000000000e+00,6.1404173058e+01
8.5115629794e+01,1.0000000000e+00,8.5115629794e+01
1.0416666667e+02,1.0000000000e+00,1.0416666667e+02
1.1855728368e+02,1.0000000000e+00,1.1855728368e+02
1.2500000000e+02,1.0000000000e+00,1.2500000000e+02
1.2020733481e+02,1.0000000000e+00,1.2020733481e+02
1.0899820133e+02,1.0000000000e+00,1.0899820133e+02
9.6191512783e+01,1.0000000000e+00,9.6191512783e+01
8.1787269175e+01,1.0000000000e+00,8.1787269175e+01
6.5785470503e+01,1.0000000000e+00,6.5785470503e+01
4.8186116766e+01,1.0000000000e+00,4.8186116766e+01
2.8989207966e+01,1.0000000000e+00,2.8989207966e+01
4.7623364038e+01,1.0000000000e+00,4.7623364038e+01
6.7169581622e+01,1.0000000000e+00,6.7169581622e+01
8.7627860719e+01,1.0000000000e+00,8.7627860719e+01
1.0899820133e+02,1.0000000000e+00,1.0899820133e+02
1.2500000000e+02,1.0000000000e+00,1.2500000000e+02
1.0416666667e+02,1.0000000000e+00,1.0416666667e+02
7.7519781625e+01,1.0000000000e+00,7.7519781625e+01
5.1276375500e+01,1.0000000000e+00,5.1276375500e+01
4.3951179000e+01,1.0000000000e+00,4.3951179000e+01
3.6625982500e+01,1.0000000000e+00,3.6625982500e+01
2.9300786000e+01,1.0000000000e+00,2.9300786000e+01
2.1975589500e+01,1.0000000000e+00,2.1975589500e+01
2.5779929307e+01,1.0000000000e+00,2.5779929307e+01
3.8669893960e+01,1.0000000000e+00,3.8669893960e+01
7.3392116183e+01,1.0000000000e+00,7.3392116183e+01
1.0416666667e+02,1.0000000000e+00,1.0416666667e+02
1.2500000000e+02,1.0000000000e+00,1.2500000000e+02
1.0416666667e+02,1.0000000000e+00,1.0416666667e+02
8.9285714286e+01,1.0000000000e+00,8.9285714286e+01
7.4404761905e+01,1.0000000000e+00,7.4404761905e+01
5.9523809524e+01,1.0000000000e+00,5.9523809524e+01
4.4642857143e+01,1.0000000000e+00,4.4642857143e+01
2.9761904762e+01,1.0000000000e+00,2.9761904762e+01
1.4880952381e+01,1.0000000000e+00,1.4880952381e+01
0.0000000000e+00,9.0000000000e-01,0.0000000000e+00
0.0000000000e+00,8.0000000000e-01,0.0000000000e+00
0.0000000000e+00,7.0000000000e-01,0.0000000000e+00
0.0000000000e+00,6.0000000000e-01,0.0000000000e+00
0.0000000000e+00,6.0000000000e-01,0.0000000000e+00
0.0000000000e+00,6.0000000000e-01,0.0000000000e+00
0.0000000000e+00,6.0000000000e-01,0.0000000000e+00
0.0000000000e+00,6.0000000000e-01,0.0000000000e+00
0.0000000000e+00,6.0000000000e-01,0.0000000000e+00
0.0000000000e+00,6.0000000000e-01,0.0000000000e+00
0.0000000000e+00,6.0000000000e-01,0.0000000000e+00
0.0000000000e+00,6.0000000000e-01,0.0000000000e+00
0.0000000000e+00,6.0000000000e-01,0.0000000000e+00
0.0000000000e+00,6.0000000000e-01,0.0000000000e+00
0.0000000000e+00,6.0000000000e-01,0.0000000000e+00
0.0000000000e+00,6.0000000000e-01,0.0000000000e+00
0.0000000000e+00,6.0000000000e-01,0.0000000000e+00
0.0000000000e+00,6.0000000000e-01,0.0000000000e+00
0.0000000000e+00,6.0000000000e-01,0.0000000000e+00
0.0000000000e+00,6.0000000000e-01,0.0000000000e+00
0.0000000000e+00,6.0000000000e-01,0.0000000000e+00
0.0000000000e+00,6.0000000000e-01,0.0000000000e+00
0.0000000000e+00,6.0000000000e-01,0.0000000000e+00
0.0000000000e+00,6.0000000000e-01,0.0000000000e+00
0.0000000000e+00,7.0000000000e-01,0.0000000000e+00
0.0000000000e+00,8.0000000000e-01,0.0000000000e+00
0.0000000000e+00,9.0000000000e-01,0.0000000000e+00
1.3167176255e+01,1.0000000000e+00,1.3167176255e+01
2.6334352510e+01,1.0000000000e+00,2.6334352510e+01
3.9501528765e+01,1.0000000000e+00,3.9501528765e+01
7.4223750987e+01,1.0000000000e+00,7.4223750987e+01
1.0416666667e+02,1.0000000000e+00,1.0416666667e+02
1.2500000000e+02,1.0000000000e+00,1.2500000000e+02
1.1580819251e+02,1.0000000000e+00,1.1580819251e+02
1.0265754647e+02,1.0000000000e+00,1.0265754647e+02
9.0614158216e+01,1.0000000000e+00,9.0614158216e+01
7.9678027751e+01,1.0000000000e+00,7.9678027751e+01
6.9849155076e+01,1.0000000000e+00,6.9849155076e+01
7.8597755367e+01,1.0000000000e+00,7.8597755367e+01
8.8534355313e+01,1.0000000000e+00,8.8534355313e+01
9.1891770411e+01,1.0000000000e+00,9.1891770411e+01
8.6357344214e+01,1.0000000000e+00,8.6357344214e+01
7.5663634162e+01,1.0000000000e+00,7.5663634162e+01
6.6136346185e+01,1.0000000000e+00,6.6136346185e+01
6.2450089333e+01,1.0000000000e+00,6.2450089333e+01
7.5209268546e+01,1.0000000000e+00,7.5209268546e+01
8.6801350709e+01,1.0000000000e+00,8.6801350709e+01
9.7226335820e+01,1.0000000000e+00,9.7226335820e+01
1.0648422388e+02,1.0000000000e+00,1.0648422388e+02
1.1457501489e+02,1.0000000000e+00,1.1457501489e+02
1.2149870885e+02,1.0000000000e+00,1.2149870885e+02
1.2500000000e+02,1.0000000000e+00,1.2500000000e+02
1.2282358260e+02,1.0000000000e+00,1.2282358260e+02
1.1744557468e+02,1.0000000000e+00,1.1744557468e+02
1.1134209430e+02,1.0000000000e+00,1.1134209430e+02
1.0451314145e+02,1.0000000000e+00,1.0451314145e+02
9.6958716137e+01,1.0000000000e+00,9.6958716137e+01
8.8678818354e+01,1.0000000000e+00,8.8678818354e+01
7.9673448102e+01,1.0000000000e+00,7.9673448102e+01
8.1010103968e+01,1.0000000000e+00,8.1010103968e+01
8.4253009960e+01,1.0000000000e+00,8.4253009960e+01
8.8088013483e+01,1.0000000000e+00,8.8088013483e+01
9.0645599962e+01,1.0000000000e+00,9.0645599962e+01
9.0250430887e+01,1.0000000000e+00,9.0250430887e+01
8.6130916092e+01,1.0000000000e+00,8.6130916092e+01
7.8512637082e+01,1.0000000000e+00,7.8512637082e+01
6.8725204664e+01,1.0000000000e+00,6.8725204664e+01
5.9607237134e+01,1.0000000000e+00,5.9607237134e+01
5.4528856501e+01,1.0000000000e+00,5.4528856501e+01
5.4284731626e+01,1.0000000000e+00,5.4284731626e+01
5.5354020277e+01,1.0000000000e+00,5.5354020277e+01
5.2718259816e+01,1.0000000000e+00,5.2718259816e+01
4.4258476365e+01,1.0000000000e+00,4.4258476365e+01
3.7935836884e+01,1.0000000000e+00,3.7935836884e+01
3.1613197404e+01,1.0000000000e+00,3.1613197404e+01
2.5290557923e+01,1.0000000000e+00,2.5290557923e+01
1.8967918442e+01,1.0000000000e+00,1.8967918442e+01
1.2645278961e+01,1.0000000000e+00,1.2645278961e+01
6.3226394807e+00,1.0000000000e+00,6.3226394807e+00
0.0000000000e+00,9.0000000000e-01,0.0000000000e+00
0.0000000000e+00,8.0000000000e-01,0.0000000000e+00
0.0000000000e+00,7.0000000000e-01,0.0000000000e+00
0.0000000000e+00,6.0000000000e-01,0.0000000000e+00
0.0000000000e+00,6.0000000000e-01,0.0000000000e+00
0.0000000000e+00,6.0000000000e-01,0.0000000000e+00
0.0000000000e+00,6.0000000000e-01,0.0000000000e+00
0.0000000000e+00,6.0000000000e-01,0.0000000000e+00
0.0000000000e+00,6.0000000000e-01,0.0000000000e+00
0.0000000000e+00,6.0000000000e-01,0.0000000000e+00
0.0000000000e+00,6.0000000000e-01,0.0000000000e+00
0.0000000000e+00,6.0000000000e-01,0.0000000000e+00
0.0000000000e+00,6.0000000000e-01,0.0000000000e+00
0.0000000000e+00,6.0000000000e-01,0.0000000000e+00
0.0000000000e+00,6.0000000000e-01,0.0000000000e+00
0.0000000000e+00,6.0000000000e-01,0.0000000000e+00
0.0000000000e+00,6.0000000000e-01,0.0000000000e+00
0.0000000000e+00,6.0000000000e-01,0.0000000000e+00
0.0000000000e+00,6.0000000000e-01,0.0000000000e+00
0.0000000000e+00,6.0000000000e-01,0.0000000000e+00
0.0000000000e+00,6.0000000000e-01,0.0000000000e+00
0.0000000000e+00,6.0000000000e-01,0.0000000000e+00
0.0000000000e+00,6.0000000000e-01,0.0000000000e+00
0.0000000000e+00,7.0000000000e-01,0.0000000000e+00
0.0000000000e+00,8.0000000000e-01,0.0000000000e+00
0.0000000000e+00,9.0000000000e-01,0.0000000000e+00
1.3855612604e+01,1.0000000000e+00,1.3855612604e+01
2.7711225207e+01,1.0000000000e+00,2.7711225207e+01
4.1566837811e+01,1.0000000000e+00,4.1566837811e+01
6.2240612027e+01,1.0000000000e+00,6.2240612027e+01
7.9546535821e+01,1.0000000000e+00,7.9546535821e+01
1.0416666667e+02,1.0000000000e+00,1.0416666667e+02
1.2500000000e+02,1.0000000000e+00,1.2500000000e+02
1.1030743460e+02,1.0000000000e+00,1.1030743460e+02
9.0505343800e+01,1.0000000000e+00,9.0505343800e+01
7.1660842364e+01,1.0000000000e+00,7.1660842364e+01
5.3773930290e+01,1.0000000000e+00,5.3773930290e+01
3.6844607577e+01,1.0000000000e+00,3.6844607577e+01
3.7733633836e+01,1.0000000000e+00,3.7733633836e+01
4.9551305387e+01,1.0000000000e+00,4.9551305387e+01
6.5526399926e+01,1.0000000000e+00,6.5526399926e+01
7.8018286531e+01,1.0000000000e+00,7.8018286531e+01
8.3374959545e+01,1.0000000000e+00,8.3374959545e+01
8.2538633933e+01,1.0000000000e+00,8.2538633933e+01
7.8498033700e+01,1.0000000000e+00,7.8498033700e+01
7.3682309531e+01,1.0000000000e+00,7.3682309531e+01
6.9260394137e+01,1.0000000000e+00,6.9260394137e+01
6.6607944691e+01,1.0000000000e+00,6.6607944691e+01
7.8055925205e+01,1.0000000000e+00,7.8055925205e+01
8.9981926391e+01,1.0000000000e+00,8.9981926391e+01
1.0238594825e+02,1.0000000000e+00,1.0238594825e+02
1.1526799078e+02,1.0000000000e+00,1.1526799078e+02
1.2500000000e+02,1.0000000000e+00,1.2500000000e+02
1.1341735551e+02,1.0000000000e+00,1.1341735551e+02
9.8514224460e+01,1.0000000000e+00,9.8514224460e+01
8.3894310368e+01,1.0000000000e+00,8.3894310368e+01
6.9557613237e+01,1.0000000000e+00,6.9557613237e+01
5.5504133065e+01,1.0000000000e+00,5.5504133065e+01
7.3895862898e+01,1.0000000000e+00,7.3895862898e+01
8.9678643250e+01,1.0000000000e+00,8.9678643250e+01
1.0285247412e+02,1.0000000000e+00,1.0285247412e+02
1.1341735551e+02,1.0000000000e+00,1.1341735551e+02
1.2137328742e+02,1.0000000000e+00,1.2137328742e+02
1.2500000000e+02,1.0000000000e+00,1.2500000000e+02
1.2257722340e+02,1.0000000000e+00,1.2257722340e+02
1.1461423140e+02,1.0000000000e+00,1.1461423140e+02
1.0416666667e+02,1.0000000000e+00,1.0416666667e+02
9.1743802965e+01,1.0000000000e+00,9.1743802965e+01
7.7345640299e+01,1.0000000000e+00,7.7345640299e+01
6.0972178670e+01,1.0000000000e+00,6.0972178670e+01
4.2623418077e+01,1.0000000000e+00,4.2623418077e+01
3.6534358352e+01,1.0000000000e+00,3.6534358352e+01
3.0445298626e+01,1.0000000000e+00,3.0445298626e+01
2.4356238901e+01,1.0000000000e+00,2.4356238901e+01
1.8267179176e+01,1.0000000000e+00,1.8267179176e+01
1.2178119451e+01,1.0000000000e+00,1.2178119451e+01
6.0890597253e+00,1.0000000000e+00,6.0890597253e+00
0.0000000000e+00,1.0000000000e+00,0.0000000000e+00
0.0000000000e+00,1.0000000000e+00,0.0000000000e+00
0.0000000000e+00,1.0000000000e+00,0.0000000000e+00
0.0000000000e+00,1.0000000000e+00,0.0000000000e+00
8.8046239162e+00,1.0000000000e+00,8.8046239162e+00
1.7609247832e+01,1.0000000000e+00,1.7609247832e+01
2.6413871749e+01,1.0000000000e+00,2.6413871749e+01
4.1107633057e+01,1.0000000000e+00,4.1107633057e+01
4.9275374009e+01,1.0000000000e+00,4.9275374009e+01
4.7787422688e+01,1.0000000000e+00,4.7787422688e+01
4.0738492156e+01,1.0000000000e+00,4.0738492156e+01
3.6647638782e+01,1.0000000000e+00,3.6647638782e+01
6.5019902911e+01,1.0000000000e+00,6.5019902911e+01
8.9562225472e+01,1.0000000000e+00,8.9562225472e+01
1.1027460646e+02,1.0000000000e+00,1.1027460646e+02
1.2500000000e+02,1.0000000000e+00,1.2500000000e+02
1.2079613076e+02,1.0000000000e+00,1.2079613076e+02
1.0416666667e+02,1.0000000000e+00,1.0416666667e+02
8.3772321546e+01,1.0000000000e+00,8.3772321546e+01
5.9613095394e+01,1.0000000000e+00,5.9613095394e+01
5.1096938909e+01,1.0000000000e+00,5.1096938909e+01
4.2580782424e+01,1.0000000000e+00,4.2580782424e+01
3.4064625939e+01,1.0000000000e+00,3.4064625939e+01
2.5548469455e+01,1.0000000000e+00,2.5548469455e+01
1.7032312970e+01,1.0000000000e+00,1.7032312970e+01
8.5161564849e+00,1.0000000000e+00,8.5161564849e+00
0.0000000000e+00,9.0000000000e-01,0.0000000000e+00
0.0000000000e+00,8.0000000000e-01,0.0000000000e+00
0.0000000000e+00,7.0000000000e-01,0.0000000000e+00
0.0000000000e+00,6.0000000000e-01,0.0000000000e+00
0.0000000000e+00,6.0000000000e-01,0.0000000000e+00
0.0000000000e+00,6.0000000000e-01,0.0000000000e+00
0.0000000000e+00,6.0000000000e-01,0.0000000000e+00
0.0000000000e+00,6.0000000000e-01,0.0000000000e+00
0.0000000000e+00,6.0000000000e-01,0.0000000000e+00
0.0000000000e+00,6.0000000000e-01,0.0000000000e+00
0.0000000000e+00,6.0000000000e-01,0.0000000000e+00
0.0000000000e+00,6.0000000000e-01,0.0000000000e+00
0.0000000000e+00,6.0000000000e-01,0.0000000000e+00
0.0000000000e+00,6.0000000000e-01,0.0000000000e+00
0.0000000000e+00,6.0000000000e-01,0.0000000000e+00
0.0000000000e+00,6.0000000000e-01,0.0000000000e+00
0.0000000000e+00,6.0000000000e-01,0.0000000000e+00
0.0000000000e+00,6.0000000000e-01,0.0000000000e+00
0.0000000000e+00,6.0000000000e-01,0.0000000000e+00
0.0000000000e+00,6.0000000000e-01,0.0000000000e+00
0.0000000000e+00,6.0000000000e-01,0.0000000000e+00
0.0000000000e+00,6.0000000000e-01,0.0000000000e+00
0.0000000000e+00,6.0000000000e-01,0.0000000000e+00
0.0000000000e+00,6.0000000000e-01,0.0000000000e+00
0.0000000000e+00,6.0000000000e-01,0.0000000000e+00
0.0000000000e+00,6.0000000000e-01,0.0000000000e+00
0.0000000000e+00,6.0000000000e-01,0.0000000000e+00
0.0000000000e+00,6.0000000000e-01,0.0000000000e+00
0.0000000000e+00,6.0000000000e-01,0.0000000000e+00
0.0000000000e+00,6.0000000000e-01,0.0000000000e+00
0.0000000000e+00,6.0000000000e-01,0.0000000000e+00
0.0000000000e+00,6.0000000000e-01,0.0000000000e+00
0.0000000000e+00,6.0000000000e-01,0.0000000000e+00
0.0000000000e+00,6.0000000000e-01,0.0000000000e+00
0.0000000000e+00,6.0000000000e-01,0.0000000000e+00
0.0000000000e+00,6.0000000000e-01,0.0000000000e+00
0.0000000000e+00,6.0000000000e-01,0.0000000000e+00
0.0000000000e+00,6.0000000000e-01,0.0000000000e+00
0.0000000000e+00,6.0000000000e-01,0.0000000000e+00
0.0000000000e+00,6.0000000000e-01,0.0000000000e+00
0.0000000000e+00,6.0000000000e-01,0.0000000000e+00
0.0000000000e+00,6.0000000000e-01,0.0000000000e+00
0.0000000000e+00,6.0000000000e-01,0.0000000000e+00
0.0000000000e+00,6.0000000000e-01,0.0000000000e+00
0.0000000000e+00,6.0000000000e-01,0.0000000000e+00
0.0000000000e+00,6.0000000000e-01,0.0000000000e+00
0.0000000000e+00,6.0000000000e-01,0.0000000000e+00
0.0000000000e+00,6.0000000000e-01,0.0000000000e+00
0.0000000000e+00,6.0000000000e-01,0.0000000000e+00
0.0000000000e+00,6.0000000000e-01,0.0000000000e+00
0.0000000000e+00,6.0000000000e-01,0.0000000000e+00
0.0000000000e+00,6.0000000000e-01,0.0000000000e+00
0.0000000000e+00,6.0000000000e-01,0.0000000000e+00
0.0000000000e+00,6.0000000000e-01,0.0000000000e+00
0.0000000000e+00,6.0000000000e-01,0.0000000000e+00
0.0000000000e+00,7.0000000000e-01,0.0000000000e+00
0.0000000000e+00,8.0000000000e-01,0.0000000000e+00
0.0000000000e+00,9.0000000000e-01,0.0000000000e+00
9.7314403209e+00,1.0000000000e+00,9.7314403209e+00
1.9462880642e+01,1.0000000000e+00,1.9462880642e+01
2.9194320963e+01,1.0000000000e+00,2.9194320963e+01
5.3949579996e+01,1.0000000000e+00,5.3949579996e+01
7.9524684997e+01,1.0000000000e+00,7.9524684997e+01
1.0416666667e+02,1.0000000000e+00,1.0416666667e+02
1.2500000000e+02,1.0000000000e+00,1.2500000000e+02
1.2477153497e+02,1.0000000000e+00,1.2477153497e+02
1.1253633075e+02,1.0000000000e+00,1.1253633075e+02
1.0022497151e+02,1.0000000000e+00,1.0022497151e+02
8.7837457268e+01,1.0000000000e+00,8.7837457268e+01
7.5373788013e+01,1.0000000000e+00,7.5373788013e+01
6.2833963747e+01,1.0000000000e+00,6.2833963747e+01
5.0217984471e+01,1.0000000000e+00,5.0217984471e+01
5.2326390710e+01,1.0000000000e+00,5.2326390710e+01
6.8419333834e+01,1.0000000000e+00,6.8419333834e+01
9.2581419986e+01,1.0000000000e+00,9.2581419986e+01
1.1541699231e+02,1.0000000000e+00,1.1541699231e+02
1.2863013035e+02,1.0000000000e+00,1.2863013035e+02
1.2654880106e+02,1.0000000000e+00,1.2654880106e+02
1.0806033463e+02,1.0000000000e+00,1.0806033463e+02
8.0329951234e+01,1.0000000000e+00,8.0329951234e+01
5.8913814191e+01,1.0000000000e+00,5.8913814191e+01
5.9301288713e+01,1.0000000000e+00,5.9301288713e+01
8.4935518454e+01,1.0000000000e+00,8.4935518454e+01
1.2331847951e+02,1.0000000000e+00,1.2331847951e+02
1.5439121942e+02,1.0000000000e+00,1.5439121942e+02
1.6342647864e+02,1.0000000000e+00,1.6342647864e+02
1.4839483166e+02,1.0000000000e+00,1.4839483166e+02
1.1814563337e+02,1.0000000000e+00,1.1814563337e+02
8.4815846693e+01,1.0000000000e+00,8.4815846693e+01
5.7629990964e+01,1.0000000000e+00,5.7629990964e+01
4.2458211795e+01,1.0000000000e+00,4.2458211795e+01
4.3647788222e+01,1.0000000000e+00,4.3647788222e+01
6.2193731639e+01,1.0000000000e+00,6.2193731639e+01
9.1733386613e+01,1.0000000000e+00,9.1733386613e+01
1.1951951343e+02,1.0000000000e+00,1.1951951343e+02
1.3391196862e+02,1.0000000000e+00,1.3391196862e+02
1.3152562489e+02,1.0000000000e+00,1.3152562489e+02
1.1761497977e+02,1.0000000000e+00,1.1761497977e+02
1.0042694004e+02,1.0000000000e+00,1.0042694004e+02
8.5211198865e+01,1.0000000000e+00,8.5211198865e+01
7.2470838056e+01,1.0000000000e+00,7.2470838056e+01
6.0440362446e+01,1.0000000000e+00,6.0440362446e+01
4.8329720416e+01,1.0000000000e+00,4.8329720416e+01
3.7090622934e+01,1.0000000000e+00,3.7090622934e+01
3.1791962515e+01,1.0000000000e+00,3.1791962515e+01
2.6493302096e+01,1.0000000000e+00,2.6493302096e+01
2.1194641677e+01,1.0000000000e+00,2.1194641677e+01
1.5895981257e+01,1.0000000000e+00,1.5895981257e+01
1.4190340292e+01,1.0000000000e+00,1.4190340292e+01
2.8380680585e+01,1.0000000000e+00,2.8380680585e+01
4.2571020877e+01,1.0000000000e+00,4.2571020877e+01
7.0223187282e+01,1.0000000000e+00,7.0223187282e+01
9.6451522797e+01,1.0000000000e+00,9.6451522797e+01
1.1319658124e+02,1.0000000000e+00,1.1319658124e+02
1.2500000000e+02,1.0000000000e+00,1.2500000000e+02
1.2330945371e+02,1.0000000000e+00,1.2330945371e+02
1.0894909908e+02,1.0000000000e+00,1.0894909908e+02
9.4870059837e+01,1.0000000000e+00,9.4870059837e+01
8.1072335985e+01,1.0000000000e+00,8.1072335985e+01
6.7555927523e+01,1.0000000000e+00,6.7555927523e+01
5.4320834452e+01,1.0000000000e+00,5.4320834452e+01
4.1367056771e+01,1.0000000000e+00,4.1367056771e+01
2.8694594481e+01,1.0000000000e+00,2.8694594481e+01
4.7892287542e+01,1.0000000000e+00,4.7892287542e+01
6.5516584533e+01,1.0000000000e+00,6.5516584533e+01
8.1567485452e+01,1.0000000000e+00,8.1567485452e+01
9.6044990302e+01,1.0000000000e+00,9.6044990302e+01
1.0894909908e+02,1.0000000000e+00,1.0894909908e+02
1.2027981179e+02,1.0000000000e+00,1.2027981179e+02
1.2500000000e+02,1.0000000000e+00,1.2500000000e+02
1.1807253529e+02,1.0000000000e+00,1.1807253529e+02
1.1080955579e+02,1.0000000000e+00,1.1080955579e+02
1.0094326480e+02,1.0000000000e+00,1.0094326480e+02
8.6674042183e+01,1.0000000000e+00,8.6674042183e+01
6.7082925684e+01,1.0000000000e+00,6.7082925684e+01
5.7499650586e+01,1.0000000000e+00,5.7499650586e+01
4.7916375488e+01,1.0000000000e+00,4.7916375488e+01
3.8333100391e+01,1.0000000000e+00,3.8333100391e+01
2.8749825293e+01,1.0000000000e+00,2.8749825293e+01
1.9166550195e+01,1.0000000000e+00,1.9166550195e+01
1.0130962963e+01,1.0000000000e+00,1.0130962963e+01
2.0261925925e+01,1.0000000000e+00,2.0261925925e+01
3.0392888888e+01,1.0000000000e+00,3.0392888888e+01
3.5223407538e+01,1.0000000000e+00,3.5223407538e+01
3.2354327617e+01,1.0000000000e+00,3.2354327617e+01
2.5159576813e+01,1.0000000000e+00,2.5159576813e+01
2.0127661450e+01,1.0000000000e+00,2.0127661450e+01
1.8484822171e+01,1.0000000000e+00,1.8484822171e+01
2.7727233257e+01,1.0000000000e+00,2.7727233257e+01
6.4601257362e+01,1.0000000000e+00,6.4601257362e+01
1.0942448294e+02,1.0000000000e+00,1.0942448294e+02
1.4270099445e+02,1.0000000000e+00,1.4270099445e+02
1.4982936237e+02,1.0000000000e+00,1.4982936237e+02
1.3168289773e+02,1.0000000000e+00,1.3168289773e+02
1.0278623499e+02,1.0000000000e+00,1.0278623499e+02
7.8951511676e+01,1.0000000000e+00,7.8951511676e+01
6.6594399825e+01,1.0000000000e+00,6.6594399825e+01
6.2002647822e+01,1.0000000000e+00,6.2002647822e+01
5.7828459349e+01,1.0000000000e+00,5.7828459349e+01
4.9543473495e+01,1.0000000000e+00,4.9543473495e+01
3.7731166958e+01,1.0000000000e+00,3.7731166958e+01
2.6678314219e+01,1.0000000000e+00,2.6678314219e+01
1.8364276555e+01,1.0000000000e+00,1.8364276555e+01
2.8414515445e+01,1.0000000000e+00,2.8414515445e+01
4.8610794722e+01,1.0000000000e+00,4.8610794722e+01
7.9709333368e+01,1.0000000000e+00,7.9709333368e+01
1.1308540325e+02,1.0000000000e+00,1.1308540325e+02
1.3912568107e+02,1.0000000000e+00,1.3912568107e+02
1.5402805632e+02,1.0000000000e+00,1.5402805632e+02
1.6127728699e+02,1.0000000000e+00,1.6127728699e+02
1.6671647028e+02,1.0000000000e+00,1.6671647028e+02
1.7293037237e+02,1.0000000000e+00,1.7293037237e+02
1.7729898075e+02,1.0000000000e+00,1.7729898075e+02
1.7382983048e+02,1.0000000000e+00,1.7382983048e+02
1.5770496583e+02,1.0000000000e+00,1.5770496583e+02
1.3027745985e+02,1.0000000000e+00,1.3027745985e+02
9.9711795200e+01,1.0000000000e+00,9.9711795200e+01
7.5367888889e+01,1.0000000000e+00,7.5367888889e+01
6.2009376880e+01,1.0000000000e+00,6.2009376880e+01
6.0064777864e+01,1.0000000000e+00,6.0064777864e+01
8.0771875045e+01,1.0000000000e+00,8.0771875045e+01
9.8809436750e+01,1.0000000000e+00,9.8809436750e+01
1.1417746298e+02,1.0000000000e+00,1.1417746298e+02
1.2500000000e+02,1.0000000000e+00,1.2500000000e+02
1.2002132545e+02,1.0000000000e+00,1.2002132545e+02
1.0416666667e+02,1.0000000000e+00,1.0416666667e+02
8.4237204731e+01,1.0000000000e+00,8.4237204731e+01
6.0232939642e+01,1.0000000000e+00,6.0232939642e+01
5.1628233979e+01,1.0000000000e+00,5.1628233979e+01
4.3023528316e+01,1.0000000000e+00,4.3023528316e+01
3.4418822652e+01,1.0000000000e+00,3.4418822652e+01
4.0621191885e+01,1.0000000000e+00,4.0621191885e+01
6.4452526080e+01,1.0000000000e+00,6.4452526080e+01
8.6777193111e+01,1.0000000000e+00,8.6777193111e+01
1.0416666667e+02,1.0000000000e+00,1.0416666667e+02
1.2500000000e+02,1.0000000000e+00,1.2500000000e+02
1.2961548256e+02,1.0000000000e+00,1.2961548256e+02
1.1813802656e+02,1.0000000000e+00,1.1813802656e+02
1.0416666667e+02,1.0000000000e+00,1.0416666667e+02
8.9967908651e+01,1.0000000000e+00,8.9967908651e+01
7.5541752514e+01,1.0000000000e+00,7.5541752514e+01
6.0888198255e+01,1.0000000000e+00,6.0888198255e+01
4.6007245874e+01,1.0000000000e+00,4.6007245874e+01
3.1300793127e+01,1.0000000000e+00,3.1300793127e+01
2.6829251252e+01,1.0000000000e+00,2.6829251252e+01
2.2357709377e+01,1.0000000000e+00,2.2357709377e+01
1.7886167501e+01,1.0000000000e+00,1.7886167501e+01
1.3414625626e+01,1.0000000000e+00,1.3414625626e+01
8.9430837507e+00,1.0000000000e+00,8.9430837507e+00
4.4715418753e+00,1.0000000000e+00,4.4715418753e+00
0.0000000000e+00,1.0000000000e+00,0.0000000000e+00
0.0000000000e+00,1.0000000000e+00,0.0000000000e+00
0.0000000000e+00,1.0000000000e+00,0.0000000000e+00
0.0000000000e+00,1.0000000000e+00,0.0000000000e+00
0.0000000000e+00,1.0000000000e+00,0.0000000000e+00
0.0000000000e+00,1.0000000000e+00,0.0000000000e+00
0.0000000000e+00,1.0000000000e+00,0.0000000000e+00
0.0000000000e+00,1.0000000000e+00,0.0000000000e+00
1.2578765227e+01,1.0000000000e+00,1.2578765227e+01
2.5157530454e+01,1.0000000000e+00,2.5157530454e+01
3.7736295681e+01,1.0000000000e+00,3.7736295681e+01
5.1792424938e+01,1.0000000000e+00,5.1792424938e+01
5.9342141105e+01,1.0000000000e+00,5.9342141105e+01
6.0403821616e+01,1.0000000000e+00,6.0403821616e+01
5.7140683150e+01,1.0000000000e+00,5.7140683150e+01
5.1067962690e+01,1.0000000000e+00,5.1067962690e+01
4.2606400079e+01,1.0000000000e+00,4.2606400079e+01
3.3062257126e+01,1.0000000000e+00,3.3062257126e+01
2.5971935725e+01,1.0000000000e+00,2.5971935725e+01
2.5598909163e+01,1.0000000000e+00,2.5598909163e+01
4.5647353352e+01,1.0000000000e+00,4.5647353352e+01
6.6135875143e+01,1.0000000000e+00,6.6135875143e+01
8.7064474535e+01,1.0000000000e+00,8.7064474535e+01
1.0843315153e+02,1.0000000000e+00,1.0843315153e+02
1.2500000000e+02,1.0000000000e+00,1.2500000000e+02
1.1058378719e+02,1.0000000000e+00,1.1058378719e+02
9.1563830717e+01,1.0000000000e+00,9.1563830717e+01
7.3210334549e+01,1.0000000000e+00,7.3210334549e+01
5.5523298684e+01,1.0000000000e+00,5.5523298684e+01
3.8502723120e+01,1.0000000000e+00,3.8502723120e+01
3.8608570796e+01,1.0000000000e+00,3.8608570796e+01
4.1786797136e+01,1.0000000000e+00,4.1786797136e+01
4.3776496810e+01,1.0000000000e+00,4.3776496810e+01
4.1302267574e+01,1.0000000000e+00,4.1302267574e+01
3.5401943635e+01,1.0000000000e+00,3.5401943635e+01
2.9501619696e+01,1.0000000000e+00,2.9501619696e+01
2.3601295756e+01,1.0000000000e+00,2.3601295756e+01
1.7700971817e+01,1.0000000000e+00,1.7700971817e+01
1.1800647878e+01,1.0000000000e+00,1.1800647878e+01
5.9003239391e+00,1.0000000000e+00,5.9003239391e+00
0.0000000000e+00,9.0000000000e-01,0.0000000000e+00
0.0000000000e+00,8.0000000000e-01,0.0000000000e+00
0.0000000000e+00,7.0000000000e-01,0.0000000000e+00
0.0000000000e+00,6.0000000000e-01,0.0000000000e+00
0.0000000000e+00,6.0000000000e-01,0.0000000000e+00
0.0000000000e+00,6.0000000000e-01,0.0000000000e+00
0.0000000000e+00,6.0000000000e-01,0.0000000000e+00
0.0000000000e+00,7.0000000000e-01,0.0000000000e+00
0.0000000000e+00,8.0000000000e-01,0.0000000000e+00
0.0000000000e+00,9.0000000000e-01,0.0000000000e+00
1.3711255751e+01,1.0000000000e+00,1.3711255751e+01
2.7422511502e+01,1.0000000000e+00,2.7422511502e+01
4.1133767253e+01,1.0000000000e+00,4.1133767253e+01
6.9808100446e+01,1.0000000000e+00,6.9808100446e+01
9.2655060948e+01,1.0000000000e+00,9.2655060948e+01
1.0244470590e+02,1.0000000000e+00,1.0244470590e+02
9.9978740394e+01,1.0000000000e+00,9.9978740394e+01
9.2831763160e+01,1.0000000000e+00,9.2831763160e+01
8.8835674220e+01,1.0000000000e+00,8.8835674220e+01
9.7748256897e+01,1.0000000000e+00,9.7748256897e+01
1.0574194081e+02,1.0000000000e+00,1.0574194081e+02
1.1281672597e+02,1.0000000000e+00,1.1281672597e+02
1.1897261237e+02,1.0000000000e+00,1.1897261237e+02
1.2420960001e+02,1.0000000000e+00,1.2420960001e+02
1.2500000000e+02,1.0000000000e+00,1.2500000000e+02
1.2087994640e+02,1.0000000000e+00,1.2087994640e+02
1.1214654246e+02,1.0000000000e+00,1.1214654246e+02
9.4960432738e+01,1.0000000000e+00,9.4960432738e+01
7.0480208003e+01,1.0000000000e+00,7.0480208003e+01
6.0411606859e+01,1.0000000000e+00,6.0411606859e+01
5.0343005716e+01,1.0000000000e+00,5.0343005716e+01
4.0274404573e+01,1.0000000000e+00,4.0274404573e+01
3.0205803430e+01,1.0000000000e+00,3.0205803430e+01
3.8940478629e+01,1.0000000000e+00,3.8940478629e+01
7.3662700851e+01,1.0000000000e+00,7.3662700851e+01
1.0416666667e+02,1.0000000000e+00,1.0416666667e+02
1.2500000000e+02,1.0000000000e+00,1.2500000000e+02
1.0953939233e+02,1.0000000000e+00,1.0953939233e+02
8.8878155132e+01,1.0000000000e+00,8.8878155132e+01
6.9107236340e+01,1.0000000000e+00,6.9107236340e+01
5.0226635951e+01,1.0000000000e+00,5.0226635951e+01
3.2236353965e+01,1.0000000000e+00,3.2236353965e+01
3.5074101083e+01,1.0000000000e+00,3.5074101083e+01
3.8344863855e+01,1.0000000000e+00,3.8344863855e+01
4.0218255488e+01,1.0000000000e+00,4.0218255488e+01
4.0618225849e+01,1.0000000000e+00,4.0618225849e+01
3.9857586822e+01,1.0000000000e+00,3.9857586822e+01
3.7689834481e+01,1.0000000000e+00,3.7689834481e+01
3.3611993307e+01,1.0000000000e+00,3.3611993307e+01
2.8810279977e+01,1.0000000000e+00,2.8810279977e+01
2.4008566648e+01,1.0000000000e+00,2.4008566648e+01
1.9206853318e+01,1.0000000000e+00,1.9206853318e+01
1.4405139989e+01,1.0000000000e+00,1.4405139989e+01
9.6034266591e+00,1.0000000000e+00,9.6034266591e+00
4.8017133296e+00,1.0000000000e+00,4.8017133296e+00
0.0000000000e+00,9.0000000000e-01,0.0000000000e+00
0.0000000000e+00,8.0000000000e-01,0.0000000000e+00
0.0000000000e+00,7.0000000000e-01,0.0000000000e+00
0.0000000000e+00,6.0000000000e-01,0.0000000000e+00
0.0000000000e+00,6.0000000000e-01,0.0000000000e+00
0.0000000000e+00,6.0000000000e-01,0.0000000000e+00
0.0000000000e+00,6.0000000000e-01,0.0000000000e+00
0.0000000000e+00,6.0000000000e-01,0.0000000000e+00
0.0000000000e+00,6.0000000000e-01,0.0000000000e+00
0.0000000000e+00,6.0000000000e-01,0.0000000000e+00
0.0000000000e+00,6.0000000000e-01,0.0000000000e+00
0.0000000000e+00,6.0000000000e-01,0.0000000000e+00
0.0000000000e+00,6.0000000000e-01,0.0000000000e+00
0.0000000000e+00,6.0000000000e-01,0.0000000000e+00
0.0000000000e+00,6.0000000000e-01,0.0000000000e+00
0.0000000000e+00,6.0000000000e-01,0.0000000000e+00
0.0000000000e+00,6.0000000000e-01,0.0000000000e+00
0.0000000000e+00,6.0000000000e-01,0.0000000000e+00
0.0000000000e+00,6.0000000000e-01,0.0000000000e+00
0.0000000000e+00,6.0000000000e-01,0.0000000000e+00
0.0000000000e+00,6.0000000000e-01,0.0000000000e+00
0.0000000000e+00,6.0000000000e-01,0.0000000000e+00
0.0000000000e+00,6.0000000000e-01,0.0000000000e+00
0.0000000000e+00,6.0000000000e-01,0.0000000000e+00
0.0000000000e+00,6.0000000000e-01,0.0000000000e+00
0.0000000000e+00,6.0000000000e-01,0.0000000000e+00
0.0000000000e+00,6.0000000000e-01,0.0000000000e+00
0.0000000000e+00,6.0000000000e-01,0.0000000000e+00
0.0000000000e+00,6.0000000000e-01,0.0000000000e+00
0.0000000000e+00,6.0000000000e-01,0.0000000000e+00
0.0000000000e+00,6.0000000000e-01,0.0000000000e+00
0.0000000000e+00,6.0000000000e-01,0.0000000000e+00
0.0000000000e+00,6.0000000000e-01,0.0000000000e+00
0.0000000000e+00,6.0000000000e-01,0.0000000000e+00
0.0000000000e+00,6.0000000000e-01,0.0000000000e+00
0.0000000000e+00,6.0000000000e-01,0.0000000000e+00
0.0000000000e+00,6.0000000000e-01,0.0000000000e+00
0.0000000000e+00,6.0000000000e-01,0.0000000000e+00
0.0000000000e+00,6.0000000000e-01,0.0000000000e+00
0.0000000000e+00,6.0000000000e-01,0.0000000000e+00
0.0000000000e+00,6.0000000000e-01,0.0000000000e+00
0.0000000000e+00,6.0000000000e-01,0.0000000000e+00
0.0000000000e+00,6.0000000000e-01,0.0000000000e+00
0.0000000000e+00,6.0000000000e-01,0.0000000000e+00
0.0000000000e+00,6.0000000000e-01,0.0000000000e+00
0.0000000000e+00,6.0000000000e-01,0.0000000000e+00
0.0000000000e+00,6.0000000000e-01,0.0000000000e+00
0.0000000000e+00,6.0000000000e-01,0.0000000000e+00
0.0000000000e+00,6.0000000000e-01,0.0000000000e+00
0.0000000000e+00,6.0000000000e-01,0.0000000000e+00
0.0000000000e+00,6.0000000000e-01,0.0000000000e+00
0.0000000000e+00,6.0000000000e-01,0.0000000000e+00
0.0000000000e+00,6.0000000000e-01,0.0000000000e+00
0.0000000000e+00,6.0000000000e-01,0.0000000000e+00
0.0000000000e+00,6.0000000000e-01,0.0000000000e+00
0.0000000000e+00,6.0000000000e-01,0.0000000000e+00
0.0000000000e+00,6.0000000000e-01,0.0000000000e+00
0.0000000000e+00,6.0000000000e-01,0.0000000000e+00
0.0000000000e+00,6.0000000000e-01,0.0000000000e+00
0.0000000000e+00,6.0000000000e-01,0.0000000000e+00
0.0000000000e+00,6.0000000000e-01,0.0000000000e+00
0.0000000000e+00,6.0000000000e-01,0.0000000000e+00
0.0000000000e+00,6.0000000000e-01,0.0000000000e+00
0.0000000000e+00,6.0000000000e-01,0.0000000000e+00
0.0000000000e+00,6.0000000000e-01,0.0000000000e+00
0.0000000000e+00,6.0000000000e-01,0.0000000000e+00
0.0000000000e+00,6.0000000000e-01,0.0000000000e+00
0.0000000000e+00,6.0000000000e-01,0.0000000000e+00
0.0000000000e+00,6.0000000000e-01,0.0000000000e+00
0.0000000000e+00,6.0000000000e-01,0.0000000000e+00
0.0000000000e+00,6.0000000000e-01,0.0000000000e+00
0.0000000000e+00,6.0000000000e-01,0.0000000000e+00
0.0000000000e+00,7.0000000000e-01,0.0000000000e+00
0.0000000000e+00,8.0000000000e-01,0.0000000000e+00
0.0000000000e+00,9.0000000000e-01,0.0000000000e+00
1.4002081197e+01,1.0000000000e+00,1.4002081197e+01
2.8004162393e+01,1.0000000000e+00,2.8004162393e+01
4.2006243590e+01,1.0000000000e+00,4.2006243590e+01
6.0509780050e+01,1.0000000000e+00,6.0509780050e+01
6.6912251234e+01,1.0000000000e+00,6.6912251234e+01
6.1793234490e+01,1.0000000000e+00,6.1793234490e+01
5.6033868415e+01,1.0000000000e+00,5.6033868415e+01
6.1755559525e+01,1.0000000000e+00,6.1755559525e+01
8.0897528474e+01,1.0000000000e+00,8.0897528474e+01
1.0325369720e+02,1.0000000000e+00,1.0325369720e+02
1.1705054719e+02,1.0000000000e+00,1.1705054719e+02
1.2115602643e+02,1.0000000000e+00,1.2115602643e+02
1.2551629580e+02,1.0000000000e+00,1.2551629580e+02
1.3959599608e+02,1.0000000000e+00,1.3959599608e+02
1.6159860158e+02,1.0000000000e+00,1.6159860158e+02
1.7974735145e+02,1.0000000000e+00,1.7974735145e+02
1.8365636255e+02,1.0000000000e+00,1.8365636255e+02
1.7389134901e+02,1.0000000000e+00,1.7389134901e+02
1.6121952539e+02,1.0000000000e+00,1.6121952539e+02
1.5733889259e+02,1.0000000000e+00,1.5733889259e+02
1.6562856194e+02,1.0000000000e+00,1.6562856194e+02
1.7983675777e+02,1.0000000000e+00,1.7983675777e+02
1.9078781424e+02,1.0000000000e+00,1.9078781424e+02
1.9335224939e+02,1.0000000000e+00,1.9335224939e+02
1.8739087951e+02,1.0000000000e+00,1.8739087951e+02
1.7435918540e+02,1.0000000000e+00,1.7435918540e+02
1.5541555930e+02,1.0000000000e+00,1.5541555930e+02
1.3352064286e+02,1.0000000000e+00,1.3352064286e+02
1.1570923129e+02,1.0000000000e+00,1.1570923129e+02
1.1032863130e+02,1.0000000000e+00,1.1032863130e+02
1.2063510837e+02,1.0000000000e+00,1.2063510837e+02
1.4190407420e+02,1.0000000000e+00,1.4190407420e+02
1.6482260028e+02,1.0000000000e+00,1.6482260028e+02
1.8039193482e+02,1.0000000000e+00,1.8039193482e+02
1.8256272925e+02,1.0000000000e+00,1.8256272925e+02
1.6998517873e+02,1.0000000000e+00,1.6998517873e+02
1.4757636617e+02,1.0000000000e+00,1.4757636617e+02
1.2526487903e+02,1.0000000000e+00,1.2526487903e+02
1.1311062515e+02,1.0000000000e+00,1.1311062515e+02
1.1622346006e+02,1.0000000000e+00,1.1622346006e+02
1.3264261304e+02,1.0000000000e+00,1.3264261304e+02
1.5458407751e+02,1.0000000000e+00,1.5458407751e+02
1.7264230876e+02,1.0000000000e+00,1.7264230876e+02
1.8108487626e+02,1.0000000000e+00,1.8108487626e+02
1.8008480624e+02,1.0000000000e+00,1.8008480624e+02
1.7314226889e+02,1.0000000000e+00,1.7314226889e+02
1.6318858992e+02,1.0000000000e+00,1.6318858992e+02
1.5131601444e+02,1.0000000000e+00,1.5131601444e+02
1.3820934112e+02,1.0000000000e+00,1.3820934112e+02
1.2583204432e+02,1.0000000000e+00,1.2583204432e+02
1.1734929190e+02,1.0000000000e+00,1.1734929190e+02
1.1540955748e+02,1.0000000000e+00,1.1540955748e+02
1.2055098978e+02,1.0000000000e+00,1.2055098978e+02
1.3084476889e+02,1.0000000000e+00,1.3084476889e+02
1.4256058310e+02,1.0000000000e+00,1.4256058310e+02
1.5156692236e+02,1.0000000000e+00,1.5156692236e+02
1.5523134218e+02,1.0000000000e+00,1.5523134218e+02
1.5381249623e+02,1.0000000000e+00,1.5381249623e+02
1.5002770717e+02,1.0000000000e+00,1.5002770717e+02
1.4686403429e+02,1.0000000000e+00,1.4686403429e+02
1.4547048609e+02,1.0000000000e+00,1.4547048609e+02
1.4473287514e+02,1.0000000000e+00,1.4473287514e+02
1.4247119310e+02,1.0000000000e+00,1.4247119310e+02
1.3732232226e+02,1.0000000000e+00,1.3732232226e+02
1.3006098785e+02,1.0000000000e+00,1.3006098785e+02
1.2313170963e+02,1.0000000000e+00,1.2313170963e+02
1.1870346249e+02,1.0000000000e+00,1.1870346249e+02
1.1722894371e+02,1.0000000000e+00,1.1722894371e+02
1.1770136871e+02,1.0000000000e+00,1.1770136871e+02
1.1867434829e+02,1.0000000000e+00,1.1867434829e+02
1.1882916325e+02,1.0000000000e+00,1.1882916325e+02
1.1731399710e+02,1.0000000000e+00,1.1731399710e+02
1.1419024216e+02,1.0000000000e+00,1.1419024216e+02
1.1028910268e+02,1.0000000000e+00,1.1028910268e+02
1.0632299672e+02,1.0000000000e+00,1.0632299672e+02
1.0211606176e+02,1.0000000000e+00,1.0211606176e+02
9.6366215706e+01,1.0000000000e+00,9.6366215706e+01
8.7140040692e+01,1.0000000000e+00,8.7140040692e+01
7.3615406008e+01,1.0000000000e+00,7.3615406008e+01
5.7993680191e+01,1.0000000000e+00,5.7993680191e+01
4.4791276204e+01,1.0000000000e+00,4.4791276204e+01
3.7261413397e+01,1.0000000000e+00,3.7261413397e+01
3.4841925823e+01,1.0000000000e+00,3.4841925823e+01
3.4450483888e+01,1.0000000000e+00,3.4450483888e+01
3.3451964586e+01,1.0000000000e+00,3.3451964586e+01
3.0840350056e+01,1.0000000000e+00,3.0840350056e+01
2.6576528629e+01,1.0000000000e+00,2.6576528629e+01
2.2028821469e+01,1.0000000000e+00,2.2028821469e+01
1.7623057175e+01,1.0000000000e+00,1.7623057175e+01
1.3217292881e+01,1.0000000000e+00,1.3217292881e+01
8.8115285874e+00,1.0000000000e+00,8.8115285874e+00
4.4057642937e+00,1.0000000000e+00,4.4057642937e+00
0.0000000000e+00,9.0000000000e-01,0.0000000000e+00
0.0000000000e+00,8.0000000000e-01,0.0000000000e+00
0.0000000000e+00,7.0000000000e-01,0.0000000000e+00
0.0000000000e+00,6.0000000000e-01,0.0000000000e+00
0.0000000000e+00,6.0000000000e-01,0.0000000000e+00
0.0000000000e+00,6.0000000000e-01,0.0000000000e+00
0.0000000000e+00,6.0000000000e-01,0.0000000000e+00
0.0000000000e+00,6.0000000000e-01,0.0000000000e+00
0.0000000000e+00,6.0000000000e-01,0.0000000000e+00
0.0000000000e+00,6.0000000000e-01,0.0000000000e+00
0.0000000000e+00,6.0000000000e-01,0.0000000000e+00
0.0000000000e+00,6.0000000000e-01,0.0000000000e+00
0.0000000000e+00,6.0000000000e-01,0.0000000000e+00
0.0000000000e+00,6.0000000000e-01,0.0000000000e+00
0.0000000000e+00,6.0000000000e-01,0.0000000000e+00
0.0000000000e+00,6.0000000000e-01,0.0000000000e+00
0.0000000000e+00,6.0000000000e-01,0.0000000000e+00
0.0000000000e+00,6.0000000000e-01,0.0000000000e+00
0.0000000000e+00,6.0000000000e-01,0.0000000000e+00
0.0000000000e+00,6.0000000000e-01,0.0000000000e+00
0.0000000000e+00,6.0000000000e-01,0.0000000000e+00
0.0000000000e+00,6.0000000000e-01,0.0000000000e+00
0.0000000000e+00,6.0000000000e-01,0.0000000000e+00
0.0000000000e+00,6.0000000000e-01,0.0000000000e+00
0.0000000000e+00,6.0000000000e-01,0.0000000000e+00
0.0000000000e+00,6.0000000000e-01,0.0000000000e+00
0.0000000000e+00,6.0000000000e-01,0.0000000000e+00
0.0000000000e+00,6.0000000000e-01,0.0000000000e+00
0.0000000000e+00,6.0000000000e-01,0.0000000000e+00
0.0000000000e+00,6.0000000000e-01,0.0000000000e+00
0.0000000000e+00,6.0000000000e-01,0.0000000000e+00
0.0000000000e+00,6.0000000000e-01,0.0000000000e+00
0.0000000000e+00,6.0000000000e-01,0.0000000000e+00
0.0000000000e+00,6.0000000000e-01,0.0000000000e+00
0.0000000000e+00,6.0000000000e-01,0.0000000000e+00
0.0000000000e+00,6.0000000000e-01,0.0000000000e+00
0.0000000000e+00,6.0000000000e-01,0.0000000000e+00
0.0000000000e+00,6.0000000000e-01,0.0000000000e+00
0.0000000000e+00,6.0000000000e-01,0.0000000000e+00
0.0000000000e+00,6.0000000000e-01,0.0000000000e+00
0.0000000000e+00,6.0000000000e-01,0.0000000000e+00
0.0000000000e+00,6.0000000000e-01,0.0000000000e+00
0.0000000000e+00,6.0000000000e-01,0.0000000000e+00
0.0000000000e+00,6.0000000000e-01,0.0000000000e+00
0.0000000000e+00,6.0000000000e-01,0.0000000000e+00
0.0000000000e+00,6.0000000000e-01,0.0000000000e+00
0.0000000000e+00,6.0000000000e-01,0.0000000000e+00
0.0000000000e+00,6.0000000000e-01,0.0000000000e+00
0.0000000000e+00,6.0000000000e-01,0.0000000000e+00
0.0000000000e+00,6.0000000000e-01,0.0000000000e+00
0.0000000000e+00,6.0000000000e-01,0.0000000000e+00
0.0000000000e+00,6.0000000000e-01,0.0000000000e+00
0.0000000000e+00,6.0000000000e-01,0.0000000000e+00
0.0000000000e+00,6.0000000000e-01,0.0000000000e+00
0.0000000000e+00,6.0000000000e-01,0.0000000000e+00
0.0000000000e+00,6.0000000000e-01,0.0000000000e+00
0.0000000000e+00,6.0000000000e-01,0.0000000000e+00
0.0000000000e+00,6.0000000000e-01,0.0000000000e+00
0.0000000000e+00,6.0000000000e-01,0.0000000000e+00
0.0000000000e+00,6.0000000000e-01,0.0000000000e+00
0.0000000000e+00,6.0000000000e-01,0.0000000000e+00
0.0000000000e+00,6.0000000000e-01,0.0000000000e+00
0.0000000000e+00,6.0000000000e-01,0.0000000000e+00
0.0000000000e+00,6.0000000000e-01,0.0000000000e+00
0.0000000000e+00,6.0000000000e-01,0.0000000000e+00
0.0000000000e+00,6.0000000000e-01,0.0000000000e+00
0.0000000000e+00,6.0000000000e-01,0.0000000000e+00
0.0000000000e+00,6.0000000000e-01,0.0000000000e+00
0.0000000000e+00,6.0000000000e-01,0.0000000000e+00
0.0000000000e+00,6.0000000000e-01,0.0000000000e+00
0.0000000000e+00,6.0000000000e-01,0.0000000000e+00
0.0000000000e+00,6.0000000000e-01,0.0000000000e+00
0.0000000000e+00,6.0000000000e-01,0.0000000000e+00
0.0000000000e+00,6.0000000000e-01,0.0000000000e+00
0.0000000000e+00,6.0000000000e-01,0.0000000000e+00
0.0000000000e+00,6.0000000000e-01,0.0000000000e+00
0.0000000000e+00,6.0000000000e-01,0.0000000000e+00
0.0000000000e+00,6.0000000000e-01,0.0000000000e+00
0.0000000000e+00,6.0000000000e-01,0.0000000000e+00
0.0000000000e+00,6.0000000000e-01,0.0000000000e+00
0.0000000000e+00,7.0000000000e-01,0.0000000000e+00
0.0000000000e+00,8.0000000000e-01,0.0000000000e+00
0.0000000000e+00,9.0000000000e-01,0.0000000000e+00
1.6859640374e+01,1.0000000000e+00,1.6859640374e+01
3.3719280748e+01,1.0000000000e+00,3.3719280748e+01
5.0578921122e+01,1.0000000000e+00,5.0578921122e+01
9.5349492208e+01,1.0000000000e+00,9.5349492208e+01
1.3784772946e+02,1.0000000000e+00,1.3784772946e+02
1.6678844098e+02,1.0000000000e+00,1.6678844098e+02
1.8090604595e+02,1.0000000000e+00,1.8090604595e+02
1.8777927664e+02,1.0000000000e+00,1.8777927664e+02
1.9369294273e+02,1.0000000000e+00,1.9369294273e+02
1.9568388629e+02,1.0000000000e+00,1.9568388629e+02
1.8385989303e+02,1.0000000000e+00,1.8385989303e+02
1.5197006171e+02,1.0000000000e+00,1.5197006171e+02
1.0709056188e+02,1.0000000000e+00,1.0709056188e+02
6.8649975902e+01,1.0000000000e+00,6.8649975902e+01
5.5464448845e+01,1.0000000000e+00,5.5464448845e+01
7.1669806295e+01,1.0000000000e+00,7.1669806295e+01
1.0454465618e+02,1.0000000000e+00,1.0454465618e+02
1.3559041767e+02,1.0000000000e+00,1.3559041767e+02
1.5363809831e+02,1.0000000000e+00,1.5363809831e+02
1.5857416006e+02,1.0000000000e+00,1.5857416006e+02
1.5551518379e+02,1.0000000000e+00,1.5551518379e+02
1.4816446716e+02,1.0000000000e+00,1.4816446716e+02
1.3777077974e+02,1.0000000000e+00,1.3777077974e+02
1.2610554413e+02,1.0000000000e+00,1.2610554413e+02
1.1661387429e+02,1.0000000000e+00,1.1661387429e+02
1.1110130115e+02,1.0000000000e+00,1.1110130115e+02
1.0611233126e+02,1.0000000000e+00,1.0611233126e+02
9.4602728191e+01,1.0000000000e+00,9.4602728191e+01
7.2314130309e+01,1.0000000000e+00,7.2314130309e+01
6.1983540265e+01,1.0000000000e+00,6.1983540265e+01
5.1652950221e+01,1.0000000000e+00,5.1652950221e+01
4.1322360176e+01,1.0000000000e+00,4.1322360176e+01
3.0991770132e+01,1.0000000000e+00,3.0991770132e+01
6.6018970477e+01,1.0000000000e+00,6.6018970477e+01
1.1490885268e+02,1.0000000000e+00,1.1490885268e+02
1.5587776865e+02,1.0000000000e+00,1.5587776865e+02
1.7757463410e+02,1.0000000000e+00,1.7757463410e+02
1.7855716180e+02,1.0000000000e+00,1.7855716180e+02
1.6428316911e+02,1.0000000000e+00,1.6428316911e+02
1.4258354486e+02,1.0000000000e+00,1.4258354486e+02
1.2167111711e+02,1.0000000000e+00,1.2167111711e+02
1.0883190860e+02,1.0000000000e+00,1.0883190860e+02
1.0769860071e+02,1.0000000000e+00,1.0769860071e+02
1.1644967937e+02,1.0000000000e+00,1.1644967937e+02
1.2986939752e+02,1.0000000000e+00,1.2986939752e+02
1.4334723195e+02,1.0000000000e+00,1.4334723195e+02
1.5458014143e+02,1.0000000000e+00,1.5458014143e+02
1.6288279244e+02,1.0000000000e+00,1.6288279244e+02
1.6861885141e+02,1.0000000000e+00,1.6861885141e+02
1.7302457854e+02,1.0000000000e+00,1.7302457854e+02
1.7779764130e+02,1.0000000000e+00,1.7779764130e+02
1.8408867763e+02,1.0000000000e+00,1.8408867763e+02
1.9061765045e+02,1.0000000000e+00,1.9061765045e+02
1.9272461176e+02,1.0000000000e+00,1.9272461176e+02
1.8462179746e+02,1.0000000000e+00,1.8462179746e+02
1.6392583459e+02,1.0000000000e+00,1.6392583459e+02
1.3484309767e+02,1.0000000000e+00,1.3484309767e+02
1.0661694355e+02,1.0000000000e+00,1.0661694355e+02
8.7657605322e+01,1.0000000000e+00,8.7657605322e+01
8.0435785866e+01,1.0000000000e+00,8.0435785866e+01
8.1338479957e+01,1.0000000000e+00,8.1338479957e+01
8.4178420032e+01,1.0000000000e+00,8.4178420032e+01
8.4035508998e+01,1.0000000000e+00,8.4035508998e+01
7.9896461788e+01,1.0000000000e+00,7.9896461788e+01
7.4722908266e+01,1.0000000000e+00,7.4722908266e+01
7.2342069881e+01,1.0000000000e+00,7.2342069881e+01
7.4151806456e+01,1.0000000000e+00,7.4151806456e+01
7.8880505323e+01,1.0000000000e+00,7.8880505323e+01
8.4389383555e+01,1.0000000000e+00,8.4389383555e+01
8.8902134254e+01,1.0000000000e+00,8.8902134254e+01
9.1334401280e+01,1.0000000000e+00,9.1334401280e+01
9.1643067945e+01,1.0000000000e+00,9.1643067945e+01
9.1132716954e+01,1.0000000000e+00,9.1132716954e+01
9.1897768344e+01,1.0000000000e+00,9.1897768344e+01
9.5288240961e+01,1.0000000000e+00,9.5288240961e+01
1.0042214228e+02,1.0000000000e+00,1.0042214228e+02
1.0386043727e+02,1.0000000000e+00,1.0386043727e+02
1.0086499338e+02,1.0000000000e+00,1.0086499338e+02
8.8120882732e+01,1.0000000000e+00,8.8120882732e+01
6.6811133870e+01,1.0000000000e+00,6.6811133870e+01
4.3433084705e+01,1.0000000000e+00,4.3433084705e+01
2.6482928581e+01,1.0000000000e+00,2.6482928581e+01
1.7860164182e+01,1.0000000000e+00,1.7860164182e+01
2.7097563965e+01,1.0000000000e+00,2.7097563965e+01
4.0288172914e+01,1.0000000000e+00,4.0288172914e+01
5.6259692627e+01,1.0000000000e+00,5.6259692627e+01
7.0895431115e+01,1.0000000000e+00,7.0895431115e+01
8.0906792303e+01,1.0000000000e+00,8.0906792303e+01
8.5100768623e+01,1.0000000000e+00,8.5100768623e+01
8.4591586461e+01,1.0000000000e+00,8.4591586461e+01
8.1214758686e+01,1.0000000000e+00,8.1214758686e+01
7.6350201597e+01,1.0000000000e+00,7.6350201597e+01
7.1460905359e+01,1.0000000000e+00,7.1460905359e+01
6.8779378823e+01,1.0000000000e+00,6.8779378823e+01
8.0446076467e+01,1.0000000000e+00,8.0446076467e+01
9.2143395289e+01,1.0000000000e+00,9.2143395289e+01
1.0387133529e+02,1.0000000000e+00,1.0387133529e+02
1.1562989647e+02,1.0000000000e+00,1.1562989647e+02
1.2500000000e+02,1.0000000000e+00,1.2500000000e+02
1.1932862275e+02,1.0000000000e+00,1.1932862275e+02
1.0736538496e+02,1.0000000000e+00,1.0736538496e+02
9.0971736478e+01,1.0000000000e+00,9.0971736478e+01
9.1886903768e+01,1.0000000000e+00,9.1886903768e+01
9.2982315052e+01,1.0000000000e+00,9.2982315052e+01
9.2948782761e+01,1.0000000000e+00,9.2948782761e+01
9.1197215624e+01,1.0000000000e+00,9.1197215624e+01
8.8130173974e+01,1.0000000000e+00,8.8130173974e+01
8.4686383137e+01,1.0000000000e+00,8.4686383137e+01
8.1575548622e+01,1.0000000000e+00,8.1575548622e+01
7.9064251727e+01,1.0000000000e+00,7.9064251727e+01
7.7442021440e+01,1.0000000000e+00,7.7442021440e+01
7.7143102062e+01,1.0000000000e+00,7.7143102062e+01
7.8080200604e+01,1.0000000000e+00,7.8080200604e+01
7.9186083086e+01,1.0000000000e+00,7.9186083086e+01
7.8921949756e+01,1.0000000000e+00,7.8921949756e+01
7.6216641741e+01,1.0000000000e+00,7.6216641741e+01
7.1007009272e+01,1.0000000000e+00,7.1007009272e+01
6.4146656720e+01,1.0000000000e+00,6.4146656720e+01
5.6977811836e+01,1.0000000000e+00,5.6977811836e+01
5.1007358091e+01,1.0000000000e+00,5.1007358091e+01
4.7697116937e+01,1.0000000000e+00,4.7697116937e+01
4.7952508990e+01,1.0000000000e+00,4.7952508990e+01
5.1436332236e+01,1.0000000000e+00,5.1436332236e+01
5.6505079955e+01,1.0000000000e+00,5.6505079955e+01
6.0996923930e+01,1.0000000000e+00,6.0996923930e+01
6.3157133860e+01,1.0000000000e+00,6.3157133860e+01
6.2115096621e+01,1.0000000000e+00,6.2115096621e+01
5.8018732945e+01,1.0000000000e+00,5.8018732945e+01
5.2036238549e+01,1.0000000000e+00,5.2036238549e+01
4.6046759252e+01,1.0000000000e+00,4.6046759252e+01
4.1780474085e+01,1.0000000000e+00,4.1780474085e+01
3.9773166536e+01,1.0000000000e+00,3.9773166536e+01
3.9018769564e+01,1.0000000000e+00,3.9018769564e+01
3.7722327072e+01,1.0000000000e+00,3.7722327072e+01
3.4665575397e+01,1.0000000000e+00,3.4665575397e+01
3.0226403755e+01,1.0000000000e+00,3.0226403755e+01
2.5967089485e+01,1.0000000000e+00,2.5967089485e+01
2.1590288397e+01,1.0000000000e+00,2.1590288397e+01
1.7272230717e+01,1.0000000000e+00,1.7272230717e+01
1.2954173038e+01,1.0000000000e+00,1.2954173038e+01
8.6361153586e+00,1.0000000000e+00,8.6361153586e+00
4.3180576793e+00,1.0000000000e+00,4.3180576793e+00
0.0000000000e+00,9.0000000000e-01,0.0000000000e+00
0.0000000000e+00,8.0000000000e-01,0.0000000000e+00
0.0000000000e+00,7.0000000000e-01,0.0000000000e+00
0.0000000000e+00,6.0000000000e-01,0.0000000000e+00
0.0000000000e+00,6.0000000000e-01,0.0000000000e+00
0.0000000000e+00,6.0000000000e-01,0.0000000000e+00
0.0000000000e+00,6.0000000000e-01,0.0000000000e+00
0.0000000000e+00,6.0000000000e-01,0.0000000000e+00
0.0000000000e+00,6.0000000000e-01,0.0000000000e+00
0.0000000000e+00,6.0000000000e-01,0.0000000000e+00
0.0000000000e+00,6.0000000000e-01,0.0000000000e+00
0.0000000000e+00,6.0000000000e-01,0.0000000000e+00
0.0000000000e+00,6.0000000000e-01,0.0000000000e+00
0.0000000000e+00,6.0000000000e-01,0.0000000000e+00
0.0000000000e+00,6.0000000000e-01,0.0000000000e+00
0.0000000000e+00,6.0000000000e-01,0.0000000000e+00
0.0000000000e+00,6.0000000000e-01,0.0000000000e+00
0.0000000000e+00,6.0000000000e-01,0.0000000000e+00
0.0000000000e+00,6.0000000000e-01,0.0000000000e+00
0.0000000000e+00,6.0000000000e-01,0.0000000000e+00
0.0000000000e+00,6.0000000000e-01,0.0000000000e+00
0.0000000000e+00,6.0000000000e-01,0.0000000000e+00
0.0000000000e+00,6.0000000000e-01,0.0000000000e+00
0.0000000000e+00,6.0000000000e-01,0.0000000000e+00
0.0000000000e+00,6.0000000000e-01,0.0000000000e+00
0.0000000000e+00,6.0000000000e-01,0.0000000000e+00
0.0000000000e+00,6.0000000000e-01,0.0000000000e+00
0.0000000000e+00,6.0000000000e-01,0.0000000000e+00
0.0000000000e+00,6.0000000000e-01,0.0000000000e+00
0.0000000000e+00,6.0000000000e-01,0.0000000000e+00
0.0000000000e+00,6.0000000000e-01,0.0000000000e+00
0.0000000000e+00,6.0000000000e-01,0.0000000000e+00
0.0000000000e+00,6.0000000000e-01,0.0000000000e+00
0.0000000000e+00,6.0000000000e-01,0.0000000000e+00
0.0000000000e+00,6.0000000000e-01,0.0000000000e+00
0.0000000000e+00,6.0000000000e-01,0.0000000000e+00
0.0000000000e+00,6.0000000000e-01,0.0000000000e+00
0.0000000000e+00,6.0000000000e-01,0.0000000000e+00
0.0000000000e+00,6.0000000000e-01,0.0000000000e+00
0.0000000000e+00,6.0000000000e-01,0.0000000000e+00
0.0000000000e+00,7.0000000000e-01,0.0000000000e+00
0.0000000000e+00,8.0000000000e-01,0.0000000000e+00
0.0000000000e+00,9.0000000000e-01,0.0000000000e+00
1.5768662490e+01,1.0000000000e+00,1.5768662490e+01
3.1537324979e+01,1.0000000000e+00,3.1537324979e+01
4.7305987469e+01,1.0000000000e+00,4.7305987469e+01
8.2867678468e+01,1.0000000000e+00,8.2867678468e+01
1.2108503372e+02,1.0000000000e+00,1.2108503372e+02
1.5482264288e+02,1.0000000000e+00,1.5482264288e+02
1.7879354091e+02,1.0000000000e+00,1.7879354091e+02
1.9167970885e+02,1.0000000000e+00,1.9167970885e+02
1.9709486426e+02,1.0000000000e+00,1.9709486426e+02
2.0183835239e+02,1.0000000000e+00,2.0183835239e+02
2.1046007211e+02,1.0000000000e+00,2.1046007211e+02
2.2037266764e+02,1.0000000000e+00,2.2037266764e+02
2.2313724962e+02,1.0000000000e+00,2.2313724962e+02
2.1155515162e+02,1.0000000000e+00,2.1155515162e+02
1.8659184631e+02,1.0000000000e+00,1.8659184631e+02
1.5808802023e+02,1.0000000000e+00,1.5808802023e+02
1.3802809950e+02,1.0000000000e+00,1.3802809950e+02
1.3203683861e+02,1.0000000000e+00,1.3203683861e+02
1.3681523048e+02,1.0000000000e+00,1.3681523048e+02
1.4482238053e+02,1.0000000000e+00,1.4482238053e+02
1.5056253979e+02,1.0000000000e+00,1.5056253979e+02
1.5300209284e+02,1.0000000000e+00,1.5300209284e+02
1.5356317316e+02,1.0000000000e+00,1.5356317316e+02
1.5320110134e+02,1.0000000000e+00,1.5320110134e+02
1.5181943010e+02,1.0000000000e+00,1.5181943010e+02
1.4921566405e+02,1.0000000000e+00,1.4942406266e+02
1.4532649583e+02,1.0000000000e+00,1.4651738758e+02
1.4526835033e+02,1.0000000000e+00,1.4440914436e+02
1.5344765244e+02,1.0000000000e+00,1.4358065705e+02
1.4612165422e+02,1.0000000000e+00,1.3886136931e+02
1.1927708337e+02,1.0000000000e+00,1.3012684976e+02
1.1453027951e+02,1.0000000000e+00,1.2740710094e+02
1.4451498537e+02,1.0000000000e+00,1.3416808754e+02
1.5415330126e+02,1.0000000000e+00,1.3785460131e+02
1.1872841425e+02,1.0000000000e+00,1.3025326253e+02
1.0619856542e+02,1.0000000000e+00,1.2319164460e+02
1.3625557122e+02,1.0000000000e+00,1.2261070245e+02
1.3129263583e+02,1.0000000000e+00,1.1680072466e+02
9.2261006520e+01,1.0000000000e+00,1.0781260484e+02
1.0000265359e+02,1.0000000000e+00,1.1105489820e+02
1.3645281542e+02,1.0000000000e+00,1.2152754668e+02
1.3333060975e+02,1.0000000000e+00,1.2447851696e+02
1.1174693126e+02,1.0000000000e+00,1.2284942560e+02
1.1269927614e+02,1.0000000000e+00,1.2341775436e+02
1.2799832317e+02,1.0000000000e+00,1.2364662061e+02
1.2650179541e+02,1.0000000000e+00,1.1748943321e+02
1.0903262395e+02,1.0000000000e+00,1.0684404729e+02
9.8648794359e+01,1.0000000000e+00,9.9339707660e+01
9.7735825824e+01,1.0000000000e+00,9.7931197132e+01
1.0173869699e+02,1.0000000000e+00,1.0173869699e+02
1.0798060490e+02,1.0000000000e+00,1.0798060490e+02
1.1328013393e+02,1.0000000000e+00,1.1328013393e+02
1.1534228842e+02,1.0000000000e+00,1.1534228842e+02
1.1340854552e+02,1.0000000000e+00,1.1340854552e+02
1.0800719465e+02,1.0000000000e+00,1.0800719465e+02
1.0049687643e+02,1.0000000000e+00,1.0049687643e+02
9.2509304810e+01,1.0000000000e+00,9.2509304810e+01
8.5486794331e+01,1.0000000000e+00,8.5486794331e+01
8.0331373135e+01,1.0000000000e+00,8.0331373135e+01
7.7101204129e+01,1.0000000000e+00,7.7101204129e+01
7.5123838982e+01,1.0000000000e+00,7.5123838982e+01
7.3866460189e+01,1.0000000000e+00,7.3866460189e+01
7.3793466486e+01,1.0000000000e+00,7.3793466486e+01
7.5960363304e+01,1.0000000000e+00,7.5960363304e+01
8.0552690284e+01,1.0000000000e+00,8.0552690284e+01
8.6026573637e+01,1.0000000000e+00,8.6026573637e+01
8.9820660172e+01,1.0000000000e+00,8.9820660172e+01
8.9859639711e+01,1.0000000000e+00,8.9859639711e+01
8.5621822710e+01,1.0000000000e+00,8.5621822710e+01
7.8608590977e+01,1.0000000000e+00,7.8608590977e+01
7.2311957984e+01,1.0000000000e+00,7.2311957984e+01
7.0639440489e+01,1.0000000000e+00,7.0639440489e+01
7.4925295456e+01,1.0000000000e+00,7.4925295456e+01
8.2828446442e+01,1.0000000000e+00,8.2828446442e+01
9.0737510375e+01,1.0000000000e+00,9.0737510375e+01
9.6413045902e+01,1.0000000000e+00,9.6413045902e+01
9.9221865600e+01,1.0000000000e+00,9.9221865600e+01
9.9250229215e+01,1.0000000000e+00,9.9250229215e+01
9.6885479081e+01,1.0000000000e+00,9.6885479081e+01
9.2724035424e+01,1.0000000000e+00,9.2724035424e+01
8.7394409838e+01,1.0000000000e+00,8.7394409838e+01
8.1359145439e+01,1.0000000000e+00,8.1359145439e+01
7.4763760673e+01,1.0000000000e+00,7.4763760673e+01
6.7710763155e+01,1.0000000000e+00,6.7710763155e+01
6.1461610994e+01,1.0000000000e+00,6.1461610994e+01
5.9068625347e+01,1.0000000000e+00,5.9068625347e+01
6.3284712011e+01,1.0000000000e+00,6.3284712011e+01
7.3573917375e+01,1.0000000000e+00,7.3573917375e+01
8.6031361930e+01,1.0000000000e+00,8.6031361930e+01
9.6126252190e+01,1.0000000000e+00,9.6126252190e+01
1.0122401020e+02,1.0000000000e+00,1.0122401020e+02
1.0132773762e+02,1.0000000000e+00,1.0132773762e+02
9.8405240398e+01,1.0000000000e+00,9.8405240398e+01
9.4977307103e+01,1.0000000000e+00,9.4977307103e+01
9.2757226871e+01,1.0000000000e+00,9.2757226871e+01
9.2191129718e+01,1.0000000000e+00,9.2191129718e+01
9.2935221824e+01,1.0000000000e+00,9.2935221824e+01
9.4461501787e+01,1.0000000000e+00,9.4461501787e+01
9.6201257257e+01,1.0000000000e+00,9.6201257257e+01
9.7415585558e+01,1.0000000000e+00,9.7415585558e+01
9.7288725521e+01,1.0000000000e+00,9.7288725521e+01
9.5355234447e+01,1.0000000000e+00,9.5355234447e+01
9.1942291898e+01,1.0000000000e+00,9.1942291898e+01
8.8268706950e+01,1.0000000000e+00,8.8268706950e+01
8.5841565613e+01,1.0000000000e+00,8.5841565613e+01
8.5252115812e+01,1.0000000000e+00,8.5252115812e+01
8.5600085504e+01,1.0000000000e+00,8.5600085504e+01
8.5385001825e+01,1.0000000000e+00,8.5385001825e+01
8.3797339821e+01,1.0000000000e+00,8.3797339821e+01
8.1226430146e+01,1.0000000000e+00,8.1226430146e+01
7.9081718352e+01,1.0000000000e+00,7.9081718352e+01
9.1474266710e+01,1.0000000000e+00,9.1474266710e+01
1.0198265528e+02,1.0000000000e+00,1.0198265528e+02
1.1060688406e+02,1.0000000000e+00,1.1060688406e+02
1.1734695306e+02,1.0000000000e+00,1.1734695306e+02
1.2220286227e+02,1.0000000000e+00,1.2220286227e+02
1.2500000000e+02,1.0000000000e+00,1.2500000000e+02
1.2556375457e+02,1.0000000000e+00,1.2556375457e+02
1.2389412598e+02,1.0000000000e+00,1.2389412598e+02
1.2096172673e+02,1.0000000000e+00,1.2096172673e+02
1.1773716930e+02,1.0000000000e+00,1.1773716930e+02
1.1422045371e+02,1.0000000000e+00,1.1422045371e+02
1.1041157995e+02,1.0000000000e+00,1.1041157995e+02
1.0631054801e+02,1.0000000000e+00,1.0631054801e+02
1.0191735791e+02,1.0000000000e+00,1.0191735791e+02
9.7232009643e+01,1.0000000000e+00,9.7232009643e+01
9.2254503204e+01,1.0000000000e+00,9.2254503204e+01
8.6984838595e+01,1.0000000000e+00,8.6984838595e+01
8.1423015817e+01,1.0000000000e+00,8.1423015817e+01
8.1932668231e+01,1.0000000000e+00,8.1932668231e+01
8.2608961085e+01,1.0000000000e+00,8.2608961085e+01
8.2173877113e+01,1.0000000000e+00,8.2173877113e+01
7.8972498090e+01,1.0000000000e+00,7.8972498090e+01
7.1676912395e+01,1.0000000000e+00,7.1676912395e+01
6.0799811914e+01,1.0000000000e+00,6.0799811914e+01
4.8983011533e+01,1.0000000000e+00,4.8983011533e+01
3.8975983364e+01,1.0000000000e+00,3.8975983364e+01
3.3407985741e+01,1.0000000000e+00,3.3407985741e+01
2.7839988117e+01,1.0000000000e+00,2.7839988117e+01
2.2271990494e+01,1.0000000000e+00,2.2271990494e+01
1.6703992870e+01,1.0000000000e+00,1.6703992870e+01
1.1135995247e+01,1.0000000000e+00,1.1135995247e+01
5.5679976235e+00,1.0000000000e+00,5.5679976235e+00
8.4611786526e+00,1.0000000000e+00,8.4611786526e+00
1.6922357305e+01,1.0000000000e+00,1.6922357305e+01
2.5383535958e+01,1.0000000000e+00,2.5383535958e+01
3.3500931364e+01,1.0000000000e+00,3.3500931364e+01
3.5491588692e+01,1.0000000000e+00,3.5491588692e+01
3.0421361736e+01,1.0000000000e+00,3.0421361736e+01
2.5351134780e+01,1.0000000000e+00,2.5351134780e+01
2.0280907824e+01,1.0000000000e+00,2.0280907824e+01
1.5210680868e+01,1.0000000000e+00,1.5210680868e+01
1.5388204959e+01,1.0000000000e+00,1.5388204959e+01
3.0776409918e+01,1.0000000000e+00,3.0776409918e+01
4.6164614877e+01,1.0000000000e+00,4.6164614877e+01
7.7028864641e+01,1.0000000000e+00,7.7028864641e+01
9.9536545040e+01,1.0000000000e+00,9.9536545040e+01
1.0825720454e+02,1.0000000000e+00,1.0825720454e+02
1.0595504759e+02,1.0000000000e+00,1.0595504759e+02
1.0110303378e+02,1.0000000000e+00,1.0110303378e+02
1.0258287774e+02,1.0000000000e+00,1.0258287774e+02
1.1442825993e+02,1.0000000000e+00,1.1442825993e+02
1.3335453028e+02,1.0000000000e+00,1.3335453028e+02
1.5167396540e+02,1.0000000000e+00,1.5167396540e+02
1.6348000815e+02,1.0000000000e+00,1.6348000815e+02
1.6792593288e+02,1.0000000000e+00,1.6792593288e+02
1.6748100273e+02,1.0000000000e+00,1.6748100273e+02
1.6444760932e+02,1.0000000000e+00,1.6444760932e+02
1.5844114292e+02,1.0000000000e+00,1.5844114292e+02
1.4596528657e+02,1.0000000000e+00,1.4596528657e+02
1.2320652441e+02,1.0000000000e+00,1.2320652441e+02
9.0668572192e+01,1.0000000000e+00,9.0668572192e+01
5.5548853672e+01,1.0000000000e+00,5.5548853672e+01
2.9762720375e+01,1.0000000000e+00,2.9762720375e+01
2.5219515898e+01,1.0000000000e+00,2.5219515898e+01
4.5895827320e+01,1.0000000000e+00,4.5895827320e+01
8.7297279705e+01,1.0000000000e+00,8.7297279705e+01
1.3444057980e+02,1.0000000000e+00,1.3444057980e+02
1.7160758293e+02,1.0000000000e+00,1.7160758293e+02
1.9083067581e+02,1.0000000000e+00,1.9083067581e+02
1.9480460585e+02,1.0000000000e+00,1.9480460585e+02
1.9230265968e+02,1.0000000000e+00,1.9230265968e+02
1.9046670041e+02,1.0000000000e+00,1.9046670041e+02
1.9002466479e+02,1.0000000000e+00,1.9002466479e+02
1.8658434503e+02,1.0000000000e+00,1.8658434503e+02
1.7606943985e+02,1.0000000000e+00,1.7606943985e+02
1.5937105419e+02,1.0000000000e+00,1.5937105419e+02
1.4197377221e+02,1.0000000000e+00,1.4197377221e+02
1.2817234348e+02,1.0000000000e+00,1.2817234348e+02
1.1566240819e+02,1.0000000000e+00,1.1566240819e+02
9.7649177188e+01,1.0000000000e+00,9.7649177188e+01
7.1072303997e+01,1.0000000000e+00,7.1072303997e+01
4.2120889827e+01,1.0000000000e+00,4.2120889827e+01
2.3947427166e+01,1.0000000000e+00,2.3947427166e+01
2.9721391670e+01,1.0000000000e+00,2.9721391670e+01
6.2583604313e+01,1.0000000000e+00,6.2583604313e+01
1.1227794762e+02,1.0000000000e+00,1.1227794762e+02
1.5876112243e+02,1.0000000000e+00,1.5876112243e+02
1.8470510404e+02,1.0000000000e+00,1.8470510404e+02
1.8587071897e+02,1.0000000000e+00,1.8587071897e+02
1.7036040892e+02,1.0000000000e+00,1.7036040892e+02
1.4986761417e+02,1.0000000000e+00,1.4986761417e+02
1.3248433715e+02,1.0000000000e+00,1.3248433715e+02
1.2077740017e+02,1.0000000000e+00,1.2077740017e+02
1.1352101869e+02,1.0000000000e+00,1.1352101869e+02
1.0948897917e+02,1.0000000000e+00,1.0948897917e+02
1.0996498411e+02,1.0000000000e+00,1.0996498411e+02
1.1635305099e+02,1.0000000000e+00,1.1635305099e+02
1.2613717621e+02,1.0000000000e+00,1.2613717621e+02
1.3404163994e+02,1.0000000000e+00,1.3404163994e+02
1.3746809769e+02,1.0000000000e+00,1.3746809769e+02
1.3825743216e+02,1.0000000000e+00,1.3825743216e+02
1.3865213208e+02,1.0000000000e+00,1.3865213208e+02
1.3830288534e+02,1.0000000000e+00,1.3830288534e+02
1.3631999501e+02,1.0000000000e+00,1.3631999501e+02
1.3391851268e+02,1.0000000000e+00,1.3391851268e+02
1.3349091541e+02,1.0000000000e+00,1.3349091541e+02
1.3627068079e+02,1.0000000000e+00,1.3627068079e+02
1.4188579605e+02,1.0000000000e+00,1.4188579605e+02
1.4873230311e+02,1.0000000000e+00,1.4873230311e+02
1.5315801390e+02,1.0000000000e+00,1.5315801390e+02
1.4942260429e+02,1.0000000000e+00,1.4942260429e+02
1.3274897941e+02,1.0000000000e+00,1.3274897941e+02
1.0347531696e+02,1.0000000000e+00,1.0347531696e+02
6.8518661465e+01,1.0000000000e+00,6.8518661465e+01
5.8730281256e+01,1.0000000000e+00,5.8730281256e+01
4.8941901047e+01,1.0000000000e+00,4.8941901047e+01
3.9153520837e+01,1.0000000000e+00,3.9153520837e+01
2.9365140628e+01,1.0000000000e+00,2.9365140628e+01
3.1889459643e+01,1.0000000000e+00,3.1889459643e+01
3.3733477383e+01,1.0000000000e+00,3.3733477383e+01
3.0371117287e+01,1.0000000000e+00,3.0371117287e+01
2.7938520262e+01,1.0000000000e+00,2.7938520262e+01
3.3461948413e+01,1.0000000000e+00,3.3461948413e+01
4.8206802903e+01,1.0000000000e+00,4.8206802903e+01
6.5224104380e+01,1.0000000000e+00,6.5224104380e+01
7.3915075826e+01,1.0000000000e+00,7.3915075826e+01
6.9210560311e+01,1.0000000000e+00,6.9210560311e+01
5.7801335929e+01,1.0000000000e+00,5.7801335929e+01
5.3491733154e+01,1.0000000000e+00,5.3491733154e+01
6.4034113145e+01,1.0000000000e+00,6.4034113145e+01
8.3535697942e+01,1.0000000000e+00,8.3535697942e+01
1.0000152898e+02,1.0000000000e+00,1.0000152898e+02
1.0946598788e+02,1.0000000000e+00,1.0946598788e+02
1.1966152731e+02,1.0000000000e+00,1.1966152731e+02
1.3918368916e+02,1.0000000000e+00,1.3918368916e+02
1.6574615220e+02,1.0000000000e+00,1.6574615220e+02
1.8653138199e+02,1.0000000000e+00,1.8653138199e+02
1.8811747685e+02,1.0000000000e+00,1.8811747685e+02
1.6525137202e+02,1.0000000000e+00,1.6525137202e+02
1.2337894285e+02,1.0000000000e+00,1.2337894285e+02
7.5976316160e+01,1.0000000000e+00,7.5976316160e+01
3.8664509794e+01,1.0000000000e+00,3.8664509794e+01
2.4271489952e+01,1.0000000000e+00,2.4271489952e+01
3.4149960063e+01,1.0000000000e+00,3.4149960063e+01
6.9093138236e+01,1.0000000000e+00,6.9093138236e+01
1.1855609637e+02,1.0000000000e+00,1.1855609637e+02
1.6858415934e+02,1.0000000000e+00,1.6858415934e+02
2.0633951608e+02,1.0000000000e+00,2.0633951608e+02
2.2603820748e+02,1.0000000000e+00,2.2603820748e+02
2.3044121343e+02,1.0000000000e+00,2.3044121343e+02
2.2732764192e+02,1.0000000000e+00,2.2732764192e+02
2.2429914506e+02,1.0000000000e+00,2.2429914506e+02
2.2541416356e+02,1.0000000000e+00,2.2541416356e+02
2.3058238692e+02,1.0000000000e+00,2.3058238692e+02
2.3619711114e+02,1.0000000000e+00,2.3619711114e+02
2.3590115606e+02,1.0000000000e+00,2.3590115606e+02
2.2247814735e+02,1.0000000000e+00,2.2247814735e+02
1.9173079389e+02,1.0000000000e+00,1.9173079389e+02
1.4622811124e+02,1.0000000000e+00,1.4622811124e+02
9.5348278479e+01,1.0000000000e+00,9.5348278479e+01
8.1727095839e+01,1.0000000000e+00,8.1727095839e+01
6.8105913199e+01,1.0000000000e+00,6.8105913199e+01
5.4484730559e+01,1.0000000000e+00,5.4484730559e+01
4.0863547919e+01,1.0000000000e+00,4.0863547919e+01
5.0949565087e+01,1.0000000000e+00,5.0949565087e+01
8.4904722951e+01,1.0000000000e+00,8.4904722951e+01
1.1919674573e+02,1.0000000000e+00,1.1919674573e+02
1.4494445073e+02,1.0000000000e+00,1.4494445073e+02
1.5391804767e+02,1.0000000000e+00,1.5391804767e+02
1.4292199917e+02,1.0000000000e+00,1.4292199917e+02
1.1759205798e+02,1.0000000000e+00,1.1759205798e+02
9.0458898047e+01,1.0000000000e+00,9.0458898047e+01
7.5056203976e+01,1.0000000000e+00,7.5056203976e+01
8.1118215017e+01,1.0000000000e+00,8.1118215017e+01
1.1096021503e+02,1.0000000000e+00,1.1096021503e+02
1.5672476101e+02,1.0000000000e+00,1.5672476101e+02
2.0304984079e+02,1.0000000000e+00,2.0304984079e+02
2.3571161519e+02,1.0000000000e+00,2.3571161519e+02
2.4796088168e+02,1.0000000000e+00,2.4796088168e+02
2.3953796921e+02,1.0000000000e+00,2.3953796921e+02
2.1359989424e+02,1.0000000000e+00,2.1359989424e+02
1.7698560791e+02,1.0000000000e+00,1.7698560791e+02
1.4072955943e+02,1.0000000000e+00,1.4072955943e+02
1.1556809829e+02,1.0000000000e+00,1.1556809829e+02
1.0534397087e+02,1.0000000000e+00,1.0534397087e+02
1.0566860665e+02,1.0000000000e+00,1.0566860665e+02
1.0886774876e+02,1.0000000000e+00,1.0886774876e+02
1.1027951533e+02,1.0000000000e+00,1.1027951533e+02
1.1076761508e+02,1.0000000000e+00,1.1076761508e+02
1.1328748735e+02,1.0000000000e+00,1.1328748735e+02
1.1780816930e+02,1.0000000000e+00,1.1780816930e+02
1.2103677901e+02,1.0000000000e+00,1.2103677901e+02
1.2033339734e+02,1.0000000000e+00,1.2033339734e+02
1.1647534380e+02,1.0000000000e+00,1.1647534380e+02
1.1249261829e+02,1.0000000000e+00,1.1249261829e+02
1.0982093854e+02,1.0000000000e+00,1.0982093854e+02
1.0601305365e+02,1.0000000000e+00,1.0601305365e+02
9.7109946939e+01,1.0000000000e+00,9.7109946939e+01
8.2542108623e+01,1.0000000000e+00,8.2542108623e+01
6.7823848777e+01,1.0000000000e+00,6.7823848777e+01
6.2228606041e+01,1.0000000000e+00,6.2228606041e+01
7.2616489192e+01,1.0000000000e+00,7.2616489192e+01
9.8444726694e+01,1.0000000000e+00,9.8444726694e+01
1.3229905866e+02,1.0000000000e+00,1.3229905866e+02
1.6464774306e+02,1.0000000000e+00,1.6464774306e+02
1.8804896867e+02,1.0000000000e+00,1.8804896867e+02
1.9815846234e+02,1.0000000000e+00,1.9815846234e+02
1.9253657298e+02,1.0000000000e+00,1.9253657298e+02
1.7029072403e+02,1.0000000000e+00,1.7029072403e+02
1.3442518357e+02,1.0000000000e+00,1.3442518357e+02
9.3745942446e+01,1.0000000000e+00,9.3745942446e+01
5.9427508429e+01,1.0000000000e+00,5.9427508429e+01
3.8318394554e+01,1.0000000000e+00,3.8318394554e+01
3.0034113983e+01,1.0000000000e+00,3.0034113983e+01
2.9419510202e+01,1.0000000000e+00,2.9419510202e+01
3.0192917346e+01,1.0000000000e+00,3.0192917346e+01
2.7395643708e+01,1.0000000000e+00,2.7395643708e+01
2.1566369533e+01,1.0000000000e+00,2.1566369533e+01
1.7253095626e+01,1.0000000000e+00,1.7253095626e+01
1.2939821720e+01,1.0000000000e+00,1.2939821720e+01
1.9976412516e+01,1.0000000000e+00,1.9976412516e+01
2.9964618774e+01,1.0000000000e+00,2.9964618774e+01
6.5277431781e+01,1.0000000000e+00,6.5277431781e+01
1.0352325587e+02,1.0000000000e+00,1.0352325587e+02
1.3285576319e+02,1.0000000000e+00,1.3285576319e+02
1.4765155875e+02,1.0000000000e+00,1.4765155875e+02
1.5128776640e+02,1.0000000000e+00,1.5128776640e+02
1.5138652770e+02,1.0000000000e+00,1.5138652770e+02
1.5297031421e+02,1.0000000000e+00,1.5297031421e+02
1.5633158462e+02,1.0000000000e+00,1.5633158462e+02
1.5994471220e+02,1.0000000000e+00,1.5994471220e+02
1.6347503144e+02,1.0000000000e+00,1.6347503144e+02
1.6783378091e+02,1.0000000000e+00,1.6783378091e+02
1.7390165684e+02,1.0000000000e+00,1.7390165684e+02
1.8222322259e+02,1.0000000000e+00,1.8222322259e+02
1.9278775586e+02,1.0000000000e+00,1.9278775586e+02
2.0313647966e+02,1.0000000000e+00,2.0313647966e+02
2.0678878133e+02,1.0000000000e+00,2.0678878133e+02
1.9611647284e+02,1.0000000000e+00,1.9611647284e+02
1.6925077584e+02,1.0000000000e+00,1.6925077584e+02
1.3409034260e+02,1.0000000000e+00,1.3409034260e+02
1.0383215918e+02,1.0000000000e+00,1.0383215918e+02
8.8120744791e+01,1.0000000000e+00,8.8120744791e+01
8.8438416516e+01,1.0000000000e+00,8.8438416516e+01
9.9832064806e+01,1.0000000000e+00,9.9832064806e+01
1.1486694545e+02,1.0000000000e+00,1.1486694545e+02
1.2666301686e+02,1.0000000000e+00,1.2666301686e+02
1.3077687293e+02,1.0000000000e+00,1.3077687293e+02
1.2663323311e+02,1.0000000000e+00,1.2663323311e+02
1.1874768717e+02,1.0000000000e+00,1.1874768717e+02
1.1634938241e+02,1.0000000000e+00,1.1634938241e+02
1.2853802100e+02,1.0000000000e+00,1.2853802100e+02
1.5631843310e+02,1.0000000000e+00,1.5631843310e+02
1.9033690373e+02,1.0000000000e+00,1.9033690373e+02
2.1873356006e+02,1.0000000000e+00,2.1873356006e+02
2.3556521465e+02,1.0000000000e+00,2.3556521465e+02
2.3997341679e+02,1.0000000000e+00,2.3997341679e+02
2.3029011444e+02,1.0000000000e+00,2.3029011444e+02
2.0313346747e+02,1.0000000000e+00,2.0313346747e+02
1.5933958157e+02,1.0000000000e+00,1.5933958157e+02
1.0946580940e+02,1.0000000000e+00,1.0946580940e+02
7.1396223894e+01,1.0000000000e+00,7.1396223894e+01
6.0369675250e+01,1.0000000000e+00,6.0369675250e+01
7.9730150155e+01,1.0000000000e+00,7.9730150155e+01
1.2029829738e+02,1.0000000000e+00,1.2029829738e+02
1.6739436347e+02,1.0000000000e+00,1.6739436347e+02
2.0792534748e+02,1.0000000000e+00,2.0792534748e+02
2.3291897734e+02,1.0000000000e+00,2.3291897734e+02
2.3725531712e+02,1.0000000000e+00,2.3725531712e+02
2.2004584478e+02,1.0000000000e+00,2.2004584478e+02
1.8638254805e+02,1.0000000000e+00,1.8638254805e+02
1.4727665601e+02,1.0000000000e+00,1.4727665601e+02
1.1419087986e+02,1.0000000000e+00,1.1419087986e+02
9.1345603602e+01,1.0000000000e+00,9.1345603602e+01
7.4453643741e+01,1.0000000000e+00,7.4453643741e+01
5.7902246857e+01,1.0000000000e+00,5.7902246857e+01
4.1999050521e+01,1.0000000000e+00,4.1999050521e+01
3.2449461372e+01,1.0000000000e+00,3.2449461372e+01
3.3511318912e+01,1.0000000000e+00,3.3511318912e+01
4.2560409320e+01,1.0000000000e+00,4.2560409320e+01
5.1885767029e+01,1.0000000000e+00,5.1885767029e+01
5.5968592283e+01,1.0000000000e+00,5.5968592283e+01
5.6370515738e+01,1.0000000000e+00,5.6370515738e+01
5.8972663068e+01,1.0000000000e+00,5.8972663068e+01
6.7467872962e+01,1.0000000000e+00,6.7467872962e+01
8.0719038696e+01,1.0000000000e+00,8.0719038696e+01
9.5333531841e+01,1.0000000000e+00,9.5333531841e+01
1.0869680383e+02,1.0000000000e+00,1.0869680383e+02
1.1948835305e+02,1.0000000000e+00,1.1948835305e+02
1.2694801095e+02,1.0000000000e+00,1.2694801095e+02
1.3069091635e+02,1.0000000000e+00,1.3069091635e+02
1.3117315226e+02,1.0000000000e+00,1.3117315226e+02
1.2958101506e+02,1.0000000000e+00,1.2958101506e+02
1.2657299274e+02,1.0000000000e+00,1.2657299274e+02
1.2167160804e+02,1.0000000000e+00,1.2167160804e+02
1.1451774382e+02,1.0000000000e+00,1.1451774382e+02
1.0583709835e+02,1.0000000000e+00,1.0583709835e+02
9.6644694462e+01,1.0000000000e+00,9.6644694462e+01
8.7633840462e+01,1.0000000000e+00,8.7633840462e+01
7.9777435099e+01,1.0000000000e+00,7.9777435099e+01
7.4430944736e+01,1.0000000000e+00,7.4430944736e+01
7.2281500982e+01,1.0000000000e+00,7.2281500982e+01
7.2386207058e+01,1.0000000000e+00,7.2386207058e+01
7.2110401932e+01,1.0000000000e+00,7.2110401932e+01
6.8172089232e+01,1.0000000000e+00,6.8172089232e+01
5.8728300893e+01,1.0000000000e+00,5.8728300893e+01
4.5203643695e+01,1.0000000000e+00,4.5203643695e+01
3.8745980310e+01,1.0000000000e+00,3.8745980310e+01
3.2288316925e+01,1.0000000000e+00,3.2288316925e+01
2.5830653540e+01,1.0000000000e+00,2.5830653540e+01
1.9372990155e+01,1.0000000000e+00,1.9372990155e+01
2.5973793916e+01,1.0000000000e+00,2.5973793916e+01
2.7044514853e+01,1.0000000000e+00,2.7044514853e+01
1.8552709940e+01,1.0000000000e+00,1.8552709940e+01
1.4842167952e+01,1.0000000000e+00,1.4842167952e+01
1.1131625964e+01,1.0000000000e+00,1.1131625964e+01
7.4210839760e+00,1.0000000000e+00,7.4210839760e+00
3.7105419880e+00,1.0000000000e+00,3.7105419880e+00
0.0000000000e+00,9.0000000000e-01,0.0000000000e+00
0.0000000000e+00,8.0000000000e-01,0.0000000000e+00
0.0000000000e+00,7.0000000000e-01,0.0000000000e+00
0.0000000000e+00,6.0000000000e-01,0.0000000000e+00
0.0000000000e+00,6.0000000000e-01,0.0000000000e+00
0.0000000000e+00,6.0000000000e-01,0.0000000000e+00
0.0000000000e+00,6.0000000000e-01,0.0000000000e+00
0.0000000000e+00,6.0000000000e-01,0.0000000000e+00
0.0000000000e+00,6.0000000000e-01,0.0000000000e+00
0.0000000000e+00,6.0000000000e-01,0.0000000000e+00
0.0000000000e+00,6.0000000000e-01,0.0000000000e+00
0.0000000000e+00,6.0000000000e-01,0.0000000000e+00
0.0000000000e+00,6.0000000000e-01,0.0000000000e+00
0.0000000000e+00,6.0000000000e-01,0.0000000000e+00
0.0000000000e+00,6.0000000000e-01,0.0000000000e+00
0.0000000000e+00,6.0000000000e-01,0.0000000000e+00
0.0000000000e+00,6.0000000000e-01,0.0000000000e+00
0.0000000000e+00,6.0000000000e-01,0.0000000000e+00
0.0000000000e+00,6.0000000000e-01,0.0000000000e+00
0.0000000000e+00,6.0000000000e-01,0.0000000000e+00
0.0000000000e+00,6.0000000000e-01,0.0000000000e+00
0.0000000000e+00,6.0000000000e-01,0.0000000000e+00
0.0000000000e+00,6.0000000000e-01,0.0000000000e+00
0.0000000000e+00,6.0000000000e-01,0.0000000000e+00
0.0000000000e+00,6.0000000000e-01,0.0000000000e+00
0.0000000000e+00,6.0000000000e-01,0.0000000000e+00
0.0000000000e+00,6.0000000000e-01,0.0000000000e+00
0.0000000000e+00,6.0000000000e-01,0.0000000000e+00
0.0000000000e+00,6.0000000000e-01,0.0000000000e+00
0.0000000000e+00,6.0000000000e-01,0.0000000000e+00
0.0000000000e+00,7.0000000000e-01,0.0000000000e+00
0.0000000000e+00,8.0000000000e-01,0.0000000000e+00
0.0000000000e+00,9.0000000000e-01,0.0000000000e+00
1.3608019032e+01,1.0000000000e+00,1.3608019032e+01
2.7216038065e+01,1.0000000000e+00,2.7216038065e+01
4.0824057097e+01,1.0000000000e+00,4.0824057097e+01
8.0199482185e+01,1.0000000000e+00,8.0199482185e+01
1.1894607739e+02,1.0000000000e+00,1.1894607739e+02
1.4017578689e+02,1.0000000000e+00,1.4017578689e+02
1.3650256036e+02,1.0000000000e+00,1.3650256036e+02
1.1487933463e+02,1.0000000000e+00,1.1487933463e+02
9.1428962312e+01,1.0000000000e+00,9.1428962312e+01
8.1396785746e+01,1.0000000000e+00,8.1396785746e+01
9.1162282752e+01,1.0000000000e+00,9.1162282752e+01
1.1674434752e+02,1.0000000000e+00,1.1674434752e+02
1.4703164930e+02,1.0000000000e+00,1.4703164930e+02
1.6723310202e+02,1.0000000000e+00,1.6723310202e+02
1.6369740595e+02,1.0000000000e+00,1.6369740595e+02
1.3334904106e+02,1.0000000000e+00,1.3334904106e+02
9.0973938395e+01,1.0000000000e+00,9.0973938395e+01
6.2160275975e+01,1.0000000000e+00,6.2160275975e+01
6.4396105094e+01,1.0000000000e+00,6.4396105094e+01
9.4784447367e+01,1.0000000000e+00,9.4784447367e+01
1.3580225336e+02,1.0000000000e+00,1.3580225336e+02
1.7063378014e+02,1.0000000000e+00,1.7063378014e+02
1.9203916725e+02,1.0000000000e+00,1.9203916725e+02
1.9978755214e+02,1.0000000000e+00,1.9978755214e+02
1.9501945621e+02,1.0000000000e+00,1.9501945621e+02
1.7936891571e+02,1.0000000000e+00,1.7936891571e+02
1.5770410423e+02,1.0000000000e+00,1.5770410423e+02
1.3875155752e+02,1.0000000000e+00,1.3875155752e+02
1.3025288076e+02,1.0000000000e+00,1.3025288076e+02
1.3234092497e+02,1.0000000000e+00,1.3234092497e+02
1.3734815730e+02,1.0000000000e+00,1.3734815730e+02
1.3790982117e+02,1.0000000000e+00,1.3790982117e+02
1.3454847547e+02,1.0000000000e+00,1.3454847547e+02
1.3416697167e+02,1.0000000000e+00,1.3416697167e+02
1.4159586811e+02,1.0000000000e+00,1.4159586811e+02
1.5343707855e+02,1.0000000000e+00,1.5343707855e+02
1.6090218763e+02,1.0000000000e+00,1.6090218763e+02
1.5915812684e+02,1.0000000000e+00,1.5915812684e+02
1.5185728869e+02,1.0000000000e+00,1.5185728869e+02
1.4453532870e+02,1.0000000000e+00,1.4453532870e+02
1.3673199529e+02,1.0000000000e+00,1.3673199529e+02
1.2383016044e+02,1.0000000000e+00,1.2383016044e+02
1.0381475677e+02,1.0000000000e+00,1.0381475677e+02
7.9375272749e+01,1.0000000000e+00,7.9375272749e+01
5.5563803163e+01,1.0000000000e+00,5.5563803163e+01
3.7735441879e+01,1.0000000000e+00,3.7735441879e+01
3.0527344527e+01,1.0000000000e+00,3.0527344527e+01
3.6310334207e+01,1.0000000000e+00,3.6310334207e+01
5.3316256731e+01,1.0000000000e+00,5.3316256731e+01
7.5410267382e+01,1.0000000000e+00,7.5410267382e+01
9.5208000790e+01,1.0000000000e+00,9.5208000790e+01
1.0895731793e+02,1.0000000000e+00,1.0895731793e+02
1.1783566234e+02,1.0000000000e+00,1.1783566234e+02
1.2386974895e+02,1.0000000000e+00,1.2386974895e+02
1.2651584337e+02,1.0000000000e+00,1.2651584337e+02
1.2460867511e+02,1.0000000000e+00,1.2460867511e+02
1.1983613018e+02,1.0000000000e+00,1.1983613018e+02
1.1667347418e+02,1.0000000000e+00,1.1667347418e+02
1.1977998692e+02,1.0000000000e+00,1.1977998692e+02
1.3129430818e+02,1.0000000000e+00,1.3129430818e+02
1.4846494502e+02,1.0000000000e+00,1.4846494502e+02
1.6417368883e+02,1.0000000000e+00,1.6417368883e+02
1.7208858510e+02,1.0000000000e+00,1.7208858510e+02
1.7094643971e+02,1.0000000000e+00,1.7094643971e+02
1.6212850818e+02,1.0000000000e+00,1.6212850818e+02
1.4480725537e+02,1.0000000000e+00,1.4480725537e+02
1.1774374619e+02,1.0000000000e+00,1.1774374619e+02
8.6480788622e+01,1.0000000000e+00,8.6480788622e+01
6.4300390779e+01,1.0000000000e+00,6.4300390779e+01
6.2847830764e+01,1.0000000000e+00,6.2847830764e+01
8.2506182894e+01,1.0000000000e+00,8.2506182894e+01
1.1242560476e+02,1.0000000000e+00,1.1242560476e+02
1.3837363610e+02,1.0000000000e+00,1.3837363610e+02
1.5000474705e+02,1.0000000000e+00,1.5000474705e+02
1.4355053911e+02,1.0000000000e+00,1.4355053911e+02
1.2186981893e+02,1.0000000000e+00,1.2186981893e+02
9.3188780680e+01,1.0000000000e+00,9.3188780680e+01
6.7476086333e+01,1.0000000000e+00,6.7476086333e+01
5.1262081104e+01,1.0000000000e+00,5.1262081104e+01
4.4687333939e+01,1.0000000000e+00,4.4687333939e+01
4.3136119238e+01,1.0000000000e+00,4.3136119238e+01
4.1308395096e+01,1.0000000000e+00,4.1308395096e+01
3.6148505320e+01,1.0000000000e+00,3.6148505320e+01
3.0984433132e+01,1.0000000000e+00,3.0984433132e+01
2.5820360943e+01,1.0000000000e+00,2.5820360943e+01
2.0656288754e+01,1.0000000000e+00,2.0656288754e+01
4.0798611111e+01,1.0000000000e+00,4.0798611111e+01
6.1197916667e+01,1.0000000000e+00,6.1197916667e+01
1.0416666667e+02,1.0000000000e+00,1.0416666667e+02
1.2500000000e+02,1.0000000000e+00,1.2500000000e+02
1.0416666667e+02,1.0000000000e+00,1.0416666667e+02
8.9285714286e+01,1.0000000000e+00,8.9285714286e+01
7.4404761905e+01,1.0000000000e+00,7.4404761905e+01
5.9523809524e+01,1.0000000000e+00,5.9523809524e+01
4.4642857143e+01,1.0000000000e+00,4.4642857143e+01
3.1241043086e+01,1.0000000000e+00,3.1241043086e+01
5.8188372513e+01,1.0000000000e+00,5.8188372513e+01
9.4423613514e+01,1.0000000000e+00,9.4423613514e+01
1.3463710149e+02,1.0000000000e+00,1.3463710149e+02
1.7334094930e+02,1.0000000000e+00,1.7334094930e+02
2.0615834139e+02,1.0000000000e+00,2.0615834139e+02
2.2909380815e+02,1.0000000000e+00,2.2909380815e+02
2.3686758985e+02,1.0000000000e+00,2.3686758985e+02
2.2359741052e+02,1.0000000000e+00,2.2359741052e+02
1.8711744291e+02,1.0000000000e+00,1.8711744291e+02
1.3447123764e+02,1.0000000000e+00,1.3447123764e+02
8.3112590960e+01,1.0000000000e+00,8.3112590960e+01
5.3261185807e+01,1.0000000000e+00,5.3261185807e+01
5.5229585694e+01,1.0000000000e+00,5.5229585694e+01
8.3216662838e+01,1.0000000000e+00,8.3216662838e+01
1.2174656103e+02,1.0000000000e+00,1.2174656103e+02
1.5746259162e+02,1.0000000000e+00,1.5746259162e+02
1.8421948452e+02,1.0000000000e+00,1.8421948452e+02
1.9941787996e+02,1.0000000000e+00,1.9941787996e+02
2.0076231031e+02,1.0000000000e+00,2.0076231031e+02
1.8934256389e+02,1.0000000000e+00,1.8934256389e+02
1.7303838278e+02,1.0000000000e+00,1.7303838278e+02
1.6275638896e+02,1.0000000000e+00,1.6275638896e+02
1.6411942539e+02,1.0000000000e+00,1.6411942539e+02
1.7244490447e+02,1.0000000000e+00,1.7244490447e+02
1.7499882812e+02,1.0000000000e+00,1.7499882812e+02
1.5992255410e+02,1.0000000000e+00,1.5992255410e+02
1.2596207740e+02,1.0000000000e+00,1.2596207740e+02
8.3995251926e+01,1.0000000000e+00,8.3995251926e+01
4.8917734248e+01,1.0000000000e+00,4.8917734248e+01
3.0121732707e+01,1.0000000000e+00,3.0121732707e+01
2.7835041906e+01,1.0000000000e+00,2.7835041906e+01
3.6046991999e+01,1.0000000000e+00,3.6046991999e+01
4.8461801911e+01,1.0000000000e+00,4.8461801911e+01
6.2836867765e+01,1.0000000000e+00,6.2836867765e+01
8.0943116701e+01,1.0000000000e+00,8.0943116701e+01
1.0440008565e+02,1.0000000000e+00,1.0440008565e+02
1.2975794655e+02,1.0000000000e+00,1.2975794655e+02
1.4833384340e+02,1.0000000000e+00,1.4833384340e+02
1.5243989203e+02,1.0000000000e+00,1.5243989203e+02
1.4141806507e+02,1.0000000000e+00,1.4141806507e+02
1.2076021562e+02,1.0000000000e+00,1.2076021562e+02
9.7218694204e+01,1.0000000000e+00,9.7218694204e+01
7.6494725877e+01,1.0000000000e+00,7.6494725877e+01
6.3303850995e+01,1.0000000000e+00,6.3303850995e+01
6.0336141398e+01,1.0000000000e+00,6.0336141398e+01
6.6684238414e+01,1.0000000000e+00,6.6684238414e+01
7.8168930528e+01,1.0000000000e+00,7.8168930528e+01
8.9645896984e+01,1.0000000000e+00,8.9645896984e+01
9.7516328609e+01,1.0000000000e+00,9.7516328609e+01
1.0124528748e+02,1.0000000000e+00,1.0124528748e+02
1.0360647496e+02,1.0000000000e+00,1.0360647496e+02
1.0829413594e+02,1.0000000000e+00,1.0829413594e+02
1.1553389803e+02,1.0000000000e+00,1.1553389803e+02
1.2159340685e+02,1.0000000000e+00,1.2159340685e+02
1.2433164356e+02,1.0000000000e+00,1.2433164356e+02
1.2745979472e+02,1.0000000000e+00,1.2745979472e+02
1.3769946689e+02,1.0000000000e+00,1.3769946689e+02
1.5820402352e+02,1.0000000000e+00,1.5820402352e+02
1.8502162433e+02,1.0000000000e+00,1.8502162433e+02
2.0929347982e+02,1.0000000000e+00,2.0929347982e+02
2.2232371839e+02,1.0000000000e+00,2.2232371839e+02
2.1976344587e+02,1.0000000000e+00,2.1976344587e+02
2.0366509112e+02,1.0000000000e+00,2.0366509112e+02
1.8146843247e+02,1.0000000000e+00,1.8146843247e+02
1.6109942325e+02,1.0000000000e+00,1.6109942325e+02
1.4570372225e+02,1.0000000000e+00,1.4570372225e+02
1.3381694035e+02,1.0000000000e+00,1.3381694035e+02
1.2345098580e+02,1.0000000000e+00,1.2345098580e+02
1.1300407744e+02,1.0000000000e+00,1.1300407744e+02
9.9945104264e+01,1.0000000000e+00,9.9945104264e+01
8.3574593762e+01,1.0000000000e+00,8.3574593762e+01
6.8834183233e+01,1.0000000000e+00,6.8834183233e+01
6.3478585330e+01,1.0000000000e+00,6.3478585330e+01
7.0386008023e+01,1.0000000000e+00,7.0386008023e+01
8.3476512373e+01,1.0000000000e+00,8.3476512373e+01
9.1371014170e+01,1.0000000000e+00,9.1371014170e+01
8.5526538869e+01,1.0000000000e+00,8.5526538869e+01
6.6042547315e+01,1.0000000000e+00,6.6042547315e+01
5.6607897698e+01,1.0000000000e+00,5.6607897698e+01
4.7173248082e+01,1.0000000000e+00,4.7173248082e+01
3.7738598465e+01,1.0000000000e+00,3.7738598465e+01
2.8303948849e+01,1.0000000000e+00,2.8303948849e+01
2.5692144648e+01,1.0000000000e+00,2.5692144648e+01
3.7453253413e+01,1.0000000000e+00,3.7453253413e+01
4.1478776221e+01,1.0000000000e+00,4.1478776221e+01
3.5500740310e+01,1.0000000000e+00,3.5500740310e+01
2.5856672476e+01,1.0000000000e+00,2.5856672476e+01
2.5009039183e+01,1.0000000000e+00,2.5009039183e+01
4.3633079832e+01,1.0000000000e+00,4.3633079832e+01
8.2633788235e+01,1.0000000000e+00,8.2633788235e+01
1.3138697555e+02,1.0000000000e+00,1.3138697555e+02
1.7331834092e+02,1.0000000000e+00,1.7331834092e+02
1.9506909813e+02,1.0000000000e+00,1.9506909813e+02
1.9439395016e+02,1.0000000000e+00,1.9439395016e+02
1.8160852713e+02,1.0000000000e+00,1.8160852713e+02
1.7199246777e+02,1.0000000000e+00,1.7199246777e+02
1.7487334680e+02,1.0000000000e+00,1.7487334680e+02
1.8906634505e+02,1.0000000000e+00,1.8906634505e+02
2.0681580237e+02,1.0000000000e+00,2.0681580237e+02
2.2064618770e+02,1.0000000000e+00,2.2064618770e+02
2.2790779682e+02,1.0000000000e+00,2.2790779682e+02
2.3075564043e+02,1.0000000000e+00,2.3075564043e+02
2.3182733318e+02,1.0000000000e+00,2.3182733318e+02
2.2933742062e+02,1.0000000000e+00,2.2933742062e+02
2.1692574197e+02,1.0000000000e+00,2.1692574197e+02
1.8974336558e+02,1.0000000000e+00,1.8974336558e+02
1.5120409749e+02,1.0000000000e+00,1.5120409749e+02
1.1279009302e+02,1.0000000000e+00,1.1279009302e+02
8.6519891398e+01,1.0000000000e+00,8.6519891398e+01
7.7789587021e+01,1.0000000000e+00,7.7789587021e+01
8.4573810958e+01,1.0000000000e+00,8.4573810958e+01
1.0100625827e+02,1.0000000000e+00,1.0100625827e+02
1.2052929893e+02,1.0000000000e+00,1.2052929893e+02
1.3707939629e+02,1.0000000000e+00,1.3707939629e+02
1.4540643271e+02,1.0000000000e+00,1.4540643271e+02
1.4195835150e+02,1.0000000000e+00,1.4195835150e+02
1.2719776479e+02,1.0000000000e+00,1.2719776479e+02
1.0785993854e+02,1.0000000000e+00,1.0785993854e+02
9.5631514579e+01,1.0000000000e+00,9.5631514579e+01
1.0128669974e+02,1.0000000000e+00,1.0128669974e+02
1.2764356803e+02,1.0000000000e+00,1.2764356803e+02
1.6644438133e+02,1.0000000000e+00,1.6644438133e+02
2.0303389365e+02,1.0000000000e+00,2.0303389365e+02
2.2635858281e+02,1.0000000000e+00,2.2635858281e+02
2.3515067600e+02,1.0000000000e+00,2.3515067600e+02
2.3504972186e+02,1.0000000000e+00,2.3504972186e+02
2.3130445991e+02,1.0000000000e+00,2.3130445991e+02
2.2470008943e+02,1.0000000000e+00,2.2470008943e+02
2.1355117738e+02,1.0000000000e+00,2.1355117738e+02
1.9833617251e+02,1.0000000000e+00,1.9833617251e+02
1.8284902562e+02,1.0000000000e+00,1.8284902562e+02
1.7003149104e+02,1.0000000000e+00,1.7003149104e+02
1.5841786781e+02,1.0000000000e+00,1.5841786781e+02
1.4486290518e+02,1.0000000000e+00,1.4486290518e+02
1.2988825302e+02,1.0000000000e+00,1.2988825302e+02
1.1849568863e+02,1.0000000000e+00,1.1849568863e+02
1.1620346200e+02,1.0000000000e+00,1.1620346200e+02
1.2512561020e+02,1.0000000000e+00,1.2512561020e+02
1.4270651151e+02,1.0000000000e+00,1.4270651151e+02
1.6245647220e+02,1.0000000000e+00,1.6245647220e+02
1.7604163640e+02,1.0000000000e+00,1.7604163640e+02
1.7719047004e+02,1.0000000000e+00,1.7719047004e+02
1.6632697122e+02,1.0000000000e+00,1.6632697122e+02
1.5182511183e+02,1.0000000000e+00,1.5182511183e+02
1.4473484716e+02,1.0000000000e+00,1.4473484716e+02
1.5004306785e+02,1.0000000000e+00,1.5004306785e+02
1.6277681973e+02,1.0000000000e+00,1.6277681973e+02
1.7384540292e+02,1.0000000000e+00,1.7384540292e+02
1.7955129468e+02,1.0000000000e+00,1.7955129468e+02
1.8355369173e+02,1.0000000000e+00,1.8355369173e+02
1.8975284130e+02,1.0000000000e+00,1.8975284130e+02
1.9619270034e+02,1.0000000000e+00,1.9619270034e+02
1.9702960470e+02,1.0000000000e+00,1.9702960470e+02
1.8891975968e+02,1.0000000000e+00,1.8891975968e+02
1.7509457825e+02,1.0000000000e+00,1.7509457825e+02
1.6365326418e+02,1.0000000000e+00,1.6365326418e+02
1.6078178732e+02,1.0000000000e+00,1.6078178732e+02
1.6470948552e+02,1.0000000000e+00,1.6470948552e+02
1.6694848482e+02,1.0000000000e+00,1.6694848482e+02
1.6016016093e+02,1.0000000000e+00,1.6016016093e+02
1.4508675764e+02,1.0000000000e+00,1.4508675764e+02
1.3006687350e+02,1.0000000000e+00,1.3006687350e+02
1.2358995967e+02,1.0000000000e+00,1.2358995967e+02
1.2658949180e+02,1.0000000000e+00,1.2658949180e+02
1.3141469035e+02,1.0000000000e+00,1.3141469035e+02
1.2817141697e+02,1.0000000000e+00,1.2817141697e+02
1.1244806444e+02,1.0000000000e+00,1.1244806444e+02
8.7938576950e+01,1.0000000000e+00,8.7938576950e+01
6.2719175046e+01,1.0000000000e+00,6.2719175046e+01
4.3296741132e+01,1.0000000000e+00,4.3296741132e+01
3.1426774547e+01,1.0000000000e+00,3.1426774547e+01
2.6937235326e+01,1.0000000000e+00,2.6937235326e+01
2.2447696105e+01,1.0000000000e+00,2.2447696105e+01
1.7958156884e+01,1.0000000000e+00,1.7958156884e+01
1.3468617663e+01,1.0000000000e+00,1.3468617663e+01
8.9790784420e+00,1.0000000000e+00,8.9790784420e+00
4.4895392210e+00,1.0000000000e+00,4.4895392210e+00
0.0000000000e+00,9.0000000000e-01,0.0000000000e+00
0.0000000000e+00,8.0000000000e-01,0.0000000000e+00
0.0000000000e+00,7.0000000000e-01,0.0000000000e+00
0.0000000000e+00,6.0000000000e-01,0.0000000000e+00
0.0000000000e+00,6.0000000000e-01,0.0000000000e+00
0.0000000000e+00,6.0000000000e-01,0.0000000000e+00
0.0000000000e+00,6.0000000000e-01,0.0000000000e+00
0.0000000000e+00,6.0000000000e-01,0.0000000000e+00
0.0000000000e+00,6.0000000000e-01,0.0000000000e+00
0.0000000000e+00,6.0000000000e-01,0.0000000000e+00
0.0000000000e+00,6.0000000000e-01,0.0000000000e+00
0.0000000000e+00,6.0000000000e-01,0.0000000000e+00
0.0000000000e+00,6.0000000000e-01,0.0000000000e+00
0.0000000000e+00,6.0000000000e-01,0.0000000000e+00
0.0000000000e+00,6.0000000000e-01,0.0000000000e+00
0.0000000000e+00,6.0000000000e-01,0.0000000000e+00
0.0000000000e+00,6.0000000000e-01,0.0000000000e+00
0.0000000000e+00,6.0000000000e-01,0.0000000000e+00
0.0000000000e+00,6.0000000000e-01,0.0000000000e+00
0.0000000000e+00,6.0000000000e-01,0.0000000000e+00
0.0000000000e+00,6.0000000000e-01,0.0000000000e+00
0.0000000000e+00,6.0000000000e-01,0.0000000000e+00
0.0000000000e+00,6.0000000000e-01,0.0000000000e+00
0.0000000000e+00,6.0000000000e-01,0.0000000000e+00
0.0000000000e+00,6.0000000000e-01,0.0000000000e+00
0.0000000000e+00,6.0000000000e-01,0.0000000000e+00
0.0000000000e+00,6.0000000000e-01,0.0000000000e+00
0.0000000000e+00,6.0000000000e-01,0.0000000000e+00
0.0000000000e+00,6.0000000000e-01,0.0000000000e+00
0.0000000000e+00,6.0000000000e-01,0.0000000000e+00
0.0000000000e+00,6.0000000000e-01,0.0000000000e+00
0.0000000000e+00,6.0000000000e-01,0.0000000000e+00
0.0000000000e+00,6.0000000000e-01,0.0000000000e+00
0.0000000000e+00,6.0000000000e-01,0.0000000000e+00
0.0000000000e+00,6.0000000000e-01,0.0000000000e+00
0.0000000000e+00,6.0000000000e-01,0.0000000000e+00
0.0000000000e+00,6.0000000000e-01,0.0000000000e+00
0.0000000000e+00,6.0000000000e-01,0.0000000000e+00
0.0000000000e+00,6.0000000000e-01,0.0000000000e+00
0.0000000000e+00,6.0000000000e-01,0.0000000000e+00
0.0000000000e+00,6.0000000000e-01,0.0000000000e+00
0.0000000000e+00,6.0000000000e-01,0.0000000000e+00
0.0000000000e+00,6.0000000000e-01,0.0000000000e+00
0.0000000000e+00,6.0000000000e-01,0.0000000000e+00
0.0000000000e+00,6.0000000000e-01,0.0000000000e+00
0.0000000000e+00,6.0000000000e-01,0.0000000000e+00
0.0000000000e+00,6.0000000000e-01,0.0000000000e+00
0.0000000000e+00,6.0000000000e-01,0.0000000000e+00
0.0000000000e+00,6.0000000000e-01,0.0000000000e+00
0.0000000000e+00,6.0000000000e-01,0.0000000000e+00
0.0000000000e+00,6.0000000000e-01,0.0000000000e+00
0.0000000000e+00,6.0000000000e-01,0.0000000000e+00
0.0000000000e+00,6.0000000000e-01,0.0000000000e+00
0.0000000000e+00,6.0000000000e-01,0.0000000000e+00
0.0000000000e+00,6.0000000000e-01,0.0000000000e+00
0.0000000000e+00,6.0000000000e-01,0.0000000000e+00
0.0000000000e+00,6.0000000000e-01,0.0000000000e+00
0.0000000000e+00,6.0000000000e-01,0.0000000000e+00
0.0000000000e+00,6.0000000000e-01,0.0000000000e+00
0.0000000000e+00,6.0000000000e-01,0.0000000000e+00
0.0000000000e+00,6.0000000000e-01,0.0000000000e+00
0.0000000000e+00,6.0000000000e-01,0.0000000000e+00
0.0000000000e+00,6.0000000000e-01,0.0000000000e+00
0.0000000000e+00,6.0000000000e-01,0.0000000000e+00
0.0000000000e+00,7.0000000000e-01,0.0000000000e+00
0.0000000000e+00,8.0000000000e-01,0.0000000000e+00
0.0000000000e+00,9.0000000000e-01,0.0000000000e+00
1.3524941971e+01,1.0000000000e+00,1.3524941971e+01
2.7049883942e+01,1.0000000000e+00,2.7049883942e+01
4.0574825912e+01,1.0000000000e+00,4.0574825912e+01
6.5889146573e+01,1.0000000000e+00,6.5889146573e+01
9.5382048144e+01,1.0000000000e+00,9.5382048144e+01
1.2069545619e+02,1.0000000000e+00,1.2069545619e+02
1.3344628793e+02,1.0000000000e+00,1.3344628793e+02
1.3316281735e+02,1.0000000000e+00,1.3316281735e+02
1.2647792387e+02,1.0000000000e+00,1.2647792387e+02
1.1818319912e+02,1.0000000000e+00,1.1818319912e+02
1.0651179257e+02,1.0000000000e+00,1.0651179257e+02
8.8507156447e+01,1.0000000000e+00,8.8507156447e+01
6.8141324787e+01,1.0000000000e+00,6.8141324787e+01
5.7189265953e+01,1.0000000000e+00,5.7189265953e+01
6.7321748011e+01,1.0000000000e+00,6.7321748011e+01
1.0058390283e+02,1.0000000000e+00,1.0058390283e+02
1.4611770883e+02,1.0000000000e+00,1.4611770883e+02
1.8586640198e+02,1.0000000000e+00,1.8586640198e+02
2.0571030811e+02,1.0000000000e+00,2.0571030811e+02
2.0360623724e+02,1.0000000000e+00,2.0360623724e+02
1.8842062185e+02,1.0000000000e+00,1.8842062185e+02
1.7194454599e+02,1.0000000000e+00,1.7194454599e+02
1.6149859112e+02,1.0000000000e+00,1.6149859112e+02
1.5743287889e+02,1.0000000000e+00,1.5743287889e+02
1.5527046069e+02,1.0000000000e+00,1.5527046069e+02
1.5020433024e+02,1.0000000000e+00,1.5020433024e+02
1.4078029298e+02,1.0000000000e+00,1.4078029298e+02
1.2923393782e+02,1.0000000000e+00,1.2923393782e+02
1.1901857861e+02,1.0000000000e+00,1.1901857861e+02
1.1242334670e+02,1.0000000000e+00,1.1242334670e+02
1.0998220468e+02,1.0000000000e+00,1.0998220468e+02
1.1112198158e+02,1.0000000000e+00,1.1112198158e+02
1.1526738747e+02,1.0000000000e+00,1.1526738747e+02
1.2258374268e+02,1.0000000000e+00,1.2258374268e+02
1.3276982211e+02,1.0000000000e+00,1.3276982211e+02
1.4309423485e+02,1.0000000000e+00,1.4309423485e+02
1.5023397693e+02,1.0000000000e+00,1.5023397693e+02
1.5466145610e+02,1.0000000000e+00,1.5466145610e+02
1.5998446963e+02,1.0000000000e+00,1.5998446963e+02
1.6751773932e+02,1.0000000000e+00,1.6751773932e+02
1.7436557165e+02,1.0000000000e+00,1.7436557165e+02
1.7657786707e+02,1.0000000000e+00,1.7657786707e+02
1.7188507551e+02,1.0000000000e+00,1.7188507551e+02
1.5952622101e+02,1.0000000000e+00,1.5952622101e+02
1.3962691637e+02,1.0000000000e+00,1.3962691637e+02
1.1474367991e+02,1.0000000000e+00,1.1474367991e+02
9.1573190094e+01,1.0000000000e+00,9.1573190094e+01
7.8247446907e+01,1.0000000000e+00,7.8247446907e+01
7.8286544703e+01,1.0000000000e+00,7.8286544703e+01
8.8094689727e+01,1.0000000000e+00,8.8094689727e+01
1.0072641153e+02,1.0000000000e+00,1.0072641153e+02
1.1119273045e+02,1.0000000000e+00,1.1119273045e+02
1.1849745098e+02,1.0000000000e+00,1.1849745098e+02
1.2417719066e+02,1.0000000000e+00,1.2417719066e+02
1.2964631056e+02,1.0000000000e+00,1.2964631056e+02
1.3470752747e+02,1.0000000000e+00,1.3470752747e+02
1.3822243774e+02,1.0000000000e+00,1.3822243774e+02
1.3971602479e+02,1.0000000000e+00,1.3971602479e+02
1.3992843677e+02,1.0000000000e+00,1.3992843677e+02
1.3991279024e+02,1.0000000000e+00,1.3991279024e+02
1.3985739737e+02,1.0000000000e+00,1.3985739737e+02
1.3882653919e+02,1.0000000000e+00,1.3882653919e+02
1.3571418164e+02,1.0000000000e+00,1.3571418164e+02
1.3054942097e+02,1.0000000000e+00,1.3054942097e+02
1.2480149971e+02,1.0000000000e+00,1.2480149971e+02
1.2034102279e+02,1.0000000000e+00,1.2034102279e+02
1.1800282015e+02,1.0000000000e+00,1.1800282015e+02
1.1679998354e+02,1.0000000000e+00,1.1679998354e+02
1.1430039816e+02,1.0000000000e+00,1.1430039816e+02
1.0802127130e+02,1.0000000000e+00,1.0802127130e+02
9.6865716425e+01,1.0000000000e+00,9.6865716425e+01
8.1875709245e+01,1.0000000000e+00,8.1875709245e+01
6.6427216819e+01,1.0000000000e+00,6.6427216819e+01
5.5074858801e+01,1.0000000000e+00,5.5074858801e+01
5.0373971305e+01,1.0000000000e+00,5.0373971305e+01
5.0613822405e+01,1.0000000000e+00,5.0613822405e+01
5.1764970020e+01,1.0000000000e+00,5.1764970020e+01
5.1343260138e+01,1.0000000000e+00,5.1343260138e+01
4.9466059228e+01,1.0000000000e+00,4.9466059228e+01
4.6946408912e+01,1.0000000000e+00,4.6946408912e+01
4.3766352840e+01,1.0000000000e+00,4.3766352840e+01
3.9307972641e+01,1.0000000000e+00,3.9307972641e+01
3.3215714919e+01,1.0000000000e+00,3.3215714919e+01
2.8470612788e+01,1.0000000000e+00,2.8470612788e+01
2.3725510656e+01,1.0000000000e+00,2.3725510656e+01
1.8980408525e+01,1.0000000000e+00,1.8980408525e+01
1.4235306394e+01,1.0000000000e+00,1.4235306394e+01
9.4902042625e+00,1.0000000000e+00,9.4902042625e+00
4.7451021313e+00,1.0000000000e+00,4.7451021313e+00
0.0000000000e+00,9.0000000000e-01,0.0000000000e+00
0.0000000000e+00,8.0000000000e-01,0.0000000000e+00
0.0000000000e+00,7.0000000000e-01,0.0000000000e+00
0.0000000000e+00,6.0000000000e-01,0.0000000000e+00
0.0000000000e+00,6.0000000000e-01,0.0000000000e+00
0.0000000000e+00,6.0000000000e-01,0.0000000000e+00
0.0000000000e+00,6.0000000000e-01,0.0000000000e+00
0.0000000000e+00,6.0000000000e-01,0.0000000000e+00
0.0000000000e+00,6.0000000000e-01,0.0000000000e+00
0.0000000000e+00,6.0000000000e-01,0.0000000000e+00
0.0000000000e+00,6.0000000000e-01,0.0000000000e+00
0.0000000000e+00,6.0000000000e-01,0.0000000000e+00
0.0000000000e+00,6.0000000000e-01,0.0000000000e+00
0.0000000000e+00,6.0000000000e-01,0.0000000000e+00
0.0000000000e+00,6.0000000000e-01,0.0000000000e+00
0.0000000000e+00,6.0000000000e-01,0.0000000000e+00
0.0000000000e+00,6.0000000000e-01,0.0000000000e+00
0.0000000000e+00,6.0000000000e-01,0.0000000000e+00
0.0000000000e+00,6.0000000000e-01,0.0000000000e+00
0.0000000000e+00,7.0000000000e-01,0.0000000000e+00
0.0000000000e+00,8.0000000000e-01,0.0000000000e+00
0.0000000000e+00,9.0000000000e-01,0.0000000000e+00
1.6063557019e+01,1.0000000000e+00,1.6063557019e+01
3.2127114037e+01,1.0000000000e+00,3.2127114037e+01
4.8190671056e+01,1.0000000000e+00,4.8190671056e+01
7.5760549916e+01,1.0000000000e+00,7.5760549916e+01
1.0416666667e+02,1.0000000000e+00,1.0416666667e+02
1.2500000000e+02,1.0000000000e+00,1.2500000000e+02
1.3072048224e+02,1.0000000000e+00,1.3072048224e+02
1.2209562177e+02,1.0000000000e+00,1.2209562177e+02
1.1127053658e+02,1.0000000000e+00,1.1127053658e+02
1.0026941302e+02,1.0000000000e+00,1.0026941302e+02
8.9092251077e+01,1.0000000000e+00,8.9092251077e+01
7.7739050754e+01,1.0000000000e+00,7.7739050754e+01
6.6209812051e+01,1.0000000000e+00,6.6209812051e+01
5.4504534968e+01,1.0000000000e+00,5.4504534968e+01
4.2623219505e+01,1.0000000000e+00,4.2623219505e+01
6.3918856773e+01,1.0000000000e+00,6.3918856773e+01
8.2458622043e+01,1.0000000000e+00,8.2458622043e+01
9.8242515313e+01,1.0000000000e+00,9.8242515313e+01
1.1127053658e+02,1.0000000000e+00,1.1127053658e+02
1.2154268586e+02,1.0000000000e+00,1.2154268586e+02
1.2500000000e+02,1.0000000000e+00,1.2500000000e+02
1.1758351589e+02,1.0000000000e+00,1.1758351589e+02
1.0416666667e+02,1.0000000000e+00,1.0416666667e+02
8.9622885476e+01,1.0000000000e+00,8.9622885476e+01
7.3952172317e+01,1.0000000000e+00,7.3952172317e+01
5.7154527190e+01,1.0000000000e+00,5.7154527190e+01
4.3641178315e+01,1.0000000000e+00,4.3641178315e+01
3.7406724270e+01,1.0000000000e+00,3.7406724270e+01
3.1172270225e+01,1.0000000000e+00,3.1172270225e+01
2.4937816180e+01,1.0000000000e+00,2.4937816180e+01
1.8703362135e+01,1.0000000000e+00,1.8703362135e+01
1.2468908090e+01,1.0000000000e+00,1.2468908090e+01
6.2344540449e+00,1.0000000000e+00,6.2344540449e+00
0.0000000000e+00,1.0000000000e+00,0.0000000000e+00
0.0000000000e+00,1.0000000000e+00,0.0000000000e+00
0.0000000000e+00,1.0000000000e+00,0.0000000000e+00
1.5711636401e+01,1.0000000000e+00,1.5711636401e+01
3.1423272803e+01,1.0000000000e+00,3.1423272803e+01
4.7134909204e+01,1.0000000000e+00,4.7134909204e+01
9.7490721507e+01,1.0000000000e+00,9.7490721507e+01
1.5318054623e+02,1.0000000000e+00,1.5318054623e+02
1.9790937048e+02,1.0000000000e+00,1.9790937048e+02
2.2292090415e+02,1.0000000000e+00,2.2292090415e+02
2.3093303197e+02,1.0000000000e+00,2.3093303197e+02
2.3141829411e+02,1.0000000000e+00,2.3141829411e+02
2.3247953659e+02,1.0000000000e+00,2.3247953659e+02
2.3477899293e+02,1.0000000000e+00,2.3477899293e+02
2.3095340079e+02,1.0000000000e+00,2.3095340079e+02
2.1184237643e+02,1.0000000000e+00,2.1184237643e+02
1.7659942381e+02,1.0000000000e+00,1.7659942381e+02
1.3860836457e+02,1.0000000000e+00,1.3860836457e+02
1.1897044808e+02,1.0000000000e+00,1.1897044808e+02
1.2999155246e+02,1.0000000000e+00,1.2999155246e+02
1.6445848796e+02,1.0000000000e+00,1.6445848796e+02
2.0240197413e+02,1.0000000000e+00,2.0240197413e+02
2.2686354727e+02,1.0000000000e+00,2.2686354727e+02
2.3190843615e+02,1.0000000000e+00,2.3190843615e+02
2.1947200069e+02,1.0000000000e+00,2.1947200069e+02
1.9458680995e+02,1.0000000000e+00,1.9458680995e+02
1.6524635642e+02,1.0000000000e+00,1.6524635642e+02
1.4255196226e+02,1.0000000000e+00,1.4255196226e+02
1.3538976880e+02,1.0000000000e+00,1.3538976880e+02
1.4369187094e+02,1.0000000000e+00,1.4369187094e+02
1.5917878793e+02,1.0000000000e+00,1.5917878793e+02
1.7343430617e+02,1.0000000000e+00,1.7343430617e+02
1.8419559105e+02,1.0000000000e+00,1.8419559105e+02
1.9404592201e+02,1.0000000000e+00,1.9404592201e+02
2.0386239549e+02,1.0000000000e+00,2.0386239549e+02
2.0753815973e+02,1.0000000000e+00,2.0753815973e+02
1.9468446346e+02,1.0000000000e+00,1.9468446346e+02
1.6159905114e+02,1.0000000000e+00,1.6159905114e+02
1.1948097748e+02,1.0000000000e+00,1.1948097748e+02
8.8748497238e+01,1.0000000000e+00,8.8748497238e+01
8.3637518822e+01,1.0000000000e+00,8.3637518822e+01
1.0181681538e+02,1.0000000000e+00,1.0181681538e+02
1.2749553226e+02,1.0000000000e+00,1.2749553226e+02
1.4381606570e+02,1.0000000000e+00,1.4381606570e+02
1.4365468997e+02,1.0000000000e+00,1.4365468997e+02
1.3102064117e+02,1.0000000000e+00,1.3102064117e+02
1.1447210108e+02,1.0000000000e+00,1.1447210108e+02
1.0060229453e+02,1.0000000000e+00,1.0060229453e+02
9.3189130342e+01,1.0000000000e+00,9.3189130342e+01
9.5408623107e+01,1.0000000000e+00,9.5408623107e+01
1.0912270565e+02,1.0000000000e+00,1.0912270565e+02
1.3123385223e+02,1.0000000000e+00,1.3123385223e+02
1.5334739347e+02,1.0000000000e+00,1.5334739347e+02
1.6719018140e+02,1.0000000000e+00,1.6719018140e+02
1.7008626134e+02,1.0000000000e+00,1.7008626134e+02
1.6503743727e+02,1.0000000000e+00,1.6503743727e+02
1.5715857619e+02,1.0000000000e+00,1.5715857619e+02
1.5117695281e+02,1.0000000000e+00,1.5117695281e+02
1.5066529769e+02,1.0000000000e+00,1.5066529769e+02
1.5661144815e+02,1.0000000000e+00,1.5661144815e+02
1.6601164967e+02,1.0000000000e+00,1.6601164967e+02
1.7344749730e+02,1.0000000000e+00,1.7344749730e+02
1.7479620374e+02,1.0000000000e+00,1.7479620374e+02
1.6969336729e+02,1.0000000000e+00,1.6969336729e+02
1.6134587518e+02,1.0000000000e+00,1.6134587518e+02
1.5404980504e+02,1.0000000000e+00,1.5404980504e+02
1.5061278250e+02,1.0000000000e+00,1.5061278250e+02
1.5221098214e+02,1.0000000000e+00,1.5221098214e+02
1.5903346108e+02,1.0000000000e+00,1.5903346108e+02
1.6878486601e+02,1.0000000000e+00,1.6878486601e+02
1.7502738266e+02,1.0000000000e+00,1.7502738266e+02
1.6936054700e+02,1.0000000000e+00,1.6936054700e+02
1.4728975528e+02,1.0000000000e+00,1.4728975528e+02
1.1303602474e+02,1.0000000000e+00,1.1303602474e+02
7.7969929483e+01,1.0000000000e+00,7.7969929483e+01
5.2841087359e+01,1.0000000000e+00,5.2841087359e+01
4.1516574155e+01,1.0000000000e+00,4.1516574155e+01
4.2864534601e+01,1.0000000000e+00,4.2864534601e+01
5.6866332703e+01,1.0000000000e+00,5.6866332703e+01
8.5473698020e+01,1.0000000000e+00,8.5473698020e+01
1.2640062446e+02,1.0000000000e+00,1.2640062446e+02
1.6870957029e+02,1.0000000000e+00,1.6870957029e+02
1.9817071594e+02,1.0000000000e+00,1.9817071594e+02
2.0806507077e+02,1.0000000000e+00,2.0806507077e+02
2.0364253710e+02,1.0000000000e+00,2.0364253710e+02
1.9617024019e+02,1.0000000000e+00,1.9617024019e+02
1.9413380065e+02,1.0000000000e+00,1.9413380065e+02
1.9965282669e+02,1.0000000000e+00,1.9965282669e+02
2.1026488849e+02,1.0000000000e+00,2.1026488849e+02
2.2168532254e+02,1.0000000000e+00,2.2168532254e+02
2.2895170575e+02,1.0000000000e+00,2.2895170575e+02
2.2665190762e+02,1.0000000000e+00,2.2665190762e+02
2.1003495222e+02,1.0000000000e+00,2.1003495222e+02
1.7776355907e+02,1.0000000000e+00,1.7776355907e+02
1.3478845181e+02,1.0000000000e+00,1.3478845181e+02
9.1650854797e+01,1.0000000000e+00,9.1650854797e+01
5.8952403447e+01,1.0000000000e+00,5.8952403447e+01
4.2292405172e+01,1.0000000000e+00,4.2292405172e+01
4.3055305646e+01,1.0000000000e+00,4.3055305646e+01
6.1636316066e+01,1.0000000000e+00,6.1636316066e+01
9.5970206678e+01,1.0000000000e+00,9.5970206678e+01
1.3709281087e+02,1.0000000000e+00,1.3709281087e+02
1.7108141506e+02,1.0000000000e+00,1.7108141506e+02
1.8868580124e+02,1.0000000000e+00,1.8868580124e+02
1.9158550692e+02,1.0000000000e+00,1.9158550692e+02
1.8796965158e+02,1.0000000000e+00,1.8796965158e+02
1.8419737476e+02,1.0000000000e+00,1.8419737476e+02
1.8209039242e+02,1.0000000000e+00,1.8209039242e+02
1.8154475336e+02,1.0000000000e+00,1.8154475336e+02
1.8244916532e+02,1.0000000000e+00,1.8244916532e+02
1.8418782311e+02,1.0000000000e+00,1.8418782311e+02
1.8533850884e+02,1.0000000000e+00,1.8533850884e+02
1.8502199307e+02,1.0000000000e+00,1.8502199307e+02
1.8450672604e+02,1.0000000000e+00,1.8450672604e+02
1.8647105428e+02,1.0000000000e+00,1.8647105428e+02
1.9166950439e+02,1.0000000000e+00,1.9166950439e+02
1.9699041675e+02,1.0000000000e+00,1.9699041675e+02
1.9802113108e+02,1.0000000000e+00,1.9802113108e+02
1.9326500573e+02,1.0000000000e+00,1.9326500573e+02
1.8550678257e+02,1.0000000000e+00,1.8550678257e+02
1.7996279483e+02,1.0000000000e+00,1.7996279483e+02
1.8110706424e+02,1.0000000000e+00,1.8110706424e+02
1.8963273059e+02,1.0000000000e+00,1.8963273059e+02
2.0159434464e+02,1.0000000000e+00,2.0159434464e+02
2.1112343416e+02,1.0000000000e+00,2.1112343416e+02
2.1473718090e+02,1.0000000000e+00,2.1473718090e+02
2.1346585387e+02,1.0000000000e+00,2.1346585387e+02
2.1112991044e+02,1.0000000000e+00,2.1112991044e+02
2.1052486642e+02,1.0000000000e+00,2.1052486642e+02
2.1096215029e+02,1.0000000000e+00,2.1096215029e+02
2.0955462630e+02,1.0000000000e+00,2.0955462630e+02
2.0507636020e+02,1.0000000000e+00,2.0507636020e+02
1.9987210157e+02,1.0000000000e+00,1.9987210157e+02
1.9721645915e+02,1.0000000000e+00,1.9721645915e+02
1.9741735822e+02,1.0000000000e+00,1.9741735822e+02
1.9745011229e+02,1.0000000000e+00,1.9745011229e+02
1.9432326838e+02,1.0000000000e+00,1.9432326838e+02
1.8829498074e+02,1.0000000000e+00,1.8829498074e+02
1.8262664143e+02,1.0000000000e+00,1.8262664143e+02
1.8031171115e+02,1.0000000000e+00,1.8031171115e+02
1.8098694283e+02,1.0000000000e+00,1.8098694283e+02
1.8087222897e+02,1.0000000000e+00,1.8087222897e+02
1.7609903430e+02,1.0000000000e+00,1.7609903430e+02
1.6660639405e+02,1.0000000000e+00,1.6660639405e+02
1.5672498834e+02,1.0000000000e+00,1.5672498834e+02
1.5164805731e+02,1.0000000000e+00,1.5164805731e+02
1.5304560324e+02,1.0000000000e+00,1.5304560324e+02
1.5786826638e+02,1.0000000000e+00,1.5786826638e+02
1.6117428106e+02,1.0000000000e+00,1.6117428106e+02
1.5988768221e+02,1.0000000000e+00,1.5988768221e+02
1.5431229034e+02,1.0000000000e+00,1.5431229034e+02
1.4700175734e+02,1.0000000000e+00,1.4700175734e+02
1.4048733454e+02,1.0000000000e+00,1.4048733454e+02
1.3595947748e+02,1.0000000000e+00,1.3595947748e+02
1.3352680483e+02,1.0000000000e+00,1.3352680483e+02
1.3234479575e+02,1.0000000000e+00,1.3234479575e+02
1.2990656113e+02,1.0000000000e+00,1.2990656113e+02
1.2237919543e+02,1.0000000000e+00,1.2237919543e+02
1.0718671727e+02,1.0000000000e+00,1.0718671727e+02
8.5760761964e+01,1.0000000000e+00,8.5760761964e+01
6.3187673392e+01,1.0000000000e+00,6.3187673392e+01
4.4725914416e+01,1.0000000000e+00,4.4725914416e+01
3.2671217706e+01,1.0000000000e+00,3.2671217706e+01
2.8003900891e+01,1.0000000000e+00,2.8003900891e+01
2.3336584076e+01,1.0000000000e+00,2.3336584076e+01
1.8669267261e+01,1.0000000000e+00,1.8669267261e+01
1.4001950446e+01,1.0000000000e+00,1.4001950446e+01
9.3346336304e+00,1.0000000000e+00,9.3346336304e+00
4.6673168152e+00,1.0000000000e+00,4.6673168152e+00
0.0000000000e+00,9.0000000000e-01,0.0000000000e+00
0.0000000000e+00,8.0000000000e-01,0.0000000000e+00
0.0000000000e+00,7.0000000000e-01,0.0000000000e+00
0.0000000000e+00,6.0000000000e-01,0.0000000000e+00
0.0000000000e+00,6.0000000000e-01,0.0000000000e+00
0.0000000000e+00,6.0000000000e-01,0.0000000000e+00
0.0000000000e+00,6.0000000000e-01,0.0000000000e+00
0.0000000000e+00,6.0000000000e-01,0.0000000000e+00
0.0000000000e+00,6.0000000000e-01,0.0000000000e+00
0.0000000000e+00,6.0000000000e-01,0.0000000000e+00
0.0000000000e+00,6.0000000000e-01,0.0000000000e+00
0.0000000000e+00,6.0000000000e-01,0.0000000000e+00
0.0000000000e+00,6.0000000000e-01,0.0000000000e+00
0.0000000000e+00,6.0000000000e-01,0.0000000000e+00
0.0000000000e+00,6.0000000000e-01,0.0000000000e+00
0.0000000000e+00,6.0000000000e-01,0.0000000000e+00
0.0000000000e+00,6.0000000000e-01,0.0000000000e+00
0.0000000000e+00,6.0000000000e-01,0.0000000000e+00
0.0000000000e+00,6.0000000000e-01,0.0000000000e+00
0.0000000000e+00,6.0000000000e-01,0.0000000000e+00
0.0000000000e+00,6.0000000000e-01,0.0000000000e+00
0.0000000000e+00,6.0000000000e-01,0.0000000000e+00
0.0000000000e+00,6.0000000000e-01,0.0000000000e+00
0.0000000000e+00,6.0000000000e-01,0.0000000000e+00
0.0000000000e+00,6.0000000000e-01,0.0000000000e+00
0.0000000000e+00,6.0000000000e-01,0.0000000000e+00
0.0000000000e+00,6.0000000000e-01,0.0000000000e+00
0.0000000000e+00,6.0000000000e-01,0.0000000000e+00
0.0000000000e+00,6.0000000000e-01,0.0000000000e+00
0.0000000000e+00,7.0000000000e-01,0.0000000000e+00
0.0000000000e+00,8.0000000000e-01,0.0000000000e+00
0.0000000000e+00,9.0000000000e-01,0.0000000000e+00
1.3214494692e+01,1.0000000000e+00,1.3214494692e+01
2.6428989384e+01,1.0000000000e+00,2.6428989384e+01
3.9643484077e+01,1.0000000000e+00,3.9643484077e+01
8.4341247257e+01,1.0000000000e+00,8.4341247257e+01
1.3303220395e+02,1.0000000000e+00,1.3303220395e+02
1.7329002159e+02,1.0000000000e+00,1.7329002159e+02
1.9727584212e+02,1.0000000000e+00,1.9727584212e+02
2.0545797960e+02,1.0000000000e+00,2.0545797960e+02
2.0562473173e+02,1.0000000000e+00,2.0562473173e+02
2.0744702960e+02,1.0000000000e+00,2.0744702960e+02
2.1564340791e+02,1.0000000000e+00,2.1564340791e+02
2.2707184666e+02,1.0000000000e+00,2.2707184666e+02
2.3359738652e+02,1.0000000000e+00,2.3359738652e+02
2.2769416927e+02,1.0000000000e+00,2.2769416927e+02
2.0771858665e+02,1.0000000000e+00,2.0771858665e+02
1.8067887629e+02,1.0000000000e+00,1.8067887629e+02
1.5874781751e+02,1.0000000000e+00,1.5874781751e+02
1.4934545857e+02,1.0000000000e+00,1.4934545857e+02
1.4828973626e+02,1.0000000000e+00,1.4828973626e+02
1.4449107605e+02,1.0000000000e+00,1.4449107605e+02
1.3051017676e+02,1.0000000000e+00,1.3051017676e+02
1.0796611198e+02,1.0000000000e+00,1.0796611198e+02
8.5394662078e+01,1.0000000000e+00,8.5394662078e+01
7.2915612116e+01,1.0000000000e+00,7.2915612116e+01
7.7550856480e+01,1.0000000000e+00,7.7550856480e+01
9.9893919455e+01,1.0000000000e+00,9.9893919455e+01
1.3223449457e+02,1.0000000000e+00,1.3223449457e+02
1.6135419273e+02,1.0000000000e+00,1.6135419273e+02
1.7746429863e+02,1.0000000000e+00,1.7746429863e+02
1.8153432459e+02,1.0000000000e+00,1.8153432459e+02
1.8110099505e+02,1.0000000000e+00,1.8110099505e+02
1.7815933672e+02,1.0000000000e+00,1.7815933672e+02
1.6557133314e+02,1.0000000000e+00,1.6557133314e+02
1.3890910138e+02,1.0000000000e+00,1.3890910138e+02
1.0848553855e+02,1.0000000000e+00,1.0848553855e+02
9.4238194273e+01,1.0000000000e+00,9.4238194273e+01
1.0787125930e+02,1.0000000000e+00,1.0787125930e+02
1.4227640955e+02,1.0000000000e+00,1.4227640955e+02
1.7914793265e+02,1.0000000000e+00,1.7914793265e+02
2.0447741109e+02,1.0000000000e+00,2.0447741109e+02
2.1514766300e+02,1.0000000000e+00,2.1514766300e+02
2.1448571895e+02,1.0000000000e+00,2.1448571895e+02
2.0653502628e+02,1.0000000000e+00,2.0653502628e+02
1.9435233181e+02,1.0000000000e+00,1.9435233181e+02
1.8068922478e+02,1.0000000000e+00,1.8068922478e+02
1.6880974164e+02,1.0000000000e+00,1.6880974164e+02
1.6191609047e+02,1.0000000000e+00,1.6191609047e+02
1.6094669758e+02,1.0000000000e+00,1.6094669758e+02
1.6297540230e+02,1.0000000000e+00,1.6297540230e+02
1.6215051430e+02,1.0000000000e+00,1.6215051430e+02
1.5253672587e+02,1.0000000000e+00,1.5253672587e+02
1.3144098611e+02,1.0000000000e+00,1.3144098611e+02
1.0192481873e+02,1.0000000000e+00,1.0192481873e+02
7.2292481071e+01,1.0000000000e+00,7.2292481071e+01
5.1745749971e+01,1.0000000000e+00,5.1745749971e+01
4.5637510577e+01,1.0000000000e+00,4.5637510577e+01
5.3706460500e+01,1.0000000000e+00,5.3706460500e+01
7.0320395299e+01,1.0000000000e+00,7.0320395299e+01
8.5893244880e+01,1.0000000000e+00,8.5893244880e+01
9.1450923459e+01,1.0000000000e+00,9.1450923459e+01
8.5280146832e+01,1.0000000000e+00,8.5280146832e+01
7.5251154985e+01,1.0000000000e+00,7.5251154985e+01
7.2375446251e+01,1.0000000000e+00,7.2375446251e+01
8.0498731020e+01,1.0000000000e+00,8.0498731020e+01
9.2708626787e+01,1.0000000000e+00,9.2708626787e+01
9.8349287539e+01,1.0000000000e+00,9.8349287539e+01
9.3256410327e+01,1.0000000000e+00,9.3256410327e+01
8.3456178275e+01,1.0000000000e+00,8.3456178275e+01
7.9517264890e+01,1.0000000000e+00,7.9517264890e+01
9.3987070641e+01,1.0000000000e+00,9.3987070641e+01
1.0662116373e+02,1.0000000000e+00,1.0662116373e+02
1.1741954415e+02,1.0000000000e+00,1.1741954415e+02
1.2500000000e+02,1.0000000000e+00,1.2500000000e+02
1.2248441792e+02,1.0000000000e+00,1.2248441792e+02
1.1698153439e+02,1.0000000000e+00,1.1698153439e+02
1.0990650750e+02,1.0000000000e+00,1.0990650750e+02
1.1171602008e+02,1.0000000000e+00,1.1171602008e+02
1.1425399629e+02,1.0000000000e+00,1.1425399629e+02
1.1190873960e+02,1.0000000000e+00,1.1190873960e+02
1.0080441206e+02,1.0000000000e+00,1.0080441206e+02
8.1088845873e+01,1.0000000000e+00,8.1088845873e+01
5.7734652611e+01,1.0000000000e+00,5.7734652611e+01
3.9089400586e+01,1.0000000000e+00,3.9089400586e+01
3.3120281440e+01,1.0000000000e+00,3.3120281440e+01
4.2954102524e+01,1.0000000000e+00,4.2954102524e+01
6.4497089703e+01,1.0000000000e+00,6.4497089703e+01
8.8609767356e+01,1.0000000000e+00,8.8609767356e+01
1.0696122990e+02,1.0000000000e+00,1.0696122990e+02
1.1648296403e+02,1.0000000000e+00,1.1648296403e+02
1.1899261118e+02,1.0000000000e+00,1.1899261118e+02
1.1833997430e+02,1.0000000000e+00,1.1833997430e+02
1.1813282264e+02,1.0000000000e+00,1.1813282264e+02
1.2013024307e+02,1.0000000000e+00,1.2013024307e+02
1.2358171299e+02,1.0000000000e+00,1.2358171299e+02
1.2650595088e+02,1.0000000000e+00,1.2650595088e+02
1.2783211122e+02,1.0000000000e+00,1.2783211122e+02
1.2824612467e+02,1.0000000000e+00,1.2824612467e+02
1.2944215550e+02,1.0000000000e+00,1.2944215550e+02
1.3288405528e+02,1.0000000000e+00,1.3288405528e+02
1.3884181318e+02,1.0000000000e+00,1.3884181318e+02
1.4633782878e+02,1.0000000000e+00,1.4633782878e+02
1.5407908756e+02,1.0000000000e+00,1.5407908756e+02
1.6103603231e+02,1.0000000000e+00,1.6103603231e+02
1.6595615117e+02,1.0000000000e+00,1.6595615117e+02
1.6731162083e+02,1.0000000000e+00,1.6731162083e+02
1.6462954096e+02,1.0000000000e+00,1.6462954096e+02
1.5930754829e+02,1.0000000000e+00,1.5930754829e+02
1.5326517070e+02,1.0000000000e+00,1.5326517070e+02
1.4739260228e+02,1.0000000000e+00,1.4739260228e+02
1.4238403897e+02,1.0000000000e+00,1.4238403897e+02
1.4038279139e+02,1.0000000000e+00,1.4038279139e+02
1.4393761461e+02,1.0000000000e+00,1.4393761461e+02
1.5285139606e+02,1.0000000000e+00,1.5285139606e+02
1.6296068292e+02,1.0000000000e+00,1.6296068292e+02
1.6864473302e+02,1.0000000000e+00,1.6864473302e+02
1.6682958823e+02,1.0000000000e+00,1.6682958823e+02
1.5902948229e+02,1.0000000000e+00,1.5902948229e+02
1.5011333606e+02,1.0000000000e+00,1.5011333606e+02
1.4558344593e+02,1.0000000000e+00,1.4558344593e+02
1.4937563471e+02,1.0000000000e+00,1.4937563471e+02
1.6199309287e+02,1.0000000000e+00,1.6199309287e+02
1.7913686971e+02,1.0000000000e+00,1.7913686971e+02
1.9317743589e+02,1.0000000000e+00,1.9317743589e+02
1.9778055651e+02,1.0000000000e+00,1.9778055651e+02
1.9150784123e+02,1.0000000000e+00,1.9150784123e+02
1.7736402624e+02,1.0000000000e+00,1.7736402624e+02
1.6054850271e+02,1.0000000000e+00,1.6054850271e+02
1.4647433373e+02,1.0000000000e+00,1.4647433373e+02
1.3795014596e+02,1.0000000000e+00,1.3795014596e+02
1.3328107951e+02,1.0000000000e+00,1.3328107951e+02
1.2865064296e+02,1.0000000000e+00,1.2865064296e+02
1.2179224924e+02,1.0000000000e+00,1.2179224924e+02
1.1239151363e+02,1.0000000000e+00,1.1239151363e+02
1.0132546788e+02,1.0000000000e+00,1.0132546788e+02
9.0878380741e+01,1.0000000000e+00,9.0878380741e+01
8.3140536520e+01,1.0000000000e+00,8.3140536520e+01
7.7243990711e+01,1.0000000000e+00,7.7243990711e+01
6.9979636474e+01,1.0000000000e+00,6.9979636474e+01
5.9095966179e+01,1.0000000000e+00,5.9095966179e+01
4.5080589910e+01,1.0000000000e+00,4.5080589910e+01
3.8640505637e+01,1.0000000000e+00,3.8640505637e+01
3.2200421364e+01,1.0000000000e+00,3.2200421364e+01
2.5760337091e+01,1.0000000000e+00,2.5760337091e+01
1.9320252819e+01,1.0000000000e+00,1.9320252819e+01
1.6695331086e+01,1.0000000000e+00,1.6695331086e+01
2.5042996629e+01,1.0000000000e+00,2.5042996629e+01
2.8559501854e+01,1.0000000000e+00,2.8559501854e+01
2.5005527643e+01,1.0000000000e+00,2.5005527643e+01
2.0399644181e+01,1.0000000000e+00,2.0399644181e+01
1.6319715345e+01,1.0000000000e+00,1.6319715345e+01
1.4321133818e+01,1.0000000000e+00,1.4321133818e+01
2.8642267636e+01,1.0000000000e+00,2.8642267636e+01
4.2963401454e+01,1.0000000000e+00,4.2963401454e+01
7.9266877014e+01,1.0000000000e+00,7.9266877014e+01
1.1185348305e+02,1.0000000000e+00,1.1185348305e+02
1.3106615361e+02,1.0000000000e+00,1.3106615361e+02
1.3604637704e+02,1.0000000000e+00,1.3604637704e+02
1.3396109005e+02,1.0000000000e+00,1.3396109005e+02
1.3304068564e+02,1.0000000000e+00,1.3304068564e+02
1.3672568039e+02,1.0000000000e+00,1.3672568039e+02
1.4417837152e+02,1.0000000000e+00,1.4417837152e+02
1.5464640414e+02,1.0000000000e+00,1.5464640414e+02
1.6898972034e+02,1.0000000000e+00,1.6898972034e+02
1.8623420847e+02,1.0000000000e+00,1.8623420847e+02
2.0027455353e+02,1.0000000000e+00,2.0027455353e+02
2.0226160863e+02,1.0000000000e+00,2.0226160863e+02
1.8732555156e+02,1.0000000000e+00,1.8732555156e+02
1.5835947649e+02,1.0000000000e+00,1.5835947649e+02
1.2255944699e+02,1.0000000000e+00,1.2255944699e+02
8.5994118177e+01,1.0000000000e+00,8.5994118177e+01
5.3482556009e+01,1.0000000000e+00,5.3482556009e+01
3.1597673709e+01,1.0000000000e+00,3.1597673709e+01
2.7749585992e+01,1.0000000000e+00,2.7749585992e+01
4.4839982953e+01,1.0000000000e+00,4.4839982953e+01
7.7265537770e+01,1.0000000000e+00,7.7265537770e+01
1.1301037645e+02,1.0000000000e+00,1.1301037645e+02
1.4068721417e+02,1.0000000000e+00,1.4068721417e+02
1.5536580317e+02,1.0000000000e+00,1.5536580317e+02
1.5877544596e+02,1.0000000000e+00,1.5877544596e+02
1.5550991395e+02,1.0000000000e+00,1.5550991395e+02
1.4941357018e+02,1.0000000000e+00,1.4941357018e+02
1.4244185963e+02,1.0000000000e+00,1.4244185963e+02
1.3580372922e+02,1.0000000000e+00,1.3580372922e+02
1.3181834968e+02,1.0000000000e+00,1.3181834968e+02
1.3402809113e+02,1.0000000000e+00,1.3402809113e+02
1.4371565000e+02,1.0000000000e+00,1.4371565000e+02
1.5552295962e+02,1.0000000000e+00,1.5552295962e+02
1.5841861841e+02,1.0000000000e+00,1.5841861841e+02
1.4331370223e+02,1.0000000000e+00,1.4331370223e+02
1.1092475847e+02,1.0000000000e+00,1.1092475847e+02
7.3367223857e+01,1.0000000000e+00,7.3367223857e+01
4.8391452987e+01,1.0000000000e+00,4.8391452987e+01
4.9141502629e+01,1.0000000000e+00,4.9141502629e+01
7.4777185902e+01,1.0000000000e+00,7.4777185902e+01
1.0930545678e+02,1.0000000000e+00,1.0930545678e+02
1.3218864945e+02,1.0000000000e+00,1.3218864945e+02
1.3315810052e+02,1.0000000000e+00,1.3315810052e+02
1.1781082609e+02,1.0000000000e+00,1.1781082609e+02
1.0014639034e+02,1.0000000000e+00,1.0014639034e+02
9.1356091858e+01,1.0000000000e+00,9.1356091858e+01
9.4572849720e+01,1.0000000000e+00,9.4572849720e+01
1.0662276394e+02,1.0000000000e+00,1.0662276394e+02
1.2255427686e+02,1.0000000000e+00,1.2255427686e+02
1.3878433279e+02,1.0000000000e+00,1.3878433279e+02
1.5280782050e+02,1.0000000000e+00,1.5280782050e+02
1.6158712803e+02,1.0000000000e+00,1.6158712803e+02
1.6298911895e+02,1.0000000000e+00,1.6298911895e+02
1.5943791568e+02,1.0000000000e+00,1.5943791568e+02
1.5772014436e+02,1.0000000000e+00,1.5772014436e+02
1.6326582297e+02,1.0000000000e+00,1.6326582297e+02
1.7510880934e+02,1.0000000000e+00,1.7510880934e+02
1.8754617624e+02,1.0000000000e+00,1.8754617624e+02
1.9617735998e+02,1.0000000000e+00,1.9617735998e+02
2.0089072439e+02,1.0000000000e+00,2.0089072439e+02
2.0355062045e+02,1.0000000000e+00,2.0355062045e+02
2.0507992545e+02,1.0000000000e+00,2.0507992545e+02
2.0540716962e+02,1.0000000000e+00,2.0540716962e+02
2.0435707686e+02,1.0000000000e+00,2.0435707686e+02
2.0075636781e+02,1.0000000000e+00,2.0075636781e+02
1.9115963717e+02,1.0000000000e+00,1.9115963717e+02
1.7152556711e+02,1.0000000000e+00,1.7152556711e+02
1.4120597899e+02,1.0000000000e+00,1.4120597899e+02
1.0492766814e+02,1.0000000000e+00,1.0492766814e+02
7.0627456254e+01,1.0000000000e+00,7.0627456254e+01
4.5173932004e+01,1.0000000000e+00,4.5173932004e+01
3.1010892808e+01,1.0000000000e+00,3.1010892808e+01
2.6580765264e+01,1.0000000000e+00,2.6580765264e+01
2.2150637720e+01,1.0000000000e+00,2.2150637720e+01
1.7720510176e+01,1.0000000000e+00,1.7720510176e+01
1.3290382632e+01,1.0000000000e+00,1.3290382632e+01
2.5779929307e+01,1.0000000000e+00,2.5779929307e+01
3.8669893960e+01,1.0000000000e+00,3.8669893960e+01
7.3392116183e+01,1.0000000000e+00,7.3392116183e+01
1.0416666667e+02,1.0000000000e+00,1.0416666667e+02
1.2500000000e+02,1.0000000000e+00,1.2500000000e+02
1.0416666667e+02,1.0000000000e+00,1.0416666667e+02
8.9285714286e+01,1.0000000000e+00,8.9285714286e+01
7.4404761905e+01,1.0000000000e+00,7.4404761905e+01
5.9523809524e+01,1.0000000000e+00,5.9523809524e+01
4.4642857143e+01,1.0000000000e+00,4.4642857143e+01
5.2232495273e+01,1.0000000000e+00,5.2232495273e+01
1.0439901819e+02,1.0000000000e+00,1.0439901819e+02
1.6020148020e+02,1.0000000000e+00,1.6020148020e+02
2.0419421052e+02,1.0000000000e+00,2.0419421052e+02
2.2949684336e+02,1.0000000000e+00,2.2949684336e+02
2.3939230226e+02,1.0000000000e+00,2.3939230226e+02
2.3950248823e+02,1.0000000000e+00,2.3950248823e+02
2.3049690368e+02,1.0000000000e+00,2.3049690368e+02
2.0894530112e+02,1.0000000000e+00,2.0894530112e+02
1.7485508927e+02,1.0000000000e+00,1.7485508927e+02
1.3799095763e+02,1.0000000000e+00,1.3799095763e+02
1.1477469356e+02,1.0000000000e+00,1.1477469356e+02
1.1642364178e+02,1.0000000000e+00,1.1642364178e+02
1.4018582855e+02,1.0000000000e+00,1.4018582855e+02
1.7292444088e+02,1.0000000000e+00,1.7292444088e+02
2.0171457568e+02,1.0000000000e+00,2.0171457568e+02
2.2035686438e+02,1.0000000000e+00,2.2035686438e+02
2.2887830141e+02,1.0000000000e+00,2.2887830141e+02
2.3033196729e+02,1.0000000000e+00,2.3033196729e+02
2.2847919826e+02,1.0000000000e+00,2.2847919826e+02
2.2680964820e+02,1.0000000000e+00,2.2680964820e+02
2.2798377014e+02,1.0000000000e+00,2.2798377014e+02
2.3283021756e+02,1.0000000000e+00,2.3283021756e+02
2.3879076734e+02,1.0000000000e+00,2.3879076734e+02
2.3902858818e+02,1.0000000000e+00,2.3902858818e+02
2.2443143763e+02,1.0000000000e+00,2.2443143763e+02
1.8948672919e+02,1.0000000000e+00,1.8948672919e+02
1.3856866203e+02,1.0000000000e+00,1.3856866203e+02
8.5836722676e+01,1.0000000000e+00,8.5836722676e+01
4.6771261418e+01,1.0000000000e+00,4.6771261418e+01
2.9060703935e+01,1.0000000000e+00,2.9060703935e+01
3.1304414822e+01,1.0000000000e+00,3.1304414822e+01
4.8148014079e+01,1.0000000000e+00,4.8148014079e+01
7.4521723628e+01,1.0000000000e+00,7.4521723628e+01
1.0564543584e+02,1.0000000000e+00,1.0564543584e+02
1.3502142235e+02,1.0000000000e+00,1.3502142235e+02
1.5403037505e+02,1.0000000000e+00,1.5403037505e+02
1.5514924463e+02,1.0000000000e+00,1.5514924463e+02
1.3734228717e+02,1.0000000000e+00,1.3734228717e+02
1.0875055035e+02,1.0000000000e+00,1.0875055035e+02
8.3165436237e+01,1.0000000000e+00,8.3165436237e+01
7.2736047961e+01,1.0000000000e+00,7.2736047961e+01
8.2141501887e+01,1.0000000000e+00,8.2141501887e+01
1.0683137680e+02,1.0000000000e+00,1.0683137680e+02
1.3609544416e+02,1.0000000000e+00,1.3609544416e+02
1.6030772019e+02,1.0000000000e+00,1.6030772019e+02
1.7688277596e+02,1.0000000000e+00,1.7688277596e+02
1.8872541682e+02,1.0000000000e+00,1.8872541682e+02
1.9716277512e+02,1.0000000000e+00,1.9716277512e+02
1.9773694051e+02,1.0000000000e+00,1.9773694051e+02
1.8400836314e+02,1.0000000000e+00,1.8400836314e+02
1.5615445121e+02,1.0000000000e+00,1.5615445121e+02
1.2479294005e+02,1.0000000000e+00,1.2479294005e+02
1.0381963616e+02,1.0000000000e+00,1.0381963616e+02
9.9062158315e+01,1.0000000000e+00,9.9062158315e+01
1.0576015778e+02,1.0000000000e+00,1.0576015778e+02
1.1662077682e+02,1.0000000000e+00,1.1662077682e+02
1.2881837837e+02,1.0000000000e+00,1.2881837837e+02
1.4227189907e+02,1.0000000000e+00,1.4227189907e+02
1.5566380226e+02,1.0000000000e+00,1.5566380226e+02
1.6751549159e+02,1.0000000000e+00,1.6751549159e+02
1.7817782699e+02,1.0000000000e+00,1.7817782699e+02
1.8749556068e+02,1.0000000000e+00,1.8749556068e+02
1.9213361098e+02,1.0000000000e+00,1.9213361098e+02
1.8757066472e+02,1.0000000000e+00,1.8757066472e+02
1.7208909881e+02,1.0000000000e+00,1.7208909881e+02
1.4754537330e+02,1.0000000000e+00,1.4754537330e+02
1.1745481054e+02,1.0000000000e+00,1.1745481054e+02
8.6530371625e+01,1.0000000000e+00,8.6530371625e+01
6.1541971229e+01,1.0000000000e+00,6.1541971229e+01
4.9623242808e+01,1.0000000000e+00,4.9623242808e+01
6.5768864930e+01,1.0000000000e+00,6.5768864930e+01
8.1619733025e+01,1.0000000000e+00,8.1619733025e+01
9.7175847093e+01,1.0000000000e+00,9.7175847093e+01
1.1243720713e+02,1.0000000000e+00,1.1243720713e+02
1.2500000000e+02,1.0000000000e+00,1.2500000000e+02
1.2044134679e+02,1.0000000000e+00,1.2044134679e+02
1.0416666667e+02,1.0000000000e+00,1.0416666667e+02
8.3985191924e+01,1.0000000000e+00,8.3985191924e+01
5.9896922566e+01,1.0000000000e+00,5.9896922566e+01
5.1340219342e+01,1.0000000000e+00,5.1340219342e+01
4.2783516118e+01,1.0000000000e+00,4.2783516118e+01
3.4226812895e+01,1.0000000000e+00,3.4226812895e+01
2.5670109671e+01,1.0000000000e+00,2.5670109671e+01
2.6051673798e+01,1.0000000000e+00,2.6051673798e+01
8.5567032237e+00,1.0000000000e+00,8.5567032237e+00
0.0000000000e+00,1.0000000000e+00,0.0000000000e+00
8.8317374294e+00,1.0000000000e+00,8.8317374294e+00
1.7663474859e+01,1.0000000000e+00,1.7663474859e+01
2.6495212288e+01,1.0000000000e+00,2.6495212288e+01
5.9969292409e+01,1.0000000000e+00,5.9969292409e+01
9.9852188381e+01,1.0000000000e+00,9.9852188381e+01
1.3439336487e+02,1.0000000000e+00,1.3439336487e+02
1.5686794970e+02,1.0000000000e+00,1.5686794970e+02
1.6875594139e+02,1.0000000000e+00,1.6875594139e+02
1.7588417548e+02,1.0000000000e+00,1.7588417548e+02
1.8300134228e+02,1.0000000000e+00,1.8300134228e+02
1.9223997895e+02,1.0000000000e+00,1.9223997895e+02
2.0361362758e+02,1.0000000000e+00,2.0361362758e+02
2.1395839079e+02,1.0000000000e+00,2.1395839079e+02
2.1676249230e+02,1.0000000000e+00,2.1676249230e+02
2.0670101977e+02,1.0000000000e+00,2.0670101977e+02
1.8553729523e+02,1.0000000000e+00,1.8553729523e+02
1.6241800097e+02,1.0000000000e+00,1.6241800097e+02
1.4744002841e+02,1.0000000000e+00,1.4744002841e+02
1.4422647667e+02,1.0000000000e+00,1.4422647667e+02
1.4765613125e+02,1.0000000000e+00,1.4765613125e+02
1.4849272735e+02,1.0000000000e+00,1.4849272735e+02
1.4158818405e+02,1.0000000000e+00,1.4158818405e+02
1.3074041300e+02,1.0000000000e+00,1.3074041300e+02
1.2512234899e+02,1.0000000000e+00,1.2512234899e+02
1.3082844833e+02,1.0000000000e+00,1.3082844833e+02
1.4657400248e+02,1.0000000000e+00,1.4657400248e+02
1.6674691500e+02,1.0000000000e+00,1.6674691500e+02
1.8633662030e+02,1.0000000000e+00,1.8633662030e+02
2.0226613872e+02,1.0000000000e+00,2.0226613872e+02
2.1201381441e+02,1.0000000000e+00,2.1201381441e+02
2.1328931642e+02,1.0000000000e+00,2.1328931642e+02
2.0564671164e+02,1.0000000000e+00,2.0564671164e+02
1.9202440872e+02,1.0000000000e+00,1.9202440872e+02
1.7827070103e+02,1.0000000000e+00,1.7827070103e+02
1.7062961885e+02,1.0000000000e+00,1.7062961885e+02
1.7303202508e+02,1.0000000000e+00,1.7303202508e+02
1.8539667354e+02,1.0000000000e+00,1.8539667354e+02
2.0264591848e+02,1.0000000000e+00,2.0264591848e+02
2.1511714778e+02,1.0000000000e+00,2.1511714778e+02
2.1186603180e+02,1.0000000000e+00,2.1186603180e+02
1.8680545730e+02,1.0000000000e+00,1.8680545730e+02
1.4539385759e+02,1.0000000000e+00,1.4539385759e+02
1.0626165203e+02,1.0000000000e+00,1.0626165203e+02
9.1879267523e+01,1.0000000000e+00,9.1879267523e+01
1.1239604641e+02,1.0000000000e+00,1.1239604641e+02
1.5755670704e+02,1.0000000000e+00,1.5755670704e+02
2.0534013173e+02,1.0000000000e+00,2.0534013173e+02
2.3792737466e+02,1.0000000000e+00,2.3792737466e+02
2.4937872297e+02,1.0000000000e+00,2.4937872297e+02
2.4168759497e+02,1.0000000000e+00,2.4168759497e+02
2.1838375209e+02,1.0000000000e+00,2.1838375209e+02
1.8317669850e+02,1.0000000000e+00,1.8317669850e+02
1.4174524022e+02,1.0000000000e+00,1.4174524022e+02
1.0126120191e+02,1.0000000000e+00,1.0126120191e+02
6.7491705670e+01,1.0000000000e+00,6.7491705670e+01
4.3451283478e+01,1.0000000000e+00,4.3451283478e+01
3.0332586766e+01,1.0000000000e+00,3.0332586766e+01
2.8182286310e+01,1.0000000000e+00,2.8182286310e+01
3.5748928110e+01,1.0000000000e+00,3.5748928110e+01
5.0611077442e+01,1.0000000000e+00,5.0611077442e+01
6.9415252488e+01,1.0000000000e+00,6.9415252488e+01
8.7872897227e+01,1.0000000000e+00,8.7872897227e+01
1.0148927691e+02,1.0000000000e+00,1.0148927691e+02
1.0744546760e+02,1.0000000000e+00,1.0744546760e+02
1.0629301144e+02,1.0000000000e+00,1.0629301144e+02
1.0196986199e+02,1.0000000000e+00,1.0196986199e+02
9.9805983238e+01,1.0000000000e+00,9.9805983238e+01
1.0353614535e+02,1.0000000000e+00,1.0353614535e+02
1.1331416931e+02,1.0000000000e+00,1.1331416931e+02
1.2614399604e+02,1.0000000000e+00,1.2614399604e+02
1.3823316701e+02,1.0000000000e+00,1.3823316701e+02
1.4728121582e+02,1.0000000000e+00,1.4728121582e+02
1.5299437481e+02,1.0000000000e+00,1.5299437481e+02
1.5603698031e+02,1.0000000000e+00,1.5603698031e+02
1.5698680731e+02,1.0000000000e+00,1.5698680731e+02
1.5590555424e+02,1.0000000000e+00,1.5590555424e+02
1.5170029226e+02,1.0000000000e+00,1.5170029226e+02
1.4191031123e+02,1.0000000000e+00,1.4191031123e+02
1.2526672639e+02,1.0000000000e+00,1.2526672639e+02
1.0541749048e+02,1.0000000000e+00,1.0541749048e+02
9.0055373963e+01,1.0000000000e+00,9.0055373963e+01
8.4616567323e+01,1.0000000000e+00,8.4616567323e+01
8.7415240944e+01,1.0000000000e+00,8.7415240944e+01
9.2084593269e+01,1.0000000000e+00,9.2084593269e+01
9.4548654937e+01,1.0000000000e+00,9.4548654937e+01
9.5950152528e+01,1.0000000000e+00,9.5950152528e+01
9.8244512222e+01,1.0000000000e+00,9.8244512222e+01
9.9353401147e+01,1.0000000000e+00,9.9353401147e+01
9.4894407168e+01,1.0000000000e+00,9.4894407168e+01
8.3665194548e+01,1.0000000000e+00,8.3665194548e+01
6.9335513807e+01,1.0000000000e+00,6.9335513807e+01
5.6759867116e+01,1.0000000000e+00,5.6759867116e+01
4.8141360366e+01,1.0000000000e+00,4.8141360366e+01
4.3005080671e+01,1.0000000000e+00,4.3005080671e+01
4.0080302621e+01,1.0000000000e+00,4.0080302621e+01
3.7944026702e+01,1.0000000000e+00,3.7944026702e+01
3.4942306927e+01,1.0000000000e+00,3.4942306927e+01
3.0067727007e+01,1.0000000000e+00,3.0067727007e+01
2.4958790662e+01,1.0000000000e+00,2.4958790662e+01
1.9967032530e+01,1.0000000000e+00,1.9967032530e+01
1.4975274397e+01,1.0000000000e+00,1.4975274397e+01
9.9835162648e+00,1.0000000000e+00,9.9835162648e+00
4.9917581324e+00,1.0000000000e+00,4.9917581324e+00
0.0000000000e+00,9.0000000000e-01,0.0000000000e+00
0.0000000000e+00,8.0000000000e-01,0.0000000000e+00
0.0000000000e+00,7.0000000000e-01,0.0000000000e+00
0.0000000000e+00,6.0000000000e-01,0.0000000000e+00
0.0000000000e+00,6.0000000000e-01,0.0000000000e+00
0.0000000000e+00,6.0000000000e-01,0.0000000000e+00
0.0000000000e+00,6.0000000000e-01,0.0000000000e+00
0.0000000000e+00,6.0000000000e-01,0.0000000000e+00
0.0000000000e+00,6.0000000000e-01,0.0000000000e+00
0.0000000000e+00,6.0000000000e-01,0.0000000000e+00
0.0000000000e+00,6.0000000000e-01,0.0000000000e+00
0.0000000000e+00,6.0000000000e-01,0.0000000000e+00
0.0000000000e+00,6.0000000000e-01,0.0000000000e+00
0.0000000000e+00,6.0000000000e-01,0.0000000000e+00
0.0000000000e+00,6.0000000000e-01,0.0000000000e+00
0.0000000000e+00,6.0000000000e-01,0.0000000000e+00
0.0000000000e+00,6.0000000000e-01,0.0000000000e+00
0.0000000000e+00,6.0000000000e-01,0.0000000000e+00
0.0000000000e+00,6.0000000000e-01,0.0000000000e+00
0.0000000000e+00,6.0000000000e-01,0.0000000000e+00
0.0000000000e+00,6.0000000000e-01,0.0000000000e+00
0.0000000000e+00,6.0000000000e-01,0.0000000000e+00
0.0000000000e+00,6.0000000000e-01,0.0000000000e+00
0.0000000000e+00,6.0000000000e-01,0.0000000000e+00
0.0000000000e+00,6.0000000000e-01,0.0000000000e+00
0.0000000000e+00,6.0000000000e-01,0.0000000000e+00
0.0000000000e+00,6.0000000000e-01,0.0000000000e+00
0.0000000000e+00,6.0000000000e-01,0.0000000000e+00
0.0000000000e+00,6.0000000000e-01,0.0000000000e+00
0.0000000000e+00,6.0000000000e-01,0.0000000000e+00
0.0000000000e+00,7.0000000000e-01,0.0000000000e+00
0.0000000000e+00,8.0000000000e-01,0.0000000000e+00
0.0000000000e+00,9.0000000000e-01,0.0000000000e+00
1.4881780213e+01,1.0000000000e+00,1.4881780213e+01
2.9763560426e+01,1.0000000000e+00,2.9763560426e+01
4.4645340639e+01,1.0000000000e+00,4.4645340639e+01
7.8456674296e+01,1.0000000000e+00,7.8456674296e+01
1.0987090473e+02,1.0000000000e+00,1.0987090473e+02
1.2868765902e+02,1.0000000000e+00,1.2868765902e+02
1.2923172056e+02,1.0000000000e+00,1.2923172056e+02
1.1361426582e+02,1.0000000000e+00,1.1361426582e+02
9.1446120857e+01,1.0000000000e+00,9.1446120857e+01
7.5043343336e+01,1.0000000000e+00,7.5043343336e+01
7.3044330045e+01,1.0000000000e+00,7.3044330045e+01
8.6400801407e+01,1.0000000000e+00,8.6400801407e+01
1.0858466954e+02,1.0000000000e+00,1.0858466954e+02
1.3059593505e+02,1.0000000000e+00,1.3059593505e+02
1.4772115649e+02,1.0000000000e+00,1.4772115649e+02
1.6112521445e+02,1.0000000000e+00,1.6112521445e+02
1.7265364518e+02,1.0000000000e+00,1.7265364518e+02
1.8043885448e+02,1.0000000000e+00,1.8043885448e+02
1.8122634973e+02,1.0000000000e+00,1.8122634973e+02
1.7525844124e+02,1.0000000000e+00,1.7525844124e+02
1.6696040503e+02,1.0000000000e+00,1.6696040503e+02
1.6115077649e+02,1.0000000000e+00,1.6115077649e+02
1.5888032120e+02,1.0000000000e+00,1.5888032120e+02
1.5654562134e+02,1.0000000000e+00,1.5654562134e+02
1.4945293371e+02,1.0000000000e+00,1.4945293371e+02
1.3713546840e+02,1.0000000000e+00,1.3713546840e+02
1.2566657049e+02,1.0000000000e+00,1.2566657049e+02
1.2423199927e+02,1.0000000000e+00,1.2423199927e+02
1.3741973558e+02,1.0000000000e+00,1.3741973558e+02
1.5972893793e+02,1.0000000000e+00,1.5972893793e+02
1.7910697468e+02,1.0000000000e+00,1.7910697468e+02
1.8680383074e+02,1.0000000000e+00,1.8680383074e+02
1.8336689374e+02,1.0000000000e+00,1.8336689374e+02
1.7630111378e+02,1.0000000000e+00,1.7630111378e+02
1.7324344133e+02,1.0000000000e+00,1.7324344133e+02
1.7609423338e+02,1.0000000000e+00,1.7609423338e+02
1.8008709406e+02,1.0000000000e+00,1.8008709406e+02
1.7787563828e+02,1.0000000000e+00,1.7787563828e+02
1.6411412256e+02,1.0000000000e+00,1.6411412256e+02
1.3752308445e+02,1.0000000000e+00,1.3752308445e+02
1.0147358622e+02,1.0000000000e+00,1.0147358622e+02
6.3596708455e+01,1.0000000000e+00,6.3596708455e+01
3.3782941113e+01,1.0000000000e+00,3.3782941113e+01
2.1493322293e+01,1.0000000000e+00,2.1493322293e+01
3.0697025766e+01,1.0000000000e+00,3.0697025766e+01
6.1492584256e+01,1.0000000000e+00,6.1492584256e+01
1.0584857334e+02,1.0000000000e+00,1.0584857334e+02
1.5224847200e+02,1.0000000000e+00,1.5224847200e+02
1.9062752974e+02,1.0000000000e+00,1.9062752974e+02
2.1639229141e+02,1.0000000000e+00,2.1639229141e+02
2.2964198046e+02,1.0000000000e+00,2.2964198046e+02
2.3184445489e+02,1.0000000000e+00,2.3184445489e+02
2.2449553665e+02,1.0000000000e+00,2.2449553665e+02
2.1040281846e+02,1.0000000000e+00,2.1040281846e+02
1.9468908008e+02,1.0000000000e+00,1.9468908008e+02
1.8302590735e+02,1.0000000000e+00,1.8302590735e+02
1.7807739035e+02,1.0000000000e+00,1.7807739035e+02
1.7826045991e+02,1.0000000000e+00,1.7826045991e+02
1.8092670777e+02,1.0000000000e+00,1.8092670777e+02
1.8549525877e+02,1.0000000000e+00,1.8549525877e+02
1.9079460649e+02,1.0000000000e+00,1.9079460649e+02
1.9030057173e+02,1.0000000000e+00,1.9030057173e+02
1.7503255306e+02,1.0000000000e+00,1.7503255306e+02
1.4371950063e+02,1.0000000000e+00,1.4371950063e+02
1.0778366756e+02,1.0000000000e+00,1.0778366756e+02
8.3798311146e+01,1.0000000000e+00,8.3798311146e+01
8.1080022791e+01,1.0000000000e+00,8.1080022791e+01
9.6655716995e+01,1.0000000000e+00,9.6655716995e+01
1.2005807338e+02,1.0000000000e+00,1.2005807338e+02
1.4079447350e+02,1.0000000000e+00,1.4079447350e+02
1.5219225102e+02,1.0000000000e+00,1.5219225102e+02
1.5143926442e+02,1.0000000000e+00,1.5143926442e+02
1.3870687403e+02,1.0000000000e+00,1.3870687403e+02
1.1679626788e+02,1.0000000000e+00,1.1679626788e+02
9.0597313947e+01,1.0000000000e+00,9.0597313947e+01
6.5698861705e+01,1.0000000000e+00,6.5698861705e+01
4.6412760785e+01,1.0000000000e+00,4.6412760785e+01
3.4178921878e+01,1.0000000000e+00,3.4178921878e+01
2.9296218753e+01,1.0000000000e+00,2.9296218753e+01
2.4413515627e+01,1.0000000000e+00,2.4413515627e+01
1.9530812502e+01,1.0000000000e+00,1.9530812502e+01
1.4648109376e+01,1.0000000000e+00,1.4648109376e+01
2.5673400673e+01,1.0000000000e+00,2.5673400673e+01
3.8510101010e+01,1.0000000000e+00,3.8510101010e+01
7.3232323232e+01,1.0000000000e+00,7.3232323232e+01
1.0416666667e+02,1.0000000000e+00,1.0416666667e+02
1.2500000000e+02,1.0000000000e+00,1.2500000000e+02
1.0416666667e+02,1.0000000000e+00,1.0416666667e+02
7.3232323232e+01,1.0000000000e+00,7.3232323232e+01
6.2770562771e+01,1.0000000000e+00,6.2770562771e+01
5.2308802309e+01,1.0000000000e+00,5.2308802309e+01
4.1847041847e+01,1.0000000000e+00,4.1847041847e+01
3.4102744884e+01,1.0000000000e+00,3.4102744884e+01
6.9215168529e+01,1.0000000000e+00,6.9215168529e+01
1.1845441816e+02,1.0000000000e+00,1.1845441816e+02
1.7013737453e+02,1.0000000000e+00,1.7013737453e+02
2.1202343385e+02,1.0000000000e+00,2.1202343385e+02
2.3830777930e+02,1.0000000000e+00,2.3830777930e+02
2.5000000000e+02,1.0000000000e+00,2.5000000000e+02
2.4865864093e+02,1.0000000000e+00,2.4865864093e+02
2.3155869843e+02,1.0000000000e+00,2.3155869843e+02
1.9523538644e+02,1.0000000000e+00,1.9523538644e+02
1.4522960339e+02,1.0000000000e+00,1.4522960339e+02
1.0089900838e+02,1.0000000000e+00,1.0089900838e+02
8.5753038188e+01,1.0000000000e+00,8.5753038188e+01
1.0909894903e+02,1.0000000000e+00,1.0909894903e+02
1.5742919657e+02,1.0000000000e+00,1.5742919657e+02
2.0516179046e+02,1.0000000000e+00,2.0516179046e+02
2.3345350995e+02,1.0000000000e+00,2.3345350995e+02
2.3947384138e+02,1.0000000000e+00,2.3947384138e+02
2.3185983159e+02,1.0000000000e+00,2.3185983159e+02
2.2125214163e+02,1.0000000000e+00,2.2125214163e+02
2.1464678977e+02,1.0000000000e+00,2.1464678977e+02
2.1462128567e+02,1.0000000000e+00,2.1462128567e+02
2.1999773073e+02,1.0000000000e+00,2.1999773073e+02
2.2613662337e+02,1.0000000000e+00,2.2613662337e+02
2.2570991392e+02,1.0000000000e+00,2.2570991392e+02
2.1112282990e+02,1.0000000000e+00,2.1112282990e+02
1.7898610475e+02,1.0000000000e+00,1.7898610475e+02
1.3439367070e+02,1.0000000000e+00,1.3439367070e+02
8.9889204313e+01,1.0000000000e+00,8.9889204313e+01
5.7794029061e+01,1.0000000000e+00,5.7794029061e+01
4.2758429806e+01,1.0000000000e+00,4.2758429806e+01
4.1777921452e+01,1.0000000000e+00,4.1777921452e+01
4.9965506838e+01,1.0000000000e+00,4.9965506838e+01
6.4548153846e+01,1.0000000000e+00,6.4548153846e+01
8.3841457531e+01,1.0000000000e+00,8.3841457531e+01
1.0475871270e+02,1.0000000000e+00,1.0475871270e+02
1.2256579781e+02,1.0000000000e+00,1.2256579781e+02
1.3283190083e+02,1.0000000000e+00,1.3283190083e+02
1.3395579663e+02,1.0000000000e+00,1.3395579663e+02
1.2811628459e+02,1.0000000000e+00,1.2811628459e+02
1.1910858450e+02,1.0000000000e+00,1.1910858450e+02
1.0935619166e+02,1.0000000000e+00,1.0935619166e+02
1.0020566910e+02,1.0000000000e+00,1.0020566910e+02
9.4935420224e+01,1.0000000000e+00,9.4935420224e+01
9.9109349266e+01,1.0000000000e+00,9.9109349266e+01
1.1608420280e+02,1.0000000000e+00,1.1608420280e+02
1.4251700446e+02,1.0000000000e+00,1.4251700446e+02
1.6897590546e+02,1.0000000000e+00,1.6897590546e+02
1.8521244574e+02,1.0000000000e+00,1.8521244574e+02
1.8675061759e+02,1.0000000000e+00,1.8675061759e+02
1.7886541548e+02,1.0000000000e+00,1.7886541548e+02
1.7344557256e+02,1.0000000000e+00,1.7344557256e+02
1.7878430405e+02,1.0000000000e+00,1.7878430405e+02
1.9138400401e+02,1.0000000000e+00,1.9138400401e+02
1.9928087473e+02,1.0000000000e+00,1.9928087473e+02
1.9392186745e+02,1.0000000000e+00,1.9392186745e+02
1.7836670461e+02,1.0000000000e+00,1.7836670461e+02
1.6478449700e+02,1.0000000000e+00,1.6478449700e+02
1.6468731782e+02,1.0000000000e+00,1.6468731782e+02
1.8038218629e+02,1.0000000000e+00,1.8038218629e+02
2.0389635212e+02,1.0000000000e+00,2.0389635212e+02
2.2272391904e+02,1.0000000000e+00,2.2272391904e+02
2.2703109480e+02,1.0000000000e+00,2.2703109480e+02
2.1424535293e+02,1.0000000000e+00,2.1424535293e+02
1.8959627191e+02,1.0000000000e+00,1.8959627191e+02
1.6220471588e+02,1.0000000000e+00,1.6220471588e+02
1.3876871904e+02,1.0000000000e+00,1.3876871904e+02
1.2014797819e+02,1.0000000000e+00,1.2014797819e+02
1.0398970741e+02,1.0000000000e+00,1.0398970741e+02
8.9601046433e+01,1.0000000000e+00,8.9601046433e+01
7.9070793157e+01,1.0000000000e+00,7.9070793157e+01
7.4546699963e+01,1.0000000000e+00,7.4546699963e+01
7.6372813072e+01,1.0000000000e+00,7.6372813072e+01
8.3331359532e+01,1.0000000000e+00,8.3331359532e+01
9.2327767392e+01,1.0000000000e+00,9.2327767392e+01
9.7819029940e+01,1.0000000000e+00,9.7819029940e+01
9.3906759734e+01,1.0000000000e+00,9.3906759734e+01
7.8694134495e+01,1.0000000000e+00,7.8694134495e+01
5.6537478551e+01,1.0000000000e+00,5.6537478551e+01
4.8460695901e+01,1.0000000000e+00,4.8460695901e+01
4.0383913251e+01,1.0000000000e+00,4.0383913251e+01
3.2307130600e+01,1.0000000000e+00,3.2307130600e+01
2.4230347950e+01,1.0000000000e+00,2.4230347950e+01
1.9416255938e+01,1.0000000000e+00,1.9416255938e+01
2.9124383907e+01,1.0000000000e+00,2.9124383907e+01
2.7975041755e+01,1.0000000000e+00,2.7975041755e+01
2.0803131362e+01,1.0000000000e+00,2.0803131362e+01
1.6642505089e+01,1.0000000000e+00,1.6642505089e+01
2.2578263617e+01,1.0000000000e+00,2.2578263617e+01
3.3867395426e+01,1.0000000000e+00,3.3867395426e+01
6.6932279838e+01,1.0000000000e+00,6.6932279838e+01
1.0619336836e+02,1.0000000000e+00,1.0619336836e+02
1.4104080028e+02,1.0000000000e+00,1.4104080028e+02
1.6401767516e+02,1.0000000000e+00,1.6401767516e+02
1.7277245750e+02,1.0000000000e+00,1.7277245750e+02
1.7157345330e+02,1.0000000000e+00,1.7157345330e+02
1.6987317340e+02,1.0000000000e+00,1.6987317340e+02
1.7470612239e+02,1.0000000000e+00,1.7470612239e+02
1.8475570629e+02,1.0000000000e+00,1.8475570629e+02
1.9425995243e+02,1.0000000000e+00,1.9425995243e+02
2.0075202056e+02,1.0000000000e+00,2.0075202056e+02
2.0683136083e+02,1.0000000000e+00,2.0683136083e+02
2.1590511926e+02,1.0000000000e+00,2.1590511926e+02
2.2758297948e+02,1.0000000000e+00,2.2758297948e+02
2.3626828439e+02,1.0000000000e+00,2.3626828439e+02
2.3337593700e+02,1.0000000000e+00,2.3337593700e+02
2.1247196068e+02,1.0000000000e+00,2.1247196068e+02
1.7532045787e+02,1.0000000000e+00,1.7532045787e+02
1.3393115521e+02,1.0000000000e+00,1.3393115521e+02
1.0483009372e+02,1.0000000000e+00,1.0483009372e+02
9.9606738429e+01,1.0000000000e+00,9.9606738429e+01
1.1926936544e+02,1.0000000000e+00,1.1926936544e+02
1.5439605209e+02,1.0000000000e+00,1.5439605209e+02
1.8922873433e+02,1.0000000000e+00,1.8922873433e+02
2.0800239060e+02,1.0000000000e+00,2.0800239060e+02
2.0129752762e+02,1.0000000000e+00,2.0129752762e+02
1.7063101871e+02,1.0000000000e+00,1.7063101871e+02
1.2928681440e+02,1.0000000000e+00,1.2928681440e+02
9.6617688437e+01,1.0000000000e+00,9.6617688437e+01
8.7704215661e+01,1.0000000000e+00,8.7704215661e+01
1.0558356301e+02,1.0000000000e+00,1.0558356301e+02
1.4082829654e+02,1.0000000000e+00,1.4082829654e+02
1.7799599755e+02,1.0000000000e+00,1.7799599755e+02
2.0530787555e+02,1.0000000000e+00,2.0530787555e+02
2.2068686802e+02,1.0000000000e+00,2.2068686802e+02
2.2881547571e+02,1.0000000000e+00,2.2881547571e+02
2.3313170113e+02,1.0000000000e+00,2.3313170113e+02
2.3160321766e+02,1.0000000000e+00,2.3160321766e+02
2.1941114666e+02,1.0000000000e+00,2.1941114666e+02
1.9510567766e+02,1.0000000000e+00,1.9510567766e+02
1.6501624070e+02,1.0000000000e+00,1.6501624070e+02
1.4161010413e+02,1.0000000000e+00,1.4161010413e+02
1.3582926781e+02,1.0000000000e+00,1.3582926781e+02
1.4959943674e+02,1.0000000000e+00,1.4959943674e+02
1.7516451308e+02,1.0000000000e+00,1.7516451308e+02
2.0098002848e+02,1.0000000000e+00,2.0098002848e+02
2.1804759706e+02,1.0000000000e+00,2.1804759706e+02
2.2227589112e+02,1.0000000000e+00,2.2227589112e+02
2.1395777654e+02,1.0000000000e+00,2.1395777654e+02
1.9718085692e+02,1.0000000000e+00,1.9718085692e+02
1.7905587826e+02,1.0000000000e+00,1.7905587826e+02
1.6679804033e+02,1.0000000000e+00,1.6679804033e+02
1.6309402134e+02,1.0000000000e+00,1.6309402134e+02
1.6365624915e+02,1.0000000000e+00,1.6365624915e+02
1.6036757544e+02,1.0000000000e+00,1.6036757544e+02
1.4808345944e+02,1.0000000000e+00,1.4808345944e+02
1.2889420852e+02,1.0000000000e+00,1.2889420852e+02
1.1041631243e+02,1.0000000000e+00,1.1041631243e+02
1.0086535797e+02,1.0000000000e+00,1.0086535797e+02
1.0502232681e+02,1.0000000000e+00,1.0502232681e+02
1.2217092743e+02,1.0000000000e+00,1.2217092743e+02
1.4600589930e+02,1.0000000000e+00,1.4600589930e+02
1.6726185539e+02,1.0000000000e+00,1.6726185539e+02
1.7835911317e+02,1.0000000000e+00,1.7835911317e+02
1.7705193229e+02,1.0000000000e+00,1.7705193229e+02
1.6680217130e+02,1.0000000000e+00,1.6680217130e+02
1.5463108419e+02,1.0000000000e+00,1.5463108419e+02
1.4825220217e+02,1.0000000000e+00,1.4825220217e+02
1.5296822364e+02,1.0000000000e+00,1.5296822364e+02
1.6897559132e+02,1.0000000000e+00,1.6897559132e+02
1.9099394674e+02,1.0000000000e+00,1.9099394674e+02
2.1095099346e+02,1.0000000000e+00,2.1095099346e+02
2.2199244580e+02,1.0000000000e+00,2.2199244580e+02
2.2559874541e+02,1.0000000000e+00,2.2227048995e+02
2.1538993991e+02,1.0000000000e+00,2.1222111581e+02
1.9187050072e+02,1.0000000000e+00,1.9635130725e+02
1.7557290722e+02,1.0000000000e+00,1.8388373857e+02
1.8214742845e+02,1.0000000000e+00,1.8181674116e+02
1.9930680340e+02,1.0000000000e+00,1.8871909909e+02
2.0368641549e+02,1.0000000000e+00,1.9722556535e+02
1.9404187928e+02,1.0000000000e+00,2.0178531780e+02
1.9069000625e+02,1.0000000000e+00,2.0203860900e+02
2.0041433209e+02,1.0000000000e+00,1.9901051003e+02
2.0440029790e+02,1.0000000000e+00,1.9253737755e+02
1.8934964690e+02,1.0000000000e+00,1.8433098998e+02
1.7097805577e+02,1.0000000000e+00,1.7973906042e+02
1.7347540901e+02,1.0000000000e+00,1.8315381449e+02
1.9573810255e+02,1.0000000000e+00,1.9233168742e+02
2.1089620926e+02,1.0000000000e+00,1.9915259206e+02
2.0039368574e+02,1.0000000000e+00,1.9728963568e+02
1.7836923886e+02,1.0000000000e+00,1.8851663572e+02
1.7065233444e+02,1.0000000000e+00,1.7929982096e+02
1.7783899892e+02,1.0000000000e+00,1.7251434530e+02
1.7738004742e+02,1.0000000000e+00,1.6608544070e+02
1.5960940081e+02,1.0000000000e+00,1.5899485997e+02
1.4368157235e+02,1.0000000000e+00,1.5463344415e+02
1.5008378604e+02,1.0000000000e+00,1.5627825280e+02
1.6919834388e+02,1.0000000000e+00,1.6126546288e+02
1.7291614440e+02,1.0000000000e+00,1.6312502356e+02
1.5612043263e+02,1.0000000000e+00,1.5979615457e+02
1.4506936992e+02,1.0000000000e+00,1.5531918361e+02
1.5127752043e+02,1.0000000000e+00,1.5066364394e+02
1.4804588990e+02,1.0000000000e+00,1.3942926454e+02
1.1871680325e+02,1.0000000000e+00,1.1808233258e+02
8.5511775953e+01,1.0000000000e+00,9.2257132358e+01
6.6942143250e+01,1.0000000000e+00,6.8410993575e+01
5.3557846273e+01,1.0000000000e+00,4.8133292843e+01
4.3471574925e+01,1.0000000000e+00,4.0770078060e+01
2.8043275529e+01,1.0000000000e+00,3.2338457669e+01
2.1597580496e+01,1.0000000000e+00,2.5703358150e+01
2.3247136965e+01,1.0000000000e+00,2.0687308931e+01
1.8471352668e+01,1.0000000000e+00,1.4386191559e+01
6.0927410865e+00,1.0000000000e+00,6.5645087299e+00
0.0000000000e+00,9.0000000000e-01,0.0000000000e+00
0.0000000000e+00,8.0000000000e-01,0.0000000000e+00
2.0530139510e-01,7.0000000000e-01,4.1060279019e-02
6.8372309609e-02,6.0000000000e-01,1.3674461922e-02
0.0000000000e+00,6.0000000000e-01,0.0000000000e+00
0.0000000000e+00,6.0000000000e-01,0.0000000000e+00
0.0000000000e+00,6.0000000000e-01,0.0000000000e+00
0.0000000000e+00,6.0000000000e-01,0.0000000000e+00
0.0000000000e+00,6.0000000000e-01,0.0000000000e+00
0.0000000000e+00,6.0000000000e-01,0.0000000000e+00
0.0000000000e+00,6.0000000000e-01,0.0000000000e+00
0.0000000000e+00,6.0000000000e-01,0.0000000000e+00
0.0000000000e+00,6.0000000000e-01,0.0000000000e+00
0.0000000000e+00,6.0000000000e-01,0.0000000000e+00
0.0000000000e+00,6.0000000000e-01,0.0000000000e+00
0.0000000000e+00,6.0000000000e-01,0.0000000000e+00
0.0000000000e+00,6.0000000000e-01,0.0000000000e+00
0.0000000000e+00,6.0000000000e-01,0.0000000000e+00
0.0000000000e+00,6.0000000000e-01,0.0000000000e+00
0.0000000000e+00,6.0000000000e-01,0.0000000000e+00
0.0000000000e+00,6.0000000000e-01,0.0000000000e+00
0.0000000000e+00,6.0000000000e-01,0.0000000000e+00
0.0000000000e+00,6.0000000000e-01,0.0000000000e+00
0.0000000000e+00,6.0000000000e-01,0.0000000000e+00
0.0000000000e+00,6.0000000000e-01,0.0000000000e+00
0.0000000000e+00,6.0000000000e-01,0.0000000000e+00
0.0000000000e+00,6.0000000000e-01,0.0000000000e+00
0.0000000000e+00,6.0000000000e-01,0.0000000000e+00
0.0000000000e+00,6.0000000000e-01,0.0000000000e+00
0.0000000000e+00,6.0000000000e-01,0.0000000000e+00
0.0000000000e+00,6.0000000000e-01,0.0000000000e+00
0.0000000000e+00,6.0000000000e-01,0.0000000000e+00
0.0000000000e+00,7.0000000000e-01,0.0000000000e+00
0.0000000000e+00,8.0000000000e-01,0.0000000000e+00
0.0000000000e+00,9.0000000000e-01,0.0000000000e+00
2.0399305556e+01,1.0000000000e+00,2.0399305556e+01
4.0798611111e+01,1.0000000000e+00,4.0798611111e+01
6.1197916667e+01,1.0000000000e+00,6.1197916667e+01
1.0416666667e+02,1.0000000000e+00,1.0416666667e+02
1.2500000000e+02,1.0000000000e+00,1.2500000000e+02
1.0416666667e+02,1.0000000000e+00,1.0416666667e+02
8.9285714286e+01,1.0000000000e+00,8.9285714286e+01
7.4404761905e+01,1.0000000000e+00,7.4404761905e+01
5.9523809524e+01,1.0000000000e+00,5.9523809524e+01
4.4642857143e+01,1.0000000000e+00,4.4642857143e+01
6.4749589936e+01,1.0000000000e+00,6.4749589936e+01
1.1663831510e+02,1.0000000000e+00,1.1663831510e+02
1.6685699844e+02,1.0000000000e+00,1.6685699844e+02
1.9949454422e+02,1.0000000000e+00,1.9949454422e+02
2.0771343245e+02,1.0000000000e+00,2.0771343245e+02
1.9526567518e+02,1.0000000000e+00,1.9526567518e+02
1.7206399111e+02,1.0000000000e+00,1.7206399111e+02
1.4950561385e+02,1.0000000000e+00,1.4950561385e+02
1.3664618505e+02,1.0000000000e+00,1.3664618505e+02
1.3705632969e+02,1.0000000000e+00,1.3705632969e+02
1.4897466942e+02,1.0000000000e+00,1.4897466942e+02
1.6841515621e+02,1.0000000000e+00,1.6841515621e+02
1.9111091828e+02,1.0000000000e+00,1.9111091828e+02
2.1247071496e+02,1.0000000000e+00,2.1247071496e+02
2.2823217780e+02,1.0000000000e+00,2.2823217780e+02
2.3596842746e+02,1.0000000000e+00,2.3596842746e+02
2.3530655477e+02,1.0000000000e+00,2.3530655477e+02
2.2710258269e+02,1.0000000000e+00,2.2710258269e+02
2.1372909378e+02,1.0000000000e+00,2.1372909378e+02
2.0031326746e+02,1.0000000000e+00,2.0031326746e+02
1.9371709614e+02,1.0000000000e+00,1.9371709614e+02
1.9792086311e+02,1.0000000000e+00,1.9792086311e+02
2.1029865852e+02,1.0000000000e+00,2.1029865852e+02
2.2365456499e+02,1.0000000000e+00,2.2365456499e+02
2.3173299043e+02,1.0000000000e+00,2.3173299043e+02
2.3238488793e+02,1.0000000000e+00,2.3238488793e+02
2.2690200593e+02,1.0000000000e+00,2.2690200593e+02
2.1799477502e+02,1.0000000000e+00,2.1799477502e+02
2.0850307695e+02,1.0000000000e+00,2.0850307695e+02
2.0126382499e+02,1.0000000000e+00,2.0126382499e+02
1.9907065478e+02,1.0000000000e+00,1.9907065478e+02
2.0329947279e+02,1.0000000000e+00,2.0329947279e+02
2.1228985350e+02,1.0000000000e+00,2.1228985350e+02
2.2228333435e+02,1.0000000000e+00,2.2228333435e+02
2.3036989729e+02,1.0000000000e+00,2.3036989729e+02
2.3570281593e+02,1.0000000000e+00,2.3570281593e+02
2.3769764580e+02,1.0000000000e+00,2.3769764580e+02
2.3393986302e+02,1.0000000000e+00,2.3393986302e+02
2.2098141261e+02,1.0000000000e+00,2.2098141261e+02
1.9829558929e+02,1.0000000000e+00,1.9829558929e+02
1.7173490598e+02,1.0000000000e+00,1.7173490598e+02
1.5182973718e+02,1.0000000000e+00,1.5182973718e+02
1.4707978415e+02,1.0000000000e+00,1.4707978415e+02
1.5828898904e+02,1.0000000000e+00,1.5828898904e+02
1.7906695764e+02,1.0000000000e+00,1.7906695764e+02
2.0079414649e+02,1.0000000000e+00,2.0079414649e+02
2.1663005485e+02,1.0000000000e+00,2.1663005485e+02
2.2269051498e+02,1.0000000000e+00,2.2269051498e+02
2.1851062129e+02,1.0000000000e+00,2.1851062129e+02
2.0732046555e+02,1.0000000000e+00,2.0732046555e+02
1.9447161752e+02,1.0000000000e+00,1.9447161752e+02
1.8443482117e+02,1.0000000000e+00,1.8443482117e+02
1.7894775774e+02,1.0000000000e+00,1.7894775774e+02
1.7750897907e+02,1.0000000000e+00,1.7750897907e+02
1.7920260812e+02,1.0000000000e+00,1.7920260812e+02
1.8399047515e+02,1.0000000000e+00,1.8399047515e+02
1.9159922719e+02,1.0000000000e+00,1.9159922719e+02
1.9845345581e+02,1.0000000000e+00,1.9845345581e+02
1.9717159432e+02,1.0000000000e+00,1.9717159432e+02
1.8171428727e+02,1.0000000000e+00,1.8171428727e+02
1.5336659201e+02,1.0000000000e+00,1.5336659201e+02
1.2016794033e+02,1.0000000000e+00,1.2016794033e+02
9.0533570097e+01,1.0000000000e+00,9.0533570097e+01
6.8657181887e+01,1.0000000000e+00,6.8657181887e+01
5.5142529471e+01,1.0000000000e+00,5.5142529471e+01
4.9128345696e+01,1.0000000000e+00,4.9128345696e+01
4.8572285011e+01,1.0000000000e+00,4.8572285011e+01
5.0092803651e+01,1.0000000000e+00,5.0092803651e+01
5.0397397649e+01,1.0000000000e+00,5.0397397649e+01
4.8260852226e+01,1.0000000000e+00,4.8260852226e+01
4.4893071360e+01,1.0000000000e+00,4.4893071360e+01
4.2314861937e+01,1.0000000000e+00,4.2314861937e+01
4.1151518994e+01,1.0000000000e+00,4.1151518994e+01
3.9666658129e+01,1.0000000000e+00,3.9666658129e+01
3.5102419386e+01,1.0000000000e+00,3.5102419386e+01
3.0087788045e+01,1.0000000000e+00,3.0087788045e+01
2.5073156704e+01,1.0000000000e+00,2.5073156704e+01
2.2998121048e+01,1.0000000000e+00,2.2998121048e+01
3.4497181572e+01,1.0000000000e+00,3.4497181572e+01
7.0702707933e+01,1.0000000000e+00,7.0702707933e+01
1.2037168641e+02,1.0000000000e+00,1.2037168641e+02
1.6757493397e+02,1.0000000000e+00,1.6757493397e+02
1.9499726499e+02,1.0000000000e+00,1.9499726499e+02
1.9486253806e+02,1.0000000000e+00,1.9486253806e+02
1.7317314525e+02,1.0000000000e+00,1.7317314525e+02
1.4424237965e+02,1.0000000000e+00,1.4424237965e+02
1.2168289366e+02,1.0000000000e+00,1.2168289366e+02
1.1247206249e+02,1.0000000000e+00,1.1247206249e+02
1.1572099024e+02,1.0000000000e+00,1.1572099024e+02
1.2571564044e+02,1.0000000000e+00,1.2571564044e+02
1.3773691944e+02,1.0000000000e+00,1.3773691944e+02
1.5174151943e+02,1.0000000000e+00,1.5174151943e+02
1.6983098079e+02,1.0000000000e+00,1.6983098079e+02
1.9091146998e+02,1.0000000000e+00,1.9091146998e+02
2.0892601684e+02,1.0000000000e+00,2.0892601684e+02
2.1567762931e+02,1.0000000000e+00,2.1567762931e+02
2.0569309467e+02,1.0000000000e+00,2.0569309467e+02
1.8134921011e+02,1.0000000000e+00,1.8134921011e+02
1.5507965119e+02,1.0000000000e+00,1.5507965119e+02
1.4364895439e+02,1.0000000000e+00,1.4364895439e+02
1.5577928615e+02,1.0000000000e+00,1.5577928615e+02
1.8495099992e+02,1.0000000000e+00,1.8495099992e+02
2.1593109982e+02,1.0000000000e+00,2.1593109982e+02
2.3701659421e+02,1.0000000000e+00,2.3701659421e+02
2.4483127089e+02,1.0000000000e+00,2.4483127089e+02
2.4049425616e+02,1.0000000000e+00,2.4049425616e+02
2.2539504233e+02,1.0000000000e+00,2.2539504233e+02
2.0221148149e+02,1.0000000000e+00,2.0221148149e+02
1.7866153338e+02,1.0000000000e+00,1.7866153338e+02
1.6628273047e+02,1.0000000000e+00,1.6628273047e+02
1.7193411320e+02,1.0000000000e+00,1.7193411320e+02
1.9147628096e+02,1.0000000000e+00,1.9147628096e+02
2.1415037811e+02,1.0000000000e+00,2.1415037811e+02
2.3164529881e+02,1.0000000000e+00,2.3164529881e+02
2.4113313624e+02,1.0000000000e+00,2.4113313624e+02
2.4164105095e+02,1.0000000000e+00,2.4164105095e+02
2.3052521814e+02,1.0000000000e+00,2.3052521814e+02
2.0477172651e+02,1.0000000000e+00,2.0477172651e+02
1.6586625286e+02,1.0000000000e+00,1.6586625286e+02
1.2244039352e+02,1.0000000000e+00,1.2244039352e+02
8.6700962126e+01,1.0000000000e+00,8.6700962126e+01
6.7503131947e+01,1.0000000000e+00,6.7503131947e+01
6.6021597823e+01,1.0000000000e+00,6.6021597823e+01
7.7089091655e+01,1.0000000000e+00,7.7089091655e+01
9.4993862139e+01,1.0000000000e+00,9.4993862139e+01
1.1776902552e+02,1.0000000000e+00,1.1776902552e+02
1.4460639694e+02,1.0000000000e+00,1.4460639694e+02
1.7113773435e+02,1.0000000000e+00,1.7113773435e+02
1.9078744442e+02,1.0000000000e+00,1.9078744442e+02
1.9999348478e+02,1.0000000000e+00,1.9999348478e+02
2.0044416992e+02,1.0000000000e+00,2.0044416992e+02
1.9786335099e+02,1.0000000000e+00,1.9786335099e+02
1.9908098918e+02,1.0000000000e+00,1.9908098918e+02
2.0723662506e+02,1.0000000000e+00,2.0723662506e+02
2.1787519252e+02,1.0000000000e+00,2.1787519252e+02
2.2067181828e+02,1.0000000000e+00,2.2067181828e+02
2.0658826335e+02,1.0000000000e+00,2.0658826335e+02
1.7574872760e+02,1.0000000000e+00,1.7574872760e+02
1.4089438828e+02,1.0000000000e+00,1.4089438828e+02
1.2171774922e+02,1.0000000000e+00,1.2171774922e+02
1.3097686871e+02,1.0000000000e+00,1.3097686871e+02
1.6407986156e+02,1.0000000000e+00,1.6407986156e+02
2.0351290057e+02,1.0000000000e+00,2.0351290057e+02
2.3305947478e+02,1.0000000000e+00,2.3305947478e+02
2.4642364304e+02,1.0000000000e+00,2.4642364304e+02
2.4448224495e+02,1.0000000000e+00,2.4448224495e+02
2.2885329031e+02,1.0000000000e+00,2.2885329031e+02
2.0015377378e+02,1.0000000000e+00,2.0015377378e+02
1.6107391878e+02,1.0000000000e+00,1.6107391878e+02
1.1863236346e+02,1.0000000000e+00,1.1863236346e+02
8.1821247735e+01,1.0000000000e+00,8.1821247735e+01
5.6749303395e+01,1.0000000000e+00,5.6749303395e+01
4.4084027757e+01,1.0000000000e+00,4.4084027757e+01
4.0374045710e+01,1.0000000000e+00,4.0374045710e+01
4.0734588589e+01,1.0000000000e+00,4.0734588589e+01
4.0941328593e+01,1.0000000000e+00,4.0941328593e+01
3.9592954963e+01,1.0000000000e+00,3.9592954963e+01
4.0183221662e+01,1.0000000000e+00,4.0183221662e+01
5.0390004455e+01,1.0000000000e+00,5.0390004455e+01
7.6977767544e+01,1.0000000000e+00,7.6977767544e+01
1.1928112614e+02,1.0000000000e+00,1.1928112614e+02
1.6722749358e+02,1.0000000000e+00,1.6722749358e+02
2.0700354597e+02,1.0000000000e+00,2.0700354597e+02
2.2996785487e+02,1.0000000000e+00,2.2996785487e+02
2.3665951783e+02,1.0000000000e+00,2.3665951783e+02
2.3337506818e+02,1.0000000000e+00,2.3337506818e+02
2.2643384045e+02,1.0000000000e+00,2.2643384045e+02
2.1939990842e+02,1.0000000000e+00,2.1939990842e+02
2.1345963724e+02,1.0000000000e+00,2.1345963724e+02
2.0889725402e+02,1.0000000000e+00,2.0889725402e+02
2.0679661923e+02,1.0000000000e+00,2.0679661923e+02
2.0960559292e+02,1.0000000000e+00,2.0960559292e+02
2.1847948551e+02,1.0000000000e+00,2.1847948551e+02
2.2916617379e+02,1.0000000000e+00,2.2916617379e+02
2.3170939864e+02,1.0000000000e+00,2.3170939864e+02
2.1618650886e+02,1.0000000000e+00,2.1618650886e+02
1.8104140155e+02,1.0000000000e+00,1.8104140155e+02
1.3746187479e+02,1.0000000000e+00,1.3746187479e+02
1.0482421956e+02,1.0000000000e+00,1.0482421956e+02
9.9326010034e+01,1.0000000000e+00,9.9326010034e+01
1.2390190206e+02,1.0000000000e+00,1.2390190206e+02
1.6633809784e+02,1.0000000000e+00,1.6633809784e+02
2.0727897945e+02,1.0000000000e+00,2.0727897945e+02
2.3265155472e+02,1.0000000000e+00,2.3265155472e+02
2.4039380426e+02,1.0000000000e+00,2.4039380426e+02
2.3728012876e+02,1.0000000000e+00,2.3728012876e+02
2.3147898796e+02,1.0000000000e+00,2.3147898796e+02
2.2772228752e+02,1.0000000000e+00,2.2772228752e+02
2.2678970202e+02,1.0000000000e+00,2.2678970202e+02
2.2740914207e+02,1.0000000000e+00,2.2740914207e+02
2.2829730037e+02,1.0000000000e+00,2.2829730037e+02
2.2912444084e+02,1.0000000000e+00,2.2912444084e+02
2.3027235895e+02,1.0000000000e+00,2.3027235895e+02
2.3186687904e+02,1.0000000000e+00,2.3186687904e+02
2.3283835886e+02,1.0000000000e+00,2.3283835886e+02
2.3087203443e+02,1.0000000000e+00,2.3087203443e+02
2.2388114488e+02,1.0000000000e+00,2.2388114488e+02
2.1260804136e+02,1.0000000000e+00,2.1260804136e+02
2.0205570532e+02,1.0000000000e+00,2.0205570532e+02
1.9878802728e+02,1.0000000000e+00,1.9878802728e+02
2.0511693660e+02,1.0000000000e+00,2.0511693660e+02
2.1643310060e+02,1.0000000000e+00,2.1643310060e+02
2.2526263879e+02,1.0000000000e+00,2.2526263879e+02
2.2747934224e+02,1.0000000000e+00,2.2747934224e+02
2.2454195870e+02,1.0000000000e+00,2.2454195870e+02
2.2094861147e+02,1.0000000000e+00,2.2094861147e+02
2.2776413550e+02,1.0000000000e+00,2.2162963725e+02
2.3370523805e+02,1.0000000000e+00,2.2444119293e+02
2.1695851862e+02,1.0000000000e+00,2.2340941057e+02
2.0327138300e+02,1.0000000000e+00,2.2228168733e+02
2.2359754731e+02,1.0000000000e+00,2.2699117849e+02
2.4925039316e+02,1.0000000000e+00,2.3226330621e+02
2.4324618770e+02,1.0000000000e+00,2.3112774147e+02
2.1639715090e+02,1.0000000000e+00,2.2589182155e+02
2.0743550584e+02,1.0000000000e+00,2.2431606405e+02
2.2826934122e+02,1.0000000000e+00,2.2874755364e+02
2.4901351766e+02,1.0000000000e+00,2.3309162497e+02
2.4161279680e+02,1.0000000000e+00,2.3158681897e+02
2.1789688699e+02,1.0000000000e+00,2.2656365720e+02
2.1001462002e+02,1.0000000000e+00,2.2461785217e+02
2.2705030077e+02,1.0000000000e+00,2.2783681800e+02
2.4527941035e+02,1.0000000000e+00,2.3162434873e+02
2.4030457224e+02,1.0000000000e+00,2.3100121695e+02
2.1908928196e+02,1.0000000000e+00,2.2712540035e+02
2.1089283000e+02,1.0000000000e+00,2.2568254350e+02
2.2792342352e+02,1.0000000000e+00,2.2910073367e+02
2.4779184318e+02,1.0000000000e+00,2.3299355427e+02
2.4268285813e+02,1.0000000000e+00,2.3191393734e+02
2.1839138165e+02,1.0000000000e+00,2.2710120960e+02
2.0832217431e+02,1.0000000000e+00,2.2523691862e+02
2.2726281936e+02,1.0000000000e+00,2.2916666856e+02
2.4961201195e+02,1.0000000000e+00,2.3355660520e+02
2.4438189759e+02,1.0000000000e+00,2.3200298065e+02
2.1767623820e+02,1.0000000000e+00,2.2573667475e+02
2.0426493318e+02,1.0000000000e+00,2.2208884784e+02
2.2105437651e+02,1.0000000000e+00,2.2500995704e+02
2.4533522134e+02,1.0000000000e+00,2.3024110271e+02
2.4512723985e+02,1.0000000000e+00,2.3111681525e+02
2.2191735407e+02,1.0000000000e+00,2.2740502490e+02
2.0872960807e+02,1.0000000000e+00,2.2538766180e+02
2.2372975710e+02,1.0000000000e+00,2.2869056445e+02
2.4528206270e+02,1.0000000000e+00,2.3305052312e+02
2.4395108167e+02,1.0000000000e+00,2.3246421484e+02
2.2203013578e+02,1.0000000000e+00,2.2708085833e+02
2.0898688040e+02,1.0000000000e+00,2.2254869072e+02
2.1976451301e+02,1.0000000000e+00,2.2211786479e+02
2.3469689095e+02,1.0000000000e+00,2.2294216987e+02
2.3046482279e+02,1.0000000000e+00,2.2178700849e+02
2.1389743374e+02,1.0000000000e+00,2.2041610169e+02
2.1000267365e+02,1.0000000000e+00,2.2239418804e+02
2.2588139863e+02,1.0000000000e+00,2.2692313084e+02
2.4081065293e+02,1.0000000000e+00,2.2882403235e+02
2.3388681447e+02,1.0000000000e+00,2.2499515474e+02
2.1265012248e+02,1.0000000000e+00,2.1920480466e+02
2.0470366649e+02,1.0000000000e+00,2.1844037423e+02
2.2186898987e+02,1.0000000000e+00,2.2457215502e+02
2.4414785937e+02,1.0000000000e+00,2.3178135475e+02
2.4436905497e+02,1.0000000000e+00,2.3289081000e+02
2.2222749627e+02,1.0000000000e+00,2.2702398856e+02
2.0512816563e+02,1.0000000000e+00,2.2010873274e+02
2.1274800054e+02,1.0000000000e+00,2.1786768012e+02
2.3159563651e+02,1.0000000000e+00,2.1993682276e+02
2.3489006407e+02,1.0000000000e+00,2.2211564384e+02
2.1955550941e+02,1.0000000000e+00,2.2279255494e+02
2.0962860099e+02,1.0000000000e+00,2.2462165185e+02
2.2286572361e+02,1.0000000000e+00,2.2951595202e+02
2.4497628887e+02,1.0000000000e+00,2.3409449092e+02
2.4560190660e+02,1.0000000000e+00,2.3252072834e+02
2.2073752366e+02,1.0000000000e+00,2.2470306022e+02
2.0397659857e+02,1.0000000000e+00,2.1855985702e+02
2.1798285336e+02,1.0000000000e+00,2.1997641500e+02
2.3762319754e+02,1.0000000000e+00,2.2455573005e+02
2.3337174594e+02,1.0000000000e+00,2.2590537147e+02
2.1650296957e+02,1.0000000000e+00,2.2540517308e+02
2.1474497599e+02,1.0000000000e+00,2.2809303783e+02
2.3434818751e+02,1.0000000000e+00,2.3463300267e+02
2.5144225863e+02,1.0000000000e+00,2.3844922636e+02
2.3942227534e+02,1.0000000000e+00,2.3101574014e+02
2.1884904862e+02,1.0000000000e+00,2.1359551957e+02
1.8862138709e+02,1.0000000000e+00,1.8619142079e+02
1.5418188738e+02,1.0000000000e+00,1.5418188738e+02
1.2559157087e+02,1.0000000000e+00,1.2559157087e+02
1.0469691360e+02,1.0000000000e+00,1.0469691360e+02
9.1502818523e+01,1.0000000000e+00,9.1502818523e+01
8.2989569626e+01,1.0000000000e+00,8.2989569626e+01
7.6739966744e+01,1.0000000000e+00,7.6739966744e+01
7.2939669078e+01,1.0000000000e+00,7.2939669078e+01
7.3223996741e+01,1.0000000000e+00,7.3223996741e+01
7.7903089404e+01,1.0000000000e+00,7.7903089404e+01
8.4493956805e+01,1.0000000000e+00,8.4493956805e+01
8.8761414887e+01,1.0000000000e+00,8.8761414887e+01
8.7157321412e+01,1.0000000000e+00,8.7157321412e+01
7.9097941632e+01,1.0000000000e+00,7.9097941632e+01
6.7744062297e+01,1.0000000000e+00,6.7744062297e+01
5.8184578985e+01,1.0000000000e+00,5.8184578985e+01
5.3754286367e+01,1.0000000000e+00,5.3754286367e+01
5.3654768537e+01,1.0000000000e+00,5.3654768537e+01
5.4341319777e+01,1.0000000000e+00,5.4341319777e+01
5.3001872458e+01,1.0000000000e+00,5.3001872458e+01
4.9330018928e+01,1.0000000000e+00,4.9330018928e+01
4.4720353694e+01,1.0000000000e+00,4.4720353694e+01
4.0753629329e+01,1.0000000000e+00,4.0753629329e+01
3.7999550702e+01,1.0000000000e+00,3.7999550702e+01
3.5577468190e+01,1.0000000000e+00,3.5577468190e+01
3.2220353110e+01,1.0000000000e+00,3.2220353110e+01
2.8119513180e+01,1.0000000000e+00,2.8119513180e+01
2.5394669080e+01,1.0000000000e+00,2.5394669080e+01
2.6108716117e+01,1.0000000000e+00,2.6108716117e+01
2.9537930689e+01,1.0000000000e+00,2.9537930689e+01
3.2183489506e+01,1.0000000000e+00,3.2183489506e+01
3.1524191285e+01,1.0000000000e+00,3.1524191285e+01
2.9630548013e+01,1.0000000000e+00,2.9630548013e+01
3.2396142160e+01,1.0000000000e+00,3.2396142160e+01
4.5376275239e+01,1.0000000000e+00,4.5376275239e+01
7.0731682009e+01,1.0000000000e+00,7.0731682009e+01
1.0690056410e+02,1.0000000000e+00,1.0690056410e+02
1.4887463581e+02,1.0000000000e+00,1.4887463581e+02
1.8888355304e+02,1.0000000000e+00,1.8888355304e+02
2.1967515353e+02,1.0000000000e+00,2.1967515353e+02
2.3848573256e+02,1.0000000000e+00,2.3848573256e+02
2.4652309108e+02,1.0000000000e+00,2.4652309108e+02
2.4410171417e+02,1.0000000000e+00,2.4410171417e+02
2.2793967887e+02,1.0000000000e+00,2.2793967887e+02
1.9550647190e+02,1.0000000000e+00,1.9550647190e+02
1.5322726948e+02,1.0000000000e+00,1.5322726948e+02
1.1828759557e+02,1.0000000000e+00,1.1828759557e+02
1.0778221799e+02,1.0000000000e+00,1.0778221799e+02
1.2443890632e+02,1.0000000000e+00,1.2443890632e+02
1.5527664159e+02,1.0000000000e+00,1.5527664159e+02
1.8475078647e+02,1.0000000000e+00,1.8475078647e+02
2.0599550853e+02,1.0000000000e+00,2.0599550853e+02
2.1828521732e+02,1.0000000000e+00,2.1828521732e+02
2.1895270165e+02,1.0000000000e+00,2.1895270165e+02
2.0379055563e+02,1.0000000000e+00,2.0379055563e+02
1.7510164941e+02,1.0000000000e+00,1.7510164941e+02
1.4514646752e+02,1.0000000000e+00,1.4514646752e+02
1.2880164104e+02,1.0000000000e+00,1.2880164104e+02
1.3252255810e+02,1.0000000000e+00,1.3252255810e+02
1.5130847750e+02,1.0000000000e+00,1.5130847750e+02
1.7577461556e+02,1.0000000000e+00,1.7577461556e+02
1.9919619289e+02,1.0000000000e+00,1.9919619289e+02
2.1660804609e+02,1.0000000000e+00,2.1660804609e+02
2.2151405132e+02,1.0000000000e+00,2.2151405132e+02
2.0905444242e+02,1.0000000000e+00,2.0905444242e+02
1.8335749605e+02,1.0000000000e+00,1.8335749605e+02
1.5889126278e+02,1.0000000000e+00,1.5889126278e+02
1.5114130071e+02,1.0000000000e+00,1.5114130071e+02
1.6466753446e+02,1.0000000000e+00,1.6466753446e+02
1.9095481832e+02,1.0000000000e+00,1.9095481832e+02
2.1672358238e+02,1.0000000000e+00,2.1672358238e+02
2.3200334451e+02,1.0000000000e+00,2.3200334451e+02
2.3195763668e+02,1.0000000000e+00,2.3195763668e+02
2.1636539544e+02,1.0000000000e+00,2.1636539544e+02
1.9084155680e+02,1.0000000000e+00,1.9084155680e+02
1.6711969709e+02,1.0000000000e+00,1.6711969709e+02
1.5776286003e+02,1.0000000000e+00,1.5776286003e+02
1.6763071823e+02,1.0000000000e+00,1.6763071823e+02
1.9044413646e+02,1.0000000000e+00,1.9044413646e+02
2.1414777310e+02,1.0000000000e+00,2.1414777310e+02
2.2957595930e+02,1.0000000000e+00,2.2957595930e+02
2.3488622944e+02,1.0000000000e+00,2.3488622944e+02
2.3384536878e+02,1.0000000000e+00,2.3384536878e+02
2.3137386777e+02,1.0000000000e+00,2.3137386777e+02
2.3018403911e+02,1.0000000000e+00,2.3018403911e+02
2.2990467236e+02,1.0000000000e+00,2.2990467236e+02
2.2820607480e+02,1.0000000000e+00,2.2820607480e+02
2.2290913611e+02,1.0000000000e+00,2.2290913611e+02
2.1401114024e+02,1.0000000000e+00,2.1401114024e+02
2.0449778778e+02,1.0000000000e+00,2.0449778778e+02
1.9893717890e+02,1.0000000000e+00,1.9893717890e+02
2.0028584337e+02,1.0000000000e+00,2.0028584337e+02
2.0782053716e+02,1.0000000000e+00,2.0782053716e+02
2.1843355181e+02,1.0000000000e+00,2.1843355181e+02
2.2912425606e+02,1.0000000000e+00,2.2912425606e+02
2.3727047781e+02,1.0000000000e+00,2.3727047781e+02
2.3903594727e+02,1.0000000000e+00,2.3903594727e+02
2.2911804397e+02,1.0000000000e+00,2.2911804397e+02
2.0396955686e+02,1.0000000000e+00,2.0396955686e+02
1.6669715624e+02,1.0000000000e+00,1.6669715624e+02
1.2805987684e+02,1.0000000000e+00,1.2805987684e+02
1.0037752220e+02,1.0000000000e+00,1.0037752220e+02
8.9630556193e+01,1.0000000000e+00,8.9630556193e+01
9.3729967398e+01,1.0000000000e+00,9.3729967398e+01
1.0678983086e+02,1.0000000000e+00,1.0678983086e+02
1.2320742095e+02,1.0000000000e+00,1.2320742095e+02
1.3933035064e+02,1.0000000000e+00,1.3933035064e+02
1.5420642698e+02,1.0000000000e+00,1.5420642698e+02
1.6859334361e+02,1.0000000000e+00,1.6859334361e+02
1.8147206033e+02,1.0000000000e+00,1.8147206033e+02
1.8796681378e+02,1.0000000000e+00,1.8796681378e+02
1.8280600524e+02,1.0000000000e+00,1.8280600524e+02
1.6696898565e+02,1.0000000000e+00,1.6696898565e+02
1.5027318885e+02,1.0000000000e+00,1.5027318885e+02
1.4533630602e+02,1.0000000000e+00,1.4533630602e+02
1.5703707187e+02,1.0000000000e+00,1.5703707187e+02
1.7841563650e+02,1.0000000000e+00,1.7841563650e+02
1.9817549632e+02,1.0000000000e+00,1.9817549632e+02
2.1067814070e+02,1.0000000000e+00,2.1067814070e+02
2.1735085078e+02,1.0000000000e+00,2.1735085078e+02
2.2145390722e+02,1.0000000000e+00,2.2145390722e+02
2.2460571579e+02,1.0000000000e+00,2.2460571579e+02
2.2697139011e+02,1.0000000000e+00,2.2697139011e+02
2.2822947274e+02,1.0000000000e+00,2.2822947274e+02
2.2810464791e+02,1.0000000000e+00,2.2810464791e+02
2.2667196935e+02,1.0000000000e+00,2.2667196935e+02
2.2446756871e+02,1.0000000000e+00,2.2446756871e+02
2.2246796066e+02,1.0000000000e+00,2.2246796066e+02
2.2173349443e+02,1.0000000000e+00,2.2173349443e+02
2.2257534261e+02,1.0000000000e+00,2.2257534261e+02
2.2413227491e+02,1.0000000000e+00,2.2413227491e+02
2.2511696056e+02,1.0000000000e+00,2.2511696056e+02
2.2496934330e+02,1.0000000000e+00,2.2496934330e+02
2.2437644192e+02,1.0000000000e+00,2.2437644192e+02
2.2475293694e+02,1.0000000000e+00,2.2475293694e+02
2.2635085298e+02,1.0000000000e+00,2.2635085298e+02
2.2591761049e+02,1.0000000000e+00,2.2591761049e+02
2.1701808465e+02,1.0000000000e+00,2.1701808465e+02
1.9480933767e+02,1.0000000000e+00,1.9480933767e+02
1.6158014888e+02,1.0000000000e+00,1.6158014888e+02
1.2656600249e+02,1.0000000000e+00,1.2656600249e+02
9.9068844283e+01,1.0000000000e+00,9.9068844283e+01
8.1964224390e+01,1.0000000000e+00,8.1964224390e+01
7.2155904749e+01,1.0000000000e+00,7.2155904749e+01
6.6203928375e+01,1.0000000000e+00,6.6203928375e+01
6.4200642712e+01,1.0000000000e+00,6.4200642712e+01
6.8212101143e+01,1.0000000000e+00,6.8212101143e+01
7.8051536667e+01,1.0000000000e+00,7.8051536667e+01
8.9108309023e+01,1.0000000000e+00,8.9108309023e+01
9.4317644606e+01,1.0000000000e+00,9.4257052152e+01
8.9606620522e+01,1.0000000000e+00,8.8974439171e+01
7.7371142573e+01,1.0000000000e+00,7.5938879196e+01
6.3686140008e+01,1.0000000000e+00,6.4897800874e+01
6.0656391743e+01,1.0000000000e+00,6.8711390404e+01
9.4829344918e+01,1.0000000000e+00,9.7946534190e+01
1.5999663555e+02,1.0000000000e+00,1.4680541370e+02
1.9849743718e+02,1.0000000000e+00,1.9169737401e+02
2.0548672666e+02,1.0000000000e+00,2.2005072673e+02
2.2603564591e+02,1.0000000000e+00,2.3640487956e+02
2.5198702753e+02,1.0000000000e+00,2.4197357363e+02
2.5297222100e+02,1.0000000000e+00,2.3629975186e+02
2.2477006529e+02,1.0000000000e+00,2.2286482614e+02
1.8823683333e+02,1.0000000000e+00,2.0817298830e+02
1.7863469373e+02,1.0000000000e+00,2.0118174896e+02
2.0860842010e+02,1.0000000000e+00,2.0648426900e+02
2.4537273710e+02,1.0000000000e+00,2.1786997133e+02
2.4325275611e+02,1.0000000000e+00,2.2319187385e+02
2.0498973447e+02,1.0000000000e+00,2.1809234909e+02
1.8274908508e+02,1.0000000000e+00,2.0957086431e+02
1.9565856482e+02,1.0000000000e+00,2.0208081218e+02
2.0842684487e+02,1.0000000000e+00,1.9350944870e+02
1.9788219180e+02,1.0000000000e+00,1.8543962352e+02
1.8531545656e+02,1.0000000000e+00,1.8473609484e+02
1.8905717831e+02,1.0000000000e+00,1.9182841882e+02
1.9820769836e+02,1.0000000000e+00,1.9820769836e+02
1.9593260443e+02,1.0000000000e+00,1.9593260443e+02
1.8556570822e+02,1.0000000000e+00,1.8556570822e+02
1.7157734649e+02,1.0000000000e+00,1.7157734649e+02
1.5953770300e+02,1.0000000000e+00,1.5953770300e+02
1.5289588444e+02,1.0000000000e+00,1.5289588444e+02
1.5175903231e+02,1.0000000000e+00,1.5175903231e+02
1.5408379263e+02,1.0000000000e+00,1.5408379263e+02
1.5809479769e+02,1.0000000000e+00,1.5809479769e+02
1.6322613033e+02,1.0000000000e+00,1.6322613033e+02
1.6853334356e+02,1.0000000000e+00,1.6853334356e+02
1.7161648855e+02,1.0000000000e+00,1.7161648855e+02
1.7090100854e+02,1.0000000000e+00,1.7090100854e+02
1.6833677132e+02,1.0000000000e+00,1.6833677132e+02
1.6764111433e+02,1.0000000000e+00,1.6764111433e+02
1.6958982700e+02,1.0000000000e+00,1.6958982700e+02
1.7072543341e+02,1.0000000000e+00,1.7072543341e+02
1.6761108849e+02,1.0000000000e+00,1.6761108849e+02
1.6156247801e+02,1.0000000000e+00,1.6156247801e+02
1.5807468706e+02,1.0000000000e+00,1.5807468706e+02
1.6162758138e+02,1.0000000000e+00,1.6162758138e+02
1.7201606230e+02,1.0000000000e+00,1.7201606230e+02
1.8582059690e+02,1.0000000000e+00,1.8582059690e+02
1.9991736791e+02,1.0000000000e+00,1.9991736791e+02
2.1255732246e+02,1.0000000000e+00,2.1255732246e+02
2.2239409091e+02,1.0000000000e+00,2.2239409091e+02
2.2838899669e+02,1.0000000000e+00,2.2838899669e+02
2.3072234383e+02,1.0000000000e+00,2.3072234383e+02
2.3085419129e+02,1.0000000000e+00,2.3085419129e+02
2.3043858324e+02,1.0000000000e+00,2.3043858324e+02
2.3023977401e+02,1.0000000000e+00,2.3023977401e+02
2.2985228526e+02,1.0000000000e+00,2.2985228526e+02
2.2830975023e+02,1.0000000000e+00,2.2830975023e+02
2.2526828158e+02,1.0000000000e+00,2.2526828158e+02
2.2204460034e+02,1.0000000000e+00,2.2204460034e+02
2.2121083696e+02,1.0000000000e+00,2.2121083696e+02
2.2366492642e+02,1.0000000000e+00,2.2366492642e+02
2.2488945511e+02,1.0000000000e+00,2.2488945511e+02
2.1546845161e+02,1.0000000000e+00,2.1546845161e+02
1.8838886014e+02,1.0000000000e+00,1.8838886014e+02
1.4746733395e+02,1.0000000000e+00,1.4746733395e+02
1.0802491184e+02,1.0000000000e+00,1.0802491184e+02
8.7875913212e+01,1.0000000000e+00,8.7875913212e+01
9.5528030923e+01,1.0000000000e+00,9.5528030923e+01
1.2483253379e+02,1.0000000000e+00,1.2483253379e+02
1.6042015037e+02,1.0000000000e+00,1.6042015037e+02
1.8864759826e+02,1.0000000000e+00,1.8864759826e+02
2.0332019987e+02,1.0000000000e+00,2.0332019987e+02
2.0286708192e+02,1.0000000000e+00,2.0286708192e+02
1.8649845977e+02,1.0000000000e+00,1.8649845977e+02
1.5546472887e+02,1.0000000000e+00,1.5546472887e+02
1.1592971020e+02,1.0000000000e+00,1.1592971020e+02
7.7748295520e+01,1.0000000000e+00,7.7748295520e+01
4.9766398486e+01,1.0000000000e+00,4.9766398486e+01
3.5705881978e+01,1.0000000000e+00,3.5705881978e+01
3.2806939490e+01,1.0000000000e+00,3.2806939490e+01
3.3876970830e+01,1.0000000000e+00,3.3876970830e+01
3.2433703177e+01,1.0000000000e+00,3.2433703177e+01
2.8389133744e+01,1.0000000000e+00,2.8389133744e+01
2.9925265475e+01,1.0000000000e+00,2.9925265475e+01
4.8433048955e+01,1.0000000000e+00,4.8433048955e+01
8.8730206405e+01,1.0000000000e+00,8.8730206405e+01
1.4272809030e+02,1.0000000000e+00,1.4272809030e+02
1.9352815753e+02,1.0000000000e+00,1.9352815753e+02
2.2696136226e+02,1.0000000000e+00,2.2696136226e+02
2.3985935902e+02,1.0000000000e+00,2.3985935902e+02
2.3878298875e+02,1.0000000000e+00,2.3878298875e+02
2.3296535991e+02,1.0000000000e+00,2.3296535991e+02
2.2853588996e+02,1.0000000000e+00,2.2853588996e+02
2.2707943313e+02,1.0000000000e+00,2.2707943313e+02
2.2732542673e+02,1.0000000000e+00,2.2732542673e+02
2.2760327638e+02,1.0000000000e+00,2.2760327638e+02
2.2748846261e+02,1.0000000000e+00,2.2748846261e+02
2.2807487508e+02,1.0000000000e+00,2.2807487508e+02
2.3088188079e+02,1.0000000000e+00,2.3088188079e+02
2.3590610131e+02,1.0000000000e+00,2.3582190996e+02
2.3948058692e+02,1.0000000000e+00,2.3922826570e+02
2.3316094425e+02,1.0000000000e+00,2.3371564795e+02
2.0933676414e+02,1.0000000000e+00,2.1242838215e+02
1.7427056138e+02,1.0000000000e+00,1.7701266997e+02
1.4438171283e+02,1.0000000000e+00,1.3988735157e+02
1.2414640686e+02,1.0000000000e+00,1.1564979392e+02
1.1147605828e+02,1.0000000000e+00,1.1279542363e+02
1.2146676587e+02,1.0000000000e+00,1.3245922570e+02
1.6667867105e+02,1.0000000000e+00,1.6716174686e+02
2.1239007790e+02,1.0000000000e+00,1.9957418237e+02
2.1644161545e+02,1.0000000000e+00,2.1584139942e+02
2.0808112203e+02,1.0000000000e+00,2.2160550630e+02
2.2719546413e+02,1.0000000000e+00,2.2755454821e+02
2.4348419589e+02,1.0000000000e+00,2.3091991112e+02
2.2685654177e+02,1.0000000000e+00,2.2789752793e+02
2.1324405491e+02,1.0000000000e+00,2.2621917375e+02
2.3667232854e+02,1.0000000000e+00,2.3193912898e+02
2.5084705800e+02,1.0000000000e+00,2.3447730506e+02
2.1496376967e+02,1.0000000000e+00,2.2466947444e+02
1.9572491408e+02,1.0000000000e+00,2.1625303111e+02
2.3031824672e+02,1.0000000000e+00,2.1905491467e+02
2.4445454054e+02,1.0000000000e+00,2.2139526363e+02
2.0775655516e+02,1.0000000000e+00,2.1819079270e+02
1.9842842969e+02,1.0000000000e+00,2.2175817041e+02
2.4110096564e+02,1.0000000000e+00,2.3069250202e+02
2.4104942902e+02,1.0000000000e+00,2.2099849084e+02
1.7779578779e+02,1.0000000000e+00,1.8912365036e+02
1.4480763969e+02,1.0000000000e+00,1.6065064649e+02
1.5885492363e+02,1.0000000000e+00,1.4789005390e+02
1.5838162761e+02,1.0000000000e+00,1.4376241466e+02
1.3632785428e+02,1.0000000000e+00,1.4613850320e+02
1.4533666331e+02,1.0000000000e+00,1.6067236994e+02
1.8900056015e+02,1.0000000000e+00,1.8217534587e+02
2.0921704141e+02,1.0000000000e+00,1.9506460542e+02
1.9069648874e+02,1.0000000000e+00,1.9583322955e+02
1.8726119882e+02,1.0000000000e+00,1.9717704234e+02
2.0796745044e+02,1.0000000000e+00,2.0280678715e+02
2.0828788386e+02,1.0000000000e+00,2.0453639933e+02
2.0163806083e+02,1.0000000000e+00,2.0470469151e+02
2.0533215191e+02,1.0000000000e+00,2.0529864662e+02
1.9979571569e+02,1.0000000000e+00,1.9940054987e+02
1.8260202716e+02,1.0000000000e+00,1.8264399014e+02
1.5312520554e+02,1.0000000000e+00,1.5312520554e+02
1.1622542745e+02,1.0000000000e+00,1.1622542745e+02
8.6168938186e+01,1.0000000000e+00,8.6168938186e+01
7.8711388757e+01,1.0000000000e+00,7.8711388757e+01
1.0018912689e+02,1.0000000000e+00,1.0018912689e+02
1.4243078351e+02,1.0000000000e+00,1.4243078351e+02
1.8807839098e+02,1.0000000000e+00,1.8807839098e+02
2.2148122240e+02,1.0000000000e+00,2.2148122240e+02
2.3656522069e+02,1.0000000000e+00,2.3656522069e+02
2.3700732591e+02,1.0000000000e+00,2.3700732591e+02
2.3082879703e+02,1.0000000000e+00,2.3082879703e+02
2.2473733513e+02,1.0000000000e+00,2.2473733513e+02
2.2164417912e+02,1.0000000000e+00,2.2164417912e+02
2.2144302529e+02,1.0000000000e+00,2.2144302529e+02
2.2304336955e+02,1.0000000000e+00,2.2304336955e+02
2.2551349999e+02,1.0000000000e+00,2.2551349999e+02
2.2795712628e+02,1.0000000000e+00,2.2795712628e+02
2.2921317374e+02,1.0000000000e+00,2.2921317374e+02
2.2803981664e+02,1.0000000000e+00,2.2803981664e+02
2.2365500168e+02,1.0000000000e+00,2.2365500168e+02
2.1657554721e+02,1.0000000000e+00,2.1657554721e+02
2.0938327162e+02,1.0000000000e+00,2.0938327162e+02
2.0588536152e+02,1.0000000000e+00,2.0588536152e+02
2.0824010038e+02,1.0000000000e+00,2.0824010038e+02
2.1510824841e+02,1.0000000000e+00,2.1510824841e+02
2.2313846473e+02,1.0000000000e+00,2.2313846473e+02
2.2931633372e+02,1.0000000000e+00,2.2931633372e+02
2.3153226178e+02,1.0000000000e+00,2.3153226178e+02
2.2849540592e+02,1.0000000000e+00,2.2849540592e+02
2.2066421552e+02,1.0000000000e+00,2.2066421552e+02
2.1138304439e+02,1.0000000000e+00,2.1138304439e+02
2.0589211186e+02,1.0000000000e+00,2.0589211186e+02
2.0763484347e+02,1.0000000000e+00,2.0763484347e+02
2.1527519858e+02,1.0000000000e+00,2.1527519858e+02
2.2403480163e+02,1.0000000000e+00,2.2403480163e+02
2.2979509259e+02,1.0000000000e+00,2.2979509259e+02
2.3156756901e+02,1.0000000000e+00,2.3156756901e+02
2.3087762293e+02,1.0000000000e+00,2.3087762293e+02
2.2981590094e+02,1.0000000000e+00,2.2981590094e+02
2.2954327372e+02,1.0000000000e+00,2.2954327372e+02
2.2980043391e+02,1.0000000000e+00,2.2980043391e+02
2.2931544286e+02,1.0000000000e+00,2.2931544286e+02
2.2686123689e+02,1.0000000000e+00,2.2686123689e+02
2.2249227235e+02,1.0000000000e+00,2.2249227235e+02
2.1798351573e+02,1.0000000000e+00,2.1798351573e+02
2.1551088333e+02,1.0000000000e+00,2.1551088333e+02
2.1542055058e+02,1.0000000000e+00,2.1542055058e+02
2.1590065832e+02,1.0000000000e+00,2.1590065832e+02
2.1543384138e+02,1.0000000000e+00,2.1543384138e+02
2.1475504580e+02,1.0000000000e+00,2.1475504580e+02
2.1565453457e+02,1.0000000000e+00,2.1565453457e+02
2.1869042708e+02,1.0000000000e+00,2.1869042708e+02
2.2280143906e+02,1.0000000000e+00,2.2280143906e+02
2.2650354760e+02,1.0000000000e+00,2.2650354760e+02
2.2892871025e+02,1.0000000000e+00,2.2892871025e+02
2.3008665593e+02,1.0000000000e+00,2.3008665593e+02
2.3048685350e+02,1.0000000000e+00,2.3048685350e+02
2.3047271039e+02,1.0000000000e+00,2.3047271039e+02
2.2981165072e+02,1.0000000000e+00,2.2981165072e+02
2.2792034768e+02,1.0000000000e+00,2.2792034768e+02
2.2460680967e+02,1.0000000000e+00,2.2460680967e+02
2.2060785664e+02,1.0000000000e+00,2.2060785664e+02
2.1698060122e+02,1.0000000000e+00,2.1698060122e+02
2.1358915814e+02,1.0000000000e+00,2.1358915814e+02
2.0889724342e+02,1.0000000000e+00,2.0889724342e+02
2.0241758337e+02,1.0000000000e+00,2.0241758337e+02
1.9685189324e+02,1.0000000000e+00,1.9685189324e+02
1.9607919651e+02,1.0000000000e+00,1.9607919651e+02
2.0105772339e+02,1.0000000000e+00,2.0105772339e+02
2.0915678807e+02,1.0000000000e+00,2.0915678807e+02
2.1716734084e+02,1.0000000000e+00,2.1716734084e+02
2.2343767558e+02,1.0000000000e+00,2.2343767558e+02
2.2753175503e+02,1.0000000000e+00,2.2753175503e+02
2.2952722997e+02,1.0000000000e+00,2.2952722997e+02
2.2995326374e+02,1.0000000000e+00,2.2995326374e+02
2.2965766714e+02,1.0000000000e+00,2.2965766714e+02
2.2938930053e+02,1.0000000000e+00,2.2938930053e+02
2.2947028986e+02,1.0000000000e+00,2.2947028986e+02
2.2972344165e+02,1.0000000000e+00,2.2972344165e+02
2.2962221289e+02,1.0000000000e+00,2.2962221289e+02
2.2864400789e+02,1.0000000000e+00,2.2864400789e+02
2.2676575955e+02,1.0000000000e+00,2.2676575955e+02
2.2477824001e+02,1.0000000000e+00,2.2477824001e+02
2.2389545804e+02,1.0000000000e+00,2.2389545804e+02
2.2472833387e+02,1.0000000000e+00,2.2472833387e+02
2.2669758771e+02,1.0000000000e+00,2.2669758771e+02
2.2862091677e+02,1.0000000000e+00,2.2862091677e+02
2.2971823609e+02,1.0000000000e+00,2.2971823609e+02
2.2996130825e+02,1.0000000000e+00,2.2996130825e+02
2.2973528273e+02,1.0000000000e+00,2.2973528273e+02
2.2939731087e+02,1.0000000000e+00,2.2939731087e+02
2.2909533801e+02,1.0000000000e+00,2.2909533801e+02
2.2885342772e+02,1.0000000000e+00,2.2885342772e+02
2.2875303932e+02,1.0000000000e+00,2.2875303932e+02
2.2900821702e+02,1.0000000000e+00,2.2900821702e+02
2.2979992036e+02,1.0000000000e+00,2.2979992036e+02
2.3089300468e+02,1.0000000000e+00,2.3089300468e+02
2.3129378891e+02,1.0000000000e+00,2.3129378891e+02
2.2939373720e+02,1.0000000000e+00,2.2939373720e+02
2.2390220400e+02,1.0000000000e+00,2.2390220400e+02
2.1525527360e+02,1.0000000000e+00,2.1525527360e+02
2.0638026241e+02,1.0000000000e+00,2.0638026241e+02
2.0142326593e+02,1.0000000000e+00,2.0142326593e+02
2.0270312626e+02,1.0000000000e+00,2.0270312626e+02
2.0891138388e+02,1.0000000000e+00,2.0891138388e+02
2.1666692580e+02,1.0000000000e+00,2.1666692580e+02
2.2324059231e+02,1.0000000000e+00,2.2324059231e+02
2.2759739475e+02,1.0000000000e+00,2.2759739475e+02
2.2987974907e+02,1.0000000000e+00,2.2987974907e+02
2.3048164169e+02,1.0000000000e+00,2.3048164169e+02
2.2929116477e+02,1.0000000000e+00,2.2929116477e+02
2.2558440569e+02,1.0000000000e+00,2.2558440569e+02
2.1867291753e+02,1.0000000000e+00,2.1867291753e+02
2.0895250079e+02,1.0000000000e+00,2.0895250079e+02
1.9873896730e+02,1.0000000000e+00,1.9873896730e+02
1.9182117745e+02,1.0000000000e+00,1.9182117745e+02
1.9148023878e+02,1.0000000000e+00,1.9148023878e+02
1.9846791177e+02,1.0000000000e+00,1.9846791177e+02
2.1033935274e+02,1.0000000000e+00,2.1033935274e+02
2.2247061056e+02,1.0000000000e+00,2.2247061056e+02
2.3039680385e+02,1.0000000000e+00,2.3039680385e+02
2.3195033701e+02,1.0000000000e+00,2.3195033701e+02
2.2779105812e+02,1.0000000000e+00,2.2779105812e+02
2.2068458690e+02,1.0000000000e+00,2.2068458690e+02
2.1411756250e+02,1.0000000000e+00,2.1411756250e+02
2.1011879256e+02,1.0000000000e+00,2.1011879256e+02
2.0764044138e+02,1.0000000000e+00,2.0764044138e+02
2.0400678107e+02,1.0000000000e+00,2.0400678107e+02
1.9840415180e+02,1.0000000000e+00,1.9840415180e+02
1.9289978672e+02,1.0000000000e+00,1.9289978672e+02
1.8955910476e+02,1.0000000000e+00,1.8955910476e+02
1.8733970969e+02,1.0000000000e+00,1.8733970969e+02
1.8289653778e+02,1.0000000000e+00,1.8289653778e+02
1.7501205280e+02,1.0000000000e+00,1.7501205280e+02
1.6701326898e+02,1.0000000000e+00,1.6701326898e+02
1.6344119125e+02,1.0000000000e+00,1.6344119125e+02
1.6577249926e+02,1.0000000000e+00,1.6577249926e+02
1.7257393714e+02,1.0000000000e+00,1.7257393714e+02
1.8146992869e+02,1.0000000000e+00,1.8146992869e+02
1.8952036250e+02,1.0000000000e+00,1.8952036250e+02
1.9404634938e+02,1.0000000000e+00,1.9404634938e+02
1.9479367882e+02,1.0000000000e+00,1.9479367882e+02
1.9429959169e+02,1.0000000000e+00,1.9429959169e+02
1.9526970932e+02,1.0000000000e+00,1.9526970932e+02
1.9783768728e+02,1.0000000000e+00,1.9783768728e+02
1.9987468438e+02,1.0000000000e+00,1.9987468438e+02
1.9975016933e+02,1.0000000000e+00,1.9975016933e+02
1.9783340701e+02,1.0000000000e+00,1.9783340701e+02
1.9550720562e+02,1.0000000000e+00,1.9550720562e+02
1.9386594039e+02,1.0000000000e+00,1.9386594039e+02
1.9329189520e+02,1.0000000000e+00,1.9329189520e+02
1.9376758288e+02,1.0000000000e+00,1.9376758288e+02
1.9561212741e+02,1.0000000000e+00,1.9561212741e+02
1.9926169373e+02,1.0000000000e+00,1.9926169373e+02
2.0382587292e+02,1.0000000000e+00,2.0382587292e+02
2.0704143961e+02,1.0000000000e+00,2.0704143961e+02
2.0740401121e+02,1.0000000000e+00,2.0740401121e+02
2.0507237661e+02,1.0000000000e+00,2.0507237661e+02
2.0009881941e+02,1.0000000000e+00,2.0009881941e+02
1.9153252269e+02,1.0000000000e+00,1.9153252269e+02
1.7946558508e+02,1.0000000000e+00,1.7946558508e+02
1.6666557656e+02,1.0000000000e+00,1.6666557656e+02
1.5661603639e+02,1.0000000000e+00,1.5661603639e+02
1.4994754359e+02,1.0000000000e+00,1.4994754359e+02
1.4374479030e+02,1.0000000000e+00,1.4374479030e+02
1.3509212373e+02,1.0000000000e+00,1.3509212373e+02
1.2499976361e+02,1.0000000000e+00,1.2499976361e+02
1.1818907426e+02,1.0000000000e+00,1.1818907426e+02
1.1933828468e+02,1.0000000000e+00,1.1933828468e+02
1.3010690325e+02,1.0000000000e+00,1.3010690325e+02
1.4911048674e+02,1.0000000000e+00,1.4911048674e+02
1.7311547776e+02,1.0000000000e+00,1.7311547776e+02
1.9756094260e+02,1.0000000000e+00,1.9756094260e+02
2.1737095108e+02,1.0000000000e+00,2.1737095108e+02
2.2919672808e+02,1.0000000000e+00,2.2919672808e+02
2.3323113512e+02,1.0000000000e+00,2.3323113512e+02
2.3246500440e+02,1.0000000000e+00,2.3246500440e+02
2.3029838973e+02,1.0000000000e+00,2.3029838973e+02
2.2877415958e+02,1.0000000000e+00,2.2877415958e+02
2.2832954462e+02,1.0000000000e+00,2.2832954462e+02
2.2851509774e+02,1.0000000000e+00,2.2851509774e+02
2.2882297513e+02,1.0000000000e+00,2.2882297513e+02
2.2911817449e+02,1.0000000000e+00,2.2911817449e+02
2.2958019371e+02,1.0000000000e+00,2.2958019371e+02
2.3031329809e+02,1.0000000000e+00,2.3031329809e+02
2.3091378210e+02,1.0000000000e+00,2.3091378210e+02
2.3036533405e+02,1.0000000000e+00,2.3036533405e+02
2.2759450809e+02,1.0000000000e+00,2.2759450809e+02
2.2263974217e+02,1.0000000000e+00,2.2263974217e+02
2.1751694898e+02,1.0000000000e+00,2.1751694898e+02
2.1530095604e+02,1.0000000000e+00,2.1530095604e+02
2.1752366734e+02,1.0000000000e+00,2.1752366734e+02
2.2265941304e+02,1.0000000000e+00,2.2265941304e+02
2.2762851942e+02,1.0000000000e+00,2.2762851942e+02
2.3039559780e+02,1.0000000000e+00,2.3039559780e+02
2.3089908073e+02,1.0000000000e+00,2.3089908073e+02
2.3021258098e+02,1.0000000000e+00,2.3021258098e+02
2.2940582949e+02,1.0000000000e+00,2.2940582949e+02
2.2899045839e+02,1.0000000000e+00,2.2899045839e+02
2.2896023479e+02,1.0000000000e+00,2.2896023479e+02
2.2908987889e+02,1.0000000000e+00,2.2908987889e+02
2.2919820401e+02,1.0000000000e+00,2.2919820401e+02
2.2925444809e+02,1.0000000000e+00,2.2925444809e+02
2.2933886396e+02,1.0000000000e+00,2.2933886396e+02
2.2952051226e+02,1.0000000000e+00,2.2952051226e+02
2.2972785581e+02,1.0000000000e+00,2.2972785581e+02
2.2970265127e+02,1.0000000000e+00,2.2970265127e+02
2.2913361780e+02,1.0000000000e+00,2.2913361780e+02
2.2800118595e+02,1.0000000000e+00,2.2800118595e+02
2.2697648226e+02,1.0000000000e+00,2.2697648226e+02
2.2746316684e+02,1.0000000000e+00,2.2746316684e+02
2.3077992751e+02,1.0000000000e+00,2.3077992751e+02
2.3638238866e+02,1.0000000000e+00,2.3638238866e+02
2.4004784817e+02,1.0000000000e+00,2.4004784817e+02
2.3409884283e+02,1.0000000000e+00,2.3409884283e+02
2.1166817181e+02,1.0000000000e+00,2.1166817181e+02
1.7396019337e+02,1.0000000000e+00,1.7396019337e+02
1.3884161121e+02,1.0000000000e+00,1.3516815022e+02
1.1682578622e+02,1.0000000000e+00,1.1283686420e+02
1.0956952045e+02,1.0000000000e+00,1.1673836111e+02
1.3977043156e+02,1.0000000000e+00,1.4779530168e+02
2.0998670056e+02,1.0000000000e+00,1.9326489265e+02
2.2788782439e+02,1.0000000000e+00,2.2175290407e+02
2.0099528905e+02,1.0000000000e+00,2.2931852523e+02
2.3996496216e+02,1.0000000000e+00,2.3981260426e+02
2.7560507337e+02,1.0000000000e+00,2.4352840431e+02
2.2635029210e+02,1.0000000000e+00,2.2700849942e+02
1.8044134959e+02,1.0000000000e+00,2.0934459452e+02
2.0820162080e+02,1.0000000000e+00,2.0660538292e+02
2.2482195014e+02,1.0000000000e+00,2.0517464388e+02
1.9524695745e+02,1.0000000000e+00,2.0069977687e+02
1.9931517655e+02,1.0000000000e+00,2.0865716120e+02
2.3100398095e+02,1.0000000000e+00,2.2456671094e+02
2.4168357927e+02,1.0000000000e+00,2.3508637510e+02
2.2600372149e+02,1.0000000000e+00,2.3640537791e+02
2.2026882055e+02,1.0000000000e+00,2.3328065454e+02
2.3963673931e+02,1.0000000000e+00,2.2655098764e+02
2.3172828961e+02,1.0000000000e+00,2.0636853980e+02
1.7412063175e+02,1.0000000000e+00,1.7448291390e+02
1.2389798719e+02,1.0000000000e+00,1.5252972492e+02
1.4936704447e+02,1.0000000000e+00,1.6117460274e+02
2.1875410774e+02,1.0000000000e+00,1.9153835714e+02
2.2631701838e+02,1.0000000000e+00,2.1247697794e+02
1.9434626616e+02,1.0000000000e+00,2.1942782843e+02
2.2043071342e+02,1.0000000000e+00,2.2957944599e+02
2.5415827785e+02,1.0000000000e+00,2.3592091541e+02
2.3239777588e+02,1.0000000000e+00,2.2985055658e+02
2.1228217830e+02,1.0000000000e+00,2.2500415460e+02
2.3169267859e+02,1.0000000000e+00,2.2918130319e+02
2.4372607005e+02,1.0000000000e+00,2.3219575003e+02
2.2120645178e+02,1.0000000000e+00,2.2770178397e+02
2.1125929608e+02,1.0000000000e+00,2.2473539307e+02
2.3225749065e+02,1.0000000000e+00,2.2746631847e+02
2.4366601634e+02,1.0000000000e+00,2.2909347440e+02
2.3278520625e+02,1.0000000000e+00,2.2831800653e+02
2.2547817296e+02,1.0000000000e+00,2.2995770855e+02
2.3341534380e+02,1.0000000000e+00,2.3341534380e+02
2.2859627157e+02,1.0000000000e+00,2.2859627157e+02
2.1306754159e+02,1.0000000000e+00,2.1306754159e+02
1.8979260404e+02,1.0000000000e+00,1.8979260404e+02
1.6875572634e+02,1.0000000000e+00,1.6875572634e+02
1.6108703009e+02,1.0000000000e+00,1.6108703009e+02
1.7091383550e+02,1.0000000000e+00,1.7091383550e+02
1.9245853856e+02,1.0000000000e+00,1.9245853856e+02
2.1482709695e+02,1.0000000000e+00,2.1482709695e+02
2.2960056266e+02,1.0000000000e+00,2.2960056266e+02
2.3485663949e+02,1.0000000000e+00,2.3485663949e+02
2.3377468788e+02,1.0000000000e+00,2.3377468788e+02
2.3076280324e+02,1.0000000000e+00,2.3076280324e+02
2.2865190183e+02,1.0000000000e+00,2.2865190183e+02
2.2811213657e+02,1.0000000000e+00,2.2811213657e+02
2.2848478842e+02,1.0000000000e+00,2.2848478842e+02
2.2885562501e+02,1.0000000000e+00,2.2885562501e+02
2.2869671453e+02,1.0000000000e+00,2.2869671453e+02
2.2792093532e+02,1.0000000000e+00,2.2792093532e+02
2.2633714309e+02,1.0000000000e+00,2.2633714309e+02
2.2264848723e+02,1.0000000000e+00,2.2264848723e+02
2.1413080025e+02,1.0000000000e+00,2.1413080025e+02
1.9853292241e+02,1.0000000000e+00,1.9853292241e+02
1.7683011060e+02,1.0000000000e+00,1.7683011060e+02
1.5291504554e+02,1.0000000000e+00,1.5291504554e+02
1.3033682491e+02,1.0000000000e+00,1.3033682491e+02
1.1105464404e+02,1.0000000000e+00,1.1105464404e+02
9.7240686732e+01,1.0000000000e+00,9.7240686732e+01
9.1193596660e+01,1.0000000000e+00,9.1193596660e+01
9.2203964856e+01,1.0000000000e+00,9.2203964856e+01
9.5823634543e+01,1.0000000000e+00,9.5823634543e+01
9.7927276187e+01,1.0000000000e+00,9.7927276187e+01
9.8780218943e+01,1.0000000000e+00,9.8780218943e+01
1.0216597608e+02,1.0000000000e+00,1.0216597608e+02
1.1019901284e+02,1.0000000000e+00,1.1019901284e+02
1.1898443953e+02,1.0000000000e+00,1.1898443953e+02
1.2006048318e+02,1.0000000000e+00,1.2006048318e+02
1.0722371928e+02,1.0000000000e+00,1.0722371928e+02
8.2488305597e+01,1.0000000000e+00,8.2488305597e+01
5.5919078610e+01,1.0000000000e+00,5.5919078610e+01
4.0802814621e+01,1.0000000000e+00,4.0802814621e+01
4.8117105626e+01,1.0000000000e+00,4.8117105626e+01
8.1237850010e+01,1.0000000000e+00,8.1237850010e+01
1.3221262099e+02,1.0000000000e+00,1.3221262099e+02
1.8431297523e+02,1.0000000000e+00,1.8431297523e+02
2.2181751264e+02,1.0000000000e+00,2.2181751264e+02
2.3908371201e+02,1.0000000000e+00,2.3908371201e+02
2.4091946304e+02,1.0000000000e+00,2.4091946304e+02
2.3585590197e+02,1.0000000000e+00,2.3585590197e+02
2.2974994337e+02,1.0000000000e+00,2.2974994337e+02
2.2420567798e+02,1.0000000000e+00,2.2420567798e+02
2.1903304876e+02,1.0000000000e+00,2.1903304876e+02
2.1515309533e+02,1.0000000000e+00,2.1515309533e+02
2.1451223884e+02,1.0000000000e+00,2.1451223884e+02
2.1696557791e+02,1.0000000000e+00,2.1696557791e+02
2.1829132568e+02,1.0000000000e+00,2.1829132568e+02
2.1261626610e+02,1.0000000000e+00,2.1261626610e+02
1.9700346359e+02,1.0000000000e+00,1.9700346359e+02
1.7371400342e+02,1.0000000000e+00,1.7371400342e+02
1.4911764109e+02,1.0000000000e+00,1.4911764109e+02
1.3135101920e+02,1.0000000000e+00,1.3135101920e+02
1.2763193885e+02,1.0000000000e+00,1.2763193885e+02
1.4077753611e+02,1.0000000000e+00,1.4077753611e+02
1.6679913026e+02,1.0000000000e+00,1.6679913026e+02
1.9658951361e+02,1.0000000000e+00,1.9658951361e+02
2.2111438146e+02,1.0000000000e+00,2.2111438146e+02
2.3588539366e+02,1.0000000000e+00,2.3588539366e+02
2.4107533096e+02,1.0000000000e+00,2.4107533096e+02
2.3800615848e+02,1.0000000000e+00,2.3800615848e+02
2.2661220221e+02,1.0000000000e+00,2.2661220221e+02
2.0721877935e+02,1.0000000000e+00,2.0721877935e+02
1.8464431634e+02,1.0000000000e+00,1.8464431634e+02
1.6875293379e+02,1.0000000000e+00,1.6875293379e+02
1.6840486462e+02,1.0000000000e+00,1.6840486462e+02
1.8409219365e+02,1.0000000000e+00,1.8409219365e+02
2.0756401498e+02,1.0000000000e+00,2.0756401498e+02
2.2853781992e+02,1.0000000000e+00,2.2853781992e+02
2.4052285049e+02,1.0000000000e+00,2.4052285049e+02
2.4092747478e+02,1.0000000000e+00,2.4092747478e+02
2.2868363822e+02,1.0000000000e+00,2.2868363822e+02
2.0446814514e+02,1.0000000000e+00,2.0446814514e+02
1.7372454206e+02,1.0000000000e+00,1.7372454206e+02
1.4794961128e+02,1.0000000000e+00,1.4794961128e+02
1.4003124248e+02,1.0000000000e+00,1.4003124248e+02
1.5522172410e+02,1.0000000000e+00,1.5522172410e+02
1.8605279869e+02,1.0000000000e+00,1.8605279869e+02
2.1748582514e+02,1.0000000000e+00,2.1748582514e+02
2.3719236806e+02,1.0000000000e+00,2.3719236806e+02
2.4088587372e+02,1.0000000000e+00,2.4088587372e+02
2.3081969179e+02,1.0000000000e+00,2.3081969179e+02
2.1305147000e+02,1.0000000000e+00,2.1305147000e+02
1.9632189766e+02,1.0000000000e+00,1.9632189766e+02
1.8951165601e+02,1.0000000000e+00,1.8951165601e+02
1.9621914055e+02,1.0000000000e+00,1.9621914055e+02
2.1188327362e+02,1.0000000000e+00,2.1188327362e+02
2.2768380518e+02,1.0000000000e+00,2.2768380518e+02
2.3647505510e+02,1.0000000000e+00,2.3647505510e+02
2.3458166614e+02,1.0000000000e+00,2.3458166614e+02
2.2049584678e+02,1.0000000000e+00,2.2049584678e+02
1.9515315167e+02,1.0000000000e+00,1.9515315167e+02
1.6487560617e+02,1.0000000000e+00,1.6487560617e+02
1.4231147293e+02,1.0000000000e+00,1.4231147293e+02
1.4016709832e+02,1.0000000000e+00,1.4016709832e+02
1.6105600394e+02,1.0000000000e+00,1.6105600394e+02
1.9425608708e+02,1.0000000000e+00,1.9425608708e+02
2.2338793299e+02,1.0000000000e+00,2.2338793299e+02
2.3665545773e+02,1.0000000000e+00,2.3665545773e+02
2.3134358875e+02,1.0000000000e+00,2.3134358875e+02
2.1308218965e+02,1.0000000000e+00,2.1308218965e+02
1.9281303535e+02,1.0000000000e+00,1.9281303535e+02
1.8069783582e+02,1.0000000000e+00,1.8069783582e+02
1.7813687685e+02,1.0000000000e+00,1.7813687685e+02
1.7596304028e+02,1.0000000000e+00,1.7596304028e+02
1.6326925950e+02,1.0000000000e+00,1.6326925950e+02
1.3786918926e+02,1.0000000000e+00,1.3786918926e+02
1.0721103070e+02,1.0000000000e+00,1.0721103070e+02
8.1146974133e+01,1.0000000000e+00,8.1146974133e+01
6.5878352561e+01,1.0000000000e+00,6.5878352561e+01
6.3428309217e+01,1.0000000000e+00,6.3428309217e+01
7.3950500159e+01,1.0000000000e+00,7.3950500159e+01
9.7011804112e+01,1.0000000000e+00,9.7011804112e+01
1.3050387777e+02,1.0000000000e+00,1.3050387777e+02
1.6887309945e+02,1.0000000000e+00,1.6887309945e+02
2.0362138962e+02,1.0000000000e+00,2.0362138962e+02
2.2683295352e+02,1.0000000000e+00,2.2683295352e+02
2.3504680555e+02,1.0000000000e+00,2.3504680555e+02
2.3040005071e+02,1.0000000000e+00,2.3040005071e+02
2.1893196419e+02,1.0000000000e+00,2.1893196419e+02
2.0786979438e+02,1.0000000000e+00,2.0786979438e+02
2.0292290044e+02,1.0000000000e+00,2.0292290044e+02
2.0608085663e+02,1.0000000000e+00,2.0608085663e+02
2.1498054411e+02,1.0000000000e+00,2.1498054411e+02
2.2459036301e+02,1.0000000000e+00,2.2459036301e+02
2.3021292641e+02,1.0000000000e+00,2.3021292641e+02
2.2952540928e+02,1.0000000000e+00,2.2952540928e+02
2.2237110567e+02,1.0000000000e+00,2.2237110567e+02
2.0912231707e+02,1.0000000000e+00,2.0912231707e+02
1.8987747072e+02,1.0000000000e+00,1.8987747072e+02
1.6624801698e+02,1.0000000000e+00,1.6624801698e+02
1.4387315425e+02,1.0000000000e+00,1.4387315425e+02
1.3144357213e+02,1.0000000000e+00,1.3144357213e+02
1.3555453005e+02,1.0000000000e+00,1.3555453005e+02
1.5527847999e+02,1.0000000000e+00,1.5527847999e+02
1.8106444585e+02,1.0000000000e+00,1.8106444585e+02
2.0008862573e+02,1.0000000000e+00,2.0008862573e+02
2.0472619704e+02,1.0000000000e+00,2.0472619704e+02
1.9680440585e+02,1.0000000000e+00,1.9680440585e+02
1.8428853250e+02,1.0000000000e+00,1.8428853250e+02
1.7508270829e+02,1.0000000000e+00,1.7508270829e+02
1.7398307855e+02,1.0000000000e+00,1.7398307855e+02
1.8245825657e+02,1.0000000000e+00,1.8245825657e+02
1.9812656789e+02,1.0000000000e+00,1.9812656789e+02
2.1513715533e+02,1.0000000000e+00,2.1513715533e+02
2.2747065859e+02,1.0000000000e+00,2.2747065859e+02
2.3248742453e+02,1.0000000000e+00,2.3248742453e+02
2.3140368478e+02,1.0000000000e+00,2.3140368478e+02
2.2732081059e+02,1.0000000000e+00,2.2732081059e+02
2.2309323315e+02,1.0000000000e+00,2.2309323315e+02
2.1986787412e+02,1.0000000000e+00,2.1986787412e+02
2.1650262273e+02,1.0000000000e+00,2.1650262273e+02
2.1072843959e+02,1.0000000000e+00,2.1072843959e+02
2.0149132266e+02,1.0000000000e+00,2.0149132266e+02
1.8974925219e+02,1.0000000000e+00,1.8974925219e+02
1.7716509277e+02,1.0000000000e+00,1.7716509277e+02
1.6538026390e+02,1.0000000000e+00,1.6538026390e+02
1.5681784173e+02,1.0000000000e+00,1.5681784173e+02
1.5480919636e+02,1.0000000000e+00,1.5480919636e+02
1.6130263648e+02,1.0000000000e+00,1.6130263648e+02
1.7401128541e+02,1.0000000000e+00,1.7401128541e+02
1.8717263520e+02,1.0000000000e+00,1.8717263520e+02
1.9569549309e+02,1.0000000000e+00,1.9569549309e+02
1.9734807250e+02,1.0000000000e+00,1.9737358984e+02
1.9147441510e+02,1.0000000000e+00,1.9183965439e+02
1.8035335789e+02,1.0000000000e+00,1.8061489174e+02
1.7034699223e+02,1.0000000000e+00,1.6804574360e+02
1.6081592162e+02,1.0000000000e+00,1.5819272383e+02
1.5017609396e+02,1.0000000000e+00,1.5387917305e+02
1.5312577268e+02,1.0000000000e+00,1.5909893988e+02
1.7618338991e+02,1.0000000000e+00,1.7398953136e+02
1.9804320159e+02,1.0000000000e+00,1.9050396357e+02
1.9882650682e+02,1.0000000000e+00,1.9917635548e+02
1.9050431247e+02,1.0000000000e+00,1.9858393842e+02
1.9234075157e+02,1.0000000000e+00,1.9308038488e+02
1.9195235484e+02,1.0000000000e+00,1.8365272793e+02
1.7133344923e+02,1.0000000000e+00,1.6976000006e+02
1.4803655738e+02,1.0000000000e+00,1.5624412583e+02
1.4524645480e+02,1.0000000000e+00,1.4845630007e+02
1.5245996026e+02,1.0000000000e+00,1.4525415745e+02
1.4822810727e+02,1.0000000000e+00,1.4260309762e+02
1.3459684727e+02,1.0000000000e+00,1.3941552101e+02
1.2983139444e+02,1.0000000000e+00,1.3727561262e+02
1.3806554252e+02,1.0000000000e+00,1.3635652648e+02
1.4164282512e+02,1.0000000000e+00,1.3376232935e+02
1.2843492918e+02,1.0000000000e+00,1.2762774855e+02
1.1379592810e+02,1.0000000000e+00,1.2159064321e+02
1.1873542969e+02,1.0000000000e+00,1.2161177289e+02
1.3610793637e+02,1.0000000000e+00,1.2866218579e+02
1.4310435146e+02,1.0000000000e+00,1.3828132789e+02
1.3980412627e+02,1.0000000000e+00,1.4670441465e+02
1.4746235901e+02,1.0000000000e+00,1.5312822031e+02
1.6076954628e+02,1.0000000000e+00,1.5400069919e+02
1.4849822514e+02,1.0000000000e+00,1.4403497182e+02
1.2052263778e+02,1.0000000000e+00,1.2755801818e+02
1.1097630394e+02,1.0000000000e+00,1.1305823884e+02
1.0501075086e+02,1.0000000000e+00,9.8511741388e+01
8.2669774393e+01,1.0000000000e+00,8.1159281505e+01
6.0180949903e+01,1.0000000000e+00,6.5607191042e+01
5.1691996824e+01,1.0000000000e+00,5.5139937597e+01
4.9227698969e+01,1.0000000000e+00,4.7412213577e+01
4.1481607544e+01,1.0000000000e+00,3.8816524501e+01
3.3676317154e+01,1.0000000000e+00,3.2895437424e+01
2.7093785923e+01,1.0000000000e+00,2.7218902179e+01
2.1690555626e+01,1.0000000000e+00,2.1778227121e+01
1.6350108746e+01,1.0000000000e+00,1.6350108746e+01
1.0900072497e+01,1.0000000000e+00,1.0900072497e+01
5.4500362486e+00,1.0000000000e+00,5.4500362486e+00
0.0000000000e+00,9.0000000000e-01,0.0000000000e+00
0.0000000000e+00,8.0000000000e-01,0.0000000000e+00
0.0000000000e+00,7.0000000000e-01,0.0000000000e+00
0.0000000000e+00,6.0000000000e-01,0.0000000000e+00
0.0000000000e+00,6.0000000000e-01,0.0000000000e+00
0.0000000000e+00,6.0000000000e-01,0.0000000000e+00
0.0000000000e+00,6.0000000000e-01,0.0000000000e+00
0.0000000000e+00,6.0000000000e-01,0.0000000000e+00
0.0000000000e+00,6.0000000000e-01,0.0000000000e+00
0.0000000000e+00,6.0000000000e-01,0.0000000000e+00
0.0000000000e+00,6.0000000000e-01,0.0000000000e+00
0.0000000000e+00,6.0000000000e-01,0.0000000000e+00
0.0000000000e+00,6.0000000000e-01,0.0000000000e+00
0.0000000000e+00,6.0000000000e-01,0.0000000000e+00
0.0000000000e+00,6.0000000000e-01,0.0000000000e+00
0.0000000000e+00,7.0000000000e-01,0.0000000000e+00
0.0000000000e+00,8.0000000000e-01,0.0000000000e+00
0.0000000000e+00,9.0000000000e-01,0.0000000000e+00
1.4192532492e+01,1.0000000000e+00,1.4192532492e+01
2.8385064984e+01,1.0000000000e+00,2.8385064984e+01
4.2577597475e+01,1.0000000000e+00,4.2577597475e+01
9.5257027672e+01,1.0000000000e+00,9.5257027672e+01
1.5053067933e+02,1.0000000000e+00,1.5053067933e+02
1.8613175648e+02,1.0000000000e+00,1.8613175648e+02
1.8849843429e+02,1.0000000000e+00,1.8849843429e+02
1.6295722765e+02,1.0000000000e+00,1.6295722765e+02
1.3102871184e+02,1.0000000000e+00,1.3102871184e+02
1.1539714356e+02,1.0000000000e+00,1.1539714356e+02
1.2514775341e+02,1.0000000000e+00,1.2514775341e+02
1.5319259330e+02,1.0000000000e+00,1.5319259330e+02
1.8496785062e+02,1.0000000000e+00,1.8496785062e+02
2.0842329423e+02,1.0000000000e+00,2.0842329423e+02
2.1881221226e+02,1.0000000000e+00,2.1881221226e+02
2.1868265326e+02,1.0000000000e+00,2.1868265326e+02
2.1428447650e+02,1.0000000000e+00,2.1428447650e+02
2.1011098610e+02,1.0000000000e+00,2.1011098610e+02
2.0672605041e+02,1.0000000000e+00,2.0672605041e+02
2.0406390603e+02,1.0000000000e+00,2.0406390603e+02
2.0428162063e+02,1.0000000000e+00,2.0428162063e+02
2.0932368863e+02,1.0000000000e+00,2.0932368863e+02
2.1760267727e+02,1.0000000000e+00,2.1760267727e+02
2.2537339565e+02,1.0000000000e+00,2.2537339565e+02
2.3049383759e+02,1.0000000000e+00,2.3049383759e+02
2.3343356515e+02,1.0000000000e+00,2.3343356515e+02
2.3503688596e+02,1.0000000000e+00,2.3503688596e+02
2.3400001411e+02,1.0000000000e+00,2.3400001411e+02
2.2656811623e+02,1.0000000000e+00,2.2656811623e+02
2.0904688115e+02,1.0000000000e+00,2.0904688115e+02
1.8150479471e+02,1.0000000000e+00,1.8150479471e+02
1.4960731195e+02,1.0000000000e+00,1.4960731195e+02
1.2289623722e+02,1.0000000000e+00,1.2289623722e+02
1.1106158715e+02,1.0000000000e+00,1.1106158715e+02
1.2011882867e+02,1.0000000000e+00,1.2011882867e+02
1.4857584869e+02,1.0000000000e+00,1.4857584869e+02
1.8580034249e+02,1.0000000000e+00,1.8580034249e+02
2.1679586291e+02,1.0000000000e+00,2.1679586291e+02
2.3137862719e+02,1.0000000000e+00,2.3137862719e+02
2.2969089259e+02,1.0000000000e+00,2.2969089259e+02
2.2011743393e+02,1.0000000000e+00,2.2011743393e+02
2.1256852756e+02,1.0000000000e+00,2.1256852756e+02
2.1216599253e+02,1.0000000000e+00,2.1216599253e+02
2.1757861028e+02,1.0000000000e+00,2.1757861028e+02
2.2460968278e+02,1.0000000000e+00,2.2460968278e+02
2.3059586093e+02,1.0000000000e+00,2.3059586093e+02
2.3518116080e+02,1.0000000000e+00,2.3518116080e+02
2.3780034452e+02,1.0000000000e+00,2.3780034452e+02
2.3534304063e+02,1.0000000000e+00,2.3534304063e+02
2.2300850124e+02,1.0000000000e+00,2.2300850124e+02
1.9878977419e+02,1.0000000000e+00,1.9878977419e+02
1.6819275541e+02,1.0000000000e+00,1.6819275541e+02
1.4341482451e+02,1.0000000000e+00,1.4341482451e+02
1.3553457436e+02,1.0000000000e+00,1.3553457436e+02
1.4694859512e+02,1.0000000000e+00,1.4694859512e+02
1.7130308095e+02,1.0000000000e+00,1.7130308095e+02
1.9865448997e+02,1.0000000000e+00,1.9865448997e+02
2.2031206460e+02,1.0000000000e+00,2.2031206460e+02
2.3200850978e+02,1.0000000000e+00,2.3200850978e+02
2.3480400299e+02,1.0000000000e+00,2.3480400299e+02
2.3287656385e+02,1.0000000000e+00,2.3287656385e+02
2.3013655327e+02,1.0000000000e+00,2.3013655327e+02
2.2840071662e+02,1.0000000000e+00,2.2840071662e+02
2.2766169504e+02,1.0000000000e+00,2.2766169504e+02
2.2738035761e+02,1.0000000000e+00,2.2738035761e+02
2.2758916582e+02,1.0000000000e+00,2.2758916582e+02
2.2904953648e+02,1.0000000000e+00,2.2904953648e+02
2.3227930918e+02,1.0000000000e+00,2.3227930918e+02
2.3593333939e+02,1.0000000000e+00,2.3593333939e+02
2.3578624573e+02,1.0000000000e+00,2.3578624573e+02
2.2595845738e+02,1.0000000000e+00,2.2595845738e+02
2.0306812938e+02,1.0000000000e+00,2.0306812938e+02
1.7120022128e+02,1.0000000000e+00,1.7120022128e+02
1.4254347329e+02,1.0000000000e+00,1.4254347329e+02
1.2985883023e+02,1.0000000000e+00,1.2985883023e+02
1.3579190453e+02,1.0000000000e+00,1.3579190453e+02
1.5094376308e+02,1.0000000000e+00,1.5094376308e+02
1.6340487946e+02,1.0000000000e+00,1.6340487946e+02
1.6818042493e+02,1.0000000000e+00,1.6818042493e+02
1.6818133947e+02,1.0000000000e+00,1.6818133947e+02
1.7013084774e+02,1.0000000000e+00,1.7013084774e+02
1.7949618163e+02,1.0000000000e+00,1.7949618163e+02
1.9570878255e+02,1.0000000000e+00,1.9570878255e+02
2.1093504745e+02,1.0000000000e+00,2.1093504745e+02
2.1504008326e+02,1.0000000000e+00,2.1504008326e+02
2.0389481876e+02,1.0000000000e+00,2.0389481876e+02
1.8404160222e+02,1.0000000000e+00,1.8404160222e+02
1.6825624579e+02,1.0000000000e+00,1.6825624579e+02
1.6454462338e+02,1.0000000000e+00,1.6454462338e+02
1.6941972188e+02,1.0000000000e+00,1.6941972188e+02
1.7292557995e+02,1.0000000000e+00,1.7292557995e+02
1.6911487452e+02,1.0000000000e+00,1.6911487452e+02
1.6068678538e+02,1.0000000000e+00,1.6068678538e+02
1.5559307071e+02,1.0000000000e+00,1.5559307071e+02
1.6028251419e+02,1.0000000000e+00,1.6028251419e+02
1.7455440986e+02,1.0000000000e+00,1.7455440986e+02
1.9268204159e+02,1.0000000000e+00,1.9268204159e+02
2.0951184245e+02,1.0000000000e+00,2.0951184245e+02
2.2333646406e+02,1.0000000000e+00,2.2333646406e+02
2.3291643990e+02,1.0000000000e+00,2.3291643990e+02
2.3468735700e+02,1.0000000000e+00,2.3468735700e+02
2.2431955095e+02,1.0000000000e+00,2.2431955095e+02
2.0119896481e+02,1.0000000000e+00,2.0119896481e+02
1.7199102185e+02,1.0000000000e+00,1.7199102185e+02
1.4913780624e+02,1.0000000000e+00,1.4913780624e+02
1.4372296748e+02,1.0000000000e+00,1.4372296748e+02
1.5821003952e+02,1.0000000000e+00,1.5821003952e+02
1.8523338480e+02,1.0000000000e+00,1.8523338480e+02
2.1270282155e+02,1.0000000000e+00,2.1270282155e+02
2.3053539788e+02,1.0000000000e+00,2.3053539788e+02
2.3460745618e+02,1.0000000000e+00,2.3460745618e+02
2.2686837141e+02,1.0000000000e+00,2.2686837141e+02
2.1337236216e+02,1.0000000000e+00,2.1337236216e+02
2.0183182612e+02,1.0000000000e+00,2.0183182612e+02
1.9845839509e+02,1.0000000000e+00,1.9845839509e+02
2.0462259930e+02,1.0000000000e+00,2.0462259930e+02
2.1643363515e+02,1.0000000000e+00,2.1643363515e+02
2.2832011531e+02,1.0000000000e+00,2.2832011531e+02
2.3653495910e+02,1.0000000000e+00,2.3653495910e+02
2.3903194878e+02,1.0000000000e+00,2.3903194878e+02
2.3364888012e+02,1.0000000000e+00,2.3364888012e+02
2.1866930499e+02,1.0000000000e+00,2.1866930499e+02
1.9655560923e+02,1.0000000000e+00,1.9655560923e+02
1.7644032118e+02,1.0000000000e+00,1.7644032118e+02
1.6947076930e+02,1.0000000000e+00,1.6947076930e+02
1.7901868750e+02,1.0000000000e+00,1.7901868750e+02
1.9724174260e+02,1.0000000000e+00,1.9724174260e+02
2.1315689778e+02,1.0000000000e+00,2.1315689778e+02
2.2192776810e+02,1.0000000000e+00,2.2192776810e+02
2.2522931624e+02,1.0000000000e+00,2.2522931624e+02
2.2606981423e+02,1.0000000000e+00,2.2606981423e+02
2.2598004370e+02,1.0000000000e+00,2.2598004370e+02
2.2577985208e+02,1.0000000000e+00,2.2577985208e+02
2.2659498727e+02,1.0000000000e+00,2.2659498727e+02
2.2930165118e+02,1.0000000000e+00,2.2930165118e+02
2.3308371621e+02,1.0000000000e+00,2.3308371621e+02
2.3452950409e+02,1.0000000000e+00,2.3452950409e+02
2.2836899808e+02,1.0000000000e+00,2.2836899808e+02
2.1013235519e+02,1.0000000000e+00,2.1013235519e+02
1.7950771226e+02,1.0000000000e+00,1.7950771226e+02
1.4207596538e+02,1.0000000000e+00,1.4207596538e+02
1.0789390833e+02,1.0000000000e+00,1.0789390833e+02
8.7578796798e+01,1.0000000000e+00,8.7578796798e+01
8.8248436869e+01,1.0000000000e+00,8.8248436869e+01
1.1083866022e+02,1.0000000000e+00,1.1083866022e+02
1.4831988005e+02,1.0000000000e+00,1.4831988005e+02
1.8568263019e+02,1.0000000000e+00,1.8568263019e+02
2.0511776498e+02,1.0000000000e+00,2.0511776498e+02
1.9638421062e+02,1.0000000000e+00,1.9638421062e+02
1.6498706753e+02,1.0000000000e+00,1.6498706753e+02
1.2992772223e+02,1.0000000000e+00,1.2992772223e+02
1.1171112475e+02,1.0000000000e+00,1.1171112475e+02
1.2012642879e+02,1.0000000000e+00,1.2012642879e+02
1.5016798275e+02,1.0000000000e+00,1.5016798275e+02
1.8706850583e+02,1.0000000000e+00,1.8706850583e+02
2.1604655579e+02,1.0000000000e+00,2.1604655579e+02
2.3000824906e+02,1.0000000000e+00,2.3000824906e+02
2.3033793088e+02,1.0000000000e+00,2.3033793088e+02
2.2274183254e+02,1.0000000000e+00,2.2274183254e+02
2.1363338052e+02,1.0000000000e+00,2.1363338052e+02
2.0847327914e+02,1.0000000000e+00,2.0847327914e+02
2.0962162184e+02,1.0000000000e+00,2.0962162184e+02
2.1369459631e+02,1.0000000000e+00,2.1369459631e+02
2.1274316762e+02,1.0000000000e+00,2.1274316762e+02
2.0135560933e+02,1.0000000000e+00,2.0135560933e+02
1.8360869635e+02,1.0000000000e+00,1.8360869635e+02
1.7115045766e+02,1.0000000000e+00,1.7115045766e+02
1.7292168265e+02,1.0000000000e+00,1.7292168265e+02
1.8757646639e+02,1.0000000000e+00,1.8757646639e+02
2.0624247081e+02,1.0000000000e+00,2.0624247081e+02
2.2055036393e+02,1.0000000000e+00,2.2055036393e+02
2.2741905980e+02,1.0000000000e+00,2.2741905980e+02
2.2866496567e+02,1.0000000000e+00,2.2866496567e+02
2.2777661153e+02,1.0000000000e+00,2.2777661153e+02
2.2659396653e+02,1.0000000000e+00,2.2659396653e+02
2.2441615357e+02,1.0000000000e+00,2.2441615357e+02
2.2010580964e+02,1.0000000000e+00,2.2010580964e+02
2.1463483586e+02,1.0000000000e+00,2.1463483586e+02
2.1076059665e+02,1.0000000000e+00,2.1076059665e+02
2.0986782173e+02,1.0000000000e+00,2.0986782173e+02
2.1004395331e+02,1.0000000000e+00,2.1004395331e+02
2.0813321576e+02,1.0000000000e+00,2.0813321576e+02
2.0321239177e+02,1.0000000000e+00,2.0321239177e+02
1.9770703634e+02,1.0000000000e+00,1.9770703634e+02
1.9568117847e+02,1.0000000000e+00,1.9568117847e+02
1.9965908664e+02,1.0000000000e+00,1.9965908664e+02
2.0783710881e+02,1.0000000000e+00,2.0783710881e+02
2.1446467488e+02,1.0000000000e+00,2.1446467488e+02
2.1407068860e+02,1.0000000000e+00,2.1407068860e+02
2.0622731983e+02,1.0000000000e+00,2.0622731983e+02
1.9704156812e+02,1.0000000000e+00,1.9704156812e+02
1.9547896663e+02,1.0000000000e+00,1.9547896663e+02
2.0576068226e+02,1.0000000000e+00,2.0576068226e+02
2.2183470039e+02,1.0000000000e+00,2.2183470039e+02
2.2960565565e+02,1.0000000000e+00,2.2960565565e+02
2.1564770284e+02,1.0000000000e+00,2.1564770284e+02
1.7648374295e+02,1.0000000000e+00,1.7648374295e+02
1.2230405868e+02,1.0000000000e+00,1.2230405868e+02
7.1577631672e+01,1.0000000000e+00,7.1577631672e+01
4.0323336964e+01,1.0000000000e+00,4.0323336964e+01
3.5085530334e+01,1.0000000000e+00,3.5085530334e+01
5.3594012198e+01,1.0000000000e+00,5.3594012198e+01
8.8906365872e+01,1.0000000000e+00,8.8906365872e+01
1.3203425271e+02,1.0000000000e+00,1.3203425271e+02
1.7266797752e+02,1.0000000000e+00,1.7266797752e+02
2.0073528538e+02,1.0000000000e+00,2.0073528538e+02
2.1056291772e+02,1.0000000000e+00,2.1056291772e+02
2.0480474319e+02,1.0000000000e+00,2.0480474319e+02
1.9234571860e+02,1.0000000000e+00,1.9234571860e+02
1.8063827360e+02,1.0000000000e+00,1.8063827360e+02
1.7156929130e+02,1.0000000000e+00,1.7156929130e+02
1.6516279208e+02,1.0000000000e+00,1.6516279208e+02
1.6390781094e+02,1.0000000000e+00,1.6390781094e+02
1.7141294316e+02,1.0000000000e+00,1.7141294316e+02
1.8798710591e+02,1.0000000000e+00,1.8798710591e+02
2.0871363497e+02,1.0000000000e+00,2.0871363497e+02
2.2613703504e+02,1.0000000000e+00,2.2613703504e+02
2.3452012519e+02,1.0000000000e+00,2.3452012519e+02
2.3154821292e+02,1.0000000000e+00,2.3154821292e+02
2.1765151566e+02,1.0000000000e+00,2.1765151566e+02
1.9569722945e+02,1.0000000000e+00,1.9569722945e+02
1.7177296742e+02,1.0000000000e+00,1.7177296742e+02
1.5487314000e+02,1.0000000000e+00,1.5487314000e+02
1.5283173663e+02,1.0000000000e+00,1.5283173663e+02
1.6614788758e+02,1.0000000000e+00,1.6614788758e+02
1.8655011605e+02,1.0000000000e+00,1.8655011605e+02
2.0337961099e+02,1.0000000000e+00,2.0337961099e+02
2.1106153342e+02,1.0000000000e+00,2.1106153342e+02
2.1022688649e+02,1.0000000000e+00,2.1022688649e+02
2.0395389236e+02,1.0000000000e+00,2.0395389236e+02
1.9517445791e+02,1.0000000000e+00,1.9517445791e+02
1.8710573199e+02,1.0000000000e+00,1.8710573199e+02
1.8374367199e+02,1.0000000000e+00,1.8374367199e+02
1.8794067779e+02,1.0000000000e+00,1.8794067779e+02
1.9849959420e+02,1.0000000000e+00,1.9849959420e+02
2.1031019592e+02,1.0000000000e+00,2.1031019592e+02
2.1837539087e+02,1.0000000000e+00,2.1837539087e+02
2.2064389127e+02,1.0000000000e+00,2.2064389127e+02
2.1651676571e+02,1.0000000000e+00,2.1651676571e+02
2.0564736748e+02,1.0000000000e+00,2.0564736748e+02
1.9061151262e+02,1.0000000000e+00,1.9061151262e+02
1.7834543795e+02,1.0000000000e+00,1.7834543795e+02
1.7543035499e+02,1.0000000000e+00,1.7543035499e+02
1.8195501407e+02,1.0000000000e+00,1.8195501407e+02
1.9132949933e+02,1.0000000000e+00,1.9132949933e+02
1.9611023039e+02,1.0000000000e+00,1.9611023039e+02
1.9406682348e+02,1.0000000000e+00,1.9406682348e+02
1.8902652766e+02,1.0000000000e+00,1.8902652766e+02
1.8624069587e+02,1.0000000000e+00,1.8624069587e+02
1.8763853272e+02,1.0000000000e+00,1.8763853272e+02
1.9107801407e+02,1.0000000000e+00,1.9107801407e+02
1.9247360552e+02,1.0000000000e+00,1.9247360552e+02
1.8899906270e+02,1.0000000000e+00,1.8899906270e+02
1.8251387493e+02,1.0000000000e+00,1.8251387493e+02
1.7973792988e+02,1.0000000000e+00,1.7973792988e+02
1.8658670686e+02,1.0000000000e+00,1.8658670686e+02
2.0203596127e+02,1.0000000000e+00,2.0203596127e+02
2.1903185816e+02,1.0000000000e+00,2.1903185816e+02
2.3081155777e+02,1.0000000000e+00,2.3081155777e+02
2.3491302136e+02,1.0000000000e+00,2.3491302136e+02
2.3201681410e+02,1.0000000000e+00,2.3201681410e+02
2.2305921712e+02,1.0000000000e+00,2.2305921712e+02
2.0822115076e+02,1.0000000000e+00,2.0822115076e+02
1.8811868586e+02,1.0000000000e+00,1.8811868586e+02
1.6539815840e+02,1.0000000000e+00,1.6539815840e+02
1.4502014512e+02,1.0000000000e+00,1.4502014512e+02
1.3270802852e+02,1.0000000000e+00,1.3270802852e+02
1.3241617898e+02,1.0000000000e+00,1.3241617898e+02
1.4412456982e+02,1.0000000000e+00,1.4412456982e+02
1.6263959442e+02,1.0000000000e+00,1.6263959442e+02
1.7862369109e+02,1.0000000000e+00,1.7862369109e+02
1.8356059639e+02,1.0000000000e+00,1.8356059639e+02
1.7569175779e+02,1.0000000000e+00,1.7569175779e+02
1.5995668298e+02,1.0000000000e+00,1.5995668298e+02
1.4220001816e+02,1.0000000000e+00,1.4220001816e+02
1.2580578549e+02,1.0000000000e+00,1.2580578549e+02
1.1314840309e+02,1.0000000000e+00,1.1314840309e+02
1.0639682767e+02,1.0000000000e+00,1.0639682767e+02
1.0543210404e+02,1.0000000000e+00,1.0543210404e+02
1.0667021694e+02,1.0000000000e+00,1.0667021694e+02
1.0551605349e+02,1.0000000000e+00,1.0551605349e+02
1.0014226243e+02,1.0000000000e+00,1.0014226243e+02
9.2634142738e+01,1.0000000000e+00,9.2634142738e+01
8.6420259141e+01,1.0000000000e+00,8.6420259141e+01
8.2732756488e+01,1.0000000000e+00,8.2732756488e+01
8.0041456289e+01,1.0000000000e+00,8.0041456289e+01
7.6736590198e+01,1.0000000000e+00,7.6736590198e+01
7.3123910715e+01,1.0000000000e+00,7.3123910715e+01
7.0517260180e+01,1.0000000000e+00,7.0517260180e+01
6.9332867490e+01,1.0000000000e+00,6.9332867490e+01
6.8528082229e+01,1.0000000000e+00,6.8528082229e+01
6.6755870398e+01,1.0000000000e+00,6.6755870398e+01
6.3788736966e+01,1.0000000000e+00,6.3788736966e+01
6.0473036119e+01,1.0000000000e+00,6.0473036119e+01
5.7593402258e+01,1.0000000000e+00,5.7593402258e+01
5.5577179504e+01,1.0000000000e+00,5.5577179504e+01
5.5132634507e+01,1.0000000000e+00,5.5132634507e+01
5.7085056001e+01,1.0000000000e+00,5.7085056001e+01
6.1273101325e+01,1.0000000000e+00,6.1273101325e+01
6.6164218436e+01,1.0000000000e+00,6.6164218436e+01
6.9642364044e+01,1.0000000000e+00,6.9642364044e+01
7.0012153331e+01,1.0000000000e+00,7.0012153331e+01
6.6900263861e+01,1.0000000000e+00,6.6900263861e+01
6.1944705479e+01,1.0000000000e+00,6.1944705479e+01
5.8271951651e+01,1.0000000000e+00,5.8271951651e+01
5.8555967211e+01,1.0000000000e+00,5.8555967211e+01
6.3417990878e+01,1.0000000000e+00,6.3417990878e+01
7.1585342577e+01,1.0000000000e+00,7.1585342577e+01
8.0956317301e+01,1.0000000000e+00,8.0956317301e+01
8.9330820998e+01,1.0000000000e+00,8.9330820998e+01
9.5187577416e+01,1.0000000000e+00,9.5187577416e+01
9.8603401663e+01,1.0000000000e+00,9.8603401663e+01
1.0083688493e+02,1.0000000000e+00,1.0083688493e+02
1.0255267361e+02,1.0000000000e+00,1.0255267361e+02
1.0305093542e+02,1.0000000000e+00,1.0305093542e+02
1.0153741031e+02,1.0000000000e+00,1.0153741031e+02
9.8693986839e+01,1.0000000000e+00,9.8693986839e+01
9.6628912022e+01,1.0000000000e+00,9.6628912022e+01
1.0595027553e+02,1.0000000000e+00,1.0595027553e+02
1.1383113330e+02,1.0000000000e+00,1.1383113330e+02
1.2027148534e+02,1.0000000000e+00,1.2027148534e+02
1.2500000000e+02,1.0000000000e+00,1.2500000000e+02
1.2638868748e+02,1.0000000000e+00,1.2638868748e+02
1.2416621614e+02,1.0000000000e+00,1.2416621614e+02
1.2005366054e+02,1.0000000000e+00,1.2005366054e+02
1.1577209526e+02,1.0000000000e+00,1.1577209526e+02
1.1132152028e+02,1.0000000000e+00,1.1132152028e+02
1.0670193560e+02,1.0000000000e+00,1.0670193560e+02
1.0191334124e+02,1.0000000000e+00,1.0191334124e+02
9.6955737185e+01,1.0000000000e+00,9.6955737185e+01
9.1829123438e+01,1.0000000000e+00,9.1829123438e+01
8.6533499999e+01,1.0000000000e+00,8.6533499999e+01
8.1068866868e+01,1.0000000000e+00,8.1068866868e+01
7.5435224045e+01,1.0000000000e+00,7.5435224045e+01
6.9632571530e+01,1.0000000000e+00,6.9632571530e+01
7.1068883137e+01,1.0000000000e+00,7.1068883137e+01
7.3162330182e+01,1.0000000000e+00,7.3162330182e+01
7.5090754136e+01,1.0000000000e+00,7.5090754136e+01
7.5490721001e+01,1.0000000000e+00,7.5490721001e+01
7.2346973672e+01,1.0000000000e+00,7.2346973672e+01
6.4925152662e+01,1.0000000000e+00,6.4925152662e+01
5.5286526006e+01,1.0000000000e+00,5.5286526006e+01
4.7081702562e+01,1.0000000000e+00,4.7081702562e+01
4.3114266850e+01,1.0000000000e+00,4.3114266850e+01
4.4134082462e+01,1.0000000000e+00,4.4134082462e+01
4.9188131626e+01,1.0000000000e+00,4.9188131626e+01
5.6428943628e+01,1.0000000000e+00,5.6428943628e+01
6.3635514154e+01,1.0000000000e+00,6.3635514154e+01
6.8682524921e+01,1.0000000000e+00,6.8682524921e+01
7.0195256240e+01,1.0000000000e+00,7.0195256240e+01
6.7881714232e+01,1.0000000000e+00,6.7881714232e+01
6.2416219825e+01,1.0000000000e+00,6.2416219825e+01
5.5510734782e+01,1.0000000000e+00,5.5510734782e+01
5.0045190654e+01,1.0000000000e+00,5.0045190654e+01
4.9257908511e+01,1.0000000000e+00,4.9257908511e+01
6.9540957782e+01,1.0000000000e+00,6.9540957782e+01
8.6821709135e+01,1.0000000000e+00,8.6821709135e+01
1.0110016257e+02,1.0000000000e+00,1.0110016257e+02
1.1237631809e+02,1.0000000000e+00,1.1237631809e+02
1.2065017568e+02,1.0000000000e+00,1.2065017568e+02
1.2500000000e+02,1.0000000000e+00,1.2500000000e+02
1.2450405568e+02,1.0000000000e+00,1.2450405568e+02
1.1964632129e+02,1.0000000000e+00,1.1964632129e+02
1.1333066829e+02,1.0000000000e+00,1.1333066829e+02
1.0604107527e+02,1.0000000000e+00,1.0604107527e+02
9.7777542224e+01,1.0000000000e+00,9.7777542224e+01
8.8540069149e+01,1.0000000000e+00,8.8540069149e+01
7.8328656046e+01,1.0000000000e+00,7.8328656046e+01
6.7143302916e+01,1.0000000000e+00,6.7143302916e+01
5.4984009759e+01,1.0000000000e+00,5.4984009759e+01
5.8765951559e+01,1.0000000000e+00,5.8765951559e+01
6.7257445260e+01,1.0000000000e+00,6.7257445260e+01
7.5691377295e+01,1.0000000000e+00,7.5691377295e+01
7.8561573698e+01,1.0000000000e+00,7.8561573698e+01
7.3550714118e+01,1.0000000000e+00,7.3550714118e+01
6.3598418665e+01,1.0000000000e+00,6.3598418665e+01
5.5089468904e+01,1.0000000000e+00,5.5089468904e+01
5.3557547942e+01,1.0000000000e+00,5.3557547942e+01
6.0232039108e+01,1.0000000000e+00,6.0232039108e+01
7.1343098835e+01,1.0000000000e+00,7.1343098835e+01
8.0243780315e+01,1.0000000000e+00,8.0243780315e+01
8.1600102518e+01,1.0000000000e+00,8.1600102518e+01
7.5284255443e+01,1.0000000000e+00,7.5284255443e+01
6.6643139281e+01,1.0000000000e+00,6.6643139281e+01
6.2329619134e+01,1.0000000000e+00,6.2329619134e+01
6.4956661822e+01,1.0000000000e+00,6.4956661822e+01
7.1302516850e+01,1.0000000000e+00,7.1302516850e+01
7.5688723093e+01,1.0000000000e+00,7.5688723093e+01
7.5106662520e+01,1.0000000000e+00,7.5106662520e+01
7.1166500534e+01,1.0000000000e+00,7.1166500534e+01
6.7688309280e+01,1.0000000000e+00,6.7688309280e+01
6.7337366479e+01,1.0000000000e+00,6.7337366479e+01
7.0642176407e+01,1.0000000000e+00,7.0642176407e+01
7.6969160369e+01,1.0000000000e+00,7.6969160369e+01
8.5371620308e+01,1.0000000000e+00,8.5371620308e+01
9.4666017252e+01,1.0000000000e+00,9.4666017252e+01
1.0350811546e+02,1.0000000000e+00,1.0350811546e+02
1.1104688831e+02,1.0000000000e+00,1.1104688831e+02
1.1731617729e+02,1.0000000000e+00,1.1731617729e+02
1.2250992348e+02,1.0000000000e+00,1.2250992348e+02
1.2610814885e+02,1.0000000000e+00,1.2610814885e+02
1.2722825812e+02,1.0000000000e+00,1.2722825812e+02
1.2591183652e+02,1.0000000000e+00,1.2591183652e+02
1.2351572400e+02,1.0000000000e+00,1.2351572400e+02
1.2121480723e+02,1.0000000000e+00,1.2121480723e+02
1.1862811402e+02,1.0000000000e+00,1.1862811402e+02
1.1492148800e+02,1.0000000000e+00,1.1492148800e+02
1.1102543336e+02,1.0000000000e+00,1.1102543336e+02
1.0964198994e+02,1.0000000000e+00,1.0964198994e+02
1.1221070425e+02,1.0000000000e+00,1.1221070425e+02
1.1615673913e+02,1.0000000000e+00,1.1615673913e+02
1.1679559103e+02,1.0000000000e+00,1.1679559103e+02
1.1256024521e+02,1.0000000000e+00,1.1256024521e+02
1.0674334449e+02,1.0000000000e+00,1.0674334449e+02
1.0360801276e+02,1.0000000000e+00,1.0360801276e+02
1.0453254490e+02,1.0000000000e+00,1.0453254490e+02
1.0830617597e+02,1.0000000000e+00,1.0830617597e+02
1.1318737751e+02,1.0000000000e+00,1.1318737751e+02
1.1783233154e+02,1.0000000000e+00,1.1783233154e+02
1.2145150379e+02,1.0000000000e+00,1.2145150379e+02
1.2382505433e+02,1.0000000000e+00,1.2382505433e+02
1.2518357877e+02,1.0000000000e+00,1.2518357877e+02
1.2623818380e+02,1.0000000000e+00,1.2623818380e+02
1.2789260638e+02,1.0000000000e+00,1.2789260638e+02
1.3044009856e+02,1.0000000000e+00,1.3044009856e+02
1.3353409446e+02,1.0000000000e+00,1.3353409446e+02
1.3711629990e+02,1.0000000000e+00,1.3711629990e+02
1.4166464856e+02,1.0000000000e+00,1.4166464856e+02
1.4729035936e+02,1.0000000000e+00,1.4729035936e+02
1.5292604221e+02,1.0000000000e+00,1.5292604221e+02
1.5650137425e+02,1.0000000000e+00,1.5650137425e+02
1.5617597347e+02,1.0000000000e+00,1.5617597347e+02
1.5191869733e+02,1.0000000000e+00,1.5191869733e+02
1.4535330823e+02,1.0000000000e+00,1.4535330823e+02
1.3740113042e+02,1.0000000000e+00,1.3740113042e+02
1.2763135296e+02,1.0000000000e+00,1.2763135296e+02
1.1712107301e+02,1.0000000000e+00,1.1712107301e+02
1.0998624942e+02,1.0000000000e+00,1.0998624942e+02
1.1039993882e+02,1.0000000000e+00,1.1039993882e+02
1.1850338873e+02,1.0000000000e+00,1.1850338873e+02
1.2946693546e+02,1.0000000000e+00,1.2946693546e+02
1.3672680237e+02,1.0000000000e+00,1.3672680237e+02
1.3677360456e+02,1.0000000000e+00,1.3677360456e+02
1.3082121431e+02,1.0000000000e+00,1.3082121431e+02
1.2217883874e+02,1.0000000000e+00,1.2217883874e+02
1.1358685014e+02,1.0000000000e+00,1.1358685014e+02
1.0759058736e+02,1.0000000000e+00,1.0759058736e+02
1.0745026236e+02,1.0000000000e+00,1.0745026236e+02
1.1546127744e+02,1.0000000000e+00,1.1546127744e+02
1.3008404578e+02,1.0000000000e+00,1.3008404578e+02
1.4576176278e+02,1.0000000000e+00,1.4576176278e+02
1.5664171677e+02,1.0000000000e+00,1.5664171677e+02
1.6081307824e+02,1.0000000000e+00,1.6081307824e+02
1.6080706172e+02,1.0000000000e+00,1.6080706172e+02
1.6022047623e+02,1.0000000000e+00,1.6022047623e+02
1.5997986403e+02,1.0000000000e+00,1.5997986403e+02
1.5758323961e+02,1.0000000000e+00,1.5758323961e+02
1.5025845605e+02,1.0000000000e+00,1.5025845605e+02
1.3909713489e+02,1.0000000000e+00,1.3909713489e+02
1.2905569536e+02,1.0000000000e+00,1.2905569536e+02
1.2450850474e+02,1.0000000000e+00,1.2450850474e+02
1.2596189803e+02,1.0000000000e+00,1.2596189803e+02
1.3093238853e+02,1.0000000000e+00,1.3093238853e+02
1.3607395427e+02,1.0000000000e+00,1.3607395427e+02
1.3804475391e+02,1.0000000000e+00,1.3804475391e+02
1.3422198988e+02,1.0000000000e+00,1.3422198988e+02
1.2413784623e+02,1.0000000000e+00,1.2413784623e+02
1.1043958218e+02,1.0000000000e+00,1.1043958218e+02
9.8332124847e+01,1.0000000000e+00,9.8332124847e+01
9.3061363963e+01,1.0000000000e+00,9.3061363963e+01
9.6101277744e+01,1.0000000000e+00,9.6101277744e+01
1.0344696110e+02,1.0000000000e+00,1.0344696110e+02
1.0866277150e+02,1.0000000000e+00,1.0866277150e+02
1.0794199090e+02,1.0000000000e+00,1.0794199090e+02
1.0227550718e+02,1.0000000000e+00,1.0227550718e+02
9.5584051557e+01,1.0000000000e+00,9.5584051557e+01
9.1516836189e+01,1.0000000000e+00,9.1516836189e+01
9.1626006588e+01,1.0000000000e+00,9.1626006588e+01
9.5078045825e+01,1.0000000000e+00,9.5078045825e+01
9.8967258214e+01,1.0000000000e+00,9.8967258214e+01
9.9805794497e+01,1.0000000000e+00,9.9805794497e+01
9.6266851726e+01,1.0000000000e+00,9.6266851726e+01
9.0203559118e+01,1.0000000000e+00,9.0203559118e+01
8.4108497962e+01,1.0000000000e+00,8.4108497962e+01
7.8375385386e+01,1.0000000000e+00,7.8375385386e+01
7.2059850087e+01,1.0000000000e+00,7.2059850087e+01
6.5380283686e+01,1.0000000000e+00,6.5380283686e+01
5.9973871726e+01,1.0000000000e+00,5.9973871726e+01
5.6863137507e+01,1.0000000000e+00,5.6863137507e+01
5.5392686662e+01,1.0000000000e+00,5.5392686662e+01
5.4349252643e+01,1.0000000000e+00,5.4349252643e+01
5.3121480534e+01,1.0000000000e+00,5.3121480534e+01
5.1502366508e+01,1.0000000000e+00,5.1502366508e+01
4.9151530789e+01,1.0000000000e+00,4.9151530789e+01
4.5538650190e+01,1.0000000000e+00,4.5538650190e+01
4.0228482485e+01,1.0000000000e+00,4.0228482485e+01
3.3435196428e+01,1.0000000000e+00,3.3435196428e+01
2.8658739795e+01,1.0000000000e+00,2.8658739795e+01
2.3882283163e+01,1.0000000000e+00,2.3882283163e+01
1.9105826530e+01,1.0000000000e+00,1.9105826530e+01
1.4329369898e+01,1.0000000000e+00,1.4329369898e+01
1.0295366327e+01,1.0000000000e+00,1.0295366327e+01
2.0590732654e+01,1.0000000000e+00,2.0590732654e+01
3.0886098981e+01,1.0000000000e+00,3.0886098981e+01
5.8542576419e+01,1.0000000000e+00,5.8542576419e+01
8.2969432314e+01,1.0000000000e+00,8.2969432314e+01
1.0416666667e+02,1.0000000000e+00,1.0416666667e+02
1.2213427948e+02,1.0000000000e+00,1.2213427948e+02
1.2500000000e+02,1.0000000000e+00,1.2500000000e+02
1.0416666667e+02,1.0000000000e+00,1.0416666667e+02
7.9284934498e+01,1.0000000000e+00,7.9284934498e+01
5.3629912664e+01,1.0000000000e+00,5.3629912664e+01
4.5968496569e+01,1.0000000000e+00,4.5968496569e+01
3.8307080474e+01,1.0000000000e+00,3.8307080474e+01
3.0645664379e+01,1.0000000000e+00,3.0645664379e+01
2.2984248284e+01,1.0000000000e+00,2.2984248284e+01
1.5322832190e+01,1.0000000000e+00,1.5322832190e+01
7.6614160948e+00,1.0000000000e+00,7.6614160948e+00
0.0000000000e+00,9.0000000000e-01,0.0000000000e+00
0.0000000000e+00,8.0000000000e-01,0.0000000000e+00
0.0000000000e+00,7.0000000000e-01,0.0000000000e+00
0.0000000000e+00,6.0000000000e-01,0.0000000000e+00
0.0000000000e+00,6.0000000000e-01,0.0000000000e+00
0.0000000000e+00,6.0000000000e-01,0.0000000000e+00
0.0000000000e+00,6.0000000000e-01,0.0000000000e+00
0.0000000000e+00,6.0000000000e-01,0.0000000000e+00
0.0000000000e+00,6.0000000000e-01,0.0000000000e+00
0.0000000000e+00,6.0000000000e-01,0.0000000000e+00
0.0000000000e+00,6.0000000000e-01,0.0000000000e+00
0.0000000000e+00,6.0000000000e-01,0.0000000000e+00
0.0000000000e+00,6.0000000000e-01,0.0000000000e+00
0.0000000000e+00,6.0000000000e-01,0.0000000000e+00
0.0000000000e+00,6.0000000000e-01,0.0000000000e+00
0.0000000000e+00,6.0000000000e-01,0.0000000000e+00
0.0000000000e+00,6.0000000000e-01,0.0000000000e+00
0.0000000000e+00,6.0000000000e-01,0.0000000000e+00
0.0000000000e+00,6.0000000000e-01,0.0000000000e+00
0.0000000000e+00,6.0000000000e-01,0.0000000000e+00
0.0000000000e+00,6.0000000000e-01,0.0000000000e+00
0.0000000000e+00,6.0000000000e-01,0.0000000000e+00
0.0000000000e+00,6.0000000000e-01,0.0000000000e+00
0.0000000000e+00,6.0000000000e-01,0.0000000000e+00
0.0000000000e+00,6.0000000000e-01,0.0000000000e+00
0.0000000000e+00,6.0000000000e-01,0.0000000000e+00
0.0000000000e+00,6.0000000000e-01,0.0000000000e+00
0.0000000000e+00,6.0000000000e-01,0.0000000000e+00
0.0000000000e+00,6.0000000000e-01,0.0000000000e+00
0.0000000000e+00,6.0000000000e-01,0.0000000000e+00
0.0000000000e+00,6.0000000000e-01,0.0000000000e+00
0.0000000000e+00,6.0000000000e-01,0.0000000000e+00
0.0000000000e+00,6.0000000000e-01,0.0000000000e+00
0.0000000000e+00,6.0000000000e-01,0.0000000000e+00
0.0000000000e+00,6.0000000000e-01,0.0000000000e+00
0.0000000000e+00,6.0000000000e-01,0.0000000000e+00
0.0000000000e+00,6.0000000000e-01,0.0000000000e+00
0.0000000000e+00,6.0000000000e-01,0.0000000000e+00
0.0000000000e+00,6.0000000000e-01,0.0000000000e+00
0.0000000000e+00,6.0000000000e-01,0.0000000000e+00
0.0000000000e+00,6.0000000000e-01,0.0000000000e+00
0.0000000000e+00,6.0000000000e-01,0.0000000000e+00
0.0000000000e+00,6.0000000000e-01,0.0000000000e+00
0.0000000000e+00,6.0000000000e-01,0.0000000000e+00
0.0000000000e+00,6.0000000000e-01,0.0000000000e+00
0.0000000000e+00,6.0000000000e-01,0.0000000000e+00
0.0000000000e+00,6.0000000000e-01,0.0000000000e+00
0.0000000000e+00,6.0000000000e-01,0.0000000000e+00
0.0000000000e+00,6.0000000000e-01,0.0000000000e+00
0.0000000000e+00,6.0000000000e-01,0.0000000000e+00
0.0000000000e+00,6.0000000000e-01,0.0000000000e+00
0.0000000000e+00,6.0000000000e-01,0.0000000000e+00
0.0000000000e+00,6.0000000000e-01,0.0000000000e+00
0.0000000000e+00,6.0000000000e-01,0.0000000000e+00
0.0000000000e+00,6.0000000000e-01,0.0000000000e+00
0.0000000000e+00,6.0000000000e-01,0.0000000000e+00
0.0000000000e+00,6.0000000000e-01,0.0000000000e+00
0.0000000000e+00,6.0000000000e-01,0.0000000000e+00
0.0000000000e+00,6.0000000000e-01,0.0000000000e+00
0.0000000000e+00,6.0000000000e-01,0.0000000000e+00
0.0000000000e+00,6.0000000000e-01,0.0000000000e+00
0.0000000000e+00,6.0000000000e-01,0.0000000000e+00
0.0000000000e+00,6.0000000000e-01,0.0000000000e+00
0.0000000000e+00,6.0000000000e-01,0.0000000000e+00
0.0000000000e+00,6.0000000000e-01,0.0000000000e+00
0.0000000000e+00,6.0000000000e-01,0.0000000000e+00
0.0000000000e+00,6.0000000000e-01,0.0000000000e+00
0.0000000000e+00,6.0000000000e-01,0.0000000000e+00
0.0000000000e+00,6.0000000000e-01,0.0000000000e+00
0.0000000000e+00,6.0000000000e-01,0.0000000000e+00
0.0000000000e+00,6.0000000000e-01,0.0000000000e+00
0.0000000000e+00,6.0000000000e-01,0.0000000000e+00
0.0000000000e+00,6.0000000000e-01,0.0000000000e+00
0.0000000000e+00,6.0000000000e-01,0.0000000000e+00
0.0000000000e+00,6.0000000000e-01,0.0000000000e+00
0.0000000000e+00,6.0000000000e-01,0.0000000000e+00
0.0000000000e+00,6.0000000000e-01,0.0000000000e+00
0.0000000000e+00,6.0000000000e-01,0.0000000000e+00
0.0000000000e+00,6.0000000000e-01,0.0000000000e+00
0.0000000000e+00,6.0000000000e-01,0.0000000000e+00
0.0000000000e+00,6.0000000000e-01,0.0000000000e+00
0.0000000000e+00,6.0000000000e-01,0.0000000000e+00
0.0000000000e+00,6.0000000000e-01,0.0000000000e+00
0.0000000000e+00,6.0000000000e-01,0.0000000000e+00
0.0000000000e+00,6.0000000000e-01,0.0000000000e+00
0.0000000000e+00,6.0000000000e-01,0.0000000000e+00
0.0000000000e+00,6.0000000000e-01,0.0000000000e+00
0.0000000000e+00,6.0000000000e-01,0.0000000000e+00
0.0000000000e+00,6.0000000000e-01,0.0000000000e+00
0.0000000000e+00,6.0000000000e-01,0.0000000000e+00
0.0000000000e+00,6.0000000000e-01,0.0000000000e+00
0.0000000000e+00,6.0000000000e-01,0.0000000000e+00
0.0000000000e+00,6.0000000000e-01,0.0000000000e+00
0.0000000000e+00,6.0000000000e-01,0.0000000000e+00
0.0000000000e+00,6.0000000000e-01,0.0000000000e+00
0.0000000000e+00,6.0000000000e-01,0.0000000000e+00
0.0000000000e+00,6.0000000000e-01,0.0000000000e+00
0.0000000000e+00,6.0000000000e-01,0.0000000000e+00
0.0000000000e+00,6.0000000000e-01,0.0000000000e+00
0.0000000000e+00,6.0000000000e-01,0.0000000000e+00
0.0000000000e+00,6.0000000000e-01,0.0000000000e+00
0.0000000000e+00,6.0000000000e-01,0.0000000000e+00
0.0000000000e+00,6.0000000000e-01,0.0000000000e+00
0.0000000000e+00,7.0000000000e-01,0.0000000000e+00
0.0000000000e+00,8.0000000000e-01,0.0000000000e+00
0.0000000000e+00,9.0000000000e-01,0.0000000000e+00
1.2714179948e+01,1.0000000000e+00,1.2714179948e+01
2.5428359895e+01,1.0000000000e+00,2.5428359895e+01
3.8142539843e+01,1.0000000000e+00,3.8142539843e+01
6.6728485397e+01,1.0000000000e+00,6.6728485397e+01
9.3810752494e+01,1.0000000000e+00,9.3810752494e+01
1.1416542590e+02,1.0000000000e+00,1.1416542590e+02
1.2500000000e+02,1.0000000000e+00,1.2500000000e+02
1.1923275017e+02,1.0000000000e+00,1.1923275017e+02
1.0037197593e+02,1.0000000000e+00,1.0037197593e+02
7.8270140330e+01,1.0000000000e+00,7.8270140330e+01
6.2825046970e+01,1.0000000000e+00,6.2825046970e+01
4.8404541333e+01,1.0000000000e+00,4.8404541333e+01
5.4005842186e+01,1.0000000000e+00,5.4005842186e+01
6.1612407801e+01,1.0000000000e+00,6.1612407801e+01
6.4099212084e+01,1.0000000000e+00,6.4099212084e+01
6.2938484244e+01,1.0000000000e+00,6.2938484244e+01
8.2884463291e+01,1.0000000000e+00,8.2884463291e+01
1.0012377322e+02,1.0000000000e+00,1.0012377322e+02
1.1465641404e+02,1.0000000000e+00,1.1465641404e+02
1.2500000000e+02,1.0000000000e+00,1.2500000000e+02
1.2226021663e+02,1.0000000000e+00,1.2226021663e+02
1.1178092517e+02,1.0000000000e+00,1.1178092517e+02
1.0038837259e+02,1.0000000000e+00,1.0038837259e+02
8.8082558888e+01,1.0000000000e+00,8.8082558888e+01
7.4863484063e+01,1.0000000000e+00,7.4863484063e+01
6.0731148115e+01,1.0000000000e+00,6.0731148115e+01
4.5685551046e+01,1.0000000000e+00,4.5685551046e+01
7.0181806019e+01,1.0000000000e+00,7.0181806019e+01
9.2213597395e+01,1.0000000000e+00,9.2213597395e+01
1.1178092517e+02,1.0000000000e+00,1.1178092517e+02
1.2500000000e+02,1.0000000000e+00,1.2500000000e+02
1.1282029733e+02,1.0000000000e+00,1.1282029733e+02
9.6871297425e+01,1.0000000000e+00,9.6871297425e+01
8.1405211898e+01,1.0000000000e+00,8.1405211898e+01
6.6422040745e+01,1.0000000000e+00,6.6422040745e+01
5.1921783966e+01,1.0000000000e+00,5.1921783966e+01
5.2260941324e+01,1.0000000000e+00,5.2260941324e+01
5.9096047406e+01,1.0000000000e+00,5.9096047406e+01
6.8338799375e+01,1.0000000000e+00,6.8338799375e+01
7.4828786161e+01,1.0000000000e+00,7.4828786161e+01
7.5415372875e+01,1.0000000000e+00,7.5415372875e+01
6.9625687402e+01,1.0000000000e+00,6.9625687402e+01
5.8986906069e+01,1.0000000000e+00,5.8986906069e+01
4.6407373872e+01,1.0000000000e+00,4.6407373872e+01
3.5244899714e+01,1.0000000000e+00,3.5244899714e+01
2.8103601296e+01,1.0000000000e+00,2.8103601296e+01
2.6782624376e+01,1.0000000000e+00,2.6782624376e+01
4.6559328502e+01,1.0000000000e+00,4.6559328502e+01
6.6792865381e+01,1.0000000000e+00,6.6792865381e+01
8.7483235012e+01,1.0000000000e+00,8.7483235012e+01
1.0863043740e+02,1.0000000000e+00,1.0863043740e+02
1.2500000000e+02,1.0000000000e+00,1.2500000000e+02
1.1004285182e+02,1.0000000000e+00,1.1004285182e+02
8.7671105492e+01,1.0000000000e+00,8.7671105492e+01
6.2742525198e+01,1.0000000000e+00,6.2742525198e+01
3.5257110942e+01,1.0000000000e+00,3.5257110942e+01
5.8569041443e+01,1.0000000000e+00,5.8569041443e+01
7.8803975090e+01,1.0000000000e+00,7.8803975090e+01
9.5961911884e+01,1.0000000000e+00,9.5961911884e+01
1.1004285182e+02,1.0000000000e+00,1.1004285182e+02
1.2104679491e+02,1.0000000000e+00,1.2104679491e+02
1.2500000000e+02,1.0000000000e+00,1.2500000000e+02
1.1792872595e+02,1.0000000000e+00,1.1792872595e+02
1.0416666667e+02,1.0000000000e+00,1.0416666667e+02
8.8047516030e+01,1.0000000000e+00,8.8047516030e+01
6.9571274045e+01,1.0000000000e+00,6.9571274045e+01
4.8737940712e+01,1.0000000000e+00,4.8737940712e+01
4.1775377753e+01,1.0000000000e+00,4.1775377753e+01
3.4812814794e+01,1.0000000000e+00,3.4812814794e+01
2.7850251836e+01,1.0000000000e+00,2.7850251836e+01
2.0887688877e+01,1.0000000000e+00,2.0887688877e+01
1.8096470276e+01,1.0000000000e+00,1.8096470276e+01
2.7144705414e+01,1.0000000000e+00,2.7144705414e+01
5.3554051663e+01,1.0000000000e+00,5.3554051663e+01
7.9228038747e+01,1.0000000000e+00,7.9228038747e+01
1.0416666667e+02,1.0000000000e+00,1.0416666667e+02
1.2500000000e+02,1.0000000000e+00,1.2500000000e+02
1.2150842622e+02,1.0000000000e+00,1.2150842622e+02
1.0416666667e+02,1.0000000000e+00,1.0416666667e+02
8.6819378096e+01,1.0000000000e+00,8.6819378096e+01
6.9466560510e+01,1.0000000000e+00,6.9466560510e+01
5.8761538151e+01,1.0000000000e+00,5.8761538151e+01
4.6797025254e+01,1.0000000000e+00,4.6797025254e+01
4.0111735932e+01,1.0000000000e+00,4.0111735932e+01
3.3426446610e+01,1.0000000000e+00,3.3426446610e+01
2.6741157288e+01,1.0000000000e+00,2.6741157288e+01
2.0055867966e+01,1.0000000000e+00,2.0055867966e+01
1.3370578644e+01,1.0000000000e+00,1.3370578644e+01
6.6852893220e+00,1.0000000000e+00,6.6852893220e+00
0.0000000000e+00,9.0000000000e-01,0.0000000000e+00
0.0000000000e+00,8.0000000000e-01,0.0000000000e+00
0.0000000000e+00,7.0000000000e-01,0.0000000000e+00
0.0000000000e+00,6.0000000000e-01,0.0000000000e+00
0.0000000000e+00,6.0000000000e-01,0.0000000000e+00
0.0000000000e+00,6.0000000000e-01,0.0000000000e+00
0.0000000000e+00,6.0000000000e-01,0.0000000000e+00
0.0000000000e+00,6.0000000000e-01,0.0000000000e+00
0.0000000000e+00,6.0000000000e-01,0.0000000000e+00
0.0000000000e+00,6.0000000000e-01,0.0000000000e+00
0.0000000000e+00,6.0000000000e-01,0.0000000000e+00
0.0000000000e+00,6.0000000000e-01,0.0000000000e+00
0.0000000000e+00,6.0000000000e-01,0.0000000000e+00
0.0000000000e+00,6.0000000000e-01,0.0000000000e+00
0.0000000000e+00,6.0000000000e-01,0.0000000000e+00
0.0000000000e+00,6.0000000000e-01,0.0000000000e+00
0.0000000000e+00,6.0000000000e-01,0.0000000000e+00
0.0000000000e+00,6.0000000000e-01,0.0000000000e+00
0.0000000000e+00,6.0000000000e-01,0.0000000000e+00
0.0000000000e+00,6.0000000000e-01,0.0000000000e+00
0.0000000000e+00,6.0000000000e-01,0.0000000000e+00
0.0000000000e+00,6.0000000000e-01,0.0000000000e+00
0.0000000000e+00,6.0000000000e-01,0.0000000000e+00
0.0000000000e+00,6.0000000000e-01,0.0000000000e+00
0.0000000000e+00,6.0000000000e-01,0.0000000000e+00
0.0000000000e+00,6.0000000000e-01,0.0000000000e+00
0.0000000000e+00,6.0000000000e-01,0.0000000000e+00
0.0000000000e+00,6.0000000000e-01,0.0000000000e+00
0.0000000000e+00,6.0000000000e-01,0.0000000000e+00
0.0000000000e+00,6.0000000000e-01,0.0000000000e+00
0.0000000000e+00,7.0000000000e-01,0.0000000000e+00
0.0000000000e+00,8.0000000000e-01,0.0000000000e+00
0.0000000000e+00,9.0000000000e-01,0.0000000000e+00
1.0160801262e+01,1.0000000000e+00,1.0160801262e+01
2.0321602524e+01,1.0000000000e+00,2.0321602524e+01
3.0482403786e+01,1.0000000000e+00,3.0482403786e+01
5.7565676668e+01,1.0000000000e+00,5.7565676668e+01
8.5045268457e+01,1.0000000000e+00,8.5045268457e+01
1.0614908493e+02,1.0000000000e+00,1.0614908493e+02
1.1919013847e+02,1.0000000000e+00,1.1919013847e+02
1.2737421242e+02,1.0000000000e+00,1.2737421242e+02
1.3412394305e+02,1.0000000000e+00,1.3412394305e+02
1.3954698646e+02,1.0000000000e+00,1.3954698646e+02
1.4145464938e+02,1.0000000000e+00,1.4145464938e+02
1.3840994312e+02,1.0000000000e+00,1.3840994312e+02
1.3088762134e+02,1.0000000000e+00,1.3088762134e+02
1.2044653650e+02,1.0000000000e+00,1.2044653650e+02
1.0903126570e+02,1.0000000000e+00,1.0903126570e+02
9.8755150128e+01,1.0000000000e+00,9.8755150128e+01
9.1095806532e+01,1.0000000000e+00,9.1095806532e+01
8.5882702075e+01,1.0000000000e+00,8.5882702075e+01
8.1910331513e+01,1.0000000000e+00,8.1910331513e+01
7.9073305551e+01,1.0000000000e+00,7.9073305551e+01
7.9015806602e+01,1.0000000000e+00,7.9015806602e+01
8.2871011282e+01,1.0000000000e+00,8.2871011282e+01
8.9141304172e+01,1.0000000000e+00,8.9141304172e+01
9.4697496987e+01,1.0000000000e+00,9.4697496987e+01
9.7260484061e+01,1.0000000000e+00,9.7260484061e+01
9.6308389070e+01,1.0000000000e+00,9.6308389070e+01
9.2425804859e+01,1.0000000000e+00,9.2425804859e+01
8.6756408362e+01,1.0000000000e+00,8.6756408362e+01
8.0816592021e+01,1.0000000000e+00,8.0816592021e+01
7.5926701714e+01,1.0000000000e+00,7.5926701714e+01
7.2447056906e+01,1.0000000000e+00,7.2447056906e+01
6.9907388217e+01,1.0000000000e+00,6.9907388217e+01
6.8133325096e+01,1.0000000000e+00,6.8133325096e+01
6.7957463271e+01,1.0000000000e+00,6.7957463271e+01
7.0474086401e+01,1.0000000000e+00,7.0474086401e+01
7.5584278267e+01,1.0000000000e+00,7.5584278267e+01
8.1443065356e+01,1.0000000000e+00,8.1443065356e+01
8.5369063929e+01,1.0000000000e+00,8.5369063929e+01
8.5230134431e+01,1.0000000000e+00,8.5230134431e+01
8.0315252133e+01,1.0000000000e+00,8.0315252133e+01
7.1675540255e+01,1.0000000000e+00,7.1675540255e+01
6.1938795087e+01,1.0000000000e+00,6.1938795087e+01
5.4236234913e+01,1.0000000000e+00,5.4236234913e+01
5.0530126459e+01,1.0000000000e+00,5.0530126459e+01
5.0494585836e+01,1.0000000000e+00,5.0494585836e+01
5.1874796351e+01,1.0000000000e+00,5.1874796351e+01
5.2071534357e+01,1.0000000000e+00,5.2071534357e+01
4.9635687673e+01,1.0000000000e+00,4.9635687673e+01
4.4570459605e+01,1.0000000000e+00,4.4570459605e+01
3.7675889700e+01,1.0000000000e+00,3.7675889700e+01
3.2293619743e+01,1.0000000000e+00,3.2293619743e+01
2.6911349786e+01,1.0000000000e+00,2.6911349786e+01
2.1529079829e+01,1.0000000000e+00,2.1529079829e+01
1.6146809872e+01,1.0000000000e+00,1.6146809872e+01
1.0764539914e+01,1.0000000000e+00,1.0764539914e+01
5.3822699572e+00,1.0000000000e+00,5.3822699572e+00
0.0000000000e+00,9.0000000000e-01,0.0000000000e+00
0.0000000000e+00,8.0000000000e-01,0.0000000000e+00
0.0000000000e+00,7.0000000000e-01,0.0000000000e+00
0.0000000000e+00,6.0000000000e-01,0.0000000000e+00
0.0000000000e+00,6.0000000000e-01,0.0000000000e+00
0.0000000000e+00,6.0000000000e-01,0.0000000000e+00
0.0000000000e+00,6.0000000000e-01,0.0000000000e+00
0.0000000000e+00,6.0000000000e-01,0.0000000000e+00
0.0000000000e+00,6.0000000000e-01,0.0000000000e+00
0.0000000000e+00,6.0000000000e-01,0.0000000000e+00
0.0000000000e+00,6.0000000000e-01,0.0000000000e+00
0.0000000000e+00,6.0000000000e-01,0.0000000000e+00
0.0000000000e+00,6.0000000000e-01,0.0000000000e+00
0.0000000000e+00,6.0000000000e-01,0.0000000000e+00
0.0000000000e+00,6.0000000000e-01,0.0000000000e+00
0.0000000000e+00,6.0000000000e-01,0.0000000000e+00
0.0000000000e+00,6.0000000000e-01,0.0000000000e+00
0.0000000000e+00,6.0000000000e-01,0.0000000000e+00
0.0000000000e+00,6.0000000000e-01,0.0000000000e+00
0.0000000000e+00,6.0000000000e-01,0.0000000000e+00
0.0000000000e+00,6.0000000000e-01,0.0000000000e+00
0.0000000000e+00,6.0000000000e-01,0.0000000000e+00
0.0000000000e+00,6.0000000000e-01,0.0000000000e+00
0.0000000000e+00,6.0000000000e-01,0.0000000000e+00
0.0000000000e+00,6.0000000000e-01,0.0000000000e+00
0.0000000000e+00,6.0000000000e-01,0.0000000000e+00
0.0000000000e+00,6.0000000000e-01,0.0000000000e+00
0.0000000000e+00,6.0000000000e-01,0.0000000000e+00
0.0000000000e+00,6.0000000000e-01,0.0000000000e+00
0.0000000000e+00,6.0000000000e-01,0.0000000000e+00
0.0000000000e+00,6.0000000000e-01,0.0000000000e+00
0.0000000000e+00,6.0000000000e-01,0.0000000000e+00
0.0000000000e+00,6.0000000000e-01,0.0000000000e+00
0.0000000000e+00,6.0000000000e-01,0.0000000000e+00
0.0000000000e+00,6.0000000000e-01,0.0000000000e+00
0.0000000000e+00,6.0000000000e-01,0.0000000000e+00
0.0000000000e+00,6.0000000000e-01,0.0000000000e+00
0.0000000000e+00,6.0000000000e-01,0.0000000000e+00
0.0000000000e+00,6.0000000000e-01,0.0000000000e+00
0.0000000000e+00,6.0000000000e-01,0.0000000000e+00
0.0000000000e+00,7.0000000000e-01,0.0000000000e+00
0.0000000000e+00,8.0000000000e-01,0.0000000000e+00
0.0000000000e+00,9.0000000000e-01,0.0000000000e+00
9.1587955910e+00,1.0000000000e+00,9.1587955910e+00
1.8317591182e+01,1.0000000000e+00,1.8317591182e+01
2.7476386773e+01,1.0000000000e+00,2.7476386773e+01
3.4277925582e+01,1.0000000000e+00,3.4277925582e+01
3.7385658622e+01,1.0000000000e+00,3.7385658622e+01
3.7223874692e+01,1.0000000000e+00,3.7223874692e+01
3.4214775696e+01,1.0000000000e+00,3.4214775696e+01
2.9326950596e+01,1.0000000000e+00,2.9326950596e+01
2.4439125497e+01,1.0000000000e+00,2.4439125497e+01
1.9551300398e+01,1.0000000000e+00,1.9551300398e+01
1.4663475298e+01,1.0000000000e+00,1.4663475298e+01
2.0399305556e+01,1.0000000000e+00,2.0399305556e+01
4.0798611111e+01,1.0000000000e+00,4.0798611111e+01
6.1197916667e+01,1.0000000000e+00,6.1197916667e+01
1.0416666667e+02,1.0000000000e+00,1.0416666667e+02
1.2500000000e+02,1.0000000000e+00,1.2500000000e+02
1.0416666667e+02,1.0000000000e+00,1.0416666667e+02
8.9285714286e+01,1.0000000000e+00,8.9285714286e+01
7.4404761905e+01,1.0000000000e+00,7.4404761905e+01
5.9523809524e+01,1.0000000000e+00,5.9523809524e+01
6.2300319489e+01,1.0000000000e+00,6.2300319489e+01
1.0416666667e+02,1.0000000000e+00,1.0416666667e+02
1.2500000000e+02,1.0000000000e+00,1.2500000000e+02
1.2120607029e+02,1.0000000000e+00,1.2120607029e+02
1.0416666667e+02,1.0000000000e+00,1.0416666667e+02
8.5862619808e+01,1.0000000000e+00,8.5862619808e+01
6.6293929712e+01,1.0000000000e+00,6.6293929712e+01
4.5460596379e+01,1.0000000000e+00,4.5460596379e+01
3.8966225468e+01,1.0000000000e+00,3.8966225468e+01
3.2471854557e+01,1.0000000000e+00,3.2471854557e+01
2.5977483645e+01,1.0000000000e+00,2.5977483645e+01
2.0699171483e+01,1.0000000000e+00,2.0699171483e+01
3.1048757224e+01,1.0000000000e+00,3.1048757224e+01
5.2002413827e+01,1.0000000000e+00,5.2002413827e+01
7.8064310370e+01,1.0000000000e+00,7.8064310370e+01
1.0416666667e+02,1.0000000000e+00,1.0416666667e+02
1.2500000000e+02,1.0000000000e+00,1.2500000000e+02
1.1387083826e+02,1.0000000000e+00,1.1387083826e+02
9.6450243839e+01,1.0000000000e+00,9.6450243839e+01
7.7901640933e+01,1.0000000000e+00,7.7901640933e+01
5.8225029540e+01,1.0000000000e+00,5.8225029540e+01
5.8291924974e+01,1.0000000000e+00,5.8291924974e+01
5.8809639051e+01,1.0000000000e+00,5.8809639051e+01
5.9293840804e+01,1.0000000000e+00,5.9293840804e+01
5.9577132244e+01,1.0000000000e+00,5.9577132244e+01
5.9149467762e+01,1.0000000000e+00,5.9149467762e+01
5.6885957427e+01,1.0000000000e+00,5.6885957427e+01
5.1602727276e+01,1.0000000000e+00,5.1602727276e+01
4.3136940318e+01,1.0000000000e+00,4.3136940318e+01
3.6974520273e+01,1.0000000000e+00,3.6974520273e+01
3.0812100227e+01,1.0000000000e+00,3.0812100227e+01
2.4649680182e+01,1.0000000000e+00,2.4649680182e+01
1.8487260136e+01,1.0000000000e+00,1.8487260136e+01
1.8519639638e+01,1.0000000000e+00,1.8519639638e+01
2.7779459457e+01,1.0000000000e+00,2.7779459457e+01
3.1609878365e+01,1.0000000000e+00,3.1609878365e+01
3.4190220610e+01,1.0000000000e+00,3.4190220610e+01
3.5211348896e+01,1.0000000000e+00,3.5211348896e+01
3.4063039282e+01,1.0000000000e+00,3.4063039282e+01
3.0489164395e+01,1.0000000000e+00,3.0489164395e+01
2.6133569481e+01,1.0000000000e+00,2.6133569481e+01
2.1777974568e+01,1.0000000000e+00,2.1777974568e+01
1.7422379654e+01,1.0000000000e+00,1.7422379654e+01
1.7706092697e+01,1.0000000000e+00,1.7706092697e+01
2.6559139045e+01,1.0000000000e+00,2.6559139045e+01
2.7748926085e+01,1.0000000000e+00,2.7748926085e+01
2.7482344299e+01,1.0000000000e+00,2.7482344299e+01
2.6715075042e+01,1.0000000000e+00,2.6715075042e+01
2.6084619726e+01,1.0000000000e+00,2.6084619726e+01
2.5346971239e+01,1.0000000000e+00,2.5346971239e+01
1.8631871233e+01,1.0000000000e+00,1.8631871233e+01
1.4905496986e+01,1.0000000000e+00,1.4905496986e+01
1.1179122740e+01,1.0000000000e+00,1.1179122740e+01
7.4527484931e+00,1.0000000000e+00,7.4527484931e+00
3.7263742466e+00,1.0000000000e+00,3.7263742466e+00
0.0000000000e+00,9.0000000000e-01,0.0000000000e+00
0.0000000000e+00,8.0000000000e-01,0.0000000000e+00
0.0000000000e+00,7.0000000000e-01,0.0000000000e+00
0.0000000000e+00,6.0000000000e-01,0.0000000000e+00
0.0000000000e+00,6.0000000000e-01,0.0000000000e+00
0.0000000000e+00,6.0000000000e-01,0.0000000000e+00
0.0000000000e+00,6.0000000000e-01,0.0000000000e+00
0.0000000000e+00,6.0000000000e-01,0.0000000000e+00
0.0000000000e+00,6.0000000000e-01,0.0000000000e+00
0.0000000000e+00,6.0000000000e-01,0.0000000000e+00
0.0000000000e+00,6.0000000000e-01,0.0000000000e+00
0.0000000000e+00,6.0000000000e-01,0.0000000000e+00
0.0000000000e+00,6.0000000000e-01,0.0000000000e+00
0.0000000000e+00,6.0000000000e-01,0.0000000000e+00
0.0000000000e+00,6.0000000000e-01,0.0000000000e+00
0.0000000000e+00,6.0000000000e-01,0.0000000000e+00
0.0000000000e+00,6.0000000000e-01,0.0000000000e+00
0.0000000000e+00,6.0000000000e-01,0.0000000000e+00
0.0000000000e+00,6.0000000000e-01,0.0000000000e+00
0.0000000000e+00,6.0000000000e-01,0.0000000000e+00
0.0000000000e+00,6.0000000000e-01,0.0000000000e+00
0.0000000000e+00,6.0000000000e-01,0.0000000000e+00
0.0000000000e+00,6.0000000000e-01,0.0000000000e+00
0.0000000000e+00,6.0000000000e-01,0.0000000000e+00
0.0000000000e+00,6.0000000000e-01,0.0000000000e+00
0.0000000000e+00,6.0000000000e-01,0.0000000000e+00
0.0000000000e+00,6.0000000000e-01,0.0000000000e+00
0.0000000000e+00,6.0000000000e-01,0.0000000000e+00
0.0000000000e+00,6.0000000000e-01,0.0000000000e+00
0.0000000000e+00,7.0000000000e-01,0.0000000000e+00
0.0000000000e+00,8.0000000000e-01,0.0000000000e+00
0.0000000000e+00,9.0000000000e-01,0.0000000000e+00
2.0399305556e+01,1.0000000000e+00,2.0399305556e+01
4.0798611111e+01,1.0000000000e+00,4.0798611111e+01
6.1197916667e+01,1.0000000000e+00,6.1197916667e+01
1.0416666667e+02,1.0000000000e+00,1.0416666667e+02
1.2500000000e+02,1.0000000000e+00,1.2500000000e+02
1.0416666667e+02,1.0000000000e+00,1.0416666667e+02
8.9285714286e+01,1.0000000000e+00,8.9285714286e+01
7.4404761905e+01,1.0000000000e+00,7.4404761905e+01
5.9523809524e+01,1.0000000000e+00,5.9523809524e+01
4.4642857143e+01,1.0000000000e+00,4.4642857143e+01
2.9761904762e+01,1.0000000000e+00,2.9761904762e+01
1.4880952381e+01,1.0000000000e+00,1.4880952381e+01
0.0000000000e+00,1.0000000000e+00,0.0000000000e+00
8.4284346558e+00,1.0000000000e+00,8.4284346558e+00
1.6856869312e+01,1.0000000000e+00,1.6856869312e+01
2.5285303967e+01,1.0000000000e+00,2.5285303967e+01
2.5559421936e+01,1.0000000000e+00,2.5559421936e+01
1.8060931405e+01,1.0000000000e+00,1.8060931405e+01
1.4448745124e+01,1.0000000000e+00,1.4448745124e+01
1.0836558843e+01,1.0000000000e+00,1.0836558843e+01
7.2243725621e+00,1.0000000000e+00,7.2243725621e+00
3.6121862810e+00,1.0000000000e+00,3.6121862810e+00
0.0000000000e+00,1.0000000000e+00,0.0000000000e+00
0.0000000000e+00,1.0000000000e+00,0.0000000000e+00
0.0000000000e+00,1.0000000000e+00,0.0000000000e+00
0.0000000000e+00,1.0000000000e+00,0.0000000000e+00
0.0000000000e+00,1.0000000000e+00,0.0000000000e+00
0.0000000000e+00,1.0000000000e+00,0.0000000000e+00
0.0000000000e+00,1.0000000000e+00,0.0000000000e+00
0.0000000000e+00,1.0000000000e+00,0.0000000000e+00
0.0000000000e+00,1.0000000000e+00,0.0000000000e+00
0.0000000000e+00,1.0000000000e+00,0.0000000000e+00
0.0000000000e+00,1.0000000000e+00,0.0000000000e+00
0.0000000000e+00,1.0000000000e+00,0.0000000000e+00
0.0000000000e+00,1.0000000000e+00,0.0000000000e+00
0.0000000000e+00,1.0000000000e+00,0.0000000000e+00
0.0000000000e+00,1.0000000000e+00,0.0000000000e+00
0.0000000000e+00,1.0000000000e+00,0.0000000000e+00
0.0000000000e+00,1.0000000000e+00,0.0000000000e+00
0.0000000000e+00,1.0000000000e+00,0.0000000000e+00
0.0000000000e+00,1.0000000000e+00,0.0000000000e+00
0.0000000000e+00,1.0000000000e+00,0.0000000000e+00
0.0000000000e+00,1.0000000000e+00,0.0000000000e+00
0.0000000000e+00,1.0000000000e+00,0.0000000000e+00
0.0000000000e+00,1.0000000000e+00,0.0000000000e+00
0.0000000000e+00,1.0000000000e+00,0.0000000000e+00
0.0000000000e+00,1.0000000000e+00,0.0000000000e+00
0.0000000000e+00,1.0000000000e+00,0.0000000000e+00
0.0000000000e+00,1.0000000000e+00,0.0000000000e+00
0.0000000000e+00,1.0000000000e+00,0.0000000000e+00
0.0000000000e+00,1.0000000000e+00,0.0000000000e+00
0.0000000000e+00,1.0000000000e+00,0.0000000000e+00
0.0000000000e+00,1.0000000000e+00,0.0000000000e+00
0.0000000000e+00,1.0000000000e+00,0.0000000000e+00
0.0000000000e+00,1.0000000000e+00,0.0000000000e+00
0.0000000000e+00,1.0000000000e+00,0.0000000000e+00
0.0000000000e+00,1.0000000000e+00,0.0000000000e+00
0.0000000000e+00,1.0000000000e+00,0.0000000000e+00
0.0000000000e+00,1.0000000000e+00,0.0000000000e+00
0.0000000000e+00,1.0000000000e+00,0.0000000000e+00
0.0000000000e+00,1.0000000000e+00,0.0000000000e+00
0.0000000000e+00,1.0000000000e+00,0.0000000000e+00
0.0000000000e+00,1.0000000000e+00,0.0000000000e+00
0.0000000000e+00,1.0000000000e+00,0.0000000000e+00
0.0000000000e+00,1.0000000000e+00,0.0000000000e+00
0.0000000000e+00,1.0000000000e+00,0.0000000000e+00
0.0000000000e+00,1.0000000000e+00,0.0000000000e+00
0.0000000000e+00,1.0000000000e+00,0.0000000000e+00
0.0000000000e+00,1.0000000000e+00,0.0000000000e+00
0.0000000000e+00,1.0000000000e+00,0.0000000000e+00
0.0000000000e+00,1.0000000000e+00,0.0000000000e+00
0.0000000000e+00,1.0000000000e+00,0.0000000000e+00
0.0000000000e+00,1.0000000000e+00,0.0000000000e+00
0.0000000000e+00,1.0000000000e+00,0.0000000000e+00
0.0000000000e+00,1.0000000000e+00,0.0000000000e+00
0.0000000000e+00,1.0000000000e+00,0.0000000000e+00
0.0000000000e+00,1.0000000000e+00,0.0000000000e+00
0.0000000000e+00,1.0000000000e+00,0.0000000000e+00
0.0000000000e+00,1.0000000000e+00,0.0000000000e+00
0.0000000000e+00,1.0000000000e+00,0.0000000000e+00
0.0000000000e+00,1.0000000000e+00,0.0000000000e+00
0.0000000000e+00,1.0000000000e+00,0.0000000000e+00
0.0000000000e+00,1.0000000000e+00,0.0000000000e+00
0.0000000000e+00,1.0000000000e+00,0.0000000000e+00
0.0000000000e+00,1.0000000000e+00,0.0000000000e+00
0.0000000000e+00,1.0000000000e+00,0.0000000000e+00
0.0000000000e+00,1.0000000000e+00,0.0000000000e+00
0.0000000000e+00,1.0000000000e+00,0.0000000000e+00
0.0000000000e+00,1.0000000000e+00,0.0000000000e+00
0.0000000000e+00,1.0000000000e+00,0.0000000000e+00
0.0000000000e+00,1.0000000000e+00,0.0000000000e+00
0.0000000000e+00,1.0000000000e+00,0.0000000000e+00
0.0000000000e+00,1.0000000000e+00,0.0000000000e+00
0.0000000000e+00,1.0000000000e+00,0.0000000000e+00
0.0000000000e+00,1.0000000000e+00,0.0000000000e+00
0.0000000000e+00,1.0000000000e+00,0.0000000000e+00
0.0000000000e+00,1.0000000000e+00,0.0000000000e+00
0.0000000000e+00,1.0000000000e+00,0.0000000000e+00
0.0000000000e+00,1.0000000000e+00,0.0000000000e+00
0.0000000000e+00,1.0000000000e+00,0.0000000000e+00
0.0000000000e+00,1.0000000000e+00,0.0000000000e+00
0.0000000000e+00,1.0000000000e+00,0.0000000000e+00
0.0000000000e+00,1.0000000000e+00,0.0000000000e+00
0.0000000000e+00,1.0000000000e+00,0.0000000000e+00
0.0000000000e+00,1.0000000000e+00,0.0000000000e+00
0.0000000000e+00,1.0000000000e+00,0.0000000000e+00
0.0000000000e+00,1.0000000000e+00,0.0000000000e+00
0.0000000000e+00,1.0000000000e+00,0.0000000000e+00
0.0000000000e+00,1.0000000000e+00,0.0000000000e+00
0.0000000000e+00,1.0000000000e+00,0.0000000000e+00
0.0000000000e+00,1.0000000000e+00,0.0000000000e+00
0.0000000000e+00,1.0000000000e+00,0.0000000000e+00
0.0000000000e+00,1.0000000000e+00,0.0000000000e+00
0.0000000000e+00,1.0000000000e+00,0.0000000000e+00
0.0000000000e+00,1.0000000000e+00,0.0000000000e+00
0.0000000000e+00,1.0000000000e+00,0.0000000000e+00
0.0000000000e+00,1.0000000000e+00,0.0000000000e+00
0.0000000000e+00,1.0000000000e+00,0.0000000000e+00
0.0000000000e+00,1.0000000000e+00,0.0000000000e+00
0.0000000000e+00,1.0000000000e+00,0.0000000000e+00
0.0000000000e+00,1.0000000000e+00,0.0000000000e+00
0.0000000000e+00,1.0000000000e+00,0.0000000000e+00
0.0000000000e+00,1.0000000000e+00,0.0000000000e+00
0.0000000000e+00,1.0000000000e+00,0.0000000000e+00
0.0000000000e+00,1.0000000000e+00,0.0000000000e+00
0.0000000000e+00,1.0000000000e+00,0.0000000000e+00
0.0000000000e+00,1.0000000000e+00,0.0000000000e+00
0.0000000000e+00,1.0000000000e+00,0.0000000000e+00
0.0000000000e+00,1.0000000000e+00,0.0000000000e+00
0.0000000000e+00,1.0000000000e+00,0.0000000000e+00
0.0000000000e+00,1.0000000000e+00,0.0000000000e+00
0.0000000000e+00,1.0000000000e+00,0.0000000000e+00
0.0000000000e+00,1.0000000000e+00,0.0000000000e+00
0.0000000000e+00,1.0000000000e+00,0.0000000000e+00
0.0000000000e+00,1.0000000000e+00,0.0000000000e+00
0.0000000000e+00,1.0000000000e+00,0.0000000000e+00
0.0000000000e+00,1.0000000000e+00,0.0000000000e+00
0.0000000000e+00,1.0000000000e+00,0.0000000000e+00
0.0000000000e+00,1.0000000000e+00,0.0000000000e+00
0.0000000000e+00,1.0000000000e+00,0.0000000000e+00
0.0000000000e+00,1.0000000000e+00,0.0000000000e+00
0.0000000000e+00,1.0000000000e+00,0.0000000000e+00
0.0000000000e+00,1.0000000000e+00,0.0000000000e+00
0.0000000000e+00,1.0000000000e+00,0.0000000000e+00
0.0000000000e+00,1.0000000000e+00,0.0000000000e+00
0.0000000000e+00,1.0000000000e+00,0.0000000000e+00
0.0000000000e+00,1.0000000000e+00,0.0000000000e+00
0.0000000000e+00,1.0000000000e+00,0.0000000000e+00
0.0000000000e+00,1.0000000000e+00,0.0000000000e+00
0.0000000000e+00,1.0000000000e+00,0.0000000000e+00
0.0000000000e+00,1.0000000000e+00,0.0000000000e+00
0.0000000000e+00,1.0000000000e+00,0.0000000000e+00
0.0000000000e+00,1.0000000000e+00,0.0000000000e+00
0.0000000000e+00,1.0000000000e+00,0.0000000000e+00
0.0000000000e+00,1.0000000000e+00,0.0000000000e+00
0.0000000000e+00,1.0000000000e+00,0.0000000000e+00
0.0000000000e+00,1.0000000000e+00,0.0000000000e+00
0.0000000000e+00,1.0000000000e+00,0.0000000000e+00
0.0000000000e+00,1.0000000000e+00,0.0000000000e+00
0.0000000000e+00,1.0000000000e+00,0.0000000000e+00
0.0000000000e+00,1.0000000000e+00,0.0000000000e+00
0.0000000000e+00,1.0000000000e+00,0.0000000000e+00
0.0000000000e+00,1.0000000000e+00,0.0000000000e+00
0.0000000000e+00,1.0000000000e+00,0.0000000000e+00
0.0000000000e+00,1.0000000000e+00,0.0000000000e+00
0.0000000000e+00,1.0000000000e+00,0.0000000000e+00
0.0000000000e+00,1.0000000000e+00,0.0000000000e+00
0.0000000000e+00,1.0000000000e+00,0.0000000000e+00
0.0000000000e+00,1.0000000000e+00,0.0000000000e+00
0.0000000000e+00,1.0000000000e+00,0.0000000000e+00
0.0000000000e+00,1.0000000000e+00,0.0000000000e+00
0.0000000000e+00,1.0000000000e+00,0.0000000000e+00
0.0000000000e+00,1.0000000000e+00,0.0000000000e+00
0.0000000000e+00,1.0000000000e+00,0.0000000000e+00
0.0000000000e+00,1.0000000000e+00,0.0000000000e+00
0.0000000000e+00,1.0000000000e+00,0.0000000000e+00
0.0000000000e+00,1.0000000000e+00,0.0000000000e+00
0.0000000000e+00,1.0000000000e+00,0.0000000000e+00
0.0000000000e+00,1.0000000000e+00,0.0000000000e+00
0.0000000000e+00,1.0000000000e+00,0.0000000000e+00
0.0000000000e+00,1.0000000000e+00,0.0000000000e+00
0.0000000000e+00,1.0000000000e+00,0.0000000000e+00
