0.0000000000e+00,1.0000000000e+00,0.0000000000e+00
1.0534938476e+02,1.0000000000e+00,1.0534938476e+02
1.7792572052e+02,1.0000000000e+00,1.7792572052e+02
2.0070379888e+02,1.0000000000e+00,2.0070379888e+02
1.7554928520e+02,1.0000000000e+00,1.7554928520e+02
1.2247875279e+02,1.0000000000e+00,1.2247875279e+02
7.0474406953e+01,1.0000000000e+00,7.0474406953e+01
4.4805617268e+01,1.0000000000e+00,4.4805617268e+01
5.6069608471e+01,1.0000000000e+00,5.6069608471e+01
9.5697083312e+01,1.0000000000e+00,9.5697083312e+01
1.4047893712e+02,1.0000000000e+00,1.4047893712e+02
1.6593778586e+02,1.0000000000e+00,1.6593778586e+02
1.6091109214e+02,1.0000000000e+00,1.6091109214e+02
1.3112205781e+02,1.0000000000e+00,1.3112205781e+02
9.0597874676e+01,1.0000000000e+00,9.0597874676e+01
5.2402944045e+01,1.0000000000e+00,5.2402944045e+01
2.6265397349e+01,1.0000000000e+00,2.6265397349e+01
2.2241742286e+01,1.0000000000e+00,2.2241742286e+01
4.0459829508e+01,1.0000000000e+00,4.0459829508e+01
8.5099732591e+01,1.0000000000e+00,8.5099732591e+01
1.3973564429e+02,1.0000000000e+00,1.3973564429e+02
1.8075075321e+02,1.0000000000e+00,1.8075075321e+02
1.8831742655e+02,1.0000000000e+00,1.8831742655e+02
1.5897286371e+02,1.0000000000e+00,1.5897286371e+02
1.0854876086e+02,1.0000000000e+00,1.0854876086e+02
6.3424476505e+01,1.0000000000e+00,6.3424476505e+01
4.5558852914e+01,1.0000000000e+00,4.5558852914e+01
6.0621100258e+01,1.0000000000e+00,6.0621100258e+01
9.5768298043e+01,1.0000000000e+00,9.5768298043e+01
1.2803225278e+02,1.0000000000e+00,1.2803225278e+02
1.3902010150e+02,1.0000000000e+00,1.3902010150e+02
1.2552441086e+02,1.0000000000e+00,1.2552441086e+02
9.7371698827e+01,1.0000000000e+00,9.7371698827e+01
6.7284704042e+01,1.0000000000e+00,6.7284704042e+01
4.4864986736e+01,1.0000000000e+00,4.4864986736e+01
3.8183093808e+01,1.0000000000e+00,3.8183093808e+01
5.5470218516e+01,1.0000000000e+00,5.5470218516e+01
9.9592542804e+01,1.0000000000e+00,9.9592542804e+01
1.5957973887e+02,1.0000000000e+00,1.5957973887e+02
2.1155695060e+02,1.0000000000e+00,2.1155695060e+02
2.3169855491e+02,1.0000000000e+00,2.3169855491e+02
2.0998001986e+02,1.0000000000e+00,2.0998001986e+02
1.5527880340e+02,1.0000000000e+00,1.5527880340e+02
9.1085650057e+01,1.0000000000e+00,9.1085650057e+01
4.4622714034e+01,1.0000000000e+00,4.4622714034e+01
3.4648235456e+01,1.0000000000e+00,3.4648235456e+01
6.3903048450e+01,1.0000000000e+00,6.3903048450e+01
1.1797067475e+02,1.0000000000e+00,1.1797067475e+02
1.7056245648e+02,1.0000000000e+00,1.7056245648e+02
1.9577517537e+02,1.0000000000e+00,1.9577517537e+02
1.8204557806e+02,1.0000000000e+00,1.8204557806e+02
1.3730373073e+02,1.0000000000e+00,1.3730373073e+02
8.2050931378e+01,1.0000000000e+00,8.2050931378e+01
3.8169486986e+01,1.0000000000e+00,3.8169486986e+01
2.6284430703e+01,1.0000000000e+00,2.6284430703e+01
4.0683805123e+01,1.0000000000e+00,4.0683805123e+01
9.0614246005e+01,1.0000000000e+00,9.0614246005e+01
1.5385573794e+02,1.0000000000e+00,1.5385573794e+02
2.0554053548e+02,1.0000000000e+00,2.0554053548e+02
2.2798705903e+02,1.0000000000e+00,2.2798705903e+02
2.2086795252e+02,1.0000000000e+00,2.2086795252e+02
1.9948247216e+02,1.0000000000e+00,1.9948247216e+02
1.8361800273e+02,1.0000000000e+00,1.8361800273e+02
1.8431182605e+02,1.0000000000e+00,1.8431182605e+02
1.9770424375e+02,1.0000000000e+00,1.9770424375e+02
2.1097954910e+02,1.0000000000e+00,2.1097954910e+02
2.1414749557e+02,1.0000000000e+00,2.1414749557e+02
2.0684727784e+02,1.0000000000e+00,2.0684727784e+02
1.9623344401e+02,1.0000000000e+00,1.9623344401e+02
1.8958096777e+02,1.0000000000e+00,1.8958096777e+02
1.8754023205e+02,1.0000000000e+00,1.8754023205e+02
1.8278137026e+02,1.0000000000e+00,1.8278137026e+02
1.6538970973e+02,1.0000000000e+00,1.6538970973e+02
1.3133751545e+02,1.0000000000e+00,1.3133751545e+02
8.7517603630e+01,1.0000000000e+00,8.7517603630e+01
4.9539707665e+01,1.0000000000e+00,4.9539707665e+01
3.3413826249e+01,1.0000000000e+00,3.3413826249e+01
4.6155912428e+01,1.0000000000e+00,4.6155912428e+01
8.1602003416e+01,1.0000000000e+00,8.1602003416e+01
1.2357884768e+02,1.0000000000e+00,1.2357884768e+02
1.5379507650e+02,1.0000000000e+00,1.5379507650e+02
1.6118127908e+02,1.0000000000e+00,1.6118127908e+02
1.4814229569e+02,1.0000000000e+00,1.4814229569e+02
1.2791740352e+02,1.0000000000e+00,1.2791740352e+02
1.1343390740e+02,1.0000000000e+00,1.1343390740e+02
1.0790197578e+02,1.0000000000e+00,1.0790197578e+02
1.0690353037e+02,1.0000000000e+00,1.0690353037e+02
1.0834603048e+02,1.0000000000e+00,1.0834603048e+02
1.1725513828e+02,1.0000000000e+00,1.1725513828e+02
1.3966871112e+02,1.0000000000e+00,1.3966871112e+02
1.7383102950e+02,1.0000000000e+00,1.7383102950e+02
2.0935890193e+02,1.0000000000e+00,2.0935890193e+02
2.3396250365e+02,1.0000000000e+00,2.3396250365e+02
2.3906738496e+02,1.0000000000e+00,2.3906738496e+02
2.2071622907e+02,1.0000000000e+00,2.2071622907e+02
1.7979195141e+02,1.0000000000e+00,1.7979195141e+02
1.2392283735e+02,1.0000000000e+00,1.2392283735e+02
6.7591235644e+01,1.0000000000e+00,6.7591235644e+01
2.7453011298e+01,1.0000000000e+00,2.7453011298e+01
1.9551320144e+01,1.0000000000e+00,1.9551320144e+01
3.1200949133e+01,1.0000000000e+00,3.1200949133e+01
6.6219033102e+01,1.0000000000e+00,6.6219033102e+01
1.0621940049e+02,1.0000000000e+00,1.0621940049e+02
1.4118652210e+02,1.0000000000e+00,1.4118652210e+02
1.6644162282e+02,1.0000000000e+00,1.6644162282e+02
1.7891668722e+02,1.0000000000e+00,1.7891668722e+02
1.7699129055e+02,1.0000000000e+00,1.7699129055e+02
1.6406961777e+02,1.0000000000e+00,1.6406961777e+02
1.4814981736e+02,1.0000000000e+00,1.4814981736e+02
1.3677850582e+02,1.0000000000e+00,1.3677850582e+02
1.3300043514e+02,1.0000000000e+00,1.3300043514e+02
1.3489726454e+02,1.0000000000e+00,1.3489726454e+02
1.3805248091e+02,1.0000000000e+00,1.3805248091e+02
1.3878469987e+02,1.0000000000e+00,1.3878469987e+02
1.3644735129e+02,1.0000000000e+00,1.3644735129e+02
1.3397315397e+02,1.0000000000e+00,1.3397315397e+02
1.3499038612e+02,1.0000000000e+00,1.3499038612e+02
1.3938256512e+02,1.0000000000e+00,1.3938256512e+02
1.4236944254e+02,1.0000000000e+00,1.4236944254e+02
1.3761570318e+02,1.0000000000e+00,1.3761570318e+02
1.2233451236e+02,1.0000000000e+00,1.2233451236e+02
1.0172173662e+02,1.0000000000e+00,1.0172173662e+02
8.6663736205e+01,1.0000000000e+00,8.6663736205e+01
8.4423143476e+01,1.0000000000e+00,8.4423143476e+01
9.2659112135e+01,1.0000000000e+00,9.2659112135e+01
1.0354836343e+02,1.0000000000e+00,1.0354836343e+02
1.1212130400e+02,1.0000000000e+00,1.1212130400e+02
1.1910917342e+02,1.0000000000e+00,1.1910917342e+02
1.2676027476e+02,1.0000000000e+00,1.2676027476e+02
1.3523379658e+02,1.0000000000e+00,1.3523379658e+02
1.4422595272e+02,1.0000000000e+00,1.4422595272e+02
1.5441547455e+02,1.0000000000e+00,1.5441547455e+02
1.6510584582e+02,1.0000000000e+00,1.6510584582e+02
1.7328246536e+02,1.0000000000e+00,1.7328246536e+02
1.7627449597e+02,1.0000000000e+00,1.7627449597e+02
1.7348940222e+02,1.0000000000e+00,1.7348940222e+02
1.6549742470e+02,1.0000000000e+00,1.6549742470e+02
1.5299774447e+02,1.0000000000e+00,1.5299774447e+02
1.3803051035e+02,1.0000000000e+00,1.3803051035e+02
1.2653270766e+02,1.0000000000e+00,1.2653270766e+02
1.2674367223e+02,1.0000000000e+00,1.2674367223e+02
1.4116039866e+02,1.0000000000e+00,1.4116039866e+02
1.6110568511e+02,1.0000000000e+00,1.6110568511e+02
1.7393737535e+02,1.0000000000e+00,1.7393737535e+02
1.7654232028e+02,1.0000000000e+00,1.7654232028e+02
1.7775525167e+02,1.0000000000e+00,1.7775525167e+02
1.8586166733e+02,1.0000000000e+00,1.8586166733e+02
1.9731674939e+02,1.0000000000e+00,1.9731674939e+02
2.0003623513e+02,1.0000000000e+00,2.0003623513e+02
1.8543148692e+02,1.0000000000e+00,1.8543148692e+02
1.5609919604e+02,1.0000000000e+00,1.5609919604e+02
1.2459032565e+02,1.0000000000e+00,1.2459032565e+02
1.0580898949e+02,1.0000000000e+00,1.0580898949e+02
1.0669151473e+02,1.0000000000e+00,1.0669151473e+02
1.1965786736e+02,1.0000000000e+00,1.1965786736e+02
1.2802012048e+02,1.0000000000e+00,1.2802012048e+02
1.2131999583e+02,1.0000000000e+00,1.2131999583e+02
1.0526639432e+02,1.0000000000e+00,1.0526639432e+02
9.5266135781e+01,1.0000000000e+00,9.5266135781e+01
1.0078890852e+02,1.0000000000e+00,1.0078890852e+02
1.1760531992e+02,1.0000000000e+00,1.1760531992e+02
1.3555837709e+02,1.0000000000e+00,1.3555837709e+02
1.5065956474e+02,1.0000000000e+00,1.5065956474e+02
1.6501375472e+02,1.0000000000e+00,1.6501375472e+02
1.7648284103e+02,1.0000000000e+00,1.7648284103e+02
1.7663323966e+02,1.0000000000e+00,1.7663323966e+02
1.6300252610e+02,1.0000000000e+00,1.6300252610e+02
1.4788795263e+02,1.0000000000e+00,1.4788795263e+02
1.4764928385e+02,1.0000000000e+00,1.4764928385e+02
1.6296451570e+02,1.0000000000e+00,1.6296451570e+02
1.7494332094e+02,1.0000000000e+00,1.7494332094e+02
1.6319314573e+02,1.0000000000e+00,1.6319314573e+02
1.2488241121e+02,1.0000000000e+00,1.2488241121e+02
7.5207031216e+01,1.0000000000e+00,7.5207031216e+01
3.4095518137e+01,1.0000000000e+00,3.4095518137e+01
2.0418655839e+01,1.0000000000e+00,2.0418655839e+01
2.7160449382e+01,1.0000000000e+00,2.7160449382e+01
6.4189352012e+01,1.0000000000e+00,6.4189352012e+01
1.1120225092e+02,1.0000000000e+00,1.1120225092e+02
1.4630277682e+02,1.0000000000e+00,1.4630277682e+02
1.5781038548e+02,1.0000000000e+00,1.5781038548e+02
1.5454235684e+02,1.0000000000e+00,1.5454235684e+02
1.5497925630e+02,1.0000000000e+00,1.5497925630e+02
1.6551362894e+02,1.0000000000e+00,1.6551362894e+02
1.7412003700e+02,1.0000000000e+00,1.7412003700e+02
1.6709479390e+02,1.0000000000e+00,1.6709479390e+02
1.4773349422e+02,1.0000000000e+00,1.4773349422e+02
1.3470691851e+02,1.0000000000e+00,1.3470691851e+02
1.4261812234e+02,1.0000000000e+00,1.4261812234e+02
1.6685716100e+02,1.0000000000e+00,1.6685716100e+02
1.8836048936e+02,1.0000000000e+00,1.8836048936e+02
1.9105366951e+02,1.0000000000e+00,1.9105366951e+02
1.7339736142e+02,1.0000000000e+00,1.7339736142e+02
1.4517374378e+02,1.0000000000e+00,1.4517374378e+02
1.1653899940e+02,1.0000000000e+00,1.1653899940e+02
9.2560570556e+01,1.0000000000e+00,9.2560570556e+01
7.6988363984e+01,1.0000000000e+00,7.6988363984e+01
7.5033597985e+01,1.0000000000e+00,7.5033597985e+01
9.9438564247e+01,1.0000000000e+00,9.9438564247e+01
1.1667226633e+02,1.0000000000e+00,1.1667226633e+02
1.2500000000e+02,1.0000000000e+00,1.2500000000e+02
1.1560234582e+02,1.0000000000e+00,1.1560234582e+02
9.6277435475e+01,1.0000000000e+00,9.6277435475e+01
6.8614074940e+01,1.0000000000e+00,6.8614074940e+01
8.4927166138e+01,1.0000000000e+00,8.4927166138e+01
1.2929768317e+02,1.0000000000e+00,1.2929768317e+02
1.8355192123e+02,1.0000000000e+00,1.8355192123e+02
2.2243957007e+02,1.0000000000e+00,2.2243957007e+02
2.2823428392e+02,1.0000000000e+00,2.2823428392e+02
1.9854338460e+02,1.0000000000e+00,1.9854338460e+02
1.4528799180e+02,1.0000000000e+00,1.4528799180e+02
8.7973219527e+01,1.0000000000e+00,8.7973219527e+01
4.5678204333e+01,1.0000000000e+00,4.5678204333e+01
3.1778169123e+01,1.0000000000e+00,3.1778169123e+01
5.1350434892e+01,1.0000000000e+00,5.1350434892e+01
9.8611181849e+01,1.0000000000e+00,9.8611181849e+01
1.5672659112e+02,1.0000000000e+00,1.5672659112e+02
2.0526384221e+02,1.0000000000e+00,2.0526384221e+02
2.3182126038e+02,1.0000000000e+00,2.3182126038e+02
2.3686673539e+02,1.0000000000e+00,2.3686673539e+02
2.2795409598e+02,1.0000000000e+00,2.2795409598e+02
2.1074507174e+02,1.0000000000e+00,2.1074507174e+02
1.8603104009e+02,1.0000000000e+00,1.8603104009e+02
1.5503488022e+02,1.0000000000e+00,1.5503488022e+02
1.2556895991e+02,1.0000000000e+00,1.2556895991e+02
1.0934124049e+02,1.0000000000e+00,1.0934124049e+02
1.1200623165e+02,1.0000000000e+00,1.1200623165e+02
1.2768556395e+02,1.0000000000e+00,1.2768556395e+02
1.4382221412e+02,1.0000000000e+00,1.4382221412e+02
1.5051644644e+02,1.0000000000e+00,1.5051644644e+02
1.4603829336e+02,1.0000000000e+00,1.4603829336e+02
1.3595121614e+02,1.0000000000e+00,1.3595121614e+02
1.2864995331e+02,1.0000000000e+00,1.2864995331e+02
1.3094244846e+02,1.0000000000e+00,1.3094244846e+02
1.4521912163e+02,1.0000000000e+00,1.4521912163e+02
1.6831805729e+02,1.0000000000e+00,1.6831805729e+02
1.9271667157e+02,1.0000000000e+00,1.9271667157e+02
2.1077053627e+02,1.0000000000e+00,2.1077053627e+02
2.1967212962e+02,1.0000000000e+00,2.1967212962e+02
2.2212812081e+02,1.0000000000e+00,2.2212812081e+02
2.2176085107e+02,1.0000000000e+00,2.2176085107e+02
2.1895035319e+02,1.0000000000e+00,2.1895035319e+02
2.1200087326e+02,1.0000000000e+00,2.1200087326e+02
2.0110621468e+02,1.0000000000e+00,2.0110621468e+02
1.8909851105e+02,1.0000000000e+00,1.8909851105e+02
1.7823972155e+02,1.0000000000e+00,1.7823972155e+02
1.6850807619e+02,1.0000000000e+00,1.6850807619e+02
1.5934795362e+02,1.0000000000e+00,1.5934795362e+02
1.5075700639e+02,1.0000000000e+00,1.5075700639e+02
1.4276294699e+02,1.0000000000e+00,1.4276294699e+02
1.3570601618e+02,1.0000000000e+00,1.3570601618e+02
1.3126264948e+02,1.0000000000e+00,1.3126264948e+02
1.3339510768e+02,1.0000000000e+00,1.3339510768e+02
1.4672330451e+02,1.0000000000e+00,1.4672330451e+02
1.6966436809e+02,1.0000000000e+00,1.6966436809e+02
1.8907433706e+02,1.0000000000e+00,1.8907433706e+02
1.8664411704e+02,1.0000000000e+00,1.8664411704e+02
1.5373917034e+02,1.0000000000e+00,1.5373917034e+02
1.0033529990e+02,1.0000000000e+00,1.0033529990e+02
5.0183678247e+01,1.0000000000e+00,5.0183678247e+01
2.7124792510e+01,1.0000000000e+00,2.7124792510e+01
4.1771979789e+01,1.0000000000e+00,4.1771979789e+01
8.4599084365e+01,1.0000000000e+00,8.4599084365e+01
1.2999387909e+02,1.0000000000e+00,1.2999387909e+02
1.5313914762e+02,1.0000000000e+00,1.5313914762e+02
1.4899992101e+02,1.0000000000e+00,1.4899992101e+02
1.3412435627e+02,1.0000000000e+00,1.3412435627e+02
1.2750410744e+02,1.0000000000e+00,1.2750410744e+02
1.3163358266e+02,1.0000000000e+00,1.3163358266e+02
1.3507792900e+02,1.0000000000e+00,1.3507792900e+02
1.3024507391e+02,1.0000000000e+00,1.3024507391e+02
1.2167538179e+02,1.0000000000e+00,1.2167538179e+02
1.1666435396e+02,1.0000000000e+00,1.1666435396e+02
1.1527373223e+02,1.0000000000e+00,1.1527373223e+02
1.1405111439e+02,1.0000000000e+00,1.1405111439e+02
1.1491799684e+02,1.0000000000e+00,1.1491799684e+02
1.2312348218e+02,1.0000000000e+00,1.2312348218e+02
1.3648984033e+02,1.0000000000e+00,1.3648984033e+02
1.4381274017e+02,1.0000000000e+00,1.4381274017e+02
1.3806710995e+02,1.0000000000e+00,1.3806710995e+02
1.2725298862e+02,1.0000000000e+00,1.2725298862e+02
1.2675059881e+02,1.0000000000e+00,1.2675059881e+02
1.4236296644e+02,1.0000000000e+00,1.4236296644e+02
1.6530320474e+02,1.0000000000e+00,1.6530320474e+02
1.8112220166e+02,1.0000000000e+00,1.8112220166e+02
1.7859514606e+02,1.0000000000e+00,1.7859514606e+02
1.5519595291e+02,1.0000000000e+00,1.5519595291e+02
1.2241634165e+02,1.0000000000e+00,1.2241634165e+02
1.0292505694e+02,1.0000000000e+00,1.0292505694e+02
1.1383240233e+02,1.0000000000e+00,1.1383240233e+02
1.5099864428e+02,1.0000000000e+00,1.5099864428e+02
1.9288370481e+02,1.0000000000e+00,1.9288370481e+02
2.1964384878e+02,1.0000000000e+00,2.1964384878e+02
2.2687824436e+02,1.0000000000e+00,2.2687824436e+02
2.2322809556e+02,1.0000000000e+00,2.2322809556e+02
2.1875399128e+02,1.0000000000e+00,2.1875399128e+02
2.1638621925e+02,1.0000000000e+00,2.1638621925e+02
2.1202500486e+02,1.0000000000e+00,2.1202500486e+02
1.9985851273e+02,1.0000000000e+00,1.9985851273e+02
1.7692488674e+02,1.0000000000e+00,1.7692488674e+02
1.4530951763e+02,1.0000000000e+00,1.4530951763e+02
1.1294831398e+02,1.0000000000e+00,1.1294831398e+02
9.1156754322e+01,1.0000000000e+00,9.1156754322e+01
8.7205182754e+01,1.0000000000e+00,8.7205182754e+01
9.7960702505e+01,1.0000000000e+00,9.7960702505e+01
1.1342670443e+02,1.0000000000e+00,1.1342670443e+02
1.2696498907e+02,1.0000000000e+00,1.2696498907e+02
1.3910652033e+02,1.0000000000e+00,1.3910652033e+02
1.5227586001e+02,1.0000000000e+00,1.5227586001e+02
1.6614487421e+02,1.0000000000e+00,1.6614487421e+02
1.7835914583e+02,1.0000000000e+00,1.7835914583e+02
1.8737141429e+02,1.0000000000e+00,1.8737141429e+02
1.9347871805e+02,1.0000000000e+00,1.9347871805e+02
1.9632878925e+02,1.0000000000e+00,1.9632878925e+02
1.9295787141e+02,1.0000000000e+00,1.9295787141e+02
1.8193177424e+02,1.0000000000e+00,1.8193177424e+02
1.6902300753e+02,1.0000000000e+00,1.6902300753e+02
1.6467651618e+02,1.0000000000e+00,1.6467651618e+02
1.7405635811e+02,1.0000000000e+00,1.7405635811e+02
1.9061634462e+02,1.0000000000e+00,1.9061634462e+02
2.0025403170e+02,1.0000000000e+00,2.0025403170e+02
1.9172905764e+02,1.0000000000e+00,1.9172905764e+02
1.6383140551e+02,1.0000000000e+00,1.6383140551e+02
1.2578219432e+02,1.0000000000e+00,1.2578219432e+02
9.3917014015e+01,1.0000000000e+00,9.3917014015e+01
8.5155490893e+01,1.0000000000e+00,8.5155490893e+01
1.0677496247e+02,1.0000000000e+00,1.0677496247e+02
1.4989163078e+02,1.0000000000e+00,1.4989163078e+02
1.9490298286e+02,1.0000000000e+00,1.9490298286e+02
2.2464726260e+02,1.0000000000e+00,2.2464726260e+02
2.3319571390e+02,1.0000000000e+00,2.3319571390e+02
2.2459039273e+02,1.0000000000e+00,2.2459039273e+02
2.0573060889e+02,1.0000000000e+00,2.0573060889e+02
1.8135403214e+02,1.0000000000e+00,1.8135403214e+02
1.5567281079e+02,1.0000000000e+00,1.5567281079e+02
1.3638958592e+02,1.0000000000e+00,1.3638958592e+02
1.3237236450e+02,1.0000000000e+00,1.3237236450e+02
1.4522061852e+02,1.0000000000e+00,1.4522061852e+02
1.6504483381e+02,1.0000000000e+00,1.6504483381e+02
1.7705464891e+02,1.0000000000e+00,1.7705464891e+02
1.7377493520e+02,1.0000000000e+00,1.7377493520e+02
1.6071594220e+02,1.0000000000e+00,1.6071594220e+02
1.4870786394e+02,1.0000000000e+00,1.4870786394e+02
1.4151336384e+02,1.0000000000e+00,1.4151336384e+02
1.3413984210e+02,1.0000000000e+00,1.3413984210e+02
1.2287180218e+02,1.0000000000e+00,1.2287180218e+02
1.1207875120e+02,1.0000000000e+00,1.1207875120e+02
1.0882146172e+02,1.0000000000e+00,1.0882146172e+02
1.1312894217e+02,1.0000000000e+00,1.1312894217e+02
1.1601293102e+02,1.0000000000e+00,1.1601293102e+02
1.0754244120e+02,1.0000000000e+00,1.0754244120e+02
8.7021756822e+01,1.0000000000e+00,8.7021756822e+01
6.5964543287e+01,1.0000000000e+00,6.5964543287e+01
6.1504995726e+01,1.0000000000e+00,6.1504995726e+01
8.4795465665e+01,1.0000000000e+00,8.4795465665e+01
1.3160234386e+02,1.0000000000e+00,1.3160234386e+02
1.8232433533e+02,1.0000000000e+00,1.8232433533e+02
2.1325079134e+02,1.0000000000e+00,2.1325079134e+02
2.1088209811e+02,1.0000000000e+00,2.1088209811e+02
1.7813912601e+02,1.0000000000e+00,1.7813912601e+02
1.2948716176e+02,1.0000000000e+00,1.2948716176e+02
8.1370691561e+01,1.0000000000e+00,8.1370691561e+01
4.6336939848e+01,1.0000000000e+00,4.6336939848e+01
3.3290601515e+01,1.0000000000e+00,3.3290601515e+01
4.8223746635e+01,1.0000000000e+00,4.8223746635e+01
8.9862347477e+01,1.0000000000e+00,8.9862347477e+01
1.4481874968e+02,1.0000000000e+00,1.4481874968e+02
1.9193619254e+02,1.0000000000e+00,1.9193619254e+02
2.1514782368e+02,1.0000000000e+00,2.1514782368e+02
2.1226058707e+02,1.0000000000e+00,2.1226058707e+02
1.9108656769e+02,1.0000000000e+00,1.9108656769e+02
1.5985302765e+02,1.0000000000e+00,1.5985302765e+02
1.2537537432e+02,1.0000000000e+00,1.2537537432e+02
9.8387154516e+01,1.0000000000e+00,9.8387154516e+01
9.1058775273e+01,1.0000000000e+00,9.1058775273e+01
1.0435853865e+02,1.0000000000e+00,1.0435853865e+02
1.2396720432e+02,1.0000000000e+00,1.2396720432e+02
1.3510466556e+02,1.0000000000e+00,1.3510466556e+02
1.3850529173e+02,1.0000000000e+00,1.3850529173e+02
1.4552347040e+02,1.0000000000e+00,1.4552347040e+02
1.5954396849e+02,1.0000000000e+00,1.5954396849e+02
1.7054617617e+02,1.0000000000e+00,1.7054617617e+02
1.6932691675e+02,1.0000000000e+00,1.6932691675e+02
1.5950297469e+02,1.0000000000e+00,1.5950297469e+02
1.5099494520e+02,1.0000000000e+00,1.5099494520e+02
1.4676693745e+02,1.0000000000e+00,1.4676693745e+02
1.4280122700e+02,1.0000000000e+00,1.4280122700e+02
1.3863930180e+02,1.0000000000e+00,1.3863930180e+02
1.3895683817e+02,1.0000000000e+00,1.3895683817e+02
1.4345471563e+02,1.0000000000e+00,1.4345471563e+02
1.4400249284e+02,1.0000000000e+00,1.4400249284e+02
1.3639932054e+02,1.0000000000e+00,1.3639932054e+02
1.2835005415e+02,1.0000000000e+00,1.2835005415e+02
1.2894196342e+02,1.0000000000e+00,1.2894196342e+02
1.3379223380e+02,1.0000000000e+00,1.3379223380e+02
1.2936253788e+02,1.0000000000e+00,1.2936253788e+02
1.1299677399e+02,1.0000000000e+00,1.1299677399e+02
1.0055601818e+02,1.0000000000e+00,1.0055601818e+02
1.0899989545e+02,1.0000000000e+00,1.0899989545e+02
1.3573988120e+02,1.0000000000e+00,1.3573988120e+02
1.6130624924e+02,1.0000000000e+00,1.6130624924e+02
1.7126318880e+02,1.0000000000e+00,1.7126318880e+02
1.6974058723e+02,1.0000000000e+00,1.6974058723e+02
1.7025000278e+02,1.0000000000e+00,1.7025000278e+02
1.7872615243e+02,1.0000000000e+00,1.7872615243e+02
1.8978207581e+02,1.0000000000e+00,1.8978207581e+02
1.9599123918e+02,1.0000000000e+00,1.9599123918e+02
1.9451264900e+02,1.0000000000e+00,1.9451264900e+02
1.8531543713e+02,1.0000000000e+00,1.8531543713e+02
1.7007068248e+02,1.0000000000e+00,1.7007068248e+02
1.5558353967e+02,1.0000000000e+00,1.5558353967e+02
1.5216698860e+02,1.0000000000e+00,1.5216698860e+02
1.6296861767e+02,1.0000000000e+00,1.6296861767e+02
1.7784197296e+02,1.0000000000e+00,1.7784197296e+02
1.8322212261e+02,1.0000000000e+00,1.8322212261e+02
1.7751689184e+02,1.0000000000e+00,1.7751689184e+02
1.7219965904e+02,1.0000000000e+00,1.7219965904e+02
1.7636612762e+02,1.0000000000e+00,1.7636612762e+02
1.8427718853e+02,1.0000000000e+00,1.8427718853e+02
1.8156072591e+02,1.0000000000e+00,1.8156072591e+02
1.6104114107e+02,1.0000000000e+00,1.6104114107e+02
1.2893658927e+02,1.0000000000e+00,1.2893658927e+02
9.8348200091e+01,1.0000000000e+00,9.8348200091e+01
8.1552088427e+01,1.0000000000e+00,8.1552088427e+01
8.6407077556e+01,1.0000000000e+00,8.6407077556e+01
1.1299931908e+02,1.0000000000e+00,1.1299931908e+02
1.5078199178e+02,1.0000000000e+00,1.5078199178e+02
1.8194037942e+02,1.0000000000e+00,1.8194037942e+02
1.9198744370e+02,1.0000000000e+00,1.9198744370e+02
1.7979953211e+02,1.0000000000e+00,1.7979953211e+02
1.5770032766e+02,1.0000000000e+00,1.5770032766e+02
1.4136851718e+02,1.0000000000e+00,1.4136851718e+02
1.3918821900e+02,1.0000000000e+00,1.3918821900e+02
1.4993871824e+02,1.0000000000e+00,1.4993871824e+02
1.6790835587e+02,1.0000000000e+00,1.6790835587e+02
1.8676414989e+02,1.0000000000e+00,1.8676414989e+02
1.9831753486e+02,1.0000000000e+00,1.9831753486e+02
1.9338139466e+02,1.0000000000e+00,1.9338139466e+02
1.6994105082e+02,1.0000000000e+00,1.6994105082e+02
1.3979995535e+02,1.0000000000e+00,1.3979995535e+02
1.2221560876e+02,1.0000000000e+00,1.2221560876e+02
1.2853530175e+02,1.0000000000e+00,1.2853530175e+02
1.5302173383e+02,1.0000000000e+00,1.5302173383e+02
1.7681188541e+02,1.0000000000e+00,1.7681188541e+02
1.7955049871e+02,1.0000000000e+00,1.7955049871e+02
1.5138721965e+02,1.0000000000e+00,1.5138721965e+02
9.9703856809e+01,1.0000000000e+00,9.9703856809e+01
8.5460448693e+01,1.0000000000e+00,8.5460448693e+01
7.1217040578e+01,1.0000000000e+00,7.1217040578e+01
5.6973632462e+01,1.0000000000e+00,5.6973632462e+01
5.4688898367e+01,1.0000000000e+00,5.4688898367e+01
1.0442763757e+02,1.0000000000e+00,1.0442763757e+02
1.4692900981e+02,1.0000000000e+00,1.4692900981e+02
1.7154365156e+02,1.0000000000e+00,1.7154365156e+02
1.8197606994e+02,1.0000000000e+00,1.8197606994e+02
1.8721284295e+02,1.0000000000e+00,1.8721284295e+02
1.8986756282e+02,1.0000000000e+00,1.8986756282e+02
1.8597168772e+02,1.0000000000e+00,1.8597168772e+02
1.7470556231e+02,1.0000000000e+00,1.7470556231e+02
1.6265090166e+02,1.0000000000e+00,1.6265090166e+02
1.5645755397e+02,1.0000000000e+00,1.5645755397e+02
1.5626866619e+02,1.0000000000e+00,1.5626866619e+02
1.5954002280e+02,1.0000000000e+00,1.5954002280e+02
1.6660315871e+02,1.0000000000e+00,1.6660315871e+02
1.7789269496e+02,1.0000000000e+00,1.7789269496e+02
1.8878598940e+02,1.0000000000e+00,1.8878598940e+02
1.9219263836e+02,1.0000000000e+00,1.9219263836e+02
1.8581106197e+02,1.0000000000e+00,1.8581106197e+02
1.7341105140e+02,1.0000000000e+00,1.7341105140e+02
1.5871128484e+02,1.0000000000e+00,1.5871128484e+02
1.4170996022e+02,1.0000000000e+00,1.4170996022e+02
1.2375261745e+02,1.0000000000e+00,1.2375261745e+02
1.1315454375e+02,1.0000000000e+00,1.1315454375e+02
1.1924936922e+02,1.0000000000e+00,1.1924936922e+02
1.3905494269e+02,1.0000000000e+00,1.3905494269e+02
1.5550906655e+02,1.0000000000e+00,1.5550906655e+02
1.5376426751e+02,1.0000000000e+00,1.5376426751e+02
1.3677403587e+02,1.0000000000e+00,1.3677403587e+02
1.2103999523e+02,1.0000000000e+00,1.2103999523e+02
1.1928631367e+02,1.0000000000e+00,1.1928631367e+02
1.3098751762e+02,1.0000000000e+00,1.3098751762e+02
1.4722612311e+02,1.0000000000e+00,1.4722612311e+02
1.5939552582e+02,1.0000000000e+00,1.5939552582e+02
1.6303471506e+02,1.0000000000e+00,1.6303471506e+02
1.5806310713e+02,1.0000000000e+00,1.5806310713e+02
1.4892629604e+02,1.0000000000e+00,1.4892629604e+02
1.4368308119e+02,1.0000000000e+00,1.4368308119e+02
1.4967520609e+02,1.0000000000e+00,1.4967520609e+02
1.6690885503e+02,1.0000000000e+00,1.6690885503e+02
1.8491892893e+02,1.0000000000e+00,1.8491892893e+02
1.8957857816e+02,1.0000000000e+00,1.8957857816e+02
1.7659195865e+02,1.0000000000e+00,1.7659195865e+02
1.5735515198e+02,1.0000000000e+00,1.5735515198e+02
1.4881302051e+02,1.0000000000e+00,1.4881302051e+02
1.5734216938e+02,1.0000000000e+00,1.5734216938e+02
1.7395263739e+02,1.0000000000e+00,1.7395263739e+02
1.8457275122e+02,1.0000000000e+00,1.8457275122e+02
1.8218770809e+02,1.0000000000e+00,1.8218770809e+02
1.6894024280e+02,1.0000000000e+00,1.6894024280e+02
1.5127727908e+02,1.0000000000e+00,1.5127727908e+02
1.3615384792e+02,1.0000000000e+00,1.3615384792e+02
1.2848849969e+02,1.0000000000e+00,1.2848849969e+02
1.2845627874e+02,1.0000000000e+00,1.2845627874e+02
1.3234644961e+02,1.0000000000e+00,1.3234644961e+02
1.3785985148e+02,1.0000000000e+00,1.3785985148e+02
1.4699647844e+02,1.0000000000e+00,1.4699647844e+02
1.6141723647e+02,1.0000000000e+00,1.6141723647e+02
1.7661035871e+02,1.0000000000e+00,1.7661035871e+02
1.8505335320e+02,1.0000000000e+00,1.8505335320e+02
1.8536049798e+02,1.0000000000e+00,1.8536049798e+02
1.8386684604e+02,1.0000000000e+00,1.8386684604e+02
1.8557216441e+02,1.0000000000e+00,1.8557216441e+02
1.8705596053e+02,1.0000000000e+00,1.8705596053e+02
1.8144285991e+02,1.0000000000e+00,1.8144285991e+02
1.6906007265e+02,1.0000000000e+00,1.6906007265e+02
1.5971808121e+02,1.0000000000e+00,1.5971808121e+02
1.6256185749e+02,1.0000000000e+00,1.6256185749e+02
1.7448731281e+02,1.0000000000e+00,1.7448731281e+02
1.8136827072e+02,1.0000000000e+00,1.8136827072e+02
1.7213324662e+02,1.0000000000e+00,1.7213324662e+02
1.4928379854e+02,1.0000000000e+00,1.4928379854e+02
1.2398901274e+02,1.0000000000e+00,1.2398901274e+02
1.0375659869e+02,1.0000000000e+00,1.0375659869e+02
8.7198327399e+01,1.0000000000e+00,8.7198327399e+01
6.9112007270e+01,1.0000000000e+00,6.9112007270e+01
4.9447404844e+01,1.0000000000e+00,4.9447404844e+01
3.8057108138e+01,1.0000000000e+00,3.8057108138e+01
4.9020527202e+01,1.0000000000e+00,4.9020527202e+01
8.6675458189e+01,1.0000000000e+00,8.6675458189e+01
1.3707288043e+02,1.0000000000e+00,1.3707288043e+02
1.7657458091e+02,1.0000000000e+00,1.7657458091e+02
1.9044709438e+02,1.0000000000e+00,1.9044709438e+02
1.8237299115e+02,1.0000000000e+00,1.8237299115e+02
1.6767717600e+02,1.0000000000e+00,1.6767717600e+02
1.6054192070e+02,1.0000000000e+00,1.6054192070e+02
1.6625771024e+02,1.0000000000e+00,1.6625771024e+02
1.8081736645e+02,1.0000000000e+00,1.8081736645e+02
1.9572301419e+02,1.0000000000e+00,1.9572301419e+02
2.0406456176e+02,1.0000000000e+00,2.0406456176e+02
2.0336778570e+02,1.0000000000e+00,2.0336778570e+02
1.9430553036e+02,1.0000000000e+00,1.9430553036e+02
1.7863565413e+02,1.0000000000e+00,1.7863565413e+02
1.5973067819e+02,1.0000000000e+00,1.5973067819e+02
1.4412905447e+02,1.0000000000e+00,1.4412905447e+02
1.3866459062e+02,1.0000000000e+00,1.3866459062e+02
1.4424121348e+02,1.0000000000e+00,1.4424121348e+02
1.5538781778e+02,1.0000000000e+00,1.5538781778e+02
1.6662542881e+02,1.0000000000e+00,1.6662542881e+02
1.7571943337e+02,1.0000000000e+00,1.7571943337e+02
1.8097170780e+02,1.0000000000e+00,1.8097170780e+02
1.7969436997e+02,1.0000000000e+00,1.7969436997e+02
1.7094171742e+02,1.0000000000e+00,1.7094171742e+02
1.5803706756e+02,1.0000000000e+00,1.5803706756e+02
1.4656994532e+02,1.0000000000e+00,1.4656994532e+02
1.4013621833e+02,1.0000000000e+00,1.4013621833e+02
1.3953055998e+02,1.0000000000e+00,1.3953055998e+02
1.4486299225e+02,1.0000000000e+00,1.4486299225e+02
1.5543959979e+02,1.0000000000e+00,1.5543959979e+02
1.6772854450e+02,1.0000000000e+00,1.6772854450e+02
1.7582120060e+02,1.0000000000e+00,1.7582120060e+02
1.7493988122e+02,1.0000000000e+00,1.7493988122e+02
1.6504507897e+02,1.0000000000e+00,1.6504507897e+02
1.5198822352e+02,1.0000000000e+00,1.5198822352e+02
1.4507037018e+02,1.0000000000e+00,1.4507037018e+02
1.5146064945e+02,1.0000000000e+00,1.5146064945e+02
1.7025422096e+02,1.0000000000e+00,1.7025422096e+02
1.9183829042e+02,1.0000000000e+00,1.9183829042e+02
2.0503427761e+02,1.0000000000e+00,2.0503427761e+02
2.0465392115e+02,1.0000000000e+00,2.0465392115e+02
1.9227033487e+02,1.0000000000e+00,1.9227033487e+02
1.7381200051e+02,1.0000000000e+00,1.7381200051e+02
1.5814709742e+02,1.0000000000e+00,1.5814709742e+02
1.5348707874e+02,1.0000000000e+00,1.5348707874e+02
1.6162080492e+02,1.0000000000e+00,1.6162080492e+02
1.7669253414e+02,1.0000000000e+00,1.7669253414e+02
1.9056163226e+02,1.0000000000e+00,1.9056163226e+02
1.9835980775e+02,1.0000000000e+00,1.9835980775e+02
1.9904620161e+02,1.0000000000e+00,1.9904620161e+02
1.9362925357e+02,1.0000000000e+00,1.9362925357e+02
1.8528880553e+02,1.0000000000e+00,1.8528880553e+02
1.7982089208e+02,1.0000000000e+00,1.7982089208e+02
1.8307715115e+02,1.0000000000e+00,1.8307715115e+02
1.9616086020e+02,1.0000000000e+00,1.9616086020e+02
2.1246683598e+02,1.0000000000e+00,2.1246683598e+02
2.2017503145e+02,1.0000000000e+00,2.2017503145e+02
2.0929010849e+02,1.0000000000e+00,2.0929010849e+02
1.7843970442e+02,1.0000000000e+00,1.7843970442e+02
1.3733864634e+02,1.0000000000e+00,1.3733864634e+02
1.0320700700e+02,1.0000000000e+00,1.0320700700e+02
9.2188584747e+01,1.0000000000e+00,9.2188584747e+01
1.0992961665e+02,1.0000000000e+00,1.0992961665e+02
1.4656795718e+02,1.0000000000e+00,1.4656795718e+02
1.8030140893e+02,1.0000000000e+00,1.8030140893e+02
1.8951658064e+02,1.0000000000e+00,1.8951658064e+02
1.6587477044e+02,1.0000000000e+00,1.6587477044e+02
1.1831706608e+02,1.0000000000e+00,1.1831706608e+02
6.6305246995e+01,1.0000000000e+00,6.6305246995e+01
2.9609950718e+01,1.0000000000e+00,2.9609950718e+01
2.3861953866e+01,1.0000000000e+00,2.3861953866e+01
4.1975910880e+01,1.0000000000e+00,4.1975910880e+01
8.1807083650e+01,1.0000000000e+00,8.1807083650e+01
1.2201575342e+02,1.0000000000e+00,1.2201575342e+02
1.4819627029e+02,1.0000000000e+00,1.4819627029e+02
1.5958350049e+02,1.0000000000e+00,1.5958350049e+02
1.6549292896e+02,1.0000000000e+00,1.6549292896e+02
1.7211392733e+02,1.0000000000e+00,1.7211392733e+02
1.7599184406e+02,1.0000000000e+00,1.7599184406e+02
1.7154268683e+02,1.0000000000e+00,1.7154268683e+02
1.6136282356e+02,1.0000000000e+00,1.6136282356e+02
1.5487456599e+02,1.0000000000e+00,1.5487456599e+02
1.5619892011e+02,1.0000000000e+00,1.5619892011e+02
1.5766576325e+02,1.0000000000e+00,1.5766576325e+02
1.4974723814e+02,1.0000000000e+00,1.4974723814e+02
1.3502410901e+02,1.0000000000e+00,1.3502410901e+02
1.2655858553e+02,1.0000000000e+00,1.2655858553e+02
1.3329117690e+02,1.0000000000e+00,1.3329117690e+02
1.5259783331e+02,1.0000000000e+00,1.5259783331e+02
1.7630948810e+02,1.0000000000e+00,1.7630948810e+02
1.9712869410e+02,1.0000000000e+00,1.9712869410e+02
2.0782028449e+02,1.0000000000e+00,2.0782028449e+02
2.0070810458e+02,1.0000000000e+00,2.0070810458e+02
1.7368392467e+02,1.0000000000e+00,1.7368392467e+02
1.3640844932e+02,1.0000000000e+00,1.3640844932e+02
1.0677459141e+02,1.0000000000e+00,1.0677459141e+02
9.8191250754e+01,1.0000000000e+00,9.8191250754e+01
1.0994216668e+02,1.0000000000e+00,1.0994216668e+02
1.3072554181e+02,1.0000000000e+00,1.3072554181e+02
1.5075336136e+02,1.0000000000e+00,1.5075336136e+02
1.6816586191e+02,1.0000000000e+00,1.6816586191e+02
1.8420447194e+02,1.0000000000e+00,1.8420447194e+02
1.9705798729e+02,1.0000000000e+00,1.9705798729e+02
2.0313014249e+02,1.0000000000e+00,2.0313014249e+02
2.0084840513e+02,1.0000000000e+00,2.0084840513e+02
1.9079888398e+02,1.0000000000e+00,1.9079888398e+02
1.7523040877e+02,1.0000000000e+00,1.7523040877e+02
1.5956671881e+02,1.0000000000e+00,1.5956671881e+02
1.5177353096e+02,1.0000000000e+00,1.5177353096e+02
1.5711348456e+02,1.0000000000e+00,1.5711348456e+02
1.7219874556e+02,1.0000000000e+00,1.7219874556e+02
1.8488387451e+02,1.0000000000e+00,1.8488387451e+02
1.8348135252e+02,1.0000000000e+00,1.8348135252e+02
1.6863719555e+02,1.0000000000e+00,1.6863719555e+02
1.5428463408e+02,1.0000000000e+00,1.5428463408e+02
1.5404184105e+02,1.0000000000e+00,1.5404184105e+02
1.6693225101e+02,1.0000000000e+00,1.6693225101e+02
1.7840170359e+02,1.0000000000e+00,1.7840170359e+02
1.7510158725e+02,1.0000000000e+00,1.7510158725e+02
1.5710184547e+02,1.0000000000e+00,1.5710184547e+02
1.3629669374e+02,1.0000000000e+00,1.3629669374e+02
1.2500054429e+02,1.0000000000e+00,1.2500054429e+02
1.2682705640e+02,1.0000000000e+00,1.2682705640e+02
1.3651064703e+02,1.0000000000e+00,1.3651064703e+02
1.4498999800e+02,1.0000000000e+00,1.4498999800e+02
1.4556206219e+02,1.0000000000e+00,1.4556206219e+02
1.4026491310e+02,1.0000000000e+00,1.4026491310e+02
1.4019100899e+02,1.0000000000e+00,1.4019100899e+02
1.5436857825e+02,1.0000000000e+00,1.5436857825e+02
1.7799274380e+02,1.0000000000e+00,1.7799274380e+02
1.9550178526e+02,1.0000000000e+00,1.9550178526e+02
1.9556087990e+02,1.0000000000e+00,1.9556087990e+02
1.8047708437e+02,1.0000000000e+00,1.8047708437e+02
1.6108155590e+02,1.0000000000e+00,1.6108155590e+02
1.4586756870e+02,1.0000000000e+00,1.4586756870e+02
1.3750068437e+02,1.0000000000e+00,1.3750068437e+02
1.3753196672e+02,1.0000000000e+00,1.3753196672e+02
1.4927274867e+02,1.0000000000e+00,1.4927274867e+02
1.7301289077e+02,1.0000000000e+00,1.7301289077e+02
1.9998295022e+02,1.0000000000e+00,1.9998295022e+02
2.1485943751e+02,1.0000000000e+00,2.1485943751e+02
2.0626247044e+02,1.0000000000e+00,2.0626247044e+02
1.7538043530e+02,1.0000000000e+00,1.7538043530e+02
1.3599700660e+02,1.0000000000e+00,1.3599700660e+02
1.0692001648e+02,1.0000000000e+00,1.0692001648e+02
1.0126144049e+02,1.0000000000e+00,1.0126144049e+02
1.1794059409e+02,1.0000000000e+00,1.1794059409e+02
1.4157428872e+02,1.0000000000e+00,1.4157428872e+02
1.5343450362e+02,1.0000000000e+00,1.5343450362e+02
1.4619336146e+02,1.0000000000e+00,1.4619336146e+02
1.2935322006e+02,1.0000000000e+00,1.2935322006e+02
1.2028456505e+02,1.0000000000e+00,1.2028456505e+02
1.2944264060e+02,1.0000000000e+00,1.2944264060e+02
1.5340901333e+02,1.0000000000e+00,1.5340901333e+02
1.8080435598e+02,1.0000000000e+00,1.8080435598e+02
2.0218174949e+02,1.0000000000e+00,2.0218174949e+02
2.1283835332e+02,1.0000000000e+00,2.1283835332e+02
2.0968974204e+02,1.0000000000e+00,2.0968974204e+02
1.9132757040e+02,1.0000000000e+00,1.9132757040e+02
1.6314971515e+02,1.0000000000e+00,1.6314971515e+02
1.3896484445e+02,1.0000000000e+00,1.3896484445e+02
1.3265631898e+02,1.0000000000e+00,1.3265631898e+02
1.4683180739e+02,1.0000000000e+00,1.4683180739e+02
1.7149440087e+02,1.0000000000e+00,1.7149440087e+02
1.9412786585e+02,1.0000000000e+00,1.9412786585e+02
2.0855474006e+02,1.0000000000e+00,2.0855474006e+02
2.1367101988e+02,1.0000000000e+00,2.1367101988e+02
2.0843299217e+02,1.0000000000e+00,2.0843299217e+02
1.9274002843e+02,1.0000000000e+00,1.9274002843e+02
1.7190190975e+02,1.0000000000e+00,1.7190190975e+02
1.5539567789e+02,1.0000000000e+00,1.5539567789e+02
1.4855848163e+02,1.0000000000e+00,1.4855848163e+02
1.4721267916e+02,1.0000000000e+00,1.4721267916e+02
1.4387077536e+02,1.0000000000e+00,1.4387077536e+02
1.3893289541e+02,1.0000000000e+00,1.3893289541e+02
1.4161161161e+02,1.0000000000e+00,1.4161161161e+02
1.5836317054e+02,1.0000000000e+00,1.5836317054e+02
1.8367712743e+02,1.0000000000e+00,1.8367712743e+02
2.0436730411e+02,1.0000000000e+00,2.0436730411e+02
2.1092844260e+02,1.0000000000e+00,2.1092844260e+02
2.0303397559e+02,1.0000000000e+00,2.0303397559e+02
1.8635918187e+02,1.0000000000e+00,1.8635918187e+02
1.6784086998e+02,1.0000000000e+00,1.6784086998e+02
1.5432770368e+02,1.0000000000e+00,1.5432770368e+02
1.5201715617e+02,1.0000000000e+00,1.5201715617e+02
1.6271399285e+02,1.0000000000e+00,1.6271399285e+02
1.7961561943e+02,1.0000000000e+00,1.7961561943e+02
1.8978481998e+02,1.0000000000e+00,1.8978481998e+02
1.8320467883e+02,1.0000000000e+00,1.8320467883e+02
1.5944587645e+02,1.0000000000e+00,1.5944587645e+02
1.2691543777e+02,1.0000000000e+00,1.2691543777e+02
9.8277896633e+01,1.0000000000e+00,9.8277896633e+01
8.6047489001e+01,1.0000000000e+00,8.6047489001e+01
9.8219675151e+01,1.0000000000e+00,9.8219675151e+01
1.3343118755e+02,1.0000000000e+00,1.3343118755e+02
1.7926109505e+02,1.0000000000e+00,1.7926109505e+02
2.1792801793e+02,1.0000000000e+00,2.1792801793e+02
2.3598500132e+02,1.0000000000e+00,2.3598500132e+02
2.2991349603e+02,1.0000000000e+00,2.2991349603e+02
2.0554179053e+02,1.0000000000e+00,2.0554179053e+02
1.7481125415e+02,1.0000000000e+00,1.7481125415e+02
1.5177638434e+02,1.0000000000e+00,1.5177638434e+02
1.4765120642e+02,1.0000000000e+00,1.4765120642e+02
1.6535225829e+02,1.0000000000e+00,1.6535225829e+02
1.9590324360e+02,1.0000000000e+00,1.9590324360e+02
2.2079380266e+02,1.0000000000e+00,2.2079380266e+02
2.2135620951e+02,1.0000000000e+00,2.2135620951e+02
1.8973096098e+02,1.0000000000e+00,1.8973096098e+02
1.3410056379e+02,1.0000000000e+00,1.3410056379e+02
7.4712836655e+01,1.0000000000e+00,7.4712836655e+01
3.3398484222e+01,1.0000000000e+00,3.3398484222e+01
2.7501501820e+01,1.0000000000e+00,2.7501501820e+01
4.9106021238e+01,1.0000000000e+00,4.9106021238e+01
9.9871262039e+01,1.0000000000e+00,9.9871262039e+01
1.5852157500e+02,1.0000000000e+00,1.5852157500e+02
2.0314503460e+02,1.0000000000e+00,2.0314503460e+02
2.1647644643e+02,1.0000000000e+00,2.1647644643e+02
1.9353792342e+02,1.0000000000e+00,1.9353792342e+02
1.4400230598e+02,1.0000000000e+00,1.4400230598e+02
8.9023741113e+01,1.0000000000e+00,8.9023741113e+01
5.3111838384e+01,1.0000000000e+00,5.3111838384e+01
5.2445749517e+01,1.0000000000e+00,5.2445749517e+01
8.5393871764e+01,1.0000000000e+00,8.5393871764e+01
1.3357364345e+02,1.0000000000e+00,1.3357364345e+02
1.7488435888e+02,1.0000000000e+00,1.7488435888e+02
1.9733207609e+02,1.0000000000e+00,1.9733207609e+02
2.0128323409e+02,1.0000000000e+00,2.0128323409e+02
1.9203580324e+02,1.0000000000e+00,1.9203580324e+02
1.7456114599e+02,1.0000000000e+00,1.7456114599e+02
1.5583213646e+02,1.0000000000e+00,1.5583213646e+02
1.4725273893e+02,1.0000000000e+00,1.4725273893e+02
1.5788372975e+02,1.0000000000e+00,1.5788372975e+02
1.8372226958e+02,1.0000000000e+00,1.8372226958e+02
2.0788152189e+02,1.0000000000e+00,2.0788152189e+02
2.1383085159e+02,1.0000000000e+00,2.1383085159e+02
1.9843755270e+02,1.0000000000e+00,1.9843755270e+02
1.7356744579e+02,1.0000000000e+00,1.7356744579e+02
1.5575788443e+02,1.0000000000e+00,1.5575788443e+02
1.5244433200e+02,1.0000000000e+00,1.5244433200e+02
1.5716095682e+02,1.0000000000e+00,1.5716095682e+02
1.5828011677e+02,1.0000000000e+00,1.5828011677e+02
1.5164813435e+02,1.0000000000e+00,1.5164813435e+02
1.4429641281e+02,1.0000000000e+00,1.4429641281e+02
1.4610012898e+02,1.0000000000e+00,1.4610012898e+02
1.5788069140e+02,1.0000000000e+00,1.5788069140e+02
1.6862042502e+02,1.0000000000e+00,1.6862042502e+02
1.6501306720e+02,1.0000000000e+00,1.6501306720e+02
1.4330046714e+02,1.0000000000e+00,1.4330046714e+02
1.1322552779e+02,1.0000000000e+00,1.1322552779e+02
9.2568909384e+01,1.0000000000e+00,9.2568909384e+01
9.5601808554e+01,1.0000000000e+00,9.5601808554e+01
1.2186025159e+02,1.0000000000e+00,1.2186025159e+02
1.5445972836e+02,1.0000000000e+00,1.5445972836e+02
1.7202709269e+02,1.0000000000e+00,1.7202709269e+02
1.6549902944e+02,1.0000000000e+00,1.6549902944e+02
1.4414735429e+02,1.0000000000e+00,1.4414735429e+02
1.2481182613e+02,1.0000000000e+00,1.2481182613e+02
1.1681751286e+02,1.0000000000e+00,1.1681751286e+02
1.1912748529e+02,1.0000000000e+00,1.1912748529e+02
1.2779113863e+02,1.0000000000e+00,1.2779113863e+02
1.3986609667e+02,1.0000000000e+00,1.3986609667e+02
1.5239388404e+02,1.0000000000e+00,1.5239388404e+02
1.6289641664e+02,1.0000000000e+00,1.6289641664e+02
1.6952975382e+02,1.0000000000e+00,1.6952975382e+02
1.6954182117e+02,1.0000000000e+00,1.6954182117e+02
1.6138500112e+02,1.0000000000e+00,1.6138500112e+02
1.4943378468e+02,1.0000000000e+00,1.4943378468e+02
1.4315908952e+02,1.0000000000e+00,1.4315908952e+02
1.4881255684e+02,1.0000000000e+00,1.4881255684e+02
1.6175436403e+02,1.0000000000e+00,1.6175436403e+02
1.6962299602e+02,1.0000000000e+00,1.6962299602e+02
1.6510896593e+02,1.0000000000e+00,1.6510896593e+02
1.5326112240e+02,1.0000000000e+00,1.5326112240e+02
1.4395978099e+02,1.0000000000e+00,1.4395978099e+02
1.3964045505e+02,1.0000000000e+00,1.3964045505e+02
1.3356981003e+02,1.0000000000e+00,1.3356981003e+02
1.1970792757e+02,1.0000000000e+00,1.1970792757e+02
1.0149018611e+02,1.0000000000e+00,1.0149018611e+02
8.8874094159e+01,1.0000000000e+00,8.8874094159e+01
8.7400868604e+01,1.0000000000e+00,8.7400868604e+01
9.2698064724e+01,1.0000000000e+00,9.2698064724e+01
9.6335462041e+01,1.0000000000e+00,9.6335462041e+01
9.5121564618e+01,1.0000000000e+00,9.5121564618e+01
9.3640328683e+01,1.0000000000e+00,9.3640328683e+01
9.8970539938e+01,1.0000000000e+00,9.8970539938e+01
1.1506236319e+02,1.0000000000e+00,1.1506236319e+02
1.4184610050e+02,1.0000000000e+00,1.4184610050e+02
1.7525415874e+02,1.0000000000e+00,1.7525415874e+02
2.0541191878e+02,1.0000000000e+00,2.0541191878e+02
2.1853044746e+02,1.0000000000e+00,2.1853044746e+02
2.0567975218e+02,1.0000000000e+00,2.0567975218e+02
1.7166707466e+02,1.0000000000e+00,1.7166707466e+02
1.3438518666e+02,1.0000000000e+00,1.3438518666e+02
1.1232198131e+02,1.0000000000e+00,1.1232198131e+02
1.1031332049e+02,1.0000000000e+00,1.1031332049e+02
1.1783773246e+02,1.0000000000e+00,1.1783773246e+02
1.2089427042e+02,1.0000000000e+00,1.2089427042e+02
1.1399709573e+02,1.0000000000e+00,1.1399709573e+02
1.0222938634e+02,1.0000000000e+00,1.0222938634e+02
9.5334358531e+01,1.0000000000e+00,9.5334358531e+01
9.9869872282e+01,1.0000000000e+00,9.9869872282e+01
1.1429357871e+02,1.0000000000e+00,1.1429357871e+02
1.3116630185e+02,1.0000000000e+00,1.3116630185e+02
1.4479320575e+02,1.0000000000e+00,1.4479320575e+02
1.5505729620e+02,1.0000000000e+00,1.5505729620e+02
1.6346842432e+02,1.0000000000e+00,1.6346842432e+02
1.6892379198e+02,1.0000000000e+00,1.6892379198e+02
1.6926482918e+02,1.0000000000e+00,1.6926482918e+02
1.6547802490e+02,1.0000000000e+00,1.6547802490e+02
1.6276152290e+02,1.0000000000e+00,1.6276152290e+02
1.6643764446e+02,1.0000000000e+00,1.6643764446e+02
1.7651508005e+02,1.0000000000e+00,1.7651508005e+02
1.8755079810e+02,1.0000000000e+00,1.8755079810e+02
1.9466082280e+02,1.0000000000e+00,1.9466082280e+02
1.9797313822e+02,1.0000000000e+00,1.9797313822e+02
1.9961218388e+02,1.0000000000e+00,1.9961218388e+02
1.9841696421e+02,1.0000000000e+00,1.9841696421e+02
1.9064141582e+02,1.0000000000e+00,1.9064141582e+02
1.7474122672e+02,1.0000000000e+00,1.7474122672e+02
1.5295333739e+02,1.0000000000e+00,1.5295333739e+02
1.2943677316e+02,1.0000000000e+00,1.2943677316e+02
1.0943548377e+02,1.0000000000e+00,1.0943548377e+02
9.9747987732e+01,1.0000000000e+00,9.9747987732e+01
1.0666759788e+02,1.0000000000e+00,1.0666759788e+02
1.2994397318e+02,1.0000000000e+00,1.2994397318e+02
1.5902737911e+02,1.0000000000e+00,1.5902737911e+02
1.7932190732e+02,1.0000000000e+00,1.7932190732e+02
1.8401465817e+02,1.0000000000e+00,1.8401465817e+02
1.7822663889e+02,1.0000000000e+00,1.7822663889e+02
1.7125408529e+02,1.0000000000e+00,1.7125408529e+02
1.6596207351e+02,1.0000000000e+00,1.6596207351e+02
1.5653103638e+02,1.0000000000e+00,1.5653103638e+02
1.3763233803e+02,1.0000000000e+00,1.3763233803e+02
1.1539646341e+02,1.0000000000e+00,1.1539646341e+02
1.0520409349e+02,1.0000000000e+00,1.0520409349e+02
1.1604109680e+02,1.0000000000e+00,1.1604109680e+02
1.4010547968e+02,1.0000000000e+00,1.4010547968e+02
1.5991140992e+02,1.0000000000e+00,1.5991140992e+02
1.6235872818e+02,1.0000000000e+00,1.6235872818e+02
1.4470841244e+02,1.0000000000e+00,1.4470841244e+02
1.1225048037e+02,1.0000000000e+00,1.1225048037e+02
7.5353633988e+01,1.0000000000e+00,7.5353633988e+01
4.7511253308e+01,1.0000000000e+00,4.7511253308e+01
4.0233740150e+01,1.0000000000e+00,4.0233740150e+01
8.1852230371e+01,1.0000000000e+00,8.1852230371e+01
1.1087229002e+02,1.0000000000e+00,1.1087229002e+02
1.2500000000e+02,1.0000000000e+00,1.2500000000e+02
1.1306473444e+02,1.0000000000e+00,1.1306473444e+02
8.8329907040e+01,1.0000000000e+00,8.8329907040e+01
5.3388406616e+01,1.0000000000e+00,5.3388406616e+01
5.3981177319e+01,1.0000000000e+00,5.3981177319e+01
8.2037841374e+01,1.0000000000e+00,8.2037841374e+01
1.3162168219e+02,1.0000000000e+00,1.3162168219e+02
1.8442474709e+02,1.0000000000e+00,1.8442474709e+02
2.2017576980e+02,1.0000000000e+00,2.2017576980e+02
2.2693874217e+02,1.0000000000e+00,2.2693874217e+02
2.0413076247e+02,1.0000000000e+00,2.0413076247e+02
1.5979109541e+02,1.0000000000e+00,1.5979109541e+02
1.0720106543e+02,1.0000000000e+00,1.0720106543e+02
6.1950946701e+01,1.0000000000e+00,6.1950946701e+01
3.8182080742e+01,1.0000000000e+00,3.8182080742e+01
4.4170486127e+01,1.0000000000e+00,4.4170486127e+01
7.8177819754e+01,1.0000000000e+00,7.8177819754e+01
1.2677418018e+02,1.0000000000e+00,1.2677418018e+02
1.7014017218e+02,1.0000000000e+00,1.7014017218e+02
1.9432930247e+02,1.0000000000e+00,1.9432930247e+02
1.9992399455e+02,1.0000000000e+00,1.9992399455e+02
1.9669085266e+02,1.0000000000e+00,1.9669085266e+02
1.9009043172e+02,1.0000000000e+00,1.9009043172e+02
1.7671435540e+02,1.0000000000e+00,1.7671435540e+02
1.5400171362e+02,1.0000000000e+00,1.5400171362e+02
1.3016164496e+02,1.0000000000e+00,1.3016164496e+02
1.2025147392e+02,1.0000000000e+00,1.2025147392e+02
1.3232188241e+02,1.0000000000e+00,1.3232188241e+02
1.5861518005e+02,1.0000000000e+00,1.5861518005e+02
1.8003831905e+02,1.0000000000e+00,1.8003831905e+02
1.7958882800e+02,1.0000000000e+00,1.7958882800e+02
1.5436613058e+02,1.0000000000e+00,1.5436613058e+02
1.1728631783e+02,1.0000000000e+00,1.1728631783e+02
8.7253866558e+01,1.0000000000e+00,8.7253866558e+01
7.6700282718e+01,1.0000000000e+00,7.6700282718e+01
8.6680034669e+01,1.0000000000e+00,8.6680034669e+01
1.0941565626e+02,1.0000000000e+00,1.0941565626e+02
1.3294636286e+02,1.0000000000e+00,1.3294636286e+02
1.4756415641e+02,1.0000000000e+00,1.4756415641e+02
1.5267759183e+02,1.0000000000e+00,1.5267759183e+02
1.5644032081e+02,1.0000000000e+00,1.5644032081e+02
1.6669608795e+02,1.0000000000e+00,1.6669608795e+02
1.8385977627e+02,1.0000000000e+00,1.8385977627e+02
2.0283876455e+02,1.0000000000e+00,2.0283876455e+02
2.1840307330e+02,1.0000000000e+00,2.1840307330e+02
2.2721385181e+02,1.0000000000e+00,2.2721385181e+02
2.2676232723e+02,1.0000000000e+00,2.2676232723e+02
2.1425108059e+02,1.0000000000e+00,2.1425108059e+02
1.8798304871e+02,1.0000000000e+00,1.8798304871e+02
1.5138015485e+02,1.0000000000e+00,1.5138015485e+02
1.1441138532e+02,1.0000000000e+00,1.1441138532e+02
8.7830173091e+01,1.0000000000e+00,8.7830173091e+01
7.5942898679e+01,1.0000000000e+00,7.5942898679e+01
7.6907981946e+01,1.0000000000e+00,7.6907981946e+01
8.7607175405e+01,1.0000000000e+00,8.7607175405e+01
1.0409251634e+02,1.0000000000e+00,1.0409251634e+02
1.1951308047e+02,1.0000000000e+00,1.1951308047e+02
1.2749963282e+02,1.0000000000e+00,1.2749963282e+02
1.2859788303e+02,1.0000000000e+00,1.2859788303e+02
1.3008328340e+02,1.0000000000e+00,1.3008328340e+02
1.3797187488e+02,1.0000000000e+00,1.3797187488e+02
1.5037869708e+02,1.0000000000e+00,1.5037869708e+02
1.5958047571e+02,1.0000000000e+00,1.5958047571e+02
1.6023934888e+02,1.0000000000e+00,1.6023934888e+02
1.5475266183e+02,1.0000000000e+00,1.5475266183e+02
1.4975220984e+02,1.0000000000e+00,1.4975220984e+02
1.4826488144e+02,1.0000000000e+00,1.4826488144e+02
1.4821003749e+02,1.0000000000e+00,1.4821003749e+02
1.4823431903e+02,1.0000000000e+00,1.4823431903e+02
1.4947368755e+02,1.0000000000e+00,1.4947368755e+02
1.4982433273e+02,1.0000000000e+00,1.4982433273e+02
1.4263909642e+02,1.0000000000e+00,1.4263909642e+02
1.2532267640e+02,1.0000000000e+00,1.2532267640e+02
1.0578388636e+02,1.0000000000e+00,1.0578388636e+02
9.6104444825e+01,1.0000000000e+00,9.6104444825e+01
1.0018106216e+02,1.0000000000e+00,1.0018106216e+02
1.1006802941e+02,1.0000000000e+00,1.1006802941e+02
1.1539397230e+02,1.0000000000e+00,1.1539397230e+02
1.1479310871e+02,1.0000000000e+00,1.1479310871e+02
1.1584618784e+02,1.0000000000e+00,1.1584618784e+02
1.2504840229e+02,1.0000000000e+00,1.2504840229e+02
1.4198380111e+02,1.0000000000e+00,1.4198380111e+02
1.6282083743e+02,1.0000000000e+00,1.6282083743e+02
1.8370020131e+02,1.0000000000e+00,1.8370020131e+02
1.9873354428e+02,1.0000000000e+00,1.9873354428e+02
1.9900102929e+02,1.0000000000e+00,1.9900102929e+02
1.7803285182e+02,1.0000000000e+00,1.7803285182e+02
1.4001781306e+02,1.0000000000e+00,1.4001781306e+02
1.0190492023e+02,1.0000000000e+00,1.0190492023e+02
8.4600254102e+01,1.0000000000e+00,8.4600254102e+01
9.8994473024e+01,1.0000000000e+00,9.8994473024e+01
1.3872163780e+02,1.0000000000e+00,1.3872163780e+02
1.8528768865e+02,1.0000000000e+00,1.8528768865e+02
2.2009655847e+02,1.0000000000e+00,2.2009655847e+02
2.3384282241e+02,1.0000000000e+00,2.3384282241e+02
2.2809565082e+02,1.0000000000e+00,2.2809565082e+02
2.1063355440e+02,1.0000000000e+00,2.1063355440e+02
1.8916691338e+02,1.0000000000e+00,1.8916691338e+02
1.6750521902e+02,1.0000000000e+00,1.6750521902e+02
1.4686089808e+02,1.0000000000e+00,1.4686089808e+02
1.3037040835e+02,1.0000000000e+00,1.3037040835e+02
1.2391404034e+02,1.0000000000e+00,1.2391404034e+02
1.3065795895e+02,1.0000000000e+00,1.3065795895e+02
1.4569721850e+02,1.0000000000e+00,1.4569721850e+02
1.5787755622e+02,1.0000000000e+00,1.5787755622e+02
1.5829906406e+02,1.0000000000e+00,1.5829906406e+02
1.4779509131e+02,1.0000000000e+00,1.4779509131e+02
1.3598215803e+02,1.0000000000e+00,1.3598215803e+02
1.3241017038e+02,1.0000000000e+00,1.3241017038e+02
1.3843453734e+02,1.0000000000e+00,1.3843453734e+02
1.4782284357e+02,1.0000000000e+00,1.4782284357e+02
1.5413557836e+02,1.0000000000e+00,1.5413557836e+02
1.5604551276e+02,1.0000000000e+00,1.5604551276e+02
1.5603833340e+02,1.0000000000e+00,1.5603833340e+02
1.5559491013e+02,1.0000000000e+00,1.5559491013e+02
1.5330489695e+02,1.0000000000e+00,1.5330489695e+02
1.4888754453e+02,1.0000000000e+00,1.4888754453e+02
1.4738381036e+02,1.0000000000e+00,1.4738381036e+02
1.5578832348e+02,1.0000000000e+00,1.5578832348e+02
1.7465359196e+02,1.0000000000e+00,1.7465359196e+02
1.9494785669e+02,1.0000000000e+00,1.9494785669e+02
2.0443056203e+02,1.0000000000e+00,2.0443056203e+02
1.9673701543e+02,1.0000000000e+00,1.9673701543e+02
1.7411507141e+02,1.0000000000e+00,1.7411507141e+02
1.4374994733e+02,1.0000000000e+00,1.4374994733e+02
1.1507136649e+02,1.0000000000e+00,1.1507136649e+02
9.9699655150e+01,1.0000000000e+00,9.9699655150e+01
1.0710471564e+02,1.0000000000e+00,1.0710471564e+02
1.3475206140e+02,1.0000000000e+00,1.3475206140e+02
1.6443647582e+02,1.0000000000e+00,1.6443647582e+02
1.7477117063e+02,1.0000000000e+00,1.7477117063e+02
1.6097719302e+02,1.0000000000e+00,1.6097719302e+02
1.4033691732e+02,1.0000000000e+00,1.4033691732e+02
1.3447500777e+02,1.0000000000e+00,1.3447500777e+02
1.4653873983e+02,1.0000000000e+00,1.4653873983e+02
1.5925368248e+02,1.0000000000e+00,1.5925368248e+02
1.5605136994e+02,1.0000000000e+00,1.5605136994e+02
1.4047805157e+02,1.0000000000e+00,1.4047805157e+02
1.3204126372e+02,1.0000000000e+00,1.3204126372e+02
1.4486023993e+02,1.0000000000e+00,1.4486023993e+02
1.7350251844e+02,1.0000000000e+00,1.7350251844e+02
1.9797178243e+02,1.0000000000e+00,1.9797178243e+02
1.9889687328e+02,1.0000000000e+00,1.9889687328e+02
1.7040028406e+02,1.0000000000e+00,1.7040028406e+02
1.2456361719e+02,1.0000000000e+00,1.2456361719e+02
8.5077318967e+01,1.0000000000e+00,8.5077318967e+01
7.2353390762e+01,1.0000000000e+00,7.2353390762e+01
8.9728511130e+01,1.0000000000e+00,8.9728511130e+01
1.2172834595e+02,1.0000000000e+00,1.2172834595e+02
1.4553389360e+02,1.0000000000e+00,1.4553389360e+02
1.4551482105e+02,1.0000000000e+00,1.4551482105e+02
1.2099860235e+02,1.0000000000e+00,1.2099860235e+02
8.5323998328e+01,1.0000000000e+00,8.5323998328e+01
5.8740129079e+01,1.0000000000e+00,5.8740129079e+01
5.8587044433e+01,1.0000000000e+00,5.8587044433e+01
9.0222442960e+01,1.0000000000e+00,9.0222442960e+01
1.4262383336e+02,1.0000000000e+00,1.4262383336e+02
1.9298715072e+02,1.0000000000e+00,1.9298715072e+02
2.1927966316e+02,1.0000000000e+00,2.1927966316e+02
2.1157586565e+02,1.0000000000e+00,2.1157586565e+02
1.7448926311e+02,1.0000000000e+00,1.7448926311e+02
1.2220823311e+02,1.0000000000e+00,1.2220823311e+02
7.1866585032e+01,1.0000000000e+00,7.1866585032e+01
3.8556790677e+01,1.0000000000e+00,3.8556790677e+01
3.2268979202e+01,1.0000000000e+00,3.2268979202e+01
5.5583672057e+01,1.0000000000e+00,5.5583672057e+01
1.0181692887e+02,1.0000000000e+00,1.0181692887e+02
1.5626340719e+02,1.0000000000e+00,1.5626340719e+02
2.0239163642e+02,1.0000000000e+00,2.0239163642e+02
2.2876876795e+02,1.0000000000e+00,2.2876876795e+02
2.3113872513e+02,1.0000000000e+00,2.3113872513e+02
2.1056722229e+02,1.0000000000e+00,2.1056722229e+02
1.7239475647e+02,1.0000000000e+00,1.7239475647e+02
1.2741578877e+02,1.0000000000e+00,1.2741578877e+02
9.1421546068e+01,1.0000000000e+00,9.1421546068e+01
7.8430652435e+01,1.0000000000e+00,7.8430652435e+01
9.0672200738e+01,1.0000000000e+00,9.0672200738e+01
1.1606858329e+02,1.0000000000e+00,1.1606858329e+02
1.3825804751e+02,1.0000000000e+00,1.3825804751e+02
1.5018540105e+02,1.0000000000e+00,1.5018540105e+02
1.5686256923e+02,1.0000000000e+00,1.5686256923e+02
1.6504855864e+02,1.0000000000e+00,1.6504855864e+02
1.7464147429e+02,1.0000000000e+00,1.7464147429e+02
1.8222962855e+02,1.0000000000e+00,1.8222962855e+02
1.8775568353e+02,1.0000000000e+00,1.8775568353e+02
1.9386852518e+02,1.0000000000e+00,1.9386852518e+02
2.0172839548e+02,1.0000000000e+00,2.0172839548e+02
2.1000701197e+02,1.0000000000e+00,2.1000701197e+02
2.1602951561e+02,1.0000000000e+00,2.1602951561e+02
2.1570507991e+02,1.0000000000e+00,2.1570507991e+02
2.0381747475e+02,1.0000000000e+00,2.0381747475e+02
1.7824161457e+02,1.0000000000e+00,1.7824161457e+02
1.4622150167e+02,1.0000000000e+00,1.4622150167e+02
1.2442555459e+02,1.0000000000e+00,1.2442555459e+02
1.2710726180e+02,1.0000000000e+00,1.2710726180e+02
1.5144178895e+02,1.0000000000e+00,1.5144178895e+02
1.7838259687e+02,1.0000000000e+00,1.7838259687e+02
1.9112854613e+02,1.0000000000e+00,1.9112854613e+02
1.9043559123e+02,1.0000000000e+00,1.9043559123e+02
1.9007644026e+02,1.0000000000e+00,1.9007644026e+02
1.9977639203e+02,1.0000000000e+00,1.9977639203e+02
2.1493963939e+02,1.0000000000e+00,2.1493963939e+02
2.2159577076e+02,1.0000000000e+00,2.2159577076e+02
2.0891230127e+02,1.0000000000e+00,2.0891230127e+02
1.7815580060e+02,1.0000000000e+00,1.7815580060e+02
1.4273704250e+02,1.0000000000e+00,1.4273704250e+02
1.2023308322e+02,1.0000000000e+00,1.2023308322e+02
1.2209334044e+02,1.0000000000e+00,1.2209334044e+02
1.4674830927e+02,1.0000000000e+00,1.4674830927e+02
1.7918849898e+02,1.0000000000e+00,1.7918849898e+02
1.9929610625e+02,1.0000000000e+00,1.9929610625e+02
1.9602087273e+02,1.0000000000e+00,1.9602087273e+02
1.7588859764e+02,1.0000000000e+00,1.7588859764e+02
1.5647597177e+02,1.0000000000e+00,1.5647597177e+02
1.5059002941e+02,1.0000000000e+00,1.5059002941e+02
1.5798868389e+02,1.0000000000e+00,1.5798868389e+02
1.7154090048e+02,1.0000000000e+00,1.7154090048e+02
1.8564197097e+02,1.0000000000e+00,1.8564197097e+02
1.9604078111e+02,1.0000000000e+00,1.9604078111e+02
1.9725444623e+02,1.0000000000e+00,1.9725444623e+02
1.8630167900e+02,1.0000000000e+00,1.8630167900e+02
1.6812579759e+02,1.0000000000e+00,1.6812579759e+02
1.5261452265e+02,1.0000000000e+00,1.5261452265e+02
1.4515474744e+02,1.0000000000e+00,1.4515474744e+02
1.4352025489e+02,1.0000000000e+00,1.4352025489e+02
1.4400971304e+02,1.0000000000e+00,1.4400971304e+02
1.4545402041e+02,1.0000000000e+00,1.4545402041e+02
1.4611367284e+02,1.0000000000e+00,1.4611367284e+02
1.4183465888e+02,1.0000000000e+00,1.4183465888e+02
1.3089481006e+02,1.0000000000e+00,1.3089481006e+02
1.1925645729e+02,1.0000000000e+00,1.1925645729e+02
1.1757809366e+02,1.0000000000e+00,1.1757809366e+02
1.3111405574e+02,1.0000000000e+00,1.3111405574e+02
1.5385159191e+02,1.0000000000e+00,1.5385159191e+02
1.7487374906e+02,1.0000000000e+00,1.7487374906e+02
1.8907430381e+02,1.0000000000e+00,1.8907430381e+02
1.9781025347e+02,1.0000000000e+00,1.9781025347e+02
2.0023569834e+02,1.0000000000e+00,2.0023569834e+02
1.9063201226e+02,1.0000000000e+00,1.9063201226e+02
1.6785661250e+02,1.0000000000e+00,1.6785661250e+02
1.4377773025e+02,1.0000000000e+00,1.4377773025e+02
1.3630000355e+02,1.0000000000e+00,1.3630000355e+02
1.5204198249e+02,1.0000000000e+00,1.5204198249e+02
1.7828697429e+02,1.0000000000e+00,1.7828697429e+02
1.9316924812e+02,1.0000000000e+00,1.9316924812e+02
1.8270823928e+02,1.0000000000e+00,1.8270823928e+02
1.4970858193e+02,1.0000000000e+00,1.4970858193e+02
1.0997617550e+02,1.0000000000e+00,1.0997617550e+02
8.0627640463e+01,1.0000000000e+00,8.0627640463e+01
7.0123819779e+01,1.0000000000e+00,7.0123819779e+01
7.7072777059e+01,1.0000000000e+00,7.7072777059e+01
9.4520701465e+01,1.0000000000e+00,9.4520701465e+01
1.1310687059e+02,1.0000000000e+00,1.1310687059e+02
1.2505911246e+02,1.0000000000e+00,1.2505911246e+02
1.3074619722e+02,1.0000000000e+00,1.3074619722e+02
1.3798246129e+02,1.0000000000e+00,1.3798246129e+02
1.5003002975e+02,1.0000000000e+00,1.5003002975e+02
1.5850701504e+02,1.0000000000e+00,1.5850701504e+02
1.5425499025e+02,1.0000000000e+00,1.5425499025e+02
1.4248220143e+02,1.0000000000e+00,1.4248220143e+02
1.4005482813e+02,1.0000000000e+00,1.4005482813e+02
1.5695204669e+02,1.0000000000e+00,1.5695204669e+02
1.8538629858e+02,1.0000000000e+00,1.8538629858e+02
2.0823538070e+02,1.0000000000e+00,2.0823538070e+02
2.1370339515e+02,1.0000000000e+00,2.1370339515e+02
2.0115249845e+02,1.0000000000e+00,2.0115249845e+02
1.7836990623e+02,1.0000000000e+00,1.7836990623e+02
1.5728393064e+02,1.0000000000e+00,1.5728393064e+02
1.4980024859e+02,1.0000000000e+00,1.4980024859e+02
1.6151381183e+02,1.0000000000e+00,1.6151381183e+02
1.8613192346e+02,1.0000000000e+00,1.8613192346e+02
2.0810023325e+02,1.0000000000e+00,2.0810023325e+02
2.1377515981e+02,1.0000000000e+00,2.1377515981e+02
2.0148274303e+02,1.0000000000e+00,2.0148274303e+02
1.8167207689e+02,1.0000000000e+00,1.8167207689e+02
1.6728301580e+02,1.0000000000e+00,1.6728301580e+02
1.6302757252e+02,1.0000000000e+00,1.6302757252e+02
1.6386994940e+02,1.0000000000e+00,1.6386994940e+02
1.6284861636e+02,1.0000000000e+00,1.6284861636e+02
1.5726238201e+02,1.0000000000e+00,1.5726238201e+02
1.4748498915e+02,1.0000000000e+00,1.4748498915e+02
1.3549862737e+02,1.0000000000e+00,1.3549862737e+02
1.2726581531e+02,1.0000000000e+00,1.2726581531e+02
1.3109228453e+02,1.0000000000e+00,1.3109228453e+02
1.4845467170e+02,1.0000000000e+00,1.4845467170e+02
1.6885462039e+02,1.0000000000e+00,1.6885462039e+02
1.7863894441e+02,1.0000000000e+00,1.7863894441e+02
1.7518193904e+02,1.0000000000e+00,1.7518193904e+02
1.6929448549e+02,1.0000000000e+00,1.6929448549e+02
1.7201893703e+02,1.0000000000e+00,1.7201893703e+02
1.8084293737e+02,1.0000000000e+00,1.8084293737e+02
1.8212585501e+02,1.0000000000e+00,1.8212585501e+02
1.6756291381e+02,1.0000000000e+00,1.6756291381e+02
1.4541419318e+02,1.0000000000e+00,1.4541419318e+02
1.3303893754e+02,1.0000000000e+00,1.3303893754e+02
1.3889064674e+02,1.0000000000e+00,1.3889064674e+02
1.5428106541e+02,1.0000000000e+00,1.5428106541e+02
1.6338311057e+02,1.0000000000e+00,1.6338311057e+02
1.5930927709e+02,1.0000000000e+00,1.5930927709e+02
1.4984592917e+02,1.0000000000e+00,1.4984592917e+02
1.4909632700e+02,1.0000000000e+00,1.4909632700e+02
1.6407771254e+02,1.0000000000e+00,1.6407771254e+02
1.8852864537e+02,1.0000000000e+00,1.8852864537e+02
2.0876053448e+02,1.0000000000e+00,2.0876053448e+02
2.1496029458e+02,1.0000000000e+00,2.1496029458e+02
2.0766444552e+02,1.0000000000e+00,2.0766444552e+02
1.9551925268e+02,1.0000000000e+00,1.9551925268e+02
1.8807051735e+02,1.0000000000e+00,1.8807051735e+02
1.8958618914e+02,1.0000000000e+00,1.8958618914e+02
1.9769259177e+02,1.0000000000e+00,1.9769259177e+02
2.0674930894e+02,1.0000000000e+00,2.0674930894e+02
2.1186534830e+02,1.0000000000e+00,2.1186534830e+02
2.0930767819e+02,1.0000000000e+00,2.0930767819e+02
1.9539953751e+02,1.0000000000e+00,1.9539953751e+02
1.6980810088e+02,1.0000000000e+00,1.6980810088e+02
1.4157641222e+02,1.0000000000e+00,1.4157641222e+02
1.2746857013e+02,1.0000000000e+00,1.2746857013e+02
1.3854646689e+02,1.0000000000e+00,1.3854646689e+02
1.6770641437e+02,1.0000000000e+00,1.6770641437e+02
1.9378434917e+02,1.0000000000e+00,1.9378434917e+02
1.9896075167e+02,1.0000000000e+00,1.9896075167e+02
1.8110232995e+02,1.0000000000e+00,1.8110232995e+02
1.5132441569e+02,1.0000000000e+00,1.5132441569e+02
1.2383696796e+02,1.0000000000e+00,1.2383696796e+02
1.0796637934e+02,1.0000000000e+00,1.0796637934e+02
1.0515702987e+02,1.0000000000e+00,1.0515702987e+02
1.1102102979e+02,1.0000000000e+00,1.1102102979e+02
1.2114102121e+02,1.0000000000e+00,1.2114102121e+02
1.3474971277e+02,1.0000000000e+00,1.3474971277e+02
1.5262784276e+02,1.0000000000e+00,1.5262784276e+02
1.7299796072e+02,1.0000000000e+00,1.7299796072e+02
1.8987887121e+02,1.0000000000e+00,1.8987887121e+02
1.9577718186e+02,1.0000000000e+00,1.9577718186e+02
1.8798683849e+02,1.0000000000e+00,1.8798683849e+02
1.7269899110e+02,1.0000000000e+00,1.7269899110e+02
1.6114687976e+02,1.0000000000e+00,1.6114687976e+02
1.6049361375e+02,1.0000000000e+00,1.6049361375e+02
1.6902675951e+02,1.0000000000e+00,1.6902675951e+02
1.8047680802e+02,1.0000000000e+00,1.8047680802e+02
1.9051949502e+02,1.0000000000e+00,1.9051949502e+02
1.9732778208e+02,1.0000000000e+00,1.9732778208e+02
1.9910989030e+02,1.0000000000e+00,1.9910989030e+02
1.9544785984e+02,1.0000000000e+00,1.9544785984e+02
1.9032209931e+02,1.0000000000e+00,1.9032209931e+02
1.8951882734e+02,1.0000000000e+00,1.8951882734e+02
1.9351384759e+02,1.0000000000e+00,1.9351384759e+02
1.9586550853e+02,1.0000000000e+00,1.9586550853e+02
1.9081741332e+02,1.0000000000e+00,1.9081741332e+02
1.8081322576e+02,1.0000000000e+00,1.8081322576e+02
1.7425944996e+02,1.0000000000e+00,1.7425944996e+02
1.7576756644e+02,1.0000000000e+00,1.7576756644e+02
1.8034093882e+02,1.0000000000e+00,1.8034093882e+02
1.7894361687e+02,1.0000000000e+00,1.7894361687e+02
1.6865414074e+02,1.0000000000e+00,1.6865414074e+02
1.5439797945e+02,1.0000000000e+00,1.5439797945e+02
1.4144731848e+02,1.0000000000e+00,1.4144731848e+02
1.3067916659e+02,1.0000000000e+00,1.3067916659e+02
1.2224066730e+02,1.0000000000e+00,1.2224066730e+02
1.1896839029e+02,1.0000000000e+00,1.1896839029e+02
1.2233629011e+02,1.0000000000e+00,1.2233629011e+02
1.2798126395e+02,1.0000000000e+00,1.2798126395e+02
1.3043724999e+02,1.0000000000e+00,1.3043724999e+02
1.3181680429e+02,1.0000000000e+00,1.3181680429e+02
1.4100741042e+02,1.0000000000e+00,1.4100741042e+02
1.6307129741e+02,1.0000000000e+00,1.6307129741e+02
1.9239338755e+02,1.0000000000e+00,1.9239338755e+02
2.1722092565e+02,1.0000000000e+00,2.1722092565e+02
2.2892488230e+02,1.0000000000e+00,2.2892488230e+02
2.2638200319e+02,1.0000000000e+00,2.2638200319e+02
2.1380363478e+02,1.0000000000e+00,2.1380363478e+02
1.9676529066e+02,1.0000000000e+00,1.9676529066e+02
1.8058347874e+02,1.0000000000e+00,1.8058347874e+02
1.7031865241e+02,1.0000000000e+00,1.7031865241e+02
1.6941209731e+02,1.0000000000e+00,1.6941209731e+02
1.7763695251e+02,1.0000000000e+00,1.7763695251e+02
1.9136113509e+02,1.0000000000e+00,1.9136113509e+02
2.0592240670e+02,1.0000000000e+00,2.0592240670e+02
2.1781928385e+02,1.0000000000e+00,2.1781928385e+02
2.2542671537e+02,1.0000000000e+00,2.2542671537e+02
2.2794720114e+02,1.0000000000e+00,2.2794720114e+02
2.2367881921e+02,1.0000000000e+00,2.2367881921e+02
2.1027725352e+02,1.0000000000e+00,2.1027725352e+02
1.8890329646e+02,1.0000000000e+00,1.8890329646e+02
1.6880183890e+02,1.0000000000e+00,1.6880183890e+02
1.6375627204e+02,1.0000000000e+00,1.6375627204e+02
1.7917478261e+02,1.0000000000e+00,1.7917478261e+02
2.0362335576e+02,1.0000000000e+00,2.0362335576e+02
2.1649247599e+02,1.0000000000e+00,2.1649247599e+02
2.0453586488e+02,1.0000000000e+00,2.0453586488e+02
1.7246518965e+02,1.0000000000e+00,1.7246518965e+02
1.4064525778e+02,1.0000000000e+00,1.4064525778e+02
1.3108013666e+02,1.0000000000e+00,1.3108013666e+02
1.5071793015e+02,1.0000000000e+00,1.5071793015e+02
1.8593719375e+02,1.0000000000e+00,1.8593719375e+02
2.1305434999e+02,1.0000000000e+00,2.1305434999e+02
2.1454754965e+02,1.0000000000e+00,2.1454754965e+02
1.8798946313e+02,1.0000000000e+00,1.8798946313e+02
1.4434386434e+02,1.0000000000e+00,1.4434386434e+02
1.0027707146e+02,1.0000000000e+00,1.0027707146e+02
6.9980359869e+01,1.0000000000e+00,6.9980359869e+01
6.0178311648e+01,1.0000000000e+00,6.0178311648e+01
6.9822498733e+01,1.0000000000e+00,6.9822498733e+01
9.2971103152e+01,1.0000000000e+00,9.2971103152e+01
1.2220366957e+02,1.0000000000e+00,1.2220366957e+02
1.5144584505e+02,1.0000000000e+00,1.5144584505e+02
1.7713427585e+02,1.0000000000e+00,1.7713427585e+02
1.9660620602e+02,1.0000000000e+00,1.9660620602e+02
2.0643394805e+02,1.0000000000e+00,2.0643394805e+02
2.0420380385e+02,1.0000000000e+00,2.0420380385e+02
1.9121036422e+02,1.0000000000e+00,1.9121036422e+02
1.7186161498e+02,1.0000000000e+00,1.7186161498e+02
1.5139352045e+02,1.0000000000e+00,1.5139352045e+02
1.3519060113e+02,1.0000000000e+00,1.3519060113e+02
1.2829012517e+02,1.0000000000e+00,1.2829012517e+02
1.3242958653e+02,1.0000000000e+00,1.3242958653e+02
1.4273057354e+02,1.0000000000e+00,1.4273057354e+02
1.4978524240e+02,1.0000000000e+00,1.4978524240e+02
1.4873400364e+02,1.0000000000e+00,1.4873400364e+02
1.4582641711e+02,1.0000000000e+00,1.4582641711e+02
1.5169501683e+02,1.0000000000e+00,1.5169501683e+02
1.6813652630e+02,1.0000000000e+00,1.6813652630e+02
1.8561139038e+02,1.0000000000e+00,1.8561139038e+02
1.9308427653e+02,1.0000000000e+00,1.9308427653e+02
1.8647247206e+02,1.0000000000e+00,1.8647247206e+02
1.6875434248e+02,1.0000000000e+00,1.6875434248e+02
1.4617598851e+02,1.0000000000e+00,1.4617598851e+02
1.2531474577e+02,1.0000000000e+00,1.2531474577e+02
1.1171997648e+02,1.0000000000e+00,1.1171997648e+02
1.0866775020e+02,1.0000000000e+00,1.0866775020e+02
1.1538480316e+02,1.0000000000e+00,1.1538480316e+02
1.2734825694e+02,1.0000000000e+00,1.2734825694e+02
1.4055956356e+02,1.0000000000e+00,1.4055956356e+02
1.5521490927e+02,1.0000000000e+00,1.5521490927e+02
1.7268728589e+02,1.0000000000e+00,1.7268728589e+02
1.8883427064e+02,1.0000000000e+00,1.8883427064e+02
1.9394666595e+02,1.0000000000e+00,1.9394666595e+02
1.8253982534e+02,1.0000000000e+00,1.8253982534e+02
1.6234702881e+02,1.0000000000e+00,1.6234702881e+02
1.5017343504e+02,1.0000000000e+00,1.5017343504e+02
1.5699342794e+02,1.0000000000e+00,1.5699342794e+02
1.7831511231e+02,1.0000000000e+00,1.7831511231e+02
2.0020168946e+02,1.0000000000e+00,2.0020168946e+02
2.1278925962e+02,1.0000000000e+00,2.1278925962e+02
2.1594219489e+02,1.0000000000e+00,2.1594219489e+02
2.1377850494e+02,1.0000000000e+00,2.1377850494e+02
2.0798425430e+02,1.0000000000e+00,2.0798425430e+02
1.9757014536e+02,1.0000000000e+00,1.9757014536e+02
1.8210728962e+02,1.0000000000e+00,1.8210728962e+02
1.6324484441e+02,1.0000000000e+00,1.6324484441e+02
1.4473149853e+02,1.0000000000e+00,1.4473149853e+02
1.3221007541e+02,1.0000000000e+00,1.3221007541e+02
1.3141433612e+02,1.0000000000e+00,1.3141433612e+02
1.4415439115e+02,1.0000000000e+00,1.4415439115e+02
1.6513940300e+02,1.0000000000e+00,1.6513940300e+02
1.8461036738e+02,1.0000000000e+00,1.8461036738e+02
1.9611620530e+02,1.0000000000e+00,1.9611620530e+02
2.0068533113e+02,1.0000000000e+00,2.0068533113e+02
2.0318245665e+02,1.0000000000e+00,2.0318245665e+02
2.0729688714e+02,1.0000000000e+00,2.0729688714e+02
2.1390026488e+02,1.0000000000e+00,2.1390026488e+02
2.2030106820e+02,1.0000000000e+00,2.2030106820e+02
2.1964454830e+02,1.0000000000e+00,2.1964454830e+02
2.0405858804e+02,1.0000000000e+00,2.0405858804e+02
1.7221230959e+02,1.0000000000e+00,1.7221230959e+02
1.3481998991e+02,1.0000000000e+00,1.3481998991e+02
1.0995850498e+02,1.0000000000e+00,1.0995850498e+02
1.0953094829e+02,1.0000000000e+00,1.0953094829e+02
1.2921495146e+02,1.0000000000e+00,1.2921495146e+02
1.5170783642e+02,1.0000000000e+00,1.5170783642e+02
1.6029759154e+02,1.0000000000e+00,1.6029759154e+02
1.5081488334e+02,1.0000000000e+00,1.5081488334e+02
1.3198445858e+02,1.0000000000e+00,1.3198445858e+02
1.1614744975e+02,1.0000000000e+00,1.1614744975e+02
1.1128037684e+02,1.0000000000e+00,1.1128037684e+02
1.1925258418e+02,1.0000000000e+00,1.1925258418e+02
1.3649959517e+02,1.0000000000e+00,1.3649959517e+02
1.5604860889e+02,1.0000000000e+00,1.5604860889e+02
1.7265267282e+02,1.0000000000e+00,1.7265267282e+02
1.8607487719e+02,1.0000000000e+00,1.8607487719e+02
1.9686260501e+02,1.0000000000e+00,1.9686260501e+02
2.0063785039e+02,1.0000000000e+00,2.0063785039e+02
1.9078574226e+02,1.0000000000e+00,1.9078574226e+02
1.6775877749e+02,1.0000000000e+00,1.6775877749e+02
1.4360050385e+02,1.0000000000e+00,1.4360050385e+02
1.3447563927e+02,1.0000000000e+00,1.3447563927e+02
1.4659983832e+02,1.0000000000e+00,1.4659983832e+02
1.6927979405e+02,1.0000000000e+00,1.6927979405e+02
1.8356253168e+02,1.0000000000e+00,1.8356253168e+02
1.7947275280e+02,1.0000000000e+00,1.7947275280e+02
1.6440020785e+02,1.0000000000e+00,1.6440020785e+02
1.5414900422e+02,1.0000000000e+00,1.5414900422e+02
1.5804271447e+02,1.0000000000e+00,1.5804271447e+02
1.7415417350e+02,1.0000000000e+00,1.7415417350e+02
1.9532800658e+02,1.0000000000e+00,1.9532800658e+02
2.1499967508e+02,1.0000000000e+00,2.1499967508e+02
2.2715086333e+02,1.0000000000e+00,2.2715086333e+02
2.2491873535e+02,1.0000000000e+00,2.2491873535e+02
2.0390628763e+02,1.0000000000e+00,2.0390628763e+02
1.6903643457e+02,1.0000000000e+00,1.6903643457e+02
1.3636419465e+02,1.0000000000e+00,1.3636419465e+02
1.2332442754e+02,1.0000000000e+00,1.2332442754e+02
1.3426459528e+02,1.0000000000e+00,1.3426459528e+02
1.5714521443e+02,1.0000000000e+00,1.5714521443e+02
1.7553811513e+02,1.0000000000e+00,1.7553811513e+02
1.8193944035e+02,1.0000000000e+00,1.8193944035e+02
1.7992165829e+02,1.0000000000e+00,1.7992165829e+02
1.7755230647e+02,1.0000000000e+00,1.7755230647e+02
1.8047690943e+02,1.0000000000e+00,1.8047690943e+02
1.8850382811e+02,1.0000000000e+00,1.8850382811e+02
1.9589589457e+02,1.0000000000e+00,1.9589589457e+02
1.9595867274e+02,1.0000000000e+00,1.9595867274e+02
1.8812161208e+02,1.0000000000e+00,1.8812161208e+02
1.7978452062e+02,1.0000000000e+00,1.7978452062e+02
1.7826272047e+02,1.0000000000e+00,1.7826272047e+02
1.8184908690e+02,1.0000000000e+00,1.8184908690e+02
1.8261624763e+02,1.0000000000e+00,1.8261624763e+02
1.7776106630e+02,1.0000000000e+00,1.7776106630e+02
1.7318775621e+02,1.0000000000e+00,1.7318775621e+02
1.7364257206e+02,1.0000000000e+00,1.7364257206e+02
1.7389014640e+02,1.0000000000e+00,1.7389014640e+02
1.6466373684e+02,1.0000000000e+00,1.6466373684e+02
1.4591326381e+02,1.0000000000e+00,1.4591326381e+02
1.2972206902e+02,1.0000000000e+00,1.2972206902e+02
1.2865442207e+02,1.0000000000e+00,1.2865442207e+02
1.4204261430e+02,1.0000000000e+00,1.4204261430e+02
1.5466506724e+02,1.0000000000e+00,1.5466506724e+02
1.4962739267e+02,1.0000000000e+00,1.4962739267e+02
1.2266012793e+02,1.0000000000e+00,1.2266012793e+02
8.4767566518e+01,1.0000000000e+00,8.4767566518e+01
5.3968729740e+01,1.0000000000e+00,5.3968729740e+01
4.5733658026e+01,1.0000000000e+00,4.5733658026e+01
6.7080283602e+01,1.0000000000e+00,6.7080283602e+01
1.1295545934e+02,1.0000000000e+00,1.1295545934e+02
1.6575237712e+02,1.0000000000e+00,1.6575237712e+02
2.0251475514e+02,1.0000000000e+00,2.0251475514e+02
2.0796367816e+02,1.0000000000e+00,2.0796367816e+02
1.8282062663e+02,1.0000000000e+00,1.8282062663e+02
1.4118734491e+02,1.0000000000e+00,1.4118734491e+02
1.0180863732e+02,1.0000000000e+00,1.0180863732e+02
8.0719306566e+01,1.0000000000e+00,8.0719306566e+01
8.6961976883e+01,1.0000000000e+00,8.6961976883e+01
1.1918091692e+02,1.0000000000e+00,1.1918091692e+02
1.6452529501e+02,1.0000000000e+00,1.6452529501e+02
2.0440281811e+02,1.0000000000e+00,2.0440281811e+02
2.2476960470e+02,1.0000000000e+00,2.2476960470e+02
2.2159993771e+02,1.0000000000e+00,2.2159993771e+02
1.9843159476e+02,1.0000000000e+00,1.9843159476e+02
1.6248753256e+02,1.0000000000e+00,1.6248753256e+02
1.2351573671e+02,1.0000000000e+00,1.2351573671e+02
9.2285631741e+01,1.0000000000e+00,9.2285631741e+01
7.7109009306e+01,1.0000000000e+00,7.7109009306e+01
8.1325470299e+01,1.0000000000e+00,8.1325470299e+01
1.0255861448e+02,1.0000000000e+00,1.0255861448e+02
1.3226519142e+02,1.0000000000e+00,1.3226519142e+02
1.5764704371e+02,1.0000000000e+00,1.5764704371e+02
1.6851081487e+02,1.0000000000e+00,1.6851081487e+02
1.6492509531e+02,1.0000000000e+00,1.6492509531e+02
1.5780801660e+02,1.0000000000e+00,1.5780801660e+02
1.6059365724e+02,1.0000000000e+00,1.6059365724e+02
1.7881653876e+02,1.0000000000e+00,1.7881653876e+02
2.0597384727e+02,1.0000000000e+00,2.0597384727e+02
2.2766895234e+02,1.0000000000e+00,2.2766895234e+02
2.2980932218e+02,1.0000000000e+00,2.2980932218e+02
2.0648777999e+02,1.0000000000e+00,2.0648777999e+02
1.6508464954e+02,1.0000000000e+00,1.6508464954e+02
1.2448709117e+02,1.0000000000e+00,1.2448709117e+02
1.0345891911e+02,1.0000000000e+00,1.0345891911e+02
1.0699159103e+02,1.0000000000e+00,1.0699159103e+02
1.2448021775e+02,1.0000000000e+00,1.2448021775e+02
1.4052014965e+02,1.0000000000e+00,1.4052014965e+02
1.4526589981e+02,1.0000000000e+00,1.4526589981e+02
1.3700097534e+02,1.0000000000e+00,1.3700097534e+02
1.2120986657e+02,1.0000000000e+00,1.2120986657e+02
1.0887172460e+02,1.0000000000e+00,1.0887172460e+02
1.0990869896e+02,1.0000000000e+00,1.0990869896e+02
1.2298673358e+02,1.0000000000e+00,1.2298673358e+02
1.3400885296e+02,1.0000000000e+00,1.3400885296e+02
1.3015351154e+02,1.0000000000e+00,1.3015351154e+02
1.1537273770e+02,1.0000000000e+00,1.1537273770e+02
1.0728171133e+02,1.0000000000e+00,1.0728171133e+02
1.1768910040e+02,1.0000000000e+00,1.1768910040e+02
1.4024544512e+02,1.0000000000e+00,1.4024544512e+02
1.5888970864e+02,1.0000000000e+00,1.5888970864e+02
1.6480559179e+02,1.0000000000e+00,1.6480559179e+02
1.6247296884e+02,1.0000000000e+00,1.6247296884e+02
1.6189536805e+02,1.0000000000e+00,1.6189536805e+02
1.6860681908e+02,1.0000000000e+00,1.6860681908e+02
1.8025801546e+02,1.0000000000e+00,1.8025801546e+02
1.8986524262e+02,1.0000000000e+00,1.8986524262e+02
1.9202665027e+02,1.0000000000e+00,1.9202665027e+02
1.8690856360e+02,1.0000000000e+00,1.8690856360e+02
1.7882224573e+02,1.0000000000e+00,1.7882224573e+02
1.7238603400e+02,1.0000000000e+00,1.7238603400e+02
1.6995416168e+02,1.0000000000e+00,1.6995416168e+02
1.7003810577e+02,1.0000000000e+00,1.7003810577e+02
1.6822997139e+02,1.0000000000e+00,1.6822997139e+02
1.6269663146e+02,1.0000000000e+00,1.6269663146e+02
1.5823064000e+02,1.0000000000e+00,1.5823064000e+02
1.6118686973e+02,1.0000000000e+00,1.6118686973e+02
1.6976765801e+02,1.0000000000e+00,1.6976765801e+02
1.7220788528e+02,1.0000000000e+00,1.7220788528e+02
1.5670032235e+02,1.0000000000e+00,1.5670032235e+02
1.2290084019e+02,1.0000000000e+00,1.2290084019e+02
8.3629152764e+01,1.0000000000e+00,8.3629152764e+01
5.6873316133e+01,1.0000000000e+00,5.6873316133e+01
5.6188758237e+01,1.0000000000e+00,5.6188758237e+01
8.4552114779e+01,1.0000000000e+00,8.4552114779e+01
1.3191106119e+02,1.0000000000e+00,1.3191106119e+02
1.7744982980e+02,1.0000000000e+00,1.7744982980e+02
1.9867889405e+02,1.0000000000e+00,1.9867889405e+02
1.8436011265e+02,1.0000000000e+00,1.8436011265e+02
1.4193032832e+02,1.0000000000e+00,1.4193032832e+02
9.2979989120e+01,1.0000000000e+00,9.2979989120e+01
6.1068603395e+01,1.0000000000e+00,6.1068603395e+01
6.0816781210e+01,1.0000000000e+00,6.0816781210e+01
9.1957872286e+01,1.0000000000e+00,9.1957872286e+01
1.3878564302e+02,1.0000000000e+00,1.3878564302e+02
1.7741943717e+02,1.0000000000e+00,1.7741943717e+02
1.9016958875e+02,1.0000000000e+00,1.9016958875e+02
1.7782259108e+02,1.0000000000e+00,1.7782259108e+02
1.5884678206e+02,1.0000000000e+00,1.5884678206e+02
1.5420063699e+02,1.0000000000e+00,1.5420063699e+02
1.7002732956e+02,1.0000000000e+00,1.7002732956e+02
1.9399499583e+02,1.0000000000e+00,1.9399499583e+02
2.0782222279e+02,1.0000000000e+00,2.0782222279e+02
2.0302256674e+02,1.0000000000e+00,2.0302256674e+02
1.8629957089e+02,1.0000000000e+00,1.8629957089e+02
1.7173159109e+02,1.0000000000e+00,1.7173159109e+02
1.6746222157e+02,1.0000000000e+00,1.6746222157e+02
1.6924166976e+02,1.0000000000e+00,1.6924166976e+02
1.6668926520e+02,1.0000000000e+00,1.6668926520e+02
1.5453467716e+02,1.0000000000e+00,1.5453467716e+02
1.3696340828e+02,1.0000000000e+00,1.3696340828e+02
1.2333397767e+02,1.0000000000e+00,1.2333397767e+02
1.2212888403e+02,1.0000000000e+00,1.2212888403e+02
1.3710556786e+02,1.0000000000e+00,1.3710556786e+02
1.6479188991e+02,1.0000000000e+00,1.6479188991e+02
1.9420984019e+02,1.0000000000e+00,1.9420984019e+02
2.1168501283e+02,1.0000000000e+00,2.1168501283e+02
2.0922487274e+02,1.0000000000e+00,2.0922487274e+02
1.8993943913e+02,1.0000000000e+00,1.8993943913e+02
1.6594287650e+02,1.0000000000e+00,1.6594287650e+02
1.5033377533e+02,1.0000000000e+00,1.5033377533e+02
1.4886112010e+02,1.0000000000e+00,1.4886112010e+02
1.5694480375e+02,1.0000000000e+00,1.5694480375e+02
1.6389429524e+02,1.0000000000e+00,1.6389429524e+02
1.6088223945e+02,1.0000000000e+00,1.6088223945e+02
1.4684484533e+02,1.0000000000e+00,1.4684484533e+02
1.2796275217e+02,1.0000000000e+00,1.2796275217e+02
1.1094238939e+02,1.0000000000e+00,1.1094238939e+02
9.6796729195e+01,1.0000000000e+00,9.6796729195e+01
8.2805521240e+01,1.0000000000e+00,8.2805521240e+01
7.0229872503e+01,1.0000000000e+00,7.0229872503e+01
6.6755609633e+01,1.0000000000e+00,6.6755609633e+01
7.9604510586e+01,1.0000000000e+00,7.9604510586e+01
1.0738225130e+02,1.0000000000e+00,1.0738225130e+02
1.3940508306e+02,1.0000000000e+00,1.3940508306e+02
1.6265575329e+02,1.0000000000e+00,1.6265575329e+02
1.6986987946e+02,1.0000000000e+00,1.6986987946e+02
1.6271333677e+02,1.0000000000e+00,1.6271333677e+02
1.4911740695e+02,1.0000000000e+00,1.4911740695e+02
1.3817069588e+02,1.0000000000e+00,1.3817069588e+02
1.3618268335e+02,1.0000000000e+00,1.3618268335e+02
1.4458082967e+02,1.0000000000e+00,1.4458082967e+02
1.5929227721e+02,1.0000000000e+00,1.5929227721e+02
1.7309572636e+02,1.0000000000e+00,1.7309572636e+02
1.8069251418e+02,1.0000000000e+00,1.8069251418e+02
1.8194501352e+02,1.0000000000e+00,1.8194501352e+02
1.8007571585e+02,1.0000000000e+00,1.8007571585e+02
1.7761790500e+02,1.0000000000e+00,1.7761790500e+02
1.7536845721e+02,1.0000000000e+00,1.7536845721e+02
1.7497461544e+02,1.0000000000e+00,1.7497461544e+02
1.8006639584e+02,1.0000000000e+00,1.8006639584e+02
1.9270204992e+02,1.0000000000e+00,1.9270204992e+02
2.0880290203e+02,1.0000000000e+00,2.0880290203e+02
2.1827573545e+02,1.0000000000e+00,2.1827573545e+02
2.1093560388e+02,1.0000000000e+00,2.1093560388e+02
1.8409283711e+02,1.0000000000e+00,1.8409283711e+02
1.4593310003e+02,1.0000000000e+00,1.4593310003e+02
1.1177994493e+02,1.0000000000e+00,1.1177994493e+02
9.6117735598e+01,1.0000000000e+00,9.6117735598e+01
1.0563995153e+02,1.0000000000e+00,1.0563995153e+02
1.3550328973e+02,1.0000000000e+00,1.3550328973e+02
1.6961928120e+02,1.0000000000e+00,1.6961928120e+02
1.8762108266e+02,1.0000000000e+00,1.8762108266e+02
1.7719853159e+02,1.0000000000e+00,1.7719853159e+02
1.4268978793e+02,1.0000000000e+00,1.4268978793e+02
1.0206494412e+02,1.0000000000e+00,1.0206494412e+02
7.4743001155e+01,1.0000000000e+00,7.4743001155e+01
7.0114082628e+01,1.0000000000e+00,7.0114082628e+01
8.4805530411e+01,1.0000000000e+00,8.4805530411e+01
1.0828647636e+02,1.0000000000e+00,1.0828647636e+02
1.2991244208e+02,1.0000000000e+00,1.2991244208e+02
1.4282991558e+02,1.0000000000e+00,1.4282991558e+02
1.4616547100e+02,1.0000000000e+00,1.4616547100e+02
1.4576678781e+02,1.0000000000e+00,1.4576678781e+02
1.4896566186e+02,1.0000000000e+00,1.4896566186e+02
1.5530366724e+02,1.0000000000e+00,1.5530366724e+02
1.5574244438e+02,1.0000000000e+00,1.5574244438e+02
1.4382391113e+02,1.0000000000e+00,1.4382391113e+02
1.2444693889e+02,1.0000000000e+00,1.2444693889e+02
1.0991378050e+02,1.0000000000e+00,1.0991378050e+02
1.0966827356e+02,1.0000000000e+00,1.0966827356e+02
1.2390205648e+02,1.0000000000e+00,1.2390205648e+02
1.4453261679e+02,1.0000000000e+00,1.4453261679e+02
1.6123965178e+02,1.0000000000e+00,1.6123965178e+02
1.6776638668e+02,1.0000000000e+00,1.6776638668e+02
1.6550050771e+02,1.0000000000e+00,1.6550050771e+02
1.6315345410e+02,1.0000000000e+00,1.6315345410e+02
1.7054672729e+02,1.0000000000e+00,1.7054672729e+02
1.8859111888e+02,1.0000000000e+00,1.8859111888e+02
2.0511677687e+02,1.0000000000e+00,2.0511677687e+02
2.0316744119e+02,1.0000000000e+00,2.0316744119e+02
1.7530416467e+02,1.0000000000e+00,1.7530416467e+02
1.3078340846e+02,1.0000000000e+00,1.3078340846e+02
8.9077170898e+01,1.0000000000e+00,8.9077170898e+01
6.6085806778e+01,1.0000000000e+00,6.6085806778e+01
6.5925119522e+01,1.0000000000e+00,6.5925119522e+01
8.3129404920e+01,1.0000000000e+00,8.3129404920e+01
1.0781835322e+02,1.0000000000e+00,1.0781835322e+02
1.2773150984e+02,1.0000000000e+00,1.2773150984e+02
1.3183414532e+02,1.0000000000e+00,1.3183414532e+02
1.1923935986e+02,1.0000000000e+00,1.1923935986e+02
1.0429182551e+02,1.0000000000e+00,1.0429182551e+02
1.0719540418e+02,1.0000000000e+00,1.0719540418e+02
1.3571263844e+02,1.0000000000e+00,1.3571263844e+02
1.7585697983e+02,1.0000000000e+00,1.7585697983e+02
2.0174093478e+02,1.0000000000e+00,2.0174093478e+02
1.9584754686e+02,1.0000000000e+00,1.9584754686e+02
1.6214716807e+02,1.0000000000e+00,1.6214716807e+02
1.2233887073e+02,1.0000000000e+00,1.2233887073e+02
9.9256329597e+01,1.0000000000e+00,9.9256329597e+01
1.0066172960e+02,1.0000000000e+00,1.0066172960e+02
1.1574434860e+02,1.0000000000e+00,1.1574434860e+02
1.2633535188e+02,1.0000000000e+00,1.2633535188e+02
1.2337830207e+02,1.0000000000e+00,1.2337830207e+02
1.1444704962e+02,1.0000000000e+00,1.1444704962e+02
1.1540317713e+02,1.0000000000e+00,1.1540317713e+02
1.3489578849e+02,1.0000000000e+00,1.3489578849e+02
1.6687859337e+02,1.0000000000e+00,1.6687859337e+02
1.9618365662e+02,1.0000000000e+00,1.9618365662e+02
2.1016984048e+02,1.0000000000e+00,2.1016984048e+02
2.0696036829e+02,1.0000000000e+00,2.0696036829e+02
1.9453674887e+02,1.0000000000e+00,1.9453674887e+02
1.8214199043e+02,1.0000000000e+00,1.8214199043e+02
1.7305883405e+02,1.0000000000e+00,1.7305883405e+02
1.6619071710e+02,1.0000000000e+00,1.6619071710e+02
1.6252836816e+02,1.0000000000e+00,1.6252836816e+02
1.6642347677e+02,1.0000000000e+00,1.6642347677e+02
1.7873025379e+02,1.0000000000e+00,1.7873025379e+02
1.9027360215e+02,1.0000000000e+00,1.9027360215e+02
1.8581144577e+02,1.0000000000e+00,1.8581144577e+02
1.5680069504e+02,1.0000000000e+00,1.5680069504e+02
1.1007070589e+02,1.0000000000e+00,1.1007070589e+02
6.4247128378e+01,1.0000000000e+00,6.4247128378e+01
3.8895713890e+01,1.0000000000e+00,3.8895713890e+01
4.5115867488e+01,1.0000000000e+00,4.5115867488e+01
8.0340215007e+01,1.0000000000e+00,8.0340215007e+01
1.2774164110e+02,1.0000000000e+00,1.2774164110e+02
1.6333372667e+02,1.0000000000e+00,1.6333372667e+02
1.6995729977e+02,1.0000000000e+00,1.6995729977e+02
1.4819780289e+02,1.0000000000e+00,1.4819780289e+02
1.1444676013e+02,1.0000000000e+00,1.1444676013e+02
8.8147440204e+01,1.0000000000e+00,8.8147440204e+01
8.0048536326e+01,1.0000000000e+00,8.0048536326e+01
8.9978048107e+01,1.0000000000e+00,8.9978048107e+01
1.1167939540e+02,1.0000000000e+00,1.1167939540e+02
1.3726940769e+02,1.0000000000e+00,1.3726940769e+02
1.5857833267e+02,1.0000000000e+00,1.5857833267e+02
1.6913346182e+02,1.0000000000e+00,1.6913346182e+02
1.6893424910e+02,1.0000000000e+00,1.6893424910e+02
1.6534991543e+02,1.0000000000e+00,1.6534991543e+02
1.6433978189e+02,1.0000000000e+00,1.6433978189e+02
1.6157289760e+02,1.0000000000e+00,1.6157289760e+02
1.4741459542e+02,1.0000000000e+00,1.4741459542e+02
1.2093780105e+02,1.0000000000e+00,1.2093780105e+02
9.4985416690e+01,1.0000000000e+00,9.4985416690e+01
8.6296348119e+01,1.0000000000e+00,8.6296348119e+01
1.0117257620e+02,1.0000000000e+00,1.0117257620e+02
1.2935588371e+02,1.0000000000e+00,1.2935588371e+02
1.5123771462e+02,1.0000000000e+00,1.5123771462e+02
1.5293773654e+02,1.0000000000e+00,1.5293773654e+02
1.3671573389e+02,1.0000000000e+00,1.3671573389e+02
1.1858280928e+02,1.0000000000e+00,1.1858280928e+02
1.1600978796e+02,1.0000000000e+00,1.1600978796e+02
1.3470406658e+02,1.0000000000e+00,1.3470406658e+02
1.6309451062e+02,1.0000000000e+00,1.6309451062e+02
1.7940047032e+02,1.0000000000e+00,1.7940047032e+02
1.6774209070e+02,1.0000000000e+00,1.6774209070e+02
1.3027835311e+02,1.0000000000e+00,1.3027835311e+02
8.4136914556e+01,1.0000000000e+00,8.4136914556e+01
4.7641603223e+01,1.0000000000e+00,4.7641603223e+01
3.1114992954e+01,1.0000000000e+00,3.1114992954e+01
3.7866947403e+01,1.0000000000e+00,3.7866947403e+01
6.6102358142e+01,1.0000000000e+00,6.6102358142e+01
1.0586296871e+02,1.0000000000e+00,1.0586296871e+02
1.3960385725e+02,1.0000000000e+00,1.3960385725e+02
1.5371236394e+02,1.0000000000e+00,1.5371236394e+02
1.4988668240e+02,1.0000000000e+00,1.4988668240e+02
1.4041263614e+02,1.0000000000e+00,1.4041263614e+02
1.3270415536e+02,1.0000000000e+00,1.3270415536e+02
1.2398558170e+02,1.0000000000e+00,1.2398558170e+02
1.1128377652e+02,1.0000000000e+00,1.1128377652e+02
1.0030752759e+02,1.0000000000e+00,1.0030752759e+02
1.0116995178e+02,1.0000000000e+00,1.0116995178e+02
1.1758077748e+02,1.0000000000e+00,1.1758077748e+02
1.4175305369e+02,1.0000000000e+00,1.4175305369e+02
1.5884018281e+02,1.0000000000e+00,1.5884018281e+02
1.5656889076e+02,1.0000000000e+00,1.5656889076e+02
1.3310601331e+02,1.0000000000e+00,1.3310601331e+02
9.8557217373e+01,1.0000000000e+00,9.8557217373e+01
7.0752905067e+01,1.0000000000e+00,7.0752905067e+01
6.7448129739e+01,1.0000000000e+00,6.7448129739e+01
9.6007011532e+01,1.0000000000e+00,9.6007011532e+01
1.4682059074e+02,1.0000000000e+00,1.4682059074e+02
1.9922986422e+02,1.0000000000e+00,1.9922986422e+02
2.3580215275e+02,1.0000000000e+00,2.3580215275e+02
2.5000000000e+02,1.0000000000e+00,2.5000000000e+02
2.4234270103e+02,1.0000000000e+00,2.4234270103e+02
2.1490185418e+02,1.0000000000e+00,2.1490185418e+02
1.7296710918e+02,1.0000000000e+00,1.7296710918e+02
1.3036764340e+02,1.0000000000e+00,1.3036764340e+02
1.0714428272e+02,1.0000000000e+00,1.0714428272e+02
1.1595952140e+02,1.0000000000e+00,1.1595952140e+02
1.5030232579e+02,1.0000000000e+00,1.5030232579e+02
1.8953322035e+02,1.0000000000e+00,1.8953322035e+02
2.1594985909e+02,1.0000000000e+00,2.1594985909e+02
2.2485141568e+02,1.0000000000e+00,2.2485141568e+02
2.2032008816e+02,1.0000000000e+00,2.2032008816e+02
2.0756116776e+02,1.0000000000e+00,2.0756116776e+02
1.9184285154e+02,1.0000000000e+00,1.9184285154e+02
1.8054855683e+02,1.0000000000e+00,1.8054855683e+02
1.8063585264e+02,1.0000000000e+00,1.8063585264e+02
1.9293078407e+02,1.0000000000e+00,1.9293078407e+02
2.1082948066e+02,1.0000000000e+00,2.1082948066e+02
2.2484642139e+02,1.0000000000e+00,2.2484642139e+02
2.2727092070e+02,1.0000000000e+00,2.2727092070e+02
2.1401971773e+02,1.0000000000e+00,2.1401971773e+02
1.8659905732e+02,1.0000000000e+00,1.8659905732e+02
1.5488986060e+02,1.0000000000e+00,1.5488986060e+02
1.3534299885e+02,1.0000000000e+00,1.3534299885e+02
1.4078378018e+02,1.0000000000e+00,1.4078378018e+02
1.6811607136e+02,1.0000000000e+00,1.6811607136e+02
1.9668244238e+02,1.0000000000e+00,1.9668244238e+02
2.0200671368e+02,1.0000000000e+00,2.0200671368e+02
1.7391097926e+02,1.0000000000e+00,1.7391097926e+02
1.2309279053e+02,1.0000000000e+00,1.2309279053e+02
7.1416025671e+01,1.0000000000e+00,7.1416025671e+01
6.1213736289e+01,1.0000000000e+00,6.1213736289e+01
5.1011446908e+01,1.0000000000e+00,5.1011446908e+01
4.0809157526e+01,1.0000000000e+00,4.0809157526e+01
3.8669893960e+01,1.0000000000e+00,3.8669893960e+01
7.3392116183e+01,1.0000000000e+00,7.3392116183e+01
1.0416666667e+02,1.0000000000e+00,1.0416666667e+02
1.2500000000e+02,1.0000000000e+00,1.2500000000e+02
1.0416666667e+02,1.0000000000e+00,1.0416666667e+02
8.9285714286e+01,1.0000000000e+00,8.9285714286e+01
7.4404761905e+01,1.0000000000e+00,7.4404761905e+01
5.9523809524e+01,1.0000000000e+00,5.9523809524e+01
4.6137985867e+01,1.0000000000e+00,4.6137985867e+01
9.4904582278e+01,1.0000000000e+00,9.4904582278e+01
1.4778005581e+02,1.0000000000e+00,1.4778005581e+02
1.8030292881e+02,1.0000000000e+00,1.8030292881e+02
1.7783965690e+02,1.0000000000e+00,1.7783965690e+02
1.4566015993e+02,1.0000000000e+00,1.4566015993e+02
1.0330370026e+02,1.0000000000e+00,1.0330370026e+02
6.9714849889e+01,1.0000000000e+00,6.9714849889e+01
5.3389791820e+01,1.0000000000e+00,5.3389791820e+01
5.3199597652e+01,1.0000000000e+00,5.3199597652e+01
7.4953598111e+01,1.0000000000e+00,7.4953598111e+01
9.4898154319e+01,1.0000000000e+00,9.4898154319e+01
1.1303326628e+02,1.0000000000e+00,1.1303326628e+02
1.2500000000e+02,1.0000000000e+00,1.2500000000e+02
1.0926413711e+02,1.0000000000e+00,1.0926413711e+02
8.9183056639e+01,1.0000000000e+00,8.9183056639e+01
6.9376144075e+01,1.0000000000e+00,6.9376144075e+01
4.9843399423e+01,1.0000000000e+00,4.9843399423e+01
3.0584822683e+01,1.0000000000e+00,3.0584822683e+01
4.8872687371e+01,1.0000000000e+00,4.8872687371e+01
6.8081861340e+01,1.0000000000e+00,6.8081861340e+01
8.8212344587e+01,1.0000000000e+00,8.8212344587e+01
1.0926413711e+02,1.0000000000e+00,1.0926413711e+02
1.2500000000e+02,1.0000000000e+00,1.2500000000e+02
1.0693053306e+02,1.0000000000e+00,1.0693053306e+02
8.5988670669e+01,1.0000000000e+00,8.5988670669e+01
5.7155081930e+01,1.0000000000e+00,5.7155081930e+01
3.1588793084e+01,1.0000000000e+00,3.1588793084e+01
2.3515355342e+01,1.0000000000e+00,2.3515355342e+01
3.8957272942e+01,1.0000000000e+00,3.8957272942e+01
7.3679495165e+01,1.0000000000e+00,7.3679495165e+01
1.0416666667e+02,1.0000000000e+00,1.0416666667e+02
1.2500000000e+02,1.0000000000e+00,1.2500000000e+02
1.1106630560e+02,1.0000000000e+00,1.1106630560e+02
8.5576348430e+01,1.0000000000e+00,8.5576348430e+01
5.9433587698e+01,1.0000000000e+00,5.9433587698e+01
3.0886061363e+01,1.0000000000e+00,3.0886061363e+01
4.9714613664e+01,1.0000000000e+00,4.9714613664e+01
6.9062178130e+01,1.0000000000e+00,6.9062178130e+01
8.8928754762e+01,1.0000000000e+00,8.8928754762e+01
1.1095771632e+02,1.0000000000e+00,1.1095771632e+02
1.2500000000e+02,1.0000000000e+00,1.2500000000e+02
1.1251893861e+02,1.0000000000e+00,1.1251893861e+02
9.0151269500e+01,1.0000000000e+00,9.0151269500e+01
7.0984371114e+01,1.0000000000e+00,7.0984371114e+01
5.2397995069e+01,1.0000000000e+00,5.2397995069e+01
3.4392141366e+01,1.0000000000e+00,3.4392141366e+01
4.7405618486e+01,1.0000000000e+00,4.7405618486e+01
7.5750491459e+01,1.0000000000e+00,7.5750491459e+01
1.0788845768e+02,1.0000000000e+00,1.0788845768e+02
1.2764299945e+02,1.0000000000e+00,1.2764299945e+02
1.2400057076e+02,1.0000000000e+00,1.2400057076e+02
9.8533698050e+01,1.0000000000e+00,9.8533698050e+01
6.3135615937e+01,1.0000000000e+00,6.3135615937e+01
3.2613091673e+01,1.0000000000e+00,3.2613091673e+01
2.2111462598e+01,1.0000000000e+00,2.2111462598e+01
3.3721296122e+01,1.0000000000e+00,3.3721296122e+01
7.4115784302e+01,1.0000000000e+00,7.4115784302e+01
1.2868933598e+02,1.0000000000e+00,1.2868933598e+02
1.7548207334e+02,1.0000000000e+00,1.7548207334e+02
1.9480007901e+02,1.0000000000e+00,1.9480007901e+02
1.8161145553e+02,1.0000000000e+00,1.8161145553e+02
1.4787208666e+02,1.0000000000e+00,1.4787208666e+02
1.1248501153e+02,1.0000000000e+00,1.1248501153e+02
8.7658216612e+01,1.0000000000e+00,8.7658216612e+01
7.3812431414e+01,1.0000000000e+00,7.3812431414e+01
6.6113480204e+01,1.0000000000e+00,6.6113480204e+01
6.3022066606e+01,1.0000000000e+00,6.3022066606e+01
6.6537887148e+01,1.0000000000e+00,6.6537887148e+01
7.5533327557e+01,1.0000000000e+00,7.5533327557e+01
8.2126088923e+01,1.0000000000e+00,8.2126088923e+01
7.6797555232e+01,1.0000000000e+00,7.6797555232e+01
5.7700790699e+01,1.0000000000e+00,5.7700790699e+01
3.5118987413e+01,1.0000000000e+00,3.5118987413e+01
2.6632617233e+01,1.0000000000e+00,2.6632617233e+01
4.6055347378e+01,1.0000000000e+00,4.6055347378e+01
9.3128401129e+01,1.0000000000e+00,9.3128401129e+01
1.5098089688e+02,1.0000000000e+00,1.5098089688e+02
1.9455839177e+02,1.0000000000e+00,1.9455839177e+02
2.0507363527e+02,1.0000000000e+00,2.0507363527e+02
1.8020324805e+02,1.0000000000e+00,1.8020324805e+02
1.3372362349e+02,1.0000000000e+00,1.3372362349e+02
8.6488864228e+01,1.0000000000e+00,8.6488864228e+01
5.5800887783e+01,1.0000000000e+00,5.5800887783e+01
4.9446812028e+01,1.0000000000e+00,4.9446812028e+01
6.5251023311e+01,1.0000000000e+00,6.5251023311e+01
9.3369731510e+01,1.0000000000e+00,9.3369731510e+01
1.1996506617e+02,1.0000000000e+00,1.1996506617e+02
1.3237587518e+02,1.0000000000e+00,1.3237587518e+02
1.2454835426e+02,1.0000000000e+00,1.2454835426e+02
9.9919067225e+01,1.0000000000e+00,9.9919067225e+01
6.9426335753e+01,1.0000000000e+00,6.9426335753e+01
4.5550779058e+01,1.0000000000e+00,4.5550779058e+01
3.6650119321e+01,1.0000000000e+00,3.6650119321e+01
6.3769104704e+01,1.0000000000e+00,6.3769104704e+01
8.8310738226e+01,1.0000000000e+00,8.8310738226e+01
1.1027501989e+02,1.0000000000e+00,1.1027501989e+02
1.2500000000e+02,1.0000000000e+00,1.2500000000e+02
1.0955722676e+02,1.0000000000e+00,1.0955722676e+02
8.9544228407e+01,1.0000000000e+00,8.9544228407e+01
7.0004251256e+01,1.0000000000e+00,7.0004251256e+01
5.0937295310e+01,1.0000000000e+00,5.0937295310e+01
3.2343360568e+01,1.0000000000e+00,3.2343360568e+01
3.9630002748e+01,1.0000000000e+00,3.9630002748e+01
6.5666952656e+01,1.0000000000e+00,6.5666952656e+01
1.0234561115e+02,1.0000000000e+00,1.0234561115e+02
1.3414865013e+02,1.0000000000e+00,1.3414865013e+02
1.4705506347e+02,1.0000000000e+00,1.4705506347e+02
1.3940955279e+02,1.0000000000e+00,1.3940955279e+02
1.2360271258e+02,1.0000000000e+00,1.2360271258e+02
1.1531726237e+02,1.0000000000e+00,1.1531726237e+02
1.2158069506e+02,1.0000000000e+00,1.2158069506e+02
1.3953951712e+02,1.0000000000e+00,1.3953951712e+02
1.6294573614e+02,1.0000000000e+00,1.6294573614e+02
1.8560669177e+02,1.0000000000e+00,1.8560669177e+02
2.0101247198e+02,1.0000000000e+00,2.0101247198e+02
2.0475764141e+02,1.0000000000e+00,2.0475764141e+02
1.9907351628e+02,1.0000000000e+00,1.9907351628e+02
1.9222947769e+02,1.0000000000e+00,1.9222947769e+02
1.9072862679e+02,1.0000000000e+00,1.9072862679e+02
1.9209826293e+02,1.0000000000e+00,1.9209826293e+02
1.8760904388e+02,1.0000000000e+00,1.8760904388e+02
1.7278412396e+02,1.0000000000e+00,1.7278412396e+02
1.5341468130e+02,1.0000000000e+00,1.5341468130e+02
1.4013484579e+02,1.0000000000e+00,1.4013484579e+02
1.3746800323e+02,1.0000000000e+00,1.3746800323e+02
1.3846054381e+02,1.0000000000e+00,1.3846054381e+02
1.3021596314e+02,1.0000000000e+00,1.3021596314e+02
1.0549211204e+02,1.0000000000e+00,1.0549211204e+02
7.0227915348e+01,1.0000000000e+00,7.0227915348e+01
4.1000611947e+01,1.0000000000e+00,4.1000611947e+01
3.5035999193e+01,1.0000000000e+00,3.5035999193e+01
5.9692208276e+01,1.0000000000e+00,5.9692208276e+01
1.0699079564e+02,1.0000000000e+00,1.0699079564e+02
1.5613825074e+02,1.0000000000e+00,1.5613825074e+02
1.8363868656e+02,1.0000000000e+00,1.8363868656e+02
1.7619640882e+02,1.0000000000e+00,1.7619640882e+02
1.3849668676e+02,1.0000000000e+00,1.3849668676e+02
8.9364032300e+01,1.0000000000e+00,8.9364032300e+01
4.8638718289e+01,1.0000000000e+00,4.8638718289e+01
2.6466607931e+01,1.0000000000e+00,2.6466607931e+01
2.1658902980e+01,1.0000000000e+00,2.1658902980e+01
3.8510101010e+01,1.0000000000e+00,3.8510101010e+01
7.3232323232e+01,1.0000000000e+00,7.3232323232e+01
1.0416666667e+02,1.0000000000e+00,1.0416666667e+02
1.2500000000e+02,1.0000000000e+00,1.2500000000e+02
1.0416666667e+02,1.0000000000e+00,1.0416666667e+02
7.3232323232e+01,1.0000000000e+00,7.3232323232e+01
3.8510101010e+01,1.0000000000e+00,3.8510101010e+01
2.8139064483e+01,1.0000000000e+00,2.8139064483e+01
4.5907092439e+01,1.0000000000e+00,4.5907092439e+01
8.9808902071e+01,1.0000000000e+00,8.9808902071e+01
1.3859808273e+02,1.0000000000e+00,1.3859808273e+02
1.6884350327e+02,1.0000000000e+00,1.6884350327e+02
1.6676108343e+02,1.0000000000e+00,1.6676108343e+02
1.3763540384e+02,1.0000000000e+00,1.3763540384e+02
9.9573441570e+01,1.0000000000e+00,9.9573441570e+01
7.0009857987e+01,1.0000000000e+00,7.0009857987e+01
5.8803796491e+01,1.0000000000e+00,5.8803796491e+01
6.8651193358e+01,1.0000000000e+00,6.8651193358e+01
9.5494896012e+01,1.0000000000e+00,9.5494896012e+01
1.2830482463e+02,1.0000000000e+00,1.2830482463e+02
1.5270581506e+02,1.0000000000e+00,1.5270581506e+02
1.5768306780e+02,1.0000000000e+00,1.5768306780e+02
1.4034364116e+02,1.0000000000e+00,1.4034364116e+02
1.0679751591e+02,1.0000000000e+00,1.0679751591e+02
6.9619321400e+01,1.0000000000e+00,6.9619321400e+01
4.2284141761e+01,1.0000000000e+00,4.2284141761e+01
3.2990790190e+01,1.0000000000e+00,3.2990790190e+01
6.0859417462e+01,1.0000000000e+00,6.0859417462e+01
8.6417531298e+01,1.0000000000e+00,8.6417531298e+01
1.0966513170e+02,1.0000000000e+00,1.0966513170e+02
1.2500000000e+02,1.0000000000e+00,1.2500000000e+02
1.0416666667e+02,1.0000000000e+00,1.0416666667e+02
7.3709967669e+01,1.0000000000e+00,7.3709967669e+01
6.3179972288e+01,1.0000000000e+00,6.3179972288e+01
5.2649976907e+01,1.0000000000e+00,5.2649976907e+01
4.2119981525e+01,1.0000000000e+00,4.2119981525e+01
3.1589986144e+01,1.0000000000e+00,3.1589986144e+01
6.1278785407e+01,1.0000000000e+00,6.1278785407e+01
1.0434662560e+02,1.0000000000e+00,1.0434662560e+02
1.4091379839e+02,1.0000000000e+00,1.4091379839e+02
1.5235535325e+02,1.0000000000e+00,1.5235535325e+02
1.3176516069e+02,1.0000000000e+00,1.3176516069e+02
8.9338922585e+01,1.0000000000e+00,8.9338922585e+01
4.6902485027e+01,1.0000000000e+00,4.6902485027e+01
2.6611959305e+01,1.0000000000e+00,2.6611959305e+01
4.0709772141e+01,1.0000000000e+00,4.0709772141e+01
8.5589735994e+01,1.0000000000e+00,8.5589735994e+01
1.4244217459e+02,1.0000000000e+00,1.4244217459e+02
1.8643766900e+02,1.0000000000e+00,1.8643766900e+02
2.0010973726e+02,1.0000000000e+00,2.0010973726e+02
1.8122773632e+02,1.0000000000e+00,1.8122773632e+02
1.4078501953e+02,1.0000000000e+00,1.4078501953e+02
9.5358685150e+01,1.0000000000e+00,9.5358685150e+01
5.9716164598e+01,1.0000000000e+00,5.9716164598e+01
4.2762173259e+01,1.0000000000e+00,4.2762173259e+01
4.6933155826e+01,1.0000000000e+00,4.6933155826e+01
6.8621288969e+01,1.0000000000e+00,6.8621288969e+01
9.8109091279e+01,1.0000000000e+00,9.8109091279e+01
1.2132906451e+02,1.0000000000e+00,1.2132906451e+02
1.2558985098e+02,1.0000000000e+00,1.2558985098e+02
1.0646894762e+02,1.0000000000e+00,1.0646894762e+02
7.0978653748e+01,1.0000000000e+00,7.0978653748e+01
3.5006148169e+01,1.0000000000e+00,3.5006148169e+01
2.0499497888e+01,1.0000000000e+00,2.0499497888e+01
2.6492345497e+01,1.0000000000e+00,2.6492345497e+01
6.3906499399e+01,1.0000000000e+00,6.3906499399e+01
1.1326106230e+02,1.0000000000e+00,1.1326106230e+02
1.5202415692e+02,1.0000000000e+00,1.5202415692e+02
1.6297550632e+02,1.0000000000e+00,1.6297550632e+02
1.4452324187e+02,1.0000000000e+00,1.4452324187e+02
1.1060282837e+02,1.0000000000e+00,1.1060282837e+02
7.9726571802e+01,1.0000000000e+00,7.9726571802e+01
6.2367387706e+01,1.0000000000e+00,6.2367387706e+01
5.7139928150e+01,1.0000000000e+00,5.7139928150e+01
5.6984183700e+01,1.0000000000e+00,5.6984183700e+01
5.7066717085e+01,1.0000000000e+00,5.7066717085e+01
5.6677819543e+01,1.0000000000e+00,5.6677819543e+01
5.5675229709e+01,1.0000000000e+00,5.5675229709e+01
5.1728029087e+01,1.0000000000e+00,5.1728029087e+01
4.2196005887e+01,1.0000000000e+00,4.2196005887e+01
3.6168005046e+01,1.0000000000e+00,3.6168005046e+01
3.0140004205e+01,1.0000000000e+00,3.0140004205e+01
3.6275856735e+01,1.0000000000e+00,3.6275856735e+01
5.4413785103e+01,1.0000000000e+00,5.4413785103e+01
1.0476746780e+02,1.0000000000e+00,1.0476746780e+02
1.5690046827e+02,1.0000000000e+00,1.5690046827e+02
1.8799211141e+02,1.0000000000e+00,1.8799211141e+02
1.8632642694e+02,1.0000000000e+00,1.8632642694e+02
1.5803363101e+02,1.0000000000e+00,1.5803363101e+02
1.2049617947e+02,1.0000000000e+00,1.2049617947e+02
9.0625403403e+01,1.0000000000e+00,9.0625403403e+01
7.7443596428e+01,1.0000000000e+00,7.7443596428e+01
8.1351710012e+01,1.0000000000e+00,8.1351710012e+01
9.7086267910e+01,1.0000000000e+00,9.7086267910e+01
1.1666606381e+02,1.0000000000e+00,1.1666606381e+02
1.3083404586e+02,1.0000000000e+00,1.3083404586e+02
1.3064909005e+02,1.0000000000e+00,1.3064909005e+02
1.1178216602e+02,1.0000000000e+00,1.1178216602e+02
7.9318115718e+01,1.0000000000e+00,7.9318115718e+01
4.6663125667e+01,1.0000000000e+00,4.6663125667e+01
2.7944477180e+01,1.0000000000e+00,2.7944477180e+01
3.1114907480e+01,1.0000000000e+00,3.1114907480e+01
5.6078959051e+01,1.0000000000e+00,5.6078959051e+01
9.5339719729e+01,1.0000000000e+00,9.5339719729e+01
1.3558993505e+02,1.0000000000e+00,1.3558993505e+02
1.6246783331e+02,1.0000000000e+00,1.6246783331e+02
1.6801281593e+02,1.0000000000e+00,1.6801281593e+02
1.5502385545e+02,1.0000000000e+00,1.5502385545e+02
1.3362764579e+02,1.0000000000e+00,1.3362764579e+02
1.1314698259e+02,1.0000000000e+00,1.1314698259e+02
9.7760071335e+01,1.0000000000e+00,9.7760071335e+01
8.9067692277e+01,1.0000000000e+00,8.9067692277e+01
8.9055620219e+01,1.0000000000e+00,8.9055620219e+01
9.7914396603e+01,1.0000000000e+00,9.7914396603e+01
1.1093062798e+02,1.0000000000e+00,1.1093062798e+02
1.2092991856e+02,1.0000000000e+00,1.2092991856e+02
1.2404573011e+02,1.0000000000e+00,1.2404573011e+02
1.2146519301e+02,1.0000000000e+00,1.2146519301e+02
1.1630329978e+02,1.0000000000e+00,1.1630329978e+02
1.1132558316e+02,1.0000000000e+00,1.1132558316e+02
1.0994208974e+02,1.0000000000e+00,1.0994208974e+02
1.1665742137e+02,1.0000000000e+00,1.1665742137e+02
1.3329621722e+02,1.0000000000e+00,1.3329621722e+02
1.5423147958e+02,1.0000000000e+00,1.5423147958e+02
1.6867044530e+02,1.0000000000e+00,1.6867044530e+02
1.7065550678e+02,1.0000000000e+00,1.7065550678e+02
1.6517167044e+02,1.0000000000e+00,1.6517167044e+02
1.6110989443e+02,1.0000000000e+00,1.6110989443e+02
1.5943547801e+02,1.0000000000e+00,1.5943547801e+02
1.5303608775e+02,1.0000000000e+00,1.5303608775e+02
1.3851497228e+02,1.0000000000e+00,1.3851497228e+02
1.2290722284e+02,1.0000000000e+00,1.2290722284e+02
1.1623067607e+02,1.0000000000e+00,1.1623067607e+02
1.1967498883e+02,1.0000000000e+00,1.1967498883e+02
1.2296338441e+02,1.0000000000e+00,1.2296338441e+02
1.1342366225e+02,1.0000000000e+00,1.1342366225e+02
8.7884268222e+01,1.0000000000e+00,8.7884268222e+01
5.6649339192e+01,1.0000000000e+00,5.6649339192e+01
3.6949399668e+01,1.0000000000e+00,3.6949399668e+01
4.1858122241e+01,1.0000000000e+00,4.1858122241e+01
7.2073597550e+01,1.0000000000e+00,7.2073597550e+01
1.1463858714e+02,1.0000000000e+00,1.1463858714e+02
1.4921769778e+02,1.0000000000e+00,1.4921769778e+02
1.5909280502e+02,1.0000000000e+00,1.5909280502e+02
1.4067456763e+02,1.0000000000e+00,1.4067456763e+02
1.0503054639e+02,1.0000000000e+00,1.0503054639e+02
6.9946698067e+01,1.0000000000e+00,6.9946698067e+01
4.8784264074e+01,1.0000000000e+00,4.8784264074e+01
4.4886582935e+01,1.0000000000e+00,4.4886582935e+01
6.9421264754e+01,1.0000000000e+00,6.9421264754e+01
9.1674991717e+01,1.0000000000e+00,9.1674991717e+01
1.1164776382e+02,1.0000000000e+00,1.1164776382e+02
1.2500000000e+02,1.0000000000e+00,1.2500000000e+02
1.0995872657e+02,1.0000000000e+00,1.0995872657e+02
8.7771438967e+01,1.0000000000e+00,8.7771438967e+01
6.2702649925e+01,1.0000000000e+00,6.2702649925e+01
3.4752359449e+01,1.0000000000e+00,3.4752359449e+01
3.4835988148e+01,1.0000000000e+00,3.4835988148e+01
5.9727762823e+01,1.0000000000e+00,5.9727762823e+01
1.0216617970e+02,1.0000000000e+00,1.0216617970e+02
1.4441143044e+02,1.0000000000e+00,1.4441143044e+02
1.7105427049e+02,1.0000000000e+00,1.7105427049e+02
1.7839110102e+02,1.0000000000e+00,1.7839110102e+02
1.7237070357e+02,1.0000000000e+00,1.7237070357e+02
1.6022754678e+02,1.0000000000e+00,1.6022754678e+02
1.4525753931e+02,1.0000000000e+00,1.4525753931e+02
1.2749699660e+02,1.0000000000e+00,1.2749699660e+02
1.0654140726e+02,1.0000000000e+00,1.0654140726e+02
8.2802286971e+01,1.0000000000e+00,8.2802286971e+01
5.7516732979e+01,1.0000000000e+00,5.7516732979e+01
4.9300056839e+01,1.0000000000e+00,4.9300056839e+01
4.1083380699e+01,1.0000000000e+00,4.1083380699e+01
3.2866704559e+01,1.0000000000e+00,3.2866704559e+01
2.4650028419e+01,1.0000000000e+00,2.4650028419e+01
1.6433352280e+01,1.0000000000e+00,1.6433352280e+01
8.2166761398e+00,1.0000000000e+00,8.2166761398e+00
0.0000000000e+00,9.0000000000e-01,0.0000000000e+00
0.0000000000e+00,8.0000000000e-01,0.0000000000e+00
0.0000000000e+00,7.0000000000e-01,0.0000000000e+00
0.0000000000e+00,6.0000000000e-01,0.0000000000e+00
0.0000000000e+00,6.0000000000e-01,0.0000000000e+00
0.0000000000e+00,6.0000000000e-01,0.0000000000e+00
0.0000000000e+00,6.0000000000e-01,0.0000000000e+00
0.0000000000e+00,6.0000000000e-01,0.0000000000e+00
0.0000000000e+00,6.0000000000e-01,0.0000000000e+00
0.0000000000e+00,6.0000000000e-01,0.0000000000e+00
0.0000000000e+00,6.0000000000e-01,0.0000000000e+00
0.0000000000e+00,6.0000000000e-01,0.0000000000e+00
0.0000000000e+00,6.0000000000e-01,0.0000000000e+00
0.0000000000e+00,7.0000000000e-01,0.0000000000e+00
0.0000000000e+00,8.0000000000e-01,0.0000000000e+00
0.0000000000e+00,9.0000000000e-01,0.0000000000e+00
8.4439130438e+00,1.0000000000e+00,8.4439130438e+00
1.6887826088e+01,1.0000000000e+00,1.6887826088e+01
2.5331739132e+01,1.0000000000e+00,2.5331739132e+01
7.8741537388e+01,1.0000000000e+00,7.8741537388e+01
1.4042969169e+02,1.0000000000e+00,1.4042969169e+02
1.8997776749e+02,1.0000000000e+00,1.8997776749e+02
2.1435233102e+02,1.0000000000e+00,2.1435233102e+02
2.1315331992e+02,1.0000000000e+00,2.1315331992e+02
1.9223386934e+02,1.0000000000e+00,1.9223386934e+02
1.5733949926e+02,1.0000000000e+00,1.5733949926e+02
1.1651712263e+02,1.0000000000e+00,1.1651712263e+02
8.4350497126e+01,1.0000000000e+00,8.4350497126e+01
7.5650385352e+01,1.0000000000e+00,7.5650385352e+01
9.9017885694e+01,1.0000000000e+00,9.9017885694e+01
1.1677506423e+02,1.0000000000e+00,1.1677506423e+02
1.2500000000e+02,1.0000000000e+00,1.2500000000e+02
1.0416666667e+02,1.0000000000e+00,1.0416666667e+02
7.4386139227e+01,1.0000000000e+00,7.4386139227e+01
6.3759547909e+01,1.0000000000e+00,6.3759547909e+01
5.3132956590e+01,1.0000000000e+00,5.3132956590e+01
4.2506365272e+01,1.0000000000e+00,4.2506365272e+01
3.1879773954e+01,1.0000000000e+00,3.1879773954e+01
6.7871561849e+01,1.0000000000e+00,6.7871561849e+01
1.1582671086e+02,1.0000000000e+00,1.1582671086e+02
1.5601369555e+02,1.0000000000e+00,1.5601369555e+02
1.7142523155e+02,1.0000000000e+00,1.7142523155e+02
1.5676660700e+02,1.0000000000e+00,1.5676660700e+02
1.2097382849e+02,1.0000000000e+00,1.2097382849e+02
8.0381352498e+01,1.0000000000e+00,8.0381352498e+01
4.9911090030e+01,1.0000000000e+00,4.9911090030e+01
3.8637534109e+01,1.0000000000e+00,3.8637534109e+01
4.8992147021e+01,1.0000000000e+00,4.8992147021e+01
7.5692351760e+01,1.0000000000e+00,7.5692351760e+01
1.0647853656e+02,1.0000000000e+00,1.0647853656e+02
1.2948110466e+02,1.0000000000e+00,1.2948110466e+02
1.4182550889e+02,1.0000000000e+00,1.4182550889e+02
1.4858403078e+02,1.0000000000e+00,1.4858403078e+02
1.5408737616e+02,1.0000000000e+00,1.5408737616e+02
1.5805059302e+02,1.0000000000e+00,1.5805059302e+02
1.5997753156e+02,1.0000000000e+00,1.5997753156e+02
1.6310091016e+02,1.0000000000e+00,1.6310091016e+02
1.7112314995e+02,1.0000000000e+00,1.7112314995e+02
1.8230179953e+02,1.0000000000e+00,1.8230179953e+02
1.9025320602e+02,1.0000000000e+00,1.9025320602e+02
1.9177715800e+02,1.0000000000e+00,1.9177715800e+02
1.9099882439e+02,1.0000000000e+00,1.9099882439e+02
1.9345709801e+02,1.0000000000e+00,1.9345709801e+02
1.9841645916e+02,1.0000000000e+00,1.9841645916e+02
2.0035100505e+02,1.0000000000e+00,2.0035100505e+02
1.9704302194e+02,1.0000000000e+00,1.9704302194e+02
1.9261975568e+02,1.0000000000e+00,1.9261975568e+02
1.9197843804e+02,1.0000000000e+00,1.9197843804e+02
1.9522610482e+02,1.0000000000e+00,1.9522610482e+02
1.9882524823e+02,1.0000000000e+00,1.9882524823e+02
1.9939467396e+02,1.0000000000e+00,1.9939467396e+02
1.9487349832e+02,1.0000000000e+00,1.9487349832e+02
1.8462028063e+02,1.0000000000e+00,1.8462028063e+02
1.7080736293e+02,1.0000000000e+00,1.7080736293e+02
1.5903165995e+02,1.0000000000e+00,1.5903165995e+02
1.5545504875e+02,1.0000000000e+00,1.5545504875e+02
1.6140764363e+02,1.0000000000e+00,1.6140764363e+02
1.7026780251e+02,1.0000000000e+00,1.7026780251e+02
1.7175365485e+02,1.0000000000e+00,1.7175365485e+02
1.6211172819e+02,1.0000000000e+00,1.6211172819e+02
1.4966762844e+02,1.0000000000e+00,1.4966762844e+02
1.4719227199e+02,1.0000000000e+00,1.4719227199e+02
1.5830442458e+02,1.0000000000e+00,1.5830442458e+02
1.7399894014e+02,1.0000000000e+00,1.7399894014e+02
1.8261267112e+02,1.0000000000e+00,1.8261267112e+02
1.8071096529e+02,1.0000000000e+00,1.8071096529e+02
1.7427618661e+02,1.0000000000e+00,1.7427618661e+02
1.7182216465e+02,1.0000000000e+00,1.7182216465e+02
1.7713829512e+02,1.0000000000e+00,1.7713829512e+02
1.8610374008e+02,1.0000000000e+00,1.8610374008e+02
1.8814290416e+02,1.0000000000e+00,1.8814290416e+02
1.7259018924e+02,1.0000000000e+00,1.7259018924e+02
1.3765841834e+02,1.0000000000e+00,1.3765841834e+02
9.4868066260e+01,1.0000000000e+00,9.4868066260e+01
6.3054622058e+01,1.0000000000e+00,6.3054622058e+01
5.5450638800e+01,1.0000000000e+00,5.5450638800e+01
7.1075426712e+01,1.0000000000e+00,7.1075426712e+01
9.7687983148e+01,1.0000000000e+00,9.7687983148e+01
1.2214266778e+02,1.0000000000e+00,1.2214266778e+02
1.3809683053e+02,1.0000000000e+00,1.3809683053e+02
1.4581184000e+02,1.0000000000e+00,1.4581184000e+02
1.4750981773e+02,1.0000000000e+00,1.4750981773e+02
1.4452156215e+02,1.0000000000e+00,1.4452156215e+02
1.3813878088e+02,1.0000000000e+00,1.3813878088e+02
1.3150835699e+02,1.0000000000e+00,1.3150835699e+02
1.2926530450e+02,1.0000000000e+00,1.2926530450e+02
1.3437960875e+02,1.0000000000e+00,1.3437960875e+02
1.4506500754e+02,1.0000000000e+00,1.4506500754e+02
1.5451755181e+02,1.0000000000e+00,1.5451755181e+02
1.5367432342e+02,1.0000000000e+00,1.5367432342e+02
1.3677959373e+02,1.0000000000e+00,1.3677959373e+02
1.0860884230e+02,1.0000000000e+00,1.0860884230e+02
8.6588659767e+01,1.0000000000e+00,8.6588659767e+01
9.0380580540e+01,1.0000000000e+00,9.0380580540e+01
1.2503327668e+02,1.0000000000e+00,1.2503327668e+02
1.7529048762e+02,1.0000000000e+00,1.7529048762e+02
2.1745299702e+02,1.0000000000e+00,2.1745299702e+02
2.3545599434e+02,1.0000000000e+00,2.3545599434e+02
2.2701545254e+02,1.0000000000e+00,2.2701545254e+02
1.9977521113e+02,1.0000000000e+00,1.9977521113e+02
1.6477669384e+02,1.0000000000e+00,1.6477669384e+02
1.3178771105e+02,1.0000000000e+00,1.3178771105e+02
1.0729356601e+02,1.0000000000e+00,1.0729356601e+02
9.4668987460e+01,1.0000000000e+00,9.4668987460e+01
9.5562553405e+01,1.0000000000e+00,9.5562553405e+01
1.1050063082e+02,1.0000000000e+00,1.1050063082e+02
1.3695478747e+02,1.0000000000e+00,1.3695478747e+02
1.6709484826e+02,1.0000000000e+00,1.6709484826e+02
1.8961614631e+02,1.0000000000e+00,1.8961614631e+02
1.9545251091e+02,1.0000000000e+00,1.9545251091e+02
1.8290856174e+02,1.0000000000e+00,1.8290856174e+02
1.5897871038e+02,1.0000000000e+00,1.5897871038e+02
1.3633234124e+02,1.0000000000e+00,1.3633234124e+02
1.2657645143e+02,1.0000000000e+00,1.2657645143e+02
1.3280415078e+02,1.0000000000e+00,1.3280415078e+02
1.4853196899e+02,1.0000000000e+00,1.4853196899e+02
1.6563455782e+02,1.0000000000e+00,1.6563455782e+02
1.8135036108e+02,1.0000000000e+00,1.8135036108e+02
1.9554684572e+02,1.0000000000e+00,1.9554684572e+02
2.0502877562e+02,1.0000000000e+00,2.0502877562e+02
2.0492924268e+02,1.0000000000e+00,2.0492924268e+02
1.9449412877e+02,1.0000000000e+00,1.9449412877e+02
1.7846463007e+02,1.0000000000e+00,1.7846463007e+02
1.6268412966e+02,1.0000000000e+00,1.6268412966e+02
1.5040514819e+02,1.0000000000e+00,1.5040514819e+02
1.4328846976e+02,1.0000000000e+00,1.4328846976e+02
1.4212873531e+02,1.0000000000e+00,1.4212873531e+02
1.4341017480e+02,1.0000000000e+00,1.4341017480e+02
1.3945485791e+02,1.0000000000e+00,1.3945485791e+02
1.2782747307e+02,1.0000000000e+00,1.2782747307e+02
1.1838888397e+02,1.0000000000e+00,1.1838888397e+02
1.2495759595e+02,1.0000000000e+00,1.2495759595e+02
1.4945024554e+02,1.0000000000e+00,1.4945024554e+02
1.7809902051e+02,1.0000000000e+00,1.7809902051e+02
1.9392263658e+02,1.0000000000e+00,1.9392263658e+02
1.9032777243e+02,1.0000000000e+00,1.9032777243e+02
1.7309746719e+02,1.0000000000e+00,1.7309746719e+02
1.5298883259e+02,1.0000000000e+00,1.5298883259e+02
1.3829944458e+02,1.0000000000e+00,1.3829944458e+02
1.3310852838e+02,1.0000000000e+00,1.3310852838e+02
1.3925575232e+02,1.0000000000e+00,1.3925575232e+02
1.5610650014e+02,1.0000000000e+00,1.5610650014e+02
1.7777321494e+02,1.0000000000e+00,1.7777321494e+02
1.9473670952e+02,1.0000000000e+00,1.9473670952e+02
2.0108210838e+02,1.0000000000e+00,2.0108210838e+02
1.9798995769e+02,1.0000000000e+00,1.9798995769e+02
1.8869752444e+02,1.0000000000e+00,1.8869752444e+02
1.7322335293e+02,1.0000000000e+00,1.7322335293e+02
1.5081345783e+02,1.0000000000e+00,1.5081345783e+02
1.2579033439e+02,1.0000000000e+00,1.2579033439e+02
1.0782774613e+02,1.0000000000e+00,1.0782774613e+02
1.0543667275e+02,1.0000000000e+00,1.0543667275e+02
1.1917161791e+02,1.0000000000e+00,1.1917161791e+02
1.4111944437e+02,1.0000000000e+00,1.4111944437e+02
1.6121132447e+02,1.0000000000e+00,1.6121132447e+02
1.7391065738e+02,1.0000000000e+00,1.7391065738e+02
1.7940058057e+02,1.0000000000e+00,1.7940058057e+02
1.8120340060e+02,1.0000000000e+00,1.8120340060e+02
1.8442678689e+02,1.0000000000e+00,1.8442678689e+02
1.9373809847e+02,1.0000000000e+00,1.9373809847e+02
2.0961324193e+02,1.0000000000e+00,2.0961324193e+02
2.2606347292e+02,1.0000000000e+00,2.2606347292e+02
2.3285784941e+02,1.0000000000e+00,2.3285784941e+02
2.2082960427e+02,1.0000000000e+00,2.2082960427e+02
1.8749134728e+02,1.0000000000e+00,1.8749134728e+02
1.4039838227e+02,1.0000000000e+00,1.4039838227e+02
9.5158355210e+01,1.0000000000e+00,9.5158355210e+01
6.7945525400e+01,1.0000000000e+00,6.7945525400e+01
6.7565869478e+01,1.0000000000e+00,6.7565869478e+01
9.2041863992e+01,1.0000000000e+00,9.2041863992e+01
1.3024927367e+02,1.0000000000e+00,1.3024927367e+02
1.6735734980e+02,1.0000000000e+00,1.6735734980e+02
1.9252297824e+02,1.0000000000e+00,1.9252297824e+02
2.0410421128e+02,1.0000000000e+00,2.0410421128e+02
2.0717658389e+02,1.0000000000e+00,2.0717658389e+02
2.0591843949e+02,1.0000000000e+00,2.0591843949e+02
1.9977303263e+02,1.0000000000e+00,1.9977303263e+02
1.8662505676e+02,1.0000000000e+00,1.8662505676e+02
1.6758309938e+02,1.0000000000e+00,1.6758309938e+02
1.4869091920e+02,1.0000000000e+00,1.4869091920e+02
1.3892670884e+02,1.0000000000e+00,1.3892670884e+02
1.4423289523e+02,1.0000000000e+00,1.4423289523e+02
1.6033788531e+02,1.0000000000e+00,1.6033788531e+02
1.7237457300e+02,1.0000000000e+00,1.7237457300e+02
1.6571445140e+02,1.0000000000e+00,1.6571445140e+02
1.4034447408e+02,1.0000000000e+00,1.4034447408e+02
1.1438696894e+02,1.0000000000e+00,1.1438696894e+02
1.1052684402e+02,1.0000000000e+00,1.1052684402e+02
1.3662876840e+02,1.0000000000e+00,1.3662876840e+02
1.7954555684e+02,1.0000000000e+00,1.7954555684e+02
2.1693833837e+02,1.0000000000e+00,2.1693833837e+02
2.3314488246e+02,1.0000000000e+00,2.3314488246e+02
2.2558121610e+02,1.0000000000e+00,2.2558121610e+02
2.0173384286e+02,1.0000000000e+00,2.0173384286e+02
1.7361717495e+02,1.0000000000e+00,1.7361717495e+02
1.5343283675e+02,1.0000000000e+00,1.5343283675e+02
1.4923675672e+02,1.0000000000e+00,1.4923675672e+02
1.6012444148e+02,1.0000000000e+00,1.6012444148e+02
1.7592174090e+02,1.0000000000e+00,1.7592174090e+02
1.8478076045e+02,1.0000000000e+00,1.8478076045e+02
1.8212343235e+02,1.0000000000e+00,1.8212343235e+02
1.7174283527e+02,1.0000000000e+00,1.7174283527e+02
1.5915137358e+02,1.0000000000e+00,1.5915137358e+02
1.4594481948e+02,1.0000000000e+00,1.4594481948e+02
1.3194723280e+02,1.0000000000e+00,1.3194723280e+02
1.2144931920e+02,1.0000000000e+00,1.2144931920e+02
1.2358117483e+02,1.0000000000e+00,1.2358117483e+02
1.4399905108e+02,1.0000000000e+00,1.4399905108e+02
1.7711754118e+02,1.0000000000e+00,1.7711754118e+02
2.0803465147e+02,1.0000000000e+00,2.0803465147e+02
2.2132501736e+02,1.0000000000e+00,2.2132501736e+02
2.0831689477e+02,1.0000000000e+00,2.0831689477e+02
1.7088805313e+02,1.0000000000e+00,1.7088805313e+02
1.2337389795e+02,1.0000000000e+00,1.2337389795e+02
8.8924027327e+01,1.0000000000e+00,8.8924027327e+01
8.6633989622e+01,1.0000000000e+00,8.6633989622e+01
1.1740987693e+02,1.0000000000e+00,1.1740987693e+02
1.6254653416e+02,1.0000000000e+00,1.6254653416e+02
1.9709480611e+02,1.0000000000e+00,1.9709480611e+02
2.0534816588e+02,1.0000000000e+00,2.0534816588e+02
1.8657005604e+02,1.0000000000e+00,1.8657005604e+02
1.5114715833e+02,1.0000000000e+00,1.5114715833e+02
1.1359557313e+02,1.0000000000e+00,1.1359557313e+02
8.5451432844e+01,1.0000000000e+00,8.5451432844e+01
7.0477150853e+01,1.0000000000e+00,7.0477150853e+01
6.6757036117e+01,1.0000000000e+00,6.6757036117e+01
7.3130081415e+01,1.0000000000e+00,7.3130081415e+01
9.0669380745e+01,1.0000000000e+00,9.0669380745e+01
1.1795831990e+02,1.0000000000e+00,1.1795831990e+02
1.4765519278e+02,1.0000000000e+00,1.4765519278e+02
1.6824471440e+02,1.0000000000e+00,1.6824471440e+02
1.7025140198e+02,1.0000000000e+00,1.7025140198e+02
1.5486315730e+02,1.0000000000e+00,1.5486315730e+02
1.3709595906e+02,1.0000000000e+00,1.3709595906e+02
1.3533776917e+02,1.0000000000e+00,1.3533776917e+02
1.5487608609e+02,1.0000000000e+00,1.5487608609e+02
1.8349973852e+02,1.0000000000e+00,1.8349973852e+02
2.0353186644e+02,1.0000000000e+00,2.0353186644e+02
2.0621679717e+02,1.0000000000e+00,2.0621679717e+02
1.9505148222e+02,1.0000000000e+00,1.9505148222e+02
1.7890162119e+02,1.0000000000e+00,1.7890162119e+02
1.6512613436e+02,1.0000000000e+00,1.6512613436e+02
1.5882925285e+02,1.0000000000e+00,1.5882925285e+02
1.6401059391e+02,1.0000000000e+00,1.6401059391e+02
1.8079942933e+02,1.0000000000e+00,1.8079942933e+02
2.0199401517e+02,1.0000000000e+00,2.0199401517e+02
2.1603201570e+02,1.0000000000e+00,2.1603201570e+02
2.1541388503e+02,1.0000000000e+00,2.1541388503e+02
2.0242231839e+02,1.0000000000e+00,2.0242231839e+02
1.8671841955e+02,1.0000000000e+00,1.8671841955e+02
1.7708898559e+02,1.0000000000e+00,1.7708898559e+02
1.7483671145e+02,1.0000000000e+00,1.7483671145e+02
1.7394999149e+02,1.0000000000e+00,1.7394999149e+02
1.6622509456e+02,1.0000000000e+00,1.6622509456e+02
1.4730362606e+02,1.0000000000e+00,1.4730362606e+02
1.2126984906e+02,1.0000000000e+00,1.2126984906e+02
1.0043298289e+02,1.0000000000e+00,1.0043298289e+02
9.7572026265e+01,1.0000000000e+00,9.7572026265e+01
1.1499306161e+02,1.0000000000e+00,1.1499306161e+02
1.4082008864e+02,1.0000000000e+00,1.4082008864e+02
1.5833669270e+02,1.0000000000e+00,1.5833669270e+02
1.6029445047e+02,1.0000000000e+00,1.6029445047e+02
1.5304233950e+02,1.0000000000e+00,1.5304233950e+02
1.4671645730e+02,1.0000000000e+00,1.4671645730e+02
1.4400302935e+02,1.0000000000e+00,1.4400302935e+02
1.4058011107e+02,1.0000000000e+00,1.4058011107e+02
1.3507137984e+02,1.0000000000e+00,1.3507137984e+02
1.3424591713e+02,1.0000000000e+00,1.3424591713e+02
1.4605901137e+02,1.0000000000e+00,1.4605901137e+02
1.6991493586e+02,1.0000000000e+00,1.6991493586e+02
1.9657848732e+02,1.0000000000e+00,1.9657848732e+02
2.1602323033e+02,1.0000000000e+00,2.1602323033e+02
2.2253871258e+02,1.0000000000e+00,2.2253871258e+02
2.1436832146e+02,1.0000000000e+00,2.1436832146e+02
1.9353457544e+02,1.0000000000e+00,1.9353457544e+02
1.6738493544e+02,1.0000000000e+00,1.6738493544e+02
1.4707296986e+02,1.0000000000e+00,1.4707296986e+02
1.4095611129e+02,1.0000000000e+00,1.4095611129e+02
1.4881261712e+02,1.0000000000e+00,1.4881261712e+02
1.6370814555e+02,1.0000000000e+00,1.6370814555e+02
1.7840619869e+02,1.0000000000e+00,1.7840619869e+02
1.8754898649e+02,1.0000000000e+00,1.8754898649e+02
1.8617446232e+02,1.0000000000e+00,1.8617446232e+02
1.7249848664e+02,1.0000000000e+00,1.7249848664e+02
1.5361755214e+02,1.0000000000e+00,1.5361755214e+02
1.4295054428e+02,1.0000000000e+00,1.4295054428e+02
1.4721106046e+02,1.0000000000e+00,1.4721106046e+02
1.5791618256e+02,1.0000000000e+00,1.5791618256e+02
1.6058766768e+02,1.0000000000e+00,1.6058766768e+02
1.5200221062e+02,1.0000000000e+00,1.5200221062e+02
1.4369664696e+02,1.0000000000e+00,1.4369664696e+02
1.4747593626e+02,1.0000000000e+00,1.4747593626e+02
1.6202745834e+02,1.0000000000e+00,1.6202745834e+02
1.7638265565e+02,1.0000000000e+00,1.7638265565e+02
1.8238333639e+02,1.0000000000e+00,1.8238333639e+02
1.7926764356e+02,1.0000000000e+00,1.7926764356e+02
1.6858271607e+02,1.0000000000e+00,1.6858271607e+02
1.5060170105e+02,1.0000000000e+00,1.5060170105e+02
1.2716776347e+02,1.0000000000e+00,1.2716776347e+02
1.0466465284e+02,1.0000000000e+00,1.0466465284e+02
9.1428031746e+01,1.0000000000e+00,9.1428031746e+01
9.1632014288e+01,1.0000000000e+00,9.1632014288e+01
1.0122300289e+02,1.0000000000e+00,1.0122300289e+02
1.0975451600e+02,1.0000000000e+00,1.0975451600e+02
1.0744006925e+02,1.0000000000e+00,1.0744006925e+02
9.2241120659e+01,1.0000000000e+00,9.2241120659e+01
7.2227595442e+01,1.0000000000e+00,7.2227595442e+01
6.2335546415e+01,1.0000000000e+00,6.2335546415e+01
7.6324573769e+01,1.0000000000e+00,7.6324573769e+01
1.1656243565e+02,1.0000000000e+00,1.1656243565e+02
1.6916755148e+02,1.0000000000e+00,1.6916755148e+02
2.1109595229e+02,1.0000000000e+00,2.1109595229e+02
2.2456416745e+02,1.0000000000e+00,2.2456416745e+02
2.0698174574e+02,1.0000000000e+00,2.0698174574e+02
1.7045486697e+02,1.0000000000e+00,1.7045486697e+02
1.3355402829e+02,1.0000000000e+00,1.3355402829e+02
1.1160976463e+02,1.0000000000e+00,1.1160976463e+02
1.1147241692e+02,1.0000000000e+00,1.1147241692e+02
1.3164278232e+02,1.0000000000e+00,1.3164278232e+02
1.6398802351e+02,1.0000000000e+00,1.6398802351e+02
1.9619735334e+02,1.0000000000e+00,1.9619735334e+02
2.1698025797e+02,1.0000000000e+00,2.1698025797e+02
2.2151282529e+02,1.0000000000e+00,2.2151282529e+02
2.1206346413e+02,1.0000000000e+00,2.1206346413e+02
1.9391877268e+02,1.0000000000e+00,1.9391877268e+02
1.7216769801e+02,1.0000000000e+00,1.7216769801e+02
1.5293307230e+02,1.0000000000e+00,1.5293307230e+02
1.4459093175e+02,1.0000000000e+00,1.4459093175e+02
1.5278375242e+02,1.0000000000e+00,1.5278375242e+02
1.7366451461e+02,1.0000000000e+00,1.7366451461e+02
1.9548588749e+02,1.0000000000e+00,1.9548588749e+02
2.0752025939e+02,1.0000000000e+00,2.0752025939e+02
2.0580570738e+02,1.0000000000e+00,2.0580570738e+02
1.9204287214e+02,1.0000000000e+00,1.9204287214e+02
1.7117334488e+02,1.0000000000e+00,1.7117334488e+02
1.5095635250e+02,1.0000000000e+00,1.5095635250e+02
1.4038132369e+02,1.0000000000e+00,1.4038132369e+02
1.4458107331e+02,1.0000000000e+00,1.4458107331e+02
1.6052635516e+02,1.0000000000e+00,1.6052635516e+02
1.7926518338e+02,1.0000000000e+00,1.7926518338e+02
1.9276379848e+02,1.0000000000e+00,1.9276379848e+02
1.9715516281e+02,1.0000000000e+00,1.9715516281e+02
1.8982334151e+02,1.0000000000e+00,1.8982334151e+02
1.6754362930e+02,1.0000000000e+00,1.6754362930e+02
1.3174253592e+02,1.0000000000e+00,1.3174253592e+02
9.5306011927e+01,1.0000000000e+00,9.5306011927e+01
7.9222372805e+01,1.0000000000e+00,7.9222372805e+01
9.7493500923e+01,1.0000000000e+00,9.7493500923e+01
1.4445776840e+02,1.0000000000e+00,1.4445776840e+02
1.9818757606e+02,1.0000000000e+00,1.9818757606e+02
2.3543892969e+02,1.0000000000e+00,2.3543892969e+02
2.4279603285e+02,1.0000000000e+00,2.4279603285e+02
2.1862887118e+02,1.0000000000e+00,2.1862887118e+02
1.7227039582e+02,1.0000000000e+00,1.7227039582e+02
1.2334290235e+02,1.0000000000e+00,1.2334290235e+02
9.5544018612e+01,1.0000000000e+00,9.5544018612e+01
1.0254994497e+02,1.0000000000e+00,1.0254994497e+02
1.3715739800e+02,1.0000000000e+00,1.3715739800e+02
1.7715030751e+02,1.0000000000e+00,1.7715030751e+02
2.0343619611e+02,1.0000000000e+00,2.0343619611e+02
2.1154421664e+02,1.0000000000e+00,2.1154421664e+02
2.0742794541e+02,1.0000000000e+00,2.0742794541e+02
1.9724860075e+02,1.0000000000e+00,1.9724860075e+02
1.8394404588e+02,1.0000000000e+00,1.8394404588e+02
1.7073712849e+02,1.0000000000e+00,1.7073712849e+02
1.6224915115e+02,1.0000000000e+00,1.6224915115e+02
1.5976722820e+02,1.0000000000e+00,1.5976722820e+02
1.5864746604e+02,1.0000000000e+00,1.5864746604e+02
1.5461052981e+02,1.0000000000e+00,1.5461052981e+02
1.5116746296e+02,1.0000000000e+00,1.5116746296e+02
1.5535633279e+02,1.0000000000e+00,1.5535633279e+02
1.6628624845e+02,1.0000000000e+00,1.6628624845e+02
1.7422034258e+02,1.0000000000e+00,1.7422034258e+02
1.7243620970e+02,1.0000000000e+00,1.7243620970e+02
1.6445027411e+02,1.0000000000e+00,1.6445027411e+02
1.5711811685e+02,1.0000000000e+00,1.5711811685e+02
1.5107312294e+02,1.0000000000e+00,1.5107312294e+02
1.4205695327e+02,1.0000000000e+00,1.4205695327e+02
1.2987589736e+02,1.0000000000e+00,1.2987589736e+02
1.2085143167e+02,1.0000000000e+00,1.2085143167e+02
1.1900381061e+02,1.0000000000e+00,1.1900381061e+02
1.1901118991e+02,1.0000000000e+00,1.1901118991e+02
1.1375601031e+02,1.0000000000e+00,1.1375601031e+02
1.0667943089e+02,1.0000000000e+00,1.0667943089e+02
1.0917421848e+02,1.0000000000e+00,1.0917421848e+02
1.2523901630e+02,1.0000000000e+00,1.2523901630e+02
1.4508084887e+02,1.0000000000e+00,1.4508084887e+02
1.5636683805e+02,1.0000000000e+00,1.5636683805e+02
1.5783319106e+02,1.0000000000e+00,1.5783319106e+02
1.5832914724e+02,1.0000000000e+00,1.5832914724e+02
1.6461118008e+02,1.0000000000e+00,1.6461118008e+02
1.7474211840e+02,1.0000000000e+00,1.7474211840e+02
1.8335520639e+02,1.0000000000e+00,1.8335520639e+02
1.8833709115e+02,1.0000000000e+00,1.8833709115e+02
1.9012661450e+02,1.0000000000e+00,1.9012661450e+02
1.8798582016e+02,1.0000000000e+00,1.8798582016e+02
1.8074747710e+02,1.0000000000e+00,1.8074747710e+02
1.7063744613e+02,1.0000000000e+00,1.7063744613e+02
1.6276657366e+02,1.0000000000e+00,1.6276657366e+02
1.5919351917e+02,1.0000000000e+00,1.5919351917e+02
1.5596056239e+02,1.0000000000e+00,1.5596056239e+02
1.4824752328e+02,1.0000000000e+00,1.4824752328e+02
1.3698300975e+02,1.0000000000e+00,1.3698300975e+02
1.2849118921e+02,1.0000000000e+00,1.2849118921e+02
1.2808411019e+02,1.0000000000e+00,1.2808411019e+02
1.3524067518e+02,1.0000000000e+00,1.3524067518e+02
1.4571900448e+02,1.0000000000e+00,1.4571900448e+02
1.5734518061e+02,1.0000000000e+00,1.5734518061e+02
1.7119883747e+02,1.0000000000e+00,1.7119883747e+02
1.8681915226e+02,1.0000000000e+00,1.8681915226e+02
1.9926057923e+02,1.0000000000e+00,1.9926057923e+02
2.0314081259e+02,1.0000000000e+00,2.0314081259e+02
1.9897144309e+02,1.0000000000e+00,1.9897144309e+02
1.9371993558e+02,1.0000000000e+00,1.9371993558e+02
1.9432692665e+02,1.0000000000e+00,1.9432692665e+02
2.0095688498e+02,1.0000000000e+00,2.0095688498e+02
2.0635729862e+02,1.0000000000e+00,2.0635729862e+02
2.0144543919e+02,1.0000000000e+00,2.0144543919e+02
1.8280102012e+02,1.0000000000e+00,1.8280102012e+02
1.5660822287e+02,1.0000000000e+00,1.5660822287e+02
1.3588579720e+02,1.0000000000e+00,1.3588579720e+02
1.3239970929e+02,1.0000000000e+00,1.3239970929e+02
1.4783232562e+02,1.0000000000e+00,1.4783232562e+02
1.7063779610e+02,1.0000000000e+00,1.7063779610e+02
1.8337275085e+02,1.0000000000e+00,1.8337275085e+02
1.7578900850e+02,1.0000000000e+00,1.7578900850e+02
1.5171808410e+02,1.0000000000e+00,1.5171808410e+02
1.2461419255e+02,1.0000000000e+00,1.2461419255e+02
1.0774350471e+02,1.0000000000e+00,1.0774350471e+02
1.0736525585e+02,1.0000000000e+00,1.0736525585e+02
1.2235473337e+02,1.0000000000e+00,1.2235473337e+02
1.4759252093e+02,1.0000000000e+00,1.4759252093e+02
1.7643022526e+02,1.0000000000e+00,1.7643022526e+02
2.0129986566e+02,1.0000000000e+00,2.0129986566e+02
2.1516661080e+02,1.0000000000e+00,2.1516661080e+02
2.1470199092e+02,1.0000000000e+00,2.1470199092e+02
2.0242354555e+02,1.0000000000e+00,2.0242354555e+02
1.8589974595e+02,1.0000000000e+00,1.8589974595e+02
1.7490603223e+02,1.0000000000e+00,1.7490603223e+02
1.7665440956e+02,1.0000000000e+00,1.7665440956e+02
1.8993129733e+02,1.0000000000e+00,1.8993129733e+02
2.0428818032e+02,1.0000000000e+00,2.0428818032e+02
2.0842077652e+02,1.0000000000e+00,2.0842077652e+02
2.0037764315e+02,1.0000000000e+00,2.0037764315e+02
1.8854961965e+02,1.0000000000e+00,1.8854961965e+02
1.8264353814e+02,1.0000000000e+00,1.8264353814e+02
1.8498533812e+02,1.0000000000e+00,1.8498533812e+02
1.9113785401e+02,1.0000000000e+00,1.9113785401e+02
1.9625309070e+02,1.0000000000e+00,1.9625309070e+02
1.9782053821e+02,1.0000000000e+00,1.9782053821e+02
1.9418562428e+02,1.0000000000e+00,1.9418562428e+02
1.8422741472e+02,1.0000000000e+00,1.8422741472e+02
1.6874342173e+02,1.0000000000e+00,1.6874342173e+02
1.5090660107e+02,1.0000000000e+00,1.5090660107e+02
1.3498927886e+02,1.0000000000e+00,1.3498927886e+02
1.2394639862e+02,1.0000000000e+00,1.2394639862e+02
1.1833406882e+02,1.0000000000e+00,1.1833406882e+02
1.1861571398e+02,1.0000000000e+00,1.1861571398e+02
1.2738222958e+02,1.0000000000e+00,1.2738222958e+02
1.4654518075e+02,1.0000000000e+00,1.4654518075e+02
1.7212588578e+02,1.0000000000e+00,1.7212588578e+02
1.9454220567e+02,1.0000000000e+00,1.9454220567e+02
2.0583487729e+02,1.0000000000e+00,2.0583487729e+02
2.0574568795e+02,1.0000000000e+00,2.0574568795e+02
1.9962942238e+02,1.0000000000e+00,1.9962942238e+02
1.9126259884e+02,1.0000000000e+00,1.9126259884e+02
1.7951282499e+02,1.0000000000e+00,1.7951282499e+02
1.6273604435e+02,1.0000000000e+00,1.6273604435e+02
1.4542278772e+02,1.0000000000e+00,1.4542278772e+02
1.3854872939e+02,1.0000000000e+00,1.3854872939e+02
1.5107736003e+02,1.0000000000e+00,1.5107736003e+02
1.8008696340e+02,1.0000000000e+00,1.8008696340e+02
2.1051429991e+02,1.0000000000e+00,2.1051429991e+02
2.2564500451e+02,1.0000000000e+00,2.2564500451e+02
2.1824386945e+02,1.0000000000e+00,2.1824386945e+02
1.9394902297e+02,1.0000000000e+00,1.9394902297e+02
1.6629044004e+02,1.0000000000e+00,1.6629044004e+02
1.4710041149e+02,1.0000000000e+00,1.4710041149e+02
1.3901759780e+02,1.0000000000e+00,1.3901759780e+02
1.3607588008e+02,1.0000000000e+00,1.3607588008e+02
1.3127704534e+02,1.0000000000e+00,1.3127704534e+02
1.2403447577e+02,1.0000000000e+00,1.2403447577e+02
1.2152441553e+02,1.0000000000e+00,1.2152441553e+02
1.3270848591e+02,1.0000000000e+00,1.3270848591e+02
1.5905163571e+02,1.0000000000e+00,1.5905163571e+02
1.9043864922e+02,1.0000000000e+00,1.9043864922e+02
2.1159584708e+02,1.0000000000e+00,2.1159584708e+02
2.1354669361e+02,1.0000000000e+00,2.1354669361e+02
1.9977435063e+02,1.0000000000e+00,1.9977435063e+02
1.8304869392e+02,1.0000000000e+00,1.8304869392e+02
1.7639376585e+02,1.0000000000e+00,1.7639376585e+02
1.8437511964e+02,1.0000000000e+00,1.8437511964e+02
2.0058791691e+02,1.0000000000e+00,2.0058791691e+02
2.1312722114e+02,1.0000000000e+00,2.1312722114e+02
2.1357279207e+02,1.0000000000e+00,2.1357279207e+02
2.0316056658e+02,1.0000000000e+00,2.0316056658e+02
1.9199099649e+02,1.0000000000e+00,1.9199099649e+02
1.9055625397e+02,1.0000000000e+00,1.9055625397e+02
1.9949009521e+02,1.0000000000e+00,1.9949009521e+02
2.0790141892e+02,1.0000000000e+00,2.0790141892e+02
2.0330865683e+02,1.0000000000e+00,2.0330865683e+02
1.8371138648e+02,1.0000000000e+00,1.8371138648e+02
1.6010472616e+02,1.0000000000e+00,1.6010472616e+02
1.4700622927e+02,1.0000000000e+00,1.4700622927e+02
1.4980026412e+02,1.0000000000e+00,1.4980026412e+02
1.6145706679e+02,1.0000000000e+00,1.6145706679e+02
1.7173288440e+02,1.0000000000e+00,1.7173288440e+02
1.7769960391e+02,1.0000000000e+00,1.7769960391e+02
1.8396130601e+02,1.0000000000e+00,1.8396130601e+02
1.9491722622e+02,1.0000000000e+00,1.9491722622e+02
2.0938335642e+02,1.0000000000e+00,2.0938335642e+02
2.2173520472e+02,1.0000000000e+00,2.2173520472e+02
2.2627601482e+02,1.0000000000e+00,2.2627601482e+02
2.2079754216e+02,1.0000000000e+00,2.2079754216e+02
2.0801882043e+02,1.0000000000e+00,2.0801882043e+02
1.9498872235e+02,1.0000000000e+00,1.9498872235e+02
1.8953259432e+02,1.0000000000e+00,1.8953259432e+02
1.9454210167e+02,1.0000000000e+00,1.9454210167e+02
2.0574940452e+02,1.0000000000e+00,2.0574940452e+02
2.1623306403e+02,1.0000000000e+00,2.1623306403e+02
2.2183686398e+02,1.0000000000e+00,2.2183686398e+02
2.2106103411e+02,1.0000000000e+00,2.2106103411e+02
2.1213178844e+02,1.0000000000e+00,2.1213178844e+02
1.9415898565e+02,1.0000000000e+00,1.9415898565e+02
1.7205815715e+02,1.0000000000e+00,1.7205815715e+02
1.5657081433e+02,1.0000000000e+00,1.5657081433e+02
1.5563977401e+02,1.0000000000e+00,1.5563977401e+02
1.6662874105e+02,1.0000000000e+00,1.6662874105e+02
1.7917180596e+02,1.0000000000e+00,1.7917180596e+02
1.8492098407e+02,1.0000000000e+00,1.8492098407e+02
1.8305586882e+02,1.0000000000e+00,1.8305586882e+02
1.7674836463e+02,1.0000000000e+00,1.7674836463e+02
1.6738353488e+02,1.0000000000e+00,1.6738353488e+02
1.5594590998e+02,1.0000000000e+00,1.5594590998e+02
1.4860182144e+02,1.0000000000e+00,1.4860182144e+02
1.5444663287e+02,1.0000000000e+00,1.5444663287e+02
1.7499672799e+02,1.0000000000e+00,1.7499672799e+02
1.9979560650e+02,1.0000000000e+00,1.9979560650e+02
2.1530371625e+02,1.0000000000e+00,2.1530371625e+02
2.1645746650e+02,1.0000000000e+00,2.1645746650e+02
2.0873295483e+02,1.0000000000e+00,2.0873295483e+02
2.0134608800e+02,1.0000000000e+00,2.0134608800e+02
2.0016594565e+02,1.0000000000e+00,2.0016594565e+02
2.0575470273e+02,1.0000000000e+00,2.0575470273e+02
2.1521654270e+02,1.0000000000e+00,2.1521654270e+02
2.2450781991e+02,1.0000000000e+00,2.2450781991e+02
2.2986756546e+02,1.0000000000e+00,2.2986756546e+02
2.2830838469e+02,1.0000000000e+00,2.2830838469e+02
2.1755523792e+02,1.0000000000e+00,2.1755523792e+02
1.9634308521e+02,1.0000000000e+00,1.9634308521e+02
1.6604825029e+02,1.0000000000e+00,1.6604825029e+02
1.3328361553e+02,1.0000000000e+00,1.3328361553e+02
1.0960583178e+02,1.0000000000e+00,1.0960583178e+02
1.0457594402e+02,1.0000000000e+00,1.0457594402e+02
1.1702504729e+02,1.0000000000e+00,1.1702504729e+02
1.3504674229e+02,1.0000000000e+00,1.3504674229e+02
1.4675463675e+02,1.0000000000e+00,1.4675463675e+02
1.5126308625e+02,1.0000000000e+00,1.5126308625e+02
1.5775523379e+02,1.0000000000e+00,1.5775523379e+02
1.7310133604e+02,1.0000000000e+00,1.7310133604e+02
1.9285127690e+02,1.0000000000e+00,1.9285127690e+02
2.0605726491e+02,1.0000000000e+00,2.0605726491e+02
2.0604816423e+02,1.0000000000e+00,2.0604816423e+02
1.9422544380e+02,1.0000000000e+00,1.9422544380e+02
1.7583453843e+02,1.0000000000e+00,1.7583453843e+02
1.5548004816e+02,1.0000000000e+00,1.5548004816e+02
1.3619141719e+02,1.0000000000e+00,1.3619141719e+02
1.1924571397e+02,1.0000000000e+00,1.1924571397e+02
1.0409281873e+02,1.0000000000e+00,1.0409281873e+02
9.1391293913e+01,1.0000000000e+00,9.1391293913e+01
8.7151124921e+01,1.0000000000e+00,8.7151124921e+01
1.0037127189e+02,1.0000000000e+00,1.0037127189e+02
1.3245920708e+02,1.0000000000e+00,1.3245920708e+02
1.6945741116e+02,1.0000000000e+00,1.6945741116e+02
1.8893390698e+02,1.0000000000e+00,1.8893390698e+02
1.7731787472e+02,1.0000000000e+00,1.7731787472e+02
1.4176439115e+02,1.0000000000e+00,1.4176439115e+02
1.0643745218e+02,1.0000000000e+00,1.0643745218e+02
9.5215387811e+01,1.0000000000e+00,9.5215387811e+01
1.1311203845e+02,1.0000000000e+00,1.1311203845e+02
1.4298724168e+02,1.0000000000e+00,1.4298724168e+02
1.6211832646e+02,1.0000000000e+00,1.6211832646e+02
1.6233872963e+02,1.0000000000e+00,1.6233872963e+02
1.5379268660e+02,1.0000000000e+00,1.5379268660e+02
1.5091054370e+02,1.0000000000e+00,1.5091054370e+02
1.5705885345e+02,1.0000000000e+00,1.5705885345e+02
1.6372844126e+02,1.0000000000e+00,1.6372844126e+02
1.6315320241e+02,1.0000000000e+00,1.6315320241e+02
1.5815501295e+02,1.0000000000e+00,1.5815501295e+02
1.5843320878e+02,1.0000000000e+00,1.5843320878e+02
1.6987931729e+02,1.0000000000e+00,1.6987931729e+02
1.8902304861e+02,1.0000000000e+00,1.8902304861e+02
2.0604368999e+02,1.0000000000e+00,2.0604368999e+02
2.1204077530e+02,1.0000000000e+00,2.1204077530e+02
2.0541491001e+02,1.0000000000e+00,2.0541491001e+02
1.9308522539e+02,1.0000000000e+00,1.9308522539e+02
1.8467396016e+02,1.0000000000e+00,1.8467396016e+02
1.8431761546e+02,1.0000000000e+00,1.8431761546e+02
1.8795956298e+02,1.0000000000e+00,1.8795956298e+02
1.8762400005e+02,1.0000000000e+00,1.8762400005e+02
1.7752525377e+02,1.0000000000e+00,1.7752525377e+02
1.5781403050e+02,1.0000000000e+00,1.5781403050e+02
1.3416052302e+02,1.0000000000e+00,1.3416052302e+02
1.1301832413e+02,1.0000000000e+00,1.1301832413e+02
9.7049743351e+01,1.0000000000e+00,9.7049743351e+01
8.6017939579e+01,1.0000000000e+00,8.6017939579e+01
8.0938954335e+01,1.0000000000e+00,8.0938954335e+01
8.5232166560e+01,1.0000000000e+00,8.5232166560e+01
1.0203267501e+02,1.0000000000e+00,1.0203267501e+02
1.3096355029e+02,1.0000000000e+00,1.3096355029e+02
1.6621726781e+02,1.0000000000e+00,1.6621726781e+02
1.9752696203e+02,1.0000000000e+00,1.9752696203e+02
2.1491116272e+02,1.0000000000e+00,2.1491116272e+02
2.1386528041e+02,1.0000000000e+00,2.1386528041e+02
1.9720164145e+02,1.0000000000e+00,1.9720164145e+02
1.7367844483e+02,1.0000000000e+00,1.7367844483e+02
1.5446186326e+02,1.0000000000e+00,1.5446186326e+02
1.4815978653e+02,1.0000000000e+00,1.4815978653e+02
1.5711198378e+02,1.0000000000e+00,1.5711198378e+02
1.7719831083e+02,1.0000000000e+00,1.7719831083e+02
2.0028453643e+02,1.0000000000e+00,2.0028453643e+02
2.1769762477e+02,1.0000000000e+00,2.1769762477e+02
2.2381270206e+02,1.0000000000e+00,2.2381270206e+02
2.1803370790e+02,1.0000000000e+00,2.1803370790e+02
2.0344565399e+02,1.0000000000e+00,2.0344565399e+02
1.8317777607e+02,1.0000000000e+00,1.8317777607e+02
1.5851464570e+02,1.0000000000e+00,1.5851464570e+02
1.3105859180e+02,1.0000000000e+00,1.3105859180e+02
1.0548190235e+02,1.0000000000e+00,1.0548190235e+02
8.8550382976e+01,1.0000000000e+00,8.8550382976e+01
8.5389883455e+01,1.0000000000e+00,8.5389883455e+01
9.6771585210e+01,1.0000000000e+00,9.6771585210e+01
1.1949119265e+02,1.0000000000e+00,1.1949119265e+02
1.4872922975e+02,1.0000000000e+00,1.4872922975e+02
1.7945530347e+02,1.0000000000e+00,1.7945530347e+02
2.0650114716e+02,1.0000000000e+00,2.0650114716e+02
2.2545489096e+02,1.0000000000e+00,2.2545489096e+02
2.3402221818e+02,1.0000000000e+00,2.3402221818e+02
2.3173211472e+02,1.0000000000e+00,2.3173211472e+02
2.1872432353e+02,1.0000000000e+00,2.1872432353e+02
1.9614695387e+02,1.0000000000e+00,1.9614695387e+02
1.6823583902e+02,1.0000000000e+00,1.6823583902e+02
1.4270100325e+02,1.0000000000e+00,1.4270100325e+02
1.2658418986e+02,1.0000000000e+00,1.2658418986e+02
1.2133676007e+02,1.0000000000e+00,1.2133676007e+02
1.2432741347e+02,1.0000000000e+00,1.2432741347e+02
1.3467504631e+02,1.0000000000e+00,1.3467504631e+02
1.5294087078e+02,1.0000000000e+00,1.5294087078e+02
1.7451393221e+02,1.0000000000e+00,1.7451393221e+02
1.8912753242e+02,1.0000000000e+00,1.8912753242e+02
1.8985053016e+02,1.0000000000e+00,1.8985053016e+02
1.7947604083e+02,1.0000000000e+00,1.7947604083e+02
1.6632717166e+02,1.0000000000e+00,1.6632717166e+02
1.5565643124e+02,1.0000000000e+00,1.5565643124e+02
1.4628176010e+02,1.0000000000e+00,1.4628176010e+02
1.3511066744e+02,1.0000000000e+00,1.3511066744e+02
1.2373921670e+02,1.0000000000e+00,1.2373921670e+02
1.1859219855e+02,1.0000000000e+00,1.1859219855e+02
1.2389687672e+02,1.0000000000e+00,1.2389687672e+02
1.3668912199e+02,1.0000000000e+00,1.3668912199e+02
1.5036509290e+02,1.0000000000e+00,1.5036509290e+02
1.6090468361e+02,1.0000000000e+00,1.6090468361e+02
1.6667369864e+02,1.0000000000e+00,1.6667369864e+02
1.6471092260e+02,1.0000000000e+00,1.6471092260e+02
1.5339202854e+02,1.0000000000e+00,1.5339202854e+02
1.3916685224e+02,1.0000000000e+00,1.3916685224e+02
1.3429912047e+02,1.0000000000e+00,1.3429912047e+02
1.4423714780e+02,1.0000000000e+00,1.4423714780e+02
1.6003951081e+02,1.0000000000e+00,1.6003951081e+02
1.6627978951e+02,1.0000000000e+00,1.6627978951e+02
1.5557208984e+02,1.0000000000e+00,1.5557208984e+02
1.3411116032e+02,1.0000000000e+00,1.3411116032e+02
1.1426120742e+02,1.0000000000e+00,1.1426120742e+02
1.0379321389e+02,1.0000000000e+00,1.0379321389e+02
1.0222673622e+02,1.0000000000e+00,1.0222673622e+02
1.0472207274e+02,1.0000000000e+00,1.0472207274e+02
1.0713344550e+02,1.0000000000e+00,1.0713344550e+02
1.0793384771e+02,1.0000000000e+00,1.0793384771e+02
1.0700175957e+02,1.0000000000e+00,1.0700175957e+02
1.0393463725e+02,1.0000000000e+00,1.0393463725e+02
9.8669585445e+01,1.0000000000e+00,9.8669585445e+01
9.3698574415e+01,1.0000000000e+00,9.3698574415e+01
9.4458383198e+01,1.0000000000e+00,9.4458383198e+01
1.0623315208e+02,1.0000000000e+00,1.0623315208e+02
1.2951268883e+02,1.0000000000e+00,1.2951268883e+02
1.5768491197e+02,1.0000000000e+00,1.5768491197e+02
1.7984221925e+02,1.0000000000e+00,1.7984221925e+02
1.8766022085e+02,1.0000000000e+00,1.8766022085e+02
1.8134249260e+02,1.0000000000e+00,1.8134249260e+02
1.6933336981e+02,1.0000000000e+00,1.6933336981e+02
1.6127320551e+02,1.0000000000e+00,1.6127320551e+02
1.6049740518e+02,1.0000000000e+00,1.6049740518e+02
1.6371834861e+02,1.0000000000e+00,1.6371834861e+02
1.6730571424e+02,1.0000000000e+00,1.6730571424e+02
1.7179753832e+02,1.0000000000e+00,1.7179753832e+02
1.7966788797e+02,1.0000000000e+00,1.7966788797e+02
1.9020832574e+02,1.0000000000e+00,1.9020832574e+02
1.9827556476e+02,1.0000000000e+00,1.9827556476e+02
1.9844988480e+02,1.0000000000e+00,1.9844988480e+02
1.8981259931e+02,1.0000000000e+00,1.8981259931e+02
1.7653257757e+02,1.0000000000e+00,1.7653257757e+02
1.6479516316e+02,1.0000000000e+00,1.6479516316e+02
1.6003028687e+02,1.0000000000e+00,1.6003028687e+02
1.6574915456e+02,1.0000000000e+00,1.6574915456e+02
1.8156425549e+02,1.0000000000e+00,1.8156425549e+02
2.0072611897e+02,1.0000000000e+00,2.0072611897e+02
2.1216955400e+02,1.0000000000e+00,2.1216955400e+02
2.0820911380e+02,1.0000000000e+00,2.0820911380e+02
1.9080296748e+02,1.0000000000e+00,1.9080296748e+02
1.6911611575e+02,1.0000000000e+00,1.6911611575e+02
1.5071433080e+02,1.0000000000e+00,1.5071433080e+02
1.3681789597e+02,1.0000000000e+00,1.3681789597e+02
1.2634486097e+02,1.0000000000e+00,1.2634486097e+02
1.2083047072e+02,1.0000000000e+00,1.2083047072e+02
1.2232436875e+02,1.0000000000e+00,1.2232436875e+02
1.2880371080e+02,1.0000000000e+00,1.2880371080e+02
1.3628697802e+02,1.0000000000e+00,1.3628697802e+02
1.4509731091e+02,1.0000000000e+00,1.4509731091e+02
1.5876713186e+02,1.0000000000e+00,1.5876713186e+02
1.7597001083e+02,1.0000000000e+00,1.7597001083e+02
1.8916367530e+02,1.0000000000e+00,1.8916367530e+02
1.9333272785e+02,1.0000000000e+00,1.9333272785e+02
1.9156931004e+02,1.0000000000e+00,1.9156931004e+02
1.8947338182e+02,1.0000000000e+00,1.8947338182e+02
1.8743586663e+02,1.0000000000e+00,1.8743586663e+02
1.8131240676e+02,1.0000000000e+00,1.8131240676e+02
1.6879181842e+02,1.0000000000e+00,1.6879181842e+02
1.5240470519e+02,1.0000000000e+00,1.5240470519e+02
1.3660648303e+02,1.0000000000e+00,1.3660648303e+02
1.2418628134e+02,1.0000000000e+00,1.2418628134e+02
1.1695940553e+02,1.0000000000e+00,1.1695940553e+02
1.1853205318e+02,1.0000000000e+00,1.1853205318e+02
1.3272476399e+02,1.0000000000e+00,1.3272476399e+02
1.5762696475e+02,1.0000000000e+00,1.5762696475e+02
1.8383868969e+02,1.0000000000e+00,1.8383868969e+02
2.0099724273e+02,1.0000000000e+00,2.0099724273e+02
2.0455952664e+02,1.0000000000e+00,2.0455952664e+02
1.9535523022e+02,1.0000000000e+00,1.9535523022e+02
1.7654294244e+02,1.0000000000e+00,1.7654294244e+02
1.5465390895e+02,1.0000000000e+00,1.5465390895e+02
1.4043149033e+02,1.0000000000e+00,1.4043149033e+02
1.4217065104e+02,1.0000000000e+00,1.4217065104e+02
1.5675452013e+02,1.0000000000e+00,1.5675452013e+02
1.7102130736e+02,1.0000000000e+00,1.7102130736e+02
1.7374042996e+02,1.0000000000e+00,1.7374042996e+02
1.6423359471e+02,1.0000000000e+00,1.6423359471e+02
1.4902052650e+02,1.0000000000e+00,1.4902052650e+02
1.3349496593e+02,1.0000000000e+00,1.3349496593e+02
1.1946433330e+02,1.0000000000e+00,1.1946433330e+02
1.0882151838e+02,1.0000000000e+00,1.0882151838e+02
1.0573562580e+02,1.0000000000e+00,1.0573562580e+02
1.1429246532e+02,1.0000000000e+00,1.1429246532e+02
1.3446900285e+02,1.0000000000e+00,1.3446900285e+02
1.5898435893e+02,1.0000000000e+00,1.5898435893e+02
1.7369865273e+02,1.0000000000e+00,1.7369865273e+02
1.6451854873e+02,1.0000000000e+00,1.6451854873e+02
1.2791095438e+02,1.0000000000e+00,1.2791095438e+02
7.6352533543e+01,1.0000000000e+00,7.6352533543e+01
3.3329885894e+01,1.0000000000e+00,3.3329885894e+01
2.7225026833e+01,1.0000000000e+00,2.7225026833e+01
4.8345194606e+01,1.0000000000e+00,4.8345194606e+01
1.0602405444e+02,1.0000000000e+00,1.0602405444e+02
1.7032540788e+02,1.0000000000e+00,1.7032540788e+02
2.1414840279e+02,1.0000000000e+00,2.1414840279e+02
2.1909502519e+02,1.0000000000e+00,2.1909502519e+02
1.8306870266e+02,1.0000000000e+00,1.8306870266e+02
1.2204644441e+02,1.0000000000e+00,1.2204644441e+02
6.5275025563e+01,1.0000000000e+00,6.5275025563e+01
4.2183554724e+01,1.0000000000e+00,4.2183554724e+01
6.5237924098e+01,1.0000000000e+00,6.5237924098e+01
1.2110463159e+02,1.0000000000e+00,1.2110463159e+02
1.7946723436e+02,1.0000000000e+00,1.7946723436e+02
2.1358136946e+02,1.0000000000e+00,2.1358136946e+02
2.1546546493e+02,1.0000000000e+00,2.1546546493e+02
1.9466610009e+02,1.0000000000e+00,1.9466610009e+02
1.6529437337e+02,1.0000000000e+00,1.6529437337e+02
1.3494118392e+02,1.0000000000e+00,1.3494118392e+02
1.0397697134e+02,1.0000000000e+00,1.0397697134e+02
7.1558445166e+01,1.0000000000e+00,7.1558445166e+01
6.1335810142e+01,1.0000000000e+00,6.1335810142e+01
5.1113175118e+01,1.0000000000e+00,5.1113175118e+01
4.0890540095e+01,1.0000000000e+00,4.0890540095e+01
3.0708549019e+01,1.0000000000e+00,3.0708549019e+01
4.6062823529e+01,1.0000000000e+00,4.6062823529e+01
9.8670224397e+01,1.0000000000e+00,9.8670224397e+01
1.5059354620e+02,1.0000000000e+00,1.5059354620e+02
1.8263344029e+02,1.0000000000e+00,1.8263344029e+02
1.8859139630e+02,1.0000000000e+00,1.8859139630e+02
1.7866074056e+02,1.0000000000e+00,1.7866074056e+02
1.6779443042e+02,1.0000000000e+00,1.6779443042e+02
1.6141819722e+02,1.0000000000e+00,1.6141819722e+02
1.5479130899e+02,1.0000000000e+00,1.5479130899e+02
1.4500960870e+02,1.0000000000e+00,1.4500960870e+02
1.3824552298e+02,1.0000000000e+00,1.3824552298e+02
1.4252890737e+02,1.0000000000e+00,1.4252890737e+02
1.5699683320e+02,1.0000000000e+00,1.5699683320e+02
1.7233177021e+02,1.0000000000e+00,1.7233177021e+02
1.8027015391e+02,1.0000000000e+00,1.8027015391e+02
1.7921690979e+02,1.0000000000e+00,1.7921690979e+02
1.7205524449e+02,1.0000000000e+00,1.7205524449e+02
1.6315359244e+02,1.0000000000e+00,1.6315359244e+02
1.5805571860e+02,1.0000000000e+00,1.5805571860e+02
1.6154792331e+02,1.0000000000e+00,1.6154792331e+02
1.7313362654e+02,1.0000000000e+00,1.7313362654e+02
1.8651055811e+02,1.0000000000e+00,1.8651055811e+02
1.9539391143e+02,1.0000000000e+00,1.9539391143e+02
1.9830979279e+02,1.0000000000e+00,1.9830979279e+02
1.9644342087e+02,1.0000000000e+00,1.9644342087e+02
1.8859073033e+02,1.0000000000e+00,1.8859073033e+02
1.7191824526e+02,1.0000000000e+00,1.7191824526e+02
1.4950646032e+02,1.0000000000e+00,1.4950646032e+02
1.3367477794e+02,1.0000000000e+00,1.3367477794e+02
1.3701451529e+02,1.0000000000e+00,1.3701451529e+02
1.6027123562e+02,1.0000000000e+00,1.6027123562e+02
1.9165245197e+02,1.0000000000e+00,1.9165245197e+02
2.1728957834e+02,1.0000000000e+00,2.1728957834e+02
2.3024300396e+02,1.0000000000e+00,2.3024300396e+02
2.3070301328e+02,1.0000000000e+00,2.3070301328e+02
2.2147045495e+02,1.0000000000e+00,2.2147045495e+02
2.0575074988e+02,1.0000000000e+00,2.0575074988e+02
1.8825017906e+02,1.0000000000e+00,1.8825017906e+02
1.7461387990e+02,1.0000000000e+00,1.7461387990e+02
1.6681869188e+02,1.0000000000e+00,1.6681869188e+02
1.6010569210e+02,1.0000000000e+00,1.6010569210e+02
1.4731832678e+02,1.0000000000e+00,1.4731832678e+02
1.2690362166e+02,1.0000000000e+00,1.2690362166e+02
1.0535305168e+02,1.0000000000e+00,1.0535305168e+02
9.0933151182e+01,1.0000000000e+00,9.0933151182e+01
8.5161455957e+01,1.0000000000e+00,8.5161455957e+01
8.1498797571e+01,1.0000000000e+00,8.1498797571e+01
7.3586373562e+01,1.0000000000e+00,7.3586373562e+01
6.4565652380e+01,1.0000000000e+00,6.4565652380e+01
6.6932180916e+01,1.0000000000e+00,6.6932180916e+01
9.1886634443e+01,1.0000000000e+00,9.1886634443e+01
1.3797463309e+02,1.0000000000e+00,1.3797463309e+02
1.8974725532e+02,1.0000000000e+00,1.8974725532e+02
2.2708125931e+02,1.0000000000e+00,2.2708125931e+02
2.3600894695e+02,1.0000000000e+00,2.3600894695e+02
2.1355313163e+02,1.0000000000e+00,2.1355313163e+02
1.6705293625e+02,1.0000000000e+00,1.6705293625e+02
1.1108743443e+02,1.0000000000e+00,1.1108743443e+02
6.3005083218e+01,1.0000000000e+00,6.3005083218e+01
3.7727271180e+01,1.0000000000e+00,3.7727271180e+01
4.3283581851e+01,1.0000000000e+00,4.3283581851e+01
7.8029032094e+01,1.0000000000e+00,7.8029032094e+01
1.3031342788e+02,1.0000000000e+00,1.3031342788e+02
1.8213091018e+02,1.0000000000e+00,1.8213091018e+02
2.1669868090e+02,1.0000000000e+00,2.1669868090e+02
2.2552344987e+02,1.0000000000e+00,2.2552344987e+02
2.0957171254e+02,1.0000000000e+00,2.0957171254e+02
1.7499169160e+02,1.0000000000e+00,1.7499169160e+02
1.2943533905e+02,1.0000000000e+00,1.2943533905e+02
8.2155180418e+01,1.0000000000e+00,8.2155180418e+01
7.0418726073e+01,1.0000000000e+00,7.0418726073e+01
5.8682271727e+01,1.0000000000e+00,5.8682271727e+01
4.6945817382e+01,1.0000000000e+00,4.6945817382e+01
3.5209363036e+01,1.0000000000e+00,3.5209363036e+01
5.4192094135e+01,1.0000000000e+00,5.4192094135e+01
9.2779407918e+01,1.0000000000e+00,9.2779407918e+01
1.3922418113e+02,1.0000000000e+00,1.3922418113e+02
1.8136692825e+02,1.0000000000e+00,1.8136692825e+02
2.0740421424e+02,1.0000000000e+00,2.0740421424e+02
2.1460357371e+02,1.0000000000e+00,2.1460357371e+02
2.1047558407e+02,1.0000000000e+00,2.1047558407e+02
2.0575681476e+02,1.0000000000e+00,2.0575681476e+02
2.0587805522e+02,1.0000000000e+00,2.0587805522e+02
2.0835547384e+02,1.0000000000e+00,2.0835547384e+02
2.0762326821e+02,1.0000000000e+00,2.0762326821e+02
2.0146955759e+02,1.0000000000e+00,2.0146955759e+02
1.9330265670e+02,1.0000000000e+00,1.9330265670e+02
1.8947954570e+02,1.0000000000e+00,1.8947954570e+02
1.9340213080e+02,1.0000000000e+00,1.9340213080e+02
2.0054234881e+02,1.0000000000e+00,2.0054234881e+02
2.0068519841e+02,1.0000000000e+00,2.0068519841e+02
1.8762455379e+02,1.0000000000e+00,1.8762455379e+02
1.6683917563e+02,1.0000000000e+00,1.6683917563e+02
1.5175393191e+02,1.0000000000e+00,1.5175393191e+02
1.5069165562e+02,1.0000000000e+00,1.5069165562e+02
1.5808390665e+02,1.0000000000e+00,1.5808390665e+02
1.6060916220e+02,1.0000000000e+00,1.6060916220e+02
1.5212310898e+02,1.0000000000e+00,1.5212310898e+02
1.4071064815e+02,1.0000000000e+00,1.4071064815e+02
1.3988012465e+02,1.0000000000e+00,1.3988012465e+02
1.5384382225e+02,1.0000000000e+00,1.5384382225e+02
1.7367827165e+02,1.0000000000e+00,1.7367827165e+02
1.8747526176e+02,1.0000000000e+00,1.8747526176e+02
1.9082124940e+02,1.0000000000e+00,1.9082124940e+02
1.8669272258e+02,1.0000000000e+00,1.8669272258e+02
1.7913734868e+02,1.0000000000e+00,1.7913734868e+02
1.7074271940e+02,1.0000000000e+00,1.7074271940e+02
1.6515040141e+02,1.0000000000e+00,1.6515040141e+02
1.6686961670e+02,1.0000000000e+00,1.6686961670e+02
1.7549816715e+02,1.0000000000e+00,1.7549816715e+02
1.8297651802e+02,1.0000000000e+00,1.8297651802e+02
1.8027520643e+02,1.0000000000e+00,1.8027520643e+02
1.6638893947e+02,1.0000000000e+00,1.6638893947e+02
1.4869521881e+02,1.0000000000e+00,1.4869521881e+02
1.3463690043e+02,1.0000000000e+00,1.3463690043e+02
1.2570075263e+02,1.0000000000e+00,1.2570075263e+02
1.2047758185e+02,1.0000000000e+00,1.2047758185e+02
1.2008436781e+02,1.0000000000e+00,1.2008436781e+02
1.2744727162e+02,1.0000000000e+00,1.2744727162e+02
1.4195809987e+02,1.0000000000e+00,1.4195809987e+02
1.5599398028e+02,1.0000000000e+00,1.5599398028e+02
1.5727420449e+02,1.0000000000e+00,1.5727420449e+02
1.3689682361e+02,1.0000000000e+00,1.3689682361e+02
9.7874114074e+01,1.0000000000e+00,9.7874114074e+01
5.6577999820e+01,1.0000000000e+00,5.6577999820e+01
3.4600826667e+01,1.0000000000e+00,3.4600826667e+01
4.6329874661e+01,1.0000000000e+00,4.6329874661e+01
9.0200252286e+01,1.0000000000e+00,9.0200252286e+01
1.4943071737e+02,1.0000000000e+00,1.4943071737e+02
2.0225387921e+02,1.0000000000e+00,2.0225387921e+02
2.3312708217e+02,1.0000000000e+00,2.3312708217e+02
2.3570666822e+02,1.0000000000e+00,2.3570666822e+02
2.0985773840e+02,1.0000000000e+00,2.0985773840e+02
1.6191879879e+02,1.0000000000e+00,1.6191879879e+02
1.0849079561e+02,1.0000000000e+00,1.0849079561e+02
7.3652714729e+01,1.0000000000e+00,7.3652714729e+01
7.5410446970e+01,1.0000000000e+00,7.5410446970e+01
1.1241262084e+02,1.0000000000e+00,1.1241262084e+02
1.6465340536e+02,1.0000000000e+00,1.6465340536e+02
2.0789920441e+02,1.0000000000e+00,2.0789920441e+02
2.2833128887e+02,1.0000000000e+00,2.2833128887e+02
2.2555940270e+02,1.0000000000e+00,2.2555940270e+02
2.0561830196e+02,1.0000000000e+00,2.0561830196e+02
1.7514255225e+02,1.0000000000e+00,1.7514255225e+02
1.4621986859e+02,1.0000000000e+00,1.4312398464e+02
1.2567067362e+02,1.0000000000e+00,1.1981419692e+02
1.0415084845e+02,1.0000000000e+00,1.1045160378e+02
1.0545687851e+02,1.0000000000e+00,1.1972786603e+02
1.5191529216e+02,1.0000000000e+00,1.4526798345e+02
1.8422640556e+02,1.0000000000e+00,1.6748498777e+02
1.6696983146e+02,1.0000000000e+00,1.7553399367e+02
1.6448882249e+02,1.0000000000e+00,1.8194642074e+02
2.0183987615e+02,1.0000000000e+00,1.9115774941e+02
2.0511838028e+02,1.0000000000e+00,1.8697523868e+02
1.5428124023e+02,1.0000000000e+00,1.6721853791e+02
1.3924735975e+02,1.0000000000e+00,1.5687538490e+02
1.8011445022e+02,1.0000000000e+00,1.6658411559e+02
1.9734643312e+02,1.0000000000e+00,1.7972900968e+02
1.7072080926e+02,1.0000000000e+00,1.8505044971e+02
1.7817870328e+02,1.0000000000e+00,1.9147426007e+02
2.0984214934e+02,1.0000000000e+00,1.9572069191e+02
1.8922427565e+02,1.0000000000e+00,1.8537520621e+02
1.6451038801e+02,1.0000000000e+00,1.7345443378e+02
1.6963090740e+02,1.0000000000e+00,1.6925019312e+02
1.7380597379e+02,1.0000000000e+00,1.6859009029e+02
1.6932064001e+02,1.0000000000e+00,1.6956072913e+02
1.6263671230e+02,1.0000000000e+00,1.6888489739e+02
1.5963521172e+02,1.0000000000e+00,1.6265471198e+02
1.5801304744e+02,1.0000000000e+00,1.5127961054e+02
1.4881232777e+02,1.0000000000e+00,1.4056651202e+02
1.3681074293e+02,1.0000000000e+00,1.3929326516e+02
1.4292678240e+02,1.0000000000e+00,1.5317298121e+02
1.7702538244e+02,1.0000000000e+00,1.7895453272e+02
2.1274393349e+02,1.0000000000e+00,2.0277174576e+02
2.1309850473e+02,1.0000000000e+00,2.0793183013e+02
1.7979012943e+02,1.0000000000e+00,1.8805906787e+02
1.4317218002e+02,1.0000000000e+00,1.5124986225e+02
1.2266027081e+02,1.0000000000e+00,1.1546562624e+02
1.0881889933e+02,1.0000000000e+00,9.7215468545e+01
9.6830383038e+01,1.0000000000e+00,1.0316156335e+02
1.2036493380e+02,1.0000000000e+00,1.3037995855e+02
1.5517973811e+02,1.0000000000e+00,1.5784456364e+02
1.7192000285e+02,1.0000000000e+00,1.7271990187e+02
1.8192777708e+02,1.0000000000e+00,1.8192777708e+02
1.9248694077e+02,1.0000000000e+00,1.9248694077e+02
2.0310953997e+02,1.0000000000e+00,2.0310953997e+02
2.0823541545e+02,1.0000000000e+00,2.0823541545e+02
2.0648330308e+02,1.0000000000e+00,2.0648330308e+02
2.0102043074e+02,1.0000000000e+00,2.0102043074e+02
1.9375079071e+02,1.0000000000e+00,1.9375079071e+02
1.8321455849e+02,1.0000000000e+00,1.8321455849e+02
1.6940968930e+02,1.0000000000e+00,1.6940968930e+02
1.5784746373e+02,1.0000000000e+00,1.5784746373e+02
1.5611624576e+02,1.0000000000e+00,1.5611624576e+02
1.6623608444e+02,1.0000000000e+00,1.6623608444e+02
1.8082964765e+02,1.0000000000e+00,1.8082964765e+02
1.8708295662e+02,1.0000000000e+00,1.8708295662e+02
1.7551313059e+02,1.0000000000e+00,1.7551313059e+02
1.4733569343e+02,1.0000000000e+00,1.4733569343e+02
1.1621396853e+02,1.0000000000e+00,1.1621396853e+02
1.0216988837e+02,1.0000000000e+00,1.0216988837e+02
1.1837172239e+02,1.0000000000e+00,1.1837172239e+02
1.6005796251e+02,1.0000000000e+00,1.6005796251e+02
2.0711725022e+02,1.0000000000e+00,2.0711725022e+02
2.3768326264e+02,1.0000000000e+00,2.3768326264e+02
2.3894775180e+02,1.0000000000e+00,2.3894775180e+02
2.0942853710e+02,1.0000000000e+00,2.0942853710e+02
1.5768005189e+02,1.0000000000e+00,1.5768005189e+02
1.0067858045e+02,1.0000000000e+00,1.0067858045e+02
5.9587226326e+01,1.0000000000e+00,5.9587226326e+01
5.1339842341e+01,1.0000000000e+00,5.1339842341e+01
7.9395532599e+01,1.0000000000e+00,7.9395532599e+01
1.3037399986e+02,1.0000000000e+00,1.3037399986e+02
1.8106965646e+02,1.0000000000e+00,1.8106965646e+02
2.1215140056e+02,1.0000000000e+00,2.1215140056e+02
2.1753835644e+02,1.0000000000e+00,2.1753835644e+02
2.0176943631e+02,1.0000000000e+00,2.0176943631e+02
1.7121271309e+02,1.0000000000e+00,1.7121271309e+02
1.3230687948e+02,1.0000000000e+00,1.3230687948e+02
9.7580228499e+01,1.0000000000e+00,9.7580228499e+01
8.4882216199e+01,1.0000000000e+00,8.4882216199e+01
1.0418430619e+02,1.0000000000e+00,1.0418430619e+02
1.4678852445e+02,1.0000000000e+00,1.4678852445e+02
1.9048238610e+02,1.0000000000e+00,1.9048238610e+02
2.1454303167e+02,1.0000000000e+00,2.1454303167e+02
2.0977322406e+02,1.0000000000e+00,2.0977322406e+02
1.7876032308e+02,1.0000000000e+00,1.7876032308e+02
1.3272501040e+02,1.0000000000e+00,1.3272501040e+02
8.9363754173e+01,1.0000000000e+00,8.9363754173e+01
6.7883584867e+01,1.0000000000e+00,6.7883584867e+01
7.8890551574e+01,1.0000000000e+00,7.8890551574e+01
1.1680474995e+02,1.0000000000e+00,1.1680474995e+02
1.6341781762e+02,1.0000000000e+00,1.6341781762e+02
1.9904267408e+02,1.0000000000e+00,1.9904267408e+02
2.1076791417e+02,1.0000000000e+00,2.1076791417e+02
1.9477010640e+02,1.0000000000e+00,1.9477010640e+02
1.5719096611e+02,1.0000000000e+00,1.5719096611e+02
1.1478946695e+02,1.0000000000e+00,1.1478946695e+02
8.9945173837e+01,1.0000000000e+00,8.9945173837e+01
9.7723120426e+01,1.0000000000e+00,9.7723120426e+01
1.3480731320e+02,1.0000000000e+00,1.3480731320e+02
1.8226344758e+02,1.0000000000e+00,1.8226344758e+02
2.1904242965e+02,1.0000000000e+00,2.1904242965e+02
2.3223740176e+02,1.0000000000e+00,2.3223740176e+02
2.1836502091e+02,1.0000000000e+00,2.1836502091e+02
1.8218394423e+02,1.0000000000e+00,1.8218394423e+02
1.3777696852e+02,1.0000000000e+00,1.3777696852e+02
1.0654634655e+02,1.0000000000e+00,1.0654634655e+02
1.0622917669e+02,1.0000000000e+00,1.0622917669e+02
1.3737435127e+02,1.0000000000e+00,1.3737435127e+02
1.8158212133e+02,1.0000000000e+00,1.8158212133e+02
2.1505017339e+02,1.0000000000e+00,2.1505017339e+02
2.2453566848e+02,1.0000000000e+00,2.2453566848e+02
2.1226936869e+02,1.0000000000e+00,2.1226936869e+02
1.8902717508e+02,1.0000000000e+00,1.8902717508e+02
1.6461210658e+02,1.0000000000e+00,1.6461210658e+02
1.4492244637e+02,1.0000000000e+00,1.4492244637e+02
1.3466633097e+02,1.0000000000e+00,1.3466633097e+02
1.3729538341e+02,1.0000000000e+00,1.3729538341e+02
1.5107832564e+02,1.0000000000e+00,1.5107832564e+02
1.6848662222e+02,1.0000000000e+00,1.6848662222e+02
1.8066173273e+02,1.0000000000e+00,1.8066173273e+02
1.8169221413e+02,1.0000000000e+00,1.8169221413e+02
1.7002613037e+02,1.0000000000e+00,1.7002613037e+02
1.4910698619e+02,1.0000000000e+00,1.4910698619e+02
1.2800821484e+02,1.0000000000e+00,1.2800821484e+02
1.1836158966e+02,1.0000000000e+00,1.1836158966e+02
1.2579690962e+02,1.0000000000e+00,1.2579690962e+02
1.4397483909e+02,1.0000000000e+00,1.4397483909e+02
1.6039243352e+02,1.0000000000e+00,1.6039243352e+02
1.6767945109e+02,1.0000000000e+00,1.6767945109e+02
1.6609766291e+02,1.0000000000e+00,1.6609766291e+02
1.5694470570e+02,1.0000000000e+00,1.5694470570e+02
1.3936978902e+02,1.0000000000e+00,1.3936978902e+02
1.1554089172e+02,1.0000000000e+00,1.1554089172e+02
9.5133241090e+01,1.0000000000e+00,9.5133241090e+01
9.0739057074e+01,1.0000000000e+00,9.0739057074e+01
1.0838106874e+02,1.0000000000e+00,1.0838106874e+02
1.4311784270e+02,1.0000000000e+00,1.4311784270e+02
1.8241152317e+02,1.0000000000e+00,1.8241152317e+02
2.1188508572e+02,1.0000000000e+00,2.1188508572e+02
2.1996946949e+02,1.0000000000e+00,2.1996946949e+02
2.0291238829e+02,1.0000000000e+00,2.0291238829e+02
1.6948766573e+02,1.0000000000e+00,1.6948766573e+02
1.3952055569e+02,1.0000000000e+00,1.3952055569e+02
1.3215684496e+02,1.0000000000e+00,1.3215684496e+02
1.5125749248e+02,1.0000000000e+00,1.5125749248e+02
1.8314699538e+02,1.0000000000e+00,1.8314699538e+02
2.1009938389e+02,1.0000000000e+00,2.1009938389e+02
2.2441832969e+02,1.0000000000e+00,2.2441832969e+02
2.2907902348e+02,1.0000000000e+00,2.2907902348e+02
2.2791538373e+02,1.0000000000e+00,2.2791538373e+02
2.1839485989e+02,1.0000000000e+00,2.1839485989e+02
1.9465277132e+02,1.0000000000e+00,1.9465277132e+02
1.5642836899e+02,1.0000000000e+00,1.5642836899e+02
1.1354942045e+02,1.0000000000e+00,1.1354942045e+02
8.0608273731e+01,1.0000000000e+00,8.0608273731e+01
6.6960490761e+01,1.0000000000e+00,6.6960490761e+01
7.2432353433e+01,1.0000000000e+00,7.2432353433e+01
9.1951104283e+01,1.0000000000e+00,9.1951104283e+01
1.2063622067e+02,1.0000000000e+00,1.2063622067e+02
1.5205643337e+02,1.0000000000e+00,1.5205643337e+02
1.7522835852e+02,1.0000000000e+00,1.7522835852e+02
1.7918656453e+02,1.0000000000e+00,1.7918656453e+02
1.6189602422e+02,1.0000000000e+00,1.6189602422e+02
1.3224145011e+02,1.0000000000e+00,1.3224145011e+02
1.0236382595e+02,1.0000000000e+00,1.0236382595e+02
7.9984181622e+01,1.0000000000e+00,7.9984181622e+01
6.8372300335e+01,1.0000000000e+00,6.8372300335e+01
6.9748995977e+01,1.0000000000e+00,6.9748995977e+01
8.4952741342e+01,1.0000000000e+00,8.4952741342e+01
1.1059887229e+02,1.0000000000e+00,1.1059887229e+02
1.3972936939e+02,1.0000000000e+00,1.3972936939e+02
1.6563721412e+02,1.0000000000e+00,1.6563721412e+02
1.8290970022e+02,1.0000000000e+00,1.8290970022e+02
1.8569737892e+02,1.0000000000e+00,1.8569737892e+02
1.6969301836e+02,1.0000000000e+00,1.6969301836e+02
1.3824139750e+02,1.0000000000e+00,1.3824139750e+02
1.0450159568e+02,1.0000000000e+00,1.0450159568e+02
8.4687830003e+01,1.0000000000e+00,8.4687830003e+01
8.7038360537e+01,1.0000000000e+00,8.7038360537e+01
1.0596120182e+02,1.0000000000e+00,1.0596120182e+02
1.2737872371e+02,1.0000000000e+00,1.2737872371e+02
1.4132297356e+02,1.0000000000e+00,1.4132297356e+02
1.4942146870e+02,1.0000000000e+00,1.4942146870e+02
1.5940311893e+02,1.0000000000e+00,1.5940311893e+02
1.7364742766e+02,1.0000000000e+00,1.7364742766e+02
1.8582277757e+02,1.0000000000e+00,1.8582277757e+02
1.8909327197e+02,1.0000000000e+00,1.8909327197e+02
1.8499955815e+02,1.0000000000e+00,1.8499955815e+02
1.8194162811e+02,1.0000000000e+00,1.8194162811e+02
1.8517052343e+02,1.0000000000e+00,1.8517052343e+02
1.9025857508e+02,1.0000000000e+00,1.9025857508e+02
1.8750861374e+02,1.0000000000e+00,1.8750861374e+02
1.7205435530e+02,1.0000000000e+00,1.7205435530e+02
1.4915225929e+02,1.0000000000e+00,1.4915225929e+02
1.3038035804e+02,1.0000000000e+00,1.3038035804e+02
1.2528270685e+02,1.0000000000e+00,1.2528270685e+02
1.3527684277e+02,1.0000000000e+00,1.3527684277e+02
1.5267996807e+02,1.0000000000e+00,1.5267996807e+02
1.6518674438e+02,1.0000000000e+00,1.6518674438e+02
1.6428769788e+02,1.0000000000e+00,1.6428769788e+02
1.5134088271e+02,1.0000000000e+00,1.5134088271e+02
1.3552466212e+02,1.0000000000e+00,1.3552466212e+02
1.2605278226e+02,1.0000000000e+00,1.2605278226e+02
1.2599675746e+02,1.0000000000e+00,1.2599675746e+02
1.3263845485e+02,1.0000000000e+00,1.3263845485e+02
1.4273281991e+02,1.0000000000e+00,1.4273281991e+02
1.5594397353e+02,1.0000000000e+00,1.5594397353e+02
1.7307939264e+02,1.0000000000e+00,1.7307939264e+02
1.9242269199e+02,1.0000000000e+00,1.9242269199e+02
2.0782377003e+02,1.0000000000e+00,2.0782377003e+02
2.1054981950e+02,1.0000000000e+00,2.1054981950e+02
1.9552719839e+02,1.0000000000e+00,1.9552719839e+02
1.6721891336e+02,1.0000000000e+00,1.6721891336e+02
1.3801558644e+02,1.0000000000e+00,1.3801558644e+02
1.1946715225e+02,1.0000000000e+00,1.1946715225e+02
1.1501020455e+02,1.0000000000e+00,1.1501020455e+02
1.2084770152e+02,1.0000000000e+00,1.2084770152e+02
1.3208118649e+02,1.0000000000e+00,1.3208118649e+02
1.4682706905e+02,1.0000000000e+00,1.4682706905e+02
1.6529932226e+02,1.0000000000e+00,1.6529932226e+02
1.8563722521e+02,1.0000000000e+00,1.8563722521e+02
2.0087783988e+02,1.0000000000e+00,2.0087783988e+02
2.0198418537e+02,1.0000000000e+00,2.0198418537e+02
1.8588546125e+02,1.0000000000e+00,1.8588546125e+02
1.5978606097e+02,1.0000000000e+00,1.5978606097e+02
1.3577982741e+02,1.0000000000e+00,1.3577982741e+02
1.2097427944e+02,1.0000000000e+00,1.2097427944e+02
1.1330966325e+02,1.0000000000e+00,1.1330966325e+02
1.0674001944e+02,1.0000000000e+00,1.0674001944e+02
9.9443534621e+01,1.0000000000e+00,9.9443534621e+01
9.5671531135e+01,1.0000000000e+00,9.5671531135e+01
9.9961244928e+01,1.0000000000e+00,9.9961244928e+01
1.1212307883e+02,1.0000000000e+00,1.1212307883e+02
1.2863072981e+02,1.0000000000e+00,1.2863072981e+02
1.4629223172e+02,1.0000000000e+00,1.4629223172e+02
1.6305980400e+02,1.0000000000e+00,1.6305980400e+02
1.7674248610e+02,1.0000000000e+00,1.7674248610e+02
1.8474161954e+02,1.0000000000e+00,1.8474161954e+02
1.8548564925e+02,1.0000000000e+00,1.8548564925e+02
1.7939632750e+02,1.0000000000e+00,1.7939632750e+02
1.6829190666e+02,1.0000000000e+00,1.6829190666e+02
1.5510899390e+02,1.0000000000e+00,1.5510899390e+02
1.4417788419e+02,1.0000000000e+00,1.4417788419e+02
1.3932032959e+02,1.0000000000e+00,1.3932032959e+02
1.4081430867e+02,1.0000000000e+00,1.4081430867e+02
1.4619978102e+02,1.0000000000e+00,1.4619978102e+02
1.5369723282e+02,1.0000000000e+00,1.5369723282e+02
1.6135605686e+02,1.0000000000e+00,1.6135605686e+02
1.6333723379e+02,1.0000000000e+00,1.6333723379e+02
1.5256854761e+02,1.0000000000e+00,1.5256854761e+02
1.2937796348e+02,1.0000000000e+00,1.2937796348e+02
1.0444148249e+02,1.0000000000e+00,1.0444148249e+02
9.1035121889e+01,1.0000000000e+00,9.1035121889e+01
9.4294641769e+01,1.0000000000e+00,9.4294641769e+01
1.0695816430e+02,1.0000000000e+00,1.0695816430e+02
1.1465900700e+02,1.0000000000e+00,1.1465900700e+02
1.0666907656e+02,1.0000000000e+00,1.0666907656e+02
8.3667716062e+01,1.0000000000e+00,8.3667716062e+01
5.6606718684e+01,1.0000000000e+00,5.6606718684e+01
3.8984484396e+01,1.0000000000e+00,3.8984484396e+01
3.9489596364e+01,1.0000000000e+00,3.9489596364e+01
5.8467365194e+01,1.0000000000e+00,5.8467365194e+01
8.8061965840e+01,1.0000000000e+00,8.8061965840e+01
1.1679202905e+02,1.0000000000e+00,1.1679202905e+02
1.3716594901e+02,1.0000000000e+00,1.3716594901e+02
1.4905992542e+02,1.0000000000e+00,1.4905992542e+02
1.5473233902e+02,1.0000000000e+00,1.5473233902e+02
1.5334954765e+02,1.0000000000e+00,1.5334954765e+02
1.4385443014e+02,1.0000000000e+00,1.4385443014e+02
1.3140084139e+02,1.0000000000e+00,1.3140084139e+02
1.2670800021e+02,1.0000000000e+00,1.2670800021e+02
1.3766618949e+02,1.0000000000e+00,1.3766618949e+02
1.6161976778e+02,1.0000000000e+00,1.6161976778e+02
1.8571931183e+02,1.0000000000e+00,1.8571931183e+02
1.9635061800e+02,1.0000000000e+00,1.9635061800e+02
1.9043939586e+02,1.0000000000e+00,1.9043939586e+02
1.7745682675e+02,1.0000000000e+00,1.7745682675e+02
1.6940404941e+02,1.0000000000e+00,1.6940404941e+02
1.6977044815e+02,1.0000000000e+00,1.6977044815e+02
1.7305650959e+02,1.0000000000e+00,1.7305650959e+02
1.7286870330e+02,1.0000000000e+00,1.7286870330e+02
1.6802781109e+02,1.0000000000e+00,1.6802781109e+02
1.6168930279e+02,1.0000000000e+00,1.6168930279e+02
1.5724348678e+02,1.0000000000e+00,1.5724348678e+02
1.5663591434e+02,1.0000000000e+00,1.5663591434e+02
1.6165143893e+02,1.0000000000e+00,1.6165143893e+02
1.7345985559e+02,1.0000000000e+00,1.7345985559e+02
1.8941226866e+02,1.0000000000e+00,1.8941226866e+02
2.0320285924e+02,1.0000000000e+00,2.0320285924e+02
2.1022750041e+02,1.0000000000e+00,2.1022750041e+02
2.1077826064e+02,1.0000000000e+00,2.1077826064e+02
2.0695562690e+02,1.0000000000e+00,2.0695562690e+02
1.9929038539e+02,1.0000000000e+00,1.9929038539e+02
1.8875594813e+02,1.0000000000e+00,1.8875594813e+02
1.8025564995e+02,1.0000000000e+00,1.8025564995e+02
1.8028872486e+02,1.0000000000e+00,1.8028872486e+02
1.9005774768e+02,1.0000000000e+00,1.9005774768e+02
2.0331353491e+02,1.0000000000e+00,2.0331353491e+02
2.1235446036e+02,1.0000000000e+00,2.1235446036e+02
2.1404450984e+02,1.0000000000e+00,2.1404450984e+02
2.0870334905e+02,1.0000000000e+00,2.0870334905e+02
1.9574195725e+02,1.0000000000e+00,1.9574195725e+02
1.7369119585e+02,1.0000000000e+00,1.7369119585e+02
1.4482356522e+02,1.0000000000e+00,1.4482356522e+02
1.1750063090e+02,1.0000000000e+00,1.1750063090e+02
1.0170789753e+02,1.0000000000e+00,1.0170789753e+02
1.0162019802e+02,1.0000000000e+00,1.0162019802e+02
1.1277931393e+02,1.0000000000e+00,1.1277931393e+02
1.2574419826e+02,1.0000000000e+00,1.2574419826e+02
1.3175307819e+02,1.0000000000e+00,1.3175307819e+02
1.2717669930e+02,1.0000000000e+00,1.2717669930e+02
1.1625581409e+02,1.0000000000e+00,1.1625581409e+02
1.1004427262e+02,1.0000000000e+00,1.1004427262e+02
1.1923824053e+02,1.0000000000e+00,1.1923824053e+02
1.4475728421e+02,1.0000000000e+00,1.4475728421e+02
1.7582743172e+02,1.0000000000e+00,1.7582743172e+02
1.9901084328e+02,1.0000000000e+00,1.9901084328e+02
2.0855773313e+02,1.0000000000e+00,2.0855773313e+02
2.0798055418e+02,1.0000000000e+00,2.0798055418e+02
2.0420795794e+02,1.0000000000e+00,2.0420795794e+02
2.0144607441e+02,1.0000000000e+00,2.0144607441e+02
1.9853103684e+02,1.0000000000e+00,1.9853103684e+02
1.9005066808e+02,1.0000000000e+00,1.9005066808e+02
1.7069753578e+02,1.0000000000e+00,1.7069753578e+02
1.4065762584e+02,1.0000000000e+00,1.4065762584e+02
1.0791172085e+02,1.0000000000e+00,1.0791172085e+02
8.5238519866e+01,1.0000000000e+00,8.5238519866e+01
8.3449697235e+01,1.0000000000e+00,8.3449697235e+01
1.0433941366e+02,1.0000000000e+00,1.0433941366e+02
1.3825830801e+02,1.0000000000e+00,1.3825830801e+02
1.6981575100e+02,1.0000000000e+00,1.6981575100e+02
1.8771056713e+02,1.0000000000e+00,1.8771056713e+02
1.8944189682e+02,1.0000000000e+00,1.8944189682e+02
1.7819177734e+02,1.0000000000e+00,1.7819177734e+02
1.5904605125e+02,1.0000000000e+00,1.5904605125e+02
1.3976457733e+02,1.0000000000e+00,1.3976457733e+02
1.3105383669e+02,1.0000000000e+00,1.3105383669e+02
1.4025585118e+02,1.0000000000e+00,1.4025585118e+02
1.6380586958e+02,1.0000000000e+00,1.6380586958e+02
1.8884699895e+02,1.0000000000e+00,1.8884699895e+02
2.0331776743e+02,1.0000000000e+00,2.0331776743e+02
2.0400131061e+02,1.0000000000e+00,2.0400131061e+02
1.9577831351e+02,1.0000000000e+00,1.9577831351e+02
1.8446428736e+02,1.0000000000e+00,1.8446428736e+02
1.7124287553e+02,1.0000000000e+00,1.7124287553e+02
1.5432614452e+02,1.0000000000e+00,1.5432614452e+02
1.3454069644e+02,1.0000000000e+00,1.3454069644e+02
1.1719599481e+02,1.0000000000e+00,1.1719599481e+02
1.0859392802e+02,1.0000000000e+00,1.0859392802e+02
1.1203532998e+02,1.0000000000e+00,1.1203532998e+02
1.2658133516e+02,1.0000000000e+00,1.2658133516e+02
1.4815451424e+02,1.0000000000e+00,1.4815451424e+02
1.7184664680e+02,1.0000000000e+00,1.7184664680e+02
1.9364493176e+02,1.0000000000e+00,1.9364493176e+02
2.1067661002e+02,1.0000000000e+00,2.1067661002e+02
2.2144944860e+02,1.0000000000e+00,2.2144944860e+02
2.2634298741e+02,1.0000000000e+00,2.2634298741e+02
2.2676979344e+02,1.0000000000e+00,2.2676979344e+02
2.2358311380e+02,1.0000000000e+00,2.2358311380e+02
2.1683591306e+02,1.0000000000e+00,2.1683591306e+02
2.0683137216e+02,1.0000000000e+00,2.0683137216e+02
1.9497622578e+02,1.0000000000e+00,1.9497622578e+02
1.8413853136e+02,1.0000000000e+00,1.8413853136e+02
1.7811824429e+02,1.0000000000e+00,1.7811824429e+02
1.7885987015e+02,1.0000000000e+00,1.7885987015e+02
1.8314120965e+02,1.0000000000e+00,1.8314120965e+02
1.8374748569e+02,1.0000000000e+00,1.8374748569e+02
1.7588420641e+02,1.0000000000e+00,1.7588420641e+02
1.6251588428e+02,1.0000000000e+00,1.6251588428e+02
1.5231047331e+02,1.0000000000e+00,1.5231047331e+02
1.5175268408e+02,1.0000000000e+00,1.5175268408e+02
1.5995711580e+02,1.0000000000e+00,1.5995711580e+02
1.7122227949e+02,1.0000000000e+00,1.7122227949e+02
1.8073494192e+02,1.0000000000e+00,1.8073494192e+02
1.8680317175e+02,1.0000000000e+00,1.8680317175e+02
1.8944065035e+02,1.0000000000e+00,1.8944065035e+02
1.8928792993e+02,1.0000000000e+00,1.8928792993e+02
1.8818302546e+02,1.0000000000e+00,1.8818302546e+02
1.8861904244e+02,1.0000000000e+00,1.8861904244e+02
1.9076362377e+02,1.0000000000e+00,1.9076362377e+02
1.9035388356e+02,1.0000000000e+00,1.9035388356e+02
1.8067975998e+02,1.0000000000e+00,1.8067975998e+02
1.5727183303e+02,1.0000000000e+00,1.5727183303e+02
1.2128797228e+02,1.0000000000e+00,1.2128797228e+02
7.9463868338e+01,1.0000000000e+00,7.9463868338e+01
6.8111887147e+01,1.0000000000e+00,6.8111887147e+01
5.6759905956e+01,1.0000000000e+00,5.6759905956e+01
4.5407924765e+01,1.0000000000e+00,4.5407924765e+01
3.4055943574e+01,1.0000000000e+00,3.4055943574e+01
4.4365468766e+01,1.0000000000e+00,4.4365468766e+01
7.3232323232e+01,1.0000000000e+00,7.3232323232e+01
1.0416666667e+02,1.0000000000e+00,1.0416666667e+02
1.2500000000e+02,1.0000000000e+00,1.2500000000e+02
1.0416666667e+02,1.0000000000e+00,1.0416666667e+02
7.3232323232e+01,1.0000000000e+00,7.3232323232e+01
6.2770562771e+01,1.0000000000e+00,6.2770562771e+01
5.2308802309e+01,1.0000000000e+00,5.2308802309e+01
4.1847041847e+01,1.0000000000e+00,4.1847041847e+01
3.1385281385e+01,1.0000000000e+00,3.1385281385e+01
2.0923520924e+01,1.0000000000e+00,2.0923520924e+01
2.9953884447e+01,1.0000000000e+00,2.9953884447e+01
3.4331454770e+01,1.0000000000e+00,3.4331454770e+01
2.9648364071e+01,1.0000000000e+00,2.9648364071e+01
2.4522467693e+01,1.0000000000e+00,2.4522467693e+01
1.9617974154e+01,1.0000000000e+00,1.9617974154e+01
1.9929619062e+01,1.0000000000e+00,1.9929619062e+01
2.9894428593e+01,1.0000000000e+00,2.9894428593e+01
8.2654376949e+01,1.0000000000e+00,8.2654376949e+01
1.4803862270e+02,1.0000000000e+00,1.4803862270e+02
2.0320355373e+02,1.0000000000e+00,2.0320355373e+02
2.3162448836e+02,1.0000000000e+00,2.3162448836e+02
2.3173212340e+02,1.0000000000e+00,2.3173212340e+02
2.1373232334e+02,1.0000000000e+00,2.1373232334e+02
1.9098211783e+02,1.0000000000e+00,1.9098211783e+02
1.7326018484e+02,1.0000000000e+00,1.7326018484e+02
1.6417027237e+02,1.0000000000e+00,1.6417027237e+02
1.6171150026e+02,1.0000000000e+00,1.6171150026e+02
1.6084505179e+02,1.0000000000e+00,1.6084505179e+02
1.5667882413e+02,1.0000000000e+00,1.5667882413e+02
1.4564094091e+02,1.0000000000e+00,1.4564094091e+02
1.2479326285e+02,1.0000000000e+00,1.2479326285e+02
9.3273991474e+01,1.0000000000e+00,9.3273991474e+01
7.9949135549e+01,1.0000000000e+00,7.9949135549e+01
6.6624279624e+01,1.0000000000e+00,6.6624279624e+01
5.3299423699e+01,1.0000000000e+00,5.3299423699e+01
3.9974567775e+01,1.0000000000e+00,3.9974567775e+01
5.8205510267e+01,1.0000000000e+00,5.8205510267e+01
1.0482593263e+02,1.0000000000e+00,1.0482593263e+02
1.3920488219e+02,1.0000000000e+00,1.3920488219e+02
1.4486052534e+02,1.0000000000e+00,1.4486052534e+02
1.2153719647e+02,1.0000000000e+00,1.2153719647e+02
8.4088344914e+01,1.0000000000e+00,8.4088344914e+01
5.2843067052e+01,1.0000000000e+00,5.2843067052e+01
4.4585944719e+01,1.0000000000e+00,4.4585944719e+01
6.6910709161e+01,1.0000000000e+00,6.6910709161e+01
1.1396719985e+02,1.0000000000e+00,1.1396719985e+02
1.6615821796e+02,1.0000000000e+00,1.6615821796e+02
1.9919883803e+02,1.0000000000e+00,1.9919883803e+02
1.9894900789e+02,1.0000000000e+00,1.9894900789e+02
1.6936487735e+02,1.0000000000e+00,1.6936487735e+02
1.2733844992e+02,1.0000000000e+00,1.2733844992e+02
9.1666562117e+01,1.0000000000e+00,9.1666562117e+01
7.5944938087e+01,1.0000000000e+00,7.5944938087e+01
8.6421777234e+01,1.0000000000e+00,8.6421777234e+01
1.2019789914e+02,1.0000000000e+00,1.2019789914e+02
1.6430262483e+02,1.0000000000e+00,1.6430262483e+02
2.0115466209e+02,1.0000000000e+00,2.0115466209e+02
2.1872313498e+02,1.0000000000e+00,2.1872313498e+02
2.1523835276e+02,1.0000000000e+00,2.1523835276e+02
1.9497207646e+02,1.0000000000e+00,1.9497207646e+02
1.6335377402e+02,1.0000000000e+00,1.6335377402e+02
1.2712798098e+02,1.0000000000e+00,1.2712798098e+02
9.5047656033e+01,1.0000000000e+00,9.5047656033e+01
7.5106651258e+01,1.0000000000e+00,7.5106651258e+01
7.1339389801e+01,1.0000000000e+00,7.1339389801e+01
8.2947468692e+01,1.0000000000e+00,8.2947468692e+01
1.0497546212e+02,1.0000000000e+00,1.0497546212e+02
1.3031492087e+02,1.0000000000e+00,1.3031492087e+02
1.5295420118e+02,1.0000000000e+00,1.5295420118e+02
1.7030448491e+02,1.0000000000e+00,1.7030448491e+02
1.8303908394e+02,1.0000000000e+00,1.8303908394e+02
1.9367158855e+02,1.0000000000e+00,1.9367158855e+02
2.0498420061e+02,1.0000000000e+00,2.0498420061e+02
2.1773114359e+02,1.0000000000e+00,2.1773114359e+02
2.2853898146e+02,1.0000000000e+00,2.2853898146e+02
2.3061879664e+02,1.0000000000e+00,2.3061879664e+02
2.1785088591e+02,1.0000000000e+00,2.1785088591e+02
1.9011139898e+02,1.0000000000e+00,1.9011139898e+02
1.5594446175e+02,1.0000000000e+00,1.5594446175e+02
1.2848386573e+02,1.0000000000e+00,1.2848386573e+02
1.1627986294e+02,1.0000000000e+00,1.1627986294e+02
1.1773628154e+02,1.0000000000e+00,1.1773628154e+02
1.2409815230e+02,1.0000000000e+00,1.2409815230e+02
1.2622251455e+02,1.0000000000e+00,1.2622251455e+02
1.1983534549e+02,1.0000000000e+00,1.1983534549e+02
1.0869562607e+02,1.0000000000e+00,1.0869562607e+02
1.0350573504e+02,1.0000000000e+00,1.0350573504e+02
1.1340962649e+02,1.0000000000e+00,1.1340962649e+02
1.3576145686e+02,1.0000000000e+00,1.3576145686e+02
1.5648226095e+02,1.0000000000e+00,1.5648226095e+02
1.6295535578e+02,1.0000000000e+00,1.6295535578e+02
1.5538494133e+02,1.0000000000e+00,1.5538494133e+02
1.4415627422e+02,1.0000000000e+00,1.4415627422e+02
1.3831238319e+02,1.0000000000e+00,1.3831238319e+02
1.3907616565e+02,1.0000000000e+00,1.3907616565e+02
1.4310074568e+02,1.0000000000e+00,1.4310074568e+02
1.4857965856e+02,1.0000000000e+00,1.4857965856e+02
1.5659979125e+02,1.0000000000e+00,1.5659979125e+02
1.6780577268e+02,1.0000000000e+00,1.6780577268e+02
1.8025946363e+02,1.0000000000e+00,1.8025946363e+02
1.9103744003e+02,1.0000000000e+00,1.9103744003e+02
1.9814485299e+02,1.0000000000e+00,1.9814485299e+02
2.0060308625e+02,1.0000000000e+00,2.0060308625e+02
1.9833443485e+02,1.0000000000e+00,1.9833443485e+02
1.9260459289e+02,1.0000000000e+00,1.9260459289e+02
1.8598580763e+02,1.0000000000e+00,1.8598580763e+02
1.8082109007e+02,1.0000000000e+00,1.8082109007e+02
1.7683410403e+02,1.0000000000e+00,1.7683410403e+02
1.7166034578e+02,1.0000000000e+00,1.7166034578e+02
1.6562043970e+02,1.0000000000e+00,1.6562043970e+02
1.6406606761e+02,1.0000000000e+00,1.6406606761e+02
1.7178931836e+02,1.0000000000e+00,1.7178931836e+02
1.8515714377e+02,1.0000000000e+00,1.8515714377e+02
1.9167636308e+02,1.0000000000e+00,1.9167636308e+02
1.7862641547e+02,1.0000000000e+00,1.7862641547e+02
1.4346356594e+02,1.0000000000e+00,1.4346356594e+02
9.7461430914e+01,1.0000000000e+00,9.7461430914e+01
6.0098236969e+01,1.0000000000e+00,6.0098236969e+01
4.8878219084e+01,1.0000000000e+00,4.8878219084e+01
7.0760513366e+01,1.0000000000e+00,7.0760513366e+01
1.1767894892e+02,1.0000000000e+00,1.1767894892e+02
1.6765111565e+02,1.0000000000e+00,1.6765111565e+02
1.9467826004e+02,1.0000000000e+00,1.9467826004e+02
1.8466898492e+02,1.0000000000e+00,1.8466898492e+02
1.4491575398e+02,1.0000000000e+00,1.4491575398e+02
9.8504009239e+01,1.0000000000e+00,9.8504009239e+01
6.9817000595e+01,1.0000000000e+00,6.9817000595e+01
7.2799417398e+01,1.0000000000e+00,7.2799417398e+01
1.0607773424e+02,1.0000000000e+00,1.0607773424e+02
1.5369429608e+02,1.0000000000e+00,1.5369429608e+02
1.9233352385e+02,1.0000000000e+00,1.9233352385e+02
2.0461155613e+02,1.0000000000e+00,2.0461155613e+02
1.9075498874e+02,1.0000000000e+00,1.9075498874e+02
1.6856473432e+02,1.0000000000e+00,1.6856473432e+02
1.5952950798e+02,1.0000000000e+00,1.5952950798e+02
1.7163764094e+02,1.0000000000e+00,1.7163764094e+02
1.9426469733e+02,1.0000000000e+00,1.9426469733e+02
2.0932922440e+02,1.0000000000e+00,2.0932922440e+02
2.0719164292e+02,1.0000000000e+00,2.0719164292e+02
1.9322690276e+02,1.0000000000e+00,1.9322690276e+02
1.8061225136e+02,1.0000000000e+00,1.8061225136e+02
1.7635528957e+02,1.0000000000e+00,1.7635528957e+02
1.7452656890e+02,1.0000000000e+00,1.7452656890e+02
1.6458305512e+02,1.0000000000e+00,1.6458305512e+02
1.4509551867e+02,1.0000000000e+00,1.4509551867e+02
1.2615938928e+02,1.0000000000e+00,1.2615938928e+02
1.1913786318e+02,1.0000000000e+00,1.1913786318e+02
1.2798996161e+02,1.0000000000e+00,1.2798996161e+02
1.4982141746e+02,1.0000000000e+00,1.4982141746e+02
1.7818513167e+02,1.0000000000e+00,1.7818513167e+02
2.0408561284e+02,1.0000000000e+00,2.0408561284e+02
2.1794973536e+02,1.0000000000e+00,2.1794973536e+02
2.1442396184e+02,1.0000000000e+00,2.1442396184e+02
1.9632785365e+02,1.0000000000e+00,1.9632785365e+02
1.7401840023e+02,1.0000000000e+00,1.7401840023e+02
1.5952255171e+02,1.0000000000e+00,1.5952255171e+02
1.5840334607e+02,1.0000000000e+00,1.5840334607e+02
1.6556697968e+02,1.0000000000e+00,1.6556697968e+02
1.6939546565e+02,1.0000000000e+00,1.6939546565e+02
1.6131315122e+02,1.0000000000e+00,1.6131315122e+02
1.4254563165e+02,1.0000000000e+00,1.4254563165e+02
1.2195009145e+02,1.0000000000e+00,1.2195009145e+02
1.0695756180e+02,1.0000000000e+00,1.0695756180e+02
9.7103469786e+01,1.0000000000e+00,9.7103469786e+01
8.7692340796e+01,1.0000000000e+00,8.7692340796e+01
7.8890658773e+01,1.0000000000e+00,7.8890658773e+01
7.7825669413e+01,1.0000000000e+00,7.7825669413e+01
9.0538301714e+01,1.0000000000e+00,9.0538301714e+01
1.1413787518e+02,1.0000000000e+00,1.1413787518e+02
1.3831615330e+02,1.0000000000e+00,1.3831615330e+02
1.5335164255e+02,1.0000000000e+00,1.5335164255e+02
1.5607804940e+02,1.0000000000e+00,1.5607804940e+02
1.5033321701e+02,1.0000000000e+00,1.5033321701e+02
1.4366546548e+02,1.0000000000e+00,1.4366546548e+02
1.4285225313e+02,1.0000000000e+00,1.4285225313e+02
1.5073321800e+02,1.0000000000e+00,1.5073321800e+02
1.6540023961e+02,1.0000000000e+00,1.6540023961e+02
1.8096600204e+02,1.0000000000e+00,1.8096600204e+02
1.9043008857e+02,1.0000000000e+00,1.9043008857e+02
1.9058197127e+02,1.0000000000e+00,1.9058197127e+02
1.8448300663e+02,1.0000000000e+00,1.8448300663e+02
1.7790417532e+02,1.0000000000e+00,1.7790417532e+02
1.7371374563e+02,1.0000000000e+00,1.7371374563e+02
1.7143445276e+02,1.0000000000e+00,1.7143445276e+02
1.7190195100e+02,1.0000000000e+00,1.7190195100e+02
1.7895515965e+02,1.0000000000e+00,1.7895515965e+02
1.9425661766e+02,1.0000000000e+00,1.9425661766e+02
2.1209620778e+02,1.0000000000e+00,2.1209620778e+02
2.2156146220e+02,1.0000000000e+00,2.2156146220e+02
2.1392161687e+02,1.0000000000e+00,2.1392161687e+02
1.8829247169e+02,1.0000000000e+00,1.8829247169e+02
1.5236213789e+02,1.0000000000e+00,1.5236213789e+02
1.1897368400e+02,1.0000000000e+00,1.1897368400e+02
1.0028073983e+02,1.0000000000e+00,1.0028073983e+02
1.0186644296e+02,1.0000000000e+00,1.0186644296e+02
1.1983817717e+02,1.0000000000e+00,1.1983817717e+02
1.4242215148e+02,1.0000000000e+00,1.4242215148e+02
1.5520085982e+02,1.0000000000e+00,1.5520085982e+02
1.4795936413e+02,1.0000000000e+00,1.4795936413e+02
1.2049227402e+02,1.0000000000e+00,1.2049227402e+02
8.3790273744e+01,1.0000000000e+00,8.3790273744e+01
5.4237446559e+01,1.0000000000e+00,5.4237446559e+01
4.4074040870e+01,1.0000000000e+00,4.4074040870e+01
5.5629735347e+01,1.0000000000e+00,5.5629735347e+01
8.2529370423e+01,1.0000000000e+00,8.2529370423e+01
1.1383490941e+02,1.0000000000e+00,1.1383490941e+02
1.3793611703e+02,1.0000000000e+00,1.3793611703e+02
1.4801853496e+02,1.0000000000e+00,1.4801853496e+02
1.4711578337e+02,1.0000000000e+00,1.4711578337e+02
1.4439893951e+02,1.0000000000e+00,1.4439893951e+02
1.4367132539e+02,1.0000000000e+00,1.4367132539e+02
1.3912698478e+02,1.0000000000e+00,1.3912698478e+02
1.2498959582e+02,1.0000000000e+00,1.2498959582e+02
1.0562988751e+02,1.0000000000e+00,1.0562988751e+02
9.3525255702e+01,1.0000000000e+00,9.3525255702e+01
9.9064255675e+01,1.0000000000e+00,9.9064255675e+01
1.2256370121e+02,1.0000000000e+00,1.2256370121e+02
1.5344970765e+02,1.0000000000e+00,1.5344970765e+02
1.7629802917e+02,1.0000000000e+00,1.7629802917e+02
1.8043125774e+02,1.0000000000e+00,1.8043125774e+02
1.6756555569e+02,1.0000000000e+00,1.6756555569e+02
1.5177599535e+02,1.0000000000e+00,1.5177599535e+02
1.4954426685e+02,1.0000000000e+00,1.4954426685e+02
1.6556345950e+02,1.0000000000e+00,1.6556345950e+02
1.8661718020e+02,1.0000000000e+00,1.8661718020e+02
1.9111535093e+02,1.0000000000e+00,1.9111535093e+02
1.6725101267e+02,1.0000000000e+00,1.6725101267e+02
1.2350142334e+02,1.0000000000e+00,1.2350142334e+02
8.1680116777e+01,1.0000000000e+00,8.1680116777e+01
5.9615971070e+01,1.0000000000e+00,5.9615971070e+01
6.0514036845e+01,1.0000000000e+00,6.0514036845e+01
7.6528562841e+01,1.0000000000e+00,7.6528562841e+01
9.7506305711e+01,1.0000000000e+00,9.7506305711e+01
1.1499131109e+02,1.0000000000e+00,1.1499131109e+02
1.2301634198e+02,1.0000000000e+00,1.2301634198e+02
1.2091112099e+02,1.0000000000e+00,1.2091112099e+02
1.1671143998e+02,1.0000000000e+00,1.1671143998e+02
1.2381337158e+02,1.0000000000e+00,1.2381337158e+02
1.4849210570e+02,1.0000000000e+00,1.4849210570e+02
1.8007879687e+02,1.0000000000e+00,1.8007879687e+02
1.9730671097e+02,1.0000000000e+00,1.9730671097e+02
1.8606600366e+02,1.0000000000e+00,1.8606600366e+02
1.5117426999e+02,1.0000000000e+00,1.5117426999e+02
1.1262673003e+02,1.0000000000e+00,1.1262673003e+02
9.1024600541e+01,1.0000000000e+00,9.1024600541e+01
9.3578308456e+01,1.0000000000e+00,9.3578308456e+01
1.1014954607e+02,1.0000000000e+00,1.1014954607e+02
1.2238337642e+02,1.0000000000e+00,1.2238337642e+02
1.1996203236e+02,1.0000000000e+00,1.1996203236e+02
1.0984172541e+02,1.0000000000e+00,1.0984172541e+02
1.0877413088e+02,1.0000000000e+00,1.0877413088e+02
1.2699264682e+02,1.0000000000e+00,1.2699264682e+02
1.5967502785e+02,1.0000000000e+00,1.5967502785e+02
1.9207168230e+02,1.0000000000e+00,1.9207168230e+02
2.1097046332e+02,1.0000000000e+00,2.1097046332e+02
2.1288606160e+02,1.0000000000e+00,2.1288606160e+02
2.0398863557e+02,1.0000000000e+00,2.0398863557e+02
1.9318061818e+02,1.0000000000e+00,1.9318061818e+02
1.8523362056e+02,1.0000000000e+00,1.8523362056e+02
1.8024158924e+02,1.0000000000e+00,1.8024158924e+02
1.7810317359e+02,1.0000000000e+00,1.7810317359e+02
1.8072236628e+02,1.0000000000e+00,1.8072236628e+02
1.8780091788e+02,1.0000000000e+00,1.8780091788e+02
1.9169832766e+02,1.0000000000e+00,1.9169832766e+02
1.8053810421e+02,1.0000000000e+00,1.8053810421e+02
1.4893261941e+02,1.0000000000e+00,1.4893261941e+02
1.0484033627e+02,1.0000000000e+00,1.0484033627e+02
6.5507207116e+01,1.0000000000e+00,6.5507207116e+01
4.7685348642e+01,1.0000000000e+00,4.7685348642e+01
5.9852117416e+01,1.0000000000e+00,5.9852117416e+01
9.8177698451e+01,1.0000000000e+00,9.8177698451e+01
1.4618376516e+02,1.0000000000e+00,1.4618376516e+02
1.8089719681e+02,1.0000000000e+00,1.8089719681e+02
1.8544802049e+02,1.0000000000e+00,1.8544802049e+02
1.5968787539e+02,1.0000000000e+00,1.5968787539e+02
1.1946745871e+02,1.0000000000e+00,1.1946745871e+02
8.5521140992e+01,1.0000000000e+00,8.5521140992e+01
7.2015306732e+01,1.0000000000e+00,7.2015306732e+01
8.2325961970e+01,1.0000000000e+00,8.2325961970e+01
1.1082184007e+02,1.0000000000e+00,1.1082184007e+02
1.4593378932e+02,1.0000000000e+00,1.4593378932e+02
1.7364223928e+02,1.0000000000e+00,1.7364223928e+02
1.8373973901e+02,1.0000000000e+00,1.8373973901e+02
1.7706083682e+02,1.0000000000e+00,1.7706083682e+02
1.6511363536e+02,1.0000000000e+00,1.6511363536e+02
1.5818590970e+02,1.0000000000e+00,1.5818590970e+02
1.5395918830e+02,1.0000000000e+00,1.5395918830e+02
1.4180225906e+02,1.0000000000e+00,1.4180225906e+02
1.1815818795e+02,1.0000000000e+00,1.1815818795e+02
9.3977357842e+01,1.0000000000e+00,9.3977357842e+01
8.6144193440e+01,1.0000000000e+00,8.6144193440e+01
1.0235808413e+02,1.0000000000e+00,1.0235808413e+02
1.3326343269e+02,1.0000000000e+00,1.3326343269e+02
1.5865250618e+02,1.0000000000e+00,1.5865250618e+02
1.6290516492e+02,1.0000000000e+00,1.6290516492e+02
1.4675751867e+02,1.0000000000e+00,1.4675751867e+02
1.2614644416e+02,1.0000000000e+00,1.2614644416e+02
1.1994589885e+02,1.0000000000e+00,1.1994589885e+02
1.3589606160e+02,1.0000000000e+00,1.3589606160e+02
1.6445345834e+02,1.0000000000e+00,1.6445345834e+02
1.8536365152e+02,1.0000000000e+00,1.8536365152e+02
1.8276860916e+02,1.0000000000e+00,1.8276860916e+02
1.5660294230e+02,1.0000000000e+00,1.5660294230e+02
1.2005421262e+02,1.0000000000e+00,1.2005421262e+02
8.7041253934e+01,1.0000000000e+00,8.7041253934e+01
6.4606361575e+01,1.0000000000e+00,6.4606361575e+01
5.5986646894e+01,1.0000000000e+00,5.5986646894e+01
6.3722901273e+01,1.0000000000e+00,6.3722901273e+01
8.5318241849e+01,1.0000000000e+00,8.5318241849e+01
1.1027582924e+02,1.0000000000e+00,1.1027582924e+02
1.2759071101e+02,1.0000000000e+00,1.2759071101e+02
1.3552277040e+02,1.0000000000e+00,1.3552277040e+02
1.3929995587e+02,1.0000000000e+00,1.3929995587e+02
1.3978727657e+02,1.0000000000e+00,1.3978727657e+02
1.3072095599e+02,1.0000000000e+00,1.3072095599e+02
1.0943723568e+02,1.0000000000e+00,1.0943723568e+02
8.5842552598e+01,1.0000000000e+00,8.5842552598e+01
7.6812899098e+01,1.0000000000e+00,7.6812899098e+01
9.1503669055e+01,1.0000000000e+00,9.1503669055e+01
1.2248737710e+02,1.0000000000e+00,1.2248737710e+02
1.5086547304e+02,1.0000000000e+00,1.5086547304e+02
1.6025907681e+02,1.0000000000e+00,1.6025907681e+02
1.4749520503e+02,1.0000000000e+00,1.4749520503e+02
1.2285875389e+02,1.0000000000e+00,1.2285875389e+02
1.0308390690e+02,1.0000000000e+00,1.0308390690e+02
1.0288344929e+02,1.0000000000e+00,1.0288344929e+02
1.2715109224e+02,1.0000000000e+00,1.2715109224e+02
1.6743713022e+02,1.0000000000e+00,1.6743713022e+02
2.0759838607e+02,1.0000000000e+00,2.0759838607e+02
2.3455779803e+02,1.0000000000e+00,2.3455779803e+02
2.4341501310e+02,1.0000000000e+00,2.4341501310e+02
2.3425945980e+02,1.0000000000e+00,2.3425945980e+02
2.0860691590e+02,1.0000000000e+00,2.0860691590e+02
1.7177435529e+02,1.0000000000e+00,1.7177435529e+02
1.3696404953e+02,1.0000000000e+00,1.3696404953e+02
1.2117575592e+02,1.0000000000e+00,1.2117575592e+02
1.3235486022e+02,1.0000000000e+00,1.3235486022e+02
1.6151380204e+02,1.0000000000e+00,1.6151380204e+02
1.9057966873e+02,1.0000000000e+00,1.9057966873e+02
2.0761156276e+02,1.0000000000e+00,2.0761156276e+02
2.1260007252e+02,1.0000000000e+00,2.1260007252e+02
2.1048758764e+02,1.0000000000e+00,2.1048758764e+02
2.0368936663e+02,1.0000000000e+00,2.0368936663e+02
1.9350611553e+02,1.0000000000e+00,1.9350611553e+02
1.8490750266e+02,1.0000000000e+00,1.8490750266e+02
1.8485857501e+02,1.0000000000e+00,1.8485857501e+02
1.9542690514e+02,1.0000000000e+00,1.9542690514e+02
2.1107405323e+02,1.0000000000e+00,2.1107405323e+02
2.2300216701e+02,1.0000000000e+00,2.2300216701e+02
2.2414657519e+02,1.0000000000e+00,2.2414657519e+02
2.1086802499e+02,1.0000000000e+00,2.1086802499e+02
1.8457603703e+02,1.0000000000e+00,1.8457603703e+02
1.5454564767e+02,1.0000000000e+00,1.5454564767e+02
1.3642884093e+02,1.0000000000e+00,1.3642884093e+02
1.4253452640e+02,1.0000000000e+00,1.4253452640e+02
1.6994935187e+02,1.0000000000e+00,1.6994935187e+02
1.9872028398e+02,1.0000000000e+00,1.9872028398e+02
2.0475141369e+02,1.0000000000e+00,2.0475141369e+02
1.7721865724e+02,1.0000000000e+00,1.7721865724e+02
1.2554030857e+02,1.0000000000e+00,1.2554030857e+02
7.1156978156e+01,1.0000000000e+00,7.1156978156e+01
6.0991695562e+01,1.0000000000e+00,6.0991695562e+01
5.0826412969e+01,1.0000000000e+00,5.0826412969e+01
4.0661130375e+01,1.0000000000e+00,4.0661130375e+01
4.2249689022e+01,1.0000000000e+00,4.2249689022e+01
7.3232323232e+01,1.0000000000e+00,7.3232323232e+01
1.0416666667e+02,1.0000000000e+00,1.0416666667e+02
1.2500000000e+02,1.0000000000e+00,1.2500000000e+02
1.0416666667e+02,1.0000000000e+00,1.0416666667e+02
7.3232323232e+01,1.0000000000e+00,7.3232323232e+01
3.8510101010e+01,1.0000000000e+00,3.8510101010e+01
2.8914775888e+01,1.0000000000e+00,2.8914775888e+01
4.8234226655e+01,1.0000000000e+00,4.8234226655e+01
9.6874063728e+01,1.0000000000e+00,9.6874063728e+01
1.5171465124e+02,1.0000000000e+00,1.5171465124e+02
1.8713524518e+02,1.0000000000e+00,1.8713524518e+02
1.8644826719e+02,1.0000000000e+00,1.8644826719e+02
1.5229602795e+02,1.0000000000e+00,1.5229602795e+02
1.0300094271e+02,1.0000000000e+00,1.0300094271e+02
5.9589617596e+01,1.0000000000e+00,5.9589617596e+01
3.5664475475e+01,1.0000000000e+00,3.5664475475e+01
3.5559969547e+01,1.0000000000e+00,3.5559969547e+01
5.6491216106e+01,1.0000000000e+00,5.6491216106e+01
8.9872586520e+01,1.0000000000e+00,8.9872586520e+01
1.2264412470e+02,1.0000000000e+00,1.2264412470e+02
1.4130688349e+02,1.0000000000e+00,1.4130688349e+02
1.3799456524e+02,1.0000000000e+00,1.3799456524e+02
1.1468227608e+02,1.0000000000e+00,1.1468227608e+02
8.2098538520e+01,1.0000000000e+00,8.2098538520e+01
5.3726240632e+01,1.0000000000e+00,5.3726240632e+01
3.8870576897e+01,1.0000000000e+00,3.8870576897e+01
3.9069016227e+01,1.0000000000e+00,3.9069016227e+01
4.9270394372e+01,1.0000000000e+00,4.9270394372e+01
6.1756711178e+01,1.0000000000e+00,6.1756711178e+01
6.9830646058e+01,1.0000000000e+00,6.9830646058e+01
6.9705930161e+01,1.0000000000e+00,6.9705930161e+01
6.0617673382e+01,1.0000000000e+00,6.0617673382e+01
4.4380399113e+01,1.0000000000e+00,4.4380399113e+01
3.8040342097e+01,1.0000000000e+00,3.8040342097e+01
3.1700285081e+01,1.0000000000e+00,3.1700285081e+01
2.7258807627e+01,1.0000000000e+00,2.7258807627e+01
4.0888211440e+01,1.0000000000e+00,4.0888211440e+01
8.4029960517e+01,1.0000000000e+00,8.4029960517e+01
1.2905830097e+02,1.0000000000e+00,1.2905830097e+02
1.5521758366e+02,1.0000000000e+00,1.5521758366e+02
1.4969808448e+02,1.0000000000e+00,1.4969808448e+02
1.1580765509e+02,1.0000000000e+00,1.1580765509e+02
7.1316216959e+01,1.0000000000e+00,7.1316216959e+01
3.9371878750e+01,1.0000000000e+00,3.9371878750e+01
3.7355783841e+01,1.0000000000e+00,3.7355783841e+01
6.8586964866e+01,1.0000000000e+00,6.8586964866e+01
1.2088477478e+02,1.0000000000e+00,1.2088477478e+02
1.7284078667e+02,1.0000000000e+00,1.7284078667e+02
2.0404872117e+02,1.0000000000e+00,2.0404872117e+02
2.0363383118e+02,1.0000000000e+00,2.0363383118e+02
1.7366650848e+02,1.0000000000e+00,1.7366650848e+02
1.2735888189e+02,1.0000000000e+00,1.2735888189e+02
8.3391504051e+01,1.0000000000e+00,8.3391504051e+01
5.8374840825e+01,1.0000000000e+00,5.8374840825e+01
6.0241391723e+01,1.0000000000e+00,6.0241391723e+01
8.4667273768e+01,1.0000000000e+00,8.4667273768e+01
1.1604955219e+02,1.0000000000e+00,1.1604955219e+02
1.3500914170e+02,1.0000000000e+00,1.3500914170e+02
1.2981340735e+02,1.0000000000e+00,1.2981340735e+02
1.0253882063e+02,1.0000000000e+00,1.0253882063e+02
6.5327585028e+01,1.0000000000e+00,6.5327585028e+01
3.2873715567e+01,1.0000000000e+00,3.2873715567e+01
2.0244359671e+01,1.0000000000e+00,2.0244359671e+01
2.7859363446e+01,1.0000000000e+00,2.7859363446e+01
6.2882407588e+01,1.0000000000e+00,6.2882407588e+01
1.1176424055e+02,1.0000000000e+00,1.1176424055e+02
1.5546553902e+02,1.0000000000e+00,1.5546553902e+02
1.7623851639e+02,1.0000000000e+00,1.7623851639e+02
1.6779610537e+02,1.0000000000e+00,1.6779610537e+02
1.3835889221e+02,1.0000000000e+00,1.3835889221e+02
1.0351970042e+02,1.0000000000e+00,1.0351970042e+02
7.5179847332e+01,1.0000000000e+00,7.5179847332e+01
5.6895392532e+01,1.0000000000e+00,5.6895392532e+01
4.8298823303e+01,1.0000000000e+00,4.8298823303e+01
7.1659943613e+01,1.0000000000e+00,7.1659943613e+01
9.2965826029e+01,1.0000000000e+00,9.2965826029e+01
1.1221647055e+02,1.0000000000e+00,1.1221647055e+02
1.2500000000e+02,1.0000000000e+00,1.2500000000e+02
1.0911938002e+02,1.0000000000e+00,1.0911938002e+02
8.5808105689e+01,1.0000000000e+00,8.5808105689e+01
5.9340405720e+01,1.0000000000e+00,5.9340405720e+01
2.9716280112e+01,1.0000000000e+00,2.9716280112e+01
5.0294485787e+01,1.0000000000e+00,5.0294485787e+01
9.7074201558e+01,1.0000000000e+00,9.7074201558e+01
1.5202024094e+02,1.0000000000e+00,1.5202024094e+02
1.9071295646e+02,1.0000000000e+00,1.9071295646e+02
1.9672360207e+02,1.0000000000e+00,1.9672360207e+02
1.7078747721e+02,1.0000000000e+00,1.7078747721e+02
1.2816643860e+02,1.0000000000e+00,1.2816643860e+02
8.7926550673e+01,1.0000000000e+00,8.7926550673e+01
6.3029563223e+01,1.0000000000e+00,6.3029563223e+01
5.6951996715e+01,1.0000000000e+00,5.6951996715e+01
7.7648462701e+01,1.0000000000e+00,7.7648462701e+01
9.6550685835e+01,1.0000000000e+00,9.6550685835e+01
1.1365866612e+02,1.0000000000e+00,1.1365866612e+02
1.2500000000e+02,1.0000000000e+00,1.2500000000e+02
1.1097326588e+02,1.0000000000e+00,1.1097326588e+02
9.3004058521e+01,1.0000000000e+00,9.3004058521e+01
7.5325377636e+01,1.0000000000e+00,7.5325377636e+01
5.7937223227e+01,1.0000000000e+00,5.7937223227e+01
4.0839595292e+01,1.0000000000e+00,4.0839595292e+01
6.6946896206e+01,1.0000000000e+00,6.6946896206e+01
9.0324786403e+01,1.0000000000e+00,9.0324786403e+01
1.1097326588e+02,1.0000000000e+00,1.1097326588e+02
1.2500000000e+02,1.0000000000e+00,1.2500000000e+02
1.1335407235e+02,1.0000000000e+00,1.1335407235e+02
9.7961697061e+01,1.0000000000e+00,9.7961697061e+01
8.3125965590e+01,1.0000000000e+00,8.3125965590e+01
6.8846877940e+01,1.0000000000e+00,6.8846877940e+01
5.5124434109e+01,1.0000000000e+00,5.5124434109e+01
6.6025218994e+01,1.0000000000e+00,6.6025218994e+01
8.7550677422e+01,1.0000000000e+00,8.7550677422e+01
1.1171375638e+02,1.0000000000e+00,1.1171375638e+02
1.2777490530e+02,1.0000000000e+00,1.2777490530e+02
1.2853541177e+02,1.0000000000e+00,1.2853541177e+02
1.1635331181e+02,1.0000000000e+00,1.1635331181e+02
1.0243794443e+02,1.0000000000e+00,1.0243794443e+02
9.8758086756e+01,1.0000000000e+00,9.8758086756e+01
1.1003794595e+02,1.0000000000e+00,1.1003794595e+02
1.3293721032e+02,1.0000000000e+00,1.3293721032e+02
1.6056841351e+02,1.0000000000e+00,1.6056841351e+02
1.8535384833e+02,1.0000000000e+00,1.8535384833e+02
1.9934493689e+02,1.0000000000e+00,1.9934493689e+02
1.9737870635e+02,1.0000000000e+00,1.9737870635e+02
1.8293869883e+02,1.0000000000e+00,1.8293869883e+02
1.6838440176e+02,1.0000000000e+00,1.6838440176e+02
1.6499457393e+02,1.0000000000e+00,1.6499457393e+02
1.7169428642e+02,1.0000000000e+00,1.7169428642e+02
1.7637579053e+02,1.0000000000e+00,1.7637579053e+02
1.6953713454e+02,1.0000000000e+00,1.6953713454e+02
1.5413750196e+02,1.0000000000e+00,1.5413750196e+02
1.4070714274e+02,1.0000000000e+00,1.4070714274e+02
1.3457510461e+02,1.0000000000e+00,1.3457510461e+02
1.2969929460e+02,1.0000000000e+00,1.2969929460e+02
1.1516899596e+02,1.0000000000e+00,1.1516899596e+02
8.7152931499e+01,1.0000000000e+00,8.7152931499e+01
5.4465101920e+01,1.0000000000e+00,5.4465101920e+01
3.3344053547e+01,1.0000000000e+00,3.3344053547e+01
3.6845904465e+01,1.0000000000e+00,3.6845904465e+01
6.6428326812e+01,1.0000000000e+00,6.6428326812e+01
1.0972409166e+02,1.0000000000e+00,1.0972409166e+02
1.4578405560e+02,1.0000000000e+00,1.4578405560e+02
1.5630703857e+02,1.0000000000e+00,1.5630703857e+02
1.3651966581e+02,1.0000000000e+00,1.3651966581e+02
9.7469531116e+01,1.0000000000e+00,9.7469531116e+01
5.7477713087e+01,1.0000000000e+00,5.7477713087e+01
4.9266611217e+01,1.0000000000e+00,4.9266611217e+01
4.1055509348e+01,1.0000000000e+00,4.1055509348e+01
3.2844407478e+01,1.0000000000e+00,3.2844407478e+01
3.8669893960e+01,1.0000000000e+00,3.8669893960e+01
7.3392116183e+01,1.0000000000e+00,7.3392116183e+01
1.0416666667e+02,1.0000000000e+00,1.0416666667e+02
1.2500000000e+02,1.0000000000e+00,1.2500000000e+02
1.0416666667e+02,1.0000000000e+00,1.0416666667e+02
8.9285714286e+01,1.0000000000e+00,8.9285714286e+01
7.4404761905e+01,1.0000000000e+00,7.4404761905e+01
5.9523809524e+01,1.0000000000e+00,5.9523809524e+01
4.5714910992e+01,1.0000000000e+00,4.5714910992e+01
9.0811710957e+01,1.0000000000e+00,9.0811710957e+01
1.4038211691e+02,1.0000000000e+00,1.4038211691e+02
1.7196846543e+02,1.0000000000e+00,1.7196846543e+02
1.7098182791e+02,1.0000000000e+00,1.7098182791e+02
1.4102590677e+02,1.0000000000e+00,1.4102590677e+02
1.0014982465e+02,1.0000000000e+00,1.0014982465e+02
6.8095965183e+01,1.0000000000e+00,6.8095965183e+01
5.7085498100e+01,1.0000000000e+00,5.7085498100e+01
6.9717474440e+01,1.0000000000e+00,6.9717474440e+01
9.9798995482e+01,1.0000000000e+00,9.9798995482e+01
1.3466226506e+02,1.0000000000e+00,1.3466226506e+02
1.5970482376e+02,1.0000000000e+00,1.5970482376e+02
1.6363849925e+02,1.0000000000e+00,1.6363849925e+02
1.4279411399e+02,1.0000000000e+00,1.4279411399e+02
1.0348230413e+02,1.0000000000e+00,1.0348230413e+02
5.9847871258e+01,1.0000000000e+00,5.9847871258e+01
5.1298175364e+01,1.0000000000e+00,5.1298175364e+01
4.2748479470e+01,1.0000000000e+00,4.2748479470e+01
3.4198783576e+01,1.0000000000e+00,3.4198783576e+01
3.3804415574e+01,1.0000000000e+00,3.3804415574e+01
5.4268815898e+01,1.0000000000e+00,5.4268815898e+01
6.8330583085e+01,1.0000000000e+00,6.8330583085e+01
7.0890255205e+01,1.0000000000e+00,7.0890255205e+01
6.4653951645e+01,1.0000000000e+00,6.4653951645e+01
5.7268268329e+01,1.0000000000e+00,5.7268268329e+01
5.4994008917e+01,1.0000000000e+00,5.4994008917e+01
5.9526789899e+01,1.0000000000e+00,5.9526789899e+01
6.9858993729e+01,1.0000000000e+00,6.9858993729e+01
8.5032038402e+01,1.0000000000e+00,8.5032038402e+01
1.0346225514e+02,1.0000000000e+00,1.0346225514e+02
1.1992182896e+02,1.0000000000e+00,1.1992182896e+02
1.2560406698e+02,1.0000000000e+00,1.2560406698e+02
1.1369788193e+02,1.0000000000e+00,1.1369788193e+02
8.5861969665e+01,1.0000000000e+00,8.5861969665e+01
5.3452114711e+01,1.0000000000e+00,5.3452114711e+01
3.2561948733e+01,1.0000000000e+00,3.2561948733e+01
3.6031256107e+01,1.0000000000e+00,3.6031256107e+01
6.5817448031e+01,1.0000000000e+00,6.5817448031e+01
1.0980923971e+02,1.0000000000e+00,1.0980923971e+02
1.4715153796e+02,1.0000000000e+00,1.4715153796e+02
1.6010743341e+02,1.0000000000e+00,1.6010743341e+02
1.4352867001e+02,1.0000000000e+00,1.4352867001e+02
1.0552224171e+02,1.0000000000e+00,1.0552224171e+02
6.1543070697e+01,1.0000000000e+00,6.1543070697e+01
2.7511237996e+01,1.0000000000e+00,2.7511237996e+01
2.1990288030e+01,1.0000000000e+00,2.1990288030e+01
3.8459626094e+01,1.0000000000e+00,3.8459626094e+01
7.3181848316e+01,1.0000000000e+00,7.3181848316e+01
1.0416666667e+02,1.0000000000e+00,1.0416666667e+02
1.2500000000e+02,1.0000000000e+00,1.2500000000e+02
1.0416666667e+02,1.0000000000e+00,1.0416666667e+02
7.9708025928e+01,1.0000000000e+00,7.9708025928e+01
5.2802567017e+01,1.0000000000e+00,5.2802567017e+01
4.5259343158e+01,1.0000000000e+00,4.5259343158e+01
3.7716119298e+01,1.0000000000e+00,3.7716119298e+01
3.1767179658e+01,1.0000000000e+00,3.1767179658e+01
4.7650769487e+01,1.0000000000e+00,4.7650769487e+01
9.0958238223e+01,1.0000000000e+00,9.0958238223e+01
1.3039116731e+02,1.0000000000e+00,1.3039116731e+02
1.4877331065e+02,1.0000000000e+00,1.4877331065e+02
1.4024965487e+02,1.0000000000e+00,1.4024965487e+02
1.1328784202e+02,1.0000000000e+00,1.1328784202e+02
8.2970660713e+01,1.0000000000e+00,8.2970660713e+01
6.0135611635e+01,1.0000000000e+00,6.0135611635e+01
4.7151377021e+01,1.0000000000e+00,4.7151377021e+01
4.1898299134e+01,1.0000000000e+00,4.1898299134e+01
4.2856126373e+01,1.0000000000e+00,4.2856126373e+01
4.9035104830e+01,1.0000000000e+00,4.9035104830e+01
5.6759317017e+01,1.0000000000e+00,5.6759317017e+01
5.9590354674e+01,1.0000000000e+00,5.9590354674e+01
5.2915780849e+01,1.0000000000e+00,5.2915780849e+01
3.8765781132e+01,1.0000000000e+00,3.8765781132e+01
2.6600743991e+01,1.0000000000e+00,2.6600743991e+01
2.9113748763e+01,1.0000000000e+00,2.9113748763e+01
5.4289690242e+01,1.0000000000e+00,5.4289690242e+01
9.7773050020e+01,1.0000000000e+00,9.7773050020e+01
1.4248007958e+02,1.0000000000e+00,1.4248007958e+02
1.6839916939e+02,1.0000000000e+00,1.6839916939e+02
1.6537566316e+02,1.0000000000e+00,1.6537566316e+02
1.3829987629e+02,1.0000000000e+00,1.3829987629e+02
1.0175946613e+02,1.0000000000e+00,1.0175946613e+02
7.0392592056e+01,1.0000000000e+00,7.0392592056e+01
5.3592325767e+01,1.0000000000e+00,5.3592325767e+01
5.6280455666e+01,1.0000000000e+00,5.6280455666e+01
7.9282671381e+01,1.0000000000e+00,7.9282671381e+01
1.1604692352e+02,1.0000000000e+00,1.1604692352e+02
1.5137575812e+02,1.0000000000e+00,1.5137575812e+02
1.6740119557e+02,1.0000000000e+00,1.6740119557e+02
1.5405151766e+02,1.0000000000e+00,1.5405151766e+02
1.1615352834e+02,1.0000000000e+00,1.1615352834e+02
7.0852704306e+01,1.0000000000e+00,7.0852704306e+01
3.7157238940e+01,1.0000000000e+00,3.7157238940e+01
2.6721988288e+01,1.0000000000e+00,2.6721988288e+01
4.1382225424e+01,1.0000000000e+00,4.1382225424e+01
7.4330396208e+01,1.0000000000e+00,7.4330396208e+01
1.1183791461e+02,1.0000000000e+00,1.1183791461e+02
1.3797278972e+02,1.0000000000e+00,1.3797278972e+02
1.4278525556e+02,1.0000000000e+00,1.4278525556e+02
1.2747766629e+02,1.0000000000e+00,1.2747766629e+02
1.0170318033e+02,1.0000000000e+00,1.0170318033e+02
7.6827492650e+01,1.0000000000e+00,7.6827492650e+01
6.1642978684e+01,1.0000000000e+00,6.1642978684e+01
6.1625881336e+01,1.0000000000e+00,6.1625881336e+01
7.8254574264e+01,1.0000000000e+00,7.8254574264e+01
1.0680188394e+02,1.0000000000e+00,1.0680188394e+02
1.3592466455e+02,1.0000000000e+00,1.3592466455e+02
1.5270308214e+02,1.0000000000e+00,1.5270308214e+02
1.5093362417e+02,1.0000000000e+00,1.5093362417e+02
1.3533401117e+02,1.0000000000e+00,1.3533401117e+02
1.1717602981e+02,1.0000000000e+00,1.1717602981e+02
1.0607330212e+02,1.0000000000e+00,1.0607330212e+02
1.0643458815e+02,1.0000000000e+00,1.0643458815e+02
1.1912401456e+02,1.0000000000e+00,1.1912401456e+02
1.4170955508e+02,1.0000000000e+00,1.4170955508e+02
1.6640651811e+02,1.0000000000e+00,1.6640651811e+02
1.8249341177e+02,1.0000000000e+00,1.8249341177e+02
1.8468168770e+02,1.0000000000e+00,1.8468168770e+02
1.7795384690e+02,1.0000000000e+00,1.7795384690e+02
1.7096919698e+02,1.0000000000e+00,1.7096919698e+02
1.6540097668e+02,1.0000000000e+00,1.6540097668e+02
1.5568941089e+02,1.0000000000e+00,1.5568941089e+02
1.3935199659e+02,1.0000000000e+00,1.3935199659e+02
1.2310530780e+02,1.0000000000e+00,1.2310530780e+02
1.1663353348e+02,1.0000000000e+00,1.1663353348e+02
1.2162212238e+02,1.0000000000e+00,1.2162212238e+02
1.2800195047e+02,1.0000000000e+00,1.2800195047e+02
1.2157442071e+02,1.0000000000e+00,1.2157442071e+02
9.6779966171e+01,1.0000000000e+00,9.6779966171e+01
6.3386140667e+01,1.0000000000e+00,6.3386140667e+01
4.0802479131e+01,1.0000000000e+00,4.0802479131e+01
4.4676438126e+01,1.0000000000e+00,4.4676438126e+01
7.6159806879e+01,1.0000000000e+00,7.6159806879e+01
1.2049030090e+02,1.0000000000e+00,1.2049030090e+02
1.5504858147e+02,1.0000000000e+00,1.5504858147e+02
1.6211214248e+02,1.0000000000e+00,1.6211214248e+02
1.3865894717e+02,1.0000000000e+00,1.3865894717e+02
9.7175588110e+01,1.0000000000e+00,9.7175588110e+01
5.7329091615e+01,1.0000000000e+00,5.7329091615e+01
3.4716489472e+01,1.0000000000e+00,3.4716489472e+01
3.4520829054e+01,1.0000000000e+00,3.4520829054e+01
6.2473647821e+01,1.0000000000e+00,6.2473647821e+01
8.7606750862e+01,1.0000000000e+00,8.7606750862e+01
1.0992013818e+02,1.0000000000e+00,1.0992013818e+02
1.2500000000e+02,1.0000000000e+00,1.2500000000e+02
1.1119901664e+02,1.0000000000e+00,1.1119901664e+02
9.3116611612e+01,1.0000000000e+00,9.3116611612e+01
7.5588323802e+01,1.0000000000e+00,7.5588323802e+01
5.8614153208e+01,1.0000000000e+00,5.8614153208e+01
4.2194099830e+01,1.0000000000e+00,4.2194099830e+01
6.8078500613e+01,1.0000000000e+00,6.8078500613e+01
9.1080139550e+01,1.0000000000e+00,9.1080139550e+01
1.1119901664e+02,1.0000000000e+00,1.1119901664e+02
1.2500000000e+02,1.0000000000e+00,1.2500000000e+02
1.1574577125e+02,1.0000000000e+00,1.1574577125e+02
1.0324203590e+02,1.0000000000e+00,1.0324203590e+02
9.1362266824e+01,1.0000000000e+00,9.1362266824e+01
8.0106464034e+01,1.0000000000e+00,8.0106464034e+01
6.9474627529e+01,1.0000000000e+00,6.9474627529e+01
7.7323176149e+01,1.0000000000e+00,7.7323176149e+01
9.4621769453e+01,1.0000000000e+00,9.4621769453e+01
1.1531457369e+02,1.0000000000e+00,1.1531457369e+02
1.2809412822e+02,1.0000000000e+00,1.2809412822e+02
1.2516826581e+02,1.0000000000e+00,1.2516826581e+02
1.0865477802e+02,1.0000000000e+00,1.0865477802e+02
8.7285245036e+01,1.0000000000e+00,8.7285245036e+01
6.8529317982e+01,1.0000000000e+00,6.8529317982e+01
5.6466728443e+01,1.0000000000e+00,5.6466728443e+01
5.5505195252e+01,1.0000000000e+00,5.5505195252e+01
6.9649206979e+01,1.0000000000e+00,6.9649206979e+01
9.5400726466e+01,1.0000000000e+00,9.5400726466e+01
1.1954863206e+02,1.0000000000e+00,1.1954863206e+02
1.2807338981e+02,1.0000000000e+00,1.2807338981e+02
1.1736319529e+02,1.0000000000e+00,1.1736319529e+02
9.5752031629e+01,1.0000000000e+00,9.5752031629e+01
7.5348549467e+01,1.0000000000e+00,7.5348549467e+01
6.4934511554e+01,1.0000000000e+00,6.4934511554e+01
7.0042103818e+01,1.0000000000e+00,7.0042103818e+01
9.4325213258e+01,1.0000000000e+00,9.4325213258e+01
1.3586030882e+02,1.0000000000e+00,1.3586030882e+02
1.8279737712e+02,1.0000000000e+00,1.8279737712e+02
2.1664135290e+02,1.0000000000e+00,2.1664135290e+02
2.2202979910e+02,1.0000000000e+00,2.2202979910e+02
1.9470923072e+02,1.0000000000e+00,1.9470923072e+02
1.4405182695e+02,1.0000000000e+00,1.4405182695e+02
9.1213570950e+01,1.0000000000e+00,9.1213570950e+01
6.1727569392e+01,1.0000000000e+00,6.1727569392e+01
7.2027509991e+01,1.0000000000e+00,7.2027509991e+01
1.1779651060e+02,1.0000000000e+00,1.1779651060e+02
1.7558492916e+02,1.0000000000e+00,1.7558492916e+02
2.1801252022e+02,1.0000000000e+00,2.1801252022e+02
2.2924090749e+02,1.0000000000e+00,2.2924090749e+02
2.0930718120e+02,1.0000000000e+00,2.0930718120e+02
1.6923702621e+02,1.0000000000e+00,1.6923702621e+02
1.2527729180e+02,1.0000000000e+00,1.2527729180e+02
9.5063958604e+01,1.0000000000e+00,9.5063958604e+01
9.2318585340e+01,1.0000000000e+00,9.2318585340e+01
1.1927650452e+02,1.0000000000e+00,1.1927650452e+02
1.6306244411e+02,1.0000000000e+00,1.6306244411e+02
2.0188879671e+02,1.0000000000e+00,2.0188879671e+02
2.1790206541e+02,1.0000000000e+00,2.1790206541e+02
2.0715277569e+02,1.0000000000e+00,2.0715277569e+02
1.8023709131e+02,1.0000000000e+00,1.8023709131e+02
1.5465918968e+02,1.0000000000e+00,1.5465918968e+02
1.4476026492e+02,1.0000000000e+00,1.4476026492e+02
1.5469284224e+02,1.0000000000e+00,1.5469284224e+02
1.7727459191e+02,1.0000000000e+00,1.7727459191e+02
1.9937203780e+02,1.0000000000e+00,1.9937203780e+02
2.1098971356e+02,1.0000000000e+00,2.1098971356e+02
2.1151376335e+02,1.0000000000e+00,2.1151376335e+02
2.0795143946e+02,1.0000000000e+00,2.0795143946e+02
2.0638546936e+02,1.0000000000e+00,2.0638546936e+02
2.0405048909e+02,1.0000000000e+00,2.0405048909e+02
1.9068465138e+02,1.0000000000e+00,1.9068465138e+02
1.5990201234e+02,1.0000000000e+00,1.5990201234e+02
1.1937792944e+02,1.0000000000e+00,1.1937792944e+02
8.8016585036e+01,1.0000000000e+00,8.8016585036e+01
8.1830459559e+01,1.0000000000e+00,8.1830459559e+01
1.0185784276e+02,1.0000000000e+00,1.0185784276e+02
1.3466408172e+02,1.0000000000e+00,1.3466408172e+02
1.6345174008e+02,1.0000000000e+00,1.6345174008e+02
1.7907371609e+02,1.0000000000e+00,1.7907371609e+02
1.8311622429e+02,1.0000000000e+00,1.8311622429e+02
1.8364857422e+02,1.0000000000e+00,1.8364857422e+02
1.8820526462e+02,1.0000000000e+00,1.8820526462e+02
1.9805119023e+02,1.0000000000e+00,1.9805119023e+02
2.0675852854e+02,1.0000000000e+00,2.0675852854e+02
2.0437480235e+02,1.0000000000e+00,2.0437480235e+02
1.8566993524e+02,1.0000000000e+00,1.8566993524e+02
1.5705142804e+02,1.0000000000e+00,1.5705142804e+02
1.3430377149e+02,1.0000000000e+00,1.3430377149e+02
1.3019301954e+02,1.0000000000e+00,1.3019301954e+02
1.4426018776e+02,1.0000000000e+00,1.4426018776e+02
1.6667885561e+02,1.0000000000e+00,1.6667885561e+02
1.8932763830e+02,1.0000000000e+00,1.8932763830e+02
2.0866945623e+02,1.0000000000e+00,2.0866945623e+02
2.2057810253e+02,1.0000000000e+00,2.2057810253e+02
2.1882470266e+02,1.0000000000e+00,2.1882470266e+02
1.9980209025e+02,1.0000000000e+00,1.9980209025e+02
1.6667554372e+02,1.0000000000e+00,1.6667554372e+02
1.2965348253e+02,1.0000000000e+00,1.2965348253e+02
1.0353676043e+02,1.0000000000e+00,1.0353676043e+02
1.0138231089e+02,1.0000000000e+00,1.0138231089e+02
1.2496079762e+02,1.0000000000e+00,1.2496079762e+02
1.6138951709e+02,1.0000000000e+00,1.6138951709e+02
1.9238836000e+02,1.0000000000e+00,1.9238836000e+02
2.0749367824e+02,1.0000000000e+00,2.0749367824e+02
2.0860340243e+02,1.0000000000e+00,2.0860340243e+02
2.0333775998e+02,1.0000000000e+00,2.0333775998e+02
1.9434745645e+02,1.0000000000e+00,1.9434745645e+02
1.7588181772e+02,1.0000000000e+00,1.7588181772e+02
1.4316103277e+02,1.0000000000e+00,1.4316103277e+02
1.0444812335e+02,1.0000000000e+00,1.0444812335e+02
7.9665057126e+01,1.0000000000e+00,7.9665057126e+01
8.4713231880e+01,1.0000000000e+00,8.4713231880e+01
1.1780106869e+02,1.0000000000e+00,1.1780106869e+02
1.6129184968e+02,1.0000000000e+00,1.6129184968e+02
1.9582486370e+02,1.0000000000e+00,1.9582486370e+02
2.1250040251e+02,1.0000000000e+00,2.1250040251e+02
2.1344953156e+02,1.0000000000e+00,2.1344953156e+02
2.0447363488e+02,1.0000000000e+00,2.0447363488e+02
1.8961390290e+02,1.0000000000e+00,1.8961390290e+02
1.7122273801e+02,1.0000000000e+00,1.7122273801e+02
1.5210755666e+02,1.0000000000e+00,1.5210755666e+02
1.3621926915e+02,1.0000000000e+00,1.3621926915e+02
1.2685306635e+02,1.0000000000e+00,1.2685306635e+02
1.2356059774e+02,1.0000000000e+00,1.2356059774e+02
1.2124738372e+02,1.0000000000e+00,1.2124738372e+02
1.1366871290e+02,1.0000000000e+00,1.1366871290e+02
9.8101110062e+01,1.0000000000e+00,9.8101110062e+01
7.6784108352e+01,1.0000000000e+00,7.6784108352e+01
5.6118699293e+01,1.0000000000e+00,5.6118699293e+01
4.5912390082e+01,1.0000000000e+00,4.5912390082e+01
5.5879287316e+01,1.0000000000e+00,5.5879287316e+01
8.7736542133e+01,1.0000000000e+00,8.7736542133e+01
1.2996081390e+02,1.0000000000e+00,1.2996081390e+02
1.6321426130e+02,1.0000000000e+00,1.6321426130e+02
1.7394671064e+02,1.0000000000e+00,1.7394671064e+02
1.6458231709e+02,1.0000000000e+00,1.6458231709e+02
1.5051041120e+02,1.0000000000e+00,1.5051041120e+02
1.4682541007e+02,1.0000000000e+00,1.4682541007e+02
1.5832791110e+02,1.0000000000e+00,1.5832791110e+02
1.7990385233e+02,1.0000000000e+00,1.7990385233e+02
2.0222007922e+02,1.0000000000e+00,2.0222007922e+02
2.1737790269e+02,1.0000000000e+00,2.1737790269e+02
2.2296615426e+02,1.0000000000e+00,2.2296615426e+02
2.2207249786e+02,1.0000000000e+00,2.2207249786e+02
2.1813129945e+02,1.0000000000e+00,2.1813129945e+02
2.0900920840e+02,1.0000000000e+00,2.0900920840e+02
1.8748091346e+02,1.0000000000e+00,1.8748091346e+02
1.5007070983e+02,1.0000000000e+00,1.5007070983e+02
1.0615921482e+02,1.0000000000e+00,1.0615921482e+02
7.5734537227e+01,1.0000000000e+00,7.5734537227e+01
7.4855551495e+01,1.0000000000e+00,7.4855551495e+01
1.0263927279e+02,1.0000000000e+00,1.0263927279e+02
1.4310294213e+02,1.0000000000e+00,1.4310294213e+02
1.7868906718e+02,1.0000000000e+00,1.7868906718e+02
2.0106491560e+02,1.0000000000e+00,2.0106491560e+02
2.1120476826e+02,1.0000000000e+00,2.1120476826e+02
2.1291245827e+02,1.0000000000e+00,2.1291245827e+02
2.0748168776e+02,1.0000000000e+00,2.0748168776e+02
1.9343447297e+02,1.0000000000e+00,1.9343447297e+02
1.7045914468e+02,1.0000000000e+00,1.7045914468e+02
1.4247128630e+02,1.0000000000e+00,1.4247128630e+02
1.1545123733e+02,1.0000000000e+00,1.1545123733e+02
9.3032312918e+01,1.0000000000e+00,9.3032312918e+01
7.5991338251e+01,1.0000000000e+00,7.5991338251e+01
6.5526495853e+01,1.0000000000e+00,6.5526495853e+01
6.5352245745e+01,1.0000000000e+00,6.5352245745e+01
7.9947116204e+01,1.0000000000e+00,7.9947116204e+01
1.0978764433e+02,1.0000000000e+00,1.0978764433e+02
1.4699559274e+02,1.0000000000e+00,1.4699559274e+02
1.7687820077e+02,1.0000000000e+00,1.7687820077e+02
1.8714357343e+02,1.0000000000e+00,1.8714357343e+02
1.7765929073e+02,1.0000000000e+00,1.7765929073e+02
1.6093250366e+02,1.0000000000e+00,1.6093250366e+02
1.5176109645e+02,1.0000000000e+00,1.5176109645e+02
1.5503975335e+02,1.0000000000e+00,1.5503975335e+02
1.6330174577e+02,1.0000000000e+00,1.6330174577e+02
1.6582362314e+02,1.0000000000e+00,1.6582362314e+02
1.5823625025e+02,1.0000000000e+00,1.5823625025e+02
1.4381905491e+02,1.0000000000e+00,1.4381905491e+02
1.3042084989e+02,1.0000000000e+00,1.3042084989e+02
1.2741497736e+02,1.0000000000e+00,1.2741497736e+02
1.3985241875e+02,1.0000000000e+00,1.3985241875e+02
1.6182179944e+02,1.0000000000e+00,1.6182179944e+02
1.7864898150e+02,1.0000000000e+00,1.7864898150e+02
1.7960963010e+02,1.0000000000e+00,1.7960963010e+02
1.6819702528e+02,1.0000000000e+00,1.6819702528e+02
1.5710981995e+02,1.0000000000e+00,1.5710981995e+02
1.5299675741e+02,1.0000000000e+00,1.5299675741e+02
1.4945229211e+02,1.0000000000e+00,1.4945229211e+02
1.3606350829e+02,1.0000000000e+00,1.3606350829e+02
1.1171040085e+02,1.0000000000e+00,1.1171040085e+02
8.8247426295e+01,1.0000000000e+00,8.8247426295e+01
8.1884573560e+01,1.0000000000e+00,8.1884573560e+01
9.9314351537e+01,1.0000000000e+00,9.9314351537e+01
1.3123496469e+02,1.0000000000e+00,1.3123496469e+02
1.6051448052e+02,1.0000000000e+00,1.6051448052e+02
1.7609422867e+02,1.0000000000e+00,1.7609422867e+02
1.7765852015e+02,1.0000000000e+00,1.7765852015e+02
1.6903209410e+02,1.0000000000e+00,1.6903209410e+02
1.5172112451e+02,1.0000000000e+00,1.5172112451e+02
1.2702231355e+02,1.0000000000e+00,1.2702231355e+02
1.0218589334e+02,1.0000000000e+00,1.0218589334e+02
9.0878087293e+01,1.0000000000e+00,9.0878087293e+01
1.0482454674e+02,1.0000000000e+00,1.0482454674e+02
1.4297880661e+02,1.0000000000e+00,1.4297880661e+02
1.8868345976e+02,1.0000000000e+00,1.8868345976e+02
2.1909927759e+02,1.0000000000e+00,2.1909927759e+02
2.1960109728e+02,1.0000000000e+00,2.1960109728e+02
1.9238392037e+02,1.0000000000e+00,1.9238392037e+02
1.5443762100e+02,1.0000000000e+00,1.5443762100e+02
1.2649804787e+02,1.0000000000e+00,1.2649804787e+02
1.2020804715e+02,1.0000000000e+00,1.2020804715e+02
1.3349496604e+02,1.0000000000e+00,1.3349496604e+02
1.5675673902e+02,1.0000000000e+00,1.5675673902e+02
1.8132043216e+02,1.0000000000e+00,1.8132043216e+02
2.0223696428e+02,1.0000000000e+00,2.0223696428e+02
2.1680827746e+02,1.0000000000e+00,2.1680827746e+02
2.2352602830e+02,1.0000000000e+00,2.2352602830e+02
2.2216342129e+02,1.0000000000e+00,2.2216342129e+02
2.1313784679e+02,1.0000000000e+00,2.1313784679e+02
1.9585362130e+02,1.0000000000e+00,1.9585362130e+02
1.6854944485e+02,1.0000000000e+00,1.6854944485e+02
1.3192861490e+02,1.0000000000e+00,1.3192861490e+02
9.3702466324e+01,1.0000000000e+00,9.3702466324e+01
6.6871613306e+01,1.0000000000e+00,6.6871613306e+01
6.0095837992e+01,1.0000000000e+00,6.0095837992e+01
6.9940241184e+01,1.0000000000e+00,6.9940241184e+01
8.5292073843e+01,1.0000000000e+00,8.5292073843e+01
9.9749220135e+01,1.0000000000e+00,9.9749220135e+01
1.1715140917e+02,1.0000000000e+00,1.1715140917e+02
1.4376475831e+02,1.0000000000e+00,1.4376475831e+02
1.7707337250e+02,1.0000000000e+00,1.7707337250e+02
2.0434092044e+02,1.0000000000e+00,2.0434092044e+02
2.1140663191e+02,1.0000000000e+00,2.1140663191e+02
1.9230954594e+02,1.0000000000e+00,1.9230954594e+02
1.5356221295e+02,1.0000000000e+00,1.5356221295e+02
1.1149605334e+02,1.0000000000e+00,1.1149605334e+02
8.2438246303e+01,1.0000000000e+00,8.2438246303e+01
7.2226990577e+01,1.0000000000e+00,7.2226990577e+01
7.6155471542e+01,1.0000000000e+00,7.6155471542e+01
8.8968396415e+01,1.0000000000e+00,8.8968396415e+01
1.1059267774e+02,1.0000000000e+00,1.1059267774e+02
1.4016389004e+02,1.0000000000e+00,1.4016389004e+02
1.6901763221e+02,1.0000000000e+00,1.6901763221e+02
1.8468269143e+02,1.0000000000e+00,1.8468269143e+02
1.8242052588e+02,1.0000000000e+00,1.8242052588e+02
1.7042267983e+02,1.0000000000e+00,1.7042267983e+02
1.6114332802e+02,1.0000000000e+00,1.6114332802e+02
1.5816357620e+02,1.0000000000e+00,1.5816357620e+02
1.5484927027e+02,1.0000000000e+00,1.5484927027e+02
1.4583137337e+02,1.0000000000e+00,1.4583137337e+02
1.3561538938e+02,1.0000000000e+00,1.3561538938e+02
1.3420449567e+02,1.0000000000e+00,1.3420449567e+02
1.4650975536e+02,1.0000000000e+00,1.4650975536e+02
1.6701796440e+02,1.0000000000e+00,1.6701796440e+02
1.8295926548e+02,1.0000000000e+00,1.8295926548e+02
1.8198645955e+02,1.0000000000e+00,1.8198645955e+02
1.5974608389e+02,1.0000000000e+00,1.5974608389e+02
1.2381631147e+02,1.0000000000e+00,1.2381631147e+02
9.0780044814e+01,1.0000000000e+00,9.0780044814e+01
7.6904068623e+01,1.0000000000e+00,7.6904068623e+01
8.8748225633e+01,1.0000000000e+00,8.8748225633e+01
1.2016815213e+02,1.0000000000e+00,1.2016815213e+02
1.5707860403e+02,1.0000000000e+00,1.5707860403e+02
1.8647605460e+02,1.0000000000e+00,1.8647605460e+02
2.0322508102e+02,1.0000000000e+00,2.0322508102e+02
2.1003359447e+02,1.0000000000e+00,2.1003359447e+02
2.1232834368e+02,1.0000000000e+00,2.1232834368e+02
2.1278175751e+02,1.0000000000e+00,2.1278175751e+02
2.0867720081e+02,1.0000000000e+00,2.0867720081e+02
1.9370167838e+02,1.0000000000e+00,1.9370167838e+02
1.6369106359e+02,1.0000000000e+00,1.6369106359e+02
1.2243787477e+02,1.0000000000e+00,1.2243787477e+02
8.2624837638e+01,1.0000000000e+00,8.2624837638e+01
6.0008590958e+01,1.0000000000e+00,6.0008590958e+01
6.3908744351e+01,1.0000000000e+00,6.3908744351e+01
9.1104254009e+01,1.0000000000e+00,9.1104254009e+01
1.2886216970e+02,1.0000000000e+00,1.2886216970e+02
1.6410980454e+02,1.0000000000e+00,1.6410980454e+02
1.8952638458e+02,1.0000000000e+00,1.8952638458e+02
2.0305624209e+02,1.0000000000e+00,2.0305624209e+02
2.0601332563e+02,1.0000000000e+00,2.0601332563e+02
2.0309298479e+02,1.0000000000e+00,2.0309298479e+02
2.0055933124e+02,1.0000000000e+00,2.0055933124e+02
2.0050585294e+02,1.0000000000e+00,2.0050585294e+02
1.9720999829e+02,1.0000000000e+00,1.9720999829e+02
1.8223918476e+02,1.0000000000e+00,1.8223918476e+02
1.5523605483e+02,1.0000000000e+00,1.5523605483e+02
1.2885006156e+02,1.0000000000e+00,1.2885006156e+02
1.2050805324e+02,1.0000000000e+00,1.2050805324e+02
1.3799871649e+02,1.0000000000e+00,1.3799871649e+02
1.7329386703e+02,1.0000000000e+00,1.7329386703e+02
2.0981072244e+02,1.0000000000e+00,2.0981072244e+02
2.3421166442e+02,1.0000000000e+00,2.3421166442e+02
2.4152066426e+02,1.0000000000e+00,2.4152066426e+02
2.3220038812e+02,1.0000000000e+00,2.3220038812e+02
2.0831880941e+02,1.0000000000e+00,2.0831880941e+02
1.7418853504e+02,1.0000000000e+00,1.7418853504e+02
1.3917317358e+02,1.0000000000e+00,1.3917317358e+02
1.1612117963e+02,1.0000000000e+00,1.1612117963e+02
1.1339977506e+02,1.0000000000e+00,1.1339977506e+02
1.2726389782e+02,1.0000000000e+00,1.2726389782e+02
1.4342777286e+02,1.0000000000e+00,1.4342777286e+02
1.4816930712e+02,1.0000000000e+00,1.4816930712e+02
1.3915350033e+02,1.0000000000e+00,1.3915350033e+02
1.2635005917e+02,1.0000000000e+00,1.2635005917e+02
1.2310221661e+02,1.0000000000e+00,1.2310221661e+02
1.3509549994e+02,1.0000000000e+00,1.3509549994e+02
1.5557168760e+02,1.0000000000e+00,1.5557168760e+02
1.7083593573e+02,1.0000000000e+00,1.7083593573e+02
1.7215424148e+02,1.0000000000e+00,1.7215424148e+02
1.6352780820e+02,1.0000000000e+00,1.6352780820e+02
1.5735218659e+02,1.0000000000e+00,1.5735218659e+02
1.6173724819e+02,1.0000000000e+00,1.6173724819e+02
1.7334538113e+02,1.0000000000e+00,1.7334538113e+02
1.8374828294e+02,1.0000000000e+00,1.8374828294e+02
1.8992339700e+02,1.0000000000e+00,1.8992339700e+02
1.9495137986e+02,1.0000000000e+00,1.9495137986e+02
1.9984469877e+02,1.0000000000e+00,1.9984469877e+02
1.9903030849e+02,1.0000000000e+00,1.9903030849e+02
1.8518659522e+02,1.0000000000e+00,1.8518659522e+02
1.5711025527e+02,1.0000000000e+00,1.5711025527e+02
1.2342128279e+02,1.0000000000e+00,1.2342128279e+02
1.0009107229e+02,1.0000000000e+00,1.0009107229e+02
1.0165548213e+02,1.0000000000e+00,1.0165548213e+02
1.3011226011e+02,1.0000000000e+00,1.3011226011e+02
1.7120992405e+02,1.0000000000e+00,1.7120992405e+02
2.0263540763e+02,1.0000000000e+00,2.0263540763e+02
2.0773369568e+02,1.0000000000e+00,2.0773369568e+02
1.8582923869e+02,1.0000000000e+00,1.8582923869e+02
1.5261544021e+02,1.0000000000e+00,1.5261544021e+02
1.2799258882e+02,1.0000000000e+00,1.2799258882e+02
1.1980328773e+02,1.0000000000e+00,1.1980328773e+02
1.2054525134e+02,1.0000000000e+00,1.2054525134e+02
1.2107395629e+02,1.0000000000e+00,1.2107395629e+02
1.2243667964e+02,1.0000000000e+00,1.2243667964e+02
1.3017946253e+02,1.0000000000e+00,1.3017946253e+02
1.4254541341e+02,1.0000000000e+00,1.4254541341e+02
1.5145815680e+02,1.0000000000e+00,1.5145815680e+02
1.5216356170e+02,1.0000000000e+00,1.5216356170e+02
1.4549026085e+02,1.0000000000e+00,1.4549026085e+02
1.3409922784e+02,1.0000000000e+00,1.3409922784e+02
1.2317927399e+02,1.0000000000e+00,1.2317927399e+02
1.2119560165e+02,1.0000000000e+00,1.2119560165e+02
1.3326786909e+02,1.0000000000e+00,1.3326786909e+02
1.5508224658e+02,1.0000000000e+00,1.5508224658e+02
1.7588461687e+02,1.0000000000e+00,1.7588461687e+02
1.8598775881e+02,1.0000000000e+00,1.8598775881e+02
1.8193619254e+02,1.0000000000e+00,1.8193619254e+02
1.6806992572e+02,1.0000000000e+00,1.6806992572e+02
1.5434965273e+02,1.0000000000e+00,1.5434965273e+02
1.5046592254e+02,1.0000000000e+00,1.5046592254e+02
1.6008288042e+02,1.0000000000e+00,1.6008288042e+02
1.8007639829e+02,1.0000000000e+00,1.8007639829e+02
2.0366577526e+02,1.0000000000e+00,2.0366577526e+02
2.2262875263e+02,1.0000000000e+00,2.2262875263e+02
2.2812171942e+02,1.0000000000e+00,2.2812171942e+02
2.1340171480e+02,1.0000000000e+00,2.1340171480e+02
1.7847468157e+02,1.0000000000e+00,1.7847468157e+02
1.3194432505e+02,1.0000000000e+00,1.3194432505e+02
8.7372030515e+01,1.0000000000e+00,8.7372030515e+01
5.8032418138e+01,1.0000000000e+00,5.8032418138e+01
5.3731963490e+01,1.0000000000e+00,5.3731963490e+01
7.7578969336e+01,1.0000000000e+00,7.7578969336e+01
1.2212379863e+02,1.0000000000e+00,1.2212379863e+02
1.7008399826e+02,1.0000000000e+00,1.7008399826e+02
2.0256983377e+02,1.0000000000e+00,2.0256983377e+02
2.1001741923e+02,1.0000000000e+00,2.1001741923e+02
1.9748181535e+02,1.0000000000e+00,1.9748181535e+02
1.7915125144e+02,1.0000000000e+00,1.7915125144e+02
1.6609474005e+02,1.0000000000e+00,1.6609474005e+02
1.5974198203e+02,1.0000000000e+00,1.5974198203e+02
1.5767496241e+02,1.0000000000e+00,1.5767496241e+02
1.6111574241e+02,1.0000000000e+00,1.6111574241e+02
1.7159353802e+02,1.0000000000e+00,1.7159353802e+02
1.8333223235e+02,1.0000000000e+00,1.8333223235e+02
1.8634977323e+02,1.0000000000e+00,1.8634977323e+02
1.7813520042e+02,1.0000000000e+00,1.7813520042e+02
1.6705702568e+02,1.0000000000e+00,1.6705702568e+02
1.6201653168e+02,1.0000000000e+00,1.6201653168e+02
1.6302477808e+02,1.0000000000e+00,1.6302477808e+02
1.6530740016e+02,1.0000000000e+00,1.6530740016e+02
1.6865533188e+02,1.0000000000e+00,1.6865533188e+02
1.7721337703e+02,1.0000000000e+00,1.7721337703e+02
1.9108032987e+02,1.0000000000e+00,1.9108032987e+02
2.0252509951e+02,1.0000000000e+00,2.0252509951e+02
2.0122234533e+02,1.0000000000e+00,2.0122234533e+02
1.8183032796e+02,1.0000000000e+00,1.8183032796e+02
1.4813795630e+02,1.0000000000e+00,1.4813795630e+02
1.1263525895e+02,1.0000000000e+00,1.1263525895e+02
9.1091359869e+01,1.0000000000e+00,9.1091359869e+01
9.3305360919e+01,1.0000000000e+00,9.3305360919e+01
1.1507511047e+02,1.0000000000e+00,1.1507511047e+02
1.3850825142e+02,1.0000000000e+00,1.3850825142e+02
1.4453445298e+02,1.0000000000e+00,1.4453445298e+02
1.3036359967e+02,1.0000000000e+00,1.3036359967e+02
1.1425010631e+02,1.0000000000e+00,1.1425010631e+02
1.1865200250e+02,1.0000000000e+00,1.1865200250e+02
1.4782272098e+02,1.0000000000e+00,1.4782272098e+02
1.8437407022e+02,1.0000000000e+00,1.8437407022e+02
2.0634905952e+02,1.0000000000e+00,2.0634905952e+02
2.0385004773e+02,1.0000000000e+00,2.0385004773e+02
1.8130333954e+02,1.0000000000e+00,1.8130333954e+02
1.5052366665e+02,1.0000000000e+00,1.5052366665e+02
1.2433493969e+02,1.0000000000e+00,1.2433493969e+02
1.1249176424e+02,1.0000000000e+00,1.1249176424e+02
1.1680131090e+02,1.0000000000e+00,1.1680131090e+02
1.2825608746e+02,1.0000000000e+00,1.2825608746e+02
1.3380342100e+02,1.0000000000e+00,1.3380342100e+02
1.2952951387e+02,1.0000000000e+00,1.2952951387e+02
1.2500280586e+02,1.0000000000e+00,1.2500280586e+02
1.3211582767e+02,1.0000000000e+00,1.3211582767e+02
1.5073273536e+02,1.0000000000e+00,1.5073273536e+02
1.6799712703e+02,1.0000000000e+00,1.6799712703e+02
1.7233772080e+02,1.0000000000e+00,1.7233772080e+02
1.6511450918e+02,1.0000000000e+00,1.6511450918e+02
1.5590433685e+02,1.0000000000e+00,1.5590433685e+02
1.4953855217e+02,1.0000000000e+00,1.4953855217e+02
1.4371961118e+02,1.0000000000e+00,1.4371961118e+02
1.3884846561e+02,1.0000000000e+00,1.3884846561e+02
1.4258505985e+02,1.0000000000e+00,1.4258505985e+02
1.6059311067e+02,1.0000000000e+00,1.6059311067e+02
1.8666942042e+02,1.0000000000e+00,1.8666942042e+02
2.0567511017e+02,1.0000000000e+00,2.0567511017e+02
2.0456609594e+02,1.0000000000e+00,2.0456609594e+02
1.8015752026e+02,1.0000000000e+00,1.8015752026e+02
1.4126857716e+02,1.0000000000e+00,1.4126857716e+02
1.0661277265e+02,1.0000000000e+00,1.0661277265e+02
9.5490920218e+01,1.0000000000e+00,9.5490920218e+01
1.1279632586e+02,1.0000000000e+00,1.1279632586e+02
1.4154019248e+02,1.0000000000e+00,1.4154019248e+02
1.5482324959e+02,1.0000000000e+00,1.5482324959e+02
1.4009136018e+02,1.0000000000e+00,1.4009136018e+02
1.1185966813e+02,1.0000000000e+00,1.1185966813e+02
9.7780989921e+01,1.0000000000e+00,9.7780989921e+01
1.1219042164e+02,1.0000000000e+00,1.1219042164e+02
1.4538238809e+02,1.0000000000e+00,1.4538238809e+02
1.7664088254e+02,1.0000000000e+00,1.7664088254e+02
1.9286715411e+02,1.0000000000e+00,1.9286715411e+02
1.9412271931e+02,1.0000000000e+00,1.9412271931e+02
1.8600394064e+02,1.0000000000e+00,1.8600394064e+02
1.7168072210e+02,1.0000000000e+00,1.7168072210e+02
1.5205999808e+02,1.0000000000e+00,1.5205999808e+02
1.3062752250e+02,1.0000000000e+00,1.3062752250e+02
1.1429516407e+02,1.0000000000e+00,1.1429516407e+02
1.0703030581e+02,1.0000000000e+00,1.0703030581e+02
1.0467846807e+02,1.0000000000e+00,1.0467846807e+02
1.0091985149e+02,1.0000000000e+00,1.0091985149e+02
9.7676856240e+01,1.0000000000e+00,9.7676856240e+01
1.0410570558e+02,1.0000000000e+00,1.0410570558e+02
1.2477046212e+02,1.0000000000e+00,1.2477046212e+02
1.5331817525e+02,1.0000000000e+00,1.5331817525e+02
1.7844050685e+02,1.0000000000e+00,1.7844050685e+02
1.9240839384e+02,1.0000000000e+00,1.9240839384e+02
1.9378761149e+02,1.0000000000e+00,1.9378761149e+02
1.8657724404e+02,1.0000000000e+00,1.8657724404e+02
1.7879372070e+02,1.0000000000e+00,1.7879372070e+02
1.7839611614e+02,1.0000000000e+00,1.7839611614e+02
1.8675569363e+02,1.0000000000e+00,1.8675569363e+02
1.9632658812e+02,1.0000000000e+00,1.9632658812e+02
1.9732420831e+02,1.0000000000e+00,1.9732420831e+02
1.8790526218e+02,1.0000000000e+00,1.8790526218e+02
1.7656598548e+02,1.0000000000e+00,1.7656598548e+02
1.7270732141e+02,1.0000000000e+00,1.7270732141e+02
1.7531385325e+02,1.0000000000e+00,1.7531385325e+02
1.7428241462e+02,1.0000000000e+00,1.7428241462e+02
1.6425524301e+02,1.0000000000e+00,1.6425524301e+02
1.5299449634e+02,1.0000000000e+00,1.5299449634e+02
1.5222707242e+02,1.0000000000e+00,1.5222707242e+02
1.6232716101e+02,1.0000000000e+00,1.6232716101e+02
1.6962600312e+02,1.0000000000e+00,1.6962600312e+02
1.5890207230e+02,1.0000000000e+00,1.5890207230e+02
1.2816584600e+02,1.0000000000e+00,1.2816584600e+02
9.2395792038e+01,1.0000000000e+00,9.2395792038e+01
7.2683799141e+01,1.0000000000e+00,7.2683799141e+01
7.9678849223e+01,1.0000000000e+00,7.9678849223e+01
1.0521859196e+02,1.0000000000e+00,1.0521859196e+02
1.2904073786e+02,1.0000000000e+00,1.2904073786e+02
1.3567685015e+02,1.0000000000e+00,1.3567685015e+02
1.2730153167e+02,1.0000000000e+00,1.2730153167e+02
1.1980753136e+02,1.0000000000e+00,1.1980753136e+02
1.2632025168e+02,1.0000000000e+00,1.2632025168e+02
1.4573815543e+02,1.0000000000e+00,1.4573815543e+02
1.6587404709e+02,1.0000000000e+00,1.6587404709e+02
1.7550963633e+02,1.0000000000e+00,1.7550963633e+02
1.7415544676e+02,1.0000000000e+00,1.7415544676e+02
1.7148076403e+02,1.0000000000e+00,1.7148076403e+02
1.7744605054e+02,1.0000000000e+00,1.7744605054e+02
1.9352047885e+02,1.0000000000e+00,1.9352047885e+02
2.1318023521e+02,1.0000000000e+00,2.1318023521e+02
2.2820190532e+02,1.0000000000e+00,2.2820190532e+02
2.3281658979e+02,1.0000000000e+00,2.3281658979e+02
2.2414657700e+02,1.0000000000e+00,2.2414657700e+02
2.0237926672e+02,1.0000000000e+00,2.0237926672e+02
1.7253761227e+02,1.0000000000e+00,1.7253761227e+02
1.4543323831e+02,1.0000000000e+00,1.4543323831e+02
1.3352041245e+02,1.0000000000e+00,1.3352041245e+02
1.4239740058e+02,1.0000000000e+00,1.4239740058e+02
1.6614981336e+02,1.0000000000e+00,1.6614981336e+02
1.9233481691e+02,1.0000000000e+00,1.9233481691e+02
2.1136070909e+02,1.0000000000e+00,2.1136070909e+02
2.2102237171e+02,1.0000000000e+00,2.2102237171e+02
2.2421283838e+02,1.0000000000e+00,2.2421283838e+02
2.2456914715e+02,1.0000000000e+00,2.2456914715e+02
2.2408049686e+02,1.0000000000e+00,2.2408049686e+02
2.2285605774e+02,1.0000000000e+00,2.2285605774e+02
2.1970650525e+02,1.0000000000e+00,2.1970650525e+02
2.1303179870e+02,1.0000000000e+00,2.1303179870e+02
2.0209499229e+02,1.0000000000e+00,2.0209499229e+02
1.8822461329e+02,1.0000000000e+00,1.8822461329e+02
1.7490092152e+02,1.0000000000e+00,1.7490092152e+02
1.6657876625e+02,1.0000000000e+00,1.6657876625e+02
1.6726610668e+02,1.0000000000e+00,1.6726610668e+02
1.7854320659e+02,1.0000000000e+00,1.7854320659e+02
1.9692377719e+02,1.0000000000e+00,1.9692377719e+02
2.1422078489e+02,1.0000000000e+00,2.1422078489e+02
2.2284702943e+02,1.0000000000e+00,2.2284702943e+02
2.2112415010e+02,1.0000000000e+00,2.2112415010e+02
2.1336441316e+02,1.0000000000e+00,2.1336441316e+02
2.0532201082e+02,1.0000000000e+00,2.0532201082e+02
1.9938942525e+02,1.0000000000e+00,1.9938942525e+02
1.9337383997e+02,1.0000000000e+00,1.9337383997e+02
1.8311495247e+02,1.0000000000e+00,1.8311495247e+02
1.6613162563e+02,1.0000000000e+00,1.6613162563e+02
1.4384539208e+02,1.0000000000e+00,1.4384539208e+02
1.2186436297e+02,1.0000000000e+00,1.2186436297e+02
1.0870308175e+02,1.0000000000e+00,1.0870308175e+02
1.1261404779e+02,1.0000000000e+00,1.1261404779e+02
1.3594342014e+02,1.0000000000e+00,1.3594342014e+02
1.7040563251e+02,1.0000000000e+00,1.7040563251e+02
2.0005300660e+02,1.0000000000e+00,2.0005300660e+02
2.1195653419e+02,1.0000000000e+00,2.1195653419e+02
2.0517977788e+02,1.0000000000e+00,2.0517977788e+02
1.9019499867e+02,1.0000000000e+00,1.9019499867e+02
1.7994824811e+02,1.0000000000e+00,1.7994824811e+02
1.8069161041e+02,1.0000000000e+00,1.8069161041e+02
1.9022797303e+02,1.0000000000e+00,1.9022797303e+02
2.0258010702e+02,1.0000000000e+00,2.0258010702e+02
2.1185761218e+02,1.0000000000e+00,2.1185761218e+02
2.1288510887e+02,1.0000000000e+00,2.1288510887e+02
2.0248860027e+02,1.0000000000e+00,2.0248860027e+02
1.8297969325e+02,1.0000000000e+00,1.8297969325e+02
1.6319256102e+02,1.0000000000e+00,1.6319256102e+02
1.5292034705e+02,1.0000000000e+00,1.5292034705e+02
1.5546709261e+02,1.0000000000e+00,1.5546709261e+02
1.6693977174e+02,1.0000000000e+00,1.6693977174e+02
1.8113164994e+02,1.0000000000e+00,1.8113164994e+02
1.9199826568e+02,1.0000000000e+00,1.9199826568e+02
1.9363180867e+02,1.0000000000e+00,1.9363180867e+02
1.8268735383e+02,1.0000000000e+00,1.8268735383e+02
1.6194160519e+02,1.0000000000e+00,1.6194160519e+02
1.4083959758e+02,1.0000000000e+00,1.4083959758e+02
1.3140434461e+02,1.0000000000e+00,1.3140434461e+02
1.4015321961e+02,1.0000000000e+00,1.4015321961e+02
1.6234903419e+02,1.0000000000e+00,1.6234903419e+02
1.8586080179e+02,1.0000000000e+00,1.8586080179e+02
2.0042877700e+02,1.0000000000e+00,2.0042877700e+02
2.0236896907e+02,1.0000000000e+00,2.0236896907e+02
1.9392798648e+02,1.0000000000e+00,1.9392798648e+02
1.8172243157e+02,1.0000000000e+00,1.8172243157e+02
1.7414141157e+02,1.0000000000e+00,1.7414141157e+02
1.7665129057e+02,1.0000000000e+00,1.7665129057e+02
1.8750098480e+02,1.0000000000e+00,1.8750098480e+02
1.9783093851e+02,1.0000000000e+00,1.9783093851e+02
1.9799243076e+02,1.0000000000e+00,1.9799243076e+02
1.8548906734e+02,1.0000000000e+00,1.8548906734e+02
1.6662081698e+02,1.0000000000e+00,1.6662081698e+02
1.5095285094e+02,1.0000000000e+00,1.5095285094e+02
1.4543359820e+02,1.0000000000e+00,1.4543359820e+02
1.5235221885e+02,1.0000000000e+00,1.5235221885e+02
1.6926609568e+02,1.0000000000e+00,1.6926609568e+02
1.8932654609e+02,1.0000000000e+00,1.8932654609e+02
2.0368106038e+02,1.0000000000e+00,2.0368106038e+02
2.0679771589e+02,1.0000000000e+00,2.0679771589e+02
2.0085829787e+02,1.0000000000e+00,2.0085829787e+02
1.9340930030e+02,1.0000000000e+00,1.9340930030e+02
1.8917391669e+02,1.0000000000e+00,1.8917391669e+02
1.8563804708e+02,1.0000000000e+00,1.8563804708e+02
1.7832687848e+02,1.0000000000e+00,1.7832687848e+02
1.6870282085e+02,1.0000000000e+00,1.6870282085e+02
1.6402445572e+02,1.0000000000e+00,1.6402445572e+02
1.6892566617e+02,1.0000000000e+00,1.6892566617e+02
1.7908744807e+02,1.0000000000e+00,1.7908744807e+02
1.8522746407e+02,1.0000000000e+00,1.8522746407e+02
1.8286266645e+02,1.0000000000e+00,1.8286266645e+02
1.7628309409e+02,1.0000000000e+00,1.7628309409e+02
1.7302027398e+02,1.0000000000e+00,1.7302027398e+02
1.7599440440e+02,1.0000000000e+00,1.7599440440e+02
1.8131303612e+02,1.0000000000e+00,1.8131303612e+02
1.8306311837e+02,1.0000000000e+00,1.8306311837e+02
1.8026265301e+02,1.0000000000e+00,1.8026265301e+02
1.7885547104e+02,1.0000000000e+00,1.7885547104e+02
1.8574424896e+02,1.0000000000e+00,1.8574424896e+02
2.0046935053e+02,1.0000000000e+00,2.0046935053e+02
2.1343169795e+02,1.0000000000e+00,2.1343169795e+02
2.1274027113e+02,1.0000000000e+00,2.1274027113e+02
1.9350158141e+02,1.0000000000e+00,1.9350158141e+02
1.6238779715e+02,1.0000000000e+00,1.6238779715e+02
1.3460303727e+02,1.0000000000e+00,1.3460303727e+02
1.2486454679e+02,1.0000000000e+00,1.2486454679e+02
1.3775203252e+02,1.0000000000e+00,1.3775203252e+02
1.6455009729e+02,1.0000000000e+00,1.6455009729e+02
1.8968844444e+02,1.0000000000e+00,1.8968844444e+02
2.0169574762e+02,1.0000000000e+00,2.0169574762e+02
2.0016297020e+02,1.0000000000e+00,2.0016297020e+02
1.9402765273e+02,1.0000000000e+00,1.9402765273e+02
1.9252647570e+02,1.0000000000e+00,1.9252647570e+02
1.9622644596e+02,1.0000000000e+00,1.9622644596e+02
1.9669862478e+02,1.0000000000e+00,1.9669862478e+02
1.8541704820e+02,1.0000000000e+00,1.8541704820e+02
1.6344097985e+02,1.0000000000e+00,1.6344097985e+02
1.4169111376e+02,1.0000000000e+00,1.4169111376e+02
1.2949050673e+02,1.0000000000e+00,1.2949050673e+02
1.2393720495e+02,1.0000000000e+00,1.2393720495e+02
1.1524065058e+02,1.0000000000e+00,1.1524065058e+02
1.0204508619e+02,1.0000000000e+00,1.0204508619e+02
9.5845441576e+01,1.0000000000e+00,9.5845441576e+01
1.0896247688e+02,1.0000000000e+00,1.0896247688e+02
1.4071550496e+02,1.0000000000e+00,1.4071550496e+02
1.7579903694e+02,1.0000000000e+00,1.7579903694e+02
1.9595902167e+02,1.0000000000e+00,1.9595902167e+02
1.9438074383e+02,1.0000000000e+00,1.9438074383e+02
1.7955978553e+02,1.0000000000e+00,1.7955978553e+02
1.6574233539e+02,1.0000000000e+00,1.6574233539e+02
1.6038450074e+02,1.0000000000e+00,1.6038450074e+02
1.6102569220e+02,1.0000000000e+00,1.6102569220e+02
1.6263281315e+02,1.0000000000e+00,1.6263281315e+02
1.6458627583e+02,1.0000000000e+00,1.6458627583e+02
1.6892034450e+02,1.0000000000e+00,1.6892034450e+02
1.7449068077e+02,1.0000000000e+00,1.7449068077e+02
1.7635954798e+02,1.0000000000e+00,1.7635954798e+02
1.7154644599e+02,1.0000000000e+00,1.7154644599e+02
1.6409810355e+02,1.0000000000e+00,1.6409810355e+02
1.6229939073e+02,1.0000000000e+00,1.6229939073e+02
1.6968661601e+02,1.0000000000e+00,1.6968661601e+02
1.8074443746e+02,1.0000000000e+00,1.8074443746e+02
1.8668309312e+02,1.0000000000e+00,1.8668309312e+02
1.8316714223e+02,1.0000000000e+00,1.8316714223e+02
1.7228156745e+02,1.0000000000e+00,1.7228156745e+02
1.6089886557e+02,1.0000000000e+00,1.6089886557e+02
1.5757809575e+02,1.0000000000e+00,1.5757809575e+02
1.6615952939e+02,1.0000000000e+00,1.6615952939e+02
1.8013224097e+02,1.0000000000e+00,1.8013224097e+02
1.8641091381e+02,1.0000000000e+00,1.8641091381e+02
1.7726326084e+02,1.0000000000e+00,1.7726326084e+02
1.5812198382e+02,1.0000000000e+00,1.5812198382e+02
1.4281410623e+02,1.0000000000e+00,1.4281410623e+02
1.4051728136e+02,1.0000000000e+00,1.4051728136e+02
1.4729507603e+02,1.0000000000e+00,1.4729507603e+02
1.5161153218e+02,1.0000000000e+00,1.5161153218e+02
1.4810055042e+02,1.0000000000e+00,1.4810055042e+02
1.4314543162e+02,1.0000000000e+00,1.4314543162e+02
1.4604072243e+02,1.0000000000e+00,1.4604072243e+02
1.5836748207e+02,1.0000000000e+00,1.5836748207e+02
1.7451827001e+02,1.0000000000e+00,1.7451827001e+02
1.8894573478e+02,1.0000000000e+00,1.8894573478e+02
1.9851762853e+02,1.0000000000e+00,1.9851762853e+02
2.0003016077e+02,1.0000000000e+00,2.0003016077e+02
1.9077085051e+02,1.0000000000e+00,1.9077085051e+02
1.7231341223e+02,1.0000000000e+00,1.7231341223e+02
1.5151162191e+02,1.0000000000e+00,1.5151162191e+02
1.3751082508e+02,1.0000000000e+00,1.3751082508e+02
1.3756242551e+02,1.0000000000e+00,1.3756242551e+02
1.5321648548e+02,1.0000000000e+00,1.5321648548e+02
1.7901603746e+02,1.0000000000e+00,1.7901603746e+02
2.0552420348e+02,1.0000000000e+00,2.0552420348e+02
2.2414960272e+02,1.0000000000e+00,2.2414960272e+02
2.2996897379e+02,1.0000000000e+00,2.2996897379e+02
2.2232132580e+02,1.0000000000e+00,2.2232132580e+02
2.0461299351e+02,1.0000000000e+00,2.0461299351e+02
1.8293980152e+02,1.0000000000e+00,1.8293980152e+02
1.6282470407e+02,1.0000000000e+00,1.6282470407e+02
1.4680886378e+02,1.0000000000e+00,1.4680886378e+02
1.3601103484e+02,1.0000000000e+00,1.3601103484e+02
1.3248575770e+02,1.0000000000e+00,1.3248575770e+02
1.3718842728e+02,1.0000000000e+00,1.3718842728e+02
1.4602592545e+02,1.0000000000e+00,1.4602592545e+02
1.5113716466e+02,1.0000000000e+00,1.5113716466e+02
1.4810046445e+02,1.0000000000e+00,1.4810046445e+02
1.4166236081e+02,1.0000000000e+00,1.4166236081e+02
1.4288565025e+02,1.0000000000e+00,1.4288565025e+02
1.5847804390e+02,1.0000000000e+00,1.5847804390e+02
1.8227501674e+02,1.0000000000e+00,1.8227501674e+02
1.9921410007e+02,1.0000000000e+00,1.9921410007e+02
1.9891318052e+02,1.0000000000e+00,1.9891318052e+02
1.8453054024e+02,1.0000000000e+00,1.8453054024e+02
1.6857382683e+02,1.0000000000e+00,1.6857382683e+02
1.6169084482e+02,1.0000000000e+00,1.6169084482e+02
1.6531250476e+02,1.0000000000e+00,1.6531250476e+02
1.7293121092e+02,1.0000000000e+00,1.7293121092e+02
1.7767434967e+02,1.0000000000e+00,1.7767434967e+02
1.7892722033e+02,1.0000000000e+00,1.7892722033e+02
1.8070415549e+02,1.0000000000e+00,1.8070415549e+02
1.8415079549e+02,1.0000000000e+00,1.8415079549e+02
1.8475069693e+02,1.0000000000e+00,1.8475069693e+02
1.7765667852e+02,1.0000000000e+00,1.7765667852e+02
1.6350993728e+02,1.0000000000e+00,1.6350993728e+02
1.4885092396e+02,1.0000000000e+00,1.4885092396e+02
1.4244514328e+02,1.0000000000e+00,1.4244514328e+02
1.4926134642e+02,1.0000000000e+00,1.4926134642e+02
1.6489923577e+02,1.0000000000e+00,1.6489923577e+02
1.7745968276e+02,1.0000000000e+00,1.7745968276e+02
1.7741719953e+02,1.0000000000e+00,1.7741719953e+02
1.6547030196e+02,1.0000000000e+00,1.6547030196e+02
1.5133585707e+02,1.0000000000e+00,1.5133585707e+02
1.4540443114e+02,1.0000000000e+00,1.4540443114e+02
1.4940735423e+02,1.0000000000e+00,1.4940735423e+02
1.5444114039e+02,1.0000000000e+00,1.5444114039e+02
1.5029560615e+02,1.0000000000e+00,1.5029560615e+02
1.3760901587e+02,1.0000000000e+00,1.3760901587e+02
1.2934048848e+02,1.0000000000e+00,1.2934048848e+02
1.3885407077e+02,1.0000000000e+00,1.3885407077e+02
1.6656377731e+02,1.0000000000e+00,1.6656377731e+02
1.9897956121e+02,1.0000000000e+00,1.9897956121e+02
2.2038441815e+02,1.0000000000e+00,2.2038441815e+02
2.2460800828e+02,1.0000000000e+00,2.2460800828e+02
2.1714168936e+02,1.0000000000e+00,2.1714168936e+02
2.0864465824e+02,1.0000000000e+00,2.0864465824e+02
2.0657223460e+02,1.0000000000e+00,2.0657223460e+02
2.1124962507e+02,1.0000000000e+00,2.1124962507e+02
2.1838084965e+02,1.0000000000e+00,2.1838084965e+02
2.2407703264e+02,1.0000000000e+00,2.2407703264e+02
2.2710382800e+02,1.0000000000e+00,2.2710382800e+02
2.2746488597e+02,1.0000000000e+00,2.2746488597e+02
2.2449795892e+02,1.0000000000e+00,2.2449795892e+02
2.1714440625e+02,1.0000000000e+00,2.1714440625e+02
2.0584480950e+02,1.0000000000e+00,2.0584480950e+02
1.9361544098e+02,1.0000000000e+00,1.9361544098e+02
1.8497643760e+02,1.0000000000e+00,1.8497643760e+02
1.8371295792e+02,1.0000000000e+00,1.8371295792e+02
1.9091381629e+02,1.0000000000e+00,1.9091381629e+02
2.0388618388e+02,1.0000000000e+00,2.0388618388e+02
2.1701173148e+02,1.0000000000e+00,2.1701173148e+02
2.2507495072e+02,1.0000000000e+00,2.2507495072e+02
2.2652535834e+02,1.0000000000e+00,2.2652535834e+02
2.2371951684e+02,1.0000000000e+00,2.2371951684e+02
2.2047431175e+02,1.0000000000e+00,2.2047431175e+02
2.1937665007e+02,1.0000000000e+00,2.1937665007e+02
2.2085375088e+02,1.0000000000e+00,2.2085375088e+02
2.2412261141e+02,1.0000000000e+00,2.2412261141e+02
2.2821980407e+02,1.0000000000e+00,2.2821980407e+02
2.3162101486e+02,1.0000000000e+00,2.3162101486e+02
2.3113656453e+02,1.0000000000e+00,2.3113656453e+02
2.2204052046e+02,1.0000000000e+00,2.2204052046e+02
2.0051805308e+02,1.0000000000e+00,2.0051805308e+02
1.6720523310e+02,1.0000000000e+00,1.6720523310e+02
1.2862374571e+02,1.0000000000e+00,1.2862374571e+02
9.4466661111e+01,1.0000000000e+00,9.4466661111e+01
7.3048989870e+01,1.0000000000e+00,7.3048989870e+01
6.8918342472e+01,1.0000000000e+00,6.8918342472e+01
8.2496240754e+01,1.0000000000e+00,8.2496240754e+01
1.0920701738e+02,1.0000000000e+00,1.0920701738e+02
1.3965350322e+02,1.0000000000e+00,1.3965350322e+02
1.6408501296e+02,1.0000000000e+00,1.6408501296e+02
1.7846539187e+02,1.0000000000e+00,1.7846539187e+02
1.8596736349e+02,1.0000000000e+00,1.8596736349e+02
1.9290804893e+02,1.0000000000e+00,1.9290804893e+02
2.0360076481e+02,1.0000000000e+00,2.0360076481e+02
2.1736567530e+02,1.0000000000e+00,2.1736567530e+02
2.2783980892e+02,1.0000000000e+00,2.2783980892e+02
2.2523314413e+02,1.0000000000e+00,2.2523314413e+02
2.0268162035e+02,1.0000000000e+00,2.0268162035e+02
1.6387324453e+02,1.0000000000e+00,1.6387324453e+02
1.2424940869e+02,1.0000000000e+00,1.2424940869e+02
1.0123180062e+02,1.0000000000e+00,1.0123180062e+02
1.0145099695e+02,1.0000000000e+00,1.0145099695e+02
1.1817689247e+02,1.0000000000e+00,1.1817689247e+02
1.3915233275e+02,1.0000000000e+00,1.3915233275e+02
1.5359239148e+02,1.0000000000e+00,1.5359239148e+02
1.5436360727e+02,1.0000000000e+00,1.5436360727e+02
1.4080948202e+02,1.0000000000e+00,1.4080948202e+02
1.2203193513e+02,1.0000000000e+00,1.2203193513e+02
1.1217808543e+02,1.0000000000e+00,1.1217808543e+02
1.1730897180e+02,1.0000000000e+00,1.1730897180e+02
1.2875465486e+02,1.0000000000e+00,1.2875465486e+02
1.3373778186e+02,1.0000000000e+00,1.3373778186e+02
1.3081528169e+02,1.0000000000e+00,1.3081528169e+02
1.2988100925e+02,1.0000000000e+00,1.2988100925e+02
1.3794726297e+02,1.0000000000e+00,1.3794726297e+02
1.5033880864e+02,1.0000000000e+00,1.5033880864e+02
1.5727470356e+02,1.0000000000e+00,1.5727470356e+02
1.5569462193e+02,1.0000000000e+00,1.5569462193e+02
1.5186643676e+02,1.0000000000e+00,1.5186643676e+02
1.5377189355e+02,1.0000000000e+00,1.5377189355e+02
1.6407795069e+02,1.0000000000e+00,1.6407795069e+02
1.7993829272e+02,1.0000000000e+00,1.7993829272e+02
1.9592711079e+02,1.0000000000e+00,1.9592711079e+02
2.0636638736e+02,1.0000000000e+00,2.0636638736e+02
2.0743148886e+02,1.0000000000e+00,2.0743148886e+02
1.9918125144e+02,1.0000000000e+00,1.9918125144e+02
1.8620488288e+02,1.0000000000e+00,1.8620488288e+02
1.7517356051e+02,1.0000000000e+00,1.7517356051e+02
1.6951399753e+02,1.0000000000e+00,1.6951399753e+02
1.6676902784e+02,1.0000000000e+00,1.6676902784e+02
1.6340898000e+02,1.0000000000e+00,1.6340898000e+02
1.6081960709e+02,1.0000000000e+00,1.6081960709e+02
1.6258658828e+02,1.0000000000e+00,1.6258658828e+02
1.6615011948e+02,1.0000000000e+00,1.6615011948e+02
1.6161733144e+02,1.0000000000e+00,1.6161733144e+02
1.4110165578e+02,1.0000000000e+00,1.4110165578e+02
1.0739681949e+02,1.0000000000e+00,1.0739681949e+02
7.2200619241e+01,1.0000000000e+00,7.2200619241e+01
4.7854125804e+01,1.0000000000e+00,4.7854125804e+01
4.2125198863e+01,1.0000000000e+00,4.2125198863e+01
5.7757762352e+01,1.0000000000e+00,5.7757762352e+01
9.1659065755e+01,1.0000000000e+00,9.1659065755e+01
1.3232173143e+02,1.0000000000e+00,1.3232173143e+02
1.6141810202e+02,1.0000000000e+00,1.6141810202e+02
1.6387841580e+02,1.0000000000e+00,1.6387841580e+02
1.3953222237e+02,1.0000000000e+00,1.3953222237e+02
1.0426132320e+02,1.0000000000e+00,1.0426132320e+02
7.9299802614e+01,1.0000000000e+00,7.9299802614e+01
7.8954990740e+01,1.0000000000e+00,7.8954990740e+01
1.0441040259e+02,1.0000000000e+00,1.0441040259e+02
1.4368082883e+02,1.0000000000e+00,1.4368082883e+02
1.7733282343e+02,1.0000000000e+00,1.7733282343e+02
1.8994571187e+02,1.0000000000e+00,1.8994571187e+02
1.8131295158e+02,1.0000000000e+00,1.8131295158e+02
1.6703327035e+02,1.0000000000e+00,1.6703327035e+02
1.6521202613e+02,1.0000000000e+00,1.6521202613e+02
1.8035184363e+02,1.0000000000e+00,1.8035184363e+02
2.0049390751e+02,1.0000000000e+00,2.0049390751e+02
2.0986319498e+02,1.0000000000e+00,2.0986319498e+02
2.0304577925e+02,1.0000000000e+00,2.0304577925e+02
1.8796802301e+02,1.0000000000e+00,1.8796802301e+02
1.7724084352e+02,1.0000000000e+00,1.7724084352e+02
1.7626512977e+02,1.0000000000e+00,1.7626512977e+02
1.7881099814e+02,1.0000000000e+00,1.7881099814e+02
1.7444531395e+02,1.0000000000e+00,1.7444531395e+02
1.5957160221e+02,1.0000000000e+00,1.5957160221e+02
1.4020443585e+02,1.0000000000e+00,1.4020443585e+02
1.2608484399e+02,1.0000000000e+00,1.2608484399e+02
1.2501311418e+02,1.0000000000e+00,1.2501311418e+02
1.4057832609e+02,1.0000000000e+00,1.4057832609e+02
1.6955985081e+02,1.0000000000e+00,1.6955985081e+02
2.0004491685e+02,1.0000000000e+00,2.0004491685e+02
2.1600232914e+02,1.0000000000e+00,2.1600232914e+02
2.0775377826e+02,1.0000000000e+00,2.0775377826e+02
1.7990645124e+02,1.0000000000e+00,1.7990645124e+02
1.4898966749e+02,1.0000000000e+00,1.4898966749e+02
1.3154129802e+02,1.0000000000e+00,1.3154129802e+02
1.3267586685e+02,1.0000000000e+00,1.3267586685e+02
1.4444838925e+02,1.0000000000e+00,1.4444838925e+02
1.5324514244e+02,1.0000000000e+00,1.5324514244e+02
1.4943585489e+02,1.0000000000e+00,1.4943585489e+02
1.3327437468e+02,1.0000000000e+00,1.3327437468e+02
1.1311813951e+02,1.0000000000e+00,1.1311813951e+02
9.6966932054e+01,1.0000000000e+00,9.6966932054e+01
8.5578359493e+01,1.0000000000e+00,8.5578359493e+01
7.5312740582e+01,1.0000000000e+00,7.5312740582e+01
6.6926741647e+01,1.0000000000e+00,6.6926741647e+01
6.8022547522e+01,1.0000000000e+00,6.8022547522e+01
8.5626767544e+01,1.0000000000e+00,8.5626767544e+01
1.1786893786e+02,1.0000000000e+00,1.1786893786e+02
1.5308662711e+02,1.0000000000e+00,1.5308662711e+02
1.7638828645e+02,1.0000000000e+00,1.7638828645e+02
1.7864683034e+02,1.0000000000e+00,1.7864683034e+02
1.6222716317e+02,1.0000000000e+00,1.6222716317e+02
1.3961630921e+02,1.0000000000e+00,1.3961630921e+02
1.2574916391e+02,1.0000000000e+00,1.2574916391e+02
1.2948264906e+02,1.0000000000e+00,1.2948264906e+02
1.4904113941e+02,1.0000000000e+00,1.4904113941e+02
1.7304257202e+02,1.0000000000e+00,1.7304257202e+02
1.8793474126e+02,1.0000000000e+00,1.8793474126e+02
1.8849346019e+02,1.0000000000e+00,1.8849346019e+02
1.8119106496e+02,1.0000000000e+00,1.8119106496e+02
1.7590132807e+02,1.0000000000e+00,1.7590132807e+02
1.7619246149e+02,1.0000000000e+00,1.7619246149e+02
1.7933538173e+02,1.0000000000e+00,1.7933538173e+02
1.8310229678e+02,1.0000000000e+00,1.8310229678e+02
1.8908581255e+02,1.0000000000e+00,1.8908581255e+02
1.9907120616e+02,1.0000000000e+00,1.9907120616e+02
2.0998963165e+02,1.0000000000e+00,2.0998963165e+02
2.1394915608e+02,1.0000000000e+00,2.1394915608e+02
2.0361789996e+02,1.0000000000e+00,2.0361789996e+02
1.7793561600e+02,1.0000000000e+00,1.7793561600e+02
1.4379984845e+02,1.0000000000e+00,1.4379984845e+02
1.1299886820e+02,1.0000000000e+00,1.1299886820e+02
9.6670699026e+01,1.0000000000e+00,9.6670699026e+01
1.0042618931e+02,1.0000000000e+00,1.0042618931e+02
1.2148954369e+02,1.0000000000e+00,1.2148954369e+02
1.4834022136e+02,1.0000000000e+00,1.4834022136e+02
1.6468668972e+02,1.0000000000e+00,1.6468668972e+02
1.5822085486e+02,1.0000000000e+00,1.5822085486e+02
1.2948812406e+02,1.0000000000e+00,1.2948812406e+02
9.3056271076e+01,1.0000000000e+00,9.3056271076e+01
6.7737037194e+01,1.0000000000e+00,6.7737037194e+01
6.3548730560e+01,1.0000000000e+00,6.3548730560e+01
7.7391248893e+01,1.0000000000e+00,7.7391248893e+01
9.9091416233e+01,1.0000000000e+00,9.9091416233e+01
1.1878423107e+02,1.0000000000e+00,1.1878423107e+02
1.3026509397e+02,1.0000000000e+00,1.3026509397e+02
1.3314479778e+02,1.0000000000e+00,1.3314479778e+02
1.3359164735e+02,1.0000000000e+00,1.3359164735e+02
1.3828192499e+02,1.0000000000e+00,1.3828192499e+02
1.4544681839e+02,1.0000000000e+00,1.4544681839e+02
1.4578359433e+02,1.0000000000e+00,1.4578359433e+02
1.3370713629e+02,1.0000000000e+00,1.3370713629e+02
1.1465181837e+02,1.0000000000e+00,1.1465181837e+02
1.0086192733e+02,1.0000000000e+00,1.0086192733e+02
1.0215769438e+02,1.0000000000e+00,1.0215769438e+02
1.1971162145e+02,1.0000000000e+00,1.1971162145e+02
1.4548316569e+02,1.0000000000e+00,1.4548316569e+02
1.6690130794e+02,1.0000000000e+00,1.6690130794e+02
1.7452710043e+02,1.0000000000e+00,1.7452710043e+02
1.6859832950e+02,1.0000000000e+00,1.6859832950e+02
1.5966922007e+02,1.0000000000e+00,1.5966922007e+02
1.6084673772e+02,1.0000000000e+00,1.6084673772e+02
1.7607721389e+02,1.0000000000e+00,1.7607721389e+02
1.9495378883e+02,1.0000000000e+00,1.9495378883e+02
2.0011287586e+02,1.0000000000e+00,2.0011287586e+02
1.8115128780e+02,1.0000000000e+00,1.8115128780e+02
1.4265912221e+02,1.0000000000e+00,1.4265912221e+02
9.9882043829e+01,1.0000000000e+00,9.9882043829e+01
6.7421622625e+01,1.0000000000e+00,6.7421622625e+01
5.2084869026e+01,1.0000000000e+00,5.2084869026e+01
5.3959150730e+01,1.0000000000e+00,5.3959150730e+01
6.9434169890e+01,1.0000000000e+00,6.9434169890e+01
9.0897954347e+01,1.0000000000e+00,9.0897954347e+01
1.0746258040e+02,1.0000000000e+00,1.0746258040e+02
1.1237637847e+02,1.0000000000e+00,1.1237637847e+02
1.1142491333e+02,1.0000000000e+00,1.1142491333e+02
1.1955749554e+02,1.0000000000e+00,1.1955749554e+02
1.4482279177e+02,1.0000000000e+00,1.4482279177e+02
1.7667998374e+02,1.0000000000e+00,1.7667998374e+02
1.9333352862e+02,1.0000000000e+00,1.9333352862e+02
1.8100771204e+02,1.0000000000e+00,1.8100771204e+02
1.4588471809e+02,1.0000000000e+00,1.4588471809e+02
1.0901131655e+02,1.0000000000e+00,1.0901131655e+02
9.0331224554e+01,1.0000000000e+00,9.0331224554e+01
9.4965402941e+01,1.0000000000e+00,9.4965402941e+01
1.1131466496e+02,1.0000000000e+00,1.1131466496e+02
1.2194164368e+02,1.0000000000e+00,1.2194164368e+02
1.1901664627e+02,1.0000000000e+00,1.1901664627e+02
1.1077045898e+02,1.0000000000e+00,1.1077045898e+02
1.1223665936e+02,1.0000000000e+00,1.1223665936e+02
1.3014411234e+02,1.0000000000e+00,1.3014411234e+02
1.5766979045e+02,1.0000000000e+00,1.5766979045e+02
1.8190411268e+02,1.0000000000e+00,1.8190411268e+02
1.9407561469e+02,1.0000000000e+00,1.9407561469e+02
1.9395275932e+02,1.0000000000e+00,1.9395275932e+02
1.8765223759e+02,1.0000000000e+00,1.8765223759e+02
1.8208765214e+02,1.0000000000e+00,1.8208765214e+02
1.8003591264e+02,1.0000000000e+00,1.8003591264e+02
1.7978022082e+02,1.0000000000e+00,1.7978022082e+02
1.7964245190e+02,1.0000000000e+00,1.7964245190e+02
1.8127535870e+02,1.0000000000e+00,1.8127535870e+02
1.8614664809e+02,1.0000000000e+00,1.8614664809e+02
1.8961720033e+02,1.0000000000e+00,1.8961720033e+02
1.8202917850e+02,1.0000000000e+00,1.8202917850e+02
1.5719130149e+02,1.0000000000e+00,1.5719130149e+02
1.1874926966e+02,1.0000000000e+00,1.1874926966e+02
7.8296844414e+01,1.0000000000e+00,7.8296844414e+01
4.8797149466e+01,1.0000000000e+00,4.8797149466e+01
3.9255191391e+01,1.0000000000e+00,3.9255191391e+01
6.5843337881e+01,1.0000000000e+00,6.5843337881e+01
8.9661340273e+01,1.0000000000e+00,8.9661340273e+01
1.1070919857e+02,1.0000000000e+00,1.1070919857e+02
1.2500000000e+02,1.0000000000e+00,1.2500000000e+02
1.1268708693e+02,1.0000000000e+00,1.1268708693e+02
9.4232460053e+01,1.0000000000e+00,9.4232460053e+01
7.3710938273e+01,1.0000000000e+00,7.3710938273e+01
5.1122521591e+01,1.0000000000e+00,5.1122521591e+01
5.7900088098e+01,1.0000000000e+00,5.7900088098e+01
8.0015809009e+01,1.0000000000e+00,8.0015809009e+01
1.1229673042e+02,1.0000000000e+00,1.1229673042e+02
1.4404637926e+02,1.0000000000e+00,1.4404637926e+02
1.6269268619e+02,1.0000000000e+00,1.6269268619e+02
1.6324249220e+02,1.0000000000e+00,1.6324249220e+02
1.5383743289e+02,1.0000000000e+00,1.5383743289e+02
1.4703969280e+02,1.0000000000e+00,1.4703969280e+02
1.4539379201e+02,1.0000000000e+00,1.4539379201e+02
1.4045673652e+02,1.0000000000e+00,1.4045673652e+02
1.2608354357e+02,1.0000000000e+00,1.2608354357e+02
1.0787968772e+02,1.0000000000e+00,1.0787968772e+02
9.8607823085e+01,1.0000000000e+00,9.8607823085e+01
1.0633159467e+02,1.0000000000e+00,1.0633159467e+02
1.2689278900e+02,1.0000000000e+00,1.2689278900e+02
1.4658323796e+02,1.0000000000e+00,1.4658323796e+02
1.5209499629e+02,1.0000000000e+00,1.5209499629e+02
1.4022914369e+02,1.0000000000e+00,1.4022914369e+02
1.2113273579e+02,1.0000000000e+00,1.2113273579e+02
1.1206342583e+02,1.0000000000e+00,1.1206342583e+02
1.2416743071e+02,1.0000000000e+00,1.2416743071e+02
1.5162948189e+02,1.0000000000e+00,1.5162948189e+02
1.7366875531e+02,1.0000000000e+00,1.7366875531e+02
1.7028602851e+02,1.0000000000e+00,1.7028602851e+02
1.3849743898e+02,1.0000000000e+00,1.3849743898e+02
9.3381629230e+01,1.0000000000e+00,9.3381629230e+01
5.4323472685e+01,1.0000000000e+00,5.4323472685e+01
3.2462562143e+01,1.0000000000e+00,3.2462562143e+01
2.9692879619e+01,1.0000000000e+00,2.9692879619e+01
4.2980069483e+01,1.0000000000e+00,4.2980069483e+01
6.5601474758e+01,1.0000000000e+00,6.5601474758e+01
8.8015267151e+01,1.0000000000e+00,8.8015267151e+01
1.0345358276e+02,1.0000000000e+00,1.0345358276e+02
1.1300702533e+02,1.0000000000e+00,1.1300702533e+02
1.2134253162e+02,1.0000000000e+00,1.2134253162e+02
1.2727122248e+02,1.0000000000e+00,1.2727122248e+02
1.2350881679e+02,1.0000000000e+00,1.2350881679e+02
1.0780913191e+02,1.0000000000e+00,1.0780913191e+02
9.0242237521e+01,1.0000000000e+00,9.0242237521e+01
8.5908343047e+01,1.0000000000e+00,8.5908343047e+01
1.0116025183e+02,1.0000000000e+00,1.0116025183e+02
1.2776459503e+02,1.0000000000e+00,1.2776459503e+02
1.4930140887e+02,1.0000000000e+00,1.4930140887e+02
1.5299323109e+02,1.0000000000e+00,1.5299323109e+02
1.3736033924e+02,1.0000000000e+00,1.3736033924e+02
1.1164868228e+02,1.0000000000e+00,1.1164868228e+02
9.0682838611e+01,1.0000000000e+00,9.0682838611e+01
8.8906961376e+01,1.0000000000e+00,8.8906961376e+01
1.1306664927e+02,1.0000000000e+00,1.1306664927e+02
1.5648266218e+02,1.0000000000e+00,1.5648266218e+02
2.0241452004e+02,1.0000000000e+00,2.0241452004e+02
2.3511356774e+02,1.0000000000e+00,2.3511356774e+02
2.4696944884e+02,1.0000000000e+00,2.4696944884e+02
2.3686467694e+02,1.0000000000e+00,2.3686467694e+02
2.0718992852e+02,1.0000000000e+00,2.0718992852e+02
1.6600913446e+02,1.0000000000e+00,1.6600913446e+02
1.2970622248e+02,1.0000000000e+00,1.2970622248e+02
1.1671704245e+02,1.0000000000e+00,1.1671704245e+02
1.3379490119e+02,1.0000000000e+00,1.3379490119e+02
1.6953121661e+02,1.0000000000e+00,1.6953121661e+02
2.0394450494e+02,1.0000000000e+00,2.0394450494e+02
2.2374345762e+02,1.0000000000e+00,2.2374345762e+02
2.2767400731e+02,1.0000000000e+00,2.2767400731e+02
2.2058194061e+02,1.0000000000e+00,2.2058194061e+02
2.0708613265e+02,1.0000000000e+00,2.0708613265e+02
1.9168246744e+02,1.0000000000e+00,1.9168246744e+02
1.8071541814e+02,1.0000000000e+00,1.8071541814e+02
1.8000900297e+02,1.0000000000e+00,1.8000900297e+02
1.9055138525e+02,1.0000000000e+00,1.9055138525e+02
2.0770616559e+02,1.0000000000e+00,2.0770616559e+02
2.2337205171e+02,1.0000000000e+00,2.2337205171e+02
2.2838209562e+02,1.0000000000e+00,2.2838209562e+02
2.1610405605e+02,1.0000000000e+00,2.1610405605e+02
1.8773530095e+02,1.0000000000e+00,1.8773530095e+02
1.5519970749e+02,1.0000000000e+00,1.5519970749e+02
1.3653900362e+02,1.0000000000e+00,1.3653900362e+02
1.4392040997e+02,1.0000000000e+00,1.4392040997e+02
1.7231951518e+02,1.0000000000e+00,1.7231951518e+02
1.9986843613e+02,1.0000000000e+00,1.9986843613e+02
2.0238151000e+02,1.0000000000e+00,2.0238151000e+02
1.7093504186e+02,1.0000000000e+00,1.7093504186e+02
1.1764632157e+02,1.0000000000e+00,1.1764632157e+02
6.5416072883e+01,1.0000000000e+00,6.5416072883e+01
5.6070919614e+01,1.0000000000e+00,5.6070919614e+01
4.6725766345e+01,1.0000000000e+00,4.6725766345e+01
3.7380613076e+01,1.0000000000e+00,3.7380613076e+01
3.8669893960e+01,1.0000000000e+00,3.8669893960e+01
7.3392116183e+01,1.0000000000e+00,7.3392116183e+01
1.0416666667e+02,1.0000000000e+00,1.0416666667e+02
1.2500000000e+02,1.0000000000e+00,1.2500000000e+02
1.0416666667e+02,1.0000000000e+00,1.0416666667e+02
8.9285714286e+01,1.0000000000e+00,8.9285714286e+01
7.4404761905e+01,1.0000000000e+00,7.4404761905e+01
5.9523809524e+01,1.0000000000e+00,5.9523809524e+01
4.4642857143e+01,1.0000000000e+00,4.4642857143e+01
8.5669272086e+01,1.0000000000e+00,8.5669272086e+01
1.3323333705e+02,1.0000000000e+00,1.3323333705e+02
1.6472746875e+02,1.0000000000e+00,1.6472746875e+02
1.6700903289e+02,1.0000000000e+00,1.6700903289e+02
1.4325608260e+02,1.0000000000e+00,1.4325608260e+02
1.0759475781e+02,1.0000000000e+00,1.0759475781e+02
7.3803097202e+01,1.0000000000e+00,7.3803097202e+01
4.9727412457e+01,1.0000000000e+00,4.9727412457e+01
3.9005218936e+01,1.0000000000e+00,3.9005218936e+01
5.5526759537e+01,1.0000000000e+00,5.5526759537e+01
7.2977659330e+01,1.0000000000e+00,7.2977659330e+01
9.1357918314e+01,1.0000000000e+00,9.1357918314e+01
1.1191166087e+02,1.0000000000e+00,1.1191166087e+02
1.2500000000e+02,1.0000000000e+00,1.2500000000e+02
1.0416666667e+02,1.0000000000e+00,1.0416666667e+02
7.3763668408e+01,1.0000000000e+00,7.3763668408e+01
3.9122767059e+01,1.0000000000e+00,3.9122767059e+01
2.1569288738e+01,1.0000000000e+00,2.1569288738e+01
2.5585099155e+01,1.0000000000e+00,2.5585099155e+01
5.1474576651e+01,1.0000000000e+00,5.1474576651e+01
7.7914473042e+01,1.0000000000e+00,7.7914473042e+01
1.0490184007e+02,1.0000000000e+00,1.0490184007e+02
1.2500000000e+02,1.0000000000e+00,1.2500000000e+02
1.1068517764e+02,1.0000000000e+00,1.1068517764e+02
9.0717816654e+01,1.0000000000e+00,9.0717816654e+01
7.1992476283e+01,1.0000000000e+00,7.1992476283e+01
5.4228087041e+01,1.0000000000e+00,5.4228087041e+01
3.7424648929e+01,1.0000000000e+00,3.7424648929e+01
5.1776658485e+01,1.0000000000e+00,5.1776658485e+01
8.4231993283e+01,1.0000000000e+00,8.4231993283e+01
1.2143430139e+02,1.0000000000e+00,1.2143430139e+02
1.4284059119e+02,1.0000000000e+00,1.4284059119e+02
1.3429163763e+02,1.0000000000e+00,1.3429163763e+02
9.9305859764e+01,1.0000000000e+00,9.9305859764e+01
5.7100251909e+01,1.0000000000e+00,5.7100251909e+01
3.0354186137e+01,1.0000000000e+00,3.0354186137e+01
3.3045230181e+01,1.0000000000e+00,3.3045230181e+01
6.4137807315e+01,1.0000000000e+00,6.4137807315e+01
1.0845547623e+02,1.0000000000e+00,1.0845547623e+02
1.4477283035e+02,1.0000000000e+00,1.4477283035e+02
1.5692113951e+02,1.0000000000e+00,1.5692113951e+02
1.4054631659e+02,1.0000000000e+00,1.4054631659e+02
1.0277448780e+02,1.0000000000e+00,1.0277448780e+02
8.8092418111e+01,1.0000000000e+00,8.8092418111e+01
7.3410348426e+01,1.0000000000e+00,7.3410348426e+01
5.8728278741e+01,1.0000000000e+00,5.8728278741e+01
4.4046209055e+01,1.0000000000e+00,4.4046209055e+01
4.1622461805e+01,1.0000000000e+00,4.1622461805e+01
7.6229958373e+01,1.0000000000e+00,7.6229958373e+01
1.0416666667e+02,1.0000000000e+00,1.0416666667e+02
1.2500000000e+02,1.0000000000e+00,1.2500000000e+02
1.0416666667e+02,1.0000000000e+00,1.0416666667e+02
8.9285714286e+01,1.0000000000e+00,8.9285714286e+01
7.4404761905e+01,1.0000000000e+00,7.4404761905e+01
5.9523809524e+01,1.0000000000e+00,5.9523809524e+01
4.4642857143e+01,1.0000000000e+00,4.4642857143e+01
3.6356230646e+01,1.0000000000e+00,3.6356230646e+01
8.0321833691e+01,1.0000000000e+00,8.0321833691e+01
1.2325046865e+02,1.0000000000e+00,1.2325046865e+02
1.4575696541e+02,1.0000000000e+00,1.4575696541e+02
1.3902961006e+02,1.0000000000e+00,1.3902961006e+02
1.1130014160e+02,1.0000000000e+00,1.1130014160e+02
8.0293610528e+01,1.0000000000e+00,8.0293610528e+01
5.9240993843e+01,1.0000000000e+00,5.9240993843e+01
5.0753115236e+01,1.0000000000e+00,5.0753115236e+01
5.1488964064e+01,1.0000000000e+00,5.1488964064e+01
5.8467951858e+01,1.0000000000e+00,5.8467951858e+01
6.9679622679e+01,1.0000000000e+00,6.9679622679e+01
8.0765296065e+01,1.0000000000e+00,8.0765296065e+01
8.4131525152e+01,1.0000000000e+00,8.4131525152e+01
7.3658754355e+01,1.0000000000e+00,7.3658754355e+01
5.1252543820e+01,1.0000000000e+00,5.1252543820e+01
2.8462909087e+01,1.0000000000e+00,2.8462909087e+01
2.2562339186e+01,1.0000000000e+00,2.2562339186e+01
3.9224108470e+01,1.0000000000e+00,3.9224108470e+01
8.1371127210e+01,1.0000000000e+00,8.1371127210e+01
1.3107254294e+02,1.0000000000e+00,1.3107254294e+02
1.6574988638e+02,1.0000000000e+00,1.6574988638e+02
1.7057575236e+02,1.0000000000e+00,1.7057575236e+02
1.4712750486e+02,1.0000000000e+00,1.4712750486e+02
1.0972846132e+02,1.0000000000e+00,1.0972846132e+02
7.5082497264e+01,1.0000000000e+00,7.5082497264e+01
5.4629483768e+01,1.0000000000e+00,5.4629483768e+01
5.2607875754e+01,1.0000000000e+00,5.2607875754e+01
6.7028894199e+01,1.0000000000e+00,6.7028894199e+01
9.0931855427e+01,1.0000000000e+00,9.0931855427e+01
1.1399282559e+02,1.0000000000e+00,1.1399282559e+02
1.2553773586e+02,1.0000000000e+00,1.2553773586e+02
1.1901944923e+02,1.0000000000e+00,1.1901944923e+02
9.5893867301e+01,1.0000000000e+00,9.5893867301e+01
6.5507837237e+01,1.0000000000e+00,6.5507837237e+01
4.0493775259e+01,1.0000000000e+00,4.0493775259e+01
3.1275664254e+01,1.0000000000e+00,3.1275664254e+01
4.2524007375e+01,1.0000000000e+00,4.2524007375e+01
7.1141989747e+01,1.0000000000e+00,7.1141989747e+01
1.0556904151e+02,1.0000000000e+00,1.0556904151e+02
1.2924902818e+02,1.0000000000e+00,1.2924902818e+02
1.2992315772e+02,1.0000000000e+00,1.2992315772e+02
1.0828950183e+02,1.0000000000e+00,1.0828950183e+02
7.6786106713e+01,1.0000000000e+00,7.6786106713e+01
5.0035859860e+01,1.0000000000e+00,5.0035859860e+01
3.7409385900e+01,1.0000000000e+00,3.7409385900e+01
4.2417953147e+01,1.0000000000e+00,4.2417953147e+01
6.4410735242e+01,1.0000000000e+00,6.4410735242e+01
9.8069906932e+01,1.0000000000e+00,9.8069906932e+01
1.3236510382e+02,1.0000000000e+00,1.3236510382e+02
1.5365502002e+02,1.0000000000e+00,1.5365502002e+02
1.5369892445e+02,1.0000000000e+00,1.5369892445e+02
1.3636597889e+02,1.0000000000e+00,1.3636597889e+02
1.1542204449e+02,1.0000000000e+00,1.1542204449e+02
1.0426965460e+02,1.0000000000e+00,1.0426965460e+02
1.0765142888e+02,1.0000000000e+00,1.0765142888e+02
1.2211187480e+02,1.0000000000e+00,1.2211187480e+02
1.4098901627e+02,1.0000000000e+00,1.4098901627e+02
1.5743314843e+02,1.0000000000e+00,1.5743314843e+02
1.6627420740e+02,1.0000000000e+00,1.6627420740e+02
1.6732962829e+02,1.0000000000e+00,1.6732962829e+02
1.6591336323e+02,1.0000000000e+00,1.6591336323e+02
1.6599779768e+02,1.0000000000e+00,1.6599779768e+02
1.6319273135e+02,1.0000000000e+00,1.6319273135e+02
1.4922665784e+02,1.0000000000e+00,1.4922665784e+02
1.2438987426e+02,1.0000000000e+00,1.2438987426e+02
1.0131717213e+02,1.0000000000e+00,1.0131717213e+02
9.3948157591e+01,1.0000000000e+00,9.3948157591e+01
1.0358525326e+02,1.0000000000e+00,1.0358525326e+02
1.1628593443e+02,1.0000000000e+00,1.1628593443e+02
1.1407453083e+02,1.0000000000e+00,1.1407453083e+02
9.0122574508e+01,1.0000000000e+00,9.0122574508e+01
5.5112719871e+01,1.0000000000e+00,5.5112719871e+01
3.0207774151e+01,1.0000000000e+00,3.0207774151e+01
3.2625298903e+01,1.0000000000e+00,3.2625298903e+01
6.3883245962e+01,1.0000000000e+00,6.3883245962e+01
1.0811775824e+02,1.0000000000e+00,1.0811775824e+02
1.4179198389e+02,1.0000000000e+00,1.4179198389e+02
1.4854396432e+02,1.0000000000e+00,1.4854396432e+02
1.2823690653e+02,1.0000000000e+00,1.2823690653e+02
9.3722689339e+01,1.0000000000e+00,9.3722689339e+01
5.9889564258e+01,1.0000000000e+00,5.9889564258e+01
5.1333912221e+01,1.0000000000e+00,5.1333912221e+01
4.2778260185e+01,1.0000000000e+00,4.2778260185e+01
3.4222608148e+01,1.0000000000e+00,3.4222608148e+01
3.8669893960e+01,1.0000000000e+00,3.8669893960e+01
7.3392116183e+01,1.0000000000e+00,7.3392116183e+01
1.0416666667e+02,1.0000000000e+00,1.0416666667e+02
1.2500000000e+02,1.0000000000e+00,1.2500000000e+02
1.0416666667e+02,1.0000000000e+00,1.0416666667e+02
8.9285714286e+01,1.0000000000e+00,8.9285714286e+01
7.4404761905e+01,1.0000000000e+00,7.4404761905e+01
5.9523809524e+01,1.0000000000e+00,5.9523809524e+01
4.4642857143e+01,1.0000000000e+00,4.4642857143e+01
8.5257688185e+01,1.0000000000e+00,8.5257688185e+01
1.3821446867e+02,1.0000000000e+00,1.3821446867e+02
1.7249771102e+02,1.0000000000e+00,1.7249771102e+02
1.7179827992e+02,1.0000000000e+00,1.7179827992e+02
1.3962578839e+02,1.0000000000e+00,1.3962578839e+02
9.3923738097e+01,1.0000000000e+00,9.3923738097e+01
5.4151503460e+01,1.0000000000e+00,5.4151503460e+01
3.4017076741e+01,1.0000000000e+00,3.4017076741e+01
4.0150489998e+01,1.0000000000e+00,4.0150489998e+01
7.0054094948e+01,1.0000000000e+00,7.0054094948e+01
1.1045916328e+02,1.0000000000e+00,1.1045916328e+02
1.4227231159e+02,1.0000000000e+00,1.4227231159e+02
1.5082846444e+02,1.0000000000e+00,1.5082846444e+02
1.3301301486e+02,1.0000000000e+00,1.3301301486e+02
9.6808788732e+01,1.0000000000e+00,9.6808788732e+01
5.6183828150e+01,1.0000000000e+00,5.6183828150e+01
2.5553847135e+01,1.0000000000e+00,2.5553847135e+01
1.8467644944e+01,1.0000000000e+00,1.8467644944e+01
2.9849087699e+01,1.0000000000e+00,2.9849087699e+01
6.3876728721e+01,1.0000000000e+00,6.3876728721e+01
1.0507966779e+02,1.0000000000e+00,1.0507966779e+02
1.3717358456e+02,1.0000000000e+00,1.3717358456e+02
1.4688101991e+02,1.0000000000e+00,1.4688101991e+02
1.3031707421e+02,1.0000000000e+00,1.3031707421e+02
9.5205035024e+01,1.0000000000e+00,9.5205035024e+01
5.7316546086e+01,1.0000000000e+00,5.7316546086e+01
3.3426798800e+01,1.0000000000e+00,3.3426798800e+01
3.4554319825e+01,1.0000000000e+00,3.4554319825e+01
6.1123106049e+01,1.0000000000e+00,6.1123106049e+01
1.0115053472e+02,1.0000000000e+00,1.0115053472e+02
1.3439475571e+02,1.0000000000e+00,1.3439475571e+02
1.4272114407e+02,1.0000000000e+00,1.4272114407e+02
1.2056708308e+02,1.0000000000e+00,1.2056708308e+02
7.8290426143e+01,1.0000000000e+00,7.8290426143e+01
3.6742969807e+01,1.0000000000e+00,3.6742969807e+01
2.3007036444e+01,1.0000000000e+00,2.3007036444e+01
3.2278139526e+01,1.0000000000e+00,3.2278139526e+01
7.9167011475e+01,1.0000000000e+00,7.9167011475e+01
1.3930599517e+02,1.0000000000e+00,1.3930599517e+02
1.8595144125e+02,1.0000000000e+00,1.8595144125e+02
1.9862661844e+02,1.0000000000e+00,1.9862661844e+02
1.7400813509e+02,1.0000000000e+00,1.7400813509e+02
1.2523170438e+02,1.0000000000e+00,1.2523170438e+02
7.2247784463e+01,1.0000000000e+00,7.2247784463e+01
3.2625734685e+01,1.0000000000e+00,3.2625734685e+01
2.1207344143e+01,1.0000000000e+00,2.1207344143e+01
3.0996297743e+01,1.0000000000e+00,3.0996297743e+01
6.6256668532e+01,1.0000000000e+00,6.6256668532e+01
1.0766892829e+02,1.0000000000e+00,1.0766892829e+02
1.3619324650e+02,1.0000000000e+00,1.3619324650e+02
1.3914902490e+02,1.0000000000e+00,1.3914902490e+02
1.1582944001e+02,1.0000000000e+00,1.1582944001e+02
7.6364078938e+01,1.0000000000e+00,7.6364078938e+01
6.5454924804e+01,1.0000000000e+00,6.5454924804e+01
5.4545770670e+01,1.0000000000e+00,5.4545770670e+01
4.3636616536e+01,1.0000000000e+00,4.3636616536e+01
5.6766605541e+01,1.0000000000e+00,5.6766605541e+01
1.0559783170e+02,1.0000000000e+00,1.0559783170e+02
1.4608229006e+02,1.0000000000e+00,1.4608229006e+02
1.6091749223e+02,1.0000000000e+00,1.6091749223e+02
1.4856447775e+02,1.0000000000e+00,1.4856447775e+02
1.2261227140e+02,1.0000000000e+00,1.2261227140e+02
1.0021300535e+02,1.0000000000e+00,1.0021300535e+02
8.9738459643e+01,1.0000000000e+00,8.9738459643e+01
8.7594441070e+01,1.0000000000e+00,8.7594441070e+01
8.5521927738e+01,1.0000000000e+00,8.5521927738e+01
7.9940328623e+01,1.0000000000e+00,7.9940328623e+01
7.3487092959e+01,1.0000000000e+00,7.3487092959e+01
6.8850017915e+01,1.0000000000e+00,6.8850017915e+01
6.3897518493e+01,1.0000000000e+00,6.3897518493e+01
5.3754412770e+01,1.0000000000e+00,5.3754412770e+01
4.6075210946e+01,1.0000000000e+00,4.6075210946e+01
3.8396009121e+01,1.0000000000e+00,3.8396009121e+01
3.0716807297e+01,1.0000000000e+00,3.0716807297e+01
3.5865575108e+01,1.0000000000e+00,3.5865575108e+01
8.3718281049e+01,1.0000000000e+00,8.3718281049e+01
1.4393935670e+02,1.0000000000e+00,1.4393935670e+02
1.9133786016e+02,1.0000000000e+00,1.9133786016e+02
2.0559908626e+02,1.0000000000e+00,2.0559908626e+02
1.8345413279e+02,1.0000000000e+00,1.8345413279e+02
1.3875101439e+02,1.0000000000e+00,1.3875101439e+02
9.3211068163e+01,1.0000000000e+00,9.3211068163e+01
6.5951961062e+01,1.0000000000e+00,6.5951961062e+01
6.6562415826e+01,1.0000000000e+00,6.6562415826e+01
9.2355217418e+01,1.0000000000e+00,9.2355217418e+01
1.2980508527e+02,1.0000000000e+00,1.2980508527e+02
1.6041314311e+02,1.0000000000e+00,1.6041314311e+02
1.6889236231e+02,1.0000000000e+00,1.6889236231e+02
1.4984154738e+02,1.0000000000e+00,1.4984154738e+02
1.1017630716e+02,1.0000000000e+00,1.1017630716e+02
6.5730564335e+01,1.0000000000e+00,6.5730564335e+01
3.3405460257e+01,1.0000000000e+00,3.3405460257e+01
2.4831033983e+01,1.0000000000e+00,2.4831033983e+01
4.1087641691e+01,1.0000000000e+00,4.1087641691e+01
7.7089650704e+01,1.0000000000e+00,7.7089650704e+01
1.1680008547e+02,1.0000000000e+00,1.1680008547e+02
1.4155148654e+02,1.0000000000e+00,1.4155148654e+02
1.4072853098e+02,1.0000000000e+00,1.4072853098e+02
1.1868534351e+02,1.0000000000e+00,1.1868534351e+02
8.9273210402e+01,1.0000000000e+00,8.9273210402e+01
6.4478435894e+01,1.0000000000e+00,6.4478435894e+01
4.9674173152e+01,1.0000000000e+00,4.9674173152e+01
4.6883894300e+01,1.0000000000e+00,4.6883894300e+01
5.7381103126e+01,1.0000000000e+00,5.7381103126e+01
7.8923244545e+01,1.0000000000e+00,7.8923244545e+01
1.0254577027e+02,1.0000000000e+00,1.0254577027e+02
1.1619178337e+02,1.0000000000e+00,1.1619178337e+02
1.1425831135e+02,1.0000000000e+00,1.1425831135e+02
1.0283211447e+02,1.0000000000e+00,1.0283211447e+02
9.3972533539e+01,1.0000000000e+00,9.3972533539e+01
9.6081273717e+01,1.0000000000e+00,9.6081273717e+01
1.1082456289e+02,1.0000000000e+00,1.1082456289e+02
1.3529620711e+02,1.0000000000e+00,1.3529620711e+02
1.6220850424e+02,1.0000000000e+00,1.6220850424e+02
1.8023462783e+02,1.0000000000e+00,1.8023462783e+02
1.8095112939e+02,1.0000000000e+00,1.8095112939e+02
1.6782249779e+02,1.0000000000e+00,1.6782249779e+02
1.5530975822e+02,1.0000000000e+00,1.5530975822e+02
1.5569163997e+02,1.0000000000e+00,1.5569163997e+02
1.6644166891e+02,1.0000000000e+00,1.6644166891e+02
1.7283370409e+02,1.0000000000e+00,1.7283370409e+02
1.6348953549e+02,1.0000000000e+00,1.6348953549e+02
1.4111672712e+02,1.0000000000e+00,1.4111672712e+02
1.1754530785e+02,1.0000000000e+00,1.1754530785e+02
1.0099470068e+02,1.0000000000e+00,1.0099470068e+02
8.9957288940e+01,1.0000000000e+00,8.9957288940e+01
7.7739347116e+01,1.0000000000e+00,7.7739347116e+01
6.0484205042e+01,1.0000000000e+00,6.0484205042e+01
4.1236358930e+01,1.0000000000e+00,4.1236358930e+01
2.8511361058e+01,1.0000000000e+00,2.8511361058e+01
3.1463432221e+01,1.0000000000e+00,3.1463432221e+01
5.4101315402e+01,1.0000000000e+00,5.4101315402e+01
9.1002636571e+01,1.0000000000e+00,9.1002636571e+01
1.2758245366e+02,1.0000000000e+00,1.2758245366e+02
1.4670763549e+02,1.0000000000e+00,1.4670763549e+02
1.3888969752e+02,1.0000000000e+00,1.3888969752e+02
1.0863746404e+02,1.0000000000e+00,1.0863746404e+02
7.0804463583e+01,1.0000000000e+00,7.0804463583e+01
6.0689540214e+01,1.0000000000e+00,6.0689540214e+01
5.0574616845e+01,1.0000000000e+00,5.0574616845e+01
4.0459693476e+01,1.0000000000e+00,4.0459693476e+01
4.0725372676e+01,1.0000000000e+00,4.0725372676e+01
6.1088059013e+01,1.0000000000e+00,6.1088059013e+01
1.0416666667e+02,1.0000000000e+00,1.0416666667e+02
1.2500000000e+02,1.0000000000e+00,1.2500000000e+02
1.0416666667e+02,1.0000000000e+00,1.0416666667e+02
7.3392116183e+01,1.0000000000e+00,7.3392116183e+01
3.8669893960e+01,1.0000000000e+00,3.8669893960e+01
2.5717510409e+01,1.0000000000e+00,2.5717510409e+01
3.8482637267e+01,1.0000000000e+00,3.8482637267e+01
8.0639379480e+01,1.0000000000e+00,8.0639379480e+01
1.3329774167e+02,1.0000000000e+00,1.3329774167e+02
1.7166594853e+02,1.0000000000e+00,1.7166594853e+02
1.7632946648e+02,1.0000000000e+00,1.7632946648e+02
1.4710701226e+02,1.0000000000e+00,1.4710701226e+02
1.0241431265e+02,1.0000000000e+00,1.0241431265e+02
6.5657657242e+01,1.0000000000e+00,6.5657657242e+01
5.1976555150e+01,1.0000000000e+00,5.1976555150e+01
6.3700018989e+01,1.0000000000e+00,6.3700018989e+01
9.2434621925e+01,1.0000000000e+00,9.2434621925e+01
1.2389989396e+02,1.0000000000e+00,1.2389989396e+02
1.4408693575e+02,1.0000000000e+00,1.4408693575e+02
1.4456507643e+02,1.0000000000e+00,1.4456507643e+02
1.2473362795e+02,1.0000000000e+00,1.2473362795e+02
9.1399395385e+01,1.0000000000e+00,9.1399395385e+01
5.6243859199e+01,1.0000000000e+00,5.6243859199e+01
3.1046377481e+01,1.0000000000e+00,3.1046377481e+01
2.3185492830e+01,1.0000000000e+00,2.3185492830e+01
3.8510101010e+01,1.0000000000e+00,3.8510101010e+01
7.3232323232e+01,1.0000000000e+00,7.3232323232e+01
1.0416666667e+02,1.0000000000e+00,1.0416666667e+02
1.2500000000e+02,1.0000000000e+00,1.2500000000e+02
1.0416666667e+02,1.0000000000e+00,1.0416666667e+02
7.3232323232e+01,1.0000000000e+00,7.3232323232e+01
6.2770562771e+01,1.0000000000e+00,6.2770562771e+01
5.2308802309e+01,1.0000000000e+00,5.2308802309e+01
4.1847041847e+01,1.0000000000e+00,4.1847041847e+01
3.1385281385e+01,1.0000000000e+00,3.1385281385e+01
3.8752300041e+01,1.0000000000e+00,3.8752300041e+01
7.9352668371e+01,1.0000000000e+00,7.9352668371e+01
1.2217415419e+02,1.0000000000e+00,1.2217415419e+02
1.4564910045e+02,1.0000000000e+00,1.4564910045e+02
1.3549973726e+02,1.0000000000e+00,1.3549973726e+02
9.6373351894e+01,1.0000000000e+00,9.6373351894e+01
5.0517096190e+01,1.0000000000e+00,5.0517096190e+01
2.5059315853e+01,1.0000000000e+00,2.5059315853e+01
3.7356813438e+01,1.0000000000e+00,3.7356813438e+01
8.5273554094e+01,1.0000000000e+00,8.5273554094e+01
1.4653282170e+02,1.0000000000e+00,1.4653282170e+02
1.9033325886e+02,1.0000000000e+00,1.9033325886e+02
1.9632504176e+02,1.0000000000e+00,1.9632504176e+02
1.6657405450e+02,1.0000000000e+00,1.6657405450e+02
1.2089216664e+02,1.0000000000e+00,1.2089216664e+02
8.1302777542e+01,1.0000000000e+00,8.1302777542e+01
5.9525426430e+01,1.0000000000e+00,5.9525426430e+01
5.5553042607e+01,1.0000000000e+00,5.5553042607e+01
6.8483955598e+01,1.0000000000e+00,6.8483955598e+01
8.2439670677e+01,1.0000000000e+00,8.2439670677e+01
9.8827004161e+01,1.0000000000e+00,9.8827004161e+01
1.1342550710e+02,1.0000000000e+00,1.1342550710e+02
1.2500000000e+02,1.0000000000e+00,1.2500000000e+02
1.0416666667e+02,1.0000000000e+00,1.0416666667e+02
7.4010503486e+01,1.0000000000e+00,7.4010503486e+01
6.3437574417e+01,1.0000000000e+00,6.3437574417e+01
5.2864645347e+01,1.0000000000e+00,5.2864645347e+01
4.2291716278e+01,1.0000000000e+00,4.2291716278e+01
5.9054157238e+01,1.0000000000e+00,5.9054157238e+01
1.1150355945e+02,1.0000000000e+00,1.1150355945e+02
1.5330665992e+02,1.0000000000e+00,1.5330665992e+02
1.6522494834e+02,1.0000000000e+00,1.6522494834e+02
1.4506760535e+02,1.0000000000e+00,1.4506760535e+02
1.0743793467e+02,1.0000000000e+00,1.0743793467e+02
7.2043573417e+01,1.0000000000e+00,7.2043573417e+01
5.0931112214e+01,1.0000000000e+00,5.0931112214e+01
4.4425923261e+01,1.0000000000e+00,4.4425923261e+01
4.6631917294e+01,1.0000000000e+00,4.6631917294e+01
5.2573707578e+01,1.0000000000e+00,5.2573707578e+01
5.9431555880e+01,1.0000000000e+00,5.9431555880e+01
6.3469738617e+01,1.0000000000e+00,6.3469738617e+01
5.9698009573e+01,1.0000000000e+00,5.9698009573e+01
4.5926335366e+01,1.0000000000e+00,4.5926335366e+01
3.9365430314e+01,1.0000000000e+00,3.9365430314e+01
3.2804525261e+01,1.0000000000e+00,3.2804525261e+01
2.8004188273e+01,1.0000000000e+00,2.8004188273e+01
4.2006282409e+01,1.0000000000e+00,4.2006282409e+01
9.2230693622e+01,1.0000000000e+00,9.2230693622e+01
1.4677442195e+02,1.0000000000e+00,1.4677442195e+02
1.8257895238e+02,1.0000000000e+00,1.8257895238e+02
1.8522339291e+02,1.0000000000e+00,1.8522339291e+02
1.5625478297e+02,1.0000000000e+00,1.5625478297e+02
1.0980162098e+02,1.0000000000e+00,1.0980162098e+02
6.4386916720e+01,1.0000000000e+00,6.4386916720e+01
3.6292027151e+01,1.0000000000e+00,3.6292027151e+01
3.5257599155e+01,1.0000000000e+00,3.5257599155e+01
6.0813312039e+01,1.0000000000e+00,6.0813312039e+01
1.0077966265e+02,1.0000000000e+00,1.0077966265e+02
1.3578684128e+02,1.0000000000e+00,1.3578684128e+02
1.4905650036e+02,1.0000000000e+00,1.4905650036e+02
1.3511224492e+02,1.0000000000e+00,1.3511224492e+02
1.0181473107e+02,1.0000000000e+00,1.0181473107e+02
6.4850351291e+01,1.0000000000e+00,6.4850351291e+01
3.8785657375e+01,1.0000000000e+00,3.8785657375e+01
3.1087421127e+01,1.0000000000e+00,3.1087421127e+01
5.9569997073e+01,1.0000000000e+00,5.9569997073e+01
8.5656824538e+01,1.0000000000e+00,8.5656824538e+01
1.0934790352e+02,1.0000000000e+00,1.0934790352e+02
1.2500000000e+02,1.0000000000e+00,1.2500000000e+02
1.0416666667e+02,1.0000000000e+00,1.0416666667e+02
7.3682410474e+01,1.0000000000e+00,7.3682410474e+01
6.3156351835e+01,1.0000000000e+00,6.3156351835e+01
5.2630293196e+01,1.0000000000e+00,5.2630293196e+01
4.2104234557e+01,1.0000000000e+00,4.2104234557e+01
3.8355162378e+01,1.0000000000e+00,3.8355162378e+01
5.7532743568e+01,1.0000000000e+00,5.7532743568e+01
1.0598229754e+02,1.0000000000e+00,1.0598229754e+02
1.4396933702e+02,1.0000000000e+00,1.4396933702e+02
1.5445410845e+02,1.0000000000e+00,1.5445410845e+02
1.3751199104e+02,1.0000000000e+00,1.3751199104e+02
1.1011492024e+02,1.0000000000e+00,1.1011492024e+02
9.2314706645e+01,1.0000000000e+00,9.2314706645e+01
9.3710229719e+01,1.0000000000e+00,9.3710229719e+01
1.1163485214e+02,1.0000000000e+00,1.1163485214e+02
1.3817446911e+02,1.0000000000e+00,1.3817446911e+02
1.6571764469e+02,1.0000000000e+00,1.6571764469e+02
1.8755948820e+02,1.0000000000e+00,1.8755948820e+02
1.9854958626e+02,1.0000000000e+00,1.9854958626e+02
1.9838626958e+02,1.0000000000e+00,1.9838626958e+02
1.9258888325e+02,1.0000000000e+00,1.9258888325e+02
1.8661620075e+02,1.0000000000e+00,1.8661620075e+02
1.7867108248e+02,1.0000000000e+00,1.7867108248e+02
1.6201528800e+02,1.0000000000e+00,1.6201528800e+02
1.3593428207e+02,1.0000000000e+00,1.3593428207e+02
1.1057436995e+02,1.0000000000e+00,1.1057436995e+02
9.7771433786e+01,1.0000000000e+00,9.7771433786e+01
9.8551805201e+01,1.0000000000e+00,9.8551805201e+01
1.0162141547e+02,1.0000000000e+00,1.0162141547e+02
9.3715190147e+01,1.0000000000e+00,9.3715190147e+01
7.1179728640e+01,1.0000000000e+00,7.1179728640e+01
4.3647368829e+01,1.0000000000e+00,4.3647368829e+01
2.8863257128e+01,1.0000000000e+00,2.8863257128e+01
4.2387238851e+01,1.0000000000e+00,4.2387238851e+01
8.6613199528e+01,1.0000000000e+00,8.6613199528e+01
1.4538418759e+02,1.0000000000e+00,1.4538418759e+02
1.9066593196e+02,1.0000000000e+00,1.9066593196e+02
1.9941011195e+02,1.0000000000e+00,1.9941011195e+02
1.6806824636e+02,1.0000000000e+00,1.6806824636e+02
1.1325104879e+02,1.0000000000e+00,1.1325104879e+02
9.7072327533e+01,1.0000000000e+00,9.7072327533e+01
8.0893606277e+01,1.0000000000e+00,8.0893606277e+01
6.4714885022e+01,1.0000000000e+00,6.4714885022e+01
4.8536163766e+01,1.0000000000e+00,4.8536163766e+01
3.8510101010e+01,1.0000000000e+00,3.8510101010e+01
7.3232323232e+01,1.0000000000e+00,7.3232323232e+01
1.0416666667e+02,1.0000000000e+00,1.0416666667e+02
1.2500000000e+02,1.0000000000e+00,1.2500000000e+02
1.0416666667e+02,1.0000000000e+00,1.0416666667e+02
7.3232323232e+01,1.0000000000e+00,7.3232323232e+01
3.8510101010e+01,1.0000000000e+00,3.8510101010e+01
2.6851880437e+01,1.0000000000e+00,2.6851880437e+01
4.2045540300e+01,1.0000000000e+00,4.2045540300e+01
8.8932355181e+01,1.0000000000e+00,8.8932355181e+01
1.4220041313e+02,1.0000000000e+00,1.4220041313e+02
1.7699841395e+02,1.0000000000e+00,1.7699841395e+02
1.7825539980e+02,1.0000000000e+00,1.7825539980e+02
1.4996908597e+02,1.0000000000e+00,1.4996908597e+02
1.0908705184e+02,1.0000000000e+00,1.0908705184e+02
7.2662443043e+01,1.0000000000e+00,7.2662443043e+01
5.1424509329e+01,1.0000000000e+00,5.1424509329e+01
5.0837328237e+01,1.0000000000e+00,5.0837328237e+01
7.1994651641e+01,1.0000000000e+00,7.1994651641e+01
1.0919476136e+02,1.0000000000e+00,1.0919476136e+02
1.4842743141e+02,1.0000000000e+00,1.4842743141e+02
1.7147695594e+02,1.0000000000e+00,1.7147695594e+02
1.6536881124e+02,1.0000000000e+00,1.6536881124e+02
1.3108632409e+02,1.0000000000e+00,1.3108632409e+02
8.3865855077e+01,1.0000000000e+00,8.3865855077e+01
4.4066579779e+01,1.0000000000e+00,4.4066579779e+01
2.6142420532e+01,1.0000000000e+00,2.6142420532e+01
4.5454993960e+01,1.0000000000e+00,4.5454993960e+01
6.5622737807e+01,1.0000000000e+00,6.5622737807e+01
8.7613748414e+01,1.0000000000e+00,8.7613748414e+01
1.0933920680e+02,1.0000000000e+00,1.0933920680e+02
1.2500000000e+02,1.0000000000e+00,1.2500000000e+02
1.0416666667e+02,1.0000000000e+00,1.0416666667e+02
7.4890724940e+01,1.0000000000e+00,7.4890724940e+01
6.4192049949e+01,1.0000000000e+00,6.4192049949e+01
5.3493374957e+01,1.0000000000e+00,5.3493374957e+01
4.2794699966e+01,1.0000000000e+00,4.2794699966e+01
3.7632703892e+01,1.0000000000e+00,3.7632703892e+01
7.9757085388e+01,1.0000000000e+00,7.9757085388e+01
1.2684250951e+02,1.0000000000e+00,1.2684250951e+02
1.5576457794e+02,1.0000000000e+00,1.5576457794e+02
1.5024637779e+02,1.0000000000e+00,1.5024637779e+02
1.1268376940e+02,1.0000000000e+00,1.1268376940e+02
6.3696985551e+01,1.0000000000e+00,6.3696985551e+01
2.9490489258e+01,1.0000000000e+00,2.9490489258e+01
2.7167624113e+01,1.0000000000e+00,2.7167624113e+01
5.6965832854e+01,1.0000000000e+00,5.6965832854e+01
1.0353076749e+02,1.0000000000e+00,1.0353076749e+02
1.4462976781e+02,1.0000000000e+00,1.4462976781e+02
1.6299543927e+02,1.0000000000e+00,1.6299543927e+02
1.5392947968e+02,1.0000000000e+00,1.5392947968e+02
1.2405306509e+02,1.0000000000e+00,1.2405306509e+02
8.4792805273e+01,1.0000000000e+00,8.4792805273e+01
7.2679547377e+01,1.0000000000e+00,7.2679547377e+01
6.0566289481e+01,1.0000000000e+00,6.0566289481e+01
4.8453031585e+01,1.0000000000e+00,4.8453031585e+01
4.0607841616e+01,1.0000000000e+00,4.0607841616e+01
8.0011562375e+01,1.0000000000e+00,8.0011562375e+01
1.2171790905e+02,1.0000000000e+00,1.2171790905e+02
1.4535016973e+02,1.0000000000e+00,1.4535016973e+02
1.3771223626e+02,1.0000000000e+00,1.3771223626e+02
1.0178464970e+02,1.0000000000e+00,1.0178464970e+02
5.6401364494e+01,1.0000000000e+00,5.6401364494e+01
2.6652668514e+01,1.0000000000e+00,2.6652668514e+01
3.0785633161e+01,1.0000000000e+00,3.0785633161e+01
7.0374426405e+01,1.0000000000e+00,7.0374426405e+01
1.2876844678e+02,1.0000000000e+00,1.2876844678e+02
1.7954353904e+02,1.0000000000e+00,1.7954353904e+02
2.0092161998e+02,1.0000000000e+00,2.0092161998e+02
1.8718082637e+02,1.0000000000e+00,1.8718082637e+02
1.4965314156e+02,1.0000000000e+00,1.4965314156e+02
1.0737314877e+02,1.0000000000e+00,1.0737314877e+02
7.5114161001e+01,1.0000000000e+00,7.5114161001e+01
5.8153576991e+01,1.0000000000e+00,5.8153576991e+01
5.5732876836e+01,1.0000000000e+00,5.5732876836e+01
7.6669222241e+01,1.0000000000e+00,7.6669222241e+01
9.5910089787e+01,1.0000000000e+00,9.5910089787e+01
1.1345547947e+02,1.0000000000e+00,1.1345547947e+02
1.2500000000e+02,1.0000000000e+00,1.2500000000e+02
1.0881023978e+02,1.0000000000e+00,1.0881023978e+02
8.5174424713e+01,1.0000000000e+00,8.5174424713e+01
5.8191491009e+01,1.0000000000e+00,5.8191491009e+01
2.7861438665e+01,1.0000000000e+00,2.7861438665e+01
4.8953220208e+01,1.0000000000e+00,4.8953220208e+01
9.6182773168e+01,1.0000000000e+00,9.6182773168e+01
1.5107609453e+02,1.0000000000e+00,1.5107609453e+02
1.9093191538e+02,1.0000000000e+00,1.9093191538e+02
2.0147392329e+02,1.0000000000e+00,2.0147392329e+02
1.8230963494e+02,1.0000000000e+00,1.8230963494e+02
1.4407982269e+02,1.0000000000e+00,1.4407982269e+02
1.0293666248e+02,1.0000000000e+00,1.0293666248e+02
7.4828113066e+01,1.0000000000e+00,7.4828113066e+01
6.9214838490e+01,1.0000000000e+00,6.9214838490e+01
8.4821088305e+01,1.0000000000e+00,8.4821088305e+01
1.1070647998e+02,1.0000000000e+00,1.1070647998e+02
1.3202712461e+02,1.0000000000e+00,1.3202712461e+02
1.3702196234e+02,1.0000000000e+00,1.3702196234e+02
1.2180925239e+02,1.0000000000e+00,1.2180925239e+02
9.1182794933e+01,1.0000000000e+00,9.1182794933e+01
5.5679234361e+01,1.0000000000e+00,5.5679234361e+01
4.7725058024e+01,1.0000000000e+00,4.7725058024e+01
3.9770881686e+01,1.0000000000e+00,3.9770881686e+01
3.1816705349e+01,1.0000000000e+00,3.1816705349e+01
4.4143585225e+01,1.0000000000e+00,4.4143585225e+01
7.7726935317e+01,1.0000000000e+00,7.7726935317e+01
1.0781693097e+02,1.0000000000e+00,1.0781693097e+02
1.2500000000e+02,1.0000000000e+00,1.2500000000e+02
1.1799557716e+02,1.0000000000e+00,1.1799557716e+02
9.7751220919e+01,1.0000000000e+00,9.7751220919e+01
7.3513446569e+01,1.0000000000e+00,7.3513446569e+01
5.6260461924e+01,1.0000000000e+00,5.6260461924e+01
3.9942240933e+01,1.0000000000e+00,3.9942240933e+01
5.1135662063e+01,1.0000000000e+00,5.1135662063e+01
7.9851323249e+01,1.0000000000e+00,7.9851323249e+01
1.1270462835e+02,1.0000000000e+00,1.1270462835e+02
1.3241564512e+02,1.0000000000e+00,1.3241564512e+02
1.3144220493e+02,1.0000000000e+00,1.3144220493e+02
1.1805441671e+02,1.0000000000e+00,1.1805441671e+02
1.0671076651e+02,1.0000000000e+00,1.0671076651e+02
1.0350838102e+02,1.0000000000e+00,1.0350838102e+02
1.0387859929e+02,1.0000000000e+00,1.0387859929e+02
1.0304918981e+02,1.0000000000e+00,1.0304918981e+02
1.0318091954e+02,1.0000000000e+00,1.0318091954e+02
1.0861652309e+02,1.0000000000e+00,1.0861652309e+02
1.1897221668e+02,1.0000000000e+00,1.1897221668e+02
1.3055091496e+02,1.0000000000e+00,1.3055091496e+02
1.4173751575e+02,1.0000000000e+00,1.4173751575e+02
1.5211871442e+02,1.0000000000e+00,1.5211871442e+02
1.5676105496e+02,1.0000000000e+00,1.5676105496e+02
1.4729192869e+02,1.0000000000e+00,1.4729192869e+02
1.2169108951e+02,1.0000000000e+00,1.2169108951e+02
8.9726487611e+01,1.0000000000e+00,8.9726487611e+01
6.5564591170e+01,1.0000000000e+00,6.5564591170e+01
5.5381081924e+01,1.0000000000e+00,5.5381081924e+01
5.3018043438e+01,1.0000000000e+00,5.3018043438e+01
4.7405290563e+01,1.0000000000e+00,4.7405290563e+01
4.0633106197e+01,1.0000000000e+00,4.0633106197e+01
3.3860921831e+01,1.0000000000e+00,3.3860921831e+01
2.7088737464e+01,1.0000000000e+00,2.7088737464e+01
2.0362686338e+01,1.0000000000e+00,2.0362686338e+01
4.0725372676e+01,1.0000000000e+00,4.0725372676e+01
6.1088059013e+01,1.0000000000e+00,6.1088059013e+01
1.0416666667e+02,1.0000000000e+00,1.0416666667e+02
1.2500000000e+02,1.0000000000e+00,1.2500000000e+02
1.0416666667e+02,1.0000000000e+00,1.0416666667e+02
7.3392116183e+01,1.0000000000e+00,7.3392116183e+01
6.2907528156e+01,1.0000000000e+00,6.2907528156e+01
5.2422940130e+01,1.0000000000e+00,5.2422940130e+01
4.1938352104e+01,1.0000000000e+00,4.1938352104e+01
3.1453764078e+01,1.0000000000e+00,3.1453764078e+01
2.0969176052e+01,1.0000000000e+00,2.0969176052e+01
1.0484588026e+01,1.0000000000e+00,1.0484588026e+01
0.0000000000e+00,1.0000000000e+00,0.0000000000e+00
0.0000000000e+00,1.0000000000e+00,0.0000000000e+00
0.0000000000e+00,1.0000000000e+00,0.0000000000e+00
0.0000000000e+00,1.0000000000e+00,0.0000000000e+00
0.0000000000e+00,1.0000000000e+00,0.0000000000e+00
0.0000000000e+00,1.0000000000e+00,0.0000000000e+00
0.0000000000e+00,1.0000000000e+00,0.0000000000e+00
0.0000000000e+00,1.0000000000e+00,0.0000000000e+00
0.0000000000e+00,1.0000000000e+00,0.0000000000e+00
0.0000000000e+00,1.0000000000e+00,0.0000000000e+00
0.0000000000e+00,1.0000000000e+00,0.0000000000e+00
0.0000000000e+00,1.0000000000e+00,0.0000000000e+00
0.0000000000e+00,1.0000000000e+00,0.0000000000e+00
0.0000000000e+00,1.0000000000e+00,0.0000000000e+00
0.0000000000e+00,1.0000000000e+00,0.0000000000e+00
0.0000000000e+00,1.0000000000e+00,0.0000000000e+00
0.0000000000e+00,1.0000000000e+00,0.0000000000e+00
0.0000000000e+00,1.0000000000e+00,0.0000000000e+00
0.0000000000e+00,1.0000000000e+00,0.0000000000e+00
0.0000000000e+00,1.0000000000e+00,0.0000000000e+00
0.0000000000e+00,1.0000000000e+00,0.0000000000e+00
0.0000000000e+00,1.0000000000e+00,0.0000000000e+00
0.0000000000e+00,1.0000000000e+00,0.0000000000e+00
0.0000000000e+00,1.0000000000e+00,0.0000000000e+00
0.0000000000e+00,1.0000000000e+00,0.0000000000e+00
0.0000000000e+00,1.0000000000e+00,0.0000000000e+00
0.0000000000e+00,1.0000000000e+00,0.0000000000e+00
0.0000000000e+00,1.0000000000e+00,0.0000000000e+00
0.0000000000e+00,1.0000000000e+00,0.0000000000e+00
0.0000000000e+00,1.0000000000e+00,0.0000000000e+00
0.0000000000e+00,1.0000000000e+00,0.0000000000e+00
0.0000000000e+00,1.0000000000e+00,0.0000000000e+00
0.0000000000e+00,1.0000000000e+00,0.0000000000e+00
0.0000000000e+00,1.0000000000e+00,0.0000000000e+00
0.0000000000e+00,1.0000000000e+00,0.0000000000e+00
0.0000000000e+00,1.0000000000e+00,0.0000000000e+00
0.0000000000e+00,1.0000000000e+00,0.0000000000e+00
0.0000000000e+00,1.0000000000e+00,0.0000000000e+00
0.0000000000e+00,1.0000000000e+00,0.0000000000e+00
0.0000000000e+00,1.0000000000e+00,0.0000000000e+00
0.0000000000e+00,1.0000000000e+00,0.0000000000e+00
0.0000000000e+00,1.0000000000e+00,0.0000000000e+00
0.0000000000e+00,1.0000000000e+00,0.0000000000e+00
0.0000000000e+00,1.0000000000e+00,0.0000000000e+00
0.0000000000e+00,1.0000000000e+00,0.0000000000e+00
0.0000000000e+00,1.0000000000e+00,0.0000000000e+00
0.0000000000e+00,1.0000000000e+00,0.0000000000e+00
