0.0000000000e+00,9.0000000000e-01,0.0000000000e+00
0.0000000000e+00,8.0000000000e-01,0.0000000000e+00
0.0000000000e+00,7.0000000000e-01,0.0000000000e+00
0.0000000000e+00,6.0000000000e-01,0.0000000000e+00
0.0000000000e+00,6.0000000000e-01,0.0000000000e+00
0.0000000000e+00,6.0000000000e-01,0.0000000000e+00
0.0000000000e+00,6.0000000000e-01,0.0000000000e+00
0.0000000000e+00,6.0000000000e-01,0.0000000000e+00
0.0000000000e+00,6.0000000000e-01,0.0000000000e+00
0.0000000000e+00,6.0000000000e-01,0.0000000000e+00
0.0000000000e+00,6.0000000000e-01,0.0000000000e+00
0.0000000000e+00,6.0000000000e-01,0.0000000000e+00
0.0000000000e+00,6.0000000000e-01,0.0000000000e+00
0.0000000000e+00,6.0000000000e-01,0.0000000000e+00
0.0000000000e+00,6.0000000000e-01,0.0000000000e+00
0.0000000000e+00,6.0000000000e-01,0.0000000000e+00
0.0000000000e+00,6.0000000000e-01,0.0000000000e+00
0.0000000000e+00,6.0000000000e-01,0.0000000000e+00
0.0000000000e+00,6.0000000000e-01,0.0000000000e+00
0.0000000000e+00,6.0000000000e-01,0.0000000000e+00
0.0000000000e+00,6.0000000000e-01,0.0000000000e+00
0.0000000000e+00,6.0000000000e-01,0.0000000000e+00
0.0000000000e+00,6.0000000000e-01,0.0000000000e+00
0.0000000000e+00,6.0000000000e-01,0.0000000000e+00
0.0000000000e+00,6.0000000000e-01,0.0000000000e+00
0.0000000000e+00,6.0000000000e-01,0.0000000000e+00
0.0000000000e+00,6.0000000000e-01,0.0000000000e+00
0.0000000000e+00,6.0000000000e-01,0.0000000000e+00
0.0000000000e+00,6.0000000000e-01,0.0000000000e+00
0.0000000000e+00,6.0000000000e-01,0.0000000000e+00
0.0000000000e+00,6.0000000000e-01,0.0000000000e+00
0.0000000000e+00,6.0000000000e-01,0.0000000000e+00
0.0000000000e+00,6.0000000000e-01,0.0000000000e+00
0.0000000000e+00,6.0000000000e-01,0.0000000000e+00
0.0000000000e+00,6.0000000000e-01,0.0000000000e+00
0.0000000000e+00,6.0000000000e-01,0.0000000000e+00
0.0000000000e+00,6.0000000000e-01,0.0000000000e+00
0.0000000000e+00,6.0000000000e-01,0.0000000000e+00
0.0000000000e+00,6.0000000000e-01,0.0000000000e+00
0.0000000000e+00,6.0000000000e-01,0.0000000000e+00
0.0000000000e+00,6.0000000000e-01,0.0000000000e+00
0.0000000000e+00,6.0000000000e-01,0.0000000000e+00
0.0000000000e+00,6.0000000000e-01,0.0000000000e+00
0.0000000000e+00,6.0000000000e-01,0.0000000000e+00
0.0000000000e+00,6.0000000000e-01,0.0000000000e+00
0.0000000000e+00,6.0000000000e-01,0.0000000000e+00
0.0000000000e+00,6.0000000000e-01,0.0000000000e+00
0.0000000000e+00,6.0000000000e-01,0.0000000000e+00
0.0000000000e+00,6.0000000000e-01,0.0000000000e+00
0.0000000000e+00,6.0000000000e-01,0.0000000000e+00
0.0000000000e+00,6.0000000000e-01,0.0000000000e+00
0.0000000000e+00,6.0000000000e-01,0.0000000000e+00
0.0000000000e+00,6.0000000000e-01,0.0000000000e+00
0.0000000000e+00,6.0000000000e-01,0.0000000000e+00
0.0000000000e+00,6.0000000000e-01,0.0000000000e+00
0.0000000000e+00,6.0000000000e-01,0.0000000000e+00
0.0000000000e+00,6.0000000000e-01,0.0000000000e+00
0.0000000000e+00,6.0000000000e-01,0.0000000000e+00
0.0000000000e+00,6.0000000000e-01,0.0000000000e+00
0.0000000000e+00,6.0000000000e-01,0.0000000000e+00
0.0000000000e+00,6.0000000000e-01,0.0000000000e+00
0.0000000000e+00,6.0000000000e-01,0.0000000000e+00
0.0000000000e+00,6.0000000000e-01,0.0000000000e+00
0.0000000000e+00,6.0000000000e-01,0.0000000000e+00
0.0000000000e+00,6.0000000000e-01,0.0000000000e+00
0.0000000000e+00,6.0000000000e-01,0.0000000000e+00
0.0000000000e+00,6.0000000000e-01,0.0000000000e+00
0.0000000000e+00,6.0000000000e-01,0.0000000000e+00
0.0000000000e+00,6.0000000000e-01,0.0000000000e+00
0.0000000000e+00,6.0000000000e-01,0.0000000000e+00
0.0000000000e+00,6.0000000000e-01,0.0000000000e+00
0.0000000000e+00,6.0000000000e-01,0.0000000000e+00
0.0000000000e+00,6.0000000000e-01,0.0000000000e+00
0.0000000000e+00,6.0000000000e-01,0.0000000000e+00
0.0000000000e+00,6.0000000000e-01,0.0000000000e+00
0.0000000000e+00,6.0000000000e-01,0.0000000000e+00
0.0000000000e+00,6.0000000000e-01,0.0000000000e+00
0.0000000000e+00,6.0000000000e-01,0.0000000000e+00
0.0000000000e+00,6.0000000000e-01,0.0000000000e+00
0.0000000000e+00,6.0000000000e-01,0.0000000000e+00
0.0000000000e+00,6.0000000000e-01,0.0000000000e+00
0.0000000000e+00,6.0000000000e-01,0.0000000000e+00
0.0000000000e+00,6.0000000000e-01,0.0000000000e+00
0.0000000000e+00,6.0000000000e-01,0.0000000000e+00
0.0000000000e+00,6.0000000000e-01,0.0000000000e+00
0.0000000000e+00,6.0000000000e-01,0.0000000000e+00
0.0000000000e+00,6.0000000000e-01,0.0000000000e+00
0.0000000000e+00,6.0000000000e-01,0.0000000000e+00
0.0000000000e+00,6.0000000000e-01,0.0000000000e+00
0.0000000000e+00,6.0000000000e-01,0.0000000000e+00
0.0000000000e+00,6.0000000000e-01,0.0000000000e+00
0.0000000000e+00,6.0000000000e-01,0.0000000000e+00
0.0000000000e+00,6.0000000000e-01,0.0000000000e+00
0.0000000000e+00,6.0000000000e-01,0.0000000000e+00
0.0000000000e+00,6.0000000000e-01,0.0000000000e+00
0.0000000000e+00,6.0000000000e-01,0.0000000000e+00
0.0000000000e+00,6.0000000000e-01,0.0000000000e+00
0.0000000000e+00,6.0000000000e-01,0.0000000000e+00
0.0000000000e+00,6.0000000000e-01,0.0000000000e+00
0.0000000000e+00,6.0000000000e-01,0.0000000000e+00
0.0000000000e+00,6.0000000000e-01,0.0000000000e+00
0.0000000000e+00,6.0000000000e-01,0.0000000000e+00
0.0000000000e+00,6.0000000000e-01,0.0000000000e+00
0.0000000000e+00,6.0000000000e-01,0.0000000000e+00
0.0000000000e+00,6.0000000000e-01,0.0000000000e+00
0.0000000000e+00,6.0000000000e-01,0.0000000000e+00
0.0000000000e+00,6.0000000000e-01,0.0000000000e+00
0.0000000000e+00,6.0000000000e-01,0.0000000000e+00
0.0000000000e+00,6.0000000000e-01,0.0000000000e+00
0.0000000000e+00,6.0000000000e-01,0.0000000000e+00
0.0000000000e+00,6.0000000000e-01,0.0000000000e+00
0.0000000000e+00,6.0000000000e-01,0.0000000000e+00
0.0000000000e+00,6.0000000000e-01,0.0000000000e+00
0.0000000000e+00,6.0000000000e-01,0.0000000000e+00
0.0000000000e+00,6.0000000000e-01,0.0000000000e+00
0.0000000000e+00,6.0000000000e-01,0.0000000000e+00
0.0000000000e+00,6.0000000000e-01,0.0000000000e+00
0.0000000000e+00,6.0000000000e-01,0.0000000000e+00
0.0000000000e+00,6.0000000000e-01,0.0000000000e+00
0.0000000000e+00,6.0000000000e-01,0.0000000000e+00
0.0000000000e+00,6.0000000000e-01,0.0000000000e+00
0.0000000000e+00,6.0000000000e-01,0.0000000000e+00
0.0000000000e+00,6.0000000000e-01,0.0000000000e+00
0.0000000000e+00,6.0000000000e-01,0.0000000000e+00
0.0000000000e+00,6.0000000000e-01,0.0000000000e+00
0.0000000000e+00,6.0000000000e-01,0.0000000000e+00
0.0000000000e+00,6.0000000000e-01,0.0000000000e+00
0.0000000000e+00,6.0000000000e-01,0.0000000000e+00
0.0000000000e+00,6.0000000000e-01,0.0000000000e+00
0.0000000000e+00,6.0000000000e-01,0.0000000000e+00
0.0000000000e+00,6.0000000000e-01,0.0000000000e+00
0.0000000000e+00,6.0000000000e-01,0.0000000000e+00
0.0000000000e+00,6.0000000000e-01,0.0000000000e+00
0.0000000000e+00,6.0000000000e-01,0.0000000000e+00
0.0000000000e+00,6.0000000000e-01,0.0000000000e+00
0.0000000000e+00,6.0000000000e-01,0.0000000000e+00
0.0000000000e+00,6.0000000000e-01,0.0000000000e+00
0.0000000000e+00,6.0000000000e-01,0.0000000000e+00
0.0000000000e+00,6.0000000000e-01,0.0000000000e+00
0.0000000000e+00,6.0000000000e-01,0.0000000000e+00
0.0000000000e+00,6.0000000000e-01,0.0000000000e+00
0.0000000000e+00,6.0000000000e-01,0.0000000000e+00
0.0000000000e+00,6.0000000000e-01,0.0000000000e+00
0.0000000000e+00,6.0000000000e-01,0.0000000000e+00
0.0000000000e+00,6.0000000000e-01,0.0000000000e+00
0.0000000000e+00,6.0000000000e-01,0.0000000000e+00
0.0000000000e+00,6.0000000000e-01,0.0000000000e+00
0.0000000000e+00,6.0000000000e-01,0.0000000000e+00
0.0000000000e+00,6.0000000000e-01,0.0000000000e+00
0.0000000000e+00,6.0000000000e-01,0.0000000000e+00
0.0000000000e+00,6.0000000000e-01,0.0000000000e+00
0.0000000000e+00,6.0000000000e-01,0.0000000000e+00
0.0000000000e+00,6.0000000000e-01,0.0000000000e+00
0.0000000000e+00,6.0000000000e-01,0.0000000000e+00
0.0000000000e+00,6.0000000000e-01,0.0000000000e+00
0.0000000000e+00,6.0000000000e-01,0.0000000000e+00
0.0000000000e+00,6.0000000000e-01,0.0000000000e+00
0.0000000000e+00,6.0000000000e-01,0.0000000000e+00
0.0000000000e+00,6.0000000000e-01,0.0000000000e+00
0.0000000000e+00,6.0000000000e-01,0.0000000000e+00
0.0000000000e+00,6.0000000000e-01,0.0000000000e+00
0.0000000000e+00,6.0000000000e-01,0.0000000000e+00
0.0000000000e+00,6.0000000000e-01,0.0000000000e+00
0.0000000000e+00,6.0000000000e-01,0.0000000000e+00
0.0000000000e+00,6.0000000000e-01,0.0000000000e+00
0.0000000000e+00,6.0000000000e-01,0.0000000000e+00
0.0000000000e+00,6.0000000000e-01,0.0000000000e+00
0.0000000000e+00,6.0000000000e-01,0.0000000000e+00
0.0000000000e+00,6.0000000000e-01,0.0000000000e+00
0.0000000000e+00,6.0000000000e-01,0.0000000000e+00
0.0000000000e+00,6.0000000000e-01,0.0000000000e+00
0.0000000000e+00,6.0000000000e-01,0.0000000000e+00
0.0000000000e+00,6.0000000000e-01,0.0000000000e+00
0.0000000000e+00,6.0000000000e-01,0.0000000000e+00
0.0000000000e+00,6.0000000000e-01,0.0000000000e+00
0.0000000000e+00,6.0000000000e-01,0.0000000000e+00
0.0000000000e+00,6.0000000000e-01,0.0000000000e+00
0.0000000000e+00,6.0000000000e-01,0.0000000000e+00
0.0000000000e+00,6.0000000000e-01,0.0000000000e+00
0.0000000000e+00,6.0000000000e-01,0.0000000000e+00
0.0000000000e+00,6.0000000000e-01,0.0000000000e+00
0.0000000000e+00,6.0000000000e-01,0.0000000000e+00
0.0000000000e+00,6.0000000000e-01,0.0000000000e+00
0.0000000000e+00,6.0000000000e-01,0.0000000000e+00
0.0000000000e+00,6.0000000000e-01,0.0000000000e+00
0.0000000000e+00,6.0000000000e-01,0.0000000000e+00
0.0000000000e+00,6.0000000000e-01,0.0000000000e+00
0.0000000000e+00,6.0000000000e-01,0.0000000000e+00
0.0000000000e+00,6.0000000000e-01,0.0000000000e+00
0.0000000000e+00,6.0000000000e-01,0.0000000000e+00
0.0000000000e+00,6.0000000000e-01,0.0000000000e+00
0.0000000000e+00,6.0000000000e-01,0.0000000000e+00
0.0000000000e+00,6.0000000000e-01,0.0000000000e+00
0.0000000000e+00,6.0000000000e-01,0.0000000000e+00
0.0000000000e+00,6.0000000000e-01,0.0000000000e+00
0.0000000000e+00,6.0000000000e-01,0.0000000000e+00
0.0000000000e+00,6.0000000000e-01,0.0000000000e+00
0.0000000000e+00,6.0000000000e-01,0.0000000000e+00
0.0000000000e+00,6.0000000000e-01,0.0000000000e+00
0.0000000000e+00,6.0000000000e-01,0.0000000000e+00
0.0000000000e+00,6.0000000000e-01,0.0000000000e+00
0.0000000000e+00,6.0000000000e-01,0.0000000000e+00
0.0000000000e+00,6.0000000000e-01,0.0000000000e+00
0.0000000000e+00,6.0000000000e-01,0.0000000000e+00
0.0000000000e+00,6.0000000000e-01,0.0000000000e+00
0.0000000000e+00,6.0000000000e-01,0.0000000000e+00
0.0000000000e+00,6.0000000000e-01,0.0000000000e+00
0.0000000000e+00,6.0000000000e-01,0.0000000000e+00
0.0000000000e+00,6.0000000000e-01,0.0000000000e+00
0.0000000000e+00,6.0000000000e-01,0.0000000000e+00
0.0000000000e+00,6.0000000000e-01,0.0000000000e+00
0.0000000000e+00,6.0000000000e-01,0.0000000000e+00
0.0000000000e+00,6.0000000000e-01,0.0000000000e+00
0.0000000000e+00,6.0000000000e-01,0.0000000000e+00
0.0000000000e+00,6.0000000000e-01,0.0000000000e+00
0.0000000000e+00,6.0000000000e-01,0.0000000000e+00
0.0000000000e+00,6.0000000000e-01,0.0000000000e+00
0.0000000000e+00,6.0000000000e-01,0.0000000000e+00
0.0000000000e+00,6.0000000000e-01,0.0000000000e+00
0.0000000000e+00,6.0000000000e-01,0.0000000000e+00
0.0000000000e+00,6.0000000000e-01,0.0000000000e+00
0.0000000000e+00,6.0000000000e-01,0.0000000000e+00
0.0000000000e+00,6.0000000000e-01,0.0000000000e+00
0.0000000000e+00,6.0000000000e-01,0.0000000000e+00
0.0000000000e+00,6.0000000000e-01,0.0000000000e+00
0.0000000000e+00,6.0000000000e-01,0.0000000000e+00
0.0000000000e+00,6.0000000000e-01,0.0000000000e+00
0.0000000000e+00,6.0000000000e-01,0.0000000000e+00
0.0000000000e+00,6.0000000000e-01,0.0000000000e+00
0.0000000000e+00,6.0000000000e-01,0.0000000000e+00
0.0000000000e+00,6.0000000000e-01,0.0000000000e+00
0.0000000000e+00,6.0000000000e-01,0.0000000000e+00
0.0000000000e+00,6.0000000000e-01,0.0000000000e+00
0.0000000000e+00,6.0000000000e-01,0.0000000000e+00
0.0000000000e+00,6.0000000000e-01,0.0000000000e+00
0.0000000000e+00,6.0000000000e-01,0.0000000000e+00
0.0000000000e+00,6.0000000000e-01,0.0000000000e+00
0.0000000000e+00,6.0000000000e-01,0.0000000000e+00
0.0000000000e+00,6.0000000000e-01,0.0000000000e+00
0.0000000000e+00,6.0000000000e-01,0.0000000000e+00
0.0000000000e+00,6.0000000000e-01,0.0000000000e+00
0.0000000000e+00,6.0000000000e-01,0.0000000000e+00
0.0000000000e+00,6.0000000000e-01,0.0000000000e+00
0.0000000000e+00,6.0000000000e-01,0.0000000000e+00
0.0000000000e+00,6.0000000000e-01,0.0000000000e+00
0.0000000000e+00,6.0000000000e-01,0.0000000000e+00
0.0000000000e+00,6.0000000000e-01,0.0000000000e+00
0.0000000000e+00,6.0000000000e-01,0.0000000000e+00
0.0000000000e+00,6.0000000000e-01,0.0000000000e+00
0.0000000000e+00,6.0000000000e-01,0.0000000000e+00
0.0000000000e+00,6.0000000000e-01,0.0000000000e+00
0.0000000000e+00,6.0000000000e-01,0.0000000000e+00
0.0000000000e+00,6.0000000000e-01,0.0000000000e+00
0.0000000000e+00,6.0000000000e-01,0.0000000000e+00
0.0000000000e+00,6.0000000000e-01,0.0000000000e+00
0.0000000000e+00,6.0000000000e-01,0.0000000000e+00
0.0000000000e+00,6.0000000000e-01,0.0000000000e+00
0.0000000000e+00,6.0000000000e-01,0.0000000000e+00
0.0000000000e+00,6.0000000000e-01,0.0000000000e+00
0.0000000000e+00,6.0000000000e-01,0.0000000000e+00
0.0000000000e+00,6.0000000000e-01,0.0000000000e+00
0.0000000000e+00,6.0000000000e-01,0.0000000000e+00
0.0000000000e+00,6.0000000000e-01,0.0000000000e+00
0.0000000000e+00,6.0000000000e-01,0.0000000000e+00
0.0000000000e+00,6.0000000000e-01,0.0000000000e+00
0.0000000000e+00,6.0000000000e-01,0.0000000000e+00
0.0000000000e+00,6.0000000000e-01,0.0000000000e+00
0.0000000000e+00,6.0000000000e-01,0.0000000000e+00
0.0000000000e+00,6.0000000000e-01,0.0000000000e+00
0.0000000000e+00,6.0000000000e-01,0.0000000000e+00
0.0000000000e+00,6.0000000000e-01,0.0000000000e+00
0.0000000000e+00,6.0000000000e-01,0.0000000000e+00
0.0000000000e+00,6.0000000000e-01,0.0000000000e+00
0.0000000000e+00,6.0000000000e-01,0.0000000000e+00
0.0000000000e+00,6.0000000000e-01,0.0000000000e+00
0.0000000000e+00,6.0000000000e-01,0.0000000000e+00
0.0000000000e+00,6.0000000000e-01,0.0000000000e+00
0.0000000000e+00,6.0000000000e-01,0.0000000000e+00
0.0000000000e+00,6.0000000000e-01,0.0000000000e+00
0.0000000000e+00,6.0000000000e-01,0.0000000000e+00
0.0000000000e+00,6.0000000000e-01,0.0000000000e+00
0.0000000000e+00,6.0000000000e-01,0.0000000000e+00
0.0000000000e+00,6.0000000000e-01,0.0000000000e+00
0.0000000000e+00,6.0000000000e-01,0.0000000000e+00
0.0000000000e+00,6.0000000000e-01,0.0000000000e+00
0.0000000000e+00,6.0000000000e-01,0.0000000000e+00
0.0000000000e+00,6.0000000000e-01,0.0000000000e+00
0.0000000000e+00,6.0000000000e-01,0.0000000000e+00
0.0000000000e+00,6.0000000000e-01,0.0000000000e+00
0.0000000000e+00,6.0000000000e-01,0.0000000000e+00
0.0000000000e+00,6.0000000000e-01,0.0000000000e+00
0.0000000000e+00,6.0000000000e-01,0.0000000000e+00
0.0000000000e+00,6.0000000000e-01,0.0000000000e+00
0.0000000000e+00,6.0000000000e-01,0.0000000000e+00
0.0000000000e+00,6.0000000000e-01,0.0000000000e+00
0.0000000000e+00,6.0000000000e-01,0.0000000000e+00
0.0000000000e+00,6.0000000000e-01,0.0000000000e+00
0.0000000000e+00,6.0000000000e-01,0.0000000000e+00
0.0000000000e+00,6.0000000000e-01,0.0000000000e+00
0.0000000000e+00,6.0000000000e-01,0.0000000000e+00
0.0000000000e+00,6.0000000000e-01,0.0000000000e+00
0.0000000000e+00,6.0000000000e-01,0.0000000000e+00
0.0000000000e+00,6.0000000000e-01,0.0000000000e+00
0.0000000000e+00,6.0000000000e-01,0.0000000000e+00
0.0000000000e+00,6.0000000000e-01,0.0000000000e+00
0.0000000000e+00,6.0000000000e-01,0.0000000000e+00
0.0000000000e+00,6.0000000000e-01,0.0000000000e+00
0.0000000000e+00,6.0000000000e-01,0.0000000000e+00
0.0000000000e+00,6.0000000000e-01,0.0000000000e+00
0.0000000000e+00,6.0000000000e-01,0.0000000000e+00
0.0000000000e+00,6.0000000000e-01,0.0000000000e+00
0.0000000000e+00,6.0000000000e-01,0.0000000000e+00
0.0000000000e+00,6.0000000000e-01,0.0000000000e+00
0.0000000000e+00,6.0000000000e-01,0.0000000000e+00
0.0000000000e+00,6.0000000000e-01,0.0000000000e+00
0.0000000000e+00,6.0000000000e-01,0.0000000000e+00
0.0000000000e+00,6.0000000000e-01,0.0000000000e+00
0.0000000000e+00,6.0000000000e-01,0.0000000000e+00
0.0000000000e+00,6.0000000000e-01,0.0000000000e+00
0.0000000000e+00,6.0000000000e-01,0.0000000000e+00
0.0000000000e+00,6.0000000000e-01,0.0000000000e+00
0.0000000000e+00,6.0000000000e-01,0.0000000000e+00
0.0000000000e+00,6.0000000000e-01,0.0000000000e+00
0.0000000000e+00,6.0000000000e-01,0.0000000000e+00
0.0000000000e+00,6.0000000000e-01,0.0000000000e+00
0.0000000000e+00,6.0000000000e-01,0.0000000000e+00
0.0000000000e+00,6.0000000000e-01,0.0000000000e+00
0.0000000000e+00,6.0000000000e-01,0.0000000000e+00
0.0000000000e+00,6.0000000000e-01,0.0000000000e+00
0.0000000000e+00,6.0000000000e-01,0.0000000000e+00
0.0000000000e+00,6.0000000000e-01,0.0000000000e+00
0.0000000000e+00,6.0000000000e-01,0.0000000000e+00
0.0000000000e+00,6.0000000000e-01,0.0000000000e+00
0.0000000000e+00,6.0000000000e-01,0.0000000000e+00
0.0000000000e+00,6.0000000000e-01,0.0000000000e+00
0.0000000000e+00,6.0000000000e-01,0.0000000000e+00
0.0000000000e+00,6.0000000000e-01,0.0000000000e+00
0.0000000000e+00,6.0000000000e-01,0.0000000000e+00
0.0000000000e+00,6.0000000000e-01,0.0000000000e+00
0.0000000000e+00,6.0000000000e-01,0.0000000000e+00
0.0000000000e+00,6.0000000000e-01,0.0000000000e+00
0.0000000000e+00,6.0000000000e-01,0.0000000000e+00
0.0000000000e+00,6.0000000000e-01,0.0000000000e+00
0.0000000000e+00,6.0000000000e-01,0.0000000000e+00
0.0000000000e+00,6.0000000000e-01,0.0000000000e+00
0.0000000000e+00,6.0000000000e-01,0.0000000000e+00
0.0000000000e+00,6.0000000000e-01,0.0000000000e+00
0.0000000000e+00,6.0000000000e-01,0.0000000000e+00
0.0000000000e+00,6.0000000000e-01,0.0000000000e+00
0.0000000000e+00,6.0000000000e-01,0.0000000000e+00
0.0000000000e+00,6.0000000000e-01,0.0000000000e+00
0.0000000000e+00,6.0000000000e-01,0.0000000000e+00
0.0000000000e+00,6.0000000000e-01,0.0000000000e+00
0.0000000000e+00,6.0000000000e-01,0.0000000000e+00
0.0000000000e+00,6.0000000000e-01,0.0000000000e+00
0.0000000000e+00,6.0000000000e-01,0.0000000000e+00
0.0000000000e+00,6.0000000000e-01,0.0000000000e+00
0.0000000000e+00,6.0000000000e-01,0.0000000000e+00
0.0000000000e+00,6.0000000000e-01,0.0000000000e+00
0.0000000000e+00,6.0000000000e-01,0.0000000000e+00
0.0000000000e+00,6.0000000000e-01,0.0000000000e+00
0.0000000000e+00,6.0000000000e-01,0.0000000000e+00
0.0000000000e+00,6.0000000000e-01,0.0000000000e+00
0.0000000000e+00,6.0000000000e-01,0.0000000000e+00
0.0000000000e+00,6.0000000000e-01,0.0000000000e+00
0.0000000000e+00,6.0000000000e-01,0.0000000000e+00
0.0000000000e+00,6.0000000000e-01,0.0000000000e+00
0.0000000000e+00,6.0000000000e-01,0.0000000000e+00
0.0000000000e+00,6.0000000000e-01,0.0000000000e+00
0.0000000000e+00,6.0000000000e-01,0.0000000000e+00
0.0000000000e+00,6.0000000000e-01,0.0000000000e+00
0.0000000000e+00,6.0000000000e-01,0.0000000000e+00
0.0000000000e+00,6.0000000000e-01,0.0000000000e+00
0.0000000000e+00,6.0000000000e-01,0.0000000000e+00
0.0000000000e+00,6.0000000000e-01,0.0000000000e+00
0.0000000000e+00,6.0000000000e-01,0.0000000000e+00
0.0000000000e+00,6.0000000000e-01,0.0000000000e+00
0.0000000000e+00,6.0000000000e-01,0.0000000000e+00
0.0000000000e+00,6.0000000000e-01,0.0000000000e+00
0.0000000000e+00,7.0000000000e-01,0.0000000000e+00
0.0000000000e+00,8.0000000000e-01,0.0000000000e+00
0.0000000000e+00,9.0000000000e-01,0.0000000000e+00
1.0198107125e+01,1.0000000000e+00,1.0198107125e+01
2.0396214251e+01,1.0000000000e+00,2.0396214251e+01
3.0594321376e+01,1.0000000000e+00,3.0594321376e+01
3.5671986886e+01,1.0000000000e+00,3.5671986886e+01
4.1353755729e+01,1.0000000000e+00,4.1353755729e+01
5.4527339444e+01,1.0000000000e+00,5.4527339444e+01
6.7395422396e+01,1.0000000000e+00,6.7395422396e+01
7.9958004583e+01,1.0000000000e+00,7.9958004583e+01
9.2215086007e+01,1.0000000000e+00,9.2215086007e+01
1.0416666667e+02,1.0000000000e+00,1.0416666667e+02
1.1581274656e+02,1.0000000000e+00,1.1581274656e+02
1.2568794747e+02,1.0000000000e+00,1.2568794747e+02
1.2500000000e+02,1.0000000000e+00,1.2500000000e+02
1.1371777650e+02,1.0000000000e+00,1.1371777650e+02
1.0044678031e+02,1.0000000000e+00,1.0044678031e+02
8.6621261988e+01,1.0000000000e+00,8.6621261988e+01
7.2241221544e+01,1.0000000000e+00,7.2241221544e+01
5.7306658972e+01,1.0000000000e+00,5.7306658972e+01
6.0249504668e+01,1.0000000000e+00,6.0249504668e+01
6.5731920735e+01,1.0000000000e+00,6.5731920735e+01
6.9728909125e+01,1.0000000000e+00,6.9728909125e+01
7.1180858364e+01,1.0000000000e+00,7.1180858364e+01
7.7922642555e+01,1.0000000000e+00,7.2946532021e+01
8.2234822778e+01,1.0000000000e+00,7.4913812839e+01
6.8696432913e+01,1.0000000000e+00,7.3699544302e+01
5.6474364674e+01,1.0000000000e+00,7.1185913799e+01
6.8903737900e+01,1.0000000000e+00,7.0646434058e+01
8.2603600877e+01,1.0000000000e+00,6.8180777209e+01
7.0244362855e+01,1.0000000000e+00,5.9938483350e+01
3.8470132755e+01,1.0000000000e+00,4.7506433492e+01
1.9394684121e+01,1.0000000000e+00,3.6617911597e+01
3.8303523099e+01,1.0000000000e+00,3.5722682996e+01
5.2858456556e+01,1.0000000000e+00,3.3956673292e+01
2.1513900588e+01,1.0000000000e+00,2.3010765702e+01
0.0000000000e+00,1.0000000000e+00,1.3416788291e+01
3.1234803560e+01,1.0000000000e+00,2.8008241644e+01
8.0692318751e+01,1.0000000000e+00,5.9042393881e+01
7.8500894019e+01,1.0000000000e+00,7.9128126402e+01
7.4382986162e+01,1.0000000000e+00,9.8209930566e+01
1.1269074168e+02,1.0000000000e+00,1.2253814834e+02
1.4196539088e+02,1.0000000000e+00,1.2610050176e+02
1.2189865866e+02,1.0000000000e+00,1.0771306507e+02
7.6732377203e+01,1.0000000000e+00,8.1722021292e+01
4.5185826081e+01,1.0000000000e+00,5.5871226352e+01
5.0098409211e+01,1.0000000000e+00,5.0163162815e+01
5.1394519633e+01,1.0000000000e+00,4.3731804738e+01
3.7380662353e+01,1.0000000000e+00,3.4238453119e+01
2.0020827445e+01,1.0000000000e+00,2.4075905976e+01
1.1223564443e+01,1.0000000000e+00,1.5625873213e+01
7.9279567864e+00,1.0000000000e+00,8.2761715195e+00
1.8635629970e+00,9.0000000000e-01,3.7271259940e-01
8.0266026603e-01,8.0000000000e-01,1.6053205321e-01
0.0000000000e+00,7.0000000000e-01,0.0000000000e+00
0.0000000000e+00,6.0000000000e-01,0.0000000000e+00
0.0000000000e+00,6.0000000000e-01,0.0000000000e+00
0.0000000000e+00,6.0000000000e-01,0.0000000000e+00
0.0000000000e+00,6.0000000000e-01,0.0000000000e+00
0.0000000000e+00,6.0000000000e-01,0.0000000000e+00
0.0000000000e+00,6.0000000000e-01,0.0000000000e+00
0.0000000000e+00,6.0000000000e-01,0.0000000000e+00
0.0000000000e+00,6.0000000000e-01,0.0000000000e+00
0.0000000000e+00,6.0000000000e-01,0.0000000000e+00
0.0000000000e+00,6.0000000000e-01,0.0000000000e+00
0.0000000000e+00,6.0000000000e-01,0.0000000000e+00
0.0000000000e+00,6.0000000000e-01,0.0000000000e+00
0.0000000000e+00,6.0000000000e-01,0.0000000000e+00
0.0000000000e+00,6.0000000000e-01,0.0000000000e+00
0.0000000000e+00,7.0000000000e-01,0.0000000000e+00
0.0000000000e+00,8.0000000000e-01,0.0000000000e+00
0.0000000000e+00,9.0000000000e-01,0.0000000000e+00
8.7194877584e+00,1.0000000000e+00,8.7194877584e+00
1.7438975517e+01,1.0000000000e+00,1.7438975517e+01
2.6158463275e+01,1.0000000000e+00,2.6158463275e+01
5.2239062145e+01,1.0000000000e+00,5.2239062145e+01
7.8241796608e+01,1.0000000000e+00,7.8241796608e+01
1.0416666667e+02,1.0000000000e+00,1.0416666667e+02
1.2500000000e+02,1.0000000000e+00,1.2500000000e+02
1.1560029718e+02,1.0000000000e+00,1.1560029718e+02
1.0059709285e+02,1.0000000000e+00,1.0059709285e+02
8.4930921493e+01,1.0000000000e+00,8.4930921493e+01
6.8601783109e+01,1.0000000000e+00,6.8601783109e+01
6.9321406139e+01,1.0000000000e+00,6.9321406139e+01
7.0785696789e+01,1.0000000000e+00,7.0785696789e+01
6.9081197238e+01,1.0000000000e+00,6.9081197238e+01
6.1049608797e+01,1.0000000000e+00,6.1049608797e+01
4.7039824258e+01,1.0000000000e+00,4.7039824258e+01
3.2151056364e+01,1.0000000000e+00,3.2151056364e+01
1.9574794513e+01,1.0000000000e+00,1.9574794513e+01
2.6573327174e+01,1.0000000000e+00,2.6573327174e+01
3.7822969866e+01,1.0000000000e+00,3.7822969866e+01
4.9508722309e+01,1.0000000000e+00,4.9508722309e+01
5.4961651394e+01,1.0000000000e+00,5.4961651394e+01
5.4757522585e+01,1.0000000000e+00,5.4757522585e+01
5.4755411893e+01,1.0000000000e+00,5.4755411893e+01
8.9898286038e+01,1.0000000000e+00,8.9898286038e+01
1.1329256865e+02,1.0000000000e+00,1.1329256865e+02
1.2500000000e+02,1.0000000000e+00,1.2500000000e+02
1.2539102175e+02,1.0000000000e+00,1.2539102175e+02
1.1583377521e+02,1.0000000000e+00,1.1583377521e+02
1.0416666667e+02,1.0000000000e+00,1.0416666667e+02
9.1696097164e+01,1.0000000000e+00,9.1696097164e+01
7.8422066703e+01,1.0000000000e+00,7.8422066703e+01
6.4344575281e+01,1.0000000000e+00,6.4344575281e+01
4.9463622900e+01,1.0000000000e+00,4.9463622900e+01
3.3779209560e+01,1.0000000000e+00,3.3779209560e+01
2.8953608194e+01,1.0000000000e+00,2.8953608194e+01
2.4128006828e+01,1.0000000000e+00,2.4128006828e+01
1.9302405463e+01,1.0000000000e+00,1.9302405463e+01
1.4476804097e+01,1.0000000000e+00,1.4476804097e+01
9.6512027314e+00,1.0000000000e+00,9.6512027314e+00
4.8256013657e+00,1.0000000000e+00,4.8256013657e+00
0.0000000000e+00,9.0000000000e-01,0.0000000000e+00
0.0000000000e+00,8.0000000000e-01,0.0000000000e+00
0.0000000000e+00,7.0000000000e-01,0.0000000000e+00
0.0000000000e+00,6.0000000000e-01,0.0000000000e+00
0.0000000000e+00,6.0000000000e-01,0.0000000000e+00
0.0000000000e+00,6.0000000000e-01,0.0000000000e+00
0.0000000000e+00,6.0000000000e-01,0.0000000000e+00
0.0000000000e+00,6.0000000000e-01,0.0000000000e+00
0.0000000000e+00,6.0000000000e-01,0.0000000000e+00
0.0000000000e+00,6.0000000000e-01,0.0000000000e+00
0.0000000000e+00,6.0000000000e-01,0.0000000000e+00
0.0000000000e+00,6.0000000000e-01,0.0000000000e+00
0.0000000000e+00,6.0000000000e-01,0.0000000000e+00
0.0000000000e+00,6.0000000000e-01,0.0000000000e+00
0.0000000000e+00,6.0000000000e-01,0.0000000000e+00
0.0000000000e+00,6.0000000000e-01,0.0000000000e+00
0.0000000000e+00,6.0000000000e-01,0.0000000000e+00
0.0000000000e+00,6.0000000000e-01,0.0000000000e+00
0.0000000000e+00,6.0000000000e-01,0.0000000000e+00
0.0000000000e+00,6.0000000000e-01,0.0000000000e+00
0.0000000000e+00,6.0000000000e-01,0.0000000000e+00
0.0000000000e+00,6.0000000000e-01,0.0000000000e+00
0.0000000000e+00,6.0000000000e-01,0.0000000000e+00
0.0000000000e+00,6.0000000000e-01,0.0000000000e+00
0.0000000000e+00,6.0000000000e-01,0.0000000000e+00
0.0000000000e+00,6.0000000000e-01,0.0000000000e+00
0.0000000000e+00,6.0000000000e-01,0.0000000000e+00
0.0000000000e+00,6.0000000000e-01,0.0000000000e+00
0.0000000000e+00,6.0000000000e-01,0.0000000000e+00
0.0000000000e+00,6.0000000000e-01,0.0000000000e+00
0.0000000000e+00,6.0000000000e-01,0.0000000000e+00
0.0000000000e+00,6.0000000000e-01,0.0000000000e+00
0.0000000000e+00,6.0000000000e-01,0.0000000000e+00
0.0000000000e+00,6.0000000000e-01,0.0000000000e+00
0.0000000000e+00,6.0000000000e-01,0.0000000000e+00
0.0000000000e+00,6.0000000000e-01,0.0000000000e+00
0.0000000000e+00,6.0000000000e-01,0.0000000000e+00
0.0000000000e+00,6.0000000000e-01,0.0000000000e+00
0.0000000000e+00,6.0000000000e-01,0.0000000000e+00
0.0000000000e+00,6.0000000000e-01,0.0000000000e+00
0.0000000000e+00,6.0000000000e-01,0.0000000000e+00
0.0000000000e+00,6.0000000000e-01,0.0000000000e+00
0.0000000000e+00,6.0000000000e-01,0.0000000000e+00
0.0000000000e+00,6.0000000000e-01,0.0000000000e+00
0.0000000000e+00,6.0000000000e-01,0.0000000000e+00
0.0000000000e+00,6.0000000000e-01,0.0000000000e+00
0.0000000000e+00,6.0000000000e-01,0.0000000000e+00
0.0000000000e+00,6.0000000000e-01,0.0000000000e+00
0.0000000000e+00,6.0000000000e-01,0.0000000000e+00
0.0000000000e+00,6.0000000000e-01,0.0000000000e+00
0.0000000000e+00,6.0000000000e-01,0.0000000000e+00
0.0000000000e+00,6.0000000000e-01,0.0000000000e+00
0.0000000000e+00,6.0000000000e-01,0.0000000000e+00
0.0000000000e+00,6.0000000000e-01,0.0000000000e+00
0.0000000000e+00,6.0000000000e-01,0.0000000000e+00
0.0000000000e+00,6.0000000000e-01,0.0000000000e+00
0.0000000000e+00,6.0000000000e-01,0.0000000000e+00
0.0000000000e+00,6.0000000000e-01,0.0000000000e+00
0.0000000000e+00,6.0000000000e-01,0.0000000000e+00
0.0000000000e+00,6.0000000000e-01,0.0000000000e+00
0.0000000000e+00,6.0000000000e-01,0.0000000000e+00
0.0000000000e+00,7.0000000000e-01,0.0000000000e+00
0.0000000000e+00,8.0000000000e-01,0.0000000000e+00
0.0000000000e+00,9.0000000000e-01,0.0000000000e+00
1.3024507071e+01,1.0000000000e+00,1.3024507071e+01
2.6049014141e+01,1.0000000000e+00,2.6049014141e+01
3.9073521212e+01,1.0000000000e+00,3.9073521212e+01
6.1828304802e+01,1.0000000000e+00,6.1828304802e+01
7.8275189954e+01,1.0000000000e+00,7.8275189954e+01
8.6143816785e+01,1.0000000000e+00,8.6143816785e+01
8.8501946968e+01,1.0000000000e+00,8.8501946968e+01
8.9895040673e+01,1.0000000000e+00,8.9895040673e+01
9.2441382919e+01,1.0000000000e+00,9.2441382919e+01
9.5423180487e+01,1.0000000000e+00,9.5423180487e+01
9.7495361359e+01,1.0000000000e+00,9.7495361359e+01
9.8166460307e+01,1.0000000000e+00,9.8166460307e+01
9.7207641429e+01,1.0000000000e+00,9.7207641429e+01
9.3691118863e+01,1.0000000000e+00,9.3691118863e+01
8.6551784960e+01,1.0000000000e+00,8.6551784960e+01
7.6847347381e+01,1.0000000000e+00,7.6847347381e+01
6.9597432567e+01,1.0000000000e+00,6.9597432567e+01
8.6066130975e+01,1.0000000000e+00,8.6066130975e+01
1.0145573304e+02,1.0000000000e+00,1.0145573304e+02
1.1576623876e+02,1.0000000000e+00,1.1576623876e+02
1.2500000000e+02,1.0000000000e+00,1.2500000000e+02
1.0886191733e+02,1.0000000000e+00,1.0886191733e+02
8.5499079060e+01,1.0000000000e+00,8.5499079060e+01
5.8602274607e+01,1.0000000000e+00,5.8602274607e+01
2.8171503967e+01,1.0000000000e+00,2.8171503967e+01
3.0824398058e+01,1.0000000000e+00,3.0824398058e+01
4.1658878930e+01,1.0000000000e+00,4.1658878930e+01
5.1995148426e+01,1.0000000000e+00,5.1995148426e+01
5.6073091028e+01,1.0000000000e+00,5.6073091028e+01
5.4541965744e+01,1.0000000000e+00,5.4541965744e+01
5.2701624103e+01,1.0000000000e+00,5.2701624103e+01
6.6851661259e+01,1.0000000000e+00,6.6851661259e+01
8.1609781408e+01,1.0000000000e+00,8.1609781408e+01
9.6975984550e+01,1.0000000000e+00,9.6975984550e+01
1.1295027068e+02,1.0000000000e+00,1.1295027068e+02
1.2500000000e+02,1.0000000000e+00,1.2500000000e+02
1.1042879615e+02,1.0000000000e+00,1.1042879615e+02
9.1700794406e+01,1.0000000000e+00,9.1700794406e+01
7.3315457284e+01,1.0000000000e+00,7.3315457284e+01
5.5272784781e+01,1.0000000000e+00,5.5272784781e+01
3.7572776899e+01,1.0000000000e+00,3.7572776899e+01
4.1814861396e+01,1.0000000000e+00,4.1814861396e+01
4.6399601470e+01,1.0000000000e+00,4.6399601470e+01
4.8261484117e+01,1.0000000000e+00,4.8261484117e+01
4.7299537236e+01,1.0000000000e+00,4.7299537236e+01
4.5141719442e+01,1.0000000000e+00,4.5141719442e+01
4.3292545425e+01,1.0000000000e+00,4.3292545425e+01
4.2414030269e+01,1.0000000000e+00,4.2414030269e+01
4.2723904265e+01,1.0000000000e+00,4.2723904265e+01
4.4352864860e+01,1.0000000000e+00,4.4352864860e+01
4.7102403125e+01,1.0000000000e+00,4.7102403125e+01
5.0079014056e+01,1.0000000000e+00,5.0079014056e+01
5.1878997048e+01,1.0000000000e+00,5.1878997048e+01
5.1315158562e+01,1.0000000000e+00,5.1315158562e+01
4.8062110504e+01,1.0000000000e+00,4.8062110504e+01
4.2836424636e+01,1.0000000000e+00,4.2836424636e+01
3.7225026791e+01,1.0000000000e+00,3.7225026791e+01
3.2996700280e+01,1.0000000000e+00,3.2996700280e+01
3.0799368752e+01,1.0000000000e+00,3.0799368752e+01
2.9476532352e+01,1.0000000000e+00,2.9476532352e+01
2.7130587431e+01,1.0000000000e+00,2.7130587431e+01
2.1054665966e+01,1.0000000000e+00,2.1054665966e+01
1.6843732773e+01,1.0000000000e+00,1.6843732773e+01
1.2632799580e+01,1.0000000000e+00,1.2632799580e+01
8.4218663864e+00,1.0000000000e+00,8.4218663864e+00
4.2109331932e+00,1.0000000000e+00,4.2109331932e+00
0.0000000000e+00,1.0000000000e+00,0.0000000000e+00
0.0000000000e+00,1.0000000000e+00,0.0000000000e+00
0.0000000000e+00,1.0000000000e+00,0.0000000000e+00
0.0000000000e+00,1.0000000000e+00,0.0000000000e+00
0.0000000000e+00,1.0000000000e+00,0.0000000000e+00
0.0000000000e+00,1.0000000000e+00,0.0000000000e+00
2.0351080247e+01,1.0000000000e+00,2.0351080247e+01
4.0702160494e+01,1.0000000000e+00,4.0702160494e+01
6.1053240741e+01,1.0000000000e+00,6.1053240741e+01
1.0416666667e+02,1.0000000000e+00,1.0416666667e+02
1.2500000000e+02,1.0000000000e+00,1.2500000000e+02
1.0416666667e+02,1.0000000000e+00,1.0416666667e+02
7.7256944444e+01,1.0000000000e+00,7.7256944444e+01
5.0925925926e+01,1.0000000000e+00,5.0925925926e+01
4.3650793651e+01,1.0000000000e+00,4.3650793651e+01
3.6375661376e+01,1.0000000000e+00,3.6375661376e+01
2.9100529101e+01,1.0000000000e+00,2.9100529101e+01
2.1825396825e+01,1.0000000000e+00,2.1825396825e+01
1.4550264550e+01,1.0000000000e+00,1.4550264550e+01
2.6122227891e+01,1.0000000000e+00,2.6122227891e+01
3.9183341837e+01,1.0000000000e+00,3.9183341837e+01
7.3905564059e+01,1.0000000000e+00,7.3905564059e+01
1.0416666667e+02,1.0000000000e+00,1.0416666667e+02
1.2500000000e+02,1.0000000000e+00,1.2500000000e+02
1.1067934763e+02,1.0000000000e+00,1.1067934763e+02
8.0680149045e+01,1.0000000000e+00,8.0680149045e+01
3.9076085774e+01,1.0000000000e+00,3.9076085774e+01
4.0832685570e+01,1.0000000000e+00,4.0832685570e+01
4.4092618671e+01,1.0000000000e+00,4.4092618671e+01
4.6350033625e+01,1.0000000000e+00,4.6350033625e+01
4.6420880856e+01,1.0000000000e+00,4.6420880856e+01
4.4553061354e+01,1.0000000000e+00,4.4553061354e+01
4.1474685831e+01,1.0000000000e+00,4.1474685831e+01
3.7758387472e+01,1.0000000000e+00,3.7758387472e+01
3.3763285096e+01,1.0000000000e+00,3.3763285096e+01
2.9612189429e+01,1.0000000000e+00,2.9612189429e+01
2.5381876654e+01,1.0000000000e+00,2.5381876654e+01
2.1151563878e+01,1.0000000000e+00,2.1151563878e+01
1.6921251102e+01,1.0000000000e+00,1.6921251102e+01
1.2690938327e+01,1.0000000000e+00,1.2690938327e+01
8.4606255512e+00,1.0000000000e+00,8.4606255512e+00
4.2303127756e+00,1.0000000000e+00,4.2303127756e+00
0.0000000000e+00,9.0000000000e-01,0.0000000000e+00
0.0000000000e+00,8.0000000000e-01,0.0000000000e+00
0.0000000000e+00,7.0000000000e-01,0.0000000000e+00
0.0000000000e+00,6.0000000000e-01,0.0000000000e+00
0.0000000000e+00,6.0000000000e-01,0.0000000000e+00
0.0000000000e+00,6.0000000000e-01,0.0000000000e+00
0.0000000000e+00,6.0000000000e-01,0.0000000000e+00
0.0000000000e+00,6.0000000000e-01,0.0000000000e+00
0.0000000000e+00,6.0000000000e-01,0.0000000000e+00
0.0000000000e+00,6.0000000000e-01,0.0000000000e+00
0.0000000000e+00,6.0000000000e-01,0.0000000000e+00
0.0000000000e+00,6.0000000000e-01,0.0000000000e+00
0.0000000000e+00,6.0000000000e-01,0.0000000000e+00
0.0000000000e+00,6.0000000000e-01,0.0000000000e+00
0.0000000000e+00,6.0000000000e-01,0.0000000000e+00
0.0000000000e+00,6.0000000000e-01,0.0000000000e+00
0.0000000000e+00,6.0000000000e-01,0.0000000000e+00
0.0000000000e+00,6.0000000000e-01,0.0000000000e+00
0.0000000000e+00,6.0000000000e-01,0.0000000000e+00
0.0000000000e+00,6.0000000000e-01,0.0000000000e+00
0.0000000000e+00,6.0000000000e-01,0.0000000000e+00
0.0000000000e+00,6.0000000000e-01,0.0000000000e+00
0.0000000000e+00,6.0000000000e-01,0.0000000000e+00
0.0000000000e+00,6.0000000000e-01,0.0000000000e+00
0.0000000000e+00,6.0000000000e-01,0.0000000000e+00
0.0000000000e+00,6.0000000000e-01,0.0000000000e+00
0.0000000000e+00,6.0000000000e-01,0.0000000000e+00
0.0000000000e+00,6.0000000000e-01,0.0000000000e+00
0.0000000000e+00,6.0000000000e-01,0.0000000000e+00
0.0000000000e+00,6.0000000000e-01,0.0000000000e+00
0.0000000000e+00,6.0000000000e-01,0.0000000000e+00
0.0000000000e+00,6.0000000000e-01,0.0000000000e+00
0.0000000000e+00,6.0000000000e-01,0.0000000000e+00
0.0000000000e+00,6.0000000000e-01,0.0000000000e+00
0.0000000000e+00,6.0000000000e-01,0.0000000000e+00
0.0000000000e+00,6.0000000000e-01,0.0000000000e+00
0.0000000000e+00,6.0000000000e-01,0.0000000000e+00
0.0000000000e+00,6.0000000000e-01,0.0000000000e+00
0.0000000000e+00,6.0000000000e-01,0.0000000000e+00
0.0000000000e+00,6.0000000000e-01,0.0000000000e+00
0.0000000000e+00,6.0000000000e-01,0.0000000000e+00
0.0000000000e+00,6.0000000000e-01,0.0000000000e+00
0.0000000000e+00,6.0000000000e-01,0.0000000000e+00
0.0000000000e+00,6.0000000000e-01,0.0000000000e+00
0.0000000000e+00,6.0000000000e-01,0.0000000000e+00
0.0000000000e+00,6.0000000000e-01,0.0000000000e+00
0.0000000000e+00,6.0000000000e-01,0.0000000000e+00
0.0000000000e+00,6.0000000000e-01,0.0000000000e+00
0.0000000000e+00,6.0000000000e-01,0.0000000000e+00
0.0000000000e+00,6.0000000000e-01,0.0000000000e+00
0.0000000000e+00,6.0000000000e-01,0.0000000000e+00
0.0000000000e+00,6.0000000000e-01,0.0000000000e+00
0.0000000000e+00,6.0000000000e-01,0.0000000000e+00
0.0000000000e+00,6.0000000000e-01,0.0000000000e+00
0.0000000000e+00,6.0000000000e-01,0.0000000000e+00
0.0000000000e+00,6.0000000000e-01,0.0000000000e+00
0.0000000000e+00,6.0000000000e-01,0.0000000000e+00
0.0000000000e+00,6.0000000000e-01,0.0000000000e+00
0.0000000000e+00,6.0000000000e-01,0.0000000000e+00
0.0000000000e+00,6.0000000000e-01,0.0000000000e+00
0.0000000000e+00,6.0000000000e-01,0.0000000000e+00
0.0000000000e+00,6.0000000000e-01,0.0000000000e+00
0.0000000000e+00,6.0000000000e-01,0.0000000000e+00
0.0000000000e+00,6.0000000000e-01,0.0000000000e+00
0.0000000000e+00,6.0000000000e-01,0.0000000000e+00
0.0000000000e+00,6.0000000000e-01,0.0000000000e+00
0.0000000000e+00,6.0000000000e-01,0.0000000000e+00
0.0000000000e+00,6.0000000000e-01,0.0000000000e+00
0.0000000000e+00,6.0000000000e-01,0.0000000000e+00
0.0000000000e+00,6.0000000000e-01,0.0000000000e+00
0.0000000000e+00,7.0000000000e-01,0.0000000000e+00
0.0000000000e+00,8.0000000000e-01,0.0000000000e+00
0.0000000000e+00,9.0000000000e-01,0.0000000000e+00
1.2606002502e+01,1.0000000000e+00,1.2606002502e+01
2.5212005004e+01,1.0000000000e+00,2.5212005004e+01
3.7818007506e+01,1.0000000000e+00,3.7818007506e+01
5.5415985502e+01,1.0000000000e+00,5.5415985502e+01
7.5197182461e+01,1.0000000000e+00,6.8354192424e+01
6.9260012120e+01,1.0000000000e+00,6.9908567760e+01
4.9676607929e+01,1.0000000000e+00,6.5953837488e+01
8.4517384232e+01,1.0000000000e+00,8.6530202071e+01
1.2923804212e+02,1.0000000000e+00,1.0769141257e+02
1.3496006307e+02,1.0000000000e+00,1.1966176526e+02
1.0963452039e+02,1.0000000000e+00,1.2192690408e+02
8.3570404848e+01,1.0000000000e+00,1.0941091076e+02
8.4924168727e+01,1.0000000000e+00,9.4578753741e+01
9.2525141984e+01,1.0000000000e+00,7.4686007136e+01
9.7002996644e+01,1.0000000000e+00,7.6879157569e+01
6.1565134793e+01,1.0000000000e+00,7.1404468145e+01
4.6546843846e+01,1.0000000000e+00,6.7897184956e+01
8.1176915032e+01,1.0000000000e+00,7.2477640968e+01
9.1951008498e+01,1.0000000000e+00,7.2340225547e+01
5.4367132744e+01,1.0000000000e+00,6.3677159664e+01
4.3267823518e+01,1.0000000000e+00,6.1257442357e+01
7.8186407677e+01,1.0000000000e+00,6.8440369428e+01
8.7568728937e+01,1.0000000000e+00,7.0221497593e+01
5.5114332863e+01,1.0000000000e+00,6.2359615971e+01
3.9222741622e+01,1.0000000000e+00,5.6281896691e+01
5.5574445681e+01,1.0000000000e+00,5.6634253624e+01
7.0184977850e+01,1.0000000000e+00,5.8762093891e+01
6.6578585344e+01,1.0000000000e+00,5.9687446890e+01
5.9044983420e+01,1.0000000000e+00,5.9993377747e+01
5.6411606302e+01,1.0000000000e+00,5.8536139211e+01
5.2786340158e+01,1.0000000000e+00,5.3352857982e+01
4.6538397764e+01,1.0000000000e+00,4.6520004939e+01
4.2822385548e+01,1.0000000000e+00,4.2822385548e+01
4.4343227517e+01,1.0000000000e+00,4.4343227517e+01
4.8208454334e+01,1.0000000000e+00,4.8208454334e+01
5.0029632855e+01,1.0000000000e+00,5.0029632855e+01
4.8476424899e+01,1.0000000000e+00,4.8476424899e+01
4.5294669919e+01,1.0000000000e+00,4.5294669919e+01
4.1927036888e+01,1.0000000000e+00,4.1927036888e+01
3.8128427310e+01,1.0000000000e+00,3.8128427310e+01
3.3457790545e+01,1.0000000000e+00,3.3457790545e+01
2.8678106181e+01,1.0000000000e+00,2.8678106181e+01
2.3898421818e+01,1.0000000000e+00,2.3898421818e+01
1.9118737454e+01,1.0000000000e+00,1.9118737454e+01
1.4339053091e+01,1.0000000000e+00,1.4339053091e+01
9.5593687271e+00,1.0000000000e+00,9.5593687271e+00
4.7796843635e+00,1.0000000000e+00,4.7796843635e+00
0.0000000000e+00,9.0000000000e-01,0.0000000000e+00
0.0000000000e+00,8.0000000000e-01,0.0000000000e+00
0.0000000000e+00,7.0000000000e-01,0.0000000000e+00
0.0000000000e+00,6.0000000000e-01,0.0000000000e+00
0.0000000000e+00,6.0000000000e-01,0.0000000000e+00
0.0000000000e+00,6.0000000000e-01,0.0000000000e+00
0.0000000000e+00,6.0000000000e-01,0.0000000000e+00
0.0000000000e+00,6.0000000000e-01,0.0000000000e+00
0.0000000000e+00,6.0000000000e-01,0.0000000000e+00
0.0000000000e+00,6.0000000000e-01,0.0000000000e+00
0.0000000000e+00,6.0000000000e-01,0.0000000000e+00
0.0000000000e+00,6.0000000000e-01,0.0000000000e+00
0.0000000000e+00,6.0000000000e-01,0.0000000000e+00
0.0000000000e+00,6.0000000000e-01,0.0000000000e+00
0.0000000000e+00,7.0000000000e-01,0.0000000000e+00
0.0000000000e+00,8.0000000000e-01,0.0000000000e+00
0.0000000000e+00,9.0000000000e-01,0.0000000000e+00
1.3026753723e+01,1.0000000000e+00,1.3026753723e+01
2.6053507447e+01,1.0000000000e+00,2.6053507447e+01
3.9080261170e+01,1.0000000000e+00,3.9080261170e+01
7.3802483392e+01,1.0000000000e+00,7.3802483392e+01
1.0416666667e+02,1.0000000000e+00,1.0416666667e+02
1.2500000000e+02,1.0000000000e+00,1.2500000000e+02
1.1073013828e+02,1.0000000000e+00,1.1073013828e+02
8.8971395560e+01,1.0000000000e+00,8.8971395560e+01
6.5188292689e+01,1.0000000000e+00,6.5188292689e+01
3.9380829666e+01,1.0000000000e+00,3.9380829666e+01
4.0730276705e+01,1.0000000000e+00,4.0730276705e+01
4.0138556185e+01,1.0000000000e+00,4.0138556185e+01
3.7135852148e+01,1.0000000000e+00,3.7135852148e+01
3.3132734488e+01,1.0000000000e+00,3.3132734488e+01
2.9637881163e+01,1.0000000000e+00,2.9637881163e+01
2.7389338379e+01,1.0000000000e+00,2.7389338379e+01
2.6087508397e+01,1.0000000000e+00,2.6087508397e+01
1.9563813128e+01,1.0000000000e+00,1.9563813128e+01
1.5651050502e+01,1.0000000000e+00,1.5651050502e+01
1.1738287877e+01,1.0000000000e+00,1.1738287877e+01
7.8255252510e+00,1.0000000000e+00,7.8255252510e+00
3.9127626255e+00,1.0000000000e+00,3.9127626255e+00
0.0000000000e+00,9.0000000000e-01,0.0000000000e+00
0.0000000000e+00,8.0000000000e-01,0.0000000000e+00
0.0000000000e+00,7.0000000000e-01,0.0000000000e+00
0.0000000000e+00,6.0000000000e-01,0.0000000000e+00
0.0000000000e+00,6.0000000000e-01,0.0000000000e+00
0.0000000000e+00,6.0000000000e-01,0.0000000000e+00
0.0000000000e+00,6.0000000000e-01,0.0000000000e+00
0.0000000000e+00,6.0000000000e-01,0.0000000000e+00
0.0000000000e+00,6.0000000000e-01,0.0000000000e+00
0.0000000000e+00,6.0000000000e-01,0.0000000000e+00
0.0000000000e+00,6.0000000000e-01,0.0000000000e+00
0.0000000000e+00,7.0000000000e-01,0.0000000000e+00
0.0000000000e+00,8.0000000000e-01,0.0000000000e+00
0.0000000000e+00,9.0000000000e-01,0.0000000000e+00
2.0399305556e+01,1.0000000000e+00,2.0399305556e+01
4.0798611111e+01,1.0000000000e+00,4.0798611111e+01
6.1197916667e+01,1.0000000000e+00,6.1197916667e+01
1.0416666667e+02,1.0000000000e+00,1.0416666667e+02
1.2500000000e+02,1.0000000000e+00,1.2500000000e+02
1.0416666667e+02,1.0000000000e+00,1.0416666667e+02
8.9285714286e+01,1.0000000000e+00,8.9285714286e+01
7.4404761905e+01,1.0000000000e+00,7.4404761905e+01
5.9523809524e+01,1.0000000000e+00,5.9523809524e+01
4.4642857143e+01,1.0000000000e+00,4.4642857143e+01
2.9761904762e+01,1.0000000000e+00,2.9761904762e+01
3.1112554107e+01,1.0000000000e+00,3.1112554107e+01
3.4375897577e+01,1.0000000000e+00,3.4375897577e+01
3.3764232199e+01,1.0000000000e+00,3.3764232199e+01
3.0103256654e+01,1.0000000000e+00,3.0103256654e+01
2.5802791418e+01,1.0000000000e+00,2.5802791418e+01
2.1502326181e+01,1.0000000000e+00,2.1502326181e+01
1.7201860945e+01,1.0000000000e+00,1.7201860945e+01
1.2901395709e+01,1.0000000000e+00,1.2901395709e+01
8.6009304725e+00,1.0000000000e+00,8.6009304725e+00
4.3004652363e+00,1.0000000000e+00,4.3004652363e+00
0.0000000000e+00,9.0000000000e-01,0.0000000000e+00
0.0000000000e+00,8.0000000000e-01,0.0000000000e+00
0.0000000000e+00,7.0000000000e-01,0.0000000000e+00
0.0000000000e+00,6.0000000000e-01,0.0000000000e+00
0.0000000000e+00,6.0000000000e-01,0.0000000000e+00
0.0000000000e+00,6.0000000000e-01,0.0000000000e+00
0.0000000000e+00,6.0000000000e-01,0.0000000000e+00
0.0000000000e+00,6.0000000000e-01,0.0000000000e+00
0.0000000000e+00,6.0000000000e-01,0.0000000000e+00
0.0000000000e+00,6.0000000000e-01,0.0000000000e+00
0.0000000000e+00,6.0000000000e-01,0.0000000000e+00
0.0000000000e+00,6.0000000000e-01,0.0000000000e+00
0.0000000000e+00,6.0000000000e-01,0.0000000000e+00
0.0000000000e+00,6.0000000000e-01,0.0000000000e+00
0.0000000000e+00,6.0000000000e-01,0.0000000000e+00
0.0000000000e+00,6.0000000000e-01,0.0000000000e+00
0.0000000000e+00,6.0000000000e-01,0.0000000000e+00
0.0000000000e+00,6.0000000000e-01,0.0000000000e+00
0.0000000000e+00,6.0000000000e-01,0.0000000000e+00
0.0000000000e+00,6.0000000000e-01,0.0000000000e+00
0.0000000000e+00,6.0000000000e-01,0.0000000000e+00
0.0000000000e+00,6.0000000000e-01,0.0000000000e+00
0.0000000000e+00,6.0000000000e-01,0.0000000000e+00
0.0000000000e+00,6.0000000000e-01,0.0000000000e+00
0.0000000000e+00,6.0000000000e-01,0.0000000000e+00
0.0000000000e+00,7.0000000000e-01,0.0000000000e+00
0.0000000000e+00,8.0000000000e-01,0.0000000000e+00
0.0000000000e+00,9.0000000000e-01,0.0000000000e+00
1.2360542886e+01,1.0000000000e+00,1.2360542886e+01
2.4721085773e+01,1.0000000000e+00,2.4721085773e+01
3.7081628659e+01,1.0000000000e+00,3.7081628659e+01
5.1453067336e+01,1.0000000000e+00,5.1453067336e+01
5.7467672883e+01,1.0000000000e+00,5.7467672883e+01
5.5894942922e+01,1.0000000000e+00,5.5894942922e+01
5.2438349328e+01,1.0000000000e+00,5.2438349328e+01
6.7917096531e+01,1.0000000000e+00,6.7917096531e+01
8.3154685970e+01,1.0000000000e+00,8.3154685970e+01
9.8151117645e+01,1.0000000000e+00,9.8151117645e+01
1.1290639155e+02,1.0000000000e+00,1.1290639155e+02
1.2500000000e+02,1.0000000000e+00,1.2500000000e+02
1.1990889678e+02,1.0000000000e+00,1.1990889678e+02
1.0416666667e+02,1.0000000000e+00,1.0416666667e+02
8.6727402148e+01,1.0000000000e+00,8.6727402148e+01
6.7591103223e+01,1.0000000000e+00,6.7591103223e+01
4.6757769889e+01,1.0000000000e+00,4.6757769889e+01
4.0078088477e+01,1.0000000000e+00,4.0078088477e+01
3.3398407064e+01,1.0000000000e+00,3.3398407064e+01
2.6718725651e+01,1.0000000000e+00,2.6718725651e+01
2.0039044238e+01,1.0000000000e+00,2.0039044238e+01
1.3359362826e+01,1.0000000000e+00,1.3359362826e+01
6.6796814128e+00,1.0000000000e+00,6.6796814128e+00
8.9936243721e+00,1.0000000000e+00,8.9936243721e+00
1.7987248744e+01,1.0000000000e+00,1.7987248744e+01
2.6980873116e+01,1.0000000000e+00,2.6980873116e+01
4.8336330935e+01,1.0000000000e+00,4.8336330935e+01
6.9169664269e+01,1.0000000000e+00,6.9169664269e+01
8.7779776179e+01,1.0000000000e+00,8.7779776179e+01
1.0416666667e+02,1.0000000000e+00,1.0416666667e+02
1.1833033573e+02,1.0000000000e+00,1.1833033573e+02
1.2500000000e+02,1.0000000000e+00,1.2500000000e+02
1.1890487610e+02,1.0000000000e+00,1.1890487610e+02
1.0416666667e+02,1.0000000000e+00,1.0416666667e+02
8.4907074341e+01,1.0000000000e+00,8.4907074341e+01
6.1126099121e+01,1.0000000000e+00,6.1126099121e+01
5.2393799246e+01,1.0000000000e+00,5.2393799246e+01
4.3661499372e+01,1.0000000000e+00,4.3661499372e+01
3.4929199498e+01,1.0000000000e+00,3.4929199498e+01
2.6196899623e+01,1.0000000000e+00,2.6196899623e+01
1.7464599749e+01,1.0000000000e+00,1.7464599749e+01
8.7322998744e+00,1.0000000000e+00,8.7322998744e+00
0.0000000000e+00,9.0000000000e-01,0.0000000000e+00
0.0000000000e+00,8.0000000000e-01,0.0000000000e+00
0.0000000000e+00,7.0000000000e-01,0.0000000000e+00
0.0000000000e+00,6.0000000000e-01,0.0000000000e+00
0.0000000000e+00,6.0000000000e-01,0.0000000000e+00
0.0000000000e+00,6.0000000000e-01,0.0000000000e+00
0.0000000000e+00,6.0000000000e-01,0.0000000000e+00
0.0000000000e+00,6.0000000000e-01,0.0000000000e+00
0.0000000000e+00,6.0000000000e-01,0.0000000000e+00
0.0000000000e+00,6.0000000000e-01,0.0000000000e+00
0.0000000000e+00,6.0000000000e-01,0.0000000000e+00
0.0000000000e+00,6.0000000000e-01,0.0000000000e+00
0.0000000000e+00,6.0000000000e-01,0.0000000000e+00
0.0000000000e+00,6.0000000000e-01,0.0000000000e+00
0.0000000000e+00,6.0000000000e-01,0.0000000000e+00
0.0000000000e+00,6.0000000000e-01,0.0000000000e+00
0.0000000000e+00,6.0000000000e-01,0.0000000000e+00
0.0000000000e+00,6.0000000000e-01,0.0000000000e+00
0.0000000000e+00,6.0000000000e-01,0.0000000000e+00
0.0000000000e+00,6.0000000000e-01,0.0000000000e+00
0.0000000000e+00,6.0000000000e-01,0.0000000000e+00
0.0000000000e+00,6.0000000000e-01,0.0000000000e+00
0.0000000000e+00,6.0000000000e-01,0.0000000000e+00
0.0000000000e+00,6.0000000000e-01,0.0000000000e+00
0.0000000000e+00,6.0000000000e-01,0.0000000000e+00
0.0000000000e+00,6.0000000000e-01,0.0000000000e+00
0.0000000000e+00,6.0000000000e-01,0.0000000000e+00
0.0000000000e+00,6.0000000000e-01,0.0000000000e+00
0.0000000000e+00,6.0000000000e-01,0.0000000000e+00
0.0000000000e+00,6.0000000000e-01,0.0000000000e+00
0.0000000000e+00,6.0000000000e-01,0.0000000000e+00
0.0000000000e+00,6.0000000000e-01,0.0000000000e+00
0.0000000000e+00,6.0000000000e-01,0.0000000000e+00
0.0000000000e+00,6.0000000000e-01,0.0000000000e+00
0.0000000000e+00,6.0000000000e-01,0.0000000000e+00
0.0000000000e+00,6.0000000000e-01,0.0000000000e+00
0.0000000000e+00,6.0000000000e-01,0.0000000000e+00
0.0000000000e+00,6.0000000000e-01,0.0000000000e+00
0.0000000000e+00,7.0000000000e-01,0.0000000000e+00
0.0000000000e+00,8.0000000000e-01,0.0000000000e+00
0.0000000000e+00,9.0000000000e-01,0.0000000000e+00
2.0908898593e+01,1.0000000000e+00,2.0908898593e+01
4.1817797186e+01,1.0000000000e+00,4.1817797186e+01
6.2726695779e+01,1.0000000000e+00,6.2726695779e+01
1.0416666667e+02,1.0000000000e+00,1.0416666667e+02
1.2500000000e+02,1.0000000000e+00,1.2500000000e+02
1.2930721980e+02,1.0000000000e+00,1.2930721980e+02
1.1977640527e+02,1.0000000000e+00,1.1977640527e+02
1.0845550773e+02,1.0000000000e+00,1.0845550773e+02
9.7352519045e+01,1.0000000000e+00,9.7352519045e+01
8.6467439223e+01,1.0000000000e+00,8.6467439223e+01
7.5800268261e+01,1.0000000000e+00,7.5800268261e+01
6.5351006161e+01,1.0000000000e+00,6.5351006161e+01
5.5119652922e+01,1.0000000000e+00,5.5119652922e+01
4.5106208544e+01,1.0000000000e+00,4.5106208544e+01
3.5310673027e+01,1.0000000000e+00,3.5310673027e+01
2.5733046371e+01,1.0000000000e+00,2.5733046371e+01
2.6282882556e+01,1.0000000000e+00,2.6282882556e+01
3.1164219955e+01,1.0000000000e+00,3.1164219955e+01
3.9547787198e+01,1.0000000000e+00,3.9547787198e+01
4.6835141721e+01,1.0000000000e+00,4.6835141721e+01
4.7708981573e+01,1.0000000000e+00,4.7708981573e+01
4.0686360406e+01,1.0000000000e+00,4.0686360406e+01
3.4874023205e+01,1.0000000000e+00,3.4874023205e+01
2.9061686005e+01,1.0000000000e+00,2.9061686005e+01
2.3249348804e+01,1.0000000000e+00,2.3249348804e+01
2.7092051832e+01,1.0000000000e+00,2.7092051832e+01
3.3738731016e+01,1.0000000000e+00,3.3738731016e+01
3.5911976385e+01,1.0000000000e+00,3.5911976385e+01
3.2223416628e+01,1.0000000000e+00,3.2223416628e+01
2.7620071395e+01,1.0000000000e+00,2.7620071395e+01
2.3016726163e+01,1.0000000000e+00,2.3016726163e+01
1.8413380930e+01,1.0000000000e+00,1.8413380930e+01
1.3810035698e+01,1.0000000000e+00,1.3810035698e+01
1.0328810486e+01,1.0000000000e+00,1.0328810486e+01
2.0657620972e+01,1.0000000000e+00,2.0657620972e+01
3.0986431457e+01,1.0000000000e+00,3.0986431457e+01
3.5624878497e+01,1.0000000000e+00,3.5624878497e+01
3.6499815201e+01,1.0000000000e+00,3.6499815201e+01
3.5457514213e+01,1.0000000000e+00,3.5457514213e+01
3.4679280686e+01,1.0000000000e+00,3.4679280686e+01
3.4510072317e+01,1.0000000000e+00,3.4510072317e+01
3.3710035342e+01,1.0000000000e+00,3.3710035342e+01
3.1287958641e+01,1.0000000000e+00,3.1287958641e+01
2.7439286831e+01,1.0000000000e+00,2.7439286831e+01
2.2348541886e+01,1.0000000000e+00,2.2348541886e+01
1.7878833509e+01,1.0000000000e+00,1.7878833509e+01
1.3409125132e+01,1.0000000000e+00,1.3409125132e+01
8.9394167545e+00,1.0000000000e+00,8.9394167545e+00
4.4697083773e+00,1.0000000000e+00,4.4697083773e+00
0.0000000000e+00,9.0000000000e-01,0.0000000000e+00
0.0000000000e+00,8.0000000000e-01,0.0000000000e+00
0.0000000000e+00,7.0000000000e-01,0.0000000000e+00
0.0000000000e+00,6.0000000000e-01,0.0000000000e+00
0.0000000000e+00,6.0000000000e-01,0.0000000000e+00
0.0000000000e+00,6.0000000000e-01,0.0000000000e+00
0.0000000000e+00,6.0000000000e-01,0.0000000000e+00
0.0000000000e+00,6.0000000000e-01,0.0000000000e+00
0.0000000000e+00,6.0000000000e-01,0.0000000000e+00
0.0000000000e+00,6.0000000000e-01,0.0000000000e+00
0.0000000000e+00,6.0000000000e-01,0.0000000000e+00
0.0000000000e+00,6.0000000000e-01,0.0000000000e+00
0.0000000000e+00,6.0000000000e-01,0.0000000000e+00
0.0000000000e+00,6.0000000000e-01,0.0000000000e+00
0.0000000000e+00,6.0000000000e-01,0.0000000000e+00
0.0000000000e+00,6.0000000000e-01,0.0000000000e+00
0.0000000000e+00,6.0000000000e-01,0.0000000000e+00
0.0000000000e+00,6.0000000000e-01,0.0000000000e+00
0.0000000000e+00,6.0000000000e-01,0.0000000000e+00
0.0000000000e+00,6.0000000000e-01,0.0000000000e+00
0.0000000000e+00,6.0000000000e-01,0.0000000000e+00
0.0000000000e+00,6.0000000000e-01,0.0000000000e+00
0.0000000000e+00,6.0000000000e-01,0.0000000000e+00
0.0000000000e+00,6.0000000000e-01,0.0000000000e+00
0.0000000000e+00,6.0000000000e-01,0.0000000000e+00
0.0000000000e+00,6.0000000000e-01,0.0000000000e+00
0.0000000000e+00,6.0000000000e-01,0.0000000000e+00
0.0000000000e+00,6.0000000000e-01,0.0000000000e+00
0.0000000000e+00,6.0000000000e-01,0.0000000000e+00
0.0000000000e+00,6.0000000000e-01,0.0000000000e+00
0.0000000000e+00,6.0000000000e-01,0.0000000000e+00
0.0000000000e+00,6.0000000000e-01,0.0000000000e+00
0.0000000000e+00,6.0000000000e-01,0.0000000000e+00
0.0000000000e+00,6.0000000000e-01,0.0000000000e+00
0.0000000000e+00,6.0000000000e-01,0.0000000000e+00
0.0000000000e+00,6.0000000000e-01,0.0000000000e+00
0.0000000000e+00,6.0000000000e-01,0.0000000000e+00
0.0000000000e+00,6.0000000000e-01,0.0000000000e+00
0.0000000000e+00,6.0000000000e-01,0.0000000000e+00
0.0000000000e+00,6.0000000000e-01,0.0000000000e+00
0.0000000000e+00,6.0000000000e-01,0.0000000000e+00
0.0000000000e+00,6.0000000000e-01,0.0000000000e+00
0.0000000000e+00,6.0000000000e-01,0.0000000000e+00
0.0000000000e+00,6.0000000000e-01,0.0000000000e+00
0.0000000000e+00,6.0000000000e-01,0.0000000000e+00
0.0000000000e+00,6.0000000000e-01,0.0000000000e+00
0.0000000000e+00,6.0000000000e-01,0.0000000000e+00
0.0000000000e+00,6.0000000000e-01,0.0000000000e+00
0.0000000000e+00,6.0000000000e-01,0.0000000000e+00
0.0000000000e+00,6.0000000000e-01,0.0000000000e+00
0.0000000000e+00,6.0000000000e-01,0.0000000000e+00
0.0000000000e+00,6.0000000000e-01,0.0000000000e+00
0.0000000000e+00,6.0000000000e-01,0.0000000000e+00
0.0000000000e+00,6.0000000000e-01,0.0000000000e+00
0.0000000000e+00,6.0000000000e-01,0.0000000000e+00
0.0000000000e+00,6.0000000000e-01,0.0000000000e+00
0.0000000000e+00,6.0000000000e-01,0.0000000000e+00
0.0000000000e+00,6.0000000000e-01,0.0000000000e+00
0.0000000000e+00,6.0000000000e-01,0.0000000000e+00
0.0000000000e+00,6.0000000000e-01,0.0000000000e+00
0.0000000000e+00,6.0000000000e-01,0.0000000000e+00
0.0000000000e+00,6.0000000000e-01,0.0000000000e+00
0.0000000000e+00,6.0000000000e-01,0.0000000000e+00
0.0000000000e+00,6.0000000000e-01,0.0000000000e+00
0.0000000000e+00,6.0000000000e-01,0.0000000000e+00
0.0000000000e+00,6.0000000000e-01,0.0000000000e+00
0.0000000000e+00,6.0000000000e-01,0.0000000000e+00
0.0000000000e+00,6.0000000000e-01,0.0000000000e+00
0.0000000000e+00,6.0000000000e-01,0.0000000000e+00
0.0000000000e+00,7.0000000000e-01,0.0000000000e+00
0.0000000000e+00,8.0000000000e-01,0.0000000000e+00
0.0000000000e+00,9.0000000000e-01,0.0000000000e+00
1.4095426248e+01,1.0000000000e+00,1.4095426248e+01
2.8190852496e+01,1.0000000000e+00,2.8190852496e+01
4.2286278744e+01,1.0000000000e+00,4.2286278744e+01
7.3926127670e+01,1.0000000000e+00,7.3926127670e+01
1.0416666667e+02,1.0000000000e+00,1.0416666667e+02
1.2500000000e+02,1.0000000000e+00,1.2500000000e+02
1.1248274798e+02,1.0000000000e+00,1.1248274798e+02
9.5347917803e+01,1.0000000000e+00,9.5347917803e+01
7.9205264395e+01,1.0000000000e+00,7.9205264395e+01
6.4054787761e+01,1.0000000000e+00,6.4054787761e+01
4.9896487900e+01,1.0000000000e+00,4.9896487900e+01
5.1227868741e+01,1.0000000000e+00,5.1227868741e+01
5.7500796309e+01,1.0000000000e+00,5.7500796309e+01
6.6722892459e+01,1.0000000000e+00,6.6722892459e+01
7.4310803489e+01,1.0000000000e+00,7.4310803489e+01
7.5717087608e+01,1.0000000000e+00,7.5717087608e+01
7.0417233103e+01,1.0000000000e+00,7.0417233103e+01
6.2407094392e+01,1.0000000000e+00,6.2407094392e+01
5.6146837190e+01,1.0000000000e+00,5.6146837190e+01
5.2618080816e+01,1.0000000000e+00,5.2618080816e+01
5.0099033320e+01,1.0000000000e+00,5.0099033320e+01
4.7711858938e+01,1.0000000000e+00,4.7711858938e+01
4.6398414871e+01,1.0000000000e+00,4.6398414871e+01
4.7026396570e+01,1.0000000000e+00,4.7026396570e+01
4.9434947644e+01,1.0000000000e+00,4.9434947644e+01
5.3119649937e+01,1.0000000000e+00,5.3119649937e+01
5.7337266632e+01,1.0000000000e+00,5.7337266632e+01
6.0587139559e+01,1.0000000000e+00,6.0587139559e+01
6.1468575638e+01,1.0000000000e+00,6.1468575638e+01
6.0742773725e+01,1.0000000000e+00,6.0742773725e+01
6.1543293199e+01,1.0000000000e+00,6.1543293199e+01
6.6222073673e+01,1.0000000000e+00,6.6222073673e+01
7.3055810116e+01,1.0000000000e+00,7.3055810116e+01
7.7051744141e+01,1.0000000000e+00,7.7051744141e+01
7.4331159761e+01,1.0000000000e+00,7.4331159761e+01
6.5599282702e+01,1.0000000000e+00,6.5599282702e+01
5.5506516735e+01,1.0000000000e+00,5.5506516735e+01
4.8630462258e+01,1.0000000000e+00,4.8630462258e+01
4.5781442378e+01,1.0000000000e+00,4.5781442378e+01
4.4110777078e+01,1.0000000000e+00,4.4110777078e+01
4.0628601852e+01,1.0000000000e+00,4.0628601852e+01
3.5083585016e+01,1.0000000000e+00,3.5083585016e+01
3.0071644299e+01,1.0000000000e+00,3.0071644299e+01
2.5059703583e+01,1.0000000000e+00,2.5059703583e+01
2.0047762866e+01,1.0000000000e+00,2.0047762866e+01
1.5035822150e+01,1.0000000000e+00,1.5035822150e+01
1.0023881433e+01,1.0000000000e+00,1.0023881433e+01
5.0119407165e+00,1.0000000000e+00,5.0119407165e+00
0.0000000000e+00,9.0000000000e-01,0.0000000000e+00
0.0000000000e+00,8.0000000000e-01,0.0000000000e+00
0.0000000000e+00,7.0000000000e-01,0.0000000000e+00
0.0000000000e+00,6.0000000000e-01,0.0000000000e+00
0.0000000000e+00,6.0000000000e-01,0.0000000000e+00
0.0000000000e+00,6.0000000000e-01,0.0000000000e+00
0.0000000000e+00,6.0000000000e-01,0.0000000000e+00
0.0000000000e+00,6.0000000000e-01,0.0000000000e+00
0.0000000000e+00,6.0000000000e-01,0.0000000000e+00
0.0000000000e+00,6.0000000000e-01,0.0000000000e+00
0.0000000000e+00,6.0000000000e-01,0.0000000000e+00
0.0000000000e+00,6.0000000000e-01,0.0000000000e+00
0.0000000000e+00,6.0000000000e-01,0.0000000000e+00
0.0000000000e+00,6.0000000000e-01,0.0000000000e+00
0.0000000000e+00,7.0000000000e-01,0.0000000000e+00
0.0000000000e+00,8.0000000000e-01,0.0000000000e+00
0.0000000000e+00,9.0000000000e-01,0.0000000000e+00
1.0207438123e+01,1.0000000000e+00,1.0207438123e+01
2.0414876245e+01,1.0000000000e+00,2.0414876245e+01
3.0622314368e+01,1.0000000000e+00,3.0622314368e+01
3.7511864833e+01,1.0000000000e+00,3.7511864833e+01
3.7999275627e+01,1.0000000000e+00,3.7999275627e+01
3.5622355384e+01,1.0000000000e+00,3.5622355384e+01
5.2877926242e+01,1.0000000000e+00,5.2877926242e+01
7.1043344947e+01,1.0000000000e+00,7.1043344947e+01
9.0118611499e+01,1.0000000000e+00,9.0118611499e+01
1.1010372590e+02,1.0000000000e+00,1.1010372590e+02
1.2500000000e+02,1.0000000000e+00,1.2500000000e+02
1.0416666667e+02,1.0000000000e+00,1.0416666667e+02
7.3713208032e+01,1.0000000000e+00,7.3713208032e+01
6.3182749742e+01,1.0000000000e+00,6.3182749742e+01
5.2652291452e+01,1.0000000000e+00,5.2652291452e+01
4.2121833161e+01,1.0000000000e+00,4.2121833161e+01
3.1591374871e+01,1.0000000000e+00,3.1591374871e+01
2.1123245586e+01,1.0000000000e+00,2.1123245586e+01
3.1684868379e+01,1.0000000000e+00,3.1684868379e+01
5.5083899518e+01,1.0000000000e+00,5.5083899518e+01
8.0375424638e+01,1.0000000000e+00,8.0375424638e+01
1.0416666667e+02,1.0000000000e+00,1.0416666667e+02
1.2500000000e+02,1.0000000000e+00,1.2500000000e+02
1.3412967102e+02,1.0000000000e+00,1.3412967102e+02
1.3009805412e+02,1.0000000000e+00,1.3009805412e+02
1.1954192155e+02,1.0000000000e+00,1.1954192155e+02
1.0909804552e+02,1.0000000000e+00,1.0909804552e+02
9.8766426040e+01,1.0000000000e+00,9.8766426040e+01
8.8547063113e+01,1.0000000000e+00,8.8547063113e+01
7.8439956736e+01,1.0000000000e+00,7.8439956736e+01
6.8445106909e+01,1.0000000000e+00,6.8445106909e+01
5.8562513633e+01,1.0000000000e+00,5.8562513633e+01
4.8792176907e+01,1.0000000000e+00,4.8792176907e+01
3.9134096732e+01,1.0000000000e+00,3.9134096732e+01
2.9588273107e+01,1.0000000000e+00,2.9588273107e+01
3.0392907937e+01,1.0000000000e+00,3.0392907937e+01
3.2536936700e+01,1.0000000000e+00,3.2536936700e+01
3.2957023736e+01,1.0000000000e+00,3.2957023736e+01
2.9885439804e+01,1.0000000000e+00,2.9885439804e+01
2.3540731240e+01,1.0000000000e+00,2.3540731240e+01
1.8832584992e+01,1.0000000000e+00,1.8832584992e+01
1.4124438744e+01,1.0000000000e+00,1.4124438744e+01
9.4162924959e+00,1.0000000000e+00,9.4162924959e+00
4.7081462480e+00,1.0000000000e+00,4.7081462480e+00
0.0000000000e+00,9.0000000000e-01,0.0000000000e+00
0.0000000000e+00,8.0000000000e-01,0.0000000000e+00
0.0000000000e+00,7.0000000000e-01,0.0000000000e+00
0.0000000000e+00,6.0000000000e-01,0.0000000000e+00
0.0000000000e+00,6.0000000000e-01,0.0000000000e+00
0.0000000000e+00,6.0000000000e-01,0.0000000000e+00
0.0000000000e+00,6.0000000000e-01,0.0000000000e+00
0.0000000000e+00,6.0000000000e-01,0.0000000000e+00
0.0000000000e+00,6.0000000000e-01,0.0000000000e+00
0.0000000000e+00,6.0000000000e-01,0.0000000000e+00
0.0000000000e+00,6.0000000000e-01,0.0000000000e+00
0.0000000000e+00,6.0000000000e-01,0.0000000000e+00
0.0000000000e+00,6.0000000000e-01,0.0000000000e+00
0.0000000000e+00,6.0000000000e-01,0.0000000000e+00
0.0000000000e+00,6.0000000000e-01,0.0000000000e+00
0.0000000000e+00,6.0000000000e-01,0.0000000000e+00
0.0000000000e+00,6.0000000000e-01,0.0000000000e+00
0.0000000000e+00,6.0000000000e-01,0.0000000000e+00
0.0000000000e+00,6.0000000000e-01,0.0000000000e+00
0.0000000000e+00,6.0000000000e-01,0.0000000000e+00
0.0000000000e+00,6.0000000000e-01,0.0000000000e+00
0.0000000000e+00,6.0000000000e-01,0.0000000000e+00
0.0000000000e+00,6.0000000000e-01,0.0000000000e+00
0.0000000000e+00,6.0000000000e-01,0.0000000000e+00
0.0000000000e+00,6.0000000000e-01,0.0000000000e+00
0.0000000000e+00,6.0000000000e-01,0.0000000000e+00
0.0000000000e+00,6.0000000000e-01,0.0000000000e+00
0.0000000000e+00,6.0000000000e-01,0.0000000000e+00
0.0000000000e+00,6.0000000000e-01,0.0000000000e+00
0.0000000000e+00,6.0000000000e-01,0.0000000000e+00
0.0000000000e+00,6.0000000000e-01,0.0000000000e+00
0.0000000000e+00,6.0000000000e-01,0.0000000000e+00
0.0000000000e+00,6.0000000000e-01,0.0000000000e+00
0.0000000000e+00,6.0000000000e-01,0.0000000000e+00
0.0000000000e+00,6.0000000000e-01,0.0000000000e+00
0.0000000000e+00,6.0000000000e-01,0.0000000000e+00
0.0000000000e+00,6.0000000000e-01,0.0000000000e+00
0.0000000000e+00,6.0000000000e-01,0.0000000000e+00
0.0000000000e+00,6.0000000000e-01,0.0000000000e+00
0.0000000000e+00,6.0000000000e-01,0.0000000000e+00
0.0000000000e+00,6.0000000000e-01,0.0000000000e+00
0.0000000000e+00,6.0000000000e-01,0.0000000000e+00
0.0000000000e+00,6.0000000000e-01,0.0000000000e+00
0.0000000000e+00,6.0000000000e-01,0.0000000000e+00
0.0000000000e+00,6.0000000000e-01,0.0000000000e+00
0.0000000000e+00,6.0000000000e-01,0.0000000000e+00
0.0000000000e+00,6.0000000000e-01,0.0000000000e+00
0.0000000000e+00,6.0000000000e-01,0.0000000000e+00
0.0000000000e+00,6.0000000000e-01,0.0000000000e+00
0.0000000000e+00,6.0000000000e-01,0.0000000000e+00
0.0000000000e+00,6.0000000000e-01,0.0000000000e+00
0.0000000000e+00,6.0000000000e-01,0.0000000000e+00
0.0000000000e+00,6.0000000000e-01,0.0000000000e+00
0.0000000000e+00,6.0000000000e-01,0.0000000000e+00
0.0000000000e+00,6.0000000000e-01,0.0000000000e+00
0.0000000000e+00,6.0000000000e-01,0.0000000000e+00
0.0000000000e+00,6.0000000000e-01,0.0000000000e+00
0.0000000000e+00,6.0000000000e-01,0.0000000000e+00
0.0000000000e+00,6.0000000000e-01,0.0000000000e+00
0.0000000000e+00,6.0000000000e-01,0.0000000000e+00
0.0000000000e+00,6.0000000000e-01,0.0000000000e+00
0.0000000000e+00,6.0000000000e-01,0.0000000000e+00
0.0000000000e+00,6.0000000000e-01,0.0000000000e+00
0.0000000000e+00,6.0000000000e-01,0.0000000000e+00
0.0000000000e+00,6.0000000000e-01,0.0000000000e+00
0.0000000000e+00,7.0000000000e-01,0.0000000000e+00
0.0000000000e+00,8.0000000000e-01,0.0000000000e+00
0.0000000000e+00,9.0000000000e-01,0.0000000000e+00
1.0524285270e+01,1.0000000000e+00,1.0524285270e+01
2.1048570541e+01,1.0000000000e+00,2.1048570541e+01
3.1572855811e+01,1.0000000000e+00,3.1572855811e+01
3.7565025205e+01,1.0000000000e+00,3.7565025205e+01
4.3406390872e+01,1.0000000000e+00,4.3406390872e+01
5.3757955078e+01,1.0000000000e+00,5.3757955078e+01
6.9936462747e+01,1.0000000000e+00,6.9936462747e+01
8.7613915157e+01,1.0000000000e+00,8.7613915157e+01
1.0046260852e+02,1.0000000000e+00,1.0046260852e+02
1.0568798805e+02,1.0000000000e+00,1.0568798805e+02
1.0588864140e+02,1.0000000000e+00,1.0588864140e+02
1.0624947466e+02,1.0000000000e+00,1.0624947466e+02
1.1008777294e+02,1.0000000000e+00,1.1008777294e+02
1.1668091893e+02,1.0000000000e+00,1.1668091893e+02
1.2282465984e+02,1.0000000000e+00,1.2282465984e+02
1.2570266295e+02,1.0000000000e+00,1.2570266295e+02
1.2430832655e+02,1.0000000000e+00,1.2430832655e+02
1.1967495249e+02,1.0000000000e+00,1.1967495249e+02
1.1488653044e+02,1.0000000000e+00,1.1488653044e+02
1.1359335965e+02,1.0000000000e+00,1.1359335965e+02
1.2049262820e+02,1.0000000000e+00,1.1741131356e+02
1.2605652831e+02,1.0000000000e+00,1.2173105086e+02
1.1543317414e+02,1.0000000000e+00,1.2015204563e+02
1.0815404692e+02,1.0000000000e+00,1.1574025458e+02
1.1880749897e+02,1.0000000000e+00,1.1292413144e+02
1.1115138055e+02,1.0000000000e+00,1.0555134945e+02
8.5580262915e+01,1.0000000000e+00,9.3417178882e+01
8.3512333775e+01,1.0000000000e+00,8.4937011866e+01
8.9317053890e+01,1.0000000000e+00,7.8765546491e+01
6.4997246748e+01,1.0000000000e+00,6.9338633319e+01
5.3580340751e+01,1.0000000000e+00,6.5531118743e+01
7.8662948163e+01,1.0000000000e+00,7.0583834752e+01
8.5954136213e+01,1.0000000000e+00,7.2286732613e+01
6.0825249478e+01,1.0000000000e+00,6.7966288558e+01
5.3805825389e+01,1.0000000000e+00,6.9013022956e+01
8.3786588220e+01,1.0000000000e+00,7.9300389733e+01
1.0102188194e+02,1.0000000000e+00,8.6372321391e+01
7.8183565761e+01,1.0000000000e+00,8.1417590507e+01
5.9395403168e+01,1.0000000000e+00,7.2741918570e+01
7.2243486551e+01,1.0000000000e+00,6.9310301073e+01
8.2723558489e+01,1.0000000000e+00,6.8490735781e+01
6.4777015585e+01,1.0000000000e+00,6.6154554696e+01
5.0011527627e+01,1.0000000000e+00,6.6903628877e+01
7.1765147438e+01,1.0000000000e+00,7.6376897611e+01
1.0874908961e+02,1.0000000000e+00,9.1708325283e+01
1.1423119778e+02,1.0000000000e+00,1.0483531067e+02
9.8370236597e+01,1.0000000000e+00,1.1494583459e+02
1.1954040300e+02,1.0000000000e+00,1.2642069124e+02
1.4128759471e+02,1.0000000000e+00,1.2564077102e+02
1.0234273213e+02,1.0000000000e+00,1.0151006738e+02
6.4329716311e+01,1.0000000000e+00,7.5311047702e+01
6.5572909748e+01,1.0000000000e+00,6.4310308568e+01
7.2786165260e+01,1.0000000000e+00,6.4850986557e+01
6.9550057127e+01,1.0000000000e+00,6.9942968916e+01
6.9061661456e+01,1.0000000000e+00,7.6901790610e+01
8.2645435702e+01,1.0000000000e+00,8.4505122176e+01
9.6830973797e+01,1.0000000000e+00,8.8173229884e+01
8.5368241091e+01,1.0000000000e+00,8.1481116321e+01
5.7096889671e+01,1.0000000000e+00,6.6328939743e+01
4.6739731836e+01,1.0000000000e+00,5.1874505039e+01
4.5575444312e+01,1.0000000000e+00,3.9716025943e+01
3.9699627702e+01,1.0000000000e+00,3.4169300181e+01
2.7954764338e+01,1.0000000000e+00,2.7448765068e+01
2.1857812201e+01,1.0000000000e+00,2.1857812201e+01
1.6393359151e+01,1.0000000000e+00,1.6393359151e+01
1.0928906100e+01,1.0000000000e+00,1.0928906100e+01
5.4644530502e+00,1.0000000000e+00,5.4644530502e+00
1.3648263648e+01,1.0000000000e+00,1.3648263648e+01
2.7296527297e+01,1.0000000000e+00,2.7296527297e+01
4.0944790945e+01,1.0000000000e+00,4.0944790945e+01
7.5667013167e+01,1.0000000000e+00,7.5667013167e+01
1.0416666667e+02,1.0000000000e+00,1.0416666667e+02
1.2500000000e+02,1.0000000000e+00,1.2500000000e+02
1.2950450450e+02,1.0000000000e+00,1.2950450450e+02
1.1834430584e+02,1.0000000000e+00,1.1834430584e+02
1.0416666667e+02,1.0000000000e+00,1.0416666667e+02
8.9079464079e+01,1.0000000000e+00,8.9079464079e+01
7.3082698083e+01,1.0000000000e+00,7.3082698083e+01
5.6176368676e+01,1.0000000000e+00,5.6176368676e+01
3.8360475860e+01,1.0000000000e+00,3.8360475860e+01
3.2880407880e+01,1.0000000000e+00,3.2880407880e+01
2.7400339900e+01,1.0000000000e+00,2.7400339900e+01
2.1920271920e+01,1.0000000000e+00,2.1920271920e+01
1.6440203940e+01,1.0000000000e+00,1.6440203940e+01
1.0960135960e+01,1.0000000000e+00,1.0960135960e+01
5.4800679801e+00,1.0000000000e+00,5.4800679801e+00
0.0000000000e+00,1.0000000000e+00,0.0000000000e+00
0.0000000000e+00,1.0000000000e+00,0.0000000000e+00
0.0000000000e+00,1.0000000000e+00,0.0000000000e+00
0.0000000000e+00,1.0000000000e+00,0.0000000000e+00
9.5634528982e+00,1.0000000000e+00,9.5634528982e+00
1.9126905796e+01,1.0000000000e+00,1.9126905796e+01
3.4653350791e+01,1.0000000000e+00,2.9882957114e+01
3.6914083436e+01,1.0000000000e+00,3.4873821988e+01
2.7281550489e+01,1.0000000000e+00,3.5076916256e+01
2.9615785327e+01,1.0000000000e+00,3.5870810605e+01
4.5411179072e+01,1.0000000000e+00,3.8873493131e+01
9.1878269526e+01,1.0000000000e+00,8.2271933024e+01
1.0493624864e+02,1.0000000000e+00,1.0928579261e+02
1.1078536186e+02,1.0000000000e+00,1.2215707237e+02
1.0753141929e+02,1.0000000000e+00,1.0483961719e+02
1.0353711003e+02,1.0000000000e+00,9.2135993435e+01
7.2678322219e+01,1.0000000000e+00,7.4059473968e+01
4.6573443796e+01,1.0000000000e+00,5.6933736378e+01
4.5095565726e+01,1.0000000000e+00,4.4733398860e+01
3.9635117426e+01,1.0000000000e+00,3.1736547295e+01
1.5351496573e+01,1.0000000000e+00,1.4975061219e+01
0.0000000000e+00,9.0000000000e-01,0.0000000000e+00
0.0000000000e+00,8.0000000000e-01,0.0000000000e+00
5.6982462981e-01,7.0000000000e-01,1.1396492596e-01
1.3771491730e-02,6.0000000000e-01,2.7542983460e-03
0.0000000000e+00,6.0000000000e-01,0.0000000000e+00
0.0000000000e+00,6.0000000000e-01,0.0000000000e+00
0.0000000000e+00,6.0000000000e-01,0.0000000000e+00
0.0000000000e+00,6.0000000000e-01,0.0000000000e+00
0.0000000000e+00,6.0000000000e-01,0.0000000000e+00
0.0000000000e+00,6.0000000000e-01,0.0000000000e+00
0.0000000000e+00,6.0000000000e-01,0.0000000000e+00
0.0000000000e+00,6.0000000000e-01,0.0000000000e+00
0.0000000000e+00,6.0000000000e-01,0.0000000000e+00
0.0000000000e+00,6.0000000000e-01,0.0000000000e+00
0.0000000000e+00,6.0000000000e-01,0.0000000000e+00
0.0000000000e+00,6.0000000000e-01,0.0000000000e+00
0.0000000000e+00,6.0000000000e-01,0.0000000000e+00
0.0000000000e+00,6.0000000000e-01,0.0000000000e+00
0.0000000000e+00,6.0000000000e-01,0.0000000000e+00
0.0000000000e+00,6.0000000000e-01,0.0000000000e+00
0.0000000000e+00,6.0000000000e-01,0.0000000000e+00
0.0000000000e+00,6.0000000000e-01,0.0000000000e+00
0.0000000000e+00,6.0000000000e-01,0.0000000000e+00
0.0000000000e+00,6.0000000000e-01,0.0000000000e+00
0.0000000000e+00,6.0000000000e-01,0.0000000000e+00
0.0000000000e+00,6.0000000000e-01,0.0000000000e+00
0.0000000000e+00,6.0000000000e-01,0.0000000000e+00
0.0000000000e+00,6.0000000000e-01,0.0000000000e+00
0.0000000000e+00,6.0000000000e-01,0.0000000000e+00
0.0000000000e+00,6.0000000000e-01,0.0000000000e+00
0.0000000000e+00,6.0000000000e-01,0.0000000000e+00
0.0000000000e+00,6.0000000000e-01,0.0000000000e+00
0.0000000000e+00,6.0000000000e-01,0.0000000000e+00
0.0000000000e+00,6.0000000000e-01,0.0000000000e+00
0.0000000000e+00,6.0000000000e-01,0.0000000000e+00
0.0000000000e+00,6.0000000000e-01,0.0000000000e+00
0.0000000000e+00,6.0000000000e-01,0.0000000000e+00
0.0000000000e+00,6.0000000000e-01,0.0000000000e+00
0.0000000000e+00,6.0000000000e-01,0.0000000000e+00
0.0000000000e+00,6.0000000000e-01,0.0000000000e+00
0.0000000000e+00,6.0000000000e-01,0.0000000000e+00
0.0000000000e+00,6.0000000000e-01,0.0000000000e+00
0.0000000000e+00,6.0000000000e-01,0.0000000000e+00
0.0000000000e+00,6.0000000000e-01,0.0000000000e+00
0.0000000000e+00,6.0000000000e-01,0.0000000000e+00
0.0000000000e+00,6.0000000000e-01,0.0000000000e+00
0.0000000000e+00,6.0000000000e-01,0.0000000000e+00
0.0000000000e+00,6.0000000000e-01,0.0000000000e+00
0.0000000000e+00,6.0000000000e-01,0.0000000000e+00
0.0000000000e+00,6.0000000000e-01,0.0000000000e+00
0.0000000000e+00,6.0000000000e-01,0.0000000000e+00
0.0000000000e+00,6.0000000000e-01,0.0000000000e+00
0.0000000000e+00,6.0000000000e-01,0.0000000000e+00
0.0000000000e+00,6.0000000000e-01,0.0000000000e+00
0.0000000000e+00,6.0000000000e-01,0.0000000000e+00
0.0000000000e+00,6.0000000000e-01,0.0000000000e+00
0.0000000000e+00,6.0000000000e-01,0.0000000000e+00
0.0000000000e+00,6.0000000000e-01,0.0000000000e+00
0.0000000000e+00,6.0000000000e-01,0.0000000000e+00
0.0000000000e+00,6.0000000000e-01,0.0000000000e+00
0.0000000000e+00,6.0000000000e-01,0.0000000000e+00
0.0000000000e+00,6.0000000000e-01,0.0000000000e+00
0.0000000000e+00,6.0000000000e-01,0.0000000000e+00
0.0000000000e+00,6.0000000000e-01,0.0000000000e+00
0.0000000000e+00,6.0000000000e-01,0.0000000000e+00
0.0000000000e+00,7.0000000000e-01,0.0000000000e+00
0.0000000000e+00,8.0000000000e-01,0.0000000000e+00
0.0000000000e+00,9.0000000000e-01,0.0000000000e+00
1.0478593261e+01,1.0000000000e+00,1.0478593261e+01
2.0957186521e+01,1.0000000000e+00,2.0957186521e+01
3.1435779782e+01,1.0000000000e+00,3.1435779782e+01
5.7928946135e+01,1.0000000000e+00,5.7928946135e+01
8.4685786344e+01,1.0000000000e+00,8.4685786344e+01
1.0460318054e+02,1.0000000000e+00,1.0460318054e+02
1.1511996940e+02,1.0000000000e+00,1.1511996940e+02
1.1882010821e+02,1.0000000000e+00,1.1882010821e+02
1.1987349646e+02,1.0000000000e+00,1.1987349646e+02
1.2089698233e+02,1.0000000000e+00,1.2089698233e+02
1.2234859714e+02,1.0000000000e+00,1.2234859714e+02
1.2500000000e+02,1.0000000000e+00,1.2500000000e+02
1.2425246068e+02,1.0000000000e+00,1.2425246068e+02
1.1951062992e+02,1.0000000000e+00,1.1951062992e+02
1.1333017016e+02,1.0000000000e+00,1.1333017016e+02
1.0613702513e+02,1.0000000000e+00,1.0613702513e+02
9.7931194830e+01,1.0000000000e+00,9.7931194830e+01
8.8712679264e+01,1.0000000000e+00,8.8712679264e+01
7.8481478430e+01,1.0000000000e+00,7.8481478430e+01
6.7237592329e+01,1.0000000000e+00,6.7237592329e+01
5.4981020960e+01,1.0000000000e+00,5.4981020960e+01
5.7166911737e+01,1.0000000000e+00,5.7166911737e+01
5.8938497773e+01,1.0000000000e+00,5.8938497773e+01
6.0359199836e+01,1.0000000000e+00,6.0359199836e+01
6.4469514328e+01,1.0000000000e+00,6.4469514328e+01
7.1407358870e+01,1.0000000000e+00,7.1407358870e+01
7.6855302189e+01,1.0000000000e+00,7.6855302189e+01
7.6450615916e+01,1.0000000000e+00,7.6450615916e+01
7.0426407174e+01,1.0000000000e+00,7.0426407174e+01
6.3695969998e+01,1.0000000000e+00,6.3695969998e+01
6.1883960291e+01,1.0000000000e+00,6.1883960291e+01
8.2422340214e+01,1.0000000000e+00,8.2422340214e+01
9.9954573466e+01,1.0000000000e+00,9.9954573466e+01
1.1448066005e+02,1.0000000000e+00,1.1448066005e+02
1.2500000000e+02,1.0000000000e+00,1.2500000000e+02
1.2550899355e+02,1.0000000000e+00,1.2550899355e+02
1.1619287687e+02,1.0000000000e+00,1.1619287687e+02
1.0416666667e+02,1.0000000000e+00,1.0416666667e+02
9.0616199060e+01,1.0000000000e+00,9.0616199060e+01
7.5541474052e+01,1.0000000000e+00,7.5541474052e+01
5.8942491642e+01,1.0000000000e+00,5.8942491642e+01
4.1228848053e+01,1.0000000000e+00,4.1228848053e+01
3.5339012617e+01,1.0000000000e+00,3.5339012617e+01
2.9449177181e+01,1.0000000000e+00,2.9449177181e+01
2.3559341745e+01,1.0000000000e+00,2.3559341745e+01
1.7669506309e+01,1.0000000000e+00,1.7669506309e+01
2.5612865140e+01,1.0000000000e+00,2.5612865140e+01
3.1665277208e+01,1.0000000000e+00,3.1665277208e+01
3.4595593155e+01,1.0000000000e+00,3.4595593155e+01
3.2366953814e+01,1.0000000000e+00,3.2366953814e+01
2.7743103269e+01,1.0000000000e+00,2.7743103269e+01
2.3119252724e+01,1.0000000000e+00,2.3119252724e+01
1.8495402179e+01,1.0000000000e+00,1.8495402179e+01
1.9736897586e+01,1.0000000000e+00,1.9736897586e+01
2.9605346379e+01,1.0000000000e+00,2.9605346379e+01
4.8008941452e+01,1.0000000000e+00,4.8008941452e+01
6.8806109531e+01,1.0000000000e+00,6.8806109531e+01
8.7537406354e+01,1.0000000000e+00,8.7537406354e+01
1.0416666667e+02,1.0000000000e+00,1.0416666667e+02
1.1869389047e+02,1.0000000000e+00,1.1869389047e+02
1.2500000000e+02,1.0000000000e+00,1.2500000000e+02
1.1859319627e+02,1.0000000000e+00,1.1859319627e+02
1.0923715191e+02,1.0000000000e+00,1.0923715191e+02
9.8559145693e+01,1.0000000000e+00,9.8559145693e+01
8.6559177618e+01,1.0000000000e+00,8.6559177618e+01
9.0187075806e+01,1.0000000000e+00,9.0187075806e+01
9.4593572574e+01,1.0000000000e+00,9.4593572574e+01
9.5784071324e+01,1.0000000000e+00,9.5784071324e+01
9.0964694387e+01,1.0000000000e+00,9.0964694387e+01
8.0103432817e+01,1.0000000000e+00,8.0103432817e+01
6.6326692230e+01,1.0000000000e+00,6.6326692230e+01
5.4824570354e+01,1.0000000000e+00,5.4824570354e+01
5.0218973074e+01,1.0000000000e+00,5.0218973074e+01
5.3503631736e+01,1.0000000000e+00,5.3503631736e+01
6.0657820743e+01,1.0000000000e+00,6.0657820743e+01
6.4673710594e+01,1.0000000000e+00,6.4673710594e+01
6.0520986606e+01,1.0000000000e+00,6.0520986606e+01
4.9331812513e+01,1.0000000000e+00,4.9331812513e+01
3.7645577266e+01,1.0000000000e+00,3.7645577266e+01
3.2132492443e+01,1.0000000000e+00,3.2132492443e+01
3.4781319873e+01,1.0000000000e+00,3.4781319873e+01
4.2335653072e+01,1.0000000000e+00,4.2335653072e+01
4.9238915063e+01,1.0000000000e+00,4.9238915063e+01
5.1181478972e+01,1.0000000000e+00,5.1181478972e+01
4.7168856314e+01,1.0000000000e+00,4.7168856314e+01
3.9428718452e+01,1.0000000000e+00,3.9428718452e+01
3.1614118146e+01,1.0000000000e+00,3.1614118146e+01
2.6682277361e+01,1.0000000000e+00,2.6682277361e+01
2.5845626738e+01,1.0000000000e+00,2.5845626738e+01
2.8847229142e+01,1.0000000000e+00,2.8847229142e+01
3.4572390100e+01,1.0000000000e+00,3.4572390100e+01
4.1191233116e+01,1.0000000000e+00,4.1191233116e+01
4.6408874134e+01,1.0000000000e+00,4.6408874134e+01
4.8521110386e+01,1.0000000000e+00,4.8521110386e+01
4.7440096848e+01,1.0000000000e+00,4.7440096848e+01
4.4528096751e+01,1.0000000000e+00,4.4528096751e+01
4.1536927011e+01,1.0000000000e+00,4.1536927011e+01
3.9665174371e+01,1.0000000000e+00,3.9665174371e+01
3.9168616256e+01,1.0000000000e+00,3.9168616256e+01
3.9504805983e+01,1.0000000000e+00,3.9504805983e+01
3.9835831383e+01,1.0000000000e+00,3.9835831383e+01
3.9571643144e+01,1.0000000000e+00,3.9571643144e+01
3.8718087369e+01,1.0000000000e+00,3.8718087369e+01
3.8007301675e+01,1.0000000000e+00,3.8007301675e+01
3.8750825975e+01,1.0000000000e+00,3.8750825975e+01
4.2098207564e+01,1.0000000000e+00,4.2098207564e+01
4.7800409335e+01,1.0000000000e+00,4.7800409335e+01
5.3702698438e+01,1.0000000000e+00,5.3702698438e+01
5.7061075225e+01,1.0000000000e+00,5.7061075225e+01
5.6670469858e+01,1.0000000000e+00,5.6670469858e+01
5.3476694204e+01,1.0000000000e+00,5.3476694204e+01
4.9136806920e+01,1.0000000000e+00,4.9136806920e+01
4.4509932735e+01,1.0000000000e+00,4.4509932735e+01
3.9658432066e+01,1.0000000000e+00,3.9658432066e+01
3.4605733072e+01,1.0000000000e+00,3.4605733072e+01
2.9662056919e+01,1.0000000000e+00,2.9662056919e+01
2.4718380766e+01,1.0000000000e+00,2.4718380766e+01
1.9774704613e+01,1.0000000000e+00,1.9774704613e+01
1.4831028460e+01,1.0000000000e+00,1.4831028460e+01
9.8873523064e+00,1.0000000000e+00,9.8873523064e+00
4.9436761532e+00,1.0000000000e+00,4.9436761532e+00
0.0000000000e+00,9.0000000000e-01,0.0000000000e+00
0.0000000000e+00,8.0000000000e-01,0.0000000000e+00
0.0000000000e+00,7.0000000000e-01,0.0000000000e+00
0.0000000000e+00,6.0000000000e-01,0.0000000000e+00
0.0000000000e+00,6.0000000000e-01,0.0000000000e+00
0.0000000000e+00,6.0000000000e-01,0.0000000000e+00
0.0000000000e+00,6.0000000000e-01,0.0000000000e+00
0.0000000000e+00,6.0000000000e-01,0.0000000000e+00
0.0000000000e+00,6.0000000000e-01,0.0000000000e+00
0.0000000000e+00,6.0000000000e-01,0.0000000000e+00
0.0000000000e+00,6.0000000000e-01,0.0000000000e+00
0.0000000000e+00,6.0000000000e-01,0.0000000000e+00
0.0000000000e+00,6.0000000000e-01,0.0000000000e+00
0.0000000000e+00,6.0000000000e-01,0.0000000000e+00
0.0000000000e+00,6.0000000000e-01,0.0000000000e+00
0.0000000000e+00,6.0000000000e-01,0.0000000000e+00
0.0000000000e+00,6.0000000000e-01,0.0000000000e+00
0.0000000000e+00,7.0000000000e-01,0.0000000000e+00
0.0000000000e+00,8.0000000000e-01,0.0000000000e+00
0.0000000000e+00,9.0000000000e-01,0.0000000000e+00
9.0569830984e+00,1.0000000000e+00,9.0569830984e+00
1.8113966197e+01,1.0000000000e+00,1.8113966197e+01
2.7170949295e+01,1.0000000000e+00,2.7170949295e+01
4.5770855648e+01,1.0000000000e+00,4.5770855648e+01
6.2068574218e+01,1.0000000000e+00,6.2068574218e+01
7.4044835242e+01,1.0000000000e+00,7.4044835242e+01
8.9680799804e+01,1.0000000000e+00,8.9680799804e+01
1.0416666667e+02,1.0000000000e+00,1.0416666667e+02
1.1750243583e+02,1.0000000000e+00,1.1750243583e+02
1.2500000000e+02,1.0000000000e+00,1.2500000000e+02
1.2197125188e+02,1.0000000000e+00,1.2197125188e+02
1.1317455627e+02,1.0000000000e+00,1.1317455627e+02
1.0336827795e+02,1.0000000000e+00,1.0336827795e+02
9.2552416924e+01,1.0000000000e+00,9.2552416924e+01
8.0726973193e+01,1.0000000000e+00,8.0726973193e+01
6.7891946756e+01,1.0000000000e+00,6.7891946756e+01
5.4047337614e+01,1.0000000000e+00,5.4047337614e+01
5.6954796521e+01,1.0000000000e+00,5.6954796521e+01
6.5798603074e+01,1.0000000000e+00,6.5798603074e+01
7.6219601137e+01,1.0000000000e+00,7.6219601137e+01
8.3244340953e+01,1.0000000000e+00,8.3244340953e+01
8.4346167115e+01,1.0000000000e+00,8.4346167115e+01
8.0246948405e+01,1.0000000000e+00,8.0246948405e+01
7.2529254647e+01,1.0000000000e+00,7.2529254647e+01
6.1391020303e+01,1.0000000000e+00,6.1391020303e+01
4.7336784606e+01,1.0000000000e+00,4.7336784606e+01
3.4360825440e+01,1.0000000000e+00,3.4360825440e+01
2.8596439505e+01,1.0000000000e+00,2.8596439505e+01
3.2446167388e+01,1.0000000000e+00,3.2446167388e+01
4.1162024206e+01,1.0000000000e+00,4.1162024206e+01
4.6273487960e+01,1.0000000000e+00,4.6273487960e+01
4.2681114874e+01,1.0000000000e+00,4.2681114874e+01
3.3046927574e+01,1.0000000000e+00,3.3046927574e+01
2.5552639170e+01,1.0000000000e+00,2.5552639170e+01
2.6550242649e+01,1.0000000000e+00,2.6550242649e+01
3.4598572875e+01,1.0000000000e+00,3.4598572875e+01
4.1783975599e+01,1.0000000000e+00,4.1783975599e+01
4.1326470141e+01,1.0000000000e+00,4.1326470141e+01
3.3826926428e+01,1.0000000000e+00,3.3826926428e+01
2.8994508367e+01,1.0000000000e+00,2.8994508367e+01
2.4162090306e+01,1.0000000000e+00,2.4162090306e+01
1.9329672245e+01,1.0000000000e+00,1.9329672245e+01
2.6002436159e+01,1.0000000000e+00,2.6002436159e+01
2.6922428694e+01,1.0000000000e+00,2.6922428694e+01
2.5856214699e+01,1.0000000000e+00,2.5856214699e+01
1.9230306210e+01,1.0000000000e+00,1.9230306210e+01
1.5384244968e+01,1.0000000000e+00,1.5384244968e+01
1.1538183726e+01,1.0000000000e+00,1.1538183726e+01
7.6921224840e+00,1.0000000000e+00,7.6921224840e+00
3.8460612420e+00,1.0000000000e+00,3.8460612420e+00
0.0000000000e+00,9.0000000000e-01,0.0000000000e+00
0.0000000000e+00,8.0000000000e-01,0.0000000000e+00
0.0000000000e+00,7.0000000000e-01,0.0000000000e+00
0.0000000000e+00,6.0000000000e-01,0.0000000000e+00
0.0000000000e+00,6.0000000000e-01,0.0000000000e+00
0.0000000000e+00,6.0000000000e-01,0.0000000000e+00
0.0000000000e+00,6.0000000000e-01,0.0000000000e+00
0.0000000000e+00,6.0000000000e-01,0.0000000000e+00
0.0000000000e+00,6.0000000000e-01,0.0000000000e+00
0.0000000000e+00,6.0000000000e-01,0.0000000000e+00
0.0000000000e+00,6.0000000000e-01,0.0000000000e+00
0.0000000000e+00,6.0000000000e-01,0.0000000000e+00
0.0000000000e+00,6.0000000000e-01,0.0000000000e+00
0.0000000000e+00,6.0000000000e-01,0.0000000000e+00
0.0000000000e+00,6.0000000000e-01,0.0000000000e+00
0.0000000000e+00,6.0000000000e-01,0.0000000000e+00
0.0000000000e+00,6.0000000000e-01,0.0000000000e+00
0.0000000000e+00,7.0000000000e-01,0.0000000000e+00
0.0000000000e+00,8.0000000000e-01,0.0000000000e+00
0.0000000000e+00,9.0000000000e-01,0.0000000000e+00
8.6938781959e+00,1.0000000000e+00,8.6938781959e+00
1.7387756392e+01,1.0000000000e+00,1.7387756392e+01
2.6081634588e+01,1.0000000000e+00,2.6081634588e+01
2.6732559251e+01,1.0000000000e+00,2.6732559251e+01
1.8629738991e+01,1.0000000000e+00,1.8629738991e+01
1.4903791193e+01,1.0000000000e+00,1.4903791193e+01
1.8351065151e+01,1.0000000000e+00,1.8351065151e+01
2.7526597727e+01,1.0000000000e+00,2.7526597727e+01
4.2835822282e+01,1.0000000000e+00,4.2835822282e+01
5.7859953789e+01,1.0000000000e+00,5.7859953789e+01
6.7025831022e+01,1.0000000000e+00,6.7025831022e+01
6.7864242913e+01,1.0000000000e+00,6.7864242913e+01
6.1428642340e+01,1.0000000000e+00,6.1428642340e+01
5.2158862616e+01,1.0000000000e+00,5.2158862616e+01
4.6738087791e+01,1.0000000000e+00,4.6738087791e+01
6.3770648681e+01,1.0000000000e+00,6.3770648681e+01
8.0317879006e+01,1.0000000000e+00,8.0317879006e+01
9.6379778768e+01,1.0000000000e+00,9.6379778768e+01
1.1195634797e+02,1.0000000000e+00,1.1195634797e+02
1.2500000000e+02,1.0000000000e+00,1.2500000000e+02
1.2322521528e+02,1.0000000000e+00,1.2322521528e+02
1.1304843919e+02,1.0000000000e+00,1.1304843919e+02
1.0293370369e+02,1.0000000000e+00,1.0293370369e+02
9.2881008780e+01,1.0000000000e+00,9.2881008780e+01
8.2890354471e+01,1.0000000000e+00,8.2890354471e+01
7.2961740757e+01,1.0000000000e+00,7.2961740757e+01
6.3095167638e+01,1.0000000000e+00,6.3095167638e+01
5.3290635115e+01,1.0000000000e+00,5.3290635115e+01
5.9570904823e+01,1.0000000000e+00,5.9570904823e+01
7.0326109578e+01,1.0000000000e+00,7.0326109578e+01
8.1340738911e+01,1.0000000000e+00,8.1340738911e+01
8.8546363938e+01,1.0000000000e+00,8.8546363938e+01
8.9955022847e+01,1.0000000000e+00,8.9955022847e+01
8.7172827672e+01,1.0000000000e+00,8.7172827672e+01
8.4467746084e+01,1.0000000000e+00,8.4467746084e+01
8.4941702253e+01,1.0000000000e+00,8.4941702253e+01
8.7215550456e+01,1.0000000000e+00,8.7215550456e+01
8.6365975709e+01,1.0000000000e+00,8.6365975709e+01
7.8481027829e+01,1.0000000000e+00,7.8481027829e+01
6.4573668398e+01,1.0000000000e+00,6.4573668398e+01
5.0197785841e+01,1.0000000000e+00,5.0197785841e+01
4.0889150251e+01,1.0000000000e+00,4.0889150251e+01
3.7783076336e+01,1.0000000000e+00,3.7783076336e+01
3.7791578249e+01,1.0000000000e+00,3.7791578249e+01
3.7461204657e+01,1.0000000000e+00,3.7461204657e+01
3.6070670530e+01,1.0000000000e+00,3.6070670530e+01
3.5735960089e+01,1.0000000000e+00,3.5735960089e+01
3.9254863705e+01,1.0000000000e+00,3.9254863705e+01
4.7184519072e+01,1.0000000000e+00,4.7184519072e+01
5.6524701120e+01,1.0000000000e+00,5.6524701120e+01
6.3000678796e+01,1.0000000000e+00,6.3000678796e+01
6.4931854332e+01,1.0000000000e+00,6.4931854332e+01
6.4299786321e+01,1.0000000000e+00,6.4299786321e+01
7.6087401101e+01,1.0000000000e+00,7.6087401101e+01
8.7039559632e+01,1.0000000000e+00,8.7039559632e+01
9.7156261912e+01,1.0000000000e+00,9.7156261912e+01
1.0643750794e+02,1.0000000000e+00,1.0643750794e+02
1.1488329772e+02,1.0000000000e+00,1.1488329772e+02
1.2249363125e+02,1.0000000000e+00,1.2249363125e+02
1.2500000000e+02,1.0000000000e+00,1.2500000000e+02
1.1813389545e+02,1.0000000000e+00,1.1813389545e+02
1.0416666667e+02,1.0000000000e+00,1.0416666667e+02
8.5369662731e+01,1.0000000000e+00,8.5369662731e+01
6.1742883642e+01,1.0000000000e+00,6.1742883642e+01
5.2922471693e+01,1.0000000000e+00,5.2922471693e+01
4.4102059744e+01,1.0000000000e+00,4.4102059744e+01
3.5281647795e+01,1.0000000000e+00,3.5281647795e+01
2.6461235846e+01,1.0000000000e+00,2.6461235846e+01
3.3819061608e+01,1.0000000000e+00,3.3819061608e+01
3.5379697099e+01,1.0000000000e+00,3.5379697099e+01
3.0250575609e+01,1.0000000000e+00,3.0250575609e+01
1.8588995066e+01,1.0000000000e+00,1.8588995066e+01
2.5516409589e+01,1.0000000000e+00,2.5516409589e+01
3.7100616248e+01,1.0000000000e+00,3.5024919684e+01
4.6190506411e+01,1.0000000000e+00,4.7969150028e+01
5.2895959874e+01,1.0000000000e+00,6.0396343565e+01
7.5837090735e+01,1.0000000000e+00,7.3797370296e+01
9.6141644792e+01,1.0000000000e+00,8.4669311152e+01
9.5417137570e+01,1.0000000000e+00,9.0272134463e+01
8.4462000949e+01,1.0000000000e+00,9.2478785676e+01
8.2461776342e+01,1.0000000000e+00,9.4241999632e+01
9.6533567148e+01,1.0000000000e+00,9.7407113419e+01
1.1071298008e+02,1.0000000000e+00,1.0048093135e+02
1.0760335571e+02,1.0000000000e+00,1.0126175884e+02
9.6509138574e+01,1.0000000000e+00,1.0177027865e+02
9.7566513741e+01,1.0000000000e+00,1.0575023484e+02
1.1576227840e+02,1.0000000000e+00,1.1406904506e+02
1.3174509497e+02,1.0000000000e+00,1.2264782636e+02
1.2929544006e+02,1.0000000000e+00,1.2736554543e+02
1.1990187626e+02,1.0000000000e+00,1.2925170045e+02
1.2548384101e+02,1.0000000000e+00,1.3231985397e+02
1.4421684617e+02,1.0000000000e+00,1.3727514494e+02
1.5200650948e+02,1.0000000000e+00,1.4053462485e+02
1.3906032520e+02,1.0000000000e+00,1.4009499148e+02
1.2641620595e+02,1.0000000000e+00,1.3921706013e+02
1.3631336689e+02,1.0000000000e+00,1.4193185778e+02
1.5629492685e+02,1.0000000000e+00,1.4619823409e+02
1.5635754105e+02,1.0000000000e+00,1.4639933142e+02
1.3718131281e+02,1.0000000000e+00,1.4244302958e+02
1.2876579609e+02,1.0000000000e+00,1.4009238934e+02
1.4198872974e+02,1.0000000000e+00,1.4183328953e+02
1.5372432605e+02,1.0000000000e+00,1.4324882015e+02
1.4374813469e+02,1.0000000000e+00,1.3947937271e+02
1.2285096510e+02,1.0000000000e+00,1.3139980434e+02
1.1615919623e+02,1.0000000000e+00,1.2404619263e+02
1.2495420679e+02,1.0000000000e+00,1.1962321359e+02
1.2590177259e+02,1.0000000000e+00,1.1565192639e+02
1.0922243114e+02,1.0000000000e+00,1.1054720848e+02
9.5910550671e+01,1.0000000000e+00,1.0713230497e+02
1.0480050341e+02,1.0000000000e+00,1.0763655712e+02
1.1837238298e+02,1.0000000000e+00,1.0776595582e+02
1.0769390505e+02,1.0000000000e+00,1.0143147864e+02
8.1716113918e+01,1.0000000000e+00,9.0237564659e+01
7.2465090175e+01,1.0000000000e+00,8.0905438121e+01
8.0716154264e+01,1.0000000000e+00,7.4994647542e+01
7.8136302995e+01,1.0000000000e+00,6.8700165427e+01
5.8881375051e+01,1.0000000000e+00,6.1636576810e+01
4.8579173642e+01,1.0000000000e+00,5.8320099391e+01
6.0081004559e+01,1.0000000000e+00,6.0530355887e+01
7.2746044162e+01,1.0000000000e+00,6.3692110158e+01
6.6322725627e+01,1.0000000000e+00,6.2701431122e+01
5.0477971592e+01,1.0000000000e+00,5.7514783397e+01
4.4659513993e+01,1.0000000000e+00,5.0767120789e+01
4.7224061027e+01,1.0000000000e+00,4.3236360017e+01
4.1394933057e+01,1.0000000000e+00,3.4288496486e+01
2.6603762667e+01,1.0000000000e+00,2.7614618140e+01
1.4806829663e+01,1.0000000000e+00,2.1539587271e+01
1.7691118518e+01,1.0000000000e+00,1.8400800775e+01
2.0629767205e+01,1.0000000000e+00,1.5272886244e+01
8.6200986148e+00,1.0000000000e+00,9.1553082584e+00
1.5738545049e+00,1.0000000000e+00,4.0304151687e+00
1.1595536655e+00,9.0000000000e-01,2.3191073310e-01
0.0000000000e+00,8.0000000000e-01,0.0000000000e+00
0.0000000000e+00,7.0000000000e-01,0.0000000000e+00
0.0000000000e+00,6.0000000000e-01,0.0000000000e+00
0.0000000000e+00,6.0000000000e-01,0.0000000000e+00
0.0000000000e+00,6.0000000000e-01,0.0000000000e+00
0.0000000000e+00,6.0000000000e-01,0.0000000000e+00
0.0000000000e+00,6.0000000000e-01,0.0000000000e+00
0.0000000000e+00,6.0000000000e-01,0.0000000000e+00
0.0000000000e+00,6.0000000000e-01,0.0000000000e+00
0.0000000000e+00,6.0000000000e-01,0.0000000000e+00
0.0000000000e+00,6.0000000000e-01,0.0000000000e+00
0.0000000000e+00,6.0000000000e-01,0.0000000000e+00
0.0000000000e+00,6.0000000000e-01,0.0000000000e+00
0.0000000000e+00,6.0000000000e-01,0.0000000000e+00
0.0000000000e+00,6.0000000000e-01,0.0000000000e+00
0.0000000000e+00,6.0000000000e-01,0.0000000000e+00
0.0000000000e+00,6.0000000000e-01,0.0000000000e+00
0.0000000000e+00,6.0000000000e-01,0.0000000000e+00
0.0000000000e+00,6.0000000000e-01,0.0000000000e+00
0.0000000000e+00,6.0000000000e-01,0.0000000000e+00
0.0000000000e+00,6.0000000000e-01,0.0000000000e+00
0.0000000000e+00,6.0000000000e-01,0.0000000000e+00
0.0000000000e+00,6.0000000000e-01,0.0000000000e+00
0.0000000000e+00,6.0000000000e-01,0.0000000000e+00
0.0000000000e+00,6.0000000000e-01,0.0000000000e+00
0.0000000000e+00,6.0000000000e-01,0.0000000000e+00
0.0000000000e+00,6.0000000000e-01,0.0000000000e+00
0.0000000000e+00,6.0000000000e-01,0.0000000000e+00
0.0000000000e+00,6.0000000000e-01,0.0000000000e+00
0.0000000000e+00,6.0000000000e-01,0.0000000000e+00
0.0000000000e+00,6.0000000000e-01,0.0000000000e+00
0.0000000000e+00,6.0000000000e-01,0.0000000000e+00
0.0000000000e+00,6.0000000000e-01,0.0000000000e+00
0.0000000000e+00,6.0000000000e-01,0.0000000000e+00
0.0000000000e+00,6.0000000000e-01,0.0000000000e+00
0.0000000000e+00,6.0000000000e-01,0.0000000000e+00
0.0000000000e+00,6.0000000000e-01,0.0000000000e+00
0.0000000000e+00,6.0000000000e-01,0.0000000000e+00
0.0000000000e+00,6.0000000000e-01,0.0000000000e+00
0.0000000000e+00,6.0000000000e-01,0.0000000000e+00
0.0000000000e+00,7.0000000000e-01,0.0000000000e+00
0.0000000000e+00,8.0000000000e-01,0.0000000000e+00
0.0000000000e+00,9.0000000000e-01,0.0000000000e+00
1.1453618336e+01,1.0000000000e+00,1.1453618336e+01
2.2907236672e+01,1.0000000000e+00,2.2907236672e+01
3.4360855008e+01,1.0000000000e+00,3.4360855008e+01
5.3514120440e+01,1.0000000000e+00,5.3514120440e+01
7.2306440617e+01,1.0000000000e+00,7.2306440617e+01
8.6719764136e+01,1.0000000000e+00,8.6719764136e+01
9.4523012719e+01,1.0000000000e+00,9.4523012719e+01
1.0416666667e+02,1.0000000000e+00,1.0416666667e+02
1.1654380576e+02,1.0000000000e+00,1.1654380576e+02
1.2500000000e+02,1.0000000000e+00,1.2500000000e+02
1.2703829654e+02,1.0000000000e+00,1.2703829654e+02
1.2344154233e+02,1.0000000000e+00,1.2344154233e+02
1.1890681904e+02,1.0000000000e+00,1.1890681904e+02
1.1421697359e+02,1.0000000000e+00,1.1421697359e+02
1.0937200601e+02,1.0000000000e+00,1.0937200601e+02
1.0437191628e+02,1.0000000000e+00,1.0437191628e+02
9.9216704403e+01,1.0000000000e+00,9.9216704403e+01
9.3906370384e+01,1.0000000000e+00,9.3906370384e+01
8.8440914221e+01,1.0000000000e+00,8.8440914221e+01
8.9043526571e+01,1.0000000000e+00,8.9043526571e+01
8.6303101329e+01,1.0000000000e+00,8.6303101329e+01
7.6771959231e+01,1.0000000000e+00,7.6771959231e+01
6.3465807961e+01,1.0000000000e+00,6.3465807961e+01
5.4480725939e+01,1.0000000000e+00,5.4480725939e+01
6.5384014266e+01,1.0000000000e+00,6.5384014266e+01
7.5843724710e+01,1.0000000000e+00,7.5843724710e+01
8.5859857271e+01,1.0000000000e+00,8.5859857271e+01
9.5432411949e+01,1.0000000000e+00,9.5432411949e+01
1.0456138874e+02,1.0000000000e+00,1.0456138874e+02
1.1324678766e+02,1.0000000000e+00,1.1324678766e+02
1.2148860869e+02,1.0000000000e+00,1.2148860869e+02
1.2799334993e+02,1.0000000000e+00,1.2799334993e+02
1.2500000000e+02,1.0000000000e+00,1.2500000000e+02
1.1247013683e+02,1.0000000000e+00,1.1247013683e+02
9.7934239432e+01,1.0000000000e+00,9.7934239432e+01
8.2647387656e+01,1.0000000000e+00,8.2647387656e+01
6.6609581498e+01,1.0000000000e+00,6.6609581498e+01
4.9820820956e+01,1.0000000000e+00,4.9820820956e+01
5.5131542486e+01,1.0000000000e+00,5.5131542486e+01
6.2988572868e+01,1.0000000000e+00,6.2988572868e+01
6.9871844439e+01,1.0000000000e+00,6.9871844439e+01
7.2078078172e+01,1.0000000000e+00,7.2078078172e+01
6.7396064220e+01,1.0000000000e+00,6.7396064220e+01
5.6578652507e+01,1.0000000000e+00,5.6578652507e+01
4.3166410636e+01,1.0000000000e+00,4.3166410636e+01
3.2057534749e+01,1.0000000000e+00,3.2057534749e+01
2.7299578004e+01,1.0000000000e+00,2.7299578004e+01
2.9533822366e+01,1.0000000000e+00,2.9533822366e+01
3.4839387569e+01,1.0000000000e+00,3.4839387569e+01
3.7063773334e+01,1.0000000000e+00,3.7063773334e+01
3.2799228696e+01,1.0000000000e+00,3.2799228696e+01
2.6474123810e+01,1.0000000000e+00,2.6474123810e+01
2.1179299048e+01,1.0000000000e+00,2.1179299048e+01
1.7439685621e+01,1.0000000000e+00,1.7439685621e+01
2.6159528431e+01,1.0000000000e+00,2.6159528431e+01
3.8639799830e+01,1.0000000000e+00,3.8639799830e+01
5.1432163688e+01,1.0000000000e+00,5.1432163688e+01
6.1310161813e+01,1.0000000000e+00,6.1310161813e+01
7.0077095236e+01,1.0000000000e+00,7.0077095236e+01
8.2103342855e+01,1.0000000000e+00,8.2103342855e+01
9.3466533332e+01,1.0000000000e+00,9.3466533332e+01
1.0416666667e+02,1.0000000000e+00,1.0416666667e+02
1.1420374286e+02,1.0000000000e+00,1.1420374286e+02
1.2276790371e+02,1.0000000000e+00,1.2276790371e+02
1.2500000000e+02,1.0000000000e+00,1.2500000000e+02
1.2044260979e+02,1.0000000000e+00,1.2044260979e+02
1.1121035063e+02,1.0000000000e+00,1.1121035063e+02
9.7655658768e+01,1.0000000000e+00,9.7655658768e+01
9.8862250337e+01,1.0000000000e+00,9.8862250337e+01
1.0113422664e+02,1.0000000000e+00,1.0113422664e+02
1.0029659417e+02,1.0000000000e+00,1.0029659417e+02
9.3923162977e+01,1.0000000000e+00,9.3923162977e+01
8.4043944391e+01,1.0000000000e+00,8.4043944391e+01
7.5582542992e+01,1.0000000000e+00,7.5582542992e+01
7.2411707795e+01,1.0000000000e+00,7.2411707795e+01
7.5193753290e+01,1.0000000000e+00,7.5193753290e+01
8.1816024537e+01,1.0000000000e+00,8.1816024537e+01
8.8209970333e+01,1.0000000000e+00,8.8209970333e+01
8.9313022270e+01,1.0000000000e+00,8.9313022270e+01
8.1671583368e+01,1.0000000000e+00,8.1671583368e+01
6.6400457930e+01,1.0000000000e+00,6.6400457930e+01
4.9188394688e+01,1.0000000000e+00,4.9188394688e+01
3.6893665345e+01,1.0000000000e+00,3.6893665345e+01
3.3709721834e+01,1.0000000000e+00,3.3709721834e+01
3.9516495524e+01,1.0000000000e+00,3.9516495524e+01
5.0517668686e+01,1.0000000000e+00,5.0517668686e+01
6.1099227772e+01,1.0000000000e+00,6.1099227772e+01
6.6234322936e+01,1.0000000000e+00,6.6234322936e+01
6.3779891456e+01,1.0000000000e+00,6.3779891456e+01
5.5407453879e+01,1.0000000000e+00,5.5407453879e+01
4.5235131891e+01,1.0000000000e+00,4.5235131891e+01
3.7066201421e+01,1.0000000000e+00,3.7066201421e+01
3.2425148024e+01,1.0000000000e+00,3.2425148024e+01
3.0464989889e+01,1.0000000000e+00,3.0464989889e+01
2.9081655703e+01,1.0000000000e+00,2.9081655703e+01
2.6347297891e+01,1.0000000000e+00,2.6347297891e+01
2.0772611216e+01,1.0000000000e+00,2.0772611216e+01
1.6618088973e+01,1.0000000000e+00,1.6618088973e+01
1.2463566730e+01,1.0000000000e+00,1.2463566730e+01
8.3090444865e+00,1.0000000000e+00,8.3090444865e+00
4.1545222432e+00,1.0000000000e+00,4.1545222432e+00
0.0000000000e+00,1.0000000000e+00,0.0000000000e+00
0.0000000000e+00,1.0000000000e+00,0.0000000000e+00
0.0000000000e+00,1.0000000000e+00,0.0000000000e+00
0.0000000000e+00,1.0000000000e+00,0.0000000000e+00
0.0000000000e+00,1.0000000000e+00,0.0000000000e+00
0.0000000000e+00,1.0000000000e+00,0.0000000000e+00
0.0000000000e+00,1.0000000000e+00,0.0000000000e+00
0.0000000000e+00,1.0000000000e+00,0.0000000000e+00
2.0399305556e+01,1.0000000000e+00,2.0399305556e+01
4.0798611111e+01,1.0000000000e+00,4.0798611111e+01
6.1197916667e+01,1.0000000000e+00,6.1197916667e+01
1.0416666667e+02,1.0000000000e+00,1.0416666667e+02
1.2500000000e+02,1.0000000000e+00,1.2500000000e+02
1.0416666667e+02,1.0000000000e+00,1.0416666667e+02
8.9285714286e+01,1.0000000000e+00,8.9285714286e+01
7.4404761905e+01,1.0000000000e+00,7.4404761905e+01
5.9523809524e+01,1.0000000000e+00,5.9523809524e+01
4.4642857143e+01,1.0000000000e+00,4.4642857143e+01
4.0234408222e+01,1.0000000000e+00,4.0234408222e+01
6.1315344069e+01,1.0000000000e+00,6.1315344069e+01
7.7624697742e+01,1.0000000000e+00,7.7624697742e+01
8.4406401582e+01,1.0000000000e+00,8.4406401582e+01
8.3988408794e+01,1.0000000000e+00,8.3988408794e+01
8.4906421947e+01,1.0000000000e+00,8.4906421947e+01
9.6017567917e+01,1.0000000000e+00,9.6017567917e+01
1.2046244551e+02,1.0000000000e+00,1.2046244551e+02
1.5387599813e+02,1.0000000000e+00,1.5387599813e+02
1.8672893845e+02,1.0000000000e+00,1.8672893845e+02
2.0912901172e+02,1.0000000000e+00,2.0912901172e+02
2.2238499666e+02,1.0000000000e+00,2.1715158668e+02
2.2208557353e+02,1.0000000000e+00,2.1135344733e+02
1.8827711953e+02,1.0000000000e+00,1.9358675865e+02
1.5494037164e+02,1.0000000000e+00,1.7681236244e+02
1.7240129909e+02,1.0000000000e+00,1.7273057048e+02
1.8920489467e+02,1.0000000000e+00,1.6736085371e+02
1.4813569371e+02,1.0000000000e+00,1.4536096486e+02
9.7852541104e+01,1.0000000000e+00,1.1769232368e+02
9.0952592596e+01,1.0000000000e+00,1.0060224165e+02
1.0923520745e+02,1.0000000000e+00,9.5480140096e+01
1.1509928462e+02,1.0000000000e+00,9.5796387812e+01
1.0175097682e+02,1.0000000000e+00,9.8765548509e+01
9.0131823862e+01,1.0000000000e+00,1.0754332465e+02
1.0799270690e+02,1.0000000000e+00,1.2622545474e+02
1.5459191564e+02,1.0000000000e+00,1.5009932494e+02
1.8064671229e+02,1.0000000000e+00,1.6276361474e+02
1.5787040581e+02,1.0000000000e+00,1.5536149076e+02
1.2847686721e+02,1.0000000000e+00,1.4038235914e+02
1.3132842590e+02,1.0000000000e+00,1.3528967120e+02
1.5289784799e+02,1.0000000000e+00,1.4635436892e+02
1.7764454574e+02,1.0000000000e+00,1.7193791721e+02
2.0259075000e+02,1.0000000000e+00,2.0377159773e+02
2.2725200044e+02,1.0000000000e+00,2.2989058039e+02
2.3731780571e+02,1.0000000000e+00,2.3804886147e+02
2.2336957794e+02,1.0000000000e+00,2.2326982633e+02
1.9470186543e+02,1.0000000000e+00,1.9197325185e+02
1.6346577847e+02,1.0000000000e+00,1.5864686080e+02
1.3733445620e+02,1.0000000000e+00,1.3988949708e+02
1.3883640515e+02,1.0000000000e+00,1.4860863055e+02
1.8220298531e+02,1.0000000000e+00,1.8204889719e+02
2.3110451398e+02,1.0000000000e+00,2.1680141284e+02
2.2583777948e+02,1.0000000000e+00,2.2600322045e+02
1.9475357820e+02,1.0000000000e+00,2.1132336739e+02
1.9114395372e+02,1.0000000000e+00,1.9142278448e+02
1.8825098525e+02,1.0000000000e+00,1.7370705078e+02
1.6293343385e+02,1.0000000000e+00,1.6108700151e+02
1.4237064605e+02,1.0000000000e+00,1.5756227578e+02
1.6044300997e+02,1.0000000000e+00,1.6480760100e+02
1.9311642206e+02,1.0000000000e+00,1.7542150623e+02
1.8811709818e+02,1.0000000000e+00,1.7863160529e+02
1.6026026322e+02,1.0000000000e+00,1.7578724721e+02
1.5661014056e+02,1.0000000000e+00,1.7250191864e+02
1.6943888995e+02,1.0000000000e+00,1.6391681162e+02
1.5660879686e+02,1.0000000000e+00,1.4227212049e+02
1.1683810633e+02,1.0000000000e+00,1.1304538223e+02
8.5635246918e+01,1.0000000000e+00,9.0818269425e+01
7.8519840801e+01,1.0000000000e+00,8.2644202583e+01
8.5984110547e+01,1.0000000000e+00,8.5050890710e+01
9.5038309339e+01,1.0000000000e+00,9.0676665417e+01
9.4128263142e+01,1.0000000000e+00,9.2414753426e+01
8.3443333819e+01,1.0000000000e+00,8.7242335514e+01
7.1861667268e+01,1.0000000000e+00,7.6458389871e+01
6.4926012289e+01,1.0000000000e+00,6.3620517974e+01
6.0126392575e+01,1.0000000000e+00,5.2505252755e+01
4.7488516839e+01,1.0000000000e+00,4.4445674279e+01
2.7444759923e+01,1.0000000000e+00,3.9662934600e+01
3.3622530940e+01,1.0000000000e+00,4.2448971128e+01
6.5704262882e+01,1.0000000000e+00,5.0453298375e+01
6.7123293874e+01,1.0000000000e+00,5.2274924267e+01
3.9900407173e+01,1.0000000000e+00,5.0244701546e+01
3.7487457900e+01,1.0000000000e+00,5.6872656772e+01
6.8972376103e+01,1.0000000000e+00,7.3318904357e+01
9.3137930167e+01,1.0000000000e+00,8.8041714668e+01
9.7658469230e+01,1.0000000000e+00,9.5501899635e+01
9.9749870843e+01,1.0000000000e+00,9.9547340420e+01
1.0380821853e+02,1.0000000000e+00,1.0479203493e+02
1.0876357953e+02,1.0000000000e+00,1.1407510580e+02
1.2552016808e+02,1.0000000000e+00,1.2821441443e+02
1.5399321778e+02,1.0000000000e+00,1.4225679834e+02
1.5633917747e+02,1.0000000000e+00,1.4481890988e+02
1.2779915963e+02,1.0000000000e+00,1.3584545771e+02
1.1789531397e+02,1.0000000000e+00,1.2960232339e+02
1.4095055605e+02,1.0000000000e+00,1.3223453030e+02
1.3925162454e+02,1.0000000000e+00,1.3168793969e+02
1.1257459462e+02,1.0000000000e+00,1.2499147307e+02
1.2298881771e+02,1.0000000000e+00,1.2194122246e+02
1.2574154333e+02,1.0000000000e+00,1.1318828758e+02
8.7286140751e+01,1.0000000000e+00,9.5255086237e+01
7.6064351020e+01,1.0000000000e+00,8.8204776254e+01
1.0938154532e+02,1.0000000000e+00,1.0070002057e+02
1.3684100615e+02,1.0000000000e+00,1.2127623817e+02
1.3761526131e+02,1.0000000000e+00,1.3709757469e+02
1.3753463445e+02,1.0000000000e+00,1.4343865026e+02
1.3482895073e+02,1.0000000000e+00,1.3660136527e+02
1.1973591521e+02,1.0000000000e+00,1.1976069659e+02
1.0360447760e+02,1.0000000000e+00,1.0360447760e+02
9.6184918828e+01,1.0000000000e+00,9.5907207359e+01
9.9626417124e+01,1.0000000000e+00,9.9135953105e+01
1.0711837544e+02,1.0000000000e+00,1.1214883994e+02
1.2197042909e+02,1.0000000000e+00,1.3453650112e+02
1.6890204476e+02,1.0000000000e+00,1.6675684651e+02
2.1475750472e+02,1.0000000000e+00,1.9332979930e+02
2.0000523195e+02,1.0000000000e+00,1.9339857792e+02
1.4804799109e+02,1.0000000000e+00,1.6970574760e+02
1.3135895246e+02,1.0000000000e+00,1.4429541299e+02
1.4490890218e+02,1.0000000000e+00,1.2778961008e+02
1.3525872309e+02,1.0000000000e+00,1.1699547452e+02
1.0269106917e+02,1.0000000000e+00,1.1160847500e+02
9.3977605589e+01,1.0000000000e+00,1.1591075443e+02
1.2819074398e+02,1.0000000000e+00,1.2960083047e+02
1.6122938243e+02,1.0000000000e+00,1.4255703240e+02
1.5493178859e+02,1.0000000000e+00,1.4621262457e+02
1.3030600421e+02,1.0000000000e+00,1.4289508267e+02
1.2789299560e+02,1.0000000000e+00,1.3996807483e+02
1.4655526984e+02,1.0000000000e+00,1.3877308818e+02
1.4707727329e+02,1.0000000000e+00,1.3327394918e+02
1.1895983663e+02,1.0000000000e+00,1.2188734543e+02
9.7934358997e+01,1.0000000000e+00,1.1236514654e+02
1.0820545697e+02,1.0000000000e+00,1.1106065503e+02
1.2685819865e+02,1.0000000000e+00,1.1372511641e+02
1.2041879300e+02,1.0000000000e+00,1.1125971925e+02
9.2983664029e+01,1.0000000000e+00,1.0160499393e+02
7.9068503655e+01,1.0000000000e+00,9.1772964293e+01
9.0810407759e+01,1.0000000000e+00,8.7160651995e+01
9.9451014090e+01,1.0000000000e+00,8.4360638066e+01
7.6180037360e+01,1.0000000000e+00,7.7146166954e+01
4.8613634064e+01,1.0000000000e+00,6.9006257070e+01
6.9052177587e+01,1.0000000000e+00,6.8876282843e+01
8.4423554081e+01,1.0000000000e+00,6.5571243448e+01
5.1344634819e+01,1.0000000000e+00,5.0375521339e+01
3.7001021949e+01,1.0000000000e+00,3.7444437188e+01
3.2190249427e+01,1.0000000000e+00,3.2190249427e+01
2.6825207856e+01,1.0000000000e+00,2.6825207856e+01
2.1460166285e+01,1.0000000000e+00,2.1460166285e+01
1.6095124714e+01,1.0000000000e+00,1.6095124714e+01
1.0730083142e+01,1.0000000000e+00,1.0730083142e+01
5.3650415712e+00,1.0000000000e+00,5.3650415712e+00
0.0000000000e+00,9.0000000000e-01,0.0000000000e+00
0.0000000000e+00,8.0000000000e-01,0.0000000000e+00
0.0000000000e+00,7.0000000000e-01,0.0000000000e+00
0.0000000000e+00,6.0000000000e-01,0.0000000000e+00
0.0000000000e+00,6.0000000000e-01,0.0000000000e+00
0.0000000000e+00,6.0000000000e-01,0.0000000000e+00
0.0000000000e+00,6.0000000000e-01,0.0000000000e+00
0.0000000000e+00,6.0000000000e-01,0.0000000000e+00
0.0000000000e+00,6.0000000000e-01,0.0000000000e+00
0.0000000000e+00,6.0000000000e-01,0.0000000000e+00
0.0000000000e+00,6.0000000000e-01,0.0000000000e+00
0.0000000000e+00,6.0000000000e-01,0.0000000000e+00
0.0000000000e+00,6.0000000000e-01,0.0000000000e+00
0.0000000000e+00,6.0000000000e-01,0.0000000000e+00
0.0000000000e+00,6.0000000000e-01,0.0000000000e+00
0.0000000000e+00,6.0000000000e-01,0.0000000000e+00
0.0000000000e+00,6.0000000000e-01,0.0000000000e+00
0.0000000000e+00,6.0000000000e-01,0.0000000000e+00
0.0000000000e+00,6.0000000000e-01,0.0000000000e+00
0.0000000000e+00,6.0000000000e-01,0.0000000000e+00
0.0000000000e+00,6.0000000000e-01,0.0000000000e+00
0.0000000000e+00,6.0000000000e-01,0.0000000000e+00
0.0000000000e+00,6.0000000000e-01,0.0000000000e+00
0.0000000000e+00,7.0000000000e-01,0.0000000000e+00
0.0000000000e+00,8.0000000000e-01,0.0000000000e+00
0.0000000000e+00,9.0000000000e-01,0.0000000000e+00
1.2836700337e+01,1.0000000000e+00,1.2836700337e+01
2.5673400673e+01,1.0000000000e+00,2.5673400673e+01
3.8510101010e+01,1.0000000000e+00,3.8510101010e+01
7.3232323232e+01,1.0000000000e+00,7.3232323232e+01
1.0416666667e+02,1.0000000000e+00,1.0416666667e+02
1.2500000000e+02,1.0000000000e+00,1.2500000000e+02
1.0416666667e+02,1.0000000000e+00,1.0416666667e+02
7.3232323232e+01,1.0000000000e+00,7.3232323232e+01
3.8510101010e+01,1.0000000000e+00,3.8510101010e+01
2.3577791009e+01,1.0000000000e+00,2.3577791009e+01
3.2223272018e+01,1.0000000000e+00,3.2223272018e+01
6.9837255302e+01,1.0000000000e+00,6.9837255302e+01
1.1770408670e+02,1.0000000000e+00,1.1770408670e+02
1.5814285647e+02,1.0000000000e+00,1.5814285647e+02
1.7864118550e+02,1.0000000000e+00,1.7864118550e+02
1.7910640195e+02,1.0000000000e+00,1.7910640195e+02
1.6961426326e+02,1.0000000000e+00,1.6961426326e+02
1.6189205963e+02,1.0000000000e+00,1.6189205963e+02
1.6277112669e+02,1.0000000000e+00,1.6277112669e+02
1.7288467271e+02,1.0000000000e+00,1.7288467271e+02
1.8816220698e+02,1.0000000000e+00,1.8816220698e+02
2.0170441595e+02,1.0000000000e+00,2.0170441595e+02
2.0663993415e+02,1.0000000000e+00,2.0663993415e+02
2.0074027120e+02,1.0000000000e+00,2.0074027120e+02
1.8937127645e+02,1.0000000000e+00,1.8937127645e+02
1.8186099408e+02,1.0000000000e+00,1.8186099408e+02
1.8318332457e+02,1.0000000000e+00,1.8318332457e+02
1.8990969546e+02,1.0000000000e+00,1.8990969546e+02
1.9486043730e+02,1.0000000000e+00,1.9486043730e+02
1.9361841506e+02,1.0000000000e+00,1.9361841506e+02
1.8494049816e+02,1.0000000000e+00,1.8494049816e+02
1.6807852709e+02,1.0000000000e+00,1.6807852709e+02
1.4471036042e+02,1.0000000000e+00,1.4471036042e+02
1.2273213851e+02,1.0000000000e+00,1.2273213851e+02
1.1216901447e+02,1.0000000000e+00,1.1216901447e+02
1.1500647715e+02,1.0000000000e+00,1.1500647715e+02
1.2239706840e+02,1.0000000000e+00,1.2239706840e+02
1.2395968530e+02,1.0000000000e+00,1.2395968530e+02
1.1848996982e+02,1.0000000000e+00,1.1848996982e+02
1.1481313585e+02,1.0000000000e+00,1.1481313585e+02
1.2293032571e+02,1.0000000000e+00,1.2293032571e+02
1.4460918677e+02,1.0000000000e+00,1.4460918677e+02
1.7169186269e+02,1.0000000000e+00,1.7169186269e+02
1.9205038272e+02,1.0000000000e+00,1.9205038272e+02
1.9673883788e+02,1.0000000000e+00,1.9673883788e+02
1.8354601386e+02,1.0000000000e+00,1.8354601386e+02
1.5692133720e+02,1.0000000000e+00,1.5692133720e+02
1.2558774428e+02,1.0000000000e+00,1.2558774428e+02
9.8952345169e+01,1.0000000000e+00,9.8952345169e+01
8.4402249746e+01,1.0000000000e+00,8.4402249746e+01
8.6105491274e+01,1.0000000000e+00,8.6105491274e+01
1.0306152383e+02,1.0000000000e+00,1.0306152383e+02
1.2909876119e+02,1.0000000000e+00,1.2752045448e+02
1.4449198015e+02,1.0000000000e+00,1.4575312997e+02
1.4669826657e+02,1.0000000000e+00,1.5077355570e+02
1.4815471880e+02,1.0000000000e+00,1.4657973382e+02
1.4627908660e+02,1.0000000000e+00,1.4053672854e+02
1.3950609006e+02,1.0000000000e+00,1.4027838188e+02
1.4176567172e+02,1.0000000000e+00,1.5051889146e+02
1.7165914453e+02,1.0000000000e+00,1.6961337389e+02
1.9731181731e+02,1.0000000000e+00,1.8281598500e+02
1.6842131329e+02,1.0000000000e+00,1.7480161613e+02
1.4337401398e+02,1.0000000000e+00,1.5860472562e+02
1.5832408627e+02,1.0000000000e+00,1.4798215908e+02
1.4776147678e+02,1.0000000000e+00,1.3586756259e+02
1.1140999520e+02,1.0000000000e+00,1.2290449733e+02
1.0860393432e+02,1.0000000000e+00,1.1762681960e+02
1.2512414131e+02,1.0000000000e+00,1.1538159063e+02
1.1710185767e+02,1.0000000000e+00,1.0929004913e+02
9.5347392171e+01,1.0000000000e+00,1.0350027238e+02
9.3509787247e+01,1.0000000000e+00,1.0334207843e+02
1.1218162977e+02,1.0000000000e+00,1.0558688895e+02
1.1184273468e+02,1.0000000000e+00,1.0060669490e+02
8.1834223667e+01,1.0000000000e+00,8.7001576552e+01
6.3362050789e+01,1.0000000000e+00,7.4397306244e+01
7.2325496083e+01,1.0000000000e+00,6.6811190884e+01
6.4771254487e+01,1.0000000000e+00,5.5886880602e+01
3.4898344786e+01,1.0000000000e+00,4.0530592856e+01
2.6377545101e+01,1.0000000000e+00,3.4033443790e+01
3.5403654718e+01,1.0000000000e+00,3.1045676585e+01
3.4358895697e+01,1.0000000000e+00,2.6043735653e+01
2.4171979258e+01,1.0000000000e+00,2.3995846883e+01
2.9872525628e+01,1.0000000000e+00,3.4716681674e+01
6.7443654544e+01,1.0000000000e+00,6.9510537592e+01
1.0829193472e+02,1.0000000000e+00,1.0822080361e+02
1.3810821760e+02,1.0000000000e+00,1.3801345099e+02
1.5056546063e+02,1.0000000000e+00,1.5056546063e+02
1.4387524818e+02,1.0000000000e+00,1.4387524818e+02
1.2285333223e+02,1.0000000000e+00,1.2285333223e+02
9.7256683472e+01,1.0000000000e+00,9.7256683472e+01
7.6513985721e+01,1.0000000000e+00,7.6513985721e+01
6.4989975841e+01,1.0000000000e+00,6.4989975841e+01
6.3031071565e+01,1.0000000000e+00,6.3031071565e+01
7.1302047274e+01,1.0000000000e+00,7.1302047274e+01
9.0001729010e+01,1.0000000000e+00,9.0001729010e+01
1.1312169074e+02,1.0000000000e+00,1.1312169074e+02
1.2787387162e+02,1.0000000000e+00,1.2787387162e+02
1.2342988521e+02,1.0000000000e+00,1.2342988521e+02
1.0080612316e+02,1.0000000000e+00,1.0080612316e+02
7.4439147374e+01,1.0000000000e+00,7.4439147374e+01
6.3544936485e+01,1.0000000000e+00,6.3544936485e+01
7.8917067048e+01,1.0000000000e+00,7.8917067048e+01
1.1504280387e+02,1.0000000000e+00,1.1504280387e+02
1.5412476937e+02,1.0000000000e+00,1.5412476937e+02
1.7892299847e+02,1.0000000000e+00,1.7892299847e+02
1.8452988389e+02,1.0000000000e+00,1.8452988389e+02
1.7971259425e+02,1.0000000000e+00,1.7971259425e+02
1.7620974075e+02,1.0000000000e+00,1.7620974075e+02
1.7649409491e+02,1.0000000000e+00,1.7649409491e+02
1.7322314489e+02,1.0000000000e+00,1.7322314489e+02
1.5933789224e+02,1.0000000000e+00,1.5933789224e+02
1.3538139184e+02,1.0000000000e+00,1.3538139184e+02
1.0747004977e+02,1.0000000000e+00,1.0747004977e+02
8.1920500817e+01,1.0000000000e+00,8.1920500817e+01
6.2436064457e+01,1.0000000000e+00,6.2436064457e+01
4.9717968647e+01,1.0000000000e+00,4.9717968647e+01
4.2863113534e+01,1.0000000000e+00,4.2863113534e+01
4.2055277060e+01,1.0000000000e+00,4.2055277060e+01
6.7501028249e+01,1.0000000000e+00,6.7501028249e+01
9.0541229066e+01,1.0000000000e+00,9.0541229066e+01
1.1117587951e+02,1.0000000000e+00,1.1117587951e+02
1.2500000000e+02,1.0000000000e+00,1.2500000000e+02
1.0993347463e+02,1.0000000000e+00,1.0993347463e+02
8.7669893337e+01,1.0000000000e+00,8.7669893337e+01
6.2559017717e+01,1.0000000000e+00,6.2559017717e+01
3.4600847766e+01,1.0000000000e+00,3.4600847766e+01
4.8244072123e+01,1.0000000000e+00,4.8244072123e+01
8.7713143721e+01,1.0000000000e+00,8.7713143721e+01
1.3386847616e+02,1.0000000000e+00,1.3386847616e+02
1.6648888296e+02,1.0000000000e+00,1.6648888296e+02
1.8059101071e+02,1.0000000000e+00,1.8059101071e+02
1.8531437629e+02,1.0000000000e+00,1.8531437629e+02
1.8788794864e+02,1.0000000000e+00,1.8788794864e+02
1.8357059665e+02,1.0000000000e+00,1.8357059665e+02
1.6332398109e+02,1.0000000000e+00,1.6332398109e+02
1.2837317620e+02,1.0000000000e+00,1.2837317620e+02
9.3800502661e+01,1.0000000000e+00,9.3800502661e+01
7.7532380118e+01,1.0000000000e+00,7.7532380118e+01
8.7174891313e+01,1.0000000000e+00,8.7174891313e+01
1.1684899334e+02,1.0000000000e+00,1.1684899334e+02
1.5340712593e+02,1.0000000000e+00,1.5340712593e+02
1.8392599672e+02,1.0000000000e+00,1.8392599672e+02
2.0001164570e+02,1.0000000000e+00,2.0001164570e+02
1.9934933547e+02,1.0000000000e+00,1.9934933547e+02
1.8611767667e+02,1.0000000000e+00,1.8611767667e+02
1.7082582858e+02,1.0000000000e+00,1.7082582858e+02
1.6634165801e+02,1.0000000000e+00,1.6634165801e+02
1.7871240329e+02,1.0000000000e+00,1.7871240329e+02
2.0177804018e+02,1.0000000000e+00,2.0177804018e+02
2.2345004096e+02,1.0000000000e+00,2.2345004096e+02
2.3608735269e+02,1.0000000000e+00,2.3608735269e+02
2.3958139578e+02,1.0000000000e+00,2.3958139578e+02
2.3718930243e+02,1.0000000000e+00,2.3718930243e+02
2.3099014613e+02,1.0000000000e+00,2.3099014613e+02
2.2107469483e+02,1.0000000000e+00,2.2107469483e+02
2.0767267358e+02,1.0000000000e+00,2.0767267358e+02
1.9268572750e+02,1.0000000000e+00,1.9268572750e+02
1.7861363489e+02,1.0000000000e+00,1.7861363489e+02
1.8882506311e+02,1.0000000000e+00,1.7113676454e+02
1.5984431102e+02,1.0000000000e+00,1.5741282716e+02
1.1463450428e+02,1.0000000000e+00,1.4189450281e+02
1.3709034870e+02,1.0000000000e+00,1.4244729614e+02
1.7550151769e+02,1.0000000000e+00,1.5046373211e+02
1.6108677143e+02,1.0000000000e+00,1.5195223059e+02
1.2597582118e+02,1.0000000000e+00,1.5000370685e+02
1.4160654686e+02,1.0000000000e+00,1.5556496352e+02
1.8611223445e+02,1.0000000000e+00,1.6452671250e+02
1.8272836748e+02,1.0000000000e+00,1.6403503080e+02
1.3979792220e+02,1.0000000000e+00,1.5589836218e+02
1.2968216948e+02,1.0000000000e+00,1.5144559285e+02
1.6008167227e+02,1.0000000000e+00,1.4956052665e+02
1.5557058061e+02,1.0000000000e+00,1.3539220964e+02
9.7706477789e+01,1.0000000000e+00,1.0711058141e+02
6.7724171136e+01,1.0000000000e+00,8.3409625254e+01
8.4439421672e+01,1.0000000000e+00,7.1468033895e+01
6.9148997830e+01,1.0000000000e+00,5.9494081924e+01
3.6459104508e+01,1.0000000000e+00,5.3989636576e+01
6.7851398583e+01,1.0000000000e+00,7.3724368987e+01
1.3213633708e+02,1.0000000000e+00,1.1117294780e+02
1.5598396317e+02,1.0000000000e+00,1.4325506022e+02
1.3860562213e+02,1.0000000000e+00,1.5673069264e+02
1.3107626280e+02,1.0000000000e+00,1.5379121771e+02
1.4900927817e+02,1.0000000000e+00,1.4208534360e+02
1.4982671806e+02,1.0000000000e+00,1.2635798716e+02
1.0845407840e+02,1.0000000000e+00,1.1207388736e+02
8.5989143041e+01,1.0000000000e+00,1.1163982740e+02
1.3606881579e+02,1.0000000000e+00,1.2818184891e+02
1.5985363515e+02,1.0000000000e+00,1.3430515998e+02
1.0776735501e+02,1.0000000000e+00,1.1740595951e+02
7.3370970151e+01,1.0000000000e+00,9.7848034518e+01
9.0414248037e+01,1.0000000000e+00,8.5406932731e+01
9.3374562247e+01,1.0000000000e+00,7.0152024046e+01
5.1332921827e+01,1.0000000000e+00,5.0167861845e+01
1.9283353833e+01,1.0000000000e+00,4.1580253604e+01
6.7909480138e+01,1.0000000000e+00,7.1211237435e+01
1.2136891480e+02,1.0000000000e+00,9.9202129135e+01
1.1666140554e+02,1.0000000000e+00,1.1295287825e+02
1.0070815940e+02,1.0000000000e+00,1.2014163188e+02
1.1403436303e+02,1.0000000000e+00,1.1863686156e+02
1.2504201546e+02,1.0000000000e+00,1.0834173642e+02
9.5471170538e+01,1.0000000000e+00,8.9533130888e+01
5.3383340229e+01,1.0000000000e+00,6.7823347338e+01
4.7223636929e+01,1.0000000000e+00,5.2901408256e+01
5.1808902007e+01,1.0000000000e+00,3.9730681916e+01
3.6521559073e+01,1.0000000000e+00,3.2477655970e+01
1.4882918879e+01,1.0000000000e+00,2.3954370572e+01
1.7817044428e+01,1.0000000000e+00,2.0345638323e+01
2.0776771822e+01,1.0000000000e+00,1.6742026442e+01
1.2176267392e+01,1.0000000000e+00,1.0826368197e+01
1.0918712354e+01,1.0000000000e+00,1.0918712354e+01
2.1837424708e+01,1.0000000000e+00,2.1837424708e+01
3.2756137061e+01,1.0000000000e+00,3.2756137061e+01
4.5073987539e+01,1.0000000000e+00,4.5073987539e+01
6.5907320872e+01,1.0000000000e+00,6.5907320872e+01
8.5604880582e+01,1.0000000000e+00,8.5604880582e+01
1.0416666667e+02,1.0000000000e+00,1.0416666667e+02
1.2159267913e+02,1.0000000000e+00,1.2159267913e+02
1.2500000000e+02,1.0000000000e+00,1.2500000000e+02
1.0416666667e+02,1.0000000000e+00,1.0416666667e+02
7.5058411215e+01,1.0000000000e+00,7.5058411215e+01
6.4335781041e+01,1.0000000000e+00,6.4335781041e+01
5.3613150868e+01,1.0000000000e+00,5.3613150868e+01
4.2890520694e+01,1.0000000000e+00,4.2890520694e+01
3.2167890521e+01,1.0000000000e+00,3.2167890521e+01
2.5686755002e+01,1.0000000000e+00,2.5686755002e+01
3.7071402360e+01,1.0000000000e+00,3.7071402360e+01
5.4188805828e+01,1.0000000000e+00,5.4188805828e+01
7.5661378020e+01,1.0000000000e+00,7.5661378020e+01
9.5395399318e+01,1.0000000000e+00,9.5395399318e+01
1.0508673530e+02,1.0000000000e+00,1.0508673530e+02
1.0068796831e+02,1.0000000000e+00,1.0068796831e+02
8.6803099689e+01,1.0000000000e+00,8.6803099689e+01
7.5738501943e+01,1.0000000000e+00,7.5738501943e+01
8.0630735728e+01,1.0000000000e+00,8.0630735728e+01
1.0482975067e+02,1.0000000000e+00,1.0482975067e+02
1.3665948096e+02,1.0000000000e+00,1.3665948096e+02
1.5790564434e+02,1.0000000000e+00,1.5790564434e+02
1.5946860935e+02,1.0000000000e+00,1.5946860935e+02
1.4783288325e+02,1.0000000000e+00,1.4783288325e+02
1.3662217197e+02,1.0000000000e+00,1.3662217197e+02
1.3422537633e+02,1.0000000000e+00,1.3422537633e+02
1.4021874287e+02,1.0000000000e+00,1.4021874287e+02
1.5090848090e+02,1.0000000000e+00,1.5090848090e+02
1.6450735730e+02,1.0000000000e+00,1.6450735730e+02
1.7989044547e+02,1.0000000000e+00,1.7989044547e+02
1.9317610871e+02,1.0000000000e+00,1.9317610871e+02
1.9895674382e+02,1.0000000000e+00,1.9895674382e+02
1.9546402099e+02,1.0000000000e+00,1.9546402099e+02
1.8714377781e+02,1.0000000000e+00,1.8714377781e+02
1.8110351642e+02,1.0000000000e+00,1.8110351642e+02
1.8102569387e+02,1.0000000000e+00,1.8102569387e+02
1.8517254772e+02,1.0000000000e+00,1.8517254772e+02
1.9001557042e+02,1.0000000000e+00,1.9001557042e+02
1.9385194461e+02,1.0000000000e+00,1.9385194461e+02
1.9608349035e+02,1.0000000000e+00,1.9608349035e+02
1.9563329710e+02,1.0000000000e+00,1.9563329710e+02
1.9258588282e+02,1.0000000000e+00,1.9258588282e+02
1.8957107858e+02,1.0000000000e+00,1.8957107858e+02
1.8865207380e+02,1.0000000000e+00,1.8865207380e+02
1.8815060878e+02,1.0000000000e+00,1.8815060878e+02
1.8558474298e+02,1.0000000000e+00,1.8558474298e+02
1.8245888638e+02,1.0000000000e+00,1.8245888638e+02
1.8220175108e+02,1.0000000000e+00,1.8220175108e+02
1.8387708224e+02,1.0000000000e+00,1.8387708224e+02
1.8219807030e+02,1.0000000000e+00,1.8219807030e+02
1.7407834128e+02,1.0000000000e+00,1.7407834128e+02
1.6134859379e+02,1.0000000000e+00,1.6134859379e+02
1.4668637250e+02,1.0000000000e+00,1.4668637250e+02
1.3092823721e+02,1.0000000000e+00,1.3092823721e+02
1.1545755179e+02,1.0000000000e+00,1.1545755179e+02
1.0346346034e+02,1.0000000000e+00,1.0346346034e+02
9.6522756167e+01,1.0000000000e+00,9.6522756167e+01
9.1858387648e+01,1.0000000000e+00,9.1858387648e+01
8.4979357038e+01,1.0000000000e+00,8.4979357038e+01
7.4233208422e+01,1.0000000000e+00,7.4233208422e+01
6.1565592792e+01,1.0000000000e+00,6.1565592792e+01
4.9723967884e+01,1.0000000000e+00,4.9723967884e+01
4.0058699113e+01,1.0000000000e+00,4.0058699113e+01
3.2506028481e+01,1.0000000000e+00,3.2506028481e+01
2.7862310126e+01,1.0000000000e+00,2.7862310126e+01
2.3218591772e+01,1.0000000000e+00,2.3218591772e+01
1.8574873417e+01,1.0000000000e+00,1.8574873417e+01
1.3931155063e+01,1.0000000000e+00,1.3931155063e+01
9.2874367087e+00,1.0000000000e+00,9.2874367087e+00
4.6437183544e+00,1.0000000000e+00,4.6437183544e+00
0.0000000000e+00,1.0000000000e+00,0.0000000000e+00
0.0000000000e+00,1.0000000000e+00,0.0000000000e+00
0.0000000000e+00,1.0000000000e+00,0.0000000000e+00
0.0000000000e+00,1.0000000000e+00,0.0000000000e+00
0.0000000000e+00,1.0000000000e+00,0.0000000000e+00
0.0000000000e+00,1.0000000000e+00,0.0000000000e+00
0.0000000000e+00,1.0000000000e+00,0.0000000000e+00
1.3852067096e+01,1.0000000000e+00,1.3852067096e+01
2.7704134193e+01,1.0000000000e+00,2.7704134193e+01
4.1556201289e+01,1.0000000000e+00,4.1556201289e+01
7.3633394420e+01,1.0000000000e+00,7.3633394420e+01
1.0416666667e+02,1.0000000000e+00,1.0416666667e+02
1.2500000000e+02,1.0000000000e+00,1.2500000000e+02
1.0878364894e+02,1.0000000000e+00,1.0878364894e+02
8.4303753456e+01,1.0000000000e+00,8.4303753456e+01
5.7276501693e+01,1.0000000000e+00,5.7276501693e+01
2.7701893652e+01,1.0000000000e+00,2.7701893652e+01
3.6559978158e+01,1.0000000000e+00,3.6559978158e+01
5.3934940997e+01,1.0000000000e+00,5.3934940997e+01
7.1671192190e+01,1.0000000000e+00,7.1671192190e+01
8.3034854339e+01,1.0000000000e+00,8.3034854339e+01
8.7008623413e+01,1.0000000000e+00,8.7008623413e+01
9.6980187307e+01,1.0000000000e+00,9.1067441242e+01
9.2918458313e+01,1.0000000000e+00,9.8936415114e+01
1.0869729457e+02,1.0000000000e+00,1.2155913198e+02
1.7339568077e+02,1.0000000000e+00,1.5953612100e+02
1.9981507889e+02,1.0000000000e+00,1.8264798832e+02
1.6112522237e+02,1.0000000000e+00,1.7530180421e+02
1.3536711463e+02,1.0000000000e+00,1.5541776854e+02
1.5494728808e+02,1.0000000000e+00,1.4441592995e+02
1.7092901709e+02,1.0000000000e+00,1.4848858435e+02
1.6187620057e+02,1.0000000000e+00,1.6654533751e+02
1.7013833107e+02,1.0000000000e+00,1.9452619035e+02
2.1526033458e+02,1.0000000000e+00,2.1878233120e+02
2.3682659102e+02,1.0000000000e+00,2.1860523187e+02
2.0041388525e+02,1.0000000000e+00,1.9334637311e+02
1.5881535804e+02,1.0000000000e+00,1.6913354625e+02
1.6031840198e+02,1.0000000000e+00,1.6796989366e+02
2.0170300307e+02,1.0000000000e+00,1.8925003167e+02
2.2157957645e+02,1.0000000000e+00,2.1104027233e+02
1.9995016731e+02,1.0000000000e+00,2.1999358097e+02
2.1913771713e+02,1.0000000000e+00,2.2955684676e+02
2.6123901476e+02,1.0000000000e+00,2.3750135596e+02
2.3409083360e+02,1.0000000000e+00,2.2673710617e+02
1.8502859644e+02,1.0000000000e+00,2.0702930171e+02
1.8947806171e+02,1.0000000000e+00,1.9477145788e+02
2.0112948590e+02,1.0000000000e+00,1.8433560893e+02
1.7715205351e+02,1.0000000000e+00,1.7159349360e+02
1.5009983150e+02,1.0000000000e+00,1.6523252275e+02
1.6410822795e+02,1.0000000000e+00,1.7230951681e+02
2.0155269516e+02,1.0000000000e+00,1.8519516570e+02
2.0065259231e+02,1.0000000000e+00,1.8848036392e+02
1.6706207722e+02,1.0000000000e+00,1.8254047888e+02
1.6414644127e+02,1.0000000000e+00,1.7979637097e+02
1.9196313746e+02,1.0000000000e+00,1.7950398806e+02
1.8610161755e+02,1.0000000000e+00,1.6944293388e+02
1.4151906262e+02,1.0000000000e+00,1.5183177554e+02
1.2816162435e+02,1.0000000000e+00,1.4384370886e+02
1.5843406875e+02,1.0000000000e+00,1.4837834276e+02
1.6603904844e+02,1.0000000000e+00,1.5064480653e+02
1.3425207527e+02,1.0000000000e+00,1.4532716905e+02
1.2523304687e+02,1.0000000000e+00,1.4217135720e+02
1.5000455148e+02,1.0000000000e+00,1.4092253853e+02
1.5067503273e+02,1.0000000000e+00,1.3055914049e+02
1.1260250978e+02,1.0000000000e+00,1.1149206592e+02
7.4036075631e+01,1.0000000000e+00,9.3331776427e+01
6.3148494587e+01,1.0000000000e+00,8.0312728151e+01
7.4698996309e+01,1.0000000000e+00,6.9992667349e+01
7.8197007580e+01,1.0000000000e+00,5.8769568538e+01
5.8354570493e+01,1.0000000000e+00,4.9152362834e+01
6.9724030884e+01,1.0000000000e+00,6.5202074999e+01
8.0665426215e+01,1.0000000000e+00,8.0665426215e+01
9.6633331479e+01,1.0000000000e+00,9.6633331479e+01
1.1197530182e+02,1.0000000000e+00,1.1197530182e+02
1.2500000000e+02,1.0000000000e+00,1.2500000000e+02
1.2555940259e+02,1.0000000000e+00,1.2555940259e+02
1.1884459924e+02,1.0000000000e+00,1.1884459924e+02
1.1173801686e+02,1.0000000000e+00,1.1173801686e+02
1.0423965543e+02,1.0000000000e+00,1.0423965543e+02
9.6349514966e+01,1.0000000000e+00,9.6349514966e+01
8.8067595460e+01,1.0000000000e+00,8.8067595460e+01
8.8657578583e+01,1.0000000000e+00,8.8657578583e+01
9.1016805179e+01,1.0000000000e+00,9.1016805179e+01
9.2541961984e+01,1.0000000000e+00,9.2541961984e+01
9.2688284065e+01,1.0000000000e+00,9.2688284065e+01
9.1184863410e+01,1.0000000000e+00,9.1184863410e+01
8.6463404985e+01,1.0000000000e+00,8.6463404985e+01
7.7879617454e+01,1.0000000000e+00,7.7879617454e+01
6.8258795212e+01,1.0000000000e+00,6.8258795212e+01
6.2986231034e+01,1.0000000000e+00,6.2986231034e+01
6.6281010814e+01,1.0000000000e+00,6.6281010814e+01
7.7619400017e+01,1.0000000000e+00,7.7619400017e+01
9.1861236062e+01,1.0000000000e+00,9.1861236062e+01
1.0405226228e+02,1.0000000000e+00,1.0405226228e+02
1.1399147570e+02,1.0000000000e+00,1.1399147570e+02
1.2493258796e+02,1.0000000000e+00,1.2493258796e+02
1.3862072914e+02,1.0000000000e+00,1.3862072914e+02
1.5396546171e+02,1.0000000000e+00,1.5396546171e+02
1.7019855920e+02,1.0000000000e+00,1.7019855920e+02
1.8783190126e+02,1.0000000000e+00,1.8783190126e+02
2.0527373084e+02,1.0000000000e+00,2.0527373084e+02
2.1730496094e+02,1.0000000000e+00,2.1730496094e+02
2.1927232348e+02,1.0000000000e+00,2.1927232348e+02
2.1249065685e+02,1.0000000000e+00,2.1249065685e+02
2.0424153742e+02,1.0000000000e+00,2.0424153742e+02
2.0125671959e+02,1.0000000000e+00,2.0125671959e+02
2.0292725818e+02,1.0000000000e+00,2.0292725818e+02
2.0198552703e+02,1.0000000000e+00,2.0198552703e+02
1.9208133178e+02,1.0000000000e+00,1.9208133178e+02
1.7330132213e+02,1.0000000000e+00,1.7330132213e+02
1.5028188331e+02,1.0000000000e+00,1.5028188331e+02
1.2739085293e+02,1.0000000000e+00,1.2739085293e+02
1.0723731068e+02,1.0000000000e+00,1.0723731068e+02
9.1679519981e+01,1.0000000000e+00,9.1679519981e+01
8.1143442078e+01,1.0000000000e+00,8.1143442078e+01
7.3403485915e+01,1.0000000000e+00,7.3403485915e+01
6.5552693742e+01,1.0000000000e+00,6.5552693742e+01
5.7132388406e+01,1.0000000000e+00,5.7132388406e+01
4.9866163506e+01,1.0000000000e+00,4.9866163506e+01
4.4952952714e+01,1.0000000000e+00,4.4952952714e+01
4.1869102700e+01,1.0000000000e+00,4.1869102700e+01
3.9198173347e+01,1.0000000000e+00,3.9198173347e+01
3.5652903154e+01,1.0000000000e+00,3.5652903154e+01
3.0698003968e+01,1.0000000000e+00,3.0698003968e+01
2.5466359395e+01,1.0000000000e+00,2.5466359395e+01
2.0373087516e+01,1.0000000000e+00,2.0373087516e+01
1.5279815637e+01,1.0000000000e+00,1.5279815637e+01
2.3546773666e+01,1.0000000000e+00,2.3546773666e+01
3.5320160499e+01,1.0000000000e+00,3.5320160499e+01
4.9436721735e+01,1.0000000000e+00,4.9436721735e+01
6.2869843741e+01,1.0000000000e+00,6.2869843741e+01
7.1818962172e+01,1.0000000000e+00,7.1818962172e+01
7.3771970154e+01,1.0000000000e+00,7.3771970154e+01
6.8205752860e+01,1.0000000000e+00,6.8205752860e+01
5.8108141347e+01,1.0000000000e+00,5.8108141347e+01
5.0426782606e+01,1.0000000000e+00,5.0426782606e+01
5.2631555050e+01,1.0000000000e+00,5.2631555050e+01
6.7262903406e+01,1.0000000000e+00,6.7262903406e+01
9.0061173710e+01,1.0000000000e+00,9.0061173710e+01
1.1352992252e+02,1.0000000000e+00,1.1352992252e+02
1.3122677264e+02,1.0000000000e+00,1.3122677264e+02
1.3881795512e+02,1.0000000000e+00,1.3881795512e+02
1.3430609783e+02,1.0000000000e+00,1.3430609783e+02
1.2017533676e+02,1.0000000000e+00,1.2017533676e+02
1.0435037374e+02,1.0000000000e+00,1.0435037374e+02
9.6038498237e+01,1.0000000000e+00,9.6038498237e+01
9.8973714389e+01,1.0000000000e+00,9.8973714389e+01
1.0897979387e+02,1.0000000000e+00,1.0897979387e+02
1.1850802640e+02,1.0000000000e+00,1.1850802640e+02
1.2290119340e+02,1.0000000000e+00,1.2290119340e+02
1.2201119013e+02,1.0000000000e+00,1.2201119013e+02
1.1731774464e+02,1.0000000000e+00,1.1731774464e+02
1.0930747492e+02,1.0000000000e+00,1.0930747492e+02
9.7980467694e+01,1.0000000000e+00,9.7980467694e+01
8.5164966958e+01,1.0000000000e+00,8.5164966958e+01
7.5138933018e+01,1.0000000000e+00,7.5138933018e+01
7.1642672156e+01,1.0000000000e+00,7.1642672156e+01
7.3790565043e+01,1.0000000000e+00,7.3790565043e+01
7.5865323666e+01,1.0000000000e+00,7.5865323666e+01
7.2195831315e+01,1.0000000000e+00,7.2195831315e+01
6.2084182678e+01,1.0000000000e+00,6.2084182678e+01
4.9979358250e+01,1.0000000000e+00,4.9979358250e+01
4.1866303954e+01,1.0000000000e+00,4.1866303954e+01
4.1295054486e+01,1.0000000000e+00,4.1295054486e+01
5.5255820928e+01,1.0000000000e+00,5.5255820928e+01
6.8282555545e+01,1.0000000000e+00,6.8282555545e+01
8.0375258335e+01,1.0000000000e+00,8.0375258335e+01
9.1533929298e+01,1.0000000000e+00,9.1533929298e+01
1.0175856844e+02,1.0000000000e+00,1.0175856844e+02
1.1104917575e+02,1.0000000000e+00,1.1104917575e+02
1.1940575123e+02,1.0000000000e+00,1.1940575123e+02
1.2500000000e+02,1.0000000000e+00,1.2500000000e+02
1.2600362716e+02,1.0000000000e+00,1.2600362716e+02
1.2241663270e+02,1.0000000000e+00,1.2241663270e+02
1.1642668714e+02,1.0000000000e+00,1.1642668714e+02
1.1022146097e+02,1.0000000000e+00,1.1022146097e+02
1.0380095420e+02,1.0000000000e+00,1.0380095420e+02
9.7165166811e+01,1.0000000000e+00,9.7165166811e+01
9.0314098817e+01,1.0000000000e+00,9.0314098817e+01
8.3247750216e+01,1.0000000000e+00,8.3247750216e+01
7.5966121006e+01,1.0000000000e+00,7.5966121006e+01
6.8469211189e+01,1.0000000000e+00,6.8469211189e+01
6.0757020764e+01,1.0000000000e+00,6.0757020764e+01
5.2829549731e+01,1.0000000000e+00,5.2829549731e+01
4.4686798090e+01,1.0000000000e+00,4.4686798090e+01
3.6328765841e+01,1.0000000000e+00,3.6328765841e+01
3.8039021260e+01,1.0000000000e+00,3.8039021260e+01
3.8514429736e+01,1.0000000000e+00,3.8514429736e+01
3.4786316586e+01,1.0000000000e+00,3.4786316586e+01
2.9816842788e+01,1.0000000000e+00,2.9816842788e+01
2.4847368990e+01,1.0000000000e+00,2.4847368990e+01
1.9877895192e+01,1.0000000000e+00,1.9877895192e+01
1.4908421394e+01,1.0000000000e+00,1.4908421394e+01
9.9389475960e+00,1.0000000000e+00,9.9389475960e+00
1.9000708029e+01,1.0000000000e+00,1.9000708029e+01
2.8501062044e+01,1.0000000000e+00,2.8501062044e+01
3.9285191300e+01,1.0000000000e+00,3.9285191300e+01
4.7469988327e+01,1.0000000000e+00,4.7469988327e+01
5.1213628806e+01,1.0000000000e+00,5.1213628806e+01
5.0827014134e+01,1.0000000000e+00,5.0827014134e+01
4.8443476411e+01,1.0000000000e+00,4.8443476411e+01
4.6678821960e+01,1.0000000000e+00,4.6678821960e+01
5.2090854192e+01,1.0000000000e+00,5.2090854192e+01
5.7437645774e+01,1.0000000000e+00,5.7437645774e+01
6.2719196708e+01,1.0000000000e+00,6.2719196708e+01
6.7935506992e+01,1.0000000000e+00,6.7935506992e+01
7.3086576626e+01,1.0000000000e+00,7.3086576626e+01
7.8172405612e+01,1.0000000000e+00,7.8172405612e+01
8.3192993948e+01,1.0000000000e+00,8.3192993948e+01
8.8148341634e+01,1.0000000000e+00,8.8148341634e+01
9.3038448671e+01,1.0000000000e+00,9.3038448671e+01
9.7863315059e+01,1.0000000000e+00,9.7863315059e+01
1.0262294080e+02,1.0000000000e+00,1.0262294080e+02
1.0731732589e+02,1.0000000000e+00,1.0731732589e+02
1.1194647033e+02,1.0000000000e+00,1.1194647033e+02
1.1651037412e+02,1.0000000000e+00,1.1651037412e+02
1.2100903726e+02,1.0000000000e+00,1.2100903726e+02
1.2544245975e+02,1.0000000000e+00,1.2544245975e+02
1.2832716567e+02,1.0000000000e+00,1.2832716567e+02
1.2817967908e+02,1.0000000000e+00,1.2817967908e+02
1.2500000000e+02,1.0000000000e+00,1.2500000000e+02
1.1878812842e+02,1.0000000000e+00,1.1878812842e+02
1.0901872238e+02,1.0000000000e+00,1.0901872238e+02
9.5166439959e+01,1.0000000000e+00,9.5166439959e+01
7.7231281137e+01,1.0000000000e+00,7.7231281137e+01
5.5213245921e+01,1.0000000000e+00,5.5213245921e+01
2.9112334310e+01,1.0000000000e+00,2.9112334310e+01
2.9540286319e+01,1.0000000000e+00,2.9540286319e+01
3.4874106583e+01,1.0000000000e+00,3.4874106583e+01
4.1208877684e+01,1.0000000000e+00,4.1208877684e+01
4.6473185201e+01,1.0000000000e+00,4.6473185201e+01
5.0561008813e+01,1.0000000000e+00,5.0561008813e+01
5.3305811912e+01,1.0000000000e+00,5.3305811912e+01
5.3673228703e+01,1.0000000000e+00,5.3673228703e+01
5.1564812477e+01,1.0000000000e+00,5.1564812477e+01
4.8859803898e+01,1.0000000000e+00,4.8859803898e+01
4.7367803479e+01,1.0000000000e+00,4.7367803479e+01
4.6565880325e+01,1.0000000000e+00,4.6565880325e+01
4.4500025964e+01,1.0000000000e+00,4.4500025964e+01
4.0531288989e+01,1.0000000000e+00,4.0531288989e+01
3.6100905134e+01,1.0000000000e+00,3.6100905134e+01
3.2782115411e+01,1.0000000000e+00,3.2782115411e+01
3.0527614844e+01,1.0000000000e+00,3.0527614844e+01
2.8246400674e+01,1.0000000000e+00,2.8246400674e+01
2.5571224386e+01,1.0000000000e+00,2.5571224386e+01
2.0176000482e+01,1.0000000000e+00,2.0176000482e+01
1.6140800385e+01,1.0000000000e+00,1.6140800385e+01
1.2105600289e+01,1.0000000000e+00,1.2105600289e+01
8.0704001927e+00,1.0000000000e+00,8.0704001927e+00
4.0352000963e+00,1.0000000000e+00,4.0352000963e+00
0.0000000000e+00,9.0000000000e-01,0.0000000000e+00
0.0000000000e+00,8.0000000000e-01,0.0000000000e+00
0.0000000000e+00,7.0000000000e-01,0.0000000000e+00
0.0000000000e+00,6.0000000000e-01,0.0000000000e+00
0.0000000000e+00,6.0000000000e-01,0.0000000000e+00
0.0000000000e+00,6.0000000000e-01,0.0000000000e+00
0.0000000000e+00,6.0000000000e-01,0.0000000000e+00
0.0000000000e+00,6.0000000000e-01,0.0000000000e+00
0.0000000000e+00,6.0000000000e-01,0.0000000000e+00
0.0000000000e+00,6.0000000000e-01,0.0000000000e+00
0.0000000000e+00,6.0000000000e-01,0.0000000000e+00
0.0000000000e+00,6.0000000000e-01,0.0000000000e+00
0.0000000000e+00,6.0000000000e-01,0.0000000000e+00
0.0000000000e+00,6.0000000000e-01,0.0000000000e+00
0.0000000000e+00,6.0000000000e-01,0.0000000000e+00
0.0000000000e+00,6.0000000000e-01,0.0000000000e+00
0.0000000000e+00,6.0000000000e-01,0.0000000000e+00
0.0000000000e+00,6.0000000000e-01,0.0000000000e+00
0.0000000000e+00,6.0000000000e-01,0.0000000000e+00
0.0000000000e+00,6.0000000000e-01,0.0000000000e+00
0.0000000000e+00,6.0000000000e-01,0.0000000000e+00
0.0000000000e+00,6.0000000000e-01,0.0000000000e+00
0.0000000000e+00,6.0000000000e-01,0.0000000000e+00
0.0000000000e+00,6.0000000000e-01,0.0000000000e+00
0.0000000000e+00,6.0000000000e-01,0.0000000000e+00
0.0000000000e+00,6.0000000000e-01,0.0000000000e+00
0.0000000000e+00,6.0000000000e-01,0.0000000000e+00
0.0000000000e+00,6.0000000000e-01,0.0000000000e+00
0.0000000000e+00,6.0000000000e-01,0.0000000000e+00
0.0000000000e+00,6.0000000000e-01,0.0000000000e+00
0.0000000000e+00,6.0000000000e-01,0.0000000000e+00
0.0000000000e+00,6.0000000000e-01,0.0000000000e+00
0.0000000000e+00,6.0000000000e-01,0.0000000000e+00
0.0000000000e+00,6.0000000000e-01,0.0000000000e+00
0.0000000000e+00,6.0000000000e-01,0.0000000000e+00
0.0000000000e+00,6.0000000000e-01,0.0000000000e+00
0.0000000000e+00,6.0000000000e-01,0.0000000000e+00
0.0000000000e+00,6.0000000000e-01,0.0000000000e+00
0.0000000000e+00,7.0000000000e-01,0.0000000000e+00
0.0000000000e+00,8.0000000000e-01,0.0000000000e+00
0.0000000000e+00,9.0000000000e-01,0.0000000000e+00
9.2811763828e+00,1.0000000000e+00,9.2811763828e+00
1.8562352766e+01,1.0000000000e+00,1.8562352766e+01
2.7843529148e+01,1.0000000000e+00,2.7843529148e+01
3.1347051516e+01,1.0000000000e+00,3.1347051516e+01
3.3533936745e+01,1.0000000000e+00,3.3533936745e+01
3.4140698311e+01,1.0000000000e+00,3.4140698311e+01
3.2943080510e+01,1.0000000000e+00,3.2943080510e+01
3.0607770022e+01,1.0000000000e+00,3.0607770022e+01
2.8849698761e+01,1.0000000000e+00,2.8849698761e+01
5.8378755058e+01,1.0000000000e+00,5.8378755058e+01
8.5087172068e+01,1.0000000000e+00,8.5087172068e+01
1.0897494979e+02,1.0000000000e+00,1.0897494979e+02
1.2500000000e+02,1.0000000000e+00,1.2500000000e+02
1.0836956989e+02,1.0000000000e+00,1.0836956989e+02
8.6800230809e+01,1.0000000000e+00,8.6800230809e+01
6.5751759357e+01,1.0000000000e+00,6.5751759357e+01
4.5224155532e+01,1.0000000000e+00,4.5224155532e+01
2.5217419335e+01,1.0000000000e+00,2.5217419335e+01
2.6604055192e+01,1.0000000000e+00,2.6604055192e+01
2.8245192148e+01,1.0000000000e+00,2.8245192148e+01
2.8147603925e+01,1.0000000000e+00,2.8147603925e+01
2.6010465595e+01,1.0000000000e+00,2.6010465595e+01
2.0105431375e+01,1.0000000000e+00,2.0105431375e+01
1.6084345100e+01,1.0000000000e+00,1.6084345100e+01
1.2063258825e+01,1.0000000000e+00,1.2063258825e+01
8.0421725501e+00,1.0000000000e+00,8.0421725501e+00
4.0210862750e+00,1.0000000000e+00,4.0210862750e+00
0.0000000000e+00,9.0000000000e-01,0.0000000000e+00
0.0000000000e+00,8.0000000000e-01,0.0000000000e+00
0.0000000000e+00,7.0000000000e-01,0.0000000000e+00
0.0000000000e+00,6.0000000000e-01,0.0000000000e+00
0.0000000000e+00,6.0000000000e-01,0.0000000000e+00
0.0000000000e+00,6.0000000000e-01,0.0000000000e+00
0.0000000000e+00,6.0000000000e-01,0.0000000000e+00
0.0000000000e+00,6.0000000000e-01,0.0000000000e+00
0.0000000000e+00,6.0000000000e-01,0.0000000000e+00
0.0000000000e+00,6.0000000000e-01,0.0000000000e+00
0.0000000000e+00,6.0000000000e-01,0.0000000000e+00
0.0000000000e+00,6.0000000000e-01,0.0000000000e+00
0.0000000000e+00,6.0000000000e-01,0.0000000000e+00
0.0000000000e+00,6.0000000000e-01,0.0000000000e+00
0.0000000000e+00,6.0000000000e-01,0.0000000000e+00
0.0000000000e+00,6.0000000000e-01,0.0000000000e+00
0.0000000000e+00,6.0000000000e-01,0.0000000000e+00
0.0000000000e+00,6.0000000000e-01,0.0000000000e+00
0.0000000000e+00,6.0000000000e-01,0.0000000000e+00
0.0000000000e+00,6.0000000000e-01,0.0000000000e+00
0.0000000000e+00,6.0000000000e-01,0.0000000000e+00
0.0000000000e+00,6.0000000000e-01,0.0000000000e+00
0.0000000000e+00,6.0000000000e-01,0.0000000000e+00
0.0000000000e+00,6.0000000000e-01,0.0000000000e+00
0.0000000000e+00,6.0000000000e-01,0.0000000000e+00
0.0000000000e+00,6.0000000000e-01,0.0000000000e+00
0.0000000000e+00,6.0000000000e-01,0.0000000000e+00
0.0000000000e+00,6.0000000000e-01,0.0000000000e+00
0.0000000000e+00,6.0000000000e-01,0.0000000000e+00
0.0000000000e+00,6.0000000000e-01,0.0000000000e+00
0.0000000000e+00,6.0000000000e-01,0.0000000000e+00
0.0000000000e+00,6.0000000000e-01,0.0000000000e+00
0.0000000000e+00,6.0000000000e-01,0.0000000000e+00
0.0000000000e+00,6.0000000000e-01,0.0000000000e+00
0.0000000000e+00,6.0000000000e-01,0.0000000000e+00
0.0000000000e+00,6.0000000000e-01,0.0000000000e+00
0.0000000000e+00,6.0000000000e-01,0.0000000000e+00
0.0000000000e+00,6.0000000000e-01,0.0000000000e+00
0.0000000000e+00,6.0000000000e-01,0.0000000000e+00
0.0000000000e+00,6.0000000000e-01,0.0000000000e+00
0.0000000000e+00,6.0000000000e-01,0.0000000000e+00
0.0000000000e+00,6.0000000000e-01,0.0000000000e+00
0.0000000000e+00,6.0000000000e-01,0.0000000000e+00
0.0000000000e+00,6.0000000000e-01,0.0000000000e+00
0.0000000000e+00,6.0000000000e-01,0.0000000000e+00
0.0000000000e+00,6.0000000000e-01,0.0000000000e+00
0.0000000000e+00,6.0000000000e-01,0.0000000000e+00
0.0000000000e+00,7.0000000000e-01,0.0000000000e+00
0.0000000000e+00,8.0000000000e-01,0.0000000000e+00
0.0000000000e+00,9.0000000000e-01,0.0000000000e+00
8.9124834681e+00,1.0000000000e+00,8.9124834681e+00
1.7824966936e+01,1.0000000000e+00,1.7824966936e+01
2.6737450404e+01,1.0000000000e+00,2.6737450404e+01
5.0828817473e+01,1.0000000000e+00,5.0828817473e+01
8.2717570720e+01,1.0000000000e+00,8.2717570720e+01
1.1340977805e+02,1.0000000000e+00,1.1340977805e+02
1.3435887161e+02,1.0000000000e+00,1.3435887161e+02
1.4388290409e+02,1.0000000000e+00,1.4388290409e+02
1.4669184800e+02,1.0000000000e+00,1.4669184800e+02
1.4814188955e+02,1.0000000000e+00,1.4814188955e+02
1.5033782840e+02,1.0000000000e+00,1.5033782840e+02
1.5260622453e+02,1.0000000000e+00,1.5260622453e+02
1.5377796457e+02,1.0000000000e+00,1.5377796457e+02
1.5355830344e+02,1.0000000000e+00,1.5355830344e+02
1.5208230120e+02,1.0000000000e+00,1.5208230120e+02
1.4842238434e+02,1.0000000000e+00,1.4842238434e+02
1.4017982238e+02,1.0000000000e+00,1.4017982238e+02
1.2576628663e+02,1.0000000000e+00,1.2576628663e+02
1.0721447378e+02,1.0000000000e+00,1.0721447378e+02
8.9532429835e+01,1.0000000000e+00,8.9532429835e+01
7.7287320491e+01,1.0000000000e+00,7.7287320491e+01
7.2828164392e+01,1.0000000000e+00,7.2828164392e+01
7.6728173652e+01,1.0000000000e+00,7.6728173652e+01
8.7179210211e+01,1.0000000000e+00,8.7179210211e+01
9.8624402240e+01,1.0000000000e+00,9.8624402240e+01
1.0407198375e+02,1.0000000000e+00,1.0407198375e+02
1.0098609416e+02,1.0000000000e+00,1.0098609416e+02
9.3464569595e+01,1.0000000000e+00,9.3464569595e+01
8.6897010390e+01,1.0000000000e+00,8.6897010390e+01
8.1960611175e+01,1.0000000000e+00,8.1960611175e+01
7.6024491494e+01,1.0000000000e+00,7.6024491494e+01
6.9561373471e+01,1.0000000000e+00,6.9561373471e+01
6.8067010593e+01,1.0000000000e+00,6.8067010593e+01
7.5824679326e+01,1.0000000000e+00,7.5824679326e+01
8.9253694158e+01,1.0000000000e+00,8.9253694158e+01
9.8995438874e+01,1.0000000000e+00,9.8995438874e+01
9.8419154261e+01,1.0000000000e+00,9.8419154261e+01
8.8668665972e+01,1.0000000000e+00,8.8668665972e+01
7.6348567344e+01,1.0000000000e+00,7.6348567344e+01
6.7820031253e+01,1.0000000000e+00,6.7820031253e+01
6.4959717799e+01,1.0000000000e+00,6.4959717799e+01
6.5072244503e+01,1.0000000000e+00,6.5072244503e+01
6.4626875889e+01,1.0000000000e+00,6.4626875889e+01
6.2537670079e+01,1.0000000000e+00,6.2537670079e+01
5.9191820807e+01,1.0000000000e+00,5.9191820807e+01
5.3727157816e+01,1.0000000000e+00,5.3727157816e+01
4.4485163298e+01,1.0000000000e+00,4.4485163298e+01
3.8130139970e+01,1.0000000000e+00,3.8130139970e+01
3.1775116641e+01,1.0000000000e+00,3.1775116641e+01
2.5420093313e+01,1.0000000000e+00,2.5420093313e+01
1.9065069985e+01,1.0000000000e+00,1.9065069985e+01
1.2710046657e+01,1.0000000000e+00,1.2710046657e+01
6.3550233283e+00,1.0000000000e+00,6.3550233283e+00
0.0000000000e+00,9.0000000000e-01,0.0000000000e+00
0.0000000000e+00,8.0000000000e-01,0.0000000000e+00
0.0000000000e+00,7.0000000000e-01,0.0000000000e+00
0.0000000000e+00,6.0000000000e-01,0.0000000000e+00
0.0000000000e+00,6.0000000000e-01,0.0000000000e+00
0.0000000000e+00,6.0000000000e-01,0.0000000000e+00
0.0000000000e+00,6.0000000000e-01,0.0000000000e+00
0.0000000000e+00,6.0000000000e-01,0.0000000000e+00
0.0000000000e+00,7.0000000000e-01,0.0000000000e+00
0.0000000000e+00,8.0000000000e-01,0.0000000000e+00
0.0000000000e+00,9.0000000000e-01,0.0000000000e+00
1.0930373923e+01,1.0000000000e+00,1.0930373923e+01
2.1860747846e+01,1.0000000000e+00,2.1860747846e+01
3.2791121769e+01,1.0000000000e+00,3.2791121769e+01
4.6835022473e+01,1.0000000000e+00,4.6835022473e+01
5.7022333274e+01,1.0000000000e+00,5.7022333274e+01
6.5735076903e+01,1.0000000000e+00,6.5735076903e+01
7.9580818054e+01,1.0000000000e+00,7.9580818054e+01
9.2391347975e+01,1.0000000000e+00,9.2391347975e+01
1.0416666667e+02,1.0000000000e+00,1.0416666667e+02
1.1490677413e+02,1.0000000000e+00,1.1490677413e+02
1.2369151976e+02,1.0000000000e+00,1.2369151976e+02
1.2500000000e+02,1.0000000000e+00,1.2500000000e+02
1.1791206424e+02,1.0000000000e+00,1.1791206424e+02
1.0416666667e+02,1.0000000000e+00,1.0416666667e+02
8.5502761455e+01,1.0000000000e+00,8.5502761455e+01
6.1920348607e+01,1.0000000000e+00,6.1920348607e+01
5.3074584520e+01,1.0000000000e+00,5.3074584520e+01
4.4228820434e+01,1.0000000000e+00,4.4228820434e+01
3.5383056347e+01,1.0000000000e+00,3.5383056347e+01
2.9335879612e+01,1.0000000000e+00,2.9335879612e+01
4.4003819417e+01,1.0000000000e+00,4.4003819417e+01
9.1654319672e+01,1.0000000000e+00,7.7766583728e+01
1.0689798855e+02,1.0000000000e+00,1.0471293104e+02
9.4517299375e+01,1.0000000000e+00,1.1890345988e+02
1.1934335123e+02,1.0000000000e+00,1.1714896460e+02
1.2800742547e+02,1.0000000000e+00,1.0912054101e+02
8.9208812415e+01,1.0000000000e+00,9.2507317548e+01
6.7534881142e+01,1.0000000000e+00,8.0226768021e+01
7.6203283567e+01,1.0000000000e+00,7.4922422813e+01
9.2294938755e+01,1.0000000000e+00,8.0282730374e+01
8.4158379513e+01,1.0000000000e+00,8.0651990418e+01
6.3706927008e+01,1.0000000000e+00,7.5307916458e+01
5.7698812590e+01,1.0000000000e+00,6.8106653658e+01
6.9160943102e+01,1.0000000000e+00,6.1443490175e+01
6.8220684924e+01,1.0000000000e+00,5.3447569202e+01
4.4194861129e+01,1.0000000000e+00,4.5361179174e+01
2.8290306452e+01,1.0000000000e+00,4.3791638746e+01
4.7580472517e+01,1.0000000000e+00,5.2089797005e+01
7.6398792367e+01,1.0000000000e+00,6.2829731659e+01
7.4184729041e+01,1.0000000000e+00,6.6413756748e+01
5.5068998643e+01,1.0000000000e+00,6.4619232785e+01
5.5025268222e+01,1.0000000000e+00,6.3956656056e+01
6.9763077420e+01,1.0000000000e+00,6.3504297932e+01
6.7846132229e+01,1.0000000000e+00,5.7222249765e+01
4.0192474432e+01,1.0000000000e+00,4.3662611697e+01
2.2374219912e+01,1.0000000000e+00,3.5009801248e+01
2.7350519048e+01,1.0000000000e+00,3.0915901531e+01
3.6189689820e+01,1.0000000000e+00,2.7594576141e+01
2.8281099453e+01,1.0000000000e+00,2.0923698524e+01
1.3010031876e+01,1.0000000000e+00,1.2780325464e+01
5.1362481889e+00,1.0000000000e+00,6.1164091821e+00
0.0000000000e+00,9.0000000000e-01,0.0000000000e+00
0.0000000000e+00,8.0000000000e-01,0.0000000000e+00
0.0000000000e+00,7.0000000000e-01,0.0000000000e+00
0.0000000000e+00,6.0000000000e-01,0.0000000000e+00
0.0000000000e+00,6.0000000000e-01,0.0000000000e+00
0.0000000000e+00,6.0000000000e-01,0.0000000000e+00
0.0000000000e+00,6.0000000000e-01,0.0000000000e+00
0.0000000000e+00,6.0000000000e-01,0.0000000000e+00
0.0000000000e+00,6.0000000000e-01,0.0000000000e+00
0.0000000000e+00,6.0000000000e-01,0.0000000000e+00
0.0000000000e+00,6.0000000000e-01,0.0000000000e+00
0.0000000000e+00,6.0000000000e-01,0.0000000000e+00
0.0000000000e+00,6.0000000000e-01,0.0000000000e+00
0.0000000000e+00,6.0000000000e-01,0.0000000000e+00
0.0000000000e+00,6.0000000000e-01,0.0000000000e+00
0.0000000000e+00,6.0000000000e-01,0.0000000000e+00
0.0000000000e+00,6.0000000000e-01,0.0000000000e+00
0.0000000000e+00,6.0000000000e-01,0.0000000000e+00
0.0000000000e+00,6.0000000000e-01,0.0000000000e+00
0.0000000000e+00,6.0000000000e-01,0.0000000000e+00
0.0000000000e+00,6.0000000000e-01,0.0000000000e+00
0.0000000000e+00,6.0000000000e-01,0.0000000000e+00
0.0000000000e+00,6.0000000000e-01,0.0000000000e+00
0.0000000000e+00,6.0000000000e-01,0.0000000000e+00
0.0000000000e+00,6.0000000000e-01,0.0000000000e+00
0.0000000000e+00,6.0000000000e-01,0.0000000000e+00
0.0000000000e+00,6.0000000000e-01,0.0000000000e+00
0.0000000000e+00,6.0000000000e-01,0.0000000000e+00
0.0000000000e+00,6.0000000000e-01,0.0000000000e+00
0.0000000000e+00,6.0000000000e-01,0.0000000000e+00
0.0000000000e+00,6.0000000000e-01,0.0000000000e+00
0.0000000000e+00,6.0000000000e-01,0.0000000000e+00
0.0000000000e+00,6.0000000000e-01,0.0000000000e+00
0.0000000000e+00,6.0000000000e-01,0.0000000000e+00
0.0000000000e+00,6.0000000000e-01,0.0000000000e+00
0.0000000000e+00,6.0000000000e-01,0.0000000000e+00
0.0000000000e+00,6.0000000000e-01,0.0000000000e+00
0.0000000000e+00,6.0000000000e-01,0.0000000000e+00
0.0000000000e+00,6.0000000000e-01,0.0000000000e+00
0.0000000000e+00,6.0000000000e-01,0.0000000000e+00
0.0000000000e+00,6.0000000000e-01,0.0000000000e+00
0.0000000000e+00,6.0000000000e-01,0.0000000000e+00
0.0000000000e+00,6.0000000000e-01,0.0000000000e+00
0.0000000000e+00,6.0000000000e-01,0.0000000000e+00
0.0000000000e+00,6.0000000000e-01,0.0000000000e+00
0.0000000000e+00,6.0000000000e-01,0.0000000000e+00
0.0000000000e+00,6.0000000000e-01,0.0000000000e+00
0.0000000000e+00,6.0000000000e-01,0.0000000000e+00
0.0000000000e+00,6.0000000000e-01,0.0000000000e+00
0.0000000000e+00,6.0000000000e-01,0.0000000000e+00
0.0000000000e+00,6.0000000000e-01,0.0000000000e+00
0.0000000000e+00,6.0000000000e-01,0.0000000000e+00
0.0000000000e+00,6.0000000000e-01,0.0000000000e+00
0.0000000000e+00,6.0000000000e-01,0.0000000000e+00
0.0000000000e+00,6.0000000000e-01,0.0000000000e+00
0.0000000000e+00,7.0000000000e-01,0.0000000000e+00
0.0000000000e+00,8.0000000000e-01,0.0000000000e+00
0.0000000000e+00,9.0000000000e-01,0.0000000000e+00
1.6764117658e+01,1.0000000000e+00,1.6764117658e+01
3.3528235317e+01,1.0000000000e+00,3.3528235317e+01
5.0292352975e+01,1.0000000000e+00,5.0292352975e+01
8.7182961786e+01,1.0000000000e+00,8.7182961786e+01
1.1958003241e+02,1.0000000000e+00,1.1958003241e+02
1.3816666476e+02,1.0000000000e+00,1.3816666476e+02
1.4105369349e+02,1.0000000000e+00,1.4105369349e+02
1.3413614060e+02,1.0000000000e+00,1.3413614060e+02
1.2661357679e+02,1.0000000000e+00,1.2661357679e+02
1.2578019133e+02,1.0000000000e+00,1.2578019133e+02
1.3362187912e+02,1.0000000000e+00,1.3362187912e+02
1.4560237837e+02,1.0000000000e+00,1.4560237837e+02
1.5215691885e+02,1.0000000000e+00,1.5215691885e+02
1.4372323243e+02,1.0000000000e+00,1.4372323243e+02
1.1813566808e+02,1.0000000000e+00,1.1813566808e+02
8.5131025606e+01,1.0000000000e+00,8.5131025606e+01
6.1775389526e+01,1.0000000000e+00,6.1775389526e+01
6.0135951278e+01,1.0000000000e+00,6.0135951278e+01
9.2206494411e+01,1.0000000000e+00,9.2206494411e+01
1.1418932521e+02,1.0000000000e+00,1.1418932521e+02
1.2500000000e+02,1.0000000000e+00,1.2500000000e+02
1.2001003327e+02,1.0000000000e+00,1.2001003327e+02
1.0940404093e+02,1.0000000000e+00,1.0940404093e+02
9.5060199592e+01,1.0000000000e+00,9.5060199592e+01
9.8682322924e+01,1.0000000000e+00,9.8682322924e+01
1.0570810822e+02,1.0000000000e+00,1.0570810822e+02
1.0937586905e+02,1.0000000000e+00,1.0937586905e+02
1.0416128083e+02,1.0000000000e+00,1.0416128083e+02
8.9151489792e+01,1.0000000000e+00,8.9151489792e+01
6.9816777674e+01,1.0000000000e+00,6.9816777674e+01
5.6064169975e+01,1.0000000000e+00,5.6064169975e+01
5.6919064423e+01,1.0000000000e+00,5.6919064423e+01
7.5126826701e+01,1.0000000000e+00,7.5126826701e+01
1.0467494412e+02,1.0000000000e+00,1.0467494412e+02
1.3252520698e+02,1.0000000000e+00,1.3252520698e+02
1.4461983712e+02,1.0000000000e+00,1.4461983712e+02
1.3379582783e+02,1.0000000000e+00,1.3379582783e+02
1.0462754717e+02,1.0000000000e+00,1.0462754717e+02
7.1536860485e+01,1.0000000000e+00,7.1536860485e+01
5.0870925507e+01,1.0000000000e+00,5.0870925507e+01
5.1214398440e+01,1.0000000000e+00,5.1214398440e+01
6.8202713506e+01,1.0000000000e+00,6.8202713506e+01
8.8683864997e+01,1.0000000000e+00,8.8683864997e+01
1.0154368773e+02,1.0000000000e+00,1.0154368773e+02
1.0507252569e+02,1.0000000000e+00,1.0507252569e+02
1.0450665033e+02,1.0000000000e+00,1.0450665033e+02
1.0506982377e+02,1.0000000000e+00,1.0506982377e+02
1.0897740031e+02,1.0000000000e+00,1.0897740031e+02
1.1651642660e+02,1.0000000000e+00,1.1651642660e+02
1.2668059488e+02,1.0000000000e+00,1.2668059488e+02
1.3713189724e+02,1.0000000000e+00,1.3713189724e+02
1.4528912804e+02,1.0000000000e+00,1.4528912804e+02
1.4946173040e+02,1.0000000000e+00,1.4946173040e+02
1.4885457918e+02,1.0000000000e+00,1.4885457918e+02
1.4325244498e+02,1.0000000000e+00,1.4325244498e+02
1.3298731681e+02,1.0000000000e+00,1.3298731681e+02
1.1917868867e+02,1.0000000000e+00,1.1917868867e+02
1.0393195571e+02,1.0000000000e+00,1.0393195571e+02
8.9463668292e+01,1.0000000000e+00,8.9463668292e+01
7.6371516052e+01,1.0000000000e+00,7.6371516052e+01
6.3536429266e+01,1.0000000000e+00,6.3536429266e+01
5.0373297495e+01,1.0000000000e+00,5.0373297495e+01
3.8230282199e+01,1.0000000000e+00,3.8230282199e+01
3.2768813314e+01,1.0000000000e+00,3.2768813314e+01
2.7307344428e+01,1.0000000000e+00,2.7307344428e+01
2.1845875542e+01,1.0000000000e+00,2.1845875542e+01
1.6384406657e+01,1.0000000000e+00,1.6384406657e+01
2.4960532104e+01,1.0000000000e+00,2.4960532104e+01
3.7440798156e+01,1.0000000000e+00,3.7440798156e+01
5.6424998487e+01,1.0000000000e+00,5.6424998487e+01
7.3231987243e+01,1.0000000000e+00,7.3231987243e+01
7.8011414600e+01,1.0000000000e+00,7.8011414600e+01
6.7531869483e+01,1.0000000000e+00,6.7531869483e+01
5.0646595876e+01,1.0000000000e+00,5.0646595876e+01
4.3184785811e+01,1.0000000000e+00,4.3184785811e+01
5.5706380205e+01,1.0000000000e+00,5.5706380205e+01
8.5179275104e+01,1.0000000000e+00,8.5179275104e+01
1.1723191353e+02,1.0000000000e+00,1.1723191353e+02
1.3617933238e+02,1.0000000000e+00,1.3617933238e+02
1.3479257607e+02,1.0000000000e+00,1.3479257607e+02
1.1752434268e+02,1.0000000000e+00,1.1752434268e+02
9.6449777079e+01,1.0000000000e+00,9.6449777079e+01
8.3390915933e+01,1.0000000000e+00,8.3390915933e+01
8.3144842324e+01,1.0000000000e+00,8.3144842324e+01
9.1846840095e+01,1.0000000000e+00,9.1846840095e+01
1.0074792048e+02,1.0000000000e+00,1.0074792048e+02
1.0196736896e+02,1.0000000000e+00,1.0196736896e+02
9.2765142583e+01,1.0000000000e+00,9.2765142583e+01
7.6686854650e+01,1.0000000000e+00,7.6686854650e+01
6.1036989838e+01,1.0000000000e+00,6.1036989838e+01
5.1760386185e+01,1.0000000000e+00,5.1760386185e+01
4.9291532099e+01,1.0000000000e+00,4.9291532099e+01
4.9001771288e+01,1.0000000000e+00,4.9001771288e+01
4.5844966366e+01,1.0000000000e+00,4.5844966366e+01
3.8865789639e+01,1.0000000000e+00,3.8865789639e+01
3.1644783463e+01,1.0000000000e+00,3.1644783463e+01
2.8605657414e+01,1.0000000000e+00,2.8605657414e+01
4.2073173125e+01,1.0000000000e+00,4.2073173125e+01
5.4876689257e+01,1.0000000000e+00,5.4876689257e+01
6.7417096888e+01,1.0000000000e+00,6.7096384026e+01
8.1218703336e+01,1.0000000000e+00,7.9037118895e+01
8.8942073424e+01,1.0000000000e+00,8.9231006829e+01
7.9487352981e+01,1.0000000000e+00,9.5458076994e+01
8.8624635518e+01,1.0000000000e+00,1.0487234809e+02
1.3476535873e+02,1.0000000000e+00,1.2115610766e+02
1.5428390079e+02,1.0000000000e+00,1.3083749058e+02
1.1796618503e+02,1.0000000000e+00,1.2359323701e+02
9.0809100117e+01,1.0000000000e+00,1.1167902963e+02
1.0211670252e+02,1.0000000000e+00,1.0097395407e+02
9.7664646481e+01,1.0000000000e+00,8.0636186915e+01
8.4285612614e+01,1.0000000000e+00,8.1234862660e+01
6.5269286666e+01,1.0000000000e+00,8.0825664957e+01
6.9863801428e+01,1.0000000000e+00,7.9797529231e+01
8.7900035345e+01,1.0000000000e+00,7.7796304621e+01
9.1030545794e+01,1.0000000000e+00,7.5625521383e+01
7.4257602451e+01,1.0000000000e+00,7.5039363209e+01
6.1234358230e+01,1.0000000000e+00,7.6999484391e+01
7.3398360086e+01,1.0000000000e+00,8.1212826349e+01
9.5395209609e+01,1.0000000000e+00,8.4101967333e+01
9.2831612538e+01,1.0000000000e+00,8.0356893933e+01
6.4538965806e+01,1.0000000000e+00,6.9653204375e+01
4.3481776859e+01,1.0000000000e+00,5.7525227788e+01
4.8352279163e+01,1.0000000000e+00,4.8857751385e+01
5.6706537538e+01,1.0000000000e+00,4.2773446505e+01
4.2738372497e+01,1.0000000000e+00,3.6958595678e+01
2.1362975464e+01,1.0000000000e+00,3.3952479216e+01
2.6958756725e+01,1.0000000000e+00,3.7789405174e+01
5.3552969047e+01,1.0000000000e+00,4.4658325554e+01
5.8763320987e+01,1.0000000000e+00,4.5100725955e+01
3.3046657408e+01,1.0000000000e+00,3.7407786969e+01
1.6639214872e+01,1.0000000000e+00,3.0091145730e+01
2.9251881319e+01,1.0000000000e+00,2.8790350054e+01
3.7675157186e+01,1.0000000000e+00,2.6651676262e+01
2.0354604853e+01,1.0000000000e+00,1.9364236831e+01
2.8188443152e+00,1.0000000000e+00,1.2033755758e+01
1.6530949037e+01,1.0000000000e+00,1.7002876721e+01
3.6020191153e+01,1.0000000000e+00,2.7749068601e+01
3.4960072671e+01,1.0000000000e+00,3.5260891146e+01
4.0600402680e+01,1.0000000000e+00,5.0339233390e+01
6.8950434771e+01,1.0000000000e+00,6.9836741343e+01
1.0245594852e+02,1.0000000000e+00,9.0242570920e+01
1.1241165637e+02,1.0000000000e+00,1.0581566461e+02
1.1396660419e+02,1.0000000000e+00,1.1958583158e+02
1.2500000000e+02,1.0000000000e+00,1.2500000000e+02
1.0416666667e+02,1.0000000000e+00,1.0416666667e+02
8.9285714286e+01,1.0000000000e+00,8.9285714286e+01
7.4404761905e+01,1.0000000000e+00,7.4404761905e+01
5.9523809524e+01,1.0000000000e+00,5.9523809524e+01
4.4642857143e+01,1.0000000000e+00,4.4642857143e+01
2.9761904762e+01,1.0000000000e+00,2.9761904762e+01
1.4880952381e+01,1.0000000000e+00,1.4880952381e+01
0.0000000000e+00,9.0000000000e-01,0.0000000000e+00
0.0000000000e+00,8.0000000000e-01,0.0000000000e+00
0.0000000000e+00,7.0000000000e-01,0.0000000000e+00
0.0000000000e+00,6.0000000000e-01,0.0000000000e+00
0.0000000000e+00,6.0000000000e-01,0.0000000000e+00
0.0000000000e+00,6.0000000000e-01,0.0000000000e+00
0.0000000000e+00,6.0000000000e-01,0.0000000000e+00
0.0000000000e+00,6.0000000000e-01,0.0000000000e+00
0.0000000000e+00,6.0000000000e-01,0.0000000000e+00
0.0000000000e+00,6.0000000000e-01,0.0000000000e+00
0.0000000000e+00,6.0000000000e-01,0.0000000000e+00
0.0000000000e+00,6.0000000000e-01,0.0000000000e+00
0.0000000000e+00,6.0000000000e-01,0.0000000000e+00
0.0000000000e+00,6.0000000000e-01,0.0000000000e+00
0.0000000000e+00,6.0000000000e-01,0.0000000000e+00
0.0000000000e+00,7.0000000000e-01,0.0000000000e+00
0.0000000000e+00,8.0000000000e-01,0.0000000000e+00
0.0000000000e+00,9.0000000000e-01,0.0000000000e+00
9.4994775415e+00,1.0000000000e+00,9.4994775415e+00
1.8998955083e+01,1.0000000000e+00,1.8998955083e+01
2.8498432624e+01,1.0000000000e+00,2.8498432624e+01
4.1785008174e+01,1.0000000000e+00,4.1785008174e+01
5.2364365163e+01,1.0000000000e+00,5.2364365163e+01
5.8583462617e+01,1.0000000000e+00,5.8583462617e+01
5.9837939643e+01,1.0000000000e+00,5.9837939643e+01
5.5522607883e+01,1.0000000000e+00,5.5522607883e+01
4.5793709710e+01,1.0000000000e+00,4.5793709710e+01
3.3874994116e+01,1.0000000000e+00,3.3874994116e+01
2.6285160119e+01,1.0000000000e+00,2.6285160119e+01
2.9197652041e+01,1.0000000000e+00,2.9197652041e+01
4.4685700522e+01,1.0000000000e+00,4.4685700522e+01
7.1027207941e+01,1.0000000000e+00,7.1027207941e+01
1.0480067334e+02,1.0000000000e+00,1.0480067334e+02
1.4032199321e+02,1.0000000000e+00,1.4032199321e+02
1.6911979151e+02,1.0000000000e+00,1.6911979151e+02
1.8480404965e+02,1.0000000000e+00,1.8480404965e+02
1.8904378068e+02,1.0000000000e+00,1.8904378068e+02
1.8925343542e+02,1.0000000000e+00,1.8925343542e+02
1.8946792590e+02,1.0000000000e+00,1.8946792590e+02
1.8582128727e+02,1.0000000000e+00,1.8582128727e+02
1.7156269388e+02,1.0000000000e+00,1.7156269388e+02
1.4547944531e+02,1.0000000000e+00,1.4547944531e+02
1.1568357190e+02,1.0000000000e+00,1.1568357190e+02
9.4706559174e+01,1.0000000000e+00,9.4706559174e+01
8.9324818911e+01,1.0000000000e+00,8.9324818911e+01
9.5645147051e+01,1.0000000000e+00,9.5645147051e+01
1.0471517003e+02,1.0000000000e+00,1.0471517003e+02
1.1082476669e+02,1.0000000000e+00,1.1082476669e+02
1.1315951848e+02,1.0000000000e+00,1.1315951848e+02
1.1233016267e+02,1.0000000000e+00,1.1233016267e+02
1.0848444213e+02,1.0000000000e+00,1.0848444213e+02
1.0210881549e+02,1.0000000000e+00,1.0210881549e+02
9.5017742326e+01,1.0000000000e+00,9.5017742326e+01
9.0682925780e+01,1.0000000000e+00,9.0682925780e+01
9.3183973705e+01,1.0000000000e+00,9.3183973705e+01
1.0459211082e+02,1.0000000000e+00,1.0459211082e+02
1.2295899003e+02,1.0000000000e+00,1.2295899003e+02
1.4258228646e+02,1.0000000000e+00,1.4258228646e+02
1.5614270049e+02,1.0000000000e+00,1.5614270049e+02
1.5794849573e+02,1.0000000000e+00,1.5794849573e+02
1.4709673150e+02,1.0000000000e+00,1.4709673150e+02
1.2827776624e+02,1.0000000000e+00,1.2827776624e+02
1.0903477853e+02,1.0000000000e+00,1.0903477853e+02
9.5408738971e+01,1.0000000000e+00,9.5408738971e+01
8.9200366209e+01,1.0000000000e+00,8.9200366209e+01
8.8199797826e+01,1.0000000000e+00,8.8199797826e+01
8.8259690177e+01,1.0000000000e+00,8.8259690177e+01
8.5602175517e+01,1.0000000000e+00,8.5602175517e+01
7.8600629835e+01,1.0000000000e+00,7.8600629835e+01
6.8498580617e+01,1.0000000000e+00,6.8498580617e+01
5.8557101690e+01,1.0000000000e+00,5.8557101690e+01
5.1757613487e+01,1.0000000000e+00,5.1757613487e+01
4.8297790100e+01,1.0000000000e+00,4.8297790100e+01
4.5307950827e+01,1.0000000000e+00,4.5307950827e+01
3.9933666339e+01,1.0000000000e+00,3.9933666339e+01
3.2757682439e+01,1.0000000000e+00,3.2757682439e+01
2.7387455389e+01,1.0000000000e+00,2.7387455389e+01
2.6613867228e+01,1.0000000000e+00,2.6613867228e+01
2.9402129667e+01,1.0000000000e+00,2.9402129667e+01
3.1595747005e+01,1.0000000000e+00,3.1595747005e+01
2.9747289210e+01,1.0000000000e+00,2.9747289210e+01
2.5045565856e+01,1.0000000000e+00,2.5045565856e+01
1.9102147320e+01,1.0000000000e+00,1.9102147320e+01
3.2260876103e+01,1.0000000000e+00,3.2260876103e+01
5.2021775822e+01,1.0000000000e+00,5.2021775822e+01
7.6928408493e+01,1.0000000000e+00,7.6928408493e+01
9.8185489798e+01,1.0000000000e+00,9.8185489798e+01
1.1047990010e+02,1.0000000000e+00,1.1047990010e+02
1.1439435694e+02,1.0000000000e+00,1.1439435694e+02
1.1409924993e+02,1.0000000000e+00,1.1409924993e+02
1.1378206558e+02,1.0000000000e+00,1.1378206558e+02
1.1575227315e+02,1.0000000000e+00,1.1575227315e+02
1.2027034025e+02,1.0000000000e+00,1.2027034025e+02
1.2601523477e+02,1.0000000000e+00,1.2601523477e+02
1.3098380297e+02,1.0000000000e+00,1.3098380297e+02
1.3385057244e+02,1.0000000000e+00,1.3385057244e+02
1.3481753704e+02,1.0000000000e+00,1.3481753704e+02
1.3498543944e+02,1.0000000000e+00,1.3498543944e+02
1.3482812499e+02,1.0000000000e+00,1.3482812499e+02
1.3300384434e+02,1.0000000000e+00,1.3300384434e+02
1.2616379188e+02,1.0000000000e+00,1.2616379188e+02
1.1062560912e+02,1.0000000000e+00,1.1062560912e+02
8.6201254984e+01,1.0000000000e+00,8.6201254984e+01
5.9008292092e+01,1.0000000000e+00,5.9008292092e+01
3.8489129857e+01,1.0000000000e+00,3.8489129857e+01
2.9873693452e+01,1.0000000000e+00,2.9873693452e+01
3.0329439238e+01,1.0000000000e+00,3.0329439238e+01
3.3107967291e+01,1.0000000000e+00,3.3107967291e+01
3.4129171985e+01,1.0000000000e+00,3.4129171985e+01
3.4128328775e+01,1.0000000000e+00,3.4128328775e+01
3.5998995435e+01,1.0000000000e+00,3.5998995435e+01
4.1078767381e+01,1.0000000000e+00,4.1078767381e+01
4.7585886576e+01,1.0000000000e+00,4.7585886576e+01
5.2241692009e+01,1.0000000000e+00,5.2241692009e+01
5.3422187951e+01,1.0000000000e+00,5.3422187951e+01
5.2499679435e+01,1.0000000000e+00,5.2499679435e+01
5.1973857321e+01,1.0000000000e+00,5.1973857321e+01
5.2848584286e+01,1.0000000000e+00,5.2848584286e+01
5.4196016718e+01,1.0000000000e+00,5.4196016718e+01
5.4710116678e+01,1.0000000000e+00,5.4710116678e+01
5.4186957281e+01,1.0000000000e+00,5.4186957281e+01
5.3721534476e+01,1.0000000000e+00,5.3721534476e+01
5.4863985692e+01,1.0000000000e+00,5.4863985692e+01
5.8820217014e+01,1.0000000000e+00,5.8820217014e+01
6.6248218690e+01,1.0000000000e+00,6.6248218690e+01
7.7071937322e+01,1.0000000000e+00,7.7071937322e+01
9.0126064056e+01,1.0000000000e+00,9.0126064056e+01
1.0343682892e+02,1.0000000000e+00,1.0343682892e+02
1.1517085395e+02,1.0000000000e+00,1.1517085395e+02
1.2409267760e+02,1.0000000000e+00,1.2409267760e+02
1.2934492727e+02,1.0000000000e+00,1.2934492727e+02
1.3067351153e+02,1.0000000000e+00,1.3067351153e+02
1.2909965197e+02,1.0000000000e+00,1.2909965197e+02
1.2686383830e+02,1.0000000000e+00,1.2686383830e+02
1.2646859905e+02,1.0000000000e+00,1.2646859905e+02
1.2939928476e+02,1.0000000000e+00,1.2939928476e+02
1.3493534299e+02,1.0000000000e+00,1.3493534299e+02
1.3992584333e+02,1.0000000000e+00,1.3992584333e+02
1.4031218709e+02,1.0000000000e+00,1.4031218709e+02
1.3387770119e+02,1.0000000000e+00,1.3387770119e+02
1.2238025261e+02,1.0000000000e+00,1.2238025261e+02
1.1067667024e+02,1.0000000000e+00,1.1067667024e+02
1.0274293666e+02,1.0000000000e+00,1.0274293666e+02
9.8722183382e+01,1.0000000000e+00,9.8722183382e+01
9.6532240453e+01,1.0000000000e+00,9.6532240453e+01
9.5285474607e+01,1.0000000000e+00,9.5285474607e+01
9.5306983895e+01,1.0000000000e+00,9.5306983895e+01
9.5264895308e+01,1.0000000000e+00,9.5264895308e+01
9.1728706055e+01,1.0000000000e+00,9.1728706055e+01
8.2497770555e+01,1.0000000000e+00,8.2497770555e+01
6.9016146939e+01,1.0000000000e+00,6.9016146939e+01
5.4701058567e+01,1.0000000000e+00,5.4701058567e+01
4.1846713849e+01,1.0000000000e+00,4.1846713849e+01
3.5868611871e+01,1.0000000000e+00,3.5868611871e+01
2.9890509892e+01,1.0000000000e+00,2.9890509892e+01
2.3912407914e+01,1.0000000000e+00,2.3912407914e+01
1.7934305935e+01,1.0000000000e+00,1.7934305935e+01
1.1956203957e+01,1.0000000000e+00,1.1956203957e+01
5.9781019785e+00,1.0000000000e+00,5.9781019785e+00
0.0000000000e+00,1.0000000000e+00,0.0000000000e+00
0.0000000000e+00,1.0000000000e+00,0.0000000000e+00
0.0000000000e+00,1.0000000000e+00,0.0000000000e+00
0.0000000000e+00,1.0000000000e+00,0.0000000000e+00
0.0000000000e+00,1.0000000000e+00,0.0000000000e+00
0.0000000000e+00,1.0000000000e+00,0.0000000000e+00
1.1206250071e+01,1.0000000000e+00,1.1206250071e+01
2.2412500141e+01,1.0000000000e+00,2.2412500141e+01
3.3618750212e+01,1.0000000000e+00,3.3618750212e+01
4.4854707635e+01,1.0000000000e+00,4.4854707635e+01
5.0335809086e+01,1.0000000000e+00,5.0335809086e+01
5.3388341614e+01,1.0000000000e+00,5.3388341614e+01
6.2649880989e+01,1.0000000000e+00,6.2649880989e+01
8.3320109588e+01,1.0000000000e+00,8.3320109588e+01
1.0950261643e+02,1.0000000000e+00,1.0950261643e+02
1.2812957937e+02,1.0000000000e+00,1.2812957937e+02
1.3152740703e+02,1.0000000000e+00,1.3152740703e+02
1.2436562005e+02,1.0000000000e+00,1.2436562005e+02
1.1797434079e+02,1.0000000000e+00,1.1797434079e+02
1.1974463843e+02,1.0000000000e+00,1.1974463843e+02
1.2870114782e+02,1.0000000000e+00,1.2870114782e+02
1.3974562263e+02,1.0000000000e+00,1.3974562263e+02
1.5040535600e+02,1.0000000000e+00,1.5040535600e+02
1.6293574757e+02,1.0000000000e+00,1.6293574757e+02
1.8002908540e+02,1.0000000000e+00,1.8002908540e+02
1.9875965521e+02,1.0000000000e+00,1.9875965521e+02
2.0961663741e+02,1.0000000000e+00,2.0961663741e+02
2.0308674566e+02,1.0000000000e+00,2.0308674566e+02
1.7844856048e+02,1.0000000000e+00,1.7844856048e+02
1.4607588258e+02,1.0000000000e+00,1.4607588258e+02
1.2048992235e+02,1.0000000000e+00,1.2048992235e+02
1.1087684053e+02,1.0000000000e+00,1.1087684053e+02
1.1737313762e+02,1.0000000000e+00,1.1737313762e+02
1.4550527812e+02,1.0000000000e+00,1.3628701078e+02
1.6600295773e+02,1.0000000000e+00,1.5556474598e+02
1.5294223765e+02,1.0000000000e+00,1.6413875313e+02
1.4385011791e+02,1.0000000000e+00,1.6467244578e+02
1.6215627688e+02,1.0000000000e+00,1.5952400612e+02
1.6458134206e+02,1.0000000000e+00,1.4185882785e+02
1.2051657869e+02,1.0000000000e+00,1.1139269329e+02
6.5319050845e+01,1.0000000000e+00,8.2739000503e+01
5.2802962910e+01,1.0000000000e+00,7.2396988173e+01
8.5302923390e+01,1.0000000000e+00,8.1346453585e+01
1.1664999395e+02,1.0000000000e+00,9.4915120618e+01
1.1101672552e+02,1.0000000000e+00,9.8570029064e+01
8.1517477244e+01,1.0000000000e+00,9.1007476343e+01
6.3913102333e+01,1.0000000000e+00,7.9816612065e+01
6.3734742857e+01,1.0000000000e+00,6.7928363979e+01
5.6525221694e+01,1.0000000000e+00,5.1999810323e+01
4.7264805823e+01,1.0000000000e+00,4.4334189151e+01
3.6593353971e+01,1.0000000000e+00,3.6386360783e+01
2.8666741172e+01,1.0000000000e+00,2.8987500226e+01
2.6235242603e+01,1.0000000000e+00,2.7219759473e+01
4.0888169933e+01,1.0000000000e+00,4.1136700416e+01
8.3066711930e+01,1.0000000000e+00,7.6685672334e+01
1.1754163411e+02,1.0000000000e+00,1.0684166016e+02
1.2177453456e+02,1.0000000000e+00,1.2435490691e+02
9.9028477761e+01,1.0000000000e+00,1.1741265154e+02
9.5594960098e+01,1.0000000000e+00,1.0245232535e+02
1.0242007336e+02,1.0000000000e+00,8.6919841080e+01
6.9668857416e+01,1.0000000000e+00,6.0848206694e+01
3.4956606263e+01,1.0000000000e+00,4.7203694291e+01
3.2299935328e+01,1.0000000000e+00,3.9970297931e+01
4.6042316702e+01,1.0000000000e+00,3.6016712032e+01
3.2369952775e+01,1.0000000000e+00,2.6580177074e+01
7.7680201400e+00,1.0000000000e+00,1.4957728374e+01
4.9090255553e+00,1.0000000000e+00,7.6838672840e+00
3.5130346187e+00,9.0000000000e-01,7.0260692374e-01
8.2160276012e-01,8.0000000000e-01,1.6432055202e-01
0.0000000000e+00,7.0000000000e-01,0.0000000000e+00
0.0000000000e+00,6.0000000000e-01,0.0000000000e+00
0.0000000000e+00,6.0000000000e-01,0.0000000000e+00
0.0000000000e+00,6.0000000000e-01,0.0000000000e+00
0.0000000000e+00,6.0000000000e-01,0.0000000000e+00
0.0000000000e+00,6.0000000000e-01,0.0000000000e+00
0.0000000000e+00,6.0000000000e-01,0.0000000000e+00
0.0000000000e+00,7.0000000000e-01,0.0000000000e+00
0.0000000000e+00,8.0000000000e-01,0.0000000000e+00
0.0000000000e+00,9.0000000000e-01,0.0000000000e+00
2.0399305556e+01,1.0000000000e+00,2.0399305556e+01
4.0798611111e+01,1.0000000000e+00,4.0798611111e+01
6.1197916667e+01,1.0000000000e+00,6.1197916667e+01
1.0416666667e+02,1.0000000000e+00,1.0416666667e+02
1.2500000000e+02,1.0000000000e+00,1.2500000000e+02
1.0416666667e+02,1.0000000000e+00,1.0416666667e+02
8.9285714286e+01,1.0000000000e+00,8.9285714286e+01
7.4404761905e+01,1.0000000000e+00,7.4404761905e+01
5.9523809524e+01,1.0000000000e+00,5.9523809524e+01
4.4642857143e+01,1.0000000000e+00,4.4642857143e+01
7.4815025938e+01,1.0000000000e+00,7.4815025938e+01
1.3077265909e+02,1.0000000000e+00,1.3077265909e+02
1.7756503203e+02,1.0000000000e+00,1.7756503203e+02
1.9311402605e+02,1.0000000000e+00,1.9311402605e+02
1.7194931551e+02,1.0000000000e+00,1.7194931551e+02
1.3182266969e+02,1.0000000000e+00,1.3182266969e+02
1.0303786329e+02,1.0000000000e+00,1.0303786329e+02
1.0731596086e+02,1.0000000000e+00,1.0731596086e+02
1.4322288583e+02,1.0000000000e+00,1.4322288583e+02
1.8978447315e+02,1.0000000000e+00,1.8978447315e+02
2.2327782108e+02,1.0000000000e+00,2.2327782108e+02
2.3208490448e+02,1.0000000000e+00,2.3208490448e+02
2.1997939481e+02,1.0000000000e+00,2.1997939481e+02
1.9932849788e+02,1.0000000000e+00,1.9932849788e+02
1.8138719390e+02,1.0000000000e+00,1.8138719390e+02
1.7057014550e+02,1.0000000000e+00,1.7057014550e+02
1.6533831440e+02,1.0000000000e+00,1.6533831440e+02
1.6241802517e+02,1.0000000000e+00,1.6241802517e+02
1.5916106846e+02,1.0000000000e+00,1.5916106846e+02
1.5349957400e+02,1.0000000000e+00,1.5349957400e+02
1.4476870428e+02,1.0000000000e+00,1.4476870428e+02
1.3477780528e+02,1.0000000000e+00,1.3477780528e+02
1.2532635448e+02,1.0000000000e+00,1.2532635448e+02
1.1456030012e+02,1.0000000000e+00,1.1456030012e+02
9.8749922689e+01,1.0000000000e+00,9.8749922689e+01
7.8637711725e+01,1.0000000000e+00,7.8637711725e+01
6.2436714682e+01,1.0000000000e+00,6.2436714682e+01
6.1093720295e+01,1.0000000000e+00,6.1093720295e+01
7.9479048879e+01,1.0000000000e+00,7.9479048879e+01
1.1143587933e+02,1.0000000000e+00,1.1143587933e+02
1.4345901629e+02,1.0000000000e+00,1.4345901629e+02
1.6334633012e+02,1.0000000000e+00,1.6334633012e+02
1.6597053310e+02,1.0000000000e+00,1.6597053310e+02
1.5320906393e+02,1.0000000000e+00,1.5320906393e+02
1.3125509257e+02,1.0000000000e+00,1.3125509257e+02
1.0842519441e+02,1.0000000000e+00,1.0842519441e+02
9.3192580095e+01,1.0000000000e+00,9.3192580095e+01
9.1334629477e+01,1.0000000000e+00,9.1334629477e+01
1.0325226973e+02,1.0000000000e+00,1.0325226973e+02
1.2375987374e+02,1.0000000000e+00,1.2375987374e+02
1.4467250957e+02,1.0000000000e+00,1.4467250957e+02
1.5894501458e+02,1.0000000000e+00,1.5894501458e+02
1.6479988963e+02,1.0000000000e+00,1.6479988963e+02
1.6666784880e+02,1.0000000000e+00,1.6666784880e+02
1.7125972706e+02,1.0000000000e+00,1.7125972706e+02
1.8227421980e+02,1.0000000000e+00,1.8227421980e+02
1.9815782080e+02,1.0000000000e+00,1.9815782080e+02
2.1378951377e+02,1.0000000000e+00,2.1378951377e+02
2.2423843374e+02,1.0000000000e+00,2.2423843374e+02
2.2776440948e+02,1.0000000000e+00,2.2776440948e+02
2.2625020098e+02,1.0000000000e+00,2.2625020098e+02
2.2352299187e+02,1.0000000000e+00,2.2352299187e+02
2.2256872089e+02,1.0000000000e+00,2.2256872089e+02
2.2218946575e+02,1.0000000000e+00,2.2218946575e+02
2.1527844536e+02,1.0000000000e+00,2.1527844536e+02
1.9254673476e+02,1.0000000000e+00,1.9254673476e+02
1.5170261300e+02,1.0000000000e+00,1.5170261300e+02
1.0377054591e+02,1.0000000000e+00,1.0377054591e+02
6.7312575807e+01,1.0000000000e+00,6.7312575807e+01
5.4110524545e+01,1.0000000000e+00,5.4110524545e+01
6.0777495958e+01,1.0000000000e+00,6.0777495958e+01
7.4169374642e+01,1.0000000000e+00,7.4169374642e+01
8.3839684703e+01,1.0000000000e+00,8.3839684703e+01
8.9405334650e+01,1.0000000000e+00,8.9405334650e+01
9.7611108845e+01,1.0000000000e+00,9.7611108845e+01
1.1413438295e+02,1.0000000000e+00,1.1413438295e+02
1.3851411306e+02,1.0000000000e+00,1.3851411306e+02
1.6548143500e+02,1.0000000000e+00,1.6548143500e+02
1.8944565547e+02,1.0000000000e+00,1.8944565547e+02
2.0727715500e+02,1.0000000000e+00,2.0727715500e+02
2.1814327078e+02,1.0000000000e+00,2.1814327078e+02
2.3813047826e+02,1.0000000000e+00,2.2583834531e+02
2.4124757717e+02,1.0000000000e+00,2.2699004983e+02
2.0942713605e+02,1.0000000000e+00,2.2051279515e+02
1.9328848023e+02,1.0000000000e+00,2.1822489725e+02
2.2831550364e+02,1.0000000000e+00,2.2717933184e+02
2.6139316625e+02,1.0000000000e+00,2.3570238049e+02
2.4006020796e+02,1.0000000000e+00,2.3251559868e+02
2.0131212448e+02,1.0000000000e+00,2.2499055764e+02
2.1104545693e+02,1.0000000000e+00,2.2672832542e+02
2.5371521742e+02,1.0000000000e+00,2.3502521975e+02
2.5941938670e+02,1.0000000000e+00,2.3606717272e+02
2.1870073276e+02,1.0000000000e+00,2.2792099625e+02
1.9676778014e+02,1.0000000000e+00,2.2351759687e+02
2.2764444704e+02,1.0000000000e+00,2.2961197699e+02
2.6032769581e+02,1.0000000000e+00,2.3607987541e+02
2.4286559686e+02,1.0000000000e+00,2.3269962687e+02
2.0739557597e+02,1.0000000000e+00,2.2600292514e+02
2.1281752497e+02,1.0000000000e+00,2.2755236183e+02
2.4703199253e+02,1.0000000000e+00,2.3414667409e+02
2.4954786742e+02,1.0000000000e+00,2.3226721622e+02
2.1040655076e+02,1.0000000000e+00,2.1815693179e+02
1.8410428475e+02,1.0000000000e+00,2.0180588974e+02
1.9285412692e+02,1.0000000000e+00,1.8969686499e+02
1.9591290372e+02,1.0000000000e+00,1.7909267212e+02
1.7028488941e+02,1.0000000000e+00,1.7028372274e+02
1.5352781531e+02,1.0000000000e+00,1.7010996208e+02
1.7607418332e+02,1.0000000000e+00,1.7875155898e+02
1.9957895528e+02,1.0000000000e+00,1.8342003189e+02
1.8119605028e+02,1.0000000000e+00,1.7595838093e+02
1.5189630517e+02,1.0000000000e+00,1.6656892754e+02
1.6022164444e+02,1.0000000000e+00,1.6675739878e+02
1.8281124754e+02,1.0000000000e+00,1.6963916437e+02
1.6984322727e+02,1.0000000000e+00,1.6358843498e+02
1.4213562417e+02,1.0000000000e+00,1.5510125476e+02
1.5166357436e+02,1.0000000000e+00,1.5745609701e+02
1.8081672801e+02,1.0000000000e+00,1.6609909254e+02
1.7380732037e+02,1.0000000000e+00,1.6679756068e+02
1.4560416118e+02,1.0000000000e+00,1.6198390521e+02
1.5332344878e+02,1.0000000000e+00,1.6502781073e+02
1.8875490518e+02,1.0000000000e+00,1.7548172657e+02
2.0083749161e+02,1.0000000000e+00,1.8239292740e+02
1.7875828850e+02,1.0000000000e+00,1.8196511517e+02
1.6242559548e+02,1.0000000000e+00,1.8049467938e+02
1.7535585552e+02,1.0000000000e+00,1.8178830312e+02
1.9159097421e+02,1.0000000000e+00,1.8200729470e+02
1.8974155172e+02,1.0000000000e+00,1.8076747216e+02
1.8188701221e+02,1.0000000000e+00,1.8423908754e+02
1.8397122142e+02,1.0000000000e+00,1.9551682372e+02
2.0849525858e+02,1.0000000000e+00,2.1283231001e+02
2.4716731515e+02,1.0000000000e+00,2.2983162212e+02
2.4837096973e+02,1.0000000000e+00,2.3447641997e+02
2.0529190961e+02,1.0000000000e+00,2.2666448660e+02
2.0390926226e+02,1.0000000000e+00,2.2586070165e+02
2.6095836056e+02,1.0000000000e+00,2.3704553128e+02
2.6686156725e+02,1.0000000000e+00,2.3859449378e+02
2.0411020356e+02,1.0000000000e+00,2.2601374512e+02
1.8465077293e+02,1.0000000000e+00,2.2012028907e+02
2.3370375329e+02,1.0000000000e+00,2.2495526018e+02
2.5987990563e+02,1.0000000000e+00,2.2286701838e+02
2.1604485125e+02,1.0000000000e+00,2.0692577488e+02
1.6496357119e+02,1.0000000000e+00,1.9299073927e+02
1.7867957583e+02,1.0000000000e+00,1.9756010628e+02
2.3459307263e+02,1.0000000000e+00,2.1540123222e+02
2.4996114362e+02,1.0000000000e+00,2.2658142872e+02
2.1087292526e+02,1.0000000000e+00,2.2403427918e+02
1.9343914787e+02,1.0000000000e+00,2.2020887596e+02
2.2816507990e+02,1.0000000000e+00,2.2165484742e+02
2.4728261564e+02,1.0000000000e+00,2.1828559680e+02
2.0787355800e+02,1.0000000000e+00,2.0590814178e+02
1.7046118553e+02,1.0000000000e+00,1.9933763465e+02
2.0048047382e+02,1.0000000000e+00,2.1116427390e+02
2.5741028691e+02,1.0000000000e+00,2.3013365361e+02
2.5386475831e+02,1.0000000000e+00,2.3524044415e+02
2.0298512924e+02,1.0000000000e+00,2.2721287144e+02
1.9953338652e+02,1.0000000000e+00,2.2496013166e+02
2.4930669607e+02,1.0000000000e+00,2.3050515771e+02
2.5525561946e+02,1.0000000000e+00,2.2529780322e+02
1.9480638117e+02,1.0000000000e+00,2.0517652805e+02
1.5830715316e+02,1.0000000000e+00,1.8774546977e+02
1.8206082238e+02,1.0000000000e+00,1.7890977897e+02
1.8674898032e+02,1.0000000000e+00,1.6157625432e+02
1.2720707362e+02,1.0000000000e+00,1.2767580834e+02
7.5796970155e+01,1.0000000000e+00,9.5512822464e+01
7.8499566371e+01,1.0000000000e+00,7.8681292244e+01
8.2537286480e+01,1.0000000000e+00,6.8508749264e+01
6.0077049817e+01,1.0000000000e+00,5.7951962395e+01
4.1280103567e+01,1.0000000000e+00,5.0025756255e+01
4.0716269224e+01,1.0000000000e+00,4.5718532990e+01
4.7794528677e+01,1.0000000000e+00,4.3284738694e+01
5.0868316183e+01,1.0000000000e+00,4.1958561757e+01
4.2107084057e+01,1.0000000000e+00,4.0607128778e+01
2.8563252777e+01,1.0000000000e+00,3.8666729669e+01
2.8566248784e+01,1.0000000000e+00,3.6800872391e+01
3.7922282650e+01,1.0000000000e+00,3.3386887063e+01
3.4633011782e+01,1.0000000000e+00,2.7596408453e+01
3.2530796254e+01,1.0000000000e+00,2.8790634482e+01
4.5209872006e+01,1.0000000000e+00,4.5209872006e+01
7.8446847225e+01,1.0000000000e+00,7.8446847225e+01
1.2012071775e+02,1.0000000000e+00,1.2012071775e+02
1.5791874818e+02,1.0000000000e+00,1.5791874818e+02
1.8122892528e+02,1.0000000000e+00,1.8122892528e+02
1.8728948410e+02,1.0000000000e+00,1.8728948410e+02
1.8251540028e+02,1.0000000000e+00,1.8251540028e+02
1.7747856118e+02,1.0000000000e+00,1.7747856118e+02
1.7949500058e+02,1.0000000000e+00,1.7949500058e+02
1.8920870230e+02,1.0000000000e+00,1.8920870230e+02
2.0281283029e+02,1.0000000000e+00,2.0281283029e+02
2.1576430816e+02,1.0000000000e+00,2.1576430816e+02
2.2484228419e+02,1.0000000000e+00,2.2484228419e+02
2.2905835888e+02,1.0000000000e+00,2.2905835888e+02
2.2966483419e+02,1.0000000000e+00,2.2966483419e+02
2.2879159521e+02,1.0000000000e+00,2.2879159521e+02
2.2794804694e+02,1.0000000000e+00,2.2794804694e+02
2.2785714816e+02,1.0000000000e+00,2.2785714816e+02
2.2909089914e+02,1.0000000000e+00,2.2909089914e+02
2.3207354491e+02,1.0000000000e+00,2.3207354491e+02
2.3601158502e+02,1.0000000000e+00,2.3601158502e+02
2.3770001464e+02,1.0000000000e+00,2.3770001464e+02
2.3195386938e+02,1.0000000000e+00,2.3195386938e+02
2.1497076155e+02,1.0000000000e+00,2.1497076155e+02
1.8935540664e+02,1.0000000000e+00,1.8935540664e+02
1.6585281331e+02,1.0000000000e+00,1.6585281331e+02
1.5739867983e+02,1.0000000000e+00,1.5739867983e+02
1.6903908959e+02,1.0000000000e+00,1.6903908959e+02
1.9375875989e+02,1.0000000000e+00,1.9375875989e+02
2.1865393324e+02,1.0000000000e+00,2.1865393324e+02
2.3451597500e+02,1.0000000000e+00,2.3451597500e+02
2.3971435671e+02,1.0000000000e+00,2.3971435671e+02
2.3725326453e+02,1.0000000000e+00,2.3725326453e+02
2.3038816912e+02,1.0000000000e+00,2.3038816912e+02
2.2122490678e+02,1.0000000000e+00,2.2122490678e+02
2.1212252984e+02,1.0000000000e+00,2.1212252984e+02
2.0663354701e+02,1.0000000000e+00,2.0663354701e+02
2.0775442911e+02,1.0000000000e+00,2.0775442911e+02
2.1532695023e+02,1.0000000000e+00,2.1532695023e+02
2.2591595324e+02,1.0000000000e+00,2.2591595324e+02
2.3491523553e+02,1.0000000000e+00,2.3491523553e+02
2.3792945488e+02,1.0000000000e+00,2.3792945488e+02
2.3077271655e+02,1.0000000000e+00,2.3077271655e+02
2.1034627871e+02,1.0000000000e+00,2.1034627871e+02
1.7782653859e+02,1.0000000000e+00,1.7782653859e+02
1.4168321542e+02,1.0000000000e+00,1.4168321542e+02
1.1510576018e+02,1.0000000000e+00,1.1510576018e+02
1.0647682892e+02,1.0000000000e+00,1.0647682892e+02
1.1111308679e+02,1.0000000000e+00,1.1111308679e+02
1.1438534181e+02,1.0000000000e+00,1.1438534181e+02
1.0473406898e+02,1.0000000000e+00,1.0473406898e+02
8.3596877934e+01,1.0000000000e+00,8.3596877934e+01
6.2596467965e+01,1.0000000000e+00,6.2596467965e+01
5.2275370886e+01,1.0000000000e+00,5.2275370886e+01
5.4055671109e+01,1.0000000000e+00,5.4055671109e+01
6.1258932398e+01,1.0000000000e+00,6.1258932398e+01
6.5986622906e+01,1.0000000000e+00,6.5986622906e+01
6.5498343207e+01,1.0000000000e+00,6.5498343207e+01
6.3764900967e+01,1.0000000000e+00,6.3764900967e+01
6.7736759354e+01,1.0000000000e+00,6.7736759354e+01
8.1233571741e+01,1.0000000000e+00,8.1233571741e+01
1.0102236516e+02,1.0000000000e+00,1.0102236516e+02
1.1877700367e+02,1.0000000000e+00,1.1877700367e+02
1.2811710126e+02,1.0000000000e+00,1.2811710126e+02
1.3038461833e+02,1.0000000000e+00,1.3038461833e+02
1.3271166511e+02,1.0000000000e+00,1.3271166511e+02
1.3992974428e+02,1.0000000000e+00,1.3992974428e+02
1.4988241719e+02,1.0000000000e+00,1.4988241719e+02
1.5755099254e+02,1.0000000000e+00,1.5755099254e+02
1.6149039159e+02,1.0000000000e+00,1.6149039159e+02
1.6411225716e+02,1.0000000000e+00,1.6411225716e+02
1.6701764751e+02,1.0000000000e+00,1.6701764751e+02
1.6857018493e+02,1.0000000000e+00,1.6857018493e+02
1.6621328600e+02,1.0000000000e+00,1.6621328600e+02
1.5991347193e+02,1.0000000000e+00,1.5991347193e+02
1.5359534308e+02,1.0000000000e+00,1.5359534308e+02
1.5358451207e+02,1.0000000000e+00,1.5358451207e+02
1.6367926837e+02,1.0000000000e+00,1.6367926837e+02
1.8017228010e+02,1.0000000000e+00,1.8017228010e+02
1.9342109096e+02,1.0000000000e+00,1.9342109096e+02
1.9631958785e+02,1.0000000000e+00,1.9631958785e+02
1.9026094722e+02,1.0000000000e+00,1.9026094722e+02
1.8178836136e+02,1.0000000000e+00,1.8178836136e+02
1.7580500260e+02,1.0000000000e+00,1.7580500260e+02
1.7412037277e+02,1.0000000000e+00,1.7412037277e+02
1.7739786079e+02,1.0000000000e+00,1.7739786079e+02
1.8379986107e+02,1.0000000000e+00,1.8379986107e+02
1.8682028898e+02,1.0000000000e+00,1.8682028898e+02
1.7966217914e+02,1.0000000000e+00,1.7966217914e+02
1.6307122688e+02,1.0000000000e+00,1.6307122688e+02
1.4521578597e+02,1.0000000000e+00,1.4521578597e+02
1.3267604618e+02,1.0000000000e+00,1.3267604618e+02
1.2531914929e+02,1.0000000000e+00,1.2531914929e+02
1.2050229810e+02,1.0000000000e+00,1.2050229810e+02
1.1681502177e+02,1.0000000000e+00,1.1681502177e+02
1.1202149892e+02,1.0000000000e+00,1.1202149892e+02
1.0222363479e+02,1.0000000000e+00,1.0222363479e+02
8.5779485749e+01,1.0000000000e+00,8.5779485749e+01
6.5992711518e+01,1.0000000000e+00,6.5992711518e+01
4.8379251671e+01,1.0000000000e+00,4.8379251671e+01
3.6063236176e+01,1.0000000000e+00,3.6063236176e+01
3.0911345294e+01,1.0000000000e+00,3.0911345294e+01
2.5759454411e+01,1.0000000000e+00,2.5759454411e+01
2.0607563529e+01,1.0000000000e+00,2.0607563529e+01
1.5455672647e+01,1.0000000000e+00,1.5455672647e+01
1.0303781765e+01,1.0000000000e+00,1.0303781765e+01
5.1518908823e+00,1.0000000000e+00,5.1518908823e+00
0.0000000000e+00,1.0000000000e+00,0.0000000000e+00
0.0000000000e+00,1.0000000000e+00,0.0000000000e+00
1.3320450987e+01,1.0000000000e+00,1.3320450987e+01
2.6640901973e+01,1.0000000000e+00,2.6640901973e+01
3.9961352960e+01,1.0000000000e+00,3.9961352960e+01
6.0077994864e+01,1.0000000000e+00,6.0077994864e+01
7.2046174364e+01,1.0000000000e+00,7.2046174364e+01
6.8816962835e+01,1.0000000000e+00,6.8816962835e+01
5.2329661954e+01,1.0000000000e+00,5.2329661954e+01
3.5488347142e+01,1.0000000000e+00,3.5488347142e+01
3.4816232640e+01,1.0000000000e+00,3.4816232640e+01
5.7168146586e+01,1.0000000000e+00,5.7168146586e+01
9.1609436858e+01,1.0000000000e+00,9.1609436858e+01
1.1640948438e+02,1.0000000000e+00,1.1640948438e+02
1.2744545786e+02,1.0000000000e+00,1.2022510917e+02
1.1822094649e+02,1.0000000000e+00,1.0852722809e+02
9.1164184731e+01,1.0000000000e+00,9.8388343352e+01
8.5974640041e+01,1.0000000000e+00,1.0728447515e+02
1.3712410953e+02,1.0000000000e+00,1.3829905793e+02
1.9818853950e+02,1.0000000000e+00,1.7295543106e+02
1.9812412561e+02,1.0000000000e+00,1.9112599032e+02
1.7210373758e+02,1.0000000000e+00,1.9817103042e+02
1.9686937705e+02,1.0000000000e+00,2.0958951898e+02
2.4657735444e+02,1.0000000000e+00,2.2170212188e+02
2.4259818028e+02,1.0000000000e+00,2.2192299110e+02
1.9354622174e+02,1.0000000000e+00,2.1477975404e+02
1.9645612842e+02,1.0000000000e+00,2.1897284418e+02
2.5129284410e+02,1.0000000000e+00,2.2987403802e+02
2.3031217742e+02,1.0000000000e+00,2.1686583349e+02
1.6578439573e+02,1.0000000000e+00,1.8521934795e+02
1.5830511375e+02,1.0000000000e+00,1.5964139825e+02
1.4849960826e+02,1.0000000000e+00,1.3685568729e+02
1.1716288256e+02,1.0000000000e+00,1.2088207551e+02
1.1727344531e+02,1.0000000000e+00,1.2461798303e+02
1.5118902060e+02,1.0000000000e+00,1.4458107643e+02
1.7001080390e+02,1.0000000000e+00,1.6450786902e+02
1.6897355834e+02,1.0000000000e+00,1.7789983130e+02
1.8314484218e+02,1.0000000000e+00,1.8808297654e+02
2.0251871363e+02,1.0000000000e+00,1.9206176305e+02
1.9215097951e+02,1.0000000000e+00,1.8568143001e+02
1.6625970098e+02,1.0000000000e+00,1.7713798918e+02
1.6852619878e+02,1.0000000000e+00,1.7940571987e+02
2.0249004093e+02,1.0000000000e+00,1.9362414303e+02
2.2460717652e+02,1.0000000000e+00,2.0815202633e+02
2.0941730823e+02,1.0000000000e+00,2.1454809948e+02
2.0026123976e+02,1.0000000000e+00,2.1989949382e+02
2.3602627005e+02,1.0000000000e+00,2.3108202013e+02
2.5157957256e+02,1.0000000000e+00,2.3286290534e+02
2.0814771337e+02,1.0000000000e+00,2.1526342132e+02
1.7999182752e+02,1.0000000000e+00,1.9500768647e+02
1.8530331589e+02,1.0000000000e+00,1.8348042353e+02
1.9132170808e+02,1.0000000000e+00,1.8301933445e+02
1.9471224490e+02,1.0000000000e+00,1.9471224490e+02
2.1393547388e+02,1.0000000000e+00,2.1393547388e+02
2.2357790807e+02,1.0000000000e+00,2.2357790807e+02
2.1584304248e+02,1.0000000000e+00,2.1584304248e+02
1.9612471161e+02,1.0000000000e+00,1.9612471161e+02
1.7922064506e+02,1.0000000000e+00,1.7922064506e+02
1.7767772215e+02,1.0000000000e+00,1.7767772215e+02
1.9090997566e+02,1.0000000000e+00,1.9090997566e+02
2.0573111521e+02,1.0000000000e+00,2.0573111521e+02
2.0794034359e+02,1.0000000000e+00,2.0794034359e+02
1.9318735030e+02,1.0000000000e+00,1.9318735030e+02
1.6817850514e+02,1.0000000000e+00,1.6817850514e+02
1.4359931417e+02,1.0000000000e+00,1.4359931417e+02
1.2639637974e+02,1.0000000000e+00,1.2639637974e+02
1.1779772246e+02,1.0000000000e+00,1.1779772246e+02
1.1620910405e+02,1.0000000000e+00,1.1620910405e+02
1.1937762416e+02,1.0000000000e+00,1.1937762416e+02
1.2370445996e+02,1.0000000000e+00,1.2370445996e+02
1.2393845429e+02,1.0000000000e+00,1.2393845429e+02
1.2132466565e+02,1.0000000000e+00,1.1710112527e+02
1.0816611233e+02,1.0000000000e+00,1.0226310449e+02
7.4290595490e+01,1.0000000000e+00,8.1375991883e+01
5.5201985480e+01,1.0000000000e+00,6.5222113397e+01
6.8299121066e+01,1.0000000000e+00,5.8142046737e+01
5.3291108238e+01,1.0000000000e+00,4.7056493704e+01
2.3510855135e+01,1.0000000000e+00,3.3750168375e+01
2.9743942973e+01,1.0000000000e+00,3.0847072036e+01
3.5514725229e+01,1.0000000000e+00,2.7851514580e+01
1.9922832411e+01,1.0000000000e+00,2.0583422110e+01
8.2669136080e+00,1.0000000000e+00,1.4102524442e+01
1.1743636799e+01,1.0000000000e+00,1.0648155174e+01
2.4194267889e+01,1.0000000000e+00,1.8991886103e+01
2.4763268623e+01,1.0000000000e+00,2.6182202513e+01
4.8918016744e+01,1.0000000000e+00,5.5349266333e+01
9.3227248114e+01,1.0000000000e+00,9.0896301775e+01
1.2899930604e+02,1.0000000000e+00,1.1854887338e+02
1.2347234208e+02,1.0000000000e+00,1.2583292454e+02
1.0276407382e+02,1.0000000000e+00,1.1747030711e+02
1.0631138535e+02,1.0000000000e+00,1.0577713174e+02
1.0712527796e+02,1.0000000000e+00,9.1612063603e+01
7.3279174403e+01,1.0000000000e+00,7.3147930304e+01
4.6409822696e+01,1.0000000000e+00,6.0657879915e+01
6.4713445704e+01,1.0000000000e+00,6.3624908499e+01
9.2335261732e+01,1.0000000000e+00,7.8727016818e+01
1.0003019922e+02,1.0000000000e+00,1.0292124165e+02
1.2257916398e+02,1.0000000000e+00,1.3852409116e+02
1.8131276707e+02,1.0000000000e+00,1.7643716277e+02
2.0851599971e+02,1.0000000000e+00,1.8923284162e+02
1.5566891653e+02,1.0000000000e+00,1.6372587515e+02
1.0659586004e+02,1.0000000000e+00,1.2725464378e+02
1.2355360345e+02,1.0000000000e+00,1.1066359793e+02
1.3540294864e+02,1.0000000000e+00,1.1434618722e+02
1.1460872822e+02,1.0000000000e+00,1.3387054728e+02
1.4968400705e+02,1.0000000000e+00,1.7388620158e+02
2.2840856748e+02,1.0000000000e+00,2.1494992354e+02
2.5230621366e+02,1.0000000000e+00,2.2876742445e+02
2.2509801160e+02,1.0000000000e+00,2.1973331927e+02
2.0526314784e+02,1.0000000000e+00,2.0925382922e+02
2.0723334234e+02,1.0000000000e+00,2.0723334234e+02
2.1025932442e+02,1.0000000000e+00,2.1025932442e+02
2.1551447075e+02,1.0000000000e+00,2.1551447075e+02
2.1939787600e+02,1.0000000000e+00,2.1939787600e+02
2.2077819726e+02,1.0000000000e+00,2.2077819726e+02
2.2030289076e+02,1.0000000000e+00,2.2030289076e+02
2.1853694648e+02,1.0000000000e+00,2.1853694648e+02
2.1535457776e+02,1.0000000000e+00,2.1535457776e+02
2.1119523186e+02,1.0000000000e+00,2.1119523186e+02
2.0738070867e+02,1.0000000000e+00,2.0738070867e+02
2.1401121571e+02,1.0000000000e+00,2.0620826940e+02
2.1637757406e+02,1.0000000000e+00,2.0389090576e+02
1.8635671194e+02,1.0000000000e+00,1.9507312875e+02
1.6349887441e+02,1.0000000000e+00,1.9013040957e+02
2.0040198510e+02,1.0000000000e+00,2.0129353446e+02
2.4477803981e+02,1.0000000000e+00,2.1572850784e+02
2.2755739286e+02,1.0000000000e+00,2.1452805481e+02
1.7745070690e+02,1.0000000000e+00,2.0032936381e+02
1.6974009432e+02,1.0000000000e+00,1.8944916804e+02
1.9838907212e+02,1.0000000000e+00,1.8467660114e+02
1.9967525575e+02,1.0000000000e+00,1.7743074777e+02
1.6251622556e+02,1.0000000000e+00,1.6811650839e+02
1.4465745167e+02,1.0000000000e+00,1.6801692458e+02
1.7837472885e+02,1.0000000000e+00,1.8008845002e+02
2.1245077525e+02,1.0000000000e+00,1.8942742716e+02
1.9142115430e+02,1.0000000000e+00,1.8260486102e+02
1.4708920081e+02,1.0000000000e+00,1.6728435229e+02
1.4462332186e+02,1.0000000000e+00,1.5919257526e+02
1.7332094593e+02,1.0000000000e+00,1.5799498073e+02
1.7077431402e+02,1.0000000000e+00,1.5238364453e+02
1.3226090204e+02,1.0000000000e+00,1.4218379203e+02
1.1873775617e+02,1.0000000000e+00,1.3860990339e+02
1.4734384461e+02,1.0000000000e+00,1.4236924105e+02
1.5969892908e+02,1.0000000000e+00,1.4005525889e+02
1.2660874515e+02,1.0000000000e+00,1.2728811899e+02
9.9403154263e+01,1.0000000000e+00,1.1736363404e+02
1.1611533455e+02,1.0000000000e+00,1.1841587497e+02
1.3370739364e+02,1.0000000000e+00,1.1830355109e+02
1.0777573619e+02,1.0000000000e+00,1.0386072459e+02
6.8140968479e+01,1.0000000000e+00,8.0443379435e+01
5.4855116686e+01,1.0000000000e+00,5.9787725553e+01
5.2911331368e+01,1.0000000000e+00,4.3765832260e+01
4.3789345456e+01,1.0000000000e+00,3.7200925651e+01
2.1845404827e+01,1.0000000000e+00,2.8071628098e+01
1.5588797994e+01,1.0000000000e+00,2.2079797305e+01
2.2692201698e+01,1.0000000000e+00,1.8759968619e+01
1.7185432635e+01,1.0000000000e+00,1.2918105380e+01
3.5570899485e+00,1.0000000000e+00,5.4519274163e+00
0.0000000000e+00,9.0000000000e-01,0.0000000000e+00
4.1944750186e-01,8.0000000000e-01,8.3889500371e-02
2.8165425701e-01,7.0000000000e-01,5.6330851401e-02
9.9740303270e-04,6.0000000000e-01,1.9948060654e-04
0.0000000000e+00,6.0000000000e-01,0.0000000000e+00
0.0000000000e+00,6.0000000000e-01,0.0000000000e+00
0.0000000000e+00,6.0000000000e-01,0.0000000000e+00
0.0000000000e+00,6.0000000000e-01,0.0000000000e+00
0.0000000000e+00,6.0000000000e-01,0.0000000000e+00
0.0000000000e+00,6.0000000000e-01,0.0000000000e+00
0.0000000000e+00,6.0000000000e-01,0.0000000000e+00
0.0000000000e+00,6.0000000000e-01,0.0000000000e+00
0.0000000000e+00,6.0000000000e-01,0.0000000000e+00
0.0000000000e+00,6.0000000000e-01,0.0000000000e+00
0.0000000000e+00,6.0000000000e-01,0.0000000000e+00
0.0000000000e+00,6.0000000000e-01,0.0000000000e+00
0.0000000000e+00,6.0000000000e-01,0.0000000000e+00
0.0000000000e+00,7.0000000000e-01,0.0000000000e+00
0.0000000000e+00,8.0000000000e-01,0.0000000000e+00
0.0000000000e+00,9.0000000000e-01,0.0000000000e+00
1.2889964653e+01,1.0000000000e+00,1.2889964653e+01
2.5779929307e+01,1.0000000000e+00,2.5779929307e+01
3.8669893960e+01,1.0000000000e+00,3.8669893960e+01
7.3392116183e+01,1.0000000000e+00,7.3392116183e+01
1.0416666667e+02,1.0000000000e+00,1.0416666667e+02
1.2500000000e+02,1.0000000000e+00,1.2500000000e+02
1.0416666667e+02,1.0000000000e+00,1.0416666667e+02
6.1088059013e+01,1.0000000000e+00,6.1088059013e+01
2.9777755373e+01,1.0000000000e+00,2.9777755373e+01
2.8245207106e+01,1.0000000000e+00,2.8245207106e+01
6.3498350895e+01,1.0000000000e+00,6.3498350895e+01
1.0923284803e+02,1.0000000000e+00,1.0923284803e+02
1.4787515703e+02,1.0000000000e+00,1.4787515703e+02
1.7010187984e+02,1.0000000000e+00,1.7010187984e+02
1.7841485083e+02,1.0000000000e+00,1.7841485083e+02
1.8092926231e+02,1.0000000000e+00,1.8092926231e+02
1.8380805014e+02,1.0000000000e+00,1.8380805014e+02
1.8805445458e+02,1.0000000000e+00,1.8805445458e+02
1.9154586461e+02,1.0000000000e+00,1.9154586461e+02
1.9327565911e+02,1.0000000000e+00,1.9327565911e+02
1.9470140451e+02,1.0000000000e+00,1.9470140451e+02
1.9743433861e+02,1.0000000000e+00,1.9743433861e+02
2.0160130707e+02,1.0000000000e+00,2.0160130707e+02
2.0683756217e+02,1.0000000000e+00,2.0683756217e+02
2.1314016106e+02,1.0000000000e+00,2.1314016106e+02
2.1970810232e+02,1.0000000000e+00,2.1970810232e+02
2.2376778495e+02,1.0000000000e+00,2.2376778495e+02
2.2145244961e+02,1.0000000000e+00,2.2145244961e+02
2.0978098357e+02,1.0000000000e+00,2.0978098357e+02
1.8811184333e+02,1.0000000000e+00,1.8811184333e+02
1.5937746316e+02,1.0000000000e+00,1.5937746316e+02
1.3154831158e+02,1.0000000000e+00,1.3154831158e+02
1.1661262995e+02,1.0000000000e+00,1.1661262995e+02
1.2380900388e+02,1.0000000000e+00,1.2380900388e+02
1.5093160782e+02,1.0000000000e+00,1.5093160782e+02
1.8315603580e+02,1.0000000000e+00,1.8315603580e+02
2.0242777740e+02,1.0000000000e+00,2.0242777740e+02
1.9981331737e+02,1.0000000000e+00,1.9981331737e+02
1.8118965013e+02,1.0000000000e+00,1.8118965013e+02
1.6238846006e+02,1.0000000000e+00,1.6238846006e+02
1.5741504260e+02,1.0000000000e+00,1.5741504260e+02
1.6891249741e+02,1.0000000000e+00,1.6891249741e+02
1.8791190958e+02,1.0000000000e+00,1.8791190958e+02
2.0110404471e+02,1.0000000000e+00,2.0110404471e+02
1.9933844681e+02,1.0000000000e+00,1.9933844681e+02
1.8299453267e+02,1.0000000000e+00,1.8299453267e+02
1.6114303714e+02,1.0000000000e+00,1.6114303714e+02
1.4406242647e+02,1.0000000000e+00,1.4406242647e+02
1.3598951029e+02,1.0000000000e+00,1.3598951029e+02
1.3577893362e+02,1.0000000000e+00,1.3577893362e+02
1.4216182117e+02,1.0000000000e+00,1.4216182117e+02
1.5486905320e+02,1.0000000000e+00,1.5486905320e+02
1.7167630524e+02,1.0000000000e+00,1.7167630524e+02
1.8766292808e+02,1.0000000000e+00,1.8766292808e+02
1.9835411680e+02,1.0000000000e+00,1.9835411680e+02
2.0332042718e+02,1.0000000000e+00,2.0332042718e+02
2.0625835442e+02,1.0000000000e+00,2.0625835442e+02
2.1074388805e+02,1.0000000000e+00,2.1074388805e+02
2.1624643860e+02,1.0000000000e+00,2.1624643860e+02
2.1915736563e+02,1.0000000000e+00,2.1915736563e+02
2.1697315084e+02,1.0000000000e+00,2.1697315084e+02
2.1023542754e+02,1.0000000000e+00,2.1023542754e+02
2.0054006876e+02,1.0000000000e+00,2.0054006876e+02
1.8786177837e+02,1.0000000000e+00,1.8786177837e+02
1.7125550237e+02,1.0000000000e+00,1.7125550237e+02
1.5325665571e+02,1.0000000000e+00,1.5315316372e+02
1.4234948894e+02,1.0000000000e+00,1.4148551538e+02
1.4500144269e+02,1.0000000000e+00,1.4320260955e+02
1.5308289695e+02,1.0000000000e+00,1.5467455977e+02
1.5447738512e+02,1.0000000000e+00,1.6447383129e+02
1.6184085165e+02,1.0000000000e+00,1.6738975540e+02
1.7581198187e+02,1.0000000000e+00,1.6245146526e+02
1.5241176972e+02,1.0000000000e+00,1.4416376525e+02
1.0495003023e+02,1.0000000000e+00,1.1830897516e+02
8.7985204758e+01,1.0000000000e+00,9.7199402906e+01
8.8540312936e+01,1.0000000000e+00,7.9134470583e+01
6.9869432426e+01,1.0000000000e+00,5.8134947058e+01
4.2279501559e+01,1.0000000000e+00,4.6308237946e+01
2.4909492167e+01,1.0000000000e+00,3.6525513128e+01
3.5189429402e+01,1.0000000000e+00,3.2272777636e+01
3.6138896745e+01,1.0000000000e+00,2.6153948166e+01
2.6183759561e+01,1.0000000000e+00,3.2035966855e+01
5.7426432091e+01,1.0000000000e+00,6.5917815914e+01
1.2683422465e+02,1.0000000000e+00,1.1769682464e+02
1.7622334641e+02,1.0000000000e+00,1.6588577166e+02
1.8777527819e+02,1.0000000000e+00,1.9464565213e+02
1.8921434503e+02,1.0000000000e+00,2.0114379117e+02
1.8301827757e+02,1.0000000000e+00,1.8600359148e+02
1.5723711150e+02,1.0000000000e+00,1.5508295100e+02
1.2288369458e+02,1.0000000000e+00,1.2163293791e+02
9.6845127281e+01,1.0000000000e+00,9.6735323436e+01
8.4245784177e+01,1.0000000000e+00,8.4245784177e+01
8.5809898958e+01,1.0000000000e+00,8.5809898958e+01
1.0455945838e+02,1.0000000000e+00,1.0455945838e+02
1.4038766264e+02,1.0000000000e+00,1.4038766264e+02
1.8328380719e+02,1.0000000000e+00,1.8328380719e+02
2.1494846699e+02,1.0000000000e+00,2.1494846699e+02
2.1979074699e+02,1.0000000000e+00,2.1979074699e+02
1.9626700085e+02,1.0000000000e+00,1.9626700085e+02
1.5973391171e+02,1.0000000000e+00,1.5973391171e+02
1.3378278794e+02,1.0000000000e+00,1.3378278794e+02
1.3442790373e+02,1.0000000000e+00,1.3442790373e+02
1.5909795615e+02,1.0000000000e+00,1.5909795615e+02
1.9040032124e+02,1.0000000000e+00,1.9040032124e+02
2.1095399561e+02,1.0000000000e+00,2.1095399561e+02
2.1564164491e+02,1.0000000000e+00,2.1564164491e+02
2.1188065835e+02,1.0000000000e+00,2.1188065835e+02
2.1018554971e+02,1.0000000000e+00,2.1018554971e+02
2.1494425580e+02,1.0000000000e+00,2.1494425580e+02
2.2277260512e+02,1.0000000000e+00,2.2277260512e+02
2.2677198798e+02,1.0000000000e+00,2.2677198798e+02
2.2077266903e+02,1.0000000000e+00,2.2077266903e+02
2.0173381582e+02,1.0000000000e+00,2.0173381582e+02
1.7186003450e+02,1.0000000000e+00,1.7186003450e+02
1.3905868540e+02,1.0000000000e+00,1.3905868540e+02
1.1270854985e+02,1.0000000000e+00,1.1270854985e+02
9.7343735241e+01,1.0000000000e+00,9.7343735241e+01
9.0668380341e+01,1.0000000000e+00,9.0668380341e+01
8.7029739356e+01,1.0000000000e+00,8.7029739356e+01
8.1880603738e+01,1.0000000000e+00,8.1880603738e+01
7.4170951753e+01,1.0000000000e+00,7.4170951753e+01
6.6854603083e+01,1.0000000000e+00,6.6854603083e+01
6.5864235961e+01,1.0000000000e+00,6.5864235961e+01
7.7038994926e+01,1.0000000000e+00,7.7038994926e+01
1.0195411106e+02,1.0000000000e+00,1.0195411106e+02
1.3620830298e+02,1.0000000000e+00,1.3620830298e+02
1.7206842064e+02,1.0000000000e+00,1.7206842064e+02
2.0259166235e+02,1.0000000000e+00,2.0259166235e+02
2.2412886585e+02,1.0000000000e+00,2.2412886585e+02
2.3678464539e+02,1.0000000000e+00,2.3678464539e+02
2.4248396743e+02,1.0000000000e+00,2.4248396743e+02
2.4132944501e+02,1.0000000000e+00,2.4132944501e+02
2.2997941782e+02,1.0000000000e+00,2.2997941782e+02
2.0517572734e+02,1.0000000000e+00,2.0517572734e+02
1.7028475666e+02,1.0000000000e+00,1.7028475666e+02
1.3776448981e+02,1.0000000000e+00,1.3776448981e+02
1.2272245985e+02,1.0000000000e+00,1.2272245985e+02
1.3261455234e+02,1.0000000000e+00,1.3261455234e+02
1.6270737660e+02,1.0000000000e+00,1.6270737660e+02
1.9937445143e+02,1.0000000000e+00,1.9937445143e+02
2.2673010860e+02,1.0000000000e+00,2.2673010860e+02
2.3347494713e+02,1.0000000000e+00,2.3347494713e+02
2.1822297975e+02,1.0000000000e+00,2.1822297975e+02
1.9107097251e+02,1.0000000000e+00,1.9107097251e+02
1.6916095939e+02,1.0000000000e+00,1.6916095939e+02
1.6622500668e+02,1.0000000000e+00,1.6622500668e+02
1.8306570750e+02,1.0000000000e+00,1.8306570750e+02
2.0859277839e+02,1.0000000000e+00,2.0859277839e+02
2.3012983100e+02,1.0000000000e+00,2.3012983100e+02
2.4134899871e+02,1.0000000000e+00,2.4134899871e+02
2.4159246043e+02,1.0000000000e+00,2.4159246043e+02
2.3146448010e+02,1.0000000000e+00,2.3146448010e+02
2.1170489553e+02,1.0000000000e+00,2.1170489553e+02
1.8601477178e+02,1.0000000000e+00,1.8601477178e+02
1.6211568268e+02,1.0000000000e+00,1.6211568268e+02
1.4732594381e+02,1.0000000000e+00,1.4732594381e+02
1.4388235876e+02,1.0000000000e+00,1.4388235876e+02
1.5010098810e+02,1.0000000000e+00,1.5010098810e+02
1.6381318491e+02,1.0000000000e+00,1.6381318491e+02
1.8232588193e+02,1.0000000000e+00,1.8232588193e+02
2.0100100427e+02,1.0000000000e+00,2.0100100427e+02
2.1459335360e+02,1.0000000000e+00,2.1459335360e+02
2.2022410647e+02,1.0000000000e+00,2.2022410647e+02
2.1841321360e+02,1.0000000000e+00,2.1841321360e+02
2.1153188151e+02,1.0000000000e+00,2.1153188151e+02
2.0266040912e+02,1.0000000000e+00,2.0266040912e+02
1.9615109446e+02,1.0000000000e+00,1.9615109446e+02
1.9617402701e+02,1.0000000000e+00,1.9617402701e+02
2.0154797017e+02,1.0000000000e+00,2.0154797017e+02
2.0333008191e+02,1.0000000000e+00,2.0333008191e+02
1.9099455395e+02,1.0000000000e+00,1.9099455395e+02
1.6189948521e+02,1.0000000000e+00,1.6189948521e+02
1.2383242278e+02,1.0000000000e+00,1.2383242278e+02
8.8786314198e+01,1.0000000000e+00,8.8786314198e+01
6.5878553054e+01,1.0000000000e+00,6.5878553054e+01
6.0259813172e+01,1.0000000000e+00,6.0259813172e+01
7.5279979843e+01,1.0000000000e+00,7.5279979843e+01
1.1079192565e+02,1.0000000000e+00,1.1079192565e+02
1.5831318663e+02,1.0000000000e+00,1.5831318663e+02
2.0187547186e+02,1.0000000000e+00,2.0187547186e+02
2.2733549978e+02,1.0000000000e+00,2.2733549978e+02
2.3126899266e+02,1.0000000000e+00,2.3126899266e+02
2.2137644380e+02,1.0000000000e+00,2.2137644380e+02
2.0976750813e+02,1.0000000000e+00,2.0976750813e+02
2.0457051851e+02,1.0000000000e+00,2.0457051851e+02
2.0484933768e+02,1.0000000000e+00,2.0484933768e+02
2.0273772669e+02,1.0000000000e+00,2.0273772669e+02
1.9125696824e+02,1.0000000000e+00,1.9125696824e+02
1.6992742424e+02,1.0000000000e+00,1.6992742424e+02
1.4307216272e+02,1.0000000000e+00,1.4307216272e+02
1.1518193390e+02,1.0000000000e+00,1.1518193390e+02
9.0522188051e+01,1.0000000000e+00,9.0522188051e+01
7.5893736372e+01,1.0000000000e+00,7.5893736372e+01
7.8820966508e+01,1.0000000000e+00,7.8820966508e+01
1.0015680227e+02,1.0000000000e+00,1.0015680227e+02
1.3041233243e+02,1.0000000000e+00,1.3041233243e+02
1.5616868298e+02,1.0000000000e+00,1.5616868298e+02
1.6969129337e+02,1.0000000000e+00,1.6969129337e+02
1.7064755633e+02,1.0000000000e+00,1.7064755633e+02
1.6069095405e+02,1.0000000000e+00,1.6069095405e+02
1.4106145759e+02,1.0000000000e+00,1.4106145759e+02
1.1541793065e+02,1.0000000000e+00,1.1541793065e+02
9.0272682528e+01,1.0000000000e+00,9.0272682528e+01
7.0446039275e+01,1.0000000000e+00,7.0446039275e+01
5.5769828395e+01,1.0000000000e+00,5.5769828395e+01
4.3192361038e+01,1.0000000000e+00,4.3192361038e+01
3.7022023747e+01,1.0000000000e+00,3.7022023747e+01
3.0851686456e+01,1.0000000000e+00,3.0851686456e+01
2.4681349165e+01,1.0000000000e+00,2.4681349165e+01
3.1142481236e+01,1.0000000000e+00,3.1142481236e+01
4.8002800905e+01,1.0000000000e+00,4.8002800905e+01
6.4207741796e+01,1.0000000000e+00,6.4207741796e+01
7.1288689773e+01,1.0000000000e+00,7.1288689773e+01
6.6336742501e+01,1.0000000000e+00,6.6336742501e+01
5.4498808850e+01,1.0000000000e+00,5.4498808850e+01
4.5663072950e+01,1.0000000000e+00,4.5663072950e+01
6.1476462942e+01,1.0000000000e+00,6.1476462942e+01
7.7766610586e+01,1.0000000000e+00,7.7766610586e+01
9.4533515880e+01,1.0000000000e+00,9.4533515880e+01
1.1177717882e+02,1.0000000000e+00,1.1177717882e+02
1.2500000000e+02,1.0000000000e+00,1.2500000000e+02
1.1171313968e+02,1.0000000000e+00,1.1171313968e+02
9.4399539246e+01,1.0000000000e+00,9.4399539246e+01
7.7555955500e+01,1.0000000000e+00,7.7555955500e+01
6.1182388443e+01,1.0000000000e+00,6.1182388443e+01
4.5278838074e+01,1.0000000000e+00,4.5278838074e+01
5.4351130819e+01,1.0000000000e+00,5.4351130819e+01
7.9981156890e+01,1.0000000000e+00,7.9981156890e+01
1.1250224289e+02,1.0000000000e+00,1.1250224289e+02
1.3567977381e+02,1.0000000000e+00,1.3567977381e+02
1.3718042715e+02,1.0000000000e+00,1.3718042715e+02
1.1816477636e+02,1.0000000000e+00,1.1816477636e+02
9.4416823184e+01,1.0000000000e+00,9.4416823184e+01
8.6758599948e+01,1.0000000000e+00,8.6758599948e+01
1.0537424747e+02,1.0000000000e+00,1.0537424747e+02
1.4062496061e+02,1.0000000000e+00,1.4062496061e+02
1.7114437534e+02,1.0000000000e+00,1.7114437534e+02
1.8240889728e+02,1.0000000000e+00,1.8240889728e+02
1.7699887562e+02,1.0000000000e+00,1.7699887562e+02
1.6849831574e+02,1.0000000000e+00,1.6849831574e+02
1.6830183000e+02,1.0000000000e+00,1.6830183000e+02
1.7838710471e+02,1.0000000000e+00,1.7838710471e+02
1.9385404699e+02,1.0000000000e+00,1.9385404699e+02
2.0879080543e+02,1.0000000000e+00,2.0879080543e+02
2.1875188242e+02,1.0000000000e+00,2.1875188242e+02
2.2065113751e+02,1.0000000000e+00,2.2065113751e+02
2.1393189920e+02,1.0000000000e+00,2.1393189920e+02
2.0264086216e+02,1.0000000000e+00,2.0264086216e+02
1.9452469164e+02,1.0000000000e+00,1.9452469164e+02
1.9583879711e+02,1.0000000000e+00,1.9583879711e+02
2.0641212019e+02,1.0000000000e+00,2.0641212019e+02
2.2030096685e+02,1.0000000000e+00,2.2030096685e+02
2.3077856281e+02,1.0000000000e+00,2.3077856281e+02
2.3399896549e+02,1.0000000000e+00,2.3399896549e+02
2.2924255206e+02,1.0000000000e+00,2.2924255206e+02
2.1831662859e+02,1.0000000000e+00,2.1831662859e+02
2.0572459440e+02,1.0000000000e+00,2.0572459440e+02
1.9738517838e+02,1.0000000000e+00,1.9738517838e+02
1.9634077371e+02,1.0000000000e+00,1.9634077371e+02
1.9965783423e+02,1.0000000000e+00,1.9965783423e+02
2.0164868220e+02,1.0000000000e+00,2.0164868220e+02
2.0026321225e+02,1.0000000000e+00,2.0026321225e+02
1.9843177792e+02,1.0000000000e+00,1.9843177792e+02
1.9927453768e+02,1.0000000000e+00,1.9927453768e+02
2.0231511865e+02,1.0000000000e+00,2.0231511865e+02
2.0490878754e+02,1.0000000000e+00,2.0490878754e+02
2.0523004327e+02,1.0000000000e+00,2.0523004327e+02
2.0264283624e+02,1.0000000000e+00,2.0264283624e+02
1.9671641906e+02,1.0000000000e+00,1.9671641906e+02
1.8762137221e+02,1.0000000000e+00,1.8762137221e+02
1.7681307194e+02,1.0000000000e+00,1.7681307194e+02
1.6550284768e+02,1.0000000000e+00,1.6550284768e+02
1.5255421695e+02,1.0000000000e+00,1.5255421695e+02
1.3567087479e+02,1.0000000000e+00,1.3567087479e+02
1.1493981666e+02,1.0000000000e+00,1.1493981666e+02
9.3759833617e+01,1.0000000000e+00,9.3759833617e+01
7.5714783988e+01,1.0000000000e+00,7.5714783988e+01
6.1411235768e+01,1.0000000000e+00,6.1411235768e+01
4.9049680503e+01,1.0000000000e+00,4.9049680503e+01
3.7393232720e+01,1.0000000000e+00,3.7393232720e+01
3.2051342332e+01,1.0000000000e+00,3.2051342332e+01
2.6709451943e+01,1.0000000000e+00,2.6709451943e+01
2.1367561555e+01,1.0000000000e+00,2.1367561555e+01
1.6025671166e+01,1.0000000000e+00,1.6025671166e+01
1.0683780777e+01,1.0000000000e+00,1.0683780777e+01
5.3418903886e+00,1.0000000000e+00,5.3418903886e+00
0.0000000000e+00,1.0000000000e+00,0.0000000000e+00
0.0000000000e+00,1.0000000000e+00,0.0000000000e+00
0.0000000000e+00,1.0000000000e+00,0.0000000000e+00
0.0000000000e+00,1.0000000000e+00,0.0000000000e+00
1.2819875365e+01,1.0000000000e+00,1.2819875365e+01
2.5639750729e+01,1.0000000000e+00,2.5639750729e+01
3.8459626094e+01,1.0000000000e+00,3.8459626094e+01
7.3181848316e+01,1.0000000000e+00,7.3181848316e+01
1.0416666667e+02,1.0000000000e+00,1.0416666667e+02
1.2500000000e+02,1.0000000000e+00,1.2500000000e+02
1.0416666667e+02,1.0000000000e+00,1.0416666667e+02
7.7068416866e+01,1.0000000000e+00,7.7068416866e+01
5.0674555821e+01,1.0000000000e+00,5.0674555821e+01
4.3435333561e+01,1.0000000000e+00,4.3435333561e+01
3.6196111301e+01,1.0000000000e+00,3.6196111301e+01
2.8956889040e+01,1.0000000000e+00,2.8956889040e+01
2.8912966991e+01,1.0000000000e+00,2.8912966991e+01
5.5403813293e+01,1.0000000000e+00,5.5403813293e+01
9.4757790448e+01,1.0000000000e+00,9.4757790448e+01
1.3762752976e+02,1.0000000000e+00,1.3762752976e+02
1.7392396922e+02,1.0000000000e+00,1.7392396922e+02
1.9944772753e+02,1.0000000000e+00,1.9944772753e+02
2.1516520329e+02,1.0000000000e+00,2.1516520329e+02
2.2128145403e+02,1.0000000000e+00,2.2128145403e+02
2.1473586677e+02,1.0000000000e+00,2.1473586677e+02
1.9451562035e+02,1.0000000000e+00,1.9451562035e+02
1.6914493159e+02,1.0000000000e+00,1.6914493159e+02
1.5513882310e+02,1.0000000000e+00,1.5513882310e+02
1.6372347444e+02,1.0000000000e+00,1.6372347444e+02
1.8949463517e+02,1.0000000000e+00,1.8949463517e+02
2.1480257942e+02,1.0000000000e+00,2.1480257942e+02
2.2447377850e+02,1.0000000000e+00,2.2447377850e+02
2.1558125139e+02,1.0000000000e+00,2.1558125139e+02
1.9682433864e+02,1.0000000000e+00,1.9682433864e+02
1.8172883161e+02,1.0000000000e+00,1.8172883161e+02
1.7999665709e+02,1.0000000000e+00,1.7999665709e+02
1.9142620079e+02,1.0000000000e+00,1.9142620079e+02
2.0770805712e+02,1.0000000000e+00,2.0770805712e+02
2.2066168080e+02,1.0000000000e+00,2.2066168080e+02
2.2763137334e+02,1.0000000000e+00,2.2763137334e+02
2.2924549239e+02,1.0000000000e+00,2.2924549239e+02
2.2519643866e+02,1.0000000000e+00,2.2519643866e+02
2.3224820883e+02,1.0000000000e+00,2.1819462187e+02
2.0789034025e+02,1.0000000000e+00,2.0176539721e+02
1.6276456236e+02,1.0000000000e+00,1.8345666187e+02
1.6378357283e+02,1.0000000000e+00,1.8179835077e+02
2.1686354612e+02,1.0000000000e+00,1.9863798011e+02
2.4151518733e+02,1.0000000000e+00,2.1377979871e+02
1.9999278980e+02,1.0000000000e+00,2.1407348088e+02
1.8225375406e+02,1.0000000000e+00,2.1397442015e+02
2.3653602198e+02,1.0000000000e+00,2.2334334698e+02
2.5461446300e+02,1.0000000000e+00,2.2368433144e+02
1.9494519017e+02,1.0000000000e+00,2.1028900077e+02
1.8044383320e+02,1.0000000000e+00,2.0936778008e+02
2.4582839514e+02,1.0000000000e+00,2.2650115071e+02
2.5831271002e+02,1.0000000000e+00,2.3156574199e+02
1.9308012465e+02,1.0000000000e+00,2.1600245738e+02
1.8179514620e+02,1.0000000000e+00,2.0481662926e+02
2.2059147714e+02,1.0000000000e+00,1.9868722004e+02
1.9882169960e+02,1.0000000000e+00,1.7793787609e+02
1.3189408602e+02,1.0000000000e+00,1.4744176964e+02
1.0254504538e+02,1.0000000000e+00,1.2520865504e+02
1.1881019087e+02,1.0000000000e+00,1.1442491173e+02
1.2877345595e+02,1.0000000000e+00,1.0518277113e+02
1.0055899433e+02,1.0000000000e+00,9.0070545117e+01
5.7735879549e+01,1.0000000000e+00,7.4126796511e+01
5.0110404960e+01,1.0000000000e+00,7.1867867007e+01
9.1351881226e+01,1.0000000000e+00,9.2433876583e+01
1.4410639867e+02,1.0000000000e+00,1.2994492760e+02
1.7971091098e+02,1.0000000000e+00,1.7156044722e+02
2.0642646576e+02,1.0000000000e+00,2.0687327150e+02
2.2609930683e+02,1.0000000000e+00,2.2743850937e+02
2.3106733584e+02,1.0000000000e+00,2.3131443269e+02
2.2581905552e+02,1.0000000000e+00,2.2581905552e+02
2.2050798719e+02,1.0000000000e+00,2.2050798719e+02
2.2019332964e+02,1.0000000000e+00,2.2019332964e+02
2.2397591558e+02,1.0000000000e+00,2.2397591558e+02
2.2846731096e+02,1.0000000000e+00,2.2846731096e+02
2.3122095446e+02,1.0000000000e+00,2.3122095446e+02
2.3185518994e+02,1.0000000000e+00,2.3185518994e+02
2.3127334913e+02,1.0000000000e+00,2.3127334913e+02
2.3051600973e+02,1.0000000000e+00,2.3051600973e+02
2.3013183813e+02,1.0000000000e+00,2.3013183813e+02
2.3013219226e+02,1.0000000000e+00,2.3013219226e+02
2.3024303582e+02,1.0000000000e+00,2.3024303582e+02
2.3018867808e+02,1.0000000000e+00,2.3018867808e+02
2.2988448907e+02,1.0000000000e+00,2.2988448907e+02
2.2949025709e+02,1.0000000000e+00,2.2949025709e+02
2.2928345927e+02,1.0000000000e+00,2.2928345927e+02
2.2941638581e+02,1.0000000000e+00,2.2941638581e+02
2.2978775510e+02,1.0000000000e+00,2.2978775510e+02
2.3016669228e+02,1.0000000000e+00,2.3016669228e+02
2.3040174063e+02,1.0000000000e+00,2.3040174063e+02
2.3048890838e+02,1.0000000000e+00,2.3048890838e+02
2.3049139135e+02,1.0000000000e+00,2.3049139135e+02
2.3043995659e+02,1.0000000000e+00,2.3043995659e+02
2.3030766682e+02,1.0000000000e+00,2.3030766682e+02
2.3007577519e+02,1.0000000000e+00,2.3007577519e+02
2.2984286804e+02,1.0000000000e+00,2.2984286804e+02
2.2987549276e+02,1.0000000000e+00,2.2987549276e+02
2.3048026031e+02,1.0000000000e+00,2.3048026031e+02
2.3165136323e+02,1.0000000000e+00,2.3165136323e+02
2.3265234869e+02,1.0000000000e+00,2.3265234869e+02
2.3195411374e+02,1.0000000000e+00,2.3195411374e+02
2.2801991717e+02,1.0000000000e+00,2.2801991717e+02
2.2093849755e+02,1.0000000000e+00,2.2093849755e+02
2.1365669737e+02,1.0000000000e+00,2.1365669737e+02
2.1070375523e+02,1.0000000000e+00,2.1070375523e+02
2.1443526675e+02,1.0000000000e+00,2.1443526675e+02
2.2257361278e+02,1.0000000000e+00,2.2257361278e+02
2.2987231171e+02,1.0000000000e+00,2.2987231171e+02
2.3166601228e+02,1.0000000000e+00,2.3166601228e+02
2.2592092497e+02,1.0000000000e+00,2.2592092497e+02
2.1348036983e+02,1.0000000000e+00,2.1348036983e+02
1.9723857515e+02,1.0000000000e+00,1.9723857515e+02
1.7999065783e+02,1.0000000000e+00,1.7999065783e+02
1.6197480000e+02,1.0000000000e+00,1.6197480000e+02
1.4115477474e+02,1.0000000000e+00,1.4115477474e+02
1.1679500988e+02,1.0000000000e+00,1.1679500988e+02
9.2097361615e+01,1.0000000000e+00,9.2097361615e+01
7.2292206245e+01,1.0000000000e+00,7.2292206245e+01
6.0233471126e+01,1.0000000000e+00,6.0233471126e+01
5.4381396425e+01,1.0000000000e+00,5.4381396425e+01
5.0870461137e+01,1.0000000000e+00,5.0870461137e+01
4.6931964361e+01,1.0000000000e+00,4.6931964361e+01
4.2360397882e+01,1.0000000000e+00,4.2360397882e+01
3.8462684794e+01,1.0000000000e+00,3.8462684794e+01
3.6314279231e+01,1.0000000000e+00,3.6314279231e+01
3.5938328013e+01,1.0000000000e+00,3.5938328013e+01
3.6271638935e+01,1.0000000000e+00,3.6271638935e+01
3.5409790155e+01,1.0000000000e+00,3.5409790155e+01
3.1803302170e+01,1.0000000000e+00,3.1803302170e+01
2.6475268932e+01,1.0000000000e+00,2.6475268932e+01
1.8960374997e+01,1.0000000000e+00,1.8960374997e+01
3.0405856060e+01,1.0000000000e+00,3.0405856060e+01
4.8972828258e+01,1.0000000000e+00,4.8972828258e+01
7.7907777148e+01,1.0000000000e+00,7.7907777148e+01
1.1153275576e+02,1.0000000000e+00,1.1153275576e+02
1.4407994103e+02,1.0000000000e+00,1.4407994103e+02
1.7203985252e+02,1.0000000000e+00,1.7203985252e+02
1.9339898812e+02,1.0000000000e+00,1.9339898812e+02
2.0672290821e+02,1.0000000000e+00,2.0672290821e+02
2.1238463710e+02,1.0000000000e+00,2.1238463710e+02
2.1373520370e+02,1.0000000000e+00,2.1373520370e+02
2.1540062401e+02,1.0000000000e+00,2.1540062401e+02
2.1968673405e+02,1.0000000000e+00,2.1968673405e+02
2.2486574741e+02,1.0000000000e+00,2.2486574741e+02
2.2730626295e+02,1.0000000000e+00,2.2730626295e+02
2.2522610958e+02,1.0000000000e+00,2.2522610958e+02
2.2049850663e+02,1.0000000000e+00,2.2049850663e+02
2.1707173828e+02,1.0000000000e+00,2.1707173828e+02
2.1758077786e+02,1.0000000000e+00,2.1758077786e+02
2.2161874684e+02,1.0000000000e+00,2.2161874684e+02
2.2723883839e+02,1.0000000000e+00,2.2723883839e+02
2.3307396081e+02,1.0000000000e+00,2.3307396081e+02
2.3806988892e+02,1.0000000000e+00,2.3806988892e+02
2.3950057117e+02,1.0000000000e+00,2.3950057117e+02
2.3244153973e+02,1.0000000000e+00,2.3244153973e+02
2.1300743623e+02,1.0000000000e+00,2.1300743623e+02
1.8401528210e+02,1.0000000000e+00,1.8401528210e+02
1.5727783498e+02,1.0000000000e+00,1.5727783498e+02
1.4731211365e+02,1.0000000000e+00,1.4731211365e+02
1.6009767158e+02,1.0000000000e+00,1.6009767158e+02
1.8796552986e+02,1.0000000000e+00,1.8796552986e+02
2.1609648042e+02,1.0000000000e+00,2.1609648042e+02
2.3358593989e+02,1.0000000000e+00,2.3358593989e+02
2.3869821881e+02,1.0000000000e+00,2.3869821881e+02
2.3610404453e+02,1.0000000000e+00,2.3610404453e+02
2.3141073756e+02,1.0000000000e+00,2.3141073756e+02
2.2792886853e+02,1.0000000000e+00,2.2792886853e+02
2.2648786439e+02,1.0000000000e+00,2.2648786439e+02
2.2660358471e+02,1.0000000000e+00,2.2660358471e+02
2.2745196882e+02,1.0000000000e+00,2.2745196882e+02
2.2839798855e+02,1.0000000000e+00,2.2839798855e+02
2.2934293264e+02,1.0000000000e+00,2.2934293264e+02
2.3065454799e+02,1.0000000000e+00,2.3065454799e+02
2.3231428570e+02,1.0000000000e+00,2.3231428570e+02
2.3255030685e+02,1.0000000000e+00,2.3255030685e+02
2.2703230952e+02,1.0000000000e+00,2.2703230952e+02
2.1053364544e+02,1.0000000000e+00,2.1053364544e+02
1.8204615954e+02,1.0000000000e+00,1.8204615954e+02
1.4947847897e+02,1.0000000000e+00,1.4947847897e+02
1.2668145357e+02,1.0000000000e+00,1.2668145357e+02
1.2207187447e+02,1.0000000000e+00,1.2207187447e+02
1.2942307680e+02,1.0000000000e+00,1.2942307680e+02
1.3199220695e+02,1.0000000000e+00,1.3199220695e+02
1.1726972220e+02,1.0000000000e+00,1.1726972220e+02
8.7743279977e+01,1.0000000000e+00,8.7743279977e+01
5.8701672667e+01,1.0000000000e+00,5.8701672667e+01
4.7504258497e+01,1.0000000000e+00,4.7504258497e+01
6.2568266999e+01,1.0000000000e+00,6.2568266999e+01
9.7533276433e+01,1.0000000000e+00,9.7533276433e+01
1.3482701735e+02,1.0000000000e+00,1.3482701735e+02
1.5821835539e+02,1.0000000000e+00,1.5821835539e+02
1.6427334066e+02,1.0000000000e+00,1.6427334066e+02
1.6159034016e+02,1.0000000000e+00,1.6159034016e+02
1.5996294091e+02,1.0000000000e+00,1.5996294091e+02
1.6224221988e+02,1.0000000000e+00,1.6224221988e+02
1.6607992545e+02,1.0000000000e+00,1.6607992545e+02
1.6975518203e+02,1.0000000000e+00,1.6975518203e+02
1.7314206558e+02,1.0000000000e+00,1.7314206558e+02
1.7486327030e+02,1.0000000000e+00,1.7486327030e+02
1.7303806275e+02,1.0000000000e+00,1.7303806275e+02
1.6928354652e+02,1.0000000000e+00,1.6928354652e+02
1.6847494791e+02,1.0000000000e+00,1.6847494791e+02
1.7302152170e+02,1.0000000000e+00,1.7302152170e+02
1.7940231286e+02,1.0000000000e+00,1.7940231286e+02
1.8194011438e+02,1.0000000000e+00,1.8194011438e+02
1.7833749883e+02,1.0000000000e+00,1.7833749883e+02
1.6987541956e+02,1.0000000000e+00,1.6987541956e+02
1.5879082994e+02,1.0000000000e+00,1.5879082994e+02
1.4861444954e+02,1.0000000000e+00,1.4861444954e+02
1.4471721312e+02,1.0000000000e+00,1.4471721312e+02
1.5003611703e+02,1.0000000000e+00,1.5003611703e+02
1.6080851804e+02,1.0000000000e+00,1.6080851804e+02
1.6976118326e+02,1.0000000000e+00,1.6976118326e+02
1.7268168338e+02,1.0000000000e+00,1.7268168338e+02
1.6962710071e+02,1.0000000000e+00,1.6962710071e+02
1.6246348565e+02,1.0000000000e+00,1.6246348565e+02
1.5496877980e+02,1.0000000000e+00,1.5496877980e+02
1.5290200844e+02,1.0000000000e+00,1.5290200844e+02
1.5930814717e+02,1.0000000000e+00,1.5930814717e+02
1.7049289403e+02,1.0000000000e+00,1.7049289403e+02
1.8006755323e+02,1.0000000000e+00,1.8006755323e+02
1.8574034545e+02,1.0000000000e+00,1.8574034545e+02
1.8859469098e+02,1.0000000000e+00,1.8859469098e+02
1.8785338146e+02,1.0000000000e+00,1.8785338146e+02
1.8161109495e+02,1.0000000000e+00,1.8161109495e+02
1.7185702566e+02,1.0000000000e+00,1.7185702566e+02
1.6377968805e+02,1.0000000000e+00,1.6377968805e+02
1.6008913878e+02,1.0000000000e+00,1.6008913878e+02
1.5999685357e+02,1.0000000000e+00,1.5999685357e+02
1.6348667218e+02,1.0000000000e+00,1.6348667218e+02
1.7188889517e+02,1.0000000000e+00,1.7188889517e+02
1.8332016157e+02,1.0000000000e+00,1.8332016157e+02
1.9177579685e+02,1.0000000000e+00,1.9177579685e+02
1.9213893503e+02,1.0000000000e+00,1.9213893503e+02
1.8350014017e+02,1.0000000000e+00,1.8350014017e+02
1.6802692797e+02,1.0000000000e+00,1.6802692797e+02
1.4963779692e+02,1.0000000000e+00,1.4963779692e+02
1.3358265240e+02,1.0000000000e+00,1.3358265240e+02
1.2519662063e+02,1.0000000000e+00,1.2519662063e+02
1.2854366449e+02,1.0000000000e+00,1.2854366449e+02
1.4521379461e+02,1.0000000000e+00,1.4521379461e+02
1.7126853411e+02,1.0000000000e+00,1.7126853411e+02
1.9454102874e+02,1.0000000000e+00,1.9454102874e+02
1.9941009178e+02,1.0000000000e+00,1.9941009178e+02
1.7924216107e+02,1.0000000000e+00,1.7924216107e+02
1.4493506397e+02,1.0000000000e+00,1.4493506397e+02
1.1910074504e+02,1.0000000000e+00,1.1910074504e+02
1.1945806149e+02,1.0000000000e+00,1.1945806149e+02
1.4622006792e+02,1.0000000000e+00,1.4622006792e+02
1.8437309179e+02,1.0000000000e+00,1.8437309179e+02
2.1674379670e+02,1.0000000000e+00,2.1674379670e+02
2.3489240760e+02,1.0000000000e+00,2.3489240760e+02
2.4037750226e+02,1.0000000000e+00,2.4037750226e+02
2.3888622846e+02,1.0000000000e+00,2.3888622846e+02
2.3376336607e+02,1.0000000000e+00,2.3376336607e+02
2.2343397643e+02,1.0000000000e+00,2.2343397643e+02
2.0341510028e+02,1.0000000000e+00,2.0341510028e+02
1.7121394691e+02,1.0000000000e+00,1.7121394691e+02
1.3074862521e+02,1.0000000000e+00,1.3074862521e+02
9.1667832761e+01,1.0000000000e+00,9.1667832761e+01
6.2828744348e+01,1.0000000000e+00,6.2828744348e+01
4.6403080370e+01,1.0000000000e+00,4.6403080370e+01
3.8391571114e+01,1.0000000000e+00,3.8391571114e+01
3.3509838707e+01,1.0000000000e+00,3.3509838707e+01
2.9430507169e+01,1.0000000000e+00,2.9430507169e+01
2.8101040666e+01,1.0000000000e+00,2.8101040666e+01
3.3731245980e+01,1.0000000000e+00,3.3731245980e+01
4.8191635516e+01,1.0000000000e+00,4.8191635516e+01
6.7086729087e+01,1.0000000000e+00,6.7086729087e+01
8.0703178259e+01,1.0000000000e+00,8.0703178259e+01
8.0410648561e+01,1.0000000000e+00,8.0410648561e+01
6.6046522814e+01,1.0000000000e+00,6.6046522814e+01
4.8494260755e+01,1.0000000000e+00,4.8494260755e+01
4.4605053384e+01,1.0000000000e+00,4.4605053384e+01
6.6501450929e+01,1.0000000000e+00,6.6501450929e+01
1.1213797196e+02,1.0000000000e+00,1.1213797196e+02
1.6522723119e+02,1.0000000000e+00,1.6522723119e+02
2.0605490334e+02,1.0000000000e+00,2.0605490334e+02
2.2396267896e+02,1.0000000000e+00,2.2396267896e+02
2.2068094177e+02,1.0000000000e+00,2.2068094177e+02
2.0473206181e+02,1.0000000000e+00,2.0473206181e+02
1.8541654821e+02,1.0000000000e+00,1.8541654821e+02
1.7060632842e+02,1.0000000000e+00,1.7060632842e+02
1.6481773979e+02,1.0000000000e+00,1.6481773979e+02
1.6485531772e+02,1.0000000000e+00,1.6485531772e+02
1.5913798545e+02,1.0000000000e+00,1.5913798545e+02
1.3829351670e+02,1.0000000000e+00,1.3829351670e+02
1.0946194825e+02,1.0000000000e+00,1.0946194825e+02
9.5201116251e+01,1.0000000000e+00,9.5201116251e+01
1.1303497080e+02,1.0000000000e+00,1.1303497080e+02
1.5669315315e+02,1.0000000000e+00,1.5669315315e+02
1.9987317013e+02,1.0000000000e+00,1.9987317013e+02
2.1803929375e+02,1.0000000000e+00,2.1803929375e+02
2.0660588647e+02,1.0000000000e+00,2.0660588647e+02
1.8156098563e+02,1.0000000000e+00,1.8156098563e+02
1.6531904472e+02,1.0000000000e+00,1.6531904472e+02
1.7038176299e+02,1.0000000000e+00,1.7038176299e+02
1.9335393515e+02,1.0000000000e+00,1.9335393515e+02
2.2164047947e+02,1.0000000000e+00,2.2164047947e+02
2.4318776132e+02,1.0000000000e+00,2.4318776132e+02
2.5000000000e+02,1.0000000000e+00,2.5000000000e+02
2.3685105683e+02,1.0000000000e+00,2.3685105683e+02
2.0258098041e+02,1.0000000000e+00,2.0258098041e+02
1.5580965024e+02,1.0000000000e+00,1.5580965024e+02
1.1685041519e+02,1.0000000000e+00,1.1685041519e+02
1.0684483999e+02,1.0000000000e+00,1.0684483999e+02
1.2928229540e+02,1.0000000000e+00,1.2928229540e+02
1.6259350328e+02,1.0000000000e+00,1.6259350328e+02
1.7556660863e+02,1.0000000000e+00,1.7556660863e+02
1.5420335154e+02,1.0000000000e+00,1.5420335154e+02
1.1460540027e+02,1.0000000000e+00,1.1460540027e+02
8.8988239507e+01,1.0000000000e+00,8.8988239507e+01
9.8711177198e+01,1.0000000000e+00,9.8711177198e+01
1.3940030656e+02,1.0000000000e+00,1.3940030656e+02
1.8852113678e+02,1.0000000000e+00,1.8852113678e+02
2.2448981698e+02,1.0000000000e+00,2.2448981698e+02
2.3972696801e+02,1.0000000000e+00,2.3972696801e+02
2.3993915590e+02,1.0000000000e+00,2.3993915590e+02
2.3503358213e+02,1.0000000000e+00,2.3503358213e+02
2.3102906117e+02,1.0000000000e+00,2.3102906117e+02
2.2755767815e+02,1.0000000000e+00,2.2755767815e+02
2.1998628340e+02,1.0000000000e+00,2.1998628340e+02
2.0332678358e+02,1.0000000000e+00,2.0332678358e+02
1.7599989613e+02,1.0000000000e+00,1.7599989613e+02
1.4193086626e+02,1.0000000000e+00,1.4193086626e+02
1.0896191089e+02,1.0000000000e+00,1.0896191089e+02
8.3962707356e+01,1.0000000000e+00,8.3962707356e+01
6.9090589059e+01,1.0000000000e+00,6.9090589059e+01
6.2157478336e+01,1.0000000000e+00,6.2157478336e+01
5.9004265655e+01,1.0000000000e+00,5.9004265655e+01
5.5637110313e+01,1.0000000000e+00,5.5637110313e+01
5.0189404893e+01,1.0000000000e+00,5.0189404893e+01
4.3759831100e+01,1.0000000000e+00,4.3759831100e+01
3.8818819594e+01,1.0000000000e+00,3.8818819594e+01
3.6842872672e+01,1.0000000000e+00,3.6842872672e+01
3.7687681417e+01,1.0000000000e+00,3.7687681417e+01
4.0311274786e+01,1.0000000000e+00,4.0311274786e+01
4.3124233707e+01,1.0000000000e+00,4.3124233707e+01
4.4284550607e+01,1.0000000000e+00,4.4284550607e+01
4.3385137153e+01,1.0000000000e+00,4.3385137153e+01
4.3646867708e+01,1.0000000000e+00,4.3646867708e+01
5.1320660623e+01,1.0000000000e+00,5.1320660623e+01
7.1246287317e+01,1.0000000000e+00,7.1246287317e+01
1.0257640000e+02,1.0000000000e+00,1.0257640000e+02
1.3898659054e+02,1.0000000000e+00,1.3898659054e+02
1.7253581929e+02,1.0000000000e+00,1.7253581929e+02
1.9767959027e+02,1.0000000000e+00,1.9767959027e+02
2.1343541477e+02,1.0000000000e+00,2.1343541477e+02
2.2260399308e+02,1.0000000000e+00,2.2260399308e+02
2.2833999904e+02,1.0000000000e+00,2.2833999904e+02
2.3120859716e+02,1.0000000000e+00,2.3120859716e+02
2.2947159234e+02,1.0000000000e+00,2.2947159234e+02
2.2192791434e+02,1.0000000000e+00,2.2192791434e+02
2.1070060793e+02,1.0000000000e+00,2.1070060793e+02
2.0120339680e+02,1.0000000000e+00,2.0120339680e+02
1.9819028281e+02,1.0000000000e+00,1.9819028281e+02
2.0130703925e+02,1.0000000000e+00,2.0130703925e+02
2.0550854696e+02,1.0000000000e+00,2.0550854696e+02
2.0610894837e+02,1.0000000000e+00,2.0610894837e+02
2.0267910770e+02,1.0000000000e+00,2.0267910770e+02
1.9864000753e+02,1.0000000000e+00,1.9864000753e+02
1.9835702786e+02,1.0000000000e+00,1.9835702786e+02
2.0400352079e+02,1.0000000000e+00,2.0400352079e+02
2.1389479609e+02,1.0000000000e+00,2.1389479609e+02
2.2394994022e+02,1.0000000000e+00,2.2394994022e+02
2.3108954465e+02,1.0000000000e+00,2.3108954465e+02
2.3487380420e+02,1.0000000000e+00,2.3487380420e+02
2.3605765696e+02,1.0000000000e+00,2.3605765696e+02
2.3435490085e+02,1.0000000000e+00,2.3435490085e+02
2.2814316450e+02,1.0000000000e+00,2.2814316450e+02
2.1684849229e+02,1.0000000000e+00,2.1684849229e+02
2.0401089811e+02,1.0000000000e+00,2.0401089811e+02
1.9688706646e+02,1.0000000000e+00,1.9688706646e+02
2.0033440744e+02,1.0000000000e+00,2.0033440744e+02
2.0983929257e+02,1.0000000000e+00,2.0983929257e+02
2.1247875492e+02,1.0000000000e+00,2.1247875492e+02
1.9729907567e+02,1.0000000000e+00,1.9729907567e+02
1.6594459222e+02,1.0000000000e+00,1.6594459222e+02
1.3314235961e+02,1.0000000000e+00,1.3314235961e+02
1.1576472963e+02,1.0000000000e+00,1.1576472963e+02
1.2039534410e+02,1.0000000000e+00,1.2039534410e+02
1.4094039958e+02,1.0000000000e+00,1.4094039958e+02
1.6645791491e+02,1.0000000000e+00,1.6645791491e+02
1.8934046893e+02,1.0000000000e+00,1.8934046893e+02
2.0712965179e+02,1.0000000000e+00,2.0712965179e+02
2.1974991654e+02,1.0000000000e+00,2.1974991654e+02
2.2680735798e+02,1.0000000000e+00,2.2680735798e+02
2.2719679019e+02,1.0000000000e+00,2.2719679019e+02
2.2050802972e+02,1.0000000000e+00,2.2050802972e+02
2.0873554031e+02,1.0000000000e+00,2.0873554031e+02
1.9685139550e+02,1.0000000000e+00,1.9685139550e+02
1.9090925671e+02,1.0000000000e+00,1.9090925671e+02
1.9406767761e+02,1.0000000000e+00,1.9406767761e+02
2.0413276305e+02,1.0000000000e+00,2.0413276305e+02
2.1554309116e+02,1.0000000000e+00,2.1554309116e+02
2.2352598137e+02,1.0000000000e+00,2.2352598137e+02
2.2616237334e+02,1.0000000000e+00,2.2616237334e+02
2.2368663582e+02,1.0000000000e+00,2.2368663582e+02
2.1729720679e+02,1.0000000000e+00,2.1729720679e+02
2.0879000970e+02,1.0000000000e+00,2.0879000970e+02
2.0037894201e+02,1.0000000000e+00,2.0037894201e+02
1.9412872798e+02,1.0000000000e+00,1.9412872798e+02
1.9131152769e+02,1.0000000000e+00,1.9131152769e+02
1.9139880637e+02,1.0000000000e+00,1.9139880637e+02
1.9052450254e+02,1.0000000000e+00,1.9052450254e+02
1.8190076602e+02,1.0000000000e+00,1.8190076602e+02
1.6045925198e+02,1.0000000000e+00,1.6045925198e+02
1.2810824305e+02,1.0000000000e+00,1.2810824305e+02
9.3101342698e+01,1.0000000000e+00,9.3101342698e+01
6.3670124720e+01,1.0000000000e+00,6.3670124720e+01
4.3116785018e+01,1.0000000000e+00,4.3116785018e+01
3.6957244301e+01,1.0000000000e+00,3.6957244301e+01
3.0797703584e+01,1.0000000000e+00,3.0797703584e+01
2.4638162867e+01,1.0000000000e+00,2.4638162867e+01
1.8478622150e+01,1.0000000000e+00,1.8478622150e+01
1.2319081434e+01,1.0000000000e+00,1.2319081434e+01
9.1863112787e+00,1.0000000000e+00,9.1863112787e+00
1.8372622557e+01,1.0000000000e+00,1.8372622557e+01
2.7558933836e+01,1.0000000000e+00,2.7558933836e+01
3.9557070855e+01,1.0000000000e+00,3.9557070855e+01
5.4309353755e+01,1.0000000000e+00,5.4309353755e+01
6.8921265046e+01,1.0000000000e+00,6.8921265046e+01
8.0270672614e+01,1.0000000000e+00,8.0270672614e+01
8.6255625819e+01,1.0000000000e+00,8.6255625819e+01
8.7016174408e+01,1.0000000000e+00,8.7016174408e+01
8.6824405675e+01,1.0000000000e+00,8.6824405675e+01
9.4401842044e+01,1.0000000000e+00,9.4401842044e+01
1.1690473381e+02,1.0000000000e+00,1.1690473381e+02
1.5041855845e+02,1.0000000000e+00,1.5041855845e+02
1.7943557072e+02,1.0000000000e+00,1.7943557072e+02
1.8983702010e+02,1.0000000000e+00,1.8983702010e+02
1.8208054297e+02,1.0000000000e+00,1.8208054297e+02
1.6979385180e+02,1.0000000000e+00,1.6979385180e+02
1.6601173538e+02,1.0000000000e+00,1.6601173538e+02
1.7284011339e+02,1.0000000000e+00,1.7284011339e+02
1.8405896954e+02,1.0000000000e+00,1.8405896954e+02
1.9404656071e+02,1.0000000000e+00,1.9404656071e+02
2.0211255759e+02,1.0000000000e+00,2.0211255759e+02
2.0994381056e+02,1.0000000000e+00,2.0994381056e+02
2.1731039138e+02,1.0000000000e+00,2.1731039138e+02
2.2119495717e+02,1.0000000000e+00,2.2119495717e+02
2.1865485698e+02,1.0000000000e+00,2.1865485698e+02
2.1011858272e+02,1.0000000000e+00,2.1011858272e+02
2.0023910907e+02,1.0000000000e+00,2.0023910907e+02
1.9471404648e+02,1.0000000000e+00,1.9471404648e+02
1.9463712928e+02,1.0000000000e+00,1.9463712928e+02
1.9498930540e+02,1.0000000000e+00,1.9498930540e+02
1.9041294127e+02,1.0000000000e+00,1.9041294127e+02
1.8113811977e+02,1.0000000000e+00,1.8113811977e+02
1.7252124673e+02,1.0000000000e+00,1.7252124673e+02
1.7093447328e+02,1.0000000000e+00,1.7093447328e+02
1.7994461286e+02,1.0000000000e+00,1.7994461286e+02
1.9750620997e+02,1.0000000000e+00,1.9750620997e+02
2.1651006012e+02,1.0000000000e+00,2.1651006012e+02
2.2982661510e+02,1.0000000000e+00,2.2982661510e+02
2.3504612337e+02,1.0000000000e+00,2.3504612337e+02
2.3446185710e+02,1.0000000000e+00,2.3446185710e+02
2.3187447012e+02,1.0000000000e+00,2.3187447012e+02
2.2992064764e+02,1.0000000000e+00,2.2992064764e+02
2.2935310869e+02,1.0000000000e+00,2.2935310869e+02
2.2966982511e+02,1.0000000000e+00,2.2966982511e+02
2.3006476676e+02,1.0000000000e+00,2.3006476676e+02
2.3008112336e+02,1.0000000000e+00,2.3008112336e+02
2.2983335673e+02,1.0000000000e+00,2.2983335673e+02
2.2987404550e+02,1.0000000000e+00,2.2987404550e+02
2.3076795801e+02,1.0000000000e+00,2.3076795801e+02
2.3244352528e+02,1.0000000000e+00,2.3244352528e+02
2.3359871677e+02,1.0000000000e+00,2.3359871677e+02
2.3175049249e+02,1.0000000000e+00,2.3175049249e+02
2.2450041674e+02,1.0000000000e+00,2.2450041674e+02
2.1163667053e+02,1.0000000000e+00,2.1163667053e+02
1.9620522241e+02,1.0000000000e+00,1.9620522241e+02
1.8296052901e+02,1.0000000000e+00,1.8296052901e+02
1.7531171711e+02,1.0000000000e+00,1.7531171711e+02
1.7336452893e+02,1.0000000000e+00,1.7336452893e+02
1.7418178799e+02,1.0000000000e+00,1.7418178799e+02
1.7425941778e+02,1.0000000000e+00,1.7425941778e+02
1.7336870416e+02,1.0000000000e+00,1.7336870416e+02
1.7574669790e+02,1.0000000000e+00,1.7574669790e+02
1.8549920569e+02,1.0000000000e+00,1.8549920569e+02
2.0132496155e+02,1.0000000000e+00,2.0132496155e+02
2.1737896424e+02,1.0000000000e+00,2.1737896424e+02
2.2763748634e+02,1.0000000000e+00,2.2763748634e+02
2.2725026616e+02,1.0000000000e+00,2.2725026616e+02
2.1172790491e+02,1.0000000000e+00,2.1172790491e+02
1.7948669160e+02,1.0000000000e+00,1.7948669160e+02
1.3718983651e+02,1.0000000000e+00,1.3718983651e+02
1.0008939115e+02,1.0000000000e+00,1.0008939115e+02
8.3693166585e+01,1.0000000000e+00,8.3693166585e+01
9.3576595682e+01,1.0000000000e+00,9.3576595682e+01
1.2228710496e+02,1.0000000000e+00,1.2228710496e+02
1.5513534220e+02,1.0000000000e+00,1.5513534220e+02
1.7996299512e+02,1.0000000000e+00,1.7996299512e+02
1.9348135558e+02,1.0000000000e+00,1.9348135558e+02
1.9921890471e+02,1.0000000000e+00,1.9921890471e+02
2.0016693448e+02,1.0000000000e+00,2.0016693448e+02
1.9437146580e+02,1.0000000000e+00,1.9437146580e+02
1.7697015987e+02,1.0000000000e+00,1.7697015987e+02
1.4568526786e+02,1.0000000000e+00,1.4568526786e+02
1.0511308095e+02,1.0000000000e+00,1.0511308095e+02
6.5674441653e+01,1.0000000000e+00,6.5674441653e+01
5.6292378560e+01,1.0000000000e+00,5.6292378560e+01
4.6910315467e+01,1.0000000000e+00,4.6910315467e+01
3.7528252373e+01,1.0000000000e+00,3.7528252373e+01
2.8146189280e+01,1.0000000000e+00,2.8146189280e+01
1.8764126187e+01,1.0000000000e+00,1.8764126187e+01
1.1993447711e+01,1.0000000000e+00,1.1993447711e+01
2.3986895423e+01,1.0000000000e+00,2.3986895423e+01
3.5980343134e+01,1.0000000000e+00,3.5980343134e+01
5.1506543173e+01,1.0000000000e+00,5.1506543173e+01
6.4158660135e+01,1.0000000000e+00,6.4158660135e+01
7.1086226490e+01,1.0000000000e+00,7.1086226490e+01
7.6611067763e+01,1.0000000000e+00,7.6611067763e+01
8.9881554115e+01,1.0000000000e+00,8.9881554115e+01
1.1604965329e+02,1.0000000000e+00,1.1604965329e+02
1.4984880776e+02,1.0000000000e+00,1.4984880776e+02
1.7881948271e+02,1.0000000000e+00,1.7881948271e+02
1.9229124714e+02,1.0000000000e+00,1.9229124714e+02
1.8720269978e+02,1.0000000000e+00,1.8720269978e+02
1.6841041286e+02,1.0000000000e+00,1.6841041286e+02
1.4672681833e+02,1.0000000000e+00,1.4672681833e+02
1.3474664363e+02,1.0000000000e+00,1.3474664363e+02
1.3923732396e+02,1.0000000000e+00,1.3923732396e+02
1.5619019515e+02,1.0000000000e+00,1.5619019515e+02
1.7579641530e+02,1.0000000000e+00,1.7579641530e+02
1.9210717627e+02,1.0000000000e+00,1.9210717627e+02
2.0556694982e+02,1.0000000000e+00,2.0556694982e+02
2.1751919376e+02,1.0000000000e+00,2.1751919376e+02
2.2601493521e+02,1.0000000000e+00,2.2601493521e+02
2.2771091674e+02,1.0000000000e+00,2.2771091674e+02
2.2217524355e+02,1.0000000000e+00,2.2217524355e+02
2.1377235404e+02,1.0000000000e+00,2.1377235404e+02
2.0917557889e+02,1.0000000000e+00,2.0917557889e+02
2.1175047002e+02,1.0000000000e+00,2.1175047002e+02
2.1776631464e+02,1.0000000000e+00,2.1776631464e+02
2.1921805980e+02,1.0000000000e+00,2.1921805980e+02
2.1160147081e+02,1.0000000000e+00,2.1160147081e+02
1.9927424652e+02,1.0000000000e+00,1.9927424652e+02
1.9236104860e+02,1.0000000000e+00,1.9236104860e+02
1.9731263664e+02,1.0000000000e+00,1.9731263664e+02
2.1110617671e+02,1.0000000000e+00,2.1110617671e+02
2.2520289754e+02,1.0000000000e+00,2.2520289754e+02
2.3336029291e+02,1.0000000000e+00,2.3336029291e+02
2.3484553186e+02,1.0000000000e+00,2.3484553186e+02
2.3247513677e+02,1.0000000000e+00,2.3247513677e+02
2.2959918940e+02,1.0000000000e+00,2.2959918940e+02
2.2848119385e+02,1.0000000000e+00,2.2848119385e+02
2.2994295519e+02,1.0000000000e+00,2.2994295519e+02
2.3326812477e+02,1.0000000000e+00,2.3326812477e+02
2.3594427790e+02,1.0000000000e+00,2.3594427790e+02
2.3395177285e+02,1.0000000000e+00,2.3395177285e+02
2.2380792108e+02,1.0000000000e+00,2.2380792108e+02
2.0640260593e+02,1.0000000000e+00,2.0640260593e+02
1.8948453730e+02,1.0000000000e+00,1.8948453730e+02
1.8365145309e+02,1.0000000000e+00,1.8365145309e+02
1.9254928978e+02,1.0000000000e+00,1.9254928978e+02
2.0777671192e+02,1.0000000000e+00,2.0777671192e+02
2.1590273166e+02,1.0000000000e+00,2.1590273166e+02
2.1007538806e+02,1.0000000000e+00,2.1007538806e+02
1.9400813687e+02,1.0000000000e+00,1.9400813687e+02
1.7663672947e+02,1.0000000000e+00,1.7663672947e+02
1.6510573304e+02,1.0000000000e+00,1.6510573304e+02
1.6206201009e+02,1.0000000000e+00,1.6206201009e+02
1.6656066466e+02,1.0000000000e+00,1.6656066466e+02
1.7602443793e+02,1.0000000000e+00,1.7602443793e+02
1.8816750306e+02,1.0000000000e+00,1.8816750306e+02
2.0146899155e+02,1.0000000000e+00,2.0146899155e+02
2.1417163550e+02,1.0000000000e+00,2.1417163550e+02
2.2443170205e+02,1.0000000000e+00,2.2443170205e+02
2.3186199432e+02,1.0000000000e+00,2.3186199432e+02
2.3730330249e+02,1.0000000000e+00,2.3730330249e+02
2.3994840061e+02,1.0000000000e+00,2.3994840061e+02
2.3516430842e+02,1.0000000000e+00,2.3516430842e+02
2.1690876917e+02,1.0000000000e+00,2.1690876917e+02
1.8484661647e+02,1.0000000000e+00,1.8484661647e+02
1.5013839386e+02,1.0000000000e+00,1.5013839386e+02
1.3139428538e+02,1.0000000000e+00,1.3139428538e+02
1.4055835938e+02,1.0000000000e+00,1.4055835938e+02
1.7179827676e+02,1.0000000000e+00,1.7179827676e+02
2.0594594956e+02,1.0000000000e+00,2.0594594956e+02
2.2569265940e+02,1.0000000000e+00,2.2569265940e+02
2.2597553711e+02,1.0000000000e+00,2.2597553711e+02
2.1265063600e+02,1.0000000000e+00,2.1265063600e+02
1.9463267001e+02,1.0000000000e+00,1.9463267001e+02
1.7686120734e+02,1.0000000000e+00,1.7686120734e+02
1.5888185664e+02,1.0000000000e+00,1.5888185664e+02
1.3959640092e+02,1.0000000000e+00,1.3959640092e+02
1.2181845276e+02,1.0000000000e+00,1.2181845276e+02
1.1032777752e+02,1.0000000000e+00,1.1032777752e+02
1.0723209513e+02,1.0000000000e+00,1.0723209513e+02
1.1150864940e+02,1.0000000000e+00,1.1150864940e+02
1.2059708898e+02,1.0000000000e+00,1.2059708898e+02
1.2901386149e+02,1.0000000000e+00,1.2901386149e+02
1.2752123191e+02,1.0000000000e+00,1.2752123191e+02
1.0933311342e+02,1.0000000000e+00,1.0933311342e+02
7.9520606637e+01,1.0000000000e+00,7.9520606637e+01
5.6220442406e+01,1.0000000000e+00,5.6220442406e+01
5.9468989263e+01,1.0000000000e+00,5.9468989263e+01
9.5591545632e+01,1.0000000000e+00,9.5591545632e+01
1.5042760488e+02,1.0000000000e+00,1.5042760488e+02
1.9906406955e+02,1.0000000000e+00,1.9906406955e+02
2.2429044994e+02,1.0000000000e+00,2.2429044994e+02
2.2663339327e+02,1.0000000000e+00,2.2663339327e+02
2.1880236160e+02,1.0000000000e+00,2.1880236160e+02
2.1325971360e+02,1.0000000000e+00,2.1325971360e+02
2.1472996022e+02,1.0000000000e+00,2.1472996022e+02
2.2098702146e+02,1.0000000000e+00,2.2098702146e+02
2.2757648560e+02,1.0000000000e+00,2.2757648560e+02
2.3153788160e+02,1.0000000000e+00,2.3153788160e+02
2.3242402481e+02,1.0000000000e+00,2.3242402481e+02
2.3140080593e+02,1.0000000000e+00,2.3140080593e+02
2.2995833262e+02,1.0000000000e+00,2.2995833262e+02
2.2920850062e+02,1.0000000000e+00,2.2920850062e+02
2.2973880679e+02,1.0000000000e+00,2.2973880679e+02
2.3150830891e+02,1.0000000000e+00,2.3150830891e+02
2.3352000589e+02,1.0000000000e+00,2.3352000589e+02
2.3362384434e+02,1.0000000000e+00,2.3362384434e+02
2.2924645133e+02,1.0000000000e+00,2.2924645133e+02
2.1948086703e+02,1.0000000000e+00,2.1948086703e+02
2.0737677224e+02,1.0000000000e+00,2.0737677224e+02
1.9934752780e+02,1.0000000000e+00,1.9934752780e+02
1.9982701707e+02,1.0000000000e+00,1.9982701707e+02
2.0528872433e+02,1.0000000000e+00,2.0528872433e+02
2.0521013764e+02,1.0000000000e+00,2.0521013764e+02
1.9091003230e+02,1.0000000000e+00,1.9091003230e+02
1.6379604239e+02,1.0000000000e+00,1.6379604239e+02
1.3539825794e+02,1.0000000000e+00,1.3539825794e+02
1.2035914757e+02,1.0000000000e+00,1.2035914757e+02
1.2796975014e+02,1.0000000000e+00,1.2796975014e+02
1.5629967406e+02,1.0000000000e+00,1.5629967406e+02
1.9234467111e+02,1.0000000000e+00,1.9234467111e+02
2.1977858026e+02,1.0000000000e+00,2.1977858026e+02
2.2921600287e+02,1.0000000000e+00,2.2921600287e+02
2.2286688316e+02,1.0000000000e+00,2.2286688316e+02
2.1112565006e+02,1.0000000000e+00,2.1112565006e+02
2.0479574332e+02,1.0000000000e+00,2.0479574332e+02
2.0834156624e+02,1.0000000000e+00,2.0834156624e+02
2.1860139123e+02,1.0000000000e+00,2.1860139123e+02
2.2908555267e+02,1.0000000000e+00,2.2908555267e+02
2.3489420818e+02,1.0000000000e+00,2.3489420818e+02
2.3420583259e+02,1.0000000000e+00,2.3420583259e+02
2.2731455190e+02,1.0000000000e+00,2.2731455190e+02
2.1596364348e+02,1.0000000000e+00,2.1596364348e+02
2.0360999685e+02,1.0000000000e+00,2.0360999685e+02
1.9498319677e+02,1.0000000000e+00,1.9498319677e+02
1.9353913229e+02,1.0000000000e+00,1.9353913229e+02
1.9853059465e+02,1.0000000000e+00,1.9853059465e+02
2.0524125553e+02,1.0000000000e+00,2.0524125553e+02
2.0869034050e+02,1.0000000000e+00,2.0869034050e+02
2.0676526918e+02,1.0000000000e+00,2.0676526918e+02
1.9928850704e+02,1.0000000000e+00,1.9928850704e+02
1.8480478319e+02,1.0000000000e+00,1.8480478319e+02
1.6046479573e+02,1.0000000000e+00,1.6046479573e+02
1.2631882491e+02,1.0000000000e+00,1.2631882491e+02
8.8707571974e+01,1.0000000000e+00,8.8707571974e+01
5.8193475735e+01,1.0000000000e+00,5.8193475735e+01
4.3441489136e+01,1.0000000000e+00,4.3441489136e+01
4.5663830228e+01,1.0000000000e+00,4.5663830228e+01
5.7524624317e+01,1.0000000000e+00,5.7524624317e+01
6.7529094020e+01,1.0000000000e+00,6.7529094020e+01
6.7481992943e+01,1.0000000000e+00,6.7481992943e+01
5.8484152422e+01,1.0000000000e+00,5.8484152422e+01
5.1222351961e+01,1.0000000000e+00,5.1222351961e+01
5.9477088517e+01,1.0000000000e+00,5.9477088517e+01
9.0449761257e+01,1.0000000000e+00,9.0449761257e+01
1.3852235909e+02,1.0000000000e+00,1.3852235909e+02
1.8788784170e+02,1.0000000000e+00,1.8788784170e+02
2.2295011802e+02,1.0000000000e+00,2.2295011802e+02
2.3788667886e+02,1.0000000000e+00,2.3788667886e+02
2.3766372318e+02,1.0000000000e+00,2.3766372318e+02
2.3172783673e+02,1.0000000000e+00,2.3172783673e+02
2.2723523915e+02,1.0000000000e+00,2.2723523915e+02
2.2644482828e+02,1.0000000000e+00,2.2644482828e+02
2.2810149551e+02,1.0000000000e+00,2.2810149551e+02
2.3007585550e+02,1.0000000000e+00,2.3007585550e+02
2.3103416672e+02,1.0000000000e+00,2.3103416672e+02
2.3075840387e+02,1.0000000000e+00,2.3075840387e+02
2.2981612601e+02,1.0000000000e+00,2.2981612601e+02
2.2917259199e+02,1.0000000000e+00,2.2917259199e+02
2.2980751208e+02,1.0000000000e+00,2.2980751208e+02
2.3210185120e+02,1.0000000000e+00,2.3210185120e+02
2.3497550466e+02,1.0000000000e+00,2.3497550466e+02
2.3538936859e+02,1.0000000000e+00,2.3538936859e+02
2.2933617244e+02,1.0000000000e+00,2.2933617244e+02
2.1495069202e+02,1.0000000000e+00,2.1495069202e+02
1.9611578388e+02,1.0000000000e+00,1.9611578388e+02
1.8223150026e+02,1.0000000000e+00,1.8223150026e+02
1.8168482867e+02,1.0000000000e+00,1.8168482867e+02
1.9442348509e+02,1.0000000000e+00,1.9442348509e+02
2.1220333218e+02,1.0000000000e+00,2.1220333218e+02
2.2610798998e+02,1.0000000000e+00,2.2610798998e+02
2.3256967195e+02,1.0000000000e+00,2.3256967195e+02
2.3321432876e+02,1.0000000000e+00,2.3321432876e+02
2.3153299197e+02,1.0000000000e+00,2.3153299197e+02
2.3025094603e+02,1.0000000000e+00,2.3025094603e+02
2.3035609120e+02,1.0000000000e+00,2.3035609120e+02
2.3122261280e+02,1.0000000000e+00,2.3122261280e+02
2.3126932299e+02,1.0000000000e+00,2.3126932299e+02
2.2895803704e+02,1.0000000000e+00,2.2895803704e+02
2.2402513840e+02,1.0000000000e+00,2.2402513840e+02
2.1839803340e+02,1.0000000000e+00,2.1839803340e+02
2.1570641760e+02,1.0000000000e+00,2.1570641760e+02
2.1857559188e+02,1.0000000000e+00,2.1857559188e+02
2.2495155720e+02,1.0000000000e+00,2.2495155720e+02
2.2729360256e+02,1.0000000000e+00,2.2729360256e+02
2.1735641786e+02,1.0000000000e+00,2.1735641786e+02
1.9386076120e+02,1.0000000000e+00,1.9386076120e+02
1.6604182782e+02,1.0000000000e+00,1.6604182782e+02
1.4761744339e+02,1.0000000000e+00,1.4761744339e+02
1.4417451548e+02,1.0000000000e+00,1.4417451548e+02
1.4641125070e+02,1.0000000000e+00,1.4641125070e+02
1.3863207041e+02,1.0000000000e+00,1.3863207041e+02
1.1474627176e+02,1.0000000000e+00,1.1474627176e+02
8.4529640907e+01,1.0000000000e+00,8.4529640907e+01
6.5102586126e+01,1.0000000000e+00,6.5102586126e+01
6.7919911319e+01,1.0000000000e+00,6.7919911319e+01
9.1454396715e+01,1.0000000000e+00,9.1454396715e+01
1.2278664873e+02,1.0000000000e+00,1.2278664873e+02
1.4688370195e+02,1.0000000000e+00,1.4688370195e+02
1.5706550459e+02,1.0000000000e+00,1.5706550459e+02
1.5784144211e+02,1.0000000000e+00,1.5784144211e+02
1.5851282610e+02,1.0000000000e+00,1.5851282610e+02
1.6471870573e+02,1.0000000000e+00,1.6471870573e+02
1.7499880487e+02,1.0000000000e+00,1.7499880487e+02
1.8332700340e+02,1.0000000000e+00,1.8332700340e+02
1.8454683843e+02,1.0000000000e+00,1.8454683843e+02
1.7889778828e+02,1.0000000000e+00,1.7889778828e+02
1.7196581110e+02,1.0000000000e+00,1.7196581110e+02
1.6933599211e+02,1.0000000000e+00,1.6933599211e+02
1.7136379527e+02,1.0000000000e+00,1.7136379527e+02
1.7412642602e+02,1.0000000000e+00,1.7412642602e+02
1.7422724517e+02,1.0000000000e+00,1.7422724517e+02
1.7080188245e+02,1.0000000000e+00,1.7080188245e+02
1.6447822901e+02,1.0000000000e+00,1.6447822901e+02
1.5696212783e+02,1.0000000000e+00,1.5696212783e+02
1.5074090538e+02,1.0000000000e+00,1.5074090538e+02
1.4736538256e+02,1.0000000000e+00,1.4736538256e+02
1.4672149729e+02,1.0000000000e+00,1.4672149729e+02
1.4875400586e+02,1.0000000000e+00,1.4875400586e+02
1.5442439630e+02,1.0000000000e+00,1.5442439630e+02
1.6392652665e+02,1.0000000000e+00,1.6392652665e+02
1.7506650654e+02,1.0000000000e+00,1.7506650654e+02
1.8420478725e+02,1.0000000000e+00,1.8420478725e+02
1.8859171614e+02,1.0000000000e+00,1.8859171614e+02
1.8828392045e+02,1.0000000000e+00,1.8828392045e+02
1.8625018022e+02,1.0000000000e+00,1.8625018022e+02
1.8604964138e+02,1.0000000000e+00,1.8604964138e+02
1.8899436192e+02,1.0000000000e+00,1.8899436192e+02
1.9358259435e+02,1.0000000000e+00,1.9358259435e+02
1.9729358272e+02,1.0000000000e+00,1.9729358272e+02
1.9846197633e+02,1.0000000000e+00,1.9846197633e+02
1.9690609268e+02,1.0000000000e+00,1.9690609268e+02
1.9386572461e+02,1.0000000000e+00,1.9386572461e+02
1.9149701391e+02,1.0000000000e+00,1.9149701391e+02
1.9167761375e+02,1.0000000000e+00,1.9167761375e+02
1.9501960890e+02,1.0000000000e+00,1.9501960890e+02
2.0086289926e+02,1.0000000000e+00,2.0086289926e+02
2.0723495621e+02,1.0000000000e+00,2.0723495621e+02
2.0989831906e+02,1.0000000000e+00,2.0989831906e+02
2.0235375017e+02,1.0000000000e+00,2.0235375017e+02
1.7963809048e+02,1.0000000000e+00,1.7963809048e+02
1.4406832053e+02,1.0000000000e+00,1.4406832053e+02
1.0603425125e+02,1.0000000000e+00,1.0603425125e+02
7.6880013224e+01,1.0000000000e+00,7.6880013224e+01
6.0594380320e+01,1.0000000000e+00,6.0594380320e+01
5.2640576739e+01,1.0000000000e+00,5.2640576739e+01
4.5598668319e+01,1.0000000000e+00,4.5598668319e+01
3.9084572845e+01,1.0000000000e+00,3.9084572845e+01
3.2570477371e+01,1.0000000000e+00,3.2570477371e+01
2.6056381897e+01,1.0000000000e+00,2.6056381897e+01
1.9542286422e+01,1.0000000000e+00,1.9542286422e+01
3.8124827527e+01,1.0000000000e+00,3.8124827527e+01
5.7187241290e+01,1.0000000000e+00,5.7187241290e+01
9.7087627959e+01,1.0000000000e+00,9.7087627959e+01
1.2584359344e+02,1.0000000000e+00,1.2584359344e+02
1.2768888395e+02,1.0000000000e+00,1.2768888395e+02
1.0260306623e+02,1.0000000000e+00,1.0260306623e+02
6.7070803315e+01,1.0000000000e+00,6.7070803315e+01
4.3712033467e+01,1.0000000000e+00,4.3712033467e+01
5.0175572314e+01,1.0000000000e+00,5.0175572314e+01
9.0700823684e+01,1.0000000000e+00,9.0700823684e+01
1.5113336070e+02,1.0000000000e+00,1.5113336070e+02
2.0442877726e+02,1.0000000000e+00,2.0442877726e+02
2.2725980157e+02,1.0000000000e+00,2.2725980157e+02
2.1505366073e+02,1.0000000000e+00,2.1505366073e+02
1.8427532884e+02,1.0000000000e+00,1.8427532884e+02
1.6095386448e+02,1.0000000000e+00,1.6095386448e+02
1.6239127589e+02,1.0000000000e+00,1.6239127589e+02
1.8577294743e+02,1.0000000000e+00,1.8577294743e+02
2.1371756720e+02,1.0000000000e+00,2.1371756720e+02
2.2990303903e+02,1.0000000000e+00,2.2990303903e+02
2.2964494044e+02,1.0000000000e+00,2.2964494044e+02
2.1959798929e+02,1.0000000000e+00,2.1959798929e+02
2.1056984091e+02,1.0000000000e+00,2.1056984091e+02
2.0915727129e+02,1.0000000000e+00,2.0915727129e+02
2.1298297199e+02,1.0000000000e+00,2.1298297199e+02
2.1239240047e+02,1.0000000000e+00,2.1239240047e+02
1.9775021606e+02,1.0000000000e+00,1.9775021606e+02
1.6752120871e+02,1.0000000000e+00,1.6752120871e+02
1.3087007475e+02,1.0000000000e+00,1.3087007475e+02
1.0261801161e+02,1.0000000000e+00,1.0261801161e+02
9.5013290913e+01,1.0000000000e+00,9.5013290913e+01
1.1198220868e+02,1.0000000000e+00,1.1198220868e+02
1.4756879891e+02,1.0000000000e+00,1.4756879891e+02
1.8844672514e+02,1.0000000000e+00,1.8844672514e+02
2.2048699802e+02,1.0000000000e+00,2.2048699802e+02
2.3607228671e+02,1.0000000000e+00,2.3607228671e+02
2.3647002801e+02,1.0000000000e+00,2.3647002801e+02
2.2837645015e+02,1.0000000000e+00,2.2837645015e+02
2.1918525414e+02,1.0000000000e+00,2.1918525414e+02
2.1426009669e+02,1.0000000000e+00,2.1426009669e+02
2.1575768339e+02,1.0000000000e+00,2.1575768339e+02
2.2193023279e+02,1.0000000000e+00,2.2193023279e+02
2.2719245156e+02,1.0000000000e+00,2.2719245156e+02
2.2404584843e+02,1.0000000000e+00,2.2404584843e+02
2.0729889298e+02,1.0000000000e+00,2.0729889298e+02
1.7857622462e+02,1.0000000000e+00,1.7857622462e+02
1.4703237912e+02,1.0000000000e+00,1.4703237912e+02
1.2433642548e+02,1.0000000000e+00,1.2433642548e+02
1.1769081334e+02,1.0000000000e+00,1.1769081334e+02
1.2669864025e+02,1.0000000000e+00,1.2669864025e+02
1.4501812099e+02,1.0000000000e+00,1.4501812099e+02
1.6379933197e+02,1.0000000000e+00,1.6379933197e+02
1.7557020127e+02,1.0000000000e+00,1.7557020127e+02
1.7821738185e+02,1.0000000000e+00,1.7821738185e+02
1.7663289891e+02,1.0000000000e+00,1.7663289891e+02
1.7928720549e+02,1.0000000000e+00,1.7928720549e+02
1.9108735808e+02,1.0000000000e+00,1.9108735808e+02
2.0904347593e+02,1.0000000000e+00,2.0904347593e+02
2.2519798324e+02,1.0000000000e+00,2.2519798324e+02
2.3275024537e+02,1.0000000000e+00,2.3275024537e+02
2.2894773300e+02,1.0000000000e+00,2.2894773300e+02
2.1409328300e+02,1.0000000000e+00,2.1409328300e+02
1.8993058653e+02,1.0000000000e+00,1.8993058653e+02
1.5964757926e+02,1.0000000000e+00,1.5964757926e+02
1.2928416755e+02,1.0000000000e+00,1.2928416755e+02
1.0789210522e+02,1.0000000000e+00,1.0789210522e+02
1.0328598984e+02,1.0000000000e+00,1.0328598984e+02
1.1512309569e+02,1.0000000000e+00,1.1512309569e+02
1.3316826924e+02,1.0000000000e+00,1.3316826924e+02
1.4488902367e+02,1.0000000000e+00,1.4488902367e+02
1.4480865399e+02,1.0000000000e+00,1.4480865399e+02
1.3552395222e+02,1.0000000000e+00,1.3552395222e+02
1.2143977204e+02,1.0000000000e+00,1.2143977204e+02
1.0431035211e+02,1.0000000000e+00,1.0431035211e+02
8.4699541661e+01,1.0000000000e+00,8.4699541661e+01
6.5025039646e+01,1.0000000000e+00,6.5025039646e+01
4.9038331348e+01,1.0000000000e+00,4.9038331348e+01
3.8690017450e+01,1.0000000000e+00,3.8690017450e+01
3.3389829453e+01,1.0000000000e+00,3.3389829453e+01
3.3493710368e+01,1.0000000000e+00,3.3493710368e+01
4.3709492798e+01,1.0000000000e+00,4.3709492798e+01
7.0504084703e+01,1.0000000000e+00,7.0504084703e+01
1.1401883794e+02,1.0000000000e+00,1.1401883794e+02
1.6351481604e+02,1.0000000000e+00,1.6351481604e+02
2.0337316521e+02,1.0000000000e+00,2.0337316521e+02
2.2395964586e+02,1.0000000000e+00,2.2395964586e+02
2.2600362430e+02,1.0000000000e+00,2.2600362430e+02
2.1632125869e+02,1.0000000000e+00,2.1632125869e+02
2.0159222703e+02,1.0000000000e+00,2.0159222703e+02
1.8517570484e+02,1.0000000000e+00,1.8517570484e+02
1.6748109863e+02,1.0000000000e+00,1.6748109863e+02
1.4926964231e+02,1.0000000000e+00,1.4926964231e+02
1.3548646921e+02,1.0000000000e+00,1.3548646921e+02
1.3402449971e+02,1.0000000000e+00,1.3402449971e+02
1.4733254795e+02,1.0000000000e+00,1.4733254795e+02
1.6573009735e+02,1.0000000000e+00,1.6573009735e+02
1.7286419920e+02,1.0000000000e+00,1.7286419920e+02
1.5937505682e+02,1.0000000000e+00,1.5937505682e+02
1.3090999283e+02,1.0000000000e+00,1.3090999283e+02
1.0390898930e+02,1.0000000000e+00,1.0390898930e+02
9.4181891858e+01,1.0000000000e+00,9.4181891858e+01
1.0706639741e+02,1.0000000000e+00,1.0706639741e+02
1.3560238921e+02,1.0000000000e+00,1.3560238921e+02
1.6770866281e+02,1.0000000000e+00,1.6770866281e+02
1.9539170214e+02,1.0000000000e+00,1.9539170214e+02
2.1673703210e+02,1.0000000000e+00,2.1673703210e+02
2.3100727522e+02,1.0000000000e+00,2.3100727522e+02
2.3515089563e+02,1.0000000000e+00,2.3515089563e+02
2.2550243775e+02,1.0000000000e+00,2.2550243775e+02
2.0189679850e+02,1.0000000000e+00,2.0189679850e+02
1.7035257330e+02,1.0000000000e+00,1.7035257330e+02
1.4142391660e+02,1.0000000000e+00,1.4142391660e+02
1.2473225467e+02,1.0000000000e+00,1.2473225467e+02
1.2453609396e+02,1.0000000000e+00,1.2453609396e+02
1.3946302212e+02,1.0000000000e+00,1.3946302212e+02
1.6433428405e+02,1.0000000000e+00,1.6433428405e+02
1.9191092978e+02,1.0000000000e+00,1.9191092978e+02
2.1509412185e+02,1.0000000000e+00,2.1509412185e+02
2.2956274934e+02,1.0000000000e+00,2.2956274934e+02
2.5422132569e+02,1.0000000000e+00,2.3891095742e+02
2.3433431892e+02,1.0000000000e+00,2.3439955771e+02
1.9007629767e+02,1.0000000000e+00,2.2278034053e+02
2.2757445743e+02,1.0000000000e+00,2.2725994139e+02
2.7498624788e+02,1.0000000000e+00,2.3464906450e+02
2.3395570191e+02,1.0000000000e+00,2.2591489356e+02
1.7746057417e+02,1.0000000000e+00,2.1562863943e+02
2.0076326804e+02,1.0000000000e+00,2.2208465518e+02
2.6555984618e+02,1.0000000000e+00,2.3664997265e+02
2.6435118234e+02,1.0000000000e+00,2.3729092178e+02
2.0410598326e+02,1.0000000000e+00,2.2543888798e+02
1.9743792524e+02,1.0000000000e+00,2.2393844265e+02
2.5094336446e+02,1.0000000000e+00,2.3442434717e+02
2.6494516731e+02,1.0000000000e+00,2.3714226700e+02
2.1537703213e+02,1.0000000000e+00,2.2731673203e+02
1.9120696301e+02,1.0000000000e+00,2.2266450149e+02
2.3661375417e+02,1.0000000000e+00,2.3185671923e+02
2.7218457307e+02,1.0000000000e+00,2.3881217172e+02
2.3479615121e+02,1.0000000000e+00,2.3080944215e+02
1.8857459709e+02,1.0000000000e+00,2.2088674457e+02
2.1395780678e+02,1.0000000000e+00,2.2577877629e+02
2.6731547362e+02,1.0000000000e+00,2.3760513992e+02
2.5748060393e+02,1.0000000000e+00,2.3838935405e+02
2.0573363310e+02,1.0000000000e+00,2.3096081723e+02
2.0444160136e+02,1.0000000000e+00,2.3020356851e+02
2.4777611556e+02,1.0000000000e+00,2.3062299283e+02
2.3923108415e+02,1.0000000000e+00,2.1157535119e+02
1.6729698488e+02,1.0000000000e+00,1.7596843243e+02
1.2757262166e+02,1.0000000000e+00,1.5319074342e+02
1.6340328018e+02,1.0000000000e+00,1.5981189476e+02
2.0717444358e+02,1.0000000000e+00,1.8162379454e+02
1.9897779328e+02,1.0000000000e+00,1.9870393320e+02
1.8248296799e+02,1.0000000000e+00,2.1081608465e+02
2.1979825222e+02,1.0000000000e+00,2.2545945921e+02
2.6171718419e+02,1.0000000000e+00,2.3314822019e+02
2.3313831486e+02,1.0000000000e+00,2.2227024109e+02
1.8133751571e+02,1.0000000000e+00,2.0536186408e+02
1.8791857883e+02,1.0000000000e+00,1.9972326845e+02
2.1584719149e+02,1.0000000000e+00,1.9726434202e+02
1.9207932605e+02,1.0000000000e+00,1.8197237924e+02
1.4498842106e+02,1.0000000000e+00,1.5794321771e+02
1.2468482082e+02,1.0000000000e+00,1.3466087002e+02
1.1689988069e+02,1.0000000000e+00,1.1128994918e+02
9.6185145064e+01,1.0000000000e+00,8.6728358510e+01
6.7078994340e+01,1.0000000000e+00,6.5225889840e+01
4.5510005970e+01,1.0000000000e+00,5.0870720539e+01
3.8609616212e+01,1.0000000000e+00,4.3844792926e+01
4.1938484083e+01,1.0000000000e+00,4.1189989197e+01
4.4087391381e+01,1.0000000000e+00,3.8867439789e+01
3.7257426643e+01,1.0000000000e+00,3.4306049083e+01
2.6744529843e+01,1.0000000000e+00,2.8367103472e+01
2.1267367054e+01,1.0000000000e+00,2.3435304664e+01
1.8571265093e+01,1.0000000000e+00,1.9059718021e+01
1.4578657031e+01,1.0000000000e+00,1.4424830158e+01
9.6699504484e+00,1.0000000000e+00,9.6067225909e+00
4.7954578132e+00,1.0000000000e+00,4.7954578132e+00
0.0000000000e+00,1.0000000000e+00,0.0000000000e+00
2.0399305556e+01,1.0000000000e+00,2.0399305556e+01
4.0798611111e+01,1.0000000000e+00,4.0798611111e+01
6.1197916667e+01,1.0000000000e+00,6.1197916667e+01
1.0416666667e+02,1.0000000000e+00,1.0416666667e+02
1.2500000000e+02,1.0000000000e+00,1.2500000000e+02
1.0416666667e+02,1.0000000000e+00,1.0416666667e+02
8.9285714286e+01,1.0000000000e+00,8.9285714286e+01
7.4404761905e+01,1.0000000000e+00,7.4404761905e+01
5.9523809524e+01,1.0000000000e+00,5.9523809524e+01
5.0906529260e+01,1.0000000000e+00,5.0906529260e+01
1.0852926617e+02,1.0000000000e+00,1.0852926617e+02
1.7117620723e+02,1.0000000000e+00,1.7117620723e+02
2.1220504695e+02,1.0000000000e+00,2.1220504695e+02
2.1672482764e+02,1.0000000000e+00,2.1672482764e+02
1.9231270083e+02,1.0000000000e+00,1.9231270083e+02
1.6400259963e+02,1.0000000000e+00,1.6400259963e+02
1.5624001735e+02,1.0000000000e+00,1.5624001735e+02
1.7528874514e+02,1.0000000000e+00,1.7528874514e+02
2.0699896926e+02,1.0000000000e+00,2.0699896926e+02
2.3033832962e+02,1.0000000000e+00,2.3033832962e+02
2.3249012430e+02,1.0000000000e+00,2.3249012430e+02
2.1504897370e+02,1.0000000000e+00,2.1504897370e+02
1.9162533322e+02,1.0000000000e+00,1.9162533322e+02
1.7923914268e+02,1.0000000000e+00,1.7923914268e+02
1.8684288530e+02,1.0000000000e+00,1.8684288530e+02
2.0950381581e+02,1.0000000000e+00,2.0950381581e+02
2.3327055733e+02,1.0000000000e+00,2.3327055733e+02
2.4412577876e+02,1.0000000000e+00,2.4412577876e+02
2.3335644549e+02,1.0000000000e+00,2.3335644549e+02
2.0037764062e+02,1.0000000000e+00,2.0037764062e+02
1.7444869895e+02,1.0000000000e+00,1.5925206227e+02
1.0609913212e+02,1.0000000000e+00,1.1592087254e+02
9.0553791161e+01,1.0000000000e+00,1.0488889876e+02
1.5291522277e+02,1.0000000000e+00,1.3531008241e+02
1.8301974872e+02,1.0000000000e+00,1.7449097842e+02
1.9046081925e+02,1.0000000000e+00,2.0737954133e+02
2.2025349975e+02,1.0000000000e+00,2.3177970453e+02
2.5600534818e+02,1.0000000000e+00,2.4366115654e+02
2.5890940136e+02,1.0000000000e+00,2.4103151853e+02
2.2439501799e+02,1.0000000000e+00,2.2927809253e+02
1.9983067028e+02,1.0000000000e+00,2.2159420472e+02
2.2705841155e+02,1.0000000000e+00,2.2741060825e+02
2.5958571090e+02,1.0000000000e+00,2.3679269475e+02
2.3795806380e+02,1.0000000000e+00,2.3599218005e+02
2.0796072855e+02,1.0000000000e+00,2.3106939129e+02
2.2797580014e+02,1.0000000000e+00,2.3004795627e+02
2.4154461000e+02,1.0000000000e+00,2.1988750399e+02
1.9804206059e+02,1.0000000000e+00,1.9388433605e+02
1.5448584161e+02,1.0000000000e+00,1.7227313213e+02
1.6505823923e+02,1.0000000000e+00,1.7427916068e+02
2.0765837398e+02,1.0000000000e+00,1.9539262451e+02
2.2761324764e+02,1.0000000000e+00,2.1470932621e+02
2.1133811002e+02,1.0000000000e+00,2.1741220926e+02
1.9504892381e+02,1.0000000000e+00,2.0633509710e+02
1.9600836518e+02,1.0000000000e+00,1.9196001879e+02
1.9316026965e+02,1.0000000000e+00,1.8306581548e+02
1.7841726653e+02,1.0000000000e+00,1.8599048707e+02
1.9376359810e+02,1.0000000000e+00,2.0540070230e+02
2.4749123703e+02,1.0000000000e+00,2.3120157833e+02
2.4376009299e+02,1.0000000000e+00,2.3311394209e+02
1.8971415801e+02,1.0000000000e+00,2.0812842731e+02
1.6290515139e+02,1.0000000000e+00,1.7575874215e+02
1.4896756940e+02,1.0000000000e+00,1.4363189019e+02
1.2683030879e+02,1.0000000000e+00,1.1926023089e+02
1.1624878875e+02,1.0000000000e+00,1.1382871872e+02
1.3018488648e+02,1.0000000000e+00,1.3019108571e+02
1.6109474155e+02,1.0000000000e+00,1.6124560695e+02
1.9543946342e+02,1.0000000000e+00,1.9543946342e+02
2.2137728668e+02,1.0000000000e+00,2.2137728668e+02
2.3172031570e+02,1.0000000000e+00,2.3172031570e+02
2.2549500922e+02,1.0000000000e+00,2.2549500922e+02
2.0745551862e+02,1.0000000000e+00,2.0745551862e+02
1.8547787774e+02,1.0000000000e+00,1.8547787774e+02
1.6733057776e+02,1.0000000000e+00,1.6733057776e+02
1.5672027361e+02,1.0000000000e+00,1.5672027361e+02
1.5061198829e+02,1.0000000000e+00,1.5061198829e+02
1.4165652861e+02,1.0000000000e+00,1.4165652861e+02
1.2469150829e+02,1.0000000000e+00,1.2469150829e+02
1.0090702087e+02,1.0000000000e+00,1.0090702087e+02
7.6522328340e+01,1.0000000000e+00,7.6522328340e+01
5.9142631903e+01,1.0000000000e+00,5.9142631903e+01
5.4857187130e+01,1.0000000000e+00,5.4857187130e+01
6.6028374321e+01,1.0000000000e+00,6.6028374321e+01
9.0256447360e+01,1.0000000000e+00,9.0256447360e+01
1.2189832989e+02,1.0000000000e+00,1.2189832989e+02
1.5492829522e+02,1.0000000000e+00,1.5492829522e+02
1.8431785016e+02,1.0000000000e+00,1.8431785016e+02
2.0566771147e+02,1.0000000000e+00,2.0566771147e+02
2.1503032066e+02,1.0000000000e+00,2.1503032066e+02
2.0969340489e+02,1.0000000000e+00,2.0969340489e+02
1.8993756461e+02,1.0000000000e+00,1.8993756461e+02
1.6208465151e+02,1.0000000000e+00,1.6208465151e+02
1.3974251032e+02,1.0000000000e+00,1.3974251032e+02
1.3728354523e+02,1.0000000000e+00,1.3728354523e+02
1.5737590543e+02,1.0000000000e+00,1.5737590543e+02
1.8545919943e+02,1.0000000000e+00,1.8545919943e+02
1.9993022032e+02,1.0000000000e+00,1.9993022032e+02
1.8971070740e+02,1.0000000000e+00,1.8971070740e+02
1.6242006463e+02,1.0000000000e+00,1.6242006463e+02
1.3659247010e+02,1.0000000000e+00,1.3659247010e+02
1.2731203995e+02,1.0000000000e+00,1.2731203995e+02
1.3803425874e+02,1.0000000000e+00,1.3803425874e+02
1.6180547020e+02,1.0000000000e+00,1.6180547020e+02
1.8739442590e+02,1.0000000000e+00,1.8739442590e+02
2.0587141027e+02,1.0000000000e+00,2.0587141027e+02
2.1484569585e+02,1.0000000000e+00,2.1484569585e+02
2.1813238540e+02,1.0000000000e+00,2.1813238540e+02
2.2100353191e+02,1.0000000000e+00,2.2100353191e+02
2.2538294179e+02,1.0000000000e+00,2.2538294179e+02
2.2931965454e+02,1.0000000000e+00,2.2931965454e+02
2.2984896770e+02,1.0000000000e+00,2.2984896770e+02
2.2567349556e+02,1.0000000000e+00,2.2567349556e+02
2.1792300913e+02,1.0000000000e+00,2.1792300913e+02
2.0862731646e+02,1.0000000000e+00,2.0862731646e+02
1.9759328261e+02,1.0000000000e+00,1.9759328261e+02
1.8117643928e+02,1.0000000000e+00,1.8117643928e+02
1.5604043731e+02,1.0000000000e+00,1.5604043731e+02
1.2422373935e+02,1.0000000000e+00,1.2422373935e+02
9.2666910655e+01,1.0000000000e+00,9.2666910655e+01
6.7887019943e+01,1.0000000000e+00,6.7887019943e+01
5.2792943920e+01,1.0000000000e+00,5.2792943920e+01
4.8104479375e+01,1.0000000000e+00,4.8104479375e+01
5.4474472524e+01,1.0000000000e+00,5.4474472524e+01
7.2061135014e+01,1.0000000000e+00,7.2061135014e+01
9.8953940905e+01,1.0000000000e+00,9.8953940905e+01
1.3147329145e+02,1.0000000000e+00,1.3147329145e+02
1.6568000465e+02,1.0000000000e+00,1.6568000465e+02
1.9751815546e+02,1.0000000000e+00,1.9751815546e+02
2.2270485492e+02,1.0000000000e+00,2.2270485492e+02
2.3812583101e+02,1.0000000000e+00,2.3812583101e+02
2.4256010016e+02,1.0000000000e+00,2.4256010016e+02
2.3550606091e+02,1.0000000000e+00,2.3550606091e+02
2.1723050957e+02,1.0000000000e+00,2.1723050957e+02
1.9185762306e+02,1.0000000000e+00,1.9185762306e+02
1.6944273963e+02,1.0000000000e+00,1.6944273963e+02
1.6164722783e+02,1.0000000000e+00,1.6164722783e+02
1.7308696315e+02,1.0000000000e+00,1.7308696315e+02
1.9739747934e+02,1.0000000000e+00,1.9739747934e+02
2.2217963101e+02,1.0000000000e+00,2.2217963101e+02
2.3691769213e+02,1.0000000000e+00,2.3691769213e+02
2.3702904643e+02,1.0000000000e+00,2.3702904643e+02
2.2395052899e+02,1.0000000000e+00,2.2395052899e+02
2.0436725320e+02,1.0000000000e+00,2.0436725320e+02
1.8852756595e+02,1.0000000000e+00,1.8852756595e+02
1.8528775633e+02,1.0000000000e+00,1.8528775633e+02
1.9598989899e+02,1.0000000000e+00,1.9598989899e+02
2.1380854307e+02,1.0000000000e+00,2.1380854307e+02
2.2982060273e+02,1.0000000000e+00,2.2982060273e+02
2.3875996204e+02,1.0000000000e+00,2.3875996204e+02
2.3932461469e+02,1.0000000000e+00,2.3932461469e+02
2.3168391091e+02,1.0000000000e+00,2.3168391091e+02
2.1694810160e+02,1.0000000000e+00,2.1694810160e+02
1.9907890318e+02,1.0000000000e+00,1.9907890318e+02
1.8518183199e+02,1.0000000000e+00,1.8518183199e+02
1.8124540511e+02,1.0000000000e+00,1.8124540511e+02
1.8708128923e+02,1.0000000000e+00,1.8708128923e+02
1.9675964638e+02,1.0000000000e+00,1.9675964638e+02
2.0422667112e+02,1.0000000000e+00,2.0422667112e+02
2.0774744932e+02,1.0000000000e+00,2.0774744932e+02
2.0917902575e+02,1.0000000000e+00,2.0917902575e+02
2.1033409344e+02,1.0000000000e+00,2.1033409344e+02
2.1124424065e+02,1.0000000000e+00,2.1124424065e+02
2.1134044373e+02,1.0000000000e+00,2.1134044373e+02
2.1037533569e+02,1.0000000000e+00,2.1037533569e+02
2.0806654301e+02,1.0000000000e+00,2.0806654301e+02
2.0463739612e+02,1.0000000000e+00,2.0463739612e+02
2.0169309682e+02,1.0000000000e+00,2.0169309682e+02
2.0025760661e+02,1.0000000000e+00,2.0025760661e+02
1.9709215015e+02,1.0000000000e+00,1.9709215015e+02
1.8502010920e+02,1.0000000000e+00,1.8502010920e+02
1.5901622582e+02,1.0000000000e+00,1.5901622582e+02
1.2210161674e+02,1.0000000000e+00,1.2210161674e+02
8.4799357516e+01,1.0000000000e+00,8.4799357516e+01
5.9022353393e+01,1.0000000000e+00,5.9022353393e+01
5.2425683886e+01,1.0000000000e+00,5.2425683886e+01
6.7065641916e+01,1.0000000000e+00,6.7065641916e+01
1.0030717256e+02,1.0000000000e+00,1.0030717256e+02
1.4471266498e+02,1.0000000000e+00,1.4471266498e+02
1.8857725376e+02,1.0000000000e+00,1.8857725376e+02
2.2052732903e+02,1.0000000000e+00,2.2052732903e+02
2.3578627979e+02,1.0000000000e+00,2.3578627979e+02
2.3789202497e+02,1.0000000000e+00,2.3789202497e+02
2.3451879002e+02,1.0000000000e+00,2.3451879002e+02
2.3188617149e+02,1.0000000000e+00,2.3188617149e+02
2.3174101210e+02,1.0000000000e+00,2.3174101210e+02
2.3149861389e+02,1.0000000000e+00,2.3149861389e+02
2.2649562852e+02,1.0000000000e+00,2.2649562852e+02
2.1301169974e+02,1.0000000000e+00,2.1301169974e+02
1.9033999190e+02,1.0000000000e+00,1.9033999190e+02
1.6088335998e+02,1.0000000000e+00,1.6088335998e+02
1.2955783657e+02,1.0000000000e+00,1.2955783657e+02
1.0409370087e+02,1.0000000000e+00,1.0409370087e+02
9.4378360632e+01,1.0000000000e+00,9.4378360632e+01
1.0755885937e+02,1.0000000000e+00,1.0755885937e+02
1.4126815435e+02,1.0000000000e+00,1.4126815435e+02
1.8290916600e+02,1.0000000000e+00,1.8290916600e+02
2.1751535417e+02,1.0000000000e+00,2.1751535417e+02
2.3630048459e+02,1.0000000000e+00,2.3630048459e+02
2.3826620624e+02,1.0000000000e+00,2.3826620624e+02
2.2676109207e+02,1.0000000000e+00,2.2676109207e+02
2.0701661390e+02,1.0000000000e+00,2.0701661390e+02
1.8551477689e+02,1.0000000000e+00,1.8551477689e+02
1.6757258230e+02,1.0000000000e+00,1.6757258230e+02
1.5361169048e+02,1.0000000000e+00,1.5361169048e+02
1.3972173377e+02,1.0000000000e+00,1.3972173377e+02
1.2298772740e+02,1.0000000000e+00,1.2298772740e+02
1.0480075063e+02,1.0000000000e+00,1.0480075063e+02
8.9208449667e+01,1.0000000000e+00,8.9208449667e+01
8.0021643784e+01,1.0000000000e+00,8.0021643784e+01
7.9181077731e+01,1.0000000000e+00,7.9181077731e+01
8.5812510215e+01,1.0000000000e+00,8.5812510215e+01
9.6131841589e+01,1.0000000000e+00,9.6131841589e+01
1.0543198376e+02,1.0000000000e+00,1.0543198376e+02
1.1148543171e+02,1.0000000000e+00,1.1148543171e+02
1.1582966164e+02,1.0000000000e+00,1.1582966164e+02
1.2086504583e+02,1.0000000000e+00,1.2086504583e+02
1.2622863130e+02,1.0000000000e+00,1.2622863130e+02
1.2894841872e+02,1.0000000000e+00,1.2894841872e+02
1.2631092945e+02,1.0000000000e+00,1.2631092945e+02
1.1764237103e+02,1.0000000000e+00,1.1764237103e+02
1.0421473167e+02,1.0000000000e+00,1.0421473167e+02
8.8224497280e+01,1.0000000000e+00,8.8224497280e+01
7.1682082799e+01,1.0000000000e+00,7.1682082799e+01
5.6863728290e+01,1.0000000000e+00,5.6863728290e+01
4.8366445415e+01,1.0000000000e+00,4.8366445415e+01
5.3096947848e+01,1.0000000000e+00,5.3096947848e+01
7.5169390675e+01,1.0000000000e+00,7.5169390675e+01
1.0901166765e+02,1.0000000000e+00,1.0901166765e+02
1.3915001459e+02,1.0000000000e+00,1.3915001459e+02
1.5044425509e+02,1.0000000000e+00,1.5044425509e+02
1.4044996546e+02,1.0000000000e+00,1.4044996546e+02
1.2213987228e+02,1.0000000000e+00,1.2213987228e+02
1.1492885569e+02,1.0000000000e+00,1.1492885569e+02
1.3079633456e+02,1.0000000000e+00,1.3079633456e+02
1.6509748334e+02,1.0000000000e+00,1.6509748334e+02
2.0030932402e+02,1.0000000000e+00,2.0030932402e+02
2.2052991797e+02,1.0000000000e+00,2.2052991797e+02
2.2304798382e+02,1.0000000000e+00,2.2304798382e+02
2.1707829392e+02,1.0000000000e+00,2.1707829392e+02
2.1352714350e+02,1.0000000000e+00,2.1352714350e+02
2.1663823509e+02,1.0000000000e+00,2.1663823509e+02
2.2370949169e+02,1.0000000000e+00,2.2370949169e+02
2.3003532847e+02,1.0000000000e+00,2.3003532847e+02
2.3286937431e+02,1.0000000000e+00,2.3286937431e+02
2.3204458341e+02,1.0000000000e+00,2.3204458341e+02
2.2886852886e+02,1.0000000000e+00,2.2886852886e+02
2.2514858126e+02,1.0000000000e+00,2.2514858126e+02
2.2267399841e+02,1.0000000000e+00,2.2267399841e+02
2.2255497901e+02,1.0000000000e+00,2.2255497901e+02
2.2435717548e+02,1.0000000000e+00,2.2435717548e+02
2.2612643627e+02,1.0000000000e+00,2.2612643627e+02
2.4778198503e+02,1.0000000000e+00,2.3030234450e+02
2.4846673698e+02,1.0000000000e+00,2.2854788818e+02
1.9906624015e+02,1.0000000000e+00,2.1632838592e+02
1.7468525504e+02,1.0000000000e+00,2.1028766012e+02
2.2302977620e+02,1.0000000000e+00,2.2073844092e+02
2.6551146383e+02,1.0000000000e+00,2.3139165501e+02
2.3580974740e+02,1.0000000000e+00,2.2743927669e+02
1.9197181804e+02,1.0000000000e+00,2.1893166813e+02
2.0489159528e+02,1.0000000000e+00,2.1941049943e+02
2.4485947885e+02,1.0000000000e+00,2.2375629479e+02
2.4068862032e+02,1.0000000000e+00,2.1972273838e+02
1.9567136979e+02,1.0000000000e+00,2.0937500083e+02
1.7908235217e+02,1.0000000000e+00,2.0539874345e+02
2.1086746144e+02,1.0000000000e+00,2.0893318727e+02
2.3322272982e+02,1.0000000000e+00,2.0775499020e+02
2.0666196215e+02,1.0000000000e+00,1.9727745948e+02
1.6885200135e+02,1.0000000000e+00,1.8861643472e+02
1.7535877268e+02,1.0000000000e+00,1.9212474491e+02
2.1456034623e+02,1.0000000000e+00,2.0148618629e+02
2.2205988154e+02,1.0000000000e+00,2.0174970666e+02
1.8431758803e+02,1.0000000000e+00,1.9167582288e+02
1.6318496373e+02,1.0000000000e+00,1.8485834750e+02
1.8766402028e+02,1.0000000000e+00,1.8485215053e+02
1.9701391198e+02,1.0000000000e+00,1.7573620124e+02
1.4842539933e+02,1.0000000000e+00,1.4792120591e+02
9.6481331298e+01,1.0000000000e+00,1.1513875578e+02
8.8644078616e+01,1.0000000000e+00,9.1001939489e+01
8.5053570985e+01,1.0000000000e+00,7.0722795405e+01
5.3010164165e+01,1.0000000000e+00,4.9773365093e+01
2.6354280400e+01,1.0000000000e+00,3.5750175409e+01
2.8657259208e+01,1.0000000000e+00,3.2378372555e+01
3.9198681901e+01,1.0000000000e+00,3.2852377542e+01
3.4812432151e+01,1.0000000000e+00,2.9841130224e+01
1.6357394708e+01,1.0000000000e+00,2.1137651200e+01
1.1061288980e+01,1.0000000000e+00,1.6505195603e+01
1.7569240518e+01,1.0000000000e+00,1.4233551459e+01
1.2675840038e+01,1.0000000000e+00,9.6816369110e+00
4.4665430646e+00,1.0000000000e+00,4.4665430646e+00
0.0000000000e+00,1.0000000000e+00,0.0000000000e+00
0.0000000000e+00,1.0000000000e+00,0.0000000000e+00
1.2889964653e+01,1.0000000000e+00,1.2889964653e+01
2.5779929307e+01,1.0000000000e+00,2.5779929307e+01
3.8669893960e+01,1.0000000000e+00,3.8669893960e+01
7.3392116183e+01,1.0000000000e+00,7.3392116183e+01
1.0416666667e+02,1.0000000000e+00,1.0416666667e+02
1.2500000000e+02,1.0000000000e+00,1.2500000000e+02
1.0416666667e+02,1.0000000000e+00,1.0416666667e+02
8.9285714286e+01,1.0000000000e+00,8.9285714286e+01
7.4404761905e+01,1.0000000000e+00,7.4404761905e+01
5.9523809524e+01,1.0000000000e+00,5.9523809524e+01
4.4642857143e+01,1.0000000000e+00,4.4642857143e+01
6.5196976892e+01,1.0000000000e+00,6.5196976892e+01
1.2410609732e+02,1.0000000000e+00,1.2410609732e+02
1.8270153531e+02,1.0000000000e+00,1.8270153531e+02
2.2486943813e+02,1.0000000000e+00,2.2486943813e+02
2.4574071211e+02,1.0000000000e+00,2.4574071211e+02
2.4993781927e+02,1.0000000000e+00,2.4993781927e+02
2.4295836494e+02,1.0000000000e+00,2.4295836494e+02
2.2606065455e+02,1.0000000000e+00,2.2606065455e+02
1.9958316680e+02,1.0000000000e+00,1.9958316680e+02
1.7032194957e+02,1.0000000000e+00,1.7032194957e+02
1.5274439163e+02,1.0000000000e+00,1.5274439163e+02
1.5887278972e+02,1.0000000000e+00,1.5887278972e+02
1.8625032939e+02,1.0000000000e+00,1.8625032939e+02
2.1805182800e+02,1.0000000000e+00,2.1805182800e+02
2.3504306973e+02,1.0000000000e+00,2.3504306973e+02
2.2730324075e+02,1.0000000000e+00,2.2730324075e+02
1.9872671257e+02,1.0000000000e+00,1.9872671257e+02
1.6483662029e+02,1.0000000000e+00,1.6483662029e+02
1.4474460967e+02,1.0000000000e+00,1.4474460967e+02
1.4961371021e+02,1.0000000000e+00,1.4961371021e+02
1.7537946052e+02,1.0000000000e+00,1.7537946052e+02
2.0681968748e+02,1.0000000000e+00,2.0681968748e+02
2.2954002269e+02,1.0000000000e+00,2.2954002269e+02
2.3856802607e+02,1.0000000000e+00,2.3856802607e+02
2.3763635891e+02,1.0000000000e+00,2.3763635891e+02
2.3324680104e+02,1.0000000000e+00,2.3324680104e+02
2.2987541635e+02,1.0000000000e+00,2.2987541635e+02
2.2868264311e+02,1.0000000000e+00,2.2868264311e+02
2.2869814226e+02,1.0000000000e+00,2.2869814226e+02
2.2863820132e+02,1.0000000000e+00,2.2863820132e+02
2.2807865247e+02,1.0000000000e+00,2.2807865247e+02
2.2747134669e+02,1.0000000000e+00,2.2747134669e+02
2.2711853210e+02,1.0000000000e+00,2.2711853210e+02
2.2564228325e+02,1.0000000000e+00,2.2564228325e+02
2.1881199696e+02,1.0000000000e+00,2.1881199696e+02
2.0072165046e+02,1.0000000000e+00,2.0072165046e+02
1.6931857772e+02,1.0000000000e+00,1.6931857772e+02
1.3279737601e+02,1.0000000000e+00,1.3279737601e+02
1.0814192170e+02,1.0000000000e+00,1.0814192170e+02
1.0971543110e+02,1.0000000000e+00,1.0971543110e+02
1.3796708958e+02,1.0000000000e+00,1.3796708958e+02
1.7912580697e+02,1.0000000000e+00,1.7912580697e+02
2.1564635391e+02,1.0000000000e+00,2.1564635391e+02
2.3736416322e+02,1.0000000000e+00,2.3736416322e+02
2.4422933541e+02,1.0000000000e+00,2.4422933541e+02
2.4093585995e+02,1.0000000000e+00,2.4093585995e+02
2.3082281391e+02,1.0000000000e+00,2.3082281391e+02
2.1473462401e+02,1.0000000000e+00,2.1473462401e+02
1.9443272234e+02,1.0000000000e+00,1.9443272234e+02
1.7588221274e+02,1.0000000000e+00,1.7588221274e+02
1.6743324874e+02,1.0000000000e+00,1.6743324874e+02
1.7283217715e+02,1.0000000000e+00,1.7283217715e+02
1.8659751459e+02,1.0000000000e+00,1.8659751459e+02
1.9809147837e+02,1.0000000000e+00,1.9809147837e+02
1.9903996503e+02,1.0000000000e+00,1.9903996503e+02
1.8637752948e+02,1.0000000000e+00,1.8637752948e+02
1.6229301168e+02,1.0000000000e+00,1.6229301168e+02
1.3519991109e+02,1.0000000000e+00,1.3519991109e+02
1.1744892554e+02,1.0000000000e+00,1.1744892554e+02
1.1767590711e+02,1.0000000000e+00,1.1767590711e+02
1.3509471213e+02,1.0000000000e+00,1.3509471213e+02
1.6168190952e+02,1.0000000000e+00,1.6168190952e+02
1.8857505746e+02,1.0000000000e+00,1.8857505746e+02
2.1010811942e+02,1.0000000000e+00,2.1010811942e+02
2.2411469200e+02,1.0000000000e+00,2.2411469200e+02
2.3096494045e+02,1.0000000000e+00,2.3096494045e+02
2.3269653575e+02,1.0000000000e+00,2.3269653575e+02
2.3193481722e+02,1.0000000000e+00,2.3193481722e+02
2.3070988840e+02,1.0000000000e+00,2.3070988840e+02
2.2988288077e+02,1.0000000000e+00,2.2988288077e+02
2.2941363539e+02,1.0000000000e+00,2.2941363539e+02
2.2904226110e+02,1.0000000000e+00,2.2904226110e+02
2.2879499376e+02,1.0000000000e+00,2.2879499376e+02
2.2893545967e+02,1.0000000000e+00,2.2893545967e+02
2.2947626893e+02,1.0000000000e+00,2.2947626893e+02
2.2986876613e+02,1.0000000000e+00,2.2986876613e+02
2.2935172421e+02,1.0000000000e+00,2.2935172421e+02
2.2770975417e+02,1.0000000000e+00,2.2770975417e+02
2.2568024200e+02,1.0000000000e+00,2.2568024200e+02
2.2439810413e+02,1.0000000000e+00,2.2439810413e+02
2.2424650480e+02,1.0000000000e+00,2.2424650480e+02
2.2453180980e+02,1.0000000000e+00,2.2453180980e+02
2.2454325545e+02,1.0000000000e+00,2.2454325545e+02
2.2446760776e+02,1.0000000000e+00,2.2446760776e+02
2.2488533550e+02,1.0000000000e+00,2.2488533550e+02
2.2588024814e+02,1.0000000000e+00,2.2588024814e+02
2.2696882161e+02,1.0000000000e+00,2.2696882161e+02
2.2715308888e+02,1.0000000000e+00,2.2715308888e+02
2.2455060415e+02,1.0000000000e+00,2.2455060415e+02
2.1700925964e+02,1.0000000000e+00,2.1700925964e+02
2.0417711151e+02,1.0000000000e+00,2.0417711151e+02
1.8808222929e+02,1.0000000000e+00,1.8808222929e+02
1.7037170740e+02,1.0000000000e+00,1.7037170740e+02
1.5020829786e+02,1.0000000000e+00,1.5020829786e+02
1.2683590223e+02,1.0000000000e+00,1.2683590223e+02
1.0306657703e+02,1.0000000000e+00,1.0306657703e+02
8.3968422517e+01,1.0000000000e+00,8.3968422517e+01
7.2738928925e+01,1.0000000000e+00,7.2738928925e+01
6.9023255454e+01,1.0000000000e+00,6.9023255454e+01
6.9598763769e+01,1.0000000000e+00,6.9598763769e+01
6.9529165733e+01,1.0000000000e+00,6.9529165733e+01
6.4694255046e+01,1.0000000000e+00,6.4694255046e+01
5.4813404277e+01,1.0000000000e+00,5.4813404277e+01
4.3347014082e+01,1.0000000000e+00,4.3347014082e+01
3.4169483005e+01,1.0000000000e+00,3.4169483005e+01
2.8845822170e+01,1.0000000000e+00,2.8845822170e+01
2.6540942285e+01,1.0000000000e+00,2.6540942285e+01
2.5213265213e+01,1.0000000000e+00,2.5213265213e+01
1.8957815918e+01,1.0000000000e+00,1.8957815918e+01
1.5166252734e+01,1.0000000000e+00,1.5166252734e+01
1.1374689551e+01,1.0000000000e+00,1.1374689551e+01
1.7008147468e+01,1.0000000000e+00,1.7008147468e+01
3.4016294937e+01,1.0000000000e+00,3.4016294937e+01
5.1024442405e+01,1.0000000000e+00,5.1024442405e+01
8.8628021151e+01,1.0000000000e+00,8.8628021151e+01
1.2499810156e+02,1.0000000000e+00,1.2499810156e+02
1.4539262118e+02,1.0000000000e+00,1.4539262118e+02
1.4216451297e+02,1.0000000000e+00,1.4216451297e+02
1.2185448030e+02,1.0000000000e+00,1.2185448030e+02
1.0241936101e+02,1.0000000000e+00,1.0241936101e+02
1.0058133765e+02,1.0000000000e+00,1.0058133765e+02
1.2027933830e+02,1.0000000000e+00,1.2027933830e+02
1.5291160630e+02,1.0000000000e+00,1.5291160630e+02
1.8623507105e+02,1.0000000000e+00,1.8623507105e+02
2.1139483258e+02,1.0000000000e+00,2.1139483258e+02
2.2471680037e+02,1.0000000000e+00,2.2471680037e+02
2.4978812110e+02,1.0000000000e+00,2.3182065577e+02
2.4050164524e+02,1.0000000000e+00,2.2734126661e+02
1.8463123715e+02,1.0000000000e+00,2.1356714066e+02
1.9230198952e+02,1.0000000000e+00,2.1539088350e+02
2.6564588600e+02,1.0000000000e+00,2.3295638459e+02
2.5735779212e+02,1.0000000000e+00,2.3461410352e+02
1.8941255132e+02,1.0000000000e+00,2.2283445491e+02
2.0076602516e+02,1.0000000000e+00,2.2485116472e+02
2.6496836342e+02,1.0000000000e+00,2.3604712996e+02
2.6873400840e+02,1.0000000000e+00,2.3502494331e+02
2.1007223370e+02,1.0000000000e+00,2.2238275918e+02
1.7809613009e+02,1.0000000000e+00,2.1589865596e+02
2.1341178868e+02,1.0000000000e+00,2.2270827580e+02
2.5846231088e+02,1.0000000000e+00,2.3057739164e+02
2.4824772792e+02,1.0000000000e+00,2.2705200557e+02
2.0216277430e+02,1.0000000000e+00,2.1735562883e+02
1.9112159285e+02,1.0000000000e+00,2.1650691959e+02
2.3422443142e+02,1.0000000000e+00,2.2804409243e+02
2.6319062699e+02,1.0000000000e+00,2.3707230061e+02
2.3258229183e+02,1.0000000000e+00,2.3211405942e+02
1.9771709613e+02,1.0000000000e+00,2.2040167329e+02
1.9595942816e+02,1.0000000000e+00,2.0565932945e+02
1.9292709796e+02,1.0000000000e+00,1.8076868261e+02
1.6284078654e+02,1.0000000000e+00,1.4570147518e+02
1.1497197924e+02,1.0000000000e+00,1.1019249226e+02
7.0317099139e+01,1.0000000000e+00,8.4105184156e+01
5.1578655798e+01,1.0000000000e+00,7.3243986649e+01
7.3839972269e+01,1.0000000000e+00,8.0014074336e+01
1.2345649304e+02,1.0000000000e+00,1.0244188963e+02
1.5488264300e+02,1.0000000000e+00,1.3223191637e+02
1.4644224570e+02,1.0000000000e+00,1.6106258234e+02
1.6060040196e+02,1.0000000000e+00,1.9147934681e+02
2.3216461766e+02,1.0000000000e+00,2.2065635533e+02
2.5828842385e+02,1.0000000000e+00,2.2597635006e+02
2.0292193054e+02,1.0000000000e+00,2.0693116255e+02
1.6413912964e+02,1.0000000000e+00,1.9198477330e+02
1.8843796362e+02,1.0000000000e+00,1.9397319612e+02
2.2300234130e+02,1.0000000000e+00,1.9995167095e+02
2.1029263365e+02,1.0000000000e+00,1.9592461360e+02
1.7143894927e+02,1.0000000000e+00,1.8720216621e+02
1.6856184224e+02,1.0000000000e+00,1.8782321536e+02
2.0292965293e+02,1.0000000000e+00,1.9619604797e+02
2.1607317636e+02,1.0000000000e+00,1.9683180067e+02
1.8446500599e+02,1.0000000000e+00,1.8363228796e+02
1.5064231158e+02,1.0000000000e+00,1.6667814521e+02
1.4656114271e+02,1.0000000000e+00,1.5352348428e+02
1.4846781331e+02,1.0000000000e+00,1.3850174279e+02
1.2520868936e+02,1.0000000000e+00,1.1475909008e+02
8.4045808972e+01,1.0000000000e+00,8.5956846892e+01
5.3781158577e+01,1.0000000000e+00,6.1902000223e+01
4.4393466325e+01,1.0000000000e+00,4.7381851503e+01
4.2294796606e+01,1.0000000000e+00,3.9691284374e+01
3.7005983387e+01,1.0000000000e+00,3.4968326887e+01
3.1778214905e+01,1.0000000000e+00,3.1963051395e+01
2.9670686730e+01,1.0000000000e+00,2.9959797719e+01
2.7585472894e+01,1.0000000000e+00,2.7578730057e+01
2.1451482476e+01,1.0000000000e+00,2.1451482476e+01
1.7161185981e+01,1.0000000000e+00,1.7161185981e+01
1.2870889486e+01,1.0000000000e+00,1.2870889486e+01
8.5805929905e+00,1.0000000000e+00,8.5805929905e+00
4.2902964952e+00,1.0000000000e+00,4.2902964952e+00
0.0000000000e+00,9.0000000000e-01,0.0000000000e+00
0.0000000000e+00,8.0000000000e-01,0.0000000000e+00
0.0000000000e+00,7.0000000000e-01,0.0000000000e+00
0.0000000000e+00,6.0000000000e-01,0.0000000000e+00
0.0000000000e+00,6.0000000000e-01,0.0000000000e+00
0.0000000000e+00,6.0000000000e-01,0.0000000000e+00
0.0000000000e+00,6.0000000000e-01,0.0000000000e+00
0.0000000000e+00,6.0000000000e-01,0.0000000000e+00
0.0000000000e+00,6.0000000000e-01,0.0000000000e+00
0.0000000000e+00,6.0000000000e-01,0.0000000000e+00
0.0000000000e+00,6.0000000000e-01,0.0000000000e+00
0.0000000000e+00,6.0000000000e-01,0.0000000000e+00
0.0000000000e+00,6.0000000000e-01,0.0000000000e+00
0.0000000000e+00,6.0000000000e-01,0.0000000000e+00
0.0000000000e+00,6.0000000000e-01,0.0000000000e+00
0.0000000000e+00,6.0000000000e-01,0.0000000000e+00
0.0000000000e+00,6.0000000000e-01,0.0000000000e+00
0.0000000000e+00,6.0000000000e-01,0.0000000000e+00
0.0000000000e+00,6.0000000000e-01,0.0000000000e+00
0.0000000000e+00,6.0000000000e-01,0.0000000000e+00
0.0000000000e+00,7.0000000000e-01,0.0000000000e+00
0.0000000000e+00,8.0000000000e-01,0.0000000000e+00
0.0000000000e+00,9.0000000000e-01,0.0000000000e+00
1.6289094857e+01,1.0000000000e+00,1.6289094857e+01
3.2578189714e+01,1.0000000000e+00,3.2578189714e+01
4.8867284571e+01,1.0000000000e+00,4.8867284571e+01
1.0110826948e+02,1.0000000000e+00,1.0110826948e+02
1.5527361763e+02,1.0000000000e+00,1.5527361763e+02
1.9673584089e+02,1.0000000000e+00,1.9673584089e+02
2.1563368211e+02,1.0000000000e+00,2.1563368211e+02
2.1015038729e+02,1.0000000000e+00,2.1015038729e+02
1.8723538246e+02,1.0000000000e+00,1.8723538246e+02
1.6026201574e+02,1.0000000000e+00,1.6026201574e+02
1.4297655741e+02,1.0000000000e+00,1.4297655741e+02
1.4134378737e+02,1.0000000000e+00,1.4134378737e+02
1.4802985671e+02,1.0000000000e+00,1.4802985671e+02
1.4640420317e+02,1.0000000000e+00,1.4640420317e+02
1.2463820891e+02,1.0000000000e+00,1.2463820891e+02
8.7758131566e+01,1.0000000000e+00,8.7758131566e+01
5.4787598475e+01,1.0000000000e+00,5.4787598475e+01
4.3874754836e+01,1.0000000000e+00,4.3874754836e+01
8.3434503681e+01,1.0000000000e+00,8.3434503681e+01
1.1147912581e+02,1.0000000000e+00,1.1147912581e+02
1.2500000000e+02,1.0000000000e+00,1.2500000000e+02
1.1123452769e+02,1.0000000000e+00,1.1123452769e+02
9.1721065153e+01,1.0000000000e+00,9.1721065153e+01
7.3346028788e+01,1.0000000000e+00,7.3346028788e+01
5.5310774744e+01,1.0000000000e+00,5.5310774744e+01
3.7615303021e+01,1.0000000000e+00,3.7615303021e+01
3.9426802647e+01,1.0000000000e+00,3.9426802647e+01
3.9184785714e+01,1.0000000000e+00,3.9184785714e+01
3.3795997378e+01,1.0000000000e+00,3.3795997378e+01
2.8507499503e+01,1.0000000000e+00,2.8507499503e+01
3.1923548359e+01,1.0000000000e+00,3.1923548359e+01
4.8299718836e+01,1.0000000000e+00,4.8299718836e+01
7.3261758175e+01,1.0000000000e+00,7.3261758175e+01
9.6577102467e+01,1.0000000000e+00,9.6577102467e+01
1.0980805556e+02,1.0000000000e+00,1.0980805556e+02
1.1182165082e+02,1.0000000000e+00,1.1182165082e+02
1.0774609934e+02,1.0000000000e+00,1.0774609934e+02
1.0396715434e+02,1.0000000000e+00,1.0396715434e+02
1.0399686596e+02,1.0000000000e+00,1.0399686596e+02
1.0725112040e+02,1.0000000000e+00,1.0725112040e+02
1.1034820496e+02,1.0000000000e+00,1.1034820496e+02
1.0969894926e+02,1.0000000000e+00,1.0969894926e+02
1.0397961604e+02,1.0000000000e+00,1.0397961604e+02
9.5303099547e+01,1.0000000000e+00,9.5303099547e+01
8.8061086335e+01,1.0000000000e+00,8.8061086335e+01
8.5655100526e+01,1.0000000000e+00,8.5655100526e+01
8.8091965121e+01,1.0000000000e+00,8.8091965121e+01
9.3040976089e+01,1.0000000000e+00,9.3040976089e+01
9.8452239137e+01,1.0000000000e+00,9.8452239137e+01
1.0348782676e+02,1.0000000000e+00,1.0348782676e+02
1.0789676431e+02,1.0000000000e+00,1.0789676431e+02
1.1163851429e+02,1.0000000000e+00,1.1163851429e+02
1.1498214498e+02,1.0000000000e+00,1.1498214498e+02
1.1823868472e+02,1.0000000000e+00,1.1823868472e+02
1.2109401149e+02,1.0000000000e+00,1.2109401149e+02
1.2243632396e+02,1.0000000000e+00,1.2243632396e+02
1.2122489689e+02,1.0000000000e+00,1.2122489689e+02
1.1777949870e+02,1.0000000000e+00,1.1777949870e+02
1.1411891920e+02,1.0000000000e+00,1.1411891920e+02
1.1265590090e+02,1.0000000000e+00,1.1265590090e+02
1.1431074399e+02,1.0000000000e+00,1.1431074399e+02
1.1787440435e+02,1.0000000000e+00,1.1787440435e+02
1.2126428919e+02,1.0000000000e+00,1.2126428919e+02
1.2352728723e+02,1.0000000000e+00,1.2352728723e+02
1.2542180199e+02,1.0000000000e+00,1.2542180199e+02
1.2769780490e+02,1.0000000000e+00,1.2769780490e+02
1.2956440258e+02,1.0000000000e+00,1.2956440258e+02
1.2987895504e+02,1.0000000000e+00,1.2987895504e+02
1.2911394725e+02,1.0000000000e+00,1.2911394725e+02
1.2901345584e+02,1.0000000000e+00,1.2901345584e+02
1.3075965735e+02,1.0000000000e+00,1.3075965735e+02
1.3413696601e+02,1.0000000000e+00,1.3413696601e+02
1.3801772582e+02,1.0000000000e+00,1.3801772582e+02
1.4105618702e+02,1.0000000000e+00,1.4105618702e+02
1.4205462174e+02,1.0000000000e+00,1.4205462174e+02
1.4020195191e+02,1.0000000000e+00,1.4020195191e+02
1.3537082204e+02,1.0000000000e+00,1.3537082204e+02
1.2828796196e+02,1.0000000000e+00,1.2828796196e+02
1.2028149479e+02,1.0000000000e+00,1.2028149479e+02
1.1272682259e+02,1.0000000000e+00,1.1272682259e+02
1.0672097702e+02,1.0000000000e+00,1.0672097702e+02
1.0306765610e+02,1.0000000000e+00,1.0306765610e+02
1.0202867806e+02,1.0000000000e+00,1.0202867806e+02
1.0288130881e+02,1.0000000000e+00,1.0288130881e+02
1.0412985029e+02,1.0000000000e+00,1.0412985029e+02
1.0446089557e+02,1.0000000000e+00,1.0446089557e+02
1.0340692798e+02,1.0000000000e+00,1.0340692798e+02
1.0114181865e+02,1.0000000000e+00,1.0114181865e+02
9.7906192336e+01,1.0000000000e+00,9.7906192336e+01
9.3716906796e+01,1.0000000000e+00,9.3716906796e+01
8.8565533933e+01,1.0000000000e+00,8.8565533933e+01
8.2866658368e+01,1.0000000000e+00,8.2866658368e+01
7.7690275303e+01,1.0000000000e+00,7.7690275303e+01
7.4430950345e+01,1.0000000000e+00,7.4430950345e+01
7.3962248863e+01,1.0000000000e+00,7.3962248863e+01
7.5850756167e+01,1.0000000000e+00,7.5850756167e+01
7.8365853366e+01,1.0000000000e+00,7.8365853366e+01
7.9408137019e+01,1.0000000000e+00,7.9408137019e+01
7.7699128610e+01,1.0000000000e+00,7.7699128610e+01
7.3453764137e+01,1.0000000000e+00,7.3453764137e+01
6.8172327792e+01,1.0000000000e+00,6.8172327792e+01
6.3735414311e+01,1.0000000000e+00,6.3735414311e+01
6.1485993903e+01,1.0000000000e+00,6.1485993903e+01
6.1831450878e+01,1.0000000000e+00,6.1831450878e+01
6.4175600415e+01,1.0000000000e+00,6.4175600415e+01
6.7019164993e+01,1.0000000000e+00,6.7019164993e+01
6.8551563323e+01,1.0000000000e+00,6.8551563323e+01
6.7565751484e+01,1.0000000000e+00,6.7565751484e+01
6.3947735024e+01,1.0000000000e+00,6.3947735024e+01
5.8546054163e+01,1.0000000000e+00,5.8546054163e+01
5.2913699653e+01,1.0000000000e+00,5.2913699653e+01
4.9100237763e+01,1.0000000000e+00,4.9100237763e+01
4.8953721848e+01,1.0000000000e+00,4.8953721848e+01
5.2917185842e+01,1.0000000000e+00,5.2917185842e+01
5.9612671107e+01,1.0000000000e+00,5.9612671107e+01
7.0053566857e+01,1.0000000000e+00,6.7531430523e+01
7.8350159929e+01,1.0000000000e+00,7.4166800302e+01
7.4544480636e+01,1.0000000000e+00,7.6787215333e+01
6.8441904263e+01,1.0000000000e+00,7.7155241677e+01
7.8359040157e+01,1.0000000000e+00,7.9525535144e+01
9.1575430691e+01,1.0000000000e+00,8.2614694380e+01
8.7821711958e+01,1.0000000000e+00,8.3179094825e+01
7.4689167449e+01,1.0000000000e+00,8.1964646277e+01
7.2911597143e+01,1.0000000000e+00,8.1412228451e+01
8.4423059792e+01,1.0000000000e+00,8.1464348959e+01
9.0720989741e+01,1.0000000000e+00,8.0116432337e+01
8.0895963079e+01,1.0000000000e+00,7.6971390639e+01
6.5698945498e+01,1.0000000000e+00,7.3647730919e+01
6.2269972004e+01,1.0000000000e+00,7.1294962975e+01
7.0625821192e+01,1.0000000000e+00,6.8592394801e+01
7.2653375345e+01,1.0000000000e+00,6.2857913935e+01
5.7590563017e+01,1.0000000000e+00,5.3922482660e+01
3.8079177440e+01,1.0000000000e+00,4.5600377165e+01
3.4206266428e+01,1.0000000000e+00,4.2038209698e+01
4.6672259593e+01,1.0000000000e+00,4.2940595624e+01
5.3940242611e+01,1.0000000000e+00,4.3670427167e+01
4.2769587929e+01,1.0000000000e+00,4.1534315197e+01
2.9516616841e+01,1.0000000000e+00,3.9658558889e+01
3.5122429305e+01,1.0000000000e+00,4.1689976334e+01
5.2429789998e+01,1.0000000000e+00,4.5614237671e+01
5.5952624397e+01,1.0000000000e+00,4.6084773978e+01
3.9917557331e+01,1.0000000000e+00,4.1755575664e+01
2.6683554198e+01,1.0000000000e+00,3.6659002042e+01
3.0585081646e+01,1.0000000000e+00,3.3441075680e+01
3.8998128797e+01,1.0000000000e+00,3.1220248060e+01
3.2112636316e+01,1.0000000000e+00,2.5939712514e+01
1.4554222597e+01,1.0000000000e+00,1.8524592720e+01
6.0440671462e+00,1.0000000000e+00,1.2919124579e+01
9.4945160454e+00,1.0000000000e+00,9.7057773092e+00
9.4218468644e+00,1.0000000000e+00,5.7878064229e+00
1.4136093380e+00,9.0000000000e-01,2.8272186760e-01
0.0000000000e+00,8.0000000000e-01,0.0000000000e+00
0.0000000000e+00,7.0000000000e-01,0.0000000000e+00
8.7613864999e-03,6.0000000000e-01,1.7522773000e-03
0.0000000000e+00,6.0000000000e-01,0.0000000000e+00
0.0000000000e+00,6.0000000000e-01,0.0000000000e+00
0.0000000000e+00,6.0000000000e-01,0.0000000000e+00
0.0000000000e+00,6.0000000000e-01,0.0000000000e+00
0.0000000000e+00,6.0000000000e-01,0.0000000000e+00
0.0000000000e+00,6.0000000000e-01,0.0000000000e+00
0.0000000000e+00,6.0000000000e-01,0.0000000000e+00
0.0000000000e+00,6.0000000000e-01,0.0000000000e+00
0.0000000000e+00,6.0000000000e-01,0.0000000000e+00
0.0000000000e+00,6.0000000000e-01,0.0000000000e+00
0.0000000000e+00,6.0000000000e-01,0.0000000000e+00
0.0000000000e+00,6.0000000000e-01,0.0000000000e+00
0.0000000000e+00,6.0000000000e-01,0.0000000000e+00
0.0000000000e+00,6.0000000000e-01,0.0000000000e+00
0.0000000000e+00,6.0000000000e-01,0.0000000000e+00
0.0000000000e+00,6.0000000000e-01,0.0000000000e+00
0.0000000000e+00,6.0000000000e-01,0.0000000000e+00
0.0000000000e+00,6.0000000000e-01,0.0000000000e+00
0.0000000000e+00,6.0000000000e-01,0.0000000000e+00
0.0000000000e+00,6.0000000000e-01,0.0000000000e+00
0.0000000000e+00,6.0000000000e-01,0.0000000000e+00
0.0000000000e+00,6.0000000000e-01,0.0000000000e+00
0.0000000000e+00,6.0000000000e-01,0.0000000000e+00
0.0000000000e+00,6.0000000000e-01,0.0000000000e+00
0.0000000000e+00,6.0000000000e-01,0.0000000000e+00
0.0000000000e+00,6.0000000000e-01,0.0000000000e+00
0.0000000000e+00,6.0000000000e-01,0.0000000000e+00
0.0000000000e+00,6.0000000000e-01,0.0000000000e+00
0.0000000000e+00,6.0000000000e-01,0.0000000000e+00
0.0000000000e+00,6.0000000000e-01,0.0000000000e+00
0.0000000000e+00,6.0000000000e-01,0.0000000000e+00
0.0000000000e+00,6.0000000000e-01,0.0000000000e+00
0.0000000000e+00,6.0000000000e-01,0.0000000000e+00
0.0000000000e+00,6.0000000000e-01,0.0000000000e+00
0.0000000000e+00,6.0000000000e-01,0.0000000000e+00
0.0000000000e+00,6.0000000000e-01,0.0000000000e+00
0.0000000000e+00,6.0000000000e-01,0.0000000000e+00
0.0000000000e+00,6.0000000000e-01,0.0000000000e+00
0.0000000000e+00,6.0000000000e-01,0.0000000000e+00
0.0000000000e+00,6.0000000000e-01,0.0000000000e+00
0.0000000000e+00,6.0000000000e-01,0.0000000000e+00
0.0000000000e+00,6.0000000000e-01,0.0000000000e+00
0.0000000000e+00,6.0000000000e-01,0.0000000000e+00
0.0000000000e+00,6.0000000000e-01,0.0000000000e+00
0.0000000000e+00,6.0000000000e-01,0.0000000000e+00
0.0000000000e+00,6.0000000000e-01,0.0000000000e+00
0.0000000000e+00,6.0000000000e-01,0.0000000000e+00
0.0000000000e+00,6.0000000000e-01,0.0000000000e+00
0.0000000000e+00,6.0000000000e-01,0.0000000000e+00
0.0000000000e+00,6.0000000000e-01,0.0000000000e+00
0.0000000000e+00,6.0000000000e-01,0.0000000000e+00
0.0000000000e+00,6.0000000000e-01,0.0000000000e+00
0.0000000000e+00,6.0000000000e-01,0.0000000000e+00
0.0000000000e+00,6.0000000000e-01,0.0000000000e+00
0.0000000000e+00,6.0000000000e-01,0.0000000000e+00
0.0000000000e+00,7.0000000000e-01,0.0000000000e+00
0.0000000000e+00,8.0000000000e-01,0.0000000000e+00
0.0000000000e+00,9.0000000000e-01,0.0000000000e+00
1.5491137609e+01,1.0000000000e+00,1.5491137609e+01
3.0982275218e+01,1.0000000000e+00,3.0982275218e+01
4.6473412826e+01,1.0000000000e+00,4.6473412826e+01
7.3470811191e+01,1.0000000000e+00,7.3470811191e+01
9.0778944906e+01,1.0000000000e+00,9.0778944906e+01
9.5553781735e+01,1.0000000000e+00,9.5553781735e+01
9.2408724854e+01,1.0000000000e+00,9.2408724854e+01
8.7488575762e+01,1.0000000000e+00,8.7488575762e+01
8.4094715984e+01,1.0000000000e+00,8.4094715984e+01
8.3203627209e+01,1.0000000000e+00,8.3203627209e+01
9.6015515077e+01,1.0000000000e+00,9.6015515077e+01
1.0762561863e+02,1.0000000000e+00,1.0762561863e+02
1.1803393787e+02,1.0000000000e+00,1.1803393787e+02
1.2500000000e+02,1.0000000000e+00,1.2500000000e+02
1.1749879007e+02,1.0000000000e+00,1.1749879007e+02
1.0779676606e+02,1.0000000000e+00,1.0779676606e+02
9.8311749786e+01,1.0000000000e+00,9.8311749786e+01
8.9043741233e+01,1.0000000000e+00,8.9043741233e+01
7.9992740406e+01,1.0000000000e+00,7.9992740406e+01
8.0136246554e+01,1.0000000000e+00,8.0136246554e+01
8.0803834294e+01,1.0000000000e+00,8.0803834294e+01
7.7887495202e+01,1.0000000000e+00,7.7887495202e+01
7.0298837318e+01,1.0000000000e+00,7.0298837318e+01
6.1361877539e+01,1.0000000000e+00,6.1361877539e+01
5.4961173400e+01,1.0000000000e+00,5.4961173400e+01
5.1831743801e+01,1.0000000000e+00,5.1831743801e+01
5.0609027741e+01,1.0000000000e+00,5.0609027741e+01
5.0597962474e+01,1.0000000000e+00,5.0597962474e+01
5.1477495448e+01,1.0000000000e+00,5.1477495448e+01
5.1509302802e+01,1.0000000000e+00,5.1509302802e+01
4.8808280855e+01,1.0000000000e+00,4.8808280855e+01
4.4485116266e+01,1.0000000000e+00,4.4485116266e+01
4.2019474366e+01,1.0000000000e+00,4.2019474366e+01
4.2604044887e+01,1.0000000000e+00,4.2604044887e+01
4.3140710587e+01,1.0000000000e+00,4.3140710587e+01
4.0295690605e+01,1.0000000000e+00,4.0295690605e+01
3.5154806129e+01,1.0000000000e+00,3.5154806129e+01
3.2157355875e+01,1.0000000000e+00,3.2157355875e+01
3.3957839382e+01,1.0000000000e+00,3.3957839382e+01
3.8649419219e+01,1.0000000000e+00,3.8649419219e+01
4.1794728109e+01,1.0000000000e+00,4.1794728109e+01
4.0158220952e+01,1.0000000000e+00,4.0158220952e+01
3.4421332245e+01,1.0000000000e+00,3.4421332245e+01
2.8684443537e+01,1.0000000000e+00,2.8684443537e+01
2.2947554830e+01,1.0000000000e+00,2.2947554830e+01
1.7210666122e+01,1.0000000000e+00,1.7210666122e+01
1.1473777415e+01,1.0000000000e+00,1.1473777415e+01
5.7368887074e+00,1.0000000000e+00,5.7368887074e+00
0.0000000000e+00,1.0000000000e+00,0.0000000000e+00
0.0000000000e+00,1.0000000000e+00,0.0000000000e+00
0.0000000000e+00,1.0000000000e+00,0.0000000000e+00
0.0000000000e+00,1.0000000000e+00,0.0000000000e+00
0.0000000000e+00,1.0000000000e+00,0.0000000000e+00
0.0000000000e+00,1.0000000000e+00,0.0000000000e+00
1.5513886287e+01,1.0000000000e+00,1.5513886287e+01
3.1027772574e+01,1.0000000000e+00,3.1027772574e+01
4.6541658860e+01,1.0000000000e+00,4.6541658860e+01
7.6025134265e+01,1.0000000000e+00,7.6025134265e+01
1.0416666667e+02,1.0000000000e+00,1.0416666667e+02
1.2500000000e+02,1.0000000000e+00,1.2500000000e+02
1.3416007878e+02,1.0000000000e+00,1.3416007878e+02
1.3714248225e+02,1.0000000000e+00,1.3216401145e+02
1.3241228364e+02,1.0000000000e+00,1.2377790592e+02
1.0882893173e+02,1.0000000000e+00,1.1184674521e+02
8.2732943697e+01,1.0000000000e+00,9.9638632736e+01
8.7680070595e+01,1.0000000000e+00,9.3864718724e+01
1.0413741243e+02,1.0000000000e+00,9.0618423171e+01
9.3641224786e+01,1.0000000000e+00,8.2206997194e+01
6.3525164931e+01,1.0000000000e+00,7.0097172246e+01
4.8990542133e+01,1.0000000000e+00,6.1329210181e+01
5.9124222087e+01,1.0000000000e+00,5.7720484138e+01
6.5911003529e+01,1.0000000000e+00,5.3667953865e+01
5.4884485140e+01,1.0000000000e+00,5.2285657639e+01
3.8094091106e+01,1.0000000000e+00,4.9619694537e+01
4.5211742766e+01,1.0000000000e+00,5.1404848482e+01
6.5065250765e+01,1.0000000000e+00,5.5412839023e+01
6.4786081899e+01,1.0000000000e+00,5.4987717410e+01
4.4329823112e+01,1.0000000000e+00,5.0242978701e+01
3.4933191177e+01,1.0000000000e+00,4.7696452290e+01
5.0004529274e+01,1.0000000000e+00,4.9936496181e+01
6.4999429050e+01,1.0000000000e+00,5.1501717731e+01
5.3790013396e+01,1.0000000000e+00,4.6806559954e+01
2.8221935019e+01,1.0000000000e+00,3.8771027467e+01
2.2549900763e+01,1.0000000000e+00,3.5566934189e+01
4.3321821747e+01,1.0000000000e+00,3.9435938639e+01
5.9108597717e+01,1.0000000000e+00,4.3590010797e+01
4.6673569802e+01,1.0000000000e+00,4.1849385783e+01
2.3864635463e+01,1.0000000000e+00,3.6733108656e+01
2.2033754316e+01,1.0000000000e+00,3.4771949567e+01
4.2252460717e+01,1.0000000000e+00,3.7039346615e+01
5.4188951809e+01,1.0000000000e+00,3.7769981940e+01
3.6792742610e+01,1.0000000000e+00,3.2338116272e+01
1.0153413039e+01,1.0000000000e+00,2.4537938429e+01
9.6813902189e+00,1.0000000000e+00,2.2183561506e+01
2.6915213721e+01,1.0000000000e+00,1.9120072442e+01
4.8634007131e+01,1.0000000000e+00,3.0690607056e+01
5.4212580403e+01,1.0000000000e+00,5.1583256821e+01
5.5412739583e+01,1.0000000000e+00,7.2888103472e+01
8.6273248557e+01,1.0000000000e+00,1.0058798304e+02
1.2894820805e+02,1.0000000000e+00,1.2578964161e+02
1.1463316719e+02,1.0000000000e+00,1.0625996677e+02
9.2673952877e+01,1.0000000000e+00,8.9963362004e+01
7.3962660057e+01,1.0000000000e+00,7.4316341535e+01
5.9212300821e+01,1.0000000000e+00,5.9461507783e+01
4.4642857143e+01,1.0000000000e+00,4.4642857143e+01
2.9761904762e+01,1.0000000000e+00,2.9761904762e+01
1.4880952381e+01,1.0000000000e+00,1.4880952381e+01
0.0000000000e+00,1.0000000000e+00,0.0000000000e+00
0.0000000000e+00,1.0000000000e+00,0.0000000000e+00
0.0000000000e+00,1.0000000000e+00,0.0000000000e+00
0.0000000000e+00,1.0000000000e+00,0.0000000000e+00
0.0000000000e+00,1.0000000000e+00,0.0000000000e+00
0.0000000000e+00,1.0000000000e+00,0.0000000000e+00
0.0000000000e+00,1.0000000000e+00,0.0000000000e+00
0.0000000000e+00,1.0000000000e+00,0.0000000000e+00
0.0000000000e+00,1.0000000000e+00,0.0000000000e+00
0.0000000000e+00,1.0000000000e+00,0.0000000000e+00
0.0000000000e+00,1.0000000000e+00,0.0000000000e+00
0.0000000000e+00,1.0000000000e+00,0.0000000000e+00
0.0000000000e+00,1.0000000000e+00,0.0000000000e+00
0.0000000000e+00,1.0000000000e+00,0.0000000000e+00
0.0000000000e+00,1.0000000000e+00,0.0000000000e+00
0.0000000000e+00,1.0000000000e+00,0.0000000000e+00
0.0000000000e+00,1.0000000000e+00,0.0000000000e+00
0.0000000000e+00,1.0000000000e+00,0.0000000000e+00
0.0000000000e+00,1.0000000000e+00,0.0000000000e+00
0.0000000000e+00,1.0000000000e+00,0.0000000000e+00
0.0000000000e+00,1.0000000000e+00,0.0000000000e+00
0.0000000000e+00,1.0000000000e+00,0.0000000000e+00
0.0000000000e+00,1.0000000000e+00,0.0000000000e+00
0.0000000000e+00,1.0000000000e+00,0.0000000000e+00
0.0000000000e+00,1.0000000000e+00,0.0000000000e+00
0.0000000000e+00,1.0000000000e+00,0.0000000000e+00
0.0000000000e+00,1.0000000000e+00,0.0000000000e+00
0.0000000000e+00,1.0000000000e+00,0.0000000000e+00
0.0000000000e+00,1.0000000000e+00,0.0000000000e+00
0.0000000000e+00,1.0000000000e+00,0.0000000000e+00
0.0000000000e+00,1.0000000000e+00,0.0000000000e+00
0.0000000000e+00,1.0000000000e+00,0.0000000000e+00
0.0000000000e+00,1.0000000000e+00,0.0000000000e+00
0.0000000000e+00,1.0000000000e+00,0.0000000000e+00
0.0000000000e+00,1.0000000000e+00,0.0000000000e+00
0.0000000000e+00,1.0000000000e+00,0.0000000000e+00
0.0000000000e+00,1.0000000000e+00,0.0000000000e+00
0.0000000000e+00,1.0000000000e+00,0.0000000000e+00
0.0000000000e+00,1.0000000000e+00,0.0000000000e+00
0.0000000000e+00,1.0000000000e+00,0.0000000000e+00
0.0000000000e+00,1.0000000000e+00,0.0000000000e+00
0.0000000000e+00,1.0000000000e+00,0.0000000000e+00
0.0000000000e+00,1.0000000000e+00,0.0000000000e+00
0.0000000000e+00,1.0000000000e+00,0.0000000000e+00
0.0000000000e+00,1.0000000000e+00,0.0000000000e+00
0.0000000000e+00,1.0000000000e+00,0.0000000000e+00
0.0000000000e+00,1.0000000000e+00,0.0000000000e+00
0.0000000000e+00,1.0000000000e+00,0.0000000000e+00
0.0000000000e+00,1.0000000000e+00,0.0000000000e+00
0.0000000000e+00,1.0000000000e+00,0.0000000000e+00
0.0000000000e+00,1.0000000000e+00,0.0000000000e+00
0.0000000000e+00,1.0000000000e+00,0.0000000000e+00
0.0000000000e+00,1.0000000000e+00,0.0000000000e+00
0.0000000000e+00,1.0000000000e+00,0.0000000000e+00
0.0000000000e+00,1.0000000000e+00,0.0000000000e+00
0.0000000000e+00,1.0000000000e+00,0.0000000000e+00
0.0000000000e+00,1.0000000000e+00,0.0000000000e+00
0.0000000000e+00,1.0000000000e+00,0.0000000000e+00
0.0000000000e+00,1.0000000000e+00,0.0000000000e+00
0.0000000000e+00,1.0000000000e+00,0.0000000000e+00
0.0000000000e+00,1.0000000000e+00,0.0000000000e+00
0.0000000000e+00,1.0000000000e+00,0.0000000000e+00
0.0000000000e+00,1.0000000000e+00,0.0000000000e+00
0.0000000000e+00,1.0000000000e+00,0.0000000000e+00
0.0000000000e+00,1.0000000000e+00,0.0000000000e+00
0.0000000000e+00,1.0000000000e+00,0.0000000000e+00
0.0000000000e+00,1.0000000000e+00,0.0000000000e+00
0.0000000000e+00,1.0000000000e+00,0.0000000000e+00
0.0000000000e+00,1.0000000000e+00,0.0000000000e+00
0.0000000000e+00,1.0000000000e+00,0.0000000000e+00
0.0000000000e+00,1.0000000000e+00,0.0000000000e+00
0.0000000000e+00,1.0000000000e+00,0.0000000000e+00
0.0000000000e+00,1.0000000000e+00,0.0000000000e+00
0.0000000000e+00,1.0000000000e+00,0.0000000000e+00
0.0000000000e+00,1.0000000000e+00,0.0000000000e+00
0.0000000000e+00,1.0000000000e+00,0.0000000000e+00
0.0000000000e+00,1.0000000000e+00,0.0000000000e+00
0.0000000000e+00,1.0000000000e+00,0.0000000000e+00
0.0000000000e+00,1.0000000000e+00,0.0000000000e+00
0.0000000000e+00,1.0000000000e+00,0.0000000000e+00
0.0000000000e+00,1.0000000000e+00,0.0000000000e+00
0.0000000000e+00,1.0000000000e+00,0.0000000000e+00
0.0000000000e+00,1.0000000000e+00,0.0000000000e+00
0.0000000000e+00,1.0000000000e+00,0.0000000000e+00
0.0000000000e+00,1.0000000000e+00,0.0000000000e+00
0.0000000000e+00,1.0000000000e+00,0.0000000000e+00
0.0000000000e+00,1.0000000000e+00,0.0000000000e+00
0.0000000000e+00,1.0000000000e+00,0.0000000000e+00
0.0000000000e+00,1.0000000000e+00,0.0000000000e+00
0.0000000000e+00,1.0000000000e+00,0.0000000000e+00
0.0000000000e+00,1.0000000000e+00,0.0000000000e+00
0.0000000000e+00,1.0000000000e+00,0.0000000000e+00
0.0000000000e+00,1.0000000000e+00,0.0000000000e+00
0.0000000000e+00,1.0000000000e+00,0.0000000000e+00
0.0000000000e+00,1.0000000000e+00,0.0000000000e+00
0.0000000000e+00,1.0000000000e+00,0.0000000000e+00
0.0000000000e+00,1.0000000000e+00,0.0000000000e+00
0.0000000000e+00,1.0000000000e+00,0.0000000000e+00
0.0000000000e+00,1.0000000000e+00,0.0000000000e+00
0.0000000000e+00,1.0000000000e+00,0.0000000000e+00
0.0000000000e+00,1.0000000000e+00,0.0000000000e+00
0.0000000000e+00,1.0000000000e+00,0.0000000000e+00
0.0000000000e+00,1.0000000000e+00,0.0000000000e+00
0.0000000000e+00,1.0000000000e+00,0.0000000000e+00
0.0000000000e+00,1.0000000000e+00,0.0000000000e+00
0.0000000000e+00,1.0000000000e+00,0.0000000000e+00
0.0000000000e+00,1.0000000000e+00,0.0000000000e+00
0.0000000000e+00,1.0000000000e+00,0.0000000000e+00
0.0000000000e+00,1.0000000000e+00,0.0000000000e+00
0.0000000000e+00,1.0000000000e+00,0.0000000000e+00
0.0000000000e+00,1.0000000000e+00,0.0000000000e+00
0.0000000000e+00,1.0000000000e+00,0.0000000000e+00
0.0000000000e+00,1.0000000000e+00,0.0000000000e+00
0.0000000000e+00,1.0000000000e+00,0.0000000000e+00
0.0000000000e+00,1.0000000000e+00,0.0000000000e+00
0.0000000000e+00,1.0000000000e+00,0.0000000000e+00
0.0000000000e+00,1.0000000000e+00,0.0000000000e+00
0.0000000000e+00,1.0000000000e+00,0.0000000000e+00
0.0000000000e+00,1.0000000000e+00,0.0000000000e+00
0.0000000000e+00,1.0000000000e+00,0.0000000000e+00
0.0000000000e+00,1.0000000000e+00,0.0000000000e+00
0.0000000000e+00,1.0000000000e+00,0.0000000000e+00
0.0000000000e+00,1.0000000000e+00,0.0000000000e+00
0.0000000000e+00,1.0000000000e+00,0.0000000000e+00
0.0000000000e+00,1.0000000000e+00,0.0000000000e+00
0.0000000000e+00,1.0000000000e+00,0.0000000000e+00
0.0000000000e+00,1.0000000000e+00,0.0000000000e+00
0.0000000000e+00,1.0000000000e+00,0.0000000000e+00
0.0000000000e+00,1.0000000000e+00,0.0000000000e+00
0.0000000000e+00,1.0000000000e+00,0.0000000000e+00
0.0000000000e+00,1.0000000000e+00,0.0000000000e+00
0.0000000000e+00,1.0000000000e+00,0.0000000000e+00
0.0000000000e+00,1.0000000000e+00,0.0000000000e+00
0.0000000000e+00,1.0000000000e+00,0.0000000000e+00
0.0000000000e+00,1.0000000000e+00,0.0000000000e+00
0.0000000000e+00,1.0000000000e+00,0.0000000000e+00
0.0000000000e+00,1.0000000000e+00,0.0000000000e+00
0.0000000000e+00,1.0000000000e+00,0.0000000000e+00
0.0000000000e+00,1.0000000000e+00,0.0000000000e+00
0.0000000000e+00,1.0000000000e+00,0.0000000000e+00
0.0000000000e+00,1.0000000000e+00,0.0000000000e+00
0.0000000000e+00,1.0000000000e+00,0.0000000000e+00
0.0000000000e+00,1.0000000000e+00,0.0000000000e+00
0.0000000000e+00,1.0000000000e+00,0.0000000000e+00
0.0000000000e+00,1.0000000000e+00,0.0000000000e+00
0.0000000000e+00,1.0000000000e+00,0.0000000000e+00
0.0000000000e+00,1.0000000000e+00,0.0000000000e+00
0.0000000000e+00,1.0000000000e+00,0.0000000000e+00
0.0000000000e+00,1.0000000000e+00,0.0000000000e+00
0.0000000000e+00,1.0000000000e+00,0.0000000000e+00
0.0000000000e+00,1.0000000000e+00,0.0000000000e+00
0.0000000000e+00,1.0000000000e+00,0.0000000000e+00
0.0000000000e+00,1.0000000000e+00,0.0000000000e+00
0.0000000000e+00,1.0000000000e+00,0.0000000000e+00
0.0000000000e+00,1.0000000000e+00,0.0000000000e+00
0.0000000000e+00,1.0000000000e+00,0.0000000000e+00
0.0000000000e+00,1.0000000000e+00,0.0000000000e+00
0.0000000000e+00,1.0000000000e+00,0.0000000000e+00
0.0000000000e+00,1.0000000000e+00,0.0000000000e+00
0.0000000000e+00,1.0000000000e+00,0.0000000000e+00
